  0
SECTION
  2
HEADER
  9
$ANGBASE
  50
0.0
  9
$ANGDIR
  70
1
  9
$MEASUREMENT
  70
0
  0
ENDSEC
  0
SECTION
  2
TABLES
  0
TABLE
  2
LTYPE
  70
4
  0
LTYPE
  5
40F
  2
CONTINUOUS
  70
0
  3
Solid line
  72
65
  73
0
  40
0.0
  0
LTYPE
  5
410
  2
DASHDOT
 70
0
  3
Dash Dot ____ _ ____ _
 72
65
 73
4
 40
2.0
 49
1.25
 49
-0.25
 49
0.25
 49
-0.25
  0
LTYPE
  5
411
  2
DASHED
 70
0
  3
Dashed __ __ __ __ __
 72
65
 73
2
 40
0.75
 49
0.5
 49
-0.25
  0
LTYPE
  5
43B
  2
DOTTED
 70
0
  3
Dotted .  .  .  .
 72
65
 73
2
 40
0.2
 49
0.0
 49
-0.2
  0
ENDTAB
  0
TABLE
  2
STYLE
  70
4
  0
STYLE
  2
KICAD
  70
0
  40
0
  41
1
  42
1
  50
0
  71
0
  3
isocp.shx
  0
STYLE
  2
KICADB
  70
0
  40
0
  41
1
  42
1
  50
0
  71
0
  3
isocp.shx
  0
STYLE
  2
KICADI
  70
0
  40
0
  41
1
  42
1
  50
15
  71
0
  3
isocp.shx
  0
STYLE
  2
KICADBI
  70
0
  40
0
  41
1
  42
1
  50
15
  71
0
  3
isocp.shx
  0
ENDTAB
  0
TABLE
  2
LAYER
  70
1
  0
LAYER
  2
BLACK
  70
0
  62
7
  6
CONTINUOUS
  0
ENDTAB
  0
ENDSEC
  0
SECTION
  2
ENTITIES
0
LINE
8
BLACK
6
CONTINUOUS
10
0.8610264960629921
20
0.3442737007874015
11
0.864586811023622
21
0.3422181496062992
0
LINE
8
BLACK
6
CONTINUOUS
10
0.864586811023622
20
0.3422181496062992
11
0.8674937401574803
21
0.3393112204724409
0
LINE
8
BLACK
6
CONTINUOUS
10
0.8674937401574803
20
0.3393112204724409
11
0.8695492913385826
21
0.335750905511811
0
LINE
8
BLACK
6
CONTINUOUS
10
0.8695492913385826
20
0.335750905511811
11
0.8706133070866141
21
0.3317799212598425
0
LINE
8
BLACK
6
CONTINUOUS
10
0.8706133070866141
20
0.3317799212598425
11
0.8706133070866141
21
0.3276688976377953
0
LINE
8
BLACK
6
CONTINUOUS
10
0.8706133070866141
20
0.3276688976377953
11
0.8695492913385826
21
0.3236979133858268
0
LINE
8
BLACK
6
CONTINUOUS
10
0.8695492913385826
20
0.3236979133858268
11
0.8674937401574803
21
0.3201375984251968
0
LINE
8
BLACK
6
CONTINUOUS
10
0.8674937401574803
20
0.3201375984251968
11
0.864586811023622
21
0.3172306692913386
0
LINE
8
BLACK
6
CONTINUOUS
10
0.864586811023622
20
0.3172306692913386
11
0.8610264960629921
21
0.3151751181102362
0
LINE
8
BLACK
6
CONTINUOUS
10
0.8610264960629921
20
0.3151751181102362
11
0.8570555118110236
21
0.3141111023622047
0
LINE
8
BLACK
6
CONTINUOUS
10
0.8570555118110236
20
0.3141111023622047
11
0.8529444881889764
21
0.3141111023622047
0
LINE
8
BLACK
6
CONTINUOUS
10
0.8529444881889764
20
0.3141111023622047
11
0.8489735039370079
21
0.3151751181102362
0
LINE
8
BLACK
6
CONTINUOUS
10
0.8489735039370079
20
0.3151751181102362
11
0.845413188976378
21
0.3172306692913386
0
LINE
8
BLACK
6
CONTINUOUS
10
0.845413188976378
20
0.3172306692913386
11
0.842761968503937
21
0.3198818897637795
0
LINE
8
BLACK
6
CONTINUOUS
10
0.842761968503937
20
0.3198818897637795
11
0.8133905118110236
21
0.3198818897637795
0
LINE
8
BLACK
6
CONTINUOUS
10
0.8133905118110236
20
0.3198818897637795
11
0.8132309448818897
21
0.3196430708661417
0
LINE
8
BLACK
6
CONTINUOUS
10
0.8132309448818897
20
0.3196430708661417
11
0.8113150787401575
21
0.3183629133858268
0
LINE
8
BLACK
6
CONTINUOUS
10
0.8113150787401575
20
0.3183629133858268
11
0.8090551181102362
21
0.3179133858267716
0
LINE
8
BLACK
6
CONTINUOUS
10
0.8090551181102362
20
0.3179133858267716
11
0.7539370078740157
21
0.3179133858267716
0
LINE
8
BLACK
6
CONTINUOUS
10
0.7539370078740157
20
0.3179133858267716
11
0.7516770472440945
21
0.3183629133858268
0
LINE
8
BLACK
6
CONTINUOUS
10
0.7516770472440945
20
0.3183629133858268
11
0.7497611811023622
21
0.3196430708661417
0
LINE
8
BLACK
6
CONTINUOUS
10
0.7497611811023622
20
0.3196430708661417
11
0.7484810236220473
21
0.321558937007874
0
LINE
8
BLACK
6
CONTINUOUS
10
0.7484810236220473
20
0.321558937007874
11
0.7480314960629921
21
0.3238188976377953
0
LINE
8
BLACK
6
CONTINUOUS
10
0.7480314960629921
20
0.3238188976377953
11
0.7480314960629921
21
0.3356299212598425
0
LINE
8
BLACK
6
CONTINUOUS
10
0.7480314960629921
20
0.3356299212598425
11
0.7484810236220473
21
0.3378898818897638
0
LINE
8
BLACK
6
CONTINUOUS
10
0.7484810236220473
20
0.3378898818897638
11
0.7497611811023622
21
0.339805748031496
0
LINE
8
BLACK
6
CONTINUOUS
10
0.7497611811023622
20
0.339805748031496
11
0.7516770472440945
21
0.341085905511811
0
LINE
8
BLACK
6
CONTINUOUS
10
0.7516770472440945
20
0.341085905511811
11
0.7539370078740157
21
0.3415354330708661
0
LINE
8
BLACK
6
CONTINUOUS
10
0.7539370078740157
20
0.3415354330708661
11
0.8090551181102362
21
0.3415354330708661
0
LINE
8
BLACK
6
CONTINUOUS
10
0.8090551181102362
20
0.3415354330708661
11
0.8113150787401575
21
0.341085905511811
0
LINE
8
BLACK
6
CONTINUOUS
10
0.8113150787401575
20
0.341085905511811
11
0.8132309448818897
21
0.339805748031496
0
LINE
8
BLACK
6
CONTINUOUS
10
0.8132309448818897
20
0.339805748031496
11
0.8133905118110236
21
0.3395669291338583
0
LINE
8
BLACK
6
CONTINUOUS
10
0.8133905118110236
20
0.3395669291338583
11
0.842761968503937
21
0.3395669291338583
0
LINE
8
BLACK
6
CONTINUOUS
10
0.842761968503937
20
0.3395669291338583
11
0.845413188976378
21
0.3422181496062992
0
LINE
8
BLACK
6
CONTINUOUS
10
0.845413188976378
20
0.3422181496062992
11
0.8489735039370079
21
0.3442737007874015
0
LINE
8
BLACK
6
CONTINUOUS
10
0.8489735039370079
20
0.3442737007874015
11
0.8529444881889764
21
0.345337716535433
0
LINE
8
BLACK
6
CONTINUOUS
10
0.8529444881889764
20
0.345337716535433
11
0.8570555118110236
21
0.345337716535433
0
LINE
8
BLACK
6
CONTINUOUS
10
0.8570555118110236
20
0.345337716535433
11
0.8610264960629921
21
0.3442737007874015
0
LINE
8
BLACK
6
CONTINUOUS
10
0.4220264960629921
20
0.6265492913385826
11
0.4255868110236221
21
0.6244937401574803
0
LINE
8
BLACK
6
CONTINUOUS
10
0.4255868110236221
20
0.6244937401574803
11
0.4284937401574803
21
0.621586811023622
0
LINE
8
BLACK
6
CONTINUOUS
10
0.4284937401574803
20
0.621586811023622
11
0.4305492913385827
21
0.6180264960629921
0
LINE
8
BLACK
6
CONTINUOUS
10
0.4305492913385827
20
0.6180264960629921
11
0.4311091732283465
21
0.6159370078740157
0
LINE
8
BLACK
6
CONTINUOUS
10
0.4311091732283465
20
0.6159370078740157
11
0.432
21
0.6159370078740157
0
LINE
8
BLACK
6
CONTINUOUS
10
0.432
20
0.6159370078740157
11
0.4327680708661417
21
0.6158613779527559
0
LINE
8
BLACK
6
CONTINUOUS
10
0.4327680708661417
20
0.6158613779527559
11
0.4341872834645669
21
0.6152735039370079
0
LINE
8
BLACK
6
CONTINUOUS
10
0.4341872834645669
20
0.6152735039370079
11
0.4347838976377953
21
0.6147838976377953
0
LINE
8
BLACK
6
CONTINUOUS
10
0.4347838976377953
20
0.6147838976377953
11
0.4456972834645669
21
0.6038705118110236
0
LINE
8
BLACK
6
CONTINUOUS
10
0.4456972834645669
20
0.6038705118110236
11
0.4461868897637795
21
0.6032738976377953
0
LINE
8
BLACK
6
CONTINUOUS
10
0.4461868897637795
20
0.6032738976377953
11
0.4467747637795276
21
0.6018546850393701
0
LINE
8
BLACK
6
CONTINUOUS
10
0.4467747637795276
20
0.6018546850393701
11
0.4468503937007874
21
0.6010866141732283
0
LINE
8
BLACK
6
CONTINUOUS
10
0.4468503937007874
20
0.6010866141732283
11
0.4468503937007874
21
0.5748976377952756
0
LINE
8
BLACK
6
CONTINUOUS
10
0.4468503937007874
20
0.5748976377952756
11
0.4478346456692913
21
0.5748976377952756
0
LINE
8
BLACK
6
CONTINUOUS
10
0.4478346456692913
20
0.5748976377952756
11
0.4478346456692913
21
0.5493070866141733
0
LINE
8
BLACK
6
CONTINUOUS
10
0.4478346456692913
20
0.5493070866141733
11
0.437992125984252
21
0.5493070866141733
0
LINE
8
BLACK
6
CONTINUOUS
10
0.437992125984252
20
0.5493070866141733
11
0.437992125984252
21
0.5748976377952756
0
LINE
8
BLACK
6
CONTINUOUS
10
0.437992125984252
20
0.5748976377952756
11
0.4389763779527559
21
0.5748976377952756
0
LINE
8
BLACK
6
CONTINUOUS
10
0.4389763779527559
20
0.5748976377952756
11
0.4389763779527559
21
0.5994558267716535
0
LINE
8
BLACK
6
CONTINUOUS
10
0.4389763779527559
20
0.5994558267716535
11
0.4309527559055118
21
0.6074794488188976
0
LINE
8
BLACK
6
CONTINUOUS
10
0.4309527559055118
20
0.6074794488188976
11
0.4305492913385827
21
0.6059735039370079
0
LINE
8
BLACK
6
CONTINUOUS
10
0.4305492913385827
20
0.6059735039370079
11
0.4284937401574803
21
0.602413188976378
0
LINE
8
BLACK
6
CONTINUOUS
10
0.4284937401574803
20
0.602413188976378
11
0.4255868110236221
21
0.5995062598425197
0
LINE
8
BLACK
6
CONTINUOUS
10
0.4255868110236221
20
0.5995062598425197
11
0.4220264960629921
21
0.5974507086614174
0
LINE
8
BLACK
6
CONTINUOUS
10
0.4220264960629921
20
0.5974507086614174
11
0.4180555118110236
21
0.5963866929133859
0
LINE
8
BLACK
6
CONTINUOUS
10
0.4180555118110236
20
0.5963866929133859
11
0.4139444881889764
21
0.5963866929133859
0
LINE
8
BLACK
6
CONTINUOUS
10
0.4139444881889764
20
0.5963866929133859
11
0.4099735039370079
21
0.5974507086614174
0
LINE
8
BLACK
6
CONTINUOUS
10
0.4099735039370079
20
0.5974507086614174
11
0.406413188976378
21
0.5995062598425197
0
LINE
8
BLACK
6
CONTINUOUS
10
0.406413188976378
20
0.5995062598425197
11
0.4035062598425197
21
0.602413188976378
0
LINE
8
BLACK
6
CONTINUOUS
10
0.4035062598425197
20
0.602413188976378
11
0.4014507086614173
21
0.6059735039370079
0
LINE
8
BLACK
6
CONTINUOUS
10
0.4014507086614173
20
0.6059735039370079
11
0.4008908267716536
21
0.6080629921259842
0
LINE
8
BLACK
6
CONTINUOUS
10
0.4008908267716536
20
0.6080629921259842
11
0.3956307480314961
21
0.6080629921259842
0
LINE
8
BLACK
6
CONTINUOUS
10
0.3956307480314961
20
0.6080629921259842
11
0.3767838976377952
21
0.5892161023622047
0
LINE
8
BLACK
6
CONTINUOUS
10
0.3767838976377952
20
0.5892161023622047
11
0.3761872834645669
21
0.5887264960629921
0
LINE
8
BLACK
6
CONTINUOUS
10
0.3761872834645669
20
0.5887264960629921
11
0.3747680708661417
21
0.5881386220472441
0
LINE
8
BLACK
6
CONTINUOUS
10
0.3747680708661417
20
0.5881386220472441
11
0.374
21
0.5880629921259842
0
LINE
8
BLACK
6
CONTINUOUS
10
0.374
20
0.5880629921259842
11
0.3556307874015748
21
0.5880629921259842
0
LINE
8
BLACK
6
CONTINUOUS
10
0.3556307874015748
20
0.5880629921259842
11
0.3514173228346457
21
0.5838495275590551
0
LINE
8
BLACK
6
CONTINUOUS
10
0.3514173228346457
20
0.5838495275590551
11
0.3514173228346457
21
0.5607007874015748
0
LINE
8
BLACK
6
CONTINUOUS
10
0.3514173228346457
20
0.5607007874015748
11
0.3553543307086614
21
0.5607007874015748
0
LINE
8
BLACK
6
CONTINUOUS
10
0.3553543307086614
20
0.5607007874015748
11
0.3583675984251968
21
0.5601014173228346
0
LINE
8
BLACK
6
CONTINUOUS
10
0.3583675984251968
20
0.5601014173228346
11
0.3609220866141732
21
0.5583945275590551
0
LINE
8
BLACK
6
CONTINUOUS
10
0.3609220866141732
20
0.5583945275590551
11
0.3626289763779528
21
0.5558400393700788
0
LINE
8
BLACK
6
CONTINUOUS
10
0.3626289763779528
20
0.5558400393700788
11
0.3632283464566929
21
0.5528267716535433
0
LINE
8
BLACK
6
CONTINUOUS
10
0.3632283464566929
20
0.5528267716535433
11
0.3632283464566929
21
0.5311732283464566
0
LINE
8
BLACK
6
CONTINUOUS
10
0.3632283464566929
20
0.5311732283464566
11
0.3626289763779528
21
0.5281599606299212
0
LINE
8
BLACK
6
CONTINUOUS
10
0.3626289763779528
20
0.5281599606299212
11
0.3609220866141732
21
0.5256054724409449
0
LINE
8
BLACK
6
CONTINUOUS
10
0.3609220866141732
20
0.5256054724409449
11
0.3583675984251968
21
0.5238985826771654
0
LINE
8
BLACK
6
CONTINUOUS
10
0.3583675984251968
20
0.5238985826771654
11
0.3553543307086614
21
0.5232992125984252
0
LINE
8
BLACK
6
CONTINUOUS
10
0.3553543307086614
20
0.5232992125984252
11
0.3439370078740158
21
0.5232992125984252
0
LINE
8
BLACK
6
CONTINUOUS
10
0.3439370078740158
20
0.5232992125984252
11
0.3439370078740158
21
0.4902283464566929
0
LINE
8
BLACK
6
CONTINUOUS
10
0.3439370078740158
20
0.4902283464566929
11
0.3508267716535433
21
0.4902283464566929
0
LINE
8
BLACK
6
CONTINUOUS
10
0.3508267716535433
20
0.4902283464566929
11
0.3538400393700787
21
0.4896289763779527
0
LINE
8
BLACK
6
CONTINUOUS
10
0.3538400393700787
20
0.4896289763779527
11
0.3563945275590551
21
0.4879220866141732
0
LINE
8
BLACK
6
CONTINUOUS
10
0.3563945275590551
20
0.4879220866141732
11
0.3581014173228346
21
0.4853675984251968
0
LINE
8
BLACK
6
CONTINUOUS
10
0.3581014173228346
20
0.4853675984251968
11
0.3587007874015748
21
0.4823543307086614
0
LINE
8
BLACK
6
CONTINUOUS
10
0.3587007874015748
20
0.4823543307086614
11
0.3587007874015748
21
0.4666062992125984
0
LINE
8
BLACK
6
CONTINUOUS
10
0.3587007874015748
20
0.4666062992125984
11
0.3581014173228346
21
0.463593031496063
0
LINE
8
BLACK
6
CONTINUOUS
10
0.3581014173228346
20
0.463593031496063
11
0.3563945275590551
21
0.4610385433070866
0
LINE
8
BLACK
6
CONTINUOUS
10
0.3563945275590551
20
0.4610385433070866
11
0.3538400393700787
21
0.4593316535433071
0
LINE
8
BLACK
6
CONTINUOUS
10
0.3538400393700787
20
0.4593316535433071
11
0.3508267716535433
21
0.4587322834645669
0
LINE
8
BLACK
6
CONTINUOUS
10
0.3508267716535433
20
0.4587322834645669
11
0.3291732283464567
21
0.4587322834645669
0
LINE
8
BLACK
6
CONTINUOUS
10
0.3291732283464567
20
0.4587322834645669
11
0.3261599606299213
21
0.4593316535433071
0
LINE
8
BLACK
6
CONTINUOUS
10
0.3261599606299213
20
0.4593316535433071
11
0.3236054724409449
21
0.4610385433070866
0
LINE
8
BLACK
6
CONTINUOUS
10
0.3236054724409449
20
0.4610385433070866
11
0.3218985826771654
21
0.463593031496063
0
LINE
8
BLACK
6
CONTINUOUS
10
0.3218985826771654
20
0.463593031496063
11
0.3212992125984252
21
0.4666062992125984
0
LINE
8
BLACK
6
CONTINUOUS
10
0.3212992125984252
20
0.4666062992125984
11
0.3212992125984252
21
0.4823543307086614
0
LINE
8
BLACK
6
CONTINUOUS
10
0.3212992125984252
20
0.4823543307086614
11
0.3218985826771654
21
0.4853675984251968
0
LINE
8
BLACK
6
CONTINUOUS
10
0.3218985826771654
20
0.4853675984251968
11
0.3236054724409449
21
0.4879220866141732
0
LINE
8
BLACK
6
CONTINUOUS
10
0.3236054724409449
20
0.4879220866141732
11
0.3261599606299213
21
0.4896289763779527
0
LINE
8
BLACK
6
CONTINUOUS
10
0.3261599606299213
20
0.4896289763779527
11
0.3291732283464567
21
0.4902283464566929
0
LINE
8
BLACK
6
CONTINUOUS
10
0.3291732283464567
20
0.4902283464566929
11
0.3360629921259842
21
0.4902283464566929
0
LINE
8
BLACK
6
CONTINUOUS
10
0.3360629921259842
20
0.4902283464566929
11
0.3360629921259842
21
0.5242527559055118
0
LINE
8
BLACK
6
CONTINUOUS
10
0.3360629921259842
20
0.5242527559055118
11
0.3340385433070866
21
0.5256054724409449
0
LINE
8
BLACK
6
CONTINUOUS
10
0.3340385433070866
20
0.5256054724409449
11
0.3323316535433071
21
0.5281599606299212
0
LINE
8
BLACK
6
CONTINUOUS
10
0.3323316535433071
20
0.5281599606299212
11
0.3317322834645669
21
0.5311732283464566
0
LINE
8
BLACK
6
CONTINUOUS
10
0.3317322834645669
20
0.5311732283464566
11
0.3317322834645669
21
0.5528267716535433
0
LINE
8
BLACK
6
CONTINUOUS
10
0.3317322834645669
20
0.5528267716535433
11
0.3323316535433071
21
0.5558400393700788
0
LINE
8
BLACK
6
CONTINUOUS
10
0.3323316535433071
20
0.5558400393700788
11
0.3340385433070866
21
0.5583945275590551
0
LINE
8
BLACK
6
CONTINUOUS
10
0.3340385433070866
20
0.5583945275590551
11
0.336593031496063
21
0.5601014173228346
0
LINE
8
BLACK
6
CONTINUOUS
10
0.336593031496063
20
0.5601014173228346
11
0.3396062992125984
21
0.5607007874015748
0
LINE
8
BLACK
6
CONTINUOUS
10
0.3396062992125984
20
0.5607007874015748
11
0.3435433070866142
21
0.5607007874015748
0
LINE
8
BLACK
6
CONTINUOUS
10
0.3435433070866142
20
0.5607007874015748
11
0.3435433070866142
21
0.5854803149606299
0
LINE
8
BLACK
6
CONTINUOUS
10
0.3435433070866142
20
0.5854803149606299
11
0.343618937007874
21
0.5862483858267716
0
LINE
8
BLACK
6
CONTINUOUS
10
0.343618937007874
20
0.5862483858267716
11
0.3442068110236221
21
0.5876675984251969
0
LINE
8
BLACK
6
CONTINUOUS
10
0.3442068110236221
20
0.5876675984251969
11
0.3446964173228346
21
0.5882642125984252
0
LINE
8
BLACK
6
CONTINUOUS
10
0.3446964173228346
20
0.5882642125984252
11
0.3512161023622047
21
0.5947838976377953
0
LINE
8
BLACK
6
CONTINUOUS
10
0.3512161023622047
20
0.5947838976377953
11
0.3518127165354331
21
0.5952735039370078
0
LINE
8
BLACK
6
CONTINUOUS
10
0.3518127165354331
20
0.5952735039370078
11
0.3532319291338583
21
0.5958613779527558
0
LINE
8
BLACK
6
CONTINUOUS
10
0.3532319291338583
20
0.5958613779527558
11
0.354
21
0.5959370078740157
0
LINE
8
BLACK
6
CONTINUOUS
10
0.354
20
0.5959370078740157
11
0.3723692125984252
21
0.5959370078740157
0
LINE
8
BLACK
6
CONTINUOUS
10
0.3723692125984252
20
0.5959370078740157
11
0.3912161023622047
21
0.6147838582677165
0
LINE
8
BLACK
6
CONTINUOUS
10
0.3912161023622047
20
0.6147838582677165
11
0.3918126771653543
21
0.6152735039370079
0
LINE
8
BLACK
6
CONTINUOUS
10
0.3918126771653543
20
0.6152735039370079
11
0.3923900393700787
21
0.6155126377952755
0
LINE
8
BLACK
6
CONTINUOUS
10
0.3923900393700787
20
0.6155126377952755
11
0.3932319291338582
21
0.6158613779527559
0
LINE
8
BLACK
6
CONTINUOUS
10
0.3932319291338582
20
0.6158613779527559
11
0.394
21
0.6159370078740157
0
LINE
8
BLACK
6
CONTINUOUS
10
0.394
20
0.6159370078740157
11
0.4008908267716536
21
0.6159370078740157
0
LINE
8
BLACK
6
CONTINUOUS
10
0.4008908267716536
20
0.6159370078740157
11
0.4014507086614173
21
0.6180264960629921
0
LINE
8
BLACK
6
CONTINUOUS
10
0.4014507086614173
20
0.6180264960629921
11
0.4035062598425197
21
0.621586811023622
0
LINE
8
BLACK
6
CONTINUOUS
10
0.4035062598425197
20
0.621586811023622
11
0.406413188976378
21
0.6244937401574803
0
LINE
8
BLACK
6
CONTINUOUS
10
0.406413188976378
20
0.6244937401574803
11
0.4099735039370079
21
0.6265492913385826
0
LINE
8
BLACK
6
CONTINUOUS
10
0.4099735039370079
20
0.6265492913385826
11
0.4139444881889764
21
0.6276133070866141
0
LINE
8
BLACK
6
CONTINUOUS
10
0.4139444881889764
20
0.6276133070866141
11
0.4180555118110236
21
0.6276133070866141
0
LINE
8
BLACK
6
CONTINUOUS
10
0.4180555118110236
20
0.6276133070866141
11
0.4220264960629921
21
0.6265492913385826
0
LINE
8
BLACK
6
CONTINUOUS
10
0.5639999999999999
20
0.6139370078740157
11
0.59
21
0.6139370078740157
0
LINE
8
BLACK
6
CONTINUOUS
10
0.59
20
0.6139370078740157
11
0.5907680708661417
21
0.6138613779527559
0
LINE
8
BLACK
6
CONTINUOUS
10
0.5907680708661417
20
0.6138613779527559
11
0.5921872834645669
21
0.6132735039370079
0
LINE
8
BLACK
6
CONTINUOUS
10
0.5921872834645669
20
0.6132735039370079
11
0.5927838976377953
21
0.6127838976377953
0
LINE
8
BLACK
6
CONTINUOUS
10
0.5927838976377953
20
0.6127838976377953
11
0.6332338582677165
21
0.572333937007874
0
LINE
8
BLACK
6
CONTINUOUS
10
0.6332338582677165
20
0.572333937007874
11
0.6351574803149607
21
0.5727165354330709
0
LINE
8
BLACK
6
CONTINUOUS
10
0.6351574803149607
20
0.5727165354330709
11
0.6548425196850394
21
0.5727165354330709
0
LINE
8
BLACK
6
CONTINUOUS
10
0.6548425196850394
20
0.5727165354330709
11
0.6582324409448819
21
0.5720422440944882
0
LINE
8
BLACK
6
CONTINUOUS
10
0.6582324409448819
20
0.5720422440944882
11
0.6611062598425197
21
0.5701220078740158
0
LINE
8
BLACK
6
CONTINUOUS
10
0.6611062598425197
20
0.5701220078740158
11
0.6630264960629921
21
0.567248188976378
0
LINE
8
BLACK
6
CONTINUOUS
10
0.6630264960629921
20
0.567248188976378
11
0.6637007874015748
21
0.5638582677165355
0
LINE
8
BLACK
6
CONTINUOUS
10
0.6637007874015748
20
0.5638582677165355
11
0.6637007874015748
21
0.5461417322834645
0
LINE
8
BLACK
6
CONTINUOUS
10
0.6637007874015748
20
0.5461417322834645
11
0.6630264960629921
21
0.542751811023622
0
LINE
8
BLACK
6
CONTINUOUS
10
0.6630264960629921
20
0.542751811023622
11
0.6611062598425197
21
0.5398779921259842
0
LINE
8
BLACK
6
CONTINUOUS
10
0.6611062598425197
20
0.5398779921259842
11
0.6582324409448819
21
0.5379577559055118
0
LINE
8
BLACK
6
CONTINUOUS
10
0.6582324409448819
20
0.5379577559055118
11
0.6548425196850394
21
0.5372834645669291
0
LINE
8
BLACK
6
CONTINUOUS
10
0.6548425196850394
20
0.5372834645669291
11
0.6351574803149607
21
0.5372834645669291
0
LINE
8
BLACK
6
CONTINUOUS
10
0.6351574803149607
20
0.5372834645669291
11
0.6317675590551181
21
0.5379577559055118
0
LINE
8
BLACK
6
CONTINUOUS
10
0.6317675590551181
20
0.5379577559055118
11
0.6288937401574803
21
0.5398779921259842
0
LINE
8
BLACK
6
CONTINUOUS
10
0.6288937401574803
20
0.5398779921259842
11
0.6269735039370079
21
0.542751811023622
0
LINE
8
BLACK
6
CONTINUOUS
10
0.6269735039370079
20
0.542751811023622
11
0.6262992125984251
21
0.5461417322834645
0
LINE
8
BLACK
6
CONTINUOUS
10
0.6262992125984251
20
0.5461417322834645
11
0.6262992125984251
21
0.5510629921259842
0
LINE
8
BLACK
6
CONTINUOUS
10
0.6262992125984251
20
0.5510629921259842
11
0.6040551181102362
21
0.5510629921259842
0
LINE
8
BLACK
6
CONTINUOUS
10
0.6040551181102362
20
0.5510629921259842
11
0.6032870472440944
21
0.5511386220472441
0
LINE
8
BLACK
6
CONTINUOUS
10
0.6032870472440944
20
0.5511386220472441
11
0.6029606299212599
21
0.5512738188976378
0
LINE
8
BLACK
6
CONTINUOUS
10
0.6029606299212599
20
0.5512738188976378
11
0.6019490157480315
21
0.5502621653543307
0
LINE
8
BLACK
6
CONTINUOUS
10
0.6019490157480315
20
0.5502621653543307
11
0.5983887007874016
21
0.5482066141732284
0
LINE
8
BLACK
6
CONTINUOUS
10
0.5983887007874016
20
0.5482066141732284
11
0.5944177165354331
21
0.5471425984251969
0
LINE
8
BLACK
6
CONTINUOUS
10
0.5944177165354331
20
0.5471425984251969
11
0.5903066929133858
21
0.5471425984251969
0
LINE
8
BLACK
6
CONTINUOUS
10
0.5903066929133858
20
0.5471425984251969
11
0.5863357086614173
21
0.5482066141732284
0
LINE
8
BLACK
6
CONTINUOUS
10
0.5863357086614173
20
0.5482066141732284
11
0.5827753937007873
21
0.5502621653543307
0
LINE
8
BLACK
6
CONTINUOUS
10
0.5827753937007873
20
0.5502621653543307
11
0.5798684645669291
21
0.553169094488189
0
LINE
8
BLACK
6
CONTINUOUS
10
0.5798684645669291
20
0.553169094488189
11
0.5778129133858267
21
0.5567294094488189
0
LINE
8
BLACK
6
CONTINUOUS
10
0.5778129133858267
20
0.5567294094488189
11
0.5767488976377952
21
0.5607003937007874
0
LINE
8
BLACK
6
CONTINUOUS
10
0.5767488976377952
20
0.5607003937007874
11
0.5767488976377952
21
0.5648114173228347
0
LINE
8
BLACK
6
CONTINUOUS
10
0.5767488976377952
20
0.5648114173228347
11
0.5778129133858267
21
0.5687824015748031
0
LINE
8
BLACK
6
CONTINUOUS
10
0.5778129133858267
20
0.5687824015748031
11
0.5798684645669291
21
0.572342716535433
0
LINE
8
BLACK
6
CONTINUOUS
10
0.5798684645669291
20
0.572342716535433
11
0.5827753937007873
21
0.5752496456692914
0
LINE
8
BLACK
6
CONTINUOUS
10
0.5827753937007873
20
0.5752496456692914
11
0.5863357086614173
21
0.5773051968503937
0
LINE
8
BLACK
6
CONTINUOUS
10
0.5863357086614173
20
0.5773051968503937
11
0.5903066929133858
21
0.5783692125984252
0
LINE
8
BLACK
6
CONTINUOUS
10
0.5903066929133858
20
0.5783692125984252
11
0.5944177165354331
21
0.5783692125984252
0
LINE
8
BLACK
6
CONTINUOUS
10
0.5944177165354331
20
0.5783692125984252
11
0.5983887007874016
21
0.5773051968503937
0
LINE
8
BLACK
6
CONTINUOUS
10
0.5983887007874016
20
0.5773051968503937
11
0.6019490157480315
21
0.5752496456692914
0
LINE
8
BLACK
6
CONTINUOUS
10
0.6019490157480315
20
0.5752496456692914
11
0.6048559448818898
21
0.572342716535433
0
LINE
8
BLACK
6
CONTINUOUS
10
0.6048559448818898
20
0.572342716535433
11
0.6069114960629921
21
0.5687824015748031
0
LINE
8
BLACK
6
CONTINUOUS
10
0.6069114960629921
20
0.5687824015748031
11
0.6079755118110236
21
0.5648114173228347
0
LINE
8
BLACK
6
CONTINUOUS
10
0.6079755118110236
20
0.5648114173228347
11
0.6079755118110236
21
0.5607003937007874
0
LINE
8
BLACK
6
CONTINUOUS
10
0.6079755118110236
20
0.5607003937007874
11
0.607503031496063
21
0.5589370078740158
0
LINE
8
BLACK
6
CONTINUOUS
10
0.607503031496063
20
0.5589370078740158
11
0.6262992125984251
21
0.5589370078740158
0
LINE
8
BLACK
6
CONTINUOUS
10
0.6262992125984251
20
0.5589370078740158
11
0.6262992125984251
21
0.5638582677165355
0
LINE
8
BLACK
6
CONTINUOUS
10
0.6262992125984251
20
0.5638582677165355
11
0.6269735039370079
21
0.567248188976378
0
LINE
8
BLACK
6
CONTINUOUS
10
0.6269735039370079
20
0.567248188976378
11
0.6270578346456693
21
0.5673744094488189
0
LINE
8
BLACK
6
CONTINUOUS
10
0.6270578346456693
20
0.5673744094488189
11
0.5883692125984252
21
0.6060629921259842
0
LINE
8
BLACK
6
CONTINUOUS
10
0.5883692125984252
20
0.6060629921259842
11
0.565630748031496
21
0.6060629921259842
0
LINE
8
BLACK
6
CONTINUOUS
10
0.565630748031496
20
0.6060629921259842
11
0.5649606299212598
21
0.605392874015748
0
LINE
8
BLACK
6
CONTINUOUS
10
0.5649606299212598
20
0.605392874015748
11
0.5649606299212598
21
0.5748976377952756
0
LINE
8
BLACK
6
CONTINUOUS
10
0.5649606299212598
20
0.5748976377952756
11
0.5659448818897638
21
0.5748976377952756
0
LINE
8
BLACK
6
CONTINUOUS
10
0.5659448818897638
20
0.5748976377952756
11
0.5659448818897638
21
0.5493070866141733
0
LINE
8
BLACK
6
CONTINUOUS
10
0.5659448818897638
20
0.5493070866141733
11
0.5561023622047244
21
0.5493070866141733
0
LINE
8
BLACK
6
CONTINUOUS
10
0.5561023622047244
20
0.5493070866141733
11
0.5561023622047244
21
0.5748976377952756
0
LINE
8
BLACK
6
CONTINUOUS
10
0.5561023622047244
20
0.5748976377952756
11
0.5570866141732284
21
0.5748976377952756
0
LINE
8
BLACK
6
CONTINUOUS
10
0.5570866141732284
20
0.5748976377952756
11
0.5570866141732284
21
0.6060629921259842
0
LINE
8
BLACK
6
CONTINUOUS
10
0.5570866141732284
20
0.6060629921259842
11
0.5456307874015748
21
0.6060629921259842
0
LINE
8
BLACK
6
CONTINUOUS
10
0.5456307874015748
20
0.6060629921259842
11
0.5452755905511811
21
0.6057077952755905
0
LINE
8
BLACK
6
CONTINUOUS
10
0.5452755905511811
20
0.6057077952755905
11
0.5452755905511811
21
0.5940944881889764
0
LINE
8
BLACK
6
CONTINUOUS
10
0.5452755905511811
20
0.5940944881889764
11
0.5452755905511811
21
0.5748976377952756
0
LINE
8
BLACK
6
CONTINUOUS
10
0.5452755905511811
20
0.5748976377952756
11
0.5462598425196851
21
0.5748976377952756
0
LINE
8
BLACK
6
CONTINUOUS
10
0.5462598425196851
20
0.5748976377952756
11
0.5462598425196851
21
0.5493070866141733
0
LINE
8
BLACK
6
CONTINUOUS
10
0.5462598425196851
20
0.5493070866141733
11
0.5364173228346456
21
0.5493070866141733
0
LINE
8
BLACK
6
CONTINUOUS
10
0.5364173228346456
20
0.5493070866141733
11
0.5364173228346456
21
0.5748976377952756
0
LINE
8
BLACK
6
CONTINUOUS
10
0.5364173228346456
20
0.5748976377952756
11
0.5374015748031495
21
0.5748976377952756
0
LINE
8
BLACK
6
CONTINUOUS
10
0.5374015748031495
20
0.5748976377952756
11
0.5374015748031495
21
0.5940944881889764
0
LINE
8
BLACK
6
CONTINUOUS
10
0.5374015748031495
20
0.5940944881889764
11
0.5374015748031495
21
0.6073385826771653
0
LINE
8
BLACK
6
CONTINUOUS
10
0.5374015748031495
20
0.6073385826771653
11
0.5374772047244094
21
0.6081066535433071
0
LINE
8
BLACK
6
CONTINUOUS
10
0.5374772047244094
20
0.6081066535433071
11
0.5380650787401575
21
0.6095258661417323
0
LINE
8
BLACK
6
CONTINUOUS
10
0.5380650787401575
20
0.6095258661417323
11
0.5385546850393701
21
0.6101224803149606
0
LINE
8
BLACK
6
CONTINUOUS
10
0.5385546850393701
20
0.6101224803149606
11
0.5412161023622047
21
0.6127838976377953
0
LINE
8
BLACK
6
CONTINUOUS
10
0.5412161023622047
20
0.6127838976377953
11
0.5418127165354331
21
0.6132735039370079
0
LINE
8
BLACK
6
CONTINUOUS
10
0.5418127165354331
20
0.6132735039370079
11
0.5432319291338582
21
0.6138613779527559
0
LINE
8
BLACK
6
CONTINUOUS
10
0.5432319291338582
20
0.6138613779527559
11
0.544
21
0.6139370078740157
0
LINE
8
BLACK
6
CONTINUOUS
10
0.544
20
0.6139370078740157
11
0.5639999999999999
21
0.6139370078740157
0
LINE
8
BLACK
6
CONTINUOUS
10
0.4036038188976378
20
0.7231014173228346
11
0.4061583070866142
21
0.7213945275590551
0
LINE
8
BLACK
6
CONTINUOUS
10
0.4061583070866142
20
0.7213945275590551
11
0.4078651968503937
21
0.7188400393700787
0
LINE
8
BLACK
6
CONTINUOUS
10
0.4078651968503937
20
0.7188400393700787
11
0.4084645669291339
21
0.7158267716535432
0
LINE
8
BLACK
6
CONTINUOUS
10
0.4084645669291339
20
0.7158267716535432
11
0.4084645669291339
21
0.6941732283464567
0
LINE
8
BLACK
6
CONTINUOUS
10
0.4084645669291339
20
0.6941732283464567
11
0.4078651968503937
21
0.6911599606299212
0
LINE
8
BLACK
6
CONTINUOUS
10
0.4078651968503937
20
0.6911599606299212
11
0.4061583070866142
21
0.6886054724409448
0
LINE
8
BLACK
6
CONTINUOUS
10
0.4061583070866142
20
0.6886054724409448
11
0.4036038188976378
21
0.6868985826771653
0
LINE
8
BLACK
6
CONTINUOUS
10
0.4036038188976378
20
0.6868985826771653
11
0.4005905511811024
21
0.6862992125984252
0
LINE
8
BLACK
6
CONTINUOUS
10
0.4005905511811024
20
0.6862992125984252
11
0.3966535433070866
21
0.6862992125984252
0
LINE
8
BLACK
6
CONTINUOUS
10
0.3966535433070866
20
0.6862992125984252
11
0.3966535433070866
21
0.6766699212598425
0
LINE
8
BLACK
6
CONTINUOUS
10
0.3966535433070866
20
0.6766699212598425
11
0.4141617322834645
21
0.6591617322834645
0
LINE
8
BLACK
6
CONTINUOUS
10
0.4141617322834645
20
0.6591617322834645
11
0.4324883858267716
21
0.6408350393700787
0
LINE
8
BLACK
6
CONTINUOUS
10
0.4324883858267716
20
0.6408350393700787
11
0.432626968503937
21
0.6408213779527558
0
LINE
8
BLACK
6
CONTINUOUS
10
0.432626968503937
20
0.6408213779527558
11
0.4340461811023622
21
0.6402335039370078
0
LINE
8
BLACK
6
CONTINUOUS
10
0.4340461811023622
20
0.6402335039370078
11
0.4346427952755905
21
0.6397438976377953
0
LINE
8
BLACK
6
CONTINUOUS
10
0.4346427952755905
20
0.6397438976377953
11
0.4653822834645669
21
0.6090043700787402
0
LINE
8
BLACK
6
CONTINUOUS
10
0.4653822834645669
20
0.6090043700787402
11
0.4658719291338583
21
0.6084077952755905
0
LINE
8
BLACK
6
CONTINUOUS
10
0.4658719291338583
20
0.6084077952755905
11
0.4659834251968504
21
0.6081386220472441
0
LINE
8
BLACK
6
CONTINUOUS
10
0.4659834251968504
20
0.6081386220472441
11
0.4664598031496063
21
0.6069885433070866
0
LINE
8
BLACK
6
CONTINUOUS
10
0.4664598031496063
20
0.6069885433070866
11
0.4665354330708661
21
0.6062204724409449
0
LINE
8
BLACK
6
CONTINUOUS
10
0.4665354330708661
20
0.6062204724409449
11
0.4665354330708661
21
0.5748976377952756
0
LINE
8
BLACK
6
CONTINUOUS
10
0.4665354330708661
20
0.5748976377952756
11
0.4675196850393701
21
0.5748976377952756
0
LINE
8
BLACK
6
CONTINUOUS
10
0.4675196850393701
20
0.5748976377952756
11
0.4675196850393701
21
0.5493070866141733
0
LINE
8
BLACK
6
CONTINUOUS
10
0.4675196850393701
20
0.5493070866141733
11
0.4576771653543307
21
0.5493070866141733
0
LINE
8
BLACK
6
CONTINUOUS
10
0.4576771653543307
20
0.5493070866141733
11
0.4576771653543307
21
0.5748976377952756
0
LINE
8
BLACK
6
CONTINUOUS
10
0.4576771653543307
20
0.5748976377952756
11
0.4586614173228346
21
0.5748976377952756
0
LINE
8
BLACK
6
CONTINUOUS
10
0.4586614173228346
20
0.5748976377952756
11
0.4586614173228346
21
0.6045897244094488
0
LINE
8
BLACK
6
CONTINUOUS
10
0.4586614173228346
20
0.6045897244094488
11
0.4301661023622047
21
0.633085
0
LINE
8
BLACK
6
CONTINUOUS
10
0.4301661023622047
20
0.633085
11
0.4300275984251968
21
0.6330986220472441
0
LINE
8
BLACK
6
CONTINUOUS
10
0.4300275984251968
20
0.6330986220472441
11
0.4286083858267716
21
0.6336864566929133
0
LINE
8
BLACK
6
CONTINUOUS
10
0.4286083858267716
20
0.6336864566929133
11
0.428011811023622
21
0.6341761023622047
0
LINE
8
BLACK
6
CONTINUOUS
10
0.428011811023622
20
0.6341761023622047
11
0.4113778346456693
21
0.6508100787401575
0
LINE
8
BLACK
6
CONTINUOUS
10
0.4113778346456693
20
0.6508100787401575
11
0.3757838976377953
21
0.6152161023622047
0
LINE
8
BLACK
6
CONTINUOUS
10
0.3757838976377953
20
0.6152161023622047
11
0.3751872834645669
21
0.6147264960629921
0
LINE
8
BLACK
6
CONTINUOUS
10
0.3751872834645669
20
0.6147264960629921
11
0.3737680708661417
21
0.6141386220472441
0
LINE
8
BLACK
6
CONTINUOUS
10
0.3737680708661417
20
0.6141386220472441
11
0.373
21
0.6140629921259843
0
LINE
8
BLACK
6
CONTINUOUS
10
0.373
20
0.6140629921259843
11
0.3437007874015748
21
0.6140629921259843
0
LINE
8
BLACK
6
CONTINUOUS
10
0.3437007874015748
20
0.6140629921259843
11
0.3437007874015748
21
0.6101259842519685
0
LINE
8
BLACK
6
CONTINUOUS
10
0.3437007874015748
20
0.6101259842519685
11
0.3431014173228346
21
0.6071127165354331
0
LINE
8
BLACK
6
CONTINUOUS
10
0.3431014173228346
20
0.6071127165354331
11
0.3413945275590551
21
0.6045582283464567
0
LINE
8
BLACK
6
CONTINUOUS
10
0.3413945275590551
20
0.6045582283464567
11
0.3388400393700787
21
0.6028513385826771
0
LINE
8
BLACK
6
CONTINUOUS
10
0.3388400393700787
20
0.6028513385826771
11
0.3358267716535433
21
0.602251968503937
0
LINE
8
BLACK
6
CONTINUOUS
10
0.3358267716535433
20
0.602251968503937
11
0.3141732283464567
21
0.602251968503937
0
LINE
8
BLACK
6
CONTINUOUS
10
0.3141732283464567
20
0.602251968503937
11
0.3111599606299212
21
0.6028513385826771
0
LINE
8
BLACK
6
CONTINUOUS
10
0.3111599606299212
20
0.6028513385826771
11
0.3086054724409449
21
0.6045582283464567
0
LINE
8
BLACK
6
CONTINUOUS
10
0.3086054724409449
20
0.6045582283464567
11
0.3068985826771654
21
0.6071127165354331
0
LINE
8
BLACK
6
CONTINUOUS
10
0.3068985826771654
20
0.6071127165354331
11
0.3062992125984252
21
0.6101259842519685
0
LINE
8
BLACK
6
CONTINUOUS
10
0.3062992125984252
20
0.6101259842519685
11
0.3062992125984252
21
0.6258740157480315
0
LINE
8
BLACK
6
CONTINUOUS
10
0.3062992125984252
20
0.6258740157480315
11
0.3068985826771654
21
0.6288872834645669
0
LINE
8
BLACK
6
CONTINUOUS
10
0.3068985826771654
20
0.6288872834645669
11
0.3086054724409449
21
0.6314417716535433
0
LINE
8
BLACK
6
CONTINUOUS
10
0.3086054724409449
20
0.6314417716535433
11
0.3111599606299212
21
0.6331486614173228
0
LINE
8
BLACK
6
CONTINUOUS
10
0.3111599606299212
20
0.6331486614173228
11
0.3141732283464567
21
0.633748031496063
0
LINE
8
BLACK
6
CONTINUOUS
10
0.3141732283464567
20
0.633748031496063
11
0.3358267716535433
21
0.633748031496063
0
LINE
8
BLACK
6
CONTINUOUS
10
0.3358267716535433
20
0.633748031496063
11
0.3388400393700787
21
0.6331486614173228
0
LINE
8
BLACK
6
CONTINUOUS
10
0.3388400393700787
20
0.6331486614173228
11
0.3413945275590551
21
0.6314417716535433
0
LINE
8
BLACK
6
CONTINUOUS
10
0.3413945275590551
20
0.6314417716535433
11
0.3431014173228346
21
0.6288872834645669
0
LINE
8
BLACK
6
CONTINUOUS
10
0.3431014173228346
20
0.6288872834645669
11
0.3437007874015748
21
0.6258740157480315
0
LINE
8
BLACK
6
CONTINUOUS
10
0.3437007874015748
20
0.6258740157480315
11
0.3437007874015748
21
0.6219370078740157
0
LINE
8
BLACK
6
CONTINUOUS
10
0.3437007874015748
20
0.6219370078740157
11
0.3713692125984252
21
0.6219370078740157
0
LINE
8
BLACK
6
CONTINUOUS
10
0.3713692125984252
20
0.6219370078740157
11
0.4058100393700788
21
0.6563778346456692
0
LINE
8
BLACK
6
CONTINUOUS
10
0.4058100393700788
20
0.6563778346456692
11
0.3899326377952756
21
0.6722552362204725
0
LINE
8
BLACK
6
CONTINUOUS
10
0.3899326377952756
20
0.6722552362204725
11
0.389443031496063
21
0.6728518503937008
0
LINE
8
BLACK
6
CONTINUOUS
10
0.389443031496063
20
0.6728518503937008
11
0.388855157480315
21
0.6742710629921259
0
LINE
8
BLACK
6
CONTINUOUS
10
0.388855157480315
20
0.6742710629921259
11
0.3887795275590551
21
0.6750391338582677
0
LINE
8
BLACK
6
CONTINUOUS
10
0.3887795275590551
20
0.6750391338582677
11
0.3887795275590551
21
0.6862992125984252
0
LINE
8
BLACK
6
CONTINUOUS
10
0.3887795275590551
20
0.6862992125984252
11
0.3848425196850394
21
0.6862992125984252
0
LINE
8
BLACK
6
CONTINUOUS
10
0.3848425196850394
20
0.6862992125984252
11
0.3818292519685039
21
0.6868985826771653
0
LINE
8
BLACK
6
CONTINUOUS
10
0.3818292519685039
20
0.6868985826771653
11
0.3792747637795276
21
0.6886054724409448
0
LINE
8
BLACK
6
CONTINUOUS
10
0.3792747637795276
20
0.6886054724409448
11
0.377567874015748
21
0.6911599606299212
0
LINE
8
BLACK
6
CONTINUOUS
10
0.377567874015748
20
0.6911599606299212
11
0.3769685039370079
21
0.6941732283464567
0
LINE
8
BLACK
6
CONTINUOUS
10
0.3769685039370079
20
0.6941732283464567
11
0.3769685039370079
21
0.7158267716535432
0
LINE
8
BLACK
6
CONTINUOUS
10
0.3769685039370079
20
0.7158267716535432
11
0.377567874015748
21
0.7188400393700787
0
LINE
8
BLACK
6
CONTINUOUS
10
0.377567874015748
20
0.7188400393700787
11
0.3792747637795276
21
0.7213945275590551
0
LINE
8
BLACK
6
CONTINUOUS
10
0.3792747637795276
20
0.7213945275590551
11
0.3818292519685039
21
0.7231014173228346
0
LINE
8
BLACK
6
CONTINUOUS
10
0.3818292519685039
20
0.7231014173228346
11
0.3848425196850394
21
0.7237007874015748
0
LINE
8
BLACK
6
CONTINUOUS
10
0.3848425196850394
20
0.7237007874015748
11
0.4005905511811024
21
0.7237007874015748
0
LINE
8
BLACK
6
CONTINUOUS
10
0.4005905511811024
20
0.7237007874015748
11
0.4036038188976378
21
0.7231014173228346
0
LINE
8
BLACK
6
CONTINUOUS
10
0.3388400393700787
20
0.8241092913385827
11
0.3413945275590551
21
0.8224024015748032
0
LINE
8
BLACK
6
CONTINUOUS
10
0.3413945275590551
20
0.8224024015748032
11
0.3431014173228346
21
0.8198479133858267
0
LINE
8
BLACK
6
CONTINUOUS
10
0.3431014173228346
20
0.8198479133858267
11
0.3437007874015748
21
0.8168346456692913
0
LINE
8
BLACK
6
CONTINUOUS
10
0.3437007874015748
20
0.8168346456692913
11
0.3437007874015748
21
0.8019370078740158
0
LINE
8
BLACK
6
CONTINUOUS
10
0.3437007874015748
20
0.8019370078740158
11
0.3769685039370079
21
0.8019370078740158
0
LINE
8
BLACK
6
CONTINUOUS
10
0.3769685039370079
20
0.8019370078740158
11
0.3769685039370079
21
0.8088267716535433
0
LINE
8
BLACK
6
CONTINUOUS
10
0.3769685039370079
20
0.8088267716535433
11
0.377567874015748
21
0.8118400393700788
0
LINE
8
BLACK
6
CONTINUOUS
10
0.377567874015748
20
0.8118400393700788
11
0.3792747637795276
21
0.8143945275590551
0
LINE
8
BLACK
6
CONTINUOUS
10
0.3792747637795276
20
0.8143945275590551
11
0.3818292519685039
21
0.8161014173228346
0
LINE
8
BLACK
6
CONTINUOUS
10
0.3818292519685039
20
0.8161014173228346
11
0.3848425196850394
21
0.8167007874015748
0
LINE
8
BLACK
6
CONTINUOUS
10
0.3848425196850394
20
0.8167007874015748
11
0.4005905511811024
21
0.8167007874015748
0
LINE
8
BLACK
6
CONTINUOUS
10
0.4005905511811024
20
0.8167007874015748
11
0.4036038188976378
21
0.8161014173228346
0
LINE
8
BLACK
6
CONTINUOUS
10
0.4036038188976378
20
0.8161014173228346
11
0.4061583070866142
21
0.8143945275590551
0
LINE
8
BLACK
6
CONTINUOUS
10
0.4061583070866142
20
0.8143945275590551
11
0.4078651968503937
21
0.8118400393700788
0
LINE
8
BLACK
6
CONTINUOUS
10
0.4078651968503937
20
0.8118400393700788
11
0.4084645669291339
21
0.8088267716535433
0
LINE
8
BLACK
6
CONTINUOUS
10
0.4084645669291339
20
0.8088267716535433
11
0.4084645669291339
21
0.7878197637795276
0
LINE
8
BLACK
6
CONTINUOUS
10
0.4084645669291339
20
0.7878197637795276
11
0.4277838976377953
21
0.7685004330708661
0
LINE
8
BLACK
6
CONTINUOUS
10
0.4277838976377953
20
0.7685004330708661
11
0.4282735039370079
21
0.7679038188976378
0
LINE
8
BLACK
6
CONTINUOUS
10
0.4282735039370079
20
0.7679038188976378
11
0.4288613779527559
21
0.7664846062992126
0
LINE
8
BLACK
6
CONTINUOUS
10
0.4288613779527559
20
0.7664846062992126
11
0.4289370078740157
21
0.7657165354330708
0
LINE
8
BLACK
6
CONTINUOUS
10
0.4289370078740157
20
0.7657165354330708
11
0.4289370078740157
21
0.6666307874015748
0
LINE
8
BLACK
6
CONTINUOUS
10
0.4289370078740157
20
0.6666307874015748
11
0.4398603149606299
21
0.6557074803149606
0
LINE
8
BLACK
6
CONTINUOUS
10
0.4398603149606299
20
0.6557074803149606
11
0.4408858661417323
21
0.6557074803149606
0
LINE
8
BLACK
6
CONTINUOUS
10
0.4408858661417323
20
0.6557074803149606
11
0.4414457480314961
21
0.657796968503937
0
LINE
8
BLACK
6
CONTINUOUS
10
0.4414457480314961
20
0.657796968503937
11
0.4435012992125984
21
0.6613572834645669
0
LINE
8
BLACK
6
CONTINUOUS
10
0.4435012992125984
20
0.6613572834645669
11
0.4464082283464567
21
0.6642642125984252
0
LINE
8
BLACK
6
CONTINUOUS
10
0.4464082283464567
20
0.6642642125984252
11
0.4499685433070866
21
0.6663197637795275
0
LINE
8
BLACK
6
CONTINUOUS
10
0.4499685433070866
20
0.6663197637795275
11
0.4539395275590551
21
0.667383779527559
0
LINE
8
BLACK
6
CONTINUOUS
10
0.4539395275590551
20
0.667383779527559
11
0.4580505511811023
21
0.667383779527559
0
LINE
8
BLACK
6
CONTINUOUS
10
0.4580505511811023
20
0.667383779527559
11
0.4620215354330708
21
0.6663197637795275
0
LINE
8
BLACK
6
CONTINUOUS
10
0.4620215354330708
20
0.6663197637795275
11
0.4655818503937008
21
0.6642642125984252
0
LINE
8
BLACK
6
CONTINUOUS
10
0.4655818503937008
20
0.6642642125984252
11
0.468488779527559
21
0.6613572834645669
0
LINE
8
BLACK
6
CONTINUOUS
10
0.468488779527559
20
0.6613572834645669
11
0.4705443307086614
21
0.657796968503937
0
LINE
8
BLACK
6
CONTINUOUS
10
0.4705443307086614
20
0.657796968503937
11
0.4716083464566929
21
0.6538259842519685
0
LINE
8
BLACK
6
CONTINUOUS
10
0.4716083464566929
20
0.6538259842519685
11
0.4716083464566929
21
0.6497149606299213
0
LINE
8
BLACK
6
CONTINUOUS
10
0.4716083464566929
20
0.6497149606299213
11
0.4705443307086614
21
0.6457439763779528
0
LINE
8
BLACK
6
CONTINUOUS
10
0.4705443307086614
20
0.6457439763779528
11
0.469462716535433
21
0.6438705905511811
0
LINE
8
BLACK
6
CONTINUOUS
10
0.469462716535433
20
0.6438705905511811
11
0.4850673622047244
21
0.6282659448818898
0
LINE
8
BLACK
6
CONTINUOUS
10
0.4850673622047244
20
0.6282659448818898
11
0.485556968503937
21
0.6276693307086614
0
LINE
8
BLACK
6
CONTINUOUS
10
0.485556968503937
20
0.6276693307086614
11
0.486144842519685
21
0.6262501181102362
0
LINE
8
BLACK
6
CONTINUOUS
10
0.486144842519685
20
0.6262501181102362
11
0.4862204724409449
21
0.6254820472440945
0
LINE
8
BLACK
6
CONTINUOUS
10
0.4862204724409449
20
0.6254820472440945
11
0.4862204724409449
21
0.5748976377952756
0
LINE
8
BLACK
6
CONTINUOUS
10
0.4862204724409449
20
0.5748976377952756
11
0.4872047244094488
21
0.5748976377952756
0
LINE
8
BLACK
6
CONTINUOUS
10
0.4872047244094488
20
0.5748976377952756
11
0.4872047244094488
21
0.5493070866141733
0
LINE
8
BLACK
6
CONTINUOUS
10
0.4872047244094488
20
0.5493070866141733
11
0.4773622047244094
21
0.5493070866141733
0
LINE
8
BLACK
6
CONTINUOUS
10
0.4773622047244094
20
0.5493070866141733
11
0.4773622047244094
21
0.5748976377952756
0
LINE
8
BLACK
6
CONTINUOUS
10
0.4773622047244094
20
0.5748976377952756
11
0.4783464566929134
21
0.5748976377952756
0
LINE
8
BLACK
6
CONTINUOUS
10
0.4783464566929134
20
0.5748976377952756
11
0.4783464566929134
21
0.6238512598425197
0
LINE
8
BLACK
6
CONTINUOUS
10
0.4783464566929134
20
0.6238512598425197
11
0.4638949212598425
21
0.6383027952755905
0
LINE
8
BLACK
6
CONTINUOUS
10
0.4638949212598425
20
0.6383027952755905
11
0.4620215354330708
21
0.6372211811023621
0
LINE
8
BLACK
6
CONTINUOUS
10
0.4620215354330708
20
0.6372211811023621
11
0.4580505511811023
21
0.6361571653543306
0
LINE
8
BLACK
6
CONTINUOUS
10
0.4580505511811023
20
0.6361571653543306
11
0.4539395275590551
21
0.6361571653543306
0
LINE
8
BLACK
6
CONTINUOUS
10
0.4539395275590551
20
0.6361571653543306
11
0.4499685433070866
21
0.6372211811023621
0
LINE
8
BLACK
6
CONTINUOUS
10
0.4499685433070866
20
0.6372211811023621
11
0.4464082283464567
21
0.6392767322834646
0
LINE
8
BLACK
6
CONTINUOUS
10
0.4464082283464567
20
0.6392767322834646
11
0.4435012992125984
21
0.6421836614173229
0
LINE
8
BLACK
6
CONTINUOUS
10
0.4435012992125984
20
0.6421836614173229
11
0.4414457480314961
21
0.6457439763779528
0
LINE
8
BLACK
6
CONTINUOUS
10
0.4414457480314961
20
0.6457439763779528
11
0.4408858661417323
21
0.6478334645669291
0
LINE
8
BLACK
6
CONTINUOUS
10
0.4408858661417323
20
0.6478334645669291
11
0.4382295275590551
21
0.6478334645669291
0
LINE
8
BLACK
6
CONTINUOUS
10
0.4382295275590551
20
0.6478334645669291
11
0.4374614566929134
21
0.647909094488189
0
LINE
8
BLACK
6
CONTINUOUS
10
0.4374614566929134
20
0.647909094488189
11
0.436457874015748
21
0.6483248031496063
0
LINE
8
BLACK
6
CONTINUOUS
10
0.436457874015748
20
0.6483248031496063
11
0.4360422047244095
21
0.648496968503937
0
LINE
8
BLACK
6
CONTINUOUS
10
0.4360422047244095
20
0.648496968503937
11
0.4354456299212598
21
0.6489865748031496
0
LINE
8
BLACK
6
CONTINUOUS
10
0.4354456299212598
20
0.6489865748031496
11
0.4222161023622047
21
0.6622161023622047
0
LINE
8
BLACK
6
CONTINUOUS
10
0.4222161023622047
20
0.6622161023622047
11
0.4217264960629921
21
0.6628127165354331
0
LINE
8
BLACK
6
CONTINUOUS
10
0.4217264960629921
20
0.6628127165354331
11
0.4211386220472441
21
0.6642319291338582
0
LINE
8
BLACK
6
CONTINUOUS
10
0.4211386220472441
20
0.6642319291338582
11
0.4210629921259842
21
0.665
0
LINE
8
BLACK
6
CONTINUOUS
10
0.4210629921259842
20
0.665
11
0.4210629921259842
21
0.7640857480314961
0
LINE
8
BLACK
6
CONTINUOUS
10
0.4210629921259842
20
0.7640857480314961
11
0.4045907086614173
21
0.780558031496063
0
LINE
8
BLACK
6
CONTINUOUS
10
0.4045907086614173
20
0.780558031496063
11
0.4036038188976378
21
0.7798985826771654
0
LINE
8
BLACK
6
CONTINUOUS
10
0.4036038188976378
20
0.7798985826771654
11
0.4005905511811024
21
0.7792992125984252
0
LINE
8
BLACK
6
CONTINUOUS
10
0.4005905511811024
20
0.7792992125984252
11
0.3848425196850394
21
0.7792992125984252
0
LINE
8
BLACK
6
CONTINUOUS
10
0.3848425196850394
20
0.7792992125984252
11
0.3818292519685039
21
0.7798985826771654
0
LINE
8
BLACK
6
CONTINUOUS
10
0.3818292519685039
20
0.7798985826771654
11
0.3792747637795276
21
0.7816054724409449
0
LINE
8
BLACK
6
CONTINUOUS
10
0.3792747637795276
20
0.7816054724409449
11
0.377567874015748
21
0.7841599606299212
0
LINE
8
BLACK
6
CONTINUOUS
10
0.377567874015748
20
0.7841599606299212
11
0.3769685039370079
21
0.7871732283464566
0
LINE
8
BLACK
6
CONTINUOUS
10
0.3769685039370079
20
0.7871732283464566
11
0.3769685039370079
21
0.7940629921259842
0
LINE
8
BLACK
6
CONTINUOUS
10
0.3769685039370079
20
0.7940629921259842
11
0.3392157086614173
21
0.7940629921259842
0
LINE
8
BLACK
6
CONTINUOUS
10
0.3392157086614173
20
0.7940629921259842
11
0.3388400393700787
21
0.793811968503937
0
LINE
8
BLACK
6
CONTINUOUS
10
0.3388400393700787
20
0.793811968503937
11
0.3358267716535433
21
0.7932125984251969
0
LINE
8
BLACK
6
CONTINUOUS
10
0.3358267716535433
20
0.7932125984251969
11
0.3141732283464567
21
0.7932125984251969
0
LINE
8
BLACK
6
CONTINUOUS
10
0.3141732283464567
20
0.7932125984251969
11
0.3111599606299212
21
0.793811968503937
0
LINE
8
BLACK
6
CONTINUOUS
10
0.3111599606299212
20
0.793811968503937
11
0.3086054724409449
21
0.7955188582677165
0
LINE
8
BLACK
6
CONTINUOUS
10
0.3086054724409449
20
0.7955188582677165
11
0.3068985826771654
21
0.7980733464566929
0
LINE
8
BLACK
6
CONTINUOUS
10
0.3068985826771654
20
0.7980733464566929
11
0.3062992125984252
21
0.8010866141732284
0
LINE
8
BLACK
6
CONTINUOUS
10
0.3062992125984252
20
0.8010866141732284
11
0.3062992125984252
21
0.8168346456692913
0
LINE
8
BLACK
6
CONTINUOUS
10
0.3062992125984252
20
0.8168346456692913
11
0.3068985826771654
21
0.8198479133858267
0
LINE
8
BLACK
6
CONTINUOUS
10
0.3068985826771654
20
0.8198479133858267
11
0.3086054724409449
21
0.8224024015748032
0
LINE
8
BLACK
6
CONTINUOUS
10
0.3086054724409449
20
0.8224024015748032
11
0.3111599606299212
21
0.8241092913385827
0
LINE
8
BLACK
6
CONTINUOUS
10
0.3111599606299212
20
0.8241092913385827
11
0.3141732283464567
21
0.8247086614173228
0
LINE
8
BLACK
6
CONTINUOUS
10
0.3141732283464567
20
0.8247086614173228
11
0.3358267716535433
21
0.8247086614173228
0
LINE
8
BLACK
6
CONTINUOUS
10
0.3358267716535433
20
0.8247086614173228
11
0.3388400393700787
21
0.8241092913385827
0
LINE
8
BLACK
6
CONTINUOUS
10
0.6738400393700787
20
0.8236289763779527
11
0.676394527559055
21
0.8219220866141732
0
LINE
8
BLACK
6
CONTINUOUS
10
0.676394527559055
20
0.8219220866141732
11
0.6781014173228346
21
0.8193675984251968
0
LINE
8
BLACK
6
CONTINUOUS
10
0.6781014173228346
20
0.8193675984251968
11
0.6787007874015748
21
0.8163543307086614
0
LINE
8
BLACK
6
CONTINUOUS
10
0.6787007874015748
20
0.8163543307086614
11
0.6787007874015748
21
0.8006062992125984
0
LINE
8
BLACK
6
CONTINUOUS
10
0.6787007874015748
20
0.8006062992125984
11
0.6781014173228346
21
0.797593031496063
0
LINE
8
BLACK
6
CONTINUOUS
10
0.6781014173228346
20
0.797593031496063
11
0.676394527559055
21
0.7950385433070866
0
LINE
8
BLACK
6
CONTINUOUS
10
0.676394527559055
20
0.7950385433070866
11
0.6738400393700787
21
0.793331653543307
0
LINE
8
BLACK
6
CONTINUOUS
10
0.6738400393700787
20
0.793331653543307
11
0.6708267716535433
21
0.7927322834645669
0
LINE
8
BLACK
6
CONTINUOUS
10
0.6708267716535433
20
0.7927322834645669
11
0.6491732283464566
21
0.7927322834645669
0
LINE
8
BLACK
6
CONTINUOUS
10
0.6491732283464566
20
0.7927322834645669
11
0.6461599606299212
21
0.793331653543307
0
LINE
8
BLACK
6
CONTINUOUS
10
0.6461599606299212
20
0.793331653543307
11
0.6450654724409449
21
0.7940629921259842
0
LINE
8
BLACK
6
CONTINUOUS
10
0.6450654724409449
20
0.7940629921259842
11
0.6072834645669292
21
0.7940629921259842
0
LINE
8
BLACK
6
CONTINUOUS
10
0.6072834645669292
20
0.7940629921259842
11
0.6072834645669292
21
0.7871732283464566
0
LINE
8
BLACK
6
CONTINUOUS
10
0.6072834645669292
20
0.7871732283464566
11
0.6066840944881889
21
0.7841599606299212
0
LINE
8
BLACK
6
CONTINUOUS
10
0.6066840944881889
20
0.7841599606299212
11
0.6049772047244094
21
0.7816054724409449
0
LINE
8
BLACK
6
CONTINUOUS
10
0.6049772047244094
20
0.7816054724409449
11
0.6024227165354331
21
0.7798985826771654
0
LINE
8
BLACK
6
CONTINUOUS
10
0.6024227165354331
20
0.7798985826771654
11
0.5994094488188976
21
0.7792992125984252
0
LINE
8
BLACK
6
CONTINUOUS
10
0.5994094488188976
20
0.7792992125984252
11
0.5836614173228346
21
0.7792992125984252
0
LINE
8
BLACK
6
CONTINUOUS
10
0.5836614173228346
20
0.7792992125984252
11
0.5806481496062992
21
0.7798985826771654
0
LINE
8
BLACK
6
CONTINUOUS
10
0.5806481496062992
20
0.7798985826771654
11
0.579661220472441
21
0.780558031496063
0
LINE
8
BLACK
6
CONTINUOUS
10
0.579661220472441
20
0.780558031496063
11
0.5639370078740157
21
0.764833779527559
0
LINE
8
BLACK
6
CONTINUOUS
10
0.5639370078740157
20
0.764833779527559
11
0.5639370078740157
21
0.665
0
LINE
8
BLACK
6
CONTINUOUS
10
0.5639370078740157
20
0.665
11
0.5638613779527559
21
0.6642319291338582
0
LINE
8
BLACK
6
CONTINUOUS
10
0.5638613779527559
20
0.6642319291338582
11
0.5636051181102362
21
0.6636133070866141
0
LINE
8
BLACK
6
CONTINUOUS
10
0.5636051181102362
20
0.6636133070866141
11
0.5632735039370078
21
0.6628126771653543
0
LINE
8
BLACK
6
CONTINUOUS
10
0.5632735039370078
20
0.6628126771653543
11
0.5627838976377952
21
0.6622161023622047
0
LINE
8
BLACK
6
CONTINUOUS
10
0.5627838976377952
20
0.6622161023622047
11
0.5527838976377952
21
0.6522161023622047
0
LINE
8
BLACK
6
CONTINUOUS
10
0.5527838976377952
20
0.6522161023622047
11
0.5521872834645669
21
0.6517264960629922
0
LINE
8
BLACK
6
CONTINUOUS
10
0.5521872834645669
20
0.6517264960629922
11
0.5507680708661418
21
0.651138622047244
0
LINE
8
BLACK
6
CONTINUOUS
10
0.5507680708661418
20
0.651138622047244
11
0.5499999999999999
21
0.6510629921259843
0
LINE
8
BLACK
6
CONTINUOUS
10
0.5499999999999999
20
0.6510629921259843
11
0.5266307874015748
21
0.6510629921259843
0
LINE
8
BLACK
6
CONTINUOUS
10
0.5266307874015748
20
0.6510629921259843
11
0.5059055118110236
21
0.630337716535433
0
LINE
8
BLACK
6
CONTINUOUS
10
0.5059055118110236
20
0.630337716535433
11
0.5059055118110236
21
0.5748976377952756
0
LINE
8
BLACK
6
CONTINUOUS
10
0.5059055118110236
20
0.5748976377952756
11
0.5068897637795275
21
0.5748976377952756
0
LINE
8
BLACK
6
CONTINUOUS
10
0.5068897637795275
20
0.5748976377952756
11
0.5068897637795275
21
0.5493070866141733
0
LINE
8
BLACK
6
CONTINUOUS
10
0.5068897637795275
20
0.5493070866141733
11
0.4970472440944882
21
0.5493070866141733
0
LINE
8
BLACK
6
CONTINUOUS
10
0.4970472440944882
20
0.5493070866141733
11
0.4970472440944882
21
0.5748976377952756
0
LINE
8
BLACK
6
CONTINUOUS
10
0.4970472440944882
20
0.5748976377952756
11
0.4980314960629921
21
0.5748976377952756
0
LINE
8
BLACK
6
CONTINUOUS
10
0.4980314960629921
20
0.5748976377952756
11
0.4980314960629921
21
0.6319685039370079
0
LINE
8
BLACK
6
CONTINUOUS
10
0.4980314960629921
20
0.6319685039370079
11
0.4981071259842519
21
0.6327365748031496
0
LINE
8
BLACK
6
CONTINUOUS
10
0.4981071259842519
20
0.6327365748031496
11
0.498695
21
0.6341557874015747
0
LINE
8
BLACK
6
CONTINUOUS
10
0.498695
20
0.6341557874015747
11
0.4991846062992126
21
0.6347524015748032
0
LINE
8
BLACK
6
CONTINUOUS
10
0.4991846062992126
20
0.6347524015748032
11
0.5222161023622047
21
0.6577838976377952
0
LINE
8
BLACK
6
CONTINUOUS
10
0.5222161023622047
20
0.6577838976377952
11
0.522812716535433
21
0.6582735039370079
0
LINE
8
BLACK
6
CONTINUOUS
10
0.522812716535433
20
0.6582735039370079
11
0.5242319291338583
21
0.6588613779527559
0
LINE
8
BLACK
6
CONTINUOUS
10
0.5242319291338583
20
0.6588613779527559
11
0.525
21
0.6589370078740158
0
LINE
8
BLACK
6
CONTINUOUS
10
0.525
20
0.6589370078740158
11
0.5483692125984252
21
0.6589370078740158
0
LINE
8
BLACK
6
CONTINUOUS
10
0.5483692125984252
20
0.6589370078740158
11
0.5560629921259842
21
0.6666307874015748
0
LINE
8
BLACK
6
CONTINUOUS
10
0.5560629921259842
20
0.6666307874015748
11
0.5560629921259842
21
0.7664645669291339
0
LINE
8
BLACK
6
CONTINUOUS
10
0.5560629921259842
20
0.7664645669291339
11
0.5561386220472441
21
0.7672326377952756
0
LINE
8
BLACK
6
CONTINUOUS
10
0.5561386220472441
20
0.7672326377952756
11
0.5567264960629921
21
0.7686518503937008
0
LINE
8
BLACK
6
CONTINUOUS
10
0.5567264960629921
20
0.7686518503937008
11
0.5572161023622048
21
0.7692484645669291
0
LINE
8
BLACK
6
CONTINUOUS
10
0.5572161023622048
20
0.7692484645669291
11
0.5757874015748031
21
0.7878197637795276
0
LINE
8
BLACK
6
CONTINUOUS
10
0.5757874015748031
20
0.7878197637795276
11
0.5757874015748031
21
0.8088267716535433
0
LINE
8
BLACK
6
CONTINUOUS
10
0.5757874015748031
20
0.8088267716535433
11
0.5763867716535432
21
0.8118400393700788
0
LINE
8
BLACK
6
CONTINUOUS
10
0.5763867716535432
20
0.8118400393700788
11
0.5780936614173228
21
0.8143945275590551
0
LINE
8
BLACK
6
CONTINUOUS
10
0.5780936614173228
20
0.8143945275590551
11
0.5806481496062992
21
0.8161014173228346
0
LINE
8
BLACK
6
CONTINUOUS
10
0.5806481496062992
20
0.8161014173228346
11
0.5836614173228346
21
0.8167007874015748
0
LINE
8
BLACK
6
CONTINUOUS
10
0.5836614173228346
20
0.8167007874015748
11
0.5994094488188976
21
0.8167007874015748
0
LINE
8
BLACK
6
CONTINUOUS
10
0.5994094488188976
20
0.8167007874015748
11
0.6024227165354331
21
0.8161014173228346
0
LINE
8
BLACK
6
CONTINUOUS
10
0.6024227165354331
20
0.8161014173228346
11
0.6049772047244094
21
0.8143945275590551
0
LINE
8
BLACK
6
CONTINUOUS
10
0.6049772047244094
20
0.8143945275590551
11
0.6066840944881889
21
0.8118400393700788
0
LINE
8
BLACK
6
CONTINUOUS
10
0.6066840944881889
20
0.8118400393700788
11
0.6072834645669292
21
0.8088267716535433
0
LINE
8
BLACK
6
CONTINUOUS
10
0.6072834645669292
20
0.8088267716535433
11
0.6072834645669292
21
0.8019370078740158
0
LINE
8
BLACK
6
CONTINUOUS
10
0.6072834645669292
20
0.8019370078740158
11
0.6412992125984252
21
0.8019370078740158
0
LINE
8
BLACK
6
CONTINUOUS
10
0.6412992125984252
20
0.8019370078740158
11
0.6412992125984252
21
0.8163543307086614
0
LINE
8
BLACK
6
CONTINUOUS
10
0.6412992125984252
20
0.8163543307086614
11
0.6418985826771654
21
0.8193675984251968
0
LINE
8
BLACK
6
CONTINUOUS
10
0.6418985826771654
20
0.8193675984251968
11
0.6436054724409449
21
0.8219220866141732
0
LINE
8
BLACK
6
CONTINUOUS
10
0.6436054724409449
20
0.8219220866141732
11
0.6461599606299212
21
0.8236289763779527
0
LINE
8
BLACK
6
CONTINUOUS
10
0.6461599606299212
20
0.8236289763779527
11
0.6491732283464566
21
0.8242283464566929
0
LINE
8
BLACK
6
CONTINUOUS
10
0.6491732283464566
20
0.8242283464566929
11
0.6708267716535433
21
0.8242283464566929
0
LINE
8
BLACK
6
CONTINUOUS
10
0.6708267716535433
20
0.8242283464566929
11
0.6738400393700787
21
0.8236289763779527
0
LINE
8
BLACK
6
CONTINUOUS
10
0.6024227165354331
20
0.7231014173228346
11
0.6049772047244094
21
0.7213945275590551
0
LINE
8
BLACK
6
CONTINUOUS
10
0.6049772047244094
20
0.7213945275590551
11
0.6066840944881889
21
0.7188400393700787
0
LINE
8
BLACK
6
CONTINUOUS
10
0.6066840944881889
20
0.7188400393700787
11
0.6072834645669292
21
0.7158267716535432
0
LINE
8
BLACK
6
CONTINUOUS
10
0.6072834645669292
20
0.7158267716535432
11
0.6072834645669292
21
0.6941732283464567
0
LINE
8
BLACK
6
CONTINUOUS
10
0.6072834645669292
20
0.6941732283464567
11
0.6066840944881889
21
0.6911599606299212
0
LINE
8
BLACK
6
CONTINUOUS
10
0.6066840944881889
20
0.6911599606299212
11
0.6049772047244094
21
0.6886054724409448
0
LINE
8
BLACK
6
CONTINUOUS
10
0.6049772047244094
20
0.6886054724409448
11
0.6024227165354331
21
0.6868985826771653
0
LINE
8
BLACK
6
CONTINUOUS
10
0.6024227165354331
20
0.6868985826771653
11
0.5994094488188976
21
0.6862992125984252
0
LINE
8
BLACK
6
CONTINUOUS
10
0.5994094488188976
20
0.6862992125984252
11
0.5954724409448818
21
0.6862992125984252
0
LINE
8
BLACK
6
CONTINUOUS
10
0.5954724409448818
20
0.6862992125984252
11
0.5954724409448818
21
0.6742911023622047
0
LINE
8
BLACK
6
CONTINUOUS
10
0.5954724409448818
20
0.6742911023622047
11
0.5953968110236221
21
0.673523031496063
0
LINE
8
BLACK
6
CONTINUOUS
10
0.5953968110236221
20
0.673523031496063
11
0.594808937007874
21
0.6721038188976378
0
LINE
8
BLACK
6
CONTINUOUS
10
0.594808937007874
20
0.6721038188976378
11
0.5943193307086614
21
0.6715072047244094
0
LINE
8
BLACK
6
CONTINUOUS
10
0.5943193307086614
20
0.6715072047244094
11
0.5791899212598425
21
0.6563778346456692
0
LINE
8
BLACK
6
CONTINUOUS
10
0.5791899212598425
20
0.6563778346456692
11
0.6121110629921259
21
0.6234566929133858
0
LINE
8
BLACK
6
CONTINUOUS
10
0.6121110629921259
20
0.6234566929133858
11
0.6333779527559055
21
0.6234566929133858
0
LINE
8
BLACK
6
CONTINUOUS
10
0.6333779527559055
20
0.6234566929133858
11
0.6412992125984252
21
0.6234566929133858
0
LINE
8
BLACK
6
CONTINUOUS
10
0.6412992125984252
20
0.6234566929133858
11
0.6412992125984252
21
0.6273937007874015
0
LINE
8
BLACK
6
CONTINUOUS
10
0.6412992125984252
20
0.6273937007874015
11
0.6418985826771654
21
0.630406968503937
0
LINE
8
BLACK
6
CONTINUOUS
10
0.6418985826771654
20
0.630406968503937
11
0.6436054724409449
21
0.6329614566929134
0
LINE
8
BLACK
6
CONTINUOUS
10
0.6436054724409449
20
0.6329614566929134
11
0.6461599606299212
21
0.6346683464566929
0
LINE
8
BLACK
6
CONTINUOUS
10
0.6461599606299212
20
0.6346683464566929
11
0.6491732283464566
21
0.635267716535433
0
LINE
8
BLACK
6
CONTINUOUS
10
0.6491732283464566
20
0.635267716535433
11
0.6708267716535433
21
0.635267716535433
0
LINE
8
BLACK
6
CONTINUOUS
10
0.6708267716535433
20
0.635267716535433
11
0.6738400393700787
21
0.6346683464566929
0
LINE
8
BLACK
6
CONTINUOUS
10
0.6738400393700787
20
0.6346683464566929
11
0.676394527559055
21
0.6329614566929134
0
LINE
8
BLACK
6
CONTINUOUS
10
0.676394527559055
20
0.6329614566929134
11
0.6781014173228346
21
0.630406968503937
0
LINE
8
BLACK
6
CONTINUOUS
10
0.6781014173228346
20
0.630406968503937
11
0.6787007874015748
21
0.6273937007874015
0
LINE
8
BLACK
6
CONTINUOUS
10
0.6787007874015748
20
0.6273937007874015
11
0.6787007874015748
21
0.6116456692913386
0
LINE
8
BLACK
6
CONTINUOUS
10
0.6787007874015748
20
0.6116456692913386
11
0.6781014173228346
21
0.6086324015748031
0
LINE
8
BLACK
6
CONTINUOUS
10
0.6781014173228346
20
0.6086324015748031
11
0.676394527559055
21
0.6060779133858267
0
LINE
8
BLACK
6
CONTINUOUS
10
0.676394527559055
20
0.6060779133858267
11
0.6738400393700787
21
0.6043710236220472
0
LINE
8
BLACK
6
CONTINUOUS
10
0.6738400393700787
20
0.6043710236220472
11
0.6708267716535433
21
0.6037716535433071
0
LINE
8
BLACK
6
CONTINUOUS
10
0.6708267716535433
20
0.6037716535433071
11
0.6521831496062992
21
0.6037716535433071
0
LINE
8
BLACK
6
CONTINUOUS
10
0.6521831496062992
20
0.6037716535433071
11
0.6521831496062992
21
0.6003212598425197
0
LINE
8
BLACK
6
CONTINUOUS
10
0.6521831496062992
20
0.6003212598425197
11
0.6511191338582677
21
0.5963502755905512
0
LINE
8
BLACK
6
CONTINUOUS
10
0.6511191338582677
20
0.5963502755905512
11
0.6490635826771654
21
0.5927899606299213
0
LINE
8
BLACK
6
CONTINUOUS
10
0.6490635826771654
20
0.5927899606299213
11
0.6461566535433071
21
0.589883031496063
0
LINE
8
BLACK
6
CONTINUOUS
10
0.6461566535433071
20
0.589883031496063
11
0.6425963385826772
21
0.5878274803149606
0
LINE
8
BLACK
6
CONTINUOUS
10
0.6425963385826772
20
0.5878274803149606
11
0.6386253543307087
21
0.5867634645669291
0
LINE
8
BLACK
6
CONTINUOUS
10
0.6386253543307087
20
0.5867634645669291
11
0.6345143307086614
21
0.5867634645669291
0
LINE
8
BLACK
6
CONTINUOUS
10
0.6345143307086614
20
0.5867634645669291
11
0.6305433464566929
21
0.5878274803149606
0
LINE
8
BLACK
6
CONTINUOUS
10
0.6305433464566929
20
0.5878274803149606
11
0.6269830314960629
21
0.589883031496063
0
LINE
8
BLACK
6
CONTINUOUS
10
0.6269830314960629
20
0.589883031496063
11
0.6240761023622047
21
0.5927899606299213
0
LINE
8
BLACK
6
CONTINUOUS
10
0.6240761023622047
20
0.5927899606299213
11
0.6220205511811023
21
0.5963502755905512
0
LINE
8
BLACK
6
CONTINUOUS
10
0.6220205511811023
20
0.5963502755905512
11
0.6209565354330708
21
0.6003212598425197
0
LINE
8
BLACK
6
CONTINUOUS
10
0.6209565354330708
20
0.6003212598425197
11
0.6209565354330708
21
0.6044322834645669
0
LINE
8
BLACK
6
CONTINUOUS
10
0.6209565354330708
20
0.6044322834645669
11
0.6220205511811023
21
0.6084032677165354
0
LINE
8
BLACK
6
CONTINUOUS
10
0.6220205511811023
20
0.6084032677165354
11
0.6240761023622047
21
0.6119635826771653
0
LINE
8
BLACK
6
CONTINUOUS
10
0.6240761023622047
20
0.6119635826771653
11
0.6269830314960629
21
0.6148705118110236
0
LINE
8
BLACK
6
CONTINUOUS
10
0.6269830314960629
20
0.6148705118110236
11
0.6282165354330709
21
0.6155826771653543
0
LINE
8
BLACK
6
CONTINUOUS
10
0.6282165354330709
20
0.6155826771653543
11
0.6104803149606299
21
0.6155826771653543
0
LINE
8
BLACK
6
CONTINUOUS
10
0.6104803149606299
20
0.6155826771653543
11
0.6097122440944882
21
0.6156583070866142
0
LINE
8
BLACK
6
CONTINUOUS
10
0.6097122440944882
20
0.6156583070866142
11
0.6086229133858267
21
0.6161095275590551
0
LINE
8
BLACK
6
CONTINUOUS
10
0.6086229133858267
20
0.6161095275590551
11
0.6082929921259842
21
0.6162461811023622
0
LINE
8
BLACK
6
CONTINUOUS
10
0.6082929921259842
20
0.6162461811023622
11
0.6076964173228346
21
0.6167358267716535
0
LINE
8
BLACK
6
CONTINUOUS
10
0.6076964173228346
20
0.6167358267716535
11
0.5736221653543307
21
0.6508100787401575
0
LINE
8
BLACK
6
CONTINUOUS
10
0.5736221653543307
20
0.6508100787401575
11
0.558906062992126
21
0.636093937007874
0
LINE
8
BLACK
6
CONTINUOUS
10
0.558906062992126
20
0.636093937007874
11
0.5583094488188977
21
0.6356043307086614
0
LINE
8
BLACK
6
CONTINUOUS
10
0.5583094488188977
20
0.6356043307086614
11
0.5568902362204724
21
0.6350164566929134
0
LINE
8
BLACK
6
CONTINUOUS
10
0.5568902362204724
20
0.6350164566929134
11
0.5561221653543307
21
0.6349408267716535
0
LINE
8
BLACK
6
CONTINUOUS
10
0.5561221653543307
20
0.6349408267716535
11
0.5327529133858268
21
0.6349408267716535
0
LINE
8
BLACK
6
CONTINUOUS
10
0.5327529133858268
20
0.6349408267716535
11
0.5255905511811023
21
0.6277784645669291
0
LINE
8
BLACK
6
CONTINUOUS
10
0.5255905511811023
20
0.6277784645669291
11
0.5255905511811023
21
0.5748976377952756
0
LINE
8
BLACK
6
CONTINUOUS
10
0.5255905511811023
20
0.5748976377952756
11
0.5265748031496063
21
0.5748976377952756
0
LINE
8
BLACK
6
CONTINUOUS
10
0.5265748031496063
20
0.5748976377952756
11
0.5265748031496063
21
0.5493070866141733
0
LINE
8
BLACK
6
CONTINUOUS
10
0.5265748031496063
20
0.5493070866141733
11
0.5167322834645669
21
0.5493070866141733
0
LINE
8
BLACK
6
CONTINUOUS
10
0.5167322834645669
20
0.5493070866141733
11
0.5167322834645669
21
0.5748976377952756
0
LINE
8
BLACK
6
CONTINUOUS
10
0.5167322834645669
20
0.5748976377952756
11
0.5177165354330708
21
0.5748976377952756
0
LINE
8
BLACK
6
CONTINUOUS
10
0.5177165354330708
20
0.5748976377952756
11
0.5177165354330708
21
0.6294092125984252
0
LINE
8
BLACK
6
CONTINUOUS
10
0.5177165354330708
20
0.6294092125984252
11
0.5177921653543307
21
0.6301772834645669
0
LINE
8
BLACK
6
CONTINUOUS
10
0.5177921653543307
20
0.6301772834645669
11
0.5183800393700787
21
0.6315964960629921
0
LINE
8
BLACK
6
CONTINUOUS
10
0.5183800393700787
20
0.6315964960629921
11
0.5188696456692913
21
0.6321931102362205
0
LINE
8
BLACK
6
CONTINUOUS
10
0.5188696456692913
20
0.6321931102362205
11
0.5283383070866141
21
0.6416617322834646
0
LINE
8
BLACK
6
CONTINUOUS
10
0.5283383070866141
20
0.6416617322834646
11
0.5289348818897638
21
0.6421513779527559
0
LINE
8
BLACK
6
CONTINUOUS
10
0.5289348818897638
20
0.6421513779527559
11
0.5303540944881889
21
0.6427392125984251
0
LINE
8
BLACK
6
CONTINUOUS
10
0.5303540944881889
20
0.6427392125984251
11
0.5311221653543307
21
0.642814842519685
0
LINE
8
BLACK
6
CONTINUOUS
10
0.5311221653543307
20
0.642814842519685
11
0.5544913779527559
21
0.642814842519685
0
LINE
8
BLACK
6
CONTINUOUS
10
0.5544913779527559
20
0.642814842519685
11
0.5708382677165355
21
0.6591617322834645
0
LINE
8
BLACK
6
CONTINUOUS
10
0.5708382677165355
20
0.6591617322834645
11
0.5875984251968503
21
0.6759218897637795
0
LINE
8
BLACK
6
CONTINUOUS
10
0.5875984251968503
20
0.6759218897637795
11
0.5875984251968503
21
0.6862992125984252
0
LINE
8
BLACK
6
CONTINUOUS
10
0.5875984251968503
20
0.6862992125984252
11
0.5836614173228346
21
0.6862992125984252
0
LINE
8
BLACK
6
CONTINUOUS
10
0.5836614173228346
20
0.6862992125984252
11
0.5806481496062992
21
0.6868985826771653
0
LINE
8
BLACK
6
CONTINUOUS
10
0.5806481496062992
20
0.6868985826771653
11
0.5780936614173228
21
0.6886054724409448
0
LINE
8
BLACK
6
CONTINUOUS
10
0.5780936614173228
20
0.6886054724409448
11
0.5763867716535432
21
0.6911599606299212
0
LINE
8
BLACK
6
CONTINUOUS
10
0.5763867716535432
20
0.6911599606299212
11
0.5757874015748031
21
0.6941732283464567
0
LINE
8
BLACK
6
CONTINUOUS
10
0.5757874015748031
20
0.6941732283464567
11
0.5757874015748031
21
0.7158267716535432
0
LINE
8
BLACK
6
CONTINUOUS
10
0.5757874015748031
20
0.7158267716535432
11
0.5763867716535432
21
0.7188400393700787
0
LINE
8
BLACK
6
CONTINUOUS
10
0.5763867716535432
20
0.7188400393700787
11
0.5780936614173228
21
0.7213945275590551
0
LINE
8
BLACK
6
CONTINUOUS
10
0.5780936614173228
20
0.7213945275590551
11
0.5806481496062992
21
0.7231014173228346
0
LINE
8
BLACK
6
CONTINUOUS
10
0.5806481496062992
20
0.7231014173228346
11
0.5836614173228346
21
0.7237007874015748
0
LINE
8
BLACK
6
CONTINUOUS
10
0.5836614173228346
20
0.7237007874015748
11
0.5994094488188976
21
0.7237007874015748
0
LINE
8
BLACK
6
CONTINUOUS
10
0.5994094488188976
20
0.7237007874015748
11
0.6024227165354331
21
0.7231014173228346
0
LINE
8
BLACK
6
CONTINUOUS
10
0.4685644488188976
20
0.8161014173228346
11
0.471118937007874
21
0.8143945275590551
0
LINE
8
BLACK
6
CONTINUOUS
10
0.471118937007874
20
0.8143945275590551
11
0.4728258267716535
21
0.8118400393700788
0
LINE
8
BLACK
6
CONTINUOUS
10
0.4728258267716535
20
0.8118400393700788
11
0.4734251968503937
21
0.8088267716535433
0
LINE
8
BLACK
6
CONTINUOUS
10
0.4734251968503937
20
0.8088267716535433
11
0.4734251968503937
21
0.8078425196850394
0
LINE
8
BLACK
6
CONTINUOUS
10
0.4734251968503937
20
0.8078425196850394
11
0.5108267716535433
21
0.8078425196850394
0
LINE
8
BLACK
6
CONTINUOUS
10
0.5108267716535433
20
0.8078425196850394
11
0.5108267716535433
21
0.8088267716535433
0
LINE
8
BLACK
6
CONTINUOUS
10
0.5108267716535433
20
0.8088267716535433
11
0.5114261417322834
21
0.8118400393700788
0
LINE
8
BLACK
6
CONTINUOUS
10
0.5114261417322834
20
0.8118400393700788
11
0.5131330314960629
21
0.8143945275590551
0
LINE
8
BLACK
6
CONTINUOUS
10
0.5131330314960629
20
0.8143945275590551
11
0.5156875196850393
21
0.8161014173228346
0
LINE
8
BLACK
6
CONTINUOUS
10
0.5156875196850393
20
0.8161014173228346
11
0.5187007874015748
21
0.8167007874015748
0
LINE
8
BLACK
6
CONTINUOUS
10
0.5187007874015748
20
0.8167007874015748
11
0.5344488188976377
21
0.8167007874015748
0
LINE
8
BLACK
6
CONTINUOUS
10
0.5344488188976377
20
0.8167007874015748
11
0.5374620866141732
21
0.8161014173228346
0
LINE
8
BLACK
6
CONTINUOUS
10
0.5374620866141732
20
0.8161014173228346
11
0.5400165748031496
21
0.8143945275590551
0
LINE
8
BLACK
6
CONTINUOUS
10
0.5400165748031496
20
0.8143945275590551
11
0.5417234645669291
21
0.8118400393700788
0
LINE
8
BLACK
6
CONTINUOUS
10
0.5417234645669291
20
0.8118400393700788
11
0.5423228346456693
21
0.8088267716535433
0
LINE
8
BLACK
6
CONTINUOUS
10
0.5423228346456693
20
0.8088267716535433
11
0.5423228346456693
21
0.7871732283464566
0
LINE
8
BLACK
6
CONTINUOUS
10
0.5423228346456693
20
0.7871732283464566
11
0.5417234645669291
21
0.7841599606299212
0
LINE
8
BLACK
6
CONTINUOUS
10
0.5417234645669291
20
0.7841599606299212
11
0.5400165748031496
21
0.7816054724409449
0
LINE
8
BLACK
6
CONTINUOUS
10
0.5400165748031496
20
0.7816054724409449
11
0.5374620866141732
21
0.7798985826771654
0
LINE
8
BLACK
6
CONTINUOUS
10
0.5374620866141732
20
0.7798985826771654
11
0.5364173228346456
21
0.7796907874015748
0
LINE
8
BLACK
6
CONTINUOUS
10
0.5364173228346456
20
0.7796907874015748
11
0.5364173228346456
21
0.7628285826771654
0
LINE
8
BLACK
6
CONTINUOUS
10
0.5364173228346456
20
0.7628285826771654
11
0.5390685433070866
21
0.7601773622047244
0
LINE
8
BLACK
6
CONTINUOUS
10
0.5390685433070866
20
0.7601773622047244
11
0.541124094488189
21
0.7566170472440945
0
LINE
8
BLACK
6
CONTINUOUS
10
0.541124094488189
20
0.7566170472440945
11
0.5421881102362205
21
0.752646062992126
0
LINE
8
BLACK
6
CONTINUOUS
10
0.5421881102362205
20
0.752646062992126
11
0.5421881102362205
21
0.7485350393700787
0
LINE
8
BLACK
6
CONTINUOUS
10
0.5421881102362205
20
0.7485350393700787
11
0.541124094488189
21
0.7445640551181102
0
LINE
8
BLACK
6
CONTINUOUS
10
0.541124094488189
20
0.7445640551181102
11
0.5390685433070866
21
0.7410037401574803
0
LINE
8
BLACK
6
CONTINUOUS
10
0.5390685433070866
20
0.7410037401574803
11
0.5364173228346456
21
0.7383525196850393
0
LINE
8
BLACK
6
CONTINUOUS
10
0.5364173228346456
20
0.7383525196850393
11
0.5364173228346456
21
0.7233092519685039
0
LINE
8
BLACK
6
CONTINUOUS
10
0.5364173228346456
20
0.7233092519685039
11
0.5374620866141732
21
0.7231014173228346
0
LINE
8
BLACK
6
CONTINUOUS
10
0.5374620866141732
20
0.7231014173228346
11
0.5400165748031496
21
0.7213945275590551
0
LINE
8
BLACK
6
CONTINUOUS
10
0.5400165748031496
20
0.7213945275590551
11
0.5417234645669291
21
0.7188400393700787
0
LINE
8
BLACK
6
CONTINUOUS
10
0.5417234645669291
20
0.7188400393700787
11
0.5423228346456693
21
0.7158267716535432
0
LINE
8
BLACK
6
CONTINUOUS
10
0.5423228346456693
20
0.7158267716535432
11
0.5423228346456693
21
0.6941732283464567
0
LINE
8
BLACK
6
CONTINUOUS
10
0.5423228346456693
20
0.6941732283464567
11
0.5417234645669291
21
0.6911599606299212
0
LINE
8
BLACK
6
CONTINUOUS
10
0.5417234645669291
20
0.6911599606299212
11
0.5400165748031496
21
0.6886054724409448
0
LINE
8
BLACK
6
CONTINUOUS
10
0.5400165748031496
20
0.6886054724409448
11
0.5374620866141732
21
0.6868985826771653
0
LINE
8
BLACK
6
CONTINUOUS
10
0.5374620866141732
20
0.6868985826771653
11
0.5344488188976377
21
0.6862992125984252
0
LINE
8
BLACK
6
CONTINUOUS
10
0.5344488188976377
20
0.6862992125984252
11
0.5187007874015748
21
0.6862992125984252
0
LINE
8
BLACK
6
CONTINUOUS
10
0.5187007874015748
20
0.6862992125984252
11
0.5156875196850393
21
0.6868985826771653
0
LINE
8
BLACK
6
CONTINUOUS
10
0.5156875196850393
20
0.6868985826771653
11
0.5131330314960629
21
0.6886054724409448
0
LINE
8
BLACK
6
CONTINUOUS
10
0.5131330314960629
20
0.6886054724409448
11
0.5114261417322834
21
0.6911599606299212
0
LINE
8
BLACK
6
CONTINUOUS
10
0.5114261417322834
20
0.6911599606299212
11
0.5108267716535433
21
0.6941732283464567
0
LINE
8
BLACK
6
CONTINUOUS
10
0.5108267716535433
20
0.6941732283464567
11
0.5108267716535433
21
0.7158267716535432
0
LINE
8
BLACK
6
CONTINUOUS
10
0.5108267716535433
20
0.7158267716535432
11
0.5114261417322834
21
0.7188400393700787
0
LINE
8
BLACK
6
CONTINUOUS
10
0.5114261417322834
20
0.7188400393700787
11
0.5131330314960629
21
0.7213945275590551
0
LINE
8
BLACK
6
CONTINUOUS
10
0.5131330314960629
20
0.7213945275590551
11
0.5156875196850393
21
0.7231014173228346
0
LINE
8
BLACK
6
CONTINUOUS
10
0.5156875196850393
20
0.7231014173228346
11
0.5167322834645669
21
0.7233092519685039
0
LINE
8
BLACK
6
CONTINUOUS
10
0.5167322834645669
20
0.7233092519685039
11
0.5167322834645669
21
0.7383525196850393
0
LINE
8
BLACK
6
CONTINUOUS
10
0.5167322834645669
20
0.7383525196850393
11
0.514081062992126
21
0.7410037401574803
0
LINE
8
BLACK
6
CONTINUOUS
10
0.514081062992126
20
0.7410037401574803
11
0.5120255118110236
21
0.7445640551181102
0
LINE
8
BLACK
6
CONTINUOUS
10
0.5120255118110236
20
0.7445640551181102
11
0.5109614960629921
21
0.7485350393700787
0
LINE
8
BLACK
6
CONTINUOUS
10
0.5109614960629921
20
0.7485350393700787
11
0.5109614960629921
21
0.752646062992126
0
LINE
8
BLACK
6
CONTINUOUS
10
0.5109614960629921
20
0.752646062992126
11
0.5120255118110236
21
0.7566170472440945
0
LINE
8
BLACK
6
CONTINUOUS
10
0.5120255118110236
20
0.7566170472440945
11
0.514081062992126
21
0.7601773622047244
0
LINE
8
BLACK
6
CONTINUOUS
10
0.514081062992126
20
0.7601773622047244
11
0.5167322834645669
21
0.7628285826771654
0
LINE
8
BLACK
6
CONTINUOUS
10
0.5167322834645669
20
0.7628285826771654
11
0.5167322834645669
21
0.7796907874015748
0
LINE
8
BLACK
6
CONTINUOUS
10
0.5167322834645669
20
0.7796907874015748
11
0.5156875196850393
21
0.7798985826771654
0
LINE
8
BLACK
6
CONTINUOUS
10
0.5156875196850393
20
0.7798985826771654
11
0.5131330314960629
21
0.7816054724409449
0
LINE
8
BLACK
6
CONTINUOUS
10
0.5131330314960629
20
0.7816054724409449
11
0.5114261417322834
21
0.7841599606299212
0
LINE
8
BLACK
6
CONTINUOUS
10
0.5114261417322834
20
0.7841599606299212
11
0.5108267716535433
21
0.7871732283464566
0
LINE
8
BLACK
6
CONTINUOUS
10
0.5108267716535433
20
0.7871732283464566
11
0.5108267716535433
21
0.7881574803149606
0
LINE
8
BLACK
6
CONTINUOUS
10
0.5108267716535433
20
0.7881574803149606
11
0.4734251968503937
21
0.7881574803149606
0
LINE
8
BLACK
6
CONTINUOUS
10
0.4734251968503937
20
0.7881574803149606
11
0.4734251968503937
21
0.7871732283464566
0
LINE
8
BLACK
6
CONTINUOUS
10
0.4734251968503937
20
0.7871732283464566
11
0.4728258267716535
21
0.7841599606299212
0
LINE
8
BLACK
6
CONTINUOUS
10
0.4728258267716535
20
0.7841599606299212
11
0.471118937007874
21
0.7816054724409449
0
LINE
8
BLACK
6
CONTINUOUS
10
0.471118937007874
20
0.7816054724409449
11
0.4685644488188976
21
0.7798985826771654
0
LINE
8
BLACK
6
CONTINUOUS
10
0.4685644488188976
20
0.7798985826771654
11
0.4675196850393701
21
0.7796907874015748
0
LINE
8
BLACK
6
CONTINUOUS
10
0.4675196850393701
20
0.7796907874015748
11
0.4675196850393701
21
0.7233092519685039
0
LINE
8
BLACK
6
CONTINUOUS
10
0.4675196850393701
20
0.7233092519685039
11
0.4685644488188976
21
0.7231014173228346
0
LINE
8
BLACK
6
CONTINUOUS
10
0.4685644488188976
20
0.7231014173228346
11
0.471118937007874
21
0.7213945275590551
0
LINE
8
BLACK
6
CONTINUOUS
10
0.471118937007874
20
0.7213945275590551
11
0.4728258267716535
21
0.7188400393700787
0
LINE
8
BLACK
6
CONTINUOUS
10
0.4728258267716535
20
0.7188400393700787
11
0.4734251968503937
21
0.7158267716535432
0
LINE
8
BLACK
6
CONTINUOUS
10
0.4734251968503937
20
0.7158267716535432
11
0.4734251968503937
21
0.6941732283464567
0
LINE
8
BLACK
6
CONTINUOUS
10
0.4734251968503937
20
0.6941732283464567
11
0.4728258267716535
21
0.6911599606299212
0
LINE
8
BLACK
6
CONTINUOUS
10
0.4728258267716535
20
0.6911599606299212
11
0.471118937007874
21
0.6886054724409448
0
LINE
8
BLACK
6
CONTINUOUS
10
0.471118937007874
20
0.6886054724409448
11
0.4685644488188976
21
0.6868985826771653
0
LINE
8
BLACK
6
CONTINUOUS
10
0.4685644488188976
20
0.6868985826771653
11
0.4655511811023622
21
0.6862992125984252
0
LINE
8
BLACK
6
CONTINUOUS
10
0.4655511811023622
20
0.6862992125984252
11
0.4498031496062992
21
0.6862992125984252
0
LINE
8
BLACK
6
CONTINUOUS
10
0.4498031496062992
20
0.6862992125984252
11
0.4467898818897638
21
0.6868985826771653
0
LINE
8
BLACK
6
CONTINUOUS
10
0.4467898818897638
20
0.6868985826771653
11
0.4442353937007874
21
0.6886054724409448
0
LINE
8
BLACK
6
CONTINUOUS
10
0.4442353937007874
20
0.6886054724409448
11
0.4425285039370079
21
0.6911599606299212
0
LINE
8
BLACK
6
CONTINUOUS
10
0.4425285039370079
20
0.6911599606299212
11
0.4419291338582677
21
0.6941732283464567
0
LINE
8
BLACK
6
CONTINUOUS
10
0.4419291338582677
20
0.6941732283464567
11
0.4419291338582677
21
0.7158267716535432
0
LINE
8
BLACK
6
CONTINUOUS
10
0.4419291338582677
20
0.7158267716535432
11
0.4425285039370079
21
0.7188400393700787
0
LINE
8
BLACK
6
CONTINUOUS
10
0.4425285039370079
20
0.7188400393700787
11
0.4442353937007874
21
0.7213945275590551
0
LINE
8
BLACK
6
CONTINUOUS
10
0.4442353937007874
20
0.7213945275590551
11
0.4467898818897638
21
0.7231014173228346
0
LINE
8
BLACK
6
CONTINUOUS
10
0.4467898818897638
20
0.7231014173228346
11
0.4478346456692913
21
0.7233092519685039
0
LINE
8
BLACK
6
CONTINUOUS
10
0.4478346456692913
20
0.7233092519685039
11
0.4478346456692913
21
0.7796907874015748
0
LINE
8
BLACK
6
CONTINUOUS
10
0.4478346456692913
20
0.7796907874015748
11
0.4467898818897638
21
0.7798985826771654
0
LINE
8
BLACK
6
CONTINUOUS
10
0.4467898818897638
20
0.7798985826771654
11
0.4442353937007874
21
0.7816054724409449
0
LINE
8
BLACK
6
CONTINUOUS
10
0.4442353937007874
20
0.7816054724409449
11
0.4425285039370079
21
0.7841599606299212
0
LINE
8
BLACK
6
CONTINUOUS
10
0.4425285039370079
20
0.7841599606299212
11
0.4419291338582677
21
0.7871732283464566
0
LINE
8
BLACK
6
CONTINUOUS
10
0.4419291338582677
20
0.7871732283464566
11
0.4419291338582677
21
0.8088267716535433
0
LINE
8
BLACK
6
CONTINUOUS
10
0.4419291338582677
20
0.8088267716535433
11
0.4425285039370079
21
0.8118400393700788
0
LINE
8
BLACK
6
CONTINUOUS
10
0.4425285039370079
20
0.8118400393700788
11
0.4442353937007874
21
0.8143945275590551
0
LINE
8
BLACK
6
CONTINUOUS
10
0.4442353937007874
20
0.8143945275590551
11
0.4467898818897638
21
0.8161014173228346
0
LINE
8
BLACK
6
CONTINUOUS
10
0.4467898818897638
20
0.8161014173228346
11
0.4498031496062992
21
0.8167007874015748
0
LINE
8
BLACK
6
CONTINUOUS
10
0.4498031496062992
20
0.8167007874015748
11
0.4655511811023622
21
0.8167007874015748
0
LINE
8
BLACK
6
CONTINUOUS
10
0.4655511811023622
20
0.8167007874015748
11
0.4685644488188976
21
0.8161014173228346
0
LINE
8
BLACK
6
CONTINUOUS
10
0.8113150787401575
20
0.7347866929133858
11
0.8132309448818897
21
0.7335065354330709
0
LINE
8
BLACK
6
CONTINUOUS
10
0.8132309448818897
20
0.7335065354330709
11
0.8133905118110236
21
0.7332677165354331
0
LINE
8
BLACK
6
CONTINUOUS
10
0.8133905118110236
20
0.7332677165354331
11
0.8490535433070866
21
0.7332677165354331
0
LINE
8
BLACK
6
CONTINUOUS
10
0.8490535433070866
20
0.7332677165354331
11
0.8509737401574803
21
0.7330785826771653
0
LINE
8
BLACK
6
CONTINUOUS
10
0.8509737401574803
20
0.7330785826771653
11
0.8545217716535433
21
0.731608937007874
0
LINE
8
BLACK
6
CONTINUOUS
10
0.8545217716535433
20
0.731608937007874
11
0.8545219291338583
21
0.731608779527559
0
LINE
8
BLACK
6
CONTINUOUS
10
0.8545219291338583
20
0.731608779527559
11
0.8560132677165354
21
0.7303849212598426
0
LINE
8
BLACK
6
CONTINUOUS
10
0.8560132677165354
20
0.7303849212598426
11
0.8641934645669291
21
0.7222047244094488
0
LINE
8
BLACK
6
CONTINUOUS
10
0.8641934645669291
20
0.7222047244094488
11
0.8714627559055118
21
0.7222047244094488
0
LINE
8
BLACK
6
CONTINUOUS
10
0.8714627559055118
20
0.7222047244094488
11
0.8741139763779527
21
0.7248559448818898
0
LINE
8
BLACK
6
CONTINUOUS
10
0.8741139763779527
20
0.7248559448818898
11
0.8776742913385827
21
0.7269114960629921
0
LINE
8
BLACK
6
CONTINUOUS
10
0.8776742913385827
20
0.7269114960629921
11
0.8816452755905512
21
0.7279755118110236
0
LINE
8
BLACK
6
CONTINUOUS
10
0.8816452755905512
20
0.7279755118110236
11
0.8857562992125984
21
0.7279755118110236
0
LINE
8
BLACK
6
CONTINUOUS
10
0.8857562992125984
20
0.7279755118110236
11
0.8897272834645669
21
0.7269114960629921
0
LINE
8
BLACK
6
CONTINUOUS
10
0.8897272834645669
20
0.7269114960629921
11
0.8932875984251968
21
0.7248559448818898
0
LINE
8
BLACK
6
CONTINUOUS
10
0.8932875984251968
20
0.7248559448818898
11
0.896194527559055
21
0.7219490157480315
0
LINE
8
BLACK
6
CONTINUOUS
10
0.896194527559055
20
0.7219490157480315
11
0.8982500787401575
21
0.7183887007874016
0
LINE
8
BLACK
6
CONTINUOUS
10
0.8982500787401575
20
0.7183887007874016
11
0.899314094488189
21
0.7144177165354331
0
LINE
8
BLACK
6
CONTINUOUS
10
0.899314094488189
20
0.7144177165354331
11
0.899314094488189
21
0.7103066929133858
0
LINE
8
BLACK
6
CONTINUOUS
10
0.899314094488189
20
0.7103066929133858
11
0.8982500787401575
21
0.7063357086614173
0
LINE
8
BLACK
6
CONTINUOUS
10
0.8982500787401575
20
0.7063357086614173
11
0.896194527559055
21
0.7027753937007873
0
LINE
8
BLACK
6
CONTINUOUS
10
0.896194527559055
20
0.7027753937007873
11
0.8932875984251968
21
0.6998684645669291
0
LINE
8
BLACK
6
CONTINUOUS
10
0.8932875984251968
20
0.6998684645669291
11
0.8897272834645669
21
0.6978129133858267
0
LINE
8
BLACK
6
CONTINUOUS
10
0.8897272834645669
20
0.6978129133858267
11
0.8857562992125984
21
0.6967488976377952
0
LINE
8
BLACK
6
CONTINUOUS
10
0.8857562992125984
20
0.6967488976377952
11
0.8816452755905512
21
0.6967488976377952
0
LINE
8
BLACK
6
CONTINUOUS
10
0.8816452755905512
20
0.6967488976377952
11
0.8776742913385827
21
0.6978129133858267
0
LINE
8
BLACK
6
CONTINUOUS
10
0.8776742913385827
20
0.6978129133858267
11
0.8741139763779527
21
0.6998684645669291
0
LINE
8
BLACK
6
CONTINUOUS
10
0.8741139763779527
20
0.6998684645669291
11
0.8714627559055118
21
0.70251968503937
0
LINE
8
BLACK
6
CONTINUOUS
10
0.8714627559055118
20
0.70251968503937
11
0.8601165354330709
21
0.70251968503937
0
LINE
8
BLACK
6
CONTINUOUS
10
0.8601165354330709
20
0.70251968503937
11
0.8581963385826772
21
0.7027088188976378
0
LINE
8
BLACK
6
CONTINUOUS
10
0.8581963385826772
20
0.7027088188976378
11
0.8546483070866141
21
0.7041784645669291
0
LINE
8
BLACK
6
CONTINUOUS
10
0.8546483070866141
20
0.7041784645669291
11
0.8546481102362204
21
0.7041786614173228
0
LINE
8
BLACK
6
CONTINUOUS
10
0.8546481102362204
20
0.7041786614173228
11
0.8531568110236221
21
0.7054024803149607
0
LINE
8
BLACK
6
CONTINUOUS
10
0.8531568110236221
20
0.7054024803149607
11
0.8449766141732283
21
0.7135826771653543
0
LINE
8
BLACK
6
CONTINUOUS
10
0.8449766141732283
20
0.7135826771653543
11
0.8133905118110236
21
0.7135826771653543
0
LINE
8
BLACK
6
CONTINUOUS
10
0.8133905118110236
20
0.7135826771653543
11
0.8132309448818897
21
0.7133438582677165
0
LINE
8
BLACK
6
CONTINUOUS
10
0.8132309448818897
20
0.7133438582677165
11
0.8113150787401575
21
0.7120637007874016
0
LINE
8
BLACK
6
CONTINUOUS
10
0.8113150787401575
20
0.7120637007874016
11
0.8090551181102362
21
0.7116141732283464
0
LINE
8
BLACK
6
CONTINUOUS
10
0.8090551181102362
20
0.7116141732283464
11
0.7539370078740157
21
0.7116141732283464
0
LINE
8
BLACK
6
CONTINUOUS
10
0.7539370078740157
20
0.7116141732283464
11
0.7516770472440945
21
0.7120637007874016
0
LINE
8
BLACK
6
CONTINUOUS
10
0.7516770472440945
20
0.7120637007874016
11
0.7497611811023622
21
0.7133438582677165
0
LINE
8
BLACK
6
CONTINUOUS
10
0.7497611811023622
20
0.7133438582677165
11
0.7484810236220473
21
0.7152597244094488
0
LINE
8
BLACK
6
CONTINUOUS
10
0.7484810236220473
20
0.7152597244094488
11
0.7480314960629921
21
0.71751968503937
0
LINE
8
BLACK
6
CONTINUOUS
10
0.7480314960629921
20
0.71751968503937
11
0.7480314960629921
21
0.7293307086614174
0
LINE
8
BLACK
6
CONTINUOUS
10
0.7480314960629921
20
0.7293307086614174
11
0.7484810236220473
21
0.7315906692913385
0
LINE
8
BLACK
6
CONTINUOUS
10
0.7484810236220473
20
0.7315906692913385
11
0.7497611811023622
21
0.7335065354330709
0
LINE
8
BLACK
6
CONTINUOUS
10
0.7497611811023622
20
0.7335065354330709
11
0.7516770472440945
21
0.7347866929133858
0
LINE
8
BLACK
6
CONTINUOUS
10
0.7516770472440945
20
0.7347866929133858
11
0.7539370078740157
21
0.735236220472441
0
LINE
8
BLACK
6
CONTINUOUS
10
0.7539370078740157
20
0.735236220472441
11
0.8090551181102362
21
0.735236220472441
0
LINE
8
BLACK
6
CONTINUOUS
10
0.8090551181102362
20
0.735236220472441
11
0.8113150787401575
21
0.7347866929133858
0
LINE
8
BLACK
6
CONTINUOUS
10
0.0342357086614173
20
0.884953779527559
11
0.0348672440944882
21
0.8840085826771653
0
LINE
8
BLACK
6
CONTINUOUS
10
0.0348672440944882
20
0.8840085826771653
11
0.0348932677165354
21
0.8839457480314961
0
LINE
8
BLACK
6
CONTINUOUS
10
0.0348932677165354
20
0.8839457480314961
11
0.0348933070866142
21
0.8839456299212598
0
LINE
8
BLACK
6
CONTINUOUS
10
0.0348933070866142
20
0.8839456299212598
11
0.0367115354330709
21
0.8795560236220472
0
LINE
8
BLACK
6
CONTINUOUS
10
0.0367115354330709
20
0.8795560236220472
11
0.0382516141732283
21
0.8758379133858267
0
LINE
8
BLACK
6
CONTINUOUS
10
0.0382516141732283
20
0.8758379133858267
11
0.0382517322834646
21
0.8758375984251968
0
LINE
8
BLACK
6
CONTINUOUS
10
0.0382517322834646
20
0.8758375984251968
11
0.0426397244094488
21
0.8682374015748031
0
LINE
8
BLACK
6
CONTINUOUS
10
0.0426397244094488
20
0.8682374015748031
11
0.0426398818897638
21
0.8682371653543307
0
LINE
8
BLACK
6
CONTINUOUS
10
0.0426398818897638
20
0.8682371653543307
11
0.0479821653543307
21
0.8612748818897638
0
LINE
8
BLACK
6
CONTINUOUS
10
0.0479821653543307
20
0.8612748818897638
11
0.0541882283464567
21
0.8550688188976378
0
LINE
8
BLACK
6
CONTINUOUS
10
0.0541882283464567
20
0.8550688188976378
11
0.0611505118110236
21
0.8497265354330709
0
LINE
8
BLACK
6
CONTINUOUS
10
0.0611505118110236
20
0.8497265354330709
11
0.0611506299212598
21
0.8497264566929134
0
LINE
8
BLACK
6
CONTINUOUS
10
0.0611506299212598
20
0.8497264566929134
11
0.0687509448818898
21
0.8453383858267717
0
LINE
8
BLACK
6
CONTINUOUS
10
0.0687509448818898
20
0.8453383858267717
11
0.0768590157480315
21
0.8419799212598424
0
LINE
8
BLACK
6
CONTINUOUS
10
0.0768590157480315
20
0.8419799212598424
11
0.0853361023622047
21
0.8397085039370078
0
LINE
8
BLACK
6
CONTINUOUS
10
0.0853361023622047
20
0.8397085039370078
11
0.094037125984252
21
0.8385629921259843
0
LINE
8
BLACK
6
CONTINUOUS
10
0.094037125984252
20
0.8385629921259843
11
0.0940372047244094
21
0.8385629921259843
0
LINE
8
BLACK
6
CONTINUOUS
10
0.0940372047244094
20
0.8385629921259843
11
0.102813188976378
21
0.8385629921259843
0
LINE
8
BLACK
6
CONTINUOUS
10
0.102813188976378
20
0.8385629921259843
11
0.1028132677165354
21
0.8385629921259843
0
LINE
8
BLACK
6
CONTINUOUS
10
0.1028132677165354
20
0.8385629921259843
11
0.1115142913385827
21
0.8397085039370078
0
LINE
8
BLACK
6
CONTINUOUS
10
0.1115142913385827
20
0.8397085039370078
11
0.1199913779527559
21
0.8419799212598424
0
LINE
8
BLACK
6
CONTINUOUS
10
0.1199913779527559
20
0.8419799212598424
11
0.1280994488188976
21
0.8453383858267717
0
LINE
8
BLACK
6
CONTINUOUS
10
0.1280994488188976
20
0.8453383858267717
11
0.1356997637795276
21
0.8497264566929134
0
LINE
8
BLACK
6
CONTINUOUS
10
0.1356997637795276
20
0.8497264566929134
11
0.1394609842519685
21
0.8526125590551181
0
LINE
8
BLACK
6
CONTINUOUS
10
0.1394609842519685
20
0.8526125590551181
11
0.142662125984252
21
0.8550688188976378
0
LINE
8
BLACK
6
CONTINUOUS
10
0.142662125984252
20
0.8550688188976378
11
0.1426621653543307
21
0.8550688976377953
0
LINE
8
BLACK
6
CONTINUOUS
10
0.1426621653543307
20
0.8550688976377953
11
0.1426623622047244
21
0.8550690157480315
0
LINE
8
BLACK
6
CONTINUOUS
10
0.1426623622047244
20
0.8550690157480315
11
0.1488679921259843
21
0.8612746456692913
0
LINE
8
BLACK
6
CONTINUOUS
10
0.1488679921259843
20
0.8612746456692913
11
0.1542105511811024
21
0.8682372440944882
0
LINE
8
BLACK
6
CONTINUOUS
10
0.1542105511811024
20
0.8682372440944882
11
0.1585986220472441
21
0.8758375590551181
0
LINE
8
BLACK
6
CONTINUOUS
10
0.1585986220472441
20
0.8758375590551181
11
0.1619570866141732
21
0.8839456299212598
0
LINE
8
BLACK
6
CONTINUOUS
10
0.1619570866141732
20
0.8839456299212598
11
0.1619570866141732
21
0.8839457480314961
0
LINE
8
BLACK
6
CONTINUOUS
10
0.1619570866141732
20
0.8839457480314961
11
0.1619831496062992
21
0.8840085826771653
0
LINE
8
BLACK
6
CONTINUOUS
10
0.1619831496062992
20
0.8840085826771653
11
0.163559842519685
21
0.8855853149606299
0
LINE
8
BLACK
6
CONTINUOUS
10
0.163559842519685
20
0.8855853149606299
11
0.1646747637795276
21
0.8858070866141732
0
LINE
8
BLACK
6
CONTINUOUS
10
0.1646747637795276
20
0.8858070866141732
11
0.26
21
0.8858070866141732
0
LINE
8
BLACK
6
CONTINUOUS
10
0.26
20
0.8858070866141732
11
0.4258764173228347
21
0.8858070866141732
0
LINE
8
BLACK
6
CONTINUOUS
10
0.4258764173228347
20
0.8858070866141732
11
0.4279364960629921
21
0.884953779527559
0
LINE
8
BLACK
6
CONTINUOUS
10
0.4279364960629921
20
0.884953779527559
11
0.428568031496063
21
0.8840085826771653
0
LINE
8
BLACK
6
CONTINUOUS
10
0.428568031496063
20
0.8840085826771653
11
0.4285940551181102
21
0.8839457480314961
0
LINE
8
BLACK
6
CONTINUOUS
10
0.4285940551181102
20
0.8839457480314961
11
0.428594094488189
21
0.8839456299212598
0
LINE
8
BLACK
6
CONTINUOUS
10
0.428594094488189
20
0.8839456299212598
11
0.4304123228346456
21
0.8795560236220472
0
LINE
8
BLACK
6
CONTINUOUS
10
0.4304123228346456
20
0.8795560236220472
11
0.4319524015748031
21
0.8758379133858267
0
LINE
8
BLACK
6
CONTINUOUS
10
0.4319524015748031
20
0.8758379133858267
11
0.4319525196850393
21
0.8758375984251968
0
LINE
8
BLACK
6
CONTINUOUS
10
0.4319525196850393
20
0.8758375984251968
11
0.4363405118110236
21
0.8682374015748031
0
LINE
8
BLACK
6
CONTINUOUS
10
0.4363405118110236
20
0.8682374015748031
11
0.4363406692913386
21
0.8682371653543307
0
LINE
8
BLACK
6
CONTINUOUS
10
0.4363406692913386
20
0.8682371653543307
11
0.4416829527559055
21
0.8612748818897638
0
LINE
8
BLACK
6
CONTINUOUS
10
0.4416829527559055
20
0.8612748818897638
11
0.4478890157480315
21
0.8550688188976378
0
LINE
8
BLACK
6
CONTINUOUS
10
0.4478890157480315
20
0.8550688188976378
11
0.4548512992125984
21
0.8497265354330709
0
LINE
8
BLACK
6
CONTINUOUS
10
0.4548512992125984
20
0.8497265354330709
11
0.4548514173228346
21
0.8497264566929134
0
LINE
8
BLACK
6
CONTINUOUS
10
0.4548514173228346
20
0.8497264566929134
11
0.4624517322834645
21
0.8453383858267717
0
LINE
8
BLACK
6
CONTINUOUS
10
0.4624517322834645
20
0.8453383858267717
11
0.4705598031496063
21
0.8419799212598424
0
LINE
8
BLACK
6
CONTINUOUS
10
0.4705598031496063
20
0.8419799212598424
11
0.4790368897637795
21
0.8397085039370078
0
LINE
8
BLACK
6
CONTINUOUS
10
0.4790368897637795
20
0.8397085039370078
11
0.4877379133858268
21
0.8385629921259843
0
LINE
8
BLACK
6
CONTINUOUS
10
0.4877379133858268
20
0.8385629921259843
11
0.4877379921259842
21
0.8385629921259843
0
LINE
8
BLACK
6
CONTINUOUS
10
0.4877379921259842
20
0.8385629921259843
11
0.4965139763779527
21
0.8385629921259843
0
LINE
8
BLACK
6
CONTINUOUS
10
0.4965139763779527
20
0.8385629921259843
11
0.4965140551181102
21
0.8385629921259843
0
LINE
8
BLACK
6
CONTINUOUS
10
0.4965140551181102
20
0.8385629921259843
11
0.5052150787401575
21
0.8397085039370078
0
LINE
8
BLACK
6
CONTINUOUS
10
0.5052150787401575
20
0.8397085039370078
11
0.5136921653543307
21
0.8419799212598424
0
LINE
8
BLACK
6
CONTINUOUS
10
0.5136921653543307
20
0.8419799212598424
11
0.5218002362204724
21
0.8453383858267717
0
LINE
8
BLACK
6
CONTINUOUS
10
0.5218002362204724
20
0.8453383858267717
11
0.5294005511811023
21
0.8497264566929134
0
LINE
8
BLACK
6
CONTINUOUS
10
0.5294005511811023
20
0.8497264566929134
11
0.5331617716535433
21
0.8526125590551181
0
LINE
8
BLACK
6
CONTINUOUS
10
0.5331617716535433
20
0.8526125590551181
11
0.5363629133858268
21
0.8550688188976378
0
LINE
8
BLACK
6
CONTINUOUS
10
0.5363629133858268
20
0.8550688188976378
11
0.5363629527559055
21
0.8550688976377953
0
LINE
8
BLACK
6
CONTINUOUS
10
0.5363629527559055
20
0.8550688976377953
11
0.5363631496062992
21
0.8550690157480315
0
LINE
8
BLACK
6
CONTINUOUS
10
0.5363631496062992
20
0.8550690157480315
11
0.542568779527559
21
0.8612746456692913
0
LINE
8
BLACK
6
CONTINUOUS
10
0.542568779527559
20
0.8612746456692913
11
0.5479113385826772
21
0.8682372440944882
0
LINE
8
BLACK
6
CONTINUOUS
10
0.5479113385826772
20
0.8682372440944882
11
0.5522994094488188
21
0.8758375590551181
0
LINE
8
BLACK
6
CONTINUOUS
10
0.5522994094488188
20
0.8758375590551181
11
0.5556578740157481
21
0.8839456299212598
0
LINE
8
BLACK
6
CONTINUOUS
10
0.5556578740157481
20
0.8839456299212598
11
0.5556578740157481
21
0.8839457480314961
0
LINE
8
BLACK
6
CONTINUOUS
10
0.5556578740157481
20
0.8839457480314961
11
0.555683937007874
21
0.8840085826771653
0
LINE
8
BLACK
6
CONTINUOUS
10
0.555683937007874
20
0.8840085826771653
11
0.5572606299212598
21
0.8855853149606299
0
LINE
8
BLACK
6
CONTINUOUS
10
0.5572606299212598
20
0.8855853149606299
11
0.5583755511811024
21
0.8858070866141732
0
LINE
8
BLACK
6
CONTINUOUS
10
0.5583755511811024
20
0.8858070866141732
11
0.725
21
0.8858070866141732
0
LINE
8
BLACK
6
CONTINUOUS
10
0.725
20
0.8858070866141732
11
0.8195772047244094
21
0.8858070866141732
0
LINE
8
BLACK
6
CONTINUOUS
10
0.8195772047244094
20
0.8858070866141732
11
0.8216372834645669
21
0.884953779527559
0
LINE
8
BLACK
6
CONTINUOUS
10
0.8216372834645669
20
0.884953779527559
11
0.8222688188976378
21
0.8840085826771653
0
LINE
8
BLACK
6
CONTINUOUS
10
0.8222688188976378
20
0.8840085826771653
11
0.822294842519685
21
0.8839457480314961
0
LINE
8
BLACK
6
CONTINUOUS
10
0.822294842519685
20
0.8839457480314961
11
0.8222948818897637
21
0.8839456299212598
0
LINE
8
BLACK
6
CONTINUOUS
10
0.8222948818897637
20
0.8839456299212598
11
0.8241131102362205
21
0.8795560236220472
0
LINE
8
BLACK
6
CONTINUOUS
10
0.8241131102362205
20
0.8795560236220472
11
0.825653188976378
21
0.8758379133858267
0
LINE
8
BLACK
6
CONTINUOUS
10
0.825653188976378
20
0.8758379133858267
11
0.8256533070866141
21
0.8758375984251968
0
LINE
8
BLACK
6
CONTINUOUS
10
0.8256533070866141
20
0.8758375984251968
11
0.8300412992125984
21
0.8682374015748031
0
LINE
8
BLACK
6
CONTINUOUS
10
0.8300412992125984
20
0.8682374015748031
11
0.8300414566929134
21
0.8682371653543307
0
LINE
8
BLACK
6
CONTINUOUS
10
0.8300414566929134
20
0.8682371653543307
11
0.8353837401574803
21
0.8612748818897638
0
LINE
8
BLACK
6
CONTINUOUS
10
0.8353837401574803
20
0.8612748818897638
11
0.8415898031496063
21
0.8550688188976378
0
LINE
8
BLACK
6
CONTINUOUS
10
0.8415898031496063
20
0.8550688188976378
11
0.8485520866141733
21
0.8497265354330709
0
LINE
8
BLACK
6
CONTINUOUS
10
0.8485520866141733
20
0.8497265354330709
11
0.8485522047244094
21
0.8497264566929134
0
LINE
8
BLACK
6
CONTINUOUS
10
0.8485522047244094
20
0.8497264566929134
11
0.8561525196850394
21
0.8453383858267717
0
LINE
8
BLACK
6
CONTINUOUS
10
0.8561525196850394
20
0.8453383858267717
11
0.8642605905511811
21
0.8419799212598424
0
LINE
8
BLACK
6
CONTINUOUS
10
0.8642605905511811
20
0.8419799212598424
11
0.8727376771653543
21
0.8397085039370078
0
LINE
8
BLACK
6
CONTINUOUS
10
0.8727376771653543
20
0.8397085039370078
11
0.8814387007874016
21
0.8385629921259843
0
LINE
8
BLACK
6
CONTINUOUS
10
0.8814387007874016
20
0.8385629921259843
11
0.881438779527559
21
0.8385629921259843
0
LINE
8
BLACK
6
CONTINUOUS
10
0.881438779527559
20
0.8385629921259843
11
0.8902147637795276
21
0.8385629921259843
0
LINE
8
BLACK
6
CONTINUOUS
10
0.8902147637795276
20
0.8385629921259843
11
0.890214842519685
21
0.8385629921259843
0
LINE
8
BLACK
6
CONTINUOUS
10
0.890214842519685
20
0.8385629921259843
11
0.8989158661417322
21
0.8397085039370078
0
LINE
8
BLACK
6
CONTINUOUS
10
0.8989158661417322
20
0.8397085039370078
11
0.9073929527559055
21
0.8419799212598424
0
LINE
8
BLACK
6
CONTINUOUS
10
0.9073929527559055
20
0.8419799212598424
11
0.9155010236220472
21
0.8453383858267717
0
LINE
8
BLACK
6
CONTINUOUS
10
0.9155010236220472
20
0.8453383858267717
11
0.9231013385826772
21
0.8497264566929134
0
LINE
8
BLACK
6
CONTINUOUS
10
0.9231013385826772
20
0.8497264566929134
11
0.9268625590551181
21
0.8526125590551181
0
LINE
8
BLACK
6
CONTINUOUS
10
0.9268625590551181
20
0.8526125590551181
11
0.9300637007874015
21
0.8550688188976378
0
LINE
8
BLACK
6
CONTINUOUS
10
0.9300637007874015
20
0.8550688188976378
11
0.9300637401574803
21
0.8550688976377953
0
LINE
8
BLACK
6
CONTINUOUS
10
0.9300637401574803
20
0.8550688976377953
11
0.930063937007874
21
0.8550690157480315
0
LINE
8
BLACK
6
CONTINUOUS
10
0.930063937007874
20
0.8550690157480315
11
0.9362695669291339
21
0.8612746456692913
0
LINE
8
BLACK
6
CONTINUOUS
10
0.9362695669291339
20
0.8612746456692913
11
0.9416121259842519
21
0.8682372440944882
0
LINE
8
BLACK
6
CONTINUOUS
10
0.9416121259842519
20
0.8682372440944882
11
0.9460001968503937
21
0.8758375590551181
0
LINE
8
BLACK
6
CONTINUOUS
10
0.9460001968503937
20
0.8758375590551181
11
0.9493586614173228
21
0.8839456299212598
0
LINE
8
BLACK
6
CONTINUOUS
10
0.9493586614173228
20
0.8839456299212598
11
0.9493586614173228
21
0.8839457480314961
0
LINE
8
BLACK
6
CONTINUOUS
10
0.9493586614173228
20
0.8839457480314961
11
0.9493847244094488
21
0.8840085826771653
0
LINE
8
BLACK
6
CONTINUOUS
10
0.9493847244094488
20
0.8840085826771653
11
0.9509614173228347
21
0.8855853149606299
0
LINE
8
BLACK
6
CONTINUOUS
10
0.9509614173228347
20
0.8855853149606299
11
0.9520763385826772
21
0.8858070866141732
0
LINE
8
BLACK
6
CONTINUOUS
10
0.9520763385826772
20
0.8858070866141732
11
0.9616338582677165
21
0.8858070866141732
0
LINE
8
BLACK
6
CONTINUOUS
10
0.9616338582677165
20
0.8858070866141732
11
0.963693937007874
21
0.884953779527559
0
LINE
8
BLACK
6
CONTINUOUS
10
0.963693937007874
20
0.884953779527559
11
0.9645472440944882
21
0.8828937007874016
0
LINE
8
BLACK
6
CONTINUOUS
10
0.9645472440944882
20
0.8828937007874016
11
0.9645472440944882
21
0.4596407874015748
0
LINE
8
BLACK
6
CONTINUOUS
10
0.9645472440944882
20
0.4596407874015748
11
0.9651792125984252
21
0.4585461811023622
0
LINE
8
BLACK
6
CONTINUOUS
10
0.9651792125984252
20
0.4585461811023622
11
0.9662432283464567
21
0.4545751968503937
0
LINE
8
BLACK
6
CONTINUOUS
10
0.9662432283464567
20
0.4545751968503937
11
0.9662432283464567
21
0.4504641732283464
0
LINE
8
BLACK
6
CONTINUOUS
10
0.9662432283464567
20
0.4504641732283464
11
0.9651792125984252
21
0.446493188976378
0
LINE
8
BLACK
6
CONTINUOUS
10
0.9651792125984252
20
0.446493188976378
11
0.9645472440944882
21
0.4453986220472441
0
LINE
8
BLACK
6
CONTINUOUS
10
0.9645472440944882
20
0.4453986220472441
11
0.9645472440944882
21
0.0226181102362205
0
LINE
8
BLACK
6
CONTINUOUS
10
0.9645472440944882
20
0.0226181102362205
11
0.963693937007874
21
0.020558031496063
0
LINE
8
BLACK
6
CONTINUOUS
10
0.963693937007874
20
0.020558031496063
11
0.9616338582677165
21
0.0197047244094488
0
LINE
8
BLACK
6
CONTINUOUS
10
0.9616338582677165
20
0.0197047244094488
11
0.9520763385826772
21
0.0197047244094488
0
LINE
8
BLACK
6
CONTINUOUS
10
0.9520763385826772
20
0.0197047244094488
11
0.9500162598425197
21
0.020558031496063
0
LINE
8
BLACK
6
CONTINUOUS
10
0.9500162598425197
20
0.020558031496063
11
0.9493847244094488
21
0.0215032283464567
0
LINE
8
BLACK
6
CONTINUOUS
10
0.9493847244094488
20
0.0215032283464567
11
0.9489229133858268
21
0.0226181102362205
0
LINE
8
BLACK
6
CONTINUOUS
10
0.9489229133858268
20
0.0226181102362205
11
0.9460001968503937
21
0.0296742519685039
0
LINE
8
BLACK
6
CONTINUOUS
10
0.9460001968503937
20
0.0296742519685039
11
0.9416121259842519
21
0.0372745669291339
0
LINE
8
BLACK
6
CONTINUOUS
10
0.9416121259842519
20
0.0372745669291339
11
0.9416120472440944
21
0.0372746850393701
0
LINE
8
BLACK
6
CONTINUOUS
10
0.9416120472440944
20
0.0372746850393701
11
0.9362697637795275
21
0.044236968503937
0
LINE
8
BLACK
6
CONTINUOUS
10
0.9362697637795275
20
0.044236968503937
11
0.9300637007874015
21
0.050443031496063
0
LINE
8
BLACK
6
CONTINUOUS
10
0.9300637007874015
20
0.050443031496063
11
0.9231014173228346
21
0.0557853149606299
0
LINE
8
BLACK
6
CONTINUOUS
10
0.9231014173228346
20
0.0557853149606299
11
0.9231011811023622
21
0.0557854724409449
0
LINE
8
BLACK
6
CONTINUOUS
10
0.9231011811023622
20
0.0557854724409449
11
0.9155009842519685
21
0.0601734645669291
0
LINE
8
BLACK
6
CONTINUOUS
10
0.9155009842519685
20
0.0601734645669291
11
0.9155006692913386
21
0.0601735826771654
0
LINE
8
BLACK
6
CONTINUOUS
10
0.9155006692913386
20
0.0601735826771654
11
0.9073929921259842
21
0.0635318897637795
0
LINE
8
BLACK
6
CONTINUOUS
10
0.9073929921259842
20
0.0635318897637795
11
0.8989157874015747
21
0.0658033464566929
0
LINE
8
BLACK
6
CONTINUOUS
10
0.8989157874015747
20
0.0658033464566929
11
0.8925057874015748
21
0.0666472440944882
0
LINE
8
BLACK
6
CONTINUOUS
10
0.8925057874015748
20
0.0666472440944882
11
0.890214842519685
21
0.0669488188976378
0
LINE
8
BLACK
6
CONTINUOUS
10
0.890214842519685
20
0.0669488188976378
11
0.8814387007874016
21
0.0669488188976378
0
LINE
8
BLACK
6
CONTINUOUS
10
0.8814387007874016
20
0.0669488188976378
11
0.8794142519685039
21
0.0666823228346457
0
LINE
8
BLACK
6
CONTINUOUS
10
0.8794142519685039
20
0.0666823228346457
11
0.8727377165354331
21
0.0658033464566929
0
LINE
8
BLACK
6
CONTINUOUS
10
0.8727377165354331
20
0.0658033464566929
11
0.8642605118110236
21
0.0635318897637795
0
LINE
8
BLACK
6
CONTINUOUS
10
0.8642605118110236
20
0.0635318897637795
11
0.8561528346456693
21
0.0601735826771654
0
LINE
8
BLACK
6
CONTINUOUS
10
0.8561528346456693
20
0.0601735826771654
11
0.8561525196850394
21
0.0601734645669291
0
LINE
8
BLACK
6
CONTINUOUS
10
0.8561525196850394
20
0.0601734645669291
11
0.8485523228346457
21
0.0557854724409449
0
LINE
8
BLACK
6
CONTINUOUS
10
0.8485523228346457
20
0.0557854724409449
11
0.8485520866141733
21
0.0557853149606299
0
LINE
8
BLACK
6
CONTINUOUS
10
0.8485520866141733
20
0.0557853149606299
11
0.8415898031496063
21
0.050443031496063
0
LINE
8
BLACK
6
CONTINUOUS
10
0.8415898031496063
20
0.050443031496063
11
0.8353837401574803
21
0.044236968503937
0
LINE
8
BLACK
6
CONTINUOUS
10
0.8353837401574803
20
0.044236968503937
11
0.8300414566929134
21
0.0372746850393701
0
LINE
8
BLACK
6
CONTINUOUS
10
0.8300414566929134
20
0.0372746850393701
11
0.8300412992125984
21
0.0372744488188976
0
LINE
8
BLACK
6
CONTINUOUS
10
0.8300412992125984
20
0.0372744488188976
11
0.8256533070866141
21
0.0296742519685039
0
LINE
8
BLACK
6
CONTINUOUS
10
0.8256533070866141
20
0.0296742519685039
11
0.825653188976378
21
0.029673937007874
0
LINE
8
BLACK
6
CONTINUOUS
10
0.825653188976378
20
0.029673937007874
11
0.8233583464566929
21
0.0241336614173228
0
LINE
8
BLACK
6
CONTINUOUS
10
0.8233583464566929
20
0.0241336614173228
11
0.8227306299212598
21
0.0226181102362205
0
LINE
8
BLACK
6
CONTINUOUS
10
0.8227306299212598
20
0.0226181102362205
11
0.8222688188976378
21
0.0215032283464567
0
LINE
8
BLACK
6
CONTINUOUS
10
0.8222688188976378
20
0.0215032283464567
11
0.8206921259842519
21
0.0199264960629921
0
LINE
8
BLACK
6
CONTINUOUS
10
0.8206921259842519
20
0.0199264960629921
11
0.8195772047244094
21
0.0197047244094488
0
LINE
8
BLACK
6
CONTINUOUS
10
0.8195772047244094
20
0.0197047244094488
11
0.725
21
0.0197047244094488
0
LINE
8
BLACK
6
CONTINUOUS
10
0.725
20
0.0197047244094488
11
0.5583755511811024
21
0.0197047244094488
0
LINE
8
BLACK
6
CONTINUOUS
10
0.5583755511811024
20
0.0197047244094488
11
0.5563154724409448
21
0.020558031496063
0
LINE
8
BLACK
6
CONTINUOUS
10
0.5563154724409448
20
0.020558031496063
11
0.555683937007874
21
0.0215032283464567
0
LINE
8
BLACK
6
CONTINUOUS
10
0.555683937007874
20
0.0215032283464567
11
0.5552221259842519
21
0.0226181102362205
0
LINE
8
BLACK
6
CONTINUOUS
10
0.5552221259842519
20
0.0226181102362205
11
0.5522994094488188
21
0.0296742519685039
0
LINE
8
BLACK
6
CONTINUOUS
10
0.5522994094488188
20
0.0296742519685039
11
0.5479113385826772
21
0.0372745669291339
0
LINE
8
BLACK
6
CONTINUOUS
10
0.5479113385826772
20
0.0372745669291339
11
0.5479112598425196
21
0.0372746850393701
0
LINE
8
BLACK
6
CONTINUOUS
10
0.5479112598425196
20
0.0372746850393701
11
0.5425689763779528
21
0.044236968503937
0
LINE
8
BLACK
6
CONTINUOUS
10
0.5425689763779528
20
0.044236968503937
11
0.5363629133858268
21
0.050443031496063
0
LINE
8
BLACK
6
CONTINUOUS
10
0.5363629133858268
20
0.050443031496063
11
0.5294006299212598
21
0.0557853149606299
0
LINE
8
BLACK
6
CONTINUOUS
10
0.5294006299212598
20
0.0557853149606299
11
0.5294003937007874
21
0.0557854724409449
0
LINE
8
BLACK
6
CONTINUOUS
10
0.5294003937007874
20
0.0557854724409449
11
0.5218001968503937
21
0.0601734645669291
0
LINE
8
BLACK
6
CONTINUOUS
10
0.5218001968503937
20
0.0601734645669291
11
0.5217998818897638
21
0.0601735826771654
0
LINE
8
BLACK
6
CONTINUOUS
10
0.5217998818897638
20
0.0601735826771654
11
0.5177010236220473
21
0.0618713779527559
0
LINE
8
BLACK
6
CONTINUOUS
10
0.5177010236220473
20
0.0618713779527559
11
0.5161242913385826
21
0.0634480708661417
0
LINE
8
BLACK
6
CONTINUOUS
10
0.5161242913385826
20
0.0634480708661417
11
0.5161242913385826
21
0.065677874015748
0
LINE
8
BLACK
6
CONTINUOUS
10
0.5161242913385826
20
0.065677874015748
11
0.5177009842519685
21
0.0672546062992126
0
LINE
8
BLACK
6
CONTINUOUS
10
0.5177009842519685
20
0.0672546062992126
11
0.518815905511811
21
0.0674763779527559
0
LINE
8
BLACK
6
CONTINUOUS
10
0.518815905511811
20
0.0674763779527559
11
0.5295612992125984
21
0.0674763779527559
0
LINE
8
BLACK
6
CONTINUOUS
10
0.5295612992125984
20
0.0674763779527559
11
0.5394301181102362
21
0.0674763779527559
0
LINE
8
BLACK
6
CONTINUOUS
10
0.5394301181102362
20
0.0674763779527559
11
0.5414901968503937
21
0.0666230708661417
0
LINE
8
BLACK
6
CONTINUOUS
10
0.5414901968503937
20
0.0666230708661417
11
0.5418525196850393
21
0.0661815748031496
0
LINE
8
BLACK
6
CONTINUOUS
10
0.5418525196850393
20
0.0661815748031496
11
0.5424551968503937
21
0.0652795669291339
0
LINE
8
BLACK
6
CONTINUOUS
10
0.5424551968503937
20
0.0652795669291339
11
0.5430246456692913
21
0.0644273622047244
0
LINE
8
BLACK
6
CONTINUOUS
10
0.5430246456692913
20
0.0644273622047244
11
0.5464273622047244
21
0.0610246456692913
0
LINE
8
BLACK
6
CONTINUOUS
10
0.5464273622047244
20
0.0610246456692913
11
0.5504284645669292
21
0.0583511811023622
0
LINE
8
BLACK
6
CONTINUOUS
10
0.5504284645669292
20
0.0583511811023622
11
0.5504285039370078
21
0.0583511811023622
0
LINE
8
BLACK
6
CONTINUOUS
10
0.5504285039370078
20
0.0583511811023622
11
0.5504285433070866
21
0.0583511417322835
0
LINE
8
BLACK
6
CONTINUOUS
10
0.5504285433070866
20
0.0583511417322835
11
0.5522053149606299
21
0.0576151968503937
0
LINE
8
BLACK
6
CONTINUOUS
10
0.5522053149606299
20
0.0576151968503937
11
0.5548742913385827
21
0.0565096850393701
0
LINE
8
BLACK
6
CONTINUOUS
10
0.5548742913385827
20
0.0565096850393701
11
0.559593937007874
21
0.0555708661417323
0
LINE
8
BLACK
6
CONTINUOUS
10
0.559593937007874
20
0.0555708661417323
11
0.5595940157480315
21
0.0555708661417323
0
LINE
8
BLACK
6
CONTINUOUS
10
0.5595940157480315
20
0.0555708661417323
11
0.5644059842519685
21
0.0555708661417323
0
LINE
8
BLACK
6
CONTINUOUS
10
0.5644059842519685
20
0.0555708661417323
11
0.5644060629921259
21
0.0555708661417323
0
LINE
8
BLACK
6
CONTINUOUS
10
0.5644060629921259
20
0.0555708661417323
11
0.5691257086614173
21
0.0565096850393701
0
LINE
8
BLACK
6
CONTINUOUS
10
0.5691257086614173
20
0.0565096850393701
11
0.5735715354330708
21
0.0583511811023622
0
LINE
8
BLACK
6
CONTINUOUS
10
0.5735715354330708
20
0.0583511811023622
11
0.5775138976377953
21
0.0609853937007874
0
LINE
8
BLACK
6
CONTINUOUS
10
0.5775138976377953
20
0.0609853937007874
11
0.5791324803149606
21
0.0614763779527559
0
LINE
8
BLACK
6
CONTINUOUS
10
0.5791324803149606
20
0.0614763779527559
11
0.5817672047244095
21
0.0614763779527559
0
LINE
8
BLACK
6
CONTINUOUS
10
0.5817672047244095
20
0.0614763779527559
11
0.5838272834645669
21
0.0606230708661417
0
LINE
8
BLACK
6
CONTINUOUS
10
0.5838272834645669
20
0.0606230708661417
11
0.5841112992125984
21
0.060293031496063
0
LINE
8
BLACK
6
CONTINUOUS
10
0.5841112992125984
20
0.060293031496063
11
0.5860875984251969
21
0.0576152362204724
0
LINE
8
BLACK
6
CONTINUOUS
10
0.5860875984251969
20
0.0576152362204724
11
0.5860876377952756
21
0.0576151968503937
0
LINE
8
BLACK
6
CONTINUOUS
10
0.5860876377952756
20
0.0576151968503937
11
0.590341811023622
21
0.0544754724409449
0
LINE
8
BLACK
6
CONTINUOUS
10
0.590341811023622
20
0.0544754724409449
11
0.5953320866141733
21
0.0527292913385827
0
LINE
8
BLACK
6
CONTINUOUS
10
0.5953320866141733
20
0.0527292913385827
11
0.5953323228346457
21
0.0527292125984252
0
LINE
8
BLACK
6
CONTINUOUS
10
0.5953323228346457
20
0.0527292125984252
11
0.5965171653543307
21
0.0526181102362205
0
LINE
8
BLACK
6
CONTINUOUS
10
0.5965171653543307
20
0.0526181102362205
11
0.5965174409448819
21
0.0526181102362205
0
LINE
8
BLACK
6
CONTINUOUS
10
0.5965174409448819
20
0.0526181102362205
11
0.618458937007874
21
0.0526181102362205
0
LINE
8
BLACK
6
CONTINUOUS
10
0.618458937007874
20
0.0526181102362205
11
0.6184592125984252
21
0.0526181102362205
0
LINE
8
BLACK
6
CONTINUOUS
10
0.6184592125984252
20
0.0526181102362205
11
0.6196440551181103
21
0.0527292125984252
0
LINE
8
BLACK
6
CONTINUOUS
10
0.6196440551181103
20
0.0527292125984252
11
0.6219138582677165
21
0.0535235039370079
0
LINE
8
BLACK
6
CONTINUOUS
10
0.6219138582677165
20
0.0535235039370079
11
0.6246345275590551
21
0.0544754724409449
0
LINE
8
BLACK
6
CONTINUOUS
10
0.6246345275590551
20
0.0544754724409449
11
0.6246345275590551
21
0.0544755118110236
0
LINE
8
BLACK
6
CONTINUOUS
10
0.6246345275590551
20
0.0544755118110236
11
0.6246346062992126
21
0.0544755118110236
0
LINE
8
BLACK
6
CONTINUOUS
10
0.6246346062992126
20
0.0544755118110236
11
0.6288887401574803
21
0.0576151968503937
0
LINE
8
BLACK
6
CONTINUOUS
10
0.6288887401574803
20
0.0576151968503937
11
0.6316940551181103
21
0.0614162598425197
0
LINE
8
BLACK
6
CONTINUOUS
10
0.6316940551181103
20
0.0614162598425197
11
0.633603937007874
21
0.0625670866141732
0
LINE
8
BLACK
6
CONTINUOUS
10
0.633603937007874
20
0.0625670866141732
11
0.6357681496062992
21
0.0620303543307087
0
LINE
8
BLACK
6
CONTINUOUS
10
0.6357681496062992
20
0.0620303543307087
11
0.6368358267716535
21
0.0604991732283465
0
LINE
8
BLACK
6
CONTINUOUS
10
0.6368358267716535
20
0.0604991732283465
11
0.6368914960629921
21
0.0603074803149606
0
LINE
8
BLACK
6
CONTINUOUS
10
0.6368914960629921
20
0.0603074803149606
11
0.6400562204724409
21
0.0549562598425197
0
LINE
8
BLACK
6
CONTINUOUS
10
0.6400562204724409
20
0.0549562598425197
11
0.644452283464567
21
0.0505601968503937
0
LINE
8
BLACK
6
CONTINUOUS
10
0.644452283464567
20
0.0505601968503937
11
0.6498034645669292
21
0.0473955118110236
0
LINE
8
BLACK
6
CONTINUOUS
10
0.6498034645669292
20
0.0473955118110236
11
0.6557735433070866
21
0.0456610236220472
0
LINE
8
BLACK
6
CONTINUOUS
10
0.6557735433070866
20
0.0456610236220472
11
0.6571688976377953
21
0.0455511811023622
0
LINE
8
BLACK
6
CONTINUOUS
10
0.6571688976377953
20
0.0455511811023622
11
0.6586692913385827
21
0.0455511811023622
0
LINE
8
BLACK
6
CONTINUOUS
10
0.6586692913385827
20
0.0455511811023622
11
0.6586692913385827
21
0.061495
0
LINE
8
BLACK
6
CONTINUOUS
10
0.6586692913385827
20
0.061495
11
0.6562636220472441
21
0.0619735039370079
0
LINE
8
BLACK
6
CONTINUOUS
10
0.6562636220472441
20
0.0619735039370079
11
0.6533898031496063
21
0.0638937401574803
0
LINE
8
BLACK
6
CONTINUOUS
10
0.6533898031496063
20
0.0638937401574803
11
0.6514695669291338
21
0.0667675590551181
0
LINE
8
BLACK
6
CONTINUOUS
10
0.6514695669291338
20
0.0667675590551181
11
0.6507952755905512
21
0.0701574803149606
0
LINE
8
BLACK
6
CONTINUOUS
10
0.6507952755905512
20
0.0701574803149606
11
0.6507952755905512
21
0.0898425196850394
0
LINE
8
BLACK
6
CONTINUOUS
10
0.6507952755905512
20
0.0898425196850394
11
0.6514695669291338
21
0.0932324409448819
0
LINE
8
BLACK
6
CONTINUOUS
10
0.6514695669291338
20
0.0932324409448819
11
0.6533898031496063
21
0.0961062598425197
0
LINE
8
BLACK
6
CONTINUOUS
10
0.6533898031496063
20
0.0961062598425197
11
0.6562636220472441
21
0.0980264960629921
0
LINE
8
BLACK
6
CONTINUOUS
10
0.6562636220472441
20
0.0980264960629921
11
0.6586692913385827
21
0.0985050393700787
0
LINE
8
BLACK
6
CONTINUOUS
10
0.6586692913385827
20
0.0985050393700787
11
0.6586692913385827
21
0.1269280708661417
0
LINE
8
BLACK
6
CONTINUOUS
10
0.6586692913385827
20
0.1269280708661417
11
0.6562636220472441
21
0.1274065748031496
0
LINE
8
BLACK
6
CONTINUOUS
10
0.6562636220472441
20
0.1274065748031496
11
0.6533898031496063
21
0.129326811023622
0
LINE
8
BLACK
6
CONTINUOUS
10
0.6533898031496063
20
0.129326811023622
11
0.6514695669291338
21
0.1322006299212598
0
LINE
8
BLACK
6
CONTINUOUS
10
0.6514695669291338
20
0.1322006299212598
11
0.6507952755905512
21
0.1355905511811024
0
LINE
8
BLACK
6
CONTINUOUS
10
0.6507952755905512
20
0.1355905511811024
11
0.6507952755905512
21
0.1552755905511811
0
LINE
8
BLACK
6
CONTINUOUS
10
0.6507952755905512
20
0.1552755905511811
11
0.6514695669291338
21
0.1586655118110236
0
LINE
8
BLACK
6
CONTINUOUS
10
0.6514695669291338
20
0.1586655118110236
11
0.6533898031496063
21
0.1615393307086614
0
LINE
8
BLACK
6
CONTINUOUS
10
0.6533898031496063
20
0.1615393307086614
11
0.6562636220472441
21
0.1634595669291339
0
LINE
8
BLACK
6
CONTINUOUS
10
0.6562636220472441
20
0.1634595669291339
11
0.6596535433070866
21
0.1641338582677165
0
LINE
8
BLACK
6
CONTINUOUS
10
0.6596535433070866
20
0.1641338582677165
11
0.6773700787401574
21
0.1641338582677165
0
LINE
8
BLACK
6
CONTINUOUS
10
0.6773700787401574
20
0.1641338582677165
11
0.68076
21
0.1634595669291339
0
LINE
8
BLACK
6
CONTINUOUS
10
0.68076
20
0.1634595669291339
11
0.6836338188976377
21
0.1615393307086614
0
LINE
8
BLACK
6
CONTINUOUS
10
0.6836338188976377
20
0.1615393307086614
11
0.6855540551181102
21
0.1586655118110236
0
LINE
8
BLACK
6
CONTINUOUS
10
0.6855540551181102
20
0.1586655118110236
11
0.686228346456693
21
0.1552755905511811
0
LINE
8
BLACK
6
CONTINUOUS
10
0.686228346456693
20
0.1552755905511811
11
0.7019763779527559
21
0.1552755905511811
0
LINE
8
BLACK
6
CONTINUOUS
10
0.7019763779527559
20
0.1552755905511811
11
0.7019763779527559
21
0.1577602755905512
0
LINE
8
BLACK
6
CONTINUOUS
10
0.7019763779527559
20
0.1577602755905512
11
0.7018665354330709
21
0.1591555905511811
0
LINE
8
BLACK
6
CONTINUOUS
10
0.7018665354330709
20
0.1591555905511811
11
0.7001320472440945
21
0.1651256692913386
0
LINE
8
BLACK
6
CONTINUOUS
10
0.7001320472440945
20
0.1651256692913386
11
0.6969673622047244
21
0.1704768503937008
0
LINE
8
BLACK
6
CONTINUOUS
10
0.6969673622047244
20
0.1704768503937008
11
0.6925712598425197
21
0.1748729527559055
0
LINE
8
BLACK
6
CONTINUOUS
10
0.6925712598425197
20
0.1748729527559055
11
0.6920440157480314
21
0.1751847637795275
0
LINE
8
BLACK
6
CONTINUOUS
10
0.6920440157480314
20
0.1751847637795275
11
0.6907052362204724
21
0.1769679133858268
0
LINE
8
BLACK
6
CONTINUOUS
10
0.6907052362204724
20
0.1769679133858268
11
0.6910194488188977
21
0.1791754724409449
0
LINE
8
BLACK
6
CONTINUOUS
10
0.6910194488188977
20
0.1791754724409449
11
0.6928025984251969
21
0.1805142519685039
0
LINE
8
BLACK
6
CONTINUOUS
10
0.6928025984251969
20
0.1805142519685039
11
0.6935270866141732
21
0.1806057874015748
0
LINE
8
BLACK
6
CONTINUOUS
10
0.6935270866141732
20
0.1806057874015748
11
0.7233979133858267
21
0.1806057874015748
0
LINE
8
BLACK
6
CONTINUOUS
10
0.7233979133858267
20
0.1806057874015748
11
0.7233979527559055
21
0.1806057874015748
0
LINE
8
BLACK
6
CONTINUOUS
10
0.7233979527559055
20
0.1806057874015748
11
0.725
21
0.1810350787401575
0
LINE
8
BLACK
6
CONTINUOUS
10
0.725
20
0.1810350787401575
11
0.7266071653543307
21
0.1814656692913386
0
LINE
8
BLACK
6
CONTINUOUS
10
0.7266071653543307
20
0.1814656692913386
11
0.7294844488188976
21
0.1831268897637795
0
LINE
8
BLACK
6
CONTINUOUS
10
0.7294844488188976
20
0.1831268897637795
11
0.7318337401574803
21
0.1854761811023622
0
LINE
8
BLACK
6
CONTINUOUS
10
0.7318337401574803
20
0.1854761811023622
11
0.731833779527559
21
0.1854762992125984
0
LINE
8
BLACK
6
CONTINUOUS
10
0.731833779527559
20
0.1854762992125984
11
0.7563113385826772
21
0.2099538188976378
0
LINE
8
BLACK
6
CONTINUOUS
10
0.7563113385826772
20
0.2099538188976378
11
0.7583714173228346
21
0.210807125984252
0
LINE
8
BLACK
6
CONTINUOUS
10
0.7583714173228346
20
0.210807125984252
11
0.810439094488189
21
0.210807125984252
0
LINE
8
BLACK
6
CONTINUOUS
10
0.810439094488189
20
0.210807125984252
11
0.8104393700787401
21
0.210807125984252
0
LINE
8
BLACK
6
CONTINUOUS
10
0.8104393700787401
20
0.210807125984252
11
0.8132747637795276
21
0.2112201968503937
0
LINE
8
BLACK
6
CONTINUOUS
10
0.8132747637795276
20
0.2112201968503937
11
0.8176482677165354
21
0.2133582677165354
0
LINE
8
BLACK
6
CONTINUOUS
10
0.8176482677165354
20
0.2133582677165354
11
0.8210905511811023
21
0.2168005511811024
0
LINE
8
BLACK
6
CONTINUOUS
10
0.8210905511811023
20
0.2168005511811024
11
0.8212111417322835
21
0.2170472834645669
0
LINE
8
BLACK
6
CONTINUOUS
10
0.8212111417322835
20
0.2170472834645669
11
0.8228824409448818
21
0.2185232283464567
0
LINE
8
BLACK
6
CONTINUOUS
10
0.8228824409448818
20
0.2185232283464567
11
0.8238285039370079
21
0.2186811023622047
0
LINE
8
BLACK
6
CONTINUOUS
10
0.8238285039370079
20
0.2186811023622047
11
0.8669603937007874
21
0.2186811023622047
0
LINE
8
BLACK
6
CONTINUOUS
10
0.8669603937007874
20
0.2186811023622047
11
0.8669604330708661
21
0.2186811023622047
0
LINE
8
BLACK
6
CONTINUOUS
10
0.8669604330708661
20
0.2186811023622047
11
0.8701696456692913
21
0.2195409842519685
0
LINE
8
BLACK
6
CONTINUOUS
10
0.8701696456692913
20
0.2195409842519685
11
0.8730469291338583
21
0.2212022047244094
0
LINE
8
BLACK
6
CONTINUOUS
10
0.8730469291338583
20
0.2212022047244094
11
0.8753962204724409
21
0.2235514960629921
0
LINE
8
BLACK
6
CONTINUOUS
10
0.8753962204724409
20
0.2235514960629921
11
0.8753962598425197
21
0.2235516141732283
0
LINE
8
BLACK
6
CONTINUOUS
10
0.8753962598425197
20
0.2235516141732283
11
0.8797475984251968
21
0.2279029527559055
0
LINE
8
BLACK
6
CONTINUOUS
10
0.8797475984251968
20
0.2279029527559055
11
0.879747716535433
21
0.2279029921259842
0
LINE
8
BLACK
6
CONTINUOUS
10
0.879747716535433
20
0.2279029921259842
11
0.8820970078740157
21
0.2302522834645669
0
LINE
8
BLACK
6
CONTINUOUS
10
0.8820970078740157
20
0.2302522834645669
11
0.8820972047244094
21
0.2302526377952756
0
LINE
8
BLACK
6
CONTINUOUS
10
0.8820972047244094
20
0.2302526377952756
11
0.8821395275590551
21
0.2303077559055118
0
LINE
8
BLACK
6
CONTINUOUS
10
0.8821395275590551
20
0.2303077559055118
11
0.8821951968503937
21
0.2303505118110236
0
LINE
8
BLACK
6
CONTINUOUS
10
0.8821951968503937
20
0.2303505118110236
11
0.8822320472440944
21
0.2303873228346457
0
LINE
8
BLACK
6
CONTINUOUS
10
0.8822320472440944
20
0.2303873228346457
11
0.8822368897637795
21
0.2303824803149606
0
LINE
8
BLACK
6
CONTINUOUS
10
0.8822368897637795
20
0.2303824803149606
11
0.8833363779527559
21
0.2312262598425197
0
LINE
8
BLACK
6
CONTINUOUS
10
0.8833363779527559
20
0.2312262598425197
11
0.8835715354330709
21
0.2313236220472441
0
LINE
8
BLACK
6
CONTINUOUS
10
0.8835715354330709
20
0.2313236220472441
11
0.8875726377952756
21
0.2339970866141732
0
LINE
8
BLACK
6
CONTINUOUS
10
0.8875726377952756
20
0.2339970866141732
11
0.8909753543307086
21
0.2373998031496063
0
LINE
8
BLACK
6
CONTINUOUS
10
0.8909753543307086
20
0.2373998031496063
11
0.8936488188976378
21
0.241400905511811
0
LINE
8
BLACK
6
CONTINUOUS
10
0.8936488188976378
20
0.241400905511811
11
0.8954903149606299
21
0.2458467322834646
0
LINE
8
BLACK
6
CONTINUOUS
10
0.8954903149606299
20
0.2458467322834646
11
0.8964291338582677
21
0.2505663779527559
0
LINE
8
BLACK
6
CONTINUOUS
10
0.8964291338582677
20
0.2505663779527559
11
0.8964291338582677
21
0.2553785039370079
0
LINE
8
BLACK
6
CONTINUOUS
10
0.8964291338582677
20
0.2553785039370079
11
0.8954903149606299
21
0.2600981496062992
0
LINE
8
BLACK
6
CONTINUOUS
10
0.8954903149606299
20
0.2600981496062992
11
0.8936488188976378
21
0.2645439763779527
0
LINE
8
BLACK
6
CONTINUOUS
10
0.8936488188976378
20
0.2645439763779527
11
0.8909753543307086
21
0.2685450787401575
0
LINE
8
BLACK
6
CONTINUOUS
10
0.8909753543307086
20
0.2685450787401575
11
0.8875726377952756
21
0.2719477952755905
0
LINE
8
BLACK
6
CONTINUOUS
10
0.8875726377952756
20
0.2719477952755905
11
0.8835715354330709
21
0.2746212598425197
0
LINE
8
BLACK
6
CONTINUOUS
10
0.8835715354330709
20
0.2746212598425197
11
0.8835714960629921
21
0.2746212992125984
0
LINE
8
BLACK
6
CONTINUOUS
10
0.8835714960629921
20
0.2746212992125984
11
0.8835714173228346
21
0.2746213385826772
0
LINE
8
BLACK
6
CONTINUOUS
10
0.8835714173228346
20
0.2746213385826772
11
0.8791258661417323
21
0.2764627165354331
0
LINE
8
BLACK
6
CONTINUOUS
10
0.8791258661417323
20
0.2764627165354331
11
0.8791254724409449
21
0.2764628346456693
0
LINE
8
BLACK
6
CONTINUOUS
10
0.8791254724409449
20
0.2764628346456693
11
0.8758124803149606
21
0.277121811023622
0
LINE
8
BLACK
6
CONTINUOUS
10
0.8758124803149606
20
0.277121811023622
11
0.874406062992126
21
0.2774015748031496
0
LINE
8
BLACK
6
CONTINUOUS
10
0.874406062992126
20
0.2774015748031496
11
0.869593937007874
21
0.2774015748031496
0
LINE
8
BLACK
6
CONTINUOUS
10
0.869593937007874
20
0.2774015748031496
11
0.8682559448818897
21
0.2771354330708661
0
LINE
8
BLACK
6
CONTINUOUS
10
0.8682559448818897
20
0.2771354330708661
11
0.8648744881889764
21
0.2764628346456693
0
LINE
8
BLACK
6
CONTINUOUS
10
0.8648744881889764
20
0.2764628346456693
11
0.864874094488189
21
0.2764627165354331
0
LINE
8
BLACK
6
CONTINUOUS
10
0.864874094488189
20
0.2764627165354331
11
0.8604285433070866
21
0.2746213385826772
0
LINE
8
BLACK
6
CONTINUOUS
10
0.8604285433070866
20
0.2746213385826772
11
0.8564274803149606
21
0.2719479133858267
0
LINE
8
BLACK
6
CONTINUOUS
10
0.8564274803149606
20
0.2719479133858267
11
0.8530245275590551
21
0.2685449606299213
0
LINE
8
BLACK
6
CONTINUOUS
10
0.8530245275590551
20
0.2685449606299213
11
0.8503511023622047
21
0.2645438976377953
0
LINE
8
BLACK
6
CONTINUOUS
10
0.8503511023622047
20
0.2645438976377953
11
0.8485097244094488
21
0.2600983464566929
0
LINE
8
BLACK
6
CONTINUOUS
10
0.8485097244094488
20
0.2600983464566929
11
0.8485096062992126
21
0.2600979527559055
0
LINE
8
BLACK
6
CONTINUOUS
10
0.8485096062992126
20
0.2600979527559055
11
0.8482888976377952
21
0.2589882677165354
0
LINE
8
BLACK
6
CONTINUOUS
10
0.8482888976377952
20
0.2589882677165354
11
0.8475708661417323
21
0.2553785039370079
0
LINE
8
BLACK
6
CONTINUOUS
10
0.8475708661417323
20
0.2553785039370079
11
0.8475708661417323
21
0.2505663779527559
0
LINE
8
BLACK
6
CONTINUOUS
10
0.8475708661417323
20
0.2505663779527559
11
0.8478346850393701
21
0.2492401574803149
0
LINE
8
BLACK
6
CONTINUOUS
10
0.8478346850393701
20
0.2492401574803149
11
0.848200905511811
21
0.247399094488189
0
LINE
8
BLACK
6
CONTINUOUS
10
0.848200905511811
20
0.247399094488189
11
0.847765905511811
21
0.245212125984252
0
LINE
8
BLACK
6
CONTINUOUS
10
0.847765905511811
20
0.245212125984252
11
0.8459118897637795
21
0.2439733070866142
0
LINE
8
BLACK
6
CONTINUOUS
10
0.8459118897637795
20
0.2439733070866142
11
0.8453435039370079
21
0.2439173228346457
0
LINE
8
BLACK
6
CONTINUOUS
10
0.8453435039370079
20
0.2439173228346457
11
0.8238285039370079
21
0.2439173228346457
0
LINE
8
BLACK
6
CONTINUOUS
10
0.8238285039370079
20
0.2439173228346457
11
0.8217684251968503
21
0.2447706299212598
0
LINE
8
BLACK
6
CONTINUOUS
10
0.8217684251968503
20
0.2447706299212598
11
0.8212111811023621
21
0.2455511023622047
0
LINE
8
BLACK
6
CONTINUOUS
10
0.8212111811023621
20
0.2455511023622047
11
0.8210905511811023
21
0.245797874015748
0
LINE
8
BLACK
6
CONTINUOUS
10
0.8210905511811023
20
0.245797874015748
11
0.8176482677165354
21
0.2492401574803149
0
LINE
8
BLACK
6
CONTINUOUS
10
0.8176482677165354
20
0.2492401574803149
11
0.8132747637795276
21
0.2513782283464567
0
LINE
8
BLACK
6
CONTINUOUS
10
0.8132747637795276
20
0.2513782283464567
11
0.8104394094488189
21
0.2517913385826772
0
LINE
8
BLACK
6
CONTINUOUS
10
0.8104394094488189
20
0.2517913385826772
11
0.8104393700787401
21
0.2517913385826772
0
LINE
8
BLACK
6
CONTINUOUS
10
0.8104393700787401
20
0.2517913385826772
11
0.7525527559055117
21
0.2517913385826772
0
LINE
8
BLACK
6
CONTINUOUS
10
0.7525527559055117
20
0.2517913385826772
11
0.7497172834645669
21
0.2513782283464567
0
LINE
8
BLACK
6
CONTINUOUS
10
0.7497172834645669
20
0.2513782283464567
11
0.7459487007874016
21
0.2495358661417323
0
LINE
8
BLACK
6
CONTINUOUS
10
0.7459487007874016
20
0.2495358661417323
11
0.7455607874015748
21
0.249511811023622
0
LINE
8
BLACK
6
CONTINUOUS
10
0.7455607874015748
20
0.249511811023622
11
0.7452375984251969
21
0.2492958267716535
0
LINE
8
BLACK
6
CONTINUOUS
10
0.7452375984251969
20
0.2492958267716535
11
0.7444868897637795
21
0.249445157480315
0
LINE
8
BLACK
6
CONTINUOUS
10
0.7444868897637795
20
0.249445157480315
11
0.7437231889763779
21
0.2493977165354331
0
LINE
8
BLACK
6
CONTINUOUS
10
0.7437231889763779
20
0.2493977165354331
11
0.7434318897637795
21
0.2496549606299213
0
LINE
8
BLACK
6
CONTINUOUS
10
0.7434318897637795
20
0.2496549606299213
11
0.7430506299212598
21
0.2497307874015748
0
LINE
8
BLACK
6
CONTINUOUS
10
0.7430506299212598
20
0.2497307874015748
11
0.7426253937007874
21
0.2503672047244094
0
LINE
8
BLACK
6
CONTINUOUS
10
0.7426253937007874
20
0.2503672047244094
11
0.7420518110236221
21
0.2508737007874016
0
LINE
8
BLACK
6
CONTINUOUS
10
0.7420518110236221
20
0.2508737007874016
11
0.7418117716535433
21
0.2515848031496063
0
LINE
8
BLACK
6
CONTINUOUS
10
0.7418117716535433
20
0.2515848031496063
11
0.7417707086614173
21
0.2517912992125984
0
LINE
8
BLACK
6
CONTINUOUS
10
0.7417707086614173
20
0.2517912992125984
11
0.7413884645669291
21
0.2537127952755905
0
LINE
8
BLACK
6
CONTINUOUS
10
0.7413884645669291
20
0.2537127952755905
11
0.7418234251968504
21
0.2558996456692914
0
LINE
8
BLACK
6
CONTINUOUS
10
0.7418234251968504
20
0.2558996456692914
11
0.7421855511811023
21
0.2563409448818897
0
LINE
8
BLACK
6
CONTINUOUS
10
0.7421855511811023
20
0.2563409448818897
11
0.7459361023622048
21
0.2600914566929134
0
LINE
8
BLACK
6
CONTINUOUS
10
0.7459361023622048
20
0.2600914566929134
11
0.7479961417322835
21
0.2609447244094488
0
LINE
8
BLACK
6
CONTINUOUS
10
0.7479961417322835
20
0.2609447244094488
11
0.7492756692913386
21
0.2606487007874015
0
LINE
8
BLACK
6
CONTINUOUS
10
0.7492756692913386
20
0.2606487007874015
11
0.7497172440944881
21
0.2604328346456693
0
LINE
8
BLACK
6
CONTINUOUS
10
0.7497172440944881
20
0.2604328346456693
11
0.7497172834645669
21
0.2604328346456693
0
LINE
8
BLACK
6
CONTINUOUS
10
0.7497172834645669
20
0.2604328346456693
11
0.7497173622047244
21
0.2604327952755905
0
LINE
8
BLACK
6
CONTINUOUS
10
0.7497173622047244
20
0.2604327952755905
11
0.7525527165354331
21
0.2600196850393701
0
LINE
8
BLACK
6
CONTINUOUS
10
0.7525527165354331
20
0.2600196850393701
11
0.8104393700787401
21
0.2600197244094488
0
LINE
8
BLACK
6
CONTINUOUS
10
0.8104393700787401
20
0.2600197244094488
11
0.8132747637795276
21
0.2604327952755905
0
LINE
8
BLACK
6
CONTINUOUS
10
0.8132747637795276
20
0.2604327952755905
11
0.8176482677165354
21
0.2625708661417323
0
LINE
8
BLACK
6
CONTINUOUS
10
0.8176482677165354
20
0.2625708661417323
11
0.8210905511811023
21
0.2660131496062992
0
LINE
8
BLACK
6
CONTINUOUS
10
0.8210905511811023
20
0.2660131496062992
11
0.8232286220472441
21
0.2703866535433071
0
LINE
8
BLACK
6
CONTINUOUS
10
0.8232286220472441
20
0.2703866535433071
11
0.8236417322834646
21
0.2732220078740157
0
LINE
8
BLACK
6
CONTINUOUS
10
0.8236417322834646
20
0.2732220078740157
11
0.8236416929133858
21
0.2878015748031496
0
LINE
8
BLACK
6
CONTINUOUS
10
0.8236416929133858
20
0.2878015748031496
11
0.8232286220472441
21
0.290636968503937
0
LINE
8
BLACK
6
CONTINUOUS
10
0.8232286220472441
20
0.290636968503937
11
0.8210905511811023
21
0.2950104724409449
0
LINE
8
BLACK
6
CONTINUOUS
10
0.8210905511811023
20
0.2950104724409449
11
0.8176482677165354
21
0.2984527559055118
0
LINE
8
BLACK
6
CONTINUOUS
10
0.8176482677165354
20
0.2984527559055118
11
0.8132747637795276
21
0.3005908267716536
0
LINE
8
BLACK
6
CONTINUOUS
10
0.8132747637795276
20
0.3005908267716536
11
0.8104394094488189
21
0.301003937007874
0
LINE
8
BLACK
6
CONTINUOUS
10
0.8104394094488189
20
0.301003937007874
11
0.8104393700787401
21
0.301003937007874
0
LINE
8
BLACK
6
CONTINUOUS
10
0.8104393700787401
20
0.301003937007874
11
0.7525527559055117
21
0.301003937007874
0
LINE
8
BLACK
6
CONTINUOUS
10
0.7525527559055117
20
0.301003937007874
11
0.7497172834645669
21
0.3005908267716536
0
LINE
8
BLACK
6
CONTINUOUS
10
0.7497172834645669
20
0.3005908267716536
11
0.7453438582677165
21
0.2984527952755905
0
LINE
8
BLACK
6
CONTINUOUS
10
0.7453438582677165
20
0.2984527952755905
11
0.7419015748031496
21
0.2950105118110236
0
LINE
8
BLACK
6
CONTINUOUS
10
0.7419015748031496
20
0.2950105118110236
11
0.7397635039370078
21
0.290636968503937
0
LINE
8
BLACK
6
CONTINUOUS
10
0.7397635039370078
20
0.290636968503937
11
0.7397634645669291
21
0.2906368897637795
0
LINE
8
BLACK
6
CONTINUOUS
10
0.7397634645669291
20
0.2906368897637795
11
0.7397273622047243
21
0.2903891338582677
0
LINE
8
BLACK
6
CONTINUOUS
10
0.7397273622047243
20
0.2903891338582677
11
0.7389045275590551
21
0.2887493307086614
0
LINE
8
BLACK
6
CONTINUOUS
10
0.7389045275590551
20
0.2887493307086614
11
0.7323553149606299
21
0.2822001181102362
0
LINE
8
BLACK
6
CONTINUOUS
10
0.7323553149606299
20
0.2822001181102362
11
0.7302952362204724
21
0.281346811023622
0
LINE
8
BLACK
6
CONTINUOUS
10
0.7302952362204724
20
0.281346811023622
11
0.728235157480315
21
0.2822001181102362
0
LINE
8
BLACK
6
CONTINUOUS
10
0.728235157480315
20
0.2822001181102362
11
0.7273818503937007
21
0.284260157480315
0
LINE
8
BLACK
6
CONTINUOUS
10
0.7273818503937007
20
0.284260157480315
11
0.7273818503937007
21
0.2961376377952756
0
LINE
8
BLACK
6
CONTINUOUS
10
0.7273818503937007
20
0.2961376377952756
11
0.7267679133858268
21
0.300014251968504
0
LINE
8
BLACK
6
CONTINUOUS
10
0.7267679133858268
20
0.300014251968504
11
0.7267679133858268
21
0.3000142913385827
0
LINE
8
BLACK
6
CONTINUOUS
10
0.7267679133858268
20
0.3000142913385827
11
0.726767874015748
21
0.3000143307086614
0
LINE
8
BLACK
6
CONTINUOUS
10
0.726767874015748
20
0.3000143307086614
11
0.7262636614173228
21
0.3010038976377953
0
LINE
8
BLACK
6
CONTINUOUS
10
0.7262636614173228
20
0.3010038976377953
11
0.725
21
0.3034840157480315
0
LINE
8
BLACK
6
CONTINUOUS
10
0.725
20
0.3034840157480315
11
0.725
21
0.3034839763779528
0
LINE
8
BLACK
6
CONTINUOUS
10
0.725
20
0.3034839763779528
11
0.7243871259842519
21
0.3046868110236221
0
LINE
8
BLACK
6
CONTINUOUS
10
0.7243871259842519
20
0.3046868110236221
11
0.720678937007874
21
0.308395
0
LINE
8
BLACK
6
CONTINUOUS
10
0.720678937007874
20
0.308395
11
0.7183872047244094
21
0.309562716535433
0
LINE
8
BLACK
6
CONTINUOUS
10
0.7183872047244094
20
0.309562716535433
11
0.7160064173228347
21
0.3107757874015748
0
LINE
8
BLACK
6
CONTINUOUS
10
0.7160064173228347
20
0.3107757874015748
11
0.712129842519685
21
0.3113897637795275
0
LINE
8
BLACK
6
CONTINUOUS
10
0.712129842519685
20
0.3113897637795275
11
0.7121298031496063
21
0.3113897637795275
0
LINE
8
BLACK
6
CONTINUOUS
10
0.7121298031496063
20
0.3113897637795275
11
0.7040133464566929
21
0.3113897637795275
0
LINE
8
BLACK
6
CONTINUOUS
10
0.7040133464566929
20
0.3113897637795275
11
0.7019532677165354
21
0.3122430708661417
0
LINE
8
BLACK
6
CONTINUOUS
10
0.7019532677165354
20
0.3122430708661417
11
0.6982563779527559
21
0.3159399606299212
0
LINE
8
BLACK
6
CONTINUOUS
10
0.6982563779527559
20
0.3159399606299212
11
0.6974030708661417
21
0.3180000393700788
0
LINE
8
BLACK
6
CONTINUOUS
10
0.6974030708661417
20
0.3180000393700788
11
0.6982562992125985
21
0.3200600393700787
0
LINE
8
BLACK
6
CONTINUOUS
10
0.6982562992125985
20
0.3200600393700787
11
0.7029138976377952
21
0.3247176377952756
0
LINE
8
BLACK
6
CONTINUOUS
10
0.7029138976377952
20
0.3247176377952756
11
0.7049739763779528
21
0.325570905511811
0
LINE
8
BLACK
6
CONTINUOUS
10
0.7049739763779528
20
0.325570905511811
11
0.7121298031496063
21
0.325570905511811
0
LINE
8
BLACK
6
CONTINUOUS
10
0.7121298031496063
20
0.325570905511811
11
0.7160063779527559
21
0.326184842519685
0
LINE
8
BLACK
6
CONTINUOUS
10
0.7160063779527559
20
0.326184842519685
11
0.720678937007874
21
0.3285656299212598
0
LINE
8
BLACK
6
CONTINUOUS
10
0.720678937007874
20
0.3285656299212598
11
0.7243871259842519
21
0.3322738188976378
0
LINE
8
BLACK
6
CONTINUOUS
10
0.7243871259842519
20
0.3322738188976378
11
0.725
21
0.3334766535433071
0
LINE
8
BLACK
6
CONTINUOUS
10
0.725
20
0.3334766535433071
11
0.7267679133858268
21
0.3369463779527559
0
LINE
8
BLACK
6
CONTINUOUS
10
0.7267679133858268
20
0.3369463779527559
11
0.7267787007874016
21
0.3370144094488189
0
LINE
8
BLACK
6
CONTINUOUS
10
0.7267787007874016
20
0.3370144094488189
11
0.7273818897637795
21
0.3408229527559055
0
LINE
8
BLACK
6
CONTINUOUS
10
0.7273818897637795
20
0.3408229527559055
11
0.7273818503937007
21
0.3591770078740157
0
LINE
8
BLACK
6
CONTINUOUS
10
0.7273818503937007
20
0.3591770078740157
11
0.7267679133858268
21
0.3630536220472441
0
LINE
8
BLACK
6
CONTINUOUS
10
0.7267679133858268
20
0.3630536220472441
11
0.7267679133858268
21
0.3630536614173228
0
LINE
8
BLACK
6
CONTINUOUS
10
0.7267679133858268
20
0.3630536614173228
11
0.726767874015748
21
0.3630537007874016
0
LINE
8
BLACK
6
CONTINUOUS
10
0.726767874015748
20
0.3630537007874016
11
0.7267063779527559
21
0.3631743700787401
0
LINE
8
BLACK
6
CONTINUOUS
10
0.7267063779527559
20
0.3631743700787401
11
0.725
21
0.3665233858267716
0
LINE
8
BLACK
6
CONTINUOUS
10
0.725
20
0.3665233858267716
11
0.725
21
0.3665233464566929
0
LINE
8
BLACK
6
CONTINUOUS
10
0.725
20
0.3665233464566929
11
0.7243871259842519
21
0.3677261811023622
0
LINE
8
BLACK
6
CONTINUOUS
10
0.7243871259842519
20
0.3677261811023622
11
0.720678937007874
21
0.3714343700787401
0
LINE
8
BLACK
6
CONTINUOUS
10
0.720678937007874
20
0.3714343700787401
11
0.7183872047244094
21
0.3726020866141732
0
LINE
8
BLACK
6
CONTINUOUS
10
0.7183872047244094
20
0.3726020866141732
11
0.7160064173228347
21
0.373815157480315
0
LINE
8
BLACK
6
CONTINUOUS
10
0.7160064173228347
20
0.373815157480315
11
0.7121298031496063
21
0.3744291338582677
0
LINE
8
BLACK
6
CONTINUOUS
10
0.7121298031496063
20
0.3744291338582677
11
0.6878701181102362
21
0.3744291338582677
0
LINE
8
BLACK
6
CONTINUOUS
10
0.6878701181102362
20
0.3744291338582677
11
0.6841824409448819
21
0.3738450787401575
0
LINE
8
BLACK
6
CONTINUOUS
10
0.6841824409448819
20
0.3738450787401575
11
0.682014251968504
21
0.3743656299212598
0
LINE
8
BLACK
6
CONTINUOUS
10
0.682014251968504
20
0.3743656299212598
11
0.6808492125984252
21
0.3762668897637795
0
LINE
8
BLACK
6
CONTINUOUS
10
0.6808492125984252
20
0.3762668897637795
11
0.6813697637795275
21
0.3784350787401575
0
LINE
8
BLACK
6
CONTINUOUS
10
0.6813697637795275
20
0.3784350787401575
11
0.6816664173228346
21
0.3787824409448819
0
LINE
8
BLACK
6
CONTINUOUS
10
0.6816664173228346
20
0.3787824409448819
11
0.6925622440944882
21
0.3896782283464567
0
LINE
8
BLACK
6
CONTINUOUS
10
0.6925622440944882
20
0.3896782283464567
11
0.6946223228346456
21
0.3905315354330708
0
LINE
8
BLACK
6
CONTINUOUS
10
0.6946223228346456
20
0.3905315354330708
11
0.7121298031496063
21
0.3905315354330708
0
LINE
8
BLACK
6
CONTINUOUS
10
0.7121298031496063
20
0.3905315354330708
11
0.7160063779527559
21
0.3911454724409449
0
LINE
8
BLACK
6
CONTINUOUS
10
0.7160063779527559
20
0.3911454724409449
11
0.720678937007874
21
0.3935262598425197
0
LINE
8
BLACK
6
CONTINUOUS
10
0.720678937007874
20
0.3935262598425197
11
0.7243871259842519
21
0.3972344488188976
0
LINE
8
BLACK
6
CONTINUOUS
10
0.7243871259842519
20
0.3972344488188976
11
0.725
21
0.3984372834645669
0
LINE
8
BLACK
6
CONTINUOUS
10
0.725
20
0.3984372834645669
11
0.7267679133858268
21
0.4019070078740157
0
LINE
8
BLACK
6
CONTINUOUS
10
0.7267679133858268
20
0.4019070078740157
11
0.7273818897637795
21
0.4057835826771654
0
LINE
8
BLACK
6
CONTINUOUS
10
0.7273818897637795
20
0.4057835826771654
11
0.7273818503937007
21
0.4241376377952756
0
LINE
8
BLACK
6
CONTINUOUS
10
0.7273818503937007
20
0.4241376377952756
11
0.7267679133858268
21
0.4280142519685039
0
LINE
8
BLACK
6
CONTINUOUS
10
0.7267679133858268
20
0.4280142519685039
11
0.7267679133858268
21
0.4280142913385827
0
LINE
8
BLACK
6
CONTINUOUS
10
0.7267679133858268
20
0.4280142913385827
11
0.726767874015748
21
0.4280143307086614
0
LINE
8
BLACK
6
CONTINUOUS
10
0.726767874015748
20
0.4280143307086614
11
0.7267063779527559
21
0.428135
0
LINE
8
BLACK
6
CONTINUOUS
10
0.7267063779527559
20
0.428135
11
0.725
21
0.4314840157480315
0
LINE
8
BLACK
6
CONTINUOUS
10
0.725
20
0.4314840157480315
11
0.725
21
0.4314839763779528
0
LINE
8
BLACK
6
CONTINUOUS
10
0.725
20
0.4314839763779528
11
0.7243871259842519
21
0.4326868110236221
0
LINE
8
BLACK
6
CONTINUOUS
10
0.7243871259842519
20
0.4326868110236221
11
0.720678937007874
21
0.436395
0
LINE
8
BLACK
6
CONTINUOUS
10
0.720678937007874
20
0.436395
11
0.7160063779527559
21
0.4387757874015748
0
LINE
8
BLACK
6
CONTINUOUS
10
0.7160063779527559
20
0.4387757874015748
11
0.7160063385826771
21
0.4387758267716536
0
LINE
8
BLACK
6
CONTINUOUS
10
0.7160063385826771
20
0.4387758267716536
11
0.7150757480314961
21
0.4389231889763779
0
LINE
8
BLACK
6
CONTINUOUS
10
0.7150757480314961
20
0.4389231889763779
11
0.7143057874015748
21
0.4393950393700787
0
LINE
8
BLACK
6
CONTINUOUS
10
0.7143057874015748
20
0.4393950393700787
11
0.7134714173228346
21
0.4397406299212598
0
LINE
8
BLACK
6
CONTINUOUS
10
0.7134714173228346
20
0.4397406299212598
11
0.7133794094488188
21
0.4399627165354331
0
LINE
8
BLACK
6
CONTINUOUS
10
0.7133794094488188
20
0.4399627165354331
11
0.7131745275590551
21
0.4400882677165354
0
LINE
8
BLACK
6
CONTINUOUS
10
0.7131745275590551
20
0.4400882677165354
11
0.7126181102362205
21
0.4418007086614173
0
LINE
8
BLACK
6
CONTINUOUS
10
0.7126181102362205
20
0.4418007086614173
11
0.7126181102362205
21
0.4435666929133858
0
LINE
8
BLACK
6
CONTINUOUS
10
0.7126181102362205
20
0.4435666929133858
11
0.7134713779527558
21
0.4456267322834646
0
LINE
8
BLACK
6
CONTINUOUS
10
0.7134713779527558
20
0.4456267322834646
11
0.725
21
0.4571553543307086
0
LINE
8
BLACK
6
CONTINUOUS
10
0.725
20
0.4571553543307086
11
0.7377475984251969
21
0.4699029527559055
0
LINE
8
BLACK
6
CONTINUOUS
10
0.7377475984251969
20
0.4699029527559055
11
0.737747716535433
21
0.4699029921259842
0
LINE
8
BLACK
6
CONTINUOUS
10
0.737747716535433
20
0.4699029921259842
11
0.7400970078740158
21
0.4722522834645669
0
LINE
8
BLACK
6
CONTINUOUS
10
0.7400970078740158
20
0.4722522834645669
11
0.7417582283464567
21
0.4751295669291338
0
LINE
8
BLACK
6
CONTINUOUS
10
0.7417582283464567
20
0.4751295669291338
11
0.741988622047244
21
0.4759894881889764
0
LINE
8
BLACK
6
CONTINUOUS
10
0.741988622047244
20
0.4759894881889764
11
0.7426181496062992
21
0.4783388188976378
0
LINE
8
BLACK
6
CONTINUOUS
10
0.7426181496062992
20
0.4783388188976378
11
0.7426181496062992
21
0.4816612204724409
0
LINE
8
BLACK
6
CONTINUOUS
10
0.7426181496062992
20
0.4816612204724409
11
0.7426181496062992
21
0.4818395275590551
0
LINE
8
BLACK
6
CONTINUOUS
10
0.7426181496062992
20
0.4818395275590551
11
0.7426181102362205
21
0.4818402362204725
0
LINE
8
BLACK
6
CONTINUOUS
10
0.7426181102362205
20
0.4818402362204725
11
0.7426181102362205
21
0.5915666929133858
0
LINE
8
BLACK
6
CONTINUOUS
10
0.7426181102362205
20
0.5915666929133858
11
0.7434713779527559
21
0.5936267322834645
0
LINE
8
BLACK
6
CONTINUOUS
10
0.7434713779527559
20
0.5936267322834645
11
0.7534992519685039
21
0.6036546456692913
0
LINE
8
BLACK
6
CONTINUOUS
10
0.7534992519685039
20
0.6036546456692913
11
0.7555593307086614
21
0.6045079133858268
0
LINE
8
BLACK
6
CONTINUOUS
10
0.7555593307086614
20
0.6045079133858268
11
0.810439094488189
21
0.6045079133858268
0
LINE
8
BLACK
6
CONTINUOUS
10
0.810439094488189
20
0.6045079133858268
11
0.8104393700787401
21
0.6045079133858268
0
LINE
8
BLACK
6
CONTINUOUS
10
0.8104393700787401
20
0.6045079133858268
11
0.8132747637795276
21
0.6049209842519685
0
LINE
8
BLACK
6
CONTINUOUS
10
0.8132747637795276
20
0.6049209842519685
11
0.8176482677165354
21
0.6070590551181102
0
LINE
8
BLACK
6
CONTINUOUS
10
0.8176482677165354
20
0.6070590551181102
11
0.8210905511811023
21
0.6105013385826772
0
LINE
8
BLACK
6
CONTINUOUS
10
0.8210905511811023
20
0.6105013385826772
11
0.8212111417322835
21
0.6107480708661417
0
LINE
8
BLACK
6
CONTINUOUS
10
0.8212111417322835
20
0.6107480708661417
11
0.8228824409448818
21
0.6122240157480315
0
LINE
8
BLACK
6
CONTINUOUS
10
0.8228824409448818
20
0.6122240157480315
11
0.8238285039370079
21
0.6123818897637795
0
LINE
8
BLACK
6
CONTINUOUS
10
0.8238285039370079
20
0.6123818897637795
11
0.8666611811023622
21
0.6123818897637795
0
LINE
8
BLACK
6
CONTINUOUS
10
0.8666611811023622
20
0.6123818897637795
11
0.8666612204724409
21
0.6123818897637795
0
LINE
8
BLACK
6
CONTINUOUS
10
0.8666612204724409
20
0.6123818897637795
11
0.8698704330708661
21
0.6132417716535433
0
LINE
8
BLACK
6
CONTINUOUS
10
0.8698704330708661
20
0.6132417716535433
11
0.872747716535433
21
0.6149029921259842
0
LINE
8
BLACK
6
CONTINUOUS
10
0.872747716535433
20
0.6149029921259842
11
0.8750970078740157
21
0.617252283464567
0
LINE
8
BLACK
6
CONTINUOUS
10
0.8750970078740157
20
0.617252283464567
11
0.8750970472440944
21
0.6172524015748031
0
LINE
8
BLACK
6
CONTINUOUS
10
0.8750970472440944
20
0.6172524015748031
11
0.8797475984251968
21
0.6219029527559055
0
LINE
8
BLACK
6
CONTINUOUS
10
0.8797475984251968
20
0.6219029527559055
11
0.879747716535433
21
0.6219029921259842
0
LINE
8
BLACK
6
CONTINUOUS
10
0.879747716535433
20
0.6219029921259842
11
0.8820970078740157
21
0.624252283464567
0
LINE
8
BLACK
6
CONTINUOUS
10
0.8820970078740157
20
0.624252283464567
11
0.882804094488189
21
0.625477125984252
0
LINE
8
BLACK
6
CONTINUOUS
10
0.882804094488189
20
0.625477125984252
11
0.8837084645669291
21
0.626442716535433
0
LINE
8
BLACK
6
CONTINUOUS
10
0.8837084645669291
20
0.626442716535433
11
0.8875726377952756
21
0.6290246456692913
0
LINE
8
BLACK
6
CONTINUOUS
10
0.8875726377952756
20
0.6290246456692913
11
0.8909753543307086
21
0.6324273622047244
0
LINE
8
BLACK
6
CONTINUOUS
10
0.8909753543307086
20
0.6324273622047244
11
0.8936488188976378
21
0.6364284645669291
0
LINE
8
BLACK
6
CONTINUOUS
10
0.8936488188976378
20
0.6364284645669291
11
0.8954903149606299
21
0.6408742913385826
0
LINE
8
BLACK
6
CONTINUOUS
10
0.8954903149606299
20
0.6408742913385826
11
0.8964291338582677
21
0.645593937007874
0
LINE
8
BLACK
6
CONTINUOUS
10
0.8964291338582677
20
0.645593937007874
11
0.8964291338582677
21
0.650406062992126
0
LINE
8
BLACK
6
CONTINUOUS
10
0.8964291338582677
20
0.650406062992126
11
0.8954903149606299
21
0.6551257086614173
0
LINE
8
BLACK
6
CONTINUOUS
10
0.8954903149606299
20
0.6551257086614173
11
0.8936488188976378
21
0.6595715354330709
0
LINE
8
BLACK
6
CONTINUOUS
10
0.8936488188976378
20
0.6595715354330709
11
0.8909753543307086
21
0.6635726377952755
0
LINE
8
BLACK
6
CONTINUOUS
10
0.8909753543307086
20
0.6635726377952755
11
0.8875726377952756
21
0.6669753543307086
0
LINE
8
BLACK
6
CONTINUOUS
10
0.8875726377952756
20
0.6669753543307086
11
0.8835715354330709
21
0.6696488188976378
0
LINE
8
BLACK
6
CONTINUOUS
10
0.8835715354330709
20
0.6696488188976378
11
0.8835714960629921
21
0.6696488582677165
0
LINE
8
BLACK
6
CONTINUOUS
10
0.8835714960629921
20
0.6696488582677165
11
0.8835714173228346
21
0.6696488976377952
0
LINE
8
BLACK
6
CONTINUOUS
10
0.8835714173228346
20
0.6696488976377952
11
0.8791258661417323
21
0.6714902755905512
0
LINE
8
BLACK
6
CONTINUOUS
10
0.8791258661417323
20
0.6714902755905512
11
0.8791254724409449
21
0.6714903937007873
0
LINE
8
BLACK
6
CONTINUOUS
10
0.8791254724409449
20
0.6714903937007873
11
0.875965
21
0.6721190551181102
0
LINE
8
BLACK
6
CONTINUOUS
10
0.875965
20
0.6721190551181102
11
0.874406062992126
21
0.6724291338582677
0
LINE
8
BLACK
6
CONTINUOUS
10
0.874406062992126
20
0.6724291338582677
11
0.869593937007874
21
0.6724291338582677
0
LINE
8
BLACK
6
CONTINUOUS
10
0.869593937007874
20
0.6724291338582677
11
0.8682559448818897
21
0.6721629921259842
0
LINE
8
BLACK
6
CONTINUOUS
10
0.8682559448818897
20
0.6721629921259842
11
0.8648744881889764
21
0.6714903937007873
0
LINE
8
BLACK
6
CONTINUOUS
10
0.8648744881889764
20
0.6714903937007873
11
0.864874094488189
21
0.6714902755905512
0
LINE
8
BLACK
6
CONTINUOUS
10
0.864874094488189
20
0.6714902755905512
11
0.8604285433070866
21
0.6696488976377952
0
LINE
8
BLACK
6
CONTINUOUS
10
0.8604285433070866
20
0.6696488976377952
11
0.8564274803149606
21
0.6669754724409449
0
LINE
8
BLACK
6
CONTINUOUS
10
0.8564274803149606
20
0.6669754724409449
11
0.8530245275590551
21
0.6635725196850394
0
LINE
8
BLACK
6
CONTINUOUS
10
0.8530245275590551
20
0.6635725196850394
11
0.8503511023622047
21
0.6595714566929134
0
LINE
8
BLACK
6
CONTINUOUS
10
0.8503511023622047
20
0.6595714566929134
11
0.8485097244094488
21
0.655125905511811
0
LINE
8
BLACK
6
CONTINUOUS
10
0.8485097244094488
20
0.655125905511811
11
0.8485096062992126
21
0.6551255118110236
0
LINE
8
BLACK
6
CONTINUOUS
10
0.8485096062992126
20
0.6551255118110236
11
0.847817125984252
21
0.6516440944881889
0
LINE
8
BLACK
6
CONTINUOUS
10
0.847817125984252
20
0.6516440944881889
11
0.8475708661417323
21
0.650406062992126
0
LINE
8
BLACK
6
CONTINUOUS
10
0.8475708661417323
20
0.650406062992126
11
0.8475708661417323
21
0.645593937007874
0
LINE
8
BLACK
6
CONTINUOUS
10
0.8475708661417323
20
0.645593937007874
11
0.8475911417322834
21
0.6454920866141732
0
LINE
8
BLACK
6
CONTINUOUS
10
0.8475911417322834
20
0.6454920866141732
11
0.8484648031496063
21
0.6410998818897637
0
LINE
8
BLACK
6
CONTINUOUS
10
0.8484648031496063
20
0.6410998818897637
11
0.8480298031496063
21
0.6389129133858268
0
LINE
8
BLACK
6
CONTINUOUS
10
0.8480298031496063
20
0.6389129133858268
11
0.8461757874015747
21
0.637674094488189
0
LINE
8
BLACK
6
CONTINUOUS
10
0.8461757874015747
20
0.637674094488189
11
0.8456074015748032
21
0.6376181102362205
0
LINE
8
BLACK
6
CONTINUOUS
10
0.8456074015748032
20
0.6376181102362205
11
0.8238285039370079
21
0.6376181102362205
0
LINE
8
BLACK
6
CONTINUOUS
10
0.8238285039370079
20
0.6376181102362205
11
0.8217684251968503
21
0.6384714173228346
0
LINE
8
BLACK
6
CONTINUOUS
10
0.8217684251968503
20
0.6384714173228346
11
0.8212111811023621
21
0.6392518897637796
0
LINE
8
BLACK
6
CONTINUOUS
10
0.8212111811023621
20
0.6392518897637796
11
0.8210905511811023
21
0.6394986614173228
0
LINE
8
BLACK
6
CONTINUOUS
10
0.8210905511811023
20
0.6394986614173228
11
0.8176482677165354
21
0.6429409448818898
0
LINE
8
BLACK
6
CONTINUOUS
10
0.8176482677165354
20
0.6429409448818898
11
0.8132747637795276
21
0.6450790157480315
0
LINE
8
BLACK
6
CONTINUOUS
10
0.8132747637795276
20
0.6450790157480315
11
0.8104394094488189
21
0.645492125984252
0
LINE
8
BLACK
6
CONTINUOUS
10
0.8104394094488189
20
0.645492125984252
11
0.8104393700787401
21
0.645492125984252
0
LINE
8
BLACK
6
CONTINUOUS
10
0.8104393700787401
20
0.645492125984252
11
0.7525527559055117
21
0.645492125984252
0
LINE
8
BLACK
6
CONTINUOUS
10
0.7525527559055117
20
0.645492125984252
11
0.7497172834645669
21
0.6450790157480315
0
LINE
8
BLACK
6
CONTINUOUS
10
0.7497172834645669
20
0.6450790157480315
11
0.7453438582677165
21
0.6429409842519684
0
LINE
8
BLACK
6
CONTINUOUS
10
0.7453438582677165
20
0.6429409842519684
11
0.7443941732283464
21
0.6419912992125985
0
LINE
8
BLACK
6
CONTINUOUS
10
0.7443941732283464
20
0.6419912992125985
11
0.742334094488189
21
0.641138031496063
0
LINE
8
BLACK
6
CONTINUOUS
10
0.742334094488189
20
0.641138031496063
11
0.7402740157480315
21
0.6419913779527558
0
LINE
8
BLACK
6
CONTINUOUS
10
0.7402740157480315
20
0.6419913779527558
11
0.7399117716535433
21
0.6424327952755905
0
LINE
8
BLACK
6
CONTINUOUS
10
0.7399117716535433
20
0.6424327952755905
11
0.7395021259842519
21
0.6430458267716536
0
LINE
8
BLACK
6
CONTINUOUS
10
0.7395021259842519
20
0.6430458267716536
11
0.7395020078740158
21
0.6430459842519685
0
LINE
8
BLACK
6
CONTINUOUS
10
0.7395020078740158
20
0.6430459842519685
11
0.7360993307086614
21
0.6464486614173228
0
LINE
8
BLACK
6
CONTINUOUS
10
0.7360993307086614
20
0.6464486614173228
11
0.7360991732283464
21
0.6464487795275591
0
LINE
8
BLACK
6
CONTINUOUS
10
0.7360991732283464
20
0.6464487795275591
11
0.736099094488189
21
0.6464488582677165
0
LINE
8
BLACK
6
CONTINUOUS
10
0.736099094488189
20
0.6464488582677165
11
0.734371653543307
21
0.6476031102362204
0
LINE
8
BLACK
6
CONTINUOUS
10
0.734371653543307
20
0.6476031102362204
11
0.733132874015748
21
0.649457125984252
0
LINE
8
BLACK
6
CONTINUOUS
10
0.733132874015748
20
0.649457125984252
11
0.7335679133858267
21
0.6516440944881889
0
LINE
8
BLACK
6
CONTINUOUS
10
0.7335679133858267
20
0.6516440944881889
11
0.7339300393700787
21
0.6520853937007874
0
LINE
8
BLACK
6
CONTINUOUS
10
0.7339300393700787
20
0.6520853937007874
11
0.7396699999999999
21
0.6578253937007874
0
LINE
8
BLACK
6
CONTINUOUS
10
0.7396699999999999
20
0.6578253937007874
11
0.7417300787401575
21
0.6586786614173228
0
LINE
8
BLACK
6
CONTINUOUS
10
0.7417300787401575
20
0.6586786614173228
11
0.743790157480315
21
0.6578253543307087
0
LINE
8
BLACK
6
CONTINUOUS
10
0.743790157480315
20
0.6578253543307087
11
0.7453438582677165
21
0.6562716535433071
0
LINE
8
BLACK
6
CONTINUOUS
10
0.7453438582677165
20
0.6562716535433071
11
0.7497173622047244
21
0.6541335826771654
0
LINE
8
BLACK
6
CONTINUOUS
10
0.7497173622047244
20
0.6541335826771654
11
0.7525527165354331
21
0.6537204724409449
0
LINE
8
BLACK
6
CONTINUOUS
10
0.7525527165354331
20
0.6537204724409449
11
0.8104393700787401
21
0.6537205118110236
0
LINE
8
BLACK
6
CONTINUOUS
10
0.8104393700787401
20
0.6537205118110236
11
0.8132747637795276
21
0.6541335826771654
0
LINE
8
BLACK
6
CONTINUOUS
10
0.8132747637795276
20
0.6541335826771654
11
0.8176482677165354
21
0.6562716535433071
0
LINE
8
BLACK
6
CONTINUOUS
10
0.8176482677165354
20
0.6562716535433071
11
0.8210905511811023
21
0.659713937007874
0
LINE
8
BLACK
6
CONTINUOUS
10
0.8210905511811023
20
0.659713937007874
11
0.8232286220472441
21
0.6640874409448819
0
LINE
8
BLACK
6
CONTINUOUS
10
0.8232286220472441
20
0.6640874409448819
11
0.8236417322834646
21
0.6669227952755905
0
LINE
8
BLACK
6
CONTINUOUS
10
0.8236417322834646
20
0.6669227952755905
11
0.8236416929133858
21
0.6815023622047244
0
LINE
8
BLACK
6
CONTINUOUS
10
0.8236416929133858
20
0.6815023622047244
11
0.8232286220472441
21
0.6843377559055118
0
LINE
8
BLACK
6
CONTINUOUS
10
0.8232286220472441
20
0.6843377559055118
11
0.8210905511811023
21
0.6887112598425197
0
LINE
8
BLACK
6
CONTINUOUS
10
0.8210905511811023
20
0.6887112598425197
11
0.8176482677165354
21
0.6921535433070866
0
LINE
8
BLACK
6
CONTINUOUS
10
0.8176482677165354
20
0.6921535433070866
11
0.8132747637795276
21
0.6942916141732284
0
LINE
8
BLACK
6
CONTINUOUS
10
0.8132747637795276
20
0.6942916141732284
11
0.8104394094488189
21
0.6947047244094487
0
LINE
8
BLACK
6
CONTINUOUS
10
0.8104394094488189
20
0.6947047244094487
11
0.8104393700787401
21
0.6947047244094487
0
LINE
8
BLACK
6
CONTINUOUS
10
0.8104393700787401
20
0.6947047244094487
11
0.7525527559055117
21
0.6947047244094487
0
LINE
8
BLACK
6
CONTINUOUS
10
0.7525527559055117
20
0.6947047244094487
11
0.7497172834645669
21
0.6942916141732284
0
LINE
8
BLACK
6
CONTINUOUS
10
0.7497172834645669
20
0.6942916141732284
11
0.7453438582677165
21
0.6921535826771653
0
LINE
8
BLACK
6
CONTINUOUS
10
0.7453438582677165
20
0.6921535826771653
11
0.7419016141732283
21
0.6887113385826772
0
LINE
8
BLACK
6
CONTINUOUS
10
0.7419016141732283
20
0.6887113385826772
11
0.7419015748031496
21
0.6887112992125984
0
LINE
8
BLACK
6
CONTINUOUS
10
0.7419015748031496
20
0.6887112992125984
11
0.7419015748031496
21
0.6887112598425197
0
LINE
8
BLACK
6
CONTINUOUS
10
0.7419015748031496
20
0.6887112598425197
11
0.7417809448818897
21
0.6884645669291338
0
LINE
8
BLACK
6
CONTINUOUS
10
0.7417809448818897
20
0.6884645669291338
11
0.74010968503937
21
0.6869885826771653
0
LINE
8
BLACK
6
CONTINUOUS
10
0.74010968503937
20
0.6869885826771653
11
0.7391636220472441
21
0.6868307086614173
0
LINE
8
BLACK
6
CONTINUOUS
10
0.7391636220472441
20
0.6868307086614173
11
0.7365513779527559
21
0.6868307086614173
0
LINE
8
BLACK
6
CONTINUOUS
10
0.7365513779527559
20
0.6868307086614173
11
0.7349467716535433
21
0.6864007874015748
0
LINE
8
BLACK
6
CONTINUOUS
10
0.7349467716535433
20
0.6864007874015748
11
0.733342125984252
21
0.6859708267716536
0
LINE
8
BLACK
6
CONTINUOUS
10
0.733342125984252
20
0.6859708267716536
11
0.733341968503937
21
0.685970748031496
0
LINE
8
BLACK
6
CONTINUOUS
10
0.733341968503937
20
0.685970748031496
11
0.7304649606299213
21
0.6843096850393701
0
LINE
8
BLACK
6
CONTINUOUS
10
0.7304649606299213
20
0.6843096850393701
11
0.730464842519685
21
0.6843096062992126
0
LINE
8
BLACK
6
CONTINUOUS
10
0.730464842519685
20
0.6843096062992126
11
0.7281155511811024
21
0.6819603543307087
0
LINE
8
BLACK
6
CONTINUOUS
10
0.7281155511811024
20
0.6819603543307087
11
0.7281155905511811
21
0.6819603149606299
0
LINE
8
BLACK
6
CONTINUOUS
10
0.7281155905511811
20
0.6819603149606299
11
0.7281155118110236
21
0.6819602362204724
0
LINE
8
BLACK
6
CONTINUOUS
10
0.7281155118110236
20
0.6819602362204724
11
0.725
21
0.6788447244094488
0
LINE
8
BLACK
6
CONTINUOUS
10
0.725
20
0.6788447244094488
11
0.7122523622047244
21
0.6660970866141732
0
LINE
8
BLACK
6
CONTINUOUS
10
0.7122523622047244
20
0.6660970866141732
11
0.7122522834645669
21
0.6660970078740157
0
LINE
8
BLACK
6
CONTINUOUS
10
0.7122522834645669
20
0.6660970078740157
11
0.7122522440944882
21
0.6660970472440945
0
LINE
8
BLACK
6
CONTINUOUS
10
0.7122522440944882
20
0.6660970472440945
11
0.7099029921259843
21
0.6637477559055118
0
LINE
8
BLACK
6
CONTINUOUS
10
0.7099029921259843
20
0.6637477559055118
11
0.7099029133858268
21
0.6637476377952756
0
LINE
8
BLACK
6
CONTINUOUS
10
0.7099029133858268
20
0.6637476377952756
11
0.7082418503937008
21
0.6608706299212598
0
LINE
8
BLACK
6
CONTINUOUS
10
0.7082418503937008
20
0.6608706299212598
11
0.7082417716535433
21
0.6608704724409449
0
LINE
8
BLACK
6
CONTINUOUS
10
0.7082417716535433
20
0.6608704724409449
11
0.707811811023622
21
0.6592658267716536
0
LINE
8
BLACK
6
CONTINUOUS
10
0.707811811023622
20
0.6592658267716536
11
0.7076545275590551
21
0.6586786614173228
0
LINE
8
BLACK
6
CONTINUOUS
10
0.7076545275590551
20
0.6586786614173228
11
0.7073818897637795
21
0.6576611811023622
0
LINE
8
BLACK
6
CONTINUOUS
10
0.7073818897637795
20
0.6576611811023622
11
0.7073818897637795
21
0.6496281496062992
0
LINE
8
BLACK
6
CONTINUOUS
10
0.7073818897637795
20
0.6496281496062992
11
0.7065285826771653
21
0.6475680708661418
0
LINE
8
BLACK
6
CONTINUOUS
10
0.7065285826771653
20
0.6475680708661418
11
0.7060871259842519
21
0.6472057874015748
0
LINE
8
BLACK
6
CONTINUOUS
10
0.7060871259842519
20
0.6472057874015748
11
0.7049542519685039
21
0.6464488582677165
0
LINE
8
BLACK
6
CONTINUOUS
10
0.7049542519685039
20
0.6464488582677165
11
0.7015512204724409
21
0.6430458267716536
0
LINE
8
BLACK
6
CONTINUOUS
10
0.7015512204724409
20
0.6430458267716536
11
0.6988777952755906
21
0.6390447637795276
0
LINE
8
BLACK
6
CONTINUOUS
10
0.6988777952755906
20
0.6390447637795276
11
0.6970364173228346
21
0.6345992125984252
0
LINE
8
BLACK
6
CONTINUOUS
10
0.6970364173228346
20
0.6345992125984252
11
0.6970362992125985
21
0.6345988188976378
0
LINE
8
BLACK
6
CONTINUOUS
10
0.6970362992125985
20
0.6345988188976378
11
0.6964142519685039
21
0.6314714173228346
0
LINE
8
BLACK
6
CONTINUOUS
10
0.6964142519685039
20
0.6314714173228346
11
0.6960975590551181
21
0.6298793700787402
0
LINE
8
BLACK
6
CONTINUOUS
10
0.6960975590551181
20
0.6298793700787402
11
0.6960975590551181
21
0.6250672440944882
0
LINE
8
BLACK
6
CONTINUOUS
10
0.6960975590551181
20
0.6250672440944882
11
0.6963927952755905
21
0.6235829921259842
0
LINE
8
BLACK
6
CONTINUOUS
10
0.6963927952755905
20
0.6235829921259842
11
0.6970362992125985
21
0.6203478346456692
0
LINE
8
BLACK
6
CONTINUOUS
10
0.6970362992125985
20
0.6203478346456692
11
0.6970364173228346
21
0.6203474409448819
0
LINE
8
BLACK
6
CONTINUOUS
10
0.6970364173228346
20
0.6203474409448819
11
0.6988777559055118
21
0.615901968503937
0
LINE
8
BLACK
6
CONTINUOUS
10
0.6988777559055118
20
0.615901968503937
11
0.6988778346456693
21
0.6159018503937008
0
LINE
8
BLACK
6
CONTINUOUS
10
0.6988778346456693
20
0.6159018503937008
11
0.698877874015748
21
0.6159017716535433
0
LINE
8
BLACK
6
CONTINUOUS
10
0.698877874015748
20
0.6159017716535433
11
0.6995452755905511
21
0.6149029133858268
0
LINE
8
BLACK
6
CONTINUOUS
10
0.6995452755905511
20
0.6149029133858268
11
0.7004229921259842
21
0.6135893700787401
0
LINE
8
BLACK
6
CONTINUOUS
10
0.7004229921259842
20
0.6135893700787401
11
0.7005234645669292
21
0.6134277559055118
0
LINE
8
BLACK
6
CONTINUOUS
10
0.7005234645669292
20
0.6134277559055118
11
0.7006308661417323
21
0.6132417716535433
0
LINE
8
BLACK
6
CONTINUOUS
10
0.7006308661417323
20
0.6132417716535433
11
0.7012624409448819
21
0.612147874015748
0
LINE
8
BLACK
6
CONTINUOUS
10
0.7012624409448819
20
0.612147874015748
11
0.7016527559055118
21
0.6106911811023622
0
LINE
8
BLACK
6
CONTINUOUS
10
0.7016527559055118
20
0.6106911811023622
11
0.7016527559055118
21
0.4957042519685039
0
LINE
8
BLACK
6
CONTINUOUS
10
0.7016527559055118
20
0.4957042519685039
11
0.7007994488188977
21
0.4936441732283465
0
LINE
8
BLACK
6
CONTINUOUS
10
0.7007994488188977
20
0.4936441732283465
11
0.6836546850393701
21
0.4764994488188976
0
LINE
8
BLACK
6
CONTINUOUS
10
0.6836546850393701
20
0.4764994488188976
11
0.6815946062992125
21
0.4756461417322835
0
LINE
8
BLACK
6
CONTINUOUS
10
0.6815946062992125
20
0.4756461417322835
11
0.6795345275590551
21
0.4764994488188976
0
LINE
8
BLACK
6
CONTINUOUS
10
0.6795345275590551
20
0.4764994488188976
11
0.6786812204724409
21
0.4785595275590551
0
LINE
8
BLACK
6
CONTINUOUS
10
0.6786812204724409
20
0.4785595275590551
11
0.6787969291338583
21
0.4793724015748032
0
LINE
8
BLACK
6
CONTINUOUS
10
0.6787969291338583
20
0.4793724015748032
11
0.6793389763779527
21
0.481238031496063
0
LINE
8
BLACK
6
CONTINUOUS
10
0.6793389763779527
20
0.481238031496063
11
0.6794488188976378
21
0.4826334645669291
0
LINE
8
BLACK
6
CONTINUOUS
10
0.6794488188976378
20
0.4826334645669291
11
0.6794488188976378
21
0.4841338582677165
0
LINE
8
BLACK
6
CONTINUOUS
10
0.6794488188976378
20
0.4841338582677165
11
0.663505
21
0.4841338582677165
0
LINE
8
BLACK
6
CONTINUOUS
10
0.663505
20
0.4841338582677165
11
0.6630264960629921
21
0.4817281889763779
0
LINE
8
BLACK
6
CONTINUOUS
10
0.6630264960629921
20
0.4817281889763779
11
0.6611062598425197
21
0.4788543700787402
0
LINE
8
BLACK
6
CONTINUOUS
10
0.6611062598425197
20
0.4788543700787402
11
0.6582324409448819
21
0.4769341338582677
0
LINE
8
BLACK
6
CONTINUOUS
10
0.6582324409448819
20
0.4769341338582677
11
0.6548425196850394
21
0.476259842519685
0
LINE
8
BLACK
6
CONTINUOUS
10
0.6548425196850394
20
0.476259842519685
11
0.6548425196850394
21
0.460511811023622
0
LINE
8
BLACK
6
CONTINUOUS
10
0.6548425196850394
20
0.460511811023622
11
0.6573271653543307
21
0.460511811023622
0
LINE
8
BLACK
6
CONTINUOUS
10
0.6573271653543307
20
0.460511811023622
11
0.6587225984251969
21
0.4606216535433071
0
LINE
8
BLACK
6
CONTINUOUS
10
0.6587225984251969
20
0.4606216535433071
11
0.6605882283464567
21
0.4611637007874015
0
LINE
8
BLACK
6
CONTINUOUS
10
0.6605882283464567
20
0.4611637007874015
11
0.6628045669291338
21
0.4609190551181102
0
LINE
8
BLACK
6
CONTINUOUS
10
0.6628045669291338
20
0.4609190551181102
11
0.664198779527559
21
0.4591788976377953
0
LINE
8
BLACK
6
CONTINUOUS
10
0.664198779527559
20
0.4591788976377953
11
0.6639541338582677
21
0.4569625590551181
0
LINE
8
BLACK
6
CONTINUOUS
10
0.6639541338582677
20
0.4569625590551181
11
0.6634611811023622
21
0.4563059448818897
0
LINE
8
BLACK
6
CONTINUOUS
10
0.6634611811023622
20
0.4563059448818897
11
0.6473983070866142
21
0.4402430708661417
0
LINE
8
BLACK
6
CONTINUOUS
10
0.6473983070866142
20
0.4402430708661417
11
0.6453382283464567
21
0.4393897637795275
0
LINE
8
BLACK
6
CONTINUOUS
10
0.6453382283464567
20
0.4393897637795275
11
0.6228701574803149
21
0.4393897637795275
0
LINE
8
BLACK
6
CONTINUOUS
10
0.6228701574803149
20
0.4393897637795275
11
0.6189935826771653
21
0.4387758267716536
0
LINE
8
BLACK
6
CONTINUOUS
10
0.6189935826771653
20
0.4387758267716536
11
0.6189934251968504
21
0.438775748031496
0
LINE
8
BLACK
6
CONTINUOUS
10
0.6189934251968504
20
0.438775748031496
11
0.6143212992125984
21
0.4363951968503937
0
LINE
8
BLACK
6
CONTINUOUS
10
0.6143212992125984
20
0.4363951968503937
11
0.6142310236220472
21
0.4363295669291338
0
LINE
8
BLACK
6
CONTINUOUS
10
0.6142310236220472
20
0.4363295669291338
11
0.6141583070866141
21
0.436312125984252
0
LINE
8
BLACK
6
CONTINUOUS
10
0.6141583070866141
20
0.436312125984252
11
0.6141167716535433
21
0.4362909448818897
0
LINE
8
BLACK
6
CONTINUOUS
10
0.6141167716535433
20
0.4362909448818897
11
0.6141116535433071
21
0.4363009448818898
0
LINE
8
BLACK
6
CONTINUOUS
10
0.6141116535433071
20
0.4363009448818898
11
0.6120627952755905
21
0.4358090551181102
0
LINE
8
BLACK
6
CONTINUOUS
10
0.6120627952755905
20
0.4358090551181102
11
0.6106701181102362
21
0.4364346850393701
0
LINE
8
BLACK
6
CONTINUOUS
10
0.6106701181102362
20
0.4364346850393701
11
0.6105727165354331
21
0.4365146456692913
0
LINE
8
BLACK
6
CONTINUOUS
10
0.6105727165354331
20
0.4365146456692913
11
0.6105726377952756
21
0.4365147244094488
0
LINE
8
BLACK
6
CONTINUOUS
10
0.6105726377952756
20
0.4365147244094488
11
0.6065715354330709
21
0.439188188976378
0
LINE
8
BLACK
6
CONTINUOUS
10
0.6065715354330709
20
0.439188188976378
11
0.6065714960629921
21
0.4391882283464567
0
LINE
8
BLACK
6
CONTINUOUS
10
0.6065714960629921
20
0.4391882283464567
11
0.6065714173228346
21
0.4391882677165354
0
LINE
8
BLACK
6
CONTINUOUS
10
0.6065714173228346
20
0.4391882677165354
11
0.6021258661417322
21
0.4410296456692913
0
LINE
8
BLACK
6
CONTINUOUS
10
0.6021258661417322
20
0.4410296456692913
11
0.6021254724409448
21
0.4410297637795276
0
LINE
8
BLACK
6
CONTINUOUS
10
0.6021254724409448
20
0.4410297637795276
11
0.5986822440944882
21
0.4417146456692913
0
LINE
8
BLACK
6
CONTINUOUS
10
0.5986822440944882
20
0.4417146456692913
11
0.597406062992126
21
0.4419685039370079
0
LINE
8
BLACK
6
CONTINUOUS
10
0.597406062992126
20
0.4419685039370079
11
0.592593937007874
21
0.4419685039370079
0
LINE
8
BLACK
6
CONTINUOUS
10
0.592593937007874
20
0.4419685039370079
11
0.5913177559055118
21
0.4417146456692913
0
LINE
8
BLACK
6
CONTINUOUS
10
0.5913177559055118
20
0.4417146456692913
11
0.5878744881889764
21
0.4410297637795276
0
LINE
8
BLACK
6
CONTINUOUS
10
0.5878744881889764
20
0.4410297637795276
11
0.5878742913385827
21
0.4410296850393701
0
LINE
8
BLACK
6
CONTINUOUS
10
0.5878742913385827
20
0.4410296850393701
11
0.5857211023622048
21
0.4401378346456693
0
LINE
8
BLACK
6
CONTINUOUS
10
0.5857211023622048
20
0.4401378346456693
11
0.5834912992125985
21
0.440137874015748
0
LINE
8
BLACK
6
CONTINUOUS
10
0.5834912992125985
20
0.440137874015748
11
0.5819146062992125
21
0.4417146456692913
0
LINE
8
BLACK
6
CONTINUOUS
10
0.5819146062992125
20
0.4417146456692913
11
0.581692874015748
21
0.4428295275590551
0
LINE
8
BLACK
6
CONTINUOUS
10
0.581692874015748
20
0.4428295275590551
11
0.5816929133858267
21
0.4449763779527559
0
LINE
8
BLACK
6
CONTINUOUS
10
0.5816929133858267
20
0.4449763779527559
11
0.5659448818897638
21
0.4449763779527559
0
LINE
8
BLACK
6
CONTINUOUS
10
0.5659448818897638
20
0.4449763779527559
11
0.5659448818897638
21
0.4213543700787402
0
LINE
8
BLACK
6
CONTINUOUS
10
0.5659448818897638
20
0.4213543700787402
11
0.5671841732283465
21
0.4213543700787402
0
LINE
8
BLACK
6
CONTINUOUS
10
0.5671841732283465
20
0.4213543700787402
11
0.567201062992126
21
0.4213570472440945
0
LINE
8
BLACK
6
CONTINUOUS
10
0.567201062992126
20
0.4213570472440945
11
0.5672053149606299
21
0.4213560236220472
0
LINE
8
BLACK
6
CONTINUOUS
10
0.5672053149606299
20
0.4213560236220472
11
0.5672984645669291
21
0.4213633464566929
0
LINE
8
BLACK
6
CONTINUOUS
10
0.5672984645669291
20
0.4213633464566929
11
0.5673008267716535
21
0.4213331496062992
0
LINE
8
BLACK
6
CONTINUOUS
10
0.5673008267716535
20
0.4213331496062992
11
0.5693693700787401
21
0.4208370078740157
0
LINE
8
BLACK
6
CONTINUOUS
10
0.5693693700787401
20
0.4208370078740157
11
0.5705348818897638
21
0.418936062992126
0
LINE
8
BLACK
6
CONTINUOUS
10
0.5705348818897638
20
0.418936062992126
11
0.5705708661417322
21
0.4184796456692914
0
LINE
8
BLACK
6
CONTINUOUS
10
0.5705708661417322
20
0.4184796456692914
11
0.5705708661417322
21
0.4151333858267716
0
LINE
8
BLACK
6
CONTINUOUS
10
0.5705708661417322
20
0.4151333858267716
11
0.5715096062992125
21
0.4104138976377953
0
LINE
8
BLACK
6
CONTINUOUS
10
0.5715096062992125
20
0.4104138976377953
11
0.5715097244094488
21
0.4104135039370079
0
LINE
8
BLACK
6
CONTINUOUS
10
0.5715097244094488
20
0.4104135039370079
11
0.5733511023622047
21
0.4059679527559055
0
LINE
8
BLACK
6
CONTINUOUS
10
0.5733511023622047
20
0.4059679527559055
11
0.5743567716535433
21
0.4044628346456693
0
LINE
8
BLACK
6
CONTINUOUS
10
0.5743567716535433
20
0.4044628346456693
11
0.5760246456692913
21
0.4019667322834646
0
LINE
8
BLACK
6
CONTINUOUS
10
0.5760246456692913
20
0.4019667322834646
11
0.578399842519685
21
0.3995915354330709
0
LINE
8
BLACK
6
CONTINUOUS
10
0.578399842519685
20
0.3995915354330709
11
0.5792531496062991
21
0.3975314960629921
0
LINE
8
BLACK
6
CONTINUOUS
10
0.5792531496062991
20
0.3975314960629921
11
0.578399842519685
21
0.3954714173228346
0
LINE
8
BLACK
6
CONTINUOUS
10
0.578399842519685
20
0.3954714173228346
11
0.5763397637795276
21
0.3946181102362205
0
LINE
8
BLACK
6
CONTINUOUS
10
0.5763397637795276
20
0.3946181102362205
11
0.5417561811023622
21
0.3946181102362205
0
LINE
8
BLACK
6
CONTINUOUS
10
0.5417561811023622
20
0.3946181102362205
11
0.5396961023622047
21
0.3954714173228346
0
LINE
8
BLACK
6
CONTINUOUS
10
0.5396961023622047
20
0.3954714173228346
11
0.5351249606299212
21
0.4000425590551181
0
LINE
8
BLACK
6
CONTINUOUS
10
0.5351249606299212
20
0.4000425590551181
11
0.5342716535433071
21
0.4021026377952756
0
LINE
8
BLACK
6
CONTINUOUS
10
0.5342716535433071
20
0.4021026377952756
11
0.5342716535433071
21
0.4184410236220472
0
LINE
8
BLACK
6
CONTINUOUS
10
0.5342716535433071
20
0.4184410236220472
11
0.5351249606299212
21
0.4205011023622047
0
LINE
8
BLACK
6
CONTINUOUS
10
0.5351249606299212
20
0.4205011023622047
11
0.5358744881889763
21
0.4208116141732283
0
LINE
8
BLACK
6
CONTINUOUS
10
0.5358744881889763
20
0.4208116141732283
11
0.5364173228346456
21
0.4213544094488189
0
LINE
8
BLACK
6
CONTINUOUS
10
0.5364173228346456
20
0.4213544094488189
11
0.5364173228346456
21
0.4371023622047244
0
LINE
8
BLACK
6
CONTINUOUS
10
0.5364173228346456
20
0.4371023622047244
11
0.5364173228346456
21
0.4626929133858267
0
LINE
8
BLACK
6
CONTINUOUS
10
0.5364173228346456
20
0.4626929133858267
11
0.5462598425196851
21
0.4626929133858267
0
LINE
8
BLACK
6
CONTINUOUS
10
0.5462598425196851
20
0.4626929133858267
11
0.5462598425196851
21
0.4498976377952756
0
LINE
8
BLACK
6
CONTINUOUS
10
0.5462598425196851
20
0.4498976377952756
11
0.5462598425196851
21
0.4469842519685039
0
LINE
8
BLACK
6
CONTINUOUS
10
0.5462598425196851
20
0.4469842519685039
11
0.5462598425196851
21
0.4213543700787402
0
LINE
8
BLACK
6
CONTINUOUS
10
0.5462598425196851
20
0.4213543700787402
11
0.5474992519685039
21
0.4213543700787402
0
LINE
8
BLACK
6
CONTINUOUS
10
0.5474992519685039
20
0.4213543700787402
11
0.5507252755905512
21
0.4218653149606299
0
LINE
8
BLACK
6
CONTINUOUS
10
0.5507252755905512
20
0.4218653149606299
11
0.5516367716535433
21
0.4218653149606299
0
LINE
8
BLACK
6
CONTINUOUS
10
0.5516367716535433
20
0.4218653149606299
11
0.554862874015748
21
0.4213543700787402
0
LINE
8
BLACK
6
CONTINUOUS
10
0.554862874015748
20
0.4213543700787402
11
0.5561023228346457
21
0.4213544094488189
0
LINE
8
BLACK
6
CONTINUOUS
10
0.5561023228346457
20
0.4213544094488189
11
0.5561023622047244
21
0.4213544094488189
0
LINE
8
BLACK
6
CONTINUOUS
10
0.5561023622047244
20
0.4213544094488189
11
0.5561023622047244
21
0.4371023622047244
0
LINE
8
BLACK
6
CONTINUOUS
10
0.5561023622047244
20
0.4371023622047244
11
0.5561023622047244
21
0.4626929133858267
0
LINE
8
BLACK
6
CONTINUOUS
10
0.5561023622047244
20
0.4626929133858267
11
0.5659448818897638
21
0.4626929133858267
0
LINE
8
BLACK
6
CONTINUOUS
10
0.5659448818897638
20
0.4626929133858267
11
0.5659448818897638
21
0.4548188976377953
0
LINE
8
BLACK
6
CONTINUOUS
10
0.5659448818897638
20
0.4548188976377953
11
0.581692874015748
21
0.4548188976377953
0
LINE
8
BLACK
6
CONTINUOUS
10
0.581692874015748
20
0.4548188976377953
11
0.581692874015748
21
0.4554006692913385
0
LINE
8
BLACK
6
CONTINUOUS
10
0.581692874015748
20
0.4554006692913385
11
0.5825461811023622
21
0.4574607480314961
0
LINE
8
BLACK
6
CONTINUOUS
10
0.5825461811023622
20
0.4574607480314961
11
0.5834754330708661
21
0.4580301181102362
0
LINE
8
BLACK
6
CONTINUOUS
10
0.5834754330708661
20
0.4580301181102362
11
0.5834629133858268
21
0.4580547244094488
0
LINE
8
BLACK
6
CONTINUOUS
10
0.5834629133858268
20
0.4580547244094488
11
0.5881120472440945
21
0.4604236614173228
0
LINE
8
BLACK
6
CONTINUOUS
10
0.5881120472440945
20
0.4604236614173228
11
0.5916393307086614
21
0.4639509448818898
0
LINE
8
BLACK
6
CONTINUOUS
10
0.5916393307086614
20
0.4639509448818898
11
0.5939040944881889
21
0.4683957086614173
0
LINE
8
BLACK
6
CONTINUOUS
10
0.5939040944881889
20
0.4683957086614173
11
0.5939040944881889
21
0.468395748031496
0
LINE
8
BLACK
6
CONTINUOUS
10
0.5939040944881889
20
0.468395748031496
11
0.5944881889763779
21
0.4720834251968504
0
LINE
8
BLACK
6
CONTINUOUS
10
0.5944881889763779
20
0.4720834251968504
11
0.5944881889763779
21
0.4826334645669291
0
LINE
8
BLACK
6
CONTINUOUS
10
0.5944881889763779
20
0.4826334645669291
11
0.5944881889763779
21
0.4961574803149606
0
LINE
8
BLACK
6
CONTINUOUS
10
0.5944881889763779
20
0.4961574803149606
11
0.5787401574803149
21
0.4961574803149606
0
LINE
8
BLACK
6
CONTINUOUS
10
0.5787401574803149
20
0.4961574803149606
11
0.5787401574803149
21
0.4733228346456693
0
LINE
8
BLACK
6
CONTINUOUS
10
0.5787401574803149
20
0.4733228346456693
11
0.405511811023622
21
0.4733228346456693
0
LINE
8
BLACK
6
CONTINUOUS
10
0.405511811023622
20
0.4733228346456693
11
0.405511811023622
21
0.4961574803149606
0
LINE
8
BLACK
6
CONTINUOUS
10
0.405511811023622
20
0.4961574803149606
11
0.3897638188976378
21
0.4961574803149606
0
LINE
8
BLACK
6
CONTINUOUS
10
0.3897638188976378
20
0.4961574803149606
11
0.3897638188976378
21
0.4720833858267716
0
LINE
8
BLACK
6
CONTINUOUS
10
0.3897638188976378
20
0.4720833858267716
11
0.3903477952755905
21
0.468395748031496
0
LINE
8
BLACK
6
CONTINUOUS
10
0.3903477952755905
20
0.468395748031496
11
0.3903478346456693
21
0.4683957086614173
0
LINE
8
BLACK
6
CONTINUOUS
10
0.3903478346456693
20
0.4683957086614173
11
0.3926125984251969
21
0.4639509448818898
0
LINE
8
BLACK
6
CONTINUOUS
10
0.3926125984251969
20
0.4639509448818898
11
0.3961398818897638
21
0.4604236614173228
0
LINE
8
BLACK
6
CONTINUOUS
10
0.3961398818897638
20
0.4604236614173228
11
0.4005846456692913
21
0.4581588976377953
0
LINE
8
BLACK
6
CONTINUOUS
10
0.4005846456692913
20
0.4581588976377953
11
0.4042723228346456
21
0.4575748425196851
0
LINE
8
BLACK
6
CONTINUOUS
10
0.4042723228346456
20
0.4575748425196851
11
0.4067125590551181
21
0.4575748425196851
0
LINE
8
BLACK
6
CONTINUOUS
10
0.4067125590551181
20
0.4575748425196851
11
0.4087726377952756
21
0.4567215748031496
0
LINE
8
BLACK
6
CONTINUOUS
10
0.4087726377952756
20
0.4567215748031496
11
0.4096259842519685
21
0.4546614960629921
0
LINE
8
BLACK
6
CONTINUOUS
10
0.4096259842519685
20
0.4546614960629921
11
0.4096259842519685
21
0.4363097637795276
0
LINE
8
BLACK
6
CONTINUOUS
10
0.4096259842519685
20
0.4363097637795276
11
0.4087726771653543
21
0.4342496850393701
0
LINE
8
BLACK
6
CONTINUOUS
10
0.4087726771653543
20
0.4342496850393701
11
0.4078275196850394
21
0.4336181496062992
0
LINE
8
BLACK
6
CONTINUOUS
10
0.4078275196850394
20
0.4336181496062992
11
0.4038024803149606
21
0.4319509448818897
0
LINE
8
BLACK
6
CONTINUOUS
10
0.4038024803149606
20
0.4319509448818897
11
0.3998014960629921
21
0.4292775590551181
0
LINE
8
BLACK
6
CONTINUOUS
10
0.3998014960629921
20
0.4292775590551181
11
0.3963985433070866
21
0.4258746062992126
0
LINE
8
BLACK
6
CONTINUOUS
10
0.3963985433070866
20
0.4258746062992126
11
0.3937251181102362
21
0.4218735433070866
0
LINE
8
BLACK
6
CONTINUOUS
10
0.3937251181102362
20
0.4218735433070866
11
0.3918837401574803
21
0.4174279921259842
0
LINE
8
BLACK
6
CONTINUOUS
10
0.3918837401574803
20
0.4174279921259842
11
0.3918836220472441
21
0.4174275984251968
0
LINE
8
BLACK
6
CONTINUOUS
10
0.3918836220472441
20
0.4174275984251968
11
0.3909448818897638
21
0.4127081102362204
0
LINE
8
BLACK
6
CONTINUOUS
10
0.3909448818897638
20
0.4127081102362204
11
0.3909448818897638
21
0.4078961023622047
0
LINE
8
BLACK
6
CONTINUOUS
10
0.3909448818897638
20
0.4078961023622047
11
0.3918836220472441
21
0.4031766141732284
0
LINE
8
BLACK
6
CONTINUOUS
10
0.3918836220472441
20
0.4031766141732284
11
0.3918837401574803
21
0.4031762204724409
0
LINE
8
BLACK
6
CONTINUOUS
10
0.3918837401574803
20
0.4031762204724409
11
0.3937251181102362
21
0.3987306692913385
0
LINE
8
BLACK
6
CONTINUOUS
10
0.3937251181102362
20
0.3987306692913385
11
0.394724842519685
21
0.3972344488188976
0
LINE
8
BLACK
6
CONTINUOUS
10
0.394724842519685
20
0.3972344488188976
11
0.3963986614173228
21
0.3947294488188977
0
LINE
8
BLACK
6
CONTINUOUS
10
0.3963986614173228
20
0.3947294488188977
11
0.3995365748031496
21
0.3915915354330708
0
LINE
8
BLACK
6
CONTINUOUS
10
0.3995365748031496
20
0.3915915354330708
11
0.4003898818897638
21
0.3895314960629921
0
LINE
8
BLACK
6
CONTINUOUS
10
0.4003898818897638
20
0.3895314960629921
11
0.3995365748031496
21
0.3874714173228346
0
LINE
8
BLACK
6
CONTINUOUS
10
0.3995365748031496
20
0.3874714173228346
11
0.3974764960629921
21
0.3866181102362204
0
LINE
8
BLACK
6
CONTINUOUS
10
0.3974764960629921
20
0.3866181102362204
11
0.3864333858267717
21
0.3866181102362204
0
LINE
8
BLACK
6
CONTINUOUS
10
0.3864333858267717
20
0.3866181102362204
11
0.3843733070866142
21
0.3874714173228346
0
LINE
8
BLACK
6
CONTINUOUS
10
0.3843733070866142
20
0.3874714173228346
11
0.3682351574803149
21
0.4036095669291339
0
LINE
8
BLACK
6
CONTINUOUS
10
0.3682351574803149
20
0.4036095669291339
11
0.3673818503937008
21
0.4056696456692913
0
LINE
8
BLACK
6
CONTINUOUS
10
0.3673818503937008
20
0.4056696456692913
11
0.3673818503937008
21
0.4186967716535433
0
LINE
8
BLACK
6
CONTINUOUS
10
0.3673818503937008
20
0.4186967716535433
11
0.3667679133858268
21
0.4225733464566929
0
LINE
8
BLACK
6
CONTINUOUS
10
0.3667679133858268
20
0.4225733464566929
11
0.366767874015748
21
0.4225733858267716
0
LINE
8
BLACK
6
CONTINUOUS
10
0.366767874015748
20
0.4225733858267716
11
0.366683031496063
21
0.4227399212598425
0
LINE
8
BLACK
6
CONTINUOUS
10
0.366683031496063
20
0.4227399212598425
11
0.3643871259842519
21
0.4272458661417323
0
LINE
8
BLACK
6
CONTINUOUS
10
0.3643871259842519
20
0.4272458661417323
11
0.360678937007874
21
0.4309540551181102
0
LINE
8
BLACK
6
CONTINUOUS
10
0.360678937007874
20
0.4309540551181102
11
0.357089842519685
21
0.4327827952755905
0
LINE
8
BLACK
6
CONTINUOUS
10
0.357089842519685
20
0.4327827952755905
11
0.3560064173228346
21
0.433334842519685
0
LINE
8
BLACK
6
CONTINUOUS
10
0.3560064173228346
20
0.433334842519685
11
0.3521298031496063
21
0.4339488188976378
0
LINE
8
BLACK
6
CONTINUOUS
10
0.3521298031496063
20
0.4339488188976378
11
0.3278701574803149
21
0.4339488188976378
0
LINE
8
BLACK
6
CONTINUOUS
10
0.3278701574803149
20
0.4339488188976378
11
0.3239935826771653
21
0.4333348818897638
0
LINE
8
BLACK
6
CONTINUOUS
10
0.3239935826771653
20
0.4333348818897638
11
0.3239934251968504
21
0.4333348031496063
0
LINE
8
BLACK
6
CONTINUOUS
10
0.3239934251968504
20
0.4333348031496063
11
0.3193211023622047
21
0.4309541338582677
0
LINE
8
BLACK
6
CONTINUOUS
10
0.3193211023622047
20
0.4309541338582677
11
0.3193209448818898
21
0.4309540157480315
0
LINE
8
BLACK
6
CONTINUOUS
10
0.3193209448818898
20
0.4309540157480315
11
0.3174725984251968
21
0.4291056692913386
0
LINE
8
BLACK
6
CONTINUOUS
10
0.3174725984251968
20
0.4291056692913386
11
0.3154125196850394
21
0.4282523622047244
0
LINE
8
BLACK
6
CONTINUOUS
10
0.3154125196850394
20
0.4282523622047244
11
0.3137939763779528
21
0.4287433464566929
0
LINE
8
BLACK
6
CONTINUOUS
10
0.3137939763779528
20
0.4287433464566929
11
0.3124387795275591
21
0.4296488582677165
0
LINE
8
BLACK
6
CONTINUOUS
10
0.3124387795275591
20
0.4296488582677165
11
0.3079931496062992
21
0.4314902755905512
0
LINE
8
BLACK
6
CONTINUOUS
10
0.3079931496062992
20
0.4314902755905512
11
0.3079927559055118
21
0.4314903937007874
0
LINE
8
BLACK
6
CONTINUOUS
10
0.3079927559055118
20
0.4314903937007874
11
0.3048322834645669
21
0.4321190551181102
0
LINE
8
BLACK
6
CONTINUOUS
10
0.3048322834645669
20
0.4321190551181102
11
0.3032733464566929
21
0.4324291338582677
0
LINE
8
BLACK
6
CONTINUOUS
10
0.3032733464566929
20
0.4324291338582677
11
0.2984612204724409
21
0.4324291338582677
0
LINE
8
BLACK
6
CONTINUOUS
10
0.2984612204724409
20
0.4324291338582677
11
0.2971232283464567
21
0.4321629921259842
0
LINE
8
BLACK
6
CONTINUOUS
10
0.2971232283464567
20
0.4321629921259842
11
0.2937417716535433
21
0.4314903937007874
0
LINE
8
BLACK
6
CONTINUOUS
10
0.2937417716535433
20
0.4314903937007874
11
0.2937413779527559
21
0.4314902755905512
0
LINE
8
BLACK
6
CONTINUOUS
10
0.2937413779527559
20
0.4314902755905512
11
0.2899742913385827
21
0.4299299212598425
0
LINE
8
BLACK
6
CONTINUOUS
10
0.2899742913385827
20
0.4299299212598425
11
0.2877444488188977
21
0.4299299212598425
0
LINE
8
BLACK
6
CONTINUOUS
10
0.2877444488188977
20
0.4299299212598425
11
0.2861677952755906
21
0.4315066535433071
0
LINE
8
BLACK
6
CONTINUOUS
10
0.2861677952755906
20
0.4315066535433071
11
0.2859460236220472
21
0.4326215354330709
0
LINE
8
BLACK
6
CONTINUOUS
10
0.2859460236220472
20
0.4326215354330709
11
0.2859460236220472
21
0.4618505118110236
0
LINE
8
BLACK
6
CONTINUOUS
10
0.2859460236220472
20
0.4618505118110236
11
0.2858105511811024
21
0.4623561417322835
0
LINE
8
BLACK
6
CONTINUOUS
10
0.2858105511811024
20
0.4623561417322835
11
0.2850861417322835
21
0.4650597637795276
0
LINE
8
BLACK
6
CONTINUOUS
10
0.2850861417322835
20
0.4650597637795276
11
0.2834249212598425
21
0.4679370472440945
0
LINE
8
BLACK
6
CONTINUOUS
10
0.2834249212598425
20
0.4679370472440945
11
0.2810756299212598
21
0.4702863385826772
0
LINE
8
BLACK
6
CONTINUOUS
10
0.2810756299212598
20
0.4702863385826772
11
0.2810755905511811
21
0.4702863779527559
0
LINE
8
BLACK
6
CONTINUOUS
10
0.2810755905511811
20
0.4702863779527559
11
0.280974094488189
21
0.470387874015748
0
LINE
8
BLACK
6
CONTINUOUS
10
0.280974094488189
20
0.470387874015748
11
0.2809736614173228
21
0.4703882677165354
0
LINE
8
BLACK
6
CONTINUOUS
10
0.2809736614173228
20
0.4703882677165354
11
0.2784714173228346
21
0.4728905118110236
0
LINE
8
BLACK
6
CONTINUOUS
10
0.2784714173228346
20
0.4728905118110236
11
0.2776181102362205
21
0.4749505905511811
0
LINE
8
BLACK
6
CONTINUOUS
10
0.2776181102362205
20
0.4749505905511811
11
0.2776181102362205
21
0.5117047637795276
0
LINE
8
BLACK
6
CONTINUOUS
10
0.2776181102362205
20
0.5117047637795276
11
0.2784714173228346
21
0.513764842519685
0
LINE
8
BLACK
6
CONTINUOUS
10
0.2784714173228346
20
0.513764842519685
11
0.2805314960629921
21
0.5146181496062991
0
LINE
8
BLACK
6
CONTINUOUS
10
0.2805314960629921
20
0.5146181496062991
11
0.2916967322834645
21
0.5146181496062991
0
LINE
8
BLACK
6
CONTINUOUS
10
0.2916967322834645
20
0.5146181496062991
11
0.2955733070866142
21
0.5152320866141732
0
LINE
8
BLACK
6
CONTINUOUS
10
0.2955733070866142
20
0.5152320866141732
11
0.3002458661417323
21
0.5176128740157481
0
LINE
8
BLACK
6
CONTINUOUS
10
0.3002458661417323
20
0.5176128740157481
11
0.3039540551181102
21
0.521321062992126
0
LINE
8
BLACK
6
CONTINUOUS
10
0.3039540551181102
20
0.521321062992126
11
0.306334842519685
21
0.5259936220472441
0
LINE
8
BLACK
6
CONTINUOUS
10
0.306334842519685
20
0.5259936220472441
11
0.3069488188976378
21
0.5298701968503937
0
LINE
8
BLACK
6
CONTINUOUS
10
0.3069488188976378
20
0.5298701968503937
11
0.3069487795275591
21
0.5541297637795275
0
LINE
8
BLACK
6
CONTINUOUS
10
0.3069487795275591
20
0.5541297637795275
11
0.3067641732283464
21
0.5552953149606299
0
LINE
8
BLACK
6
CONTINUOUS
10
0.3067641732283464
20
0.5552953149606299
11
0.306334842519685
21
0.5580064173228346
0
LINE
8
BLACK
6
CONTINUOUS
10
0.306334842519685
20
0.5580064173228346
11
0.3063348031496063
21
0.5580064566929134
0
LINE
8
BLACK
6
CONTINUOUS
10
0.3063348031496063
20
0.5580064566929134
11
0.3062894094488189
21
0.5580954724409448
0
LINE
8
BLACK
6
CONTINUOUS
10
0.3062894094488189
20
0.5580954724409448
11
0.3039540551181102
21
0.562678937007874
0
LINE
8
BLACK
6
CONTINUOUS
10
0.3039540551181102
20
0.562678937007874
11
0.3002458661417323
21
0.566387125984252
0
LINE
8
BLACK
6
CONTINUOUS
10
0.3002458661417323
20
0.566387125984252
11
0.2979541338582677
21
0.567554842519685
0
LINE
8
BLACK
6
CONTINUOUS
10
0.2979541338582677
20
0.567554842519685
11
0.2955733464566929
21
0.5687679133858268
0
LINE
8
BLACK
6
CONTINUOUS
10
0.2955733464566929
20
0.5687679133858268
11
0.2916967716535433
21
0.5693818897637796
0
LINE
8
BLACK
6
CONTINUOUS
10
0.2916967716535433
20
0.5693818897637796
11
0.2916967322834645
21
0.5693818897637796
0
LINE
8
BLACK
6
CONTINUOUS
10
0.2916967322834645
20
0.5693818897637796
11
0.2805314960629921
21
0.5693818897637796
0
LINE
8
BLACK
6
CONTINUOUS
10
0.2805314960629921
20
0.5693818897637796
11
0.2784714173228346
21
0.5702351968503937
0
LINE
8
BLACK
6
CONTINUOUS
10
0.2784714173228346
20
0.5702351968503937
11
0.2776181102362205
21
0.5722952755905512
0
LINE
8
BLACK
6
CONTINUOUS
10
0.2776181102362205
20
0.5722952755905512
11
0.2776181102362205
21
0.64611
0
LINE
8
BLACK
6
CONTINUOUS
10
0.2776181102362205
20
0.64611
11
0.2774229921259843
21
0.6468382677165354
0
LINE
8
BLACK
6
CONTINUOUS
10
0.2774229921259843
20
0.6468382677165354
11
0.2767582283464567
21
0.6493192519685039
0
LINE
8
BLACK
6
CONTINUOUS
10
0.2767582283464567
20
0.6493192519685039
11
0.2750970078740158
21
0.6521965354330709
0
LINE
8
BLACK
6
CONTINUOUS
10
0.2750970078740158
20
0.6521965354330709
11
0.2743092125984252
21
0.6529843307086614
0
LINE
8
BLACK
6
CONTINUOUS
10
0.2743092125984252
20
0.6529843307086614
11
0.2727477165354331
21
0.6545458661417323
0
LINE
8
BLACK
6
CONTINUOUS
10
0.2727477165354331
20
0.6545458661417323
11
0.2727477165354331
21
0.6545458267716535
0
LINE
8
BLACK
6
CONTINUOUS
10
0.2727477165354331
20
0.6545458267716535
11
0.2727476771653543
21
0.6545458661417323
0
LINE
8
BLACK
6
CONTINUOUS
10
0.2727476771653543
20
0.6545458661417323
11
0.2641198031496063
21
0.6631737401574803
0
LINE
8
BLACK
6
CONTINUOUS
10
0.2641198031496063
20
0.6631737401574803
11
0.26
21
0.6672935433070866
0
LINE
8
BLACK
6
CONTINUOUS
10
0.26
20
0.6672935433070866
11
0.2454993307086614
21
0.6817941732283465
0
LINE
8
BLACK
6
CONTINUOUS
10
0.2454993307086614
20
0.6817941732283465
11
0.2454987795275591
21
0.6817947637795275
0
LINE
8
BLACK
6
CONTINUOUS
10
0.2454987795275591
20
0.6817947637795275
11
0.2454333070866142
21
0.6818602362204724
0
LINE
8
BLACK
6
CONTINUOUS
10
0.2454333070866142
20
0.6818602362204724
11
0.2454332677165354
21
0.6818603149606299
0
LINE
8
BLACK
6
CONTINUOUS
10
0.2454332677165354
20
0.6818603149606299
11
0.2454327165354331
21
0.6818608661417322
0
LINE
8
BLACK
6
CONTINUOUS
10
0.2454327165354331
20
0.6818608661417322
11
0.2454314173228346
21
0.6818640157480315
0
LINE
8
BLACK
6
CONTINUOUS
10
0.2454314173228346
20
0.6818640157480315
11
0.2452165354330709
21
0.6822922834645669
0
LINE
8
BLACK
6
CONTINUOUS
10
0.2452165354330709
20
0.6822922834645669
11
0.2451353543307087
21
0.6822381496062992
0
LINE
8
BLACK
6
CONTINUOUS
10
0.2451353543307087
20
0.6822381496062992
11
0.2451352755905512
21
0.6822382677165354
0
LINE
8
BLACK
6
CONTINUOUS
10
0.2451352755905512
20
0.6822382677165354
11
0.2452164566929134
21
0.6822924409448818
0
LINE
8
BLACK
6
CONTINUOUS
10
0.2452164566929134
20
0.6822924409448818
11
0.2446104330708661
21
0.6835003937007874
0
LINE
8
BLACK
6
CONTINUOUS
10
0.2446104330708661
20
0.6835003937007874
11
0.2444884645669291
21
0.6843377559055118
0
LINE
8
BLACK
6
CONTINUOUS
10
0.2444884645669291
20
0.6843377559055118
11
0.2423503937007874
21
0.6887112598425197
0
LINE
8
BLACK
6
CONTINUOUS
10
0.2423503937007874
20
0.6887112598425197
11
0.2389081102362205
21
0.6921535433070866
0
LINE
8
BLACK
6
CONTINUOUS
10
0.2389081102362205
20
0.6921535433070866
11
0.2345346062992126
21
0.6942916141732284
0
LINE
8
BLACK
6
CONTINUOUS
10
0.2345346062992126
20
0.6942916141732284
11
0.2316992519685039
21
0.6947047244094487
0
LINE
8
BLACK
6
CONTINUOUS
10
0.2316992519685039
20
0.6947047244094487
11
0.2316992125984252
21
0.6947047244094487
0
LINE
8
BLACK
6
CONTINUOUS
10
0.2316992125984252
20
0.6947047244094487
11
0.1738125984251968
21
0.6947047244094487
0
LINE
8
BLACK
6
CONTINUOUS
10
0.1738125984251968
20
0.6947047244094487
11
0.170977125984252
21
0.6942916141732284
0
LINE
8
BLACK
6
CONTINUOUS
10
0.170977125984252
20
0.6942916141732284
11
0.1666037007874016
21
0.6921535826771653
0
LINE
8
BLACK
6
CONTINUOUS
10
0.1666037007874016
20
0.6921535826771653
11
0.1631614173228347
21
0.6887112992125984
0
LINE
8
BLACK
6
CONTINUOUS
10
0.1631614173228347
20
0.6887112992125984
11
0.1610233464566929
21
0.6843377952755906
0
LINE
8
BLACK
6
CONTINUOUS
10
0.1610233464566929
20
0.6843377952755906
11
0.1606102362204724
21
0.6815025984251968
0
LINE
8
BLACK
6
CONTINUOUS
10
0.1606102362204724
20
0.6815025984251968
11
0.1606102362204724
21
0.6669231102362204
0
LINE
8
BLACK
6
CONTINUOUS
10
0.1606102362204724
20
0.6669231102362204
11
0.1606102755905512
21
0.6669226377952756
0
LINE
8
BLACK
6
CONTINUOUS
10
0.1606102755905512
20
0.6669226377952756
11
0.1610233464566929
21
0.6640874015748032
0
LINE
8
BLACK
6
CONTINUOUS
10
0.1610233464566929
20
0.6640874015748032
11
0.1631613779527559
21
0.6597139763779527
0
LINE
8
BLACK
6
CONTINUOUS
10
0.1631613779527559
20
0.6597139763779527
11
0.1631614173228347
21
0.659713937007874
0
LINE
8
BLACK
6
CONTINUOUS
10
0.1631614173228347
20
0.659713937007874
11
0.1666037007874016
21
0.6562716535433071
0
LINE
8
BLACK
6
CONTINUOUS
10
0.1666037007874016
20
0.6562716535433071
11
0.1709772047244094
21
0.6541335826771654
0
LINE
8
BLACK
6
CONTINUOUS
10
0.1709772047244094
20
0.6541335826771654
11
0.1738125590551181
21
0.6537204724409449
0
LINE
8
BLACK
6
CONTINUOUS
10
0.1738125590551181
20
0.6537204724409449
11
0.2316992125984252
21
0.6537205118110236
0
LINE
8
BLACK
6
CONTINUOUS
10
0.2316992125984252
20
0.6537205118110236
11
0.2345346062992126
21
0.6541335826771654
0
LINE
8
BLACK
6
CONTINUOUS
10
0.2345346062992126
20
0.6541335826771654
11
0.2346375984251969
21
0.6541839763779528
0
LINE
8
BLACK
6
CONTINUOUS
10
0.2346375984251969
20
0.6541839763779528
11
0.2347126771653543
21
0.654188622047244
0
LINE
8
BLACK
6
CONTINUOUS
10
0.2347126771653543
20
0.654188622047244
11
0.2347509842519685
21
0.6542004330708662
0
LINE
8
BLACK
6
CONTINUOUS
10
0.2347509842519685
20
0.6542004330708662
11
0.2347538188976378
21
0.6541911811023622
0
LINE
8
BLACK
6
CONTINUOUS
10
0.2347538188976378
20
0.6541911811023622
11
0.2368630708661417
21
0.6543222440944881
0
LINE
8
BLACK
6
CONTINUOUS
10
0.2368630708661417
20
0.6543222440944881
11
0.2379773622047244
21
0.6536267322834646
0
LINE
8
BLACK
6
CONTINUOUS
10
0.2379773622047244
20
0.6536267322834646
11
0.2515285826771653
21
0.6400755511811024
0
LINE
8
BLACK
6
CONTINUOUS
10
0.2515285826771653
20
0.6400755511811024
11
0.2523818897637795
21
0.6380154724409449
0
LINE
8
BLACK
6
CONTINUOUS
10
0.2523818897637795
20
0.6380154724409449
11
0.2523818897637795
21
0.6264963779527559
0
LINE
8
BLACK
6
CONTINUOUS
10
0.2523818897637795
20
0.6264963779527559
11
0.2515285826771653
21
0.6244362992125984
0
LINE
8
BLACK
6
CONTINUOUS
10
0.2515285826771653
20
0.6244362992125984
11
0.2494685039370079
21
0.6235829921259842
0
LINE
8
BLACK
6
CONTINUOUS
10
0.2494685039370079
20
0.6235829921259842
11
0.2474084251968504
21
0.6244362992125984
0
LINE
8
BLACK
6
CONTINUOUS
10
0.2474084251968504
20
0.6244362992125984
11
0.245754842519685
21
0.6260898818897638
0
LINE
8
BLACK
6
CONTINUOUS
10
0.245754842519685
20
0.6260898818897638
11
0.2449015354330709
21
0.6281499606299212
0
LINE
8
BLACK
6
CONTINUOUS
10
0.2449015354330709
20
0.6281499606299212
11
0.2449015354330709
21
0.6322894881889763
0
LINE
8
BLACK
6
CONTINUOUS
10
0.2449015354330709
20
0.6322894881889763
11
0.2449014960629921
21
0.6322898031496063
0
LINE
8
BLACK
6
CONTINUOUS
10
0.2449014960629921
20
0.6322898031496063
11
0.2444884645669291
21
0.635125157480315
0
LINE
8
BLACK
6
CONTINUOUS
10
0.2444884645669291
20
0.635125157480315
11
0.2423503937007874
21
0.6394986614173228
0
LINE
8
BLACK
6
CONTINUOUS
10
0.2423503937007874
20
0.6394986614173228
11
0.2389081102362205
21
0.6429409448818898
0
LINE
8
BLACK
6
CONTINUOUS
10
0.2389081102362205
20
0.6429409448818898
11
0.2345346062992126
21
0.6450790157480315
0
LINE
8
BLACK
6
CONTINUOUS
10
0.2345346062992126
20
0.6450790157480315
11
0.2316992519685039
21
0.645492125984252
0
LINE
8
BLACK
6
CONTINUOUS
10
0.2316992519685039
20
0.645492125984252
11
0.2316992125984252
21
0.645492125984252
0
LINE
8
BLACK
6
CONTINUOUS
10
0.2316992125984252
20
0.645492125984252
11
0.1738125984251968
21
0.645492125984252
0
LINE
8
BLACK
6
CONTINUOUS
10
0.1738125984251968
20
0.645492125984252
11
0.170977125984252
21
0.6450790157480315
0
LINE
8
BLACK
6
CONTINUOUS
10
0.170977125984252
20
0.6450790157480315
11
0.1666037007874016
21
0.6429409842519684
0
LINE
8
BLACK
6
CONTINUOUS
10
0.1666037007874016
20
0.6429409842519684
11
0.1631614173228347
21
0.6394987007874016
0
LINE
8
BLACK
6
CONTINUOUS
10
0.1631614173228347
20
0.6394987007874016
11
0.1610233464566929
21
0.6351251968503937
0
LINE
8
BLACK
6
CONTINUOUS
10
0.1610233464566929
20
0.6351251968503937
11
0.1606102362204724
21
0.63229
0
LINE
8
BLACK
6
CONTINUOUS
10
0.1606102362204724
20
0.63229
11
0.1606102362204724
21
0.6177105118110237
0
LINE
8
BLACK
6
CONTINUOUS
10
0.1606102362204724
20
0.6177105118110237
11
0.1606102755905512
21
0.6177100393700787
0
LINE
8
BLACK
6
CONTINUOUS
10
0.1606102755905512
20
0.6177100393700787
11
0.1610233464566929
21
0.6148748031496063
0
LINE
8
BLACK
6
CONTINUOUS
10
0.1610233464566929
20
0.6148748031496063
11
0.1631613779527559
21
0.6105013779527559
0
LINE
8
BLACK
6
CONTINUOUS
10
0.1631613779527559
20
0.6105013779527559
11
0.1631614173228347
21
0.6105013385826772
0
LINE
8
BLACK
6
CONTINUOUS
10
0.1631614173228347
20
0.6105013385826772
11
0.1666037007874016
21
0.6070590551181102
0
LINE
8
BLACK
6
CONTINUOUS
10
0.1666037007874016
20
0.6070590551181102
11
0.1709772047244094
21
0.6049209842519685
0
LINE
8
BLACK
6
CONTINUOUS
10
0.1709772047244094
20
0.6049209842519685
11
0.1738125590551181
21
0.604507874015748
0
LINE
8
BLACK
6
CONTINUOUS
10
0.1738125590551181
20
0.604507874015748
11
0.2304405905511811
21
0.6045079133858268
0
LINE
8
BLACK
6
CONTINUOUS
10
0.2304405905511811
20
0.6045079133858268
11
0.2325006299212598
21
0.6036546062992126
0
LINE
8
BLACK
6
CONTINUOUS
10
0.2325006299212598
20
0.6036546062992126
11
0.2350611811023622
21
0.601094094488189
0
LINE
8
BLACK
6
CONTINUOUS
10
0.2350611811023622
20
0.601094094488189
11
0.2359145275590551
21
0.5990340551181103
0
LINE
8
BLACK
6
CONTINUOUS
10
0.2359145275590551
20
0.5990340551181103
11
0.2350612204724409
21
0.5969739763779528
0
LINE
8
BLACK
6
CONTINUOUS
10
0.2350612204724409
20
0.5969739763779528
11
0.2330011811023622
21
0.5961206299212598
0
LINE
8
BLACK
6
CONTINUOUS
10
0.2330011811023622
20
0.5961206299212598
11
0.2325811811023622
21
0.5961510629921259
0
LINE
8
BLACK
6
CONTINUOUS
10
0.2325811811023622
20
0.5961510629921259
11
0.2316996062992126
21
0.5962794881889764
0
LINE
8
BLACK
6
CONTINUOUS
10
0.2316996062992126
20
0.5962794881889764
11
0.2316994488188976
21
0.5962795275590551
0
LINE
8
BLACK
6
CONTINUOUS
10
0.2316994488188976
20
0.5962795275590551
11
0.2316992519685039
21
0.5962795275590551
0
LINE
8
BLACK
6
CONTINUOUS
10
0.2316992519685039
20
0.5962795275590551
11
0.2316989763779528
21
0.5962795275590551
0
LINE
8
BLACK
6
CONTINUOUS
10
0.2316989763779528
20
0.5962795275590551
11
0.1738125984251968
21
0.5962795275590551
0
LINE
8
BLACK
6
CONTINUOUS
10
0.1738125984251968
20
0.5962795275590551
11
0.170977125984252
21
0.5958664173228346
0
LINE
8
BLACK
6
CONTINUOUS
10
0.170977125984252
20
0.5958664173228346
11
0.1666037007874016
21
0.5937283858267717
0
LINE
8
BLACK
6
CONTINUOUS
10
0.1666037007874016
20
0.5937283858267717
11
0.1631614173228347
21
0.5902861023622047
0
LINE
8
BLACK
6
CONTINUOUS
10
0.1631614173228347
20
0.5902861023622047
11
0.1610233464566929
21
0.5859125984251968
0
LINE
8
BLACK
6
CONTINUOUS
10
0.1610233464566929
20
0.5859125984251968
11
0.1606102362204724
21
0.5830774015748031
0
LINE
8
BLACK
6
CONTINUOUS
10
0.1606102362204724
20
0.5830774015748031
11
0.1606102362204724
21
0.5807299212598425
0
LINE
8
BLACK
6
CONTINUOUS
10
0.1606102362204724
20
0.5807299212598425
11
0.1597569291338583
21
0.578669842519685
0
LINE
8
BLACK
6
CONTINUOUS
10
0.1597569291338583
20
0.578669842519685
11
0.1425002362204724
21
0.5614131889763779
0
LINE
8
BLACK
6
CONTINUOUS
10
0.1425002362204724
20
0.5614131889763779
11
0.1400614960629921
21
0.5571891338582677
0
LINE
8
BLACK
6
CONTINUOUS
10
0.1400614960629921
20
0.5571891338582677
11
0.1387992125984252
21
0.5524781889763779
0
LINE
8
BLACK
6
CONTINUOUS
10
0.1387992125984252
20
0.5524781889763779
11
0.1387992125984252
21
0.3812023622047244
0
LINE
8
BLACK
6
CONTINUOUS
10
0.1387992125984252
20
0.3812023622047244
11
0.137945905511811
21
0.3791422834645669
0
LINE
8
BLACK
6
CONTINUOUS
10
0.137945905511811
20
0.3791422834645669
11
0.0972246456692913
21
0.338421062992126
0
LINE
8
BLACK
6
CONTINUOUS
10
0.0972246456692913
20
0.338421062992126
11
0.094785905511811
21
0.3341970078740157
0
LINE
8
BLACK
6
CONTINUOUS
10
0.094785905511811
20
0.3341970078740157
11
0.0935236220472441
21
0.329486062992126
0
LINE
8
BLACK
6
CONTINUOUS
10
0.0935236220472441
20
0.329486062992126
11
0.0935236220472441
21
0.2177974409448819
0
LINE
8
BLACK
6
CONTINUOUS
10
0.0935236220472441
20
0.2177974409448819
11
0.094785905511811
21
0.2130864960629921
0
LINE
8
BLACK
6
CONTINUOUS
10
0.094785905511811
20
0.2130864960629921
11
0.0972246456692913
21
0.2088624409448819
0
LINE
8
BLACK
6
CONTINUOUS
10
0.0972246456692913
20
0.2088624409448819
11
0.1008394094488189
21
0.2052476771653543
0
LINE
8
BLACK
6
CONTINUOUS
10
0.1008394094488189
20
0.2052476771653543
11
0.1008396456692913
21
0.2052474803149606
0
LINE
8
BLACK
6
CONTINUOUS
10
0.1008396456692913
20
0.2052474803149606
11
0.1352723228346457
21
0.1708148031496063
0
LINE
8
BLACK
6
CONTINUOUS
10
0.1352723228346457
20
0.1708148031496063
11
0.1352725196850394
21
0.1708145669291339
0
LINE
8
BLACK
6
CONTINUOUS
10
0.1352725196850394
20
0.1708145669291339
11
0.1353742519685039
21
0.1707128346456693
0
LINE
8
BLACK
6
CONTINUOUS
10
0.1353742519685039
20
0.1707128346456693
11
0.1388230708661417
21
0.1672640157480315
0
LINE
8
BLACK
6
CONTINUOUS
10
0.1388230708661417
20
0.1672640157480315
11
0.1430470078740158
21
0.1648253543307087
0
LINE
8
BLACK
6
CONTINUOUS
10
0.1430470078740158
20
0.1648253543307087
11
0.1430470866141732
21
0.1648253149606299
0
LINE
8
BLACK
6
CONTINUOUS
10
0.1430470866141732
20
0.1648253149606299
11
0.1463585039370079
21
0.163938031496063
0
LINE
8
BLACK
6
CONTINUOUS
10
0.1463585039370079
20
0.163938031496063
11
0.147758031496063
21
0.163563031496063
0
LINE
8
BLACK
6
CONTINUOUS
10
0.147758031496063
20
0.163563031496063
11
0.1477580708661417
21
0.1635629921259842
0
LINE
8
BLACK
6
CONTINUOUS
10
0.1477580708661417
20
0.1635629921259842
11
0.1477581496062992
21
0.1635629921259842
0
LINE
8
BLACK
6
CONTINUOUS
10
0.1477581496062992
20
0.1635629921259842
11
0.1671215354330709
21
0.1635629921259842
0
LINE
8
BLACK
6
CONTINUOUS
10
0.1671215354330709
20
0.1635629921259842
11
0.168401062992126
21
0.163266968503937
0
LINE
8
BLACK
6
CONTINUOUS
10
0.168401062992126
20
0.163266968503937
11
0.1709770866141732
21
0.1620076377952756
0
LINE
8
BLACK
6
CONTINUOUS
10
0.1709770866141732
20
0.1620076377952756
11
0.170977125984252
21
0.1620076377952756
0
LINE
8
BLACK
6
CONTINUOUS
10
0.170977125984252
20
0.1620076377952756
11
0.1709772047244094
21
0.1620075984251969
0
LINE
8
BLACK
6
CONTINUOUS
10
0.1709772047244094
20
0.1620075984251969
11
0.1738125590551181
21
0.1615944881889764
0
LINE
8
BLACK
6
CONTINUOUS
10
0.1738125590551181
20
0.1615944881889764
11
0.2316992125984252
21
0.1615945275590551
0
LINE
8
BLACK
6
CONTINUOUS
10
0.2316992125984252
20
0.1615945275590551
11
0.2345346062992126
21
0.1620075984251969
0
LINE
8
BLACK
6
CONTINUOUS
10
0.2345346062992126
20
0.1620075984251969
11
0.2371107086614173
21
0.163266968503937
0
LINE
8
BLACK
6
CONTINUOUS
10
0.2371107086614173
20
0.163266968503937
11
0.2383902362204724
21
0.1635629921259842
0
LINE
8
BLACK
6
CONTINUOUS
10
0.2383902362204724
20
0.1635629921259842
11
0.2394746850393701
21
0.1635629921259842
0
LINE
8
BLACK
6
CONTINUOUS
10
0.2394746850393701
20
0.1635629921259842
11
0.26
21
0.1635629921259842
0
LINE
8
BLACK
6
CONTINUOUS
10
0.26
20
0.1635629921259842
11
0.2704642519685039
21
0.1635629921259842
0
LINE
8
BLACK
6
CONTINUOUS
10
0.2704642519685039
20
0.1635629921259842
11
0.2720828346456693
21
0.1630720078740157
0
LINE
8
BLACK
6
CONTINUOUS
10
0.2720828346456693
20
0.1630720078740157
11
0.2728332677165354
21
0.1625705905511811
0
LINE
8
BLACK
6
CONTINUOUS
10
0.2728332677165354
20
0.1625705905511811
11
0.2753653937007874
21
0.1620669291338583
0
LINE
8
BLACK
6
CONTINUOUS
10
0.2753653937007874
20
0.1620669291338583
11
0.3046345669291339
21
0.162066968503937
0
LINE
8
BLACK
6
CONTINUOUS
10
0.3046345669291339
20
0.162066968503937
11
0.3071667322834646
21
0.1625705905511811
0
LINE
8
BLACK
6
CONTINUOUS
10
0.3071667322834646
20
0.1625705905511811
11
0.3079171653543307
21
0.1630720078740157
0
LINE
8
BLACK
6
CONTINUOUS
10
0.3079171653543307
20
0.1630720078740157
11
0.3095357480314961
21
0.1635629921259842
0
LINE
8
BLACK
6
CONTINUOUS
10
0.3095357480314961
20
0.1635629921259842
11
0.3242507874015748
21
0.1635629921259842
0
LINE
8
BLACK
6
CONTINUOUS
10
0.3242507874015748
20
0.1635629921259842
11
0.3263108661417323
21
0.1627096850393701
0
LINE
8
BLACK
6
CONTINUOUS
10
0.3263108661417323
20
0.1627096850393701
11
0.3269804724409449
21
0.1616677165354331
0
LINE
8
BLACK
6
CONTINUOUS
10
0.3269804724409449
20
0.1616677165354331
11
0.3288741732283464
21
0.1565904330708661
0
LINE
8
BLACK
6
CONTINUOUS
10
0.3288741732283464
20
0.1565904330708661
11
0.3288742125984252
21
0.1565903937007874
0
LINE
8
BLACK
6
CONTINUOUS
10
0.3288742125984252
20
0.1565903937007874
11
0.328874251968504
21
0.1565903543307087
0
LINE
8
BLACK
6
CONTINUOUS
10
0.328874251968504
20
0.1565903543307087
11
0.3320663385826771
21
0.1523261811023622
0
LINE
8
BLACK
6
CONTINUOUS
10
0.3320663385826771
20
0.1523261811023622
11
0.3320664566929134
21
0.1523261023622047
0
LINE
8
BLACK
6
CONTINUOUS
10
0.3320664566929134
20
0.1523261023622047
11
0.3363305118110236
21
0.149134094488189
0
LINE
8
BLACK
6
CONTINUOUS
10
0.3363305118110236
20
0.149134094488189
11
0.3363305511811023
21
0.1491340551181102
0
LINE
8
BLACK
6
CONTINUOUS
10
0.3363305511811023
20
0.1491340551181102
11
0.3388314173228346
21
0.1482012992125984
0
LINE
8
BLACK
6
CONTINUOUS
10
0.3388314173228346
20
0.1482012992125984
11
0.3413212598425197
21
0.1472726377952756
0
LINE
8
BLACK
6
CONTINUOUS
10
0.3413212598425197
20
0.1472726377952756
11
0.3433133070866142
21
0.1470584645669291
0
LINE
8
BLACK
6
CONTINUOUS
10
0.3433133070866142
20
0.1470584645669291
11
0.3435275196850394
21
0.1470354330708661
0
LINE
8
BLACK
6
CONTINUOUS
10
0.3435275196850394
20
0.1470354330708661
11
0.3435275590551181
21
0.1470354330708661
0
LINE
8
BLACK
6
CONTINUOUS
10
0.3435275590551181
20
0.1470354330708661
11
0.364963031496063
21
0.1470354330708661
0
LINE
8
BLACK
6
CONTINUOUS
10
0.364963031496063
20
0.1470354330708661
11
0.3670231102362205
21
0.146182125984252
0
LINE
8
BLACK
6
CONTINUOUS
10
0.3670231102362205
20
0.146182125984252
11
0.373448031496063
21
0.1397572047244094
0
LINE
8
BLACK
6
CONTINUOUS
10
0.373448031496063
20
0.1397572047244094
11
0.3743013385826772
21
0.137697125984252
0
LINE
8
BLACK
6
CONTINUOUS
10
0.3743013385826772
20
0.137697125984252
11
0.3738425196850393
21
0.1365894094488189
0
LINE
8
BLACK
6
CONTINUOUS
10
0.3738425196850393
20
0.1365894094488189
11
0.3738425196850393
21
0.1202834645669291
0
LINE
8
BLACK
6
CONTINUOUS
10
0.3738425196850393
20
0.1202834645669291
11
0.3827007874015748
21
0.1202834645669291
0
LINE
8
BLACK
6
CONTINUOUS
10
0.3827007874015748
20
0.1202834645669291
11
0.3864673622047244
21
0.1195342519685039
0
LINE
8
BLACK
6
CONTINUOUS
10
0.3864673622047244
20
0.1195342519685039
11
0.3896605118110236
21
0.1174006692913386
0
LINE
8
BLACK
6
CONTINUOUS
10
0.3896605118110236
20
0.1174006692913386
11
0.391794094488189
21
0.1142075196850394
0
LINE
8
BLACK
6
CONTINUOUS
10
0.391794094488189
20
0.1142075196850394
11
0.3925433070866142
21
0.1104409448818898
0
LINE
8
BLACK
6
CONTINUOUS
10
0.3925433070866142
20
0.1104409448818898
11
0.4082913385826771
21
0.1104409448818898
0
LINE
8
BLACK
6
CONTINUOUS
10
0.4082913385826771
20
0.1104409448818898
11
0.4082913385826771
21
0.1130252362204724
0
LINE
8
BLACK
6
CONTINUOUS
10
0.4082913385826771
20
0.1130252362204724
11
0.4082499606299212
21
0.113550905511811
0
LINE
8
BLACK
6
CONTINUOUS
10
0.4082499606299212
20
0.113550905511811
11
0.4089390157480315
21
0.1156716141732283
0
LINE
8
BLACK
6
CONTINUOUS
10
0.4089390157480315
20
0.1156716141732283
11
0.4109257480314961
21
0.116683937007874
0
LINE
8
BLACK
6
CONTINUOUS
10
0.4109257480314961
20
0.116683937007874
11
0.4111543700787402
21
0.1166929133858268
0
LINE
8
BLACK
6
CONTINUOUS
10
0.4111543700787402
20
0.1166929133858268
11
0.4311929527559055
21
0.1166929133858268
0
LINE
8
BLACK
6
CONTINUOUS
10
0.4311929527559055
20
0.1166929133858268
11
0.433253031496063
21
0.1158396062992126
0
LINE
8
BLACK
6
CONTINUOUS
10
0.433253031496063
20
0.1158396062992126
11
0.4341063385826772
21
0.1137795275590551
0
LINE
8
BLACK
6
CONTINUOUS
10
0.4341063385826772
20
0.1137795275590551
11
0.4341063385826772
21
0.1136548818897638
0
LINE
8
BLACK
6
CONTINUOUS
10
0.4341063385826772
20
0.1136548818897638
11
0.4345194094488189
21
0.1108196850393701
0
LINE
8
BLACK
6
CONTINUOUS
10
0.4345194094488189
20
0.1108196850393701
11
0.4357787795275591
21
0.1082436220472441
0
LINE
8
BLACK
6
CONTINUOUS
10
0.4357787795275591
20
0.1082436220472441
11
0.4360748031496063
21
0.106964094488189
0
LINE
8
BLACK
6
CONTINUOUS
10
0.4360748031496063
20
0.106964094488189
11
0.4360748031496063
21
0.0861596456692913
0
LINE
8
BLACK
6
CONTINUOUS
10
0.4360748031496063
20
0.0861596456692913
11
0.4373370866141732
21
0.0814487007874016
0
LINE
8
BLACK
6
CONTINUOUS
10
0.4373370866141732
20
0.0814487007874016
11
0.4373371653543307
21
0.0814485826771654
0
LINE
8
BLACK
6
CONTINUOUS
10
0.4373371653543307
20
0.0814485826771654
11
0.4397758267716536
21
0.0772246456692913
0
LINE
8
BLACK
6
CONTINUOUS
10
0.4397758267716536
20
0.0772246456692913
11
0.4423742125984252
21
0.0746262598425197
0
LINE
8
BLACK
6
CONTINUOUS
10
0.4423742125984252
20
0.0746262598425197
11
0.4423742519685039
21
0.0746262204724409
0
LINE
8
BLACK
6
CONTINUOUS
10
0.4423742519685039
20
0.0746262204724409
11
0.4458230708661417
21
0.0711774015748032
0
LINE
8
BLACK
6
CONTINUOUS
10
0.4458230708661417
20
0.0711774015748032
11
0.4481483464566929
21
0.0698349212598425
0
LINE
8
BLACK
6
CONTINUOUS
10
0.4481483464566929
20
0.0698349212598425
11
0.4481483070866142
21
0.0698349212598425
0
LINE
8
BLACK
6
CONTINUOUS
10
0.4481483070866142
20
0.0698349212598425
11
0.4490976771653543
21
0.0692868503937008
0
LINE
8
BLACK
6
CONTINUOUS
10
0.4490976771653543
20
0.0692868503937008
11
0.4500470078740157
21
0.0687387401574803
0
LINE
8
BLACK
6
CONTINUOUS
10
0.4500470078740157
20
0.0687387401574803
11
0.450046968503937
21
0.0687387401574803
0
LINE
8
BLACK
6
CONTINUOUS
10
0.450046968503937
20
0.0687387401574803
11
0.4526370866141732
21
0.0680447244094488
0
LINE
8
BLACK
6
CONTINUOUS
10
0.4526370866141732
20
0.0680447244094488
11
0.454758031496063
21
0.0674764173228346
0
LINE
8
BLACK
6
CONTINUOUS
10
0.454758031496063
20
0.0674764173228346
11
0.4547580708661417
21
0.0674763779527559
0
LINE
8
BLACK
6
CONTINUOUS
10
0.4547580708661417
20
0.0674763779527559
11
0.4547581496062992
21
0.0674763779527559
0
LINE
8
BLACK
6
CONTINUOUS
10
0.4547581496062992
20
0.0674763779527559
11
0.4596355118110236
21
0.0674763779527559
0
LINE
8
BLACK
6
CONTINUOUS
10
0.4596355118110236
20
0.0674763779527559
11
0.465436062992126
21
0.0674763779527559
0
LINE
8
BLACK
6
CONTINUOUS
10
0.465436062992126
20
0.0674763779527559
11
0.4674961417322834
21
0.0666230708661417
0
LINE
8
BLACK
6
CONTINUOUS
10
0.4674961417322834
20
0.0666230708661417
11
0.4683494488188976
21
0.0645629921259843
0
LINE
8
BLACK
6
CONTINUOUS
10
0.4683494488188976
20
0.0645629921259843
11
0.4674961417322834
21
0.0625029133858268
0
LINE
8
BLACK
6
CONTINUOUS
10
0.4674961417322834
20
0.0625029133858268
11
0.4665509448818898
21
0.0618713779527559
0
LINE
8
BLACK
6
CONTINUOUS
10
0.4665509448818898
20
0.0618713779527559
11
0.4624520472440945
21
0.0601735826771654
0
LINE
8
BLACK
6
CONTINUOUS
10
0.4624520472440945
20
0.0601735826771654
11
0.4624517322834645
21
0.0601734645669291
0
LINE
8
BLACK
6
CONTINUOUS
10
0.4624517322834645
20
0.0601734645669291
11
0.4548515354330708
21
0.0557854724409449
0
LINE
8
BLACK
6
CONTINUOUS
10
0.4548515354330708
20
0.0557854724409449
11
0.4548512992125984
21
0.0557853149606299
0
LINE
8
BLACK
6
CONTINUOUS
10
0.4548512992125984
20
0.0557853149606299
11
0.4478890157480315
21
0.050443031496063
0
LINE
8
BLACK
6
CONTINUOUS
10
0.4478890157480315
20
0.050443031496063
11
0.4416829527559055
21
0.044236968503937
0
LINE
8
BLACK
6
CONTINUOUS
10
0.4416829527559055
20
0.044236968503937
11
0.4363406692913386
21
0.0372746850393701
0
LINE
8
BLACK
6
CONTINUOUS
10
0.4363406692913386
20
0.0372746850393701
11
0.4363405118110236
21
0.0372744488188976
0
LINE
8
BLACK
6
CONTINUOUS
10
0.4363405118110236
20
0.0372744488188976
11
0.4319525196850393
21
0.0296742519685039
0
LINE
8
BLACK
6
CONTINUOUS
10
0.4319525196850393
20
0.0296742519685039
11
0.4319524015748031
21
0.029673937007874
0
LINE
8
BLACK
6
CONTINUOUS
10
0.4319524015748031
20
0.029673937007874
11
0.4296575590551181
21
0.0241336614173228
0
LINE
8
BLACK
6
CONTINUOUS
10
0.4296575590551181
20
0.0241336614173228
11
0.429029842519685
21
0.0226181102362205
0
LINE
8
BLACK
6
CONTINUOUS
10
0.429029842519685
20
0.0226181102362205
11
0.428568031496063
21
0.0215032283464567
0
LINE
8
BLACK
6
CONTINUOUS
10
0.428568031496063
20
0.0215032283464567
11
0.4269913385826772
21
0.0199264960629921
0
LINE
8
BLACK
6
CONTINUOUS
10
0.4269913385826772
20
0.0199264960629921
11
0.4258764173228347
21
0.0197047244094488
0
LINE
8
BLACK
6
CONTINUOUS
10
0.4258764173228347
20
0.0197047244094488
11
0.26
21
0.0197047244094488
0
LINE
8
BLACK
6
CONTINUOUS
10
0.26
20
0.0197047244094488
11
0.1646747637795276
21
0.0197047244094488
0
LINE
8
BLACK
6
CONTINUOUS
10
0.1646747637795276
20
0.0197047244094488
11
0.1626146850393701
21
0.020558031496063
0
LINE
8
BLACK
6
CONTINUOUS
10
0.1626146850393701
20
0.020558031496063
11
0.1619831496062992
21
0.0215032283464567
0
LINE
8
BLACK
6
CONTINUOUS
10
0.1619831496062992
20
0.0215032283464567
11
0.1615213385826772
21
0.0226181102362205
0
LINE
8
BLACK
6
CONTINUOUS
10
0.1615213385826772
20
0.0226181102362205
11
0.1585986220472441
21
0.0296742519685039
0
LINE
8
BLACK
6
CONTINUOUS
10
0.1585986220472441
20
0.0296742519685039
11
0.1542105511811024
21
0.0372745669291339
0
LINE
8
BLACK
6
CONTINUOUS
10
0.1542105511811024
20
0.0372745669291339
11
0.1542104724409449
21
0.0372746850393701
0
LINE
8
BLACK
6
CONTINUOUS
10
0.1542104724409449
20
0.0372746850393701
11
0.148868188976378
21
0.044236968503937
0
LINE
8
BLACK
6
CONTINUOUS
10
0.148868188976378
20
0.044236968503937
11
0.142662125984252
21
0.050443031496063
0
LINE
8
BLACK
6
CONTINUOUS
10
0.142662125984252
20
0.050443031496063
11
0.135699842519685
21
0.0557853149606299
0
LINE
8
BLACK
6
CONTINUOUS
10
0.135699842519685
20
0.0557853149606299
11
0.1356996062992126
21
0.0557854724409449
0
LINE
8
BLACK
6
CONTINUOUS
10
0.1356996062992126
20
0.0557854724409449
11
0.1280994094488189
21
0.0601734645669291
0
LINE
8
BLACK
6
CONTINUOUS
10
0.1280994094488189
20
0.0601734645669291
11
0.128099094488189
21
0.0601735826771654
0
LINE
8
BLACK
6
CONTINUOUS
10
0.128099094488189
20
0.0601735826771654
11
0.1199914173228346
21
0.0635318897637795
0
LINE
8
BLACK
6
CONTINUOUS
10
0.1199914173228346
20
0.0635318897637795
11
0.1115142125984252
21
0.0658033464566929
0
LINE
8
BLACK
6
CONTINUOUS
10
0.1115142125984252
20
0.0658033464566929
11
0.1051042125984252
21
0.0666472440944882
0
LINE
8
BLACK
6
CONTINUOUS
10
0.1051042125984252
20
0.0666472440944882
11
0.1028132677165354
21
0.0669488188976378
0
LINE
8
BLACK
6
CONTINUOUS
10
0.1028132677165354
20
0.0669488188976378
11
0.094037125984252
21
0.0669488188976378
0
LINE
8
BLACK
6
CONTINUOUS
10
0.094037125984252
20
0.0669488188976378
11
0.0920126771653543
21
0.0666823228346457
0
LINE
8
BLACK
6
CONTINUOUS
10
0.0920126771653543
20
0.0666823228346457
11
0.0853361417322835
21
0.0658033464566929
0
LINE
8
BLACK
6
CONTINUOUS
10
0.0853361417322835
20
0.0658033464566929
11
0.076858937007874
21
0.0635318897637795
0
LINE
8
BLACK
6
CONTINUOUS
10
0.076858937007874
20
0.0635318897637795
11
0.0687512598425197
21
0.0601735826771654
0
LINE
8
BLACK
6
CONTINUOUS
10
0.0687512598425197
20
0.0601735826771654
11
0.0687509448818898
21
0.0601734645669291
0
LINE
8
BLACK
6
CONTINUOUS
10
0.0687509448818898
20
0.0601734645669291
11
0.0611507480314961
21
0.0557854724409449
0
LINE
8
BLACK
6
CONTINUOUS
10
0.0611507480314961
20
0.0557854724409449
11
0.0611505118110236
21
0.0557853149606299
0
LINE
8
BLACK
6
CONTINUOUS
10
0.0611505118110236
20
0.0557853149606299
11
0.0541882283464567
21
0.050443031496063
0
LINE
8
BLACK
6
CONTINUOUS
10
0.0541882283464567
20
0.050443031496063
11
0.0479821653543307
21
0.044236968503937
0
LINE
8
BLACK
6
CONTINUOUS
10
0.0479821653543307
20
0.044236968503937
11
0.0426398818897638
21
0.0372746850393701
0
LINE
8
BLACK
6
CONTINUOUS
10
0.0426398818897638
20
0.0372746850393701
11
0.0426397244094488
21
0.0372744488188976
0
LINE
8
BLACK
6
CONTINUOUS
10
0.0426397244094488
20
0.0372744488188976
11
0.0382517322834646
21
0.0296742519685039
0
LINE
8
BLACK
6
CONTINUOUS
10
0.0382517322834646
20
0.0296742519685039
11
0.0382516141732283
21
0.029673937007874
0
LINE
8
BLACK
6
CONTINUOUS
10
0.0382516141732283
20
0.029673937007874
11
0.0359567716535433
21
0.0241336614173228
0
LINE
8
BLACK
6
CONTINUOUS
10
0.0359567716535433
20
0.0241336614173228
11
0.0353290551181102
21
0.0226181102362205
0
LINE
8
BLACK
6
CONTINUOUS
10
0.0353290551181102
20
0.0226181102362205
11
0.0348672440944882
21
0.0215032283464567
0
LINE
8
BLACK
6
CONTINUOUS
10
0.0348672440944882
20
0.0215032283464567
11
0.0332905511811024
21
0.0199264960629921
0
LINE
8
BLACK
6
CONTINUOUS
10
0.0332905511811024
20
0.0199264960629921
11
0.0321756299212598
21
0.0197047244094488
0
LINE
8
BLACK
6
CONTINUOUS
10
0.0321756299212598
20
0.0197047244094488
11
0.0226181102362205
21
0.0197047244094488
0
LINE
8
BLACK
6
CONTINUOUS
10
0.0226181102362205
20
0.0197047244094488
11
0.020558031496063
21
0.020558031496063
0
LINE
8
BLACK
6
CONTINUOUS
10
0.020558031496063
20
0.020558031496063
11
0.0197047244094488
21
0.0226181102362205
0
LINE
8
BLACK
6
CONTINUOUS
10
0.0197047244094488
20
0.0226181102362205
11
0.0197047244094488
21
0.8828937007874016
0
LINE
8
BLACK
6
CONTINUOUS
10
0.0197047244094488
20
0.8828937007874016
11
0.020558031496063
21
0.884953779527559
0
LINE
8
BLACK
6
CONTINUOUS
10
0.020558031496063
20
0.884953779527559
11
0.0226181102362205
21
0.8858070866141732
0
LINE
8
BLACK
6
CONTINUOUS
10
0.0226181102362205
20
0.8858070866141732
11
0.0321756299212598
21
0.8858070866141732
0
LINE
8
BLACK
6
CONTINUOUS
10
0.0321756299212598
20
0.8858070866141732
11
0.0342357086614173
21
0.884953779527559
0
LINE
8
BLACK
6
CONTINUOUS
10
0.6855540551181102
20
0.0667675590551181
11
0.6836338188976377
21
0.0638937401574803
0
LINE
8
BLACK
6
CONTINUOUS
10
0.6836338188976377
20
0.0638937401574803
11
0.68076
21
0.0619735039370079
0
LINE
8
BLACK
6
CONTINUOUS
10
0.68076
20
0.0619735039370079
11
0.6783543307086614
21
0.061495
0
LINE
8
BLACK
6
CONTINUOUS
10
0.6783543307086614
20
0.061495
11
0.6783543307086614
21
0.0455511811023622
0
LINE
8
BLACK
6
CONTINUOUS
10
0.6783543307086614
20
0.0455511811023622
11
0.6798547244094488
21
0.0455511811023622
0
LINE
8
BLACK
6
CONTINUOUS
10
0.6798547244094488
20
0.0455511811023622
11
0.6812500393700788
21
0.0456610236220472
0
LINE
8
BLACK
6
CONTINUOUS
10
0.6812500393700788
20
0.0456610236220472
11
0.6872201181102362
21
0.0473955118110236
0
LINE
8
BLACK
6
CONTINUOUS
10
0.6872201181102362
20
0.0473955118110236
11
0.6925712992125984
21
0.0505601968503937
0
LINE
8
BLACK
6
CONTINUOUS
10
0.6925712992125984
20
0.0505601968503937
11
0.6969673622047244
21
0.0549562598425197
0
LINE
8
BLACK
6
CONTINUOUS
10
0.6969673622047244
20
0.0549562598425197
11
0.7001320472440945
21
0.0603074409448819
0
LINE
8
BLACK
6
CONTINUOUS
10
0.7001320472440945
20
0.0603074409448819
11
0.7018665354330709
21
0.0662775196850394
0
LINE
8
BLACK
6
CONTINUOUS
10
0.7018665354330709
20
0.0662775196850394
11
0.7019763779527559
21
0.0676728346456693
0
LINE
8
BLACK
6
CONTINUOUS
10
0.7019763779527559
20
0.0676728346456693
11
0.7019763779527559
21
0.0701574803149606
0
LINE
8
BLACK
6
CONTINUOUS
10
0.7019763779527559
20
0.0701574803149606
11
0.686228346456693
21
0.0701574803149606
0
LINE
8
BLACK
6
CONTINUOUS
10
0.686228346456693
20
0.0701574803149606
11
0.6855540551181102
21
0.0667675590551181
0
LINE
8
BLACK
6
CONTINUOUS
10
0.391794094488189
20
0.0869893307086614
11
0.3896605118110236
21
0.0837961811023622
0
LINE
8
BLACK
6
CONTINUOUS
10
0.3896605118110236
20
0.0837961811023622
11
0.3864673622047244
21
0.0816625984251969
0
LINE
8
BLACK
6
CONTINUOUS
10
0.3864673622047244
20
0.0816625984251969
11
0.3827007874015748
21
0.0809133858267717
0
LINE
8
BLACK
6
CONTINUOUS
10
0.3827007874015748
20
0.0809133858267717
11
0.3738425196850393
21
0.0809133858267717
0
LINE
8
BLACK
6
CONTINUOUS
10
0.3738425196850393
20
0.0809133858267717
11
0.3738425196850393
21
0.0651653543307087
0
LINE
8
BLACK
6
CONTINUOUS
10
0.3738425196850393
20
0.0651653543307087
11
0.3852850787401575
21
0.0651653543307087
0
LINE
8
BLACK
6
CONTINUOUS
10
0.3852850787401575
20
0.0651653543307087
11
0.3867359448818898
21
0.0652795669291339
0
LINE
8
BLACK
6
CONTINUOUS
10
0.3867359448818898
20
0.0652795669291339
11
0.392944842519685
21
0.0670834251968504
0
LINE
8
BLACK
6
CONTINUOUS
10
0.392944842519685
20
0.0670834251968504
11
0.3985100787401575
21
0.0703747244094488
0
LINE
8
BLACK
6
CONTINUOUS
10
0.3985100787401575
20
0.0703747244094488
11
0.403081968503937
21
0.0749466141732283
0
LINE
8
BLACK
6
CONTINUOUS
10
0.403081968503937
20
0.0749466141732283
11
0.4063732677165354
21
0.0805118503937008
0
LINE
8
BLACK
6
CONTINUOUS
10
0.4063732677165354
20
0.0805118503937008
11
0.4081771259842519
21
0.0867207480314961
0
LINE
8
BLACK
6
CONTINUOUS
10
0.4081771259842519
20
0.0867207480314961
11
0.4082913385826771
21
0.0881716141732283
0
LINE
8
BLACK
6
CONTINUOUS
10
0.4082913385826771
20
0.0881716141732283
11
0.4082913385826771
21
0.090755905511811
0
LINE
8
BLACK
6
CONTINUOUS
10
0.4082913385826771
20
0.090755905511811
11
0.3925433070866142
21
0.090755905511811
0
LINE
8
BLACK
6
CONTINUOUS
10
0.3925433070866142
20
0.090755905511811
11
0.391794094488189
21
0.0869893307086614
0
LINE
8
BLACK
6
CONTINUOUS
10
0.3197086614173228
20
0.0881716141732283
11
0.3198228346456693
21
0.0867207480314961
0
LINE
8
BLACK
6
CONTINUOUS
10
0.3198228346456693
20
0.0867207480314961
11
0.3216266929133858
21
0.0805118503937008
0
LINE
8
BLACK
6
CONTINUOUS
10
0.3216266929133858
20
0.0805118503937008
11
0.3249179921259843
21
0.0749466141732283
0
LINE
8
BLACK
6
CONTINUOUS
10
0.3249179921259843
20
0.0749466141732283
11
0.3294898818897637
21
0.0703747244094488
0
LINE
8
BLACK
6
CONTINUOUS
10
0.3294898818897637
20
0.0703747244094488
11
0.3350551181102362
21
0.0670834251968504
0
LINE
8
BLACK
6
CONTINUOUS
10
0.3350551181102362
20
0.0670834251968504
11
0.341264094488189
21
0.0652795669291339
0
LINE
8
BLACK
6
CONTINUOUS
10
0.341264094488189
20
0.0652795669291339
11
0.3412639763779527
21
0.0652795669291339
0
LINE
8
BLACK
6
CONTINUOUS
10
0.3412639763779527
20
0.0652795669291339
11
0.3427149212598425
21
0.0651653543307087
0
LINE
8
BLACK
6
CONTINUOUS
10
0.3427149212598425
20
0.0651653543307087
11
0.3541574803149606
21
0.0651653543307087
0
LINE
8
BLACK
6
CONTINUOUS
10
0.3541574803149606
20
0.0651653543307087
11
0.3541574803149606
21
0.0809133858267717
0
LINE
8
BLACK
6
CONTINUOUS
10
0.3541574803149606
20
0.0809133858267717
11
0.3452992125984252
21
0.0809133858267717
0
LINE
8
BLACK
6
CONTINUOUS
10
0.3452992125984252
20
0.0809133858267717
11
0.3415326377952756
21
0.0816625984251969
0
LINE
8
BLACK
6
CONTINUOUS
10
0.3415326377952756
20
0.0816625984251969
11
0.3383394881889764
21
0.0837961811023622
0
LINE
8
BLACK
6
CONTINUOUS
10
0.3383394881889764
20
0.0837961811023622
11
0.336205905511811
21
0.0869893307086614
0
LINE
8
BLACK
6
CONTINUOUS
10
0.336205905511811
20
0.0869893307086614
11
0.3354566929133858
21
0.090755905511811
0
LINE
8
BLACK
6
CONTINUOUS
10
0.3354566929133858
20
0.090755905511811
11
0.3197086614173228
21
0.090755905511811
0
LINE
8
BLACK
6
CONTINUOUS
10
0.3197086614173228
20
0.090755905511811
11
0.3197086614173228
21
0.0881716141732283
0
LINE
8
BLACK
6
CONTINUOUS
10
0.6855540551181102
20
0.1322006299212598
11
0.6836338188976377
21
0.129326811023622
0
LINE
8
BLACK
6
CONTINUOUS
10
0.6836338188976377
20
0.129326811023622
11
0.68076
21
0.1274065748031496
0
LINE
8
BLACK
6
CONTINUOUS
10
0.68076
20
0.1274065748031496
11
0.6783543307086614
21
0.1269280708661417
0
LINE
8
BLACK
6
CONTINUOUS
10
0.6783543307086614
20
0.1269280708661417
11
0.6783543307086614
21
0.0985050393700787
0
LINE
8
BLACK
6
CONTINUOUS
10
0.6783543307086614
20
0.0985050393700787
11
0.68076
21
0.0980264960629921
0
LINE
8
BLACK
6
CONTINUOUS
10
0.68076
20
0.0980264960629921
11
0.6836338188976377
21
0.0961062598425197
0
LINE
8
BLACK
6
CONTINUOUS
10
0.6836338188976377
20
0.0961062598425197
11
0.6855540551181102
21
0.0932324409448819
0
LINE
8
BLACK
6
CONTINUOUS
10
0.6855540551181102
20
0.0932324409448819
11
0.686228346456693
21
0.0898425196850394
0
LINE
8
BLACK
6
CONTINUOUS
10
0.686228346456693
20
0.0898425196850394
11
0.7019763779527559
21
0.0898425196850394
0
LINE
8
BLACK
6
CONTINUOUS
10
0.7019763779527559
20
0.0898425196850394
11
0.7019763779527559
21
0.0923272047244094
0
LINE
8
BLACK
6
CONTINUOUS
10
0.7019763779527559
20
0.0923272047244094
11
0.7018665354330709
21
0.0937225590551181
0
LINE
8
BLACK
6
CONTINUOUS
10
0.7018665354330709
20
0.0937225590551181
11
0.7001320866141733
21
0.0996925196850394
0
LINE
8
BLACK
6
CONTINUOUS
10
0.7001320866141733
20
0.0996925196850394
11
0.6969673622047244
21
0.1050437795275591
0
LINE
8
BLACK
6
CONTINUOUS
10
0.6969673622047244
20
0.1050437795275591
11
0.6925712598425197
21
0.1094398818897638
0
LINE
8
BLACK
6
CONTINUOUS
10
0.6925712598425197
20
0.1094398818897638
11
0.6912709448818898
21
0.1102088582677165
0
LINE
8
BLACK
6
CONTINUOUS
10
0.6912709448818898
20
0.1102088582677165
11
0.6899320866141733
21
0.111991968503937
0
LINE
8
BLACK
6
CONTINUOUS
10
0.6899320866141733
20
0.111991968503937
11
0.6902462598425196
21
0.1141995275590551
0
LINE
8
BLACK
6
CONTINUOUS
10
0.6902462598425196
20
0.1141995275590551
11
0.6912709448818898
21
0.1152242125984252
0
LINE
8
BLACK
6
CONTINUOUS
10
0.6912709448818898
20
0.1152242125984252
11
0.6925712204724409
21
0.1159932283464567
0
LINE
8
BLACK
6
CONTINUOUS
10
0.6925712204724409
20
0.1159932283464567
11
0.6925712598425197
21
0.1159932283464567
0
LINE
8
BLACK
6
CONTINUOUS
10
0.6925712598425197
20
0.1159932283464567
11
0.6969673622047244
21
0.1203893307086614
0
LINE
8
BLACK
6
CONTINUOUS
10
0.6969673622047244
20
0.1203893307086614
11
0.698640905511811
21
0.1232190551181102
0
LINE
8
BLACK
6
CONTINUOUS
10
0.698640905511811
20
0.1232190551181102
11
0.7001320472440945
21
0.1257404724409449
0
LINE
8
BLACK
6
CONTINUOUS
10
0.7001320472440945
20
0.1257404724409449
11
0.7018665354330709
21
0.1317105905511811
0
LINE
8
BLACK
6
CONTINUOUS
10
0.7018665354330709
20
0.1317105905511811
11
0.7019763779527559
21
0.133105905511811
0
LINE
8
BLACK
6
CONTINUOUS
10
0.7019763779527559
20
0.133105905511811
11
0.7019763779527559
21
0.1355905511811024
0
LINE
8
BLACK
6
CONTINUOUS
10
0.7019763779527559
20
0.1355905511811024
11
0.686228346456693
21
0.1355905511811024
0
LINE
8
BLACK
6
CONTINUOUS
10
0.686228346456693
20
0.1355905511811024
11
0.6855540551181102
21
0.1322006299212598
0
LINE
8
BLACK
6
CONTINUOUS
10
0.2604724803149606
20
0.1175984251968504
11
0.2604724803149606
21
0.1143904724409449
0
LINE
8
BLACK
6
CONTINUOUS
10
0.2604724803149606
20
0.1143904724409449
11
0.2610564566929134
21
0.1107028346456693
0
LINE
8
BLACK
6
CONTINUOUS
10
0.2610564566929134
20
0.1107028346456693
11
0.2610564960629921
21
0.1107027952755905
0
LINE
8
BLACK
6
CONTINUOUS
10
0.2610564960629921
20
0.1107027952755905
11
0.2633212598425197
21
0.106258031496063
0
LINE
8
BLACK
6
CONTINUOUS
10
0.2633212598425197
20
0.106258031496063
11
0.2668485433070866
21
0.1027307480314961
0
LINE
8
BLACK
6
CONTINUOUS
10
0.2668485433070866
20
0.1027307480314961
11
0.2712933070866141
21
0.1004659842519685
0
LINE
8
BLACK
6
CONTINUOUS
10
0.2712933070866141
20
0.1004659842519685
11
0.2749810236220472
21
0.0998819291338583
0
LINE
8
BLACK
6
CONTINUOUS
10
0.2749810236220472
20
0.0998819291338583
11
0.2801574803149606
21
0.0998819291338583
0
LINE
8
BLACK
6
CONTINUOUS
10
0.2801574803149606
20
0.0998819291338583
11
0.2801574803149606
21
0.1156299212598425
0
LINE
8
BLACK
6
CONTINUOUS
10
0.2801574803149606
20
0.1156299212598425
11
0.2762204724409449
21
0.1156299212598425
0
LINE
8
BLACK
6
CONTINUOUS
10
0.2762204724409449
20
0.1156299212598425
11
0.2762204724409449
21
0.1175984251968504
0
LINE
8
BLACK
6
CONTINUOUS
10
0.2762204724409449
20
0.1175984251968504
11
0.2604724803149606
21
0.1175984251968504
0
LINE
8
BLACK
6
CONTINUOUS
10
0.3412640157480315
20
0.1359173228346457
11
0.3350551181102362
21
0.1341134645669291
0
LINE
8
BLACK
6
CONTINUOUS
10
0.3350551181102362
20
0.1341134645669291
11
0.3294898818897637
21
0.1308221653543307
0
LINE
8
BLACK
6
CONTINUOUS
10
0.3294898818897637
20
0.1308221653543307
11
0.3249179921259843
21
0.1262502755905512
0
LINE
8
BLACK
6
CONTINUOUS
10
0.3249179921259843
20
0.1262502755905512
11
0.3226771653543307
21
0.1224612204724409
0
LINE
8
BLACK
6
CONTINUOUS
10
0.3226771653543307
20
0.1224612204724409
11
0.3226771653543307
21
0.120511811023622
0
LINE
8
BLACK
6
CONTINUOUS
10
0.3226771653543307
20
0.120511811023622
11
0.3218238582677165
21
0.1184517322834646
0
LINE
8
BLACK
6
CONTINUOUS
10
0.3218238582677165
20
0.1184517322834646
11
0.319763779527559
21
0.1175984251968504
0
LINE
8
BLACK
6
CONTINUOUS
10
0.319763779527559
20
0.1175984251968504
11
0.3037795275590551
21
0.1175984251968504
0
LINE
8
BLACK
6
CONTINUOUS
10
0.3037795275590551
20
0.1175984251968504
11
0.3037795275590551
21
0.1156299212598425
0
LINE
8
BLACK
6
CONTINUOUS
10
0.3037795275590551
20
0.1156299212598425
11
0.2998425196850394
21
0.1156299212598425
0
LINE
8
BLACK
6
CONTINUOUS
10
0.2998425196850394
20
0.1156299212598425
11
0.2998425196850394
21
0.0998819291338583
0
LINE
8
BLACK
6
CONTINUOUS
10
0.2998425196850394
20
0.0998819291338583
11
0.305018937007874
21
0.0998819291338583
0
LINE
8
BLACK
6
CONTINUOUS
10
0.305018937007874
20
0.0998819291338583
11
0.3087066141732284
21
0.1004659448818898
0
LINE
8
BLACK
6
CONTINUOUS
10
0.3087066141732284
20
0.1004659448818898
11
0.3087066535433071
21
0.1004659842519685
0
LINE
8
BLACK
6
CONTINUOUS
10
0.3087066535433071
20
0.1004659842519685
11
0.3131514173228346
21
0.1027307480314961
0
LINE
8
BLACK
6
CONTINUOUS
10
0.3131514173228346
20
0.1027307480314961
11
0.3165590551181102
21
0.1061383464566929
0
LINE
8
BLACK
6
CONTINUOUS
10
0.3165590551181102
20
0.1061383464566929
11
0.3165590551181102
21
0.1075275590551181
0
LINE
8
BLACK
6
CONTINUOUS
10
0.3165590551181102
20
0.1075275590551181
11
0.3174123622047244
21
0.1095876377952756
0
LINE
8
BLACK
6
CONTINUOUS
10
0.3174123622047244
20
0.1095876377952756
11
0.3194724409448819
21
0.1104409448818898
0
LINE
8
BLACK
6
CONTINUOUS
10
0.3194724409448819
20
0.1104409448818898
11
0.3354566929133858
21
0.1104409448818898
0
LINE
8
BLACK
6
CONTINUOUS
10
0.3354566929133858
20
0.1104409448818898
11
0.336205905511811
21
0.1142075196850394
0
LINE
8
BLACK
6
CONTINUOUS
10
0.336205905511811
20
0.1142075196850394
11
0.3383394881889764
21
0.1174006692913386
0
LINE
8
BLACK
6
CONTINUOUS
10
0.3383394881889764
20
0.1174006692913386
11
0.3415326377952756
21
0.1195342519685039
0
LINE
8
BLACK
6
CONTINUOUS
10
0.3415326377952756
20
0.1195342519685039
11
0.3452992125984252
21
0.1202834645669291
0
LINE
8
BLACK
6
CONTINUOUS
10
0.3452992125984252
20
0.1202834645669291
11
0.3541574803149606
21
0.1202834645669291
0
LINE
8
BLACK
6
CONTINUOUS
10
0.3541574803149606
20
0.1202834645669291
11
0.3541574803149606
21
0.1360314960629921
0
LINE
8
BLACK
6
CONTINUOUS
10
0.3541574803149606
20
0.1360314960629921
11
0.3427149212598425
21
0.1360314960629921
0
LINE
8
BLACK
6
CONTINUOUS
10
0.3427149212598425
20
0.1360314960629921
11
0.3412640157480315
21
0.1359173228346457
0
LINE
8
BLACK
6
CONTINUOUS
10
0.2998425196850394
20
0.139251968503937
11
0.3037795275590551
21
0.139251968503937
0
LINE
8
BLACK
6
CONTINUOUS
10
0.3037795275590551
20
0.139251968503937
11
0.3037795275590551
21
0.1372834645669291
0
LINE
8
BLACK
6
CONTINUOUS
10
0.3037795275590551
20
0.1372834645669291
11
0.3195275196850393
21
0.1372834645669291
0
LINE
8
BLACK
6
CONTINUOUS
10
0.3195275196850393
20
0.1372834645669291
11
0.3195275196850393
21
0.1404914566929134
0
LINE
8
BLACK
6
CONTINUOUS
10
0.3195275196850393
20
0.1404914566929134
11
0.3189435039370079
21
0.144179094488189
0
LINE
8
BLACK
6
CONTINUOUS
10
0.3189435039370079
20
0.144179094488189
11
0.3189434645669291
21
0.1441791338582677
0
LINE
8
BLACK
6
CONTINUOUS
10
0.3189434645669291
20
0.1441791338582677
11
0.3166787007874016
21
0.1486238976377953
0
LINE
8
BLACK
6
CONTINUOUS
10
0.3166787007874016
20
0.1486238976377953
11
0.3131514173228346
21
0.1521511811023622
0
LINE
8
BLACK
6
CONTINUOUS
10
0.3131514173228346
20
0.1521511811023622
11
0.3087066535433071
21
0.1544159448818898
0
LINE
8
BLACK
6
CONTINUOUS
10
0.3087066535433071
20
0.1544159448818898
11
0.3050189763779527
21
0.155
0
LINE
8
BLACK
6
CONTINUOUS
10
0.3050189763779527
20
0.155
11
0.2998425196850394
21
0.155
0
LINE
8
BLACK
6
CONTINUOUS
10
0.2998425196850394
20
0.155
11
0.2998425196850394
21
0.139251968503937
0
LINE
8
BLACK
6
CONTINUOUS
10
0.2749809842519685
20
0.1549999606299212
11
0.2712933464566929
21
0.1544159842519685
0
LINE
8
BLACK
6
CONTINUOUS
10
0.2712933464566929
20
0.1544159842519685
11
0.2712933070866141
21
0.1544159448818898
0
LINE
8
BLACK
6
CONTINUOUS
10
0.2712933070866141
20
0.1544159448818898
11
0.2668485433070866
21
0.1521511811023622
0
LINE
8
BLACK
6
CONTINUOUS
10
0.2668485433070866
20
0.1521511811023622
11
0.2633212598425197
21
0.1486238976377953
0
LINE
8
BLACK
6
CONTINUOUS
10
0.2633212598425197
20
0.1486238976377953
11
0.2610564960629921
21
0.1441791338582677
0
LINE
8
BLACK
6
CONTINUOUS
10
0.2610564960629921
20
0.1441791338582677
11
0.2610564960629921
21
0.144179094488189
0
LINE
8
BLACK
6
CONTINUOUS
10
0.2610564960629921
20
0.144179094488189
11
0.2604724409448819
21
0.1404914173228347
0
LINE
8
BLACK
6
CONTINUOUS
10
0.2604724409448819
20
0.1404914173228347
11
0.2604724409448819
21
0.1372834645669291
0
LINE
8
BLACK
6
CONTINUOUS
10
0.2604724409448819
20
0.1372834645669291
11
0.2762204724409449
21
0.1372834645669291
0
LINE
8
BLACK
6
CONTINUOUS
10
0.2762204724409449
20
0.1372834645669291
11
0.2762204724409449
21
0.139251968503937
0
LINE
8
BLACK
6
CONTINUOUS
10
0.2762204724409449
20
0.139251968503937
11
0.2801574803149606
21
0.139251968503937
0
LINE
8
BLACK
6
CONTINUOUS
10
0.2801574803149606
20
0.139251968503937
11
0.2801574803149606
21
0.155
0
LINE
8
BLACK
6
CONTINUOUS
10
0.2801574803149606
20
0.155
11
0.2749810236220472
21
0.155
0
LINE
8
BLACK
6
CONTINUOUS
10
0.2749810236220472
20
0.155
11
0.2749809842519685
21
0.1549999606299212
0
LINE
8
BLACK
6
CONTINUOUS
10
0.7393503937007874
20
0.3224349212598425
11
0.7393504330708661
21
0.3224344488188977
0
LINE
8
BLACK
6
CONTINUOUS
10
0.7393504330708661
20
0.3224344488188977
11
0.7397635039370078
21
0.3195992125984252
0
LINE
8
BLACK
6
CONTINUOUS
10
0.7397635039370078
20
0.3195992125984252
11
0.7419015354330708
21
0.3152257874015748
0
LINE
8
BLACK
6
CONTINUOUS
10
0.7419015354330708
20
0.3152257874015748
11
0.7419015748031496
21
0.3152257480314961
0
LINE
8
BLACK
6
CONTINUOUS
10
0.7419015748031496
20
0.3152257480314961
11
0.7453438582677165
21
0.3117834645669291
0
LINE
8
BLACK
6
CONTINUOUS
10
0.7453438582677165
20
0.3117834645669291
11
0.7497173622047244
21
0.3096453937007874
0
LINE
8
BLACK
6
CONTINUOUS
10
0.7497173622047244
20
0.3096453937007874
11
0.7525527165354331
21
0.3092322834645669
0
LINE
8
BLACK
6
CONTINUOUS
10
0.7525527165354331
20
0.3092322834645669
11
0.8104393700787401
21
0.3092323228346457
0
LINE
8
BLACK
6
CONTINUOUS
10
0.8104393700787401
20
0.3092323228346457
11
0.8132747637795276
21
0.3096453937007874
0
LINE
8
BLACK
6
CONTINUOUS
10
0.8132747637795276
20
0.3096453937007874
11
0.8154520472440945
21
0.3107098031496063
0
LINE
8
BLACK
6
CONTINUOUS
10
0.8154520472440945
20
0.3107098031496063
11
0.8158508661417323
21
0.3109047637795275
0
LINE
8
BLACK
6
CONTINUOUS
10
0.8158508661417323
20
0.3109047637795275
11
0.8171303937007873
21
0.3112007874015748
0
LINE
8
BLACK
6
CONTINUOUS
10
0.8171303937007873
20
0.3112007874015748
11
0.8378675196850394
21
0.3112007874015748
0
LINE
8
BLACK
6
CONTINUOUS
10
0.8378675196850394
20
0.3112007874015748
11
0.8394861023622047
21
0.3107098031496063
0
LINE
8
BLACK
6
CONTINUOUS
10
0.8394861023622047
20
0.3107098031496063
11
0.8434284645669291
21
0.3080755905511811
0
LINE
8
BLACK
6
CONTINUOUS
10
0.8434284645669291
20
0.3080755905511811
11
0.8434285039370079
21
0.3080755905511811
0
LINE
8
BLACK
6
CONTINUOUS
10
0.8434285039370079
20
0.3080755905511811
11
0.8434285433070866
21
0.3080755511811024
0
LINE
8
BLACK
6
CONTINUOUS
10
0.8434285433070866
20
0.3080755511811024
11
0.847874094488189
21
0.3062341732283465
0
LINE
8
BLACK
6
CONTINUOUS
10
0.847874094488189
20
0.3062341732283465
11
0.8478742913385826
21
0.3062340944881889
0
LINE
8
BLACK
6
CONTINUOUS
10
0.8478742913385826
20
0.3062340944881889
11
0.852593937007874
21
0.3052952755905512
0
LINE
8
BLACK
6
CONTINUOUS
10
0.852593937007874
20
0.3052952755905512
11
0.8525940157480315
21
0.3052952755905512
0
LINE
8
BLACK
6
CONTINUOUS
10
0.8525940157480315
20
0.3052952755905512
11
0.8574059842519685
21
0.3052952755905512
0
LINE
8
BLACK
6
CONTINUOUS
10
0.8574059842519685
20
0.3052952755905512
11
0.857406062992126
21
0.3052952755905512
0
LINE
8
BLACK
6
CONTINUOUS
10
0.857406062992126
20
0.3052952755905512
11
0.8621257086614174
21
0.3062340944881889
0
LINE
8
BLACK
6
CONTINUOUS
10
0.8621257086614174
20
0.3062340944881889
11
0.8665715354330709
21
0.3080755905511811
0
LINE
8
BLACK
6
CONTINUOUS
10
0.8665715354330709
20
0.3080755905511811
11
0.8705726377952756
21
0.3107490551181102
0
LINE
8
BLACK
6
CONTINUOUS
10
0.8705726377952756
20
0.3107490551181102
11
0.8739753543307086
21
0.3141517716535433
0
LINE
8
BLACK
6
CONTINUOUS
10
0.8739753543307086
20
0.3141517716535433
11
0.8766488188976378
21
0.318152874015748
0
LINE
8
BLACK
6
CONTINUOUS
10
0.8766488188976378
20
0.318152874015748
11
0.8784903149606299
21
0.3225987007874015
0
LINE
8
BLACK
6
CONTINUOUS
10
0.8784903149606299
20
0.3225987007874015
11
0.8794291338582677
21
0.3273183464566929
0
LINE
8
BLACK
6
CONTINUOUS
10
0.8794291338582677
20
0.3273183464566929
11
0.8794291338582677
21
0.3321304724409449
0
LINE
8
BLACK
6
CONTINUOUS
10
0.8794291338582677
20
0.3321304724409449
11
0.8784903149606299
21
0.3368501181102362
0
LINE
8
BLACK
6
CONTINUOUS
10
0.8784903149606299
20
0.3368501181102362
11
0.8781899212598425
21
0.3375753149606299
0
LINE
8
BLACK
6
CONTINUOUS
10
0.8781899212598425
20
0.3375753149606299
11
0.8766488582677165
21
0.3412958661417323
0
LINE
8
BLACK
6
CONTINUOUS
10
0.8766488582677165
20
0.3412958661417323
11
0.8739754330708661
21
0.3452969291338582
0
LINE
8
BLACK
6
CONTINUOUS
10
0.8739754330708661
20
0.3452969291338582
11
0.8739753543307086
21
0.3452970472440945
0
LINE
8
BLACK
6
CONTINUOUS
10
0.8739753543307086
20
0.3452970472440945
11
0.8705726377952756
21
0.3486997637795275
0
LINE
8
BLACK
6
CONTINUOUS
10
0.8705726377952756
20
0.3486997637795275
11
0.8665715354330709
21
0.3513732283464567
0
LINE
8
BLACK
6
CONTINUOUS
10
0.8665715354330709
20
0.3513732283464567
11
0.8665714960629921
21
0.3513732677165354
0
LINE
8
BLACK
6
CONTINUOUS
10
0.8665714960629921
20
0.3513732677165354
11
0.8665714173228346
21
0.3513733070866142
0
LINE
8
BLACK
6
CONTINUOUS
10
0.8665714173228346
20
0.3513733070866142
11
0.8621258661417323
21
0.3532146850393701
0
LINE
8
BLACK
6
CONTINUOUS
10
0.8621258661417323
20
0.3532146850393701
11
0.8621254724409448
21
0.3532148031496063
0
LINE
8
BLACK
6
CONTINUOUS
10
0.8621254724409448
20
0.3532148031496063
11
0.858965
21
0.3538434645669291
0
LINE
8
BLACK
6
CONTINUOUS
10
0.858965
20
0.3538434645669291
11
0.857406062992126
21
0.3541535433070866
0
LINE
8
BLACK
6
CONTINUOUS
10
0.857406062992126
20
0.3541535433070866
11
0.852593937007874
21
0.3541535433070866
0
LINE
8
BLACK
6
CONTINUOUS
10
0.852593937007874
20
0.3541535433070866
11
0.8512559448818897
21
0.3538874015748031
0
LINE
8
BLACK
6
CONTINUOUS
10
0.8512559448818897
20
0.3538874015748031
11
0.8478744881889764
21
0.3532148031496063
0
LINE
8
BLACK
6
CONTINUOUS
10
0.8478744881889764
20
0.3532148031496063
11
0.847874094488189
21
0.3532146850393701
0
LINE
8
BLACK
6
CONTINUOUS
10
0.847874094488189
20
0.3532146850393701
11
0.8434285433070866
21
0.3513733070866142
0
LINE
8
BLACK
6
CONTINUOUS
10
0.8434285433070866
20
0.3513733070866142
11
0.8394861023622047
21
0.3487390157480315
0
LINE
8
BLACK
6
CONTINUOUS
10
0.8394861023622047
20
0.3487390157480315
11
0.8378675196850394
21
0.348248031496063
0
LINE
8
BLACK
6
CONTINUOUS
10
0.8378675196850394
20
0.348248031496063
11
0.8171304330708661
21
0.348248031496063
0
LINE
8
BLACK
6
CONTINUOUS
10
0.8171304330708661
20
0.348248031496063
11
0.8158509055118111
21
0.3485440551181102
0
LINE
8
BLACK
6
CONTINUOUS
10
0.8158509055118111
20
0.3485440551181102
11
0.8132748425196851
21
0.3498034251968504
0
LINE
8
BLACK
6
CONTINUOUS
10
0.8132748425196851
20
0.3498034251968504
11
0.8113845275590551
21
0.3500788582677165
0
LINE
8
BLACK
6
CONTINUOUS
10
0.8113845275590551
20
0.3500788582677165
11
0.8104394094488189
21
0.3502165354330709
0
LINE
8
BLACK
6
CONTINUOUS
10
0.8104394094488189
20
0.3502165354330709
11
0.8104393700787401
21
0.3502165354330709
0
LINE
8
BLACK
6
CONTINUOUS
10
0.8104393700787401
20
0.3502165354330709
11
0.7525527559055117
21
0.3502165354330709
0
LINE
8
BLACK
6
CONTINUOUS
10
0.7525527559055117
20
0.3502165354330709
11
0.7497172834645669
21
0.3498034251968504
0
LINE
8
BLACK
6
CONTINUOUS
10
0.7497172834645669
20
0.3498034251968504
11
0.7453438582677165
21
0.3476653937007874
0
LINE
8
BLACK
6
CONTINUOUS
10
0.7453438582677165
20
0.3476653937007874
11
0.7419015748031496
21
0.3442231102362205
0
LINE
8
BLACK
6
CONTINUOUS
10
0.7419015748031496
20
0.3442231102362205
11
0.7397635039370078
21
0.3398496062992126
0
LINE
8
BLACK
6
CONTINUOUS
10
0.7397635039370078
20
0.3398496062992126
11
0.7393503937007874
21
0.3370144094488189
0
LINE
8
BLACK
6
CONTINUOUS
10
0.7393503937007874
20
0.3370144094488189
11
0.7393503937007874
21
0.3224349212598425
0
LINE
8
BLACK
6
CONTINUOUS
10
0.3089935826771654
20
0.8327758267716535
11
0.3089935433070866
21
0.8327757874015748
0
LINE
8
BLACK
6
CONTINUOUS
10
0.3089935433070866
20
0.8327757874015748
11
0.3043209842519685
21
0.8303949606299212
0
LINE
8
BLACK
6
CONTINUOUS
10
0.3043209842519685
20
0.8303949606299212
11
0.3006129133858267
21
0.8266868897637795
0
LINE
8
BLACK
6
CONTINUOUS
10
0.3006129133858267
20
0.8266868897637795
11
0.2982320866141732
21
0.8220143307086614
0
LINE
8
BLACK
6
CONTINUOUS
10
0.2982320866141732
20
0.8220143307086614
11
0.2982320866141732
21
0.8220142913385826
0
LINE
8
BLACK
6
CONTINUOUS
10
0.2982320866141732
20
0.8220142913385826
11
0.2976181102362205
21
0.8181377165354331
0
LINE
8
BLACK
6
CONTINUOUS
10
0.2976181102362205
20
0.8181377165354331
11
0.2976181102362205
21
0.7997835826771653
0
LINE
8
BLACK
6
CONTINUOUS
10
0.2976181102362205
20
0.7997835826771653
11
0.2982320472440945
21
0.7959070078740157
0
LINE
8
BLACK
6
CONTINUOUS
10
0.2982320472440945
20
0.7959070078740157
11
0.2982320866141732
21
0.7959069685039369
0
LINE
8
BLACK
6
CONTINUOUS
10
0.2982320866141732
20
0.7959069685039369
11
0.299445157480315
21
0.7935261811023622
0
LINE
8
BLACK
6
CONTINUOUS
10
0.299445157480315
20
0.7935261811023622
11
0.300612874015748
21
0.7912344488188976
0
LINE
8
BLACK
6
CONTINUOUS
10
0.300612874015748
20
0.7912344488188976
11
0.304321062992126
21
0.7875262598425197
0
LINE
8
BLACK
6
CONTINUOUS
10
0.304321062992126
20
0.7875262598425197
11
0.3089936220472441
21
0.7851454724409449
0
LINE
8
BLACK
6
CONTINUOUS
10
0.3089936220472441
20
0.7851454724409449
11
0.3128701968503937
21
0.7845314960629921
0
LINE
8
BLACK
6
CONTINUOUS
10
0.3128701968503937
20
0.7845314960629921
11
0.3371297637795275
21
0.7845315354330709
0
LINE
8
BLACK
6
CONTINUOUS
10
0.3371297637795275
20
0.7845315354330709
11
0.3371298031496063
21
0.7845315354330709
0
LINE
8
BLACK
6
CONTINUOUS
10
0.3371298031496063
20
0.7845315354330709
11
0.3389857874015748
21
0.7848254724409449
0
LINE
8
BLACK
6
CONTINUOUS
10
0.3389857874015748
20
0.7848254724409449
11
0.3410063779527559
21
0.7851454724409449
0
LINE
8
BLACK
6
CONTINUOUS
10
0.3410063779527559
20
0.7851454724409449
11
0.3410064960629921
21
0.7851455511811023
0
LINE
8
BLACK
6
CONTINUOUS
10
0.3410064960629921
20
0.7851455511811023
11
0.3412244488188976
21
0.7852163385826771
0
LINE
8
BLACK
6
CONTINUOUS
10
0.3412244488188976
20
0.7852163385826771
11
0.3412429527559055
21
0.7851593700787401
0
LINE
8
BLACK
6
CONTINUOUS
10
0.3412429527559055
20
0.7851593700787401
11
0.3421698031496063
21
0.7853818897637795
0
LINE
8
BLACK
6
CONTINUOUS
10
0.3421698031496063
20
0.7853818897637795
11
0.3658764566929134
21
0.7853818897637795
0
LINE
8
BLACK
6
CONTINUOUS
10
0.3658764566929134
20
0.7853818897637795
11
0.3679365354330709
21
0.7845285826771653
0
LINE
8
BLACK
6
CONTINUOUS
10
0.3679365354330709
20
0.7845285826771653
11
0.3687539763779528
21
0.7829242519685039
0
LINE
8
BLACK
6
CONTINUOUS
10
0.3687539763779528
20
0.7829242519685039
11
0.3689013779527559
21
0.7819936220472441
0
LINE
8
BLACK
6
CONTINUOUS
10
0.3689013779527559
20
0.7819936220472441
11
0.3689013779527559
21
0.7819935826771653
0
LINE
8
BLACK
6
CONTINUOUS
10
0.3689013779527559
20
0.7819935826771653
11
0.3690372834645669
21
0.7817268897637795
0
LINE
8
BLACK
6
CONTINUOUS
10
0.3690372834645669
20
0.7817268897637795
11
0.3712821653543307
21
0.777321062992126
0
LINE
8
BLACK
6
CONTINUOUS
10
0.3712821653543307
20
0.777321062992126
11
0.3749903543307087
21
0.773612874015748
0
LINE
8
BLACK
6
CONTINUOUS
10
0.3749903543307087
20
0.773612874015748
11
0.3796629133858268
21
0.7712320866141732
0
LINE
8
BLACK
6
CONTINUOUS
10
0.3796629133858268
20
0.7712320866141732
11
0.3835394881889764
21
0.7706181102362204
0
LINE
8
BLACK
6
CONTINUOUS
10
0.3835394881889764
20
0.7706181102362204
11
0.4010469291338583
21
0.7706181496062992
0
LINE
8
BLACK
6
CONTINUOUS
10
0.4010469291338583
20
0.7706181496062992
11
0.4031070078740158
21
0.769764842519685
0
LINE
8
BLACK
6
CONTINUOUS
10
0.4031070078740158
20
0.769764842519685
11
0.4115285826771654
21
0.7613432677165354
0
LINE
8
BLACK
6
CONTINUOUS
10
0.4115285826771654
20
0.7613432677165354
11
0.4123818897637795
21
0.7592831889763779
0
LINE
8
BLACK
6
CONTINUOUS
10
0.4123818897637795
20
0.7592831889763779
11
0.4123818897637795
21
0.7331533070866142
0
LINE
8
BLACK
6
CONTINUOUS
10
0.4123818897637795
20
0.7331533070866142
11
0.4115285826771654
21
0.7310932283464566
0
LINE
8
BLACK
6
CONTINUOUS
10
0.4115285826771654
20
0.7310932283464566
11
0.4094685039370078
21
0.7302399212598425
0
LINE
8
BLACK
6
CONTINUOUS
10
0.4094685039370078
20
0.7302399212598425
11
0.4081458661417323
21
0.7305574409448818
0
LINE
8
BLACK
6
CONTINUOUS
10
0.4081458661417323
20
0.7305574409448818
11
0.405770157480315
21
0.7317679133858268
0
LINE
8
BLACK
6
CONTINUOUS
10
0.405770157480315
20
0.7317679133858268
11
0.4018935826771654
21
0.7323818897637795
0
LINE
8
BLACK
6
CONTINUOUS
10
0.4018935826771654
20
0.7323818897637795
11
0.3835394488188976
21
0.7323818897637795
0
LINE
8
BLACK
6
CONTINUOUS
10
0.3835394488188976
20
0.7323818897637795
11
0.379662874015748
21
0.7317679527559054
0
LINE
8
BLACK
6
CONTINUOUS
10
0.379662874015748
20
0.7317679527559054
11
0.3796628346456693
21
0.7317679133858268
0
LINE
8
BLACK
6
CONTINUOUS
10
0.3796628346456693
20
0.7317679133858268
11
0.3749902755905511
21
0.7293870866141732
0
LINE
8
BLACK
6
CONTINUOUS
10
0.3749902755905511
20
0.7293870866141732
11
0.3712822047244094
21
0.7256790157480315
0
LINE
8
BLACK
6
CONTINUOUS
10
0.3712822047244094
20
0.7256790157480315
11
0.3689013779527559
21
0.7210064566929134
0
LINE
8
BLACK
6
CONTINUOUS
10
0.3689013779527559
20
0.7210064566929134
11
0.3689013779527559
21
0.7210064173228347
0
LINE
8
BLACK
6
CONTINUOUS
10
0.3689013779527559
20
0.7210064173228347
11
0.3682874015748032
21
0.717129842519685
0
LINE
8
BLACK
6
CONTINUOUS
10
0.3682874015748032
20
0.717129842519685
11
0.3682874015748032
21
0.6928701968503936
0
LINE
8
BLACK
6
CONTINUOUS
10
0.3682874015748032
20
0.6928701968503936
11
0.3689013385826772
21
0.6889936220472441
0
LINE
8
BLACK
6
CONTINUOUS
10
0.3689013385826772
20
0.6889936220472441
11
0.3689013779527559
21
0.6889935826771654
0
LINE
8
BLACK
6
CONTINUOUS
10
0.3689013779527559
20
0.6889935826771654
11
0.3699229921259842
21
0.6869885826771653
0
LINE
8
BLACK
6
CONTINUOUS
10
0.3699229921259842
20
0.6869885826771653
11
0.3712821653543307
21
0.6843210629921259
0
LINE
8
BLACK
6
CONTINUOUS
10
0.3712821653543307
20
0.6843210629921259
11
0.3749903543307087
21
0.680612874015748
0
LINE
8
BLACK
6
CONTINUOUS
10
0.3749903543307087
20
0.680612874015748
11
0.3784858661417323
21
0.6788318503937008
0
LINE
8
BLACK
6
CONTINUOUS
10
0.3784858661417323
20
0.6788318503937008
11
0.3785076771653543
21
0.6788207086614173
0
LINE
8
BLACK
6
CONTINUOUS
10
0.3785076771653543
20
0.6788207086614173
11
0.3799558267716535
21
0.677125157480315
0
LINE
8
BLACK
6
CONTINUOUS
10
0.3799558267716535
20
0.677125157480315
11
0.3800984251968504
21
0.6762248818897638
0
LINE
8
BLACK
6
CONTINUOUS
10
0.3800984251968504
20
0.6762248818897638
11
0.3800984251968504
21
0.6733779133858268
0
LINE
8
BLACK
6
CONTINUOUS
10
0.3800984251968504
20
0.6733779133858268
11
0.3808036614173228
21
0.6707458267716535
0
LINE
8
BLACK
6
CONTINUOUS
10
0.3808036614173228
20
0.6707458267716535
11
0.3809583070866142
21
0.6701687007874015
0
LINE
8
BLACK
6
CONTINUOUS
10
0.3809583070866142
20
0.6701687007874015
11
0.3809583858267717
21
0.6701685433070866
0
LINE
8
BLACK
6
CONTINUOUS
10
0.3809583858267717
20
0.6701685433070866
11
0.3826194094488189
21
0.6672915748031496
0
LINE
8
BLACK
6
CONTINUOUS
10
0.3826194094488189
20
0.6672915748031496
11
0.3826194488188976
21
0.6672915354330708
0
LINE
8
BLACK
6
CONTINUOUS
10
0.3826194488188976
20
0.6672915354330708
11
0.3826195275590551
21
0.6672914173228346
0
LINE
8
BLACK
6
CONTINUOUS
10
0.3826195275590551
20
0.6672914173228346
11
0.3848138582677165
21
0.6650970866141732
0
LINE
8
BLACK
6
CONTINUOUS
10
0.3848138582677165
20
0.6650970866141732
11
0.3851347637795275
21
0.6647761811023621
0
LINE
8
BLACK
6
CONTINUOUS
10
0.3851347637795275
20
0.6647761811023621
11
0.385135
21
0.6647759842519685
0
LINE
8
BLACK
6
CONTINUOUS
10
0.385135
20
0.6647759842519685
11
0.3914730708661417
21
0.6584379133858268
0
LINE
8
BLACK
6
CONTINUOUS
10
0.3914730708661417
20
0.6584379133858268
11
0.3923263779527559
21
0.6563778346456692
0
LINE
8
BLACK
6
CONTINUOUS
10
0.3923263779527559
20
0.6563778346456692
11
0.3914730708661417
21
0.6543177559055118
0
LINE
8
BLACK
6
CONTINUOUS
10
0.3914730708661417
20
0.6543177559055118
11
0.3686267322834645
21
0.6314714173228346
0
LINE
8
BLACK
6
CONTINUOUS
10
0.3686267322834645
20
0.6314714173228346
11
0.3665666535433071
21
0.6306181102362205
0
LINE
8
BLACK
6
CONTINUOUS
10
0.3665666535433071
20
0.6306181102362205
11
0.353775157480315
21
0.6306181102362205
0
LINE
8
BLACK
6
CONTINUOUS
10
0.353775157480315
20
0.6306181102362205
11
0.3517150787401574
21
0.6314714173228346
0
LINE
8
BLACK
6
CONTINUOUS
10
0.3517150787401574
20
0.6314714173228346
11
0.3511793307086614
21
0.6322088188976378
0
LINE
8
BLACK
6
CONTINUOUS
10
0.3511793307086614
20
0.6322088188976378
11
0.3499615354330708
21
0.6345988188976378
0
LINE
8
BLACK
6
CONTINUOUS
10
0.3499615354330708
20
0.6345988188976378
11
0.349387125984252
21
0.6357261811023622
0
LINE
8
BLACK
6
CONTINUOUS
10
0.349387125984252
20
0.6357261811023622
11
0.345678937007874
21
0.6394343700787402
0
LINE
8
BLACK
6
CONTINUOUS
10
0.345678937007874
20
0.6394343700787402
11
0.3433872047244094
21
0.6406020866141732
0
LINE
8
BLACK
6
CONTINUOUS
10
0.3433872047244094
20
0.6406020866141732
11
0.3410064173228347
21
0.6418151574803149
0
LINE
8
BLACK
6
CONTINUOUS
10
0.3410064173228347
20
0.6418151574803149
11
0.3371298031496063
21
0.6424291338582677
0
LINE
8
BLACK
6
CONTINUOUS
10
0.3371298031496063
20
0.6424291338582677
11
0.3128701574803149
21
0.6424291338582677
0
LINE
8
BLACK
6
CONTINUOUS
10
0.3128701574803149
20
0.6424291338582677
11
0.3089935826771654
21
0.6418151968503937
0
LINE
8
BLACK
6
CONTINUOUS
10
0.3089935826771654
20
0.6418151968503937
11
0.3089935433070866
21
0.6418151574803149
0
LINE
8
BLACK
6
CONTINUOUS
10
0.3089935433070866
20
0.6418151574803149
11
0.3043209842519685
21
0.6394343307086614
0
LINE
8
BLACK
6
CONTINUOUS
10
0.3043209842519685
20
0.6394343307086614
11
0.3006129133858267
21
0.6357262598425196
0
LINE
8
BLACK
6
CONTINUOUS
10
0.3006129133858267
20
0.6357262598425196
11
0.2982320866141732
21
0.6310537007874015
0
LINE
8
BLACK
6
CONTINUOUS
10
0.2982320866141732
20
0.6310537007874015
11
0.2982320866141732
21
0.6310536614173228
0
LINE
8
BLACK
6
CONTINUOUS
10
0.2982320866141732
20
0.6310536614173228
11
0.2976181102362205
21
0.6271770866141733
0
LINE
8
BLACK
6
CONTINUOUS
10
0.2976181102362205
20
0.6271770866141733
11
0.2976181102362205
21
0.6088229527559055
0
LINE
8
BLACK
6
CONTINUOUS
10
0.2976181102362205
20
0.6088229527559055
11
0.2982320472440945
21
0.6049463779527559
0
LINE
8
BLACK
6
CONTINUOUS
10
0.2982320472440945
20
0.6049463779527559
11
0.2982320866141732
21
0.6049463385826771
0
LINE
8
BLACK
6
CONTINUOUS
10
0.2982320866141732
20
0.6049463385826771
11
0.2984555118110236
21
0.604507874015748
0
LINE
8
BLACK
6
CONTINUOUS
10
0.2984555118110236
20
0.604507874015748
11
0.300612874015748
21
0.6002738188976378
0
LINE
8
BLACK
6
CONTINUOUS
10
0.300612874015748
20
0.6002738188976378
11
0.304321062992126
21
0.5965656299212598
0
LINE
8
BLACK
6
CONTINUOUS
10
0.304321062992126
20
0.5965656299212598
11
0.3089936220472441
21
0.5941848425196851
0
LINE
8
BLACK
6
CONTINUOUS
10
0.3089936220472441
20
0.5941848425196851
11
0.3128701968503937
21
0.5935708661417323
0
LINE
8
BLACK
6
CONTINUOUS
10
0.3128701968503937
20
0.5935708661417323
11
0.3327881102362205
21
0.593570905511811
0
LINE
8
BLACK
6
CONTINUOUS
10
0.3327881102362205
20
0.593570905511811
11
0.334848188976378
21
0.5927175984251969
0
LINE
8
BLACK
6
CONTINUOUS
10
0.334848188976378
20
0.5927175984251969
11
0.3357014960629921
21
0.5906575196850393
0
LINE
8
BLACK
6
CONTINUOUS
10
0.3357014960629921
20
0.5906575196850393
11
0.3356022440944882
21
0.5899035039370079
0
LINE
8
BLACK
6
CONTINUOUS
10
0.3356022440944882
20
0.5899035039370079
11
0.3348622047244094
21
0.5871414960629922
0
LINE
8
BLACK
6
CONTINUOUS
10
0.3348622047244094
20
0.5871414960629922
11
0.3348622047244094
21
0.5707751574803149
0
LINE
8
BLACK
6
CONTINUOUS
10
0.3348622047244094
20
0.5707751574803149
11
0.3340088976377953
21
0.5687150787401575
0
LINE
8
BLACK
6
CONTINUOUS
10
0.3340088976377953
20
0.5687150787401575
11
0.3332714960629921
21
0.5681793307086614
0
LINE
8
BLACK
6
CONTINUOUS
10
0.3332714960629921
20
0.5681793307086614
11
0.3297540551181102
21
0.5663870866141733
0
LINE
8
BLACK
6
CONTINUOUS
10
0.3297540551181102
20
0.5663870866141733
11
0.3260459842519685
21
0.5626790157480315
0
LINE
8
BLACK
6
CONTINUOUS
10
0.3260459842519685
20
0.5626790157480315
11
0.3236651574803149
21
0.5580064566929134
0
LINE
8
BLACK
6
CONTINUOUS
10
0.3236651574803149
20
0.5580064566929134
11
0.3236651574803149
21
0.5580064173228346
0
LINE
8
BLACK
6
CONTINUOUS
10
0.3236651574803149
20
0.5580064173228346
11
0.3230511811023622
21
0.554129842519685
0
LINE
8
BLACK
6
CONTINUOUS
10
0.3230511811023622
20
0.554129842519685
11
0.3230511811023622
21
0.5298701968503937
0
LINE
8
BLACK
6
CONTINUOUS
10
0.3230511811023622
20
0.5298701968503937
11
0.3236651181102362
21
0.5259936220472441
0
LINE
8
BLACK
6
CONTINUOUS
10
0.3236651181102362
20
0.5259936220472441
11
0.3236651574803149
21
0.5259935826771653
0
LINE
8
BLACK
6
CONTINUOUS
10
0.3236651574803149
20
0.5259935826771653
11
0.3260459842519685
21
0.5213210236220472
0
LINE
8
BLACK
6
CONTINUOUS
10
0.3260459842519685
20
0.5213210236220472
11
0.3265285826771653
21
0.5208384251968504
0
LINE
8
BLACK
6
CONTINUOUS
10
0.3265285826771653
20
0.5208384251968504
11
0.3273818897637795
21
0.5187783464566929
0
LINE
8
BLACK
6
CONTINUOUS
10
0.3273818897637795
20
0.5187783464566929
11
0.3273818897637795
21
0.5013203937007874
0
LINE
8
BLACK
6
CONTINUOUS
10
0.3273818897637795
20
0.5013203937007874
11
0.3265285826771653
21
0.4992603149606299
0
LINE
8
BLACK
6
CONTINUOUS
10
0.3265285826771653
20
0.4992603149606299
11
0.3249242519685039
21
0.498442874015748
0
LINE
8
BLACK
6
CONTINUOUS
10
0.3249242519685039
20
0.498442874015748
11
0.3239935826771653
21
0.4982954724409449
0
LINE
8
BLACK
6
CONTINUOUS
10
0.3239935826771653
20
0.4982954724409449
11
0.3239935433070866
21
0.4982954724409449
0
LINE
8
BLACK
6
CONTINUOUS
10
0.3239935433070866
20
0.4982954724409449
11
0.3193209842519685
21
0.4959146456692913
0
LINE
8
BLACK
6
CONTINUOUS
10
0.3193209842519685
20
0.4959146456692913
11
0.3156129133858268
21
0.4922065748031496
0
LINE
8
BLACK
6
CONTINUOUS
10
0.3156129133858268
20
0.4922065748031496
11
0.3132320866141732
21
0.4875340157480315
0
LINE
8
BLACK
6
CONTINUOUS
10
0.3132320866141732
20
0.4875340157480315
11
0.3132320866141732
21
0.4875339763779528
0
LINE
8
BLACK
6
CONTINUOUS
10
0.3132320866141732
20
0.4875339763779528
11
0.3126181102362205
21
0.4836574015748031
0
LINE
8
BLACK
6
CONTINUOUS
10
0.3126181102362205
20
0.4836574015748031
11
0.3126181102362205
21
0.4653032677165354
0
LINE
8
BLACK
6
CONTINUOUS
10
0.3126181102362205
20
0.4653032677165354
11
0.3132320472440945
21
0.4614266929133858
0
LINE
8
BLACK
6
CONTINUOUS
10
0.3132320472440945
20
0.4614266929133858
11
0.3132320866141732
21
0.4614266535433071
0
LINE
8
BLACK
6
CONTINUOUS
10
0.3132320866141732
20
0.4614266535433071
11
0.3143774015748032
21
0.4591788976377953
0
LINE
8
BLACK
6
CONTINUOUS
10
0.3143774015748032
20
0.4591788976377953
11
0.315612874015748
21
0.4567541338582677
0
LINE
8
BLACK
6
CONTINUOUS
10
0.315612874015748
20
0.4567541338582677
11
0.319321062992126
21
0.4530459448818898
0
LINE
8
BLACK
6
CONTINUOUS
10
0.319321062992126
20
0.4530459448818898
11
0.3239936220472441
21
0.4506651574803149
0
LINE
8
BLACK
6
CONTINUOUS
10
0.3239936220472441
20
0.4506651574803149
11
0.3278701968503937
21
0.4500511811023622
0
LINE
8
BLACK
6
CONTINUOUS
10
0.3278701968503937
20
0.4500511811023622
11
0.3521297637795275
21
0.4500512204724409
0
LINE
8
BLACK
6
CONTINUOUS
10
0.3521297637795275
20
0.4500512204724409
11
0.3521298031496063
21
0.4500512204724409
0
LINE
8
BLACK
6
CONTINUOUS
10
0.3521298031496063
20
0.4500512204724409
11
0.3560063779527559
21
0.4506651574803149
0
LINE
8
BLACK
6
CONTINUOUS
10
0.3560063779527559
20
0.4506651574803149
11
0.360678937007874
21
0.4530459448818898
0
LINE
8
BLACK
6
CONTINUOUS
10
0.360678937007874
20
0.4530459448818898
11
0.3643871259842519
21
0.4567541338582677
0
LINE
8
BLACK
6
CONTINUOUS
10
0.3643871259842519
20
0.4567541338582677
11
0.3667679133858268
21
0.4614266929133858
0
LINE
8
BLACK
6
CONTINUOUS
10
0.3667679133858268
20
0.4614266929133858
11
0.3673818897637795
21
0.4653032677165354
0
LINE
8
BLACK
6
CONTINUOUS
10
0.3673818897637795
20
0.4653032677165354
11
0.3673818503937008
21
0.4836573228346456
0
LINE
8
BLACK
6
CONTINUOUS
10
0.3673818503937008
20
0.4836573228346456
11
0.3667679133858268
21
0.487533937007874
0
LINE
8
BLACK
6
CONTINUOUS
10
0.3667679133858268
20
0.487533937007874
11
0.3667679133858268
21
0.4875339763779528
0
LINE
8
BLACK
6
CONTINUOUS
10
0.3667679133858268
20
0.4875339763779528
11
0.366767874015748
21
0.4875340157480315
0
LINE
8
BLACK
6
CONTINUOUS
10
0.366767874015748
20
0.4875340157480315
11
0.3667224803149606
21
0.487623031496063
0
LINE
8
BLACK
6
CONTINUOUS
10
0.3667224803149606
20
0.487623031496063
11
0.3643871259842519
21
0.4922064960629921
0
LINE
8
BLACK
6
CONTINUOUS
10
0.3643871259842519
20
0.4922064960629921
11
0.360678937007874
21
0.4959146850393701
0
LINE
8
BLACK
6
CONTINUOUS
10
0.360678937007874
20
0.4959146850393701
11
0.3560063779527559
21
0.4982954724409449
0
LINE
8
BLACK
6
CONTINUOUS
10
0.3560063779527559
20
0.4982954724409449
11
0.3560063385826772
21
0.4982955118110236
0
LINE
8
BLACK
6
CONTINUOUS
10
0.3560063385826772
20
0.4982955118110236
11
0.3550757480314961
21
0.498442874015748
0
LINE
8
BLACK
6
CONTINUOUS
10
0.3550757480314961
20
0.498442874015748
11
0.3531745275590551
21
0.4996079527559055
0
LINE
8
BLACK
6
CONTINUOUS
10
0.3531745275590551
20
0.4996079527559055
11
0.3526181102362205
21
0.5013203937007874
0
LINE
8
BLACK
6
CONTINUOUS
10
0.3526181102362205
20
0.5013203937007874
11
0.3526181102362205
21
0.5117047637795276
0
LINE
8
BLACK
6
CONTINUOUS
10
0.3526181102362205
20
0.5117047637795276
11
0.3534714173228347
21
0.513764842519685
0
LINE
8
BLACK
6
CONTINUOUS
10
0.3534714173228347
20
0.513764842519685
11
0.3555314960629921
21
0.5146181496062991
0
LINE
8
BLACK
6
CONTINUOUS
10
0.3555314960629921
20
0.5146181496062991
11
0.3566573622047244
21
0.5146181496062991
0
LINE
8
BLACK
6
CONTINUOUS
10
0.3566573622047244
20
0.5146181496062991
11
0.360533937007874
21
0.5152320866141732
0
LINE
8
BLACK
6
CONTINUOUS
10
0.360533937007874
20
0.5152320866141732
11
0.3652064960629921
21
0.5176128740157481
0
LINE
8
BLACK
6
CONTINUOUS
10
0.3652064960629921
20
0.5176128740157481
11
0.3689146850393701
21
0.521321062992126
0
LINE
8
BLACK
6
CONTINUOUS
10
0.3689146850393701
20
0.521321062992126
11
0.3712954724409449
21
0.5259936220472441
0
LINE
8
BLACK
6
CONTINUOUS
10
0.3712954724409449
20
0.5259936220472441
11
0.3719094488188976
21
0.5298701968503937
0
LINE
8
BLACK
6
CONTINUOUS
10
0.3719094488188976
20
0.5298701968503937
11
0.3719094094488189
21
0.5541297637795275
0
LINE
8
BLACK
6
CONTINUOUS
10
0.3719094094488189
20
0.5541297637795275
11
0.3717248031496063
21
0.5552953149606299
0
LINE
8
BLACK
6
CONTINUOUS
10
0.3717248031496063
20
0.5552953149606299
11
0.3712954724409449
21
0.5580064173228346
0
LINE
8
BLACK
6
CONTINUOUS
10
0.3712954724409449
20
0.5580064173228346
11
0.3712954330708662
21
0.5580064566929134
0
LINE
8
BLACK
6
CONTINUOUS
10
0.3712954330708662
20
0.5580064566929134
11
0.3712500393700787
21
0.5580954724409448
0
LINE
8
BLACK
6
CONTINUOUS
10
0.3712500393700787
20
0.5580954724409448
11
0.3689146850393701
21
0.562678937007874
0
LINE
8
BLACK
6
CONTINUOUS
10
0.3689146850393701
20
0.562678937007874
11
0.3652064960629921
21
0.566387125984252
0
LINE
8
BLACK
6
CONTINUOUS
10
0.3652064960629921
20
0.566387125984252
11
0.3634532677165354
21
0.5672804330708662
0
LINE
8
BLACK
6
CONTINUOUS
10
0.3634532677165354
20
0.5672804330708662
11
0.3616891338582677
21
0.5681793307086614
0
LINE
8
BLACK
6
CONTINUOUS
10
0.3616891338582677
20
0.5681793307086614
11
0.3613847244094488
21
0.5685357480314961
0
LINE
8
BLACK
6
CONTINUOUS
10
0.3613847244094488
20
0.5685357480314961
11
0.3609517322834646
21
0.5687150787401575
0
LINE
8
BLACK
6
CONTINUOUS
10
0.3609517322834646
20
0.5687150787401575
11
0.3606881889763779
21
0.5693512992125984
0
LINE
8
BLACK
6
CONTINUOUS
10
0.3606881889763779
20
0.5693512992125984
11
0.3602410236220472
21
0.5698748818897638
0
LINE
8
BLACK
6
CONTINUOUS
10
0.3602410236220472
20
0.5698748818897638
11
0.3600984251968504
21
0.5707751574803149
0
LINE
8
BLACK
6
CONTINUOUS
10
0.3600984251968504
20
0.5707751574803149
11
0.3600984251968504
21
0.5764685039370079
0
LINE
8
BLACK
6
CONTINUOUS
10
0.3600984251968504
20
0.5764685039370079
11
0.3609517322834646
21
0.5785285826771653
0
LINE
8
BLACK
6
CONTINUOUS
10
0.3609517322834646
20
0.5785285826771653
11
0.3630118110236221
21
0.5793818897637795
0
LINE
8
BLACK
6
CONTINUOUS
10
0.3630118110236221
20
0.5793818897637795
11
0.3756611811023622
21
0.5793818897637795
0
LINE
8
BLACK
6
CONTINUOUS
10
0.3756611811023622
20
0.5793818897637795
11
0.3756612204724409
21
0.5793818897637795
0
LINE
8
BLACK
6
CONTINUOUS
10
0.3756612204724409
20
0.5793818897637795
11
0.3788704330708662
21
0.5802417716535433
0
LINE
8
BLACK
6
CONTINUOUS
10
0.3788704330708662
20
0.5802417716535433
11
0.381747716535433
21
0.5819029921259843
0
LINE
8
BLACK
6
CONTINUOUS
10
0.381747716535433
20
0.5819029921259843
11
0.3840970078740157
21
0.5842522834645669
0
LINE
8
BLACK
6
CONTINUOUS
10
0.3840970078740157
20
0.5842522834645669
11
0.3840970472440945
21
0.5842524015748032
0
LINE
8
BLACK
6
CONTINUOUS
10
0.3840970472440945
20
0.5842524015748032
11
0.3945883070866142
21
0.5947436614173228
0
LINE
8
BLACK
6
CONTINUOUS
10
0.3945883070866142
20
0.5947436614173228
11
0.3966483464566929
21
0.5955969291338582
0
LINE
8
BLACK
6
CONTINUOUS
10
0.3966483464566929
20
0.5955969291338582
11
0.3987083464566929
21
0.5947436614173228
0
LINE
8
BLACK
6
CONTINUOUS
10
0.3987083464566929
20
0.5947436614173228
11
0.4004273622047244
21
0.5930246456692914
0
LINE
8
BLACK
6
CONTINUOUS
10
0.4004273622047244
20
0.5930246456692914
11
0.4044284645669291
21
0.5903511811023622
0
LINE
8
BLACK
6
CONTINUOUS
10
0.4044284645669291
20
0.5903511811023622
11
0.4053930708661417
21
0.589951653543307
0
LINE
8
BLACK
6
CONTINUOUS
10
0.4053930708661417
20
0.589951653543307
11
0.4069697637795275
21
0.5883750393700787
0
LINE
8
BLACK
6
CONTINUOUS
10
0.4069697637795275
20
0.5883750393700787
11
0.4069698031496063
21
0.5868747244094488
0
LINE
8
BLACK
6
CONTINUOUS
10
0.4069698031496063
20
0.5868747244094488
11
0.407969094488189
21
0.5872886614173228
0
LINE
8
BLACK
6
CONTINUOUS
10
0.407969094488189
20
0.5872886614173228
11
0.4084887007874016
21
0.5875038582677166
0
LINE
8
BLACK
6
CONTINUOUS
10
0.4084887007874016
20
0.5875038582677166
11
0.4084887401574803
21
0.5875038582677166
0
LINE
8
BLACK
6
CONTINUOUS
10
0.4084887401574803
20
0.5875038582677166
11
0.4094488188976378
21
0.5875984251968503
0
LINE
8
BLACK
6
CONTINUOUS
10
0.4094488188976378
20
0.5875984251968503
11
0.421259842519685
21
0.5875984251968503
0
LINE
8
BLACK
6
CONTINUOUS
10
0.421259842519685
20
0.5875984251968503
11
0.4222199212598425
21
0.5875038582677166
0
LINE
8
BLACK
6
CONTINUOUS
10
0.4222199212598425
20
0.5875038582677166
11
0.4222199606299212
21
0.5875038582677166
0
LINE
8
BLACK
6
CONTINUOUS
10
0.4222199606299212
20
0.5875038582677166
11
0.4227395275590551
21
0.5872886614173228
0
LINE
8
BLACK
6
CONTINUOUS
10
0.4227395275590551
20
0.5872886614173228
11
0.423993937007874
21
0.5867690551181102
0
LINE
8
BLACK
6
CONTINUOUS
10
0.423993937007874
20
0.5867690551181102
11
0.4239941338582677
21
0.5867688582677165
0
LINE
8
BLACK
6
CONTINUOUS
10
0.4239941338582677
20
0.5867688582677165
11
0.4247396850393701
21
0.5861570078740157
0
LINE
8
BLACK
6
CONTINUOUS
10
0.4247396850393701
20
0.5861570078740157
11
0.4267082283464567
21
0.5841885039370078
0
LINE
8
BLACK
6
CONTINUOUS
10
0.4267082283464567
20
0.5841885039370078
11
0.4273202362204724
21
0.5834427559055118
0
LINE
8
BLACK
6
CONTINUOUS
10
0.4273202362204724
20
0.5834427559055118
11
0.4280550393700787
21
0.5816687401574803
0
LINE
8
BLACK
6
CONTINUOUS
10
0.4280550393700787
20
0.5816687401574803
11
0.4281496062992126
21
0.5807086614173228
0
LINE
8
BLACK
6
CONTINUOUS
10
0.4281496062992126
20
0.5807086614173228
11
0.4281496062992126
21
0.5748976377952756
0
LINE
8
BLACK
6
CONTINUOUS
10
0.4281496062992126
20
0.5748976377952756
11
0.4281496062992126
21
0.5493070866141733
0
LINE
8
BLACK
6
CONTINUOUS
10
0.4281496062992126
20
0.5493070866141733
11
0.4183070866141732
21
0.5493070866141733
0
LINE
8
BLACK
6
CONTINUOUS
10
0.4183070866141732
20
0.5493070866141733
11
0.4183070866141732
21
0.5571811023622047
0
LINE
8
BLACK
6
CONTINUOUS
10
0.4183070866141732
20
0.5571811023622047
11
0.4051612204724409
21
0.5571811023622047
0
LINE
8
BLACK
6
CONTINUOUS
10
0.4051612204724409
20
0.5571811023622047
11
0.4036642913385827
21
0.5563168503937008
0
LINE
8
BLACK
6
CONTINUOUS
10
0.4036642913385827
20
0.5563168503937008
11
0.4022894094488189
21
0.5559484645669291
0
LINE
8
BLACK
6
CONTINUOUS
10
0.4022894094488189
20
0.5559484645669291
11
0.4017057480314961
21
0.5545392913385827
0
LINE
8
BLACK
6
CONTINUOUS
10
0.4017057480314961
20
0.5545392913385827
11
0.4007765354330708
21
0.5539698425196851
0
LINE
8
BLACK
6
CONTINUOUS
10
0.4007765354330708
20
0.5539698425196851
11
0.4007890551181102
21
0.5539452755905512
0
LINE
8
BLACK
6
CONTINUOUS
10
0.4007890551181102
20
0.5539452755905512
11
0.3961398818897638
21
0.5515763779527559
0
LINE
8
BLACK
6
CONTINUOUS
10
0.3961398818897638
20
0.5515763779527559
11
0.3926125984251969
21
0.5480490944881889
0
LINE
8
BLACK
6
CONTINUOUS
10
0.3926125984251969
20
0.5480490944881889
11
0.3903478346456693
21
0.5436043307086614
0
LINE
8
BLACK
6
CONTINUOUS
10
0.3903478346456693
20
0.5436043307086614
11
0.3903478346456693
21
0.5436042913385827
0
LINE
8
BLACK
6
CONTINUOUS
10
0.3903478346456693
20
0.5436042913385827
11
0.389763779527559
21
0.5399166141732283
0
LINE
8
BLACK
6
CONTINUOUS
10
0.389763779527559
20
0.5399166141732283
11
0.389763779527559
21
0.5158425196850394
0
LINE
8
BLACK
6
CONTINUOUS
10
0.389763779527559
20
0.5158425196850394
11
0.405511811023622
21
0.5158425196850394
0
LINE
8
BLACK
6
CONTINUOUS
10
0.405511811023622
20
0.5158425196850394
11
0.405511811023622
21
0.5386771653543307
0
LINE
8
BLACK
6
CONTINUOUS
10
0.405511811023622
20
0.5386771653543307
11
0.5787401574803149
21
0.5386771653543307
0
LINE
8
BLACK
6
CONTINUOUS
10
0.5787401574803149
20
0.5386771653543307
11
0.5787401574803149
21
0.5158425196850394
0
LINE
8
BLACK
6
CONTINUOUS
10
0.5787401574803149
20
0.5158425196850394
11
0.5944881496062993
21
0.5158425196850394
0
LINE
8
BLACK
6
CONTINUOUS
10
0.5944881496062993
20
0.5158425196850394
11
0.5944881496062993
21
0.5358801181102362
0
LINE
8
BLACK
6
CONTINUOUS
10
0.5944881496062993
20
0.5358801181102362
11
0.5953414566929134
21
0.5379401968503937
0
LINE
8
BLACK
6
CONTINUOUS
10
0.5953414566929134
20
0.5379401968503937
11
0.5968331102362204
21
0.5387375196850394
0
LINE
8
BLACK
6
CONTINUOUS
10
0.5968331102362204
20
0.5387375196850394
11
0.5994879133858267
21
0.5392655905511811
0
LINE
8
BLACK
6
CONTINUOUS
10
0.5994879133858267
20
0.5392655905511811
11
0.6039337401574802
21
0.5411070866141732
0
LINE
8
BLACK
6
CONTINUOUS
10
0.6039337401574802
20
0.5411070866141732
11
0.6051068110236221
21
0.5418909448818897
0
LINE
8
BLACK
6
CONTINUOUS
10
0.6051068110236221
20
0.5418909448818897
11
0.6067253543307086
21
0.5423818897637795
0
LINE
8
BLACK
6
CONTINUOUS
10
0.6067253543307086
20
0.5423818897637795
11
0.6158238188976378
21
0.5423818897637795
0
LINE
8
BLACK
6
CONTINUOUS
10
0.6158238188976378
20
0.5423818897637795
11
0.6178838976377953
21
0.5415285826771653
0
LINE
8
BLACK
6
CONTINUOUS
10
0.6178838976377953
20
0.5415285826771653
11
0.6185737007874016
21
0.540430748031496
0
LINE
8
BLACK
6
CONTINUOUS
10
0.6185737007874016
20
0.540430748031496
11
0.6194754724409449
21
0.5378536614173228
0
LINE
8
BLACK
6
CONTINUOUS
10
0.6194754724409449
20
0.5378536614173228
11
0.6226151574803149
21
0.5335994881889764
0
LINE
8
BLACK
6
CONTINUOUS
10
0.6226151574803149
20
0.5335994881889764
11
0.6226151968503937
21
0.5335994488188976
0
LINE
8
BLACK
6
CONTINUOUS
10
0.6226151968503937
20
0.5335994488188976
11
0.6264162598425197
21
0.5307941338582677
0
LINE
8
BLACK
6
CONTINUOUS
10
0.6264162598425197
20
0.5307941338582677
11
0.6275670472440945
21
0.528884251968504
0
LINE
8
BLACK
6
CONTINUOUS
10
0.6275670472440945
20
0.528884251968504
11
0.6270303149606299
21
0.52672
0
LINE
8
BLACK
6
CONTINUOUS
10
0.6270303149606299
20
0.52672
11
0.6254992125984252
21
0.5256524015748031
0
LINE
8
BLACK
6
CONTINUOUS
10
0.6254992125984252
20
0.5256524015748031
11
0.6253075590551181
21
0.5255967322834646
0
LINE
8
BLACK
6
CONTINUOUS
10
0.6253075590551181
20
0.5255967322834646
11
0.6253075196850394
21
0.5255966929133858
0
LINE
8
BLACK
6
CONTINUOUS
10
0.6253075196850394
20
0.5255966929133858
11
0.6199562204724409
21
0.522431968503937
0
LINE
8
BLACK
6
CONTINUOUS
10
0.6199562204724409
20
0.522431968503937
11
0.6155601574803149
21
0.518035905511811
0
LINE
8
BLACK
6
CONTINUOUS
10
0.6155601574803149
20
0.518035905511811
11
0.6123954724409448
21
0.5126847244094488
0
LINE
8
BLACK
6
CONTINUOUS
10
0.6123954724409448
20
0.5126847244094488
11
0.6106609842519685
21
0.5067146456692914
0
LINE
8
BLACK
6
CONTINUOUS
10
0.6106609842519685
20
0.5067146456692914
11
0.6105511811023622
21
0.5053193307086614
0
LINE
8
BLACK
6
CONTINUOUS
10
0.6105511811023622
20
0.5053193307086614
11
0.6105511811023622
21
0.5038188976377953
0
LINE
8
BLACK
6
CONTINUOUS
10
0.6105511811023622
20
0.5038188976377953
11
0.626495
21
0.5038188976377953
0
LINE
8
BLACK
6
CONTINUOUS
10
0.626495
20
0.5038188976377953
11
0.6269735039370079
21
0.5062245669291339
0
LINE
8
BLACK
6
CONTINUOUS
10
0.6269735039370079
20
0.5062245669291339
11
0.6288937401574803
21
0.5090983858267717
0
LINE
8
BLACK
6
CONTINUOUS
10
0.6288937401574803
20
0.5090983858267717
11
0.6317675590551181
21
0.5110186220472441
0
LINE
8
BLACK
6
CONTINUOUS
10
0.6317675590551181
20
0.5110186220472441
11
0.6351574803149607
21
0.5116929133858268
0
LINE
8
BLACK
6
CONTINUOUS
10
0.6351574803149607
20
0.5116929133858268
11
0.6548425196850394
21
0.5116929133858268
0
LINE
8
BLACK
6
CONTINUOUS
10
0.6548425196850394
20
0.5116929133858268
11
0.6582324409448819
21
0.5110186220472441
0
LINE
8
BLACK
6
CONTINUOUS
10
0.6582324409448819
20
0.5110186220472441
11
0.6611062598425197
21
0.5090983858267717
0
LINE
8
BLACK
6
CONTINUOUS
10
0.6611062598425197
20
0.5090983858267717
11
0.6630264960629921
21
0.5062245669291339
0
LINE
8
BLACK
6
CONTINUOUS
10
0.6630264960629921
20
0.5062245669291339
11
0.663505
21
0.5038188976377953
0
LINE
8
BLACK
6
CONTINUOUS
10
0.663505
20
0.5038188976377953
11
0.6794488188976378
21
0.5038188976377953
0
LINE
8
BLACK
6
CONTINUOUS
10
0.6794488188976378
20
0.5038188976377953
11
0.6794488188976378
21
0.5053193307086614
0
LINE
8
BLACK
6
CONTINUOUS
10
0.6794488188976378
20
0.5053193307086614
11
0.6793389763779527
21
0.5067146456692914
0
LINE
8
BLACK
6
CONTINUOUS
10
0.6793389763779527
20
0.5067146456692914
11
0.6776044881889763
21
0.5126847244094488
0
LINE
8
BLACK
6
CONTINUOUS
10
0.6776044881889763
20
0.5126847244094488
11
0.6744398031496063
21
0.518035905511811
0
LINE
8
BLACK
6
CONTINUOUS
10
0.6744398031496063
20
0.518035905511811
11
0.6700437401574802
21
0.522431968503937
0
LINE
8
BLACK
6
CONTINUOUS
10
0.6700437401574802
20
0.522431968503937
11
0.6646925196850394
21
0.5255966929133858
0
LINE
8
BLACK
6
CONTINUOUS
10
0.6646925196850394
20
0.5255966929133858
11
0.6645008267716536
21
0.5256523622047244
0
LINE
8
BLACK
6
CONTINUOUS
10
0.6645008267716536
20
0.5256523622047244
11
0.6627606692913386
21
0.5270465748031496
0
LINE
8
BLACK
6
CONTINUOUS
10
0.6627606692913386
20
0.5270465748031496
11
0.662516062992126
21
0.5292629527559055
0
LINE
8
BLACK
6
CONTINUOUS
10
0.662516062992126
20
0.5292629527559055
11
0.6635837401574803
21
0.5307941338582677
0
LINE
8
BLACK
6
CONTINUOUS
10
0.6635837401574803
20
0.5307941338582677
11
0.6673846456692913
21
0.5335993307086614
0
LINE
8
BLACK
6
CONTINUOUS
10
0.6673846456692913
20
0.5335993307086614
11
0.6673846456692913
21
0.5335993700787401
0
LINE
8
BLACK
6
CONTINUOUS
10
0.6673846456692913
20
0.5335993700787401
11
0.6673848031496062
21
0.5335994488188976
0
LINE
8
BLACK
6
CONTINUOUS
10
0.6673848031496062
20
0.5335994488188976
11
0.6705244881889764
21
0.5378535826771653
0
LINE
8
BLACK
6
CONTINUOUS
10
0.6705244881889764
20
0.5378535826771653
11
0.6708338188976378
21
0.5387375196850394
0
LINE
8
BLACK
6
CONTINUOUS
10
0.6708338188976378
20
0.5387375196850394
11
0.6721037007874016
21
0.542366653543307
0
LINE
8
BLACK
6
CONTINUOUS
10
0.6721037007874016
20
0.542366653543307
11
0.6722707874015748
21
0.5428441338582677
0
LINE
8
BLACK
6
CONTINUOUS
10
0.6722707874015748
20
0.5428441338582677
11
0.6723818897637795
21
0.5440289763779528
0
LINE
8
BLACK
6
CONTINUOUS
10
0.6723818897637795
20
0.5440289763779528
11
0.6723818897637795
21
0.5659710236220472
0
LINE
8
BLACK
6
CONTINUOUS
10
0.6723818897637795
20
0.5659710236220472
11
0.6722707874015748
21
0.5671558661417323
0
LINE
8
BLACK
6
CONTINUOUS
10
0.6722707874015748
20
0.5671558661417323
11
0.6722707086614174
21
0.5671561023622047
0
LINE
8
BLACK
6
CONTINUOUS
10
0.6722707086614174
20
0.5671561023622047
11
0.6705245275590551
21
0.5721463779527559
0
LINE
8
BLACK
6
CONTINUOUS
10
0.6705245275590551
20
0.5721463779527559
11
0.6673848031496062
21
0.5764005511811023
0
LINE
8
BLACK
6
CONTINUOUS
10
0.6673848031496062
20
0.5764005511811023
11
0.6673847637795275
21
0.5764005905511811
0
LINE
8
BLACK
6
CONTINUOUS
10
0.6673847637795275
20
0.5764005905511811
11
0.6631305905511811
21
0.5795403149606299
0
LINE
8
BLACK
6
CONTINUOUS
10
0.6631305905511811
20
0.5795403149606299
11
0.6581403149606299
21
0.5812864960629921
0
LINE
8
BLACK
6
CONTINUOUS
10
0.6581403149606299
20
0.5812864960629921
11
0.6581403543307086
21
0.5812864960629921
0
LINE
8
BLACK
6
CONTINUOUS
10
0.6581403543307086
20
0.5812864960629921
11
0.658140157480315
21
0.5812865354330709
0
LINE
8
BLACK
6
CONTINUOUS
10
0.658140157480315
20
0.5812865354330709
11
0.6581401181102362
21
0.5812865354330709
0
LINE
8
BLACK
6
CONTINUOUS
10
0.6581401181102362
20
0.5812865354330709
11
0.6571706299212599
21
0.5813774803149606
0
LINE
8
BLACK
6
CONTINUOUS
10
0.6571706299212599
20
0.5813774803149606
11
0.6568931889763779
21
0.5814034645669292
0
LINE
8
BLACK
6
CONTINUOUS
10
0.6568931889763779
20
0.5814034645669292
11
0.654921811023622
21
0.5824454330708662
0
LINE
8
BLACK
6
CONTINUOUS
10
0.654921811023622
20
0.5824454330708662
11
0.6542646062992126
21
0.584576220472441
0
LINE
8
BLACK
6
CONTINUOUS
10
0.6542646062992126
20
0.584576220472441
11
0.6551051968503937
21
0.5863641732283464
0
LINE
8
BLACK
6
CONTINUOUS
10
0.6551051968503937
20
0.5863641732283464
11
0.6555451968503937
21
0.5868041338582677
0
LINE
8
BLACK
6
CONTINUOUS
10
0.6555451968503937
20
0.5868041338582677
11
0.6582186614173228
21
0.5908052362204724
0
LINE
8
BLACK
6
CONTINUOUS
10
0.6582186614173228
20
0.5908052362204724
11
0.6588813779527559
21
0.5924052362204725
0
LINE
8
BLACK
6
CONTINUOUS
10
0.6588813779527559
20
0.5924052362204725
11
0.6592487401574803
21
0.5932920866141732
0
LINE
8
BLACK
6
CONTINUOUS
10
0.6592487401574803
20
0.5932920866141732
11
0.6608254330708662
21
0.5948688188976378
0
LINE
8
BLACK
6
CONTINUOUS
10
0.6608254330708662
20
0.5948688188976378
11
0.6619403543307086
21
0.5950905905511811
0
LINE
8
BLACK
6
CONTINUOUS
10
0.6619403543307086
20
0.5950905905511811
11
0.6721298031496062
21
0.5950905905511811
0
LINE
8
BLACK
6
CONTINUOUS
10
0.6721298031496062
20
0.5950905905511811
11
0.6760063779527559
21
0.5957045275590551
0
LINE
8
BLACK
6
CONTINUOUS
10
0.6760063779527559
20
0.5957045275590551
11
0.680678937007874
21
0.5980853149606299
0
LINE
8
BLACK
6
CONTINUOUS
10
0.680678937007874
20
0.5980853149606299
11
0.684387125984252
21
0.6017935039370078
0
LINE
8
BLACK
6
CONTINUOUS
10
0.684387125984252
20
0.6017935039370078
11
0.6867679133858268
21
0.606466062992126
0
LINE
8
BLACK
6
CONTINUOUS
10
0.6867679133858268
20
0.606466062992126
11
0.6873818897637796
21
0.6103426377952755
0
LINE
8
BLACK
6
CONTINUOUS
10
0.6873818897637796
20
0.6103426377952755
11
0.6873818503937008
21
0.6286966929133858
0
LINE
8
BLACK
6
CONTINUOUS
10
0.6873818503937008
20
0.6286966929133858
11
0.6869964566929133
21
0.6311301181102362
0
LINE
8
BLACK
6
CONTINUOUS
10
0.6869964566929133
20
0.6311301181102362
11
0.6867679133858268
21
0.6325733464566929
0
LINE
8
BLACK
6
CONTINUOUS
10
0.6867679133858268
20
0.6325733464566929
11
0.686767874015748
21
0.6325733858267716
0
LINE
8
BLACK
6
CONTINUOUS
10
0.686767874015748
20
0.6325733858267716
11
0.6865550393700788
21
0.6329911023622047
0
LINE
8
BLACK
6
CONTINUOUS
10
0.6865550393700788
20
0.6329911023622047
11
0.684387125984252
21
0.6372458661417323
0
LINE
8
BLACK
6
CONTINUOUS
10
0.684387125984252
20
0.6372458661417323
11
0.680678937007874
21
0.6409540551181102
0
LINE
8
BLACK
6
CONTINUOUS
10
0.680678937007874
20
0.6409540551181102
11
0.677783937007874
21
0.6424291338582677
0
LINE
8
BLACK
6
CONTINUOUS
10
0.677783937007874
20
0.6424291338582677
11
0.6760064173228346
21
0.643334842519685
0
LINE
8
BLACK
6
CONTINUOUS
10
0.6760064173228346
20
0.643334842519685
11
0.6721298031496062
21
0.6439488188976378
0
LINE
8
BLACK
6
CONTINUOUS
10
0.6721298031496062
20
0.6439488188976378
11
0.647870157480315
21
0.6439488188976378
0
LINE
8
BLACK
6
CONTINUOUS
10
0.647870157480315
20
0.6439488188976378
11
0.6439935826771653
21
0.6433348818897637
0
LINE
8
BLACK
6
CONTINUOUS
10
0.6439935826771653
20
0.6433348818897637
11
0.6439935433070866
21
0.643334842519685
0
LINE
8
BLACK
6
CONTINUOUS
10
0.6439935433070866
20
0.643334842519685
11
0.6393209842519685
21
0.6409540157480315
0
LINE
8
BLACK
6
CONTINUOUS
10
0.6393209842519685
20
0.6409540157480315
11
0.6356129133858267
21
0.6372459448818898
0
LINE
8
BLACK
6
CONTINUOUS
10
0.6356129133858267
20
0.6372459448818898
11
0.6338206692913386
21
0.6337285039370079
0
LINE
8
BLACK
6
CONTINUOUS
10
0.6338206692913386
20
0.6337285039370079
11
0.6321251181102362
21
0.6322803937007874
0
LINE
8
BLACK
6
CONTINUOUS
10
0.6321251181102362
20
0.6322803937007874
11
0.631224842519685
21
0.6321377952755906
0
LINE
8
BLACK
6
CONTINUOUS
10
0.631224842519685
20
0.6321377952755906
11
0.6169137007874016
21
0.6321377952755906
0
LINE
8
BLACK
6
CONTINUOUS
10
0.6169137007874016
20
0.6321377952755906
11
0.614853622047244
21
0.6329911023622047
0
LINE
8
BLACK
6
CONTINUOUS
10
0.614853622047244
20
0.6329911023622047
11
0.5935269291338583
21
0.6543177952755905
0
LINE
8
BLACK
6
CONTINUOUS
10
0.5935269291338583
20
0.6543177952755905
11
0.5926736220472441
21
0.656377874015748
0
LINE
8
BLACK
6
CONTINUOUS
10
0.5926736220472441
20
0.656377874015748
11
0.5935269291338583
21
0.6584379527559054
0
LINE
8
BLACK
6
CONTINUOUS
10
0.5935269291338583
20
0.6584379527559054
11
0.5959596062992126
21
0.6608706299212598
0
LINE
8
BLACK
6
CONTINUOUS
10
0.5959596062992126
20
0.6608706299212598
11
0.599283031496063
21
0.6641940551181102
0
LINE
8
BLACK
6
CONTINUOUS
10
0.599283031496063
20
0.6641940551181102
11
0.5992831496062992
21
0.664194094488189
0
LINE
8
BLACK
6
CONTINUOUS
10
0.5992831496062992
20
0.664194094488189
11
0.6016324409448819
21
0.6665433858267716
0
LINE
8
BLACK
6
CONTINUOUS
10
0.6016324409448819
20
0.6665433858267716
11
0.6032936614173228
21
0.6694206692913386
0
LINE
8
BLACK
6
CONTINUOUS
10
0.6032936614173228
20
0.6694206692913386
11
0.6041535433070866
21
0.6726298818897638
0
LINE
8
BLACK
6
CONTINUOUS
10
0.6041535433070866
20
0.6726298818897638
11
0.6041535433070866
21
0.6746377952755905
0
LINE
8
BLACK
6
CONTINUOUS
10
0.6041535433070866
20
0.6746377952755905
11
0.6041535433070866
21
0.6762248818897638
0
LINE
8
BLACK
6
CONTINUOUS
10
0.6041535433070866
20
0.6762248818897638
11
0.6050068503937007
21
0.6782849606299213
0
LINE
8
BLACK
6
CONTINUOUS
10
0.6050068503937007
20
0.6782849606299213
11
0.6057442913385827
21
0.6788207086614173
0
LINE
8
BLACK
6
CONTINUOUS
10
0.6057442913385827
20
0.6788207086614173
11
0.6057513779527559
21
0.6788243700787402
0
LINE
8
BLACK
6
CONTINUOUS
10
0.6057513779527559
20
0.6788243700787402
11
0.6092616141732283
21
0.680612874015748
0
LINE
8
BLACK
6
CONTINUOUS
10
0.6092616141732283
20
0.680612874015748
11
0.6129698031496063
21
0.6843210629921259
0
LINE
8
BLACK
6
CONTINUOUS
10
0.6129698031496063
20
0.6843210629921259
11
0.6153505905511811
21
0.6889936220472441
0
LINE
8
BLACK
6
CONTINUOUS
10
0.6153505905511811
20
0.6889936220472441
11
0.6159645669291338
21
0.6928701968503936
0
LINE
8
BLACK
6
CONTINUOUS
10
0.6159645669291338
20
0.6928701968503936
11
0.6159645669291338
21
0.6943228346456692
0
LINE
8
BLACK
6
CONTINUOUS
10
0.6159645669291338
20
0.6943228346456692
11
0.6159645275590551
21
0.7052363385826772
0
LINE
8
BLACK
6
CONTINUOUS
10
0.6159645275590551
20
0.7052363385826772
11
0.6159645275590551
21
0.717129842519685
0
LINE
8
BLACK
6
CONTINUOUS
10
0.6159645275590551
20
0.717129842519685
11
0.6153505905511811
21
0.7210064173228347
0
LINE
8
BLACK
6
CONTINUOUS
10
0.6153505905511811
20
0.7210064173228347
11
0.6153505511811024
21
0.7210064566929134
0
LINE
8
BLACK
6
CONTINUOUS
10
0.6153505511811024
20
0.7210064566929134
11
0.615305157480315
21
0.7210954724409449
0
LINE
8
BLACK
6
CONTINUOUS
10
0.615305157480315
20
0.7210954724409449
11
0.6129698031496063
21
0.725678937007874
0
LINE
8
BLACK
6
CONTINUOUS
10
0.6129698031496063
20
0.725678937007874
11
0.6092616141732283
21
0.7293871259842519
0
LINE
8
BLACK
6
CONTINUOUS
10
0.6092616141732283
20
0.7293871259842519
11
0.60656
21
0.7307636614173229
0
LINE
8
BLACK
6
CONTINUOUS
10
0.60656
20
0.7307636614173229
11
0.604589094488189
21
0.7317679133858268
0
LINE
8
BLACK
6
CONTINUOUS
10
0.604589094488189
20
0.7317679133858268
11
0.6007124803149606
21
0.7323818897637795
0
LINE
8
BLACK
6
CONTINUOUS
10
0.6007124803149606
20
0.7323818897637795
11
0.5823583464566929
21
0.7323818897637795
0
LINE
8
BLACK
6
CONTINUOUS
10
0.5823583464566929
20
0.7323818897637795
11
0.5784818110236221
21
0.7317679527559054
0
LINE
8
BLACK
6
CONTINUOUS
10
0.5784818110236221
20
0.7317679527559054
11
0.5768541338582677
21
0.7309385826771654
0
LINE
8
BLACK
6
CONTINUOUS
10
0.5768541338582677
20
0.7309385826771654
11
0.5746311811023622
21
0.7307636614173229
0
LINE
8
BLACK
6
CONTINUOUS
10
0.5746311811023622
20
0.7307636614173229
11
0.5729356299212598
21
0.732211811023622
0
LINE
8
BLACK
6
CONTINUOUS
10
0.5729356299212598
20
0.732211811023622
11
0.5726181102362204
21
0.7335344488188976
0
LINE
8
BLACK
6
CONTINUOUS
10
0.5726181102362204
20
0.7335344488188976
11
0.5726181102362204
21
0.7533622047244094
0
LINE
8
BLACK
6
CONTINUOUS
10
0.5726181102362204
20
0.7533622047244094
11
0.5726181102362204
21
0.7600312598425196
0
LINE
8
BLACK
6
CONTINUOUS
10
0.5726181102362204
20
0.7600312598425196
11
0.5734713779527559
21
0.7620912992125984
0
LINE
8
BLACK
6
CONTINUOUS
10
0.5734713779527559
20
0.7620912992125984
11
0.5811449212598425
21
0.7697648818897638
0
LINE
8
BLACK
6
CONTINUOUS
10
0.5811449212598425
20
0.7697648818897638
11
0.5832048425196851
21
0.7706181496062992
0
LINE
8
BLACK
6
CONTINUOUS
10
0.5832048425196851
20
0.7706181496062992
11
0.6007124409448819
21
0.7706181496062992
0
LINE
8
BLACK
6
CONTINUOUS
10
0.6007124409448819
20
0.7706181496062992
11
0.6007124803149606
21
0.7706181496062992
0
LINE
8
BLACK
6
CONTINUOUS
10
0.6007124803149606
20
0.7706181496062992
11
0.6045890551181102
21
0.7712320866141732
0
LINE
8
BLACK
6
CONTINUOUS
10
0.6045890551181102
20
0.7712320866141732
11
0.6092616141732283
21
0.773612874015748
0
LINE
8
BLACK
6
CONTINUOUS
10
0.6092616141732283
20
0.773612874015748
11
0.6129698031496063
21
0.777321062992126
0
LINE
8
BLACK
6
CONTINUOUS
10
0.6129698031496063
20
0.777321062992126
11
0.6153505905511811
21
0.7819936220472441
0
LINE
8
BLACK
6
CONTINUOUS
10
0.6153505905511811
20
0.7819936220472441
11
0.6154979921259842
21
0.7829242519685039
0
LINE
8
BLACK
6
CONTINUOUS
10
0.6154979921259842
20
0.7829242519685039
11
0.6166630708661417
21
0.7848254724409449
0
LINE
8
BLACK
6
CONTINUOUS
10
0.6166630708661417
20
0.7848254724409449
11
0.6183755118110236
21
0.7853818897637795
0
LINE
8
BLACK
6
CONTINUOUS
10
0.6183755118110236
20
0.7853818897637795
11
0.6418875590551181
21
0.7853818897637795
0
LINE
8
BLACK
6
CONTINUOUS
10
0.6418875590551181
20
0.7853818897637795
11
0.6432101968503937
21
0.7850643307086614
0
LINE
8
BLACK
6
CONTINUOUS
10
0.6432101968503937
20
0.7850643307086614
11
0.6439935826771653
21
0.7846651968503937
0
LINE
8
BLACK
6
CONTINUOUS
10
0.6439935826771653
20
0.7846651968503937
11
0.6439935826771653
21
0.784665157480315
0
LINE
8
BLACK
6
CONTINUOUS
10
0.6439935826771653
20
0.784665157480315
11
0.6446075590551181
21
0.7845679527559055
0
LINE
8
BLACK
6
CONTINUOUS
10
0.6446075590551181
20
0.7845679527559055
11
0.6478701968503937
21
0.7840511811023622
0
LINE
8
BLACK
6
CONTINUOUS
10
0.6478701968503937
20
0.7840511811023622
11
0.6721297637795275
21
0.7840512204724409
0
LINE
8
BLACK
6
CONTINUOUS
10
0.6721297637795275
20
0.7840512204724409
11
0.6721298031496062
21
0.7840512204724409
0
LINE
8
BLACK
6
CONTINUOUS
10
0.6721298031496062
20
0.7840512204724409
11
0.6760063779527559
21
0.784665157480315
0
LINE
8
BLACK
6
CONTINUOUS
10
0.6760063779527559
20
0.784665157480315
11
0.680678937007874
21
0.7870459448818897
0
LINE
8
BLACK
6
CONTINUOUS
10
0.680678937007874
20
0.7870459448818897
11
0.684387125984252
21
0.7907541338582676
0
LINE
8
BLACK
6
CONTINUOUS
10
0.684387125984252
20
0.7907541338582676
11
0.6867679133858268
21
0.7954266929133859
0
LINE
8
BLACK
6
CONTINUOUS
10
0.6867679133858268
20
0.7954266929133859
11
0.6873818897637796
21
0.7993032677165354
0
LINE
8
BLACK
6
CONTINUOUS
10
0.6873818897637796
20
0.7993032677165354
11
0.6873818503937008
21
0.8176573228346457
0
LINE
8
BLACK
6
CONTINUOUS
10
0.6873818503937008
20
0.8176573228346457
11
0.6872200393700787
21
0.818678937007874
0
LINE
8
BLACK
6
CONTINUOUS
10
0.6872200393700787
20
0.818678937007874
11
0.6867679133858268
21
0.8215339763779528
0
LINE
8
BLACK
6
CONTINUOUS
10
0.6867679133858268
20
0.8215339763779528
11
0.686767874015748
21
0.8215340157480315
0
LINE
8
BLACK
6
CONTINUOUS
10
0.686767874015748
20
0.8215340157480315
11
0.6865231496062992
21
0.8220143307086614
0
LINE
8
BLACK
6
CONTINUOUS
10
0.6865231496062992
20
0.8220143307086614
11
0.684387125984252
21
0.8262064960629921
0
LINE
8
BLACK
6
CONTINUOUS
10
0.684387125984252
20
0.8262064960629921
11
0.680678937007874
21
0.82991468503937
0
LINE
8
BLACK
6
CONTINUOUS
10
0.680678937007874
20
0.82991468503937
11
0.6783872047244094
21
0.8310824015748032
0
LINE
8
BLACK
6
CONTINUOUS
10
0.6783872047244094
20
0.8310824015748032
11
0.6760064173228346
21
0.8322954724409448
0
LINE
8
BLACK
6
CONTINUOUS
10
0.6760064173228346
20
0.8322954724409448
11
0.6721298031496062
21
0.8329094488188976
0
LINE
8
BLACK
6
CONTINUOUS
10
0.6721298031496062
20
0.8329094488188976
11
0.647870157480315
21
0.8329094488188976
0
LINE
8
BLACK
6
CONTINUOUS
10
0.647870157480315
20
0.8329094488188976
11
0.6439935826771653
21
0.8322955118110236
0
LINE
8
BLACK
6
CONTINUOUS
10
0.6439935826771653
20
0.8322955118110236
11
0.6439935433070866
21
0.8322954724409448
0
LINE
8
BLACK
6
CONTINUOUS
10
0.6439935433070866
20
0.8322954724409448
11
0.6393209842519685
21
0.8299146456692913
0
LINE
8
BLACK
6
CONTINUOUS
10
0.6393209842519685
20
0.8299146456692913
11
0.6356129133858267
21
0.8262065748031496
0
LINE
8
BLACK
6
CONTINUOUS
10
0.6356129133858267
20
0.8262065748031496
11
0.6332320866141732
21
0.8215340157480315
0
LINE
8
BLACK
6
CONTINUOUS
10
0.6332320866141732
20
0.8215340157480315
11
0.6332320866141732
21
0.8215339763779528
0
LINE
8
BLACK
6
CONTINUOUS
10
0.6332320866141732
20
0.8215339763779528
11
0.6326181102362205
21
0.8176574015748032
0
LINE
8
BLACK
6
CONTINUOUS
10
0.6326181102362205
20
0.8176574015748032
11
0.6326181102362205
21
0.8135314960629921
0
LINE
8
BLACK
6
CONTINUOUS
10
0.6326181102362205
20
0.8135314960629921
11
0.6317648031496063
21
0.8114714173228347
0
LINE
8
BLACK
6
CONTINUOUS
10
0.6317648031496063
20
0.8114714173228347
11
0.6297047244094488
21
0.8106181102362204
0
LINE
8
BLACK
6
CONTINUOUS
10
0.6297047244094488
20
0.8106181102362204
11
0.6183755118110236
21
0.8106181102362204
0
LINE
8
BLACK
6
CONTINUOUS
10
0.6183755118110236
20
0.8106181102362204
11
0.6163154330708661
21
0.8114714173228347
0
LINE
8
BLACK
6
CONTINUOUS
10
0.6163154330708661
20
0.8114714173228347
11
0.6154979921259842
21
0.8130757480314961
0
LINE
8
BLACK
6
CONTINUOUS
10
0.6154979921259842
20
0.8130757480314961
11
0.6154257874015748
21
0.8135314960629921
0
LINE
8
BLACK
6
CONTINUOUS
10
0.6154257874015748
20
0.8135314960629921
11
0.6153505905511811
21
0.8140063779527559
0
LINE
8
BLACK
6
CONTINUOUS
10
0.6153505905511811
20
0.8140063779527559
11
0.6129698031496063
21
0.818678937007874
0
LINE
8
BLACK
6
CONTINUOUS
10
0.6129698031496063
20
0.818678937007874
11
0.6092616141732283
21
0.8223871259842519
0
LINE
8
BLACK
6
CONTINUOUS
10
0.6092616141732283
20
0.8223871259842519
11
0.6069698818897638
21
0.823554842519685
0
LINE
8
BLACK
6
CONTINUOUS
10
0.6069698818897638
20
0.823554842519685
11
0.604589094488189
21
0.8247679133858268
0
LINE
8
BLACK
6
CONTINUOUS
10
0.604589094488189
20
0.8247679133858268
11
0.6007124803149606
21
0.8253818897637795
0
LINE
8
BLACK
6
CONTINUOUS
10
0.6007124803149606
20
0.8253818897637795
11
0.5823583464566929
21
0.8253818897637795
0
LINE
8
BLACK
6
CONTINUOUS
10
0.5823583464566929
20
0.8253818897637795
11
0.5784817716535433
21
0.8247679527559055
0
LINE
8
BLACK
6
CONTINUOUS
10
0.5784817716535433
20
0.8247679527559055
11
0.5784817322834646
21
0.8247679133858268
0
LINE
8
BLACK
6
CONTINUOUS
10
0.5784817322834646
20
0.8247679133858268
11
0.5738091732283465
21
0.8223870866141733
0
LINE
8
BLACK
6
CONTINUOUS
10
0.5738091732283465
20
0.8223870866141733
11
0.5701011023622047
21
0.8186790157480315
0
LINE
8
BLACK
6
CONTINUOUS
10
0.5701011023622047
20
0.8186790157480315
11
0.5677202755905512
21
0.8140064566929134
0
LINE
8
BLACK
6
CONTINUOUS
10
0.5677202755905512
20
0.8140064566929134
11
0.5677202755905512
21
0.8140064173228346
0
LINE
8
BLACK
6
CONTINUOUS
10
0.5677202755905512
20
0.8140064173228346
11
0.5671062992125984
21
0.810129842519685
0
LINE
8
BLACK
6
CONTINUOUS
10
0.5671062992125984
20
0.810129842519685
11
0.5671062992125984
21
0.7926223622047244
0
LINE
8
BLACK
6
CONTINUOUS
10
0.5671062992125984
20
0.7926223622047244
11
0.5662529921259842
21
0.7905622834645669
0
LINE
8
BLACK
6
CONTINUOUS
10
0.5662529921259842
20
0.7905622834645669
11
0.5553574803149606
21
0.779666811023622
0
LINE
8
BLACK
6
CONTINUOUS
10
0.5553574803149606
20
0.779666811023622
11
0.5532974015748031
21
0.7788135039370079
0
LINE
8
BLACK
6
CONTINUOUS
10
0.5532974015748031
20
0.7788135039370079
11
0.5512373228346457
21
0.779666811023622
0
LINE
8
BLACK
6
CONTINUOUS
10
0.5512373228346457
20
0.779666811023622
11
0.5503840157480315
21
0.7817268897637795
0
LINE
8
BLACK
6
CONTINUOUS
10
0.5503840157480315
20
0.7817268897637795
11
0.5504198818897638
21
0.7821826377952755
0
LINE
8
BLACK
6
CONTINUOUS
10
0.5504198818897638
20
0.7821826377952755
11
0.5504514960629922
21
0.7823821653543307
0
LINE
8
BLACK
6
CONTINUOUS
10
0.5504514960629922
20
0.7823821653543307
11
0.551003937007874
21
0.7858701968503937
0
LINE
8
BLACK
6
CONTINUOUS
10
0.551003937007874
20
0.7858701968503937
11
0.5510038976377952
21
0.8101297637795275
0
LINE
8
BLACK
6
CONTINUOUS
10
0.5510038976377952
20
0.8101297637795275
11
0.5508384251968503
21
0.8111745275590551
0
LINE
8
BLACK
6
CONTINUOUS
10
0.5508384251968503
20
0.8111745275590551
11
0.5503899606299213
21
0.8140064173228346
0
LINE
8
BLACK
6
CONTINUOUS
10
0.5503899606299213
20
0.8140064173228346
11
0.5503899212598425
21
0.8140064566929134
0
LINE
8
BLACK
6
CONTINUOUS
10
0.5503899212598425
20
0.8140064566929134
11
0.5503445275590551
21
0.8140954724409448
0
LINE
8
BLACK
6
CONTINUOUS
10
0.5503445275590551
20
0.8140954724409448
11
0.5480091732283464
21
0.818678937007874
0
LINE
8
BLACK
6
CONTINUOUS
10
0.5480091732283464
20
0.818678937007874
11
0.5443009842519685
21
0.8223871259842519
0
LINE
8
BLACK
6
CONTINUOUS
10
0.5443009842519685
20
0.8223871259842519
11
0.5420092519685039
21
0.823554842519685
0
LINE
8
BLACK
6
CONTINUOUS
10
0.5420092519685039
20
0.823554842519685
11
0.5396284645669291
21
0.8247679133858268
0
LINE
8
BLACK
6
CONTINUOUS
10
0.5396284645669291
20
0.8247679133858268
11
0.5357518503937008
21
0.8253818897637795
0
LINE
8
BLACK
6
CONTINUOUS
10
0.5357518503937008
20
0.8253818897637795
11
0.5173977165354331
21
0.8253818897637795
0
LINE
8
BLACK
6
CONTINUOUS
10
0.5173977165354331
20
0.8253818897637795
11
0.5135211417322835
21
0.8247679527559055
0
LINE
8
BLACK
6
CONTINUOUS
10
0.5135211417322835
20
0.8247679527559055
11
0.5135211023622047
21
0.8247679133858268
0
LINE
8
BLACK
6
CONTINUOUS
10
0.5135211023622047
20
0.8247679133858268
11
0.5088485433070866
21
0.8223870866141733
0
LINE
8
BLACK
6
CONTINUOUS
10
0.5088485433070866
20
0.8223870866141733
11
0.5051404724409448
21
0.8186790157480315
0
LINE
8
BLACK
6
CONTINUOUS
10
0.5051404724409448
20
0.8186790157480315
11
0.5051404330708661
21
0.818678937007874
0
LINE
8
BLACK
6
CONTINUOUS
10
0.5051404330708661
20
0.818678937007874
11
0.5048526771653543
21
0.8181142913385827
0
LINE
8
BLACK
6
CONTINUOUS
10
0.5048526771653543
20
0.8181142913385827
11
0.5031571653543307
21
0.8166661811023622
0
LINE
8
BLACK
6
CONTINUOUS
10
0.5031571653543307
20
0.8166661811023622
11
0.5022569291338582
21
0.816523622047244
0
LINE
8
BLACK
6
CONTINUOUS
10
0.5022569291338582
20
0.816523622047244
11
0.4819950393700787
21
0.816523622047244
0
LINE
8
BLACK
6
CONTINUOUS
10
0.4819950393700787
20
0.816523622047244
11
0.4799349606299212
21
0.8173769291338583
0
LINE
8
BLACK
6
CONTINUOUS
10
0.4799349606299212
20
0.8173769291338583
11
0.4793992913385827
21
0.8181142125984252
0
LINE
8
BLACK
6
CONTINUOUS
10
0.4793992913385827
20
0.8181142125984252
11
0.4791115354330708
21
0.818678937007874
0
LINE
8
BLACK
6
CONTINUOUS
10
0.4791115354330708
20
0.818678937007874
11
0.4754033464566929
21
0.8223871259842519
0
LINE
8
BLACK
6
CONTINUOUS
10
0.4754033464566929
20
0.8223871259842519
11
0.4731116141732283
21
0.823554842519685
0
LINE
8
BLACK
6
CONTINUOUS
10
0.4731116141732283
20
0.823554842519685
11
0.4707308267716535
21
0.8247679133858268
0
LINE
8
BLACK
6
CONTINUOUS
10
0.4707308267716535
20
0.8247679133858268
11
0.4668542125984252
21
0.8253818897637795
0
LINE
8
BLACK
6
CONTINUOUS
10
0.4668542125984252
20
0.8253818897637795
11
0.4485000787401575
21
0.8253818897637795
0
LINE
8
BLACK
6
CONTINUOUS
10
0.4485000787401575
20
0.8253818897637795
11
0.4446235039370079
21
0.8247679527559055
0
LINE
8
BLACK
6
CONTINUOUS
10
0.4446235039370079
20
0.8247679527559055
11
0.4446234645669291
21
0.8247679133858268
0
LINE
8
BLACK
6
CONTINUOUS
10
0.4446234645669291
20
0.8247679133858268
11
0.439950905511811
21
0.8223870866141733
0
LINE
8
BLACK
6
CONTINUOUS
10
0.439950905511811
20
0.8223870866141733
11
0.4362428346456693
21
0.8186790157480315
0
LINE
8
BLACK
6
CONTINUOUS
10
0.4362428346456693
20
0.8186790157480315
11
0.4338620078740157
21
0.8140064566929134
0
LINE
8
BLACK
6
CONTINUOUS
10
0.4338620078740157
20
0.8140064566929134
11
0.4338620078740157
21
0.8140064173228346
0
LINE
8
BLACK
6
CONTINUOUS
10
0.4338620078740157
20
0.8140064173228346
11
0.433248031496063
21
0.810129842519685
0
LINE
8
BLACK
6
CONTINUOUS
10
0.433248031496063
20
0.810129842519685
11
0.433248031496063
21
0.7858701968503937
0
LINE
8
BLACK
6
CONTINUOUS
10
0.433248031496063
20
0.7858701968503937
11
0.4338320866141732
21
0.7821825196850394
0
LINE
8
BLACK
6
CONTINUOUS
10
0.4338320866141732
20
0.7821825196850394
11
0.4333115354330709
21
0.7800143307086614
0
LINE
8
BLACK
6
CONTINUOUS
10
0.4333115354330709
20
0.7800143307086614
11
0.4314102755905512
21
0.7788492913385826
0
LINE
8
BLACK
6
CONTINUOUS
10
0.4314102755905512
20
0.7788492913385826
11
0.4292420866141732
21
0.779369842519685
0
LINE
8
BLACK
6
CONTINUOUS
10
0.4292420866141732
20
0.779369842519685
11
0.4288944881889764
21
0.7796667322834645
0
LINE
8
BLACK
6
CONTINUOUS
10
0.4288944881889764
20
0.7796667322834645
11
0.417998937007874
21
0.7905622834645669
0
LINE
8
BLACK
6
CONTINUOUS
10
0.417998937007874
20
0.7905622834645669
11
0.4171456299212598
21
0.7926223622047244
0
LINE
8
BLACK
6
CONTINUOUS
10
0.4171456299212598
20
0.7926223622047244
11
0.4171456299212598
21
0.810129842519685
0
LINE
8
BLACK
6
CONTINUOUS
10
0.4171456299212598
20
0.810129842519685
11
0.4165316929133858
21
0.8140064173228346
0
LINE
8
BLACK
6
CONTINUOUS
10
0.4165316929133858
20
0.8140064173228346
11
0.4165316535433071
21
0.8140064566929134
0
LINE
8
BLACK
6
CONTINUOUS
10
0.4165316535433071
20
0.8140064566929134
11
0.4164862598425197
21
0.8140954724409448
0
LINE
8
BLACK
6
CONTINUOUS
10
0.4164862598425197
20
0.8140954724409448
11
0.414150905511811
21
0.818678937007874
0
LINE
8
BLACK
6
CONTINUOUS
10
0.414150905511811
20
0.818678937007874
11
0.4104427165354331
21
0.8223871259842519
0
LINE
8
BLACK
6
CONTINUOUS
10
0.4104427165354331
20
0.8223871259842519
11
0.4081509842519685
21
0.823554842519685
0
LINE
8
BLACK
6
CONTINUOUS
10
0.4081509842519685
20
0.823554842519685
11
0.4057701968503937
21
0.8247679133858268
0
LINE
8
BLACK
6
CONTINUOUS
10
0.4057701968503937
20
0.8247679133858268
11
0.4018935826771654
21
0.8253818897637795
0
LINE
8
BLACK
6
CONTINUOUS
10
0.4018935826771654
20
0.8253818897637795
11
0.3835394488188976
21
0.8253818897637795
0
LINE
8
BLACK
6
CONTINUOUS
10
0.3835394488188976
20
0.8253818897637795
11
0.379662874015748
21
0.8247679527559055
0
LINE
8
BLACK
6
CONTINUOUS
10
0.379662874015748
20
0.8247679527559055
11
0.3796628346456693
21
0.8247679133858268
0
LINE
8
BLACK
6
CONTINUOUS
10
0.3796628346456693
20
0.8247679133858268
11
0.3749902755905511
21
0.8223870866141733
0
LINE
8
BLACK
6
CONTINUOUS
10
0.3749902755905511
20
0.8223870866141733
11
0.3712821653543307
21
0.8186789763779527
0
LINE
8
BLACK
6
CONTINUOUS
10
0.3712821653543307
20
0.8186789763779527
11
0.3712821653543307
21
0.818678937007874
0
LINE
8
BLACK
6
CONTINUOUS
10
0.3712821653543307
20
0.818678937007874
11
0.3689013779527559
21
0.8140064173228346
0
LINE
8
BLACK
6
CONTINUOUS
10
0.3689013779527559
20
0.8140064173228346
11
0.3689013385826772
21
0.8140063779527559
0
LINE
8
BLACK
6
CONTINUOUS
10
0.3689013385826772
20
0.8140063779527559
11
0.3687539763779528
21
0.8130757480314961
0
LINE
8
BLACK
6
CONTINUOUS
10
0.3687539763779528
20
0.8130757480314961
11
0.3675888976377953
21
0.8111745275590551
0
LINE
8
BLACK
6
CONTINUOUS
10
0.3675888976377953
20
0.8111745275590551
11
0.3658764566929134
21
0.8106181102362204
0
LINE
8
BLACK
6
CONTINUOUS
10
0.3658764566929134
20
0.8106181102362204
11
0.3552952362204724
21
0.8106181102362204
0
LINE
8
BLACK
6
CONTINUOUS
10
0.3552952362204724
20
0.8106181102362204
11
0.353235157480315
21
0.8114714173228347
0
LINE
8
BLACK
6
CONTINUOUS
10
0.353235157480315
20
0.8114714173228347
11
0.3523818503937008
21
0.8135314960629921
0
LINE
8
BLACK
6
CONTINUOUS
10
0.3523818503937008
20
0.8135314960629921
11
0.3523818503937008
21
0.8181377165354331
0
LINE
8
BLACK
6
CONTINUOUS
10
0.3523818503937008
20
0.8181377165354331
11
0.3517679133858267
21
0.8220142913385826
0
LINE
8
BLACK
6
CONTINUOUS
10
0.3517679133858267
20
0.8220142913385826
11
0.351767874015748
21
0.8220143307086614
0
LINE
8
BLACK
6
CONTINUOUS
10
0.351767874015748
20
0.8220143307086614
11
0.350364842519685
21
0.8247679133858268
0
LINE
8
BLACK
6
CONTINUOUS
10
0.350364842519685
20
0.8247679133858268
11
0.349387125984252
21
0.8266868110236221
0
LINE
8
BLACK
6
CONTINUOUS
10
0.349387125984252
20
0.8266868110236221
11
0.345678937007874
21
0.830395
0
LINE
8
BLACK
6
CONTINUOUS
10
0.345678937007874
20
0.830395
11
0.3419489763779527
21
0.8322955118110236
0
LINE
8
BLACK
6
CONTINUOUS
10
0.3419489763779527
20
0.8322955118110236
11
0.3410064173228347
21
0.8327757874015748
0
LINE
8
BLACK
6
CONTINUOUS
10
0.3410064173228347
20
0.8327757874015748
11
0.3371298031496063
21
0.8333897637795276
0
LINE
8
BLACK
6
CONTINUOUS
10
0.3371298031496063
20
0.8333897637795276
11
0.3128701574803149
21
0.8333897637795276
0
LINE
8
BLACK
6
CONTINUOUS
10
0.3128701574803149
20
0.8333897637795276
11
0.3089935826771654
21
0.8327758267716535
0
LINE
8
BLACK
6
CONTINUOUS
10
0.4116886614173228
20
0.577755905511811
11
0.4121870866141732
21
0.5768926377952756
0
LINE
8
BLACK
6
CONTINUOUS
10
0.4121870866141732
20
0.5768926377952756
11
0.4132511023622047
21
0.572921653543307
0
LINE
8
BLACK
6
CONTINUOUS
10
0.4132511023622047
20
0.572921653543307
11
0.4132511023622047
21
0.5688106299212599
0
LINE
8
BLACK
6
CONTINUOUS
10
0.4132511023622047
20
0.5688106299212599
11
0.4127722834645669
21
0.5670236220472441
0
LINE
8
BLACK
6
CONTINUOUS
10
0.4127722834645669
20
0.5670236220472441
11
0.4183070866141732
21
0.5670236220472441
0
LINE
8
BLACK
6
CONTINUOUS
10
0.4183070866141732
20
0.5670236220472441
11
0.4183070866141732
21
0.5748976377952756
0
LINE
8
BLACK
6
CONTINUOUS
10
0.4183070866141732
20
0.5748976377952756
11
0.4183070866141732
21
0.577755905511811
0
LINE
8
BLACK
6
CONTINUOUS
10
0.4183070866141732
20
0.577755905511811
11
0.4116886614173228
21
0.577755905511811
0
LINE
8
BLACK
6
CONTINUOUS
10
0.3431014173228346
20
0.6720733464566929
11
0.3413945275590551
21
0.6695188582677165
0
LINE
8
BLACK
6
CONTINUOUS
10
0.3413945275590551
20
0.6695188582677165
11
0.3388400393700787
21
0.667811968503937
0
LINE
8
BLACK
6
CONTINUOUS
10
0.3388400393700787
20
0.667811968503937
11
0.3358267716535433
21
0.6672125984251969
0
LINE
8
BLACK
6
CONTINUOUS
10
0.3358267716535433
20
0.6672125984251969
11
0.3348425196850394
21
0.6672125984251969
0
LINE
8
BLACK
6
CONTINUOUS
10
0.3348425196850394
20
0.6672125984251969
11
0.3348425196850394
21
0.6514646062992125
0
LINE
8
BLACK
6
CONTINUOUS
10
0.3348425196850394
20
0.6514646062992125
11
0.337374842519685
21
0.6514646062992125
0
LINE
8
BLACK
6
CONTINUOUS
10
0.337374842519685
20
0.6514646062992125
11
0.3419932283464567
21
0.6520725984251968
0
LINE
8
BLACK
6
CONTINUOUS
10
0.3419932283464567
20
0.6520725984251968
11
0.3419933858267716
21
0.6520726377952756
0
LINE
8
BLACK
6
CONTINUOUS
10
0.3419933858267716
20
0.6520726377952756
11
0.3477396456692913
21
0.6544527952755905
0
LINE
8
BLACK
6
CONTINUOUS
10
0.3477396456692913
20
0.6544527952755905
11
0.3526741732283464
21
0.6582392125984252
0
LINE
8
BLACK
6
CONTINUOUS
10
0.3526741732283464
20
0.6582392125984252
11
0.3564605905511811
21
0.6631737401574803
0
LINE
8
BLACK
6
CONTINUOUS
10
0.3564605905511811
20
0.6631737401574803
11
0.3588407480314961
21
0.66892
0
LINE
8
BLACK
6
CONTINUOUS
10
0.3588407480314961
20
0.66892
11
0.3588407874015748
21
0.6689201181102362
0
LINE
8
BLACK
6
CONTINUOUS
10
0.3588407874015748
20
0.6689201181102362
11
0.3593934645669291
21
0.6731181102362205
0
LINE
8
BLACK
6
CONTINUOUS
10
0.3593934645669291
20
0.6731181102362205
11
0.3433092125984252
21
0.6731181102362205
0
LINE
8
BLACK
6
CONTINUOUS
10
0.3433092125984252
20
0.6731181102362205
11
0.3431014173228346
21
0.6720733464566929
0
LINE
8
BLACK
6
CONTINUOUS
10
0.2911591732283464
20
0.668920157480315
11
0.2911592125984252
21
0.66892
0
LINE
8
BLACK
6
CONTINUOUS
10
0.2911592125984252
20
0.66892
11
0.2935393700787401
21
0.6631737401574803
0
LINE
8
BLACK
6
CONTINUOUS
10
0.2935393700787401
20
0.6631737401574803
11
0.2973257874015748
21
0.6582392125984252
0
LINE
8
BLACK
6
CONTINUOUS
10
0.2973257874015748
20
0.6582392125984252
11
0.3022603149606299
21
0.6544527952755905
0
LINE
8
BLACK
6
CONTINUOUS
10
0.3022603149606299
20
0.6544527952755905
11
0.3080066535433071
21
0.6520725984251968
0
LINE
8
BLACK
6
CONTINUOUS
10
0.3080066535433071
20
0.6520725984251968
11
0.3126251181102362
21
0.6514646062992125
0
LINE
8
BLACK
6
CONTINUOUS
10
0.3126251181102362
20
0.6514646062992125
11
0.3151574409448819
21
0.6514646062992125
0
LINE
8
BLACK
6
CONTINUOUS
10
0.3151574409448819
20
0.6514646062992125
11
0.3151574803149606
21
0.6514646456692913
0
LINE
8
BLACK
6
CONTINUOUS
10
0.3151574803149606
20
0.6514646456692913
11
0.3151574803149606
21
0.6672125984251969
0
LINE
8
BLACK
6
CONTINUOUS
10
0.3151574803149606
20
0.6672125984251969
11
0.3141732283464567
21
0.6672125984251969
0
LINE
8
BLACK
6
CONTINUOUS
10
0.3141732283464567
20
0.6672125984251969
11
0.3111599606299212
21
0.667811968503937
0
LINE
8
BLACK
6
CONTINUOUS
10
0.3111599606299212
20
0.667811968503937
11
0.3086054724409449
21
0.6695188582677165
0
LINE
8
BLACK
6
CONTINUOUS
10
0.3086054724409449
20
0.6695188582677165
11
0.3068985826771654
21
0.6720733464566929
0
LINE
8
BLACK
6
CONTINUOUS
10
0.3068985826771654
20
0.6720733464566929
11
0.3066907874015748
21
0.6731181102362205
0
LINE
8
BLACK
6
CONTINUOUS
10
0.3066907874015748
20
0.6731181102362205
11
0.2906065748031496
21
0.6731181102362205
0
LINE
8
BLACK
6
CONTINUOUS
10
0.2906065748031496
20
0.6731181102362205
11
0.2911591732283464
21
0.668920157480315
0
LINE
8
BLACK
6
CONTINUOUS
10
0.6781014173228346
20
0.673593031496063
11
0.676394527559055
21
0.6710385433070866
0
LINE
8
BLACK
6
CONTINUOUS
10
0.676394527559055
20
0.6710385433070866
11
0.6738400393700787
21
0.669331653543307
0
LINE
8
BLACK
6
CONTINUOUS
10
0.6738400393700787
20
0.669331653543307
11
0.6708267716535433
21
0.6687322834645669
0
LINE
8
BLACK
6
CONTINUOUS
10
0.6708267716535433
20
0.6687322834645669
11
0.6698425196850394
21
0.6687322834645669
0
LINE
8
BLACK
6
CONTINUOUS
10
0.6698425196850394
20
0.6687322834645669
11
0.6698425196850394
21
0.6529842913385827
0
LINE
8
BLACK
6
CONTINUOUS
10
0.6698425196850394
20
0.6529842913385827
11
0.672374842519685
21
0.6529842913385827
0
LINE
8
BLACK
6
CONTINUOUS
10
0.672374842519685
20
0.6529842913385827
11
0.6769932283464567
21
0.6535922834645669
0
LINE
8
BLACK
6
CONTINUOUS
10
0.6769932283464567
20
0.6535922834645669
11
0.6769933858267716
21
0.6535923228346456
0
LINE
8
BLACK
6
CONTINUOUS
10
0.6769933858267716
20
0.6535923228346456
11
0.6827396456692914
21
0.6559724803149606
0
LINE
8
BLACK
6
CONTINUOUS
10
0.6827396456692914
20
0.6559724803149606
11
0.6876741732283465
21
0.6597588976377953
0
LINE
8
BLACK
6
CONTINUOUS
10
0.6876741732283465
20
0.6597588976377953
11
0.691460590551181
21
0.6646934251968504
0
LINE
8
BLACK
6
CONTINUOUS
10
0.691460590551181
20
0.6646934251968504
11
0.6938407480314961
21
0.67043968503937
0
LINE
8
BLACK
6
CONTINUOUS
10
0.6938407480314961
20
0.67043968503937
11
0.6938407874015747
21
0.6704398031496063
0
LINE
8
BLACK
6
CONTINUOUS
10
0.6938407874015747
20
0.6704398031496063
11
0.6943934645669291
21
0.6746377952755905
0
LINE
8
BLACK
6
CONTINUOUS
10
0.6943934645669291
20
0.6746377952755905
11
0.6783092125984251
21
0.6746377952755905
0
LINE
8
BLACK
6
CONTINUOUS
10
0.6783092125984251
20
0.6746377952755905
11
0.6781014173228346
21
0.673593031496063
0
LINE
8
BLACK
6
CONTINUOUS
10
0.6261591732283465
20
0.670439842519685
11
0.6261592125984252
21
0.67043968503937
0
LINE
8
BLACK
6
CONTINUOUS
10
0.6261592125984252
20
0.67043968503937
11
0.6285393700787402
21
0.6646934251968504
0
LINE
8
BLACK
6
CONTINUOUS
10
0.6285393700787402
20
0.6646934251968504
11
0.6323257874015747
21
0.6597588976377953
0
LINE
8
BLACK
6
CONTINUOUS
10
0.6323257874015747
20
0.6597588976377953
11
0.63726031496063
21
0.6559724803149606
0
LINE
8
BLACK
6
CONTINUOUS
10
0.63726031496063
20
0.6559724803149606
11
0.6430066535433071
21
0.6535922834645669
0
LINE
8
BLACK
6
CONTINUOUS
10
0.6430066535433071
20
0.6535922834645669
11
0.6476251181102362
21
0.6529842913385827
0
LINE
8
BLACK
6
CONTINUOUS
10
0.6476251181102362
20
0.6529842913385827
11
0.6501574409448819
21
0.6529842913385827
0
LINE
8
BLACK
6
CONTINUOUS
10
0.6501574409448819
20
0.6529842913385827
11
0.6501574803149606
21
0.6529843307086614
0
LINE
8
BLACK
6
CONTINUOUS
10
0.6501574803149606
20
0.6529843307086614
11
0.6501574803149606
21
0.6687322834645669
0
LINE
8
BLACK
6
CONTINUOUS
10
0.6501574803149606
20
0.6687322834645669
11
0.6491732283464566
21
0.6687322834645669
0
LINE
8
BLACK
6
CONTINUOUS
10
0.6491732283464566
20
0.6687322834645669
11
0.6461599606299212
21
0.669331653543307
0
LINE
8
BLACK
6
CONTINUOUS
10
0.6461599606299212
20
0.669331653543307
11
0.6436054724409449
21
0.6710385433070866
0
LINE
8
BLACK
6
CONTINUOUS
10
0.6436054724409449
20
0.6710385433070866
11
0.6418985826771654
21
0.673593031496063
0
LINE
8
BLACK
6
CONTINUOUS
10
0.6418985826771654
20
0.673593031496063
11
0.6416907874015748
21
0.6746377952755905
0
LINE
8
BLACK
6
CONTINUOUS
10
0.6416907874015748
20
0.6746377952755905
11
0.6256065748031496
21
0.6746377952755905
0
LINE
8
BLACK
6
CONTINUOUS
10
0.6256065748031496
20
0.6746377952755905
11
0.6261591732283465
21
0.670439842519685
0
LINE
8
BLACK
6
CONTINUOUS
10
0.7497172834645669
20
0.7435042125984251
11
0.7453438582677165
21
0.7413661811023622
0
LINE
8
BLACK
6
CONTINUOUS
10
0.7453438582677165
20
0.7413661811023622
11
0.7419015748031496
21
0.7379238976377953
0
LINE
8
BLACK
6
CONTINUOUS
10
0.7419015748031496
20
0.7379238976377953
11
0.7397635039370078
21
0.7335503937007873
0
LINE
8
BLACK
6
CONTINUOUS
10
0.7397635039370078
20
0.7335503937007873
11
0.7393503937007874
21
0.7307151968503937
0
LINE
8
BLACK
6
CONTINUOUS
10
0.7393503937007874
20
0.7307151968503937
11
0.7393503937007874
21
0.7161357086614173
0
LINE
8
BLACK
6
CONTINUOUS
10
0.7393503937007874
20
0.7161357086614173
11
0.7393504330708661
21
0.7161352362204724
0
LINE
8
BLACK
6
CONTINUOUS
10
0.7393504330708661
20
0.7161352362204724
11
0.7397635039370078
21
0.7132999999999999
0
LINE
8
BLACK
6
CONTINUOUS
10
0.7397635039370078
20
0.7132999999999999
11
0.7419015354330708
21
0.7089265748031496
0
LINE
8
BLACK
6
CONTINUOUS
10
0.7419015354330708
20
0.7089265748031496
11
0.7419015748031496
21
0.7089265354330708
0
LINE
8
BLACK
6
CONTINUOUS
10
0.7419015748031496
20
0.7089265354330708
11
0.7453438582677165
21
0.705484251968504
0
LINE
8
BLACK
6
CONTINUOUS
10
0.7453438582677165
20
0.705484251968504
11
0.7497173622047244
21
0.7033461811023621
0
LINE
8
BLACK
6
CONTINUOUS
10
0.7497173622047244
20
0.7033461811023621
11
0.7525527165354331
21
0.7029330708661418
0
LINE
8
BLACK
6
CONTINUOUS
10
0.7525527165354331
20
0.7029330708661418
11
0.8104393700787401
21
0.7029331102362204
0
LINE
8
BLACK
6
CONTINUOUS
10
0.8104393700787401
20
0.7029331102362204
11
0.8132747637795276
21
0.7033461811023621
0
LINE
8
BLACK
6
CONTINUOUS
10
0.8132747637795276
20
0.7033461811023621
11
0.8158508661417323
21
0.7046055511811024
0
LINE
8
BLACK
6
CONTINUOUS
10
0.8158508661417323
20
0.7046055511811024
11
0.8171303937007873
21
0.7049015748031496
0
LINE
8
BLACK
6
CONTINUOUS
10
0.8171303937007873
20
0.7049015748031496
11
0.8401740551181102
21
0.7049015748031496
0
LINE
8
BLACK
6
CONTINUOUS
10
0.8401740551181102
20
0.7049015748031496
11
0.8422341338582677
21
0.7040482677165354
0
LINE
8
BLACK
6
CONTINUOUS
10
0.8422341338582677
20
0.7040482677165354
11
0.8451920078740157
21
0.7010903937007874
0
LINE
8
BLACK
6
CONTINUOUS
10
0.8451920078740157
20
0.7010903937007874
11
0.8451922047244095
21
0.7010901574803149
0
LINE
8
BLACK
6
CONTINUOUS
10
0.8451922047244095
20
0.7010901574803149
11
0.845293937007874
21
0.7009884251968503
0
LINE
8
BLACK
6
CONTINUOUS
10
0.845293937007874
20
0.7009884251968503
11
0.8487427559055117
21
0.6975396062992126
0
LINE
8
BLACK
6
CONTINUOUS
10
0.8487427559055117
20
0.6975396062992126
11
0.8497894488188976
21
0.6969353149606299
0
LINE
8
BLACK
6
CONTINUOUS
10
0.8497894488188976
20
0.6969353149606299
11
0.8529667716535433
21
0.695100905511811
0
LINE
8
BLACK
6
CONTINUOUS
10
0.8529667716535433
20
0.695100905511811
11
0.855987125984252
21
0.6942916141732284
0
LINE
8
BLACK
6
CONTINUOUS
10
0.855987125984252
20
0.6942916141732284
11
0.857677716535433
21
0.6938386220472441
0
LINE
8
BLACK
6
CONTINUOUS
10
0.857677716535433
20
0.6938386220472441
11
0.8576777559055118
21
0.6938385826771654
0
LINE
8
BLACK
6
CONTINUOUS
10
0.8576777559055118
20
0.6938385826771654
11
0.8576778346456693
21
0.6938385826771654
0
LINE
8
BLACK
6
CONTINUOUS
10
0.8576778346456693
20
0.6938385826771654
11
0.8625552362204725
21
0.6938385826771654
0
LINE
8
BLACK
6
CONTINUOUS
10
0.8625552362204725
20
0.6938385826771654
11
0.8665683070866141
21
0.6938385826771654
0
LINE
8
BLACK
6
CONTINUOUS
10
0.8665683070866141
20
0.6938385826771654
11
0.8681868897637796
21
0.6933475984251969
0
LINE
8
BLACK
6
CONTINUOUS
10
0.8681868897637796
20
0.6933475984251969
11
0.8721292519685039
21
0.6907133858267717
0
LINE
8
BLACK
6
CONTINUOUS
10
0.8721292519685039
20
0.6907133858267717
11
0.8765750787401575
21
0.6888718897637796
0
LINE
8
BLACK
6
CONTINUOUS
10
0.8765750787401575
20
0.6888718897637796
11
0.8812947244094488
21
0.6879330708661417
0
LINE
8
BLACK
6
CONTINUOUS
10
0.8812947244094488
20
0.6879330708661417
11
0.8812948031496063
21
0.6879330708661417
0
LINE
8
BLACK
6
CONTINUOUS
10
0.8812948031496063
20
0.6879330708661417
11
0.8861067716535432
21
0.6879330708661417
0
LINE
8
BLACK
6
CONTINUOUS
10
0.8861067716535432
20
0.6879330708661417
11
0.8861068503937007
21
0.6879330708661417
0
LINE
8
BLACK
6
CONTINUOUS
10
0.8861068503937007
20
0.6879330708661417
11
0.8908264960629921
21
0.6888718897637796
0
LINE
8
BLACK
6
CONTINUOUS
10
0.8908264960629921
20
0.6888718897637796
11
0.8952723228346456
21
0.6907133858267717
0
LINE
8
BLACK
6
CONTINUOUS
10
0.8952723228346456
20
0.6907133858267717
11
0.8992734251968504
21
0.6933868503937007
0
LINE
8
BLACK
6
CONTINUOUS
10
0.8992734251968504
20
0.6933868503937007
11
0.9026761417322835
21
0.6967895669291339
0
LINE
8
BLACK
6
CONTINUOUS
10
0.9026761417322835
20
0.6967895669291339
11
0.9053496062992126
21
0.7007906692913386
0
LINE
8
BLACK
6
CONTINUOUS
10
0.9053496062992126
20
0.7007906692913386
11
0.9071911023622047
21
0.7052364960629921
0
LINE
8
BLACK
6
CONTINUOUS
10
0.9071911023622047
20
0.7052364960629921
11
0.9081299212598425
21
0.7099561417322835
0
LINE
8
BLACK
6
CONTINUOUS
10
0.9081299212598425
20
0.7099561417322835
11
0.9081299212598425
21
0.7147682677165355
0
LINE
8
BLACK
6
CONTINUOUS
10
0.9081299212598425
20
0.7147682677165355
11
0.9071911023622047
21
0.7194879133858267
0
LINE
8
BLACK
6
CONTINUOUS
10
0.9071911023622047
20
0.7194879133858267
11
0.9053496062992126
21
0.7239337401574802
0
LINE
8
BLACK
6
CONTINUOUS
10
0.9053496062992126
20
0.7239337401574802
11
0.9026761417322835
21
0.727934842519685
0
LINE
8
BLACK
6
CONTINUOUS
10
0.9026761417322835
20
0.727934842519685
11
0.8992734251968504
21
0.7313375590551181
0
LINE
8
BLACK
6
CONTINUOUS
10
0.8992734251968504
20
0.7313375590551181
11
0.898323188976378
21
0.7319724803149606
0
LINE
8
BLACK
6
CONTINUOUS
10
0.898323188976378
20
0.7319724803149606
11
0.8952722047244094
21
0.7340111023622047
0
LINE
8
BLACK
6
CONTINUOUS
10
0.8952722047244094
20
0.7340111023622047
11
0.890826653543307
21
0.7358524803149606
0
LINE
8
BLACK
6
CONTINUOUS
10
0.890826653543307
20
0.7358524803149606
11
0.8908262598425196
21
0.7358525984251968
0
LINE
8
BLACK
6
CONTINUOUS
10
0.8908262598425196
20
0.7358525984251968
11
0.8876657874015748
21
0.7364812598425197
0
LINE
8
BLACK
6
CONTINUOUS
10
0.8876657874015748
20
0.7364812598425197
11
0.8861068503937007
21
0.7367913385826772
0
LINE
8
BLACK
6
CONTINUOUS
10
0.8861068503937007
20
0.7367913385826772
11
0.8812947244094488
21
0.7367913385826772
0
LINE
8
BLACK
6
CONTINUOUS
10
0.8812947244094488
20
0.7367913385826772
11
0.8799567322834645
21
0.7365251968503936
0
LINE
8
BLACK
6
CONTINUOUS
10
0.8799567322834645
20
0.7365251968503936
11
0.8765752755905512
21
0.7358525984251968
0
LINE
8
BLACK
6
CONTINUOUS
10
0.8765752755905512
20
0.7358525984251968
11
0.8765748818897637
21
0.7358524803149606
0
LINE
8
BLACK
6
CONTINUOUS
10
0.8765748818897637
20
0.7358524803149606
11
0.8721292519685039
21
0.7340110629921259
0
LINE
8
BLACK
6
CONTINUOUS
10
0.8721292519685039
20
0.7340110629921259
11
0.8721291338582677
21
0.7340110236220472
0
LINE
8
BLACK
6
CONTINUOUS
10
0.8721291338582677
20
0.7340110236220472
11
0.8696421259842519
21
0.7323492519685039
0
LINE
8
BLACK
6
CONTINUOUS
10
0.8696421259842519
20
0.7323492519685039
11
0.8688087007874016
21
0.7321835039370078
0
LINE
8
BLACK
6
CONTINUOUS
10
0.8688087007874016
20
0.7321835039370078
11
0.8680235826771653
21
0.7318582677165354
0
LINE
8
BLACK
6
CONTINUOUS
10
0.8680235826771653
20
0.7318582677165354
11
0.8677478346456693
21
0.7319724803149606
0
LINE
8
BLACK
6
CONTINUOUS
10
0.8677478346456693
20
0.7319724803149606
11
0.867455157480315
21
0.7319142519685039
0
LINE
8
BLACK
6
CONTINUOUS
10
0.867455157480315
20
0.7319142519685039
11
0.8659635039370078
21
0.7327115748031496
0
LINE
8
BLACK
6
CONTINUOUS
10
0.8659635039370078
20
0.7327115748031496
11
0.8640422834645669
21
0.7346327952755906
0
LINE
8
BLACK
6
CONTINUOUS
10
0.8640422834645669
20
0.7346327952755906
11
0.8640422047244094
21
0.7346329133858267
0
LINE
8
BLACK
6
CONTINUOUS
10
0.8640422047244094
20
0.7346329133858267
11
0.8604273228346456
21
0.7382477952755905
0
LINE
8
BLACK
6
CONTINUOUS
10
0.8604273228346456
20
0.7382477952755905
11
0.8562032677165354
21
0.7406865354330708
0
LINE
8
BLACK
6
CONTINUOUS
10
0.8562032677165354
20
0.7406865354330708
11
0.8514923228346456
21
0.7419488188976378
0
LINE
8
BLACK
6
CONTINUOUS
10
0.8514923228346456
20
0.7419488188976378
11
0.8514922440944882
21
0.7419488188976378
0
LINE
8
BLACK
6
CONTINUOUS
10
0.8514922440944882
20
0.7419488188976378
11
0.8171304330708661
21
0.7419488188976378
0
LINE
8
BLACK
6
CONTINUOUS
10
0.8171304330708661
20
0.7419488188976378
11
0.8158509055118111
21
0.742244842519685
0
LINE
8
BLACK
6
CONTINUOUS
10
0.8158509055118111
20
0.742244842519685
11
0.8132748425196851
21
0.7435042125984251
0
LINE
8
BLACK
6
CONTINUOUS
10
0.8132748425196851
20
0.7435042125984251
11
0.8113845275590551
21
0.7437796456692913
0
LINE
8
BLACK
6
CONTINUOUS
10
0.8113845275590551
20
0.7437796456692913
11
0.8104394094488189
21
0.7439173228346456
0
LINE
8
BLACK
6
CONTINUOUS
10
0.8104394094488189
20
0.7439173228346456
11
0.8104393700787401
21
0.7439173228346456
0
LINE
8
BLACK
6
CONTINUOUS
10
0.8104393700787401
20
0.7439173228346456
11
0.7525527559055117
21
0.7439173228346456
0
LINE
8
BLACK
6
CONTINUOUS
10
0.7525527559055117
20
0.7439173228346456
11
0.7497172834645669
21
0.7435042125984251
0
LINE
8
BLACK
6
CONTINUOUS
10
0.2911591732283464
20
0.7299595275590551
11
0.2911592125984252
21
0.7299593700787401
0
LINE
8
BLACK
6
CONTINUOUS
10
0.2911592125984252
20
0.7299593700787401
11
0.2935393700787401
21
0.7242131102362205
0
LINE
8
BLACK
6
CONTINUOUS
10
0.2935393700787401
20
0.7242131102362205
11
0.2973257874015748
21
0.7192785826771654
0
LINE
8
BLACK
6
CONTINUOUS
10
0.2973257874015748
20
0.7192785826771654
11
0.30187
21
0.7157916535433071
0
LINE
8
BLACK
6
CONTINUOUS
10
0.30187
20
0.7157916535433071
11
0.3029848818897637
21
0.7138605905511811
0
LINE
8
BLACK
6
CONTINUOUS
10
0.3029848818897637
20
0.7138605905511811
11
0.3024077559055118
21
0.7117067322834646
0
LINE
8
BLACK
6
CONTINUOUS
10
0.3024077559055118
20
0.7117067322834646
11
0.30187
21
0.7111689763779527
0
LINE
8
BLACK
6
CONTINUOUS
10
0.30187
20
0.7111689763779527
11
0.2973257874015748
21
0.7076820866141732
0
LINE
8
BLACK
6
CONTINUOUS
10
0.2973257874015748
20
0.7076820866141732
11
0.2935393700787401
21
0.7027475590551181
0
LINE
8
BLACK
6
CONTINUOUS
10
0.2935393700787401
20
0.7027475590551181
11
0.2911592125984252
21
0.6970012992125985
0
LINE
8
BLACK
6
CONTINUOUS
10
0.2911592125984252
20
0.6970012992125985
11
0.2911591732283464
21
0.6970011811023622
0
LINE
8
BLACK
6
CONTINUOUS
10
0.2911591732283464
20
0.6970011811023622
11
0.2906065354330709
21
0.6928031496062992
0
LINE
8
BLACK
6
CONTINUOUS
10
0.2906065354330709
20
0.6928031496062992
11
0.3066907874015748
21
0.6928031496062992
0
LINE
8
BLACK
6
CONTINUOUS
10
0.3066907874015748
20
0.6928031496062992
11
0.3068985826771654
21
0.6938479133858267
0
LINE
8
BLACK
6
CONTINUOUS
10
0.3068985826771654
20
0.6938479133858267
11
0.3086054724409449
21
0.6964024015748032
0
LINE
8
BLACK
6
CONTINUOUS
10
0.3086054724409449
20
0.6964024015748032
11
0.3111599606299212
21
0.6981092913385827
0
LINE
8
BLACK
6
CONTINUOUS
10
0.3111599606299212
20
0.6981092913385827
11
0.3141732283464567
21
0.6987086614173228
0
LINE
8
BLACK
6
CONTINUOUS
10
0.3141732283464567
20
0.6987086614173228
11
0.3151574803149606
21
0.6987086614173228
0
LINE
8
BLACK
6
CONTINUOUS
10
0.3151574803149606
20
0.6987086614173228
11
0.3151574803149606
21
0.728251968503937
0
LINE
8
BLACK
6
CONTINUOUS
10
0.3151574803149606
20
0.728251968503937
11
0.3141732283464567
21
0.728251968503937
0
LINE
8
BLACK
6
CONTINUOUS
10
0.3141732283464567
20
0.728251968503937
11
0.3111599606299212
21
0.7288513385826771
0
LINE
8
BLACK
6
CONTINUOUS
10
0.3111599606299212
20
0.7288513385826771
11
0.3086054724409449
21
0.7305582283464567
0
LINE
8
BLACK
6
CONTINUOUS
10
0.3086054724409449
20
0.7305582283464567
11
0.3068985826771654
21
0.7331127165354331
0
LINE
8
BLACK
6
CONTINUOUS
10
0.3068985826771654
20
0.7331127165354331
11
0.3066907874015748
21
0.7341574803149606
0
LINE
8
BLACK
6
CONTINUOUS
10
0.3066907874015748
20
0.7341574803149606
11
0.2906065748031496
21
0.7341574803149606
0
LINE
8
BLACK
6
CONTINUOUS
10
0.2906065748031496
20
0.7341574803149606
11
0.2911591732283464
21
0.7299595275590551
0
LINE
8
BLACK
6
CONTINUOUS
10
0.3431014173228346
20
0.7331127165354331
11
0.3413945275590551
21
0.7305582283464567
0
LINE
8
BLACK
6
CONTINUOUS
10
0.3413945275590551
20
0.7305582283464567
11
0.3388400393700787
21
0.7288513385826771
0
LINE
8
BLACK
6
CONTINUOUS
10
0.3388400393700787
20
0.7288513385826771
11
0.3358267716535433
21
0.728251968503937
0
LINE
8
BLACK
6
CONTINUOUS
10
0.3358267716535433
20
0.728251968503937
11
0.3348425196850394
21
0.728251968503937
0
LINE
8
BLACK
6
CONTINUOUS
10
0.3348425196850394
20
0.728251968503937
11
0.3348425196850394
21
0.6987086614173228
0
LINE
8
BLACK
6
CONTINUOUS
10
0.3348425196850394
20
0.6987086614173228
11
0.3358267716535433
21
0.6987086614173228
0
LINE
8
BLACK
6
CONTINUOUS
10
0.3358267716535433
20
0.6987086614173228
11
0.3388400393700787
21
0.6981092913385827
0
LINE
8
BLACK
6
CONTINUOUS
10
0.3388400393700787
20
0.6981092913385827
11
0.3413945275590551
21
0.6964024015748032
0
LINE
8
BLACK
6
CONTINUOUS
10
0.3413945275590551
20
0.6964024015748032
11
0.3431014173228346
21
0.6938479133858267
0
LINE
8
BLACK
6
CONTINUOUS
10
0.3431014173228346
20
0.6938479133858267
11
0.3433092125984252
21
0.6928031496062992
0
LINE
8
BLACK
6
CONTINUOUS
10
0.3433092125984252
20
0.6928031496062992
11
0.3593934251968504
21
0.6928031496062992
0
LINE
8
BLACK
6
CONTINUOUS
10
0.3593934251968504
20
0.6928031496062992
11
0.3593934251968504
21
0.6928031889763779
0
LINE
8
BLACK
6
CONTINUOUS
10
0.3593934251968504
20
0.6928031889763779
11
0.3588407874015748
21
0.6970011417322834
0
LINE
8
BLACK
6
CONTINUOUS
10
0.3588407874015748
20
0.6970011417322834
11
0.3588407480314961
21
0.6970012992125985
0
LINE
8
BLACK
6
CONTINUOUS
10
0.3588407480314961
20
0.6970012992125985
11
0.3564605905511811
21
0.7027475590551181
0
LINE
8
BLACK
6
CONTINUOUS
10
0.3564605905511811
20
0.7027475590551181
11
0.3526741338582677
21
0.707682125984252
0
LINE
8
BLACK
6
CONTINUOUS
10
0.3526741338582677
20
0.707682125984252
11
0.352674094488189
21
0.7076821653543307
0
LINE
8
BLACK
6
CONTINUOUS
10
0.352674094488189
20
0.7076821653543307
11
0.34813
21
0.7111689763779527
0
LINE
8
BLACK
6
CONTINUOUS
10
0.34813
20
0.7111689763779527
11
0.3470150787401575
21
0.7131000393700787
0
LINE
8
BLACK
6
CONTINUOUS
10
0.3470150787401575
20
0.7131000393700787
11
0.3475922047244094
21
0.7152538582677165
0
LINE
8
BLACK
6
CONTINUOUS
10
0.3475922047244094
20
0.7152538582677165
11
0.34813
21
0.7157916535433071
0
LINE
8
BLACK
6
CONTINUOUS
10
0.34813
20
0.7157916535433071
11
0.352674094488189
21
0.7192785039370079
0
LINE
8
BLACK
6
CONTINUOUS
10
0.352674094488189
20
0.7192785039370079
11
0.3526741338582677
21
0.7192785433070866
0
LINE
8
BLACK
6
CONTINUOUS
10
0.3526741338582677
20
0.7192785433070866
11
0.3564605905511811
21
0.7242131102362205
0
LINE
8
BLACK
6
CONTINUOUS
10
0.3564605905511811
20
0.7242131102362205
11
0.3588407480314961
21
0.7299593700787401
0
LINE
8
BLACK
6
CONTINUOUS
10
0.3588407480314961
20
0.7299593700787401
11
0.3588407874015748
21
0.7299594881889764
0
LINE
8
BLACK
6
CONTINUOUS
10
0.3588407874015748
20
0.7299594881889764
11
0.3593934645669291
21
0.7341574803149606
0
LINE
8
BLACK
6
CONTINUOUS
10
0.3593934645669291
20
0.7341574803149606
11
0.3433092125984252
21
0.7341574803149606
0
LINE
8
BLACK
6
CONTINUOUS
10
0.3433092125984252
20
0.7341574803149606
11
0.3431014173228346
21
0.7331127165354331
0
LINE
8
BLACK
6
CONTINUOUS
10
0.6781014173228346
20
0.7326324015748031
11
0.676394527559055
21
0.7300779133858267
0
LINE
8
BLACK
6
CONTINUOUS
10
0.676394527559055
20
0.7300779133858267
11
0.6738400393700787
21
0.7283710236220472
0
LINE
8
BLACK
6
CONTINUOUS
10
0.6738400393700787
20
0.7283710236220472
11
0.6708267716535433
21
0.7277716535433071
0
LINE
8
BLACK
6
CONTINUOUS
10
0.6708267716535433
20
0.7277716535433071
11
0.6698425196850394
21
0.7277716535433071
0
LINE
8
BLACK
6
CONTINUOUS
10
0.6698425196850394
20
0.7277716535433071
11
0.6698425196850394
21
0.7002283464566929
0
LINE
8
BLACK
6
CONTINUOUS
10
0.6698425196850394
20
0.7002283464566929
11
0.6708267716535433
21
0.7002283464566929
0
LINE
8
BLACK
6
CONTINUOUS
10
0.6708267716535433
20
0.7002283464566929
11
0.6738400393700787
21
0.6996289763779527
0
LINE
8
BLACK
6
CONTINUOUS
10
0.6738400393700787
20
0.6996289763779527
11
0.676394527559055
21
0.6979220866141732
0
LINE
8
BLACK
6
CONTINUOUS
10
0.676394527559055
20
0.6979220866141732
11
0.6781014173228346
21
0.6953675984251968
0
LINE
8
BLACK
6
CONTINUOUS
10
0.6781014173228346
20
0.6953675984251968
11
0.6783092125984251
21
0.6943228346456692
0
LINE
8
BLACK
6
CONTINUOUS
10
0.6783092125984251
20
0.6943228346456692
11
0.6943934251968503
21
0.6943228346456692
0
LINE
8
BLACK
6
CONTINUOUS
10
0.6943934251968503
20
0.6943228346456692
11
0.6943934251968503
21
0.694322874015748
0
LINE
8
BLACK
6
CONTINUOUS
10
0.6943934251968503
20
0.694322874015748
11
0.6938407874015747
21
0.6985208267716535
0
LINE
8
BLACK
6
CONTINUOUS
10
0.6938407874015747
20
0.6985208267716535
11
0.6938407480314961
21
0.6985209842519685
0
LINE
8
BLACK
6
CONTINUOUS
10
0.6938407480314961
20
0.6985209842519685
11
0.691460590551181
21
0.7042672440944882
0
LINE
8
BLACK
6
CONTINUOUS
10
0.691460590551181
20
0.7042672440944882
11
0.6876741338582677
21
0.709201811023622
0
LINE
8
BLACK
6
CONTINUOUS
10
0.6876741338582677
20
0.709201811023622
11
0.6876740944881889
21
0.7092018503937008
0
LINE
8
BLACK
6
CONTINUOUS
10
0.6876740944881889
20
0.7092018503937008
11
0.6844332283464567
21
0.7116886614173228
0
LINE
8
BLACK
6
CONTINUOUS
10
0.6844332283464567
20
0.7116886614173228
11
0.6833183070866141
21
0.7136197244094488
0
LINE
8
BLACK
6
CONTINUOUS
10
0.6833183070866141
20
0.7136197244094488
11
0.6838954330708661
21
0.7157735433070866
0
LINE
8
BLACK
6
CONTINUOUS
10
0.6838954330708661
20
0.7157735433070866
11
0.6844332283464567
21
0.7163113385826771
0
LINE
8
BLACK
6
CONTINUOUS
10
0.6844332283464567
20
0.7163113385826771
11
0.6876740944881889
21
0.7187981889763779
0
LINE
8
BLACK
6
CONTINUOUS
10
0.6876740944881889
20
0.7187981889763779
11
0.6876741338582677
21
0.7187982283464567
0
LINE
8
BLACK
6
CONTINUOUS
10
0.6876741338582677
20
0.7187982283464567
11
0.691460590551181
21
0.7237327952755905
0
LINE
8
BLACK
6
CONTINUOUS
10
0.691460590551181
20
0.7237327952755905
11
0.6938407480314961
21
0.7294790551181102
0
LINE
8
BLACK
6
CONTINUOUS
10
0.6938407480314961
20
0.7294790551181102
11
0.6938407874015747
21
0.7294792125984252
0
LINE
8
BLACK
6
CONTINUOUS
10
0.6938407874015747
20
0.7294792125984252
11
0.6940674409448818
21
0.7312007086614173
0
LINE
8
BLACK
6
CONTINUOUS
10
0.6940674409448818
20
0.7312007086614173
11
0.6940674409448818
21
0.731200748031496
0
LINE
8
BLACK
6
CONTINUOUS
10
0.6940674409448818
20
0.731200748031496
11
0.6943934645669291
21
0.7336771653543307
0
LINE
8
BLACK
6
CONTINUOUS
10
0.6943934645669291
20
0.7336771653543307
11
0.6783092125984251
21
0.7336771653543307
0
LINE
8
BLACK
6
CONTINUOUS
10
0.6783092125984251
20
0.7336771653543307
11
0.6781014173228346
21
0.7326324015748031
0
LINE
8
BLACK
6
CONTINUOUS
10
0.6698425196850394
20
0.759267716535433
11
0.6708267716535433
21
0.759267716535433
0
LINE
8
BLACK
6
CONTINUOUS
10
0.6708267716535433
20
0.759267716535433
11
0.6738400393700787
21
0.7586683464566929
0
LINE
8
BLACK
6
CONTINUOUS
10
0.6738400393700787
20
0.7586683464566929
11
0.676394527559055
21
0.7569614566929134
0
LINE
8
BLACK
6
CONTINUOUS
10
0.676394527559055
20
0.7569614566929134
11
0.6781014173228346
21
0.754406968503937
0
LINE
8
BLACK
6
CONTINUOUS
10
0.6781014173228346
20
0.754406968503937
11
0.6783092125984251
21
0.7533622047244094
0
LINE
8
BLACK
6
CONTINUOUS
10
0.6783092125984251
20
0.7533622047244094
11
0.6943934251968503
21
0.7533622047244094
0
LINE
8
BLACK
6
CONTINUOUS
10
0.6943934251968503
20
0.7533622047244094
11
0.6943934251968503
21
0.7533622440944882
0
LINE
8
BLACK
6
CONTINUOUS
10
0.6943934251968503
20
0.7533622440944882
11
0.6938407874015747
21
0.7575601968503937
0
LINE
8
BLACK
6
CONTINUOUS
10
0.6938407874015747
20
0.7575601968503937
11
0.6938407480314961
21
0.7575603543307087
0
LINE
8
BLACK
6
CONTINUOUS
10
0.6938407480314961
20
0.7575603543307087
11
0.691460590551181
21
0.7633066141732283
0
LINE
8
BLACK
6
CONTINUOUS
10
0.691460590551181
20
0.7633066141732283
11
0.6876741732283465
21
0.7682411417322834
0
LINE
8
BLACK
6
CONTINUOUS
10
0.6876741732283465
20
0.7682411417322834
11
0.6827396456692914
21
0.7720275590551181
0
LINE
8
BLACK
6
CONTINUOUS
10
0.6827396456692914
20
0.7720275590551181
11
0.6769933070866142
21
0.7744077559055118
0
LINE
8
BLACK
6
CONTINUOUS
10
0.6769933070866142
20
0.7744077559055118
11
0.672374842519685
21
0.7750157480314961
0
LINE
8
BLACK
6
CONTINUOUS
10
0.672374842519685
20
0.7750157480314961
11
0.6698425196850394
21
0.7750157480314961
0
LINE
8
BLACK
6
CONTINUOUS
10
0.6698425196850394
20
0.7750157480314961
11
0.6698425196850394
21
0.759267716535433
0
LINE
8
BLACK
6
CONTINUOUS
10
0.3080067322834645
20
0.7748880708661418
11
0.3080065748031496
21
0.774888031496063
0
LINE
8
BLACK
6
CONTINUOUS
10
0.3080065748031496
20
0.774888031496063
11
0.3022603149606299
21
0.7725078740157481
0
LINE
8
BLACK
6
CONTINUOUS
10
0.3022603149606299
20
0.7725078740157481
11
0.2973257874015748
21
0.7687214566929134
0
LINE
8
BLACK
6
CONTINUOUS
10
0.2973257874015748
20
0.7687214566929134
11
0.2935393700787401
21
0.7637869291338583
0
LINE
8
BLACK
6
CONTINUOUS
10
0.2935393700787401
20
0.7637869291338583
11
0.2911592125984252
21
0.7580406692913386
0
LINE
8
BLACK
6
CONTINUOUS
10
0.2911592125984252
20
0.7580406692913386
11
0.2911591732283464
21
0.7580405511811024
0
LINE
8
BLACK
6
CONTINUOUS
10
0.2911591732283464
20
0.7580405511811024
11
0.2906065354330709
21
0.7538425196850393
0
LINE
8
BLACK
6
CONTINUOUS
10
0.2906065354330709
20
0.7538425196850393
11
0.3066907874015748
21
0.7538425196850393
0
LINE
8
BLACK
6
CONTINUOUS
10
0.3066907874015748
20
0.7538425196850393
11
0.3068985826771654
21
0.7548872834645669
0
LINE
8
BLACK
6
CONTINUOUS
10
0.3068985826771654
20
0.7548872834645669
11
0.3086054724409449
21
0.7574417716535433
0
LINE
8
BLACK
6
CONTINUOUS
10
0.3086054724409449
20
0.7574417716535433
11
0.3111599606299212
21
0.7591486614173228
0
LINE
8
BLACK
6
CONTINUOUS
10
0.3111599606299212
20
0.7591486614173228
11
0.3141732283464567
21
0.759748031496063
0
LINE
8
BLACK
6
CONTINUOUS
10
0.3141732283464567
20
0.759748031496063
11
0.3151574803149606
21
0.759748031496063
0
LINE
8
BLACK
6
CONTINUOUS
10
0.3151574803149606
20
0.759748031496063
11
0.3151574803149606
21
0.7754960629921259
0
LINE
8
BLACK
6
CONTINUOUS
10
0.3151574803149606
20
0.7754960629921259
11
0.3126251181102362
21
0.7754960629921259
0
LINE
8
BLACK
6
CONTINUOUS
10
0.3126251181102362
20
0.7754960629921259
11
0.3080067322834645
21
0.7748880708661418
0
LINE
8
BLACK
6
CONTINUOUS
10
0.3348425196850394
20
0.759748031496063
11
0.3358267716535433
21
0.759748031496063
0
LINE
8
BLACK
6
CONTINUOUS
10
0.3358267716535433
20
0.759748031496063
11
0.3388400393700787
21
0.7591486614173228
0
LINE
8
BLACK
6
CONTINUOUS
10
0.3388400393700787
20
0.7591486614173228
11
0.3413945275590551
21
0.7574417716535433
0
LINE
8
BLACK
6
CONTINUOUS
10
0.3413945275590551
20
0.7574417716535433
11
0.3431014173228346
21
0.7548872834645669
0
LINE
8
BLACK
6
CONTINUOUS
10
0.3431014173228346
20
0.7548872834645669
11
0.3433092125984252
21
0.7538425196850393
0
LINE
8
BLACK
6
CONTINUOUS
10
0.3433092125984252
20
0.7538425196850393
11
0.3593934251968504
21
0.7538425196850393
0
LINE
8
BLACK
6
CONTINUOUS
10
0.3593934251968504
20
0.7538425196850393
11
0.3593934251968504
21
0.7538425590551181
0
LINE
8
BLACK
6
CONTINUOUS
10
0.3593934251968504
20
0.7538425590551181
11
0.3588407874015748
21
0.7580405118110236
0
LINE
8
BLACK
6
CONTINUOUS
10
0.3588407874015748
20
0.7580405118110236
11
0.3588407480314961
21
0.7580406692913386
0
LINE
8
BLACK
6
CONTINUOUS
10
0.3588407480314961
20
0.7580406692913386
11
0.3564605905511811
21
0.7637869291338583
0
LINE
8
BLACK
6
CONTINUOUS
10
0.3564605905511811
20
0.7637869291338583
11
0.3526741732283464
21
0.7687214566929134
0
LINE
8
BLACK
6
CONTINUOUS
10
0.3526741732283464
20
0.7687214566929134
11
0.3477396456692913
21
0.7725078740157481
0
LINE
8
BLACK
6
CONTINUOUS
10
0.3477396456692913
20
0.7725078740157481
11
0.3419933070866142
21
0.7748880708661418
0
LINE
8
BLACK
6
CONTINUOUS
10
0.3419933070866142
20
0.7748880708661418
11
0.337374842519685
21
0.7754960629921259
0
LINE
8
BLACK
6
CONTINUOUS
10
0.337374842519685
20
0.7754960629921259
11
0.3348425196850394
21
0.7754960629921259
0
LINE
8
BLACK
6
CONTINUOUS
10
0.3348425196850394
20
0.7754960629921259
11
0.3348425196850394
21
0.759748031496063
0
LINE
8
BLACK
6
CONTINUOUS
10
0.6106609842519685
20
0.4812381496062992
11
0.6123954724409448
21
0.4752680708661417
0
LINE
8
BLACK
6
CONTINUOUS
10
0.6123954724409448
20
0.4752680708661417
11
0.6155601574803149
21
0.4699168897637795
0
LINE
8
BLACK
6
CONTINUOUS
10
0.6155601574803149
20
0.4699168897637795
11
0.6199562204724409
21
0.4655208267716535
0
LINE
8
BLACK
6
CONTINUOUS
10
0.6199562204724409
20
0.4655208267716535
11
0.6253074015748031
21
0.4623561417322835
0
LINE
8
BLACK
6
CONTINUOUS
10
0.6253074015748031
20
0.4623561417322835
11
0.6312774803149607
21
0.4606216535433071
0
LINE
8
BLACK
6
CONTINUOUS
10
0.6312774803149607
20
0.4606216535433071
11
0.6326728346456693
21
0.460511811023622
0
LINE
8
BLACK
6
CONTINUOUS
10
0.6326728346456693
20
0.460511811023622
11
0.6351574803149607
21
0.460511811023622
0
LINE
8
BLACK
6
CONTINUOUS
10
0.6351574803149607
20
0.460511811023622
11
0.6351574803149607
21
0.476259842519685
0
LINE
8
BLACK
6
CONTINUOUS
10
0.6351574803149607
20
0.476259842519685
11
0.6317675590551181
21
0.4769341338582677
0
LINE
8
BLACK
6
CONTINUOUS
10
0.6317675590551181
20
0.4769341338582677
11
0.6288937401574803
21
0.4788543700787402
0
LINE
8
BLACK
6
CONTINUOUS
10
0.6288937401574803
20
0.4788543700787402
11
0.6269735039370079
21
0.4817281889763779
0
LINE
8
BLACK
6
CONTINUOUS
10
0.6269735039370079
20
0.4817281889763779
11
0.626495
21
0.4841338582677165
0
LINE
8
BLACK
6
CONTINUOUS
10
0.626495
20
0.4841338582677165
11
0.6105511811023622
21
0.4841338582677165
0
LINE
8
BLACK
6
CONTINUOUS
10
0.6105511811023622
20
0.4841338582677165
11
0.6105511811023622
21
0.4826334645669291
0
LINE
8
BLACK
6
CONTINUOUS
10
0.6105511811023622
20
0.4826334645669291
11
0.6106609842519685
21
0.4812381496062992
0
LINE
8
BLACK
6
CONTINUOUS
10
0.6416907874015748
20
0.6943228346456692
11
0.6418985826771654
21
0.6953675984251968
0
LINE
8
BLACK
6
CONTINUOUS
10
0.6418985826771654
20
0.6953675984251968
11
0.6436054724409449
21
0.6979220866141732
0
LINE
8
BLACK
6
CONTINUOUS
10
0.6436054724409449
20
0.6979220866141732
11
0.6461599606299212
21
0.6996289763779527
0
LINE
8
BLACK
6
CONTINUOUS
10
0.6461599606299212
20
0.6996289763779527
11
0.6491732283464566
21
0.7002283464566929
0
LINE
8
BLACK
6
CONTINUOUS
10
0.6491732283464566
20
0.7002283464566929
11
0.6501574803149606
21
0.7002283464566929
0
LINE
8
BLACK
6
CONTINUOUS
10
0.6501574803149606
20
0.7002283464566929
11
0.6501574803149606
21
0.7277716535433071
0
LINE
8
BLACK
6
CONTINUOUS
10
0.6501574803149606
20
0.7277716535433071
11
0.6491732283464566
21
0.7277716535433071
0
LINE
8
BLACK
6
CONTINUOUS
10
0.6491732283464566
20
0.7277716535433071
11
0.6461599606299212
21
0.7283710236220472
0
LINE
8
BLACK
6
CONTINUOUS
10
0.6461599606299212
20
0.7283710236220472
11
0.6436054724409449
21
0.7300779133858267
0
LINE
8
BLACK
6
CONTINUOUS
10
0.6436054724409449
20
0.7300779133858267
11
0.6418985826771654
21
0.7326324015748031
0
LINE
8
BLACK
6
CONTINUOUS
10
0.6418985826771654
20
0.7326324015748031
11
0.6416907874015748
21
0.7336771653543307
0
LINE
8
BLACK
6
CONTINUOUS
10
0.6416907874015748
20
0.7336771653543307
11
0.6256065748031496
21
0.7336771653543307
0
LINE
8
BLACK
6
CONTINUOUS
10
0.6256065748031496
20
0.7336771653543307
11
0.6261591732283465
21
0.7294792125984252
0
LINE
8
BLACK
6
CONTINUOUS
10
0.6261591732283465
20
0.7294792125984252
11
0.6261592125984252
21
0.7294790551181102
0
LINE
8
BLACK
6
CONTINUOUS
10
0.6261592125984252
20
0.7294790551181102
11
0.6285393700787402
21
0.7237327952755905
0
LINE
8
BLACK
6
CONTINUOUS
10
0.6285393700787402
20
0.7237327952755905
11
0.6323257874015747
21
0.7187982677165354
0
LINE
8
BLACK
6
CONTINUOUS
10
0.6323257874015747
20
0.7187982677165354
11
0.6355667716535432
21
0.7163113385826771
0
LINE
8
BLACK
6
CONTINUOUS
10
0.6355667716535432
20
0.7163113385826771
11
0.6366816535433071
21
0.7143802362204724
0
LINE
8
BLACK
6
CONTINUOUS
10
0.6366816535433071
20
0.7143802362204724
11
0.6361045275590551
21
0.7122264173228346
0
LINE
8
BLACK
6
CONTINUOUS
10
0.6361045275590551
20
0.7122264173228346
11
0.6355667716535432
21
0.7116886614173228
0
LINE
8
BLACK
6
CONTINUOUS
10
0.6355667716535432
20
0.7116886614173228
11
0.6323257874015747
21
0.7092017716535433
0
LINE
8
BLACK
6
CONTINUOUS
10
0.6323257874015747
20
0.7092017716535433
11
0.6285393700787402
21
0.7042672440944882
0
LINE
8
BLACK
6
CONTINUOUS
10
0.6285393700787402
20
0.7042672440944882
11
0.6261592125984252
21
0.6985209842519685
0
LINE
8
BLACK
6
CONTINUOUS
10
0.6261592125984252
20
0.6985209842519685
11
0.6261591732283465
21
0.6985208661417323
0
LINE
8
BLACK
6
CONTINUOUS
10
0.6261591732283465
20
0.6985208661417323
11
0.6256065354330709
21
0.6943228346456692
0
LINE
8
BLACK
6
CONTINUOUS
10
0.6256065354330709
20
0.6943228346456692
11
0.6416907874015748
21
0.6943228346456692
0
LINE
8
BLACK
6
CONTINUOUS
10
0.6416907874015748
20
0.7533622047244094
11
0.6418985826771654
21
0.754406968503937
0
LINE
8
BLACK
6
CONTINUOUS
10
0.6418985826771654
20
0.754406968503937
11
0.6436054724409449
21
0.7569614566929134
0
LINE
8
BLACK
6
CONTINUOUS
10
0.6436054724409449
20
0.7569614566929134
11
0.6461599606299212
21
0.7586683464566929
0
LINE
8
BLACK
6
CONTINUOUS
10
0.6461599606299212
20
0.7586683464566929
11
0.6491732283464566
21
0.759267716535433
0
LINE
8
BLACK
6
CONTINUOUS
10
0.6491732283464566
20
0.759267716535433
11
0.6501574803149606
21
0.759267716535433
0
LINE
8
BLACK
6
CONTINUOUS
10
0.6501574803149606
20
0.759267716535433
11
0.6501574803149606
21
0.7750157480314961
0
LINE
8
BLACK
6
CONTINUOUS
10
0.6501574803149606
20
0.7750157480314961
11
0.6476251181102362
21
0.7750157480314961
0
LINE
8
BLACK
6
CONTINUOUS
10
0.6476251181102362
20
0.7750157480314961
11
0.6430067322834645
21
0.7744077559055118
0
LINE
8
BLACK
6
CONTINUOUS
10
0.6430067322834645
20
0.7744077559055118
11
0.6430065748031496
21
0.7744077165354331
0
LINE
8
BLACK
6
CONTINUOUS
10
0.6430065748031496
20
0.7744077165354331
11
0.63726031496063
21
0.7720275590551181
0
LINE
8
BLACK
6
CONTINUOUS
10
0.63726031496063
20
0.7720275590551181
11
0.6323257874015747
21
0.7682411417322834
0
LINE
8
BLACK
6
CONTINUOUS
10
0.6323257874015747
20
0.7682411417322834
11
0.6285393700787402
21
0.7633066141732283
0
LINE
8
BLACK
6
CONTINUOUS
10
0.6285393700787402
20
0.7633066141732283
11
0.6261592125984252
21
0.7575603543307087
0
LINE
8
BLACK
6
CONTINUOUS
10
0.6261592125984252
20
0.7575603543307087
11
0.6261591732283465
21
0.7575602362204724
0
LINE
8
BLACK
6
CONTINUOUS
10
0.6261591732283465
20
0.7575602362204724
11
0.6256065354330709
21
0.7533622047244094
0
LINE
8
BLACK
6
CONTINUOUS
10
0.6256065354330709
20
0.7533622047244094
11
0.6416907874015748
21
0.7533622047244094
0
LINE
8
BLACK
6
CONTINUOUS
10
0.2325749212598425
20
0.5871488976377952
11
0.2344907874015748
21
0.5858687401574803
0
LINE
8
BLACK
6
CONTINUOUS
10
0.2344907874015748
20
0.5858687401574803
11
0.2357709448818898
21
0.583952874015748
0
LINE
8
BLACK
6
CONTINUOUS
10
0.2357709448818898
20
0.583952874015748
11
0.2362204724409449
21
0.5816929133858267
0
LINE
8
BLACK
6
CONTINUOUS
10
0.2362204724409449
20
0.5816929133858267
11
0.2362204724409449
21
0.5698818897637795
0
LINE
8
BLACK
6
CONTINUOUS
10
0.2362204724409449
20
0.5698818897637795
11
0.2357709448818898
21
0.5676219291338582
0
LINE
8
BLACK
6
CONTINUOUS
10
0.2357709448818898
20
0.5676219291338582
11
0.2344907874015748
21
0.565706062992126
0
LINE
8
BLACK
6
CONTINUOUS
10
0.2344907874015748
20
0.565706062992126
11
0.2325749212598425
21
0.564425905511811
0
LINE
8
BLACK
6
CONTINUOUS
10
0.2325749212598425
20
0.564425905511811
11
0.2303149606299213
21
0.5639763779527559
0
LINE
8
BLACK
6
CONTINUOUS
10
0.2303149606299213
20
0.5639763779527559
11
0.1851792519685039
21
0.5639763779527559
0
LINE
8
BLACK
6
CONTINUOUS
10
0.1851792519685039
20
0.5639763779527559
11
0.1671653543307087
21
0.5459624803149606
0
LINE
8
BLACK
6
CONTINUOUS
10
0.1671653543307087
20
0.5459624803149606
11
0.1671653543307087
21
0.3723228346456693
0
LINE
8
BLACK
6
CONTINUOUS
10
0.1671653543307087
20
0.3723228346456693
11
0.1669762598425197
21
0.3704030708661417
0
LINE
8
BLACK
6
CONTINUOUS
10
0.1669762598425197
20
0.3704030708661417
11
0.1669762598425197
21
0.3704026771653543
0
LINE
8
BLACK
6
CONTINUOUS
10
0.1669762598425197
20
0.3704026771653543
11
0.1655066141732283
21
0.3668546456692913
0
LINE
8
BLACK
6
CONTINUOUS
10
0.1655066141732283
20
0.3668546456692913
11
0.1642825590551181
21
0.3653631496062992
0
LINE
8
BLACK
6
CONTINUOUS
10
0.1642825590551181
20
0.3653631496062992
11
0.1218897637795276
21
0.3229703543307086
0
LINE
8
BLACK
6
CONTINUOUS
10
0.1218897637795276
20
0.3229703543307086
11
0.1218897637795276
21
0.2243131496062992
0
LINE
8
BLACK
6
CONTINUOUS
10
0.1218897637795276
20
0.2243131496062992
11
0.1542737795275591
21
0.1919291338582677
0
LINE
8
BLACK
6
CONTINUOUS
10
0.1542737795275591
20
0.1919291338582677
11
0.1708614566929134
21
0.1919291338582677
0
LINE
8
BLACK
6
CONTINUOUS
10
0.1708614566929134
20
0.1919291338582677
11
0.1710210236220472
21
0.1921679527559055
0
LINE
8
BLACK
6
CONTINUOUS
10
0.1710210236220472
20
0.1921679527559055
11
0.1729368897637795
21
0.1934481102362205
0
LINE
8
BLACK
6
CONTINUOUS
10
0.1729368897637795
20
0.1934481102362205
11
0.1751968503937008
21
0.1938976377952756
0
LINE
8
BLACK
6
CONTINUOUS
10
0.1751968503937008
20
0.1938976377952756
11
0.2303149606299213
21
0.1938976377952756
0
LINE
8
BLACK
6
CONTINUOUS
10
0.2303149606299213
20
0.1938976377952756
11
0.2325749212598425
21
0.1934481102362205
0
LINE
8
BLACK
6
CONTINUOUS
10
0.2325749212598425
20
0.1934481102362205
11
0.2344907874015748
21
0.1921679527559055
0
LINE
8
BLACK
6
CONTINUOUS
10
0.2344907874015748
20
0.1921679527559055
11
0.2346503543307087
21
0.1919291338582677
0
LINE
8
BLACK
6
CONTINUOUS
10
0.2346503543307087
20
0.1919291338582677
11
0.2419133858267717
21
0.1919291338582677
0
LINE
8
BLACK
6
CONTINUOUS
10
0.2419133858267717
20
0.1919291338582677
11
0.2762204724409449
21
0.1919291338582677
0
LINE
8
BLACK
6
CONTINUOUS
10
0.2762204724409449
20
0.1919291338582677
11
0.2762204724409449
21
0.1943700787401575
0
LINE
8
BLACK
6
CONTINUOUS
10
0.2762204724409449
20
0.1943700787401575
11
0.3037795275590551
21
0.1943700787401575
0
LINE
8
BLACK
6
CONTINUOUS
10
0.3037795275590551
20
0.1943700787401575
11
0.3037795275590551
21
0.1919291338582677
0
LINE
8
BLACK
6
CONTINUOUS
10
0.3037795275590551
20
0.1919291338582677
11
0.3381559448818898
21
0.1919291338582677
0
LINE
8
BLACK
6
CONTINUOUS
10
0.3381559448818898
20
0.1919291338582677
11
0.3383394881889764
21
0.1922038188976378
0
LINE
8
BLACK
6
CONTINUOUS
10
0.3383394881889764
20
0.1922038188976378
11
0.3415326377952756
21
0.1943374015748031
0
LINE
8
BLACK
6
CONTINUOUS
10
0.3415326377952756
20
0.1943374015748031
11
0.3452992125984252
21
0.1950866141732283
0
LINE
8
BLACK
6
CONTINUOUS
10
0.3452992125984252
20
0.1950866141732283
11
0.3697656299212598
21
0.1950866141732283
0
LINE
8
BLACK
6
CONTINUOUS
10
0.3697656299212598
20
0.1950866141732283
11
0.3761574803149606
21
0.2014785039370079
0
LINE
8
BLACK
6
CONTINUOUS
10
0.3761574803149606
20
0.2014785039370079
11
0.3761574803149606
21
0.2297716535433071
0
LINE
8
BLACK
6
CONTINUOUS
10
0.3761574803149606
20
0.2297716535433071
11
0.3751732283464567
21
0.2297716535433071
0
LINE
8
BLACK
6
CONTINUOUS
10
0.3751732283464567
20
0.2297716535433071
11
0.3721599606299212
21
0.2303710236220472
0
LINE
8
BLACK
6
CONTINUOUS
10
0.3721599606299212
20
0.2303710236220472
11
0.3696054724409449
21
0.2320779133858268
0
LINE
8
BLACK
6
CONTINUOUS
10
0.3696054724409449
20
0.2320779133858268
11
0.3678985826771654
21
0.2346324015748031
0
LINE
8
BLACK
6
CONTINUOUS
10
0.3678985826771654
20
0.2346324015748031
11
0.3672992125984252
21
0.2376456692913386
0
LINE
8
BLACK
6
CONTINUOUS
10
0.3672992125984252
20
0.2376456692913386
11
0.3672992125984252
21
0.2533937007874016
0
LINE
8
BLACK
6
CONTINUOUS
10
0.3672992125984252
20
0.2533937007874016
11
0.3678985826771654
21
0.256406968503937
0
LINE
8
BLACK
6
CONTINUOUS
10
0.3678985826771654
20
0.256406968503937
11
0.3696054724409449
21
0.2589614566929134
0
LINE
8
BLACK
6
CONTINUOUS
10
0.3696054724409449
20
0.2589614566929134
11
0.3721599606299212
21
0.2606683464566929
0
LINE
8
BLACK
6
CONTINUOUS
10
0.3721599606299212
20
0.2606683464566929
11
0.3751732283464567
21
0.2612677165354331
0
LINE
8
BLACK
6
CONTINUOUS
10
0.3751732283464567
20
0.2612677165354331
11
0.3968267716535433
21
0.2612677165354331
0
LINE
8
BLACK
6
CONTINUOUS
10
0.3968267716535433
20
0.2612677165354331
11
0.3998400393700787
21
0.2606683464566929
0
LINE
8
BLACK
6
CONTINUOUS
10
0.3998400393700787
20
0.2606683464566929
11
0.4023945275590551
21
0.2589614566929134
0
LINE
8
BLACK
6
CONTINUOUS
10
0.4023945275590551
20
0.2589614566929134
11
0.4041014173228346
21
0.256406968503937
0
LINE
8
BLACK
6
CONTINUOUS
10
0.4041014173228346
20
0.256406968503937
11
0.4047007874015748
21
0.2533937007874016
0
LINE
8
BLACK
6
CONTINUOUS
10
0.4047007874015748
20
0.2533937007874016
11
0.4047007874015748
21
0.2376456692913386
0
LINE
8
BLACK
6
CONTINUOUS
10
0.4047007874015748
20
0.2376456692913386
11
0.4041014173228346
21
0.2346324015748031
0
LINE
8
BLACK
6
CONTINUOUS
10
0.4041014173228346
20
0.2346324015748031
11
0.4023945275590551
21
0.2320779133858268
0
LINE
8
BLACK
6
CONTINUOUS
10
0.4023945275590551
20
0.2320779133858268
11
0.3998400393700787
21
0.2303710236220472
0
LINE
8
BLACK
6
CONTINUOUS
10
0.3998400393700787
20
0.2303710236220472
11
0.3968267716535433
21
0.2297716535433071
0
LINE
8
BLACK
6
CONTINUOUS
10
0.3968267716535433
20
0.2297716535433071
11
0.3958425196850394
21
0.2297716535433071
0
LINE
8
BLACK
6
CONTINUOUS
10
0.3958425196850394
20
0.2297716535433071
11
0.3958425196850394
21
0.1974015748031496
0
LINE
8
BLACK
6
CONTINUOUS
10
0.3958425196850394
20
0.1974015748031496
11
0.3956534251968504
21
0.1954818110236221
0
LINE
8
BLACK
6
CONTINUOUS
10
0.3956534251968504
20
0.1954818110236221
11
0.3956534251968504
21
0.1954814173228346
0
LINE
8
BLACK
6
CONTINUOUS
10
0.3956534251968504
20
0.1954814173228346
11
0.3941837795275591
21
0.1919333858267717
0
LINE
8
BLACK
6
CONTINUOUS
10
0.3941837795275591
20
0.1919333858267717
11
0.3929597244094488
21
0.1904418897637795
0
LINE
8
BLACK
6
CONTINUOUS
10
0.3929597244094488
20
0.1904418897637795
11
0.3916876771653543
21
0.1891698818897638
0
LINE
8
BLACK
6
CONTINUOUS
10
0.3916876771653543
20
0.1891698818897638
11
0.391794094488189
21
0.1890106692913386
0
LINE
8
BLACK
6
CONTINUOUS
10
0.391794094488189
20
0.1890106692913386
11
0.3925433070866142
21
0.185244094488189
0
LINE
8
BLACK
6
CONTINUOUS
10
0.3925433070866142
20
0.185244094488189
11
0.3925433070866142
21
0.1655590551181102
0
LINE
8
BLACK
6
CONTINUOUS
10
0.3925433070866142
20
0.1655590551181102
11
0.391794094488189
21
0.1617924803149606
0
LINE
8
BLACK
6
CONTINUOUS
10
0.391794094488189
20
0.1617924803149606
11
0.3916877165354331
21
0.1616333070866142
0
LINE
8
BLACK
6
CONTINUOUS
10
0.3916877165354331
20
0.1616333070866142
11
0.408261968503937
21
0.1450590551181102
0
LINE
8
BLACK
6
CONTINUOUS
10
0.408261968503937
20
0.1450590551181102
11
0.4427874015748031
21
0.1450590551181102
0
LINE
8
BLACK
6
CONTINUOUS
10
0.4427874015748031
20
0.1450590551181102
11
0.4427874015748031
21
0.1553937007874016
0
LINE
8
BLACK
6
CONTINUOUS
10
0.4427874015748031
20
0.1553937007874016
11
0.4432369291338583
21
0.1576536614173228
0
LINE
8
BLACK
6
CONTINUOUS
10
0.4432369291338583
20
0.1576536614173228
11
0.4445170866141732
21
0.1595695275590551
0
LINE
8
BLACK
6
CONTINUOUS
10
0.4445170866141732
20
0.1595695275590551
11
0.4464329527559055
21
0.1608496850393701
0
LINE
8
BLACK
6
CONTINUOUS
10
0.4464329527559055
20
0.1608496850393701
11
0.4486929133858268
21
0.1612992125984252
0
LINE
8
BLACK
6
CONTINUOUS
10
0.4486929133858268
20
0.1612992125984252
11
0.460503937007874
21
0.1612992125984252
0
LINE
8
BLACK
6
CONTINUOUS
10
0.460503937007874
20
0.1612992125984252
11
0.4627638976377952
21
0.1608496850393701
0
LINE
8
BLACK
6
CONTINUOUS
10
0.4627638976377952
20
0.1608496850393701
11
0.4646797637795275
21
0.1595695275590551
0
LINE
8
BLACK
6
CONTINUOUS
10
0.4646797637795275
20
0.1595695275590551
11
0.4659599212598425
21
0.1576536614173228
0
LINE
8
BLACK
6
CONTINUOUS
10
0.4659599212598425
20
0.1576536614173228
11
0.4664094488188976
21
0.1553937007874016
0
LINE
8
BLACK
6
CONTINUOUS
10
0.4664094488188976
20
0.1553937007874016
11
0.4664094488188976
21
0.1150393700787402
0
LINE
8
BLACK
6
CONTINUOUS
10
0.4664094488188976
20
0.1150393700787402
11
0.4659599212598425
21
0.1127794094488189
0
LINE
8
BLACK
6
CONTINUOUS
10
0.4659599212598425
20
0.1127794094488189
11
0.4646797637795275
21
0.1108635433070866
0
LINE
8
BLACK
6
CONTINUOUS
10
0.4646797637795275
20
0.1108635433070866
11
0.4644409448818898
21
0.1107039763779527
0
LINE
8
BLACK
6
CONTINUOUS
10
0.4644409448818898
20
0.1107039763779527
11
0.4644409448818898
21
0.0958425196850394
0
LINE
8
BLACK
6
CONTINUOUS
10
0.4644409448818898
20
0.0958425196850394
11
0.5195590551181102
21
0.0958425196850394
0
LINE
8
BLACK
6
CONTINUOUS
10
0.5195590551181102
20
0.0958425196850394
11
0.5195590551181102
21
0.1107039763779527
0
LINE
8
BLACK
6
CONTINUOUS
10
0.5195590551181102
20
0.1107039763779527
11
0.5193202362204724
21
0.1108635433070866
0
LINE
8
BLACK
6
CONTINUOUS
10
0.5193202362204724
20
0.1108635433070866
11
0.5180400787401575
21
0.1127794094488189
0
LINE
8
BLACK
6
CONTINUOUS
10
0.5180400787401575
20
0.1127794094488189
11
0.5175905511811023
21
0.1150393700787402
0
LINE
8
BLACK
6
CONTINUOUS
10
0.5175905511811023
20
0.1150393700787402
11
0.5175905511811023
21
0.1553937007874016
0
LINE
8
BLACK
6
CONTINUOUS
10
0.5175905511811023
20
0.1553937007874016
11
0.5180400787401575
21
0.1576536614173228
0
LINE
8
BLACK
6
CONTINUOUS
10
0.5180400787401575
20
0.1576536614173228
11
0.5193202362204724
21
0.1595695275590551
0
LINE
8
BLACK
6
CONTINUOUS
10
0.5193202362204724
20
0.1595695275590551
11
0.5212361023622047
21
0.1608496850393701
0
LINE
8
BLACK
6
CONTINUOUS
10
0.5212361023622047
20
0.1608496850393701
11
0.5234960629921259
21
0.1612992125984252
0
LINE
8
BLACK
6
CONTINUOUS
10
0.5234960629921259
20
0.1612992125984252
11
0.5353070866141733
21
0.1612992125984252
0
LINE
8
BLACK
6
CONTINUOUS
10
0.5353070866141733
20
0.1612992125984252
11
0.5375670472440944
21
0.1608496850393701
0
LINE
8
BLACK
6
CONTINUOUS
10
0.5375670472440944
20
0.1608496850393701
11
0.5394829133858268
21
0.1595695275590551
0
LINE
8
BLACK
6
CONTINUOUS
10
0.5394829133858268
20
0.1595695275590551
11
0.5407630708661417
21
0.1576536614173228
0
LINE
8
BLACK
6
CONTINUOUS
10
0.5407630708661417
20
0.1576536614173228
11
0.5412125984251969
21
0.1553937007874016
0
LINE
8
BLACK
6
CONTINUOUS
10
0.5412125984251969
20
0.1553937007874016
11
0.5412125984251969
21
0.1150393700787402
0
LINE
8
BLACK
6
CONTINUOUS
10
0.5412125984251969
20
0.1150393700787402
11
0.5407630708661417
21
0.1127794094488189
0
LINE
8
BLACK
6
CONTINUOUS
10
0.5407630708661417
20
0.1127794094488189
11
0.5394829133858268
21
0.1108635433070866
0
LINE
8
BLACK
6
CONTINUOUS
10
0.5394829133858268
20
0.1108635433070866
11
0.539244094488189
21
0.1107039763779527
0
LINE
8
BLACK
6
CONTINUOUS
10
0.539244094488189
20
0.1107039763779527
11
0.539244094488189
21
0.0958425196850394
0
LINE
8
BLACK
6
CONTINUOUS
10
0.539244094488189
20
0.0958425196850394
11
0.5559999999999999
21
0.0958425196850394
0
LINE
8
BLACK
6
CONTINUOUS
10
0.5559999999999999
20
0.0958425196850394
11
0.5579201968503937
21
0.0956533858267716
0
LINE
8
BLACK
6
CONTINUOUS
10
0.5579201968503937
20
0.0956533858267716
11
0.5587740551181102
21
0.0952997244094488
0
LINE
8
BLACK
6
CONTINUOUS
10
0.5587740551181102
20
0.0952997244094488
11
0.5599444881889764
21
0.0956133070866142
0
LINE
8
BLACK
6
CONTINUOUS
10
0.5599444881889764
20
0.0956133070866142
11
0.5640555118110236
21
0.0956133070866142
0
LINE
8
BLACK
6
CONTINUOUS
10
0.5640555118110236
20
0.0956133070866142
11
0.5680264960629922
21
0.0945492913385827
0
LINE
8
BLACK
6
CONTINUOUS
10
0.5680264960629922
20
0.0945492913385827
11
0.5715868110236221
21
0.0924937401574803
0
LINE
8
BLACK
6
CONTINUOUS
10
0.5715868110236221
20
0.0924937401574803
11
0.574238031496063
21
0.0898425196850394
0
LINE
8
BLACK
6
CONTINUOUS
10
0.574238031496063
20
0.0898425196850394
11
0.5897716535433071
21
0.0898425196850394
0
LINE
8
BLACK
6
CONTINUOUS
10
0.5897716535433071
20
0.0898425196850394
11
0.5904459448818897
21
0.0932324409448819
0
LINE
8
BLACK
6
CONTINUOUS
10
0.5904459448818897
20
0.0932324409448819
11
0.5923661811023622
21
0.0961062598425197
0
LINE
8
BLACK
6
CONTINUOUS
10
0.5923661811023622
20
0.0961062598425197
11
0.59524
21
0.0980264960629921
0
LINE
8
BLACK
6
CONTINUOUS
10
0.59524
20
0.0980264960629921
11
0.5986299212598425
21
0.0987007874015748
0
LINE
8
BLACK
6
CONTINUOUS
10
0.5986299212598425
20
0.0987007874015748
11
0.6163464566929133
21
0.0987007874015748
0
LINE
8
BLACK
6
CONTINUOUS
10
0.6163464566929133
20
0.0987007874015748
11
0.6197363779527559
21
0.0980264960629921
0
LINE
8
BLACK
6
CONTINUOUS
10
0.6197363779527559
20
0.0980264960629921
11
0.6226101968503936
21
0.0961062598425197
0
LINE
8
BLACK
6
CONTINUOUS
10
0.6226101968503936
20
0.0961062598425197
11
0.6245304330708661
21
0.0932324409448819
0
LINE
8
BLACK
6
CONTINUOUS
10
0.6245304330708661
20
0.0932324409448819
11
0.6252047244094489
21
0.0898425196850394
0
LINE
8
BLACK
6
CONTINUOUS
10
0.6252047244094489
20
0.0898425196850394
11
0.6252047244094489
21
0.0701574803149606
0
LINE
8
BLACK
6
CONTINUOUS
10
0.6252047244094489
20
0.0701574803149606
11
0.6245304330708661
21
0.0667675590551181
0
LINE
8
BLACK
6
CONTINUOUS
10
0.6245304330708661
20
0.0667675590551181
11
0.6226101968503936
21
0.0638937401574803
0
LINE
8
BLACK
6
CONTINUOUS
10
0.6226101968503936
20
0.0638937401574803
11
0.6197363779527559
21
0.0619735039370079
0
LINE
8
BLACK
6
CONTINUOUS
10
0.6197363779527559
20
0.0619735039370079
11
0.6163464566929133
21
0.0612992125984252
0
LINE
8
BLACK
6
CONTINUOUS
10
0.6163464566929133
20
0.0612992125984252
11
0.5986299212598425
21
0.0612992125984252
0
LINE
8
BLACK
6
CONTINUOUS
10
0.5986299212598425
20
0.0612992125984252
11
0.59524
21
0.0619735039370079
0
LINE
8
BLACK
6
CONTINUOUS
10
0.59524
20
0.0619735039370079
11
0.5923661811023622
21
0.0638937401574803
0
LINE
8
BLACK
6
CONTINUOUS
10
0.5923661811023622
20
0.0638937401574803
11
0.5904459448818897
21
0.0667675590551181
0
LINE
8
BLACK
6
CONTINUOUS
10
0.5904459448818897
20
0.0667675590551181
11
0.5897716535433071
21
0.0701574803149606
0
LINE
8
BLACK
6
CONTINUOUS
10
0.5897716535433071
20
0.0701574803149606
11
0.574238031496063
21
0.0701574803149606
0
LINE
8
BLACK
6
CONTINUOUS
10
0.574238031496063
20
0.0701574803149606
11
0.5715868110236221
21
0.0675062598425197
0
LINE
8
BLACK
6
CONTINUOUS
10
0.5715868110236221
20
0.0675062598425197
11
0.5680264960629922
21
0.0654507086614173
0
LINE
8
BLACK
6
CONTINUOUS
10
0.5680264960629922
20
0.0654507086614173
11
0.5640555118110236
21
0.0643866929133858
0
LINE
8
BLACK
6
CONTINUOUS
10
0.5640555118110236
20
0.0643866929133858
11
0.5599444881889764
21
0.0643866929133858
0
LINE
8
BLACK
6
CONTINUOUS
10
0.5599444881889764
20
0.0643866929133858
11
0.5559735039370078
21
0.0654507086614173
0
LINE
8
BLACK
6
CONTINUOUS
10
0.5559735039370078
20
0.0654507086614173
11
0.5524131889763779
21
0.0675062598425197
0
LINE
8
BLACK
6
CONTINUOUS
10
0.5524131889763779
20
0.0675062598425197
11
0.5495062598425197
21
0.070413188976378
0
LINE
8
BLACK
6
CONTINUOUS
10
0.5495062598425197
20
0.070413188976378
11
0.5474507086614173
21
0.0739735039370079
0
LINE
8
BLACK
6
CONTINUOUS
10
0.5474507086614173
20
0.0739735039370079
11
0.5468655118110236
21
0.0761574803149606
0
LINE
8
BLACK
6
CONTINUOUS
10
0.5468655118110236
20
0.0761574803149606
11
0.532
21
0.0761574803149606
0
LINE
8
BLACK
6
CONTINUOUS
10
0.532
20
0.0761574803149606
11
0.4571968503937008
21
0.0761574803149606
0
LINE
8
BLACK
6
CONTINUOUS
10
0.4571968503937008
20
0.0761574803149606
11
0.4552766535433071
21
0.0763466141732283
0
LINE
8
BLACK
6
CONTINUOUS
10
0.4552766535433071
20
0.0763466141732283
11
0.4517286220472441
21
0.0778162598425197
0
LINE
8
BLACK
6
CONTINUOUS
10
0.4517286220472441
20
0.0778162598425197
11
0.4517284251968504
21
0.0778164566929134
0
LINE
8
BLACK
6
CONTINUOUS
10
0.4517284251968504
20
0.0778164566929134
11
0.450237125984252
21
0.0790402755905512
0
LINE
8
BLACK
6
CONTINUOUS
10
0.450237125984252
20
0.0790402755905512
11
0.4476387007874016
21
0.0816387007874016
0
LINE
8
BLACK
6
CONTINUOUS
10
0.4476387007874016
20
0.0816387007874016
11
0.4464148425196851
21
0.0831300393700787
0
LINE
8
BLACK
6
CONTINUOUS
10
0.4464148425196851
20
0.0831300393700787
11
0.4464146850393701
21
0.0831301968503937
0
LINE
8
BLACK
6
CONTINUOUS
10
0.4464146850393701
20
0.0831301968503937
11
0.4449450393700787
21
0.0866782283464567
0
LINE
8
BLACK
6
CONTINUOUS
10
0.4449450393700787
20
0.0866782283464567
11
0.444755905511811
21
0.0885984251968504
0
LINE
8
BLACK
6
CONTINUOUS
10
0.444755905511811
20
0.0885984251968504
11
0.444755905511811
21
0.1107039763779527
0
LINE
8
BLACK
6
CONTINUOUS
10
0.444755905511811
20
0.1107039763779527
11
0.4445170866141732
21
0.1108635433070866
0
LINE
8
BLACK
6
CONTINUOUS
10
0.4445170866141732
20
0.1108635433070866
11
0.4432369291338583
21
0.1127794094488189
0
LINE
8
BLACK
6
CONTINUOUS
10
0.4432369291338583
20
0.1127794094488189
11
0.4427874015748031
21
0.1150393700787402
0
LINE
8
BLACK
6
CONTINUOUS
10
0.4427874015748031
20
0.1150393700787402
11
0.4427874015748031
21
0.1253740157480315
0
LINE
8
BLACK
6
CONTINUOUS
10
0.4427874015748031
20
0.1253740157480315
11
0.4041850393700787
21
0.1253740157480315
0
LINE
8
BLACK
6
CONTINUOUS
10
0.4041850393700787
20
0.1253740157480315
11
0.4022652362204724
21
0.1255631102362205
0
LINE
8
BLACK
6
CONTINUOUS
10
0.4022652362204724
20
0.1255631102362205
11
0.4022648818897638
21
0.1255631102362205
0
LINE
8
BLACK
6
CONTINUOUS
10
0.4022648818897638
20
0.1255631102362205
11
0.3987168503937008
21
0.1270327559055118
0
LINE
8
BLACK
6
CONTINUOUS
10
0.3987168503937008
20
0.1270327559055118
11
0.3972253149606299
21
0.128256811023622
0
LINE
8
BLACK
6
CONTINUOUS
10
0.3972253149606299
20
0.128256811023622
11
0.3697655905511811
21
0.1557165354330709
0
LINE
8
BLACK
6
CONTINUOUS
10
0.3697655905511811
20
0.1557165354330709
11
0.3452992125984252
21
0.1557165354330709
0
LINE
8
BLACK
6
CONTINUOUS
10
0.3452992125984252
20
0.1557165354330709
11
0.3415326377952756
21
0.1564657480314961
0
LINE
8
BLACK
6
CONTINUOUS
10
0.3415326377952756
20
0.1564657480314961
11
0.3383394881889764
21
0.1585993307086614
0
LINE
8
BLACK
6
CONTINUOUS
10
0.3383394881889764
20
0.1585993307086614
11
0.336205905511811
21
0.1617924803149606
0
LINE
8
BLACK
6
CONTINUOUS
10
0.336205905511811
20
0.1617924803149606
11
0.3354566929133858
21
0.1655590551181102
0
LINE
8
BLACK
6
CONTINUOUS
10
0.3354566929133858
20
0.1655590551181102
11
0.3354566929133858
21
0.172244094488189
0
LINE
8
BLACK
6
CONTINUOUS
10
0.3354566929133858
20
0.172244094488189
11
0.3037795275590551
21
0.172244094488189
0
LINE
8
BLACK
6
CONTINUOUS
10
0.3037795275590551
20
0.172244094488189
11
0.3037795275590551
21
0.170748031496063
0
LINE
8
BLACK
6
CONTINUOUS
10
0.3037795275590551
20
0.170748031496063
11
0.2762204724409449
21
0.170748031496063
0
LINE
8
BLACK
6
CONTINUOUS
10
0.2762204724409449
20
0.170748031496063
11
0.2762204724409449
21
0.172244094488189
0
LINE
8
BLACK
6
CONTINUOUS
10
0.2762204724409449
20
0.172244094488189
11
0.2419133858267717
21
0.172244094488189
0
LINE
8
BLACK
6
CONTINUOUS
10
0.2419133858267717
20
0.172244094488189
11
0.2346503543307087
21
0.172244094488189
0
LINE
8
BLACK
6
CONTINUOUS
10
0.2346503543307087
20
0.172244094488189
11
0.2344907874015748
21
0.1720052755905512
0
LINE
8
BLACK
6
CONTINUOUS
10
0.2344907874015748
20
0.1720052755905512
11
0.2325749212598425
21
0.1707251181102362
0
LINE
8
BLACK
6
CONTINUOUS
10
0.2325749212598425
20
0.1707251181102362
11
0.2303149606299213
21
0.1702755905511811
0
LINE
8
BLACK
6
CONTINUOUS
10
0.2303149606299213
20
0.1702755905511811
11
0.1751968503937008
21
0.1702755905511811
0
LINE
8
BLACK
6
CONTINUOUS
10
0.1751968503937008
20
0.1702755905511811
11
0.1729368897637795
21
0.1707251181102362
0
LINE
8
BLACK
6
CONTINUOUS
10
0.1729368897637795
20
0.1707251181102362
11
0.1710210236220472
21
0.1720052755905512
0
LINE
8
BLACK
6
CONTINUOUS
10
0.1710210236220472
20
0.1720052755905512
11
0.1708614566929134
21
0.172244094488189
0
LINE
8
BLACK
6
CONTINUOUS
10
0.1708614566929134
20
0.172244094488189
11
0.1501968503937008
21
0.172244094488189
0
LINE
8
BLACK
6
CONTINUOUS
10
0.1501968503937008
20
0.172244094488189
11
0.1482766535433071
21
0.1724332283464567
0
LINE
8
BLACK
6
CONTINUOUS
10
0.1482766535433071
20
0.1724332283464567
11
0.1462475590551181
21
0.1732737007874016
0
LINE
8
BLACK
6
CONTINUOUS
10
0.1462475590551181
20
0.1732737007874016
11
0.1447286614173228
21
0.1739028346456693
0
LINE
8
BLACK
6
CONTINUOUS
10
0.1447286614173228
20
0.1739028346456693
11
0.143237125984252
21
0.1751268897637795
0
LINE
8
BLACK
6
CONTINUOUS
10
0.143237125984252
20
0.1751268897637795
11
0.1050875196850394
21
0.2132764960629921
0
LINE
8
BLACK
6
CONTINUOUS
10
0.1050875196850394
20
0.2132764960629921
11
0.1038636614173228
21
0.2147678346456693
0
LINE
8
BLACK
6
CONTINUOUS
10
0.1038636614173228
20
0.2147678346456693
11
0.1038635039370079
21
0.2147679921259842
0
LINE
8
BLACK
6
CONTINUOUS
10
0.1038635039370079
20
0.2147679921259842
11
0.1023938582677165
21
0.2183160236220472
0
LINE
8
BLACK
6
CONTINUOUS
10
0.1023938582677165
20
0.2183160236220472
11
0.1022047244094488
21
0.2202362204724409
0
LINE
8
BLACK
6
CONTINUOUS
10
0.1022047244094488
20
0.2202362204724409
11
0.1022047244094488
21
0.3270472440944882
0
LINE
8
BLACK
6
CONTINUOUS
10
0.1022047244094488
20
0.3270472440944882
11
0.1023938582677165
21
0.3289674409448819
0
LINE
8
BLACK
6
CONTINUOUS
10
0.1023938582677165
20
0.3289674409448819
11
0.1038635039370079
21
0.3325154724409449
0
LINE
8
BLACK
6
CONTINUOUS
10
0.1038635039370079
20
0.3325154724409449
11
0.1038636614173228
21
0.3325156692913386
0
LINE
8
BLACK
6
CONTINUOUS
10
0.1038636614173228
20
0.3325156692913386
11
0.1050875196850394
21
0.334006968503937
0
LINE
8
BLACK
6
CONTINUOUS
10
0.1050875196850394
20
0.334006968503937
11
0.1474803149606299
21
0.3763997637795276
0
LINE
8
BLACK
6
CONTINUOUS
10
0.1474803149606299
20
0.3763997637795276
11
0.1474803149606299
21
0.5500393700787402
0
LINE
8
BLACK
6
CONTINUOUS
10
0.1474803149606299
20
0.5500393700787402
11
0.1476694488188976
21
0.5519595669291338
0
LINE
8
BLACK
6
CONTINUOUS
10
0.1476694488188976
20
0.5519595669291338
11
0.149139094488189
21
0.5555075984251968
0
LINE
8
BLACK
6
CONTINUOUS
10
0.149139094488189
20
0.5555075984251968
11
0.1491392519685039
21
0.5555077952755906
0
LINE
8
BLACK
6
CONTINUOUS
10
0.1491392519685039
20
0.5555077952755906
11
0.1503631102362205
21
0.556999094488189
0
LINE
8
BLACK
6
CONTINUOUS
10
0.1503631102362205
20
0.556999094488189
11
0.1692913385826772
21
0.5759273228346456
0
LINE
8
BLACK
6
CONTINUOUS
10
0.1692913385826772
20
0.5759273228346456
11
0.1692913385826772
21
0.5816929133858267
0
LINE
8
BLACK
6
CONTINUOUS
10
0.1692913385826772
20
0.5816929133858267
11
0.1697408661417323
21
0.583952874015748
0
LINE
8
BLACK
6
CONTINUOUS
10
0.1697408661417323
20
0.583952874015748
11
0.1710210236220472
21
0.5858687401574803
0
LINE
8
BLACK
6
CONTINUOUS
10
0.1710210236220472
20
0.5858687401574803
11
0.1729368897637795
21
0.5871488976377952
0
LINE
8
BLACK
6
CONTINUOUS
10
0.1729368897637795
20
0.5871488976377952
11
0.1751968503937008
21
0.5875984251968503
0
LINE
8
BLACK
6
CONTINUOUS
10
0.1751968503937008
20
0.5875984251968503
11
0.2303149606299213
21
0.5875984251968503
0
LINE
8
BLACK
6
CONTINUOUS
10
0.2303149606299213
20
0.5875984251968503
11
0.2325749212598425
21
0.5871488976377952
0
LINE
8
BLACK
6
CONTINUOUS
10
0.4627638976377952
20
0.2504166141732284
11
0.4646797637795275
21
0.2491364566929134
0
LINE
8
BLACK
6
CONTINUOUS
10
0.4646797637795275
20
0.2491364566929134
11
0.4659599212598425
21
0.2472205905511811
0
LINE
8
BLACK
6
CONTINUOUS
10
0.4659599212598425
20
0.2472205905511811
11
0.4664094488188976
21
0.2449606299212598
0
LINE
8
BLACK
6
CONTINUOUS
10
0.4664094488188976
20
0.2449606299212598
11
0.4664094488188976
21
0.2046062992125984
0
LINE
8
BLACK
6
CONTINUOUS
10
0.4664094488188976
20
0.2046062992125984
11
0.4659599212598425
21
0.2023463385826772
0
LINE
8
BLACK
6
CONTINUOUS
10
0.4659599212598425
20
0.2023463385826772
11
0.4646797637795275
21
0.2004304724409449
0
LINE
8
BLACK
6
CONTINUOUS
10
0.4646797637795275
20
0.2004304724409449
11
0.4627638976377952
21
0.1991503149606299
0
LINE
8
BLACK
6
CONTINUOUS
10
0.4627638976377952
20
0.1991503149606299
11
0.460503937007874
21
0.1987007874015748
0
LINE
8
BLACK
6
CONTINUOUS
10
0.460503937007874
20
0.1987007874015748
11
0.4486929133858268
21
0.1987007874015748
0
LINE
8
BLACK
6
CONTINUOUS
10
0.4486929133858268
20
0.1987007874015748
11
0.4464329527559055
21
0.1991503149606299
0
LINE
8
BLACK
6
CONTINUOUS
10
0.4464329527559055
20
0.1991503149606299
11
0.4445170866141732
21
0.2004304724409449
0
LINE
8
BLACK
6
CONTINUOUS
10
0.4445170866141732
20
0.2004304724409449
11
0.4432369291338583
21
0.2023463385826772
0
LINE
8
BLACK
6
CONTINUOUS
10
0.4432369291338583
20
0.2023463385826772
11
0.4427874015748031
21
0.2046062992125984
0
LINE
8
BLACK
6
CONTINUOUS
10
0.4427874015748031
20
0.2046062992125984
11
0.4427874015748031
21
0.2449606299212598
0
LINE
8
BLACK
6
CONTINUOUS
10
0.4427874015748031
20
0.2449606299212598
11
0.4432369291338583
21
0.2472205905511811
0
LINE
8
BLACK
6
CONTINUOUS
10
0.4432369291338583
20
0.2472205905511811
11
0.4445170866141732
21
0.2491364566929134
0
LINE
8
BLACK
6
CONTINUOUS
10
0.4445170866141732
20
0.2491364566929134
11
0.4464329527559055
21
0.2504166141732284
0
LINE
8
BLACK
6
CONTINUOUS
10
0.4464329527559055
20
0.2504166141732284
11
0.4486929133858268
21
0.2508661417322834
0
LINE
8
BLACK
6
CONTINUOUS
10
0.4486929133858268
20
0.2508661417322834
11
0.460503937007874
21
0.2508661417322834
0
LINE
8
BLACK
6
CONTINUOUS
10
0.460503937007874
20
0.2508661417322834
11
0.4627638976377952
21
0.2504166141732284
0
LINE
8
BLACK
6
CONTINUOUS
10
0.2354620078740157
20
0.5549812204724409
11
0.2366034251968504
21
0.5530657086614174
0
LINE
8
BLACK
6
CONTINUOUS
10
0.2366034251968504
20
0.5530657086614174
11
0.2366338582677165
21
0.5526456692913385
0
LINE
8
BLACK
6
CONTINUOUS
10
0.2366338582677165
20
0.5526456692913385
11
0.2366338582677165
21
0.4636554330708662
0
LINE
8
BLACK
6
CONTINUOUS
10
0.2366338582677165
20
0.4636554330708662
11
0.2366338188976378
21
0.4603329921259842
0
LINE
8
BLACK
6
CONTINUOUS
10
0.2366338188976378
20
0.4603329921259842
11
0.2372837795275591
21
0.4579074015748031
0
LINE
8
BLACK
6
CONTINUOUS
10
0.2372837795275591
20
0.4579074015748031
11
0.2372838188976378
21
0.4579072440944882
0
LINE
8
BLACK
6
CONTINUOUS
10
0.2372838188976378
20
0.4579072440944882
11
0.2374936614173228
21
0.4571238582677165
0
LINE
8
BLACK
6
CONTINUOUS
10
0.2374936614173228
20
0.4571238582677165
11
0.239154842519685
21
0.4542466535433071
0
LINE
8
BLACK
6
CONTINUOUS
10
0.239154842519685
20
0.4542466535433071
11
0.2391548818897638
21
0.4542466141732283
0
LINE
8
BLACK
6
CONTINUOUS
10
0.2391548818897638
20
0.4542466141732283
11
0.2391549606299213
21
0.4542464960629921
0
LINE
8
BLACK
6
CONTINUOUS
10
0.2391549606299213
20
0.4542464960629921
11
0.2415042519685039
21
0.4518972047244094
0
LINE
8
BLACK
6
CONTINUOUS
10
0.2415042519685039
20
0.4518972047244094
11
0.2415042913385827
21
0.4518972047244094
0
LINE
8
BLACK
6
CONTINUOUS
10
0.2415042913385827
20
0.4518972047244094
11
0.2415285826771653
21
0.4518729133858267
0
LINE
8
BLACK
6
CONTINUOUS
10
0.2415285826771653
20
0.4518729133858267
11
0.2423818897637795
21
0.4498128346456693
0
LINE
8
BLACK
6
CONTINUOUS
10
0.2423818897637795
20
0.4498128346456693
11
0.2423818897637795
21
0.43348
0
LINE
8
BLACK
6
CONTINUOUS
10
0.2423818897637795
20
0.43348
11
0.2415285826771653
21
0.4314199212598425
0
LINE
8
BLACK
6
CONTINUOUS
10
0.2415285826771653
20
0.4314199212598425
11
0.2400368897637795
21
0.4306225984251968
0
LINE
8
BLACK
6
CONTINUOUS
10
0.2400368897637795
20
0.4306225984251968
11
0.2386625590551181
21
0.4303492519685039
0
LINE
8
BLACK
6
CONTINUOUS
10
0.2386625590551181
20
0.4303492519685039
11
0.2386622834645669
21
0.4303491732283464
0
LINE
8
BLACK
6
CONTINUOUS
10
0.2386622834645669
20
0.4303491732283464
11
0.2342166535433071
21
0.4285077559055118
0
LINE
8
BLACK
6
CONTINUOUS
10
0.2342166535433071
20
0.4285077559055118
11
0.2302155905511811
21
0.4258343307086614
0
LINE
8
BLACK
6
CONTINUOUS
10
0.2302155905511811
20
0.4258343307086614
11
0.2268126377952756
21
0.4224313779527559
0
LINE
8
BLACK
6
CONTINUOUS
10
0.2268126377952756
20
0.4224313779527559
11
0.2241392125984252
21
0.4184303149606299
0
LINE
8
BLACK
6
CONTINUOUS
10
0.2241392125984252
20
0.4184303149606299
11
0.2222978346456693
21
0.4139847637795275
0
LINE
8
BLACK
6
CONTINUOUS
10
0.2222978346456693
20
0.4139847637795275
11
0.2222977165354331
21
0.4139843700787402
0
LINE
8
BLACK
6
CONTINUOUS
10
0.2222977165354331
20
0.4139843700787402
11
0.2213589763779527
21
0.4092648818897638
0
LINE
8
BLACK
6
CONTINUOUS
10
0.2213589763779527
20
0.4092648818897638
11
0.2213589763779527
21
0.404452874015748
0
LINE
8
BLACK
6
CONTINUOUS
10
0.2213589763779527
20
0.404452874015748
11
0.2222977165354331
21
0.3997333858267716
0
LINE
8
BLACK
6
CONTINUOUS
10
0.2222977165354331
20
0.3997333858267716
11
0.2222978346456693
21
0.3997329921259842
0
LINE
8
BLACK
6
CONTINUOUS
10
0.2222978346456693
20
0.3997329921259842
11
0.2241392125984252
21
0.3952874409448819
0
LINE
8
BLACK
6
CONTINUOUS
10
0.2241392125984252
20
0.3952874409448819
11
0.2263534251968504
21
0.3919736220472441
0
LINE
8
BLACK
6
CONTINUOUS
10
0.2263534251968504
20
0.3919736220472441
11
0.2268127559055118
21
0.3912862204724409
0
LINE
8
BLACK
6
CONTINUOUS
10
0.2268127559055118
20
0.3912862204724409
11
0.2302154724409449
21
0.3878835039370079
0
LINE
8
BLACK
6
CONTINUOUS
10
0.2302154724409449
20
0.3878835039370079
11
0.2342165748031496
21
0.3852100393700787
0
LINE
8
BLACK
6
CONTINUOUS
10
0.2342165748031496
20
0.3852100393700787
11
0.2386624015748031
21
0.3833685433070866
0
LINE
8
BLACK
6
CONTINUOUS
10
0.2386624015748031
20
0.3833685433070866
11
0.2433820472440945
21
0.3824297244094488
0
LINE
8
BLACK
6
CONTINUOUS
10
0.2433820472440945
20
0.3824297244094488
11
0.243382125984252
21
0.3824297244094488
0
LINE
8
BLACK
6
CONTINUOUS
10
0.243382125984252
20
0.3824297244094488
11
0.248194094488189
21
0.3824297244094488
0
LINE
8
BLACK
6
CONTINUOUS
10
0.248194094488189
20
0.3824297244094488
11
0.2481941732283464
21
0.3824297244094488
0
LINE
8
BLACK
6
CONTINUOUS
10
0.2481941732283464
20
0.3824297244094488
11
0.2529138188976378
21
0.3833685433070866
0
LINE
8
BLACK
6
CONTINUOUS
10
0.2529138188976378
20
0.3833685433070866
11
0.2566815748031496
21
0.3849291732283465
0
LINE
8
BLACK
6
CONTINUOUS
10
0.2566815748031496
20
0.3849291732283465
11
0.2589113385826772
21
0.3849291732283465
0
LINE
8
BLACK
6
CONTINUOUS
10
0.2589113385826772
20
0.3849291732283465
11
0.26
21
0.3838405118110236
0
LINE
8
BLACK
6
CONTINUOUS
10
0.26
20
0.3838405118110236
11
0.260488031496063
21
0.3833524409448819
0
LINE
8
BLACK
6
CONTINUOUS
10
0.260488031496063
20
0.3833524409448819
11
0.2607098031496063
21
0.3822375590551181
0
LINE
8
BLACK
6
CONTINUOUS
10
0.2607098031496063
20
0.3822375590551181
11
0.2607098031496063
21
0.3652219291338583
0
LINE
8
BLACK
6
CONTINUOUS
10
0.2607098031496063
20
0.3652219291338583
11
0.26
21
0.3635083070866142
0
LINE
8
BLACK
6
CONTINUOUS
10
0.26
20
0.3635083070866142
11
0.2598564960629921
21
0.3631618503937008
0
LINE
8
BLACK
6
CONTINUOUS
10
0.2598564960629921
20
0.3631618503937008
11
0.2512522834645669
21
0.3545576377952756
0
LINE
8
BLACK
6
CONTINUOUS
10
0.2512522834645669
20
0.3545576377952756
11
0.2512522440944882
21
0.3545576771653543
0
LINE
8
BLACK
6
CONTINUOUS
10
0.2512522440944882
20
0.3545576771653543
11
0.2489029921259842
21
0.3522083858267717
0
LINE
8
BLACK
6
CONTINUOUS
10
0.2489029921259842
20
0.3522083858267717
11
0.2489029133858268
21
0.3522082677165354
0
LINE
8
BLACK
6
CONTINUOUS
10
0.2489029133858268
20
0.3522082677165354
11
0.2472418503937008
21
0.3493312598425197
0
LINE
8
BLACK
6
CONTINUOUS
10
0.2472418503937008
20
0.3493312598425197
11
0.2472417716535433
21
0.3493311023622047
0
LINE
8
BLACK
6
CONTINUOUS
10
0.2472417716535433
20
0.3493311023622047
11
0.2463818897637795
21
0.3461218110236221
0
LINE
8
BLACK
6
CONTINUOUS
10
0.2463818897637795
20
0.3461218110236221
11
0.2463818897637795
21
0.2980125196850394
0
LINE
8
BLACK
6
CONTINUOUS
10
0.2463818897637795
20
0.2980125196850394
11
0.2455285826771653
21
0.2959524409448819
0
LINE
8
BLACK
6
CONTINUOUS
10
0.2455285826771653
20
0.2959524409448819
11
0.2434685039370079
21
0.2950991338582677
0
LINE
8
BLACK
6
CONTINUOUS
10
0.2434685039370079
20
0.2950991338582677
11
0.2414084251968504
21
0.2959524409448819
0
LINE
8
BLACK
6
CONTINUOUS
10
0.2414084251968504
20
0.2959524409448819
11
0.2389081102362205
21
0.2984527559055118
0
LINE
8
BLACK
6
CONTINUOUS
10
0.2389081102362205
20
0.2984527559055118
11
0.2345346062992126
21
0.3005908267716536
0
LINE
8
BLACK
6
CONTINUOUS
10
0.2345346062992126
20
0.3005908267716536
11
0.2316992519685039
21
0.301003937007874
0
LINE
8
BLACK
6
CONTINUOUS
10
0.2316992519685039
20
0.301003937007874
11
0.2316992125984252
21
0.301003937007874
0
LINE
8
BLACK
6
CONTINUOUS
10
0.2316992125984252
20
0.301003937007874
11
0.1738125984251968
21
0.301003937007874
0
LINE
8
BLACK
6
CONTINUOUS
10
0.1738125984251968
20
0.301003937007874
11
0.170977125984252
21
0.3005908267716536
0
LINE
8
BLACK
6
CONTINUOUS
10
0.170977125984252
20
0.3005908267716536
11
0.1666037007874016
21
0.2984527952755905
0
LINE
8
BLACK
6
CONTINUOUS
10
0.1666037007874016
20
0.2984527952755905
11
0.1631614173228347
21
0.2950105118110236
0
LINE
8
BLACK
6
CONTINUOUS
10
0.1631614173228347
20
0.2950105118110236
11
0.1610233464566929
21
0.2906370078740158
0
LINE
8
BLACK
6
CONTINUOUS
10
0.1610233464566929
20
0.2906370078740158
11
0.1606102362204724
21
0.2878018110236221
0
LINE
8
BLACK
6
CONTINUOUS
10
0.1606102362204724
20
0.2878018110236221
11
0.1606102362204724
21
0.2732223228346456
0
LINE
8
BLACK
6
CONTINUOUS
10
0.1606102362204724
20
0.2732223228346456
11
0.1606102755905512
21
0.2732218503937008
0
LINE
8
BLACK
6
CONTINUOUS
10
0.1606102755905512
20
0.2732218503937008
11
0.1610233464566929
21
0.2703866141732283
0
LINE
8
BLACK
6
CONTINUOUS
10
0.1610233464566929
20
0.2703866141732283
11
0.1631613779527559
21
0.2660131889763779
0
LINE
8
BLACK
6
CONTINUOUS
10
0.1631613779527559
20
0.2660131889763779
11
0.1631614173228347
21
0.2660131496062992
0
LINE
8
BLACK
6
CONTINUOUS
10
0.1631614173228347
20
0.2660131496062992
11
0.1666037007874016
21
0.2625708661417323
0
LINE
8
BLACK
6
CONTINUOUS
10
0.1666037007874016
20
0.2625708661417323
11
0.1709772047244094
21
0.2604327952755905
0
LINE
8
BLACK
6
CONTINUOUS
10
0.1709772047244094
20
0.2604327952755905
11
0.1738125590551181
21
0.2600196850393701
0
LINE
8
BLACK
6
CONTINUOUS
10
0.1738125590551181
20
0.2600196850393701
11
0.2316992125984252
21
0.2600197244094488
0
LINE
8
BLACK
6
CONTINUOUS
10
0.2316992125984252
20
0.2600197244094488
11
0.2327541338582677
21
0.2601734251968504
0
LINE
8
BLACK
6
CONTINUOUS
10
0.2327541338582677
20
0.2601734251968504
11
0.2332336614173228
21
0.2600520078740157
0
LINE
8
BLACK
6
CONTINUOUS
10
0.2332336614173228
20
0.2600520078740157
11
0.2337179921259842
21
0.2601526377952756
0
LINE
8
BLACK
6
CONTINUOUS
10
0.2337179921259842
20
0.2601526377952756
11
0.2342726377952756
21
0.2597888976377953
0
LINE
8
BLACK
6
CONTINUOUS
10
0.2342726377952756
20
0.2597888976377953
11
0.2349156692913386
21
0.2596260236220472
0
LINE
8
BLACK
6
CONTINUOUS
10
0.2349156692913386
20
0.2596260236220472
11
0.2351688582677165
21
0.2592011023622047
0
LINE
8
BLACK
6
CONTINUOUS
10
0.2351688582677165
20
0.2592011023622047
11
0.2355825590551181
21
0.2589297637795275
0
LINE
8
BLACK
6
CONTINUOUS
10
0.2355825590551181
20
0.2589297637795275
11
0.2357131102362205
21
0.2582877559055118
0
LINE
8
BLACK
6
CONTINUOUS
10
0.2357131102362205
20
0.2582877559055118
11
0.2360570866141732
21
0.2577105118110236
0
LINE
8
BLACK
6
CONTINUOUS
10
0.2360570866141732
20
0.2577105118110236
11
0.2360362992125984
21
0.2567466141732284
0
LINE
8
BLACK
6
CONTINUOUS
10
0.2360362992125984
20
0.2567466141732284
11
0.2360332283464567
21
0.2567305905511811
0
LINE
8
BLACK
6
CONTINUOUS
10
0.2360332283464567
20
0.2567305905511811
11
0.2355708661417323
21
0.254406062992126
0
LINE
8
BLACK
6
CONTINUOUS
10
0.2355708661417323
20
0.254406062992126
11
0.2355708661417323
21
0.254297125984252
0
LINE
8
BLACK
6
CONTINUOUS
10
0.2355708661417323
20
0.254297125984252
11
0.2355241732283465
21
0.2540513779527559
0
LINE
8
BLACK
6
CONTINUOUS
10
0.2355241732283465
20
0.2540513779527559
11
0.2349788582677165
21
0.25322
0
LINE
8
BLACK
6
CONTINUOUS
10
0.2349788582677165
20
0.25322
11
0.2345100393700787
21
0.2523429921259843
0
LINE
8
BLACK
6
CONTINUOUS
10
0.2345100393700787
20
0.2523429921259843
11
0.2343773228346457
21
0.2523027559055118
0
LINE
8
BLACK
6
CONTINUOUS
10
0.2343773228346457
20
0.2523027559055118
11
0.2343012992125984
21
0.2521868110236221
0
LINE
8
BLACK
6
CONTINUOUS
10
0.2343012992125984
20
0.2521868110236221
11
0.2333277952755906
21
0.2519844881889764
0
LINE
8
BLACK
6
CONTINUOUS
10
0.2333277952755906
20
0.2519844881889764
11
0.2323761811023622
21
0.251695905511811
0
LINE
8
BLACK
6
CONTINUOUS
10
0.2323761811023622
20
0.251695905511811
11
0.2322420472440945
21
0.2517122834645669
0
LINE
8
BLACK
6
CONTINUOUS
10
0.2322420472440945
20
0.2517122834645669
11
0.2316996456692913
21
0.2517912992125984
0
LINE
8
BLACK
6
CONTINUOUS
10
0.2316996456692913
20
0.2517912992125984
11
0.2316994094488189
21
0.2517913385826772
0
LINE
8
BLACK
6
CONTINUOUS
10
0.2316994094488189
20
0.2517913385826772
11
0.2316992519685039
21
0.2517913385826772
0
LINE
8
BLACK
6
CONTINUOUS
10
0.2316992519685039
20
0.2517913385826772
11
0.2316989763779528
21
0.2517913385826772
0
LINE
8
BLACK
6
CONTINUOUS
10
0.2316989763779528
20
0.2517913385826772
11
0.1738125984251968
21
0.2517913385826772
0
LINE
8
BLACK
6
CONTINUOUS
10
0.1738125984251968
20
0.2517913385826772
11
0.170977125984252
21
0.2513782283464567
0
LINE
8
BLACK
6
CONTINUOUS
10
0.170977125984252
20
0.2513782283464567
11
0.1666037007874016
21
0.2492401968503937
0
LINE
8
BLACK
6
CONTINUOUS
10
0.1666037007874016
20
0.2492401968503937
11
0.1631614173228347
21
0.2457979133858268
0
LINE
8
BLACK
6
CONTINUOUS
10
0.1631614173228347
20
0.2457979133858268
11
0.1610233464566929
21
0.2414244094488189
0
LINE
8
BLACK
6
CONTINUOUS
10
0.1610233464566929
20
0.2414244094488189
11
0.1606102362204724
21
0.2385892125984252
0
LINE
8
BLACK
6
CONTINUOUS
10
0.1606102362204724
20
0.2385892125984252
11
0.1606102362204724
21
0.2240097244094488
0
LINE
8
BLACK
6
CONTINUOUS
10
0.1606102362204724
20
0.2240097244094488
11
0.1606102755905512
21
0.2240092519685039
0
LINE
8
BLACK
6
CONTINUOUS
10
0.1606102755905512
20
0.2240092519685039
11
0.1610233464566929
21
0.2211740157480315
0
LINE
8
BLACK
6
CONTINUOUS
10
0.1610233464566929
20
0.2211740157480315
11
0.1631613779527559
21
0.2168005905511811
0
LINE
8
BLACK
6
CONTINUOUS
10
0.1631613779527559
20
0.2168005905511811
11
0.1631614173228347
21
0.2168005511811024
0
LINE
8
BLACK
6
CONTINUOUS
10
0.1631614173228347
20
0.2168005511811024
11
0.1666037007874016
21
0.2133582677165354
0
LINE
8
BLACK
6
CONTINUOUS
10
0.1666037007874016
20
0.2133582677165354
11
0.1709772047244094
21
0.2112201968503937
0
LINE
8
BLACK
6
CONTINUOUS
10
0.1709772047244094
20
0.2112201968503937
11
0.1738125590551181
21
0.2108070866141732
0
LINE
8
BLACK
6
CONTINUOUS
10
0.1738125590551181
20
0.2108070866141732
11
0.2316992125984252
21
0.210807125984252
0
LINE
8
BLACK
6
CONTINUOUS
10
0.2316992125984252
20
0.210807125984252
11
0.2345346062992126
21
0.2112201968503937
0
LINE
8
BLACK
6
CONTINUOUS
10
0.2345346062992126
20
0.2112201968503937
11
0.2389081102362205
21
0.2133582677165354
0
LINE
8
BLACK
6
CONTINUOUS
10
0.2389081102362205
20
0.2133582677165354
11
0.2423503937007874
21
0.2168005511811024
0
LINE
8
BLACK
6
CONTINUOUS
10
0.2423503937007874
20
0.2168005511811024
11
0.2431109448818898
21
0.2183563779527559
0
LINE
8
BLACK
6
CONTINUOUS
10
0.2431109448818898
20
0.2183563779527559
11
0.2442715354330709
21
0.219599842519685
0
LINE
8
BLACK
6
CONTINUOUS
10
0.2442715354330709
20
0.219599842519685
11
0.2470469291338583
21
0.2212022047244094
0
LINE
8
BLACK
6
CONTINUOUS
10
0.2470469291338583
20
0.2212022047244094
11
0.2493962204724409
21
0.2235514960629921
0
LINE
8
BLACK
6
CONTINUOUS
10
0.2493962204724409
20
0.2235514960629921
11
0.2493962598425197
21
0.2235516141732283
0
LINE
8
BLACK
6
CONTINUOUS
10
0.2493962598425197
20
0.2235516141732283
11
0.2530076771653543
21
0.2271630708661417
0
LINE
8
BLACK
6
CONTINUOUS
10
0.2530076771653543
20
0.2271630708661417
11
0.2550677165354331
21
0.2280163385826772
0
LINE
8
BLACK
6
CONTINUOUS
10
0.2550677165354331
20
0.2280163385826772
11
0.2556357086614173
21
0.2279604330708661
0
LINE
8
BLACK
6
CONTINUOUS
10
0.2556357086614173
20
0.2279604330708661
11
0.257593937007874
21
0.2275708661417323
0
LINE
8
BLACK
6
CONTINUOUS
10
0.257593937007874
20
0.2275708661417323
11
0.2575940157480315
21
0.2275708661417323
0
LINE
8
BLACK
6
CONTINUOUS
10
0.2575940157480315
20
0.2275708661417323
11
0.26
21
0.2275708661417323
0
LINE
8
BLACK
6
CONTINUOUS
10
0.26
20
0.2275708661417323
11
0.2624059842519685
21
0.2275708661417323
0
LINE
8
BLACK
6
CONTINUOUS
10
0.2624059842519685
20
0.2275708661417323
11
0.262406062992126
21
0.2275708661417323
0
LINE
8
BLACK
6
CONTINUOUS
10
0.262406062992126
20
0.2275708661417323
11
0.2671257086614173
21
0.2285096850393701
0
LINE
8
BLACK
6
CONTINUOUS
10
0.2671257086614173
20
0.2285096850393701
11
0.2715715354330709
21
0.2303511811023622
0
LINE
8
BLACK
6
CONTINUOUS
10
0.2715715354330709
20
0.2303511811023622
11
0.2755726377952756
21
0.2330246456692913
0
LINE
8
BLACK
6
CONTINUOUS
10
0.2755726377952756
20
0.2330246456692913
11
0.2789753543307086
21
0.2364273622047244
0
LINE
8
BLACK
6
CONTINUOUS
10
0.2789753543307086
20
0.2364273622047244
11
0.2816488188976378
21
0.2404284645669291
0
LINE
8
BLACK
6
CONTINUOUS
10
0.2816488188976378
20
0.2404284645669291
11
0.2819737401574803
21
0.2412129527559055
0
LINE
8
BLACK
6
CONTINUOUS
10
0.2819737401574803
20
0.2412129527559055
11
0.2835503543307086
21
0.2427896456692913
0
LINE
8
BLACK
6
CONTINUOUS
10
0.2835503543307086
20
0.2427896456692913
11
0.2857801574803149
21
0.2427897244094488
0
LINE
8
BLACK
6
CONTINUOUS
10
0.2857801574803149
20
0.2427897244094488
11
0.2873569291338582
21
0.2412130708661417
0
LINE
8
BLACK
6
CONTINUOUS
10
0.2873569291338582
20
0.2412130708661417
11
0.2875787401574803
21
0.2400980708661417
0
LINE
8
BLACK
6
CONTINUOUS
10
0.2875787401574803
20
0.2400980708661417
11
0.2875787401574803
21
0.233891968503937
0
LINE
8
BLACK
6
CONTINUOUS
10
0.2875787401574803
20
0.233891968503937
11
0.2875787795275591
21
0.2338914566929134
0
LINE
8
BLACK
6
CONTINUOUS
10
0.2875787795275591
20
0.2338914566929134
11
0.2876882677165354
21
0.2327231889763779
0
LINE
8
BLACK
6
CONTINUOUS
10
0.2876882677165354
20
0.2327231889763779
11
0.2876883070866142
21
0.2327229527559055
0
LINE
8
BLACK
6
CONTINUOUS
10
0.2876883070866142
20
0.2327229527559055
11
0.289354842519685
21
0.2279603543307087
0
LINE
8
BLACK
6
CONTINUOUS
10
0.289354842519685
20
0.2279603543307087
11
0.2894100787401575
21
0.2278025196850394
0
LINE
8
BLACK
6
CONTINUOUS
10
0.2894100787401575
20
0.2278025196850394
11
0.2902327559055118
21
0.2266878346456693
0
LINE
8
BLACK
6
CONTINUOUS
10
0.2902327559055118
20
0.2266878346456693
11
0.2923703149606299
21
0.2237914960629921
0
LINE
8
BLACK
6
CONTINUOUS
10
0.2923703149606299
20
0.2237914960629921
11
0.2925057086614173
21
0.2236080708661417
0
LINE
8
BLACK
6
CONTINUOUS
10
0.2925057086614173
20
0.2236080708661417
11
0.296700157480315
21
0.2205124409448819
0
LINE
8
BLACK
6
CONTINUOUS
10
0.296700157480315
20
0.2205124409448819
11
0.2988540944881889
21
0.2197587401574803
0
LINE
8
BLACK
6
CONTINUOUS
10
0.2988540944881889
20
0.2197587401574803
11
0.3016204330708661
21
0.2187907480314961
0
LINE
8
BLACK
6
CONTINUOUS
10
0.3016204330708661
20
0.2187907480314961
11
0.3016205118110236
21
0.2187907480314961
0
LINE
8
BLACK
6
CONTINUOUS
10
0.3016205118110236
20
0.2187907480314961
11
0.3016207086614173
21
0.2187906692913386
0
LINE
8
BLACK
6
CONTINUOUS
10
0.3016207086614173
20
0.2187906692913386
11
0.3027891732283465
21
0.2186811023622047
0
LINE
8
BLACK
6
CONTINUOUS
10
0.3027891732283465
20
0.2186811023622047
11
0.3271320472440945
21
0.2186811417322835
0
LINE
8
BLACK
6
CONTINUOUS
10
0.3271320472440945
20
0.2186811417322835
11
0.3283005511811024
21
0.2187906692913386
0
LINE
8
BLACK
6
CONTINUOUS
10
0.3283005511811024
20
0.2187906692913386
11
0.3332211023622047
21
0.2205124409448819
0
LINE
8
BLACK
6
CONTINUOUS
10
0.3332211023622047
20
0.2205124409448819
11
0.3374155511811023
21
0.2236080708661417
0
LINE
8
BLACK
6
CONTINUOUS
10
0.3374155511811023
20
0.2236080708661417
11
0.3405111811023622
21
0.2278025196850394
0
LINE
8
BLACK
6
CONTINUOUS
10
0.3405111811023622
20
0.2278025196850394
11
0.3422329527559055
21
0.2327230708661417
0
LINE
8
BLACK
6
CONTINUOUS
10
0.3422329527559055
20
0.2327230708661417
11
0.3423425196850394
21
0.2338915354330709
0
LINE
8
BLACK
6
CONTINUOUS
10
0.3423425196850394
20
0.2338915354330709
11
0.3423424803149606
21
0.2529170866141732
0
LINE
8
BLACK
6
CONTINUOUS
10
0.3423424803149606
20
0.2529170866141732
11
0.3431957480314961
21
0.2549770866141732
0
LINE
8
BLACK
6
CONTINUOUS
10
0.3431957480314961
20
0.2549770866141732
11
0.3734165748031496
21
0.2851979527559055
0
LINE
8
BLACK
6
CONTINUOUS
10
0.3734165748031496
20
0.2851979527559055
11
0.3754766535433071
21
0.2860512204724409
0
LINE
8
BLACK
6
CONTINUOUS
10
0.3754766535433071
20
0.2860512204724409
11
0.3981298031496063
21
0.2860512204724409
0
LINE
8
BLACK
6
CONTINUOUS
10
0.3981298031496063
20
0.2860512204724409
11
0.4020063779527559
21
0.286665157480315
0
LINE
8
BLACK
6
CONTINUOUS
10
0.4020063779527559
20
0.286665157480315
11
0.406678937007874
21
0.2890459448818898
0
LINE
8
BLACK
6
CONTINUOUS
10
0.406678937007874
20
0.2890459448818898
11
0.410387125984252
21
0.2927541338582677
0
LINE
8
BLACK
6
CONTINUOUS
10
0.410387125984252
20
0.2927541338582677
11
0.4127679133858267
21
0.2974266929133858
0
LINE
8
BLACK
6
CONTINUOUS
10
0.4127679133858267
20
0.2974266929133858
11
0.4133818897637795
21
0.3013032677165354
0
LINE
8
BLACK
6
CONTINUOUS
10
0.4133818897637795
20
0.3013032677165354
11
0.4133818503937008
21
0.3196573228346457
0
LINE
8
BLACK
6
CONTINUOUS
10
0.4133818503937008
20
0.3196573228346457
11
0.4129135039370079
21
0.3226145275590551
0
LINE
8
BLACK
6
CONTINUOUS
10
0.4129135039370079
20
0.3226145275590551
11
0.4134340551181102
21
0.3247826377952756
0
LINE
8
BLACK
6
CONTINUOUS
10
0.4134340551181102
20
0.3247826377952756
11
0.4153352755905512
21
0.3259477165354331
0
LINE
8
BLACK
6
CONTINUOUS
10
0.4153352755905512
20
0.3259477165354331
11
0.4174095669291338
21
0.3254926377952756
0
LINE
8
BLACK
6
CONTINUOUS
10
0.4174095669291338
20
0.3254926377952756
11
0.4184284645669291
21
0.3248118110236221
0
LINE
8
BLACK
6
CONTINUOUS
10
0.4184284645669291
20
0.3248118110236221
11
0.4184285039370079
21
0.3248118110236221
0
LINE
8
BLACK
6
CONTINUOUS
10
0.4184285039370079
20
0.3248118110236221
11
0.4184285433070866
21
0.3248117716535433
0
LINE
8
BLACK
6
CONTINUOUS
10
0.4184285433070866
20
0.3248117716535433
11
0.422638937007874
21
0.3230677952755905
0
LINE
8
BLACK
6
CONTINUOUS
10
0.422638937007874
20
0.3230677952755905
11
0.4228742913385827
21
0.3229703149606299
0
LINE
8
BLACK
6
CONTINUOUS
10
0.4228742913385827
20
0.3229703149606299
11
0.427593937007874
21
0.3220314960629921
0
LINE
8
BLACK
6
CONTINUOUS
10
0.427593937007874
20
0.3220314960629921
11
0.4275940157480315
21
0.3220314960629921
0
LINE
8
BLACK
6
CONTINUOUS
10
0.4275940157480315
20
0.3220314960629921
11
0.4324059842519685
21
0.3220314960629921
0
LINE
8
BLACK
6
CONTINUOUS
10
0.4324059842519685
20
0.3220314960629921
11
0.432406062992126
21
0.3220314960629921
0
LINE
8
BLACK
6
CONTINUOUS
10
0.432406062992126
20
0.3220314960629921
11
0.4347406692913386
21
0.322495905511811
0
LINE
8
BLACK
6
CONTINUOUS
10
0.4347406692913386
20
0.322495905511811
11
0.4369275984251969
21
0.322060905511811
0
LINE
8
BLACK
6
CONTINUOUS
10
0.4369275984251969
20
0.322060905511811
11
0.4381664173228346
21
0.3202068897637795
0
LINE
8
BLACK
6
CONTINUOUS
10
0.4381664173228346
20
0.3202068897637795
11
0.4381692913385827
21
0.3201924409448819
0
LINE
8
BLACK
6
CONTINUOUS
10
0.4381692913385827
20
0.3201924409448819
11
0.4381692913385827
21
0.3201923622047244
0
LINE
8
BLACK
6
CONTINUOUS
10
0.4381692913385827
20
0.3201923622047244
11
0.4382872834645669
21
0.3195992519685039
0
LINE
8
BLACK
6
CONTINUOUS
10
0.4382872834645669
20
0.3195992519685039
11
0.439108031496063
21
0.3154729527559055
0
LINE
8
BLACK
6
CONTINUOUS
10
0.439108031496063
20
0.3154729527559055
11
0.4391081496062992
21
0.3154725590551181
0
LINE
8
BLACK
6
CONTINUOUS
10
0.4391081496062992
20
0.3154725590551181
11
0.4409495275590551
21
0.3110270078740157
0
LINE
8
BLACK
6
CONTINUOUS
10
0.4409495275590551
20
0.3110270078740157
11
0.4433500393700787
21
0.3074343700787401
0
LINE
8
BLACK
6
CONTINUOUS
10
0.4433500393700787
20
0.3074343700787401
11
0.4436230708661417
21
0.3070257874015748
0
LINE
8
BLACK
6
CONTINUOUS
10
0.4436230708661417
20
0.3070257874015748
11
0.4470257874015748
21
0.3036230708661417
0
LINE
8
BLACK
6
CONTINUOUS
10
0.4470257874015748
20
0.3036230708661417
11
0.4510268897637795
21
0.3009496062992126
0
LINE
8
BLACK
6
CONTINUOUS
10
0.4510268897637795
20
0.3009496062992126
11
0.4510269291338583
21
0.3009496062992126
0
LINE
8
BLACK
6
CONTINUOUS
10
0.4510269291338583
20
0.3009496062992126
11
0.451026968503937
21
0.3009495669291338
0
LINE
8
BLACK
6
CONTINUOUS
10
0.451026968503937
20
0.3009495669291338
11
0.4554725196850394
21
0.2991081889763779
0
LINE
8
BLACK
6
CONTINUOUS
10
0.4554725196850394
20
0.2991081889763779
11
0.4554727165354331
21
0.2991081102362205
0
LINE
8
BLACK
6
CONTINUOUS
10
0.4554727165354331
20
0.2991081102362205
11
0.4601923622047244
21
0.2981692913385827
0
LINE
8
BLACK
6
CONTINUOUS
10
0.4601923622047244
20
0.2981692913385827
11
0.4601924409448819
21
0.2981692913385827
0
LINE
8
BLACK
6
CONTINUOUS
10
0.4601924409448819
20
0.2981692913385827
11
0.4650044094488189
21
0.2981692913385827
0
LINE
8
BLACK
6
CONTINUOUS
10
0.4650044094488189
20
0.2981692913385827
11
0.4650044881889764
21
0.2981692913385827
0
LINE
8
BLACK
6
CONTINUOUS
10
0.4650044881889764
20
0.2981692913385827
11
0.4697241338582677
21
0.2991081102362205
0
LINE
8
BLACK
6
CONTINUOUS
10
0.4697241338582677
20
0.2991081102362205
11
0.4741699606299212
21
0.3009496062992126
0
LINE
8
BLACK
6
CONTINUOUS
10
0.4741699606299212
20
0.3009496062992126
11
0.478171062992126
21
0.3036230708661417
0
LINE
8
BLACK
6
CONTINUOUS
10
0.478171062992126
20
0.3036230708661417
11
0.481573779527559
21
0.3070257874015748
0
LINE
8
BLACK
6
CONTINUOUS
10
0.481573779527559
20
0.3070257874015748
11
0.4842472440944882
21
0.3110268897637795
0
LINE
8
BLACK
6
CONTINUOUS
10
0.4842472440944882
20
0.3110268897637795
11
0.4860887401574803
21
0.3154727165354331
0
LINE
8
BLACK
6
CONTINUOUS
10
0.4860887401574803
20
0.3154727165354331
11
0.4865087007874015
21
0.3175839763779528
0
LINE
8
BLACK
6
CONTINUOUS
10
0.4865087007874015
20
0.3175839763779528
11
0.4877474409448819
21
0.3194379133858268
0
LINE
8
BLACK
6
CONTINUOUS
10
0.4877474409448819
20
0.3194379133858268
11
0.4899344094488189
21
0.3198729527559055
0
LINE
8
BLACK
6
CONTINUOUS
10
0.4899344094488189
20
0.3198729527559055
11
0.4914261417322834
21
0.3190756299212598
0
LINE
8
BLACK
6
CONTINUOUS
10
0.4914261417322834
20
0.3190756299212598
11
0.562998031496063
21
0.2475037401574803
0
LINE
8
BLACK
6
CONTINUOUS
10
0.562998031496063
20
0.2475037401574803
11
0.5638513385826771
21
0.2454436614173228
0
LINE
8
BLACK
6
CONTINUOUS
10
0.5638513385826771
20
0.2454436614173228
11
0.562998031496063
21
0.2433835826771653
0
LINE
8
BLACK
6
CONTINUOUS
10
0.562998031496063
20
0.2433835826771653
11
0.5609379527559055
21
0.2425302755905512
0
LINE
8
BLACK
6
CONTINUOUS
10
0.5609379527559055
20
0.2425302755905512
11
0.5601839370078741
21
0.2426295275590551
0
LINE
8
BLACK
6
CONTINUOUS
10
0.5601839370078741
20
0.2426295275590551
11
0.5576552362204724
21
0.2433070866141732
0
LINE
8
BLACK
6
CONTINUOUS
10
0.5576552362204724
20
0.2433070866141732
11
0.5528070472440945
21
0.2433070866141732
0
LINE
8
BLACK
6
CONTINUOUS
10
0.5528070472440945
20
0.2433070866141732
11
0.550746968503937
21
0.2441603937007874
0
LINE
8
BLACK
6
CONTINUOUS
10
0.550746968503937
20
0.2441603937007874
11
0.5498936614173229
21
0.2462204724409449
0
LINE
8
BLACK
6
CONTINUOUS
10
0.5498936614173229
20
0.2462204724409449
11
0.5498936614173229
21
0.2463446062992126
0
LINE
8
BLACK
6
CONTINUOUS
10
0.5498936614173229
20
0.2463446062992126
11
0.5498936220472441
21
0.2463449212598425
0
LINE
8
BLACK
6
CONTINUOUS
10
0.5498936220472441
20
0.2463449212598425
11
0.549480590551181
21
0.2491802755905512
0
LINE
8
BLACK
6
CONTINUOUS
10
0.549480590551181
20
0.2491802755905512
11
0.5473425196850393
21
0.253553779527559
0
LINE
8
BLACK
6
CONTINUOUS
10
0.5473425196850393
20
0.253553779527559
11
0.5439002362204725
21
0.256996062992126
0
LINE
8
BLACK
6
CONTINUOUS
10
0.5439002362204725
20
0.256996062992126
11
0.5395267322834646
21
0.2591341338582677
0
LINE
8
BLACK
6
CONTINUOUS
10
0.5395267322834646
20
0.2591341338582677
11
0.5366913779527559
21
0.2595472440944882
0
LINE
8
BLACK
6
CONTINUOUS
10
0.5366913779527559
20
0.2595472440944882
11
0.5366913385826771
21
0.2595472440944882
0
LINE
8
BLACK
6
CONTINUOUS
10
0.5366913385826771
20
0.2595472440944882
11
0.5221120472440944
21
0.2595472440944882
0
LINE
8
BLACK
6
CONTINUOUS
10
0.5221120472440944
20
0.2595472440944882
11
0.5221115748031496
21
0.2595472047244095
0
LINE
8
BLACK
6
CONTINUOUS
10
0.5221115748031496
20
0.2595472047244095
11
0.5192763385826772
21
0.2591341338582677
0
LINE
8
BLACK
6
CONTINUOUS
10
0.5192763385826772
20
0.2591341338582677
11
0.5149029133858267
21
0.2569961023622047
0
LINE
8
BLACK
6
CONTINUOUS
10
0.5149029133858267
20
0.2569961023622047
11
0.5114606299212598
21
0.2535538188976378
0
LINE
8
BLACK
6
CONTINUOUS
10
0.5114606299212598
20
0.2535538188976378
11
0.5093225590551181
21
0.2491803149606299
0
LINE
8
BLACK
6
CONTINUOUS
10
0.5093225590551181
20
0.2491803149606299
11
0.5089094488188977
21
0.2463451181102362
0
LINE
8
BLACK
6
CONTINUOUS
10
0.5089094488188977
20
0.2463451181102362
11
0.5089094488188977
21
0.2032220866141732
0
LINE
8
BLACK
6
CONTINUOUS
10
0.5089094488188977
20
0.2032220866141732
11
0.5093225590551181
21
0.2003866141732283
0
LINE
8
BLACK
6
CONTINUOUS
10
0.5093225590551181
20
0.2003866141732283
11
0.5114605905511811
21
0.196013188976378
0
LINE
8
BLACK
6
CONTINUOUS
10
0.5114605905511811
20
0.196013188976378
11
0.5114606299212598
21
0.1960131496062992
0
LINE
8
BLACK
6
CONTINUOUS
10
0.5114606299212598
20
0.1960131496062992
11
0.5149029133858267
21
0.1925708661417323
0
LINE
8
BLACK
6
CONTINUOUS
10
0.5149029133858267
20
0.1925708661417323
11
0.5192764173228346
21
0.1904327952755905
0
LINE
8
BLACK
6
CONTINUOUS
10
0.5192764173228346
20
0.1904327952755905
11
0.5221117716535433
21
0.1900196850393701
0
LINE
8
BLACK
6
CONTINUOUS
10
0.5221117716535433
20
0.1900196850393701
11
0.5366913385826771
21
0.1900197244094488
0
LINE
8
BLACK
6
CONTINUOUS
10
0.5366913385826771
20
0.1900197244094488
11
0.5395267322834646
21
0.1904327952755905
0
LINE
8
BLACK
6
CONTINUOUS
10
0.5395267322834646
20
0.1904327952755905
11
0.5395349606299212
21
0.1904368503937008
0
LINE
8
BLACK
6
CONTINUOUS
10
0.5395349606299212
20
0.1904368503937008
11
0.5395409842519685
21
0.1904372047244094
0
LINE
8
BLACK
6
CONTINUOUS
10
0.5395409842519685
20
0.1904372047244094
11
0.5397429921259842
21
0.1904996062992126
0
LINE
8
BLACK
6
CONTINUOUS
10
0.5397429921259842
20
0.1904996062992126
11
0.5397580708661417
21
0.1904507480314961
0
LINE
8
BLACK
6
CONTINUOUS
10
0.5397580708661417
20
0.1904507480314961
11
0.5417603149606299
21
0.1905754724409449
0
LINE
8
BLACK
6
CONTINUOUS
10
0.5417603149606299
20
0.1905754724409449
11
0.5434320078740157
21
0.189099842519685
0
LINE
8
BLACK
6
CONTINUOUS
10
0.5434320078740157
20
0.189099842519685
11
0.5436536614173229
21
0.1873967322834646
0
LINE
8
BLACK
6
CONTINUOUS
10
0.5436536614173229
20
0.1873967322834646
11
0.5436863385826771
21
0.1873935039370079
0
LINE
8
BLACK
6
CONTINUOUS
10
0.5436863385826771
20
0.1873935039370079
11
0.5436724409448819
21
0.1872525196850394
0
LINE
8
BLACK
6
CONTINUOUS
10
0.5436724409448819
20
0.1872525196850394
11
0.5436724803149606
21
0.1872522047244095
0
LINE
8
BLACK
6
CONTINUOUS
10
0.5436724803149606
20
0.1872522047244095
11
0.5436723228346456
21
0.1872515748031496
0
LINE
8
BLACK
6
CONTINUOUS
10
0.5436723228346456
20
0.1872515748031496
11
0.5436723228346456
21
0.1872511811023622
0
LINE
8
BLACK
6
CONTINUOUS
10
0.5436723228346456
20
0.1872511811023622
11
0.5436723228346456
21
0.1824390551181102
0
LINE
8
BLACK
6
CONTINUOUS
10
0.5436723228346456
20
0.1824390551181102
11
0.5438659448818898
21
0.1814657086614173
0
LINE
8
BLACK
6
CONTINUOUS
10
0.5438659448818898
20
0.1814657086614173
11
0.544611062992126
21
0.1777196456692913
0
LINE
8
BLACK
6
CONTINUOUS
10
0.544611062992126
20
0.1777196456692913
11
0.5446111811023622
21
0.1777192519685039
0
LINE
8
BLACK
6
CONTINUOUS
10
0.5446111811023622
20
0.1777192519685039
11
0.5464525590551181
21
0.1732737007874016
0
LINE
8
BLACK
6
CONTINUOUS
10
0.5464525590551181
20
0.1732737007874016
11
0.5474911417322834
21
0.1717193700787402
0
LINE
8
BLACK
6
CONTINUOUS
10
0.5474911417322834
20
0.1717193700787402
11
0.5479261417322835
21
0.1695324015748031
0
LINE
8
BLACK
6
CONTINUOUS
10
0.5479261417322835
20
0.1695324015748031
11
0.5466873228346456
21
0.1676783858267716
0
LINE
8
BLACK
6
CONTINUOUS
10
0.5466873228346456
20
0.1676783858267716
11
0.5445003543307086
21
0.1672433858267716
0
LINE
8
BLACK
6
CONTINUOUS
10
0.5445003543307086
20
0.1672433858267716
11
0.5437891732283464
21
0.1674834251968504
0
LINE
8
BLACK
6
CONTINUOUS
10
0.5437891732283464
20
0.1674834251968504
11
0.5395267716535433
21
0.1695672047244094
0
LINE
8
BLACK
6
CONTINUOUS
10
0.5395267716535433
20
0.1695672047244094
11
0.5381090551181102
21
0.169773779527559
0
LINE
8
BLACK
6
CONTINUOUS
10
0.5381090551181102
20
0.169773779527559
11
0.5366913779527559
21
0.1699803149606299
0
LINE
8
BLACK
6
CONTINUOUS
10
0.5366913779527559
20
0.1699803149606299
11
0.5366913385826771
21
0.1699803149606299
0
LINE
8
BLACK
6
CONTINUOUS
10
0.5366913385826771
20
0.1699803149606299
11
0.5221120472440944
21
0.1699803149606299
0
LINE
8
BLACK
6
CONTINUOUS
10
0.5221120472440944
20
0.1699803149606299
11
0.5221115748031496
21
0.1699802755905512
0
LINE
8
BLACK
6
CONTINUOUS
10
0.5221115748031496
20
0.1699802755905512
11
0.5192763779527559
21
0.1695672047244094
0
LINE
8
BLACK
6
CONTINUOUS
10
0.5192763779527559
20
0.1695672047244094
11
0.5178227559055117
21
0.1688565748031496
0
LINE
8
BLACK
6
CONTINUOUS
10
0.5178227559055117
20
0.1688565748031496
11
0.5155972440944881
21
0.1687184645669291
0
LINE
8
BLACK
6
CONTINUOUS
10
0.5155972440944881
20
0.1687184645669291
11
0.5142218897637795
21
0.1697135826771654
0
LINE
8
BLACK
6
CONTINUOUS
10
0.5142218897637795
20
0.1697135826771654
11
0.513360905511811
21
0.170848937007874
0
LINE
8
BLACK
6
CONTINUOUS
10
0.513360905511811
20
0.170848937007874
11
0.5086177952755906
21
0.1744457874015748
0
LINE
8
BLACK
6
CONTINUOUS
10
0.5086177952755906
20
0.1744457874015748
11
0.5030805118110236
21
0.1766293700787402
0
LINE
8
BLACK
6
CONTINUOUS
10
0.5030805118110236
20
0.1766293700787402
11
0.5018425196850393
21
0.1767780708661417
0
LINE
8
BLACK
6
CONTINUOUS
10
0.5018425196850393
20
0.1767780708661417
11
0.5018425196850393
21
0.1597291338582677
0
LINE
8
BLACK
6
CONTINUOUS
10
0.5018425196850393
20
0.1597291338582677
11
0.5020813385826771
21
0.1595695275590551
0
LINE
8
BLACK
6
CONTINUOUS
10
0.5020813385826771
20
0.1595695275590551
11
0.5033614960629921
21
0.1576536614173228
0
LINE
8
BLACK
6
CONTINUOUS
10
0.5033614960629921
20
0.1576536614173228
11
0.5038110236220472
21
0.1553937007874016
0
LINE
8
BLACK
6
CONTINUOUS
10
0.5038110236220472
20
0.1553937007874016
11
0.5038110236220472
21
0.1150393700787402
0
LINE
8
BLACK
6
CONTINUOUS
10
0.5038110236220472
20
0.1150393700787402
11
0.5033614960629921
21
0.1127794094488189
0
LINE
8
BLACK
6
CONTINUOUS
10
0.5033614960629921
20
0.1127794094488189
11
0.5020813385826771
21
0.1108635433070866
0
LINE
8
BLACK
6
CONTINUOUS
10
0.5020813385826771
20
0.1108635433070866
11
0.5001654724409449
21
0.1095833858267717
0
LINE
8
BLACK
6
CONTINUOUS
10
0.5001654724409449
20
0.1095833858267717
11
0.4979055118110236
21
0.1091338582677165
0
LINE
8
BLACK
6
CONTINUOUS
10
0.4979055118110236
20
0.1091338582677165
11
0.4860944881889764
21
0.1091338582677165
0
LINE
8
BLACK
6
CONTINUOUS
10
0.4860944881889764
20
0.1091338582677165
11
0.4838345275590551
21
0.1095833858267717
0
LINE
8
BLACK
6
CONTINUOUS
10
0.4838345275590551
20
0.1095833858267717
11
0.4819186614173228
21
0.1108635433070866
0
LINE
8
BLACK
6
CONTINUOUS
10
0.4819186614173228
20
0.1108635433070866
11
0.4806385039370079
21
0.1127794094488189
0
LINE
8
BLACK
6
CONTINUOUS
10
0.4806385039370079
20
0.1127794094488189
11
0.4801889763779528
21
0.1150393700787402
0
LINE
8
BLACK
6
CONTINUOUS
10
0.4801889763779528
20
0.1150393700787402
11
0.4801889763779528
21
0.1553937007874016
0
LINE
8
BLACK
6
CONTINUOUS
10
0.4801889763779528
20
0.1553937007874016
11
0.4806385039370079
21
0.1576536614173228
0
LINE
8
BLACK
6
CONTINUOUS
10
0.4806385039370079
20
0.1576536614173228
11
0.4819186614173228
21
0.1595695275590551
0
LINE
8
BLACK
6
CONTINUOUS
10
0.4819186614173228
20
0.1595695275590551
11
0.4821574803149606
21
0.1597291338582677
0
LINE
8
BLACK
6
CONTINUOUS
10
0.4821574803149606
20
0.1597291338582677
11
0.4821574803149606
21
0.1767780708661417
0
LINE
8
BLACK
6
CONTINUOUS
10
0.4821574803149606
20
0.1767780708661417
11
0.4809194488188976
21
0.1766293700787402
0
LINE
8
BLACK
6
CONTINUOUS
10
0.4809194488188976
20
0.1766293700787402
11
0.4753821653543307
21
0.1744457874015748
0
LINE
8
BLACK
6
CONTINUOUS
10
0.4753821653543307
20
0.1744457874015748
11
0.4706390551181102
21
0.170848937007874
0
LINE
8
BLACK
6
CONTINUOUS
10
0.4706390551181102
20
0.170848937007874
11
0.4706390157480315
21
0.1708488976377953
0
LINE
8
BLACK
6
CONTINUOUS
10
0.4706390157480315
20
0.1708488976377953
11
0.469778031496063
21
0.1697135433070866
0
LINE
8
BLACK
6
CONTINUOUS
10
0.469778031496063
20
0.1697135433070866
11
0.4678533070866142
21
0.1685877165354331
0
LINE
8
BLACK
6
CONTINUOUS
10
0.4678533070866142
20
0.1685877165354331
11
0.4661771653543307
21
0.1688566141732283
0
LINE
8
BLACK
6
CONTINUOUS
10
0.4661771653543307
20
0.1688566141732283
11
0.4647236614173228
21
0.1695672047244094
0
LINE
8
BLACK
6
CONTINUOUS
10
0.4647236614173228
20
0.1695672047244094
11
0.4628333464566929
21
0.1698426377952756
0
LINE
8
BLACK
6
CONTINUOUS
10
0.4628333464566929
20
0.1698426377952756
11
0.4618882283464567
21
0.1699803149606299
0
LINE
8
BLACK
6
CONTINUOUS
10
0.4618882283464567
20
0.1699803149606299
11
0.461888188976378
21
0.1699803149606299
0
LINE
8
BLACK
6
CONTINUOUS
10
0.461888188976378
20
0.1699803149606299
11
0.4473088976377952
21
0.1699803149606299
0
LINE
8
BLACK
6
CONTINUOUS
10
0.4473088976377952
20
0.1699803149606299
11
0.4473084251968504
21
0.1699802755905512
0
LINE
8
BLACK
6
CONTINUOUS
10
0.4473084251968504
20
0.1699802755905512
11
0.4444731889763779
21
0.1695672047244094
0
LINE
8
BLACK
6
CONTINUOUS
10
0.4444731889763779
20
0.1695672047244094
11
0.4400997637795275
21
0.1674291732283464
0
LINE
8
BLACK
6
CONTINUOUS
10
0.4400997637795275
20
0.1674291732283464
11
0.4366574803149606
21
0.1639868897637795
0
LINE
8
BLACK
6
CONTINUOUS
10
0.4366574803149606
20
0.1639868897637795
11
0.4345194094488189
21
0.1596133858267716
0
LINE
8
BLACK
6
CONTINUOUS
10
0.4345194094488189
20
0.1596133858267716
11
0.4341062992125984
21
0.1567781889763779
0
LINE
8
BLACK
6
CONTINUOUS
10
0.4341062992125984
20
0.1567781889763779
11
0.4341062992125984
21
0.1566535433070866
0
LINE
8
BLACK
6
CONTINUOUS
10
0.4341062992125984
20
0.1566535433070866
11
0.4332529921259842
21
0.1545934645669291
0
LINE
8
BLACK
6
CONTINUOUS
10
0.4332529921259842
20
0.1545934645669291
11
0.4311929133858268
21
0.153740157480315
0
LINE
8
BLACK
6
CONTINUOUS
10
0.4311929133858268
20
0.153740157480315
11
0.4130645275590551
21
0.153740157480315
0
LINE
8
BLACK
6
CONTINUOUS
10
0.4130645275590551
20
0.153740157480315
11
0.4110044488188976
21
0.1545934645669291
0
LINE
8
BLACK
6
CONTINUOUS
10
0.4110044488188976
20
0.1545934645669291
11
0.4020777165354331
21
0.1635201968503937
0
LINE
8
BLACK
6
CONTINUOUS
10
0.4020777165354331
20
0.1635201968503937
11
0.4012244094488189
21
0.1655802755905512
0
LINE
8
BLACK
6
CONTINUOUS
10
0.4012244094488189
20
0.1655802755905512
11
0.4012244094488189
21
0.1859431496062992
0
LINE
8
BLACK
6
CONTINUOUS
10
0.4012244094488189
20
0.1859431496062992
11
0.4014857480314961
21
0.1871491732283465
0
LINE
8
BLACK
6
CONTINUOUS
10
0.4014857480314961
20
0.1871491732283465
11
0.401544094488189
21
0.1872775590551181
0
LINE
8
BLACK
6
CONTINUOUS
10
0.401544094488189
20
0.1872775590551181
11
0.4032612598425196
21
0.1902517322834646
0
LINE
8
BLACK
6
CONTINUOUS
10
0.4032612598425196
20
0.1902517322834646
11
0.4037218897637795
21
0.1919708267716535
0
LINE
8
BLACK
6
CONTINUOUS
10
0.4037218897637795
20
0.1919708267716535
11
0.4045236614173228
21
0.1949629133858268
0
LINE
8
BLACK
6
CONTINUOUS
10
0.4045236614173228
20
0.1949629133858268
11
0.4045236614173228
21
0.1998402755905512
0
LINE
8
BLACK
6
CONTINUOUS
10
0.4045236614173228
20
0.1998402755905512
11
0.4045236614173228
21
0.2000185826771654
0
LINE
8
BLACK
6
CONTINUOUS
10
0.4045236614173228
20
0.2000185826771654
11
0.4045236220472441
21
0.2000192913385827
0
LINE
8
BLACK
6
CONTINUOUS
10
0.4045236220472441
20
0.2000192913385827
11
0.4045236220472441
21
0.221201811023622
0
LINE
8
BLACK
6
CONTINUOUS
10
0.4045236220472441
20
0.221201811023622
11
0.4053769291338583
21
0.2232618897637795
0
LINE
8
BLACK
6
CONTINUOUS
10
0.4053769291338583
20
0.2232618897637795
11
0.4061144094488189
21
0.2237976771653543
0
LINE
8
BLACK
6
CONTINUOUS
10
0.4061144094488189
20
0.2237976771653543
11
0.4062548818897638
21
0.2238692913385827
0
LINE
8
BLACK
6
CONTINUOUS
10
0.4062548818897638
20
0.2238692913385827
11
0.406678937007874
21
0.2240853149606299
0
LINE
8
BLACK
6
CONTINUOUS
10
0.406678937007874
20
0.2240853149606299
11
0.410387125984252
21
0.2277935039370079
0
LINE
8
BLACK
6
CONTINUOUS
10
0.410387125984252
20
0.2277935039370079
11
0.4127679133858267
21
0.232466062992126
0
LINE
8
BLACK
6
CONTINUOUS
10
0.4127679133858267
20
0.232466062992126
11
0.4133818897637795
21
0.2363426377952756
0
LINE
8
BLACK
6
CONTINUOUS
10
0.4133818897637795
20
0.2363426377952756
11
0.4133818503937008
21
0.2463451181102362
0
LINE
8
BLACK
6
CONTINUOUS
10
0.4133818503937008
20
0.2463451181102362
11
0.4133818503937008
21
0.2546966929133858
0
LINE
8
BLACK
6
CONTINUOUS
10
0.4133818503937008
20
0.2546966929133858
11
0.4132957874015748
21
0.2552400393700787
0
LINE
8
BLACK
6
CONTINUOUS
10
0.4132957874015748
20
0.2552400393700787
11
0.4127679133858267
21
0.2585733464566929
0
LINE
8
BLACK
6
CONTINUOUS
10
0.4127679133858267
20
0.2585733464566929
11
0.412767874015748
21
0.2585733858267716
0
LINE
8
BLACK
6
CONTINUOUS
10
0.412767874015748
20
0.2585733858267716
11
0.4120309448818897
21
0.2600196850393701
0
LINE
8
BLACK
6
CONTINUOUS
10
0.4120309448818897
20
0.2600196850393701
11
0.410387125984252
21
0.2632458661417323
0
LINE
8
BLACK
6
CONTINUOUS
10
0.410387125984252
20
0.2632458661417323
11
0.406678937007874
21
0.2669540551181102
0
LINE
8
BLACK
6
CONTINUOUS
10
0.406678937007874
20
0.2669540551181102
11
0.402993031496063
21
0.2688321259842519
0
LINE
8
BLACK
6
CONTINUOUS
10
0.402993031496063
20
0.2688321259842519
11
0.4020064173228347
21
0.269334842519685
0
LINE
8
BLACK
6
CONTINUOUS
10
0.4020064173228347
20
0.269334842519685
11
0.3981298031496063
21
0.2699488188976378
0
LINE
8
BLACK
6
CONTINUOUS
10
0.3981298031496063
20
0.2699488188976378
11
0.3738701574803149
21
0.2699488188976378
0
LINE
8
BLACK
6
CONTINUOUS
10
0.3738701574803149
20
0.2699488188976378
11
0.3699935826771654
21
0.2693348818897638
0
LINE
8
BLACK
6
CONTINUOUS
10
0.3699935826771654
20
0.2693348818897638
11
0.3699935433070866
21
0.269334842519685
0
LINE
8
BLACK
6
CONTINUOUS
10
0.3699935433070866
20
0.269334842519685
11
0.3653209842519685
21
0.2669540157480315
0
LINE
8
BLACK
6
CONTINUOUS
10
0.3653209842519685
20
0.2669540157480315
11
0.3616129133858267
21
0.2632459448818897
0
LINE
8
BLACK
6
CONTINUOUS
10
0.3616129133858267
20
0.2632459448818897
11
0.3592320866141732
21
0.2585733858267716
0
LINE
8
BLACK
6
CONTINUOUS
10
0.3592320866141732
20
0.2585733858267716
11
0.3592320866141732
21
0.2585733464566929
0
LINE
8
BLACK
6
CONTINUOUS
10
0.3592320866141732
20
0.2585733464566929
11
0.3586181102362205
21
0.2546967716535433
0
LINE
8
BLACK
6
CONTINUOUS
10
0.3586181102362205
20
0.2546967716535433
11
0.3586181102362205
21
0.2363426377952756
0
LINE
8
BLACK
6
CONTINUOUS
10
0.3586181102362205
20
0.2363426377952756
11
0.3592320472440945
21
0.232466062992126
0
LINE
8
BLACK
6
CONTINUOUS
10
0.3592320472440945
20
0.232466062992126
11
0.3592320866141732
21
0.2324660236220472
0
LINE
8
BLACK
6
CONTINUOUS
10
0.3592320866141732
20
0.2324660236220472
11
0.359814094488189
21
0.2313237795275591
0
LINE
8
BLACK
6
CONTINUOUS
10
0.359814094488189
20
0.2313237795275591
11
0.3616082677165354
21
0.2278025196850394
0
LINE
8
BLACK
6
CONTINUOUS
10
0.3616082677165354
20
0.2278025196850394
11
0.3616129133858267
21
0.2277934645669291
0
LINE
8
BLACK
6
CONTINUOUS
10
0.3616129133858267
20
0.2277934645669291
11
0.365321062992126
21
0.2240853149606299
0
LINE
8
BLACK
6
CONTINUOUS
10
0.365321062992126
20
0.2240853149606299
11
0.3658855905511811
21
0.2237976771653543
0
LINE
8
BLACK
6
CONTINUOUS
10
0.3658855905511811
20
0.2237976771653543
11
0.367333779527559
21
0.2221021653543307
0
LINE
8
BLACK
6
CONTINUOUS
10
0.367333779527559
20
0.2221021653543307
11
0.3674763779527559
21
0.221201811023622
0
LINE
8
BLACK
6
CONTINUOUS
10
0.3674763779527559
20
0.221201811023622
11
0.3674763779527559
21
0.2066811023622047
0
LINE
8
BLACK
6
CONTINUOUS
10
0.3674763779527559
20
0.2066811023622047
11
0.3666230708661417
21
0.2046210236220472
0
LINE
8
BLACK
6
CONTINUOUS
10
0.3666230708661417
20
0.2046210236220472
11
0.3645629921259843
21
0.2037677165354331
0
LINE
8
BLACK
6
CONTINUOUS
10
0.3645629921259843
20
0.2037677165354331
11
0.3435275196850394
21
0.2037677165354331
0
LINE
8
BLACK
6
CONTINUOUS
10
0.3435275196850394
20
0.2037677165354331
11
0.3413212598425197
21
0.2035305118110236
0
LINE
8
BLACK
6
CONTINUOUS
10
0.3413212598425197
20
0.2035305118110236
11
0.341321062992126
21
0.2035304724409449
0
LINE
8
BLACK
6
CONTINUOUS
10
0.341321062992126
20
0.2035304724409449
11
0.3363306299212598
21
0.2016691338582677
0
LINE
8
BLACK
6
CONTINUOUS
10
0.3363306299212598
20
0.2016691338582677
11
0.3363305118110236
21
0.201669094488189
0
LINE
8
BLACK
6
CONTINUOUS
10
0.3363305118110236
20
0.201669094488189
11
0.3363305118110236
21
0.2016690551181102
0
LINE
8
BLACK
6
CONTINUOUS
10
0.3363305118110236
20
0.2016690551181102
11
0.3356922440944882
21
0.2011912992125984
0
LINE
8
BLACK
6
CONTINUOUS
10
0.3356922440944882
20
0.2011912992125984
11
0.3339464173228346
21
0.2006102362204724
0
LINE
8
BLACK
6
CONTINUOUS
10
0.3339464173228346
20
0.2006102362204724
11
0.310949842519685
21
0.2006102362204724
0
LINE
8
BLACK
6
CONTINUOUS
10
0.310949842519685
20
0.2006102362204724
11
0.3093312598425197
21
0.2011012204724409
0
LINE
8
BLACK
6
CONTINUOUS
10
0.3093312598425197
20
0.2011012204724409
11
0.3071666929133858
21
0.2025475590551181
0
LINE
8
BLACK
6
CONTINUOUS
10
0.3071666929133858
20
0.2025475590551181
11
0.3051382283464567
21
0.2029510236220472
0
LINE
8
BLACK
6
CONTINUOUS
10
0.3051382283464567
20
0.2029510236220472
11
0.3046346062992126
21
0.2030511811023622
0
LINE
8
BLACK
6
CONTINUOUS
10
0.3046346062992126
20
0.2030511811023622
11
0.3046345669291339
21
0.2030511811023622
0
LINE
8
BLACK
6
CONTINUOUS
10
0.3046345669291339
20
0.2030511811023622
11
0.2753655905511811
21
0.2030511811023622
0
LINE
8
BLACK
6
CONTINUOUS
10
0.2753655905511811
20
0.2030511811023622
11
0.2728332677165354
21
0.2025475590551181
0
LINE
8
BLACK
6
CONTINUOUS
10
0.2728332677165354
20
0.2025475590551181
11
0.2706687401574803
21
0.2011012204724409
0
LINE
8
BLACK
6
CONTINUOUS
10
0.2706687401574803
20
0.2011012204724409
11
0.269050157480315
21
0.2006102362204724
0
LINE
8
BLACK
6
CONTINUOUS
10
0.269050157480315
20
0.2006102362204724
11
0.26
21
0.2006102362204724
0
LINE
8
BLACK
6
CONTINUOUS
10
0.26
20
0.2006102362204724
11
0.2383902755905512
21
0.2006102362204724
0
LINE
8
BLACK
6
CONTINUOUS
10
0.2383902755905512
20
0.2006102362204724
11
0.2371107480314961
21
0.2009062598425197
0
LINE
8
BLACK
6
CONTINUOUS
10
0.2371107480314961
20
0.2009062598425197
11
0.2345346850393701
21
0.2021656299212598
0
LINE
8
BLACK
6
CONTINUOUS
10
0.2345346850393701
20
0.2021656299212598
11
0.2326443700787401
21
0.202441062992126
0
LINE
8
BLACK
6
CONTINUOUS
10
0.2326443700787401
20
0.202441062992126
11
0.2316992519685039
21
0.2025787401574803
0
LINE
8
BLACK
6
CONTINUOUS
10
0.2316992519685039
20
0.2025787401574803
11
0.2316992125984252
21
0.2025787401574803
0
LINE
8
BLACK
6
CONTINUOUS
10
0.2316992125984252
20
0.2025787401574803
11
0.1738125984251968
21
0.2025787401574803
0
LINE
8
BLACK
6
CONTINUOUS
10
0.1738125984251968
20
0.2025787401574803
11
0.170977125984252
21
0.2021656299212598
0
LINE
8
BLACK
6
CONTINUOUS
10
0.170977125984252
20
0.2021656299212598
11
0.1684011023622047
21
0.2009062598425197
0
LINE
8
BLACK
6
CONTINUOUS
10
0.1684011023622047
20
0.2009062598425197
11
0.1671215748031496
21
0.2006102362204724
0
LINE
8
BLACK
6
CONTINUOUS
10
0.1671215748031496
20
0.2006102362204724
11
0.1590763385826772
21
0.2006102362204724
0
LINE
8
BLACK
6
CONTINUOUS
10
0.1590763385826772
20
0.2006102362204724
11
0.1570162598425197
21
0.2014635433070866
0
LINE
8
BLACK
6
CONTINUOUS
10
0.1570162598425197
20
0.2014635433070866
11
0.1314241732283465
21
0.2270556299212598
0
LINE
8
BLACK
6
CONTINUOUS
10
0.1314241732283465
20
0.2270556299212598
11
0.1305708661417323
21
0.2291157086614173
0
LINE
8
BLACK
6
CONTINUOUS
10
0.1305708661417323
20
0.2291157086614173
11
0.1305708661417323
21
0.3181677952755905
0
LINE
8
BLACK
6
CONTINUOUS
10
0.1305708661417323
20
0.3181677952755905
11
0.1314241338582677
21
0.3202278346456693
0
LINE
8
BLACK
6
CONTINUOUS
10
0.1314241338582677
20
0.3202278346456693
11
0.1686964960629921
21
0.3575001968503937
0
LINE
8
BLACK
6
CONTINUOUS
10
0.1686964960629921
20
0.3575001968503937
11
0.1686966141732283
21
0.3575002362204724
0
LINE
8
BLACK
6
CONTINUOUS
10
0.1686966141732283
20
0.3575002362204724
11
0.1721454330708661
21
0.3609490551181102
0
LINE
8
BLACK
6
CONTINUOUS
10
0.1721454330708661
20
0.3609490551181102
11
0.174584094488189
21
0.3651729921259843
0
LINE
8
BLACK
6
CONTINUOUS
10
0.174584094488189
20
0.3651729921259843
11
0.1753675984251968
21
0.3680970078740157
0
LINE
8
BLACK
6
CONTINUOUS
10
0.1753675984251968
20
0.3680970078740157
11
0.1757567716535433
21
0.3695494094488189
0
LINE
8
BLACK
6
CONTINUOUS
10
0.1757567716535433
20
0.3695494094488189
11
0.175174094488189
21
0.3717240157480315
0
LINE
8
BLACK
6
CONTINUOUS
10
0.175174094488189
20
0.3717240157480315
11
0.175174094488189
21
0.3758350393700787
0
LINE
8
BLACK
6
CONTINUOUS
10
0.175174094488189
20
0.3758350393700787
11
0.1758464566929134
21
0.3783443700787402
0
LINE
8
BLACK
6
CONTINUOUS
10
0.1758464566929134
20
0.3783443700787402
11
0.1758464566929134
21
0.5411599212598425
0
LINE
8
BLACK
6
CONTINUOUS
10
0.1758464566929134
20
0.5411599212598425
11
0.1766997244094488
21
0.5432199606299213
0
LINE
8
BLACK
6
CONTINUOUS
10
0.1766997244094488
20
0.5432199606299213
11
0.1879217716535433
21
0.5544420472440945
0
LINE
8
BLACK
6
CONTINUOUS
10
0.1879217716535433
20
0.5544420472440945
11
0.1899818503937008
21
0.5552953149606299
0
LINE
8
BLACK
6
CONTINUOUS
10
0.1899818503937008
20
0.5552953149606299
11
0.231698937007874
21
0.5552953149606299
0
LINE
8
BLACK
6
CONTINUOUS
10
0.231698937007874
20
0.5552953149606299
11
0.2316992125984252
21
0.5552953149606299
0
LINE
8
BLACK
6
CONTINUOUS
10
0.2316992125984252
20
0.5552953149606299
11
0.2333005118110236
21
0.5555286220472441
0
LINE
8
BLACK
6
CONTINUOUS
10
0.2333005118110236
20
0.5555286220472441
11
0.2354620078740157
21
0.5549812204724409
0
LINE
8
BLACK
6
CONTINUOUS
10
0.4341062992125984
20
0.2032220866141732
11
0.4345194094488189
21
0.2003866141732283
0
LINE
8
BLACK
6
CONTINUOUS
10
0.4345194094488189
20
0.2003866141732283
11
0.4366574409448819
21
0.196013188976378
0
LINE
8
BLACK
6
CONTINUOUS
10
0.4366574409448819
20
0.196013188976378
11
0.4366574803149606
21
0.1960131496062992
0
LINE
8
BLACK
6
CONTINUOUS
10
0.4366574803149606
20
0.1960131496062992
11
0.4400997637795275
21
0.1925708661417323
0
LINE
8
BLACK
6
CONTINUOUS
10
0.4400997637795275
20
0.1925708661417323
11
0.4444732677165354
21
0.1904327952755905
0
LINE
8
BLACK
6
CONTINUOUS
10
0.4444732677165354
20
0.1904327952755905
11
0.4473086220472441
21
0.1900196850393701
0
LINE
8
BLACK
6
CONTINUOUS
10
0.4473086220472441
20
0.1900196850393701
11
0.461888188976378
21
0.1900197244094488
0
LINE
8
BLACK
6
CONTINUOUS
10
0.461888188976378
20
0.1900197244094488
11
0.4647235826771653
21
0.1904327952755905
0
LINE
8
BLACK
6
CONTINUOUS
10
0.4647235826771653
20
0.1904327952755905
11
0.4690970866141732
21
0.1925708661417323
0
LINE
8
BLACK
6
CONTINUOUS
10
0.4690970866141732
20
0.1925708661417323
11
0.4725393700787401
21
0.1960131496062992
0
LINE
8
BLACK
6
CONTINUOUS
10
0.4725393700787401
20
0.1960131496062992
11
0.4746774409448819
21
0.2003866535433071
0
LINE
8
BLACK
6
CONTINUOUS
10
0.4746774409448819
20
0.2003866535433071
11
0.4750905511811023
21
0.2032220078740157
0
LINE
8
BLACK
6
CONTINUOUS
10
0.4750905511811023
20
0.2032220078740157
11
0.4750905118110236
21
0.2463448818897638
0
LINE
8
BLACK
6
CONTINUOUS
10
0.4750905118110236
20
0.2463448818897638
11
0.4746774409448819
21
0.2491802755905512
0
LINE
8
BLACK
6
CONTINUOUS
10
0.4746774409448819
20
0.2491802755905512
11
0.4725393700787401
21
0.253553779527559
0
LINE
8
BLACK
6
CONTINUOUS
10
0.4725393700787401
20
0.253553779527559
11
0.4690970866141732
21
0.256996062992126
0
LINE
8
BLACK
6
CONTINUOUS
10
0.4690970866141732
20
0.256996062992126
11
0.4647235826771653
21
0.2591341338582677
0
LINE
8
BLACK
6
CONTINUOUS
10
0.4647235826771653
20
0.2591341338582677
11
0.4618882283464567
21
0.2595472440944882
0
LINE
8
BLACK
6
CONTINUOUS
10
0.4618882283464567
20
0.2595472440944882
11
0.461888188976378
21
0.2595472440944882
0
LINE
8
BLACK
6
CONTINUOUS
10
0.461888188976378
20
0.2595472440944882
11
0.4473088976377952
21
0.2595472440944882
0
LINE
8
BLACK
6
CONTINUOUS
10
0.4473088976377952
20
0.2595472440944882
11
0.4473084251968504
21
0.2595472047244095
0
LINE
8
BLACK
6
CONTINUOUS
10
0.4473084251968504
20
0.2595472047244095
11
0.4444731889763779
21
0.2591341338582677
0
LINE
8
BLACK
6
CONTINUOUS
10
0.4444731889763779
20
0.2591341338582677
11
0.4400997637795275
21
0.2569961023622047
0
LINE
8
BLACK
6
CONTINUOUS
10
0.4400997637795275
20
0.2569961023622047
11
0.4366574803149606
21
0.2535538188976378
0
LINE
8
BLACK
6
CONTINUOUS
10
0.4366574803149606
20
0.2535538188976378
11
0.4345194094488189
21
0.2491803149606299
0
LINE
8
BLACK
6
CONTINUOUS
10
0.4345194094488189
20
0.2491803149606299
11
0.4341062992125984
21
0.2463451181102362
0
LINE
8
BLACK
6
CONTINUOUS
10
0.4341062992125984
20
0.2463451181102362
11
0.4341062992125984
21
0.2032220866141732
0
LINE
8
BLACK
6
CONTINUOUS
10
0.5375670472440944
20
0.2504166141732284
11
0.5394829133858268
21
0.2491364566929134
0
LINE
8
BLACK
6
CONTINUOUS
10
0.5394829133858268
20
0.2491364566929134
11
0.5407630708661417
21
0.2472205905511811
0
LINE
8
BLACK
6
CONTINUOUS
10
0.5407630708661417
20
0.2472205905511811
11
0.5412125984251969
21
0.2449606299212598
0
LINE
8
BLACK
6
CONTINUOUS
10
0.5412125984251969
20
0.2449606299212598
11
0.5412125984251969
21
0.2346259842519685
0
LINE
8
BLACK
6
CONTINUOUS
10
0.5412125984251969
20
0.2346259842519685
11
0.5552165354330708
21
0.2346259842519685
0
LINE
8
BLACK
6
CONTINUOUS
10
0.5552165354330708
20
0.2346259842519685
11
0.5571367322834646
21
0.2344368503937008
0
LINE
8
BLACK
6
CONTINUOUS
10
0.5571367322834646
20
0.2344368503937008
11
0.5606847637795276
21
0.2329672047244094
0
LINE
8
BLACK
6
CONTINUOUS
10
0.5606847637795276
20
0.2329672047244094
11
0.5606849212598425
21
0.2329670472440945
0
LINE
8
BLACK
6
CONTINUOUS
10
0.5606849212598425
20
0.2329670472440945
11
0.5621762598425196
21
0.2317431889763779
0
LINE
8
BLACK
6
CONTINUOUS
10
0.5621762598425196
20
0.2317431889763779
11
0.5750611811023622
21
0.2188582283464567
0
LINE
8
BLACK
6
CONTINUOUS
10
0.5750611811023622
20
0.2188582283464567
11
0.5762852362204725
21
0.2173667322834646
0
LINE
8
BLACK
6
CONTINUOUS
10
0.5762852362204725
20
0.2173667322834646
11
0.5777548818897638
21
0.2138187007874016
0
LINE
8
BLACK
6
CONTINUOUS
10
0.5777548818897638
20
0.2138187007874016
11
0.5777548818897638
21
0.2138183464566929
0
LINE
8
BLACK
6
CONTINUOUS
10
0.5777548818897638
20
0.2138183464566929
11
0.5779439763779527
21
0.2118985433070866
0
LINE
8
BLACK
6
CONTINUOUS
10
0.5779439763779527
20
0.2118985433070866
11
0.5779439763779527
21
0.1970831496062992
0
LINE
8
BLACK
6
CONTINUOUS
10
0.5779439763779527
20
0.1970831496062992
11
0.5805951968503937
21
0.1944319291338583
0
LINE
8
BLACK
6
CONTINUOUS
10
0.5805951968503937
20
0.1944319291338583
11
0.5826507480314961
21
0.1908716141732283
0
LINE
8
BLACK
6
CONTINUOUS
10
0.5826507480314961
20
0.1908716141732283
11
0.5837147637795276
21
0.1869006299212598
0
LINE
8
BLACK
6
CONTINUOUS
10
0.5837147637795276
20
0.1869006299212598
11
0.5837147637795276
21
0.185692874015748
0
LINE
8
BLACK
6
CONTINUOUS
10
0.5837147637795276
20
0.185692874015748
11
0.6052737401574803
21
0.1641338582677165
0
LINE
8
BLACK
6
CONTINUOUS
10
0.6052737401574803
20
0.1641338582677165
11
0.6163464566929133
21
0.1641338582677165
0
LINE
8
BLACK
6
CONTINUOUS
10
0.6163464566929133
20
0.1641338582677165
11
0.6197363779527559
21
0.1634595669291339
0
LINE
8
BLACK
6
CONTINUOUS
10
0.6197363779527559
20
0.1634595669291339
11
0.6226101968503936
21
0.1615393307086614
0
LINE
8
BLACK
6
CONTINUOUS
10
0.6226101968503936
20
0.1615393307086614
11
0.6245304330708661
21
0.1586655118110236
0
LINE
8
BLACK
6
CONTINUOUS
10
0.6245304330708661
20
0.1586655118110236
11
0.6252047244094489
21
0.1552755905511811
0
LINE
8
BLACK
6
CONTINUOUS
10
0.6252047244094489
20
0.1552755905511811
11
0.6252047244094489
21
0.1355905511811024
0
LINE
8
BLACK
6
CONTINUOUS
10
0.6252047244094489
20
0.1355905511811024
11
0.6245304330708661
21
0.1322006299212598
0
LINE
8
BLACK
6
CONTINUOUS
10
0.6245304330708661
20
0.1322006299212598
11
0.6226101968503936
21
0.129326811023622
0
LINE
8
BLACK
6
CONTINUOUS
10
0.6226101968503936
20
0.129326811023622
11
0.6197363779527559
21
0.1274065748031496
0
LINE
8
BLACK
6
CONTINUOUS
10
0.6197363779527559
20
0.1274065748031496
11
0.6163464566929133
21
0.1267322834645669
0
LINE
8
BLACK
6
CONTINUOUS
10
0.6163464566929133
20
0.1267322834645669
11
0.5986299212598425
21
0.1267322834645669
0
LINE
8
BLACK
6
CONTINUOUS
10
0.5986299212598425
20
0.1267322834645669
11
0.59524
21
0.1274065748031496
0
LINE
8
BLACK
6
CONTINUOUS
10
0.59524
20
0.1274065748031496
11
0.5923661811023622
21
0.129326811023622
0
LINE
8
BLACK
6
CONTINUOUS
10
0.5923661811023622
20
0.129326811023622
11
0.5904459448818897
21
0.1322006299212598
0
LINE
8
BLACK
6
CONTINUOUS
10
0.5904459448818897
20
0.1322006299212598
11
0.5897716535433071
21
0.1355905511811024
0
LINE
8
BLACK
6
CONTINUOUS
10
0.5897716535433071
20
0.1355905511811024
11
0.5897716535433071
21
0.151797125984252
0
LINE
8
BLACK
6
CONTINUOUS
10
0.5897716535433071
20
0.151797125984252
11
0.5718762204724409
21
0.1696925196850394
0
LINE
8
BLACK
6
CONTINUOUS
10
0.5718762204724409
20
0.1696925196850394
11
0.570156968503937
21
0.169231811023622
0
LINE
8
BLACK
6
CONTINUOUS
10
0.570156968503937
20
0.169231811023622
11
0.5660459448818898
21
0.169231811023622
0
LINE
8
BLACK
6
CONTINUOUS
10
0.5660459448818898
20
0.169231811023622
11
0.5620749606299212
21
0.1702958267716535
0
LINE
8
BLACK
6
CONTINUOUS
10
0.5620749606299212
20
0.1702958267716535
11
0.5585146456692913
21
0.1723513779527559
0
LINE
8
BLACK
6
CONTINUOUS
10
0.5585146456692913
20
0.1723513779527559
11
0.5556077165354331
21
0.1752583070866142
0
LINE
8
BLACK
6
CONTINUOUS
10
0.5556077165354331
20
0.1752583070866142
11
0.5535521653543307
21
0.1788186220472441
0
LINE
8
BLACK
6
CONTINUOUS
10
0.5535521653543307
20
0.1788186220472441
11
0.5524881496062992
21
0.1827896062992126
0
LINE
8
BLACK
6
CONTINUOUS
10
0.5524881496062992
20
0.1827896062992126
11
0.5524881496062992
21
0.1869006299212598
0
LINE
8
BLACK
6
CONTINUOUS
10
0.5524881496062992
20
0.1869006299212598
11
0.5535521653543307
21
0.1908716141732283
0
LINE
8
BLACK
6
CONTINUOUS
10
0.5535521653543307
20
0.1908716141732283
11
0.5556077165354331
21
0.1944319291338583
0
LINE
8
BLACK
6
CONTINUOUS
10
0.5556077165354331
20
0.1944319291338583
11
0.558258937007874
21
0.1970831496062992
0
LINE
8
BLACK
6
CONTINUOUS
10
0.558258937007874
20
0.1970831496062992
11
0.558258937007874
21
0.2078216535433071
0
LINE
8
BLACK
6
CONTINUOUS
10
0.558258937007874
20
0.2078216535433071
11
0.5511396062992125
21
0.2149409448818898
0
LINE
8
BLACK
6
CONTINUOUS
10
0.5511396062992125
20
0.2149409448818898
11
0.5412125984251969
21
0.2149409448818898
0
LINE
8
BLACK
6
CONTINUOUS
10
0.5412125984251969
20
0.2149409448818898
11
0.5412125984251969
21
0.2046062992125984
0
LINE
8
BLACK
6
CONTINUOUS
10
0.5412125984251969
20
0.2046062992125984
11
0.5407630708661417
21
0.2023463385826772
0
LINE
8
BLACK
6
CONTINUOUS
10
0.5407630708661417
20
0.2023463385826772
11
0.5394829133858268
21
0.2004304724409449
0
LINE
8
BLACK
6
CONTINUOUS
10
0.5394829133858268
20
0.2004304724409449
11
0.5375670472440944
21
0.1991503149606299
0
LINE
8
BLACK
6
CONTINUOUS
10
0.5375670472440944
20
0.1991503149606299
11
0.5353070866141733
21
0.1987007874015748
0
LINE
8
BLACK
6
CONTINUOUS
10
0.5353070866141733
20
0.1987007874015748
11
0.5234960629921259
21
0.1987007874015748
0
LINE
8
BLACK
6
CONTINUOUS
10
0.5234960629921259
20
0.1987007874015748
11
0.5212361023622047
21
0.1991503149606299
0
LINE
8
BLACK
6
CONTINUOUS
10
0.5212361023622047
20
0.1991503149606299
11
0.5193202362204724
21
0.2004304724409449
0
LINE
8
BLACK
6
CONTINUOUS
10
0.5193202362204724
20
0.2004304724409449
11
0.5180400787401575
21
0.2023463385826772
0
LINE
8
BLACK
6
CONTINUOUS
10
0.5180400787401575
20
0.2023463385826772
11
0.5175905511811023
21
0.2046062992125984
0
LINE
8
BLACK
6
CONTINUOUS
10
0.5175905511811023
20
0.2046062992125984
11
0.5175905511811023
21
0.2449606299212598
0
LINE
8
BLACK
6
CONTINUOUS
10
0.5175905511811023
20
0.2449606299212598
11
0.5180400787401575
21
0.2472205905511811
0
LINE
8
BLACK
6
CONTINUOUS
10
0.5180400787401575
20
0.2472205905511811
11
0.5193202362204724
21
0.2491364566929134
0
LINE
8
BLACK
6
CONTINUOUS
10
0.5193202362204724
20
0.2491364566929134
11
0.5212361023622047
21
0.2504166141732284
0
LINE
8
BLACK
6
CONTINUOUS
10
0.5212361023622047
20
0.2504166141732284
11
0.5234960629921259
21
0.2508661417322834
0
LINE
8
BLACK
6
CONTINUOUS
10
0.5234960629921259
20
0.2508661417322834
11
0.5353070866141733
21
0.2508661417322834
0
LINE
8
BLACK
6
CONTINUOUS
10
0.5353070866141733
20
0.2508661417322834
11
0.5375670472440944
21
0.2504166141732284
0
LINE
8
BLACK
6
CONTINUOUS
10
0.4872047244094488
20
0.4371023622047244
11
0.4862204724409449
21
0.4371023622047244
0
LINE
8
BLACK
6
CONTINUOUS
10
0.4862204724409449
20
0.4371023622047244
11
0.4862204724409449
21
0.347693779527559
0
LINE
8
BLACK
6
CONTINUOUS
10
0.4862204724409449
20
0.347693779527559
11
0.6089378346456693
21
0.2249763779527559
0
LINE
8
BLACK
6
CONTINUOUS
10
0.6089378346456693
20
0.2249763779527559
11
0.6152992125984252
21
0.2249763779527559
0
LINE
8
BLACK
6
CONTINUOUS
10
0.6152992125984252
20
0.2249763779527559
11
0.6152992125984252
21
0.2289133858267716
0
LINE
8
BLACK
6
CONTINUOUS
10
0.6152992125984252
20
0.2289133858267716
11
0.6158985826771654
21
0.2319266535433071
0
LINE
8
BLACK
6
CONTINUOUS
10
0.6158985826771654
20
0.2319266535433071
11
0.6176054724409449
21
0.2344811417322835
0
LINE
8
BLACK
6
CONTINUOUS
10
0.6176054724409449
20
0.2344811417322835
11
0.6201599606299213
21
0.236188031496063
0
LINE
8
BLACK
6
CONTINUOUS
10
0.6201599606299213
20
0.236188031496063
11
0.6231732283464567
21
0.2367874015748032
0
LINE
8
BLACK
6
CONTINUOUS
10
0.6231732283464567
20
0.2367874015748032
11
0.6448267716535433
21
0.2367874015748032
0
LINE
8
BLACK
6
CONTINUOUS
10
0.6448267716535433
20
0.2367874015748032
11
0.6478400393700787
21
0.236188031496063
0
LINE
8
BLACK
6
CONTINUOUS
10
0.6478400393700787
20
0.236188031496063
11
0.6503945275590551
21
0.2344811417322835
0
LINE
8
BLACK
6
CONTINUOUS
10
0.6503945275590551
20
0.2344811417322835
11
0.6521014173228347
21
0.2319266535433071
0
LINE
8
BLACK
6
CONTINUOUS
10
0.6521014173228347
20
0.2319266535433071
11
0.6527007874015748
21
0.2289133858267716
0
LINE
8
BLACK
6
CONTINUOUS
10
0.6527007874015748
20
0.2289133858267716
11
0.6527007874015748
21
0.2131653543307087
0
LINE
8
BLACK
6
CONTINUOUS
10
0.6527007874015748
20
0.2131653543307087
11
0.6521014173228347
21
0.2101520866141732
0
LINE
8
BLACK
6
CONTINUOUS
10
0.6521014173228347
20
0.2101520866141732
11
0.651441968503937
21
0.2091651968503937
0
LINE
8
BLACK
6
CONTINUOUS
10
0.651441968503937
20
0.2091651968503937
11
0.663446220472441
21
0.197160905511811
0
LINE
8
BLACK
6
CONTINUOUS
10
0.663446220472441
20
0.197160905511811
11
0.7201059448818897
21
0.197160905511811
0
LINE
8
BLACK
6
CONTINUOUS
10
0.7201059448818897
20
0.197160905511811
11
0.7480824409448819
21
0.2251374409448819
0
LINE
8
BLACK
6
CONTINUOUS
10
0.7480824409448819
20
0.2251374409448819
11
0.7480314960629921
21
0.2253937007874016
0
LINE
8
BLACK
6
CONTINUOUS
10
0.7480314960629921
20
0.2253937007874016
11
0.7480314960629921
21
0.2372047244094488
0
LINE
8
BLACK
6
CONTINUOUS
10
0.7480314960629921
20
0.2372047244094488
11
0.7484810236220473
21
0.2394646850393701
0
LINE
8
BLACK
6
CONTINUOUS
10
0.7484810236220473
20
0.2394646850393701
11
0.7497611811023622
21
0.2413805511811024
0
LINE
8
BLACK
6
CONTINUOUS
10
0.7497611811023622
20
0.2413805511811024
11
0.7516770472440945
21
0.2426607086614173
0
LINE
8
BLACK
6
CONTINUOUS
10
0.7516770472440945
20
0.2426607086614173
11
0.7539370078740157
21
0.2431102362204724
0
LINE
8
BLACK
6
CONTINUOUS
10
0.7539370078740157
20
0.2431102362204724
11
0.8090551181102362
21
0.2431102362204724
0
LINE
8
BLACK
6
CONTINUOUS
10
0.8090551181102362
20
0.2431102362204724
11
0.8113150787401575
21
0.2426607086614173
0
LINE
8
BLACK
6
CONTINUOUS
10
0.8113150787401575
20
0.2426607086614173
11
0.8132309448818897
21
0.2413805511811024
0
LINE
8
BLACK
6
CONTINUOUS
10
0.8132309448818897
20
0.2413805511811024
11
0.8145111023622047
21
0.2394646850393701
0
LINE
8
BLACK
6
CONTINUOUS
10
0.8145111023622047
20
0.2394646850393701
11
0.8149606299212598
21
0.2372047244094488
0
LINE
8
BLACK
6
CONTINUOUS
10
0.8149606299212598
20
0.2372047244094488
11
0.8149606299212598
21
0.2352362204724409
0
LINE
8
BLACK
6
CONTINUOUS
10
0.8149606299212598
20
0.2352362204724409
11
0.8636684251968504
21
0.2352362204724409
0
LINE
8
BLACK
6
CONTINUOUS
10
0.8636684251968504
20
0.2352362204724409
11
0.8666689763779527
21
0.238236811023622
0
LINE
8
BLACK
6
CONTINUOUS
10
0.8666689763779527
20
0.238236811023622
11
0.8659735039370079
21
0.2384231496062992
0
LINE
8
BLACK
6
CONTINUOUS
10
0.8659735039370079
20
0.2384231496062992
11
0.862413188976378
21
0.2404787007874016
0
LINE
8
BLACK
6
CONTINUOUS
10
0.862413188976378
20
0.2404787007874016
11
0.8595062598425197
21
0.2433856299212598
0
LINE
8
BLACK
6
CONTINUOUS
10
0.8595062598425197
20
0.2433856299212598
11
0.8574507086614173
21
0.2469459448818898
0
LINE
8
BLACK
6
CONTINUOUS
10
0.8574507086614173
20
0.2469459448818898
11
0.8563866929133858
21
0.2509169291338583
0
LINE
8
BLACK
6
CONTINUOUS
10
0.8563866929133858
20
0.2509169291338583
11
0.8563866929133858
21
0.2550279527559055
0
LINE
8
BLACK
6
CONTINUOUS
10
0.8563866929133858
20
0.2550279527559055
11
0.8574507086614173
21
0.258998937007874
0
LINE
8
BLACK
6
CONTINUOUS
10
0.8574507086614173
20
0.258998937007874
11
0.8595062598425197
21
0.2625592519685039
0
LINE
8
BLACK
6
CONTINUOUS
10
0.8595062598425197
20
0.2625592519685039
11
0.862413188976378
21
0.2654661811023622
0
LINE
8
BLACK
6
CONTINUOUS
10
0.862413188976378
20
0.2654661811023622
11
0.8659735039370079
21
0.2675217322834645
0
LINE
8
BLACK
6
CONTINUOUS
10
0.8659735039370079
20
0.2675217322834645
11
0.8699444881889764
21
0.268585748031496
0
LINE
8
BLACK
6
CONTINUOUS
10
0.8699444881889764
20
0.268585748031496
11
0.8740555118110236
21
0.268585748031496
0
LINE
8
BLACK
6
CONTINUOUS
10
0.8740555118110236
20
0.268585748031496
11
0.8780264960629921
21
0.2675217322834645
0
LINE
8
BLACK
6
CONTINUOUS
10
0.8780264960629921
20
0.2675217322834645
11
0.881586811023622
21
0.2654661811023622
0
LINE
8
BLACK
6
CONTINUOUS
10
0.881586811023622
20
0.2654661811023622
11
0.8844937401574803
21
0.2625592519685039
0
LINE
8
BLACK
6
CONTINUOUS
10
0.8844937401574803
20
0.2625592519685039
11
0.8865492913385826
21
0.258998937007874
0
LINE
8
BLACK
6
CONTINUOUS
10
0.8865492913385826
20
0.258998937007874
11
0.8876133070866141
21
0.2550279527559055
0
LINE
8
BLACK
6
CONTINUOUS
10
0.8876133070866141
20
0.2550279527559055
11
0.8876133070866141
21
0.2509169291338583
0
LINE
8
BLACK
6
CONTINUOUS
10
0.8876133070866141
20
0.2509169291338583
11
0.8865492913385826
21
0.2469459448818898
0
LINE
8
BLACK
6
CONTINUOUS
10
0.8865492913385826
20
0.2469459448818898
11
0.8844937401574803
21
0.2433856299212598
0
LINE
8
BLACK
6
CONTINUOUS
10
0.8844937401574803
20
0.2433856299212598
11
0.881586811023622
21
0.2404787007874016
0
LINE
8
BLACK
6
CONTINUOUS
10
0.881586811023622
20
0.2404787007874016
11
0.8780264960629921
21
0.2384231496062992
0
LINE
8
BLACK
6
CONTINUOUS
10
0.8780264960629921
20
0.2384231496062992
11
0.8759231496062992
21
0.2378596062992126
0
LINE
8
BLACK
6
CONTINUOUS
10
0.8759231496062992
20
0.2378596062992126
11
0.8758613779527559
21
0.2372319291338583
0
LINE
8
BLACK
6
CONTINUOUS
10
0.8758613779527559
20
0.2372319291338583
11
0.8755112598425197
21
0.2363866929133858
0
LINE
8
BLACK
6
CONTINUOUS
10
0.8755112598425197
20
0.2363866929133858
11
0.8752735039370079
21
0.2358127165354331
0
LINE
8
BLACK
6
CONTINUOUS
10
0.8752735039370079
20
0.2358127165354331
11
0.8747838976377953
21
0.2352161023622047
0
LINE
8
BLACK
6
CONTINUOUS
10
0.8747838976377953
20
0.2352161023622047
11
0.8680831102362204
21
0.2285153149606299
0
LINE
8
BLACK
6
CONTINUOUS
10
0.8680831102362204
20
0.2285153149606299
11
0.8674864960629921
21
0.2280257086614173
0
LINE
8
BLACK
6
CONTINUOUS
10
0.8674864960629921
20
0.2280257086614173
11
0.866067283464567
21
0.2274378346456693
0
LINE
8
BLACK
6
CONTINUOUS
10
0.866067283464567
20
0.2274378346456693
11
0.8652992125984251
21
0.2273622047244094
0
LINE
8
BLACK
6
CONTINUOUS
10
0.8652992125984251
20
0.2273622047244094
11
0.8149606299212598
21
0.2273622047244094
0
LINE
8
BLACK
6
CONTINUOUS
10
0.8149606299212598
20
0.2273622047244094
11
0.8149606299212598
21
0.2253937007874016
0
LINE
8
BLACK
6
CONTINUOUS
10
0.8149606299212598
20
0.2253937007874016
11
0.8145111023622047
21
0.2231337401574803
0
LINE
8
BLACK
6
CONTINUOUS
10
0.8145111023622047
20
0.2231337401574803
11
0.8132309448818897
21
0.221217874015748
0
LINE
8
BLACK
6
CONTINUOUS
10
0.8132309448818897
20
0.221217874015748
11
0.8113150787401575
21
0.2199377165354331
0
LINE
8
BLACK
6
CONTINUOUS
10
0.8113150787401575
20
0.2199377165354331
11
0.8090551181102362
21
0.219488188976378
0
LINE
8
BLACK
6
CONTINUOUS
10
0.8090551181102362
20
0.219488188976378
11
0.7539370078740157
21
0.219488188976378
0
LINE
8
BLACK
6
CONTINUOUS
10
0.7539370078740157
20
0.219488188976378
11
0.7536299212598425
21
0.2195492913385827
0
LINE
8
BLACK
6
CONTINUOUS
10
0.7536299212598425
20
0.2195492913385827
11
0.7245206299212599
21
0.19044
0
LINE
8
BLACK
6
CONTINUOUS
10
0.7245206299212599
20
0.19044
11
0.7239240157480314
21
0.1899503937007874
0
LINE
8
BLACK
6
CONTINUOUS
10
0.7239240157480314
20
0.1899503937007874
11
0.7225048031496063
21
0.1893625196850394
0
LINE
8
BLACK
6
CONTINUOUS
10
0.7225048031496063
20
0.1893625196850394
11
0.7217367322834646
21
0.1892868897637795
0
LINE
8
BLACK
6
CONTINUOUS
10
0.7217367322834646
20
0.1892868897637795
11
0.6618154724409449
21
0.1892868897637795
0
LINE
8
BLACK
6
CONTINUOUS
10
0.6618154724409449
20
0.1892868897637795
11
0.6610474015748031
21
0.1893625196850394
0
LINE
8
BLACK
6
CONTINUOUS
10
0.6610474015748031
20
0.1893625196850394
11
0.6600438188976377
21
0.1897782283464567
0
LINE
8
BLACK
6
CONTINUOUS
10
0.6600438188976377
20
0.1897782283464567
11
0.6596281496062992
21
0.1899503937007874
0
LINE
8
BLACK
6
CONTINUOUS
10
0.6596281496062992
20
0.1899503937007874
11
0.6590315748031496
21
0.1904400393700787
0
LINE
8
BLACK
6
CONTINUOUS
10
0.6590315748031496
20
0.1904400393700787
11
0.6441802362204724
21
0.2052913385826772
0
LINE
8
BLACK
6
CONTINUOUS
10
0.6441802362204724
20
0.2052913385826772
11
0.6231732283464567
21
0.2052913385826772
0
LINE
8
BLACK
6
CONTINUOUS
10
0.6231732283464567
20
0.2052913385826772
11
0.6201599606299213
21
0.2058907086614173
0
LINE
8
BLACK
6
CONTINUOUS
10
0.6201599606299213
20
0.2058907086614173
11
0.6176054724409449
21
0.2075975984251968
0
LINE
8
BLACK
6
CONTINUOUS
10
0.6176054724409449
20
0.2075975984251968
11
0.6158985826771654
21
0.2101520866141732
0
LINE
8
BLACK
6
CONTINUOUS
10
0.6158985826771654
20
0.2101520866141732
11
0.6152992125984252
21
0.2131653543307087
0
LINE
8
BLACK
6
CONTINUOUS
10
0.6152992125984252
20
0.2131653543307087
11
0.6152992125984252
21
0.2171023622047244
0
LINE
8
BLACK
6
CONTINUOUS
10
0.6152992125984252
20
0.2171023622047244
11
0.6073070866141732
21
0.2171023622047244
0
LINE
8
BLACK
6
CONTINUOUS
10
0.6073070866141732
20
0.2171023622047244
11
0.6065390157480315
21
0.2171779921259842
0
LINE
8
BLACK
6
CONTINUOUS
10
0.6065390157480315
20
0.2171779921259842
11
0.6051198031496063
21
0.2177658267716535
0
LINE
8
BLACK
6
CONTINUOUS
10
0.6051198031496063
20
0.2177658267716535
11
0.6045232283464567
21
0.2182554724409449
0
LINE
8
BLACK
6
CONTINUOUS
10
0.6045232283464567
20
0.2182554724409449
11
0.4794995669291339
21
0.343279094488189
0
LINE
8
BLACK
6
CONTINUOUS
10
0.4794995669291339
20
0.343279094488189
11
0.4790099606299212
21
0.3438757086614173
0
LINE
8
BLACK
6
CONTINUOUS
10
0.4790099606299212
20
0.3438757086614173
11
0.4784220866141732
21
0.3452949212598425
0
LINE
8
BLACK
6
CONTINUOUS
10
0.4784220866141732
20
0.3452949212598425
11
0.4783464566929134
21
0.3460629921259842
0
LINE
8
BLACK
6
CONTINUOUS
10
0.4783464566929134
20
0.3460629921259842
11
0.4783464566929134
21
0.4371023622047244
0
LINE
8
BLACK
6
CONTINUOUS
10
0.4783464566929134
20
0.4371023622047244
11
0.4773622047244094
21
0.4371023622047244
0
LINE
8
BLACK
6
CONTINUOUS
10
0.4773622047244094
20
0.4371023622047244
11
0.4773622047244094
21
0.4626929133858267
0
LINE
8
BLACK
6
CONTINUOUS
10
0.4773622047244094
20
0.4626929133858267
11
0.4872047244094488
21
0.4626929133858267
0
LINE
8
BLACK
6
CONTINUOUS
10
0.4872047244094488
20
0.4626929133858267
11
0.4872047244094488
21
0.4371023622047244
0
LINE
8
BLACK
6
CONTINUOUS
10
0.5480264960629921
20
0.3425492913385827
11
0.5515868110236221
21
0.3404937401574803
0
LINE
8
BLACK
6
CONTINUOUS
10
0.5515868110236221
20
0.3404937401574803
11
0.5544937401574803
21
0.337586811023622
0
LINE
8
BLACK
6
CONTINUOUS
10
0.5544937401574803
20
0.337586811023622
11
0.5565492913385827
21
0.3340264960629921
0
LINE
8
BLACK
6
CONTINUOUS
10
0.5565492913385827
20
0.3340264960629921
11
0.5576133070866142
21
0.3300555118110236
0
LINE
8
BLACK
6
CONTINUOUS
10
0.5576133070866142
20
0.3300555118110236
11
0.5576133070866142
21
0.3259444881889764
0
LINE
8
BLACK
6
CONTINUOUS
10
0.5576133070866142
20
0.3259444881889764
11
0.5565492913385827
21
0.3219735039370079
0
LINE
8
BLACK
6
CONTINUOUS
10
0.5565492913385827
20
0.3219735039370079
11
0.5554676771653543
21
0.3201001181102362
0
LINE
8
BLACK
6
CONTINUOUS
10
0.5554676771653543
20
0.3201001181102362
11
0.6203902362204724
21
0.2551775590551181
0
LINE
8
BLACK
6
CONTINUOUS
10
0.6203902362204724
20
0.2551775590551181
11
0.7032405511811023
21
0.2551775590551181
0
LINE
8
BLACK
6
CONTINUOUS
10
0.7032405511811023
20
0.2551775590551181
11
0.7034710629921259
21
0.2551775590551181
0
LINE
8
BLACK
6
CONTINUOUS
10
0.7034710629921259
20
0.2551775590551181
11
0.7050564173228346
21
0.2579234645669291
0
LINE
8
BLACK
6
CONTINUOUS
10
0.7050564173228346
20
0.2579234645669291
11
0.7079633464566929
21
0.2608303937007874
0
LINE
8
BLACK
6
CONTINUOUS
10
0.7079633464566929
20
0.2608303937007874
11
0.7115236614173228
21
0.2628859448818898
0
LINE
8
BLACK
6
CONTINUOUS
10
0.7115236614173228
20
0.2628859448818898
11
0.7154946456692913
21
0.2639499606299213
0
LINE
8
BLACK
6
CONTINUOUS
10
0.7154946456692913
20
0.2639499606299213
11
0.7196056692913385
21
0.2639499606299213
0
LINE
8
BLACK
6
CONTINUOUS
10
0.7196056692913385
20
0.2639499606299213
11
0.723576653543307
21
0.2628859448818898
0
LINE
8
BLACK
6
CONTINUOUS
10
0.723576653543307
20
0.2628859448818898
11
0.7246807086614173
21
0.2622485433070866
0
LINE
8
BLACK
6
CONTINUOUS
10
0.7246807086614173
20
0.2622485433070866
11
0.7457279133858268
21
0.2832956692913386
0
LINE
8
BLACK
6
CONTINUOUS
10
0.7457279133858268
20
0.2832956692913386
11
0.7463244881889763
21
0.2837853149606299
0
LINE
8
BLACK
6
CONTINUOUS
10
0.7463244881889763
20
0.2837853149606299
11
0.7469067716535432
21
0.2840264960629921
0
LINE
8
BLACK
6
CONTINUOUS
10
0.7469067716535432
20
0.2840264960629921
11
0.7477437401574804
21
0.2843731889763779
0
LINE
8
BLACK
6
CONTINUOUS
10
0.7477437401574804
20
0.2843731889763779
11
0.7480314960629921
21
0.2844015354330708
0
LINE
8
BLACK
6
CONTINUOUS
10
0.7480314960629921
20
0.2844015354330708
11
0.7480314960629921
21
0.2864173228346457
0
LINE
8
BLACK
6
CONTINUOUS
10
0.7480314960629921
20
0.2864173228346457
11
0.7484810236220473
21
0.2886772834645669
0
LINE
8
BLACK
6
CONTINUOUS
10
0.7484810236220473
20
0.2886772834645669
11
0.7497611811023622
21
0.2905931496062992
0
LINE
8
BLACK
6
CONTINUOUS
10
0.7497611811023622
20
0.2905931496062992
11
0.7516770472440945
21
0.2918733070866142
0
LINE
8
BLACK
6
CONTINUOUS
10
0.7516770472440945
20
0.2918733070866142
11
0.7539370078740157
21
0.2923228346456693
0
LINE
8
BLACK
6
CONTINUOUS
10
0.7539370078740157
20
0.2923228346456693
11
0.8090551181102362
21
0.2923228346456693
0
LINE
8
BLACK
6
CONTINUOUS
10
0.8090551181102362
20
0.2923228346456693
11
0.8113150787401575
21
0.2918733070866142
0
LINE
8
BLACK
6
CONTINUOUS
10
0.8113150787401575
20
0.2918733070866142
11
0.8132309448818897
21
0.2905931496062992
0
LINE
8
BLACK
6
CONTINUOUS
10
0.8132309448818897
20
0.2905931496062992
11
0.8145111023622047
21
0.2886772834645669
0
LINE
8
BLACK
6
CONTINUOUS
10
0.8145111023622047
20
0.2886772834645669
11
0.8149606299212598
21
0.2864173228346457
0
LINE
8
BLACK
6
CONTINUOUS
10
0.8149606299212598
20
0.2864173228346457
11
0.8149606299212598
21
0.2746062992125984
0
LINE
8
BLACK
6
CONTINUOUS
10
0.8149606299212598
20
0.2746062992125984
11
0.8145111023622047
21
0.2723463385826771
0
LINE
8
BLACK
6
CONTINUOUS
10
0.8145111023622047
20
0.2723463385826771
11
0.8132309448818897
21
0.2704304724409449
0
LINE
8
BLACK
6
CONTINUOUS
10
0.8132309448818897
20
0.2704304724409449
11
0.8113150787401575
21
0.2691503149606299
0
LINE
8
BLACK
6
CONTINUOUS
10
0.8113150787401575
20
0.2691503149606299
11
0.8090551181102362
21
0.2687007874015748
0
LINE
8
BLACK
6
CONTINUOUS
10
0.8090551181102362
20
0.2687007874015748
11
0.7539370078740157
21
0.2687007874015748
0
LINE
8
BLACK
6
CONTINUOUS
10
0.7539370078740157
20
0.2687007874015748
11
0.7516770472440945
21
0.2691503149606299
0
LINE
8
BLACK
6
CONTINUOUS
10
0.7516770472440945
20
0.2691503149606299
11
0.7497611811023622
21
0.2704304724409449
0
LINE
8
BLACK
6
CONTINUOUS
10
0.7497611811023622
20
0.2704304724409449
11
0.7484810236220473
21
0.2723463385826771
0
LINE
8
BLACK
6
CONTINUOUS
10
0.7484810236220473
20
0.2723463385826771
11
0.7480551181102362
21
0.2744874015748032
0
LINE
8
BLACK
6
CONTINUOUS
10
0.7480551181102362
20
0.2744874015748032
11
0.7305736614173228
21
0.257005905511811
0
LINE
8
BLACK
6
CONTINUOUS
10
0.7305736614173228
20
0.257005905511811
11
0.7320994488188977
21
0.2543631496062992
0
LINE
8
BLACK
6
CONTINUOUS
10
0.7320994488188977
20
0.2543631496062992
11
0.7331634645669292
21
0.2503921653543307
0
LINE
8
BLACK
6
CONTINUOUS
10
0.7331634645669292
20
0.2503921653543307
11
0.7331634645669292
21
0.2462811417322835
0
LINE
8
BLACK
6
CONTINUOUS
10
0.7331634645669292
20
0.2462811417322835
11
0.7320994488188977
21
0.242310157480315
0
LINE
8
BLACK
6
CONTINUOUS
10
0.7320994488188977
20
0.242310157480315
11
0.7300438976377953
21
0.238749842519685
0
LINE
8
BLACK
6
CONTINUOUS
10
0.7300438976377953
20
0.238749842519685
11
0.7271369685039369
21
0.2358429133858268
0
LINE
8
BLACK
6
CONTINUOUS
10
0.7271369685039369
20
0.2358429133858268
11
0.723576653543307
21
0.2337873622047244
0
LINE
8
BLACK
6
CONTINUOUS
10
0.723576653543307
20
0.2337873622047244
11
0.7196056692913385
21
0.2327233464566929
0
LINE
8
BLACK
6
CONTINUOUS
10
0.7196056692913385
20
0.2327233464566929
11
0.7181340157480315
21
0.2327233464566929
0
LINE
8
BLACK
6
CONTINUOUS
10
0.7181340157480315
20
0.2327233464566929
11
0.7187007874015748
21
0.2298740157480315
0
LINE
8
BLACK
6
CONTINUOUS
10
0.7187007874015748
20
0.2298740157480315
11
0.7187007874015748
21
0.2141259842519685
0
LINE
8
BLACK
6
CONTINUOUS
10
0.7187007874015748
20
0.2141259842519685
11
0.7181014173228346
21
0.2111127165354331
0
LINE
8
BLACK
6
CONTINUOUS
10
0.7181014173228346
20
0.2111127165354331
11
0.7163945275590551
21
0.2085582283464567
0
LINE
8
BLACK
6
CONTINUOUS
10
0.7163945275590551
20
0.2085582283464567
11
0.7138400393700787
21
0.2068513385826772
0
LINE
8
BLACK
6
CONTINUOUS
10
0.7138400393700787
20
0.2068513385826772
11
0.7108267716535432
21
0.206251968503937
0
LINE
8
BLACK
6
CONTINUOUS
10
0.7108267716535432
20
0.206251968503937
11
0.6891732283464567
21
0.206251968503937
0
LINE
8
BLACK
6
CONTINUOUS
10
0.6891732283464567
20
0.206251968503937
11
0.6861599606299212
21
0.2068513385826772
0
LINE
8
BLACK
6
CONTINUOUS
10
0.6861599606299212
20
0.2068513385826772
11
0.6836054724409448
21
0.2085582283464567
0
LINE
8
BLACK
6
CONTINUOUS
10
0.6836054724409448
20
0.2085582283464567
11
0.6818985826771653
21
0.2111127165354331
0
LINE
8
BLACK
6
CONTINUOUS
10
0.6818985826771653
20
0.2111127165354331
11
0.6812992125984252
21
0.2141259842519685
0
LINE
8
BLACK
6
CONTINUOUS
10
0.6812992125984252
20
0.2141259842519685
11
0.6812992125984252
21
0.2298740157480315
0
LINE
8
BLACK
6
CONTINUOUS
10
0.6812992125984252
20
0.2298740157480315
11
0.6818985826771653
21
0.2328872834645669
0
LINE
8
BLACK
6
CONTINUOUS
10
0.6818985826771653
20
0.2328872834645669
11
0.6836054724409448
21
0.2354417716535433
0
LINE
8
BLACK
6
CONTINUOUS
10
0.6836054724409448
20
0.2354417716535433
11
0.6861599606299212
21
0.2371486614173228
0
LINE
8
BLACK
6
CONTINUOUS
10
0.6861599606299212
20
0.2371486614173228
11
0.6891732283464567
21
0.237748031496063
0
LINE
8
BLACK
6
CONTINUOUS
10
0.6891732283464567
20
0.237748031496063
11
0.6993035433070866
21
0.237748031496063
0
LINE
8
BLACK
6
CONTINUOUS
10
0.6993035433070866
20
0.237748031496063
11
0.6993035433070866
21
0.2473035433070866
0
LINE
8
BLACK
6
CONTINUOUS
10
0.6993035433070866
20
0.2473035433070866
11
0.6187594488188977
21
0.2473035433070866
0
LINE
8
BLACK
6
CONTINUOUS
10
0.6187594488188977
20
0.2473035433070866
11
0.6179913779527559
21
0.2473791732283465
0
LINE
8
BLACK
6
CONTINUOUS
10
0.6179913779527559
20
0.2473791732283465
11
0.6165721653543307
21
0.2479670472440945
0
LINE
8
BLACK
6
CONTINUOUS
10
0.6165721653543307
20
0.2479670472440945
11
0.6159755511811024
21
0.2484566535433071
0
LINE
8
BLACK
6
CONTINUOUS
10
0.6159755511811024
20
0.2484566535433071
11
0.5498998818897638
21
0.3145323228346457
0
LINE
8
BLACK
6
CONTINUOUS
10
0.5498998818897638
20
0.3145323228346457
11
0.5480264960629921
21
0.3134507086614173
0
LINE
8
BLACK
6
CONTINUOUS
10
0.5480264960629921
20
0.3134507086614173
11
0.5440555118110236
21
0.3123866929133858
0
LINE
8
BLACK
6
CONTINUOUS
10
0.5440555118110236
20
0.3123866929133858
11
0.5399444881889763
21
0.3123866929133858
0
LINE
8
BLACK
6
CONTINUOUS
10
0.5399444881889763
20
0.3123866929133858
11
0.5359735039370078
21
0.3134507086614173
0
LINE
8
BLACK
6
CONTINUOUS
10
0.5359735039370078
20
0.3134507086614173
11
0.5324131889763779
21
0.3155062598425197
0
LINE
8
BLACK
6
CONTINUOUS
10
0.5324131889763779
20
0.3155062598425197
11
0.5295062598425196
21
0.3184131889763779
0
LINE
8
BLACK
6
CONTINUOUS
10
0.5295062598425196
20
0.3184131889763779
11
0.5274507086614173
21
0.3219735039370079
0
LINE
8
BLACK
6
CONTINUOUS
10
0.5274507086614173
20
0.3219735039370079
11
0.5263866929133858
21
0.3259444881889764
0
LINE
8
BLACK
6
CONTINUOUS
10
0.5263866929133858
20
0.3259444881889764
11
0.5263866929133858
21
0.3300555118110236
0
LINE
8
BLACK
6
CONTINUOUS
10
0.5263866929133858
20
0.3300555118110236
11
0.5274507086614173
21
0.3340264960629921
0
LINE
8
BLACK
6
CONTINUOUS
10
0.5274507086614173
20
0.3340264960629921
11
0.5295062598425196
21
0.337586811023622
0
LINE
8
BLACK
6
CONTINUOUS
10
0.5295062598425196
20
0.337586811023622
11
0.5324131889763779
21
0.3404937401574803
0
LINE
8
BLACK
6
CONTINUOUS
10
0.5324131889763779
20
0.3404937401574803
11
0.5359735039370078
21
0.3425492913385827
0
LINE
8
BLACK
6
CONTINUOUS
10
0.5359735039370078
20
0.3425492913385827
11
0.5399444881889763
21
0.3436133070866141
0
LINE
8
BLACK
6
CONTINUOUS
10
0.5399444881889763
20
0.3436133070866141
11
0.5440555118110236
21
0.3436133070866141
0
LINE
8
BLACK
6
CONTINUOUS
10
0.5440555118110236
20
0.3436133070866141
11
0.5480264960629921
21
0.3425492913385827
0
LINE
8
BLACK
6
CONTINUOUS
10
0.2660264960629921
20
0.2665492913385827
11
0.269586811023622
21
0.2644937401574803
0
LINE
8
BLACK
6
CONTINUOUS
10
0.269586811023622
20
0.2644937401574803
11
0.2724937401574803
21
0.261586811023622
0
LINE
8
BLACK
6
CONTINUOUS
10
0.2724937401574803
20
0.261586811023622
11
0.2745492913385827
21
0.2580264960629921
0
LINE
8
BLACK
6
CONTINUOUS
10
0.2745492913385827
20
0.2580264960629921
11
0.2756133070866142
21
0.2540555118110236
0
LINE
8
BLACK
6
CONTINUOUS
10
0.2756133070866142
20
0.2540555118110236
11
0.2756133070866142
21
0.2499444881889764
0
LINE
8
BLACK
6
CONTINUOUS
10
0.2756133070866142
20
0.2499444881889764
11
0.2745492913385827
21
0.2459735039370079
0
LINE
8
BLACK
6
CONTINUOUS
10
0.2745492913385827
20
0.2459735039370079
11
0.2724937401574803
21
0.242413188976378
0
LINE
8
BLACK
6
CONTINUOUS
10
0.2724937401574803
20
0.242413188976378
11
0.269586811023622
21
0.2395062598425197
0
LINE
8
BLACK
6
CONTINUOUS
10
0.269586811023622
20
0.2395062598425197
11
0.2660264960629921
21
0.2374507086614173
0
LINE
8
BLACK
6
CONTINUOUS
10
0.2660264960629921
20
0.2374507086614173
11
0.2620555118110236
21
0.2363866929133858
0
LINE
8
BLACK
6
CONTINUOUS
10
0.2620555118110236
20
0.2363866929133858
11
0.2579444881889764
21
0.2363866929133858
0
LINE
8
BLACK
6
CONTINUOUS
10
0.2579444881889764
20
0.2363866929133858
11
0.2539735039370078
21
0.2374507086614173
0
LINE
8
BLACK
6
CONTINUOUS
10
0.2539735039370078
20
0.2374507086614173
11
0.2521000787401575
21
0.2385323228346457
0
LINE
8
BLACK
6
CONTINUOUS
10
0.2521000787401575
20
0.2385323228346457
11
0.2420831102362205
21
0.2285153149606299
0
LINE
8
BLACK
6
CONTINUOUS
10
0.2420831102362205
20
0.2285153149606299
11
0.2414864960629921
21
0.2280257086614173
0
LINE
8
BLACK
6
CONTINUOUS
10
0.2414864960629921
20
0.2280257086614173
11
0.2400672834645669
21
0.2274378346456693
0
LINE
8
BLACK
6
CONTINUOUS
10
0.2400672834645669
20
0.2274378346456693
11
0.2392992125984252
21
0.2273622047244094
0
LINE
8
BLACK
6
CONTINUOUS
10
0.2392992125984252
20
0.2273622047244094
11
0.2362204724409449
21
0.2273622047244094
0
LINE
8
BLACK
6
CONTINUOUS
10
0.2362204724409449
20
0.2273622047244094
11
0.2362204724409449
21
0.2253937007874016
0
LINE
8
BLACK
6
CONTINUOUS
10
0.2362204724409449
20
0.2253937007874016
11
0.2357709448818898
21
0.2231337401574803
0
LINE
8
BLACK
6
CONTINUOUS
10
0.2357709448818898
20
0.2231337401574803
11
0.2344907874015748
21
0.221217874015748
0
LINE
8
BLACK
6
CONTINUOUS
10
0.2344907874015748
20
0.221217874015748
11
0.2325749212598425
21
0.2199377165354331
0
LINE
8
BLACK
6
CONTINUOUS
10
0.2325749212598425
20
0.2199377165354331
11
0.2303149606299213
21
0.219488188976378
0
LINE
8
BLACK
6
CONTINUOUS
10
0.2303149606299213
20
0.219488188976378
11
0.1751968503937008
21
0.219488188976378
0
LINE
8
BLACK
6
CONTINUOUS
10
0.1751968503937008
20
0.219488188976378
11
0.1729368897637795
21
0.2199377165354331
0
LINE
8
BLACK
6
CONTINUOUS
10
0.1729368897637795
20
0.2199377165354331
11
0.1710210236220472
21
0.221217874015748
0
LINE
8
BLACK
6
CONTINUOUS
10
0.1710210236220472
20
0.221217874015748
11
0.1697408661417323
21
0.2231337401574803
0
LINE
8
BLACK
6
CONTINUOUS
10
0.1697408661417323
20
0.2231337401574803
11
0.1692913385826772
21
0.2253937007874016
0
LINE
8
BLACK
6
CONTINUOUS
10
0.1692913385826772
20
0.2253937007874016
11
0.1692913385826772
21
0.2372047244094488
0
LINE
8
BLACK
6
CONTINUOUS
10
0.1692913385826772
20
0.2372047244094488
11
0.1697408661417323
21
0.2394646850393701
0
LINE
8
BLACK
6
CONTINUOUS
10
0.1697408661417323
20
0.2394646850393701
11
0.1710210236220472
21
0.2413805511811024
0
LINE
8
BLACK
6
CONTINUOUS
10
0.1710210236220472
20
0.2413805511811024
11
0.1729368897637795
21
0.2426607086614173
0
LINE
8
BLACK
6
CONTINUOUS
10
0.1729368897637795
20
0.2426607086614173
11
0.1751968503937008
21
0.2431102362204724
0
LINE
8
BLACK
6
CONTINUOUS
10
0.1751968503937008
20
0.2431102362204724
11
0.2303149606299213
21
0.2431102362204724
0
LINE
8
BLACK
6
CONTINUOUS
10
0.2303149606299213
20
0.2431102362204724
11
0.2325749212598425
21
0.2426607086614173
0
LINE
8
BLACK
6
CONTINUOUS
10
0.2325749212598425
20
0.2426607086614173
11
0.2344907874015748
21
0.2413805511811024
0
LINE
8
BLACK
6
CONTINUOUS
10
0.2344907874015748
20
0.2413805511811024
11
0.2357709448818898
21
0.2394646850393701
0
LINE
8
BLACK
6
CONTINUOUS
10
0.2357709448818898
20
0.2394646850393701
11
0.2362204724409449
21
0.2372047244094488
0
LINE
8
BLACK
6
CONTINUOUS
10
0.2362204724409449
20
0.2372047244094488
11
0.2362204724409449
21
0.2352362204724409
0
LINE
8
BLACK
6
CONTINUOUS
10
0.2362204724409449
20
0.2352362204724409
11
0.2376684251968504
21
0.2352362204724409
0
LINE
8
BLACK
6
CONTINUOUS
10
0.2376684251968504
20
0.2352362204724409
11
0.2465322834645669
21
0.2441001181102362
0
LINE
8
BLACK
6
CONTINUOUS
10
0.2465322834645669
20
0.2441001181102362
11
0.2454507086614173
21
0.2459735039370079
0
LINE
8
BLACK
6
CONTINUOUS
10
0.2454507086614173
20
0.2459735039370079
11
0.2443866929133858
21
0.2499444881889764
0
LINE
8
BLACK
6
CONTINUOUS
10
0.2443866929133858
20
0.2499444881889764
11
0.2443866929133858
21
0.2540555118110236
0
LINE
8
BLACK
6
CONTINUOUS
10
0.2443866929133858
20
0.2540555118110236
11
0.2454507086614173
21
0.2580264960629921
0
LINE
8
BLACK
6
CONTINUOUS
10
0.2454507086614173
20
0.2580264960629921
11
0.2475062598425197
21
0.261586811023622
0
LINE
8
BLACK
6
CONTINUOUS
10
0.2475062598425197
20
0.261586811023622
11
0.2504131889763779
21
0.2644937401574803
0
LINE
8
BLACK
6
CONTINUOUS
10
0.2504131889763779
20
0.2644937401574803
11
0.2539735039370078
21
0.2665492913385827
0
LINE
8
BLACK
6
CONTINUOUS
10
0.2539735039370078
20
0.2665492913385827
11
0.2579444881889764
21
0.2676133070866142
0
LINE
8
BLACK
6
CONTINUOUS
10
0.2579444881889764
20
0.2676133070866142
11
0.2620555118110236
21
0.2676133070866142
0
LINE
8
BLACK
6
CONTINUOUS
10
0.2620555118110236
20
0.2676133070866142
11
0.2660264960629921
21
0.2665492913385827
0
LINE
8
BLACK
6
CONTINUOUS
10
0.3998400393700787
20
0.3256289763779527
11
0.4023945275590551
21
0.3239220866141732
0
LINE
8
BLACK
6
CONTINUOUS
10
0.4023945275590551
20
0.3239220866141732
11
0.4041014173228346
21
0.3213675984251969
0
LINE
8
BLACK
6
CONTINUOUS
10
0.4041014173228346
20
0.3213675984251969
11
0.4047007874015748
21
0.3183543307086614
0
LINE
8
BLACK
6
CONTINUOUS
10
0.4047007874015748
20
0.3183543307086614
11
0.4047007874015748
21
0.3026062992125984
0
LINE
8
BLACK
6
CONTINUOUS
10
0.4047007874015748
20
0.3026062992125984
11
0.4041014173228346
21
0.299593031496063
0
LINE
8
BLACK
6
CONTINUOUS
10
0.4041014173228346
20
0.299593031496063
11
0.4023945275590551
21
0.2970385433070866
0
LINE
8
BLACK
6
CONTINUOUS
10
0.4023945275590551
20
0.2970385433070866
11
0.3998400393700787
21
0.2953316535433071
0
LINE
8
BLACK
6
CONTINUOUS
10
0.3998400393700787
20
0.2953316535433071
11
0.3968267716535433
21
0.2947322834645669
0
LINE
8
BLACK
6
CONTINUOUS
10
0.3968267716535433
20
0.2947322834645669
11
0.3751732283464567
21
0.2947322834645669
0
LINE
8
BLACK
6
CONTINUOUS
10
0.3751732283464567
20
0.2947322834645669
11
0.3721599606299212
21
0.2953316535433071
0
LINE
8
BLACK
6
CONTINUOUS
10
0.3721599606299212
20
0.2953316535433071
11
0.3716285433070866
21
0.2956867716535433
0
LINE
8
BLACK
6
CONTINUOUS
10
0.3716285433070866
20
0.2956867716535433
11
0.3327777559055118
21
0.2568359842519685
0
LINE
8
BLACK
6
CONTINUOUS
10
0.3327777559055118
20
0.2568359842519685
11
0.3330058661417323
21
0.2564945669291339
0
LINE
8
BLACK
6
CONTINUOUS
10
0.3330058661417323
20
0.2564945669291339
11
0.3336614173228347
21
0.2531988188976378
0
LINE
8
BLACK
6
CONTINUOUS
10
0.3336614173228347
20
0.2531988188976378
11
0.3336614173228347
21
0.2359744094488189
0
LINE
8
BLACK
6
CONTINUOUS
10
0.3336614173228347
20
0.2359744094488189
11
0.3330058661417323
21
0.2326786614173228
0
LINE
8
BLACK
6
CONTINUOUS
10
0.3330058661417323
20
0.2326786614173228
11
0.3311389763779528
21
0.2298846456692913
0
LINE
8
BLACK
6
CONTINUOUS
10
0.3311389763779528
20
0.2298846456692913
11
0.3283449606299212
21
0.2280177559055118
0
LINE
8
BLACK
6
CONTINUOUS
10
0.3283449606299212
20
0.2280177559055118
11
0.3250492125984252
21
0.2273622047244094
0
LINE
8
BLACK
6
CONTINUOUS
10
0.3250492125984252
20
0.2273622047244094
11
0.3048720472440945
21
0.2273622047244094
0
LINE
8
BLACK
6
CONTINUOUS
10
0.3048720472440945
20
0.2273622047244094
11
0.3015762992125984
21
0.2280177559055118
0
LINE
8
BLACK
6
CONTINUOUS
10
0.3015762992125984
20
0.2280177559055118
11
0.2987822834645669
21
0.2298846456692913
0
LINE
8
BLACK
6
CONTINUOUS
10
0.2987822834645669
20
0.2298846456692913
11
0.2969153937007874
21
0.2326786614173228
0
LINE
8
BLACK
6
CONTINUOUS
10
0.2969153937007874
20
0.2326786614173228
11
0.296259842519685
21
0.2359744094488189
0
LINE
8
BLACK
6
CONTINUOUS
10
0.296259842519685
20
0.2359744094488189
11
0.296259842519685
21
0.2531988188976378
0
LINE
8
BLACK
6
CONTINUOUS
10
0.296259842519685
20
0.2531988188976378
11
0.2969153937007874
21
0.2564945669291339
0
LINE
8
BLACK
6
CONTINUOUS
10
0.2969153937007874
20
0.2564945669291339
11
0.2987822834645669
21
0.2592885826771654
0
LINE
8
BLACK
6
CONTINUOUS
10
0.2987822834645669
20
0.2592885826771654
11
0.3015762992125984
21
0.2611554724409449
0
LINE
8
BLACK
6
CONTINUOUS
10
0.3015762992125984
20
0.2611554724409449
11
0.3048720472440945
21
0.2618110236220472
0
LINE
8
BLACK
6
CONTINUOUS
10
0.3048720472440945
20
0.2618110236220472
11
0.3250492125984252
21
0.2618110236220472
0
LINE
8
BLACK
6
CONTINUOUS
10
0.3250492125984252
20
0.2618110236220472
11
0.3263570866141732
21
0.261550905511811
0
LINE
8
BLACK
6
CONTINUOUS
10
0.3263570866141732
20
0.261550905511811
11
0.3673179921259843
21
0.3025118110236221
0
LINE
8
BLACK
6
CONTINUOUS
10
0.3673179921259843
20
0.3025118110236221
11
0.3672992125984252
21
0.3026062992125984
0
LINE
8
BLACK
6
CONTINUOUS
10
0.3672992125984252
20
0.3026062992125984
11
0.3672992125984252
21
0.3183543307086614
0
LINE
8
BLACK
6
CONTINUOUS
10
0.3672992125984252
20
0.3183543307086614
11
0.3678985826771654
21
0.3213675984251969
0
LINE
8
BLACK
6
CONTINUOUS
10
0.3678985826771654
20
0.3213675984251969
11
0.3696054724409449
21
0.3239220866141732
0
LINE
8
BLACK
6
CONTINUOUS
10
0.3696054724409449
20
0.3239220866141732
11
0.3721599606299212
21
0.3256289763779527
0
LINE
8
BLACK
6
CONTINUOUS
10
0.3721599606299212
20
0.3256289763779527
11
0.3751732283464567
21
0.3262283464566929
0
LINE
8
BLACK
6
CONTINUOUS
10
0.3751732283464567
20
0.3262283464566929
11
0.3968267716535433
21
0.3262283464566929
0
LINE
8
BLACK
6
CONTINUOUS
10
0.3968267716535433
20
0.3262283464566929
11
0.3998400393700787
21
0.3256289763779527
0
LINE
8
BLACK
6
CONTINUOUS
10
0.3471670078740157
20
0.3667439763779528
11
0.3635567322834646
21
0.3503542519685039
0
LINE
8
BLACK
6
CONTINUOUS
10
0.3635567322834646
20
0.3503542519685039
11
0.3635569291338583
21
0.3503540157480315
0
LINE
8
BLACK
6
CONTINUOUS
10
0.3635569291338583
20
0.3503540157480315
11
0.3636586220472441
21
0.3502523228346456
0
LINE
8
BLACK
6
CONTINUOUS
10
0.3636586220472441
20
0.3502523228346456
11
0.3636586614173228
21
0.3502522834645669
0
LINE
8
BLACK
6
CONTINUOUS
10
0.3636586614173228
20
0.3502522834645669
11
0.3660079527559055
21
0.3479029921259842
0
LINE
8
BLACK
6
CONTINUOUS
10
0.3660079527559055
20
0.3479029921259842
11
0.366008031496063
21
0.3479029527559055
0
LINE
8
BLACK
6
CONTINUOUS
10
0.366008031496063
20
0.3479029527559055
11
0.3660080708661417
21
0.3479029133858267
0
LINE
8
BLACK
6
CONTINUOUS
10
0.3660080708661417
20
0.3479029133858267
11
0.3676144488188977
21
0.3469754724409449
0
LINE
8
BLACK
6
CONTINUOUS
10
0.3676144488188977
20
0.3469754724409449
11
0.3688852362204724
21
0.3462417716535433
0
LINE
8
BLACK
6
CONTINUOUS
10
0.3688852362204724
20
0.3462417716535433
11
0.3693329527559055
21
0.3461218110236221
0
LINE
8
BLACK
6
CONTINUOUS
10
0.3693329527559055
20
0.3461218110236221
11
0.3711739763779527
21
0.3456285039370079
0
LINE
8
BLACK
6
CONTINUOUS
10
0.3711739763779527
20
0.3456285039370079
11
0.3720944488188976
21
0.3453818503937008
0
LINE
8
BLACK
6
CONTINUOUS
10
0.3720944488188976
20
0.3453818503937008
11
0.3720944881889764
21
0.3453818503937008
0
LINE
8
BLACK
6
CONTINUOUS
10
0.3720944881889764
20
0.3453818503937008
11
0.3755952362204724
21
0.3453818503937008
0
LINE
8
BLACK
6
CONTINUOUS
10
0.3755952362204724
20
0.3453818503937008
11
0.3755958661417323
21
0.3453818897637795
0
LINE
8
BLACK
6
CONTINUOUS
10
0.3755958661417323
20
0.3453818897637795
11
0.402915905511811
21
0.3453818897637795
0
LINE
8
BLACK
6
CONTINUOUS
10
0.402915905511811
20
0.3453818897637795
11
0.4049759842519685
21
0.3445285826771654
0
LINE
8
BLACK
6
CONTINUOUS
10
0.4049759842519685
20
0.3445285826771654
11
0.4057732677165354
21
0.3430369291338582
0
LINE
8
BLACK
6
CONTINUOUS
10
0.4057732677165354
20
0.3430369291338582
11
0.405878188976378
21
0.3425096850393701
0
LINE
8
BLACK
6
CONTINUOUS
10
0.405878188976378
20
0.3425096850393701
11
0.4065096062992126
21
0.339335157480315
0
LINE
8
BLACK
6
CONTINUOUS
10
0.4065096062992126
20
0.339335157480315
11
0.4065097244094488
21
0.3393347637795275
0
LINE
8
BLACK
6
CONTINUOUS
10
0.4065097244094488
20
0.3393347637795275
11
0.4073380708661417
21
0.3373349606299212
0
LINE
8
BLACK
6
CONTINUOUS
10
0.4073380708661417
20
0.3373349606299212
11
0.4073380708661417
21
0.3351051574803149
0
LINE
8
BLACK
6
CONTINUOUS
10
0.4073380708661417
20
0.3351051574803149
11
0.4057613385826772
21
0.3335284645669291
0
LINE
8
BLACK
6
CONTINUOUS
10
0.4057613385826772
20
0.3335284645669291
11
0.4035315354330709
21
0.3335284645669291
0
LINE
8
BLACK
6
CONTINUOUS
10
0.4035315354330709
20
0.3335284645669291
11
0.4033238188976378
21
0.3336242125984252
0
LINE
8
BLACK
6
CONTINUOUS
10
0.4033238188976378
20
0.3336242125984252
11
0.4020063779527559
21
0.3342954724409449
0
LINE
8
BLACK
6
CONTINUOUS
10
0.4020063779527559
20
0.3342954724409449
11
0.3981298031496063
21
0.3349094488188976
0
LINE
8
BLACK
6
CONTINUOUS
10
0.3981298031496063
20
0.3349094488188976
11
0.3738701574803149
21
0.3349094488188976
0
LINE
8
BLACK
6
CONTINUOUS
10
0.3738701574803149
20
0.3349094488188976
11
0.3699935826771654
21
0.3342955118110236
0
LINE
8
BLACK
6
CONTINUOUS
10
0.3699935826771654
20
0.3342955118110236
11
0.3699935433070866
21
0.3342954724409449
0
LINE
8
BLACK
6
CONTINUOUS
10
0.3699935433070866
20
0.3342954724409449
11
0.3653209842519685
21
0.3319146456692914
0
LINE
8
BLACK
6
CONTINUOUS
10
0.3653209842519685
20
0.3319146456692914
11
0.3616129133858267
21
0.3282065748031496
0
LINE
8
BLACK
6
CONTINUOUS
10
0.3616129133858267
20
0.3282065748031496
11
0.3592320866141732
21
0.3235340157480315
0
LINE
8
BLACK
6
CONTINUOUS
10
0.3592320866141732
20
0.3235340157480315
11
0.3592320866141732
21
0.3235339763779527
0
LINE
8
BLACK
6
CONTINUOUS
10
0.3592320866141732
20
0.3235339763779527
11
0.3586181102362205
21
0.3196574015748032
0
LINE
8
BLACK
6
CONTINUOUS
10
0.3586181102362205
20
0.3196574015748032
11
0.3586181102362205
21
0.3072956299212599
0
LINE
8
BLACK
6
CONTINUOUS
10
0.3586181102362205
20
0.3072956299212599
11
0.3577648031496063
21
0.3052355511811023
0
LINE
8
BLACK
6
CONTINUOUS
10
0.3577648031496063
20
0.3052355511811023
11
0.3501345275590551
21
0.2976052755905512
0
LINE
8
BLACK
6
CONTINUOUS
10
0.3501345275590551
20
0.2976052755905512
11
0.3480744488188977
21
0.296751968503937
0
LINE
8
BLACK
6
CONTINUOUS
10
0.3480744488188977
20
0.296751968503937
11
0.3334166929133858
21
0.296751968503937
0
LINE
8
BLACK
6
CONTINUOUS
10
0.3334166929133858
20
0.296751968503937
11
0.3330058661417323
21
0.2946865354330709
0
LINE
8
BLACK
6
CONTINUOUS
10
0.3330058661417323
20
0.2946865354330709
11
0.3311389763779528
21
0.2918925196850394
0
LINE
8
BLACK
6
CONTINUOUS
10
0.3311389763779528
20
0.2918925196850394
11
0.3283449606299212
21
0.2900256299212599
0
LINE
8
BLACK
6
CONTINUOUS
10
0.3283449606299212
20
0.2900256299212599
11
0.3250492125984252
21
0.2893700787401575
0
LINE
8
BLACK
6
CONTINUOUS
10
0.3250492125984252
20
0.2893700787401575
11
0.3048720472440945
21
0.2893700787401575
0
LINE
8
BLACK
6
CONTINUOUS
10
0.3048720472440945
20
0.2893700787401575
11
0.3015762992125984
21
0.2900256299212599
0
LINE
8
BLACK
6
CONTINUOUS
10
0.3015762992125984
20
0.2900256299212599
11
0.2987822834645669
21
0.2918925196850394
0
LINE
8
BLACK
6
CONTINUOUS
10
0.2987822834645669
20
0.2918925196850394
11
0.2969153937007874
21
0.2946865354330709
0
LINE
8
BLACK
6
CONTINUOUS
10
0.2969153937007874
20
0.2946865354330709
11
0.2965045669291339
21
0.296751968503937
0
LINE
8
BLACK
6
CONTINUOUS
10
0.2965045669291339
20
0.296751968503937
11
0.280511811023622
21
0.296751968503937
0
LINE
8
BLACK
6
CONTINUOUS
10
0.280511811023622
20
0.296751968503937
11
0.280511811023622
21
0.2955220078740157
0
LINE
8
BLACK
6
CONTINUOUS
10
0.280511811023622
20
0.2955220078740157
11
0.2806204724409449
21
0.2941411417322835
0
LINE
8
BLACK
6
CONTINUOUS
10
0.2806204724409449
20
0.2941411417322835
11
0.2823376377952756
21
0.2882307480314961
0
LINE
8
BLACK
6
CONTINUOUS
10
0.2823376377952756
20
0.2882307480314961
11
0.2854707086614173
21
0.282933031496063
0
LINE
8
BLACK
6
CONTINUOUS
10
0.2854707086614173
20
0.282933031496063
11
0.2898227559055118
21
0.2785809842519685
0
LINE
8
BLACK
6
CONTINUOUS
10
0.2898227559055118
20
0.2785809842519685
11
0.2951204724409449
21
0.2754479133858267
0
LINE
8
BLACK
6
CONTINUOUS
10
0.2951204724409449
20
0.2754479133858267
11
0.2978372440944882
21
0.2746586220472441
0
LINE
8
BLACK
6
CONTINUOUS
10
0.2978372440944882
20
0.2746586220472441
11
0.2995774409448819
21
0.2732644488188976
0
LINE
8
BLACK
6
CONTINUOUS
10
0.2995774409448819
20
0.2732644488188976
11
0.2998221653543307
21
0.2710481102362204
0
LINE
8
BLACK
6
CONTINUOUS
10
0.2998221653543307
20
0.2710481102362204
11
0.2984279921259843
21
0.2693079133858268
0
LINE
8
BLACK
6
CONTINUOUS
10
0.2984279921259843
20
0.2693079133858268
11
0.2979867322834646
21
0.2691110236220473
0
LINE
8
BLACK
6
CONTINUOUS
10
0.2979867322834646
20
0.2691110236220473
11
0.296700157480315
21
0.2686608267716535
0
LINE
8
BLACK
6
CONTINUOUS
10
0.296700157480315
20
0.2686608267716535
11
0.2925057086614173
21
0.2655651968503937
0
LINE
8
BLACK
6
CONTINUOUS
10
0.2925057086614173
20
0.2655651968503937
11
0.2925056692913386
21
0.265565157480315
0
LINE
8
BLACK
6
CONTINUOUS
10
0.2925056692913386
20
0.265565157480315
11
0.2894100393700788
21
0.2613706692913386
0
LINE
8
BLACK
6
CONTINUOUS
10
0.2894100393700788
20
0.2613706692913386
11
0.2887941732283464
21
0.2596106299212598
0
LINE
8
BLACK
6
CONTINUOUS
10
0.2887941732283464
20
0.2596106299212598
11
0.2873083464566929
21
0.2579479921259842
0
LINE
8
BLACK
6
CONTINUOUS
10
0.2873083464566929
20
0.2579479921259842
11
0.2850820472440945
21
0.2578229921259843
0
LINE
8
BLACK
6
CONTINUOUS
10
0.2850820472440945
20
0.2578229921259843
11
0.2834194094488189
21
0.2593088188976378
0
LINE
8
BLACK
6
CONTINUOUS
10
0.2834194094488189
20
0.2593088188976378
11
0.2833526771653543
21
0.2594579921259842
0
LINE
8
BLACK
6
CONTINUOUS
10
0.2833526771653543
20
0.2594579921259842
11
0.2831066141732284
21
0.2600520078740157
0
LINE
8
BLACK
6
CONTINUOUS
10
0.2831066141732284
20
0.2600520078740157
11
0.2817837007874016
21
0.2632458661417323
0
LINE
8
BLACK
6
CONTINUOUS
10
0.2817837007874016
20
0.2632458661417323
11
0.2816488582677165
21
0.2635714566929134
0
LINE
8
BLACK
6
CONTINUOUS
10
0.2816488582677165
20
0.2635714566929134
11
0.2803166929133858
21
0.265565157480315
0
LINE
8
BLACK
6
CONTINUOUS
10
0.2803166929133858
20
0.265565157480315
11
0.2789753543307086
21
0.2675726377952756
0
LINE
8
BLACK
6
CONTINUOUS
10
0.2789753543307086
20
0.2675726377952756
11
0.2755726377952756
21
0.2709753543307086
0
LINE
8
BLACK
6
CONTINUOUS
10
0.2755726377952756
20
0.2709753543307086
11
0.2755724803149606
21
0.2709754724409449
0
LINE
8
BLACK
6
CONTINUOUS
10
0.2755724803149606
20
0.2709754724409449
11
0.2715714960629921
21
0.2736488582677165
0
LINE
8
BLACK
6
CONTINUOUS
10
0.2715714960629921
20
0.2736488582677165
11
0.2684735433070866
21
0.2749320472440945
0
LINE
8
BLACK
6
CONTINUOUS
10
0.2684735433070866
20
0.2749320472440945
11
0.2668968503937008
21
0.2765087401574803
0
LINE
8
BLACK
6
CONTINUOUS
10
0.2668968503937008
20
0.2765087401574803
11
0.2668968503937008
21
0.2787385826771653
0
LINE
8
BLACK
6
CONTINUOUS
10
0.2668968503937008
20
0.2787385826771653
11
0.2675282283464567
21
0.2796835433070866
0
LINE
8
BLACK
6
CONTINUOUS
10
0.2675282283464567
20
0.2796835433070866
11
0.2690970078740157
21
0.2812522834645669
0
LINE
8
BLACK
6
CONTINUOUS
10
0.2690970078740157
20
0.2812522834645669
11
0.2707582283464567
21
0.2841295669291338
0
LINE
8
BLACK
6
CONTINUOUS
10
0.2707582283464567
20
0.2841295669291338
11
0.2716181102362205
21
0.287338779527559
0
LINE
8
BLACK
6
CONTINUOUS
10
0.2716181102362205
20
0.287338779527559
11
0.2716181102362205
21
0.3176670078740157
0
LINE
8
BLACK
6
CONTINUOUS
10
0.2716181102362205
20
0.3176670078740157
11
0.2716181102362205
21
0.3380273228346456
0
LINE
8
BLACK
6
CONTINUOUS
10
0.2716181102362205
20
0.3380273228346456
11
0.2724713779527559
21
0.3400873622047244
0
LINE
8
BLACK
6
CONTINUOUS
10
0.2724713779527559
20
0.3400873622047244
11
0.2810755118110236
21
0.3486914960629921
0
LINE
8
BLACK
6
CONTINUOUS
10
0.2810755118110236
20
0.3486914960629921
11
0.2810756299212598
21
0.3486915354330709
0
LINE
8
BLACK
6
CONTINUOUS
10
0.2810756299212598
20
0.3486915354330709
11
0.2834249212598425
21
0.3510408267716535
0
LINE
8
BLACK
6
CONTINUOUS
10
0.2834249212598425
20
0.3510408267716535
11
0.2850861417322835
21
0.3539181102362204
0
LINE
8
BLACK
6
CONTINUOUS
10
0.2850861417322835
20
0.3539181102362204
11
0.2859460236220472
21
0.3571273228346457
0
LINE
8
BLACK
6
CONTINUOUS
10
0.2859460236220472
20
0.3571273228346457
11
0.2859460236220472
21
0.3646838976377952
0
LINE
8
BLACK
6
CONTINUOUS
10
0.2859460236220472
20
0.3646838976377952
11
0.2867993307086614
21
0.3667439763779528
0
LINE
8
BLACK
6
CONTINUOUS
10
0.2867993307086614
20
0.3667439763779528
11
0.2888594094488189
21
0.3675972834645669
0
LINE
8
BLACK
6
CONTINUOUS
10
0.2888594094488189
20
0.3675972834645669
11
0.3451069291338583
21
0.3675972834645669
0
LINE
8
BLACK
6
CONTINUOUS
10
0.3451069291338583
20
0.3675972834645669
11
0.3471670078740157
21
0.3667439763779528
0
LINE
8
BLACK
6
CONTINUOUS
10
0.3248031496062992
20
0.3381556692913386
11
0.3248031496062992
21
0.3238188976377953
0
LINE
8
BLACK
6
CONTINUOUS
10
0.3248031496062992
20
0.3238188976377953
11
0.3250492125984252
21
0.3238188976377953
0
LINE
8
BLACK
6
CONTINUOUS
10
0.3250492125984252
20
0.3238188976377953
11
0.3283449606299212
21
0.3231633464566929
0
LINE
8
BLACK
6
CONTINUOUS
10
0.3283449606299212
20
0.3231633464566929
11
0.3311389763779528
21
0.3212964566929134
0
LINE
8
BLACK
6
CONTINUOUS
10
0.3311389763779528
20
0.3212964566929134
11
0.3330058661417323
21
0.3185024409448819
0
LINE
8
BLACK
6
CONTINUOUS
10
0.3330058661417323
20
0.3185024409448819
11
0.3334166929133858
21
0.3164370078740157
0
LINE
8
BLACK
6
CONTINUOUS
10
0.3334166929133858
20
0.3164370078740157
11
0.3494094488188976
21
0.3164370078740157
0
LINE
8
BLACK
6
CONTINUOUS
10
0.3494094488188976
20
0.3164370078740157
11
0.3494094488188976
21
0.3176670078740157
0
LINE
8
BLACK
6
CONTINUOUS
10
0.3494094488188976
20
0.3176670078740157
11
0.3493007480314961
21
0.319047874015748
0
LINE
8
BLACK
6
CONTINUOUS
10
0.3493007480314961
20
0.319047874015748
11
0.3475835826771653
21
0.3249582677165354
0
LINE
8
BLACK
6
CONTINUOUS
10
0.3475835826771653
20
0.3249582677165354
11
0.3444505118110236
21
0.3302559842519685
0
LINE
8
BLACK
6
CONTINUOUS
10
0.3444505118110236
20
0.3302559842519685
11
0.3400984645669291
21
0.334608031496063
0
LINE
8
BLACK
6
CONTINUOUS
10
0.3400984645669291
20
0.334608031496063
11
0.3348007480314961
21
0.3377411023622047
0
LINE
8
BLACK
6
CONTINUOUS
10
0.3348007480314961
20
0.3377411023622047
11
0.3288903543307087
21
0.3394582677165354
0
LINE
8
BLACK
6
CONTINUOUS
10
0.3288903543307087
20
0.3394582677165354
11
0.3275094881889763
21
0.3395669291338583
0
LINE
8
BLACK
6
CONTINUOUS
10
0.3275094881889763
20
0.3395669291338583
11
0.3262144094488189
21
0.3395669291338583
0
LINE
8
BLACK
6
CONTINUOUS
10
0.3262144094488189
20
0.3395669291338583
11
0.3248031496062992
21
0.3381556692913386
0
LINE
8
BLACK
6
CONTINUOUS
10
0.280511811023622
20
0.3164370078740157
11
0.2965045669291339
21
0.3164370078740157
0
LINE
8
BLACK
6
CONTINUOUS
10
0.2965045669291339
20
0.3164370078740157
11
0.2969153937007874
21
0.3185024409448819
0
LINE
8
BLACK
6
CONTINUOUS
10
0.2969153937007874
20
0.3185024409448819
11
0.2987822834645669
21
0.3212964566929134
0
LINE
8
BLACK
6
CONTINUOUS
10
0.2987822834645669
20
0.3212964566929134
11
0.3015762992125984
21
0.3231633464566929
0
LINE
8
BLACK
6
CONTINUOUS
10
0.3015762992125984
20
0.3231633464566929
11
0.3048720472440945
21
0.3238188976377953
0
LINE
8
BLACK
6
CONTINUOUS
10
0.3048720472440945
20
0.3238188976377953
11
0.3051181102362205
21
0.3238188976377953
0
LINE
8
BLACK
6
CONTINUOUS
10
0.3051181102362205
20
0.3238188976377953
11
0.3051181102362205
21
0.3381556692913386
0
LINE
8
BLACK
6
CONTINUOUS
10
0.3051181102362205
20
0.3381556692913386
11
0.3037068503937008
21
0.3395669291338583
0
LINE
8
BLACK
6
CONTINUOUS
10
0.3037068503937008
20
0.3395669291338583
11
0.3024117716535433
21
0.3395669291338583
0
LINE
8
BLACK
6
CONTINUOUS
10
0.3024117716535433
20
0.3395669291338583
11
0.3010308661417323
21
0.3394582677165354
0
LINE
8
BLACK
6
CONTINUOUS
10
0.3010308661417323
20
0.3394582677165354
11
0.2951204724409449
21
0.3377411023622047
0
LINE
8
BLACK
6
CONTINUOUS
10
0.2951204724409449
20
0.3377411023622047
11
0.2898227559055118
21
0.334608031496063
0
LINE
8
BLACK
6
CONTINUOUS
10
0.2898227559055118
20
0.334608031496063
11
0.2854707086614173
21
0.3302559842519685
0
LINE
8
BLACK
6
CONTINUOUS
10
0.2854707086614173
20
0.3302559842519685
11
0.2823376377952756
21
0.3249582677165354
0
LINE
8
BLACK
6
CONTINUOUS
10
0.2823376377952756
20
0.3249582677165354
11
0.2806204724409449
21
0.319047874015748
0
LINE
8
BLACK
6
CONTINUOUS
10
0.2806204724409449
20
0.319047874015748
11
0.280511811023622
21
0.3176670078740157
0
LINE
8
BLACK
6
CONTINUOUS
10
0.280511811023622
20
0.3176670078740157
11
0.280511811023622
21
0.3164370078740157
0
LINE
8
BLACK
6
CONTINUOUS
10
0.2325749212598425
20
0.685574094488189
11
0.2344907874015748
21
0.684293937007874
0
LINE
8
BLACK
6
CONTINUOUS
10
0.2344907874015748
20
0.684293937007874
11
0.2357709448818898
21
0.6823780708661417
0
LINE
8
BLACK
6
CONTINUOUS
10
0.2357709448818898
20
0.6823780708661417
11
0.2362204724409449
21
0.6801181102362205
0
LINE
8
BLACK
6
CONTINUOUS
10
0.2362204724409449
20
0.6801181102362205
11
0.2362204724409449
21
0.6779844488188976
0
LINE
8
BLACK
6
CONTINUOUS
10
0.2362204724409449
20
0.6779844488188976
11
0.2374235039370079
21
0.6774861023622047
0
LINE
8
BLACK
6
CONTINUOUS
10
0.2374235039370079
20
0.6774861023622047
11
0.2380201181102362
21
0.6769964960629921
0
LINE
8
BLACK
6
CONTINUOUS
10
0.2380201181102362
20
0.6769964960629921
11
0.2677838582677166
21
0.647232716535433
0
LINE
8
BLACK
6
CONTINUOUS
10
0.2677838582677166
20
0.647232716535433
11
0.2682735039370079
21
0.6466361417322835
0
LINE
8
BLACK
6
CONTINUOUS
10
0.2682735039370079
20
0.6466361417322835
11
0.2682735039370079
21
0.6466361023622047
0
LINE
8
BLACK
6
CONTINUOUS
10
0.2682735039370079
20
0.6466361023622047
11
0.2688613779527559
21
0.6452168897637796
0
LINE
8
BLACK
6
CONTINUOUS
10
0.2688613779527559
20
0.6452168897637796
11
0.2689370078740158
21
0.6444488188976378
0
LINE
8
BLACK
6
CONTINUOUS
10
0.2689370078740158
20
0.6444488188976378
11
0.2689370078740158
21
0.5581836614173228
0
LINE
8
BLACK
6
CONTINUOUS
10
0.2689370078740158
20
0.5581836614173228
11
0.2690779133858268
21
0.5583945275590551
0
LINE
8
BLACK
6
CONTINUOUS
10
0.2690779133858268
20
0.5583945275590551
11
0.2716324015748031
21
0.5601014173228346
0
LINE
8
BLACK
6
CONTINUOUS
10
0.2716324015748031
20
0.5601014173228346
11
0.2746456692913386
21
0.5607007874015748
0
LINE
8
BLACK
6
CONTINUOUS
10
0.2746456692913386
20
0.5607007874015748
11
0.2903937007874016
21
0.5607007874015748
0
LINE
8
BLACK
6
CONTINUOUS
10
0.2903937007874016
20
0.5607007874015748
11
0.293406968503937
21
0.5601014173228346
0
LINE
8
BLACK
6
CONTINUOUS
10
0.293406968503937
20
0.5601014173228346
11
0.2959614566929134
21
0.5583945275590551
0
LINE
8
BLACK
6
CONTINUOUS
10
0.2959614566929134
20
0.5583945275590551
11
0.2976683464566929
21
0.5558400393700788
0
LINE
8
BLACK
6
CONTINUOUS
10
0.2976683464566929
20
0.5558400393700788
11
0.298267716535433
21
0.5528267716535433
0
LINE
8
BLACK
6
CONTINUOUS
10
0.298267716535433
20
0.5528267716535433
11
0.298267716535433
21
0.5311732283464566
0
LINE
8
BLACK
6
CONTINUOUS
10
0.298267716535433
20
0.5311732283464566
11
0.2976683464566929
21
0.5281599606299212
0
LINE
8
BLACK
6
CONTINUOUS
10
0.2976683464566929
20
0.5281599606299212
11
0.2959614566929134
21
0.5256054724409449
0
LINE
8
BLACK
6
CONTINUOUS
10
0.2959614566929134
20
0.5256054724409449
11
0.293406968503937
21
0.5238985826771654
0
LINE
8
BLACK
6
CONTINUOUS
10
0.293406968503937
20
0.5238985826771654
11
0.2903937007874016
21
0.5232992125984252
0
LINE
8
BLACK
6
CONTINUOUS
10
0.2903937007874016
20
0.5232992125984252
11
0.2746456692913386
21
0.5232992125984252
0
LINE
8
BLACK
6
CONTINUOUS
10
0.2746456692913386
20
0.5232992125984252
11
0.2716324015748031
21
0.5238985826771654
0
LINE
8
BLACK
6
CONTINUOUS
10
0.2716324015748031
20
0.5238985826771654
11
0.2690779133858268
21
0.5256054724409449
0
LINE
8
BLACK
6
CONTINUOUS
10
0.2690779133858268
20
0.5256054724409449
11
0.2689370078740158
21
0.5258163779527559
0
LINE
8
BLACK
6
CONTINUOUS
10
0.2689370078740158
20
0.5258163779527559
11
0.2689370078740158
21
0.470148031496063
0
LINE
8
BLACK
6
CONTINUOUS
10
0.2689370078740158
20
0.470148031496063
11
0.276111811023622
21
0.4629732283464567
0
LINE
8
BLACK
6
CONTINUOUS
10
0.276111811023622
20
0.4629732283464567
11
0.2766014173228347
21
0.4623766535433071
0
LINE
8
BLACK
6
CONTINUOUS
10
0.2766014173228347
20
0.4623766535433071
11
0.2767133070866142
21
0.4621064960629921
0
LINE
8
BLACK
6
CONTINUOUS
10
0.2767133070866142
20
0.4621064960629921
11
0.2771892913385827
21
0.4609574015748031
0
LINE
8
BLACK
6
CONTINUOUS
10
0.2771892913385827
20
0.4609574015748031
11
0.2772649212598425
21
0.4601893307086614
0
LINE
8
BLACK
6
CONTINUOUS
10
0.2772649212598425
20
0.4601893307086614
11
0.2772649212598425
21
0.3841524015748031
0
LINE
8
BLACK
6
CONTINUOUS
10
0.2772649212598425
20
0.3841524015748031
11
0.3515402755905512
21
0.3841524015748031
0
LINE
8
BLACK
6
CONTINUOUS
10
0.3515402755905512
20
0.3841524015748031
11
0.3523083464566929
21
0.3840767716535433
0
LINE
8
BLACK
6
CONTINUOUS
10
0.3523083464566929
20
0.3840767716535433
11
0.3537275590551181
21
0.3834888976377953
0
LINE
8
BLACK
6
CONTINUOUS
10
0.3537275590551181
20
0.3834888976377953
11
0.3543241732283465
21
0.3829992913385827
0
LINE
8
BLACK
6
CONTINUOUS
10
0.3543241732283465
20
0.3829992913385827
11
0.3753864173228346
21
0.3619370078740157
0
LINE
8
BLACK
6
CONTINUOUS
10
0.3753864173228346
20
0.3619370078740157
11
0.4184606299212598
21
0.3619370078740157
0
LINE
8
BLACK
6
CONTINUOUS
10
0.4184606299212598
20
0.3619370078740157
11
0.4192287007874015
21
0.3618613779527559
0
LINE
8
BLACK
6
CONTINUOUS
10
0.4192287007874015
20
0.3618613779527559
11
0.4206479133858267
21
0.3612735039370079
0
LINE
8
BLACK
6
CONTINUOUS
10
0.4206479133858267
20
0.3612735039370079
11
0.4212445275590551
21
0.3607838976377953
0
LINE
8
BLACK
6
CONTINUOUS
10
0.4212445275590551
20
0.3607838976377953
11
0.4221000787401575
21
0.3599283464566929
0
LINE
8
BLACK
6
CONTINUOUS
10
0.4221000787401575
20
0.3599283464566929
11
0.4239735039370079
21
0.3610099212598425
0
LINE
8
BLACK
6
CONTINUOUS
10
0.4239735039370079
20
0.3610099212598425
11
0.4279444881889763
21
0.362073937007874
0
LINE
8
BLACK
6
CONTINUOUS
10
0.4279444881889763
20
0.362073937007874
11
0.4320555118110236
21
0.362073937007874
0
LINE
8
BLACK
6
CONTINUOUS
10
0.4320555118110236
20
0.362073937007874
11
0.4360264960629921
21
0.3610099212598425
0
LINE
8
BLACK
6
CONTINUOUS
10
0.4360264960629921
20
0.3610099212598425
11
0.439586811023622
21
0.3589543700787401
0
LINE
8
BLACK
6
CONTINUOUS
10
0.439586811023622
20
0.3589543700787401
11
0.4424937401574803
21
0.3560474409448819
0
LINE
8
BLACK
6
CONTINUOUS
10
0.4424937401574803
20
0.3560474409448819
11
0.4445492913385827
21
0.352487125984252
0
LINE
8
BLACK
6
CONTINUOUS
10
0.4445492913385827
20
0.352487125984252
11
0.4456133070866142
21
0.3485161417322835
0
LINE
8
BLACK
6
CONTINUOUS
10
0.4456133070866142
20
0.3485161417322835
11
0.4456133070866142
21
0.3444051181102362
0
LINE
8
BLACK
6
CONTINUOUS
10
0.4456133070866142
20
0.3444051181102362
11
0.4445492913385827
21
0.3404341338582677
0
LINE
8
BLACK
6
CONTINUOUS
10
0.4445492913385827
20
0.3404341338582677
11
0.4424937401574803
21
0.3368738188976378
0
LINE
8
BLACK
6
CONTINUOUS
10
0.4424937401574803
20
0.3368738188976378
11
0.439586811023622
21
0.3339668897637795
0
LINE
8
BLACK
6
CONTINUOUS
10
0.439586811023622
20
0.3339668897637795
11
0.4360264960629921
21
0.3319113385826772
0
LINE
8
BLACK
6
CONTINUOUS
10
0.4360264960629921
20
0.3319113385826772
11
0.4320555118110236
21
0.3308473228346457
0
LINE
8
BLACK
6
CONTINUOUS
10
0.4320555118110236
20
0.3308473228346457
11
0.4279444881889763
21
0.3308473228346457
0
LINE
8
BLACK
6
CONTINUOUS
10
0.4279444881889763
20
0.3308473228346457
11
0.4239735039370079
21
0.3319113385826772
0
LINE
8
BLACK
6
CONTINUOUS
10
0.4239735039370079
20
0.3319113385826772
11
0.4204131889763779
21
0.3339668897637795
0
LINE
8
BLACK
6
CONTINUOUS
10
0.4204131889763779
20
0.3339668897637795
11
0.4175062598425197
21
0.3368738188976378
0
LINE
8
BLACK
6
CONTINUOUS
10
0.4175062598425197
20
0.3368738188976378
11
0.4154507086614173
21
0.3404341338582677
0
LINE
8
BLACK
6
CONTINUOUS
10
0.4154507086614173
20
0.3404341338582677
11
0.4143866929133858
21
0.3444051181102362
0
LINE
8
BLACK
6
CONTINUOUS
10
0.4143866929133858
20
0.3444051181102362
11
0.4143866929133858
21
0.3485161417322835
0
LINE
8
BLACK
6
CONTINUOUS
10
0.4143866929133858
20
0.3485161417322835
11
0.4154507086614173
21
0.352487125984252
0
LINE
8
BLACK
6
CONTINUOUS
10
0.4154507086614173
20
0.352487125984252
11
0.4163605511811024
21
0.3540629921259842
0
LINE
8
BLACK
6
CONTINUOUS
10
0.4163605511811024
20
0.3540629921259842
11
0.3737556692913386
21
0.3540629921259842
0
LINE
8
BLACK
6
CONTINUOUS
10
0.3737556692913386
20
0.3540629921259842
11
0.3729875984251969
21
0.3541386220472441
0
LINE
8
BLACK
6
CONTINUOUS
10
0.3729875984251969
20
0.3541386220472441
11
0.3715683858267717
21
0.3547264960629921
0
LINE
8
BLACK
6
CONTINUOUS
10
0.3715683858267717
20
0.3547264960629921
11
0.370971811023622
21
0.3552161023622047
0
LINE
8
BLACK
6
CONTINUOUS
10
0.370971811023622
20
0.3552161023622047
11
0.3499094881889764
21
0.3762783858267716
0
LINE
8
BLACK
6
CONTINUOUS
10
0.3499094881889764
20
0.3762783858267716
11
0.2772649212598425
21
0.3762783858267716
0
LINE
8
BLACK
6
CONTINUOUS
10
0.2772649212598425
20
0.3762783858267716
11
0.2772649212598425
21
0.3587885433070866
0
LINE
8
BLACK
6
CONTINUOUS
10
0.2772649212598425
20
0.3587885433070866
11
0.2771892913385827
21
0.3580204724409449
0
LINE
8
BLACK
6
CONTINUOUS
10
0.2771892913385827
20
0.3580204724409449
11
0.2770372440944882
21
0.3576534251968504
0
LINE
8
BLACK
6
CONTINUOUS
10
0.2770372440944882
20
0.3576534251968504
11
0.2766014173228347
21
0.3566012204724409
0
LINE
8
BLACK
6
CONTINUOUS
10
0.2766014173228347
20
0.3566012204724409
11
0.2761117716535433
21
0.3560046456692914
0
LINE
8
BLACK
6
CONTINUOUS
10
0.2761117716535433
20
0.3560046456692914
11
0.2753232677165354
21
0.3552161023622047
0
LINE
8
BLACK
6
CONTINUOUS
10
0.2753232677165354
20
0.3552161023622047
11
0.2629370078740157
21
0.342829842519685
0
LINE
8
BLACK
6
CONTINUOUS
10
0.2629370078740157
20
0.342829842519685
11
0.2629370078740157
21
0.289
0
LINE
8
BLACK
6
CONTINUOUS
10
0.2629370078740157
20
0.289
11
0.2628613779527559
21
0.2882319291338583
0
LINE
8
BLACK
6
CONTINUOUS
10
0.2628613779527559
20
0.2882319291338583
11
0.2624914173228347
21
0.287338779527559
0
LINE
8
BLACK
6
CONTINUOUS
10
0.2624914173228347
20
0.287338779527559
11
0.2622735039370079
21
0.2868127165354331
0
LINE
8
BLACK
6
CONTINUOUS
10
0.2622735039370079
20
0.2868127165354331
11
0.2617838976377952
21
0.2862161023622047
0
LINE
8
BLACK
6
CONTINUOUS
10
0.2617838976377952
20
0.2862161023622047
11
0.2567838976377952
21
0.2812161023622047
0
LINE
8
BLACK
6
CONTINUOUS
10
0.2567838976377952
20
0.2812161023622047
11
0.2567836614173228
21
0.2812159448818898
0
LINE
8
BLACK
6
CONTINUOUS
10
0.2567836614173228
20
0.2812159448818898
11
0.2532957086614173
21
0.2777279133858268
0
LINE
8
BLACK
6
CONTINUOUS
10
0.2532957086614173
20
0.2777279133858268
11
0.2526990944881889
21
0.2772383070866142
0
LINE
8
BLACK
6
CONTINUOUS
10
0.2526990944881889
20
0.2772383070866142
11
0.2512798818897638
21
0.2766504330708661
0
LINE
8
BLACK
6
CONTINUOUS
10
0.2512798818897638
20
0.2766504330708661
11
0.250511811023622
21
0.2765748031496063
0
LINE
8
BLACK
6
CONTINUOUS
10
0.250511811023622
20
0.2765748031496063
11
0.2362204724409449
21
0.2765748031496063
0
LINE
8
BLACK
6
CONTINUOUS
10
0.2362204724409449
20
0.2765748031496063
11
0.2362204724409449
21
0.2746062992125984
0
LINE
8
BLACK
6
CONTINUOUS
10
0.2362204724409449
20
0.2746062992125984
11
0.2357709448818898
21
0.2723463385826771
0
LINE
8
BLACK
6
CONTINUOUS
10
0.2357709448818898
20
0.2723463385826771
11
0.2344907874015748
21
0.2704304724409449
0
LINE
8
BLACK
6
CONTINUOUS
10
0.2344907874015748
20
0.2704304724409449
11
0.2325749212598425
21
0.2691503149606299
0
LINE
8
BLACK
6
CONTINUOUS
10
0.2325749212598425
20
0.2691503149606299
11
0.2303149606299213
21
0.2687007874015748
0
LINE
8
BLACK
6
CONTINUOUS
10
0.2303149606299213
20
0.2687007874015748
11
0.1751968503937008
21
0.2687007874015748
0
LINE
8
BLACK
6
CONTINUOUS
10
0.1751968503937008
20
0.2687007874015748
11
0.1729368897637795
21
0.2691503149606299
0
LINE
8
BLACK
6
CONTINUOUS
10
0.1729368897637795
20
0.2691503149606299
11
0.1710210236220472
21
0.2704304724409449
0
LINE
8
BLACK
6
CONTINUOUS
10
0.1710210236220472
20
0.2704304724409449
11
0.1697408661417323
21
0.2723463385826771
0
LINE
8
BLACK
6
CONTINUOUS
10
0.1697408661417323
20
0.2723463385826771
11
0.1692913385826772
21
0.2746062992125984
0
LINE
8
BLACK
6
CONTINUOUS
10
0.1692913385826772
20
0.2746062992125984
11
0.1692913385826772
21
0.2864173228346457
0
LINE
8
BLACK
6
CONTINUOUS
10
0.1692913385826772
20
0.2864173228346457
11
0.1697408661417323
21
0.2886772834645669
0
LINE
8
BLACK
6
CONTINUOUS
10
0.1697408661417323
20
0.2886772834645669
11
0.1710210236220472
21
0.2905931496062992
0
LINE
8
BLACK
6
CONTINUOUS
10
0.1710210236220472
20
0.2905931496062992
11
0.1729368897637795
21
0.2918733070866142
0
LINE
8
BLACK
6
CONTINUOUS
10
0.1729368897637795
20
0.2918733070866142
11
0.1751968503937008
21
0.2923228346456693
0
LINE
8
BLACK
6
CONTINUOUS
10
0.1751968503937008
20
0.2923228346456693
11
0.2303149606299213
21
0.2923228346456693
0
LINE
8
BLACK
6
CONTINUOUS
10
0.2303149606299213
20
0.2923228346456693
11
0.2325749212598425
21
0.2918733070866142
0
LINE
8
BLACK
6
CONTINUOUS
10
0.2325749212598425
20
0.2918733070866142
11
0.2344907874015748
21
0.2905931496062992
0
LINE
8
BLACK
6
CONTINUOUS
10
0.2344907874015748
20
0.2905931496062992
11
0.2357709448818898
21
0.2886772834645669
0
LINE
8
BLACK
6
CONTINUOUS
10
0.2357709448818898
20
0.2886772834645669
11
0.2362204724409449
21
0.2864173228346457
0
LINE
8
BLACK
6
CONTINUOUS
10
0.2362204724409449
20
0.2864173228346457
11
0.2362204724409449
21
0.2844488188976378
0
LINE
8
BLACK
6
CONTINUOUS
10
0.2362204724409449
20
0.2844488188976378
11
0.2488810236220472
21
0.2844488188976378
0
LINE
8
BLACK
6
CONTINUOUS
10
0.2488810236220472
20
0.2844488188976378
11
0.251215905511811
21
0.2867837007874016
0
LINE
8
BLACK
6
CONTINUOUS
10
0.251215905511811
20
0.2867837007874016
11
0.2512161023622047
21
0.2867838976377953
0
LINE
8
BLACK
6
CONTINUOUS
10
0.2512161023622047
20
0.2867838976377953
11
0.2550629921259843
21
0.2906307874015748
0
LINE
8
BLACK
6
CONTINUOUS
10
0.2550629921259843
20
0.2906307874015748
11
0.2550629921259843
21
0.3444606299212598
0
LINE
8
BLACK
6
CONTINUOUS
10
0.2550629921259843
20
0.3444606299212598
11
0.2551386220472441
21
0.3452287007874016
0
LINE
8
BLACK
6
CONTINUOUS
10
0.2551386220472441
20
0.3452287007874016
11
0.2557264960629921
21
0.3466479133858268
0
LINE
8
BLACK
6
CONTINUOUS
10
0.2557264960629921
20
0.3466479133858268
11
0.2562161023622047
21
0.3472445275590551
0
LINE
8
BLACK
6
CONTINUOUS
10
0.2562161023622047
20
0.3472445275590551
11
0.269390905511811
21
0.3604193307086614
0
LINE
8
BLACK
6
CONTINUOUS
10
0.269390905511811
20
0.3604193307086614
11
0.269390905511811
21
0.3802153937007874
0
LINE
8
BLACK
6
CONTINUOUS
10
0.269390905511811
20
0.3802153937007874
11
0.269390905511811
21
0.4585585433070866
0
LINE
8
BLACK
6
CONTINUOUS
10
0.269390905511811
20
0.4585585433070866
11
0.2622161023622047
21
0.4657333464566929
0
LINE
8
BLACK
6
CONTINUOUS
10
0.2622161023622047
20
0.4657333464566929
11
0.2617264960629921
21
0.4663299606299213
0
LINE
8
BLACK
6
CONTINUOUS
10
0.2617264960629921
20
0.4663299606299213
11
0.2611386220472441
21
0.4677491732283465
0
LINE
8
BLACK
6
CONTINUOUS
10
0.2611386220472441
20
0.4677491732283465
11
0.2610629921259843
21
0.4685172440944882
0
LINE
8
BLACK
6
CONTINUOUS
10
0.2610629921259843
20
0.4685172440944882
11
0.2610629921259843
21
0.6428180708661417
0
LINE
8
BLACK
6
CONTINUOUS
10
0.2610629921259843
20
0.6428180708661417
11
0.236113188976378
21
0.6677678346456692
0
LINE
8
BLACK
6
CONTINUOUS
10
0.236113188976378
20
0.6677678346456692
11
0.2357709448818898
21
0.666047125984252
0
LINE
8
BLACK
6
CONTINUOUS
10
0.2357709448818898
20
0.666047125984252
11
0.2344907874015748
21
0.6641312598425196
0
LINE
8
BLACK
6
CONTINUOUS
10
0.2344907874015748
20
0.6641312598425196
11
0.2325749212598425
21
0.6628511023622047
0
LINE
8
BLACK
6
CONTINUOUS
10
0.2325749212598425
20
0.6628511023622047
11
0.2303149606299213
21
0.6624015748031495
0
LINE
8
BLACK
6
CONTINUOUS
10
0.2303149606299213
20
0.6624015748031495
11
0.1751968503937008
21
0.6624015748031495
0
LINE
8
BLACK
6
CONTINUOUS
10
0.1751968503937008
20
0.6624015748031495
11
0.1729368897637795
21
0.6628511023622047
0
LINE
8
BLACK
6
CONTINUOUS
10
0.1729368897637795
20
0.6628511023622047
11
0.1710210236220472
21
0.6641312598425196
0
LINE
8
BLACK
6
CONTINUOUS
10
0.1710210236220472
20
0.6641312598425196
11
0.1697408661417323
21
0.666047125984252
0
LINE
8
BLACK
6
CONTINUOUS
10
0.1697408661417323
20
0.666047125984252
11
0.1692913385826772
21
0.6683070866141733
0
LINE
8
BLACK
6
CONTINUOUS
10
0.1692913385826772
20
0.6683070866141733
11
0.1692913385826772
21
0.6801181102362205
0
LINE
8
BLACK
6
CONTINUOUS
10
0.1692913385826772
20
0.6801181102362205
11
0.1697408661417323
21
0.6823780708661417
0
LINE
8
BLACK
6
CONTINUOUS
10
0.1697408661417323
20
0.6823780708661417
11
0.1710210236220472
21
0.684293937007874
0
LINE
8
BLACK
6
CONTINUOUS
10
0.1710210236220472
20
0.684293937007874
11
0.1729368897637795
21
0.685574094488189
0
LINE
8
BLACK
6
CONTINUOUS
10
0.1729368897637795
20
0.685574094488189
11
0.1751968503937008
21
0.6860236220472441
0
LINE
8
BLACK
6
CONTINUOUS
10
0.1751968503937008
20
0.6860236220472441
11
0.2303149606299213
21
0.6860236220472441
0
LINE
8
BLACK
6
CONTINUOUS
10
0.2303149606299213
20
0.6860236220472441
11
0.2325749212598425
21
0.685574094488189
0
LINE
8
BLACK
6
CONTINUOUS
10
0.6488400393700787
20
0.3651486614173228
11
0.6513945275590551
21
0.3634417716535433
0
LINE
8
BLACK
6
CONTINUOUS
10
0.6513945275590551
20
0.3634417716535433
11
0.6531014173228347
21
0.3608872834645669
0
LINE
8
BLACK
6
CONTINUOUS
10
0.6531014173228347
20
0.3608872834645669
11
0.6537007874015748
21
0.3578740157480315
0
LINE
8
BLACK
6
CONTINUOUS
10
0.6537007874015748
20
0.3578740157480315
11
0.6537007874015748
21
0.3452186614173228
0
LINE
8
BLACK
6
CONTINUOUS
10
0.6537007874015748
20
0.3452186614173228
11
0.6658636614173228
21
0.3330557874015748
0
LINE
8
BLACK
6
CONTINUOUS
10
0.6658636614173228
20
0.3330557874015748
11
0.6679444881889763
21
0.3336133070866142
0
LINE
8
BLACK
6
CONTINUOUS
10
0.6679444881889763
20
0.3336133070866142
11
0.6716938582677165
21
0.3336133070866142
0
LINE
8
BLACK
6
CONTINUOUS
10
0.6716938582677165
20
0.3336133070866142
11
0.6812992125984252
21
0.3432186614173228
0
LINE
8
BLACK
6
CONTINUOUS
10
0.6812992125984252
20
0.3432186614173228
11
0.6812992125984252
21
0.3578740157480315
0
LINE
8
BLACK
6
CONTINUOUS
10
0.6812992125984252
20
0.3578740157480315
11
0.6818985826771653
21
0.3608872834645669
0
LINE
8
BLACK
6
CONTINUOUS
10
0.6818985826771653
20
0.3608872834645669
11
0.6836054724409448
21
0.3634417716535433
0
LINE
8
BLACK
6
CONTINUOUS
10
0.6836054724409448
20
0.3634417716535433
11
0.6861599606299212
21
0.3651486614173228
0
LINE
8
BLACK
6
CONTINUOUS
10
0.6861599606299212
20
0.3651486614173228
11
0.6891732283464567
21
0.365748031496063
0
LINE
8
BLACK
6
CONTINUOUS
10
0.6891732283464567
20
0.365748031496063
11
0.7108267716535432
21
0.365748031496063
0
LINE
8
BLACK
6
CONTINUOUS
10
0.7108267716535432
20
0.365748031496063
11
0.7138400393700787
21
0.3651486614173228
0
LINE
8
BLACK
6
CONTINUOUS
10
0.7138400393700787
20
0.3651486614173228
11
0.7163945275590551
21
0.3634417716535433
0
LINE
8
BLACK
6
CONTINUOUS
10
0.7163945275590551
20
0.3634417716535433
11
0.7181014173228346
21
0.3608872834645669
0
LINE
8
BLACK
6
CONTINUOUS
10
0.7181014173228346
20
0.3608872834645669
11
0.7187007874015748
21
0.3578740157480315
0
LINE
8
BLACK
6
CONTINUOUS
10
0.7187007874015748
20
0.3578740157480315
11
0.7187007874015748
21
0.3421259842519685
0
LINE
8
BLACK
6
CONTINUOUS
10
0.7187007874015748
20
0.3421259842519685
11
0.7181014173228346
21
0.3391127165354331
0
LINE
8
BLACK
6
CONTINUOUS
10
0.7181014173228346
20
0.3391127165354331
11
0.7163945275590551
21
0.3365582283464567
0
LINE
8
BLACK
6
CONTINUOUS
10
0.7163945275590551
20
0.3365582283464567
11
0.7138400393700787
21
0.3348513385826772
0
LINE
8
BLACK
6
CONTINUOUS
10
0.7138400393700787
20
0.3348513385826772
11
0.7108267716535432
21
0.334251968503937
0
LINE
8
BLACK
6
CONTINUOUS
10
0.7108267716535432
20
0.334251968503937
11
0.7001714173228346
21
0.334251968503937
0
LINE
8
BLACK
6
CONTINUOUS
10
0.7001714173228346
20
0.334251968503937
11
0.6856133070866142
21
0.3196938582677165
0
LINE
8
BLACK
6
CONTINUOUS
10
0.6856133070866142
20
0.3196938582677165
11
0.6856133070866142
21
0.3163061417322834
0
LINE
8
BLACK
6
CONTINUOUS
10
0.6856133070866142
20
0.3163061417322834
11
0.6992107874015748
21
0.3027086614173228
0
LINE
8
BLACK
6
CONTINUOUS
10
0.6992107874015748
20
0.3027086614173228
11
0.7108267716535432
21
0.3027086614173228
0
LINE
8
BLACK
6
CONTINUOUS
10
0.7108267716535432
20
0.3027086614173228
11
0.7138400393700787
21
0.3021092913385827
0
LINE
8
BLACK
6
CONTINUOUS
10
0.7138400393700787
20
0.3021092913385827
11
0.7163945275590551
21
0.3004024015748031
0
LINE
8
BLACK
6
CONTINUOUS
10
0.7163945275590551
20
0.3004024015748031
11
0.7181014173228346
21
0.2978479133858268
0
LINE
8
BLACK
6
CONTINUOUS
10
0.7181014173228346
20
0.2978479133858268
11
0.7187007874015748
21
0.2948346456692914
0
LINE
8
BLACK
6
CONTINUOUS
10
0.7187007874015748
20
0.2948346456692914
11
0.7187007874015748
21
0.2790866141732283
0
LINE
8
BLACK
6
CONTINUOUS
10
0.7187007874015748
20
0.2790866141732283
11
0.7181014173228346
21
0.2760733464566929
0
LINE
8
BLACK
6
CONTINUOUS
10
0.7181014173228346
20
0.2760733464566929
11
0.7163945275590551
21
0.2735188582677165
0
LINE
8
BLACK
6
CONTINUOUS
10
0.7163945275590551
20
0.2735188582677165
11
0.7138400393700787
21
0.271811968503937
0
LINE
8
BLACK
6
CONTINUOUS
10
0.7138400393700787
20
0.271811968503937
11
0.7108267716535432
21
0.2712125984251968
0
LINE
8
BLACK
6
CONTINUOUS
10
0.7108267716535432
20
0.2712125984251968
11
0.6891732283464567
21
0.2712125984251968
0
LINE
8
BLACK
6
CONTINUOUS
10
0.6891732283464567
20
0.2712125984251968
11
0.6861599606299212
21
0.271811968503937
0
LINE
8
BLACK
6
CONTINUOUS
10
0.6861599606299212
20
0.271811968503937
11
0.6836054724409448
21
0.2735188582677165
0
LINE
8
BLACK
6
CONTINUOUS
10
0.6836054724409448
20
0.2735188582677165
11
0.6818985826771653
21
0.2760733464566929
0
LINE
8
BLACK
6
CONTINUOUS
10
0.6818985826771653
20
0.2760733464566929
11
0.6812992125984252
21
0.2790866141732283
0
LINE
8
BLACK
6
CONTINUOUS
10
0.6812992125984252
20
0.2790866141732283
11
0.6812992125984252
21
0.2927813385826772
0
LINE
8
BLACK
6
CONTINUOUS
10
0.6812992125984252
20
0.2927813385826772
11
0.6716938582677165
21
0.3023866929133858
0
LINE
8
BLACK
6
CONTINUOUS
10
0.6716938582677165
20
0.3023866929133858
11
0.6679444881889763
21
0.3023866929133858
0
LINE
8
BLACK
6
CONTINUOUS
10
0.6679444881889763
20
0.3023866929133858
11
0.665075
21
0.3031555905511811
0
LINE
8
BLACK
6
CONTINUOUS
10
0.665075
20
0.3031555905511811
11
0.6527007874015748
21
0.2907813385826772
0
LINE
8
BLACK
6
CONTINUOUS
10
0.6527007874015748
20
0.2907813385826772
11
0.6527007874015748
21
0.2781259842519685
0
LINE
8
BLACK
6
CONTINUOUS
10
0.6527007874015748
20
0.2781259842519685
11
0.6521014173228347
21
0.2751127165354331
0
LINE
8
BLACK
6
CONTINUOUS
10
0.6521014173228347
20
0.2751127165354331
11
0.6503945275590551
21
0.2725582283464567
0
LINE
8
BLACK
6
CONTINUOUS
10
0.6503945275590551
20
0.2725582283464567
11
0.6478400393700787
21
0.2708513385826772
0
LINE
8
BLACK
6
CONTINUOUS
10
0.6478400393700787
20
0.2708513385826772
11
0.6448267716535433
21
0.270251968503937
0
LINE
8
BLACK
6
CONTINUOUS
10
0.6448267716535433
20
0.270251968503937
11
0.6231732283464567
21
0.270251968503937
0
LINE
8
BLACK
6
CONTINUOUS
10
0.6231732283464567
20
0.270251968503937
11
0.6201599606299213
21
0.2708513385826772
0
LINE
8
BLACK
6
CONTINUOUS
10
0.6201599606299213
20
0.2708513385826772
11
0.6176054724409449
21
0.2725582283464567
0
LINE
8
BLACK
6
CONTINUOUS
10
0.6176054724409449
20
0.2725582283464567
11
0.6158985826771654
21
0.2751127165354331
0
LINE
8
BLACK
6
CONTINUOUS
10
0.6158985826771654
20
0.2751127165354331
11
0.6152992125984252
21
0.2781259842519685
0
LINE
8
BLACK
6
CONTINUOUS
10
0.6152992125984252
20
0.2781259842519685
11
0.6152992125984252
21
0.2938740157480315
0
LINE
8
BLACK
6
CONTINUOUS
10
0.6152992125984252
20
0.2938740157480315
11
0.6158985826771654
21
0.2968872834645669
0
LINE
8
BLACK
6
CONTINUOUS
10
0.6158985826771654
20
0.2968872834645669
11
0.6176054724409449
21
0.2994417716535433
0
LINE
8
BLACK
6
CONTINUOUS
10
0.6176054724409449
20
0.2994417716535433
11
0.6201599606299213
21
0.3011486614173228
0
LINE
8
BLACK
6
CONTINUOUS
10
0.6201599606299213
20
0.3011486614173228
11
0.6231732283464567
21
0.301748031496063
0
LINE
8
BLACK
6
CONTINUOUS
10
0.6231732283464567
20
0.301748031496063
11
0.6358285826771654
21
0.301748031496063
0
LINE
8
BLACK
6
CONTINUOUS
10
0.6358285826771654
20
0.301748031496063
11
0.6525805511811024
21
0.3185
0
LINE
8
BLACK
6
CONTINUOUS
10
0.6525805511811024
20
0.3185
11
0.6368285826771654
21
0.334251968503937
0
LINE
8
BLACK
6
CONTINUOUS
10
0.6368285826771654
20
0.334251968503937
11
0.6241732283464567
21
0.334251968503937
0
LINE
8
BLACK
6
CONTINUOUS
10
0.6241732283464567
20
0.334251968503937
11
0.6211599606299213
21
0.3348513385826772
0
LINE
8
BLACK
6
CONTINUOUS
10
0.6211599606299213
20
0.3348513385826772
11
0.6186054724409449
21
0.3365582283464567
0
LINE
8
BLACK
6
CONTINUOUS
10
0.6186054724409449
20
0.3365582283464567
11
0.6168985826771654
21
0.3391127165354331
0
LINE
8
BLACK
6
CONTINUOUS
10
0.6168985826771654
20
0.3391127165354331
11
0.6162992125984251
21
0.3421259842519685
0
LINE
8
BLACK
6
CONTINUOUS
10
0.6162992125984251
20
0.3421259842519685
11
0.6162992125984251
21
0.3578740157480315
0
LINE
8
BLACK
6
CONTINUOUS
10
0.6162992125984251
20
0.3578740157480315
11
0.6168985826771654
21
0.3608872834645669
0
LINE
8
BLACK
6
CONTINUOUS
10
0.6168985826771654
20
0.3608872834645669
11
0.6186054724409449
21
0.3634417716535433
0
LINE
8
BLACK
6
CONTINUOUS
10
0.6186054724409449
20
0.3634417716535433
11
0.6211599606299213
21
0.3651486614173228
0
LINE
8
BLACK
6
CONTINUOUS
10
0.6211599606299213
20
0.3651486614173228
11
0.6241732283464567
21
0.365748031496063
0
LINE
8
BLACK
6
CONTINUOUS
10
0.6241732283464567
20
0.365748031496063
11
0.6458267716535433
21
0.365748031496063
0
LINE
8
BLACK
6
CONTINUOUS
10
0.6458267716535433
20
0.365748031496063
11
0.6488400393700787
21
0.3651486614173228
0
LINE
8
BLACK
6
CONTINUOUS
10
0.5769191732283464
20
0.3693818897637795
11
0.6067022834645669
21
0.3693818897637795
0
LINE
8
BLACK
6
CONTINUOUS
10
0.6067022834645669
20
0.3693818897637795
11
0.6087623622047243
21
0.3685285826771654
0
LINE
8
BLACK
6
CONTINUOUS
10
0.6087623622047243
20
0.3685285826771654
11
0.6096156692913386
21
0.3664685039370079
0
LINE
8
BLACK
6
CONTINUOUS
10
0.6096156692913386
20
0.3664685039370079
11
0.6092981102362205
21
0.3651458267716535
0
LINE
8
BLACK
6
CONTINUOUS
10
0.6092981102362205
20
0.3651458267716535
11
0.6082320866141732
21
0.3630537401574803
0
LINE
8
BLACK
6
CONTINUOUS
10
0.6082320866141732
20
0.3630537401574803
11
0.6082320866141732
21
0.3630536614173228
0
LINE
8
BLACK
6
CONTINUOUS
10
0.6082320866141732
20
0.3630536614173228
11
0.6076181102362205
21
0.3591770866141732
0
LINE
8
BLACK
6
CONTINUOUS
10
0.6076181102362205
20
0.3591770866141732
11
0.6076181102362205
21
0.3408229527559055
0
LINE
8
BLACK
6
CONTINUOUS
10
0.6076181102362205
20
0.3408229527559055
11
0.6082320472440945
21
0.3369463779527559
0
LINE
8
BLACK
6
CONTINUOUS
10
0.6082320472440945
20
0.3369463779527559
11
0.6082320866141732
21
0.3369463385826771
0
LINE
8
BLACK
6
CONTINUOUS
10
0.6082320866141732
20
0.3369463385826771
11
0.6091702362204724
21
0.3351051574803149
0
LINE
8
BLACK
6
CONTINUOUS
10
0.6091702362204724
20
0.3351051574803149
11
0.610612874015748
21
0.3322738188976378
0
LINE
8
BLACK
6
CONTINUOUS
10
0.610612874015748
20
0.3322738188976378
11
0.614321062992126
21
0.3285656299212598
0
LINE
8
BLACK
6
CONTINUOUS
10
0.614321062992126
20
0.3285656299212598
11
0.6189936220472441
21
0.326184842519685
0
LINE
8
BLACK
6
CONTINUOUS
10
0.6189936220472441
20
0.326184842519685
11
0.6228701968503937
21
0.3255708661417323
0
LINE
8
BLACK
6
CONTINUOUS
10
0.6228701968503937
20
0.3255708661417323
11
0.6320259842519685
21
0.325570905511811
0
LINE
8
BLACK
6
CONTINUOUS
10
0.6320259842519685
20
0.325570905511811
11
0.634086062992126
21
0.3247175984251968
0
LINE
8
BLACK
6
CONTINUOUS
10
0.634086062992126
20
0.3247175984251968
11
0.6382435433070865
21
0.3205601181102362
0
LINE
8
BLACK
6
CONTINUOUS
10
0.6382435433070865
20
0.3205601181102362
11
0.6390968503937008
21
0.3185000393700788
0
LINE
8
BLACK
6
CONTINUOUS
10
0.6390968503937008
20
0.3185000393700788
11
0.6382435433070865
21
0.3164399606299212
0
LINE
8
BLACK
6
CONTINUOUS
10
0.6382435433070865
20
0.3164399606299212
11
0.6330860236220472
21
0.3112824409448819
0
LINE
8
BLACK
6
CONTINUOUS
10
0.6330860236220472
20
0.3112824409448819
11
0.6310259448818898
21
0.3104291338582677
0
LINE
8
BLACK
6
CONTINUOUS
10
0.6310259448818898
20
0.3104291338582677
11
0.6218701574803149
21
0.3104291338582677
0
LINE
8
BLACK
6
CONTINUOUS
10
0.6218701574803149
20
0.3104291338582677
11
0.6179935826771653
21
0.3098151968503937
0
LINE
8
BLACK
6
CONTINUOUS
10
0.6179935826771653
20
0.3098151968503937
11
0.6179935433070866
21
0.309815157480315
0
LINE
8
BLACK
6
CONTINUOUS
10
0.6179935433070866
20
0.309815157480315
11
0.6133209842519685
21
0.3074343307086614
0
LINE
8
BLACK
6
CONTINUOUS
10
0.6133209842519685
20
0.3074343307086614
11
0.6096129133858268
21
0.3037262598425197
0
LINE
8
BLACK
6
CONTINUOUS
10
0.6096129133858268
20
0.3037262598425197
11
0.6072320866141732
21
0.2990537007874016
0
LINE
8
BLACK
6
CONTINUOUS
10
0.6072320866141732
20
0.2990537007874016
11
0.6072320866141732
21
0.2990536614173228
0
LINE
8
BLACK
6
CONTINUOUS
10
0.6072320866141732
20
0.2990536614173228
11
0.6066181102362205
21
0.2951770866141732
0
LINE
8
BLACK
6
CONTINUOUS
10
0.6066181102362205
20
0.2951770866141732
11
0.6066181102362205
21
0.2882601181102362
0
LINE
8
BLACK
6
CONTINUOUS
10
0.6066181102362205
20
0.2882601181102362
11
0.6057648031496062
21
0.2862000393700787
0
LINE
8
BLACK
6
CONTINUOUS
10
0.6057648031496062
20
0.2862000393700787
11
0.6037047244094488
21
0.2853467322834646
0
LINE
8
BLACK
6
CONTINUOUS
10
0.6037047244094488
20
0.2853467322834646
11
0.6016446456692913
21
0.2862000393700787
0
LINE
8
BLACK
6
CONTINUOUS
10
0.6016446456692913
20
0.2862000393700787
11
0.5668369685039369
21
0.3210077165354331
0
LINE
8
BLACK
6
CONTINUOUS
10
0.5668369685039369
20
0.3210077165354331
11
0.5659836614173228
21
0.3230677952755905
0
LINE
8
BLACK
6
CONTINUOUS
10
0.5659836614173228
20
0.3230677952755905
11
0.5660395669291338
21
0.3236356692913386
0
LINE
8
BLACK
6
CONTINUOUS
10
0.5660395669291338
20
0.3236356692913386
11
0.5664291338582677
21
0.325593937007874
0
LINE
8
BLACK
6
CONTINUOUS
10
0.5664291338582677
20
0.325593937007874
11
0.5664291338582677
21
0.330406062992126
0
LINE
8
BLACK
6
CONTINUOUS
10
0.5664291338582677
20
0.330406062992126
11
0.56549031496063
21
0.3351257086614173
0
LINE
8
BLACK
6
CONTINUOUS
10
0.56549031496063
20
0.3351257086614173
11
0.5644070078740158
21
0.3377411023622047
0
LINE
8
BLACK
6
CONTINUOUS
10
0.5644070078740158
20
0.3377411023622047
11
0.5636488582677165
21
0.3395714566929134
0
LINE
8
BLACK
6
CONTINUOUS
10
0.5636488582677165
20
0.3395714566929134
11
0.5634629921259843
21
0.3398496062992126
0
LINE
8
BLACK
6
CONTINUOUS
10
0.5634629921259843
20
0.3398496062992126
11
0.5609753543307087
21
0.3435726377952756
0
LINE
8
BLACK
6
CONTINUOUS
10
0.5609753543307087
20
0.3435726377952756
11
0.5575726377952755
21
0.3469753543307086
0
LINE
8
BLACK
6
CONTINUOUS
10
0.5575726377952755
20
0.3469753543307086
11
0.5574988582677165
21
0.3470246456692913
0
LINE
8
BLACK
6
CONTINUOUS
10
0.5574988582677165
20
0.3470246456692913
11
0.5535714173228347
21
0.3496488976377953
0
LINE
8
BLACK
6
CONTINUOUS
10
0.5535714173228347
20
0.3496488976377953
11
0.5491258661417323
21
0.3514902755905512
0
LINE
8
BLACK
6
CONTINUOUS
10
0.5491258661417323
20
0.3514902755905512
11
0.5491254724409449
21
0.3514903937007874
0
LINE
8
BLACK
6
CONTINUOUS
10
0.5491254724409449
20
0.3514903937007874
11
0.5458605905511811
21
0.3521398031496063
0
LINE
8
BLACK
6
CONTINUOUS
10
0.5458605905511811
20
0.3521398031496063
11
0.544406062992126
21
0.3524291338582677
0
LINE
8
BLACK
6
CONTINUOUS
10
0.544406062992126
20
0.3524291338582677
11
0.5395939370078741
21
0.3524291338582677
0
LINE
8
BLACK
6
CONTINUOUS
10
0.5395939370078741
20
0.3524291338582677
11
0.5381394094488189
21
0.3521398031496063
0
LINE
8
BLACK
6
CONTINUOUS
10
0.5381394094488189
20
0.3521398031496063
11
0.5353787007874016
21
0.3515906692913386
0
LINE
8
BLACK
6
CONTINUOUS
10
0.5353787007874016
20
0.3515906692913386
11
0.5331917322834645
21
0.3520256692913385
0
LINE
8
BLACK
6
CONTINUOUS
10
0.5331917322834645
20
0.3520256692913385
11
0.5319529133858267
21
0.3538796850393701
0
LINE
8
BLACK
6
CONTINUOUS
10
0.5319529133858267
20
0.3538796850393701
11
0.5321186614173228
21
0.355562874015748
0
LINE
8
BLACK
6
CONTINUOUS
10
0.5321186614173228
20
0.355562874015748
11
0.5334903149606299
21
0.3588742913385827
0
LINE
8
BLACK
6
CONTINUOUS
10
0.5334903149606299
20
0.3588742913385827
11
0.5344291338582677
21
0.363593937007874
0
LINE
8
BLACK
6
CONTINUOUS
10
0.5344291338582677
20
0.363593937007874
11
0.5344291338582677
21
0.3664685039370079
0
LINE
8
BLACK
6
CONTINUOUS
10
0.5344291338582677
20
0.3664685039370079
11
0.5352824409448819
21
0.3685285826771654
0
LINE
8
BLACK
6
CONTINUOUS
10
0.5352824409448819
20
0.3685285826771654
11
0.5373425196850393
21
0.3693818897637795
0
LINE
8
BLACK
6
CONTINUOUS
10
0.5373425196850393
20
0.3693818897637795
11
0.5710808267716535
21
0.3693818897637795
0
LINE
8
BLACK
6
CONTINUOUS
10
0.5710808267716535
20
0.3693818897637795
11
0.5719444881889764
21
0.3696133070866142
0
LINE
8
BLACK
6
CONTINUOUS
10
0.5719444881889764
20
0.3696133070866142
11
0.5760555118110237
21
0.3696133070866142
0
LINE
8
BLACK
6
CONTINUOUS
10
0.5760555118110237
20
0.3696133070866142
11
0.5769191732283464
21
0.3693818897637795
0
LINE
8
BLACK
6
CONTINUOUS
10
0.4675196850393701
20
0.4371023622047244
11
0.4665354330708661
21
0.4371023622047244
0
LINE
8
BLACK
6
CONTINUOUS
10
0.4665354330708661
20
0.4371023622047244
11
0.4665354330708661
21
0.3377075984251968
0
LINE
8
BLACK
6
CONTINUOUS
10
0.4665354330708661
20
0.3377075984251968
11
0.4686249212598425
21
0.3371477165354331
0
LINE
8
BLACK
6
CONTINUOUS
10
0.4686249212598425
20
0.3371477165354331
11
0.4721852362204724
21
0.3350921653543307
0
LINE
8
BLACK
6
CONTINUOUS
10
0.4721852362204724
20
0.3350921653543307
11
0.4750921653543307
21
0.3321852362204724
0
LINE
8
BLACK
6
CONTINUOUS
10
0.4750921653543307
20
0.3321852362204724
11
0.4771477165354331
21
0.3286249212598425
0
LINE
8
BLACK
6
CONTINUOUS
10
0.4771477165354331
20
0.3286249212598425
11
0.4782117322834645
21
0.324653937007874
0
LINE
8
BLACK
6
CONTINUOUS
10
0.4782117322834645
20
0.324653937007874
11
0.4782117322834645
21
0.3205429133858267
0
LINE
8
BLACK
6
CONTINUOUS
10
0.4782117322834645
20
0.3205429133858267
11
0.4771477165354331
21
0.3165719291338583
0
LINE
8
BLACK
6
CONTINUOUS
10
0.4771477165354331
20
0.3165719291338583
11
0.4750921653543307
21
0.3130116141732283
0
LINE
8
BLACK
6
CONTINUOUS
10
0.4750921653543307
20
0.3130116141732283
11
0.4721852362204724
21
0.3101046850393701
0
LINE
8
BLACK
6
CONTINUOUS
10
0.4721852362204724
20
0.3101046850393701
11
0.4686249212598425
21
0.3080491338582677
0
LINE
8
BLACK
6
CONTINUOUS
10
0.4686249212598425
20
0.3080491338582677
11
0.464653937007874
21
0.3069851181102362
0
LINE
8
BLACK
6
CONTINUOUS
10
0.464653937007874
20
0.3069851181102362
11
0.4605429133858268
21
0.3069851181102362
0
LINE
8
BLACK
6
CONTINUOUS
10
0.4605429133858268
20
0.3069851181102362
11
0.4565719291338582
21
0.3080491338582677
0
LINE
8
BLACK
6
CONTINUOUS
10
0.4565719291338582
20
0.3080491338582677
11
0.4530116141732283
21
0.3101046850393701
0
LINE
8
BLACK
6
CONTINUOUS
10
0.4530116141732283
20
0.3101046850393701
11
0.4501046850393701
21
0.3130116141732283
0
LINE
8
BLACK
6
CONTINUOUS
10
0.4501046850393701
20
0.3130116141732283
11
0.4480491338582677
21
0.3165719291338583
0
LINE
8
BLACK
6
CONTINUOUS
10
0.4480491338582677
20
0.3165719291338583
11
0.4469851181102362
21
0.3205429133858267
0
LINE
8
BLACK
6
CONTINUOUS
10
0.4469851181102362
20
0.3205429133858267
11
0.4469851181102362
21
0.324653937007874
0
LINE
8
BLACK
6
CONTINUOUS
10
0.4469851181102362
20
0.324653937007874
11
0.4480491338582677
21
0.3286249212598425
0
LINE
8
BLACK
6
CONTINUOUS
10
0.4480491338582677
20
0.3286249212598425
11
0.4501046850393701
21
0.3321852362204724
0
LINE
8
BLACK
6
CONTINUOUS
10
0.4501046850393701
20
0.3321852362204724
11
0.4530116141732283
21
0.3350921653543307
0
LINE
8
BLACK
6
CONTINUOUS
10
0.4530116141732283
20
0.3350921653543307
11
0.4565719291338582
21
0.3371477165354331
0
LINE
8
BLACK
6
CONTINUOUS
10
0.4565719291338582
20
0.3371477165354331
11
0.4586614173228346
21
0.3377075984251968
0
LINE
8
BLACK
6
CONTINUOUS
10
0.4586614173228346
20
0.3377075984251968
11
0.4586614173228346
21
0.4371023622047244
0
LINE
8
BLACK
6
CONTINUOUS
10
0.4586614173228346
20
0.4371023622047244
11
0.4576771653543307
21
0.4371023622047244
0
LINE
8
BLACK
6
CONTINUOUS
10
0.4576771653543307
20
0.4371023622047244
11
0.4576771653543307
21
0.4626929133858267
0
LINE
8
BLACK
6
CONTINUOUS
10
0.4576771653543307
20
0.4626929133858267
11
0.4675196850393701
21
0.4626929133858267
0
LINE
8
BLACK
6
CONTINUOUS
10
0.4675196850393701
20
0.4626929133858267
11
0.4675196850393701
21
0.4371023622047244
0
LINE
8
BLACK
6
CONTINUOUS
10
0.5068897637795275
20
0.4371023622047244
11
0.5059055118110236
21
0.4371023622047244
0
LINE
8
BLACK
6
CONTINUOUS
10
0.5059055118110236
20
0.4371023622047244
11
0.5059055118110236
21
0.381066968503937
0
LINE
8
BLACK
6
CONTINUOUS
10
0.5059055118110236
20
0.381066968503937
11
0.5079444881889764
21
0.3816133070866142
0
LINE
8
BLACK
6
CONTINUOUS
10
0.5079444881889764
20
0.3816133070866142
11
0.5120555118110236
21
0.3816133070866142
0
LINE
8
BLACK
6
CONTINUOUS
10
0.5120555118110236
20
0.3816133070866142
11
0.5160264960629921
21
0.3805492913385827
0
LINE
8
BLACK
6
CONTINUOUS
10
0.5160264960629921
20
0.3805492913385827
11
0.519586811023622
21
0.3784937401574803
0
LINE
8
BLACK
6
CONTINUOUS
10
0.519586811023622
20
0.3784937401574803
11
0.5224937401574803
21
0.375586811023622
0
LINE
8
BLACK
6
CONTINUOUS
10
0.5224937401574803
20
0.375586811023622
11
0.5245492913385826
21
0.3720264960629921
0
LINE
8
BLACK
6
CONTINUOUS
10
0.5245492913385826
20
0.3720264960629921
11
0.5256133070866141
21
0.3680555118110236
0
LINE
8
BLACK
6
CONTINUOUS
10
0.5256133070866141
20
0.3680555118110236
11
0.5256133070866141
21
0.3639444881889763
0
LINE
8
BLACK
6
CONTINUOUS
10
0.5256133070866141
20
0.3639444881889763
11
0.5245492913385826
21
0.3599735039370079
0
LINE
8
BLACK
6
CONTINUOUS
10
0.5245492913385826
20
0.3599735039370079
11
0.5224937401574803
21
0.356413188976378
0
LINE
8
BLACK
6
CONTINUOUS
10
0.5224937401574803
20
0.356413188976378
11
0.519586811023622
21
0.3535062598425197
0
LINE
8
BLACK
6
CONTINUOUS
10
0.519586811023622
20
0.3535062598425197
11
0.5160264960629921
21
0.3514507086614173
0
LINE
8
BLACK
6
CONTINUOUS
10
0.5160264960629921
20
0.3514507086614173
11
0.5120555118110236
21
0.3503866929133858
0
LINE
8
BLACK
6
CONTINUOUS
10
0.5120555118110236
20
0.3503866929133858
11
0.5079444881889764
21
0.3503866929133858
0
LINE
8
BLACK
6
CONTINUOUS
10
0.5079444881889764
20
0.3503866929133858
11
0.5039735039370079
21
0.3514507086614173
0
LINE
8
BLACK
6
CONTINUOUS
10
0.5039735039370079
20
0.3514507086614173
11
0.500413188976378
21
0.3535062598425197
0
LINE
8
BLACK
6
CONTINUOUS
10
0.500413188976378
20
0.3535062598425197
11
0.4975062598425197
21
0.356413188976378
0
LINE
8
BLACK
6
CONTINUOUS
10
0.4975062598425197
20
0.356413188976378
11
0.4954507086614173
21
0.3599735039370079
0
LINE
8
BLACK
6
CONTINUOUS
10
0.4954507086614173
20
0.3599735039370079
11
0.4943866929133858
21
0.3639444881889763
0
LINE
8
BLACK
6
CONTINUOUS
10
0.4943866929133858
20
0.3639444881889763
11
0.4943866929133858
21
0.3680555118110236
0
LINE
8
BLACK
6
CONTINUOUS
10
0.4943866929133858
20
0.3680555118110236
11
0.4954507086614173
21
0.3720264960629921
0
LINE
8
BLACK
6
CONTINUOUS
10
0.4954507086614173
20
0.3720264960629921
11
0.4975062598425197
21
0.375586811023622
0
LINE
8
BLACK
6
CONTINUOUS
10
0.4975062598425197
20
0.375586811023622
11
0.4980314960629921
21
0.3761120472440945
0
LINE
8
BLACK
6
CONTINUOUS
10
0.4980314960629921
20
0.3761120472440945
11
0.4980314960629921
21
0.4371023622047244
0
LINE
8
BLACK
6
CONTINUOUS
10
0.4980314960629921
20
0.4371023622047244
11
0.4970472440944882
21
0.4371023622047244
0
LINE
8
BLACK
6
CONTINUOUS
10
0.4970472440944882
20
0.4371023622047244
11
0.4970472440944882
21
0.4626929133858267
0
LINE
8
BLACK
6
CONTINUOUS
10
0.4970472440944882
20
0.4626929133858267
11
0.5068897637795275
21
0.4626929133858267
0
LINE
8
BLACK
6
CONTINUOUS
10
0.5068897637795275
20
0.4626929133858267
11
0.5068897637795275
21
0.4371023622047244
0
LINE
8
BLACK
6
CONTINUOUS
10
0.4478346456692913
20
0.4371023622047244
11
0.4468503937007874
21
0.4371023622047244
0
LINE
8
BLACK
6
CONTINUOUS
10
0.4468503937007874
20
0.4371023622047244
11
0.4468503937007874
21
0.3869133858267716
0
LINE
8
BLACK
6
CONTINUOUS
10
0.4468503937007874
20
0.3869133858267716
11
0.4467747637795276
21
0.3861453149606299
0
LINE
8
BLACK
6
CONTINUOUS
10
0.4467747637795276
20
0.3861453149606299
11
0.4461868897637795
21
0.3847261023622047
0
LINE
8
BLACK
6
CONTINUOUS
10
0.4461868897637795
20
0.3847261023622047
11
0.4456972834645669
21
0.3841294881889764
0
LINE
8
BLACK
6
CONTINUOUS
10
0.4456972834645669
20
0.3841294881889764
11
0.4327838976377953
21
0.3712161023622047
0
LINE
8
BLACK
6
CONTINUOUS
10
0.4327838976377953
20
0.3712161023622047
11
0.4321872834645669
21
0.3707264960629921
0
LINE
8
BLACK
6
CONTINUOUS
10
0.4321872834645669
20
0.3707264960629921
11
0.4307680708661417
21
0.3701386220472441
0
LINE
8
BLACK
6
CONTINUOUS
10
0.4307680708661417
20
0.3701386220472441
11
0.43
21
0.3700629921259843
0
LINE
8
BLACK
6
CONTINUOUS
10
0.43
20
0.3700629921259843
11
0.38
21
0.3700629921259843
0
LINE
8
BLACK
6
CONTINUOUS
10
0.38
20
0.3700629921259843
11
0.3792319291338583
21
0.3701386220472441
0
LINE
8
BLACK
6
CONTINUOUS
10
0.3792319291338583
20
0.3701386220472441
11
0.3782283464566929
21
0.3705543307086614
0
LINE
8
BLACK
6
CONTINUOUS
10
0.3782283464566929
20
0.3705543307086614
11
0.3778126771653543
21
0.3707264960629921
0
LINE
8
BLACK
6
CONTINUOUS
10
0.3778126771653543
20
0.3707264960629921
11
0.3772161023622047
21
0.3712161417322835
0
LINE
8
BLACK
6
CONTINUOUS
10
0.3772161023622047
20
0.3712161417322835
11
0.3539725984251968
21
0.3944596456692913
0
LINE
8
BLACK
6
CONTINUOUS
10
0.3539725984251968
20
0.3944596456692913
11
0.3538400393700787
21
0.3943710236220472
0
LINE
8
BLACK
6
CONTINUOUS
10
0.3538400393700787
20
0.3943710236220472
11
0.3508267716535433
21
0.3937716535433071
0
LINE
8
BLACK
6
CONTINUOUS
10
0.3508267716535433
20
0.3937716535433071
11
0.3291732283464567
21
0.3937716535433071
0
LINE
8
BLACK
6
CONTINUOUS
10
0.3291732283464567
20
0.3937716535433071
11
0.3261599606299213
21
0.3943710236220472
0
LINE
8
BLACK
6
CONTINUOUS
10
0.3261599606299213
20
0.3943710236220472
11
0.3236054724409449
21
0.3960779133858268
0
LINE
8
BLACK
6
CONTINUOUS
10
0.3236054724409449
20
0.3960779133858268
11
0.3218985826771654
21
0.3986324015748031
0
LINE
8
BLACK
6
CONTINUOUS
10
0.3218985826771654
20
0.3986324015748031
11
0.3212992125984252
21
0.4016456692913385
0
LINE
8
BLACK
6
CONTINUOUS
10
0.3212992125984252
20
0.4016456692913385
11
0.3212992125984252
21
0.4055826771653543
0
LINE
8
BLACK
6
CONTINUOUS
10
0.3212992125984252
20
0.4055826771653543
11
0.3163836614173228
21
0.4055826771653543
0
LINE
8
BLACK
6
CONTINUOUS
10
0.3163836614173228
20
0.4055826771653543
11
0.3154165748031496
21
0.4019735039370079
0
LINE
8
BLACK
6
CONTINUOUS
10
0.3154165748031496
20
0.4019735039370079
11
0.3133610236220473
21
0.398413188976378
0
LINE
8
BLACK
6
CONTINUOUS
10
0.3133610236220473
20
0.398413188976378
11
0.3104540944881889
21
0.3955062598425197
0
LINE
8
BLACK
6
CONTINUOUS
10
0.3104540944881889
20
0.3955062598425197
11
0.306893779527559
21
0.3934507086614173
0
LINE
8
BLACK
6
CONTINUOUS
10
0.306893779527559
20
0.3934507086614173
11
0.3029227952755905
21
0.3923866929133858
0
LINE
8
BLACK
6
CONTINUOUS
10
0.3029227952755905
20
0.3923866929133858
11
0.2988117716535433
21
0.3923866929133858
0
LINE
8
BLACK
6
CONTINUOUS
10
0.2988117716535433
20
0.3923866929133858
11
0.2948407874015748
21
0.3934507086614173
0
LINE
8
BLACK
6
CONTINUOUS
10
0.2948407874015748
20
0.3934507086614173
11
0.2912804724409448
21
0.3955062598425197
0
LINE
8
BLACK
6
CONTINUOUS
10
0.2912804724409448
20
0.3955062598425197
11
0.2883735433070866
21
0.398413188976378
0
LINE
8
BLACK
6
CONTINUOUS
10
0.2883735433070866
20
0.398413188976378
11
0.2863179921259842
21
0.4019735039370079
0
LINE
8
BLACK
6
CONTINUOUS
10
0.2863179921259842
20
0.4019735039370079
11
0.2852539763779527
21
0.4059444881889764
0
LINE
8
BLACK
6
CONTINUOUS
10
0.2852539763779527
20
0.4059444881889764
11
0.2852539763779527
21
0.4100555118110236
0
LINE
8
BLACK
6
CONTINUOUS
10
0.2852539763779527
20
0.4100555118110236
11
0.2863179921259842
21
0.4140264960629921
0
LINE
8
BLACK
6
CONTINUOUS
10
0.2863179921259842
20
0.4140264960629921
11
0.2883735433070866
21
0.4175868110236221
0
LINE
8
BLACK
6
CONTINUOUS
10
0.2883735433070866
20
0.4175868110236221
11
0.2912804724409448
21
0.4204937401574803
0
LINE
8
BLACK
6
CONTINUOUS
10
0.2912804724409448
20
0.4204937401574803
11
0.2948407874015748
21
0.4225492913385827
0
LINE
8
BLACK
6
CONTINUOUS
10
0.2948407874015748
20
0.4225492913385827
11
0.2988117716535433
21
0.4236133070866142
0
LINE
8
BLACK
6
CONTINUOUS
10
0.2988117716535433
20
0.4236133070866142
11
0.3029227952755905
21
0.4236133070866142
0
LINE
8
BLACK
6
CONTINUOUS
10
0.3029227952755905
20
0.4236133070866142
11
0.306893779527559
21
0.4225492913385827
0
LINE
8
BLACK
6
CONTINUOUS
10
0.306893779527559
20
0.4225492913385827
11
0.3104540944881889
21
0.4204937401574803
0
LINE
8
BLACK
6
CONTINUOUS
10
0.3104540944881889
20
0.4204937401574803
11
0.3133610236220473
21
0.4175868110236221
0
LINE
8
BLACK
6
CONTINUOUS
10
0.3133610236220473
20
0.4175868110236221
11
0.3154165748031496
21
0.4140264960629921
0
LINE
8
BLACK
6
CONTINUOUS
10
0.3154165748031496
20
0.4140264960629921
11
0.3155692519685039
21
0.4134566929133858
0
LINE
8
BLACK
6
CONTINUOUS
10
0.3155692519685039
20
0.4134566929133858
11
0.3212992125984252
21
0.4134566929133858
0
LINE
8
BLACK
6
CONTINUOUS
10
0.3212992125984252
20
0.4134566929133858
11
0.3212992125984252
21
0.4173937007874016
0
LINE
8
BLACK
6
CONTINUOUS
10
0.3212992125984252
20
0.4173937007874016
11
0.3218985826771654
21
0.420406968503937
0
LINE
8
BLACK
6
CONTINUOUS
10
0.3218985826771654
20
0.420406968503937
11
0.3236054724409449
21
0.4229614566929134
0
LINE
8
BLACK
6
CONTINUOUS
10
0.3236054724409449
20
0.4229614566929134
11
0.3261599606299213
21
0.4246683464566929
0
LINE
8
BLACK
6
CONTINUOUS
10
0.3261599606299213
20
0.4246683464566929
11
0.3291732283464567
21
0.425267716535433
0
LINE
8
BLACK
6
CONTINUOUS
10
0.3291732283464567
20
0.425267716535433
11
0.3508267716535433
21
0.425267716535433
0
LINE
8
BLACK
6
CONTINUOUS
10
0.3508267716535433
20
0.425267716535433
11
0.3538400393700787
21
0.4246683464566929
0
LINE
8
BLACK
6
CONTINUOUS
10
0.3538400393700787
20
0.4246683464566929
11
0.3563945275590551
21
0.4229614566929134
0
LINE
8
BLACK
6
CONTINUOUS
10
0.3563945275590551
20
0.4229614566929134
11
0.3581014173228346
21
0.420406968503937
0
LINE
8
BLACK
6
CONTINUOUS
10
0.3581014173228346
20
0.420406968503937
11
0.3587007874015748
21
0.4173937007874016
0
LINE
8
BLACK
6
CONTINUOUS
10
0.3587007874015748
20
0.4173937007874016
11
0.3587007874015748
21
0.4016456692913385
0
LINE
8
BLACK
6
CONTINUOUS
10
0.3587007874015748
20
0.4016456692913385
11
0.3585715748031496
21
0.4009962204724409
0
LINE
8
BLACK
6
CONTINUOUS
10
0.3585715748031496
20
0.4009962204724409
11
0.381630748031496
21
0.3779370078740157
0
LINE
8
BLACK
6
CONTINUOUS
10
0.381630748031496
20
0.3779370078740157
11
0.4283692125984252
21
0.3779370078740157
0
LINE
8
BLACK
6
CONTINUOUS
10
0.4283692125984252
20
0.3779370078740157
11
0.4389763779527559
21
0.3885441732283464
0
LINE
8
BLACK
6
CONTINUOUS
10
0.4389763779527559
20
0.3885441732283464
11
0.4389763779527559
21
0.4371023622047244
0
LINE
8
BLACK
6
CONTINUOUS
10
0.4389763779527559
20
0.4371023622047244
11
0.437992125984252
21
0.4371023622047244
0
LINE
8
BLACK
6
CONTINUOUS
10
0.437992125984252
20
0.4371023622047244
11
0.437992125984252
21
0.4626929133858267
0
LINE
8
BLACK
6
CONTINUOUS
10
0.437992125984252
20
0.4626929133858267
11
0.4478346456692913
21
0.4626929133858267
0
LINE
8
BLACK
6
CONTINUOUS
10
0.4478346456692913
20
0.4626929133858267
11
0.4478346456692913
21
0.4371023622047244
0
LINE
8
BLACK
6
CONTINUOUS
10
0.8780264960629921
20
0.6625492913385826
11
0.881586811023622
21
0.6604937401574803
0
LINE
8
BLACK
6
CONTINUOUS
10
0.881586811023622
20
0.6604937401574803
11
0.8844937401574803
21
0.657586811023622
0
LINE
8
BLACK
6
CONTINUOUS
10
0.8844937401574803
20
0.657586811023622
11
0.8865492913385826
21
0.6540264960629921
0
LINE
8
BLACK
6
CONTINUOUS
10
0.8865492913385826
20
0.6540264960629921
11
0.8876133070866141
21
0.6500555118110236
0
LINE
8
BLACK
6
CONTINUOUS
10
0.8876133070866141
20
0.6500555118110236
11
0.8876133070866141
21
0.6459444881889763
0
LINE
8
BLACK
6
CONTINUOUS
10
0.8876133070866141
20
0.6459444881889763
11
0.8865492913385826
21
0.6419735039370078
0
LINE
8
BLACK
6
CONTINUOUS
10
0.8865492913385826
20
0.6419735039370078
11
0.8844937401574803
21
0.6384131889763779
0
LINE
8
BLACK
6
CONTINUOUS
10
0.8844937401574803
20
0.6384131889763779
11
0.881586811023622
21
0.6355062598425196
0
LINE
8
BLACK
6
CONTINUOUS
10
0.881586811023622
20
0.6355062598425196
11
0.8780264960629921
21
0.6334507086614173
0
LINE
8
BLACK
6
CONTINUOUS
10
0.8780264960629921
20
0.6334507086614173
11
0.8759370078740157
21
0.6328908661417323
0
LINE
8
BLACK
6
CONTINUOUS
10
0.8759370078740157
20
0.6328908661417323
11
0.8759370078740157
21
0.632
0
LINE
8
BLACK
6
CONTINUOUS
10
0.8759370078740157
20
0.632
11
0.8758613779527559
21
0.6312319291338583
0
LINE
8
BLACK
6
CONTINUOUS
10
0.8758613779527559
20
0.6312319291338583
11
0.8755196456692913
21
0.630406968503937
0
LINE
8
BLACK
6
CONTINUOUS
10
0.8755196456692913
20
0.630406968503937
11
0.8752735039370079
21
0.6298126771653543
0
LINE
8
BLACK
6
CONTINUOUS
10
0.8752735039370079
20
0.6298126771653543
11
0.8747838976377953
21
0.6292161023622047
0
LINE
8
BLACK
6
CONTINUOUS
10
0.8747838976377953
20
0.6292161023622047
11
0.8677838976377953
21
0.6222161023622047
0
LINE
8
BLACK
6
CONTINUOUS
10
0.8677838976377953
20
0.6222161023622047
11
0.8671872834645669
21
0.6217264960629921
0
LINE
8
BLACK
6
CONTINUOUS
10
0.8671872834645669
20
0.6217264960629921
11
0.8657680708661417
21
0.6211386220472441
0
LINE
8
BLACK
6
CONTINUOUS
10
0.8657680708661417
20
0.6211386220472441
11
0.865
21
0.6210629921259843
0
LINE
8
BLACK
6
CONTINUOUS
10
0.865
20
0.6210629921259843
11
0.8149606299212598
21
0.6210629921259843
0
LINE
8
BLACK
6
CONTINUOUS
10
0.8149606299212598
20
0.6210629921259843
11
0.8149606299212598
21
0.6190944881889764
0
LINE
8
BLACK
6
CONTINUOUS
10
0.8149606299212598
20
0.6190944881889764
11
0.8145111023622047
21
0.6168345275590551
0
LINE
8
BLACK
6
CONTINUOUS
10
0.8145111023622047
20
0.6168345275590551
11
0.8132309448818897
21
0.6149186614173229
0
LINE
8
BLACK
6
CONTINUOUS
10
0.8132309448818897
20
0.6149186614173229
11
0.8113150787401575
21
0.6136385039370078
0
LINE
8
BLACK
6
CONTINUOUS
10
0.8113150787401575
20
0.6136385039370078
11
0.8090551181102362
21
0.6131889763779528
0
LINE
8
BLACK
6
CONTINUOUS
10
0.8090551181102362
20
0.6131889763779528
11
0.7539370078740157
21
0.6131889763779528
0
LINE
8
BLACK
6
CONTINUOUS
10
0.7539370078740157
20
0.6131889763779528
11
0.7516770472440945
21
0.6136385039370078
0
LINE
8
BLACK
6
CONTINUOUS
10
0.7516770472440945
20
0.6136385039370078
11
0.7513948031496063
21
0.6138270866141732
0
LINE
8
BLACK
6
CONTINUOUS
10
0.7513948031496063
20
0.6138270866141732
11
0.7339370078740157
21
0.5963692519685039
0
LINE
8
BLACK
6
CONTINUOUS
10
0.7339370078740157
20
0.5963692519685039
11
0.7339370078740157
21
0.48
0
LINE
8
BLACK
6
CONTINUOUS
10
0.7339370078740157
20
0.48
11
0.7338613779527559
21
0.4792319291338583
0
LINE
8
BLACK
6
CONTINUOUS
10
0.7338613779527559
20
0.4792319291338583
11
0.7332735039370079
21
0.4778127165354331
0
LINE
8
BLACK
6
CONTINUOUS
10
0.7332735039370079
20
0.4778127165354331
11
0.7327838976377953
21
0.4772161417322834
0
LINE
8
BLACK
6
CONTINUOUS
10
0.7327838976377953
20
0.4772161417322834
11
0.7039370078740157
21
0.4483692519685039
0
LINE
8
BLACK
6
CONTINUOUS
10
0.7039370078740157
20
0.4483692519685039
11
0.7039370078740157
21
0.4307086614173228
0
LINE
8
BLACK
6
CONTINUOUS
10
0.7039370078740157
20
0.4307086614173228
11
0.7108267716535432
21
0.4307086614173228
0
LINE
8
BLACK
6
CONTINUOUS
10
0.7108267716535432
20
0.4307086614173228
11
0.7138400393700787
21
0.4301092913385827
0
LINE
8
BLACK
6
CONTINUOUS
10
0.7138400393700787
20
0.4301092913385827
11
0.7163945275590551
21
0.4284024015748031
0
LINE
8
BLACK
6
CONTINUOUS
10
0.7163945275590551
20
0.4284024015748031
11
0.7181014173228346
21
0.4258479133858268
0
LINE
8
BLACK
6
CONTINUOUS
10
0.7181014173228346
20
0.4258479133858268
11
0.7187007874015748
21
0.4228346456692914
0
LINE
8
BLACK
6
CONTINUOUS
10
0.7187007874015748
20
0.4228346456692914
11
0.7187007874015748
21
0.4070866141732283
0
LINE
8
BLACK
6
CONTINUOUS
10
0.7187007874015748
20
0.4070866141732283
11
0.7181014173228346
21
0.4040733464566929
0
LINE
8
BLACK
6
CONTINUOUS
10
0.7181014173228346
20
0.4040733464566929
11
0.7163945275590551
21
0.4015188582677165
0
LINE
8
BLACK
6
CONTINUOUS
10
0.7163945275590551
20
0.4015188582677165
11
0.7138400393700787
21
0.399811968503937
0
LINE
8
BLACK
6
CONTINUOUS
10
0.7138400393700787
20
0.399811968503937
11
0.7108267716535432
21
0.3992125984251969
0
LINE
8
BLACK
6
CONTINUOUS
10
0.7108267716535432
20
0.3992125984251969
11
0.6898197244094488
21
0.3992125984251969
0
LINE
8
BLACK
6
CONTINUOUS
10
0.6898197244094488
20
0.3992125984251969
11
0.6698232677165354
21
0.3792161023622047
0
LINE
8
BLACK
6
CONTINUOUS
10
0.6698232677165354
20
0.3792161023622047
11
0.6692266535433071
21
0.3787264960629921
0
LINE
8
BLACK
6
CONTINUOUS
10
0.6692266535433071
20
0.3787264960629921
11
0.6678074409448819
21
0.3781386220472441
0
LINE
8
BLACK
6
CONTINUOUS
10
0.6678074409448819
20
0.3781386220472441
11
0.6670393700787401
21
0.3780629921259843
0
LINE
8
BLACK
6
CONTINUOUS
10
0.6670393700787401
20
0.3780629921259843
11
0.5353228346456693
21
0.3780629921259843
0
LINE
8
BLACK
6
CONTINUOUS
10
0.5353228346456693
20
0.3780629921259843
11
0.5345547637795276
21
0.3781386220472441
0
LINE
8
BLACK
6
CONTINUOUS
10
0.5345547637795276
20
0.3781386220472441
11
0.5331355511811023
21
0.3787264960629921
0
LINE
8
BLACK
6
CONTINUOUS
10
0.5331355511811023
20
0.3787264960629921
11
0.532538937007874
21
0.3792161023622047
0
LINE
8
BLACK
6
CONTINUOUS
10
0.532538937007874
20
0.3792161023622047
11
0.5188696456692913
21
0.3928853937007874
0
LINE
8
BLACK
6
CONTINUOUS
10
0.5188696456692913
20
0.3928853937007874
11
0.5183800393700787
21
0.3934820078740157
0
LINE
8
BLACK
6
CONTINUOUS
10
0.5183800393700787
20
0.3934820078740157
11
0.5177921653543307
21
0.3949012204724409
0
LINE
8
BLACK
6
CONTINUOUS
10
0.5177921653543307
20
0.3949012204724409
11
0.5177165354330708
21
0.3956692913385826
0
LINE
8
BLACK
6
CONTINUOUS
10
0.5177165354330708
20
0.3956692913385826
11
0.5177165354330708
21
0.4371023622047244
0
LINE
8
BLACK
6
CONTINUOUS
10
0.5177165354330708
20
0.4371023622047244
11
0.5167322834645669
21
0.4371023622047244
0
LINE
8
BLACK
6
CONTINUOUS
10
0.5167322834645669
20
0.4371023622047244
11
0.5167322834645669
21
0.4626929133858267
0
LINE
8
BLACK
6
CONTINUOUS
10
0.5167322834645669
20
0.4626929133858267
11
0.5265748031496063
21
0.4626929133858267
0
LINE
8
BLACK
6
CONTINUOUS
10
0.5265748031496063
20
0.4626929133858267
11
0.5265748031496063
21
0.4371023622047244
0
LINE
8
BLACK
6
CONTINUOUS
10
0.5265748031496063
20
0.4371023622047244
11
0.5255905511811023
21
0.4371023622047244
0
LINE
8
BLACK
6
CONTINUOUS
10
0.5255905511811023
20
0.4371023622047244
11
0.5255905511811023
21
0.3973000787401575
0
LINE
8
BLACK
6
CONTINUOUS
10
0.5255905511811023
20
0.3973000787401575
11
0.5369536220472441
21
0.3859370078740157
0
LINE
8
BLACK
6
CONTINUOUS
10
0.5369536220472441
20
0.3859370078740157
11
0.6654085826771653
21
0.3859370078740157
0
LINE
8
BLACK
6
CONTINUOUS
10
0.6654085826771653
20
0.3859370078740157
11
0.6825579921259842
21
0.4030864566929134
0
LINE
8
BLACK
6
CONTINUOUS
10
0.6825579921259842
20
0.4030864566929134
11
0.6818985826771653
21
0.4040733464566929
0
LINE
8
BLACK
6
CONTINUOUS
10
0.6818985826771653
20
0.4040733464566929
11
0.6812992125984252
21
0.4070866141732283
0
LINE
8
BLACK
6
CONTINUOUS
10
0.6812992125984252
20
0.4070866141732283
11
0.6812992125984252
21
0.4228346456692914
0
LINE
8
BLACK
6
CONTINUOUS
10
0.6812992125984252
20
0.4228346456692914
11
0.6818985826771653
21
0.4258479133858268
0
LINE
8
BLACK
6
CONTINUOUS
10
0.6818985826771653
20
0.4258479133858268
11
0.6836054724409448
21
0.4284024015748031
0
LINE
8
BLACK
6
CONTINUOUS
10
0.6836054724409448
20
0.4284024015748031
11
0.6861599606299212
21
0.4301092913385827
0
LINE
8
BLACK
6
CONTINUOUS
10
0.6861599606299212
20
0.4301092913385827
11
0.6891732283464567
21
0.4307086614173228
0
LINE
8
BLACK
6
CONTINUOUS
10
0.6891732283464567
20
0.4307086614173228
11
0.6960629921259842
21
0.4307086614173228
0
LINE
8
BLACK
6
CONTINUOUS
10
0.6960629921259842
20
0.4307086614173228
11
0.6960629921259842
21
0.45
0
LINE
8
BLACK
6
CONTINUOUS
10
0.6960629921259842
20
0.45
11
0.6961386220472441
21
0.4507680708661417
0
LINE
8
BLACK
6
CONTINUOUS
10
0.6961386220472441
20
0.4507680708661417
11
0.6967264960629921
21
0.4521872834645669
0
LINE
8
BLACK
6
CONTINUOUS
10
0.6967264960629921
20
0.4521872834645669
11
0.6972161023622047
21
0.4527838976377953
0
LINE
8
BLACK
6
CONTINUOUS
10
0.6972161023622047
20
0.4527838976377953
11
0.7260629921259842
21
0.4816307874015748
0
LINE
8
BLACK
6
CONTINUOUS
10
0.7260629921259842
20
0.4816307874015748
11
0.7260629921259842
21
0.598
0
LINE
8
BLACK
6
CONTINUOUS
10
0.7260629921259842
20
0.598
11
0.7261386220472441
21
0.5987680708661417
0
LINE
8
BLACK
6
CONTINUOUS
10
0.7261386220472441
20
0.5987680708661417
11
0.7267264960629921
21
0.600187283464567
0
LINE
8
BLACK
6
CONTINUOUS
10
0.7267264960629921
20
0.600187283464567
11
0.7272161023622047
21
0.6007838976377953
0
LINE
8
BLACK
6
CONTINUOUS
10
0.7272161023622047
20
0.6007838976377953
11
0.7480314960629921
21
0.6215992913385827
0
LINE
8
BLACK
6
CONTINUOUS
10
0.7480314960629921
20
0.6215992913385827
11
0.7480314960629921
21
0.6309055118110236
0
LINE
8
BLACK
6
CONTINUOUS
10
0.7480314960629921
20
0.6309055118110236
11
0.7484810236220473
21
0.6331654724409449
0
LINE
8
BLACK
6
CONTINUOUS
10
0.7484810236220473
20
0.6331654724409449
11
0.7497611811023622
21
0.6350813385826771
0
LINE
8
BLACK
6
CONTINUOUS
10
0.7497611811023622
20
0.6350813385826771
11
0.7516770472440945
21
0.6363614960629921
0
LINE
8
BLACK
6
CONTINUOUS
10
0.7516770472440945
20
0.6363614960629921
11
0.7539370078740157
21
0.6368110236220472
0
LINE
8
BLACK
6
CONTINUOUS
10
0.7539370078740157
20
0.6368110236220472
11
0.8090551181102362
21
0.6368110236220472
0
LINE
8
BLACK
6
CONTINUOUS
10
0.8090551181102362
20
0.6368110236220472
11
0.8113150787401575
21
0.6363614960629921
0
LINE
8
BLACK
6
CONTINUOUS
10
0.8113150787401575
20
0.6363614960629921
11
0.8132309448818897
21
0.6350813385826771
0
LINE
8
BLACK
6
CONTINUOUS
10
0.8132309448818897
20
0.6350813385826771
11
0.8145111023622047
21
0.6331654724409449
0
LINE
8
BLACK
6
CONTINUOUS
10
0.8145111023622047
20
0.6331654724409449
11
0.8149606299212598
21
0.6309055118110236
0
LINE
8
BLACK
6
CONTINUOUS
10
0.8149606299212598
20
0.6309055118110236
11
0.8149606299212598
21
0.6289370078740157
0
LINE
8
BLACK
6
CONTINUOUS
10
0.8149606299212598
20
0.6289370078740157
11
0.8633692125984251
21
0.6289370078740157
0
LINE
8
BLACK
6
CONTINUOUS
10
0.8633692125984251
20
0.6289370078740157
11
0.8674794094488189
21
0.6330472440944882
0
LINE
8
BLACK
6
CONTINUOUS
10
0.8674794094488189
20
0.6330472440944882
11
0.8659735039370079
21
0.6334507086614173
0
LINE
8
BLACK
6
CONTINUOUS
10
0.8659735039370079
20
0.6334507086614173
11
0.862413188976378
21
0.6355062598425196
0
LINE
8
BLACK
6
CONTINUOUS
10
0.862413188976378
20
0.6355062598425196
11
0.8595062598425197
21
0.6384131889763779
0
LINE
8
BLACK
6
CONTINUOUS
10
0.8595062598425197
20
0.6384131889763779
11
0.8574507086614173
21
0.6419735039370078
0
LINE
8
BLACK
6
CONTINUOUS
10
0.8574507086614173
20
0.6419735039370078
11
0.8563866929133858
21
0.6459444881889763
0
LINE
8
BLACK
6
CONTINUOUS
10
0.8563866929133858
20
0.6459444881889763
11
0.8563866929133858
21
0.6500555118110236
0
LINE
8
BLACK
6
CONTINUOUS
10
0.8563866929133858
20
0.6500555118110236
11
0.8574507086614173
21
0.6540264960629921
0
LINE
8
BLACK
6
CONTINUOUS
10
0.8574507086614173
20
0.6540264960629921
11
0.8595062598425197
21
0.657586811023622
0
LINE
8
BLACK
6
CONTINUOUS
10
0.8595062598425197
20
0.657586811023622
11
0.862413188976378
21
0.6604937401574803
0
LINE
8
BLACK
6
CONTINUOUS
10
0.862413188976378
20
0.6604937401574803
11
0.8659735039370079
21
0.6625492913385826
0
LINE
8
BLACK
6
CONTINUOUS
10
0.8659735039370079
20
0.6625492913385826
11
0.8699444881889764
21
0.6636133070866141
0
LINE
8
BLACK
6
CONTINUOUS
10
0.8699444881889764
20
0.6636133070866141
11
0.8740555118110236
21
0.6636133070866141
0
LINE
8
BLACK
6
CONTINUOUS
10
0.8740555118110236
20
0.6636133070866141
11
0.8780264960629921
21
0.6625492913385826
0
LINE
8
BLACK
6
CONTINUOUS
10
0.2325749212598425
20
0.6363614960629921
11
0.2344907874015748
21
0.6350813385826771
0
LINE
8
BLACK
6
CONTINUOUS
10
0.2344907874015748
20
0.6350813385826771
11
0.2357709448818898
21
0.6331654724409449
0
LINE
8
BLACK
6
CONTINUOUS
10
0.2357709448818898
20
0.6331654724409449
11
0.2362204724409449
21
0.6309055118110236
0
LINE
8
BLACK
6
CONTINUOUS
10
0.2362204724409449
20
0.6309055118110236
11
0.2362204724409449
21
0.6233473228346457
0
LINE
8
BLACK
6
CONTINUOUS
10
0.2362204724409449
20
0.6233473228346457
11
0.2520358267716535
21
0.6075319291338582
0
LINE
8
BLACK
6
CONTINUOUS
10
0.2520358267716535
20
0.6075319291338582
11
0.2525254724409449
21
0.6069353543307087
0
LINE
8
BLACK
6
CONTINUOUS
10
0.2525254724409449
20
0.6069353543307087
11
0.2525254724409449
21
0.6069353149606299
0
LINE
8
BLACK
6
CONTINUOUS
10
0.2525254724409449
20
0.6069353149606299
11
0.2531133464566929
21
0.6055161023622047
0
LINE
8
BLACK
6
CONTINUOUS
10
0.2531133464566929
20
0.6055161023622047
11
0.2531889763779527
21
0.6047480314960629
0
LINE
8
BLACK
6
CONTINUOUS
10
0.2531889763779527
20
0.6047480314960629
11
0.2531889763779527
21
0.4636249606299213
0
LINE
8
BLACK
6
CONTINUOUS
10
0.2531889763779527
20
0.4636249606299213
11
0.2577838976377952
21
0.45903
0
LINE
8
BLACK
6
CONTINUOUS
10
0.2577838976377952
20
0.45903
11
0.2582735433070866
21
0.4584334251968504
0
LINE
8
BLACK
6
CONTINUOUS
10
0.2582735433070866
20
0.4584334251968504
11
0.2586764173228346
21
0.4574607480314961
0
LINE
8
BLACK
6
CONTINUOUS
10
0.2586764173228346
20
0.4574607480314961
11
0.2588613779527559
21
0.4570142125984252
0
LINE
8
BLACK
6
CONTINUOUS
10
0.2588613779527559
20
0.4570142125984252
11
0.2589370078740157
21
0.4562461417322835
0
LINE
8
BLACK
6
CONTINUOUS
10
0.2589370078740157
20
0.4562461417322835
11
0.2589370078740157
21
0.4160707480314961
0
LINE
8
BLACK
6
CONTINUOUS
10
0.2589370078740157
20
0.4160707480314961
11
0.2588730708661418
21
0.4154216535433071
0
LINE
8
BLACK
6
CONTINUOUS
10
0.2588730708661418
20
0.4154216535433071
11
0.2603374015748031
21
0.4128853543307087
0
LINE
8
BLACK
6
CONTINUOUS
10
0.2603374015748031
20
0.4128853543307087
11
0.2614014173228346
21
0.4089143700787402
0
LINE
8
BLACK
6
CONTINUOUS
10
0.2614014173228346
20
0.4089143700787402
11
0.2614014173228346
21
0.4048033464566929
0
LINE
8
BLACK
6
CONTINUOUS
10
0.2614014173228346
20
0.4048033464566929
11
0.2603374015748031
21
0.4008323622047244
0
LINE
8
BLACK
6
CONTINUOUS
10
0.2603374015748031
20
0.4008323622047244
11
0.2582818503937008
21
0.3972720472440945
0
LINE
8
BLACK
6
CONTINUOUS
10
0.2582818503937008
20
0.3972720472440945
11
0.2553749212598425
21
0.3943651181102362
0
LINE
8
BLACK
6
CONTINUOUS
10
0.2553749212598425
20
0.3943651181102362
11
0.2518146062992126
21
0.3923095669291338
0
LINE
8
BLACK
6
CONTINUOUS
10
0.2518146062992126
20
0.3923095669291338
11
0.2478436220472441
21
0.3912455511811024
0
LINE
8
BLACK
6
CONTINUOUS
10
0.2478436220472441
20
0.3912455511811024
11
0.2437325984251968
21
0.3912455511811024
0
LINE
8
BLACK
6
CONTINUOUS
10
0.2437325984251968
20
0.3912455511811024
11
0.2397616141732283
21
0.3923095669291338
0
LINE
8
BLACK
6
CONTINUOUS
10
0.2397616141732283
20
0.3923095669291338
11
0.2362012992125984
21
0.3943651181102362
0
LINE
8
BLACK
6
CONTINUOUS
10
0.2362012992125984
20
0.3943651181102362
11
0.2332943700787402
21
0.3972720472440945
0
LINE
8
BLACK
6
CONTINUOUS
10
0.2332943700787402
20
0.3972720472440945
11
0.2312388188976378
21
0.4008323622047244
0
LINE
8
BLACK
6
CONTINUOUS
10
0.2312388188976378
20
0.4008323622047244
11
0.2301748031496063
21
0.4048033464566929
0
LINE
8
BLACK
6
CONTINUOUS
10
0.2301748031496063
20
0.4048033464566929
11
0.2301748031496063
21
0.4089143700787402
0
LINE
8
BLACK
6
CONTINUOUS
10
0.2301748031496063
20
0.4089143700787402
11
0.2312388188976378
21
0.4128853543307087
0
LINE
8
BLACK
6
CONTINUOUS
10
0.2312388188976378
20
0.4128853543307087
11
0.2332943700787402
21
0.4164456692913386
0
LINE
8
BLACK
6
CONTINUOUS
10
0.2332943700787402
20
0.4164456692913386
11
0.2362012992125984
21
0.4193525984251968
0
LINE
8
BLACK
6
CONTINUOUS
10
0.2362012992125984
20
0.4193525984251968
11
0.2397616141732283
21
0.4214081496062992
0
LINE
8
BLACK
6
CONTINUOUS
10
0.2397616141732283
20
0.4214081496062992
11
0.2437325984251968
21
0.4224721653543307
0
LINE
8
BLACK
6
CONTINUOUS
10
0.2437325984251968
20
0.4224721653543307
11
0.2478436220472441
21
0.4224721653543307
0
LINE
8
BLACK
6
CONTINUOUS
10
0.2478436220472441
20
0.4224721653543307
11
0.2510629921259843
21
0.4216095669291339
0
LINE
8
BLACK
6
CONTINUOUS
10
0.2510629921259843
20
0.4216095669291339
11
0.2510629921259843
21
0.4546153937007874
0
LINE
8
BLACK
6
CONTINUOUS
10
0.2510629921259843
20
0.4546153937007874
11
0.2464680708661417
21
0.4592103543307087
0
LINE
8
BLACK
6
CONTINUOUS
10
0.2464680708661417
20
0.4592103543307087
11
0.2459784645669291
21
0.4598069291338582
0
LINE
8
BLACK
6
CONTINUOUS
10
0.2459784645669291
20
0.4598069291338582
11
0.2453905905511811
21
0.4612261417322834
0
LINE
8
BLACK
6
CONTINUOUS
10
0.2453905905511811
20
0.4612261417322834
11
0.2453149606299213
21
0.4619942125984252
0
LINE
8
BLACK
6
CONTINUOUS
10
0.2453149606299213
20
0.4619942125984252
11
0.2453149606299213
21
0.6031172834645669
0
LINE
8
BLACK
6
CONTINUOUS
10
0.2453149606299213
20
0.6031172834645669
11
0.2339049606299212
21
0.6145272440944882
0
LINE
8
BLACK
6
CONTINUOUS
10
0.2339049606299212
20
0.6145272440944882
11
0.2325749212598425
21
0.6136385039370078
0
LINE
8
BLACK
6
CONTINUOUS
10
0.2325749212598425
20
0.6136385039370078
11
0.2303149606299213
21
0.6131889763779528
0
LINE
8
BLACK
6
CONTINUOUS
10
0.2303149606299213
20
0.6131889763779528
11
0.1751968503937008
21
0.6131889763779528
0
LINE
8
BLACK
6
CONTINUOUS
10
0.1751968503937008
20
0.6131889763779528
11
0.1729368897637795
21
0.6136385039370078
0
LINE
8
BLACK
6
CONTINUOUS
10
0.1729368897637795
20
0.6136385039370078
11
0.1710210236220472
21
0.6149186614173229
0
LINE
8
BLACK
6
CONTINUOUS
10
0.1710210236220472
20
0.6149186614173229
11
0.1697408661417323
21
0.6168345275590551
0
LINE
8
BLACK
6
CONTINUOUS
10
0.1697408661417323
20
0.6168345275590551
11
0.1692913385826772
21
0.6190944881889764
0
LINE
8
BLACK
6
CONTINUOUS
10
0.1692913385826772
20
0.6190944881889764
11
0.1692913385826772
21
0.6309055118110236
0
LINE
8
BLACK
6
CONTINUOUS
10
0.1692913385826772
20
0.6309055118110236
11
0.1697408661417323
21
0.6331654724409449
0
LINE
8
BLACK
6
CONTINUOUS
10
0.1697408661417323
20
0.6331654724409449
11
0.1710210236220472
21
0.6350813385826771
0
LINE
8
BLACK
6
CONTINUOUS
10
0.1710210236220472
20
0.6350813385826771
11
0.1729368897637795
21
0.6363614960629921
0
LINE
8
BLACK
6
CONTINUOUS
10
0.1729368897637795
20
0.6363614960629921
11
0.1751968503937008
21
0.6368110236220472
0
LINE
8
BLACK
6
CONTINUOUS
10
0.1751968503937008
20
0.6368110236220472
11
0.2303149606299213
21
0.6368110236220472
0
LINE
8
BLACK
6
CONTINUOUS
10
0.2303149606299213
20
0.6368110236220472
11
0.2325749212598425
21
0.6363614960629921
0
LINE
8
BLACK
6
CONTINUOUS
10
0.4281496062992126
20
0.4371023622047244
11
0.4271653543307086
21
0.4371023622047244
0
LINE
8
BLACK
6
CONTINUOUS
10
0.4271653543307086
20
0.4371023622047244
11
0.4271653543307086
21
0.4205912992125984
0
LINE
8
BLACK
6
CONTINUOUS
10
0.4271653543307086
20
0.4205912992125984
11
0.4278677559055118
21
0.4198888976377952
0
LINE
8
BLACK
6
CONTINUOUS
10
0.4278677559055118
20
0.4198888976377952
11
0.4299233070866141
21
0.4163285826771653
0
LINE
8
BLACK
6
CONTINUOUS
10
0.4299233070866141
20
0.4163285826771653
11
0.4309873228346456
21
0.4123575984251968
0
LINE
8
BLACK
6
CONTINUOUS
10
0.4309873228346456
20
0.4123575984251968
11
0.4309873228346456
21
0.4082465748031496
0
LINE
8
BLACK
6
CONTINUOUS
10
0.4309873228346456
20
0.4082465748031496
11
0.4299233070866141
21
0.4042755905511811
0
LINE
8
BLACK
6
CONTINUOUS
10
0.4299233070866141
20
0.4042755905511811
11
0.4278677559055118
21
0.4007152755905511
0
LINE
8
BLACK
6
CONTINUOUS
10
0.4278677559055118
20
0.4007152755905511
11
0.4249608267716535
21
0.3978083464566929
0
LINE
8
BLACK
6
CONTINUOUS
10
0.4249608267716535
20
0.3978083464566929
11
0.4214005118110236
21
0.3957527952755905
0
LINE
8
BLACK
6
CONTINUOUS
10
0.4214005118110236
20
0.3957527952755905
11
0.4174295275590551
21
0.394688779527559
0
LINE
8
BLACK
6
CONTINUOUS
10
0.4174295275590551
20
0.394688779527559
11
0.4133185039370079
21
0.394688779527559
0
LINE
8
BLACK
6
CONTINUOUS
10
0.4133185039370079
20
0.394688779527559
11
0.4093475196850394
21
0.3957527952755905
0
LINE
8
BLACK
6
CONTINUOUS
10
0.4093475196850394
20
0.3957527952755905
11
0.4057872047244094
21
0.3978083464566929
0
LINE
8
BLACK
6
CONTINUOUS
10
0.4057872047244094
20
0.3978083464566929
11
0.4028802755905512
21
0.4007152755905511
0
LINE
8
BLACK
6
CONTINUOUS
10
0.4028802755905512
20
0.4007152755905511
11
0.4008247244094488
21
0.4042755905511811
0
LINE
8
BLACK
6
CONTINUOUS
10
0.4008247244094488
20
0.4042755905511811
11
0.3997607086614173
21
0.4082465748031496
0
LINE
8
BLACK
6
CONTINUOUS
10
0.3997607086614173
20
0.4082465748031496
11
0.3997607086614173
21
0.4123575984251968
0
LINE
8
BLACK
6
CONTINUOUS
10
0.3997607086614173
20
0.4123575984251968
11
0.4008247244094488
21
0.4163285826771653
0
LINE
8
BLACK
6
CONTINUOUS
10
0.4008247244094488
20
0.4163285826771653
11
0.4028802755905512
21
0.4198888976377952
0
LINE
8
BLACK
6
CONTINUOUS
10
0.4028802755905512
20
0.4198888976377952
11
0.4057872047244094
21
0.4227958267716536
0
LINE
8
BLACK
6
CONTINUOUS
10
0.4057872047244094
20
0.4227958267716536
11
0.4093475196850394
21
0.4248513779527559
0
LINE
8
BLACK
6
CONTINUOUS
10
0.4093475196850394
20
0.4248513779527559
11
0.4133185039370079
21
0.4259153937007874
0
LINE
8
BLACK
6
CONTINUOUS
10
0.4133185039370079
20
0.4259153937007874
11
0.4174295275590551
21
0.4259153937007874
0
LINE
8
BLACK
6
CONTINUOUS
10
0.4174295275590551
20
0.4259153937007874
11
0.4192913385826771
21
0.4254165354330708
0
LINE
8
BLACK
6
CONTINUOUS
10
0.4192913385826771
20
0.4254165354330708
11
0.4192913385826771
21
0.4371023622047244
0
LINE
8
BLACK
6
CONTINUOUS
10
0.4192913385826771
20
0.4371023622047244
11
0.4183070866141732
21
0.4371023622047244
0
LINE
8
BLACK
6
CONTINUOUS
10
0.4183070866141732
20
0.4371023622047244
11
0.4183070866141732
21
0.4626929133858267
0
LINE
8
BLACK
6
CONTINUOUS
10
0.4183070866141732
20
0.4626929133858267
11
0.4281496062992126
21
0.4626929133858267
0
LINE
8
BLACK
6
CONTINUOUS
10
0.4281496062992126
20
0.4626929133858267
11
0.4281496062992126
21
0.4371023622047244
0
LINE
8
BLACK
6
CONTINUOUS
10
0.8113150787401575
20
0.685574094488189
11
0.8132309448818897
21
0.684293937007874
0
LINE
8
BLACK
6
CONTINUOUS
10
0.8132309448818897
20
0.684293937007874
11
0.8145111023622047
21
0.6823780708661417
0
LINE
8
BLACK
6
CONTINUOUS
10
0.8145111023622047
20
0.6823780708661417
11
0.8149606299212598
21
0.6801181102362205
0
LINE
8
BLACK
6
CONTINUOUS
10
0.8149606299212598
20
0.6801181102362205
11
0.8149606299212598
21
0.6683070866141733
0
LINE
8
BLACK
6
CONTINUOUS
10
0.8149606299212598
20
0.6683070866141733
11
0.8145111023622047
21
0.666047125984252
0
LINE
8
BLACK
6
CONTINUOUS
10
0.8145111023622047
20
0.666047125984252
11
0.8132309448818897
21
0.6641312598425196
0
LINE
8
BLACK
6
CONTINUOUS
10
0.8132309448818897
20
0.6641312598425196
11
0.8113150787401575
21
0.6628511023622047
0
LINE
8
BLACK
6
CONTINUOUS
10
0.8113150787401575
20
0.6628511023622047
11
0.8090551181102362
21
0.6624015748031495
0
LINE
8
BLACK
6
CONTINUOUS
10
0.8090551181102362
20
0.6624015748031495
11
0.7539370078740157
21
0.6624015748031495
0
LINE
8
BLACK
6
CONTINUOUS
10
0.7539370078740157
20
0.6624015748031495
11
0.7516770472440945
21
0.6628511023622047
0
LINE
8
BLACK
6
CONTINUOUS
10
0.7516770472440945
20
0.6628511023622047
11
0.7497611811023622
21
0.6641312598425196
0
LINE
8
BLACK
6
CONTINUOUS
10
0.7497611811023622
20
0.6641312598425196
11
0.7484810236220473
21
0.666047125984252
0
LINE
8
BLACK
6
CONTINUOUS
10
0.7484810236220473
20
0.666047125984252
11
0.7480314960629921
21
0.6683070866141733
0
LINE
8
BLACK
6
CONTINUOUS
10
0.7480314960629921
20
0.6683070866141733
11
0.7480314960629921
21
0.6702755905511811
0
LINE
8
BLACK
6
CONTINUOUS
10
0.7480314960629921
20
0.6702755905511811
11
0.7398433858267717
21
0.6702755905511811
0
LINE
8
BLACK
6
CONTINUOUS
10
0.7398433858267717
20
0.6702755905511811
11
0.7239370078740157
21
0.6543692125984252
0
LINE
8
BLACK
6
CONTINUOUS
10
0.7239370078740157
20
0.6543692125984252
11
0.7239370078740157
21
0.6427236220472441
0
LINE
8
BLACK
6
CONTINUOUS
10
0.7239370078740157
20
0.6427236220472441
11
0.7265531889763779
21
0.6420225984251968
0
LINE
8
BLACK
6
CONTINUOUS
10
0.7265531889763779
20
0.6420225984251968
11
0.7301135039370079
21
0.6399670472440945
0
LINE
8
BLACK
6
CONTINUOUS
10
0.7301135039370079
20
0.6399670472440945
11
0.7330204330708662
21
0.6370601181102362
0
LINE
8
BLACK
6
CONTINUOUS
10
0.7330204330708662
20
0.6370601181102362
11
0.7350759842519685
21
0.6334998031496063
0
LINE
8
BLACK
6
CONTINUOUS
10
0.7350759842519685
20
0.6334998031496063
11
0.73614
21
0.6295288188976378
0
LINE
8
BLACK
6
CONTINUOUS
10
0.73614
20
0.6295288188976378
11
0.73614
21
0.6254177952755905
0
LINE
8
BLACK
6
CONTINUOUS
10
0.73614
20
0.6254177952755905
11
0.7350759842519685
21
0.621446811023622
0
LINE
8
BLACK
6
CONTINUOUS
10
0.7350759842519685
20
0.621446811023622
11
0.7330204330708662
21
0.6178864960629921
0
LINE
8
BLACK
6
CONTINUOUS
10
0.7330204330708662
20
0.6178864960629921
11
0.7301135039370079
21
0.6149795669291338
0
LINE
8
BLACK
6
CONTINUOUS
10
0.7301135039370079
20
0.6149795669291338
11
0.7265531889763779
21
0.6129240157480315
0
LINE
8
BLACK
6
CONTINUOUS
10
0.7265531889763779
20
0.6129240157480315
11
0.7225822047244095
21
0.61186
0
LINE
8
BLACK
6
CONTINUOUS
10
0.7225822047244095
20
0.61186
11
0.7184711811023622
21
0.61186
0
LINE
8
BLACK
6
CONTINUOUS
10
0.7184711811023622
20
0.61186
11
0.718207874015748
21
0.6119305511811024
0
LINE
8
BLACK
6
CONTINUOUS
10
0.718207874015748
20
0.6119305511811024
11
0.718207874015748
21
0.4892708661417323
0
LINE
8
BLACK
6
CONTINUOUS
10
0.718207874015748
20
0.4892708661417323
11
0.7181322440944882
21
0.4885027952755905
0
LINE
8
BLACK
6
CONTINUOUS
10
0.7181322440944882
20
0.4885027952755905
11
0.7175444094488189
21
0.4870835826771653
0
LINE
8
BLACK
6
CONTINUOUS
10
0.7175444094488189
20
0.4870835826771653
11
0.7170547637795276
21
0.4864870078740157
0
LINE
8
BLACK
6
CONTINUOUS
10
0.7170547637795276
20
0.4864870078740157
11
0.6536512598425197
21
0.4230835039370079
0
LINE
8
BLACK
6
CONTINUOUS
10
0.6536512598425197
20
0.4230835039370079
11
0.6537007874015748
21
0.4228346456692914
0
LINE
8
BLACK
6
CONTINUOUS
10
0.6537007874015748
20
0.4228346456692914
11
0.6537007874015748
21
0.4070866141732283
0
LINE
8
BLACK
6
CONTINUOUS
10
0.6537007874015748
20
0.4070866141732283
11
0.6531014173228347
21
0.4040733464566929
0
LINE
8
BLACK
6
CONTINUOUS
10
0.6531014173228347
20
0.4040733464566929
11
0.6513945275590551
21
0.4015188582677165
0
LINE
8
BLACK
6
CONTINUOUS
10
0.6513945275590551
20
0.4015188582677165
11
0.6488400393700787
21
0.399811968503937
0
LINE
8
BLACK
6
CONTINUOUS
10
0.6488400393700787
20
0.399811968503937
11
0.6458267716535433
21
0.3992125984251969
0
LINE
8
BLACK
6
CONTINUOUS
10
0.6458267716535433
20
0.3992125984251969
11
0.6241732283464567
21
0.3992125984251969
0
LINE
8
BLACK
6
CONTINUOUS
10
0.6241732283464567
20
0.3992125984251969
11
0.6211599606299213
21
0.399811968503937
0
LINE
8
BLACK
6
CONTINUOUS
10
0.6211599606299213
20
0.399811968503937
11
0.6186054724409449
21
0.4015188582677165
0
LINE
8
BLACK
6
CONTINUOUS
10
0.6186054724409449
20
0.4015188582677165
11
0.6168985826771654
21
0.4040733464566929
0
LINE
8
BLACK
6
CONTINUOUS
10
0.6168985826771654
20
0.4040733464566929
11
0.6162992125984251
21
0.4070866141732283
0
LINE
8
BLACK
6
CONTINUOUS
10
0.6162992125984251
20
0.4070866141732283
11
0.6162992125984251
21
0.4136023622047244
0
LINE
8
BLACK
6
CONTINUOUS
10
0.6162992125984251
20
0.4136023622047244
11
0.6101091732283465
21
0.4136023622047244
0
LINE
8
BLACK
6
CONTINUOUS
10
0.6101091732283465
20
0.4136023622047244
11
0.6095492913385827
21
0.411512874015748
0
LINE
8
BLACK
6
CONTINUOUS
10
0.6095492913385827
20
0.411512874015748
11
0.6074937401574803
21
0.4079525590551181
0
LINE
8
BLACK
6
CONTINUOUS
10
0.6074937401574803
20
0.4079525590551181
11
0.604586811023622
21
0.4050456299212598
0
LINE
8
BLACK
6
CONTINUOUS
10
0.604586811023622
20
0.4050456299212598
11
0.6010264960629921
21
0.4029900787401575
0
LINE
8
BLACK
6
CONTINUOUS
10
0.6010264960629921
20
0.4029900787401575
11
0.5970555118110236
21
0.401926062992126
0
LINE
8
BLACK
6
CONTINUOUS
10
0.5970555118110236
20
0.401926062992126
11
0.5929444881889764
21
0.401926062992126
0
LINE
8
BLACK
6
CONTINUOUS
10
0.5929444881889764
20
0.401926062992126
11
0.5889735039370079
21
0.4029900787401575
0
LINE
8
BLACK
6
CONTINUOUS
10
0.5889735039370079
20
0.4029900787401575
11
0.585413188976378
21
0.4050456299212598
0
LINE
8
BLACK
6
CONTINUOUS
10
0.585413188976378
20
0.4050456299212598
11
0.5825062598425197
21
0.4079525590551181
0
LINE
8
BLACK
6
CONTINUOUS
10
0.5825062598425197
20
0.4079525590551181
11
0.5804507086614173
21
0.411512874015748
0
LINE
8
BLACK
6
CONTINUOUS
10
0.5804507086614173
20
0.411512874015748
11
0.5793866929133858
21
0.4154838582677165
0
LINE
8
BLACK
6
CONTINUOUS
10
0.5793866929133858
20
0.4154838582677165
11
0.5793866929133858
21
0.4195948818897638
0
LINE
8
BLACK
6
CONTINUOUS
10
0.5793866929133858
20
0.4195948818897638
11
0.5804507086614173
21
0.4235658661417323
0
LINE
8
BLACK
6
CONTINUOUS
10
0.5804507086614173
20
0.4235658661417323
11
0.5825062598425197
21
0.4271261811023622
0
LINE
8
BLACK
6
CONTINUOUS
10
0.5825062598425197
20
0.4271261811023622
11
0.585413188976378
21
0.4300331102362205
0
LINE
8
BLACK
6
CONTINUOUS
10
0.585413188976378
20
0.4300331102362205
11
0.5889735039370079
21
0.4320886614173228
0
LINE
8
BLACK
6
CONTINUOUS
10
0.5889735039370079
20
0.4320886614173228
11
0.5929444881889764
21
0.4331526771653543
0
LINE
8
BLACK
6
CONTINUOUS
10
0.5929444881889764
20
0.4331526771653543
11
0.5970555118110236
21
0.4331526771653543
0
LINE
8
BLACK
6
CONTINUOUS
10
0.5970555118110236
20
0.4331526771653543
11
0.6010264960629921
21
0.4320886614173228
0
LINE
8
BLACK
6
CONTINUOUS
10
0.6010264960629921
20
0.4320886614173228
11
0.604586811023622
21
0.4300331102362205
0
LINE
8
BLACK
6
CONTINUOUS
10
0.604586811023622
20
0.4300331102362205
11
0.6074937401574803
21
0.4271261811023622
0
LINE
8
BLACK
6
CONTINUOUS
10
0.6074937401574803
20
0.4271261811023622
11
0.6095492913385827
21
0.4235658661417323
0
LINE
8
BLACK
6
CONTINUOUS
10
0.6095492913385827
20
0.4235658661417323
11
0.6101091732283465
21
0.4214763779527559
0
LINE
8
BLACK
6
CONTINUOUS
10
0.6101091732283465
20
0.4214763779527559
11
0.6162992125984251
21
0.4214763779527559
0
LINE
8
BLACK
6
CONTINUOUS
10
0.6162992125984251
20
0.4214763779527559
11
0.6162992125984251
21
0.4228346456692914
0
LINE
8
BLACK
6
CONTINUOUS
10
0.6162992125984251
20
0.4228346456692914
11
0.6168985826771654
21
0.4258479133858268
0
LINE
8
BLACK
6
CONTINUOUS
10
0.6168985826771654
20
0.4258479133858268
11
0.6186054724409449
21
0.4284024015748031
0
LINE
8
BLACK
6
CONTINUOUS
10
0.6186054724409449
20
0.4284024015748031
11
0.6211599606299213
21
0.4301092913385827
0
LINE
8
BLACK
6
CONTINUOUS
10
0.6211599606299213
20
0.4301092913385827
11
0.6241732283464567
21
0.4307086614173228
0
LINE
8
BLACK
6
CONTINUOUS
10
0.6241732283464567
20
0.4307086614173228
11
0.6458267716535433
21
0.4307086614173228
0
LINE
8
BLACK
6
CONTINUOUS
10
0.6458267716535433
20
0.4307086614173228
11
0.6488400393700787
21
0.4301092913385827
0
LINE
8
BLACK
6
CONTINUOUS
10
0.6488400393700787
20
0.4301092913385827
11
0.6492605118110236
21
0.4298283464566929
0
LINE
8
BLACK
6
CONTINUOUS
10
0.6492605118110236
20
0.4298283464566929
11
0.7103338582677166
21
0.4909016535433071
0
LINE
8
BLACK
6
CONTINUOUS
10
0.7103338582677166
20
0.4909016535433071
11
0.7103338582677166
21
0.6148844881889763
0
LINE
8
BLACK
6
CONTINUOUS
10
0.7103338582677166
20
0.6148844881889763
11
0.7092161023622047
21
0.6160022440944882
0
LINE
8
BLACK
6
CONTINUOUS
10
0.7092161023622047
20
0.6160022440944882
11
0.7087264960629921
21
0.6165988582677165
0
LINE
8
BLACK
6
CONTINUOUS
10
0.7087264960629921
20
0.6165988582677165
11
0.7083063779527559
21
0.6176130708661417
0
LINE
8
BLACK
6
CONTINUOUS
10
0.7083063779527559
20
0.6176130708661417
11
0.7080329527559055
21
0.6178864960629921
0
LINE
8
BLACK
6
CONTINUOUS
10
0.7080329527559055
20
0.6178864960629921
11
0.7059774015748032
21
0.621446811023622
0
LINE
8
BLACK
6
CONTINUOUS
10
0.7059774015748032
20
0.621446811023622
11
0.7049133858267717
21
0.6254177952755905
0
LINE
8
BLACK
6
CONTINUOUS
10
0.7049133858267717
20
0.6254177952755905
11
0.7049133858267717
21
0.6295288188976378
0
LINE
8
BLACK
6
CONTINUOUS
10
0.7049133858267717
20
0.6295288188976378
11
0.7059774015748032
21
0.6334998031496063
0
LINE
8
BLACK
6
CONTINUOUS
10
0.7059774015748032
20
0.6334998031496063
11
0.7080329527559055
21
0.6370601181102362
0
LINE
8
BLACK
6
CONTINUOUS
10
0.7080329527559055
20
0.6370601181102362
11
0.7109398818897638
21
0.6399670472440945
0
LINE
8
BLACK
6
CONTINUOUS
10
0.7109398818897638
20
0.6399670472440945
11
0.7145001968503937
21
0.6420225984251968
0
LINE
8
BLACK
6
CONTINUOUS
10
0.7145001968503937
20
0.6420225984251968
11
0.7160629921259842
21
0.6424413779527559
0
LINE
8
BLACK
6
CONTINUOUS
10
0.7160629921259842
20
0.6424413779527559
11
0.7160629921259842
21
0.656
0
LINE
8
BLACK
6
CONTINUOUS
10
0.7160629921259842
20
0.656
11
0.7161386220472441
21
0.6567680708661418
0
LINE
8
BLACK
6
CONTINUOUS
10
0.7161386220472441
20
0.6567680708661418
11
0.7167264960629921
21
0.6581872834645669
0
LINE
8
BLACK
6
CONTINUOUS
10
0.7167264960629921
20
0.6581872834645669
11
0.7172161023622047
21
0.6587838976377952
0
LINE
8
BLACK
6
CONTINUOUS
10
0.7172161023622047
20
0.6587838976377952
11
0.7354287007874015
21
0.6769964960629921
0
LINE
8
BLACK
6
CONTINUOUS
10
0.7354287007874015
20
0.6769964960629921
11
0.7360252755905512
21
0.6774861023622047
0
LINE
8
BLACK
6
CONTINUOUS
10
0.7360252755905512
20
0.6774861023622047
11
0.7364409448818897
21
0.6776583070866141
0
LINE
8
BLACK
6
CONTINUOUS
10
0.7364409448818897
20
0.6776583070866141
11
0.7374445275590551
21
0.6780739763779527
0
LINE
8
BLACK
6
CONTINUOUS
10
0.7374445275590551
20
0.6780739763779527
11
0.7382125984251968
21
0.6781496062992126
0
LINE
8
BLACK
6
CONTINUOUS
10
0.7382125984251968
20
0.6781496062992126
11
0.7480314960629921
21
0.6781496062992126
0
LINE
8
BLACK
6
CONTINUOUS
10
0.7480314960629921
20
0.6781496062992126
11
0.7480314960629921
21
0.6801181102362205
0
LINE
8
BLACK
6
CONTINUOUS
10
0.7480314960629921
20
0.6801181102362205
11
0.7484810236220473
21
0.6823780708661417
0
LINE
8
BLACK
6
CONTINUOUS
10
0.7484810236220473
20
0.6823780708661417
11
0.7497611811023622
21
0.684293937007874
0
LINE
8
BLACK
6
CONTINUOUS
10
0.7497611811023622
20
0.684293937007874
11
0.7516770472440945
21
0.685574094488189
0
LINE
8
BLACK
6
CONTINUOUS
10
0.7516770472440945
20
0.685574094488189
11
0.7539370078740157
21
0.6860236220472441
0
LINE
8
BLACK
6
CONTINUOUS
10
0.7539370078740157
20
0.6860236220472441
11
0.8090551181102362
21
0.6860236220472441
0
LINE
8
BLACK
6
CONTINUOUS
10
0.8090551181102362
20
0.6860236220472441
11
0.8113150787401575
21
0.685574094488189
0
CIRCLE
8
BLACK
10
0.0984251968503937
20
0.
40
0.0068897637795276
0
CIRCLE
8
BLACK
10
0.0984251968503937
20
0.905511811023622
40
0.0068897637795276
0
CIRCLE
8
BLACK
10
0.8858267716535433
20
0.905511811023622
40
0.0068897637795276
0
CIRCLE
8
BLACK
10
0.4921259842519685
20
0.905511811023622
40
0.0068897637795276
0
CIRCLE
8
BLACK
10
0.8858267716535433
20
0.
40
0.0068897637795276
0
CIRCLE
8
BLACK
10
0.4921259842519685
20
0.
40
0.0068897637795276
0
CIRCLE
8
BLACK
10
0.084488188976378
20
0.7399212598425197
40
0.0078740157480315
0
CIRCLE
8
BLACK
10
0.084488188976378
20
0.1690551181102362
40
0.0078740157480315
0
CIRCLE
8
BLACK
10
0.042
20
0.452
40
0.0078740157480315
0
CIRCLE
8
BLACK
10
0.378
20
0.438
40
0.0078740157480315
0
CIRCLE
8
BLACK
10
0.1907874015748031
20
0.3737795275590551
40
0.0078740157480315
0
CIRCLE
8
BLACK
10
0.3976377952755906
20
0.5708661417322834
40
0.0078740157480315
0
CIRCLE
8
BLACK
10
0.0411811023622047
20
0.1690551181102362
40
0.0078740157480315
0
CIRCLE
8
BLACK
10
0.91
20
0.754
40
0.0078740157480315
0
CIRCLE
8
BLACK
10
0.944
20
0.754
40
0.0078740157480315
0
CIRCLE
8
BLACK
10
0.8039999999999999
20
0.112
40
0.0078740157480315
0
CIRCLE
8
BLACK
10
0.248
20
0.708
40
0.0078740157480315
0
CIRCLE
8
BLACK
10
0.0411811023622047
20
0.7399212598425197
40
0.0078740157480315
0
CIRCLE
8
BLACK
10
0.248
20
0.754
40
0.0078740157480315
0
CIRCLE
8
BLACK
10
0.052
20
0.346
40
0.0078740157480315
0
CIRCLE
8
BLACK
10
0.296
20
0.494
40
0.0078740157480315
0
CIRCLE
8
BLACK
10
0.3149606299212598
20
0.3503937007874016
40
0.0078740157480315
0
CIRCLE
8
BLACK
10
0.494
20
0.278
40
0.0078740157480315
0
CIRCLE
8
BLACK
10
0.9359999999999999
20
0.166
40
0.0078740157480315
0
CIRCLE
8
BLACK
10
0.092
20
0.5619999999999999
40
0.0078740157480315
0
CIRCLE
8
BLACK
10
0.574
20
0.354
40
0.0078740157480315
0
CIRCLE
8
BLACK
10
0.9112598425196851
20
0.4525196850393701
40
0.0078740157480315
0
CIRCLE
8
BLACK
10
0.42
20
0.178
40
0.0078740157480315
0
CIRCLE
8
BLACK
10
0.9506299212598425
20
0.4525196850393701
40
0.0078740157480315
0
CIRCLE
8
BLACK
10
0.042
20
0.5619999999999999
40
0.0078740157480315
0
CIRCLE
8
BLACK
10
0.236
20
0.084
40
0.0078740157480315
0
CIRCLE
8
BLACK
10
0.088
20
0.452
40
0.0078740157480315
0
CIRCLE
8
BLACK
10
0.5681014566929133
20
0.1848451181102362
40
0.0078740157480315
0
CIRCLE
8
BLACK
10
0.5265748031496063
20
0.7505905511811023
40
0.0078740157480315
0
CIRCLE
8
BLACK
10
0.67
20
0.318
40
0.0078740157480315
0
CIRCLE
8
BLACK
10
0.416
20
0.612
40
0.0078740157480315
0
CIRCLE
8
BLACK
10
0.5923622047244095
20
0.562755905511811
40
0.0078740157480315
0
CIRCLE
8
BLACK
10
0.8837007874015748
20
0.7123622047244095
40
0.0078740157480315
0
CIRCLE
8
BLACK
10
0.855
20
0.3297244094488189
40
0.0078740157480315
0
CIRCLE
8
BLACK
10
0.5619999999999999
20
0.08
40
0.0078740157480315
0
CIRCLE
8
BLACK
10
0.43
20
0.3464606299212598
40
0.0078740157480315
0
CIRCLE
8
BLACK
10
0.51
20
0.366
40
0.0078740157480315
0
CIRCLE
8
BLACK
10
0.26
20
0.252
40
0.0078740157480315
0
CIRCLE
8
BLACK
10
0.3008672834645669
20
0.408
40
0.0078740157480315
0
CIRCLE
8
BLACK
10
0.2457881102362205
20
0.4068588582677165
40
0.0078740157480315
0
CIRCLE
8
BLACK
10
0.4625984251968504
20
0.3225984251968504
40
0.0078740157480315
0
CIRCLE
8
BLACK
10
0.542
20
0.328
40
0.0078740157480315
0
CIRCLE
8
BLACK
10
0.7175501574803149
20
0.2483366535433071
40
0.0078740157480315
0
CIRCLE
8
BLACK
10
0.872
20
0.2529724409448819
40
0.0078740157480315
0
CIRCLE
8
BLACK
10
0.7205266929133858
20
0.6274733070866142
40
0.0078740157480315
0
CIRCLE
8
BLACK
10
0.595
20
0.4175393700787401
40
0.0078740157480315
0
CIRCLE
8
BLACK
10
0.4153740157480315
20
0.4103020866141732
40
0.0078740157480315
0
CIRCLE
8
BLACK
10
0.872
20
0.648
40
0.0078740157480315
0
CIRCLE
8
BLACK
10
0.6365698425196851
20
0.6023767716535433
40
0.0078740157480315
0
CIRCLE
8
BLACK
10
0.4559950393700787
20
0.6517704724409449
40
0.0078740157480315
  0
ENDSEC
  0
EOF
