  0
SECTION
  2
HEADER
  9
$ANGBASE
  50
0.0
  9
$ANGDIR
  70
1
  9
$MEASUREMENT
  70
0
  0
ENDSEC
  0
SECTION
  2
TABLES
  0
TABLE
  2
LTYPE
  70
4
  0
LTYPE
  5
40F
  2
CONTINUOUS
  70
0
  3
Solid line
  72
65
  73
0
  40
0.0
  0
LTYPE
  5
410
  2
DASHDOT
 70
0
  3
Dash Dot ____ _ ____ _
 72
65
 73
4
 40
2.0
 49
1.25
 49
-0.25
 49
0.25
 49
-0.25
  0
LTYPE
  5
411
  2
DASHED
 70
0
  3
Dashed __ __ __ __ __
 72
65
 73
2
 40
0.75
 49
0.5
 49
-0.25
  0
LTYPE
  5
43B
  2
DOTTED
 70
0
  3
Dotted .  .  .  .
 72
65
 73
2
 40
0.2
 49
0.0
 49
-0.2
  0
ENDTAB
  0
TABLE
  2
STYLE
  70
4
  0
STYLE
  2
KICAD
  70
0
  40
0
  41
1
  42
1
  50
0
  71
0
  3
isocp.shx
  0
STYLE
  2
KICADB
  70
0
  40
0
  41
1
  42
1
  50
0
  71
0
  3
isocp.shx
  0
STYLE
  2
KICADI
  70
0
  40
0
  41
1
  42
1
  50
15
  71
0
  3
isocp.shx
  0
STYLE
  2
KICADBI
  70
0
  40
0
  41
1
  42
1
  50
15
  71
0
  3
isocp.shx
  0
ENDTAB
  0
TABLE
  2
LAYER
  70
1
  0
LAYER
  2
BLACK
  70
0
  62
7
  6
CONTINUOUS
  0
ENDTAB
  0
ENDSEC
  0
SECTION
  2
ENTITIES
0
LINE
8
BLACK
6
CONTINUOUS
10
0.6324337007874016
20
0.0897551181102362
11
0.6324593700787401
21
0.0897636614173228
0
LINE
8
BLACK
6
CONTINUOUS
10
0.6324593700787401
20
0.0897636614173228
11
0.6326418897637796
21
0.0897137007874016
0
LINE
8
BLACK
6
CONTINUOUS
10
0.6326418897637796
20
0.0897137007874016
11
0.6328276771653543
21
0.0896767322834646
0
LINE
8
BLACK
6
CONTINUOUS
10
0.6328276771653543
20
0.0896767322834646
11
0.6328468110236221
21
0.0896575984251969
0
LINE
8
BLACK
6
CONTINUOUS
10
0.6328468110236221
20
0.0896575984251969
11
0.6329038976377953
21
0.089641968503937
0
LINE
8
BLACK
6
CONTINUOUS
10
0.6329038976377953
20
0.089641968503937
11
0.6344037007874016
21
0.0888920472440945
0
LINE
8
BLACK
6
CONTINUOUS
10
0.6344037007874016
20
0.0888920472440945
11
0.6345531496062992
21
0.0887760236220472
0
LINE
8
BLACK
6
CONTINUOUS
10
0.6345531496062992
20
0.0887760236220472
11
0.6347106299212598
21
0.0886708267716535
0
LINE
8
BLACK
6
CONTINUOUS
10
0.6347106299212598
20
0.0886708267716535
11
0.6354605118110236
21
0.0879209448818898
0
LINE
8
BLACK
6
CONTINUOUS
10
0.6354605118110236
20
0.0879209448818898
11
0.6357165748031496
21
0.0875377559055118
0
LINE
8
BLACK
6
CONTINUOUS
10
0.6357165748031496
20
0.0875377559055118
11
0.6357166141732283
21
0.0866338188976378
0
LINE
8
BLACK
6
CONTINUOUS
10
0.6357166141732283
20
0.0866338188976378
11
0.6350773622047244
21
0.0859945669291339
0
LINE
8
BLACK
6
CONTINUOUS
10
0.6350773622047244
20
0.0859945669291339
11
0.6341734645669291
21
0.0859945275590551
0
LINE
8
BLACK
6
CONTINUOUS
10
0.6341734645669291
20
0.0859945275590551
11
0.6337902362204725
21
0.0862505511811024
0
LINE
8
BLACK
6
CONTINUOUS
10
0.6337902362204725
20
0.0862505511811024
11
0.6331757874015748
21
0.0868649606299213
0
LINE
8
BLACK
6
CONTINUOUS
10
0.6331757874015748
20
0.0868649606299213
11
0.632096811023622
21
0.0874044488188976
0
LINE
8
BLACK
6
CONTINUOUS
10
0.632096811023622
20
0.0874044488188976
11
0.6289049999999999
21
0.0874044488188976
0
LINE
8
BLACK
6
CONTINUOUS
10
0.6289049999999999
20
0.0874044488188976
11
0.6278259055118111
21
0.0868649212598425
0
LINE
8
BLACK
6
CONTINUOUS
10
0.6278259055118111
20
0.0868649212598425
11
0.6273470866141733
21
0.0863861023622047
0
LINE
8
BLACK
6
CONTINUOUS
10
0.6273470866141733
20
0.0863861023622047
11
0.6268076377952756
21
0.085307125984252
0
LINE
8
BLACK
6
CONTINUOUS
10
0.6268076377952756
20
0.085307125984252
11
0.6268076377952756
21
0.0842778346456693
0
LINE
8
BLACK
6
CONTINUOUS
10
0.6268076377952756
20
0.0842778346456693
11
0.6274087401574803
21
0.0824743700787402
0
LINE
8
BLACK
6
CONTINUOUS
10
0.6274087401574803
20
0.0824743700787402
11
0.6362104724409449
21
0.0736726771653543
0
LINE
8
BLACK
6
CONTINUOUS
10
0.6362104724409449
20
0.0736726771653543
11
0.6364663779527558
21
0.0732896456692913
0
LINE
8
BLACK
6
CONTINUOUS
10
0.6364663779527558
20
0.0732896456692913
11
0.6364664960629921
21
0.0732895275590551
0
LINE
8
BLACK
6
CONTINUOUS
10
0.6364664960629921
20
0.0732895275590551
11
0.6364664960629921
21
0.0732894881889764
0
LINE
8
BLACK
6
CONTINUOUS
10
0.6364664960629921
20
0.0732894881889764
11
0.6364665354330709
21
0.0723855511811024
0
LINE
8
BLACK
6
CONTINUOUS
10
0.6364665354330709
20
0.0723855511811024
11
0.6364664960629921
21
0.0723855511811024
0
LINE
8
BLACK
6
CONTINUOUS
10
0.6364664960629921
20
0.0723855511811024
11
0.6364664960629921
21
0.0723855118110236
0
LINE
8
BLACK
6
CONTINUOUS
10
0.6364664960629921
20
0.0723855118110236
11
0.6358273228346456
21
0.0717463385826772
0
LINE
8
BLACK
6
CONTINUOUS
10
0.6358273228346456
20
0.0717463385826772
11
0.6353753149606299
21
0.0716564173228346
0
LINE
8
BLACK
6
CONTINUOUS
10
0.6353753149606299
20
0.0716564173228346
11
0.6256265354330709
21
0.0716564173228346
0
LINE
8
BLACK
6
CONTINUOUS
10
0.6256265354330709
20
0.0716564173228346
11
0.6251745275590551
21
0.0717463385826772
0
LINE
8
BLACK
6
CONTINUOUS
10
0.6251745275590551
20
0.0717463385826772
11
0.6245353543307086
21
0.0723855118110236
0
LINE
8
BLACK
6
CONTINUOUS
10
0.6245353543307086
20
0.0723855118110236
11
0.6245353543307086
21
0.0732895275590551
0
LINE
8
BLACK
6
CONTINUOUS
10
0.6245353543307086
20
0.0732895275590551
11
0.6251745275590551
21
0.0739287007874016
0
LINE
8
BLACK
6
CONTINUOUS
10
0.6251745275590551
20
0.0739287007874016
11
0.6256265354330709
21
0.0740186220472441
0
LINE
8
BLACK
6
CONTINUOUS
10
0.6256265354330709
20
0.0740186220472441
11
0.6325238976377953
21
0.0740186220472441
0
LINE
8
BLACK
6
CONTINUOUS
10
0.6325238976377953
20
0.0740186220472441
11
0.6255412598425196
21
0.0810012204724409
0
LINE
8
BLACK
6
CONTINUOUS
10
0.6255412598425196
20
0.0810012204724409
11
0.6255083858267716
21
0.0810504330708661
0
LINE
8
BLACK
6
CONTINUOUS
10
0.6255083858267716
20
0.0810504330708661
11
0.6254841732283465
21
0.0810625196850394
0
LINE
8
BLACK
6
CONTINUOUS
10
0.6254841732283465
20
0.0810625196850394
11
0.6253902755905512
21
0.0812271653543307
0
LINE
8
BLACK
6
CONTINUOUS
10
0.6253902755905512
20
0.0812271653543307
11
0.6252852362204724
21
0.0813844094488189
0
LINE
8
BLACK
6
CONTINUOUS
10
0.6252852362204724
20
0.0813844094488189
11
0.6252852362204724
21
0.0814114566929134
0
LINE
8
BLACK
6
CONTINUOUS
10
0.6252852362204724
20
0.0814114566929134
11
0.625255905511811
21
0.081462874015748
0
LINE
8
BLACK
6
CONTINUOUS
10
0.625255905511811
20
0.081462874015748
11
0.6245060236220472
21
0.0837125984251968
0
LINE
8
BLACK
6
CONTINUOUS
10
0.6245060236220472
20
0.0837125984251968
11
0.6244823228346457
21
0.0839005118110236
0
LINE
8
BLACK
6
CONTINUOUS
10
0.6244823228346457
20
0.0839005118110236
11
0.6244454330708661
21
0.0840861023622047
0
LINE
8
BLACK
6
CONTINUOUS
10
0.6244454330708661
20
0.0840861023622047
11
0.6244454330708661
21
0.085585905511811
0
LINE
8
BLACK
6
CONTINUOUS
10
0.6244454330708661
20
0.085585905511811
11
0.6244569685039369
21
0.085643937007874
0
LINE
8
BLACK
6
CONTINUOUS
10
0.6244569685039369
20
0.085643937007874
11
0.6244484251968504
21
0.0856695669291339
0
LINE
8
BLACK
6
CONTINUOUS
10
0.6244484251968504
20
0.0856695669291339
11
0.6244983464566929
21
0.0858520472440945
0
LINE
8
BLACK
6
CONTINUOUS
10
0.6244983464566929
20
0.0858520472440945
11
0.6245353543307086
21
0.0860379133858268
0
LINE
8
BLACK
6
CONTINUOUS
10
0.6245353543307086
20
0.0860379133858268
11
0.6245544881889764
21
0.0860570866141732
0
LINE
8
BLACK
6
CONTINUOUS
10
0.6245544881889764
20
0.0860570866141732
11
0.6245701181102362
21
0.086114094488189
0
LINE
8
BLACK
6
CONTINUOUS
10
0.6245701181102362
20
0.086114094488189
11
0.62532
21
0.087613937007874
0
LINE
8
BLACK
6
CONTINUOUS
10
0.62532
20
0.087613937007874
11
0.6254359448818898
21
0.0877633464566929
0
LINE
8
BLACK
6
CONTINUOUS
10
0.6254359448818898
20
0.0877633464566929
11
0.6255412598425196
21
0.0879209448818898
0
LINE
8
BLACK
6
CONTINUOUS
10
0.6255412598425196
20
0.0879209448818898
11
0.6262911811023621
21
0.0886708267716535
0
LINE
8
BLACK
6
CONTINUOUS
10
0.6262911811023621
20
0.0886708267716535
11
0.6264486220472441
21
0.0887760236220472
0
LINE
8
BLACK
6
CONTINUOUS
10
0.6264486220472441
20
0.0887760236220472
11
0.6265981102362205
21
0.0888920472440945
0
LINE
8
BLACK
6
CONTINUOUS
10
0.6265981102362205
20
0.0888920472440945
11
0.6280979527559055
21
0.089641968503937
0
LINE
8
BLACK
6
CONTINUOUS
10
0.6280979527559055
20
0.089641968503937
11
0.6281549606299213
21
0.0896575984251969
0
LINE
8
BLACK
6
CONTINUOUS
10
0.6281549606299213
20
0.0896575984251969
11
0.6281741338582677
21
0.0896767322834646
0
LINE
8
BLACK
6
CONTINUOUS
10
0.6281741338582677
20
0.0896767322834646
11
0.6283596062992126
21
0.0897136614173228
0
LINE
8
BLACK
6
CONTINUOUS
10
0.6283596062992126
20
0.0897136614173228
11
0.6285424409448819
21
0.0897637007874016
0
LINE
8
BLACK
6
CONTINUOUS
10
0.6285424409448819
20
0.0897637007874016
11
0.6285681496062993
21
0.089755157480315
0
LINE
8
BLACK
6
CONTINUOUS
10
0.6285681496062993
20
0.089755157480315
11
0.6286261417322835
21
0.0897666535433071
0
LINE
8
BLACK
6
CONTINUOUS
10
0.6286261417322835
20
0.0897666535433071
11
0.6323756692913386
21
0.0897666535433071
0
LINE
8
BLACK
6
CONTINUOUS
10
0.6323756692913386
20
0.0897666535433071
11
0.6324337007874016
21
0.0897551181102362
0
LINE
8
BLACK
6
CONTINUOUS
10
0.6453099606299213
20
0.0897296850393701
11
0.6454975984251968
21
0.0897060236220472
0
LINE
8
BLACK
6
CONTINUOUS
10
0.6454975984251968
20
0.0897060236220472
11
0.6477473228346456
21
0.0889561023622047
0
LINE
8
BLACK
6
CONTINUOUS
10
0.6477473228346456
20
0.0889561023622047
11
0.6477987007874015
21
0.088926811023622
0
LINE
8
BLACK
6
CONTINUOUS
10
0.6477987007874015
20
0.088926811023622
11
0.6478257874015748
21
0.088926811023622
0
LINE
8
BLACK
6
CONTINUOUS
10
0.6478257874015748
20
0.088926811023622
11
0.647983188976378
21
0.0888216535433071
0
LINE
8
BLACK
6
CONTINUOUS
10
0.647983188976378
20
0.0888216535433071
11
0.6481476771653543
21
0.088727874015748
0
LINE
8
BLACK
6
CONTINUOUS
10
0.6481476771653543
20
0.088727874015748
11
0.6481597637795276
21
0.0887036614173228
0
LINE
8
BLACK
6
CONTINUOUS
10
0.6481597637795276
20
0.0887036614173228
11
0.6482089763779527
21
0.0886707874015748
0
LINE
8
BLACK
6
CONTINUOUS
10
0.6482089763779527
20
0.0886707874015748
11
0.649708779527559
21
0.0871710236220472
0
LINE
8
BLACK
6
CONTINUOUS
10
0.649708779527559
20
0.0871710236220472
11
0.6498138976377953
21
0.0870136614173228
0
LINE
8
BLACK
6
CONTINUOUS
10
0.6498138976377953
20
0.0870136614173228
11
0.6499300393700788
21
0.0868640157480315
0
LINE
8
BLACK
6
CONTINUOUS
10
0.6499300393700788
20
0.0868640157480315
11
0.6506799212598425
21
0.0853642125984252
0
LINE
8
BLACK
6
CONTINUOUS
10
0.6506799212598425
20
0.0853642125984252
11
0.6507140551181102
21
0.0852394488188976
0
LINE
8
BLACK
6
CONTINUOUS
10
0.6507140551181102
20
0.0852394488188976
11
0.6507693307086614
21
0.0851224803149606
0
LINE
8
BLACK
6
CONTINUOUS
10
0.6507693307086614
20
0.0851224803149606
11
0.6515192519685039
21
0.0821228346456693
0
LINE
8
BLACK
6
CONTINUOUS
10
0.6515192519685039
20
0.0821228346456693
11
0.6515262598425197
21
0.0819783858267717
0
LINE
8
BLACK
6
CONTINUOUS
10
0.6515262598425197
20
0.0819783858267717
11
0.6515545275590551
21
0.0818363779527559
0
LINE
8
BLACK
6
CONTINUOUS
10
0.6515545275590551
20
0.0818363779527559
11
0.6515545275590551
21
0.0795866535433071
0
LINE
8
BLACK
6
CONTINUOUS
10
0.6515545275590551
20
0.0795866535433071
11
0.6515262598425197
21
0.0794446850393701
0
LINE
8
BLACK
6
CONTINUOUS
10
0.6515262598425197
20
0.0794446850393701
11
0.6515192519685039
21
0.0793001968503937
0
LINE
8
BLACK
6
CONTINUOUS
10
0.6515192519685039
20
0.0793001968503937
11
0.6507693307086614
21
0.0763005905511811
0
LINE
8
BLACK
6
CONTINUOUS
10
0.6507693307086614
20
0.0763005905511811
11
0.6507140551181102
21
0.0761836614173228
0
LINE
8
BLACK
6
CONTINUOUS
10
0.6507140551181102
20
0.0761836614173228
11
0.6506799212598425
21
0.0760588582677165
0
LINE
8
BLACK
6
CONTINUOUS
10
0.6506799212598425
20
0.0760588582677165
11
0.6499300393700788
21
0.0745590551181102
0
LINE
8
BLACK
6
CONTINUOUS
10
0.6499300393700788
20
0.0745590551181102
11
0.649813779527559
21
0.0744093307086614
0
LINE
8
BLACK
6
CONTINUOUS
10
0.649813779527559
20
0.0744093307086614
11
0.649708779527559
21
0.0742520866141732
0
LINE
8
BLACK
6
CONTINUOUS
10
0.649708779527559
20
0.0742520866141732
11
0.6482089763779527
21
0.0727522440944882
0
LINE
8
BLACK
6
CONTINUOUS
10
0.6482089763779527
20
0.0727522440944882
11
0.6481597637795276
21
0.0727194094488189
0
LINE
8
BLACK
6
CONTINUOUS
10
0.6481597637795276
20
0.0727194094488189
11
0.6481476771653543
21
0.072695157480315
0
LINE
8
BLACK
6
CONTINUOUS
10
0.6481476771653543
20
0.072695157480315
11
0.647983031496063
21
0.0726012992125984
0
LINE
8
BLACK
6
CONTINUOUS
10
0.647983031496063
20
0.0726012992125984
11
0.6478257874015748
21
0.0724962204724409
0
LINE
8
BLACK
6
CONTINUOUS
10
0.6478257874015748
20
0.0724962204724409
11
0.6477987401574803
21
0.0724962204724409
0
LINE
8
BLACK
6
CONTINUOUS
10
0.6477987401574803
20
0.0724962204724409
11
0.6477473228346456
21
0.0724668897637795
0
LINE
8
BLACK
6
CONTINUOUS
10
0.6477473228346456
20
0.0724668897637795
11
0.6454975984251968
21
0.0717170078740157
0
LINE
8
BLACK
6
CONTINUOUS
10
0.6454975984251968
20
0.0717170078740157
11
0.64530968503937
21
0.0716933464566929
0
LINE
8
BLACK
6
CONTINUOUS
10
0.64530968503937
20
0.0716933464566929
11
0.645124094488189
21
0.0716564173228346
0
LINE
8
BLACK
6
CONTINUOUS
10
0.645124094488189
20
0.0716564173228346
11
0.6436242519685039
21
0.0716564173228346
0
LINE
8
BLACK
6
CONTINUOUS
10
0.6436242519685039
20
0.0716564173228346
11
0.6434386220472441
21
0.0716933464566929
0
LINE
8
BLACK
6
CONTINUOUS
10
0.6434386220472441
20
0.0716933464566929
11
0.6432507480314961
21
0.0717170078740157
0
LINE
8
BLACK
6
CONTINUOUS
10
0.6432507480314961
20
0.0717170078740157
11
0.641001062992126
21
0.0724668897637795
0
LINE
8
BLACK
6
CONTINUOUS
10
0.641001062992126
20
0.0724668897637795
11
0.6409496850393701
21
0.0724961811023622
0
LINE
8
BLACK
6
CONTINUOUS
10
0.6409496850393701
20
0.0724961811023622
11
0.6409225984251968
21
0.0724961811023622
0
LINE
8
BLACK
6
CONTINUOUS
10
0.6409225984251968
20
0.0724961811023622
11
0.6407650787401574
21
0.0726014566929134
0
LINE
8
BLACK
6
CONTINUOUS
10
0.6407650787401574
20
0.0726014566929134
11
0.6406007086614173
21
0.072695157480315
0
LINE
8
BLACK
6
CONTINUOUS
10
0.6406007086614173
20
0.072695157480315
11
0.6405885826771653
21
0.0727194094488189
0
LINE
8
BLACK
6
CONTINUOUS
10
0.6405885826771653
20
0.0727194094488189
11
0.6405394094488189
21
0.0727522440944882
0
LINE
8
BLACK
6
CONTINUOUS
10
0.6405394094488189
20
0.0727522440944882
11
0.6397894881889764
21
0.0735021653543307
0
LINE
8
BLACK
6
CONTINUOUS
10
0.6397894881889764
20
0.0735021653543307
11
0.6395334645669292
21
0.0738853543307087
0
LINE
8
BLACK
6
CONTINUOUS
10
0.6395334645669292
20
0.0738853543307087
11
0.6395334645669292
21
0.0747892913385827
0
LINE
8
BLACK
6
CONTINUOUS
10
0.6395334645669292
20
0.0747892913385827
11
0.6401726771653543
21
0.0754285039370079
0
LINE
8
BLACK
6
CONTINUOUS
10
0.6401726771653543
20
0.0754285039370079
11
0.6410766141732284
21
0.0754285039370079
0
LINE
8
BLACK
6
CONTINUOUS
10
0.6410766141732284
20
0.0754285039370079
11
0.6414598031496063
21
0.0751724803149606
0
LINE
8
BLACK
6
CONTINUOUS
10
0.6414598031496063
20
0.0751724803149606
11
0.6420124803149606
21
0.0746198031496063
0
LINE
8
BLACK
6
CONTINUOUS
10
0.6420124803149606
20
0.0746198031496063
11
0.6438159842519685
21
0.0740186220472441
0
LINE
8
BLACK
6
CONTINUOUS
10
0.6438159842519685
20
0.0740186220472441
11
0.6449323622047244
21
0.0740186220472441
0
LINE
8
BLACK
6
CONTINUOUS
10
0.6449323622047244
20
0.0740186220472441
11
0.6467358267716535
21
0.0746197637795276
0
LINE
8
BLACK
6
CONTINUOUS
10
0.6467358267716535
20
0.0746197637795276
11
0.6479029133858267
21
0.0757869291338583
0
LINE
8
BLACK
6
CONTINUOUS
10
0.6479029133858267
20
0.0757869291338583
11
0.6485091338582677
21
0.0769993307086614
0
LINE
8
BLACK
6
CONTINUOUS
10
0.6485091338582677
20
0.0769993307086614
11
0.6491923228346457
21
0.0797320472440945
0
LINE
8
BLACK
6
CONTINUOUS
10
0.6491923228346457
20
0.0797320472440945
11
0.6491923228346457
21
0.0816910236220472
0
LINE
8
BLACK
6
CONTINUOUS
10
0.6491923228346457
20
0.0816910236220472
11
0.6485090944881889
21
0.0844237795275591
0
LINE
8
BLACK
6
CONTINUOUS
10
0.6485090944881889
20
0.0844237795275591
11
0.6479029133858267
21
0.0856361811023622
0
LINE
8
BLACK
6
CONTINUOUS
10
0.6479029133858267
20
0.0856361811023622
11
0.6467357874015748
21
0.0868033464566929
0
LINE
8
BLACK
6
CONTINUOUS
10
0.6467357874015748
20
0.0868033464566929
11
0.6449324803149606
21
0.0874044488188976
0
LINE
8
BLACK
6
CONTINUOUS
10
0.6449324803149606
20
0.0874044488188976
11
0.6438158661417323
21
0.0874044488188976
0
LINE
8
BLACK
6
CONTINUOUS
10
0.6438158661417323
20
0.0874044488188976
11
0.6420125590551181
21
0.0868033464566929
0
LINE
8
BLACK
6
CONTINUOUS
10
0.6420125590551181
20
0.0868033464566929
11
0.6414598031496063
21
0.0862505511811024
0
LINE
8
BLACK
6
CONTINUOUS
10
0.6414598031496063
20
0.0862505511811024
11
0.6410765748031496
21
0.0859945275590551
0
LINE
8
BLACK
6
CONTINUOUS
10
0.6410765748031496
20
0.0859945275590551
11
0.6401726377952756
21
0.0859945669291339
0
LINE
8
BLACK
6
CONTINUOUS
10
0.6401726377952756
20
0.0859945669291339
11
0.6395334251968504
21
0.0866338188976378
0
LINE
8
BLACK
6
CONTINUOUS
10
0.6395334251968504
20
0.0866338188976378
11
0.6395334645669292
21
0.0875377559055118
0
LINE
8
BLACK
6
CONTINUOUS
10
0.6395334645669292
20
0.0875377559055118
11
0.6397894881889764
21
0.0879209448818898
0
LINE
8
BLACK
6
CONTINUOUS
10
0.6397894881889764
20
0.0879209448818898
11
0.6405394094488189
21
0.0886708267716535
0
LINE
8
BLACK
6
CONTINUOUS
10
0.6405394094488189
20
0.0886708267716535
11
0.6405885433070866
21
0.0887037007874016
0
LINE
8
BLACK
6
CONTINUOUS
10
0.6405885433070866
20
0.0887037007874016
11
0.6406006692913385
21
0.088727874015748
0
LINE
8
BLACK
6
CONTINUOUS
10
0.6406006692913385
20
0.088727874015748
11
0.6407650393700787
21
0.0888216141732283
0
LINE
8
BLACK
6
CONTINUOUS
10
0.6407650393700787
20
0.0888216141732283
11
0.6409226377952756
21
0.0889268503937008
0
LINE
8
BLACK
6
CONTINUOUS
10
0.6409226377952756
20
0.0889268503937008
11
0.6409497244094488
21
0.0889268503937008
0
LINE
8
BLACK
6
CONTINUOUS
10
0.6409497244094488
20
0.0889268503937008
11
0.641001062992126
21
0.0889561023622047
0
LINE
8
BLACK
6
CONTINUOUS
10
0.641001062992126
20
0.0889561023622047
11
0.6432507480314961
21
0.0897060236220472
0
LINE
8
BLACK
6
CONTINUOUS
10
0.6432507480314961
20
0.0897060236220472
11
0.6434383464566928
21
0.0897296850393701
0
LINE
8
BLACK
6
CONTINUOUS
10
0.6434383464566928
20
0.0897296850393701
11
0.6436242519685039
21
0.0897666535433071
0
LINE
8
BLACK
6
CONTINUOUS
10
0.6436242519685039
20
0.0897666535433071
11
0.645124094488189
21
0.0897666535433071
0
LINE
8
BLACK
6
CONTINUOUS
10
0.645124094488189
20
0.0897666535433071
11
0.6453099606299213
21
0.0897296850393701
0
LINE
8
BLACK
6
CONTINUOUS
10
0.6702493700787402
20
0.0975666929133858
11
0.6713147244094488
21
0.0965013385826772
0
LINE
8
BLACK
6
CONTINUOUS
10
0.6713147244094488
20
0.0965013385826772
11
0.6714645669291338
21
0.095748031496063
0
LINE
8
BLACK
6
CONTINUOUS
10
0.6714645669291338
20
0.095748031496063
11
0.6714645669291338
21
0.064251968503937
0
LINE
8
BLACK
6
CONTINUOUS
10
0.6714645669291338
20
0.064251968503937
11
0.6713147244094488
21
0.0634986614173228
0
LINE
8
BLACK
6
CONTINUOUS
10
0.6713147244094488
20
0.0634986614173228
11
0.6702493700787402
21
0.0624333070866142
0
LINE
8
BLACK
6
CONTINUOUS
10
0.6702493700787402
20
0.0624333070866142
11
0.6694960629921259
21
0.0622834645669291
0
LINE
8
BLACK
6
CONTINUOUS
10
0.6694960629921259
20
0.0622834645669291
11
0.606503937007874
21
0.0622834645669291
0
LINE
8
BLACK
6
CONTINUOUS
10
0.606503937007874
20
0.0622834645669291
11
0.6057506299212598
21
0.0624333070866142
0
LINE
8
BLACK
6
CONTINUOUS
10
0.6057506299212598
20
0.0624333070866142
11
0.6046852755905512
21
0.0634986614173228
0
LINE
8
BLACK
6
CONTINUOUS
10
0.6046852755905512
20
0.0634986614173228
11
0.6045354330708661
21
0.064251968503937
0
LINE
8
BLACK
6
CONTINUOUS
10
0.6045354330708661
20
0.064251968503937
11
0.6045354330708661
21
0.095748031496063
0
LINE
8
BLACK
6
CONTINUOUS
10
0.6045354330708661
20
0.095748031496063
11
0.6046852755905512
21
0.0965013385826772
0
LINE
8
BLACK
6
CONTINUOUS
10
0.6046852755905512
20
0.0965013385826772
11
0.6057506299212598
21
0.0975666929133858
0
LINE
8
BLACK
6
CONTINUOUS
10
0.6057506299212598
20
0.0975666929133858
11
0.606503937007874
21
0.0977165354330709
0
LINE
8
BLACK
6
CONTINUOUS
10
0.606503937007874
20
0.0977165354330709
11
0.6694960629921259
21
0.0977165354330709
0
LINE
8
BLACK
6
CONTINUOUS
10
0.6694960629921259
20
0.0977165354330709
11
0.6702493700787402
21
0.0975666929133858
0
LINE
8
BLACK
6
CONTINUOUS
10
0.6084724409448818
20
0.0937795275590551
11
0.6084724409448818
21
0.0662204724409449
0
LINE
8
BLACK
6
CONTINUOUS
10
0.6084724409448818
20
0.0662204724409449
11
0.6675275590551181
21
0.0662204724409449
0
LINE
8
BLACK
6
CONTINUOUS
10
0.6675275590551181
20
0.0662204724409449
11
0.6675275590551181
21
0.0937795275590551
0
LINE
8
BLACK
6
CONTINUOUS
10
0.6675275590551181
20
0.0937795275590551
11
0.6084724409448818
21
0.0937795275590551
0
LINE
8
BLACK
6
CONTINUOUS
10
0.120485905511811
20
0.2550038976377953
11
0.1215164173228346
21
0.2544886220472441
0
LINE
8
BLACK
6
CONTINUOUS
10
0.1215164173228346
20
0.2544886220472441
11
0.1222712598425197
21
0.2536182677165355
0
LINE
8
BLACK
6
CONTINUOUS
10
0.1222712598425197
20
0.2536182677165355
11
0.1226355905511811
21
0.2525252755905512
0
LINE
8
BLACK
6
CONTINUOUS
10
0.1226355905511811
20
0.2525252755905512
11
0.122553937007874
21
0.251376062992126
0
LINE
8
BLACK
6
CONTINUOUS
10
0.122553937007874
20
0.251376062992126
11
0.1223470472440945
21
0.2508354724409449
0
LINE
8
BLACK
6
CONTINUOUS
10
0.1223470472440945
20
0.2508354724409449
11
0.1204722834645669
21
0.2470859448818898
0
LINE
8
BLACK
6
CONTINUOUS
10
0.1204722834645669
20
0.2470859448818898
11
0.1203162598425197
21
0.2468381496062992
0
LINE
8
BLACK
6
CONTINUOUS
10
0.1203162598425197
20
0.2468381496062992
11
0.1202864173228346
21
0.2467659842519685
0
LINE
8
BLACK
6
CONTINUOUS
10
0.1202864173228346
20
0.2467659842519685
11
0.1202198031496063
21
0.246684842519685
0
LINE
8
BLACK
6
CONTINUOUS
10
0.1202198031496063
20
0.246684842519685
11
0.120163937007874
21
0.246596062992126
0
LINE
8
BLACK
6
CONTINUOUS
10
0.120163937007874
20
0.246596062992126
11
0.120105
21
0.2465449606299213
0
LINE
8
BLACK
6
CONTINUOUS
10
0.120105
20
0.2465449606299213
11
0.1199191732283465
21
0.2463185433070866
0
LINE
8
BLACK
6
CONTINUOUS
10
0.1199191732283465
20
0.2463185433070866
11
0.1174607874015748
21
0.2438601574803149
0
LINE
8
BLACK
6
CONTINUOUS
10
0.1174607874015748
20
0.2438601574803149
11
0.1448747637795275
21
0.2438601574803149
0
LINE
8
BLACK
6
CONTINUOUS
10
0.1448747637795275
20
0.2438601574803149
11
0.1448747637795275
21
0.2521559842519685
0
LINE
8
BLACK
6
CONTINUOUS
10
0.1448747637795275
20
0.2521559842519685
11
0.1449314960629921
21
0.2527320472440945
0
LINE
8
BLACK
6
CONTINUOUS
10
0.1449314960629921
20
0.2527320472440945
11
0.1453724015748031
21
0.2537964566929134
0
LINE
8
BLACK
6
CONTINUOUS
10
0.1453724015748031
20
0.2537964566929134
11
0.1461870472440945
21
0.2546111023622047
0
LINE
8
BLACK
6
CONTINUOUS
10
0.1461870472440945
20
0.2546111023622047
11
0.1472514566929134
21
0.2550520078740157
0
LINE
8
BLACK
6
CONTINUOUS
10
0.1472514566929134
20
0.2550520078740157
11
0.1484035826771654
21
0.2550520078740157
0
LINE
8
BLACK
6
CONTINUOUS
10
0.1484035826771654
20
0.2550520078740157
11
0.1494679921259842
21
0.2546111023622047
0
LINE
8
BLACK
6
CONTINUOUS
10
0.1494679921259842
20
0.2546111023622047
11
0.1502826377952756
21
0.2537964566929134
0
LINE
8
BLACK
6
CONTINUOUS
10
0.1502826377952756
20
0.2537964566929134
11
0.1507235433070866
21
0.2527320472440945
0
LINE
8
BLACK
6
CONTINUOUS
10
0.1507235433070866
20
0.2527320472440945
11
0.1507802755905512
21
0.2521559842519685
0
LINE
8
BLACK
6
CONTINUOUS
10
0.1507802755905512
20
0.2521559842519685
11
0.1507802755905512
21
0.2296588188976378
0
LINE
8
BLACK
6
CONTINUOUS
10
0.1507802755905512
20
0.2296588188976378
11
0.1507235433070866
21
0.2290827559055118
0
LINE
8
BLACK
6
CONTINUOUS
10
0.1507235433070866
20
0.2290827559055118
11
0.1502826377952756
21
0.2280183464566929
0
LINE
8
BLACK
6
CONTINUOUS
10
0.1502826377952756
20
0.2280183464566929
11
0.1494679921259842
21
0.2272037007874016
0
LINE
8
BLACK
6
CONTINUOUS
10
0.1494679921259842
20
0.2272037007874016
11
0.1484035826771654
21
0.2267627952755905
0
LINE
8
BLACK
6
CONTINUOUS
10
0.1484035826771654
20
0.2267627952755905
11
0.1472514566929134
21
0.2267627952755905
0
LINE
8
BLACK
6
CONTINUOUS
10
0.1472514566929134
20
0.2267627952755905
11
0.1461870472440945
21
0.2272037007874016
0
LINE
8
BLACK
6
CONTINUOUS
10
0.1461870472440945
20
0.2272037007874016
11
0.1453724015748031
21
0.2280183464566929
0
LINE
8
BLACK
6
CONTINUOUS
10
0.1453724015748031
20
0.2280183464566929
11
0.1449314960629921
21
0.2290827559055118
0
LINE
8
BLACK
6
CONTINUOUS
10
0.1449314960629921
20
0.2290827559055118
11
0.1448747637795275
21
0.2296588188976378
0
LINE
8
BLACK
6
CONTINUOUS
10
0.1448747637795275
20
0.2296588188976378
11
0.1448747637795275
21
0.2379546456692913
0
LINE
8
BLACK
6
CONTINUOUS
10
0.1448747637795275
20
0.2379546456692913
11
0.1084574409448819
21
0.2379546456692913
0
LINE
8
BLACK
6
CONTINUOUS
10
0.1084574409448819
20
0.2379546456692913
11
0.1084553543307087
21
0.2379548818897638
0
LINE
8
BLACK
6
CONTINUOUS
10
0.1084553543307087
20
0.2379548818897638
11
0.1084543307086614
21
0.2379546456692913
0
LINE
8
BLACK
6
CONTINUOUS
10
0.1084543307086614
20
0.2379546456692913
11
0.1084512992125984
21
0.2379552755905512
0
LINE
8
BLACK
6
CONTINUOUS
10
0.1084512992125984
20
0.2379552755905512
11
0.1078813779527559
21
0.2380113779527559
0
LINE
8
BLACK
6
CONTINUOUS
10
0.1078813779527559
20
0.2380113779527559
11
0.1076112598425197
21
0.2381232677165354
0
LINE
8
BLACK
6
CONTINUOUS
10
0.1076112598425197
20
0.2381232677165354
11
0.1073246456692913
21
0.2381805905511811
0
LINE
8
BLACK
6
CONTINUOUS
10
0.1073246456692913
20
0.2381805905511811
11
0.1070842519685039
21
0.2383415748031496
0
LINE
8
BLACK
6
CONTINUOUS
10
0.1070842519685039
20
0.2383415748031496
11
0.106816968503937
21
0.2384522834645669
0
LINE
8
BLACK
6
CONTINUOUS
10
0.106816968503937
20
0.2384522834645669
11
0.1066102362204724
21
0.2386590157480315
0
LINE
8
BLACK
6
CONTINUOUS
10
0.1066102362204724
20
0.2386590157480315
11
0.1063673622047244
21
0.2388216535433071
0
LINE
8
BLACK
6
CONTINUOUS
10
0.1063673622047244
20
0.2388216535433071
11
0.1062068503937008
21
0.2390624015748032
0
LINE
8
BLACK
6
CONTINUOUS
10
0.1062068503937008
20
0.2390624015748032
11
0.1060023228346457
21
0.2392669291338583
0
LINE
8
BLACK
6
CONTINUOUS
10
0.1060023228346457
20
0.2392669291338583
11
0.1058904330708661
21
0.2395370472440945
0
LINE
8
BLACK
6
CONTINUOUS
10
0.1058904330708661
20
0.2395370472440945
11
0.1057282677165354
21
0.2397802755905512
0
LINE
8
BLACK
6
CONTINUOUS
10
0.1057282677165354
20
0.2397802755905512
11
0.105672125984252
21
0.240064094488189
0
LINE
8
BLACK
6
CONTINUOUS
10
0.105672125984252
20
0.240064094488189
11
0.1055614173228346
21
0.2403313385826772
0
LINE
8
BLACK
6
CONTINUOUS
10
0.1055614173228346
20
0.2403313385826772
11
0.1055614173228346
21
0.2406237401574803
0
LINE
8
BLACK
6
CONTINUOUS
10
0.1055614173228346
20
0.2406237401574803
11
0.1055046850393701
21
0.2409105118110236
0
LINE
8
BLACK
6
CONTINUOUS
10
0.1055046850393701
20
0.2409105118110236
11
0.1055614173228346
21
0.2411941732283465
0
LINE
8
BLACK
6
CONTINUOUS
10
0.1055614173228346
20
0.2411941732283465
11
0.1055614173228346
21
0.2414834645669291
0
LINE
8
BLACK
6
CONTINUOUS
10
0.1055614173228346
20
0.2414834645669291
11
0.1056732677165354
21
0.2417535826771653
0
LINE
8
BLACK
6
CONTINUOUS
10
0.1056732677165354
20
0.2417535826771653
11
0.1057306299212598
21
0.2420401968503937
0
LINE
8
BLACK
6
CONTINUOUS
10
0.1057306299212598
20
0.2420401968503937
11
0.1058915748031496
21
0.2422805905511811
0
LINE
8
BLACK
6
CONTINUOUS
10
0.1058915748031496
20
0.2422805905511811
11
0.1060023228346457
21
0.242547874015748
0
LINE
8
BLACK
6
CONTINUOUS
10
0.1060023228346457
20
0.242547874015748
11
0.1062090157480315
21
0.2427546062992126
0
LINE
8
BLACK
6
CONTINUOUS
10
0.1062090157480315
20
0.2427546062992126
11
0.1063716929133858
21
0.2429974803149606
0
LINE
8
BLACK
6
CONTINUOUS
10
0.1063716929133858
20
0.2429974803149606
11
0.1068149212598425
21
0.2433605118110236
0
LINE
8
BLACK
6
CONTINUOUS
10
0.1068149212598425
20
0.2433605118110236
11
0.106816968503937
21
0.2433625196850394
0
LINE
8
BLACK
6
CONTINUOUS
10
0.106816968503937
20
0.2433625196850394
11
0.1068178346456693
21
0.2433629133858268
0
LINE
8
BLACK
6
CONTINUOUS
10
0.1068178346456693
20
0.2433629133858268
11
0.1068195275590551
21
0.2433642519685039
0
LINE
8
BLACK
6
CONTINUOUS
10
0.1068195275590551
20
0.2433642519685039
11
0.1122005511811024
21
0.2469516141732283
0
LINE
8
BLACK
6
CONTINUOUS
10
0.1122005511811024
20
0.2469516141732283
11
0.1154045275590551
21
0.2501555511811023
0
LINE
8
BLACK
6
CONTINUOUS
10
0.1154045275590551
20
0.2501555511811023
11
0.117065
21
0.2534764960629921
0
LINE
8
BLACK
6
CONTINUOUS
10
0.117065
20
0.2534764960629921
11
0.1173733464566929
21
0.2539663779527559
0
LINE
8
BLACK
6
CONTINUOUS
10
0.1173733464566929
20
0.2539663779527559
11
0.1182437401574803
21
0.2547212204724409
0
LINE
8
BLACK
6
CONTINUOUS
10
0.1182437401574803
20
0.2547212204724409
11
0.1193366929133858
21
0.2550855511811024
0
LINE
8
BLACK
6
CONTINUOUS
10
0.1193366929133858
20
0.2550855511811024
11
0.120485905511811
21
0.2550038976377953
0
LINE
8
BLACK
6
CONTINUOUS
10
0.1494679921259842
20
0.286482125984252
11
0.1502826377952756
21
0.2856674803149606
0
LINE
8
BLACK
6
CONTINUOUS
10
0.1502826377952756
20
0.2856674803149606
11
0.1507235433070866
21
0.2846030708661417
0
LINE
8
BLACK
6
CONTINUOUS
10
0.1507235433070866
20
0.2846030708661417
11
0.1507802755905512
21
0.2840270078740157
0
LINE
8
BLACK
6
CONTINUOUS
10
0.1507802755905512
20
0.2840270078740157
11
0.1507802755905512
21
0.2802774803149606
0
LINE
8
BLACK
6
CONTINUOUS
10
0.1507802755905512
20
0.2802774803149606
11
0.1507515354330708
21
0.279985905511811
0
LINE
8
BLACK
6
CONTINUOUS
10
0.1507515354330708
20
0.279985905511811
11
0.1507570866141732
21
0.2799081496062992
0
LINE
8
BLACK
6
CONTINUOUS
10
0.1507570866141732
20
0.2799081496062992
11
0.1507338188976378
21
0.279805905511811
0
LINE
8
BLACK
6
CONTINUOUS
10
0.1507338188976378
20
0.279805905511811
11
0.1507235433070866
21
0.2797014173228347
0
LINE
8
BLACK
6
CONTINUOUS
10
0.1507235433070866
20
0.2797014173228347
11
0.1506936614173228
21
0.2796293700787402
0
LINE
8
BLACK
6
CONTINUOUS
10
0.1506936614173228
20
0.2796293700787402
11
0.1506287401574803
21
0.2793437007874016
0
LINE
8
BLACK
6
CONTINUOUS
10
0.1506287401574803
20
0.2793437007874016
11
0.1487539763779528
21
0.2737194488188976
0
LINE
8
BLACK
6
CONTINUOUS
10
0.1487539763779528
20
0.2737194488188976
11
0.1485179921259842
21
0.2731908661417323
0
LINE
8
BLACK
6
CONTINUOUS
10
0.1485179921259842
20
0.2731908661417323
11
0.1484485039370079
21
0.2731107874015748
0
LINE
8
BLACK
6
CONTINUOUS
10
0.1484485039370079
20
0.2731107874015748
11
0.1484079133858268
21
0.2730127165354331
0
LINE
8
BLACK
6
CONTINUOUS
10
0.1484079133858268
20
0.2730127165354331
11
0.1480406692913386
21
0.2725652755905512
0
LINE
8
BLACK
6
CONTINUOUS
10
0.1480406692913386
20
0.2725652755905512
11
0.1442911023622047
21
0.268815748031496
0
LINE
8
BLACK
6
CONTINUOUS
10
0.1442911023622047
20
0.268815748031496
11
0.1438436220472441
21
0.2684485039370079
0
LINE
8
BLACK
6
CONTINUOUS
10
0.1438436220472441
20
0.2684485039370079
11
0.1437455511811024
21
0.2684079133858268
0
LINE
8
BLACK
6
CONTINUOUS
10
0.1437455511811024
20
0.2684079133858268
11
0.1436654724409449
21
0.2683384251968504
0
LINE
8
BLACK
6
CONTINUOUS
10
0.1436654724409449
20
0.2683384251968504
11
0.1431369291338583
21
0.2681024409448819
0
LINE
8
BLACK
6
CONTINUOUS
10
0.1431369291338583
20
0.2681024409448819
11
0.1375126377952756
21
0.2662276771653543
0
LINE
8
BLACK
6
CONTINUOUS
10
0.1375126377952756
20
0.2662276771653543
11
0.1372270472440945
21
0.2661627559055118
0
LINE
8
BLACK
6
CONTINUOUS
10
0.1372270472440945
20
0.2661627559055118
11
0.1371549606299212
21
0.266132874015748
0
LINE
8
BLACK
6
CONTINUOUS
10
0.1371549606299212
20
0.266132874015748
11
0.1370504330708661
21
0.2661225984251969
0
LINE
8
BLACK
6
CONTINUOUS
10
0.1370504330708661
20
0.2661225984251969
11
0.1369481889763779
21
0.2660993307086614
0
LINE
8
BLACK
6
CONTINUOUS
10
0.1369481889763779
20
0.2660993307086614
11
0.1368704330708661
21
0.2661048818897638
0
LINE
8
BLACK
6
CONTINUOUS
10
0.1368704330708661
20
0.2661048818897638
11
0.1365788976377953
21
0.2660761417322834
0
LINE
8
BLACK
6
CONTINUOUS
10
0.1365788976377953
20
0.2660761417322834
11
0.1084574409448819
21
0.2660761417322834
0
LINE
8
BLACK
6
CONTINUOUS
10
0.1084574409448819
20
0.2660761417322834
11
0.1078813779527559
21
0.266132874015748
0
LINE
8
BLACK
6
CONTINUOUS
10
0.1078813779527559
20
0.266132874015748
11
0.106816968503937
21
0.2665737795275591
0
LINE
8
BLACK
6
CONTINUOUS
10
0.106816968503937
20
0.2665737795275591
11
0.1060023228346457
21
0.2673884251968504
0
LINE
8
BLACK
6
CONTINUOUS
10
0.1060023228346457
20
0.2673884251968504
11
0.1055614173228346
21
0.2684528346456693
0
LINE
8
BLACK
6
CONTINUOUS
10
0.1055614173228346
20
0.2684528346456693
11
0.1055614173228346
21
0.2696049606299212
0
LINE
8
BLACK
6
CONTINUOUS
10
0.1055614173228346
20
0.2696049606299212
11
0.1060023228346457
21
0.2706693700787401
0
LINE
8
BLACK
6
CONTINUOUS
10
0.1060023228346457
20
0.2706693700787401
11
0.106816968503937
21
0.2714840157480315
0
LINE
8
BLACK
6
CONTINUOUS
10
0.106816968503937
20
0.2714840157480315
11
0.1078813779527559
21
0.2719249212598425
0
LINE
8
BLACK
6
CONTINUOUS
10
0.1078813779527559
20
0.2719249212598425
11
0.1084574409448819
21
0.2719816535433071
0
LINE
8
BLACK
6
CONTINUOUS
10
0.1084574409448819
20
0.2719816535433071
11
0.1360997637795276
21
0.2719816535433071
0
LINE
8
BLACK
6
CONTINUOUS
10
0.1360997637795276
20
0.2719816535433071
11
0.1406081496062992
21
0.2734844881889764
0
LINE
8
BLACK
6
CONTINUOUS
10
0.1406081496062992
20
0.2734844881889764
11
0.143371968503937
21
0.2762482677165354
0
LINE
8
BLACK
6
CONTINUOUS
10
0.143371968503937
20
0.2762482677165354
11
0.1448747637795275
21
0.2807566141732283
0
LINE
8
BLACK
6
CONTINUOUS
10
0.1448747637795275
20
0.2807566141732283
11
0.1448747637795275
21
0.2840270078740157
0
LINE
8
BLACK
6
CONTINUOUS
10
0.1448747637795275
20
0.2840270078740157
11
0.1449314960629921
21
0.2846030708661417
0
LINE
8
BLACK
6
CONTINUOUS
10
0.1449314960629921
20
0.2846030708661417
11
0.1453724015748031
21
0.2856674803149606
0
LINE
8
BLACK
6
CONTINUOUS
10
0.1453724015748031
20
0.2856674803149606
11
0.1461870472440945
21
0.286482125984252
0
LINE
8
BLACK
6
CONTINUOUS
10
0.1461870472440945
20
0.286482125984252
11
0.1472514566929134
21
0.286923031496063
0
LINE
8
BLACK
6
CONTINUOUS
10
0.1472514566929134
20
0.286923031496063
11
0.1484035826771654
21
0.286923031496063
0
LINE
8
BLACK
6
CONTINUOUS
10
0.1484035826771654
20
0.286923031496063
11
0.1494679921259842
21
0.286482125984252
0
LINE
8
BLACK
6
CONTINUOUS
10
0.1936666929133858
20
0.420125748031496
11
0.1947320472440945
21
0.4190603937007874
0
LINE
8
BLACK
6
CONTINUOUS
10
0.1947320472440945
20
0.4190603937007874
11
0.1948818897637795
21
0.4183070866141732
0
LINE
8
BLACK
6
CONTINUOUS
10
0.1948818897637795
20
0.4183070866141732
11
0.1948818897637795
21
0.093503937007874
0
LINE
8
BLACK
6
CONTINUOUS
10
0.1948818897637795
20
0.093503937007874
11
0.1947320472440945
21
0.0927506299212598
0
LINE
8
BLACK
6
CONTINUOUS
10
0.1947320472440945
20
0.0927506299212598
11
0.1936666929133858
21
0.0916852755905512
0
LINE
8
BLACK
6
CONTINUOUS
10
0.1936666929133858
20
0.0916852755905512
11
0.1929133858267716
21
0.0915354330708661
0
LINE
8
BLACK
6
CONTINUOUS
10
0.1929133858267716
20
0.0915354330708661
11
0.0334645669291339
21
0.0915354330708661
0
LINE
8
BLACK
6
CONTINUOUS
10
0.0334645669291339
20
0.0915354330708661
11
0.0327112598425197
21
0.0916852755905512
0
LINE
8
BLACK
6
CONTINUOUS
10
0.0327112598425197
20
0.0916852755905512
11
0.031645905511811
21
0.0927506299212598
0
LINE
8
BLACK
6
CONTINUOUS
10
0.031645905511811
20
0.0927506299212598
11
0.031496062992126
21
0.093503937007874
0
LINE
8
BLACK
6
CONTINUOUS
10
0.031496062992126
20
0.093503937007874
11
0.031496062992126
21
0.4183070866141732
0
LINE
8
BLACK
6
CONTINUOUS
10
0.031496062992126
20
0.4183070866141732
11
0.031645905511811
21
0.4190603937007874
0
LINE
8
BLACK
6
CONTINUOUS
10
0.031645905511811
20
0.4190603937007874
11
0.0327112598425197
21
0.420125748031496
0
LINE
8
BLACK
6
CONTINUOUS
10
0.0327112598425197
20
0.420125748031496
11
0.0334645669291339
21
0.4202755905511811
0
LINE
8
BLACK
6
CONTINUOUS
10
0.0334645669291339
20
0.4202755905511811
11
0.1929133858267716
21
0.4202755905511811
0
LINE
8
BLACK
6
CONTINUOUS
10
0.1929133858267716
20
0.4202755905511811
11
0.1936666929133858
21
0.420125748031496
0
LINE
8
BLACK
6
CONTINUOUS
10
0.0354330708661417
20
0.4163385826771653
11
0.0354330708661417
21
0.0954724409448819
0
LINE
8
BLACK
6
CONTINUOUS
10
0.0354330708661417
20
0.0954724409448819
11
0.1909448818897638
21
0.0954724409448819
0
LINE
8
BLACK
6
CONTINUOUS
10
0.1909448818897638
20
0.0954724409448819
11
0.1909448818897638
21
0.1613826377952756
0
LINE
8
BLACK
6
CONTINUOUS
10
0.1909448818897638
20
0.1613826377952756
11
0.1639379921259843
21
0.1804793307086614
0
LINE
8
BLACK
6
CONTINUOUS
10
0.1639379921259843
20
0.1804793307086614
11
0.1634094488188976
21
0.1810366141732283
0
LINE
8
BLACK
6
CONTINUOUS
10
0.1634094488188976
20
0.1810366141732283
11
0.1633516929133858
21
0.181373031496063
0
LINE
8
BLACK
6
CONTINUOUS
10
0.1633516929133858
20
0.181373031496063
11
0.1631546850393701
21
0.1816516929133858
0
LINE
8
BLACK
6
CONTINUOUS
10
0.1631546850393701
20
0.1816516929133858
11
0.1632292913385827
21
0.1820866141732284
0
LINE
8
BLACK
6
CONTINUOUS
10
0.1632292913385827
20
0.1820866141732284
11
0.1631546850393701
21
0.1825215354330709
0
LINE
8
BLACK
6
CONTINUOUS
10
0.1631546850393701
20
0.1825215354330709
11
0.1633516929133858
21
0.1828002362204724
0
LINE
8
BLACK
6
CONTINUOUS
10
0.1633516929133858
20
0.1828002362204724
11
0.1634094488188976
21
0.1831366141732284
0
LINE
8
BLACK
6
CONTINUOUS
10
0.1634094488188976
20
0.1831366141732284
11
0.1639379921259843
21
0.1836938976377953
0
LINE
8
BLACK
6
CONTINUOUS
10
0.1639379921259843
20
0.1836938976377953
11
0.1909448818897638
21
0.2027906299212598
0
LINE
8
BLACK
6
CONTINUOUS
10
0.1909448818897638
20
0.2027906299212598
11
0.1909448818897638
21
0.4163385826771653
0
LINE
8
BLACK
6
CONTINUOUS
10
0.1909448818897638
20
0.4163385826771653
11
0.0354330708661417
21
0.4163385826771653
0
LINE
8
BLACK
6
CONTINUOUS
10
0.168484094488189
20
0.1820866141732284
11
0.1909448818897638
21
0.1662044881889764
0
LINE
8
BLACK
6
CONTINUOUS
10
0.1909448818897638
20
0.1662044881889764
11
0.1909448818897638
21
0.1979687795275591
0
LINE
8
BLACK
6
CONTINUOUS
10
0.1909448818897638
20
0.1979687795275591
11
0.168484094488189
21
0.1820866141732284
0
LINE
8
BLACK
6
CONTINUOUS
10
0.8345073622047244
20
0.2564858661417323
11
0.8353220078740158
21
0.255671220472441
0
LINE
8
BLACK
6
CONTINUOUS
10
0.8353220078740158
20
0.255671220472441
11
0.8357629133858268
21
0.254606811023622
0
LINE
8
BLACK
6
CONTINUOUS
10
0.8357629133858268
20
0.254606811023622
11
0.8358196456692913
21
0.2540307480314961
0
LINE
8
BLACK
6
CONTINUOUS
10
0.8358196456692913
20
0.2540307480314961
11
0.8358196456692913
21
0.2361660236220472
0
LINE
8
BLACK
6
CONTINUOUS
10
0.8358196456692913
20
0.2361660236220472
11
0.8459205905511811
21
0.2450043307086614
0
LINE
8
BLACK
6
CONTINUOUS
10
0.8459205905511811
20
0.2450043307086614
11
0.8461695669291338
21
0.2451823622047244
0
LINE
8
BLACK
6
CONTINUOUS
10
0.8461695669291338
20
0.2451823622047244
11
0.8462245275590551
21
0.2452372834645669
0
LINE
8
BLACK
6
CONTINUOUS
10
0.8462245275590551
20
0.2452372834645669
11
0.8462766141732283
21
0.2452588976377953
0
LINE
8
BLACK
6
CONTINUOUS
10
0.8462766141732283
20
0.2452588976377953
11
0.8463914960629921
21
0.2453409842519685
0
LINE
8
BLACK
6
CONTINUOUS
10
0.8463914960629921
20
0.2453409842519685
11
0.8468457086614173
21
0.2454946062992126
0
LINE
8
BLACK
6
CONTINUOUS
10
0.8468457086614173
20
0.2454946062992126
11
0.847288937007874
21
0.2456781889763779
0
LINE
8
BLACK
6
CONTINUOUS
10
0.847288937007874
20
0.2456781889763779
11
0.8473885826771653
21
0.2456781889763779
0
LINE
8
BLACK
6
CONTINUOUS
10
0.8473885826771653
20
0.2456781889763779
11
0.8474828740157481
21
0.2457100787401575
0
LINE
8
BLACK
6
CONTINUOUS
10
0.8474828740157481
20
0.2457100787401575
11
0.8479613385826772
21
0.2456781889763779
0
LINE
8
BLACK
6
CONTINUOUS
10
0.8479613385826772
20
0.2456781889763779
11
0.848441062992126
21
0.2456781889763779
0
LINE
8
BLACK
6
CONTINUOUS
10
0.848441062992126
20
0.2456781889763779
11
0.848533031496063
21
0.2456401181102362
0
LINE
8
BLACK
6
CONTINUOUS
10
0.848533031496063
20
0.2456401181102362
11
0.8486324015748031
21
0.2456334645669291
0
LINE
8
BLACK
6
CONTINUOUS
10
0.8486324015748031
20
0.2456334645669291
11
0.8490625196850393
21
0.2454207874015748
0
LINE
8
BLACK
6
CONTINUOUS
10
0.8490625196850393
20
0.2454207874015748
11
0.8495054724409449
21
0.2452372834645669
0
LINE
8
BLACK
6
CONTINUOUS
10
0.8495054724409449
20
0.2452372834645669
11
0.8495757874015748
21
0.245166968503937
0
LINE
8
BLACK
6
CONTINUOUS
10
0.8495757874015748
20
0.245166968503937
11
0.8496651574803149
21
0.2451227559055118
0
LINE
8
BLACK
6
CONTINUOUS
10
0.8496651574803149
20
0.2451227559055118
11
0.8499811023622047
21
0.2447616535433071
0
LINE
8
BLACK
6
CONTINUOUS
10
0.8499811023622047
20
0.2447616535433071
11
0.8503201181102362
21
0.2444226377952756
0
LINE
8
BLACK
6
CONTINUOUS
10
0.8503201181102362
20
0.2444226377952756
11
0.8503582283464567
21
0.2443306692913386
0
LINE
8
BLACK
6
CONTINUOUS
10
0.8503582283464567
20
0.2443306692913386
11
0.8504238188976377
21
0.2442556692913386
0
LINE
8
BLACK
6
CONTINUOUS
10
0.8504238188976377
20
0.2442556692913386
11
0.8505774015748031
21
0.2438014566929134
0
LINE
8
BLACK
6
CONTINUOUS
10
0.8505774015748031
20
0.2438014566929134
11
0.8507610236220472
21
0.2433582283464567
0
LINE
8
BLACK
6
CONTINUOUS
10
0.8507610236220472
20
0.2433582283464567
11
0.850774842519685
21
0.2432176771653543
0
LINE
8
BLACK
6
CONTINUOUS
10
0.850774842519685
20
0.2432176771653543
11
0.8507929133858267
21
0.2431642913385827
0
LINE
8
BLACK
6
CONTINUOUS
10
0.8507929133858267
20
0.2431642913385827
11
0.8507877165354331
21
0.2430868503937008
0
LINE
8
BLACK
6
CONTINUOUS
10
0.8507877165354331
20
0.2430868503937008
11
0.8508177559055118
21
0.2427821653543307
0
LINE
8
BLACK
6
CONTINUOUS
10
0.8508177559055118
20
0.2427821653543307
11
0.8508177559055118
21
0.2378549212598425
0
LINE
8
BLACK
6
CONTINUOUS
10
0.8508177559055118
20
0.2378549212598425
11
0.8521664960629921
21
0.2351574409448819
0
LINE
8
BLACK
6
CONTINUOUS
10
0.8521664960629921
20
0.2351574409448819
11
0.853363622047244
21
0.2339603149606299
0
LINE
8
BLACK
6
CONTINUOUS
10
0.853363622047244
20
0.2339603149606299
11
0.8560611023622047
21
0.2326115748031496
0
LINE
8
BLACK
6
CONTINUOUS
10
0.8560611023622047
20
0.2326115748031496
11
0.8640408267716535
21
0.2326115748031496
0
LINE
8
BLACK
6
CONTINUOUS
10
0.8640408267716535
20
0.2326115748031496
11
0.8667383070866141
21
0.2339603543307087
0
LINE
8
BLACK
6
CONTINUOUS
10
0.8667383070866141
20
0.2339603543307087
11
0.8679354724409448
21
0.2351574803149606
0
LINE
8
BLACK
6
CONTINUOUS
10
0.8679354724409448
20
0.2351574803149606
11
0.8692842125984251
21
0.2378549212598425
0
LINE
8
BLACK
6
CONTINUOUS
10
0.8692842125984251
20
0.2378549212598425
11
0.8692842125984251
21
0.2477094094488189
0
LINE
8
BLACK
6
CONTINUOUS
10
0.8692842125984251
20
0.2477094094488189
11
0.8679354724409448
21
0.2504068897637795
0
LINE
8
BLACK
6
CONTINUOUS
10
0.8679354724409448
20
0.2504068897637795
11
0.8663995275590551
21
0.2519427952755905
0
LINE
8
BLACK
6
CONTINUOUS
10
0.8663995275590551
20
0.2519427952755905
11
0.866032283464567
21
0.2523902755905512
0
LINE
8
BLACK
6
CONTINUOUS
10
0.866032283464567
20
0.2523902755905512
11
0.8655913779527559
21
0.2534546850393701
0
LINE
8
BLACK
6
CONTINUOUS
10
0.8655913779527559
20
0.2534546850393701
11
0.8655913779527559
21
0.2546067716535433
0
LINE
8
BLACK
6
CONTINUOUS
10
0.8655913779527559
20
0.2546067716535433
11
0.8660322440944882
21
0.2556711811023622
0
LINE
8
BLACK
6
CONTINUOUS
10
0.8660322440944882
20
0.2556711811023622
11
0.8668469291338583
21
0.2564858661417323
0
LINE
8
BLACK
6
CONTINUOUS
10
0.8668469291338583
20
0.2564858661417323
11
0.8679113385826771
21
0.2569267716535433
0
LINE
8
BLACK
6
CONTINUOUS
10
0.8679113385826771
20
0.2569267716535433
11
0.8690634251968504
21
0.2569267716535433
0
LINE
8
BLACK
6
CONTINUOUS
10
0.8690634251968504
20
0.2569267716535433
11
0.8701278346456692
21
0.256485905511811
0
LINE
8
BLACK
6
CONTINUOUS
10
0.8701278346456692
20
0.256485905511811
11
0.8705752755905511
21
0.2561187007874016
0
LINE
8
BLACK
6
CONTINUOUS
10
0.8705752755905511
20
0.2561187007874016
11
0.8724500787401575
21
0.254243937007874
0
LINE
8
BLACK
6
CONTINUOUS
10
0.8724500787401575
20
0.254243937007874
11
0.8726358267716535
21
0.2540175984251968
0
LINE
8
BLACK
6
CONTINUOUS
10
0.8726358267716535
20
0.2540175984251968
11
0.8726948818897637
21
0.2539663779527559
0
LINE
8
BLACK
6
CONTINUOUS
10
0.8726948818897637
20
0.2539663779527559
11
0.8727508661417323
21
0.2538774409448819
0
LINE
8
BLACK
6
CONTINUOUS
10
0.8727508661417323
20
0.2538774409448819
11
0.8728173228346456
21
0.2537964566929134
0
LINE
8
BLACK
6
CONTINUOUS
10
0.8728173228346456
20
0.2537964566929134
11
0.872847125984252
21
0.2537245275590551
0
LINE
8
BLACK
6
CONTINUOUS
10
0.872847125984252
20
0.2537245275590551
11
0.8730032283464567
21
0.2534764960629921
0
LINE
8
BLACK
6
CONTINUOUS
10
0.8730032283464567
20
0.2534764960629921
11
0.8748779921259843
21
0.249726968503937
0
LINE
8
BLACK
6
CONTINUOUS
10
0.8748779921259843
20
0.249726968503937
11
0.8750848818897637
21
0.2491863779527559
0
LINE
8
BLACK
6
CONTINUOUS
10
0.8750848818897637
20
0.2491863779527559
11
0.8750924015748032
21
0.2490805118110236
0
LINE
8
BLACK
6
CONTINUOUS
10
0.8750924015748032
20
0.2490805118110236
11
0.8751329921259843
21
0.2489825196850394
0
LINE
8
BLACK
6
CONTINUOUS
10
0.8751329921259843
20
0.2489825196850394
11
0.8751897244094488
21
0.2484064566929134
0
LINE
8
BLACK
6
CONTINUOUS
10
0.8751897244094488
20
0.2484064566929134
11
0.8751897244094488
21
0.237157874015748
0
LINE
8
BLACK
6
CONTINUOUS
10
0.8751897244094488
20
0.237157874015748
11
0.8751329921259843
21
0.2365818110236221
0
LINE
8
BLACK
6
CONTINUOUS
10
0.8751329921259843
20
0.2365818110236221
11
0.8750924015748032
21
0.2364838582677165
0
LINE
8
BLACK
6
CONTINUOUS
10
0.8750924015748032
20
0.2364838582677165
11
0.8750848818897637
21
0.2363779527559055
0
LINE
8
BLACK
6
CONTINUOUS
10
0.8750848818897637
20
0.2363779527559055
11
0.8748779921259843
21
0.2358373622047244
0
LINE
8
BLACK
6
CONTINUOUS
10
0.8748779921259843
20
0.2358373622047244
11
0.8730032283464567
21
0.2320878346456693
0
LINE
8
BLACK
6
CONTINUOUS
10
0.8730032283464567
20
0.2320878346456693
11
0.872847125984252
21
0.231839842519685
0
LINE
8
BLACK
6
CONTINUOUS
10
0.872847125984252
20
0.231839842519685
11
0.8728173228346456
21
0.231767874015748
0
LINE
8
BLACK
6
CONTINUOUS
10
0.8728173228346456
20
0.231767874015748
11
0.8727508661417323
21
0.2316869291338583
0
LINE
8
BLACK
6
CONTINUOUS
10
0.8727508661417323
20
0.2316869291338583
11
0.8726948818897637
21
0.2315979527559055
0
LINE
8
BLACK
6
CONTINUOUS
10
0.8726948818897637
20
0.2315979527559055
11
0.8726358267716535
21
0.2315467716535433
0
LINE
8
BLACK
6
CONTINUOUS
10
0.8726358267716535
20
0.2315467716535433
11
0.8724500787401575
21
0.2313203937007874
0
LINE
8
BLACK
6
CONTINUOUS
10
0.8724500787401575
20
0.2313203937007874
11
0.8705752755905511
21
0.2294456299212598
0
LINE
8
BLACK
6
CONTINUOUS
10
0.8705752755905511
20
0.2294456299212598
11
0.870348937007874
21
0.2292599212598425
0
LINE
8
BLACK
6
CONTINUOUS
10
0.870348937007874
20
0.2292599212598425
11
0.8702977952755905
21
0.229200905511811
0
LINE
8
BLACK
6
CONTINUOUS
10
0.8702977952755905
20
0.229200905511811
11
0.8702088582677165
21
0.2291449606299213
0
LINE
8
BLACK
6
CONTINUOUS
10
0.8702088582677165
20
0.2291449606299213
11
0.8701278346456692
21
0.2290784251968504
0
LINE
8
BLACK
6
CONTINUOUS
10
0.8701278346456692
20
0.2290784251968504
11
0.8700557874015747
21
0.2290486220472441
0
LINE
8
BLACK
6
CONTINUOUS
10
0.8700557874015747
20
0.2290486220472441
11
0.8698079133858267
21
0.2288925590551181
0
LINE
8
BLACK
6
CONTINUOUS
10
0.8698079133858267
20
0.2288925590551181
11
0.8660583858267716
21
0.2270177952755905
0
LINE
8
BLACK
6
CONTINUOUS
10
0.8660583858267716
20
0.2270177952755905
11
0.8655177559055118
21
0.226810905511811
0
LINE
8
BLACK
6
CONTINUOUS
10
0.8655177559055118
20
0.226810905511811
11
0.8654119291338582
21
0.2268034251968504
0
LINE
8
BLACK
6
CONTINUOUS
10
0.8654119291338582
20
0.2268034251968504
11
0.865313937007874
21
0.2267627952755905
0
LINE
8
BLACK
6
CONTINUOUS
10
0.865313937007874
20
0.2267627952755905
11
0.864737874015748
21
0.226706062992126
0
LINE
8
BLACK
6
CONTINUOUS
10
0.864737874015748
20
0.226706062992126
11
0.8553640551181102
21
0.226706062992126
0
LINE
8
BLACK
6
CONTINUOUS
10
0.8553640551181102
20
0.226706062992126
11
0.8547879921259842
21
0.2267627952755905
0
LINE
8
BLACK
6
CONTINUOUS
10
0.8547879921259842
20
0.2267627952755905
11
0.8546899999999999
21
0.2268033858267716
0
LINE
8
BLACK
6
CONTINUOUS
10
0.8546899999999999
20
0.2268033858267716
11
0.8545841338582677
21
0.226810905511811
0
LINE
8
BLACK
6
CONTINUOUS
10
0.8545841338582677
20
0.226810905511811
11
0.8540435433070866
21
0.2270177952755905
0
LINE
8
BLACK
6
CONTINUOUS
10
0.8540435433070866
20
0.2270177952755905
11
0.8502940157480314
21
0.2288925590551181
0
LINE
8
BLACK
6
CONTINUOUS
10
0.8502940157480314
20
0.2288925590551181
11
0.8500459842519685
21
0.2290486614173228
0
LINE
8
BLACK
6
CONTINUOUS
10
0.8500459842519685
20
0.2290486614173228
11
0.8499740551181102
21
0.2290784645669291
0
LINE
8
BLACK
6
CONTINUOUS
10
0.8499740551181102
20
0.2290784645669291
11
0.8498930708661417
21
0.2291449606299213
0
LINE
8
BLACK
6
CONTINUOUS
10
0.8498930708661417
20
0.2291449606299213
11
0.8498041338582677
21
0.229200905511811
0
LINE
8
BLACK
6
CONTINUOUS
10
0.8498041338582677
20
0.229200905511811
11
0.8497529527559055
21
0.2292599212598425
0
LINE
8
BLACK
6
CONTINUOUS
10
0.8497529527559055
20
0.2292599212598425
11
0.8495266141732283
21
0.2294456692913386
0
LINE
8
BLACK
6
CONTINUOUS
10
0.8495266141732283
20
0.2294456692913386
11
0.8476518503937007
21
0.2313204330708661
0
LINE
8
BLACK
6
CONTINUOUS
10
0.8476518503937007
20
0.2313204330708661
11
0.847466062992126
21
0.231546811023622
0
LINE
8
BLACK
6
CONTINUOUS
10
0.847466062992126
20
0.231546811023622
11
0.8474070866141732
21
0.2315979527559055
0
LINE
8
BLACK
6
CONTINUOUS
10
0.8474070866141732
20
0.2315979527559055
11
0.8473511023622047
21
0.2316869291338583
0
LINE
8
BLACK
6
CONTINUOUS
10
0.8473511023622047
20
0.2316869291338583
11
0.8472846456692913
21
0.231767874015748
0
LINE
8
BLACK
6
CONTINUOUS
10
0.8472846456692913
20
0.231767874015748
11
0.8472548031496063
21
0.231839842519685
0
LINE
8
BLACK
6
CONTINUOUS
10
0.8472548031496063
20
0.231839842519685
11
0.8470987401574803
21
0.2320878346456693
0
LINE
8
BLACK
6
CONTINUOUS
10
0.8470987401574803
20
0.2320878346456693
11
0.8452239763779528
21
0.2358373622047244
0
LINE
8
BLACK
6
CONTINUOUS
10
0.8452239763779528
20
0.2358373622047244
11
0.8450203149606299
21
0.2363695669291339
0
LINE
8
BLACK
6
CONTINUOUS
10
0.8450203149606299
20
0.2363695669291339
11
0.8348112992125984
21
0.2274366535433071
0
LINE
8
BLACK
6
CONTINUOUS
10
0.8348112992125984
20
0.2274366535433071
11
0.834562283464567
21
0.2272586614173228
0
LINE
8
BLACK
6
CONTINUOUS
10
0.834562283464567
20
0.2272586614173228
11
0.8345073622047244
21
0.2272037007874016
0
LINE
8
BLACK
6
CONTINUOUS
10
0.8345073622047244
20
0.2272037007874016
11
0.8344552362204725
21
0.227182125984252
0
LINE
8
BLACK
6
CONTINUOUS
10
0.8344552362204725
20
0.227182125984252
11
0.8343403937007874
21
0.2271
0
LINE
8
BLACK
6
CONTINUOUS
10
0.8343403937007874
20
0.2271
11
0.8338861417322835
21
0.2269464173228346
0
LINE
8
BLACK
6
CONTINUOUS
10
0.8338861417322835
20
0.2269464173228346
11
0.8334429527559055
21
0.2267627952755905
0
LINE
8
BLACK
6
CONTINUOUS
10
0.8334429527559055
20
0.2267627952755905
11
0.8333433070866142
21
0.2267627952755905
0
LINE
8
BLACK
6
CONTINUOUS
10
0.8333433070866142
20
0.2267627952755905
11
0.8332490157480315
21
0.226730905511811
0
LINE
8
BLACK
6
CONTINUOUS
10
0.8332490157480315
20
0.226730905511811
11
0.8327705511811023
21
0.2267627952755905
0
LINE
8
BLACK
6
CONTINUOUS
10
0.8327705511811023
20
0.2267627952755905
11
0.8322908267716536
21
0.2267627952755905
0
LINE
8
BLACK
6
CONTINUOUS
10
0.8322908267716536
20
0.2267627952755905
11
0.8321988188976378
21
0.226800905511811
0
LINE
8
BLACK
6
CONTINUOUS
10
0.8321988188976378
20
0.226800905511811
11
0.8320994881889764
21
0.2268075196850394
0
LINE
8
BLACK
6
CONTINUOUS
10
0.8320994881889764
20
0.2268075196850394
11
0.8316693307086614
21
0.2270202362204724
0
LINE
8
BLACK
6
CONTINUOUS
10
0.8316693307086614
20
0.2270202362204724
11
0.8312264173228346
21
0.2272037007874016
0
LINE
8
BLACK
6
CONTINUOUS
10
0.8312264173228346
20
0.2272037007874016
11
0.831156062992126
21
0.2272740551181102
0
LINE
8
BLACK
6
CONTINUOUS
10
0.831156062992126
20
0.2272740551181102
11
0.8310667322834645
21
0.2273182283464567
0
LINE
8
BLACK
6
CONTINUOUS
10
0.8310667322834645
20
0.2273182283464567
11
0.8307507480314961
21
0.2276793700787401
0
LINE
8
BLACK
6
CONTINUOUS
10
0.8307507480314961
20
0.2276793700787401
11
0.8304117716535433
21
0.2280183464566929
0
LINE
8
BLACK
6
CONTINUOUS
10
0.8304117716535433
20
0.2280183464566929
11
0.8303736220472441
21
0.2281103543307087
0
LINE
8
BLACK
6
CONTINUOUS
10
0.8303736220472441
20
0.2281103543307087
11
0.8303080708661417
21
0.2281853149606299
0
LINE
8
BLACK
6
CONTINUOUS
10
0.8303080708661417
20
0.2281853149606299
11
0.8301544488188977
21
0.2286395669291338
0
LINE
8
BLACK
6
CONTINUOUS
10
0.8301544488188977
20
0.2286395669291338
11
0.8299708661417322
21
0.2290827559055118
0
LINE
8
BLACK
6
CONTINUOUS
10
0.8299708661417322
20
0.2290827559055118
11
0.8299570078740157
21
0.2292233464566929
0
LINE
8
BLACK
6
CONTINUOUS
10
0.8299570078740157
20
0.2292233464566929
11
0.8299389763779528
21
0.2292766929133858
0
LINE
8
BLACK
6
CONTINUOUS
10
0.8299389763779528
20
0.2292766929133858
11
0.8299441338582677
21
0.2293541732283464
0
LINE
8
BLACK
6
CONTINUOUS
10
0.8299441338582677
20
0.2293541732283464
11
0.8299141338582677
21
0.2296588188976378
0
LINE
8
BLACK
6
CONTINUOUS
10
0.8299141338582677
20
0.2296588188976378
11
0.8299141338582677
21
0.2540307480314961
0
LINE
8
BLACK
6
CONTINUOUS
10
0.8299141338582677
20
0.2540307480314961
11
0.8299708661417322
21
0.254606811023622
0
LINE
8
BLACK
6
CONTINUOUS
10
0.8299708661417322
20
0.254606811023622
11
0.8304117716535433
21
0.255671220472441
0
LINE
8
BLACK
6
CONTINUOUS
10
0.8304117716535433
20
0.255671220472441
11
0.8312264173228346
21
0.2564858661417323
0
LINE
8
BLACK
6
CONTINUOUS
10
0.8312264173228346
20
0.2564858661417323
11
0.8322908267716536
21
0.2569267716535433
0
LINE
8
BLACK
6
CONTINUOUS
10
0.8322908267716536
20
0.2569267716535433
11
0.8334429527559055
21
0.2569267716535433
0
LINE
8
BLACK
6
CONTINUOUS
10
0.8334429527559055
20
0.2569267716535433
11
0.8345073622047244
21
0.2564858661417323
0
LINE
8
BLACK
6
CONTINUOUS
10
0.8738774409448818
20
0.286482125984252
11
0.8746920866141732
21
0.2856674803149606
0
LINE
8
BLACK
6
CONTINUOUS
10
0.8746920866141732
20
0.2856674803149606
11
0.8751329921259843
21
0.2846030708661417
0
LINE
8
BLACK
6
CONTINUOUS
10
0.8751329921259843
20
0.2846030708661417
11
0.8751897244094488
21
0.2840270078740157
0
LINE
8
BLACK
6
CONTINUOUS
10
0.8751897244094488
20
0.2840270078740157
11
0.8751897244094488
21
0.2802774803149606
0
LINE
8
BLACK
6
CONTINUOUS
10
0.8751897244094488
20
0.2802774803149606
11
0.8751609842519685
21
0.279985905511811
0
LINE
8
BLACK
6
CONTINUOUS
10
0.8751609842519685
20
0.279985905511811
11
0.8751665354330709
21
0.2799081496062992
0
LINE
8
BLACK
6
CONTINUOUS
10
0.8751665354330709
20
0.2799081496062992
11
0.8751432677165354
21
0.279805905511811
0
LINE
8
BLACK
6
CONTINUOUS
10
0.8751432677165354
20
0.279805905511811
11
0.8751329921259843
21
0.2797014173228347
0
LINE
8
BLACK
6
CONTINUOUS
10
0.8751329921259843
20
0.2797014173228347
11
0.8751031102362204
21
0.2796293700787402
0
LINE
8
BLACK
6
CONTINUOUS
10
0.8751031102362204
20
0.2796293700787402
11
0.875038188976378
21
0.2793437007874016
0
LINE
8
BLACK
6
CONTINUOUS
10
0.875038188976378
20
0.2793437007874016
11
0.8731634251968504
21
0.2737194488188976
0
LINE
8
BLACK
6
CONTINUOUS
10
0.8731634251968504
20
0.2737194488188976
11
0.8729274409448818
21
0.2731908661417323
0
LINE
8
BLACK
6
CONTINUOUS
10
0.8729274409448818
20
0.2731908661417323
11
0.8728579527559055
21
0.2731107874015748
0
LINE
8
BLACK
6
CONTINUOUS
10
0.8728579527559055
20
0.2731107874015748
11
0.8728173622047244
21
0.2730127165354331
0
LINE
8
BLACK
6
CONTINUOUS
10
0.8728173622047244
20
0.2730127165354331
11
0.8724501181102362
21
0.2725652755905512
0
LINE
8
BLACK
6
CONTINUOUS
10
0.8724501181102362
20
0.2725652755905512
11
0.8687005511811023
21
0.268815748031496
0
LINE
8
BLACK
6
CONTINUOUS
10
0.8687005511811023
20
0.268815748031496
11
0.8682530708661417
21
0.2684485039370079
0
LINE
8
BLACK
6
CONTINUOUS
10
0.8682530708661417
20
0.2684485039370079
11
0.868155
21
0.2684079133858268
0
LINE
8
BLACK
6
CONTINUOUS
10
0.868155
20
0.2684079133858268
11
0.8680749212598425
21
0.2683384251968504
0
LINE
8
BLACK
6
CONTINUOUS
10
0.8680749212598425
20
0.2683384251968504
11
0.8675463779527559
21
0.2681024409448819
0
LINE
8
BLACK
6
CONTINUOUS
10
0.8675463779527559
20
0.2681024409448819
11
0.8619220866141732
21
0.2662276771653543
0
LINE
8
BLACK
6
CONTINUOUS
10
0.8619220866141732
20
0.2662276771653543
11
0.8616364960629921
21
0.2661627559055118
0
LINE
8
BLACK
6
CONTINUOUS
10
0.8616364960629921
20
0.2661627559055118
11
0.8615644094488188
21
0.266132874015748
0
LINE
8
BLACK
6
CONTINUOUS
10
0.8615644094488188
20
0.266132874015748
11
0.8614598818897637
21
0.2661225984251969
0
LINE
8
BLACK
6
CONTINUOUS
10
0.8614598818897637
20
0.2661225984251969
11
0.8613576377952755
21
0.2660993307086614
0
LINE
8
BLACK
6
CONTINUOUS
10
0.8613576377952755
20
0.2660993307086614
11
0.8612798818897638
21
0.2661048818897638
0
LINE
8
BLACK
6
CONTINUOUS
10
0.8612798818897638
20
0.2661048818897638
11
0.8609883464566929
21
0.2660761417322834
0
LINE
8
BLACK
6
CONTINUOUS
10
0.8609883464566929
20
0.2660761417322834
11
0.8328668897637795
21
0.2660761417322834
0
LINE
8
BLACK
6
CONTINUOUS
10
0.8328668897637795
20
0.2660761417322834
11
0.8322908267716536
21
0.266132874015748
0
LINE
8
BLACK
6
CONTINUOUS
10
0.8322908267716536
20
0.266132874015748
11
0.8312264173228346
21
0.2665737795275591
0
LINE
8
BLACK
6
CONTINUOUS
10
0.8312264173228346
20
0.2665737795275591
11
0.8304117716535433
21
0.2673884251968504
0
LINE
8
BLACK
6
CONTINUOUS
10
0.8304117716535433
20
0.2673884251968504
11
0.8299708661417322
21
0.2684528346456693
0
LINE
8
BLACK
6
CONTINUOUS
10
0.8299708661417322
20
0.2684528346456693
11
0.8299708661417322
21
0.2696049606299212
0
LINE
8
BLACK
6
CONTINUOUS
10
0.8299708661417322
20
0.2696049606299212
11
0.8304117716535433
21
0.2706693700787401
0
LINE
8
BLACK
6
CONTINUOUS
10
0.8304117716535433
20
0.2706693700787401
11
0.8312264173228346
21
0.2714840157480315
0
LINE
8
BLACK
6
CONTINUOUS
10
0.8312264173228346
20
0.2714840157480315
11
0.8322908267716536
21
0.2719249212598425
0
LINE
8
BLACK
6
CONTINUOUS
10
0.8322908267716536
20
0.2719249212598425
11
0.8328668897637795
21
0.2719816535433071
0
LINE
8
BLACK
6
CONTINUOUS
10
0.8328668897637795
20
0.2719816535433071
11
0.8605092125984252
21
0.2719816535433071
0
LINE
8
BLACK
6
CONTINUOUS
10
0.8605092125984252
20
0.2719816535433071
11
0.8650175984251969
21
0.2734844881889764
0
LINE
8
BLACK
6
CONTINUOUS
10
0.8650175984251969
20
0.2734844881889764
11
0.8677814173228346
21
0.2762482677165354
0
LINE
8
BLACK
6
CONTINUOUS
10
0.8677814173228346
20
0.2762482677165354
11
0.8692842125984251
21
0.2807566141732283
0
LINE
8
BLACK
6
CONTINUOUS
10
0.8692842125984251
20
0.2807566141732283
11
0.8692842125984251
21
0.2840270078740157
0
LINE
8
BLACK
6
CONTINUOUS
10
0.8692842125984251
20
0.2840270078740157
11
0.8693409448818897
21
0.2846030708661417
0
LINE
8
BLACK
6
CONTINUOUS
10
0.8693409448818897
20
0.2846030708661417
11
0.8697818503937008
21
0.2856674803149606
0
LINE
8
BLACK
6
CONTINUOUS
10
0.8697818503937008
20
0.2856674803149606
11
0.8705964960629921
21
0.286482125984252
0
LINE
8
BLACK
6
CONTINUOUS
10
0.8705964960629921
20
0.286482125984252
11
0.871660905511811
21
0.286923031496063
0
LINE
8
BLACK
6
CONTINUOUS
10
0.871660905511811
20
0.286923031496063
11
0.8728130314960629
21
0.286923031496063
0
LINE
8
BLACK
6
CONTINUOUS
10
0.8728130314960629
20
0.286923031496063
11
0.8738774409448818
21
0.286482125984252
0
LINE
8
BLACK
6
CONTINUOUS
10
0.9515407086614173
20
0.420125748031496
11
0.9526060629921259
21
0.4190603937007874
0
LINE
8
BLACK
6
CONTINUOUS
10
0.9526060629921259
20
0.4190603937007874
11
0.952755905511811
21
0.4183070866141732
0
LINE
8
BLACK
6
CONTINUOUS
10
0.952755905511811
20
0.4183070866141732
11
0.952755905511811
21
0.093503937007874
0
LINE
8
BLACK
6
CONTINUOUS
10
0.952755905511811
20
0.093503937007874
11
0.9526060629921259
21
0.0927506299212598
0
LINE
8
BLACK
6
CONTINUOUS
10
0.9526060629921259
20
0.0927506299212598
11
0.9515407086614173
21
0.0916852755905512
0
LINE
8
BLACK
6
CONTINUOUS
10
0.9515407086614173
20
0.0916852755905512
11
0.9507874015748031
21
0.0915354330708661
0
LINE
8
BLACK
6
CONTINUOUS
10
0.9507874015748031
20
0.0915354330708661
11
0.7913385826771653
21
0.0915354330708661
0
LINE
8
BLACK
6
CONTINUOUS
10
0.7913385826771653
20
0.0915354330708661
11
0.7905852755905511
21
0.0916852755905512
0
LINE
8
BLACK
6
CONTINUOUS
10
0.7905852755905511
20
0.0916852755905512
11
0.7895199212598425
21
0.0927506299212598
0
LINE
8
BLACK
6
CONTINUOUS
10
0.7895199212598425
20
0.0927506299212598
11
0.7893700787401574
21
0.093503937007874
0
LINE
8
BLACK
6
CONTINUOUS
10
0.7893700787401574
20
0.093503937007874
11
0.7893700787401574
21
0.4183070866141732
0
LINE
8
BLACK
6
CONTINUOUS
10
0.7893700787401574
20
0.4183070866141732
11
0.7895199212598425
21
0.4190603937007874
0
LINE
8
BLACK
6
CONTINUOUS
10
0.7895199212598425
20
0.4190603937007874
11
0.7905852755905511
21
0.420125748031496
0
LINE
8
BLACK
6
CONTINUOUS
10
0.7905852755905511
20
0.420125748031496
11
0.7913385826771653
21
0.4202755905511811
0
LINE
8
BLACK
6
CONTINUOUS
10
0.7913385826771653
20
0.4202755905511811
11
0.9507874015748031
21
0.4202755905511811
0
LINE
8
BLACK
6
CONTINUOUS
10
0.9507874015748031
20
0.4202755905511811
11
0.9515407086614173
21
0.420125748031496
0
LINE
8
BLACK
6
CONTINUOUS
10
0.7933070866141733
20
0.4163385826771653
11
0.7933070866141733
21
0.3504284645669291
0
LINE
8
BLACK
6
CONTINUOUS
10
0.7933070866141733
20
0.3504284645669291
11
0.8203139763779528
21
0.3313316929133858
0
LINE
8
BLACK
6
CONTINUOUS
10
0.8203139763779528
20
0.3313316929133858
11
0.8208425196850394
21
0.3307744094488189
0
LINE
8
BLACK
6
CONTINUOUS
10
0.8208425196850394
20
0.3307744094488189
11
0.8209001968503937
21
0.3304381102362204
0
LINE
8
BLACK
6
CONTINUOUS
10
0.8209001968503937
20
0.3304381102362204
11
0.8210973228346456
21
0.3301593700787401
0
LINE
8
BLACK
6
CONTINUOUS
10
0.8210973228346456
20
0.3301593700787401
11
0.8210226771653543
21
0.3297244094488189
0
LINE
8
BLACK
6
CONTINUOUS
10
0.8210226771653543
20
0.3297244094488189
11
0.8210973228346456
21
0.3292894488188977
0
LINE
8
BLACK
6
CONTINUOUS
10
0.8210973228346456
20
0.3292894488188977
11
0.8209001968503937
21
0.329010748031496
0
LINE
8
BLACK
6
CONTINUOUS
10
0.8209001968503937
20
0.329010748031496
11
0.8208425196850394
21
0.3286744094488189
0
LINE
8
BLACK
6
CONTINUOUS
10
0.8208425196850394
20
0.3286744094488189
11
0.8203139763779528
21
0.328117125984252
0
LINE
8
BLACK
6
CONTINUOUS
10
0.8203139763779528
20
0.328117125984252
11
0.7933070866141733
21
0.3090203937007874
0
LINE
8
BLACK
6
CONTINUOUS
10
0.7933070866141733
20
0.3090203937007874
11
0.7933070866141733
21
0.0954724409448819
0
LINE
8
BLACK
6
CONTINUOUS
10
0.7933070866141733
20
0.0954724409448819
11
0.9488188976377953
21
0.0954724409448819
0
LINE
8
BLACK
6
CONTINUOUS
10
0.9488188976377953
20
0.0954724409448819
11
0.9488188976377953
21
0.4163385826771653
0
LINE
8
BLACK
6
CONTINUOUS
10
0.9488188976377953
20
0.4163385826771653
11
0.7933070866141733
21
0.4163385826771653
0
LINE
8
BLACK
6
CONTINUOUS
10
0.7933070866141733
20
0.3138422834645669
11
0.815767874015748
21
0.3297244094488189
0
LINE
8
BLACK
6
CONTINUOUS
10
0.815767874015748
20
0.3297244094488189
11
0.7933070866141733
21
0.3456065748031496
0
LINE
8
BLACK
6
CONTINUOUS
10
0.7933070866141733
20
0.3456065748031496
11
0.7933070866141733
21
0.3138422834645669
0
LINE
8
BLACK
6
CONTINUOUS
10
0.3600717716535433
20
0.1348135826771653
11
0.3604529527559055
21
0.1336701181102362
0
LINE
8
BLACK
6
CONTINUOUS
10
0.3604529527559055
20
0.1336701181102362
11
0.3602906692913386
21
0.1330774803149606
0
LINE
8
BLACK
6
CONTINUOUS
10
0.3602906692913386
20
0.1330774803149606
11
0.3593533070866142
21
0.1312027559055118
0
LINE
8
BLACK
6
CONTINUOUS
10
0.3593533070866142
20
0.1312027559055118
11
0.3591987007874016
21
0.1310035826771654
0
LINE
8
BLACK
6
CONTINUOUS
10
0.3591987007874016
20
0.1310035826771654
11
0.3590583070866142
21
0.1307934251968504
0
LINE
8
BLACK
6
CONTINUOUS
10
0.3590583070866142
20
0.1307934251968504
11
0.357997125984252
21
0.1297322834645669
0
LINE
8
BLACK
6
CONTINUOUS
10
0.357997125984252
20
0.1297322834645669
11
0.3713680708661417
21
0.1297322834645669
0
LINE
8
BLACK
6
CONTINUOUS
10
0.3713680708661417
20
0.1297322834645669
11
0.3713680708661417
21
0.1337817716535433
0
LINE
8
BLACK
6
CONTINUOUS
10
0.3713680708661417
20
0.1337817716535433
11
0.3714879527559055
21
0.1343844094488189
0
LINE
8
BLACK
6
CONTINUOUS
10
0.3714879527559055
20
0.1343844094488189
11
0.3723402362204724
21
0.1352366929133858
0
LINE
8
BLACK
6
CONTINUOUS
10
0.3723402362204724
20
0.1352366929133858
11
0.3735455118110236
21
0.1352366929133858
0
LINE
8
BLACK
6
CONTINUOUS
10
0.3735455118110236
20
0.1352366929133858
11
0.3743977952755905
21
0.1343844094488189
0
LINE
8
BLACK
6
CONTINUOUS
10
0.3743977952755905
20
0.1343844094488189
11
0.3745176771653543
21
0.1337817716535433
0
LINE
8
BLACK
6
CONTINUOUS
10
0.3745176771653543
20
0.1337817716535433
11
0.3745176771653543
21
0.122533188976378
0
LINE
8
BLACK
6
CONTINUOUS
10
0.3745176771653543
20
0.122533188976378
11
0.3743977952755905
21
0.1219305511811024
0
LINE
8
BLACK
6
CONTINUOUS
10
0.3743977952755905
20
0.1219305511811024
11
0.3735455118110236
21
0.1210782677165354
0
LINE
8
BLACK
6
CONTINUOUS
10
0.3735455118110236
20
0.1210782677165354
11
0.3723402362204724
21
0.1210782677165354
0
LINE
8
BLACK
6
CONTINUOUS
10
0.3723402362204724
20
0.1210782677165354
11
0.3714879527559055
21
0.1219305511811024
0
LINE
8
BLACK
6
CONTINUOUS
10
0.3714879527559055
20
0.1219305511811024
11
0.3713680708661417
21
0.122533188976378
0
LINE
8
BLACK
6
CONTINUOUS
10
0.3713680708661417
20
0.122533188976378
11
0.3713680708661417
21
0.1265826771653543
0
LINE
8
BLACK
6
CONTINUOUS
10
0.3713680708661417
20
0.1265826771653543
11
0.3532578346456693
21
0.1265826771653543
0
LINE
8
BLACK
6
CONTINUOUS
10
0.3532578346456693
20
0.1265826771653543
11
0.3526551968503937
21
0.1267025590551181
0
LINE
8
BLACK
6
CONTINUOUS
10
0.3526551968503937
20
0.1267025590551181
11
0.3525405118110236
21
0.1268172440944882
0
LINE
8
BLACK
6
CONTINUOUS
10
0.3525405118110236
20
0.1268172440944882
11
0.3523815354330709
21
0.1268490157480315
0
LINE
8
BLACK
6
CONTINUOUS
10
0.3523815354330709
20
0.1268490157480315
11
0.3521271259842519
21
0.1272306299212598
0
LINE
8
BLACK
6
CONTINUOUS
10
0.3521271259842519
20
0.1272306299212598
11
0.3518029133858268
21
0.127554842519685
0
LINE
8
BLACK
6
CONTINUOUS
10
0.3518029133858268
20
0.127554842519685
11
0.3518029133858268
21
0.127716968503937
0
LINE
8
BLACK
6
CONTINUOUS
10
0.3518029133858268
20
0.127716968503937
11
0.3517129921259842
21
0.1278518503937008
0
LINE
8
BLACK
6
CONTINUOUS
10
0.3517129921259842
20
0.1278518503937008
11
0.3518029133858268
21
0.1283014960629921
0
LINE
8
BLACK
6
CONTINUOUS
10
0.3518029133858268
20
0.1283014960629921
11
0.3518029133858268
21
0.1287601181102362
0
LINE
8
BLACK
6
CONTINUOUS
10
0.3518029133858268
20
0.1287601181102362
11
0.3519175590551181
21
0.1288748031496063
0
LINE
8
BLACK
6
CONTINUOUS
10
0.3519175590551181
20
0.1288748031496063
11
0.3519493700787402
21
0.129033779527559
0
LINE
8
BLACK
6
CONTINUOUS
10
0.3519493700787402
20
0.129033779527559
11
0.3523842913385827
21
0.1294677952755905
0
LINE
8
BLACK
6
CONTINUOUS
10
0.3523842913385827
20
0.1294677952755905
11
0.3550667322834646
21
0.1312561023622047
0
LINE
8
BLACK
6
CONTINUOUS
10
0.3550667322834646
20
0.1312561023622047
11
0.3566505118110236
21
0.1328399212598425
0
LINE
8
BLACK
6
CONTINUOUS
10
0.3566505118110236
20
0.1328399212598425
11
0.3574735826771653
21
0.1344860236220472
0
LINE
8
BLACK
6
CONTINUOUS
10
0.3574735826771653
20
0.1344860236220472
11
0.3578502755905512
21
0.1349714173228346
0
LINE
8
BLACK
6
CONTINUOUS
10
0.3578502755905512
20
0.1349714173228346
11
0.3589937401574803
21
0.1353525984251968
0
LINE
8
BLACK
6
CONTINUOUS
10
0.3589937401574803
20
0.1353525984251968
11
0.3600717716535433
21
0.1348135826771653
0
LINE
8
BLACK
6
CONTINUOUS
10
0.3646955905511811
20
0.1550040157480315
11
0.3648883464566929
21
0.1549946062992126
0
LINE
8
BLACK
6
CONTINUOUS
10
0.3648883464566929
20
0.1549946062992126
11
0.368637874015748
21
0.1540572440944882
0
LINE
8
BLACK
6
CONTINUOUS
10
0.368637874015748
20
0.1540572440944882
11
0.3687938188976378
21
0.1539835826771654
0
LINE
8
BLACK
6
CONTINUOUS
10
0.3687938188976378
20
0.1539835826771654
11
0.3689602362204724
21
0.1539379921259842
0
LINE
8
BLACK
6
CONTINUOUS
10
0.3689602362204724
20
0.1539379921259842
11
0.370835
21
0.1530005905511811
0
LINE
8
BLACK
6
CONTINUOUS
10
0.370835
20
0.1530005905511811
11
0.3710343307086614
21
0.1528458661417323
0
LINE
8
BLACK
6
CONTINUOUS
10
0.3710343307086614
20
0.1528458661417323
11
0.3712442519685039
21
0.1527056299212598
0
LINE
8
BLACK
6
CONTINUOUS
10
0.3712442519685039
20
0.1527056299212598
11
0.3731190551181102
21
0.1508308661417323
0
LINE
8
BLACK
6
CONTINUOUS
10
0.3731190551181102
20
0.1508308661417323
11
0.373162874015748
21
0.1507652755905512
0
LINE
8
BLACK
6
CONTINUOUS
10
0.373162874015748
20
0.1507652755905512
11
0.3731951968503937
21
0.150749094488189
0
LINE
8
BLACK
6
CONTINUOUS
10
0.3731951968503937
20
0.150749094488189
11
0.3733200393700787
21
0.1505300393700787
0
LINE
8
BLACK
6
CONTINUOUS
10
0.3733200393700787
20
0.1505300393700787
11
0.3734604330708661
21
0.1503199606299213
0
LINE
8
BLACK
6
CONTINUOUS
10
0.3734604330708661
20
0.1503199606299213
11
0.3734604330708661
21
0.1502838188976378
0
LINE
8
BLACK
6
CONTINUOUS
10
0.3734604330708661
20
0.1502838188976378
11
0.3734994881889764
21
0.1502152755905512
0
LINE
8
BLACK
6
CONTINUOUS
10
0.3734994881889764
20
0.1502152755905512
11
0.3744368897637795
21
0.1474031496062992
0
LINE
8
BLACK
6
CONTINUOUS
10
0.3744368897637795
20
0.1474031496062992
11
0.3744684251968504
21
0.1471525590551181
0
LINE
8
BLACK
6
CONTINUOUS
10
0.3744684251968504
20
0.1471525590551181
11
0.3745176771653543
21
0.146905157480315
0
LINE
8
BLACK
6
CONTINUOUS
10
0.3745176771653543
20
0.146905157480315
11
0.3745176771653543
21
0.1450303937007874
0
LINE
8
BLACK
6
CONTINUOUS
10
0.3745176771653543
20
0.1450303937007874
11
0.3744684251968504
21
0.1447829921259843
0
LINE
8
BLACK
6
CONTINUOUS
10
0.3744684251968504
20
0.1447829921259843
11
0.3744368897637795
21
0.1445324409448819
0
LINE
8
BLACK
6
CONTINUOUS
10
0.3744368897637795
20
0.1445324409448819
11
0.3734994881889764
21
0.1417202362204724
0
LINE
8
BLACK
6
CONTINUOUS
10
0.3734994881889764
20
0.1417202362204724
11
0.3734604330708661
21
0.1416517322834646
0
LINE
8
BLACK
6
CONTINUOUS
10
0.3734604330708661
20
0.1416517322834646
11
0.3734604330708661
21
0.1416155511811024
0
LINE
8
BLACK
6
CONTINUOUS
10
0.3734604330708661
20
0.1416155511811024
11
0.3733199606299212
21
0.1414053937007874
0
LINE
8
BLACK
6
CONTINUOUS
10
0.3733199606299212
20
0.1414053937007874
11
0.3731951968503937
21
0.1411864566929134
0
LINE
8
BLACK
6
CONTINUOUS
10
0.3731951968503937
20
0.1411864566929134
11
0.3731629133858267
21
0.1411703543307087
0
LINE
8
BLACK
6
CONTINUOUS
10
0.3731629133858267
20
0.1411703543307087
11
0.3731190551181102
21
0.1411046456692913
0
LINE
8
BLACK
6
CONTINUOUS
10
0.3731190551181102
20
0.1411046456692913
11
0.3721816535433071
21
0.1401672834645669
0
LINE
8
BLACK
6
CONTINUOUS
10
0.3721816535433071
20
0.1401672834645669
11
0.3716707480314961
21
0.1398259448818898
0
LINE
8
BLACK
6
CONTINUOUS
10
0.3716707480314961
20
0.1398259448818898
11
0.3704654330708662
21
0.1398259842519685
0
LINE
8
BLACK
6
CONTINUOUS
10
0.3704654330708662
20
0.1398259842519685
11
0.369613188976378
21
0.1406782283464567
0
LINE
8
BLACK
6
CONTINUOUS
10
0.369613188976378
20
0.1406782283464567
11
0.3696132283464567
21
0.1418835433070866
0
LINE
8
BLACK
6
CONTINUOUS
10
0.3696132283464567
20
0.1418835433070866
11
0.3699545669291339
21
0.1423944488188976
0
LINE
8
BLACK
6
CONTINUOUS
10
0.3699545669291339
20
0.1423944488188976
11
0.370629094488189
21
0.143068937007874
0
LINE
8
BLACK
6
CONTINUOUS
10
0.370629094488189
20
0.143068937007874
11
0.3713680708661417
21
0.145285905511811
0
LINE
8
BLACK
6
CONTINUOUS
10
0.3713680708661417
20
0.145285905511811
11
0.3713680708661417
21
0.1466496850393701
0
LINE
8
BLACK
6
CONTINUOUS
10
0.3713680708661417
20
0.1466496850393701
11
0.370629094488189
21
0.1488666141732284
0
LINE
8
BLACK
6
CONTINUOUS
10
0.370629094488189
20
0.1488666141732284
11
0.3691978346456693
21
0.1502977952755905
0
LINE
8
BLACK
6
CONTINUOUS
10
0.3691978346456693
20
0.1502977952755905
11
0.3677062598425197
21
0.1510435826771654
0
LINE
8
BLACK
6
CONTINUOUS
10
0.3677062598425197
20
0.1510435826771654
11
0.3643125196850394
21
0.1518920078740157
0
LINE
8
BLACK
6
CONTINUOUS
10
0.3643125196850394
20
0.1518920078740157
11
0.3618881889763779
21
0.1518920078740157
0
LINE
8
BLACK
6
CONTINUOUS
10
0.3618881889763779
20
0.1518920078740157
11
0.3584944094488189
21
0.1510435826771654
0
LINE
8
BLACK
6
CONTINUOUS
10
0.3584944094488189
20
0.1510435826771654
11
0.3570028346456693
21
0.1502978346456693
0
LINE
8
BLACK
6
CONTINUOUS
10
0.3570028346456693
20
0.1502978346456693
11
0.3555716141732284
21
0.1488666141732284
0
LINE
8
BLACK
6
CONTINUOUS
10
0.3555716141732284
20
0.1488666141732284
11
0.3548326377952756
21
0.1466496456692913
0
LINE
8
BLACK
6
CONTINUOUS
10
0.3548326377952756
20
0.1466496456692913
11
0.3548326377952756
21
0.1452859448818898
0
LINE
8
BLACK
6
CONTINUOUS
10
0.3548326377952756
20
0.1452859448818898
11
0.3555716141732284
21
0.143068937007874
0
LINE
8
BLACK
6
CONTINUOUS
10
0.3555716141732284
20
0.143068937007874
11
0.3562461417322835
21
0.1423944094488189
0
LINE
8
BLACK
6
CONTINUOUS
10
0.3562461417322835
20
0.1423944094488189
11
0.3565875196850394
21
0.1418835039370079
0
LINE
8
BLACK
6
CONTINUOUS
10
0.3565875196850394
20
0.1418835039370079
11
0.3565875196850394
21
0.1406782283464567
0
LINE
8
BLACK
6
CONTINUOUS
10
0.3565875196850394
20
0.1406782283464567
11
0.3557352362204724
21
0.1398259448818898
0
LINE
8
BLACK
6
CONTINUOUS
10
0.3557352362204724
20
0.1398259448818898
11
0.3545299606299213
21
0.1398259448818898
0
LINE
8
BLACK
6
CONTINUOUS
10
0.3545299606299213
20
0.1398259448818898
11
0.3540190551181102
21
0.1401673228346457
0
LINE
8
BLACK
6
CONTINUOUS
10
0.3540190551181102
20
0.1401673228346457
11
0.3530816929133858
21
0.1411046850393701
0
LINE
8
BLACK
6
CONTINUOUS
10
0.3530816929133858
20
0.1411046850393701
11
0.353037874015748
21
0.1411702755905512
0
LINE
8
BLACK
6
CONTINUOUS
10
0.353037874015748
20
0.1411702755905512
11
0.3530055511811023
21
0.1411864173228346
0
LINE
8
BLACK
6
CONTINUOUS
10
0.3530055511811023
20
0.1411864173228346
11
0.3528805118110236
21
0.1414057874015748
0
LINE
8
BLACK
6
CONTINUOUS
10
0.3528805118110236
20
0.1414057874015748
11
0.3527403149606299
21
0.1416155905511811
0
LINE
8
BLACK
6
CONTINUOUS
10
0.3527403149606299
20
0.1416155905511811
11
0.3527403149606299
21
0.1416517322834646
0
LINE
8
BLACK
6
CONTINUOUS
10
0.3527403149606299
20
0.1416517322834646
11
0.3527012598425197
21
0.1417202362204724
0
LINE
8
BLACK
6
CONTINUOUS
10
0.3527012598425197
20
0.1417202362204724
11
0.3517638582677165
21
0.1445324015748032
0
LINE
8
BLACK
6
CONTINUOUS
10
0.3517638582677165
20
0.1445324015748032
11
0.3517322834645669
21
0.1447827165354331
0
LINE
8
BLACK
6
CONTINUOUS
10
0.3517322834645669
20
0.1447827165354331
11
0.351683031496063
21
0.1450303937007874
0
LINE
8
BLACK
6
CONTINUOUS
10
0.351683031496063
20
0.1450303937007874
11
0.351683031496063
21
0.146905157480315
0
LINE
8
BLACK
6
CONTINUOUS
10
0.351683031496063
20
0.146905157480315
11
0.3517322834645669
21
0.147152874015748
0
LINE
8
BLACK
6
CONTINUOUS
10
0.3517322834645669
20
0.147152874015748
11
0.3517638582677165
21
0.1474031496062992
0
LINE
8
BLACK
6
CONTINUOUS
10
0.3517638582677165
20
0.1474031496062992
11
0.3527012598425197
21
0.1502152755905512
0
LINE
8
BLACK
6
CONTINUOUS
10
0.3527012598425197
20
0.1502152755905512
11
0.3527403149606299
21
0.1502838188976378
0
LINE
8
BLACK
6
CONTINUOUS
10
0.3527403149606299
20
0.1502838188976378
11
0.3527403149606299
21
0.1503199212598425
0
LINE
8
BLACK
6
CONTINUOUS
10
0.3527403149606299
20
0.1503199212598425
11
0.3528805118110236
21
0.1505297637795276
0
LINE
8
BLACK
6
CONTINUOUS
10
0.3528805118110236
20
0.1505297637795276
11
0.3530055511811023
21
0.150749094488189
0
LINE
8
BLACK
6
CONTINUOUS
10
0.3530055511811023
20
0.150749094488189
11
0.353037874015748
21
0.1507652755905512
0
LINE
8
BLACK
6
CONTINUOUS
10
0.353037874015748
20
0.1507652755905512
11
0.3530816929133858
21
0.1508308267716535
0
LINE
8
BLACK
6
CONTINUOUS
10
0.3530816929133858
20
0.1508308267716535
11
0.3549564173228346
21
0.1527055905511811
0
LINE
8
BLACK
6
CONTINUOUS
10
0.3549564173228346
20
0.1527055905511811
11
0.3551663385826772
21
0.152845905511811
0
LINE
8
BLACK
6
CONTINUOUS
10
0.3551663385826772
20
0.152845905511811
11
0.3553657086614173
21
0.1530005905511811
0
LINE
8
BLACK
6
CONTINUOUS
10
0.3553657086614173
20
0.1530005905511811
11
0.3572404724409449
21
0.1539379921259842
0
LINE
8
BLACK
6
CONTINUOUS
10
0.3572404724409449
20
0.1539379921259842
11
0.3574068503937008
21
0.1539835826771654
0
LINE
8
BLACK
6
CONTINUOUS
10
0.3574068503937008
20
0.1539835826771654
11
0.3575628346456693
21
0.1540572440944882
0
LINE
8
BLACK
6
CONTINUOUS
10
0.3575628346456693
20
0.1540572440944882
11
0.3613123622047244
21
0.1549946062992126
0
LINE
8
BLACK
6
CONTINUOUS
10
0.3613123622047244
20
0.1549946062992126
11
0.3615050787401575
21
0.1550040157480315
0
LINE
8
BLACK
6
CONTINUOUS
10
0.3615050787401575
20
0.1550040157480315
11
0.3616942913385827
21
0.1550416141732283
0
LINE
8
BLACK
6
CONTINUOUS
10
0.3616942913385827
20
0.1550416141732283
11
0.3645064173228346
21
0.1550416141732283
0
LINE
8
BLACK
6
CONTINUOUS
10
0.3645064173228346
20
0.1550416141732283
11
0.3646955905511811
21
0.1550040157480315
0
LINE
8
BLACK
6
CONTINUOUS
10
0.3893596062992126
20
0.1791887401574803
11
0.3904249606299213
21
0.1781233858267716
0
LINE
8
BLACK
6
CONTINUOUS
10
0.3904249606299213
20
0.1781233858267716
11
0.3905748031496063
21
0.1773700787401575
0
LINE
8
BLACK
6
CONTINUOUS
10
0.3905748031496063
20
0.1773700787401575
11
0.3905748031496063
21
0.0986299212598425
0
LINE
8
BLACK
6
CONTINUOUS
10
0.3905748031496063
20
0.0986299212598425
11
0.3904249606299213
21
0.0978766141732283
0
LINE
8
BLACK
6
CONTINUOUS
10
0.3904249606299213
20
0.0978766141732283
11
0.3893596062992126
21
0.0968112598425197
0
LINE
8
BLACK
6
CONTINUOUS
10
0.3893596062992126
20
0.0968112598425197
11
0.3886062992125984
21
0.0966614173228346
0
LINE
8
BLACK
6
CONTINUOUS
10
0.3886062992125984
20
0.0966614173228346
11
0.3393937007874016
21
0.0966614173228346
0
LINE
8
BLACK
6
CONTINUOUS
10
0.3393937007874016
20
0.0966614173228346
11
0.3386403937007874
21
0.0968112598425197
0
LINE
8
BLACK
6
CONTINUOUS
10
0.3386403937007874
20
0.0968112598425197
11
0.3375750393700787
21
0.0978766141732283
0
LINE
8
BLACK
6
CONTINUOUS
10
0.3375750393700787
20
0.0978766141732283
11
0.3374251968503937
21
0.0986299212598425
0
LINE
8
BLACK
6
CONTINUOUS
10
0.3374251968503937
20
0.0986299212598425
11
0.3374251968503937
21
0.1773700787401575
0
LINE
8
BLACK
6
CONTINUOUS
10
0.3374251968503937
20
0.1773700787401575
11
0.3375750393700787
21
0.1781233858267716
0
LINE
8
BLACK
6
CONTINUOUS
10
0.3375750393700787
20
0.1781233858267716
11
0.3386403937007874
21
0.1791887401574803
0
LINE
8
BLACK
6
CONTINUOUS
10
0.3386403937007874
20
0.1791887401574803
11
0.3393937007874016
21
0.1793385826771653
0
LINE
8
BLACK
6
CONTINUOUS
10
0.3393937007874016
20
0.1793385826771653
11
0.3886062992125984
21
0.1793385826771653
0
LINE
8
BLACK
6
CONTINUOUS
10
0.3886062992125984
20
0.1793385826771653
11
0.3893596062992126
21
0.1791887401574803
0
LINE
8
BLACK
6
CONTINUOUS
10
0.3413622047244094
20
0.1754015748031496
11
0.3413622047244094
21
0.1005984251968504
0
LINE
8
BLACK
6
CONTINUOUS
10
0.3413622047244094
20
0.1005984251968504
11
0.3866377952755906
21
0.1005984251968504
0
LINE
8
BLACK
6
CONTINUOUS
10
0.3866377952755906
20
0.1005984251968504
11
0.3866377952755906
21
0.1754015748031496
0
LINE
8
BLACK
6
CONTINUOUS
10
0.3866377952755906
20
0.1754015748031496
11
0.3413622047244094
21
0.1754015748031496
0
LINE
8
BLACK
6
CONTINUOUS
10
0.2595467322834646
20
0.1468934251968504
11
0.2603614173228346
21
0.146078779527559
0
LINE
8
BLACK
6
CONTINUOUS
10
0.2603614173228346
20
0.146078779527559
11
0.260617874015748
21
0.1454595669291339
0
LINE
8
BLACK
6
CONTINUOUS
10
0.260617874015748
20
0.1454595669291339
11
0.2608022834645669
21
0.1450143700787402
0
LINE
8
BLACK
6
CONTINUOUS
10
0.2608022834645669
20
0.1450143700787402
11
0.2608590157480315
21
0.1444383070866142
0
LINE
8
BLACK
6
CONTINUOUS
10
0.2608590157480315
20
0.1444383070866142
11
0.2608590157480315
21
0.1200663779527559
0
LINE
8
BLACK
6
CONTINUOUS
10
0.2608590157480315
20
0.1200663779527559
11
0.2608022834645669
21
0.1194903149606299
0
LINE
8
BLACK
6
CONTINUOUS
10
0.2608022834645669
20
0.1194903149606299
11
0.2603613779527559
21
0.118425905511811
0
LINE
8
BLACK
6
CONTINUOUS
10
0.2603613779527559
20
0.118425905511811
11
0.2595467322834646
21
0.1176112598425197
0
LINE
8
BLACK
6
CONTINUOUS
10
0.2595467322834646
20
0.1176112598425197
11
0.2584823228346457
21
0.1171703543307087
0
LINE
8
BLACK
6
CONTINUOUS
10
0.2584823228346457
20
0.1171703543307087
11
0.2573301968503937
21
0.1171703543307087
0
LINE
8
BLACK
6
CONTINUOUS
10
0.2573301968503937
20
0.1171703543307087
11
0.2562657874015748
21
0.1176112598425197
0
LINE
8
BLACK
6
CONTINUOUS
10
0.2562657874015748
20
0.1176112598425197
11
0.2554511417322834
21
0.118425905511811
0
LINE
8
BLACK
6
CONTINUOUS
10
0.2554511417322834
20
0.118425905511811
11
0.2550102362204724
21
0.1194903149606299
0
LINE
8
BLACK
6
CONTINUOUS
10
0.2550102362204724
20
0.1194903149606299
11
0.2549535039370079
21
0.1200663779527559
0
LINE
8
BLACK
6
CONTINUOUS
10
0.2549535039370079
20
0.1200663779527559
11
0.2549535039370079
21
0.1373097637795276
0
LINE
8
BLACK
6
CONTINUOUS
10
0.2549535039370079
20
0.1373097637795276
11
0.237496968503937
21
0.1198532283464567
0
LINE
8
BLACK
6
CONTINUOUS
10
0.237496968503937
20
0.1198532283464567
11
0.2370495275590551
21
0.1194860236220472
0
LINE
8
BLACK
6
CONTINUOUS
10
0.2370495275590551
20
0.1194860236220472
11
0.2369514566929134
21
0.1194454330708661
0
LINE
8
BLACK
6
CONTINUOUS
10
0.2369514566929134
20
0.1194454330708661
11
0.2368713385826772
21
0.119375905511811
0
LINE
8
BLACK
6
CONTINUOUS
10
0.2368713385826772
20
0.119375905511811
11
0.2363427952755905
21
0.1191399212598425
0
LINE
8
BLACK
6
CONTINUOUS
10
0.2363427952755905
20
0.1191399212598425
11
0.2307185039370079
21
0.117265157480315
0
LINE
8
BLACK
6
CONTINUOUS
10
0.2307185039370079
20
0.117265157480315
11
0.2304329133858268
21
0.1172002362204724
0
LINE
8
BLACK
6
CONTINUOUS
10
0.2304329133858268
20
0.1172002362204724
11
0.2303608267716535
21
0.1171703543307087
0
LINE
8
BLACK
6
CONTINUOUS
10
0.2303608267716535
20
0.1171703543307087
11
0.2302562992125984
21
0.1171600787401575
0
LINE
8
BLACK
6
CONTINUOUS
10
0.2302562992125984
20
0.1171600787401575
11
0.2301540551181102
21
0.117136811023622
0
LINE
8
BLACK
6
CONTINUOUS
10
0.2301540551181102
20
0.117136811023622
11
0.2300762992125984
21
0.1171423622047244
0
LINE
8
BLACK
6
CONTINUOUS
10
0.2300762992125984
20
0.1171423622047244
11
0.2297847637795276
21
0.1171136220472441
0
LINE
8
BLACK
6
CONTINUOUS
10
0.2297847637795276
20
0.1171136220472441
11
0.2260352362204724
21
0.1171136220472441
0
LINE
8
BLACK
6
CONTINUOUS
10
0.2260352362204724
20
0.1171136220472441
11
0.2254591732283464
21
0.1171703543307087
0
LINE
8
BLACK
6
CONTINUOUS
10
0.2254591732283464
20
0.1171703543307087
11
0.2253611811023622
21
0.1172109448818898
0
LINE
8
BLACK
6
CONTINUOUS
10
0.2253611811023622
20
0.1172109448818898
11
0.2252553149606299
21
0.1172184645669291
0
LINE
8
BLACK
6
CONTINUOUS
10
0.2252553149606299
20
0.1172184645669291
11
0.2247147244094488
21
0.1174253543307087
0
LINE
8
BLACK
6
CONTINUOUS
10
0.2247147244094488
20
0.1174253543307087
11
0.2209651968503937
21
0.1193001181102362
0
LINE
8
BLACK
6
CONTINUOUS
10
0.2209651968503937
20
0.1193001181102362
11
0.2207171653543307
21
0.1194562204724409
0
LINE
8
BLACK
6
CONTINUOUS
10
0.2207171653543307
20
0.1194562204724409
11
0.2206452362204724
21
0.1194860236220472
0
LINE
8
BLACK
6
CONTINUOUS
10
0.2206452362204724
20
0.1194860236220472
11
0.2205642519685039
21
0.1195525196850394
0
LINE
8
BLACK
6
CONTINUOUS
10
0.2205642519685039
20
0.1195525196850394
11
0.2204753149606299
21
0.1196084645669291
0
LINE
8
BLACK
6
CONTINUOUS
10
0.2204753149606299
20
0.1196084645669291
11
0.2204241338582677
21
0.1196674803149606
0
LINE
8
BLACK
6
CONTINUOUS
10
0.2204241338582677
20
0.1196674803149606
11
0.2201977952755906
21
0.1198532283464567
0
LINE
8
BLACK
6
CONTINUOUS
10
0.2201977952755906
20
0.1198532283464567
11
0.218323031496063
21
0.1217279921259842
0
LINE
8
BLACK
6
CONTINUOUS
10
0.218323031496063
20
0.1217279921259842
11
0.2181372440944882
21
0.1219543700787402
0
LINE
8
BLACK
6
CONTINUOUS
10
0.2181372440944882
20
0.1219543700787402
11
0.2180782677165354
21
0.1220055118110236
0
LINE
8
BLACK
6
CONTINUOUS
10
0.2180782677165354
20
0.1220055118110236
11
0.2180222834645669
21
0.1220944881889764
0
LINE
8
BLACK
6
CONTINUOUS
10
0.2180222834645669
20
0.1220944881889764
11
0.2179558267716535
21
0.1221754330708661
0
LINE
8
BLACK
6
CONTINUOUS
10
0.2179558267716535
20
0.1221754330708661
11
0.2179259842519685
21
0.1222474015748031
0
LINE
8
BLACK
6
CONTINUOUS
10
0.2179259842519685
20
0.1222474015748031
11
0.2177699212598425
21
0.1224953937007874
0
LINE
8
BLACK
6
CONTINUOUS
10
0.2177699212598425
20
0.1224953937007874
11
0.215895157480315
21
0.1262449212598425
0
LINE
8
BLACK
6
CONTINUOUS
10
0.215895157480315
20
0.1262449212598425
11
0.2156882677165354
21
0.1267855511811024
0
LINE
8
BLACK
6
CONTINUOUS
10
0.2156882677165354
20
0.1267855511811024
11
0.2156807480314961
21
0.1268913779527559
0
LINE
8
BLACK
6
CONTINUOUS
10
0.2156807480314961
20
0.1268913779527559
11
0.215640157480315
21
0.1269893700787401
0
LINE
8
BLACK
6
CONTINUOUS
10
0.215640157480315
20
0.1269893700787401
11
0.2155834251968504
21
0.1275654330708662
0
LINE
8
BLACK
6
CONTINUOUS
10
0.2155834251968504
20
0.1275654330708662
11
0.2155834251968504
21
0.1369392519685039
0
LINE
8
BLACK
6
CONTINUOUS
10
0.2155834251968504
20
0.1369392519685039
11
0.215640157480315
21
0.1375153149606299
0
LINE
8
BLACK
6
CONTINUOUS
10
0.215640157480315
20
0.1375153149606299
11
0.2156807480314961
21
0.1376133464566929
0
LINE
8
BLACK
6
CONTINUOUS
10
0.2156807480314961
20
0.1376133464566929
11
0.2156882677165354
21
0.1377191338582677
0
LINE
8
BLACK
6
CONTINUOUS
10
0.2156882677165354
20
0.1377191338582677
11
0.215895157480315
21
0.1382597637795276
0
LINE
8
BLACK
6
CONTINUOUS
10
0.215895157480315
20
0.1382597637795276
11
0.2177699212598425
21
0.1420092913385827
0
LINE
8
BLACK
6
CONTINUOUS
10
0.2177699212598425
20
0.1420092913385827
11
0.2179259842519685
21
0.1422573228346457
0
LINE
8
BLACK
6
CONTINUOUS
10
0.2179259842519685
20
0.1422573228346457
11
0.2179558267716535
21
0.1423292519685039
0
LINE
8
BLACK
6
CONTINUOUS
10
0.2179558267716535
20
0.1423292519685039
11
0.2180222834645669
21
0.1424102362204724
0
LINE
8
BLACK
6
CONTINUOUS
10
0.2180222834645669
20
0.1424102362204724
11
0.2180782677165354
21
0.1424991732283465
0
LINE
8
BLACK
6
CONTINUOUS
10
0.2180782677165354
20
0.1424991732283465
11
0.2181372440944882
21
0.1425503543307086
0
LINE
8
BLACK
6
CONTINUOUS
10
0.2181372440944882
20
0.1425503543307086
11
0.218323031496063
21
0.1427766929133858
0
LINE
8
BLACK
6
CONTINUOUS
10
0.218323031496063
20
0.1427766929133858
11
0.2201977952755906
21
0.1446514566929134
0
LINE
8
BLACK
6
CONTINUOUS
10
0.2201977952755906
20
0.1446514566929134
11
0.2206452362204724
21
0.1450186614173228
0
LINE
8
BLACK
6
CONTINUOUS
10
0.2206452362204724
20
0.1450186614173228
11
0.2217096456692913
21
0.1454595669291339
0
LINE
8
BLACK
6
CONTINUOUS
10
0.2217096456692913
20
0.1454595669291339
11
0.2228617322834646
21
0.1454595669291339
0
LINE
8
BLACK
6
CONTINUOUS
10
0.2228617322834646
20
0.1454595669291339
11
0.2239261417322835
21
0.1450186614173228
0
LINE
8
BLACK
6
CONTINUOUS
10
0.2239261417322835
20
0.1450186614173228
11
0.2247408267716536
21
0.1442039763779528
0
LINE
8
BLACK
6
CONTINUOUS
10
0.2247408267716536
20
0.1442039763779528
11
0.2251817322834646
21
0.1431395669291338
0
LINE
8
BLACK
6
CONTINUOUS
10
0.2251817322834646
20
0.1431395669291338
11
0.2251817322834646
21
0.1419874803149606
0
LINE
8
BLACK
6
CONTINUOUS
10
0.2251817322834646
20
0.1419874803149606
11
0.2247408267716536
21
0.1409230708661417
0
LINE
8
BLACK
6
CONTINUOUS
10
0.2247408267716536
20
0.1409230708661417
11
0.2243736220472441
21
0.1404756299212598
0
LINE
8
BLACK
6
CONTINUOUS
10
0.2243736220472441
20
0.1404756299212598
11
0.2228376771653543
21
0.1389396850393701
0
LINE
8
BLACK
6
CONTINUOUS
10
0.2228376771653543
20
0.1389396850393701
11
0.221488937007874
21
0.1362422047244095
0
LINE
8
BLACK
6
CONTINUOUS
10
0.221488937007874
20
0.1362422047244095
11
0.221488937007874
21
0.1282624803149606
0
LINE
8
BLACK
6
CONTINUOUS
10
0.221488937007874
20
0.1282624803149606
11
0.2228376771653543
21
0.125565
0
LINE
8
BLACK
6
CONTINUOUS
10
0.2228376771653543
20
0.125565
11
0.2240348031496063
21
0.124367874015748
0
LINE
8
BLACK
6
CONTINUOUS
10
0.2240348031496063
20
0.124367874015748
11
0.2267322834645669
21
0.1230191338582677
0
LINE
8
BLACK
6
CONTINUOUS
10
0.2267322834645669
20
0.1230191338582677
11
0.2293056299212598
21
0.1230191338582677
0
LINE
8
BLACK
6
CONTINUOUS
10
0.2293056299212598
20
0.1230191338582677
11
0.2338140157480315
21
0.124521968503937
0
LINE
8
BLACK
6
CONTINUOUS
10
0.2338140157480315
20
0.124521968503937
11
0.2558183464566929
21
0.1465262204724409
0
LINE
8
BLACK
6
CONTINUOUS
10
0.2558183464566929
20
0.1465262204724409
11
0.2562657874015748
21
0.1468934645669291
0
LINE
8
BLACK
6
CONTINUOUS
10
0.2562657874015748
20
0.1468934645669291
11
0.2570184251968504
21
0.1472052362204724
0
LINE
8
BLACK
6
CONTINUOUS
10
0.2570184251968504
20
0.1472052362204724
11
0.2573301968503937
21
0.1473343307086614
0
LINE
8
BLACK
6
CONTINUOUS
10
0.2573301968503937
20
0.1473343307086614
11
0.2584823228346457
21
0.1473343307086614
0
LINE
8
BLACK
6
CONTINUOUS
10
0.2584823228346457
20
0.1473343307086614
11
0.2595467322834646
21
0.1468934251968504
0
LINE
8
BLACK
6
CONTINUOUS
10
0.2918186614173228
20
0.1695328346456693
11
0.2919685039370079
21
0.1687795275590551
0
LINE
8
BLACK
6
CONTINUOUS
10
0.2919685039370079
20
0.1687795275590551
11
0.2919685039370079
21
0.1648425196850394
0
LINE
8
BLACK
6
CONTINUOUS
10
0.2919685039370079
20
0.1648425196850394
11
0.2978740157480315
21
0.1648425196850394
0
LINE
8
BLACK
6
CONTINUOUS
10
0.2978740157480315
20
0.1648425196850394
11
0.2986273228346457
21
0.1646926771653543
0
LINE
8
BLACK
6
CONTINUOUS
10
0.2986273228346457
20
0.1646926771653543
11
0.2996926771653543
21
0.1636273228346457
0
LINE
8
BLACK
6
CONTINUOUS
10
0.2996926771653543
20
0.1636273228346457
11
0.2996926771653543
21
0.1621207086614173
0
LINE
8
BLACK
6
CONTINUOUS
10
0.2996926771653543
20
0.1621207086614173
11
0.2986273228346457
21
0.1610553543307087
0
LINE
8
BLACK
6
CONTINUOUS
10
0.2986273228346457
20
0.1610553543307087
11
0.2978740157480315
21
0.1609055118110236
0
LINE
8
BLACK
6
CONTINUOUS
10
0.2978740157480315
20
0.1609055118110236
11
0.2936781889763779
21
0.1609055118110236
0
LINE
8
BLACK
6
CONTINUOUS
10
0.2936781889763779
20
0.1609055118110236
11
0.2995118897637795
21
0.1521549212598425
0
LINE
8
BLACK
6
CONTINUOUS
10
0.2995118897637795
20
0.1521549212598425
11
0.2996229133858268
21
0.151886062992126
0
LINE
8
BLACK
6
CONTINUOUS
10
0.2996229133858268
20
0.151886062992126
11
0.2996926771653543
21
0.1518162992125984
0
LINE
8
BLACK
6
CONTINUOUS
10
0.2996926771653543
20
0.1518162992125984
11
0.2996926771653543
21
0.1517172047244094
0
LINE
8
BLACK
6
CONTINUOUS
10
0.2996926771653543
20
0.1517172047244094
11
0.2998050787401575
21
0.151445
0
LINE
8
BLACK
6
CONTINUOUS
10
0.2998050787401575
20
0.151445
11
0.2996926771653543
21
0.1508829921259842
0
LINE
8
BLACK
6
CONTINUOUS
10
0.2996926771653543
20
0.1508829921259842
11
0.2996926771653543
21
0.1503096850393701
0
LINE
8
BLACK
6
CONTINUOUS
10
0.2996926771653543
20
0.1503096850393701
11
0.2995493307086614
21
0.1501663779527559
0
LINE
8
BLACK
6
CONTINUOUS
10
0.2995493307086614
20
0.1501663779527559
11
0.2995096062992126
21
0.1499676377952756
0
LINE
8
BLACK
6
CONTINUOUS
10
0.2995096062992126
20
0.1499676377952756
11
0.2990326771653543
21
0.1496497244094488
0
LINE
8
BLACK
6
CONTINUOUS
10
0.2990326771653543
20
0.1496497244094488
11
0.2986273228346457
21
0.1492443307086614
0
LINE
8
BLACK
6
CONTINUOUS
10
0.2986273228346457
20
0.1492443307086614
11
0.2983384251968504
21
0.1491868897637795
0
LINE
8
BLACK
6
CONTINUOUS
10
0.2983384251968504
20
0.1491868897637795
11
0.2982560236220472
21
0.1491319291338583
0
LINE
8
BLACK
6
CONTINUOUS
10
0.2982560236220472
20
0.1491319291338583
11
0.2981593700787402
21
0.1491512598425197
0
LINE
8
BLACK
6
CONTINUOUS
10
0.2981593700787402
20
0.1491512598425197
11
0.2978740157480315
21
0.1490944881889764
0
LINE
8
BLACK
6
CONTINUOUS
10
0.2978740157480315
20
0.1490944881889764
11
0.2919685039370079
21
0.1490944881889764
0
LINE
8
BLACK
6
CONTINUOUS
10
0.2919685039370079
20
0.1490944881889764
11
0.2919685039370079
21
0.1451574803149606
0
LINE
8
BLACK
6
CONTINUOUS
10
0.2919685039370079
20
0.1451574803149606
11
0.2918186614173228
21
0.1444041732283464
0
LINE
8
BLACK
6
CONTINUOUS
10
0.2918186614173228
20
0.1444041732283464
11
0.2907533070866142
21
0.1433388188976378
0
LINE
8
BLACK
6
CONTINUOUS
10
0.2907533070866142
20
0.1433388188976378
11
0.2892466929133858
21
0.1433388188976378
0
LINE
8
BLACK
6
CONTINUOUS
10
0.2892466929133858
20
0.1433388188976378
11
0.2881813385826771
21
0.1444041732283464
0
LINE
8
BLACK
6
CONTINUOUS
10
0.2881813385826771
20
0.1444041732283464
11
0.2880314960629921
21
0.1451574803149606
0
LINE
8
BLACK
6
CONTINUOUS
10
0.2880314960629921
20
0.1451574803149606
11
0.2880314960629921
21
0.1490944881889764
0
LINE
8
BLACK
6
CONTINUOUS
10
0.2880314960629921
20
0.1490944881889764
11
0.2821259842519685
21
0.1490944881889764
0
LINE
8
BLACK
6
CONTINUOUS
10
0.2821259842519685
20
0.1490944881889764
11
0.2818405905511811
21
0.1491512598425197
0
LINE
8
BLACK
6
CONTINUOUS
10
0.2818405905511811
20
0.1491512598425197
11
0.2817439763779527
21
0.1491319291338583
0
LINE
8
BLACK
6
CONTINUOUS
10
0.2817439763779527
20
0.1491319291338583
11
0.2816615354330709
21
0.1491868897637795
0
LINE
8
BLACK
6
CONTINUOUS
10
0.2816615354330709
20
0.1491868897637795
11
0.2813726771653543
21
0.1492443307086614
0
LINE
8
BLACK
6
CONTINUOUS
10
0.2813726771653543
20
0.1492443307086614
11
0.2809672834645669
21
0.1496497244094488
0
LINE
8
BLACK
6
CONTINUOUS
10
0.2809672834645669
20
0.1496497244094488
11
0.2804903937007874
21
0.1499676377952756
0
LINE
8
BLACK
6
CONTINUOUS
10
0.2804903937007874
20
0.1499676377952756
11
0.2804506299212599
21
0.1501663779527559
0
LINE
8
BLACK
6
CONTINUOUS
10
0.2804506299212599
20
0.1501663779527559
11
0.2803073228346457
21
0.1503096850393701
0
LINE
8
BLACK
6
CONTINUOUS
10
0.2803073228346457
20
0.1503096850393701
11
0.2803073228346457
21
0.1508829921259842
0
LINE
8
BLACK
6
CONTINUOUS
10
0.2803073228346457
20
0.1508829921259842
11
0.2801949212598425
21
0.151445
0
LINE
8
BLACK
6
CONTINUOUS
10
0.2801949212598425
20
0.151445
11
0.2803073228346457
21
0.1517172047244094
0
LINE
8
BLACK
6
CONTINUOUS
10
0.2803073228346457
20
0.1517172047244094
11
0.2803073228346457
21
0.1518162992125984
0
LINE
8
BLACK
6
CONTINUOUS
10
0.2803073228346457
20
0.1518162992125984
11
0.2803770078740158
21
0.1518860236220472
0
LINE
8
BLACK
6
CONTINUOUS
10
0.2803770078740158
20
0.1518860236220472
11
0.2804880708661417
21
0.1521549212598425
0
LINE
8
BLACK
6
CONTINUOUS
10
0.2804880708661417
20
0.1521549212598425
11
0.286321811023622
21
0.1609055118110236
0
LINE
8
BLACK
6
CONTINUOUS
10
0.286321811023622
20
0.1609055118110236
11
0.2821259842519685
21
0.1609055118110236
0
LINE
8
BLACK
6
CONTINUOUS
10
0.2821259842519685
20
0.1609055118110236
11
0.2813726771653543
21
0.1610553543307087
0
LINE
8
BLACK
6
CONTINUOUS
10
0.2813726771653543
20
0.1610553543307087
11
0.2803073228346457
21
0.1621207086614173
0
LINE
8
BLACK
6
CONTINUOUS
10
0.2803073228346457
20
0.1621207086614173
11
0.2803073228346457
21
0.1636273228346457
0
LINE
8
BLACK
6
CONTINUOUS
10
0.2803073228346457
20
0.1636273228346457
11
0.2813726771653543
21
0.1646926771653543
0
LINE
8
BLACK
6
CONTINUOUS
10
0.2813726771653543
20
0.1646926771653543
11
0.2821259842519685
21
0.1648425196850394
0
LINE
8
BLACK
6
CONTINUOUS
10
0.2821259842519685
20
0.1648425196850394
11
0.2880314960629921
21
0.1648425196850394
0
LINE
8
BLACK
6
CONTINUOUS
10
0.2880314960629921
20
0.1648425196850394
11
0.2880314960629921
21
0.1687795275590551
0
LINE
8
BLACK
6
CONTINUOUS
10
0.2880314960629921
20
0.1687795275590551
11
0.2881813385826771
21
0.1695328346456693
0
LINE
8
BLACK
6
CONTINUOUS
10
0.2881813385826771
20
0.1695328346456693
11
0.2892466929133858
21
0.170598188976378
0
LINE
8
BLACK
6
CONTINUOUS
10
0.2892466929133858
20
0.170598188976378
11
0.2907533070866142
21
0.170598188976378
0
LINE
8
BLACK
6
CONTINUOUS
10
0.2907533070866142
20
0.170598188976378
11
0.2918186614173228
21
0.1695328346456693
0
LINE
8
BLACK
6
CONTINUOUS
10
0.2858041732283464
20
0.1530314960629921
11
0.2941958267716535
21
0.1530314960629921
0
LINE
8
BLACK
6
CONTINUOUS
10
0.2941958267716535
20
0.1530314960629921
11
0.2899999606299212
21
0.1593252755905512
0
LINE
8
BLACK
6
CONTINUOUS
10
0.2899999606299212
20
0.1593252755905512
11
0.2858041732283464
21
0.1530314960629921
0
LINE
8
BLACK
6
CONTINUOUS
10
0.308469842519685
20
0.1824092125984252
11
0.3095351968503937
21
0.1813438582677165
0
LINE
8
BLACK
6
CONTINUOUS
10
0.3095351968503937
20
0.1813438582677165
11
0.3096850393700787
21
0.1805905511811024
0
LINE
8
BLACK
6
CONTINUOUS
10
0.3096850393700787
20
0.1805905511811024
11
0.3096850393700787
21
0.1294094488188976
0
LINE
8
BLACK
6
CONTINUOUS
10
0.3096850393700787
20
0.1294094488188976
11
0.3095351968503937
21
0.1286561417322835
0
LINE
8
BLACK
6
CONTINUOUS
10
0.3095351968503937
20
0.1286561417322835
11
0.308469842519685
21
0.1275907874015748
0
LINE
8
BLACK
6
CONTINUOUS
10
0.308469842519685
20
0.1275907874015748
11
0.3077165354330709
21
0.1274409448818898
0
LINE
8
BLACK
6
CONTINUOUS
10
0.3077165354330709
20
0.1274409448818898
11
0.2722834645669291
21
0.1274409448818898
0
LINE
8
BLACK
6
CONTINUOUS
10
0.2722834645669291
20
0.1274409448818898
11
0.2715301574803149
21
0.1275907874015748
0
LINE
8
BLACK
6
CONTINUOUS
10
0.2715301574803149
20
0.1275907874015748
11
0.2704648031496063
21
0.1286561417322835
0
LINE
8
BLACK
6
CONTINUOUS
10
0.2704648031496063
20
0.1286561417322835
11
0.2703149606299213
21
0.1294094488188976
0
LINE
8
BLACK
6
CONTINUOUS
10
0.2703149606299213
20
0.1294094488188976
11
0.2703149606299213
21
0.1805905511811024
0
LINE
8
BLACK
6
CONTINUOUS
10
0.2703149606299213
20
0.1805905511811024
11
0.2704648031496063
21
0.1813438582677165
0
LINE
8
BLACK
6
CONTINUOUS
10
0.2704648031496063
20
0.1813438582677165
11
0.2715301574803149
21
0.1824092125984252
0
LINE
8
BLACK
6
CONTINUOUS
10
0.2715301574803149
20
0.1824092125984252
11
0.2722834645669291
21
0.1825590551181102
0
LINE
8
BLACK
6
CONTINUOUS
10
0.2722834645669291
20
0.1825590551181102
11
0.3077165354330709
21
0.1825590551181102
0
LINE
8
BLACK
6
CONTINUOUS
10
0.3077165354330709
20
0.1825590551181102
11
0.308469842519685
21
0.1824092125984252
0
LINE
8
BLACK
6
CONTINUOUS
10
0.274251968503937
20
0.1786220472440945
11
0.274251968503937
21
0.1313779527559055
0
LINE
8
BLACK
6
CONTINUOUS
10
0.274251968503937
20
0.1313779527559055
11
0.305748031496063
21
0.1313779527559055
0
LINE
8
BLACK
6
CONTINUOUS
10
0.305748031496063
20
0.1313779527559055
11
0.305748031496063
21
0.1786220472440945
0
LINE
8
BLACK
6
CONTINUOUS
10
0.305748031496063
20
0.1786220472440945
11
0.274251968503937
21
0.1786220472440945
0
LINE
8
BLACK
6
CONTINUOUS
10
0.6358273228346456
20
0.1551098031496063
11
0.6364664960629921
21
0.1544706299212598
0
LINE
8
BLACK
6
CONTINUOUS
10
0.6364664960629921
20
0.1544706299212598
11
0.6364664960629921
21
0.1535666141732283
0
LINE
8
BLACK
6
CONTINUOUS
10
0.6364664960629921
20
0.1535666141732283
11
0.6358273228346456
21
0.1529274409448819
0
LINE
8
BLACK
6
CONTINUOUS
10
0.6358273228346456
20
0.1529274409448819
11
0.6353753149606299
21
0.1528375196850394
0
LINE
8
BLACK
6
CONTINUOUS
10
0.6353753149606299
20
0.1528375196850394
11
0.6282294094488189
21
0.1528375196850394
0
LINE
8
BLACK
6
CONTINUOUS
10
0.6282294094488189
20
0.1528375196850394
11
0.6317647244094488
21
0.148797125984252
0
LINE
8
BLACK
6
CONTINUOUS
10
0.6317647244094488
20
0.148797125984252
11
0.6319323228346456
21
0.1485061023622047
0
LINE
8
BLACK
6
CONTINUOUS
10
0.6319323228346456
20
0.1485061023622047
11
0.6319670472440945
21
0.1484713779527559
0
LINE
8
BLACK
6
CONTINUOUS
10
0.6319670472440945
20
0.1484713779527559
11
0.6319670472440945
21
0.1484458267716535
0
LINE
8
BLACK
6
CONTINUOUS
10
0.6319670472440945
20
0.1484458267716535
11
0.6319947244094488
21
0.1483977559055118
0
LINE
8
BLACK
6
CONTINUOUS
10
0.6319947244094488
20
0.1483977559055118
11
0.6319670472440945
21
0.1479825590551181
0
LINE
8
BLACK
6
CONTINUOUS
10
0.6319670472440945
20
0.1479825590551181
11
0.6319670472440945
21
0.1475673622047244
0
LINE
8
BLACK
6
CONTINUOUS
10
0.6319670472440945
20
0.1475673622047244
11
0.6319373622047244
21
0.1475377165354331
0
LINE
8
BLACK
6
CONTINUOUS
10
0.6319373622047244
20
0.1475377165354331
11
0.6319346062992126
21
0.1474958267716535
0
LINE
8
BLACK
6
CONTINUOUS
10
0.6319346062992126
20
0.1474958267716535
11
0.631621811023622
21
0.1472221653543307
0
LINE
8
BLACK
6
CONTINUOUS
10
0.631621811023622
20
0.1472221653543307
11
0.631327874015748
21
0.1469281889763779
0
LINE
8
BLACK
6
CONTINUOUS
10
0.631327874015748
20
0.1469281889763779
11
0.6312735039370079
21
0.1469174015748032
0
LINE
8
BLACK
6
CONTINUOUS
10
0.6312735039370079
20
0.1469174015748032
11
0.6312542519685039
21
0.1469005118110236
0
LINE
8
BLACK
6
CONTINUOUS
10
0.6312542519685039
20
0.1469005118110236
11
0.6312051574803149
21
0.1469038188976378
0
LINE
8
BLACK
6
CONTINUOUS
10
0.6312051574803149
20
0.1469038188976378
11
0.6308758661417323
21
0.1468382677165354
0
LINE
8
BLACK
6
CONTINUOUS
10
0.6308758661417323
20
0.1468382677165354
11
0.6289049999999999
21
0.1468382677165354
0
LINE
8
BLACK
6
CONTINUOUS
10
0.6289049999999999
20
0.1468382677165354
11
0.6278259055118111
21
0.1462987401574803
0
LINE
8
BLACK
6
CONTINUOUS
10
0.6278259055118111
20
0.1462987401574803
11
0.6273470866141733
21
0.1458199212598425
0
LINE
8
BLACK
6
CONTINUOUS
10
0.6273470866141733
20
0.1458199212598425
11
0.6268076377952756
21
0.1447409448818898
0
LINE
8
BLACK
6
CONTINUOUS
10
0.6268076377952756
20
0.1447409448818898
11
0.6268076377952756
21
0.1415490157480315
0
LINE
8
BLACK
6
CONTINUOUS
10
0.6268076377952756
20
0.1415490157480315
11
0.6273471259842519
21
0.14047
0
LINE
8
BLACK
6
CONTINUOUS
10
0.6273471259842519
20
0.14047
11
0.6278259055118111
21
0.1399912204724409
0
LINE
8
BLACK
6
CONTINUOUS
10
0.6278259055118111
20
0.1399912204724409
11
0.6289049606299213
21
0.1394516929133858
0
LINE
8
BLACK
6
CONTINUOUS
10
0.6289049606299213
20
0.1394516929133858
11
0.6328467716535433
21
0.1394516929133858
0
LINE
8
BLACK
6
CONTINUOUS
10
0.6328467716535433
20
0.1394516929133858
11
0.6339257874015748
21
0.1399912204724409
0
LINE
8
BLACK
6
CONTINUOUS
10
0.6339257874015748
20
0.1399912204724409
11
0.6345401574803149
21
0.1406055511811024
0
LINE
8
BLACK
6
CONTINUOUS
10
0.6345401574803149
20
0.1406055511811024
11
0.6349233464566929
21
0.1408616141732283
0
LINE
8
BLACK
6
CONTINUOUS
10
0.6349233464566929
20
0.1408616141732283
11
0.635827283464567
21
0.1408616141732283
0
LINE
8
BLACK
6
CONTINUOUS
10
0.635827283464567
20
0.1408616141732283
11
0.6364665354330709
21
0.1402223622047244
0
LINE
8
BLACK
6
CONTINUOUS
10
0.6364665354330709
20
0.1402223622047244
11
0.6364665354330709
21
0.1393184251968504
0
LINE
8
BLACK
6
CONTINUOUS
10
0.6364665354330709
20
0.1393184251968504
11
0.6362104724409449
21
0.1389352362204724
0
LINE
8
BLACK
6
CONTINUOUS
10
0.6362104724409449
20
0.1389352362204724
11
0.6354605511811023
21
0.1381853149606299
0
LINE
8
BLACK
6
CONTINUOUS
10
0.6354605511811023
20
0.1381853149606299
11
0.6353031889763779
21
0.1380802362204724
0
LINE
8
BLACK
6
CONTINUOUS
10
0.6353031889763779
20
0.1380802362204724
11
0.6351535826771654
21
0.1379640551181102
0
LINE
8
BLACK
6
CONTINUOUS
10
0.6351535826771654
20
0.1379640551181102
11
0.6336537795275591
21
0.1372141732283464
0
LINE
8
BLACK
6
CONTINUOUS
10
0.6336537795275591
20
0.1372141732283464
11
0.6335967322834646
21
0.1371985826771654
0
LINE
8
BLACK
6
CONTINUOUS
10
0.6335967322834646
20
0.1371985826771654
11
0.6335775984251968
21
0.1371794094488189
0
LINE
8
BLACK
6
CONTINUOUS
10
0.6335775984251968
20
0.1371794094488189
11
0.6333917716535433
21
0.1371424803149606
0
LINE
8
BLACK
6
CONTINUOUS
10
0.6333917716535433
20
0.1371424803149606
11
0.6332092913385826
21
0.1370924803149606
0
LINE
8
BLACK
6
CONTINUOUS
10
0.6332092913385826
20
0.1370924803149606
11
0.6331836220472441
21
0.137101062992126
0
LINE
8
BLACK
6
CONTINUOUS
10
0.6331836220472441
20
0.137101062992126
11
0.6331255905511811
21
0.1370894881889764
0
LINE
8
BLACK
6
CONTINUOUS
10
0.6331255905511811
20
0.1370894881889764
11
0.6286261417322835
21
0.1370894881889764
0
LINE
8
BLACK
6
CONTINUOUS
10
0.6286261417322835
20
0.1370894881889764
11
0.6285680708661417
21
0.137101062992126
0
LINE
8
BLACK
6
CONTINUOUS
10
0.6285680708661417
20
0.137101062992126
11
0.6285424409448819
21
0.1370924803149606
0
LINE
8
BLACK
6
CONTINUOUS
10
0.6285424409448819
20
0.1370924803149606
11
0.6283599212598425
21
0.1371424803149606
0
LINE
8
BLACK
6
CONTINUOUS
10
0.6283599212598425
20
0.1371424803149606
11
0.6281741338582677
21
0.1371794094488189
0
LINE
8
BLACK
6
CONTINUOUS
10
0.6281741338582677
20
0.1371794094488189
11
0.6281549606299213
21
0.1371985826771654
0
LINE
8
BLACK
6
CONTINUOUS
10
0.6281549606299213
20
0.1371985826771654
11
0.6280979527559055
21
0.1372141732283464
0
LINE
8
BLACK
6
CONTINUOUS
10
0.6280979527559055
20
0.1372141732283464
11
0.6265981496062992
21
0.1379640551181102
0
LINE
8
BLACK
6
CONTINUOUS
10
0.6265981496062992
20
0.1379640551181102
11
0.6264485039370079
21
0.1380801968503937
0
LINE
8
BLACK
6
CONTINUOUS
10
0.6264485039370079
20
0.1380801968503937
11
0.6262911811023621
21
0.1381853149606299
0
LINE
8
BLACK
6
CONTINUOUS
10
0.6262911811023621
20
0.1381853149606299
11
0.6255412598425196
21
0.1389352362204724
0
LINE
8
BLACK
6
CONTINUOUS
10
0.6255412598425196
20
0.1389352362204724
11
0.6254361417322835
21
0.1390925984251968
0
LINE
8
BLACK
6
CONTINUOUS
10
0.6254361417322835
20
0.1390925984251968
11
0.62532
21
0.1392422047244095
0
LINE
8
BLACK
6
CONTINUOUS
10
0.62532
20
0.1392422047244095
11
0.6245701181102362
21
0.1407420078740158
0
LINE
8
BLACK
6
CONTINUOUS
10
0.6245701181102362
20
0.1407420078740158
11
0.6245544881889764
21
0.1407990551181102
0
LINE
8
BLACK
6
CONTINUOUS
10
0.6245544881889764
20
0.1407990551181102
11
0.6245353543307086
21
0.140818188976378
0
LINE
8
BLACK
6
CONTINUOUS
10
0.6245353543307086
20
0.140818188976378
11
0.6244983858267716
21
0.1410040157480315
0
LINE
8
BLACK
6
CONTINUOUS
10
0.6244983858267716
20
0.1410040157480315
11
0.6244484251968504
21
0.1411864960629921
0
LINE
8
BLACK
6
CONTINUOUS
10
0.6244484251968504
20
0.1411864960629921
11
0.6244569685039369
21
0.1412121653543307
0
LINE
8
BLACK
6
CONTINUOUS
10
0.6244569685039369
20
0.1412121653543307
11
0.6244454330708661
21
0.1412701968503937
0
LINE
8
BLACK
6
CONTINUOUS
10
0.6244454330708661
20
0.1412701968503937
11
0.6244454330708661
21
0.1450197244094488
0
LINE
8
BLACK
6
CONTINUOUS
10
0.6244454330708661
20
0.1450197244094488
11
0.6244569685039369
21
0.1450777559055118
0
LINE
8
BLACK
6
CONTINUOUS
10
0.6244569685039369
20
0.1450777559055118
11
0.6244484251968504
21
0.1451033858267717
0
LINE
8
BLACK
6
CONTINUOUS
10
0.6244484251968504
20
0.1451033858267717
11
0.6244983464566929
21
0.1452858661417323
0
LINE
8
BLACK
6
CONTINUOUS
10
0.6244983464566929
20
0.1452858661417323
11
0.6245353543307086
21
0.1454717322834645
0
LINE
8
BLACK
6
CONTINUOUS
10
0.6245353543307086
20
0.1454717322834645
11
0.6245544881889764
21
0.145490905511811
0
LINE
8
BLACK
6
CONTINUOUS
10
0.6245544881889764
20
0.145490905511811
11
0.6245701181102362
21
0.1455479133858268
0
LINE
8
BLACK
6
CONTINUOUS
10
0.6245701181102362
20
0.1455479133858268
11
0.62532
21
0.1470477559055118
0
LINE
8
BLACK
6
CONTINUOUS
10
0.62532
20
0.1470477559055118
11
0.6254359448818898
21
0.1471971653543307
0
LINE
8
BLACK
6
CONTINUOUS
10
0.6254359448818898
20
0.1471971653543307
11
0.6255412598425196
21
0.1473547637795276
0
LINE
8
BLACK
6
CONTINUOUS
10
0.6255412598425196
20
0.1473547637795276
11
0.6262911811023621
21
0.1481046456692913
0
LINE
8
BLACK
6
CONTINUOUS
10
0.6262911811023621
20
0.1481046456692913
11
0.6264486220472441
21
0.148209842519685
0
LINE
8
BLACK
6
CONTINUOUS
10
0.6264486220472441
20
0.148209842519685
11
0.6265981102362205
21
0.1483258661417323
0
LINE
8
BLACK
6
CONTINUOUS
10
0.6265981102362205
20
0.1483258661417323
11
0.6280979527559055
21
0.1490757874015748
0
LINE
8
BLACK
6
CONTINUOUS
10
0.6280979527559055
20
0.1490757874015748
11
0.6281549606299213
21
0.1490914173228347
0
LINE
8
BLACK
6
CONTINUOUS
10
0.6281549606299213
20
0.1490914173228347
11
0.6281741338582677
21
0.1491105511811024
0
LINE
8
BLACK
6
CONTINUOUS
10
0.6281741338582677
20
0.1491105511811024
11
0.6283253543307087
21
0.1491406692913386
0
LINE
8
BLACK
6
CONTINUOUS
10
0.6283253543307087
20
0.1491406692913386
11
0.6247376771653543
21
0.1532408661417323
0
LINE
8
BLACK
6
CONTINUOUS
10
0.6247376771653543
20
0.1532408661417323
11
0.6245700393700787
21
0.1535319291338583
0
LINE
8
BLACK
6
CONTINUOUS
10
0.6245700393700787
20
0.1535319291338583
11
0.6245353543307086
21
0.1535666141732283
0
LINE
8
BLACK
6
CONTINUOUS
10
0.6245353543307086
20
0.1535666141732283
11
0.6245353543307086
21
0.1535922047244095
0
LINE
8
BLACK
6
CONTINUOUS
10
0.6245353543307086
20
0.1535922047244095
11
0.6245076771653543
21
0.1536402362204724
0
LINE
8
BLACK
6
CONTINUOUS
10
0.6245076771653543
20
0.1536402362204724
11
0.6245353543307086
21
0.1540551968503937
0
LINE
8
BLACK
6
CONTINUOUS
10
0.6245353543307086
20
0.1540551968503937
11
0.6245353543307086
21
0.1544706299212598
0
LINE
8
BLACK
6
CONTINUOUS
10
0.6245353543307086
20
0.1544706299212598
11
0.6245650393700787
21
0.1545003543307087
0
LINE
8
BLACK
6
CONTINUOUS
10
0.6245650393700787
20
0.1545003543307087
11
0.6245678346456692
21
0.1545421653543307
0
LINE
8
BLACK
6
CONTINUOUS
10
0.6245678346456692
20
0.1545421653543307
11
0.6248803937007874
21
0.1548157086614173
0
LINE
8
BLACK
6
CONTINUOUS
10
0.6248803937007874
20
0.1548157086614173
11
0.6251745275590551
21
0.1551098031496063
0
LINE
8
BLACK
6
CONTINUOUS
10
0.6251745275590551
20
0.1551098031496063
11
0.6252288582677166
21
0.1551206299212598
0
LINE
8
BLACK
6
CONTINUOUS
10
0.6252288582677166
20
0.1551206299212598
11
0.6252481496062992
21
0.1551374803149606
0
LINE
8
BLACK
6
CONTINUOUS
10
0.6252481496062992
20
0.1551374803149606
11
0.6252972047244094
21
0.1551342125984252
0
LINE
8
BLACK
6
CONTINUOUS
10
0.6252972047244094
20
0.1551342125984252
11
0.6256265354330709
21
0.1551997244094488
0
LINE
8
BLACK
6
CONTINUOUS
10
0.6256265354330709
20
0.1551997244094488
11
0.6353753149606299
21
0.1551997244094488
0
LINE
8
BLACK
6
CONTINUOUS
10
0.6353753149606299
20
0.1551997244094488
11
0.6358273228346456
21
0.1551098031496063
0
LINE
8
BLACK
6
CONTINUOUS
10
0.6453099606299213
20
0.1551627559055118
11
0.6454975984251968
21
0.155139094488189
0
LINE
8
BLACK
6
CONTINUOUS
10
0.6454975984251968
20
0.155139094488189
11
0.6477473228346456
21
0.1543891732283464
0
LINE
8
BLACK
6
CONTINUOUS
10
0.6477473228346456
20
0.1543891732283464
11
0.6477987007874015
21
0.1543598818897638
0
LINE
8
BLACK
6
CONTINUOUS
10
0.6477987007874015
20
0.1543598818897638
11
0.6478257874015748
21
0.1543598818897638
0
LINE
8
BLACK
6
CONTINUOUS
10
0.6478257874015748
20
0.1543598818897638
11
0.647983188976378
21
0.1542547244094488
0
LINE
8
BLACK
6
CONTINUOUS
10
0.647983188976378
20
0.1542547244094488
11
0.6481476771653543
21
0.1541609448818897
0
LINE
8
BLACK
6
CONTINUOUS
10
0.6481476771653543
20
0.1541609448818897
11
0.6481597637795276
21
0.1541367322834646
0
LINE
8
BLACK
6
CONTINUOUS
10
0.6481597637795276
20
0.1541367322834646
11
0.6482089763779527
21
0.1541038582677165
0
LINE
8
BLACK
6
CONTINUOUS
10
0.6482089763779527
20
0.1541038582677165
11
0.649708779527559
21
0.152604094488189
0
LINE
8
BLACK
6
CONTINUOUS
10
0.649708779527559
20
0.152604094488189
11
0.6498138976377953
21
0.1524467322834646
0
LINE
8
BLACK
6
CONTINUOUS
10
0.6498138976377953
20
0.1524467322834646
11
0.6499300393700788
21
0.1522970866141732
0
LINE
8
BLACK
6
CONTINUOUS
10
0.6499300393700788
20
0.1522970866141732
11
0.6506799212598425
21
0.1507972834645669
0
LINE
8
BLACK
6
CONTINUOUS
10
0.6506799212598425
20
0.1507972834645669
11
0.6507140551181102
21
0.1506725196850394
0
LINE
8
BLACK
6
CONTINUOUS
10
0.6507140551181102
20
0.1506725196850394
11
0.6507693307086614
21
0.1505555511811024
0
LINE
8
BLACK
6
CONTINUOUS
10
0.6507693307086614
20
0.1505555511811024
11
0.6515192519685039
21
0.147555905511811
0
LINE
8
BLACK
6
CONTINUOUS
10
0.6515192519685039
20
0.147555905511811
11
0.6515262598425197
21
0.1474114566929134
0
LINE
8
BLACK
6
CONTINUOUS
10
0.6515262598425197
20
0.1474114566929134
11
0.6515545275590551
21
0.1472694488188976
0
LINE
8
BLACK
6
CONTINUOUS
10
0.6515545275590551
20
0.1472694488188976
11
0.6515545275590551
21
0.1450197244094488
0
LINE
8
BLACK
6
CONTINUOUS
10
0.6515545275590551
20
0.1450197244094488
11
0.6515262598425197
21
0.1448777559055118
0
LINE
8
BLACK
6
CONTINUOUS
10
0.6515262598425197
20
0.1448777559055118
11
0.6515192519685039
21
0.1447332677165354
0
LINE
8
BLACK
6
CONTINUOUS
10
0.6515192519685039
20
0.1447332677165354
11
0.6507693307086614
21
0.1417336614173228
0
LINE
8
BLACK
6
CONTINUOUS
10
0.6507693307086614
20
0.1417336614173228
11
0.6507140551181102
21
0.1416167322834646
0
LINE
8
BLACK
6
CONTINUOUS
10
0.6507140551181102
20
0.1416167322834646
11
0.6506799212598425
21
0.1414919291338583
0
LINE
8
BLACK
6
CONTINUOUS
10
0.6506799212598425
20
0.1414919291338583
11
0.6499300393700788
21
0.139992125984252
0
LINE
8
BLACK
6
CONTINUOUS
10
0.6499300393700788
20
0.139992125984252
11
0.649813779527559
21
0.1398424015748032
0
LINE
8
BLACK
6
CONTINUOUS
10
0.649813779527559
20
0.1398424015748032
11
0.649708779527559
21
0.139685157480315
0
LINE
8
BLACK
6
CONTINUOUS
10
0.649708779527559
20
0.139685157480315
11
0.6482089763779527
21
0.1381853149606299
0
LINE
8
BLACK
6
CONTINUOUS
10
0.6482089763779527
20
0.1381853149606299
11
0.6481597637795276
21
0.1381524803149606
0
LINE
8
BLACK
6
CONTINUOUS
10
0.6481597637795276
20
0.1381524803149606
11
0.6481476771653543
21
0.1381282283464567
0
LINE
8
BLACK
6
CONTINUOUS
10
0.6481476771653543
20
0.1381282283464567
11
0.647983031496063
21
0.1380343700787401
0
LINE
8
BLACK
6
CONTINUOUS
10
0.647983031496063
20
0.1380343700787401
11
0.6478257874015748
21
0.1379292913385827
0
LINE
8
BLACK
6
CONTINUOUS
10
0.6478257874015748
20
0.1379292913385827
11
0.6477987401574803
21
0.1379292913385827
0
LINE
8
BLACK
6
CONTINUOUS
10
0.6477987401574803
20
0.1379292913385827
11
0.6477473228346456
21
0.1378999606299213
0
LINE
8
BLACK
6
CONTINUOUS
10
0.6477473228346456
20
0.1378999606299213
11
0.6454975984251968
21
0.1371500787401575
0
LINE
8
BLACK
6
CONTINUOUS
10
0.6454975984251968
20
0.1371500787401575
11
0.64530968503937
21
0.1371264173228346
0
LINE
8
BLACK
6
CONTINUOUS
10
0.64530968503937
20
0.1371264173228346
11
0.645124094488189
21
0.1370894881889764
0
LINE
8
BLACK
6
CONTINUOUS
10
0.645124094488189
20
0.1370894881889764
11
0.6436242519685039
21
0.1370894881889764
0
LINE
8
BLACK
6
CONTINUOUS
10
0.6436242519685039
20
0.1370894881889764
11
0.6434386220472441
21
0.1371264173228346
0
LINE
8
BLACK
6
CONTINUOUS
10
0.6434386220472441
20
0.1371264173228346
11
0.6432507480314961
21
0.1371500787401575
0
LINE
8
BLACK
6
CONTINUOUS
10
0.6432507480314961
20
0.1371500787401575
11
0.641001062992126
21
0.1378999606299213
0
LINE
8
BLACK
6
CONTINUOUS
10
0.641001062992126
20
0.1378999606299213
11
0.6409496850393701
21
0.1379292519685039
0
LINE
8
BLACK
6
CONTINUOUS
10
0.6409496850393701
20
0.1379292519685039
11
0.6409225984251968
21
0.1379292519685039
0
LINE
8
BLACK
6
CONTINUOUS
10
0.6409225984251968
20
0.1379292519685039
11
0.6407650787401574
21
0.1380345275590551
0
LINE
8
BLACK
6
CONTINUOUS
10
0.6407650787401574
20
0.1380345275590551
11
0.6406007086614173
21
0.1381282283464567
0
LINE
8
BLACK
6
CONTINUOUS
10
0.6406007086614173
20
0.1381282283464567
11
0.6405885826771653
21
0.1381524803149606
0
LINE
8
BLACK
6
CONTINUOUS
10
0.6405885826771653
20
0.1381524803149606
11
0.6405394094488189
21
0.1381853149606299
0
LINE
8
BLACK
6
CONTINUOUS
10
0.6405394094488189
20
0.1381853149606299
11
0.6397894881889764
21
0.1389352362204724
0
LINE
8
BLACK
6
CONTINUOUS
10
0.6397894881889764
20
0.1389352362204724
11
0.6395334645669292
21
0.1393184251968504
0
LINE
8
BLACK
6
CONTINUOUS
10
0.6395334645669292
20
0.1393184251968504
11
0.6395334645669292
21
0.1402223622047244
0
LINE
8
BLACK
6
CONTINUOUS
10
0.6395334645669292
20
0.1402223622047244
11
0.6401726771653543
21
0.1408615748031496
0
LINE
8
BLACK
6
CONTINUOUS
10
0.6401726771653543
20
0.1408615748031496
11
0.6410766141732284
21
0.1408615748031496
0
LINE
8
BLACK
6
CONTINUOUS
10
0.6410766141732284
20
0.1408615748031496
11
0.6414598031496063
21
0.1406055511811024
0
LINE
8
BLACK
6
CONTINUOUS
10
0.6414598031496063
20
0.1406055511811024
11
0.6420124803149606
21
0.140052874015748
0
LINE
8
BLACK
6
CONTINUOUS
10
0.6420124803149606
20
0.140052874015748
11
0.6438159842519685
21
0.1394516929133858
0
LINE
8
BLACK
6
CONTINUOUS
10
0.6438159842519685
20
0.1394516929133858
11
0.6449323622047244
21
0.1394516929133858
0
LINE
8
BLACK
6
CONTINUOUS
10
0.6449323622047244
20
0.1394516929133858
11
0.6467358267716535
21
0.1400528346456693
0
LINE
8
BLACK
6
CONTINUOUS
10
0.6467358267716535
20
0.1400528346456693
11
0.6479029133858267
21
0.14122
0
LINE
8
BLACK
6
CONTINUOUS
10
0.6479029133858267
20
0.14122
11
0.6485091338582677
21
0.1424324015748031
0
LINE
8
BLACK
6
CONTINUOUS
10
0.6485091338582677
20
0.1424324015748031
11
0.6491923228346457
21
0.1451651181102362
0
LINE
8
BLACK
6
CONTINUOUS
10
0.6491923228346457
20
0.1451651181102362
11
0.6491923228346457
21
0.147124094488189
0
LINE
8
BLACK
6
CONTINUOUS
10
0.6491923228346457
20
0.147124094488189
11
0.6485090944881889
21
0.1498568503937008
0
LINE
8
BLACK
6
CONTINUOUS
10
0.6485090944881889
20
0.1498568503937008
11
0.6479029133858267
21
0.1510692519685039
0
LINE
8
BLACK
6
CONTINUOUS
10
0.6479029133858267
20
0.1510692519685039
11
0.6467357874015748
21
0.1522364173228346
0
LINE
8
BLACK
6
CONTINUOUS
10
0.6467357874015748
20
0.1522364173228346
11
0.6449324803149606
21
0.1528375196850394
0
LINE
8
BLACK
6
CONTINUOUS
10
0.6449324803149606
20
0.1528375196850394
11
0.6438158661417323
21
0.1528375196850394
0
LINE
8
BLACK
6
CONTINUOUS
10
0.6438158661417323
20
0.1528375196850394
11
0.6420125590551181
21
0.1522364173228346
0
LINE
8
BLACK
6
CONTINUOUS
10
0.6420125590551181
20
0.1522364173228346
11
0.6414598031496063
21
0.1516836220472441
0
LINE
8
BLACK
6
CONTINUOUS
10
0.6414598031496063
20
0.1516836220472441
11
0.6410765748031496
21
0.1514275984251968
0
LINE
8
BLACK
6
CONTINUOUS
10
0.6410765748031496
20
0.1514275984251968
11
0.6401726377952756
21
0.1514276377952756
0
LINE
8
BLACK
6
CONTINUOUS
10
0.6401726377952756
20
0.1514276377952756
11
0.6395334251968504
21
0.1520668897637795
0
LINE
8
BLACK
6
CONTINUOUS
10
0.6395334251968504
20
0.1520668897637795
11
0.6395334645669292
21
0.1529708267716536
0
LINE
8
BLACK
6
CONTINUOUS
10
0.6395334645669292
20
0.1529708267716536
11
0.6397894881889764
21
0.1533540157480315
0
LINE
8
BLACK
6
CONTINUOUS
10
0.6397894881889764
20
0.1533540157480315
11
0.6405394094488189
21
0.1541038976377953
0
LINE
8
BLACK
6
CONTINUOUS
10
0.6405394094488189
20
0.1541038976377953
11
0.6405885433070866
21
0.1541367716535433
0
LINE
8
BLACK
6
CONTINUOUS
10
0.6405885433070866
20
0.1541367716535433
11
0.6406006692913385
21
0.1541609448818897
0
LINE
8
BLACK
6
CONTINUOUS
10
0.6406006692913385
20
0.1541609448818897
11
0.6407650393700787
21
0.1542546850393701
0
LINE
8
BLACK
6
CONTINUOUS
10
0.6407650393700787
20
0.1542546850393701
11
0.6409226377952756
21
0.1543599212598425
0
LINE
8
BLACK
6
CONTINUOUS
10
0.6409226377952756
20
0.1543599212598425
11
0.6409497244094488
21
0.1543599212598425
0
LINE
8
BLACK
6
CONTINUOUS
10
0.6409497244094488
20
0.1543599212598425
11
0.641001062992126
21
0.1543891732283464
0
LINE
8
BLACK
6
CONTINUOUS
10
0.641001062992126
20
0.1543891732283464
11
0.6432507480314961
21
0.155139094488189
0
LINE
8
BLACK
6
CONTINUOUS
10
0.6432507480314961
20
0.155139094488189
11
0.6434383464566928
21
0.1551627559055118
0
LINE
8
BLACK
6
CONTINUOUS
10
0.6434383464566928
20
0.1551627559055118
11
0.6436242519685039
21
0.1551997244094488
0
LINE
8
BLACK
6
CONTINUOUS
10
0.6436242519685039
20
0.1551997244094488
11
0.645124094488189
21
0.1551997244094488
0
LINE
8
BLACK
6
CONTINUOUS
10
0.645124094488189
20
0.1551997244094488
11
0.6453099606299213
21
0.1551627559055118
0
LINE
8
BLACK
6
CONTINUOUS
10
0.6702493700787402
20
0.1629997637795275
11
0.6713147244094488
21
0.1619344094488189
0
LINE
8
BLACK
6
CONTINUOUS
10
0.6713147244094488
20
0.1619344094488189
11
0.6714645669291338
21
0.1611811023622047
0
LINE
8
BLACK
6
CONTINUOUS
10
0.6714645669291338
20
0.1611811023622047
11
0.6714645669291338
21
0.1296850393700787
0
LINE
8
BLACK
6
CONTINUOUS
10
0.6714645669291338
20
0.1296850393700787
11
0.6713147244094488
21
0.1289317322834646
0
LINE
8
BLACK
6
CONTINUOUS
10
0.6713147244094488
20
0.1289317322834646
11
0.6702493700787402
21
0.1278663779527559
0
LINE
8
BLACK
6
CONTINUOUS
10
0.6702493700787402
20
0.1278663779527559
11
0.6694960629921259
21
0.1277165354330709
0
LINE
8
BLACK
6
CONTINUOUS
10
0.6694960629921259
20
0.1277165354330709
11
0.606503937007874
21
0.1277165354330709
0
LINE
8
BLACK
6
CONTINUOUS
10
0.606503937007874
20
0.1277165354330709
11
0.6057506299212598
21
0.1278663779527559
0
LINE
8
BLACK
6
CONTINUOUS
10
0.6057506299212598
20
0.1278663779527559
11
0.6046852755905512
21
0.1289317322834646
0
LINE
8
BLACK
6
CONTINUOUS
10
0.6046852755905512
20
0.1289317322834646
11
0.6045354330708661
21
0.1296850393700787
0
LINE
8
BLACK
6
CONTINUOUS
10
0.6045354330708661
20
0.1296850393700787
11
0.6045354330708661
21
0.1611811023622047
0
LINE
8
BLACK
6
CONTINUOUS
10
0.6045354330708661
20
0.1611811023622047
11
0.6046852755905512
21
0.1619344094488189
0
LINE
8
BLACK
6
CONTINUOUS
10
0.6046852755905512
20
0.1619344094488189
11
0.6057506299212598
21
0.1629997637795275
0
LINE
8
BLACK
6
CONTINUOUS
10
0.6057506299212598
20
0.1629997637795275
11
0.606503937007874
21
0.1631496062992126
0
LINE
8
BLACK
6
CONTINUOUS
10
0.606503937007874
20
0.1631496062992126
11
0.6694960629921259
21
0.1631496062992126
0
LINE
8
BLACK
6
CONTINUOUS
10
0.6694960629921259
20
0.1631496062992126
11
0.6702493700787402
21
0.1629997637795275
0
LINE
8
BLACK
6
CONTINUOUS
10
0.6084724409448818
20
0.1592125984251968
11
0.6084724409448818
21
0.1316535433070866
0
LINE
8
BLACK
6
CONTINUOUS
10
0.6084724409448818
20
0.1316535433070866
11
0.6675275590551181
21
0.1316535433070866
0
LINE
8
BLACK
6
CONTINUOUS
10
0.6675275590551181
20
0.1316535433070866
11
0.6675275590551181
21
0.1592125984251968
0
LINE
8
BLACK
6
CONTINUOUS
10
0.6675275590551181
20
0.1592125984251968
11
0.6084724409448818
21
0.1592125984251968
0
LINE
8
BLACK
6
CONTINUOUS
10
0.4888061811023622
20
0.1770242913385827
11
0.4890920472440945
21
0.1761667716535433
0
LINE
8
BLACK
6
CONTINUOUS
10
0.4890920472440945
20
0.1761667716535433
11
0.4889703149606299
21
0.1757222834645669
0
LINE
8
BLACK
6
CONTINUOUS
10
0.4889703149606299
20
0.1757222834645669
11
0.4882203937007874
21
0.1742224409448819
0
LINE
8
BLACK
6
CONTINUOUS
10
0.4882203937007874
20
0.1742224409448819
11
0.4881042519685039
21
0.174072874015748
0
LINE
8
BLACK
6
CONTINUOUS
10
0.4881042519685039
20
0.174072874015748
11
0.4879991338582677
21
0.1739154724409449
0
LINE
8
BLACK
6
CONTINUOUS
10
0.4879991338582677
20
0.1739154724409449
11
0.4870157480314961
21
0.172932125984252
0
LINE
8
BLACK
6
CONTINUOUS
10
0.4870157480314961
20
0.172932125984252
11
0.4979813779527559
21
0.172932125984252
0
LINE
8
BLACK
6
CONTINUOUS
10
0.4979813779527559
20
0.172932125984252
11
0.4979813779527559
21
0.1762504724409449
0
LINE
8
BLACK
6
CONTINUOUS
10
0.4979813779527559
20
0.1762504724409449
11
0.4980712992125984
21
0.1767024803149606
0
LINE
8
BLACK
6
CONTINUOUS
10
0.4980712992125984
20
0.1767024803149606
11
0.4987104724409449
21
0.1773416535433071
0
LINE
8
BLACK
6
CONTINUOUS
10
0.4987104724409449
20
0.1773416535433071
11
0.4996144881889764
21
0.1773416535433071
0
LINE
8
BLACK
6
CONTINUOUS
10
0.4996144881889764
20
0.1773416535433071
11
0.5002536614173229
21
0.1767024803149606
0
LINE
8
BLACK
6
CONTINUOUS
10
0.5002536614173229
20
0.1767024803149606
11
0.5003435826771654
21
0.1762504724409449
0
LINE
8
BLACK
6
CONTINUOUS
10
0.5003435826771654
20
0.1762504724409449
11
0.5003435826771654
21
0.1672516141732283
0
LINE
8
BLACK
6
CONTINUOUS
10
0.5003435826771654
20
0.1672516141732283
11
0.5002536614173229
21
0.1667996062992126
0
LINE
8
BLACK
6
CONTINUOUS
10
0.5002536614173229
20
0.1667996062992126
11
0.4996144881889764
21
0.1661604330708661
0
LINE
8
BLACK
6
CONTINUOUS
10
0.4996144881889764
20
0.1661604330708661
11
0.4987104724409449
21
0.1661604330708661
0
LINE
8
BLACK
6
CONTINUOUS
10
0.4987104724409449
20
0.1661604330708661
11
0.4980712992125984
21
0.1667996062992126
0
LINE
8
BLACK
6
CONTINUOUS
10
0.4980712992125984
20
0.1667996062992126
11
0.4979813779527559
21
0.1672516141732283
0
LINE
8
BLACK
6
CONTINUOUS
10
0.4979813779527559
20
0.1672516141732283
11
0.4979813779527559
21
0.1705699212598425
0
LINE
8
BLACK
6
CONTINUOUS
10
0.4979813779527559
20
0.1705699212598425
11
0.4834144488188976
21
0.1705699212598425
0
LINE
8
BLACK
6
CONTINUOUS
10
0.4834144488188976
20
0.1705699212598425
11
0.4829624409448819
21
0.170659842519685
0
LINE
8
BLACK
6
CONTINUOUS
10
0.4829624409448819
20
0.170659842519685
11
0.4828764566929133
21
0.1707458267716535
0
LINE
8
BLACK
6
CONTINUOUS
10
0.4828764566929133
20
0.1707458267716535
11
0.4827572834645669
21
0.1707696456692913
0
LINE
8
BLACK
6
CONTINUOUS
10
0.4827572834645669
20
0.1707696456692913
11
0.4825664960629921
21
0.1710557874015748
0
LINE
8
BLACK
6
CONTINUOUS
10
0.4825664960629921
20
0.1710557874015748
11
0.4823232677165354
21
0.1712990157480315
0
LINE
8
BLACK
6
CONTINUOUS
10
0.4823232677165354
20
0.1712990157480315
11
0.4823232677165354
21
0.1714206299212598
0
LINE
8
BLACK
6
CONTINUOUS
10
0.4823232677165354
20
0.1714206299212598
11
0.4822557874015748
21
0.171521811023622
0
LINE
8
BLACK
6
CONTINUOUS
10
0.4822557874015748
20
0.171521811023622
11
0.4823232677165354
21
0.1718592125984252
0
LINE
8
BLACK
6
CONTINUOUS
10
0.4823232677165354
20
0.1718592125984252
11
0.4823232677165354
21
0.172203031496063
0
LINE
8
BLACK
6
CONTINUOUS
10
0.4823232677165354
20
0.172203031496063
11
0.4824092125984252
21
0.1722890157480315
0
LINE
8
BLACK
6
CONTINUOUS
10
0.4824092125984252
20
0.1722890157480315
11
0.4824330708661417
21
0.1724081889763779
0
LINE
8
BLACK
6
CONTINUOUS
10
0.4824330708661417
20
0.1724081889763779
11
0.4827592913385826
21
0.1727337401574803
0
LINE
8
BLACK
6
CONTINUOUS
10
0.4827592913385826
20
0.1727337401574803
11
0.4849117716535433
21
0.1741688188976378
0
LINE
8
BLACK
6
CONTINUOUS
10
0.4849117716535433
20
0.1741688188976378
11
0.4861932677165354
21
0.1754503149606299
0
LINE
8
BLACK
6
CONTINUOUS
10
0.4861932677165354
20
0.1754503149606299
11
0.4868574803149606
21
0.1767787007874016
0
LINE
8
BLACK
6
CONTINUOUS
10
0.4868574803149606
20
0.1767787007874016
11
0.4871400787401575
21
0.1771427559055118
0
LINE
8
BLACK
6
CONTINUOUS
10
0.4871400787401575
20
0.1771427559055118
11
0.4879975984251969
21
0.1774286220472441
0
LINE
8
BLACK
6
CONTINUOUS
10
0.4879975984251969
20
0.1774286220472441
11
0.4888061811023622
21
0.1770242913385827
0
LINE
8
BLACK
6
CONTINUOUS
10
0.496220905511811
20
0.1931680708661417
11
0.4962465748031496
21
0.1931766141732283
0
LINE
8
BLACK
6
CONTINUOUS
10
0.4962465748031496
20
0.1931766141732283
11
0.4964290551181103
21
0.1931266535433071
0
LINE
8
BLACK
6
CONTINUOUS
10
0.4964290551181103
20
0.1931266535433071
11
0.4966148818897638
21
0.1930896850393701
0
LINE
8
BLACK
6
CONTINUOUS
10
0.4966148818897638
20
0.1930896850393701
11
0.4966340157480315
21
0.1930705511811024
0
LINE
8
BLACK
6
CONTINUOUS
10
0.4966340157480315
20
0.1930705511811024
11
0.496691062992126
21
0.1930549212598425
0
LINE
8
BLACK
6
CONTINUOUS
10
0.496691062992126
20
0.1930549212598425
11
0.4981908661417322
21
0.1923050393700787
0
LINE
8
BLACK
6
CONTINUOUS
10
0.4981908661417322
20
0.1923050393700787
11
0.4983404724409449
21
0.1921888976377953
0
LINE
8
BLACK
6
CONTINUOUS
10
0.4983404724409449
20
0.1921888976377953
11
0.4984978346456693
21
0.1920837795275591
0
LINE
8
BLACK
6
CONTINUOUS
10
0.4984978346456693
20
0.1920837795275591
11
0.4992477559055118
21
0.1913338582677165
0
LINE
8
BLACK
6
CONTINUOUS
10
0.4992477559055118
20
0.1913338582677165
11
0.499352874015748
21
0.1911765354330709
0
LINE
8
BLACK
6
CONTINUOUS
10
0.499352874015748
20
0.1911765354330709
11
0.4994690157480315
21
0.1910268897637795
0
LINE
8
BLACK
6
CONTINUOUS
10
0.4994690157480315
20
0.1910268897637795
11
0.5002188976377953
21
0.1895270866141732
0
LINE
8
BLACK
6
CONTINUOUS
10
0.5002188976377953
20
0.1895270866141732
11
0.5002344881889763
21
0.1894700787401575
0
LINE
8
BLACK
6
CONTINUOUS
10
0.5002344881889763
20
0.1894700787401575
11
0.5002536614173229
21
0.189450905511811
0
LINE
8
BLACK
6
CONTINUOUS
10
0.5002536614173229
20
0.189450905511811
11
0.5002905905511811
21
0.1892651181102362
0
LINE
8
BLACK
6
CONTINUOUS
10
0.5002905905511811
20
0.1892651181102362
11
0.5003405905511811
21
0.1890825984251968
0
LINE
8
BLACK
6
CONTINUOUS
10
0.5003405905511811
20
0.1890825984251968
11
0.5003320078740158
21
0.189056968503937
0
LINE
8
BLACK
6
CONTINUOUS
10
0.5003320078740158
20
0.189056968503937
11
0.5003435826771654
21
0.1889988976377953
0
LINE
8
BLACK
6
CONTINUOUS
10
0.5003435826771654
20
0.1889988976377953
11
0.5003435826771654
21
0.1859992519685039
0
LINE
8
BLACK
6
CONTINUOUS
10
0.5003435826771654
20
0.1859992519685039
11
0.5003320078740158
21
0.1859412204724409
0
LINE
8
BLACK
6
CONTINUOUS
10
0.5003320078740158
20
0.1859412204724409
11
0.5003405905511811
21
0.1859155511811024
0
LINE
8
BLACK
6
CONTINUOUS
10
0.5003405905511811
20
0.1859155511811024
11
0.5002905905511811
21
0.1857330708661417
0
LINE
8
BLACK
6
CONTINUOUS
10
0.5002905905511811
20
0.1857330708661417
11
0.5002536614173229
21
0.1855472440944882
0
LINE
8
BLACK
6
CONTINUOUS
10
0.5002536614173229
20
0.1855472440944882
11
0.5002344881889763
21
0.1855281102362205
0
LINE
8
BLACK
6
CONTINUOUS
10
0.5002344881889763
20
0.1855281102362205
11
0.5002188976377953
21
0.185471062992126
0
LINE
8
BLACK
6
CONTINUOUS
10
0.5002188976377953
20
0.185471062992126
11
0.4994690157480315
21
0.1839712598425197
0
LINE
8
BLACK
6
CONTINUOUS
10
0.4994690157480315
20
0.1839712598425197
11
0.4993527952755906
21
0.1838215354330709
0
LINE
8
BLACK
6
CONTINUOUS
10
0.4993527952755906
20
0.1838215354330709
11
0.499247716535433
21
0.1836642519685039
0
LINE
8
BLACK
6
CONTINUOUS
10
0.499247716535433
20
0.1836642519685039
11
0.4984978346456693
21
0.1829143700787401
0
LINE
8
BLACK
6
CONTINUOUS
10
0.4984978346456693
20
0.1829143700787401
11
0.4983403543307087
21
0.1828092125984252
0
LINE
8
BLACK
6
CONTINUOUS
10
0.4983403543307087
20
0.1828092125984252
11
0.498190905511811
21
0.1826931496062992
0
LINE
8
BLACK
6
CONTINUOUS
10
0.498190905511811
20
0.1826931496062992
11
0.4966911023622047
21
0.1819432283464567
0
LINE
8
BLACK
6
CONTINUOUS
10
0.4966911023622047
20
0.1819432283464567
11
0.4966340157480315
21
0.1819276377952756
0
LINE
8
BLACK
6
CONTINUOUS
10
0.4966340157480315
20
0.1819276377952756
11
0.4966148818897638
21
0.1819084645669291
0
LINE
8
BLACK
6
CONTINUOUS
10
0.4966148818897638
20
0.1819084645669291
11
0.4964290944881889
21
0.1818715354330709
0
LINE
8
BLACK
6
CONTINUOUS
10
0.4964290944881889
20
0.1818715354330709
11
0.4962465748031496
21
0.1818215354330709
0
LINE
8
BLACK
6
CONTINUOUS
10
0.4962465748031496
20
0.1818215354330709
11
0.496220905511811
21
0.1818301181102362
0
LINE
8
BLACK
6
CONTINUOUS
10
0.496220905511811
20
0.1818301181102362
11
0.496162874015748
21
0.1818185433070866
0
LINE
8
BLACK
6
CONTINUOUS
10
0.496162874015748
20
0.1818185433070866
11
0.4834144488188976
21
0.1818185433070866
0
LINE
8
BLACK
6
CONTINUOUS
10
0.4834144488188976
20
0.1818185433070866
11
0.4829624409448819
21
0.1819084645669291
0
LINE
8
BLACK
6
CONTINUOUS
10
0.4829624409448819
20
0.1819084645669291
11
0.4823232677165354
21
0.1825476377952756
0
LINE
8
BLACK
6
CONTINUOUS
10
0.4823232677165354
20
0.1825476377952756
11
0.4823232677165354
21
0.1834516535433071
0
LINE
8
BLACK
6
CONTINUOUS
10
0.4823232677165354
20
0.1834516535433071
11
0.4829624409448819
21
0.1840908267716535
0
LINE
8
BLACK
6
CONTINUOUS
10
0.4829624409448819
20
0.1840908267716535
11
0.4834144488188976
21
0.1841807480314961
0
LINE
8
BLACK
6
CONTINUOUS
10
0.4834144488188976
20
0.1841807480314961
11
0.4958840157480315
21
0.1841807480314961
0
LINE
8
BLACK
6
CONTINUOUS
10
0.4958840157480315
20
0.1841807480314961
11
0.4969629921259842
21
0.1847202755905512
0
LINE
8
BLACK
6
CONTINUOUS
10
0.4969629921259842
20
0.1847202755905512
11
0.4974419291338583
21
0.1851991732283464
0
LINE
8
BLACK
6
CONTINUOUS
10
0.4974419291338583
20
0.1851991732283464
11
0.4979813779527559
21
0.1862780708661417
0
LINE
8
BLACK
6
CONTINUOUS
10
0.4979813779527559
20
0.1862780708661417
11
0.4979813779527559
21
0.1887201181102362
0
LINE
8
BLACK
6
CONTINUOUS
10
0.4979813779527559
20
0.1887201181102362
11
0.4974418503937008
21
0.1897991338582677
0
LINE
8
BLACK
6
CONTINUOUS
10
0.4974418503937008
20
0.1897991338582677
11
0.4969630708661417
21
0.1902779133858268
0
LINE
8
BLACK
6
CONTINUOUS
10
0.4969630708661417
20
0.1902779133858268
11
0.4958840551181102
21
0.1908174015748031
0
LINE
8
BLACK
6
CONTINUOUS
10
0.4958840551181102
20
0.1908174015748031
11
0.4834144488188976
21
0.1908174015748031
0
LINE
8
BLACK
6
CONTINUOUS
10
0.4834144488188976
20
0.1908174015748031
11
0.4829624409448819
21
0.1909073228346457
0
LINE
8
BLACK
6
CONTINUOUS
10
0.4829624409448819
20
0.1909073228346457
11
0.4823232677165354
21
0.1915464960629921
0
LINE
8
BLACK
6
CONTINUOUS
10
0.4823232677165354
20
0.1915464960629921
11
0.4823232677165354
21
0.1924505118110236
0
LINE
8
BLACK
6
CONTINUOUS
10
0.4823232677165354
20
0.1924505118110236
11
0.4829624409448819
21
0.1930896850393701
0
LINE
8
BLACK
6
CONTINUOUS
10
0.4829624409448819
20
0.1930896850393701
11
0.4834144488188976
21
0.1931796062992126
0
LINE
8
BLACK
6
CONTINUOUS
10
0.4834144488188976
20
0.1931796062992126
11
0.496162874015748
21
0.1931796062992126
0
LINE
8
BLACK
6
CONTINUOUS
10
0.496162874015748
20
0.1931796062992126
11
0.496220905511811
21
0.1931680708661417
0
LINE
8
BLACK
6
CONTINUOUS
10
0.5498399212598425
20
0.2133147244094488
11
0.5509052755905511
21
0.2122493700787401
0
LINE
8
BLACK
6
CONTINUOUS
10
0.5509052755905511
20
0.2122493700787401
11
0.5510551181102362
21
0.211496062992126
0
LINE
8
BLACK
6
CONTINUOUS
10
0.5510551181102362
20
0.211496062992126
11
0.5510551181102362
21
0.164251968503937
0
LINE
8
BLACK
6
CONTINUOUS
10
0.5510551181102362
20
0.164251968503937
11
0.5509052755905511
21
0.1634986614173228
0
LINE
8
BLACK
6
CONTINUOUS
10
0.5509052755905511
20
0.1634986614173228
11
0.5509052755905511
21
0.1634986220472441
0
LINE
8
BLACK
6
CONTINUOUS
10
0.5509052755905511
20
0.1634986220472441
11
0.5504785433070866
21
0.16286
0
LINE
8
BLACK
6
CONTINUOUS
10
0.5504785433070866
20
0.16286
11
0.5347305118110236
21
0.1471120078740157
0
LINE
8
BLACK
6
CONTINUOUS
10
0.5347305118110236
20
0.1471120078740157
11
0.5340918897637795
21
0.1466852755905512
0
LINE
8
BLACK
6
CONTINUOUS
10
0.5340918897637795
20
0.1466852755905512
11
0.5333385826771654
21
0.1465354330708661
0
LINE
8
BLACK
6
CONTINUOUS
10
0.5333385826771654
20
0.1465354330708661
11
0.4349133858267716
21
0.1465354330708661
0
LINE
8
BLACK
6
CONTINUOUS
10
0.4349133858267716
20
0.1465354330708661
11
0.4341600787401575
21
0.1466852755905512
0
LINE
8
BLACK
6
CONTINUOUS
10
0.4341600787401575
20
0.1466852755905512
11
0.4330947244094488
21
0.1477506299212598
0
LINE
8
BLACK
6
CONTINUOUS
10
0.4330947244094488
20
0.1477506299212598
11
0.4329448818897638
21
0.148503937007874
0
LINE
8
BLACK
6
CONTINUOUS
10
0.4329448818897638
20
0.148503937007874
11
0.4329448818897638
21
0.211496062992126
0
LINE
8
BLACK
6
CONTINUOUS
10
0.4329448818897638
20
0.211496062992126
11
0.4330947244094488
21
0.2122493700787401
0
LINE
8
BLACK
6
CONTINUOUS
10
0.4330947244094488
20
0.2122493700787401
11
0.4341600787401575
21
0.2133147244094488
0
LINE
8
BLACK
6
CONTINUOUS
10
0.4341600787401575
20
0.2133147244094488
11
0.4349133858267716
21
0.2134645669291338
0
LINE
8
BLACK
6
CONTINUOUS
10
0.4349133858267716
20
0.2134645669291338
11
0.5490866141732283
21
0.2134645669291338
0
LINE
8
BLACK
6
CONTINUOUS
10
0.5490866141732283
20
0.2134645669291338
11
0.5498399212598425
21
0.2133147244094488
0
LINE
8
BLACK
6
CONTINUOUS
10
0.4368818897637795
20
0.2095275590551181
11
0.4368818897637795
21
0.1504724409448819
0
LINE
8
BLACK
6
CONTINUOUS
10
0.4368818897637795
20
0.1504724409448819
11
0.5325232283464567
21
0.1504724409448819
0
LINE
8
BLACK
6
CONTINUOUS
10
0.5325232283464567
20
0.1504724409448819
11
0.5471181102362205
21
0.1650673622047244
0
LINE
8
BLACK
6
CONTINUOUS
10
0.5471181102362205
20
0.1650673622047244
11
0.5471181102362205
21
0.2095275590551181
0
LINE
8
BLACK
6
CONTINUOUS
10
0.5471181102362205
20
0.2095275590551181
11
0.4368818897637795
21
0.2095275590551181
0
LINE
8
BLACK
6
CONTINUOUS
10
0.2584823228346457
20
0.1829548818897638
11
0.2595467322834646
21
0.1825139763779527
0
LINE
8
BLACK
6
CONTINUOUS
10
0.2595467322834646
20
0.1825139763779527
11
0.2603613779527559
21
0.1816993307086614
0
LINE
8
BLACK
6
CONTINUOUS
10
0.2603613779527559
20
0.1816993307086614
11
0.2608022834645669
21
0.1806349212598425
0
LINE
8
BLACK
6
CONTINUOUS
10
0.2608022834645669
20
0.1806349212598425
11
0.2608590157480315
21
0.1800588582677165
0
LINE
8
BLACK
6
CONTINUOUS
10
0.2608590157480315
20
0.1800588582677165
11
0.2608590157480315
21
0.1706850393700787
0
LINE
8
BLACK
6
CONTINUOUS
10
0.2608590157480315
20
0.1706850393700787
11
0.2608302755905512
21
0.1703934645669291
0
LINE
8
BLACK
6
CONTINUOUS
10
0.2608302755905512
20
0.1703934645669291
11
0.2608358267716535
21
0.1703157086614173
0
LINE
8
BLACK
6
CONTINUOUS
10
0.2608358267716535
20
0.1703157086614173
11
0.2608125590551181
21
0.1702134645669291
0
LINE
8
BLACK
6
CONTINUOUS
10
0.2608125590551181
20
0.1702134645669291
11
0.2608022834645669
21
0.1701089763779527
0
LINE
8
BLACK
6
CONTINUOUS
10
0.2608022834645669
20
0.1701089763779527
11
0.2607724015748031
21
0.1700369291338583
0
LINE
8
BLACK
6
CONTINUOUS
10
0.2607724015748031
20
0.1700369291338583
11
0.2607074803149606
21
0.1697512598425197
0
LINE
8
BLACK
6
CONTINUOUS
10
0.2607074803149606
20
0.1697512598425197
11
0.258832716535433
21
0.1641270078740157
0
LINE
8
BLACK
6
CONTINUOUS
10
0.258832716535433
20
0.1641270078740157
11
0.2585967322834646
21
0.1635984251968504
0
LINE
8
BLACK
6
CONTINUOUS
10
0.2585967322834646
20
0.1635984251968504
11
0.2585272440944882
21
0.1635183464566929
0
LINE
8
BLACK
6
CONTINUOUS
10
0.2585272440944882
20
0.1635183464566929
11
0.2584866535433071
21
0.1634202755905512
0
LINE
8
BLACK
6
CONTINUOUS
10
0.2584866535433071
20
0.1634202755905512
11
0.2581194094488189
21
0.1629728346456693
0
LINE
8
BLACK
6
CONTINUOUS
10
0.2581194094488189
20
0.1629728346456693
11
0.254369842519685
21
0.1592233070866142
0
LINE
8
BLACK
6
CONTINUOUS
10
0.254369842519685
20
0.1592233070866142
11
0.2541434645669291
21
0.1590375590551181
0
LINE
8
BLACK
6
CONTINUOUS
10
0.2541434645669291
20
0.1590375590551181
11
0.2540923228346457
21
0.1589785433070866
0
LINE
8
BLACK
6
CONTINUOUS
10
0.2540923228346457
20
0.1589785433070866
11
0.2540033858267716
21
0.1589225984251968
0
LINE
8
BLACK
6
CONTINUOUS
10
0.2540033858267716
20
0.1589225984251968
11
0.2539223622047244
21
0.158856062992126
0
LINE
8
BLACK
6
CONTINUOUS
10
0.2539223622047244
20
0.158856062992126
11
0.2538503149606299
21
0.1588262598425197
0
LINE
8
BLACK
6
CONTINUOUS
10
0.2538503149606299
20
0.1588262598425197
11
0.2536024409448819
21
0.1586701968503937
0
LINE
8
BLACK
6
CONTINUOUS
10
0.2536024409448819
20
0.1586701968503937
11
0.2498529133858268
21
0.1567954330708661
0
LINE
8
BLACK
6
CONTINUOUS
10
0.2498529133858268
20
0.1567954330708661
11
0.2498107874015748
21
0.1567793307086614
0
LINE
8
BLACK
6
CONTINUOUS
10
0.2498107874015748
20
0.1567793307086614
11
0.2497936614173228
21
0.1567666141732283
0
LINE
8
BLACK
6
CONTINUOUS
10
0.2497936614173228
20
0.1567666141732283
11
0.2495516929133858
21
0.1566801968503937
0
LINE
8
BLACK
6
CONTINUOUS
10
0.2495516929133858
20
0.1566801968503937
11
0.2493122834645669
21
0.1565885433070866
0
LINE
8
BLACK
6
CONTINUOUS
10
0.2493122834645669
20
0.1565885433070866
11
0.2492910236220472
21
0.1565870472440945
0
LINE
8
BLACK
6
CONTINUOUS
10
0.2492910236220472
20
0.1565870472440945
11
0.2492485433070866
21
0.1565718503937008
0
LINE
8
BLACK
6
CONTINUOUS
10
0.2492485433070866
20
0.1565718503937008
11
0.2417494881889764
21
0.1546970866141732
0
LINE
8
BLACK
6
CONTINUOUS
10
0.2417494881889764
20
0.1546970866141732
11
0.2416496062992126
21
0.1546823228346457
0
LINE
8
BLACK
6
CONTINUOUS
10
0.2416496062992126
20
0.1546823228346457
11
0.2416094094488189
21
0.1546656692913386
0
LINE
8
BLACK
6
CONTINUOUS
10
0.2416094094488189
20
0.1546656692913386
11
0.2413923622047244
21
0.1546443307086614
0
LINE
8
BLACK
6
CONTINUOUS
10
0.2413923622047244
20
0.1546443307086614
11
0.2411768897637795
21
0.1546124409448819
0
LINE
8
BLACK
6
CONTINUOUS
10
0.2411768897637795
20
0.1546124409448819
11
0.2411338582677165
21
0.1546188582677165
0
LINE
8
BLACK
6
CONTINUOUS
10
0.2411338582677165
20
0.1546188582677165
11
0.2410333464566929
21
0.154608937007874
0
LINE
8
BLACK
6
CONTINUOUS
10
0.2410333464566929
20
0.154608937007874
11
0.2354090551181102
21
0.154608937007874
0
LINE
8
BLACK
6
CONTINUOUS
10
0.2354090551181102
20
0.154608937007874
11
0.2353085039370079
21
0.1546188582677165
0
LINE
8
BLACK
6
CONTINUOUS
10
0.2353085039370079
20
0.1546188582677165
11
0.2352655118110236
21
0.1546124409448819
0
LINE
8
BLACK
6
CONTINUOUS
10
0.2352655118110236
20
0.1546124409448819
11
0.23505
21
0.1546443307086614
0
LINE
8
BLACK
6
CONTINUOUS
10
0.23505
20
0.1546443307086614
11
0.2348329921259842
21
0.1546656692913386
0
LINE
8
BLACK
6
CONTINUOUS
10
0.2348329921259842
20
0.1546656692913386
11
0.2347927559055118
21
0.1546823228346457
0
LINE
8
BLACK
6
CONTINUOUS
10
0.2347927559055118
20
0.1546823228346457
11
0.2346929133858268
21
0.1546970866141732
0
LINE
8
BLACK
6
CONTINUOUS
10
0.2346929133858268
20
0.1546970866141732
11
0.2271938582677165
21
0.1565718503937008
0
LINE
8
BLACK
6
CONTINUOUS
10
0.2271938582677165
20
0.1565718503937008
11
0.2271513385826772
21
0.1565870472440945
0
LINE
8
BLACK
6
CONTINUOUS
10
0.2271513385826772
20
0.1565870472440945
11
0.2271300787401575
21
0.1565885433070866
0
LINE
8
BLACK
6
CONTINUOUS
10
0.2271300787401575
20
0.1565885433070866
11
0.2268903149606299
21
0.1566803149606299
0
LINE
8
BLACK
6
CONTINUOUS
10
0.2268903149606299
20
0.1566803149606299
11
0.2266487401574803
21
0.1567666141732283
0
LINE
8
BLACK
6
CONTINUOUS
10
0.2266487401574803
20
0.1567666141732283
11
0.2266315748031496
21
0.1567793307086614
0
LINE
8
BLACK
6
CONTINUOUS
10
0.2266315748031496
20
0.1567793307086614
11
0.2265894881889764
21
0.1567954330708661
0
LINE
8
BLACK
6
CONTINUOUS
10
0.2265894881889764
20
0.1567954330708661
11
0.2228399606299213
21
0.1586701968503937
0
LINE
8
BLACK
6
CONTINUOUS
10
0.2228399606299213
20
0.1586701968503937
11
0.222592125984252
21
0.1588262204724409
0
LINE
8
BLACK
6
CONTINUOUS
10
0.222592125984252
20
0.1588262204724409
11
0.22252
21
0.158856062992126
0
LINE
8
BLACK
6
CONTINUOUS
10
0.22252
20
0.158856062992126
11
0.2224388188976378
21
0.1589226771653543
0
LINE
8
BLACK
6
CONTINUOUS
10
0.2224388188976378
20
0.1589226771653543
11
0.2223500787401575
21
0.1589785433070866
0
LINE
8
BLACK
6
CONTINUOUS
10
0.2223500787401575
20
0.1589785433070866
11
0.222298937007874
21
0.1590374803149606
0
LINE
8
BLACK
6
CONTINUOUS
10
0.222298937007874
20
0.1590374803149606
11
0.2220725590551181
21
0.1592233070866142
0
LINE
8
BLACK
6
CONTINUOUS
10
0.2220725590551181
20
0.1592233070866142
11
0.218323031496063
21
0.1629728346456693
0
LINE
8
BLACK
6
CONTINUOUS
10
0.218323031496063
20
0.1629728346456693
11
0.2179558267716535
21
0.1634202755905512
0
LINE
8
BLACK
6
CONTINUOUS
10
0.2179558267716535
20
0.1634202755905512
11
0.2179151968503937
21
0.1635183464566929
0
LINE
8
BLACK
6
CONTINUOUS
10
0.2179151968503937
20
0.1635183464566929
11
0.2178457086614173
21
0.1635984645669291
0
LINE
8
BLACK
6
CONTINUOUS
10
0.2178457086614173
20
0.1635984645669291
11
0.2176097244094488
21
0.1641270078740157
0
LINE
8
BLACK
6
CONTINUOUS
10
0.2176097244094488
20
0.1641270078740157
11
0.2157349606299213
21
0.1697512992125984
0
LINE
8
BLACK
6
CONTINUOUS
10
0.2157349606299213
20
0.1697512992125984
11
0.21567
21
0.1700368897637795
0
LINE
8
BLACK
6
CONTINUOUS
10
0.21567
20
0.1700368897637795
11
0.215640157480315
21
0.1701089763779527
0
LINE
8
BLACK
6
CONTINUOUS
10
0.215640157480315
20
0.1701089763779527
11
0.215629842519685
21
0.1702135039370079
0
LINE
8
BLACK
6
CONTINUOUS
10
0.215629842519685
20
0.1702135039370079
11
0.2156066141732284
21
0.1703157480314961
0
LINE
8
BLACK
6
CONTINUOUS
10
0.2156066141732284
20
0.1703157480314961
11
0.215612125984252
21
0.1703935039370079
0
LINE
8
BLACK
6
CONTINUOUS
10
0.215612125984252
20
0.1703935039370079
11
0.2155834251968504
21
0.1706850393700787
0
LINE
8
BLACK
6
CONTINUOUS
10
0.2155834251968504
20
0.1706850393700787
11
0.2155834251968504
21
0.1800588582677165
0
LINE
8
BLACK
6
CONTINUOUS
10
0.2155834251968504
20
0.1800588582677165
11
0.215640157480315
21
0.1806349212598425
0
LINE
8
BLACK
6
CONTINUOUS
10
0.215640157480315
20
0.1806349212598425
11
0.216081062992126
21
0.1816993307086614
0
LINE
8
BLACK
6
CONTINUOUS
10
0.216081062992126
20
0.1816993307086614
11
0.2168957086614173
21
0.1825139763779527
0
LINE
8
BLACK
6
CONTINUOUS
10
0.2168957086614173
20
0.1825139763779527
11
0.2179601181102362
21
0.1829548818897638
0
LINE
8
BLACK
6
CONTINUOUS
10
0.2179601181102362
20
0.1829548818897638
11
0.2185361811023622
21
0.1830116141732283
0
LINE
8
BLACK
6
CONTINUOUS
10
0.2185361811023622
20
0.1830116141732283
11
0.2579062598425197
21
0.1830116141732283
0
LINE
8
BLACK
6
CONTINUOUS
10
0.2579062598425197
20
0.1830116141732283
11
0.2584823228346457
21
0.1829548818897638
0
LINE
8
BLACK
6
CONTINUOUS
10
0.221488937007874
20
0.1711642125984252
11
0.2229917322834646
21
0.1666557874015748
0
LINE
8
BLACK
6
CONTINUOUS
10
0.2229917322834646
20
0.1666557874015748
11
0.2259095669291339
21
0.1637379527559055
0
LINE
8
BLACK
6
CONTINUOUS
10
0.2259095669291339
20
0.1637379527559055
11
0.2289405511811023
21
0.1622224803149606
0
LINE
8
BLACK
6
CONTINUOUS
10
0.2289405511811023
20
0.1622224803149606
11
0.2357725984251968
21
0.1605144488188976
0
LINE
8
BLACK
6
CONTINUOUS
10
0.2357725984251968
20
0.1605144488188976
11
0.2406698031496063
21
0.1605144488188976
0
LINE
8
BLACK
6
CONTINUOUS
10
0.2406698031496063
20
0.1605144488188976
11
0.2475018503937008
21
0.1622224803149606
0
LINE
8
BLACK
6
CONTINUOUS
10
0.2475018503937008
20
0.1622224803149606
11
0.2505328346456693
21
0.1637379921259842
0
LINE
8
BLACK
6
CONTINUOUS
10
0.2505328346456693
20
0.1637379921259842
11
0.2534507086614173
21
0.1666558267716535
0
LINE
8
BLACK
6
CONTINUOUS
10
0.2534507086614173
20
0.1666558267716535
11
0.2549535039370079
21
0.1711641732283465
0
LINE
8
BLACK
6
CONTINUOUS
10
0.2549535039370079
20
0.1711641732283465
11
0.2549535039370079
21
0.1771061023622047
0
LINE
8
BLACK
6
CONTINUOUS
10
0.2549535039370079
20
0.1771061023622047
11
0.221488937007874
21
0.1771061023622047
0
LINE
8
BLACK
6
CONTINUOUS
10
0.221488937007874
20
0.1771061023622047
11
0.221488937007874
21
0.1711642125984252
0
LINE
8
BLACK
6
CONTINUOUS
10
0.638220905511811
20
0.2513146850393701
11
0.6382465748031496
21
0.2513232283464567
0
LINE
8
BLACK
6
CONTINUOUS
10
0.6382465748031496
20
0.2513232283464567
11
0.638429094488189
21
0.2512732677165354
0
LINE
8
BLACK
6
CONTINUOUS
10
0.638429094488189
20
0.2512732677165354
11
0.6386148818897638
21
0.2512362992125984
0
LINE
8
BLACK
6
CONTINUOUS
10
0.6386148818897638
20
0.2512362992125984
11
0.6386340157480315
21
0.2512171653543307
0
LINE
8
BLACK
6
CONTINUOUS
10
0.6386340157480315
20
0.2512171653543307
11
0.6386911023622047
21
0.2512015354330708
0
LINE
8
BLACK
6
CONTINUOUS
10
0.6386911023622047
20
0.2512015354330708
11
0.640190905511811
21
0.2504516141732284
0
LINE
8
BLACK
6
CONTINUOUS
10
0.640190905511811
20
0.2504516141732284
11
0.6403403543307087
21
0.2503355905511811
0
LINE
8
BLACK
6
CONTINUOUS
10
0.6403403543307087
20
0.2503355905511811
11
0.6404978346456692
21
0.2502303937007874
0
LINE
8
BLACK
6
CONTINUOUS
10
0.6404978346456692
20
0.2502303937007874
11
0.6412477165354331
21
0.2494805118110236
0
LINE
8
BLACK
6
CONTINUOUS
10
0.6412477165354331
20
0.2494805118110236
11
0.6413527952755905
21
0.2493232677165354
0
LINE
8
BLACK
6
CONTINUOUS
10
0.6413527952755905
20
0.2493232677165354
11
0.6414690157480315
21
0.2491735039370079
0
LINE
8
BLACK
6
CONTINUOUS
10
0.6414690157480315
20
0.2491735039370079
11
0.6422188976377953
21
0.2476737007874016
0
LINE
8
BLACK
6
CONTINUOUS
10
0.6422188976377953
20
0.2476737007874016
11
0.6422344881889763
21
0.2476166929133858
0
LINE
8
BLACK
6
CONTINUOUS
10
0.6422344881889763
20
0.2476166929133858
11
0.6422536614173229
21
0.2475975196850394
0
LINE
8
BLACK
6
CONTINUOUS
10
0.6422536614173229
20
0.2475975196850394
11
0.6422905905511811
21
0.2474117322834646
0
LINE
8
BLACK
6
CONTINUOUS
10
0.6422905905511811
20
0.2474117322834646
11
0.6423405905511811
21
0.2472292125984252
0
LINE
8
BLACK
6
CONTINUOUS
10
0.6423405905511811
20
0.2472292125984252
11
0.6423320078740158
21
0.2472035826771654
0
LINE
8
BLACK
6
CONTINUOUS
10
0.6423320078740158
20
0.2472035826771654
11
0.6423435826771653
21
0.2471455118110236
0
LINE
8
BLACK
6
CONTINUOUS
10
0.6423435826771653
20
0.2471455118110236
11
0.6423435826771653
21
0.2441458661417323
0
LINE
8
BLACK
6
CONTINUOUS
10
0.6423435826771653
20
0.2441458661417323
11
0.6423320078740158
21
0.2440878346456693
0
LINE
8
BLACK
6
CONTINUOUS
10
0.6423320078740158
20
0.2440878346456693
11
0.6423405905511811
21
0.2440621653543307
0
LINE
8
BLACK
6
CONTINUOUS
10
0.6423405905511811
20
0.2440621653543307
11
0.6422905905511811
21
0.2438796850393701
0
LINE
8
BLACK
6
CONTINUOUS
10
0.6422905905511811
20
0.2438796850393701
11
0.6422536614173229
21
0.2436938582677165
0
LINE
8
BLACK
6
CONTINUOUS
10
0.6422536614173229
20
0.2436938582677165
11
0.6422344881889763
21
0.2436747244094488
0
LINE
8
BLACK
6
CONTINUOUS
10
0.6422344881889763
20
0.2436747244094488
11
0.6422188976377953
21
0.2436176771653543
0
LINE
8
BLACK
6
CONTINUOUS
10
0.6422188976377953
20
0.2436176771653543
11
0.6414690157480315
21
0.242117874015748
0
LINE
8
BLACK
6
CONTINUOUS
10
0.6414690157480315
20
0.242117874015748
11
0.641352874015748
21
0.2419682677165354
0
LINE
8
BLACK
6
CONTINUOUS
10
0.641352874015748
20
0.2419682677165354
11
0.6412477559055118
21
0.241810905511811
0
LINE
8
BLACK
6
CONTINUOUS
10
0.6412477559055118
20
0.241810905511811
11
0.6404978346456692
21
0.2410609842519685
0
LINE
8
BLACK
6
CONTINUOUS
10
0.6404978346456692
20
0.2410609842519685
11
0.6403404724409448
21
0.240955905511811
0
LINE
8
BLACK
6
CONTINUOUS
10
0.6403404724409448
20
0.240955905511811
11
0.6401908661417323
21
0.2408397244094488
0
LINE
8
BLACK
6
CONTINUOUS
10
0.6401908661417323
20
0.2408397244094488
11
0.638691062992126
21
0.240089842519685
0
LINE
8
BLACK
6
CONTINUOUS
10
0.638691062992126
20
0.240089842519685
11
0.6386340157480315
21
0.2400742519685039
0
LINE
8
BLACK
6
CONTINUOUS
10
0.6386340157480315
20
0.2400742519685039
11
0.6386148818897638
21
0.2400550787401575
0
LINE
8
BLACK
6
CONTINUOUS
10
0.6386148818897638
20
0.2400550787401575
11
0.6384290551181102
21
0.2400181496062992
0
LINE
8
BLACK
6
CONTINUOUS
10
0.6384290551181102
20
0.2400181496062992
11
0.6382465748031496
21
0.2399681496062992
0
LINE
8
BLACK
6
CONTINUOUS
10
0.6382465748031496
20
0.2399681496062992
11
0.638220905511811
21
0.2399767322834646
0
LINE
8
BLACK
6
CONTINUOUS
10
0.638220905511811
20
0.2399767322834646
11
0.638162874015748
21
0.239965157480315
0
LINE
8
BLACK
6
CONTINUOUS
10
0.638162874015748
20
0.239965157480315
11
0.6344133464566929
21
0.239965157480315
0
LINE
8
BLACK
6
CONTINUOUS
10
0.6344133464566929
20
0.239965157480315
11
0.6343552755905512
21
0.2399767322834646
0
LINE
8
BLACK
6
CONTINUOUS
10
0.6343552755905512
20
0.2399767322834646
11
0.6343296456692913
21
0.2399681496062992
0
LINE
8
BLACK
6
CONTINUOUS
10
0.6343296456692913
20
0.2399681496062992
11
0.6341471259842519
21
0.2400181496062992
0
LINE
8
BLACK
6
CONTINUOUS
10
0.6341471259842519
20
0.2400181496062992
11
0.6339613385826771
21
0.2400550787401575
0
LINE
8
BLACK
6
CONTINUOUS
10
0.6339613385826771
20
0.2400550787401575
11
0.6339421653543307
21
0.2400742519685039
0
LINE
8
BLACK
6
CONTINUOUS
10
0.6339421653543307
20
0.2400742519685039
11
0.6338851574803149
21
0.240089842519685
0
LINE
8
BLACK
6
CONTINUOUS
10
0.6338851574803149
20
0.240089842519685
11
0.6323853149606299
21
0.2408397244094488
0
LINE
8
BLACK
6
CONTINUOUS
10
0.6323853149606299
20
0.2408397244094488
11
0.6322356692913386
21
0.2409558661417323
0
LINE
8
BLACK
6
CONTINUOUS
10
0.6322356692913386
20
0.2409558661417323
11
0.6320783070866142
21
0.2410610236220472
0
LINE
8
BLACK
6
CONTINUOUS
10
0.6320783070866142
20
0.2410610236220472
11
0.6313284251968504
21
0.241810905511811
0
LINE
8
BLACK
6
CONTINUOUS
10
0.6313284251968504
20
0.241810905511811
11
0.6312232283464567
21
0.2419683858267717
0
LINE
8
BLACK
6
CONTINUOUS
10
0.6312232283464567
20
0.2419683858267717
11
0.6311072047244094
21
0.2421178346456693
0
LINE
8
BLACK
6
CONTINUOUS
10
0.6311072047244094
20
0.2421178346456693
11
0.6303572834645669
21
0.2436176377952756
0
LINE
8
BLACK
6
CONTINUOUS
10
0.6303572834645669
20
0.2436176377952756
11
0.6303416535433071
21
0.2436747244094488
0
LINE
8
BLACK
6
CONTINUOUS
10
0.6303416535433071
20
0.2436747244094488
11
0.6303225196850394
21
0.2436938582677165
0
LINE
8
BLACK
6
CONTINUOUS
10
0.6303225196850394
20
0.2436938582677165
11
0.6302855511811023
21
0.2438796456692913
0
LINE
8
BLACK
6
CONTINUOUS
10
0.6302855511811023
20
0.2438796456692913
11
0.6302355905511811
21
0.2440621653543307
0
LINE
8
BLACK
6
CONTINUOUS
10
0.6302355905511811
20
0.2440621653543307
11
0.6302441338582677
21
0.2440878346456693
0
LINE
8
BLACK
6
CONTINUOUS
10
0.6302441338582677
20
0.2440878346456693
11
0.6302325984251969
21
0.2441458661417323
0
LINE
8
BLACK
6
CONTINUOUS
10
0.6302325984251969
20
0.2441458661417323
11
0.6302325984251969
21
0.2471455118110236
0
LINE
8
BLACK
6
CONTINUOUS
10
0.6302325984251969
20
0.2471455118110236
11
0.6302441338582677
21
0.2472035826771654
0
LINE
8
BLACK
6
CONTINUOUS
10
0.6302441338582677
20
0.2472035826771654
11
0.6302355905511811
21
0.2472292125984252
0
LINE
8
BLACK
6
CONTINUOUS
10
0.6302355905511811
20
0.2472292125984252
11
0.6302855511811023
21
0.2474117716535433
0
LINE
8
BLACK
6
CONTINUOUS
10
0.6302855511811023
20
0.2474117716535433
11
0.6303225196850394
21
0.2475975196850394
0
LINE
8
BLACK
6
CONTINUOUS
10
0.6303225196850394
20
0.2475975196850394
11
0.6303416535433071
21
0.2476166929133858
0
LINE
8
BLACK
6
CONTINUOUS
10
0.6303416535433071
20
0.2476166929133858
11
0.6303572834645669
21
0.2476737401574803
0
LINE
8
BLACK
6
CONTINUOUS
10
0.6303572834645669
20
0.2476737401574803
11
0.6308157480314961
21
0.2485907480314961
0
LINE
8
BLACK
6
CONTINUOUS
10
0.6308157480314961
20
0.2485907480314961
11
0.6296489763779527
21
0.2482990157480315
0
LINE
8
BLACK
6
CONTINUOUS
10
0.6296489763779527
20
0.2482990157480315
11
0.6276666929133858
21
0.2469775196850394
0
LINE
8
BLACK
6
CONTINUOUS
10
0.6276666929133858
20
0.2469775196850394
11
0.6271350393700788
21
0.246445905511811
0
LINE
8
BLACK
6
CONTINUOUS
10
0.6271350393700788
20
0.246445905511811
11
0.6265955511811023
21
0.2453668503937008
0
LINE
8
BLACK
6
CONTINUOUS
10
0.6265955511811023
20
0.2453668503937008
11
0.6265955511811023
21
0.242646062992126
0
LINE
8
BLACK
6
CONTINUOUS
10
0.6265955511811023
20
0.242646062992126
11
0.6265056299212598
21
0.2421940551181102
0
LINE
8
BLACK
6
CONTINUOUS
10
0.6265056299212598
20
0.2421940551181102
11
0.6258664566929134
21
0.2415548818897638
0
LINE
8
BLACK
6
CONTINUOUS
10
0.6258664566929134
20
0.2415548818897638
11
0.6249624409448818
21
0.2415548818897638
0
LINE
8
BLACK
6
CONTINUOUS
10
0.6249624409448818
20
0.2415548818897638
11
0.6243232677165355
21
0.2421940551181102
0
LINE
8
BLACK
6
CONTINUOUS
10
0.6243232677165355
20
0.2421940551181102
11
0.6242333464566929
21
0.242646062992126
0
LINE
8
BLACK
6
CONTINUOUS
10
0.6242333464566929
20
0.242646062992126
11
0.6242333464566929
21
0.2456456692913386
0
LINE
8
BLACK
6
CONTINUOUS
10
0.6242333464566929
20
0.2456456692913386
11
0.6242448818897638
21
0.2457037401574803
0
LINE
8
BLACK
6
CONTINUOUS
10
0.6242448818897638
20
0.2457037401574803
11
0.6242363385826771
21
0.2457293700787402
0
LINE
8
BLACK
6
CONTINUOUS
10
0.6242363385826771
20
0.2457293700787402
11
0.6242862992125984
21
0.2459118897637795
0
LINE
8
BLACK
6
CONTINUOUS
10
0.6242862992125984
20
0.2459118897637795
11
0.6243232677165355
21
0.2460976771653543
0
LINE
8
BLACK
6
CONTINUOUS
10
0.6243232677165355
20
0.2460976771653543
11
0.6243424015748031
21
0.2461168503937008
0
LINE
8
BLACK
6
CONTINUOUS
10
0.6243424015748031
20
0.2461168503937008
11
0.6243580314960629
21
0.2461738582677165
0
LINE
8
BLACK
6
CONTINUOUS
10
0.6243580314960629
20
0.2461738582677165
11
0.6251079527559055
21
0.2476737401574803
0
LINE
8
BLACK
6
CONTINUOUS
10
0.6251079527559055
20
0.2476737401574803
11
0.6252241732283464
21
0.2478235039370079
0
LINE
8
BLACK
6
CONTINUOUS
10
0.6252241732283464
20
0.2478235039370079
11
0.6253292125984252
21
0.2479806692913386
0
LINE
8
BLACK
6
CONTINUOUS
10
0.6253292125984252
20
0.2479806692913386
11
0.626079094488189
21
0.2487305905511811
0
LINE
8
BLACK
6
CONTINUOUS
10
0.626079094488189
20
0.2487305905511811
11
0.6261762992125984
21
0.2487955905511811
0
LINE
8
BLACK
6
CONTINUOUS
10
0.6261762992125984
20
0.2487955905511811
11
0.6262590944881889
21
0.2488781496062992
0
LINE
8
BLACK
6
CONTINUOUS
10
0.6262590944881889
20
0.2488781496062992
11
0.6285088188976378
21
0.2503779133858268
0
LINE
8
BLACK
6
CONTINUOUS
10
0.6285088188976378
20
0.2503779133858268
11
0.6286951968503937
21
0.2504549212598425
0
LINE
8
BLACK
6
CONTINUOUS
10
0.6286951968503937
20
0.2504549212598425
11
0.6288775196850394
21
0.2505410236220472
0
LINE
8
BLACK
6
CONTINUOUS
10
0.6288775196850394
20
0.2505410236220472
11
0.6318771653543307
21
0.2512909448818897
0
LINE
8
BLACK
6
CONTINUOUS
10
0.6318771653543307
20
0.2512909448818897
11
0.6320216141732283
21
0.2512979921259842
0
LINE
8
BLACK
6
CONTINUOUS
10
0.6320216141732283
20
0.2512979921259842
11
0.6321636220472441
21
0.251326220472441
0
LINE
8
BLACK
6
CONTINUOUS
10
0.6321636220472441
20
0.251326220472441
11
0.638162874015748
21
0.251326220472441
0
LINE
8
BLACK
6
CONTINUOUS
10
0.638162874015748
20
0.251326220472441
11
0.638220905511811
21
0.2513146850393701
0
LINE
8
BLACK
6
CONTINUOUS
10
0.6336131496062992
20
0.2484245275590551
11
0.6331342913385827
21
0.2479457086614173
0
LINE
8
BLACK
6
CONTINUOUS
10
0.6331342913385827
20
0.2479457086614173
11
0.6325948031496063
21
0.2468666535433071
0
LINE
8
BLACK
6
CONTINUOUS
10
0.6325948031496063
20
0.2468666535433071
11
0.6325948031496063
21
0.2444247244094488
0
LINE
8
BLACK
6
CONTINUOUS
10
0.6325948031496063
20
0.2444247244094488
11
0.6331342913385827
21
0.2433457480314961
0
LINE
8
BLACK
6
CONTINUOUS
10
0.6331342913385827
20
0.2433457480314961
11
0.633613188976378
21
0.2428668503937008
0
LINE
8
BLACK
6
CONTINUOUS
10
0.633613188976378
20
0.2428668503937008
11
0.6346921653543307
21
0.2423273622047244
0
LINE
8
BLACK
6
CONTINUOUS
10
0.6346921653543307
20
0.2423273622047244
11
0.6378840551181102
21
0.2423273622047244
0
LINE
8
BLACK
6
CONTINUOUS
10
0.6378840551181102
20
0.2423273622047244
11
0.6389630708661417
21
0.2428668897637795
0
LINE
8
BLACK
6
CONTINUOUS
10
0.6389630708661417
20
0.2428668897637795
11
0.6394418503937008
21
0.2433456692913386
0
LINE
8
BLACK
6
CONTINUOUS
10
0.6394418503937008
20
0.2433456692913386
11
0.6399813779527559
21
0.2444246850393701
0
LINE
8
BLACK
6
CONTINUOUS
10
0.6399813779527559
20
0.2444246850393701
11
0.6399813779527559
21
0.2468667322834646
0
LINE
8
BLACK
6
CONTINUOUS
10
0.6399813779527559
20
0.2468667322834646
11
0.6394419291338582
21
0.2479456299212598
0
LINE
8
BLACK
6
CONTINUOUS
10
0.6394419291338582
20
0.2479456299212598
11
0.6389629921259843
21
0.2484245275590551
0
LINE
8
BLACK
6
CONTINUOUS
10
0.6389629921259843
20
0.2484245275590551
11
0.6378840157480314
21
0.2489640157480315
0
LINE
8
BLACK
6
CONTINUOUS
10
0.6378840157480314
20
0.2489640157480315
11
0.6346922047244095
21
0.2489640157480315
0
LINE
8
BLACK
6
CONTINUOUS
10
0.6346922047244095
20
0.2489640157480315
11
0.6336131496062992
21
0.2484245275590551
0
LINE
8
BLACK
6
CONTINUOUS
10
0.6416144881889764
20
0.2662344094488189
11
0.6422536614173229
21
0.2655952362204724
0
LINE
8
BLACK
6
CONTINUOUS
10
0.6422536614173229
20
0.2655952362204724
11
0.6422536614173229
21
0.2646912204724409
0
LINE
8
BLACK
6
CONTINUOUS
10
0.6422536614173229
20
0.2646912204724409
11
0.6416144881889764
21
0.2640520472440945
0
LINE
8
BLACK
6
CONTINUOUS
10
0.6416144881889764
20
0.2640520472440945
11
0.6411624803149606
21
0.2639621259842519
0
LINE
8
BLACK
6
CONTINUOUS
10
0.6411624803149606
20
0.2639621259842519
11
0.6348445275590551
21
0.2639621259842519
0
LINE
8
BLACK
6
CONTINUOUS
10
0.6348445275590551
20
0.2639621259842519
11
0.6348445275590551
21
0.2620086614173228
0
LINE
8
BLACK
6
CONTINUOUS
10
0.6348445275590551
20
0.2620086614173228
11
0.6418397637795276
21
0.257111968503937
0
LINE
8
BLACK
6
CONTINUOUS
10
0.6418397637795276
20
0.257111968503937
11
0.6421585039370079
21
0.256779094488189
0
LINE
8
BLACK
6
CONTINUOUS
10
0.6421585039370079
20
0.256779094488189
11
0.642315590551181
21
0.255888937007874
0
LINE
8
BLACK
6
CONTINUOUS
10
0.642315590551181
20
0.255888937007874
11
0.6417972047244095
21
0.2551483464566929
0
LINE
8
BLACK
6
CONTINUOUS
10
0.6417972047244095
20
0.2551483464566929
11
0.6409070078740158
21
0.2549912598425197
0
LINE
8
BLACK
6
CONTINUOUS
10
0.6409070078740158
20
0.2549912598425197
11
0.640485157480315
21
0.2551767716535433
0
LINE
8
BLACK
6
CONTINUOUS
10
0.640485157480315
20
0.2551767716535433
11
0.634841220472441
21
0.2591275196850394
0
LINE
8
BLACK
6
CONTINUOUS
10
0.634841220472441
20
0.2591275196850394
11
0.6348329921259842
21
0.2590860236220472
0
LINE
8
BLACK
6
CONTINUOUS
10
0.6348329921259842
20
0.2590860236220472
11
0.6348415748031496
21
0.2590602755905512
0
LINE
8
BLACK
6
CONTINUOUS
10
0.6348415748031496
20
0.2590602755905512
11
0.6347914960629921
21
0.2588774803149606
0
LINE
8
BLACK
6
CONTINUOUS
10
0.6347914960629921
20
0.2588774803149606
11
0.6347546062992125
21
0.258691968503937
0
LINE
8
BLACK
6
CONTINUOUS
10
0.6347546062992125
20
0.258691968503937
11
0.6347354330708661
21
0.2586728346456693
0
LINE
8
BLACK
6
CONTINUOUS
10
0.6347354330708661
20
0.2586728346456693
11
0.6347198425196851
21
0.2586157874015748
0
LINE
8
BLACK
6
CONTINUOUS
10
0.6347198425196851
20
0.2586157874015748
11
0.6339699212598425
21
0.2571159448818898
0
LINE
8
BLACK
6
CONTINUOUS
10
0.6339699212598425
20
0.2571159448818898
11
0.633853937007874
21
0.2569665748031496
0
LINE
8
BLACK
6
CONTINUOUS
10
0.633853937007874
20
0.2569665748031496
11
0.6337487007874015
21
0.2568090157480315
0
LINE
8
BLACK
6
CONTINUOUS
10
0.6337487007874015
20
0.2568090157480315
11
0.632998779527559
21
0.2560591338582677
0
LINE
8
BLACK
6
CONTINUOUS
10
0.632998779527559
20
0.2560591338582677
11
0.6328415748031496
21
0.2559541338582677
0
LINE
8
BLACK
6
CONTINUOUS
10
0.6328415748031496
20
0.2559541338582677
11
0.6326918503937008
21
0.255837874015748
0
LINE
8
BLACK
6
CONTINUOUS
10
0.6326918503937008
20
0.255837874015748
11
0.631191968503937
21
0.2550879527559055
0
LINE
8
BLACK
6
CONTINUOUS
10
0.631191968503937
20
0.2550879527559055
11
0.6311349212598425
21
0.2550723622047244
0
LINE
8
BLACK
6
CONTINUOUS
10
0.6311349212598425
20
0.2550723622047244
11
0.6311157874015748
21
0.255053188976378
0
LINE
8
BLACK
6
CONTINUOUS
10
0.6311157874015748
20
0.255053188976378
11
0.6309299606299212
21
0.2550162598425197
0
LINE
8
BLACK
6
CONTINUOUS
10
0.6309299606299212
20
0.2550162598425197
11
0.6307474803149606
21
0.2549662598425197
0
LINE
8
BLACK
6
CONTINUOUS
10
0.6307474803149606
20
0.2549662598425197
11
0.630721811023622
21
0.2549748425196851
0
LINE
8
BLACK
6
CONTINUOUS
10
0.630721811023622
20
0.2549748425196851
11
0.630663779527559
21
0.2549632677165354
0
LINE
8
BLACK
6
CONTINUOUS
10
0.630663779527559
20
0.2549632677165354
11
0.628414094488189
21
0.2549632677165354
0
LINE
8
BLACK
6
CONTINUOUS
10
0.628414094488189
20
0.2549632677165354
11
0.6283561023622047
21
0.2549748031496063
0
LINE
8
BLACK
6
CONTINUOUS
10
0.6283561023622047
20
0.2549748031496063
11
0.6283303937007874
21
0.2549662204724409
0
LINE
8
BLACK
6
CONTINUOUS
10
0.6283303937007874
20
0.2549662204724409
11
0.6281475590551181
21
0.2550162992125984
0
LINE
8
BLACK
6
CONTINUOUS
10
0.6281475590551181
20
0.2550162992125984
11
0.6279620866141732
21
0.255053188976378
0
LINE
8
BLACK
6
CONTINUOUS
10
0.6279620866141732
20
0.255053188976378
11
0.6279429133858268
21
0.2550723622047244
0
LINE
8
BLACK
6
CONTINUOUS
10
0.6279429133858268
20
0.2550723622047244
11
0.627885905511811
21
0.2550879527559055
0
LINE
8
BLACK
6
CONTINUOUS
10
0.627885905511811
20
0.2550879527559055
11
0.626386062992126
21
0.255837874015748
0
LINE
8
BLACK
6
CONTINUOUS
10
0.626386062992126
20
0.255837874015748
11
0.6262368110236221
21
0.2559537401574803
0
LINE
8
BLACK
6
CONTINUOUS
10
0.6262368110236221
20
0.2559537401574803
11
0.626079094488189
21
0.256059094488189
0
LINE
8
BLACK
6
CONTINUOUS
10
0.626079094488189
20
0.256059094488189
11
0.6253292125984252
21
0.2568090157480315
0
LINE
8
BLACK
6
CONTINUOUS
10
0.6253292125984252
20
0.2568090157480315
11
0.6252241732283464
21
0.2569662204724409
0
LINE
8
BLACK
6
CONTINUOUS
10
0.6252241732283464
20
0.2569662204724409
11
0.6251079527559055
21
0.2571159448818898
0
LINE
8
BLACK
6
CONTINUOUS
10
0.6251079527559055
20
0.2571159448818898
11
0.6243580314960629
21
0.2586157480314961
0
LINE
8
BLACK
6
CONTINUOUS
10
0.6243580314960629
20
0.2586157480314961
11
0.6243424015748031
21
0.2586728346456693
0
LINE
8
BLACK
6
CONTINUOUS
10
0.6243424015748031
20
0.2586728346456693
11
0.6243232677165355
21
0.258691968503937
0
LINE
8
BLACK
6
CONTINUOUS
10
0.6243232677165355
20
0.258691968503937
11
0.6242862992125984
21
0.2588777559055118
0
LINE
8
BLACK
6
CONTINUOUS
10
0.6242862992125984
20
0.2588777559055118
11
0.6242363385826771
21
0.2590602755905512
0
LINE
8
BLACK
6
CONTINUOUS
10
0.6242363385826771
20
0.2590602755905512
11
0.6242448818897638
21
0.2590859448818897
0
LINE
8
BLACK
6
CONTINUOUS
10
0.6242448818897638
20
0.2590859448818897
11
0.6242333464566929
21
0.2591439763779527
0
LINE
8
BLACK
6
CONTINUOUS
10
0.6242333464566929
20
0.2591439763779527
11
0.6242333464566929
21
0.2651432283464567
0
LINE
8
BLACK
6
CONTINUOUS
10
0.6242333464566929
20
0.2651432283464567
11
0.6243232677165355
21
0.2655952362204724
0
LINE
8
BLACK
6
CONTINUOUS
10
0.6243232677165355
20
0.2655952362204724
11
0.6249624409448818
21
0.2662344094488189
0
LINE
8
BLACK
6
CONTINUOUS
10
0.6249624409448818
20
0.2662344094488189
11
0.6254144488188976
21
0.2663243307086614
0
LINE
8
BLACK
6
CONTINUOUS
10
0.6254144488188976
20
0.2663243307086614
11
0.6411624803149606
21
0.2663243307086614
0
LINE
8
BLACK
6
CONTINUOUS
10
0.6411624803149606
20
0.2663243307086614
11
0.6416144881889764
21
0.2662344094488189
0
LINE
8
BLACK
6
CONTINUOUS
10
0.6265955511811023
20
0.2594228346456693
11
0.6271350393700788
21
0.2583438188976378
0
LINE
8
BLACK
6
CONTINUOUS
10
0.6271350393700788
20
0.2583438188976378
11
0.6276138976377953
21
0.257865
0
LINE
8
BLACK
6
CONTINUOUS
10
0.6276138976377953
20
0.257865
11
0.6286929527559055
21
0.2573254724409449
0
LINE
8
BLACK
6
CONTINUOUS
10
0.6286929527559055
20
0.2573254724409449
11
0.6303849606299212
21
0.2573254724409449
0
LINE
8
BLACK
6
CONTINUOUS
10
0.6303849606299212
20
0.2573254724409449
11
0.6314639763779527
21
0.257865
0
LINE
8
BLACK
6
CONTINUOUS
10
0.6314639763779527
20
0.257865
11
0.6319427559055117
21
0.2583438188976378
0
LINE
8
BLACK
6
CONTINUOUS
10
0.6319427559055117
20
0.2583438188976378
11
0.6324823228346457
21
0.259422874015748
0
LINE
8
BLACK
6
CONTINUOUS
10
0.6324823228346457
20
0.259422874015748
11
0.6324823228346457
21
0.2639621259842519
0
LINE
8
BLACK
6
CONTINUOUS
10
0.6324823228346457
20
0.2639621259842519
11
0.6265955511811023
21
0.2639621259842519
0
LINE
8
BLACK
6
CONTINUOUS
10
0.6265955511811023
20
0.2639621259842519
11
0.6265955511811023
21
0.2594228346456693
0
LINE
8
BLACK
6
CONTINUOUS
10
0.6509934645669291
20
0.2868344094488189
11
0.6520588188976377
21
0.2857690551181102
0
LINE
8
BLACK
6
CONTINUOUS
10
0.6520588188976377
20
0.2857690551181102
11
0.6522086614173228
21
0.285015748031496
0
LINE
8
BLACK
6
CONTINUOUS
10
0.6522086614173228
20
0.285015748031496
11
0.6522086614173228
21
0.2220236220472441
0
LINE
8
BLACK
6
CONTINUOUS
10
0.6522086614173228
20
0.2220236220472441
11
0.6520588188976377
21
0.2212703149606299
0
LINE
8
BLACK
6
CONTINUOUS
10
0.6520588188976377
20
0.2212703149606299
11
0.6509934645669291
21
0.2202049606299213
0
LINE
8
BLACK
6
CONTINUOUS
10
0.6509934645669291
20
0.2202049606299213
11
0.6502401574803149
21
0.2200551181102362
0
LINE
8
BLACK
6
CONTINUOUS
10
0.6502401574803149
20
0.2200551181102362
11
0.6177598425196851
21
0.2200551181102362
0
LINE
8
BLACK
6
CONTINUOUS
10
0.6177598425196851
20
0.2200551181102362
11
0.6170065354330708
21
0.2202049606299213
0
LINE
8
BLACK
6
CONTINUOUS
10
0.6170065354330708
20
0.2202049606299213
11
0.6159411811023622
21
0.2212703149606299
0
LINE
8
BLACK
6
CONTINUOUS
10
0.6159411811023622
20
0.2212703149606299
11
0.6157913385826772
21
0.2220236220472441
0
LINE
8
BLACK
6
CONTINUOUS
10
0.6157913385826772
20
0.2220236220472441
11
0.6157913385826772
21
0.285015748031496
0
LINE
8
BLACK
6
CONTINUOUS
10
0.6157913385826772
20
0.285015748031496
11
0.6159411811023622
21
0.2857690551181102
0
LINE
8
BLACK
6
CONTINUOUS
10
0.6159411811023622
20
0.2857690551181102
11
0.6170065354330708
21
0.2868344094488189
0
LINE
8
BLACK
6
CONTINUOUS
10
0.6170065354330708
20
0.2868344094488189
11
0.6177598425196851
21
0.2869842519685039
0
LINE
8
BLACK
6
CONTINUOUS
10
0.6177598425196851
20
0.2869842519685039
11
0.6502401574803149
21
0.2869842519685039
0
LINE
8
BLACK
6
CONTINUOUS
10
0.6502401574803149
20
0.2869842519685039
11
0.6509934645669291
21
0.2868344094488189
0
LINE
8
BLACK
6
CONTINUOUS
10
0.6197283464566929
20
0.2830472440944882
11
0.6197283464566929
21
0.223992125984252
0
LINE
8
BLACK
6
CONTINUOUS
10
0.6197283464566929
20
0.223992125984252
11
0.6482716535433071
21
0.223992125984252
0
LINE
8
BLACK
6
CONTINUOUS
10
0.6482716535433071
20
0.223992125984252
11
0.6482716535433071
21
0.2830472440944882
0
LINE
8
BLACK
6
CONTINUOUS
10
0.6482716535433071
20
0.2830472440944882
11
0.6197283464566929
21
0.2830472440944882
0
LINE
8
BLACK
6
CONTINUOUS
10
0.69925468503937
20
0.2522364960629921
11
0.6993029921259842
21
0.252196968503937
0
LINE
8
BLACK
6
CONTINUOUS
10
0.6993029921259842
20
0.252196968503937
11
0.6993654330708661
21
0.252196968503937
0
LINE
8
BLACK
6
CONTINUOUS
10
0.6993654330708661
20
0.252196968503937
11
0.6996463779527559
21
0.2519160236220472
0
LINE
8
BLACK
6
CONTINUOUS
10
0.6996463779527559
20
0.2519160236220472
11
0.6999542913385827
21
0.251664094488189
0
LINE
8
BLACK
6
CONTINUOUS
10
0.6999542913385827
20
0.251664094488189
11
0.6999605118110236
21
0.2516018897637795
0
LINE
8
BLACK
6
CONTINUOUS
10
0.6999605118110236
20
0.2516018897637795
11
0.7000046850393701
21
0.2515577165354331
0
LINE
8
BLACK
6
CONTINUOUS
10
0.7000046850393701
20
0.2515577165354331
11
0.7000046850393701
21
0.2511600393700787
0
LINE
8
BLACK
6
CONTINUOUS
10
0.7000046850393701
20
0.2511600393700787
11
0.7000442519685039
21
0.2507645669291338
0
LINE
8
BLACK
6
CONTINUOUS
10
0.7000442519685039
20
0.2507645669291338
11
0.7000046850393701
21
0.2507162598425197
0
LINE
8
BLACK
6
CONTINUOUS
10
0.7000046850393701
20
0.2507162598425197
11
0.7000047244094488
21
0.2506538188976378
0
LINE
8
BLACK
6
CONTINUOUS
10
0.7000047244094488
20
0.2506538188976378
11
0.6997487007874016
21
0.2502705905511811
0
LINE
8
BLACK
6
CONTINUOUS
10
0.6997487007874016
20
0.2502705905511811
11
0.6991342913385826
21
0.2496561811023622
0
LINE
8
BLACK
6
CONTINUOUS
10
0.6991342913385826
20
0.2496561811023622
11
0.6985948031496063
21
0.2485771653543307
0
LINE
8
BLACK
6
CONTINUOUS
10
0.6985948031496063
20
0.2485771653543307
11
0.6985948031496063
21
0.2453853543307087
0
LINE
8
BLACK
6
CONTINUOUS
10
0.6985948031496063
20
0.2453853543307087
11
0.6991342913385826
21
0.2443063779527559
0
LINE
8
BLACK
6
CONTINUOUS
10
0.6991342913385826
20
0.2443063779527559
11
0.6996131889763779
21
0.2438274803149606
0
LINE
8
BLACK
6
CONTINUOUS
10
0.6996131889763779
20
0.2438274803149606
11
0.7006921653543307
21
0.2432879921259843
0
LINE
8
BLACK
6
CONTINUOUS
10
0.7006921653543307
20
0.2432879921259843
11
0.7038840551181103
21
0.2432879921259843
0
LINE
8
BLACK
6
CONTINUOUS
10
0.7038840551181103
20
0.2432879921259843
11
0.7049630708661417
21
0.2438275196850394
0
LINE
8
BLACK
6
CONTINUOUS
10
0.7049630708661417
20
0.2438275196850394
11
0.7054418503937008
21
0.2443062992125984
0
LINE
8
BLACK
6
CONTINUOUS
10
0.7054418503937008
20
0.2443062992125984
11
0.7059813779527558
21
0.2453853149606299
0
LINE
8
BLACK
6
CONTINUOUS
10
0.7059813779527558
20
0.2453853149606299
11
0.7059813779527558
21
0.2485772440944882
0
LINE
8
BLACK
6
CONTINUOUS
10
0.7059813779527558
20
0.2485772440944882
11
0.7054418503937008
21
0.2496562598425197
0
LINE
8
BLACK
6
CONTINUOUS
10
0.7054418503937008
20
0.2496562598425197
11
0.7048275196850393
21
0.2502705905511811
0
LINE
8
BLACK
6
CONTINUOUS
10
0.7048275196850393
20
0.2502705905511811
11
0.7045714960629921
21
0.2506537795275591
0
LINE
8
BLACK
6
CONTINUOUS
10
0.7045714960629921
20
0.2506537795275591
11
0.7045714960629921
21
0.2515577165354331
0
LINE
8
BLACK
6
CONTINUOUS
10
0.7045714960629921
20
0.2515577165354331
11
0.7052107086614173
21
0.2521969291338583
0
LINE
8
BLACK
6
CONTINUOUS
10
0.7052107086614173
20
0.2521969291338583
11
0.7061146456692913
21
0.2521969291338583
0
LINE
8
BLACK
6
CONTINUOUS
10
0.7061146456692913
20
0.2521969291338583
11
0.7064978346456693
21
0.251940905511811
0
LINE
8
BLACK
6
CONTINUOUS
10
0.7064978346456693
20
0.251940905511811
11
0.7072477559055118
21
0.2511909842519685
0
LINE
8
BLACK
6
CONTINUOUS
10
0.7072477559055118
20
0.2511909842519685
11
0.707352874015748
21
0.2510336614173228
0
LINE
8
BLACK
6
CONTINUOUS
10
0.707352874015748
20
0.2510336614173228
11
0.7074690157480314
21
0.2508840157480315
0
LINE
8
BLACK
6
CONTINUOUS
10
0.7074690157480314
20
0.2508840157480315
11
0.7082188976377952
21
0.2493842125984252
0
LINE
8
BLACK
6
CONTINUOUS
10
0.7082188976377952
20
0.2493842125984252
11
0.7082344881889764
21
0.2493272047244094
0
LINE
8
BLACK
6
CONTINUOUS
10
0.7082344881889764
20
0.2493272047244094
11
0.7082536614173228
21
0.249308031496063
0
LINE
8
BLACK
6
CONTINUOUS
10
0.7082536614173228
20
0.249308031496063
11
0.708290590551181
21
0.2491222440944882
0
LINE
8
BLACK
6
CONTINUOUS
10
0.708290590551181
20
0.2491222440944882
11
0.708340590551181
21
0.2489397244094488
0
LINE
8
BLACK
6
CONTINUOUS
10
0.708340590551181
20
0.2489397244094488
11
0.7083320078740157
21
0.248914094488189
0
LINE
8
BLACK
6
CONTINUOUS
10
0.7083320078740157
20
0.248914094488189
11
0.7083435826771654
21
0.2488560236220472
0
LINE
8
BLACK
6
CONTINUOUS
10
0.7083435826771654
20
0.2488560236220472
11
0.7083435826771654
21
0.2451064960629921
0
LINE
8
BLACK
6
CONTINUOUS
10
0.7083435826771654
20
0.2451064960629921
11
0.7083320078740157
21
0.2450484645669291
0
LINE
8
BLACK
6
CONTINUOUS
10
0.7083320078740157
20
0.2450484645669291
11
0.708340590551181
21
0.2450227952755905
0
LINE
8
BLACK
6
CONTINUOUS
10
0.708340590551181
20
0.2450227952755905
11
0.708290590551181
21
0.2448403149606299
0
LINE
8
BLACK
6
CONTINUOUS
10
0.708290590551181
20
0.2448403149606299
11
0.7082536614173228
21
0.2446544881889764
0
LINE
8
BLACK
6
CONTINUOUS
10
0.7082536614173228
20
0.2446544881889764
11
0.7082344881889764
21
0.2446353543307087
0
LINE
8
BLACK
6
CONTINUOUS
10
0.7082344881889764
20
0.2446353543307087
11
0.7082188976377952
21
0.2445783070866142
0
LINE
8
BLACK
6
CONTINUOUS
10
0.7082188976377952
20
0.2445783070866142
11
0.7074690157480314
21
0.2430785039370079
0
LINE
8
BLACK
6
CONTINUOUS
10
0.7074690157480314
20
0.2430785039370079
11
0.707352874015748
21
0.2429288976377953
0
LINE
8
BLACK
6
CONTINUOUS
10
0.707352874015748
20
0.2429288976377953
11
0.7072477559055118
21
0.2427715354330709
0
LINE
8
BLACK
6
CONTINUOUS
10
0.7072477559055118
20
0.2427715354330709
11
0.7064978346456693
21
0.2420216141732283
0
LINE
8
BLACK
6
CONTINUOUS
10
0.7064978346456693
20
0.2420216141732283
11
0.7063404724409449
21
0.2419165354330709
0
LINE
8
BLACK
6
CONTINUOUS
10
0.7063404724409449
20
0.2419165354330709
11
0.7061908661417323
21
0.2418003543307087
0
LINE
8
BLACK
6
CONTINUOUS
10
0.7061908661417323
20
0.2418003543307087
11
0.7046910629921259
21
0.2410504724409449
0
LINE
8
BLACK
6
CONTINUOUS
10
0.7046910629921259
20
0.2410504724409449
11
0.7046340157480315
21
0.2410348818897638
0
LINE
8
BLACK
6
CONTINUOUS
10
0.7046340157480315
20
0.2410348818897638
11
0.7046148818897637
21
0.2410157086614173
0
LINE
8
BLACK
6
CONTINUOUS
10
0.7046148818897637
20
0.2410157086614173
11
0.7044290551181103
21
0.2409787795275591
0
LINE
8
BLACK
6
CONTINUOUS
10
0.7044290551181103
20
0.2409787795275591
11
0.7042465748031496
21
0.2409287795275591
0
LINE
8
BLACK
6
CONTINUOUS
10
0.7042465748031496
20
0.2409287795275591
11
0.704220905511811
21
0.2409373622047244
0
LINE
8
BLACK
6
CONTINUOUS
10
0.704220905511811
20
0.2409373622047244
11
0.7041628740157481
21
0.2409257874015748
0
LINE
8
BLACK
6
CONTINUOUS
10
0.7041628740157481
20
0.2409257874015748
11
0.7004133464566928
21
0.2409257874015748
0
LINE
8
BLACK
6
CONTINUOUS
10
0.7004133464566928
20
0.2409257874015748
11
0.7003552755905512
21
0.2409373622047244
0
LINE
8
BLACK
6
CONTINUOUS
10
0.7003552755905512
20
0.2409373622047244
11
0.7003296456692913
21
0.2409287795275591
0
LINE
8
BLACK
6
CONTINUOUS
10
0.7003296456692913
20
0.2409287795275591
11
0.700147125984252
21
0.2409787795275591
0
LINE
8
BLACK
6
CONTINUOUS
10
0.700147125984252
20
0.2409787795275591
11
0.6999613385826772
21
0.2410157086614173
0
LINE
8
BLACK
6
CONTINUOUS
10
0.6999613385826772
20
0.2410157086614173
11
0.6999421653543307
21
0.2410348818897638
0
LINE
8
BLACK
6
CONTINUOUS
10
0.6999421653543307
20
0.2410348818897638
11
0.699885157480315
21
0.2410504724409449
0
LINE
8
BLACK
6
CONTINUOUS
10
0.699885157480315
20
0.2410504724409449
11
0.6983853149606299
21
0.2418003543307087
0
LINE
8
BLACK
6
CONTINUOUS
10
0.6983853149606299
20
0.2418003543307087
11
0.6982356692913385
21
0.2419164960629921
0
LINE
8
BLACK
6
CONTINUOUS
10
0.6982356692913385
20
0.2419164960629921
11
0.6980783070866141
21
0.2420216535433071
0
LINE
8
BLACK
6
CONTINUOUS
10
0.6980783070866141
20
0.2420216535433071
11
0.6973284251968503
21
0.2427715354330709
0
LINE
8
BLACK
6
CONTINUOUS
10
0.6973284251968503
20
0.2427715354330709
11
0.6972232283464567
21
0.2429290157480315
0
LINE
8
BLACK
6
CONTINUOUS
10
0.6972232283464567
20
0.2429290157480315
11
0.6971072047244095
21
0.2430784645669291
0
LINE
8
BLACK
6
CONTINUOUS
10
0.6971072047244095
20
0.2430784645669291
11
0.6963572834645669
21
0.2445782677165354
0
LINE
8
BLACK
6
CONTINUOUS
10
0.6963572834645669
20
0.2445782677165354
11
0.696341653543307
21
0.2446353543307087
0
LINE
8
BLACK
6
CONTINUOUS
10
0.696341653543307
20
0.2446353543307087
11
0.6963225196850393
21
0.2446544881889764
0
LINE
8
BLACK
6
CONTINUOUS
10
0.6963225196850393
20
0.2446544881889764
11
0.6962855511811024
21
0.2448402755905512
0
LINE
8
BLACK
6
CONTINUOUS
10
0.6962855511811024
20
0.2448402755905512
11
0.6962355905511811
21
0.2450227952755905
0
LINE
8
BLACK
6
CONTINUOUS
10
0.6962355905511811
20
0.2450227952755905
11
0.6962441338582677
21
0.2450484645669291
0
LINE
8
BLACK
6
CONTINUOUS
10
0.6962441338582677
20
0.2450484645669291
11
0.6962325984251968
21
0.2451064960629921
0
LINE
8
BLACK
6
CONTINUOUS
10
0.6962325984251968
20
0.2451064960629921
11
0.6962325984251968
21
0.2488560236220472
0
LINE
8
BLACK
6
CONTINUOUS
10
0.6962325984251968
20
0.2488560236220472
11
0.6962441338582677
21
0.248914094488189
0
LINE
8
BLACK
6
CONTINUOUS
10
0.6962441338582677
20
0.248914094488189
11
0.6962355905511811
21
0.2489397244094488
0
LINE
8
BLACK
6
CONTINUOUS
10
0.6962355905511811
20
0.2489397244094488
11
0.6962855511811024
21
0.2491222834645669
0
LINE
8
BLACK
6
CONTINUOUS
10
0.6962855511811024
20
0.2491222834645669
11
0.6963225196850393
21
0.249308031496063
0
LINE
8
BLACK
6
CONTINUOUS
10
0.6963225196850393
20
0.249308031496063
11
0.696341653543307
21
0.2493272047244094
0
LINE
8
BLACK
6
CONTINUOUS
10
0.696341653543307
20
0.2493272047244094
11
0.6963572834645669
21
0.2493842519685039
0
LINE
8
BLACK
6
CONTINUOUS
10
0.6963572834645669
20
0.2493842519685039
11
0.6965040551181102
21
0.2496778346456693
0
LINE
8
BLACK
6
CONTINUOUS
10
0.6965040551181102
20
0.2496778346456693
11
0.6925955511811024
21
0.249286968503937
0
LINE
8
BLACK
6
CONTINUOUS
10
0.6925955511811024
20
0.249286968503937
11
0.6925955511811024
21
0.2428567716535433
0
LINE
8
BLACK
6
CONTINUOUS
10
0.6925955511811024
20
0.2428567716535433
11
0.6925056299212599
21
0.2424047637795275
0
LINE
8
BLACK
6
CONTINUOUS
10
0.6925056299212599
20
0.2424047637795275
11
0.6918664566929134
21
0.2417655905511811
0
LINE
8
BLACK
6
CONTINUOUS
10
0.6918664566929134
20
0.2417655905511811
11
0.6909624409448819
21
0.2417655905511811
0
LINE
8
BLACK
6
CONTINUOUS
10
0.6909624409448819
20
0.2417655905511811
11
0.6903232677165354
21
0.2424047637795275
0
LINE
8
BLACK
6
CONTINUOUS
10
0.6903232677165354
20
0.2424047637795275
11
0.6902333464566929
21
0.2428567716535433
0
LINE
8
BLACK
6
CONTINUOUS
10
0.6902333464566929
20
0.2428567716535433
11
0.6902333464566929
21
0.2503558267716535
0
LINE
8
BLACK
6
CONTINUOUS
10
0.6902333464566929
20
0.2503558267716535
11
0.6902895275590551
21
0.2506384251968504
0
LINE
8
BLACK
6
CONTINUOUS
10
0.6902895275590551
20
0.2506384251968504
11
0.6902837007874015
21
0.2506970078740157
0
LINE
8
BLACK
6
CONTINUOUS
10
0.6902837007874015
20
0.2506970078740157
11
0.690306811023622
21
0.2507253149606299
0
LINE
8
BLACK
6
CONTINUOUS
10
0.690306811023622
20
0.2507253149606299
11
0.6903232677165354
21
0.2508078346456693
0
LINE
8
BLACK
6
CONTINUOUS
10
0.6903232677165354
20
0.2508078346456693
11
0.6906043307086615
21
0.251088937007874
0
LINE
8
BLACK
6
CONTINUOUS
10
0.6906043307086615
20
0.251088937007874
11
0.6908561023622047
21
0.2513966141732283
0
LINE
8
BLACK
6
CONTINUOUS
10
0.6908561023622047
20
0.2513966141732283
11
0.6909365748031496
21
0.2514211811023622
0
LINE
8
BLACK
6
CONTINUOUS
10
0.6909365748031496
20
0.2514211811023622
11
0.6909624409448819
21
0.2514470078740157
0
LINE
8
BLACK
6
CONTINUOUS
10
0.6909624409448819
20
0.2514470078740157
11
0.6910213385826771
21
0.2514470078740157
0
LINE
8
BLACK
6
CONTINUOUS
10
0.6910213385826771
20
0.2514470078740157
11
0.6912969291338582
21
0.251531062992126
0
LINE
8
BLACK
6
CONTINUOUS
10
0.6912969291338582
20
0.251531062992126
11
0.6987959842519685
21
0.2522809842519685
0
LINE
8
BLACK
6
CONTINUOUS
10
0.6987959842519685
20
0.2522809842519685
11
0.69925468503937
21
0.2522364960629921
0
LINE
8
BLACK
6
CONTINUOUS
10
0.7076144881889763
20
0.2671950393700787
11
0.7082536614173228
21
0.2665558661417323
0
LINE
8
BLACK
6
CONTINUOUS
10
0.7082536614173228
20
0.2665558661417323
11
0.7082536614173228
21
0.2656518503937008
0
LINE
8
BLACK
6
CONTINUOUS
10
0.7082536614173228
20
0.2656518503937008
11
0.7076144881889763
21
0.2650126771653543
0
LINE
8
BLACK
6
CONTINUOUS
10
0.7076144881889763
20
0.2650126771653543
11
0.7071624803149607
21
0.2649227559055118
0
LINE
8
BLACK
6
CONTINUOUS
10
0.7071624803149607
20
0.2649227559055118
11
0.7008445275590551
21
0.2649227559055118
0
LINE
8
BLACK
6
CONTINUOUS
10
0.7008445275590551
20
0.2649227559055118
11
0.7008445275590551
21
0.2629692913385827
0
LINE
8
BLACK
6
CONTINUOUS
10
0.7008445275590551
20
0.2629692913385827
11
0.7078397637795275
21
0.2580725984251969
0
LINE
8
BLACK
6
CONTINUOUS
10
0.7078397637795275
20
0.2580725984251969
11
0.7081585039370079
21
0.2577397244094488
0
LINE
8
BLACK
6
CONTINUOUS
10
0.7081585039370079
20
0.2577397244094488
11
0.7083155905511811
21
0.2568495669291339
0
LINE
8
BLACK
6
CONTINUOUS
10
0.7083155905511811
20
0.2568495669291339
11
0.7077972047244094
21
0.2561089763779528
0
LINE
8
BLACK
6
CONTINUOUS
10
0.7077972047244094
20
0.2561089763779528
11
0.7069070078740157
21
0.2559518897637795
0
LINE
8
BLACK
6
CONTINUOUS
10
0.7069070078740157
20
0.2559518897637795
11
0.7064851574803149
21
0.2561374015748031
0
LINE
8
BLACK
6
CONTINUOUS
10
0.7064851574803149
20
0.2561374015748031
11
0.7008412204724409
21
0.2600881496062992
0
LINE
8
BLACK
6
CONTINUOUS
10
0.7008412204724409
20
0.2600881496062992
11
0.7008329921259843
21
0.2600466535433071
0
LINE
8
BLACK
6
CONTINUOUS
10
0.7008329921259843
20
0.2600466535433071
11
0.7008415748031496
21
0.260020905511811
0
LINE
8
BLACK
6
CONTINUOUS
10
0.7008415748031496
20
0.260020905511811
11
0.7007914960629921
21
0.2598381102362204
0
LINE
8
BLACK
6
CONTINUOUS
10
0.7007914960629921
20
0.2598381102362204
11
0.7007546062992126
21
0.2596525984251968
0
LINE
8
BLACK
6
CONTINUOUS
10
0.7007546062992126
20
0.2596525984251968
11
0.7007354330708662
21
0.2596334645669292
0
LINE
8
BLACK
6
CONTINUOUS
10
0.7007354330708662
20
0.2596334645669292
11
0.700719842519685
21
0.2595764173228347
0
LINE
8
BLACK
6
CONTINUOUS
10
0.700719842519685
20
0.2595764173228347
11
0.6999699212598425
21
0.2580765748031496
0
LINE
8
BLACK
6
CONTINUOUS
10
0.6999699212598425
20
0.2580765748031496
11
0.699853937007874
21
0.2579272047244094
0
LINE
8
BLACK
6
CONTINUOUS
10
0.699853937007874
20
0.2579272047244094
11
0.6997487007874016
21
0.2577696456692913
0
LINE
8
BLACK
6
CONTINUOUS
10
0.6997487007874016
20
0.2577696456692913
11
0.6989987795275591
21
0.2570197637795276
0
LINE
8
BLACK
6
CONTINUOUS
10
0.6989987795275591
20
0.2570197637795276
11
0.6988415748031496
21
0.2569147637795275
0
LINE
8
BLACK
6
CONTINUOUS
10
0.6988415748031496
20
0.2569147637795275
11
0.6986918503937007
21
0.2567985039370079
0
LINE
8
BLACK
6
CONTINUOUS
10
0.6986918503937007
20
0.2567985039370079
11
0.6971919685039369
21
0.2560485826771653
0
LINE
8
BLACK
6
CONTINUOUS
10
0.6971919685039369
20
0.2560485826771653
11
0.6971349212598426
21
0.2560329921259842
0
LINE
8
BLACK
6
CONTINUOUS
10
0.6971349212598426
20
0.2560329921259842
11
0.6971157874015748
21
0.2560138188976378
0
LINE
8
BLACK
6
CONTINUOUS
10
0.6971157874015748
20
0.2560138188976378
11
0.6969299606299213
21
0.2559768897637795
0
LINE
8
BLACK
6
CONTINUOUS
10
0.6969299606299213
20
0.2559768897637795
11
0.6967474803149606
21
0.2559268897637795
0
LINE
8
BLACK
6
CONTINUOUS
10
0.6967474803149606
20
0.2559268897637795
11
0.6967218110236221
21
0.2559354724409449
0
LINE
8
BLACK
6
CONTINUOUS
10
0.6967218110236221
20
0.2559354724409449
11
0.6966637795275591
21
0.2559238976377953
0
LINE
8
BLACK
6
CONTINUOUS
10
0.6966637795275591
20
0.2559238976377953
11
0.6944140944881889
21
0.2559238976377953
0
LINE
8
BLACK
6
CONTINUOUS
10
0.6944140944881889
20
0.2559238976377953
11
0.6943561023622047
21
0.2559354330708661
0
LINE
8
BLACK
6
CONTINUOUS
10
0.6943561023622047
20
0.2559354330708661
11
0.6943303937007874
21
0.2559268503937008
0
LINE
8
BLACK
6
CONTINUOUS
10
0.6943303937007874
20
0.2559268503937008
11
0.694147559055118
21
0.2559769291338583
0
LINE
8
BLACK
6
CONTINUOUS
10
0.694147559055118
20
0.2559769291338583
11
0.6939620866141732
21
0.2560138188976378
0
LINE
8
BLACK
6
CONTINUOUS
10
0.6939620866141732
20
0.2560138188976378
11
0.6939429133858268
21
0.2560329921259842
0
LINE
8
BLACK
6
CONTINUOUS
10
0.6939429133858268
20
0.2560329921259842
11
0.6938859055118111
21
0.2560485826771653
0
LINE
8
BLACK
6
CONTINUOUS
10
0.6938859055118111
20
0.2560485826771653
11
0.692386062992126
21
0.2567985039370079
0
LINE
8
BLACK
6
CONTINUOUS
10
0.692386062992126
20
0.2567985039370079
11
0.692236811023622
21
0.2569143700787401
0
LINE
8
BLACK
6
CONTINUOUS
10
0.692236811023622
20
0.2569143700787401
11
0.6920790944881889
21
0.2570197244094488
0
LINE
8
BLACK
6
CONTINUOUS
10
0.6920790944881889
20
0.2570197244094488
11
0.6913292125984252
21
0.2577696456692913
0
LINE
8
BLACK
6
CONTINUOUS
10
0.6913292125984252
20
0.2577696456692913
11
0.6912241732283464
21
0.2579268503937008
0
LINE
8
BLACK
6
CONTINUOUS
10
0.6912241732283464
20
0.2579268503937008
11
0.6911079527559055
21
0.2580765748031496
0
LINE
8
BLACK
6
CONTINUOUS
10
0.6911079527559055
20
0.2580765748031496
11
0.690358031496063
21
0.2595763779527559
0
LINE
8
BLACK
6
CONTINUOUS
10
0.690358031496063
20
0.2595763779527559
11
0.6903424015748031
21
0.2596334645669292
0
LINE
8
BLACK
6
CONTINUOUS
10
0.6903424015748031
20
0.2596334645669292
11
0.6903232677165354
21
0.2596525984251968
0
LINE
8
BLACK
6
CONTINUOUS
10
0.6903232677165354
20
0.2596525984251968
11
0.6902862992125984
21
0.2598383858267717
0
LINE
8
BLACK
6
CONTINUOUS
10
0.6902862992125984
20
0.2598383858267717
11
0.6902363385826772
21
0.260020905511811
0
LINE
8
BLACK
6
CONTINUOUS
10
0.6902363385826772
20
0.260020905511811
11
0.6902448818897637
21
0.2600465748031496
0
LINE
8
BLACK
6
CONTINUOUS
10
0.6902448818897637
20
0.2600465748031496
11
0.6902333464566929
21
0.2601046062992126
0
LINE
8
BLACK
6
CONTINUOUS
10
0.6902333464566929
20
0.2601046062992126
11
0.6902333464566929
21
0.2661038582677165
0
LINE
8
BLACK
6
CONTINUOUS
10
0.6902333464566929
20
0.2661038582677165
11
0.6903232677165354
21
0.2665558661417323
0
LINE
8
BLACK
6
CONTINUOUS
10
0.6903232677165354
20
0.2665558661417323
11
0.6909624409448819
21
0.2671950393700787
0
LINE
8
BLACK
6
CONTINUOUS
10
0.6909624409448819
20
0.2671950393700787
11
0.6914144488188976
21
0.2672849606299212
0
LINE
8
BLACK
6
CONTINUOUS
10
0.6914144488188976
20
0.2672849606299212
11
0.7071624803149607
21
0.2672849606299212
0
LINE
8
BLACK
6
CONTINUOUS
10
0.7071624803149607
20
0.2672849606299212
11
0.7076144881889763
21
0.2671950393700787
0
LINE
8
BLACK
6
CONTINUOUS
10
0.6925955511811024
20
0.2603834645669291
11
0.6931350393700787
21
0.2593044488188976
0
LINE
8
BLACK
6
CONTINUOUS
10
0.6931350393700787
20
0.2593044488188976
11
0.6936138976377952
21
0.2588256299212598
0
LINE
8
BLACK
6
CONTINUOUS
10
0.6936138976377952
20
0.2588256299212598
11
0.6946929527559055
21
0.2582861023622047
0
LINE
8
BLACK
6
CONTINUOUS
10
0.6946929527559055
20
0.2582861023622047
11
0.6963849606299213
21
0.2582861023622047
0
LINE
8
BLACK
6
CONTINUOUS
10
0.6963849606299213
20
0.2582861023622047
11
0.6974639763779528
21
0.2588256299212598
0
LINE
8
BLACK
6
CONTINUOUS
10
0.6974639763779528
20
0.2588256299212598
11
0.6979427559055118
21
0.2593044488188976
0
LINE
8
BLACK
6
CONTINUOUS
10
0.6979427559055118
20
0.2593044488188976
11
0.6984823228346456
21
0.2603835039370079
0
LINE
8
BLACK
6
CONTINUOUS
10
0.6984823228346456
20
0.2603835039370079
11
0.6984823228346456
21
0.2649227559055118
0
LINE
8
BLACK
6
CONTINUOUS
10
0.6984823228346456
20
0.2649227559055118
11
0.6925955511811024
21
0.2649227559055118
0
LINE
8
BLACK
6
CONTINUOUS
10
0.6925955511811024
20
0.2649227559055118
11
0.6925955511811024
21
0.2603834645669291
0
LINE
8
BLACK
6
CONTINUOUS
10
0.7169934645669291
20
0.2877950393700787
11
0.7180588188976378
21
0.2867296850393701
0
LINE
8
BLACK
6
CONTINUOUS
10
0.7180588188976378
20
0.2867296850393701
11
0.7182086614173229
21
0.2859763779527559
0
LINE
8
BLACK
6
CONTINUOUS
10
0.7182086614173229
20
0.2859763779527559
11
0.7182086614173229
21
0.2229842519685039
0
LINE
8
BLACK
6
CONTINUOUS
10
0.7182086614173229
20
0.2229842519685039
11
0.7180588188976378
21
0.2222309448818898
0
LINE
8
BLACK
6
CONTINUOUS
10
0.7180588188976378
20
0.2222309448818898
11
0.7169934645669291
21
0.2211655905511811
0
LINE
8
BLACK
6
CONTINUOUS
10
0.7169934645669291
20
0.2211655905511811
11
0.716240157480315
21
0.2210157480314961
0
LINE
8
BLACK
6
CONTINUOUS
10
0.716240157480315
20
0.2210157480314961
11
0.683759842519685
21
0.2210157480314961
0
LINE
8
BLACK
6
CONTINUOUS
10
0.683759842519685
20
0.2210157480314961
11
0.6830065354330709
21
0.2211655905511811
0
LINE
8
BLACK
6
CONTINUOUS
10
0.6830065354330709
20
0.2211655905511811
11
0.6819411811023622
21
0.2222309448818898
0
LINE
8
BLACK
6
CONTINUOUS
10
0.6819411811023622
20
0.2222309448818898
11
0.6817913385826772
21
0.2229842519685039
0
LINE
8
BLACK
6
CONTINUOUS
10
0.6817913385826772
20
0.2229842519685039
11
0.6817913385826772
21
0.2859763779527559
0
LINE
8
BLACK
6
CONTINUOUS
10
0.6817913385826772
20
0.2859763779527559
11
0.6819411811023622
21
0.2867296850393701
0
LINE
8
BLACK
6
CONTINUOUS
10
0.6819411811023622
20
0.2867296850393701
11
0.6830065354330709
21
0.2877950393700787
0
LINE
8
BLACK
6
CONTINUOUS
10
0.6830065354330709
20
0.2877950393700787
11
0.683759842519685
21
0.2879448818897637
0
LINE
8
BLACK
6
CONTINUOUS
10
0.683759842519685
20
0.2879448818897637
11
0.716240157480315
21
0.2879448818897637
0
LINE
8
BLACK
6
CONTINUOUS
10
0.716240157480315
20
0.2879448818897637
11
0.7169934645669291
21
0.2877950393700787
0
LINE
8
BLACK
6
CONTINUOUS
10
0.6857283464566929
20
0.284007874015748
11
0.6857283464566929
21
0.2249527559055118
0
LINE
8
BLACK
6
CONTINUOUS
10
0.6857283464566929
20
0.2249527559055118
11
0.714271653543307
21
0.2249527559055118
0
LINE
8
BLACK
6
CONTINUOUS
10
0.714271653543307
20
0.2249527559055118
11
0.714271653543307
21
0.284007874015748
0
LINE
8
BLACK
6
CONTINUOUS
10
0.714271653543307
20
0.284007874015748
11
0.6857283464566929
21
0.284007874015748
0
LINE
8
BLACK
6
CONTINUOUS
10
0.311766811023622
20
0.2729898031496063
11
0.3120526771653543
21
0.2721322834645669
0
LINE
8
BLACK
6
CONTINUOUS
10
0.3120526771653543
20
0.2721322834645669
11
0.3119309448818898
21
0.2716877952755906
0
LINE
8
BLACK
6
CONTINUOUS
10
0.3119309448818898
20
0.2716877952755906
11
0.3111810236220472
21
0.2701879527559055
0
LINE
8
BLACK
6
CONTINUOUS
10
0.3111810236220472
20
0.2701879527559055
11
0.3110648818897638
21
0.2700383858267716
0
LINE
8
BLACK
6
CONTINUOUS
10
0.3110648818897638
20
0.2700383858267716
11
0.3109597637795276
21
0.2698809842519685
0
LINE
8
BLACK
6
CONTINUOUS
10
0.3109597637795276
20
0.2698809842519685
11
0.3099763779527559
21
0.2688976377952756
0
LINE
8
BLACK
6
CONTINUOUS
10
0.3099763779527559
20
0.2688976377952756
11
0.3209420078740157
21
0.2688976377952756
0
LINE
8
BLACK
6
CONTINUOUS
10
0.3209420078740157
20
0.2688976377952756
11
0.3209420078740157
21
0.2722159842519685
0
LINE
8
BLACK
6
CONTINUOUS
10
0.3209420078740157
20
0.2722159842519685
11
0.3210319291338583
21
0.2726679921259842
0
LINE
8
BLACK
6
CONTINUOUS
10
0.3210319291338583
20
0.2726679921259842
11
0.3216711023622047
21
0.2733071653543307
0
LINE
8
BLACK
6
CONTINUOUS
10
0.3216711023622047
20
0.2733071653543307
11
0.3225751181102362
21
0.2733071653543307
0
LINE
8
BLACK
6
CONTINUOUS
10
0.3225751181102362
20
0.2733071653543307
11
0.3232142913385826
21
0.2726679921259842
0
LINE
8
BLACK
6
CONTINUOUS
10
0.3232142913385826
20
0.2726679921259842
11
0.3233042125984252
21
0.2722159842519685
0
LINE
8
BLACK
6
CONTINUOUS
10
0.3233042125984252
20
0.2722159842519685
11
0.3233042125984252
21
0.263217125984252
0
LINE
8
BLACK
6
CONTINUOUS
10
0.3233042125984252
20
0.263217125984252
11
0.3232142913385826
21
0.2627651181102362
0
LINE
8
BLACK
6
CONTINUOUS
10
0.3232142913385826
20
0.2627651181102362
11
0.3225751181102362
21
0.2621259448818898
0
LINE
8
BLACK
6
CONTINUOUS
10
0.3225751181102362
20
0.2621259448818898
11
0.3216711023622047
21
0.2621259448818898
0
LINE
8
BLACK
6
CONTINUOUS
10
0.3216711023622047
20
0.2621259448818898
11
0.3210319291338583
21
0.2627651181102362
0
LINE
8
BLACK
6
CONTINUOUS
10
0.3210319291338583
20
0.2627651181102362
11
0.3209420078740157
21
0.263217125984252
0
LINE
8
BLACK
6
CONTINUOUS
10
0.3209420078740157
20
0.263217125984252
11
0.3209420078740157
21
0.2665354330708661
0
LINE
8
BLACK
6
CONTINUOUS
10
0.3209420078740157
20
0.2665354330708661
11
0.3063750787401575
21
0.2665354330708661
0
LINE
8
BLACK
6
CONTINUOUS
10
0.3063750787401575
20
0.2665354330708661
11
0.3059230708661417
21
0.2666253543307087
0
LINE
8
BLACK
6
CONTINUOUS
10
0.3059230708661417
20
0.2666253543307087
11
0.3058370866141732
21
0.2667113385826771
0
LINE
8
BLACK
6
CONTINUOUS
10
0.3058370866141732
20
0.2667113385826771
11
0.3057179133858268
21
0.266735157480315
0
LINE
8
BLACK
6
CONTINUOUS
10
0.3057179133858268
20
0.266735157480315
11
0.305527125984252
21
0.2670212992125984
0
LINE
8
BLACK
6
CONTINUOUS
10
0.305527125984252
20
0.2670212992125984
11
0.3052838976377953
21
0.2672645275590551
0
LINE
8
BLACK
6
CONTINUOUS
10
0.3052838976377953
20
0.2672645275590551
11
0.3052838976377953
21
0.2673861417322835
0
LINE
8
BLACK
6
CONTINUOUS
10
0.3052838976377953
20
0.2673861417322835
11
0.3052164173228347
21
0.2674873228346457
0
LINE
8
BLACK
6
CONTINUOUS
10
0.3052164173228347
20
0.2674873228346457
11
0.3052838976377953
21
0.2678247244094488
0
LINE
8
BLACK
6
CONTINUOUS
10
0.3052838976377953
20
0.2678247244094488
11
0.3052838976377953
21
0.2681685433070866
0
LINE
8
BLACK
6
CONTINUOUS
10
0.3052838976377953
20
0.2681685433070866
11
0.305369842519685
21
0.2682545275590551
0
LINE
8
BLACK
6
CONTINUOUS
10
0.305369842519685
20
0.2682545275590551
11
0.3053937007874016
21
0.2683737007874016
0
LINE
8
BLACK
6
CONTINUOUS
10
0.3053937007874016
20
0.2683737007874016
11
0.3057199212598425
21
0.2686992519685039
0
LINE
8
BLACK
6
CONTINUOUS
10
0.3057199212598425
20
0.2686992519685039
11
0.3078724015748032
21
0.2701343307086614
0
LINE
8
BLACK
6
CONTINUOUS
10
0.3078724015748032
20
0.2701343307086614
11
0.3091538976377953
21
0.2714158267716535
0
LINE
8
BLACK
6
CONTINUOUS
10
0.3091538976377953
20
0.2714158267716535
11
0.3098181102362205
21
0.2727442125984252
0
LINE
8
BLACK
6
CONTINUOUS
10
0.3098181102362205
20
0.2727442125984252
11
0.3101007086614173
21
0.2731082677165354
0
LINE
8
BLACK
6
CONTINUOUS
10
0.3101007086614173
20
0.2731082677165354
11
0.3109582283464567
21
0.2733941338582677
0
LINE
8
BLACK
6
CONTINUOUS
10
0.3109582283464567
20
0.2733941338582677
11
0.311766811023622
21
0.2729898031496063
0
LINE
8
BLACK
6
CONTINUOUS
10
0.3225751181102362
20
0.2883052755905512
11
0.3232142913385826
21
0.2876661023622047
0
LINE
8
BLACK
6
CONTINUOUS
10
0.3232142913385826
20
0.2876661023622047
11
0.3233042125984252
21
0.287214094488189
0
LINE
8
BLACK
6
CONTINUOUS
10
0.3233042125984252
20
0.287214094488189
11
0.3233042125984252
21
0.2834645669291339
0
LINE
8
BLACK
6
CONTINUOUS
10
0.3233042125984252
20
0.2834645669291339
11
0.3232672440944882
21
0.283278937007874
0
LINE
8
BLACK
6
CONTINUOUS
10
0.3232672440944882
20
0.283278937007874
11
0.3232436220472441
21
0.2830911023622047
0
LINE
8
BLACK
6
CONTINUOUS
10
0.3232436220472441
20
0.2830911023622047
11
0.3224937401574803
21
0.2808413385826772
0
LINE
8
BLACK
6
CONTINUOUS
10
0.3224937401574803
20
0.2808413385826772
11
0.3224644094488189
21
0.2807899212598425
0
LINE
8
BLACK
6
CONTINUOUS
10
0.3224644094488189
20
0.2807899212598425
11
0.3224644094488189
21
0.280762874015748
0
LINE
8
BLACK
6
CONTINUOUS
10
0.3224644094488189
20
0.280762874015748
11
0.322359251968504
21
0.2806055118110236
0
LINE
8
BLACK
6
CONTINUOUS
10
0.322359251968504
20
0.2806055118110236
11
0.3222654724409449
21
0.2804409842519685
0
LINE
8
BLACK
6
CONTINUOUS
10
0.3222654724409449
20
0.2804409842519685
11
0.3222412598425197
21
0.2804288976377953
0
LINE
8
BLACK
6
CONTINUOUS
10
0.3222412598425197
20
0.2804288976377953
11
0.3222083858267716
21
0.2803796456692914
0
LINE
8
BLACK
6
CONTINUOUS
10
0.3222083858267716
20
0.2803796456692914
11
0.3207085433070866
21
0.2788798818897638
0
LINE
8
BLACK
6
CONTINUOUS
10
0.3207085433070866
20
0.2788798818897638
11
0.320551062992126
21
0.2787746850393701
0
LINE
8
BLACK
6
CONTINUOUS
10
0.320551062992126
20
0.2787746850393701
11
0.3204015748031496
21
0.2786586220472441
0
LINE
8
BLACK
6
CONTINUOUS
10
0.3204015748031496
20
0.2786586220472441
11
0.3189017716535433
21
0.2779087401574803
0
LINE
8
BLACK
6
CONTINUOUS
10
0.3189017716535433
20
0.2779087401574803
11
0.318776968503937
21
0.2778746062992126
0
LINE
8
BLACK
6
CONTINUOUS
10
0.318776968503937
20
0.2778746062992126
11
0.3186600393700788
21
0.2778193307086614
0
LINE
8
BLACK
6
CONTINUOUS
10
0.3186600393700788
20
0.2778193307086614
11
0.3156604330708661
21
0.2770694094488189
0
LINE
8
BLACK
6
CONTINUOUS
10
0.3156604330708661
20
0.2770694094488189
11
0.3155159448818898
21
0.2770624015748032
0
LINE
8
BLACK
6
CONTINUOUS
10
0.3155159448818898
20
0.2770624015748032
11
0.3153739763779527
21
0.2770341338582677
0
LINE
8
BLACK
6
CONTINUOUS
10
0.3153739763779527
20
0.2770341338582677
11
0.3131242519685039
21
0.2770341338582677
0
LINE
8
BLACK
6
CONTINUOUS
10
0.3131242519685039
20
0.2770341338582677
11
0.3129822440944882
21
0.2770624015748032
0
LINE
8
BLACK
6
CONTINUOUS
10
0.3129822440944882
20
0.2770624015748032
11
0.3128377952755905
21
0.2770694094488189
0
LINE
8
BLACK
6
CONTINUOUS
10
0.3128377952755905
20
0.2770694094488189
11
0.3098381496062992
21
0.2778193307086614
0
LINE
8
BLACK
6
CONTINUOUS
10
0.3098381496062992
20
0.2778193307086614
11
0.3097211811023622
21
0.2778746062992126
0
LINE
8
BLACK
6
CONTINUOUS
10
0.3097211811023622
20
0.2778746062992126
11
0.3095964173228347
21
0.2779087401574803
0
LINE
8
BLACK
6
CONTINUOUS
10
0.3095964173228347
20
0.2779087401574803
11
0.3080966141732284
21
0.2786586220472441
0
LINE
8
BLACK
6
CONTINUOUS
10
0.3080966141732284
20
0.2786586220472441
11
0.307946968503937
21
0.2787747637795275
0
LINE
8
BLACK
6
CONTINUOUS
10
0.307946968503937
20
0.2787747637795275
11
0.3077896062992126
21
0.2788798818897638
0
LINE
8
BLACK
6
CONTINUOUS
10
0.3077896062992126
20
0.2788798818897638
11
0.3062898425196851
21
0.2803796850393701
0
LINE
8
BLACK
6
CONTINUOUS
10
0.3062898425196851
20
0.2803796850393701
11
0.306256968503937
21
0.2804288976377953
0
LINE
8
BLACK
6
CONTINUOUS
10
0.306256968503937
20
0.2804288976377953
11
0.3062327559055118
21
0.2804409842519685
0
LINE
8
BLACK
6
CONTINUOUS
10
0.3062327559055118
20
0.2804409842519685
11
0.3061389763779527
21
0.2806054724409449
0
LINE
8
BLACK
6
CONTINUOUS
10
0.3061389763779527
20
0.2806054724409449
11
0.3060338188976378
21
0.280762874015748
0
LINE
8
BLACK
6
CONTINUOUS
10
0.3060338188976378
20
0.280762874015748
11
0.3060338188976378
21
0.2807899606299212
0
LINE
8
BLACK
6
CONTINUOUS
10
0.3060338188976378
20
0.2807899606299212
11
0.3060045275590551
21
0.2808413385826772
0
LINE
8
BLACK
6
CONTINUOUS
10
0.3060045275590551
20
0.2808413385826772
11
0.3052546062992126
21
0.283091062992126
0
LINE
8
BLACK
6
CONTINUOUS
10
0.3052546062992126
20
0.283091062992126
11
0.3052309448818897
21
0.2832787007874016
0
LINE
8
BLACK
6
CONTINUOUS
10
0.3052309448818897
20
0.2832787007874016
11
0.3051939763779528
21
0.2834645669291339
0
LINE
8
BLACK
6
CONTINUOUS
10
0.3051939763779528
20
0.2834645669291339
11
0.3051939763779528
21
0.287214094488189
0
LINE
8
BLACK
6
CONTINUOUS
10
0.3051939763779528
20
0.287214094488189
11
0.3052838976377953
21
0.2876661023622047
0
LINE
8
BLACK
6
CONTINUOUS
10
0.3052838976377953
20
0.2876661023622047
11
0.3059230708661417
21
0.2883052755905512
0
LINE
8
BLACK
6
CONTINUOUS
10
0.3059230708661417
20
0.2883052755905512
11
0.3063750787401575
21
0.2883951968503937
0
LINE
8
BLACK
6
CONTINUOUS
10
0.3063750787401575
20
0.2883951968503937
11
0.3221231102362205
21
0.2883951968503937
0
LINE
8
BLACK
6
CONTINUOUS
10
0.3221231102362205
20
0.2883951968503937
11
0.3225751181102362
21
0.2883052755905512
0
LINE
8
BLACK
6
CONTINUOUS
10
0.3075561811023622
20
0.2836562204724409
11
0.3081572834645669
21
0.281852874015748
0
LINE
8
BLACK
6
CONTINUOUS
10
0.3081572834645669
20
0.281852874015748
11
0.3093244488188976
21
0.280685748031496
0
LINE
8
BLACK
6
CONTINUOUS
10
0.3093244488188976
20
0.280685748031496
11
0.3105368503937008
21
0.2800795669291338
0
LINE
8
BLACK
6
CONTINUOUS
10
0.3105368503937008
20
0.2800795669291338
11
0.3132696062992126
21
0.2793963385826772
0
LINE
8
BLACK
6
CONTINUOUS
10
0.3132696062992126
20
0.2793963385826772
11
0.3152286220472441
21
0.2793963385826772
0
LINE
8
BLACK
6
CONTINUOUS
10
0.3152286220472441
20
0.2793963385826772
11
0.3179612992125984
21
0.2800795275590551
0
LINE
8
BLACK
6
CONTINUOUS
10
0.3179612992125984
20
0.2800795275590551
11
0.319173779527559
21
0.2806857874015748
0
LINE
8
BLACK
6
CONTINUOUS
10
0.319173779527559
20
0.2806857874015748
11
0.3203408267716535
21
0.2818528346456693
0
LINE
8
BLACK
6
CONTINUOUS
10
0.3203408267716535
20
0.2818528346456693
11
0.3209420078740157
21
0.2836562992125984
0
LINE
8
BLACK
6
CONTINUOUS
10
0.3209420078740157
20
0.2836562992125984
11
0.3209420078740157
21
0.2860329921259843
0
LINE
8
BLACK
6
CONTINUOUS
10
0.3209420078740157
20
0.2860329921259843
11
0.3075561811023622
21
0.2860329921259843
0
LINE
8
BLACK
6
CONTINUOUS
10
0.3075561811023622
20
0.2860329921259843
11
0.3075561811023622
21
0.2836562204724409
0
LINE
8
BLACK
6
CONTINUOUS
10
0.331461968503937
20
0.3089052755905512
11
0.3325273228346456
21
0.3078399212598425
0
LINE
8
BLACK
6
CONTINUOUS
10
0.3325273228346456
20
0.3078399212598425
11
0.3326771653543307
21
0.3070866141732284
0
LINE
8
BLACK
6
CONTINUOUS
10
0.3326771653543307
20
0.3070866141732284
11
0.3326771653543307
21
0.2440944881889764
0
LINE
8
BLACK
6
CONTINUOUS
10
0.3326771653543307
20
0.2440944881889764
11
0.3325273228346456
21
0.2433411811023622
0
LINE
8
BLACK
6
CONTINUOUS
10
0.3325273228346456
20
0.2433411811023622
11
0.331461968503937
21
0.2422758267716535
0
LINE
8
BLACK
6
CONTINUOUS
10
0.331461968503937
20
0.2422758267716535
11
0.3307086614173228
21
0.2421259842519685
0
LINE
8
BLACK
6
CONTINUOUS
10
0.3307086614173228
20
0.2421259842519685
11
0.2992125984251968
21
0.2421259842519685
0
LINE
8
BLACK
6
CONTINUOUS
10
0.2992125984251968
20
0.2421259842519685
11
0.2984592913385827
21
0.2422758267716535
0
LINE
8
BLACK
6
CONTINUOUS
10
0.2984592913385827
20
0.2422758267716535
11
0.297393937007874
21
0.2433411811023622
0
LINE
8
BLACK
6
CONTINUOUS
10
0.297393937007874
20
0.2433411811023622
11
0.2972440944881889
21
0.2440944881889764
0
LINE
8
BLACK
6
CONTINUOUS
10
0.2972440944881889
20
0.2440944881889764
11
0.2972440944881889
21
0.2952755905511811
0
LINE
8
BLACK
6
CONTINUOUS
10
0.2972440944881889
20
0.2952755905511811
11
0.297393937007874
21
0.2960288976377953
0
LINE
8
BLACK
6
CONTINUOUS
10
0.297393937007874
20
0.2960288976377953
11
0.2978206692913386
21
0.2966675196850393
0
LINE
8
BLACK
6
CONTINUOUS
10
0.2978206692913386
20
0.2966675196850393
11
0.3096316929133858
21
0.3084785433070866
0
LINE
8
BLACK
6
CONTINUOUS
10
0.3096316929133858
20
0.3084785433070866
11
0.3102703149606299
21
0.3089052755905512
0
LINE
8
BLACK
6
CONTINUOUS
10
0.3102703149606299
20
0.3089052755905512
11
0.3110236220472441
21
0.3090551181102362
0
LINE
8
BLACK
6
CONTINUOUS
10
0.3110236220472441
20
0.3090551181102362
11
0.3307086614173228
21
0.3090551181102362
0
LINE
8
BLACK
6
CONTINUOUS
10
0.3307086614173228
20
0.3090551181102362
11
0.331461968503937
21
0.3089052755905512
0
LINE
8
BLACK
6
CONTINUOUS
10
0.3118389763779528
20
0.3051181102362205
11
0.3011811023622047
21
0.2944602362204725
0
LINE
8
BLACK
6
CONTINUOUS
10
0.3011811023622047
20
0.2944602362204725
11
0.3011811023622047
21
0.2460629921259843
0
LINE
8
BLACK
6
CONTINUOUS
10
0.3011811023622047
20
0.2460629921259843
11
0.3287401574803149
21
0.2460629921259843
0
LINE
8
BLACK
6
CONTINUOUS
10
0.3287401574803149
20
0.2460629921259843
11
0.3287401574803149
21
0.3051181102362205
0
LINE
8
BLACK
6
CONTINUOUS
10
0.3287401574803149
20
0.3051181102362205
11
0.3118389763779528
21
0.3051181102362205
0
LINE
8
BLACK
6
CONTINUOUS
10
0.3828061811023622
20
0.275399251968504
11
0.3830920472440945
21
0.2745417322834646
0
LINE
8
BLACK
6
CONTINUOUS
10
0.3830920472440945
20
0.2745417322834646
11
0.3829703149606299
21
0.2740972440944882
0
LINE
8
BLACK
6
CONTINUOUS
10
0.3829703149606299
20
0.2740972440944882
11
0.3822203937007874
21
0.2725974015748032
0
LINE
8
BLACK
6
CONTINUOUS
10
0.3822203937007874
20
0.2725974015748032
11
0.3821042519685039
21
0.2724478346456693
0
LINE
8
BLACK
6
CONTINUOUS
10
0.3821042519685039
20
0.2724478346456693
11
0.3819991338582677
21
0.2722904330708661
0
LINE
8
BLACK
6
CONTINUOUS
10
0.3819991338582677
20
0.2722904330708661
11
0.3810157480314961
21
0.2713070866141732
0
LINE
8
BLACK
6
CONTINUOUS
10
0.3810157480314961
20
0.2713070866141732
11
0.3919813779527559
21
0.2713070866141732
0
LINE
8
BLACK
6
CONTINUOUS
10
0.3919813779527559
20
0.2713070866141732
11
0.3919813779527559
21
0.2746254330708661
0
LINE
8
BLACK
6
CONTINUOUS
10
0.3919813779527559
20
0.2746254330708661
11
0.3920712992125984
21
0.2750774409448819
0
LINE
8
BLACK
6
CONTINUOUS
10
0.3920712992125984
20
0.2750774409448819
11
0.3927104724409449
21
0.2757166141732283
0
LINE
8
BLACK
6
CONTINUOUS
10
0.3927104724409449
20
0.2757166141732283
11
0.3936144881889764
21
0.2757166141732283
0
LINE
8
BLACK
6
CONTINUOUS
10
0.3936144881889764
20
0.2757166141732283
11
0.3942536614173228
21
0.2750774409448819
0
LINE
8
BLACK
6
CONTINUOUS
10
0.3942536614173228
20
0.2750774409448819
11
0.3943435826771653
21
0.2746254330708661
0
LINE
8
BLACK
6
CONTINUOUS
10
0.3943435826771653
20
0.2746254330708661
11
0.3943435826771653
21
0.2656265748031496
0
LINE
8
BLACK
6
CONTINUOUS
10
0.3943435826771653
20
0.2656265748031496
11
0.3942536614173228
21
0.2651745669291338
0
LINE
8
BLACK
6
CONTINUOUS
10
0.3942536614173228
20
0.2651745669291338
11
0.3936144881889764
21
0.2645353937007874
0
LINE
8
BLACK
6
CONTINUOUS
10
0.3936144881889764
20
0.2645353937007874
11
0.3927104724409449
21
0.2645353937007874
0
LINE
8
BLACK
6
CONTINUOUS
10
0.3927104724409449
20
0.2645353937007874
11
0.3920712992125984
21
0.2651745669291338
0
LINE
8
BLACK
6
CONTINUOUS
10
0.3920712992125984
20
0.2651745669291338
11
0.3919813779527559
21
0.2656265748031496
0
LINE
8
BLACK
6
CONTINUOUS
10
0.3919813779527559
20
0.2656265748031496
11
0.3919813779527559
21
0.2689448818897638
0
LINE
8
BLACK
6
CONTINUOUS
10
0.3919813779527559
20
0.2689448818897638
11
0.3774144488188976
21
0.2689448818897638
0
LINE
8
BLACK
6
CONTINUOUS
10
0.3774144488188976
20
0.2689448818897638
11
0.3769624409448819
21
0.2690348031496063
0
LINE
8
BLACK
6
CONTINUOUS
10
0.3769624409448819
20
0.2690348031496063
11
0.3768764566929134
21
0.2691207874015748
0
LINE
8
BLACK
6
CONTINUOUS
10
0.3768764566929134
20
0.2691207874015748
11
0.3767572834645669
21
0.2691446062992126
0
LINE
8
BLACK
6
CONTINUOUS
10
0.3767572834645669
20
0.2691446062992126
11
0.3765664960629921
21
0.2694307480314961
0
LINE
8
BLACK
6
CONTINUOUS
10
0.3765664960629921
20
0.2694307480314961
11
0.3763232677165354
21
0.2696739763779528
0
LINE
8
BLACK
6
CONTINUOUS
10
0.3763232677165354
20
0.2696739763779528
11
0.3763232677165354
21
0.2697955905511811
0
LINE
8
BLACK
6
CONTINUOUS
10
0.3763232677165354
20
0.2697955905511811
11
0.3762557874015748
21
0.2698967716535433
0
LINE
8
BLACK
6
CONTINUOUS
10
0.3762557874015748
20
0.2698967716535433
11
0.3763232677165354
21
0.2702341732283465
0
LINE
8
BLACK
6
CONTINUOUS
10
0.3763232677165354
20
0.2702341732283465
11
0.3763232677165354
21
0.2705779921259843
0
LINE
8
BLACK
6
CONTINUOUS
10
0.3763232677165354
20
0.2705779921259843
11
0.3764092125984252
21
0.2706639763779528
0
LINE
8
BLACK
6
CONTINUOUS
10
0.3764092125984252
20
0.2706639763779528
11
0.3764330708661418
21
0.2707831496062992
0
LINE
8
BLACK
6
CONTINUOUS
10
0.3764330708661418
20
0.2707831496062992
11
0.3767592913385827
21
0.2711087007874016
0
LINE
8
BLACK
6
CONTINUOUS
10
0.3767592913385827
20
0.2711087007874016
11
0.3789117716535433
21
0.272543779527559
0
LINE
8
BLACK
6
CONTINUOUS
10
0.3789117716535433
20
0.272543779527559
11
0.3801932677165354
21
0.2738252755905512
0
LINE
8
BLACK
6
CONTINUOUS
10
0.3801932677165354
20
0.2738252755905512
11
0.3808574803149606
21
0.2751536614173228
0
LINE
8
BLACK
6
CONTINUOUS
10
0.3808574803149606
20
0.2751536614173228
11
0.3811400787401575
21
0.2755177165354331
0
LINE
8
BLACK
6
CONTINUOUS
10
0.3811400787401575
20
0.2755177165354331
11
0.3819975984251968
21
0.2758035826771654
0
LINE
8
BLACK
6
CONTINUOUS
10
0.3819975984251968
20
0.2758035826771654
11
0.3828061811023622
21
0.275399251968504
0
LINE
8
BLACK
6
CONTINUOUS
10
0.3936144881889764
20
0.2907147244094488
11
0.3942536614173228
21
0.2900755511811023
0
LINE
8
BLACK
6
CONTINUOUS
10
0.3942536614173228
20
0.2900755511811023
11
0.3942536614173228
21
0.2891715354330708
0
LINE
8
BLACK
6
CONTINUOUS
10
0.3942536614173228
20
0.2891715354330708
11
0.3936144881889764
21
0.2885323622047244
0
LINE
8
BLACK
6
CONTINUOUS
10
0.3936144881889764
20
0.2885323622047244
11
0.3931624803149606
21
0.2884424409448819
0
LINE
8
BLACK
6
CONTINUOUS
10
0.3931624803149606
20
0.2884424409448819
11
0.3868445275590551
21
0.2884424409448819
0
LINE
8
BLACK
6
CONTINUOUS
10
0.3868445275590551
20
0.2884424409448819
11
0.3868445275590551
21
0.2864889763779527
0
LINE
8
BLACK
6
CONTINUOUS
10
0.3868445275590551
20
0.2864889763779527
11
0.3938397637795276
21
0.2815922834645669
0
LINE
8
BLACK
6
CONTINUOUS
10
0.3938397637795276
20
0.2815922834645669
11
0.3941585039370079
21
0.2812594094488189
0
LINE
8
BLACK
6
CONTINUOUS
10
0.3941585039370079
20
0.2812594094488189
11
0.3943155905511811
21
0.2803692519685039
0
LINE
8
BLACK
6
CONTINUOUS
10
0.3943155905511811
20
0.2803692519685039
11
0.3937972047244094
21
0.2796286614173228
0
LINE
8
BLACK
6
CONTINUOUS
10
0.3937972047244094
20
0.2796286614173228
11
0.3929070078740157
21
0.2794715748031496
0
LINE
8
BLACK
6
CONTINUOUS
10
0.3929070078740157
20
0.2794715748031496
11
0.3924851574803149
21
0.2796570866141732
0
LINE
8
BLACK
6
CONTINUOUS
10
0.3924851574803149
20
0.2796570866141732
11
0.386841220472441
21
0.2836078346456693
0
LINE
8
BLACK
6
CONTINUOUS
10
0.386841220472441
20
0.2836078346456693
11
0.3868329921259843
21
0.2835663385826772
0
LINE
8
BLACK
6
CONTINUOUS
10
0.3868329921259843
20
0.2835663385826772
11
0.3868415748031496
21
0.2835405905511811
0
LINE
8
BLACK
6
CONTINUOUS
10
0.3868415748031496
20
0.2835405905511811
11
0.3867914960629921
21
0.2833577952755905
0
LINE
8
BLACK
6
CONTINUOUS
10
0.3867914960629921
20
0.2833577952755905
11
0.3867546062992126
21
0.2831722834645669
0
LINE
8
BLACK
6
CONTINUOUS
10
0.3867546062992126
20
0.2831722834645669
11
0.3867354330708661
21
0.2831531496062992
0
LINE
8
BLACK
6
CONTINUOUS
10
0.3867354330708661
20
0.2831531496062992
11
0.3867198425196851
21
0.2830961023622047
0
LINE
8
BLACK
6
CONTINUOUS
10
0.3867198425196851
20
0.2830961023622047
11
0.3859699212598425
21
0.2815962598425197
0
LINE
8
BLACK
6
CONTINUOUS
10
0.3859699212598425
20
0.2815962598425197
11
0.385853937007874
21
0.2814468897637795
0
LINE
8
BLACK
6
CONTINUOUS
10
0.385853937007874
20
0.2814468897637795
11
0.3857487007874016
21
0.2812893307086614
0
LINE
8
BLACK
6
CONTINUOUS
10
0.3857487007874016
20
0.2812893307086614
11
0.3849987795275591
21
0.2805394488188976
0
LINE
8
BLACK
6
CONTINUOUS
10
0.3849987795275591
20
0.2805394488188976
11
0.3848415748031496
21
0.2804344488188976
0
LINE
8
BLACK
6
CONTINUOUS
10
0.3848415748031496
20
0.2804344488188976
11
0.3846918503937008
21
0.2803181889763779
0
LINE
8
BLACK
6
CONTINUOUS
10
0.3846918503937008
20
0.2803181889763779
11
0.383191968503937
21
0.2795682677165354
0
LINE
8
BLACK
6
CONTINUOUS
10
0.383191968503937
20
0.2795682677165354
11
0.3831349212598425
21
0.2795526771653543
0
LINE
8
BLACK
6
CONTINUOUS
10
0.3831349212598425
20
0.2795526771653543
11
0.3831157874015748
21
0.2795335039370079
0
LINE
8
BLACK
6
CONTINUOUS
10
0.3831157874015748
20
0.2795335039370079
11
0.3829299606299212
21
0.2794965748031496
0
LINE
8
BLACK
6
CONTINUOUS
10
0.3829299606299212
20
0.2794965748031496
11
0.3827474803149606
21
0.2794465748031496
0
LINE
8
BLACK
6
CONTINUOUS
10
0.3827474803149606
20
0.2794465748031496
11
0.382721811023622
21
0.279455157480315
0
LINE
8
BLACK
6
CONTINUOUS
10
0.382721811023622
20
0.279455157480315
11
0.382663779527559
21
0.2794435826771653
0
LINE
8
BLACK
6
CONTINUOUS
10
0.382663779527559
20
0.2794435826771653
11
0.380414094488189
21
0.2794435826771653
0
LINE
8
BLACK
6
CONTINUOUS
10
0.380414094488189
20
0.2794435826771653
11
0.3803561023622047
21
0.2794551181102362
0
LINE
8
BLACK
6
CONTINUOUS
10
0.3803561023622047
20
0.2794551181102362
11
0.3803303937007874
21
0.2794465354330709
0
LINE
8
BLACK
6
CONTINUOUS
10
0.3803303937007874
20
0.2794465354330709
11
0.3801475590551181
21
0.2794966141732284
0
LINE
8
BLACK
6
CONTINUOUS
10
0.3801475590551181
20
0.2794966141732284
11
0.3799620866141732
21
0.2795335039370079
0
LINE
8
BLACK
6
CONTINUOUS
10
0.3799620866141732
20
0.2795335039370079
11
0.3799429133858268
21
0.2795526771653543
0
LINE
8
BLACK
6
CONTINUOUS
10
0.3799429133858268
20
0.2795526771653543
11
0.379885905511811
21
0.2795682677165354
0
LINE
8
BLACK
6
CONTINUOUS
10
0.379885905511811
20
0.2795682677165354
11
0.378386062992126
21
0.2803181889763779
0
LINE
8
BLACK
6
CONTINUOUS
10
0.378386062992126
20
0.2803181889763779
11
0.3782368110236221
21
0.2804340551181102
0
LINE
8
BLACK
6
CONTINUOUS
10
0.3782368110236221
20
0.2804340551181102
11
0.378079094488189
21
0.2805394094488189
0
LINE
8
BLACK
6
CONTINUOUS
10
0.378079094488189
20
0.2805394094488189
11
0.3773292125984252
21
0.2812893307086614
0
LINE
8
BLACK
6
CONTINUOUS
10
0.3773292125984252
20
0.2812893307086614
11
0.3772241732283464
21
0.2814465354330709
0
LINE
8
BLACK
6
CONTINUOUS
10
0.3772241732283464
20
0.2814465354330709
11
0.3771079527559055
21
0.2815962598425197
0
LINE
8
BLACK
6
CONTINUOUS
10
0.3771079527559055
20
0.2815962598425197
11
0.376358031496063
21
0.283096062992126
0
LINE
8
BLACK
6
CONTINUOUS
10
0.376358031496063
20
0.283096062992126
11
0.3763424015748031
21
0.2831531496062992
0
LINE
8
BLACK
6
CONTINUOUS
10
0.3763424015748031
20
0.2831531496062992
11
0.3763232677165354
21
0.2831722834645669
0
LINE
8
BLACK
6
CONTINUOUS
10
0.3763232677165354
20
0.2831722834645669
11
0.3762862992125984
21
0.2833580708661417
0
LINE
8
BLACK
6
CONTINUOUS
10
0.3762862992125984
20
0.2833580708661417
11
0.3762363385826771
21
0.2835405905511811
0
LINE
8
BLACK
6
CONTINUOUS
10
0.3762363385826771
20
0.2835405905511811
11
0.3762448818897638
21
0.2835662598425197
0
LINE
8
BLACK
6
CONTINUOUS
10
0.3762448818897638
20
0.2835662598425197
11
0.3762333464566929
21
0.2836242913385827
0
LINE
8
BLACK
6
CONTINUOUS
10
0.3762333464566929
20
0.2836242913385827
11
0.3762333464566929
21
0.2896235433070866
0
LINE
8
BLACK
6
CONTINUOUS
10
0.3762333464566929
20
0.2896235433070866
11
0.3763232677165354
21
0.2900755511811023
0
LINE
8
BLACK
6
CONTINUOUS
10
0.3763232677165354
20
0.2900755511811023
11
0.3769624409448819
21
0.2907147244094488
0
LINE
8
BLACK
6
CONTINUOUS
10
0.3769624409448819
20
0.2907147244094488
11
0.3774144488188976
21
0.2908046456692913
0
LINE
8
BLACK
6
CONTINUOUS
10
0.3774144488188976
20
0.2908046456692913
11
0.3931624803149606
21
0.2908046456692913
0
LINE
8
BLACK
6
CONTINUOUS
10
0.3931624803149606
20
0.2908046456692913
11
0.3936144881889764
21
0.2907147244094488
0
LINE
8
BLACK
6
CONTINUOUS
10
0.3785955511811023
20
0.2839031496062992
11
0.3791350393700788
21
0.2828241338582677
0
LINE
8
BLACK
6
CONTINUOUS
10
0.3791350393700788
20
0.2828241338582677
11
0.3796138976377953
21
0.2823453149606299
0
LINE
8
BLACK
6
CONTINUOUS
10
0.3796138976377953
20
0.2823453149606299
11
0.3806929527559055
21
0.2818057874015748
0
LINE
8
BLACK
6
CONTINUOUS
10
0.3806929527559055
20
0.2818057874015748
11
0.3823849606299213
21
0.2818057874015748
0
LINE
8
BLACK
6
CONTINUOUS
10
0.3823849606299213
20
0.2818057874015748
11
0.3834639763779528
21
0.2823453149606299
0
LINE
8
BLACK
6
CONTINUOUS
10
0.3834639763779528
20
0.2823453149606299
11
0.3839427559055118
21
0.2828241338582677
0
LINE
8
BLACK
6
CONTINUOUS
10
0.3839427559055118
20
0.2828241338582677
11
0.3844823228346457
21
0.283903188976378
0
LINE
8
BLACK
6
CONTINUOUS
10
0.3844823228346457
20
0.283903188976378
11
0.3844823228346457
21
0.2884424409448819
0
LINE
8
BLACK
6
CONTINUOUS
10
0.3844823228346457
20
0.2884424409448819
11
0.3785955511811023
21
0.2884424409448819
0
LINE
8
BLACK
6
CONTINUOUS
10
0.3785955511811023
20
0.2884424409448819
11
0.3785955511811023
21
0.2839031496062992
0
LINE
8
BLACK
6
CONTINUOUS
10
0.4029934645669291
20
0.3113147244094488
11
0.4040588188976378
21
0.3102493700787401
0
LINE
8
BLACK
6
CONTINUOUS
10
0.4040588188976378
20
0.3102493700787401
11
0.4042086614173228
21
0.309496062992126
0
LINE
8
BLACK
6
CONTINUOUS
10
0.4042086614173228
20
0.309496062992126
11
0.4042086614173228
21
0.246503937007874
0
LINE
8
BLACK
6
CONTINUOUS
10
0.4042086614173228
20
0.246503937007874
11
0.4040588188976378
21
0.2457506299212598
0
LINE
8
BLACK
6
CONTINUOUS
10
0.4040588188976378
20
0.2457506299212598
11
0.4029934645669291
21
0.2446852755905512
0
LINE
8
BLACK
6
CONTINUOUS
10
0.4029934645669291
20
0.2446852755905512
11
0.4022401574803149
21
0.2445354330708661
0
LINE
8
BLACK
6
CONTINUOUS
10
0.4022401574803149
20
0.2445354330708661
11
0.369759842519685
21
0.2445354330708661
0
LINE
8
BLACK
6
CONTINUOUS
10
0.369759842519685
20
0.2445354330708661
11
0.3690065354330709
21
0.2446852755905512
0
LINE
8
BLACK
6
CONTINUOUS
10
0.3690065354330709
20
0.2446852755905512
11
0.3679411811023622
21
0.2457506299212598
0
LINE
8
BLACK
6
CONTINUOUS
10
0.3679411811023622
20
0.2457506299212598
11
0.3677913385826772
21
0.246503937007874
0
LINE
8
BLACK
6
CONTINUOUS
10
0.3677913385826772
20
0.246503937007874
11
0.3677913385826772
21
0.309496062992126
0
LINE
8
BLACK
6
CONTINUOUS
10
0.3677913385826772
20
0.309496062992126
11
0.3679411811023622
21
0.3102493700787401
0
LINE
8
BLACK
6
CONTINUOUS
10
0.3679411811023622
20
0.3102493700787401
11
0.3690065354330709
21
0.3113147244094488
0
LINE
8
BLACK
6
CONTINUOUS
10
0.3690065354330709
20
0.3113147244094488
11
0.369759842519685
21
0.3114645669291338
0
LINE
8
BLACK
6
CONTINUOUS
10
0.369759842519685
20
0.3114645669291338
11
0.4022401574803149
21
0.3114645669291338
0
LINE
8
BLACK
6
CONTINUOUS
10
0.4022401574803149
20
0.3114645669291338
11
0.4029934645669291
21
0.3113147244094488
0
LINE
8
BLACK
6
CONTINUOUS
10
0.3717283464566929
20
0.3075275590551181
11
0.3717283464566929
21
0.2484724409448819
0
LINE
8
BLACK
6
CONTINUOUS
10
0.3717283464566929
20
0.2484724409448819
11
0.4002716535433071
21
0.2484724409448819
0
LINE
8
BLACK
6
CONTINUOUS
10
0.4002716535433071
20
0.2484724409448819
11
0.4002716535433071
21
0.3075275590551181
0
LINE
8
BLACK
6
CONTINUOUS
10
0.4002716535433071
20
0.3075275590551181
11
0.3717283464566929
21
0.3075275590551181
0
LINE
8
BLACK
6
CONTINUOUS
10
0.639220905511811
20
0.3727762598425197
11
0.6392465748031496
21
0.3727848031496063
0
LINE
8
BLACK
6
CONTINUOUS
10
0.6392465748031496
20
0.3727848031496063
11
0.639429094488189
21
0.372734842519685
0
LINE
8
BLACK
6
CONTINUOUS
10
0.639429094488189
20
0.372734842519685
11
0.6396148818897638
21
0.372697874015748
0
LINE
8
BLACK
6
CONTINUOUS
10
0.6396148818897638
20
0.372697874015748
11
0.6396340157480315
21
0.3726787401574803
0
LINE
8
BLACK
6
CONTINUOUS
10
0.6396340157480315
20
0.3726787401574803
11
0.6396911023622047
21
0.3726631102362205
0
LINE
8
BLACK
6
CONTINUOUS
10
0.6396911023622047
20
0.3726631102362205
11
0.641190905511811
21
0.3719131889763779
0
LINE
8
BLACK
6
CONTINUOUS
10
0.641190905511811
20
0.3719131889763779
11
0.6413403543307087
21
0.3717971653543307
0
LINE
8
BLACK
6
CONTINUOUS
10
0.6413403543307087
20
0.3717971653543307
11
0.6414978346456692
21
0.371691968503937
0
LINE
8
BLACK
6
CONTINUOUS
10
0.6414978346456692
20
0.371691968503937
11
0.6422477165354331
21
0.3709420866141732
0
LINE
8
BLACK
6
CONTINUOUS
10
0.6422477165354331
20
0.3709420866141732
11
0.6423527952755905
21
0.370784842519685
0
LINE
8
BLACK
6
CONTINUOUS
10
0.6423527952755905
20
0.370784842519685
11
0.6424690157480315
21
0.3706350787401575
0
LINE
8
BLACK
6
CONTINUOUS
10
0.6424690157480315
20
0.3706350787401575
11
0.6432188976377953
21
0.3691352755905511
0
LINE
8
BLACK
6
CONTINUOUS
10
0.6432188976377953
20
0.3691352755905511
11
0.6432344881889763
21
0.3690782677165354
0
LINE
8
BLACK
6
CONTINUOUS
10
0.6432344881889763
20
0.3690782677165354
11
0.6432536614173229
21
0.369059094488189
0
LINE
8
BLACK
6
CONTINUOUS
10
0.6432536614173229
20
0.369059094488189
11
0.6432905905511811
21
0.3688733070866141
0
LINE
8
BLACK
6
CONTINUOUS
10
0.6432905905511811
20
0.3688733070866141
11
0.6433405905511811
21
0.3686907874015748
0
LINE
8
BLACK
6
CONTINUOUS
10
0.6433405905511811
20
0.3686907874015748
11
0.6433320078740158
21
0.368665157480315
0
LINE
8
BLACK
6
CONTINUOUS
10
0.6433320078740158
20
0.368665157480315
11
0.6433435826771653
21
0.3686070866141732
0
LINE
8
BLACK
6
CONTINUOUS
10
0.6433435826771653
20
0.3686070866141732
11
0.6433435826771653
21
0.3656074409448819
0
LINE
8
BLACK
6
CONTINUOUS
10
0.6433435826771653
20
0.3656074409448819
11
0.6433320078740158
21
0.3655494094488189
0
LINE
8
BLACK
6
CONTINUOUS
10
0.6433320078740158
20
0.3655494094488189
11
0.6433405905511811
21
0.3655237401574803
0
LINE
8
BLACK
6
CONTINUOUS
10
0.6433405905511811
20
0.3655237401574803
11
0.6432905905511811
21
0.3653412598425197
0
LINE
8
BLACK
6
CONTINUOUS
10
0.6432905905511811
20
0.3653412598425197
11
0.6432536614173229
21
0.3651554330708661
0
LINE
8
BLACK
6
CONTINUOUS
10
0.6432536614173229
20
0.3651554330708661
11
0.6432344881889763
21
0.3651362992125984
0
LINE
8
BLACK
6
CONTINUOUS
10
0.6432344881889763
20
0.3651362992125984
11
0.6432188976377953
21
0.3650792519685039
0
LINE
8
BLACK
6
CONTINUOUS
10
0.6432188976377953
20
0.3650792519685039
11
0.6424690157480315
21
0.3635794488188976
0
LINE
8
BLACK
6
CONTINUOUS
10
0.6424690157480315
20
0.3635794488188976
11
0.642352874015748
21
0.363429842519685
0
LINE
8
BLACK
6
CONTINUOUS
10
0.642352874015748
20
0.363429842519685
11
0.6422477559055118
21
0.3632724803149606
0
LINE
8
BLACK
6
CONTINUOUS
10
0.6422477559055118
20
0.3632724803149606
11
0.6414978346456692
21
0.3625225590551181
0
LINE
8
BLACK
6
CONTINUOUS
10
0.6414978346456692
20
0.3625225590551181
11
0.6413404724409448
21
0.3624174803149606
0
LINE
8
BLACK
6
CONTINUOUS
10
0.6413404724409448
20
0.3624174803149606
11
0.6411908661417323
21
0.3623012992125984
0
LINE
8
BLACK
6
CONTINUOUS
10
0.6411908661417323
20
0.3623012992125984
11
0.639691062992126
21
0.3615514173228346
0
LINE
8
BLACK
6
CONTINUOUS
10
0.639691062992126
20
0.3615514173228346
11
0.6396340157480315
21
0.3615358267716535
0
LINE
8
BLACK
6
CONTINUOUS
10
0.6396340157480315
20
0.3615358267716535
11
0.6396148818897638
21
0.3615166535433071
0
LINE
8
BLACK
6
CONTINUOUS
10
0.6396148818897638
20
0.3615166535433071
11
0.6394290551181102
21
0.3614797244094488
0
LINE
8
BLACK
6
CONTINUOUS
10
0.6394290551181102
20
0.3614797244094488
11
0.6392465748031496
21
0.3614297244094488
0
LINE
8
BLACK
6
CONTINUOUS
10
0.6392465748031496
20
0.3614297244094488
11
0.639220905511811
21
0.3614383070866142
0
LINE
8
BLACK
6
CONTINUOUS
10
0.639220905511811
20
0.3614383070866142
11
0.639162874015748
21
0.3614267322834646
0
LINE
8
BLACK
6
CONTINUOUS
10
0.639162874015748
20
0.3614267322834646
11
0.6354133464566929
21
0.3614267322834646
0
LINE
8
BLACK
6
CONTINUOUS
10
0.6354133464566929
20
0.3614267322834646
11
0.6353552755905512
21
0.3614383070866142
0
LINE
8
BLACK
6
CONTINUOUS
10
0.6353552755905512
20
0.3614383070866142
11
0.6353296456692913
21
0.3614297244094488
0
LINE
8
BLACK
6
CONTINUOUS
10
0.6353296456692913
20
0.3614297244094488
11
0.6351471259842519
21
0.3614797244094488
0
LINE
8
BLACK
6
CONTINUOUS
10
0.6351471259842519
20
0.3614797244094488
11
0.6349613385826771
21
0.3615166535433071
0
LINE
8
BLACK
6
CONTINUOUS
10
0.6349613385826771
20
0.3615166535433071
11
0.6349421653543307
21
0.3615358267716535
0
LINE
8
BLACK
6
CONTINUOUS
10
0.6349421653543307
20
0.3615358267716535
11
0.6348851574803149
21
0.3615514173228346
0
LINE
8
BLACK
6
CONTINUOUS
10
0.6348851574803149
20
0.3615514173228346
11
0.6333853149606299
21
0.3623012992125984
0
LINE
8
BLACK
6
CONTINUOUS
10
0.6333853149606299
20
0.3623012992125984
11
0.6332356692913386
21
0.3624174409448819
0
LINE
8
BLACK
6
CONTINUOUS
10
0.6332356692913386
20
0.3624174409448819
11
0.6330783070866142
21
0.3625225984251969
0
LINE
8
BLACK
6
CONTINUOUS
10
0.6330783070866142
20
0.3625225984251969
11
0.6323284251968504
21
0.3632724803149606
0
LINE
8
BLACK
6
CONTINUOUS
10
0.6323284251968504
20
0.3632724803149606
11
0.6322232283464567
21
0.3634299606299213
0
LINE
8
BLACK
6
CONTINUOUS
10
0.6322232283464567
20
0.3634299606299213
11
0.6321072047244094
21
0.3635794094488189
0
LINE
8
BLACK
6
CONTINUOUS
10
0.6321072047244094
20
0.3635794094488189
11
0.6313572834645669
21
0.3650792125984252
0
LINE
8
BLACK
6
CONTINUOUS
10
0.6313572834645669
20
0.3650792125984252
11
0.6313416535433071
21
0.3651362992125984
0
LINE
8
BLACK
6
CONTINUOUS
10
0.6313416535433071
20
0.3651362992125984
11
0.6313225196850394
21
0.3651554330708661
0
LINE
8
BLACK
6
CONTINUOUS
10
0.6313225196850394
20
0.3651554330708661
11
0.6312855511811023
21
0.3653412204724409
0
LINE
8
BLACK
6
CONTINUOUS
10
0.6312855511811023
20
0.3653412204724409
11
0.6312355905511811
21
0.3655237401574803
0
LINE
8
BLACK
6
CONTINUOUS
10
0.6312355905511811
20
0.3655237401574803
11
0.6312441338582677
21
0.3655494094488189
0
LINE
8
BLACK
6
CONTINUOUS
10
0.6312441338582677
20
0.3655494094488189
11
0.6312325984251969
21
0.3656074409448819
0
LINE
8
BLACK
6
CONTINUOUS
10
0.6312325984251969
20
0.3656074409448819
11
0.6312325984251969
21
0.3686070866141732
0
LINE
8
BLACK
6
CONTINUOUS
10
0.6312325984251969
20
0.3686070866141732
11
0.6312441338582677
21
0.368665157480315
0
LINE
8
BLACK
6
CONTINUOUS
10
0.6312441338582677
20
0.368665157480315
11
0.6312355905511811
21
0.3686907874015748
0
LINE
8
BLACK
6
CONTINUOUS
10
0.6312355905511811
20
0.3686907874015748
11
0.6312855511811023
21
0.3688733464566929
0
LINE
8
BLACK
6
CONTINUOUS
10
0.6312855511811023
20
0.3688733464566929
11
0.6313225196850394
21
0.369059094488189
0
LINE
8
BLACK
6
CONTINUOUS
10
0.6313225196850394
20
0.369059094488189
11
0.6313416535433071
21
0.3690782677165354
0
LINE
8
BLACK
6
CONTINUOUS
10
0.6313416535433071
20
0.3690782677165354
11
0.6313572834645669
21
0.3691353149606299
0
LINE
8
BLACK
6
CONTINUOUS
10
0.6313572834645669
20
0.3691353149606299
11
0.6318157480314961
21
0.3700523228346457
0
LINE
8
BLACK
6
CONTINUOUS
10
0.6318157480314961
20
0.3700523228346457
11
0.6306489763779527
21
0.3697605905511811
0
LINE
8
BLACK
6
CONTINUOUS
10
0.6306489763779527
20
0.3697605905511811
11
0.6286666929133858
21
0.368439094488189
0
LINE
8
BLACK
6
CONTINUOUS
10
0.6286666929133858
20
0.368439094488189
11
0.6281350393700788
21
0.3679074803149606
0
LINE
8
BLACK
6
CONTINUOUS
10
0.6281350393700788
20
0.3679074803149606
11
0.6275955511811023
21
0.3668284251968504
0
LINE
8
BLACK
6
CONTINUOUS
10
0.6275955511811023
20
0.3668284251968504
11
0.6275955511811023
21
0.3641076377952756
0
LINE
8
BLACK
6
CONTINUOUS
10
0.6275955511811023
20
0.3641076377952756
11
0.6275056299212598
21
0.3636556299212598
0
LINE
8
BLACK
6
CONTINUOUS
10
0.6275056299212598
20
0.3636556299212598
11
0.6268664566929134
21
0.3630164566929134
0
LINE
8
BLACK
6
CONTINUOUS
10
0.6268664566929134
20
0.3630164566929134
11
0.6259624409448818
21
0.3630164566929134
0
LINE
8
BLACK
6
CONTINUOUS
10
0.6259624409448818
20
0.3630164566929134
11
0.6253232677165355
21
0.3636556299212598
0
LINE
8
BLACK
6
CONTINUOUS
10
0.6253232677165355
20
0.3636556299212598
11
0.6252333464566929
21
0.3641076377952756
0
LINE
8
BLACK
6
CONTINUOUS
10
0.6252333464566929
20
0.3641076377952756
11
0.6252333464566929
21
0.3671072440944882
0
LINE
8
BLACK
6
CONTINUOUS
10
0.6252333464566929
20
0.3671072440944882
11
0.6252448818897638
21
0.3671653149606299
0
LINE
8
BLACK
6
CONTINUOUS
10
0.6252448818897638
20
0.3671653149606299
11
0.6252363385826771
21
0.3671909448818897
0
LINE
8
BLACK
6
CONTINUOUS
10
0.6252363385826771
20
0.3671909448818897
11
0.6252862992125984
21
0.3673734645669292
0
LINE
8
BLACK
6
CONTINUOUS
10
0.6252862992125984
20
0.3673734645669292
11
0.6253232677165355
21
0.3675592519685039
0
LINE
8
BLACK
6
CONTINUOUS
10
0.6253232677165355
20
0.3675592519685039
11
0.6253424015748031
21
0.3675784251968504
0
LINE
8
BLACK
6
CONTINUOUS
10
0.6253424015748031
20
0.3675784251968504
11
0.6253580314960629
21
0.3676354330708662
0
LINE
8
BLACK
6
CONTINUOUS
10
0.6253580314960629
20
0.3676354330708662
11
0.6261079527559055
21
0.3691353149606299
0
LINE
8
BLACK
6
CONTINUOUS
10
0.6261079527559055
20
0.3691353149606299
11
0.6262241732283464
21
0.3692850787401575
0
LINE
8
BLACK
6
CONTINUOUS
10
0.6262241732283464
20
0.3692850787401575
11
0.6263292125984252
21
0.3694422440944882
0
LINE
8
BLACK
6
CONTINUOUS
10
0.6263292125984252
20
0.3694422440944882
11
0.627079094488189
21
0.3701921653543307
0
LINE
8
BLACK
6
CONTINUOUS
10
0.627079094488189
20
0.3701921653543307
11
0.6271762992125984
21
0.3702571653543307
0
LINE
8
BLACK
6
CONTINUOUS
10
0.6271762992125984
20
0.3702571653543307
11
0.627259094488189
21
0.3703397244094488
0
LINE
8
BLACK
6
CONTINUOUS
10
0.627259094488189
20
0.3703397244094488
11
0.6295088188976378
21
0.3718394881889764
0
LINE
8
BLACK
6
CONTINUOUS
10
0.6295088188976378
20
0.3718394881889764
11
0.6296951968503937
21
0.3719164960629921
0
LINE
8
BLACK
6
CONTINUOUS
10
0.6296951968503937
20
0.3719164960629921
11
0.6298775196850394
21
0.3720025984251968
0
LINE
8
BLACK
6
CONTINUOUS
10
0.6298775196850394
20
0.3720025984251968
11
0.6328771653543307
21
0.3727525196850394
0
LINE
8
BLACK
6
CONTINUOUS
10
0.6328771653543307
20
0.3727525196850394
11
0.6330216141732283
21
0.3727595669291339
0
LINE
8
BLACK
6
CONTINUOUS
10
0.6330216141732283
20
0.3727595669291339
11
0.6331636220472441
21
0.3727877952755905
0
LINE
8
BLACK
6
CONTINUOUS
10
0.6331636220472441
20
0.3727877952755905
11
0.639162874015748
21
0.3727877952755905
0
LINE
8
BLACK
6
CONTINUOUS
10
0.639162874015748
20
0.3727877952755905
11
0.639220905511811
21
0.3727762598425197
0
LINE
8
BLACK
6
CONTINUOUS
10
0.6346131496062992
20
0.3698861023622047
11
0.6341342913385827
21
0.3694072834645669
0
LINE
8
BLACK
6
CONTINUOUS
10
0.6341342913385827
20
0.3694072834645669
11
0.6335948031496063
21
0.3683282283464567
0
LINE
8
BLACK
6
CONTINUOUS
10
0.6335948031496063
20
0.3683282283464567
11
0.6335948031496063
21
0.3658862992125984
0
LINE
8
BLACK
6
CONTINUOUS
10
0.6335948031496063
20
0.3658862992125984
11
0.6341342913385827
21
0.3648073228346457
0
LINE
8
BLACK
6
CONTINUOUS
10
0.6341342913385827
20
0.3648073228346457
11
0.634613188976378
21
0.3643284251968504
0
LINE
8
BLACK
6
CONTINUOUS
10
0.634613188976378
20
0.3643284251968504
11
0.6356921653543307
21
0.363788937007874
0
LINE
8
BLACK
6
CONTINUOUS
10
0.6356921653543307
20
0.363788937007874
11
0.6388840551181102
21
0.363788937007874
0
LINE
8
BLACK
6
CONTINUOUS
10
0.6388840551181102
20
0.363788937007874
11
0.6399630708661417
21
0.3643284645669291
0
LINE
8
BLACK
6
CONTINUOUS
10
0.6399630708661417
20
0.3643284645669291
11
0.6404418503937007
21
0.3648072440944882
0
LINE
8
BLACK
6
CONTINUOUS
10
0.6404418503937007
20
0.3648072440944882
11
0.6409813779527559
21
0.3658862598425197
0
LINE
8
BLACK
6
CONTINUOUS
10
0.6409813779527559
20
0.3658862598425197
11
0.6409813779527559
21
0.3683283070866142
0
LINE
8
BLACK
6
CONTINUOUS
10
0.6409813779527559
20
0.3683283070866142
11
0.6404419291338582
21
0.3694072047244095
0
LINE
8
BLACK
6
CONTINUOUS
10
0.6404419291338582
20
0.3694072047244095
11
0.6399629921259843
21
0.3698861023622047
0
LINE
8
BLACK
6
CONTINUOUS
10
0.6399629921259843
20
0.3698861023622047
11
0.6388840157480314
21
0.3704255905511811
0
LINE
8
BLACK
6
CONTINUOUS
10
0.6388840157480314
20
0.3704255905511811
11
0.6356922047244095
21
0.3704255905511811
0
LINE
8
BLACK
6
CONTINUOUS
10
0.6356922047244095
20
0.3704255905511811
11
0.6346131496062992
21
0.3698861023622047
0
LINE
8
BLACK
6
CONTINUOUS
10
0.6318061811023622
20
0.3873786220472441
11
0.6320920472440945
21
0.3865211023622047
0
LINE
8
BLACK
6
CONTINUOUS
10
0.6320920472440945
20
0.3865211023622047
11
0.6319703149606299
21
0.3860766141732284
0
LINE
8
BLACK
6
CONTINUOUS
10
0.6319703149606299
20
0.3860766141732284
11
0.6312203937007874
21
0.3845767716535433
0
LINE
8
BLACK
6
CONTINUOUS
10
0.6312203937007874
20
0.3845767716535433
11
0.6311042519685039
21
0.3844272047244094
0
LINE
8
BLACK
6
CONTINUOUS
10
0.6311042519685039
20
0.3844272047244094
11
0.6309991338582677
21
0.3842698031496063
0
LINE
8
BLACK
6
CONTINUOUS
10
0.6309991338582677
20
0.3842698031496063
11
0.6300157480314961
21
0.3832864566929134
0
LINE
8
BLACK
6
CONTINUOUS
10
0.6300157480314961
20
0.3832864566929134
11
0.6409813779527559
21
0.3832864566929134
0
LINE
8
BLACK
6
CONTINUOUS
10
0.6409813779527559
20
0.3832864566929134
11
0.6409813779527559
21
0.3866048031496063
0
LINE
8
BLACK
6
CONTINUOUS
10
0.6409813779527559
20
0.3866048031496063
11
0.6410712992125984
21
0.387056811023622
0
LINE
8
BLACK
6
CONTINUOUS
10
0.6410712992125984
20
0.387056811023622
11
0.6417104724409448
21
0.3876959842519685
0
LINE
8
BLACK
6
CONTINUOUS
10
0.6417104724409448
20
0.3876959842519685
11
0.6426144881889764
21
0.3876959842519685
0
LINE
8
BLACK
6
CONTINUOUS
10
0.6426144881889764
20
0.3876959842519685
11
0.6432536614173229
21
0.387056811023622
0
LINE
8
BLACK
6
CONTINUOUS
10
0.6432536614173229
20
0.387056811023622
11
0.6433435826771653
21
0.3866048031496063
0
LINE
8
BLACK
6
CONTINUOUS
10
0.6433435826771653
20
0.3866048031496063
11
0.6433435826771653
21
0.3776059448818898
0
LINE
8
BLACK
6
CONTINUOUS
10
0.6433435826771653
20
0.3776059448818898
11
0.6432536614173229
21
0.377153937007874
0
LINE
8
BLACK
6
CONTINUOUS
10
0.6432536614173229
20
0.377153937007874
11
0.6426144881889764
21
0.3765147637795275
0
LINE
8
BLACK
6
CONTINUOUS
10
0.6426144881889764
20
0.3765147637795275
11
0.6417104724409448
21
0.3765147637795275
0
LINE
8
BLACK
6
CONTINUOUS
10
0.6417104724409448
20
0.3765147637795275
11
0.6410712992125984
21
0.377153937007874
0
LINE
8
BLACK
6
CONTINUOUS
10
0.6410712992125984
20
0.377153937007874
11
0.6409813779527559
21
0.3776059448818898
0
LINE
8
BLACK
6
CONTINUOUS
10
0.6409813779527559
20
0.3776059448818898
11
0.6409813779527559
21
0.3809242519685039
0
LINE
8
BLACK
6
CONTINUOUS
10
0.6409813779527559
20
0.3809242519685039
11
0.6264144488188976
21
0.3809242519685039
0
LINE
8
BLACK
6
CONTINUOUS
10
0.6264144488188976
20
0.3809242519685039
11
0.6259624409448818
21
0.3810141732283465
0
LINE
8
BLACK
6
CONTINUOUS
10
0.6259624409448818
20
0.3810141732283465
11
0.6258764566929134
21
0.3811001574803149
0
LINE
8
BLACK
6
CONTINUOUS
10
0.6258764566929134
20
0.3811001574803149
11
0.6257572834645669
21
0.3811239763779528
0
LINE
8
BLACK
6
CONTINUOUS
10
0.6257572834645669
20
0.3811239763779528
11
0.6255664960629921
21
0.3814101181102362
0
LINE
8
BLACK
6
CONTINUOUS
10
0.6255664960629921
20
0.3814101181102362
11
0.6253232677165355
21
0.3816533464566929
0
LINE
8
BLACK
6
CONTINUOUS
10
0.6253232677165355
20
0.3816533464566929
11
0.6253232677165355
21
0.3817749606299213
0
LINE
8
BLACK
6
CONTINUOUS
10
0.6253232677165355
20
0.3817749606299213
11
0.6252557874015748
21
0.3818761417322835
0
LINE
8
BLACK
6
CONTINUOUS
10
0.6252557874015748
20
0.3818761417322835
11
0.6253232677165355
21
0.3822135433070866
0
LINE
8
BLACK
6
CONTINUOUS
10
0.6253232677165355
20
0.3822135433070866
11
0.6253232677165355
21
0.3825573622047244
0
LINE
8
BLACK
6
CONTINUOUS
10
0.6253232677165355
20
0.3825573622047244
11
0.6254092125984252
21
0.3826433464566929
0
LINE
8
BLACK
6
CONTINUOUS
10
0.6254092125984252
20
0.3826433464566929
11
0.6254330708661417
21
0.3827625196850394
0
LINE
8
BLACK
6
CONTINUOUS
10
0.6254330708661417
20
0.3827625196850394
11
0.6257592913385827
21
0.3830880708661417
0
LINE
8
BLACK
6
CONTINUOUS
10
0.6257592913385827
20
0.3830880708661417
11
0.6279117716535433
21
0.3845231496062992
0
LINE
8
BLACK
6
CONTINUOUS
10
0.6279117716535433
20
0.3845231496062992
11
0.6291932677165354
21
0.3858046456692913
0
LINE
8
BLACK
6
CONTINUOUS
10
0.6291932677165354
20
0.3858046456692913
11
0.6298574803149606
21
0.387133031496063
0
LINE
8
BLACK
6
CONTINUOUS
10
0.6298574803149606
20
0.387133031496063
11
0.6301400787401574
21
0.3874970866141732
0
LINE
8
BLACK
6
CONTINUOUS
10
0.6301400787401574
20
0.3874970866141732
11
0.6309975984251969
21
0.3877829527559055
0
LINE
8
BLACK
6
CONTINUOUS
10
0.6309975984251969
20
0.3877829527559055
11
0.6318061811023622
21
0.3873786220472441
0
LINE
8
BLACK
6
CONTINUOUS
10
0.6426144881889764
20
0.402694094488189
11
0.6432536614173229
21
0.4020549212598425
0
LINE
8
BLACK
6
CONTINUOUS
10
0.6432536614173229
20
0.4020549212598425
11
0.6432536614173229
21
0.401150905511811
0
LINE
8
BLACK
6
CONTINUOUS
10
0.6432536614173229
20
0.401150905511811
11
0.6426144881889764
21
0.4005117322834645
0
LINE
8
BLACK
6
CONTINUOUS
10
0.6426144881889764
20
0.4005117322834645
11
0.6421624803149606
21
0.4004218110236221
0
LINE
8
BLACK
6
CONTINUOUS
10
0.6421624803149606
20
0.4004218110236221
11
0.6358445275590551
21
0.4004218110236221
0
LINE
8
BLACK
6
CONTINUOUS
10
0.6358445275590551
20
0.4004218110236221
11
0.6358445275590551
21
0.3984683464566929
0
LINE
8
BLACK
6
CONTINUOUS
10
0.6358445275590551
20
0.3984683464566929
11
0.6428397637795276
21
0.3935716535433071
0
LINE
8
BLACK
6
CONTINUOUS
10
0.6428397637795276
20
0.3935716535433071
11
0.6431585039370079
21
0.393238779527559
0
LINE
8
BLACK
6
CONTINUOUS
10
0.6431585039370079
20
0.393238779527559
11
0.643315590551181
21
0.3923486220472441
0
LINE
8
BLACK
6
CONTINUOUS
10
0.643315590551181
20
0.3923486220472441
11
0.6427972047244095
21
0.391608031496063
0
LINE
8
BLACK
6
CONTINUOUS
10
0.6427972047244095
20
0.391608031496063
11
0.6419070078740158
21
0.3914509448818898
0
LINE
8
BLACK
6
CONTINUOUS
10
0.6419070078740158
20
0.3914509448818898
11
0.641485157480315
21
0.3916364566929134
0
LINE
8
BLACK
6
CONTINUOUS
10
0.641485157480315
20
0.3916364566929134
11
0.635841220472441
21
0.3955872047244094
0
LINE
8
BLACK
6
CONTINUOUS
10
0.635841220472441
20
0.3955872047244094
11
0.6358329921259842
21
0.3955457086614173
0
LINE
8
BLACK
6
CONTINUOUS
10
0.6358329921259842
20
0.3955457086614173
11
0.6358415748031496
21
0.3955199606299212
0
LINE
8
BLACK
6
CONTINUOUS
10
0.6358415748031496
20
0.3955199606299212
11
0.6357914960629921
21
0.3953371653543307
0
LINE
8
BLACK
6
CONTINUOUS
10
0.6357914960629921
20
0.3953371653543307
11
0.6357546062992125
21
0.3951516535433071
0
LINE
8
BLACK
6
CONTINUOUS
10
0.6357546062992125
20
0.3951516535433071
11
0.6357354330708661
21
0.3951325196850394
0
LINE
8
BLACK
6
CONTINUOUS
10
0.6357354330708661
20
0.3951325196850394
11
0.6357198425196851
21
0.3950754724409449
0
LINE
8
BLACK
6
CONTINUOUS
10
0.6357198425196851
20
0.3950754724409449
11
0.6349699212598425
21
0.3935756299212598
0
LINE
8
BLACK
6
CONTINUOUS
10
0.6349699212598425
20
0.3935756299212598
11
0.634853937007874
21
0.3934262598425197
0
LINE
8
BLACK
6
CONTINUOUS
10
0.634853937007874
20
0.3934262598425197
11
0.6347487007874015
21
0.3932687007874016
0
LINE
8
BLACK
6
CONTINUOUS
10
0.6347487007874015
20
0.3932687007874016
11
0.633998779527559
21
0.3925188188976378
0
LINE
8
BLACK
6
CONTINUOUS
10
0.633998779527559
20
0.3925188188976378
11
0.6338415748031496
21
0.3924138188976378
0
LINE
8
BLACK
6
CONTINUOUS
10
0.6338415748031496
20
0.3924138188976378
11
0.6336918503937008
21
0.3922975590551181
0
LINE
8
BLACK
6
CONTINUOUS
10
0.6336918503937008
20
0.3922975590551181
11
0.632191968503937
21
0.3915476377952756
0
LINE
8
BLACK
6
CONTINUOUS
10
0.632191968503937
20
0.3915476377952756
11
0.6321349212598425
21
0.3915320472440945
0
LINE
8
BLACK
6
CONTINUOUS
10
0.6321349212598425
20
0.3915320472440945
11
0.6321157874015748
21
0.391512874015748
0
LINE
8
BLACK
6
CONTINUOUS
10
0.6321157874015748
20
0.391512874015748
11
0.6319299606299212
21
0.3914759448818897
0
LINE
8
BLACK
6
CONTINUOUS
10
0.6319299606299212
20
0.3914759448818897
11
0.6317474803149606
21
0.3914259448818898
0
LINE
8
BLACK
6
CONTINUOUS
10
0.6317474803149606
20
0.3914259448818898
11
0.631721811023622
21
0.3914345275590551
0
LINE
8
BLACK
6
CONTINUOUS
10
0.631721811023622
20
0.3914345275590551
11
0.631663779527559
21
0.3914229527559055
0
LINE
8
BLACK
6
CONTINUOUS
10
0.631663779527559
20
0.3914229527559055
11
0.629414094488189
21
0.3914229527559055
0
LINE
8
BLACK
6
CONTINUOUS
10
0.629414094488189
20
0.3914229527559055
11
0.6293561023622047
21
0.3914344881889764
0
LINE
8
BLACK
6
CONTINUOUS
10
0.6293561023622047
20
0.3914344881889764
11
0.6293303937007874
21
0.391425905511811
0
LINE
8
BLACK
6
CONTINUOUS
10
0.6293303937007874
20
0.391425905511811
11
0.6291475590551181
21
0.3914759842519685
0
LINE
8
BLACK
6
CONTINUOUS
10
0.6291475590551181
20
0.3914759842519685
11
0.6289620866141732
21
0.391512874015748
0
LINE
8
BLACK
6
CONTINUOUS
10
0.6289620866141732
20
0.391512874015748
11
0.6289429133858268
21
0.3915320472440945
0
LINE
8
BLACK
6
CONTINUOUS
10
0.6289429133858268
20
0.3915320472440945
11
0.628885905511811
21
0.3915476377952756
0
LINE
8
BLACK
6
CONTINUOUS
10
0.628885905511811
20
0.3915476377952756
11
0.627386062992126
21
0.3922975590551181
0
LINE
8
BLACK
6
CONTINUOUS
10
0.627386062992126
20
0.3922975590551181
11
0.6272368110236221
21
0.3924134251968504
0
LINE
8
BLACK
6
CONTINUOUS
10
0.6272368110236221
20
0.3924134251968504
11
0.627079094488189
21
0.392518779527559
0
LINE
8
BLACK
6
CONTINUOUS
10
0.627079094488189
20
0.392518779527559
11
0.6263292125984252
21
0.3932687007874016
0
LINE
8
BLACK
6
CONTINUOUS
10
0.6263292125984252
20
0.3932687007874016
11
0.6262241732283464
21
0.393425905511811
0
LINE
8
BLACK
6
CONTINUOUS
10
0.6262241732283464
20
0.393425905511811
11
0.6261079527559055
21
0.3935756299212598
0
LINE
8
BLACK
6
CONTINUOUS
10
0.6261079527559055
20
0.3935756299212598
11
0.6253580314960629
21
0.3950754330708661
0
LINE
8
BLACK
6
CONTINUOUS
10
0.6253580314960629
20
0.3950754330708661
11
0.6253424015748031
21
0.3951325196850394
0
LINE
8
BLACK
6
CONTINUOUS
10
0.6253424015748031
20
0.3951325196850394
11
0.6253232677165355
21
0.3951516535433071
0
LINE
8
BLACK
6
CONTINUOUS
10
0.6253232677165355
20
0.3951516535433071
11
0.6252862992125984
21
0.3953374409448819
0
LINE
8
BLACK
6
CONTINUOUS
10
0.6252862992125984
20
0.3953374409448819
11
0.6252363385826771
21
0.3955199606299212
0
LINE
8
BLACK
6
CONTINUOUS
10
0.6252363385826771
20
0.3955199606299212
11
0.6252448818897638
21
0.3955456299212599
0
LINE
8
BLACK
6
CONTINUOUS
10
0.6252448818897638
20
0.3955456299212599
11
0.6252333464566929
21
0.3956036614173228
0
LINE
8
BLACK
6
CONTINUOUS
10
0.6252333464566929
20
0.3956036614173228
11
0.6252333464566929
21
0.4016029133858268
0
LINE
8
BLACK
6
CONTINUOUS
10
0.6252333464566929
20
0.4016029133858268
11
0.6253232677165355
21
0.4020549212598425
0
LINE
8
BLACK
6
CONTINUOUS
10
0.6253232677165355
20
0.4020549212598425
11
0.6259624409448818
21
0.402694094488189
0
LINE
8
BLACK
6
CONTINUOUS
10
0.6259624409448818
20
0.402694094488189
11
0.6264144488188976
21
0.4027840157480315
0
LINE
8
BLACK
6
CONTINUOUS
10
0.6264144488188976
20
0.4027840157480315
11
0.6421624803149606
21
0.4027840157480315
0
LINE
8
BLACK
6
CONTINUOUS
10
0.6421624803149606
20
0.4027840157480315
11
0.6426144881889764
21
0.402694094488189
0
LINE
8
BLACK
6
CONTINUOUS
10
0.6275955511811023
20
0.3958825196850393
11
0.6281350393700788
21
0.3948035039370079
0
LINE
8
BLACK
6
CONTINUOUS
10
0.6281350393700788
20
0.3948035039370079
11
0.6286138976377953
21
0.3943246850393701
0
LINE
8
BLACK
6
CONTINUOUS
10
0.6286138976377953
20
0.3943246850393701
11
0.6296929527559055
21
0.393785157480315
0
LINE
8
BLACK
6
CONTINUOUS
10
0.6296929527559055
20
0.393785157480315
11
0.6313849606299212
21
0.393785157480315
0
LINE
8
BLACK
6
CONTINUOUS
10
0.6313849606299212
20
0.393785157480315
11
0.6324639763779527
21
0.3943246850393701
0
LINE
8
BLACK
6
CONTINUOUS
10
0.6324639763779527
20
0.3943246850393701
11
0.6329427559055117
21
0.3948035039370079
0
LINE
8
BLACK
6
CONTINUOUS
10
0.6329427559055117
20
0.3948035039370079
11
0.6334823228346457
21
0.3958825590551181
0
LINE
8
BLACK
6
CONTINUOUS
10
0.6334823228346457
20
0.3958825590551181
11
0.6334823228346457
21
0.4004218110236221
0
LINE
8
BLACK
6
CONTINUOUS
10
0.6334823228346457
20
0.4004218110236221
11
0.6275955511811023
21
0.4004218110236221
0
LINE
8
BLACK
6
CONTINUOUS
10
0.6275955511811023
20
0.4004218110236221
11
0.6275955511811023
21
0.3958825196850393
0
LINE
8
BLACK
6
CONTINUOUS
10
0.6519934645669291
20
0.4157950393700787
11
0.6530588188976377
21
0.4147296850393701
0
LINE
8
BLACK
6
CONTINUOUS
10
0.6530588188976377
20
0.4147296850393701
11
0.6532086614173228
21
0.4139763779527559
0
LINE
8
BLACK
6
CONTINUOUS
10
0.6532086614173228
20
0.4139763779527559
11
0.6532086614173228
21
0.3509842519685039
0
LINE
8
BLACK
6
CONTINUOUS
10
0.6532086614173228
20
0.3509842519685039
11
0.6530588188976377
21
0.3502309448818898
0
LINE
8
BLACK
6
CONTINUOUS
10
0.6530588188976377
20
0.3502309448818898
11
0.6519934645669291
21
0.3491655905511811
0
LINE
8
BLACK
6
CONTINUOUS
10
0.6519934645669291
20
0.3491655905511811
11
0.6512401574803149
21
0.349015748031496
0
LINE
8
BLACK
6
CONTINUOUS
10
0.6512401574803149
20
0.349015748031496
11
0.6187598425196851
21
0.349015748031496
0
LINE
8
BLACK
6
CONTINUOUS
10
0.6187598425196851
20
0.349015748031496
11
0.6180065354330708
21
0.3491655905511811
0
LINE
8
BLACK
6
CONTINUOUS
10
0.6180065354330708
20
0.3491655905511811
11
0.6169411811023622
21
0.3502309448818898
0
LINE
8
BLACK
6
CONTINUOUS
10
0.6169411811023622
20
0.3502309448818898
11
0.6167913385826772
21
0.3509842519685039
0
LINE
8
BLACK
6
CONTINUOUS
10
0.6167913385826772
20
0.3509842519685039
11
0.6167913385826772
21
0.4139763779527559
0
LINE
8
BLACK
6
CONTINUOUS
10
0.6167913385826772
20
0.4139763779527559
11
0.6169411811023622
21
0.4147296850393701
0
LINE
8
BLACK
6
CONTINUOUS
10
0.6169411811023622
20
0.4147296850393701
11
0.6180065354330708
21
0.4157950393700787
0
LINE
8
BLACK
6
CONTINUOUS
10
0.6180065354330708
20
0.4157950393700787
11
0.6187598425196851
21
0.4159448818897638
0
LINE
8
BLACK
6
CONTINUOUS
10
0.6187598425196851
20
0.4159448818897638
11
0.6512401574803149
21
0.4159448818897638
0
LINE
8
BLACK
6
CONTINUOUS
10
0.6512401574803149
20
0.4159448818897638
11
0.6519934645669291
21
0.4157950393700787
0
LINE
8
BLACK
6
CONTINUOUS
10
0.6207283464566929
20
0.412007874015748
11
0.6207283464566929
21
0.3529527559055118
0
LINE
8
BLACK
6
CONTINUOUS
10
0.6207283464566929
20
0.3529527559055118
11
0.6492716535433071
21
0.3529527559055118
0
LINE
8
BLACK
6
CONTINUOUS
10
0.6492716535433071
20
0.3529527559055118
11
0.6492716535433071
21
0.412007874015748
0
LINE
8
BLACK
6
CONTINUOUS
10
0.6492716535433071
20
0.412007874015748
11
0.6207283464566929
21
0.412007874015748
0
LINE
8
BLACK
6
CONTINUOUS
10
0.6925056299212599
20
0.3728086220472441
11
0.6925955511811024
21
0.3723566141732284
0
LINE
8
BLACK
6
CONTINUOUS
10
0.6925955511811024
20
0.3723566141732284
11
0.6925955511811024
21
0.3636491338582677
0
LINE
8
BLACK
6
CONTINUOUS
10
0.6925955511811024
20
0.3636491338582677
11
0.7066972047244094
21
0.3696926771653543
0
LINE
8
BLACK
6
CONTINUOUS
10
0.7066972047244094
20
0.3696926771653543
11
0.7071481102362205
21
0.3697881102362205
0
LINE
8
BLACK
6
CONTINUOUS
10
0.7071481102362205
20
0.3697881102362205
11
0.7079873622047244
21
0.3694524015748031
0
LINE
8
BLACK
6
CONTINUOUS
10
0.7079873622047244
20
0.3694524015748031
11
0.7083434645669291
21
0.3686214566929134
0
LINE
8
BLACK
6
CONTINUOUS
10
0.7083434645669291
20
0.3686214566929134
11
0.7080077559055118
21
0.3677822047244094
0
LINE
8
BLACK
6
CONTINUOUS
10
0.7080077559055118
20
0.3677822047244094
11
0.7076277165354331
21
0.3675214960629921
0
LINE
8
BLACK
6
CONTINUOUS
10
0.7076277165354331
20
0.3675214960629921
11
0.6918797244094488
21
0.3607723228346457
0
LINE
8
BLACK
6
CONTINUOUS
10
0.6918797244094488
20
0.3607723228346457
11
0.6918699606299212
21
0.3607702755905512
0
LINE
8
BLACK
6
CONTINUOUS
10
0.6918699606299212
20
0.3607702755905512
11
0.6918664566929134
21
0.3607667322834646
0
LINE
8
BLACK
6
CONTINUOUS
10
0.6918664566929134
20
0.3607667322834646
11
0.6918533070866142
21
0.3607667322834646
0
LINE
8
BLACK
6
CONTINUOUS
10
0.6918533070866142
20
0.3607667322834646
11
0.6914288188976377
21
0.3606768897637795
0
LINE
8
BLACK
6
CONTINUOUS
10
0.6914288188976377
20
0.3606768897637795
11
0.6912042125984251
21
0.3607667322834646
0
LINE
8
BLACK
6
CONTINUOUS
10
0.6912042125984251
20
0.3607667322834646
11
0.6909624409448819
21
0.3607667322834646
0
LINE
8
BLACK
6
CONTINUOUS
10
0.6909624409448819
20
0.3607667322834646
11
0.690801220472441
21
0.3609279527559055
0
LINE
8
BLACK
6
CONTINUOUS
10
0.690801220472441
20
0.3609279527559055
11
0.6905895669291339
21
0.3610125984251968
0
LINE
8
BLACK
6
CONTINUOUS
10
0.6905895669291339
20
0.3610125984251968
11
0.6904942913385826
21
0.3612348818897638
0
LINE
8
BLACK
6
CONTINUOUS
10
0.6904942913385826
20
0.3612348818897638
11
0.6903232677165354
21
0.361405905511811
0
LINE
8
BLACK
6
CONTINUOUS
10
0.6903232677165354
20
0.361405905511811
11
0.6902385826771653
21
0.3618314566929134
0
LINE
8
BLACK
6
CONTINUOUS
10
0.6902385826771653
20
0.3618314566929134
11
0.6902334251968504
21
0.3618435433070866
0
LINE
8
BLACK
6
CONTINUOUS
10
0.6902334251968504
20
0.3618435433070866
11
0.6902352755905512
21
0.3618481889763779
0
LINE
8
BLACK
6
CONTINUOUS
10
0.6902352755905512
20
0.3618481889763779
11
0.6902333464566929
21
0.3618579133858268
0
LINE
8
BLACK
6
CONTINUOUS
10
0.6902333464566929
20
0.3618579133858268
11
0.6902333464566929
21
0.3723566141732284
0
LINE
8
BLACK
6
CONTINUOUS
10
0.6902333464566929
20
0.3723566141732284
11
0.6903232677165354
21
0.3728086220472441
0
LINE
8
BLACK
6
CONTINUOUS
10
0.6903232677165354
20
0.3728086220472441
11
0.6909624409448819
21
0.3734477952755905
0
LINE
8
BLACK
6
CONTINUOUS
10
0.6909624409448819
20
0.3734477952755905
11
0.6918664566929134
21
0.3734477952755905
0
LINE
8
BLACK
6
CONTINUOUS
10
0.6918664566929134
20
0.3734477952755905
11
0.6925056299212599
21
0.3728086220472441
0
LINE
8
BLACK
6
CONTINUOUS
10
0.6968061811023621
20
0.3873786220472441
11
0.6970920472440945
21
0.3865211023622047
0
LINE
8
BLACK
6
CONTINUOUS
10
0.6970920472440945
20
0.3865211023622047
11
0.6969703149606299
21
0.3860766141732284
0
LINE
8
BLACK
6
CONTINUOUS
10
0.6969703149606299
20
0.3860766141732284
11
0.6962203937007874
21
0.3845767716535433
0
LINE
8
BLACK
6
CONTINUOUS
10
0.6962203937007874
20
0.3845767716535433
11
0.6961042519685039
21
0.3844272047244094
0
LINE
8
BLACK
6
CONTINUOUS
10
0.6961042519685039
20
0.3844272047244094
11
0.6959991338582677
21
0.3842698031496063
0
LINE
8
BLACK
6
CONTINUOUS
10
0.6959991338582677
20
0.3842698031496063
11
0.695015748031496
21
0.3832864566929134
0
LINE
8
BLACK
6
CONTINUOUS
10
0.695015748031496
20
0.3832864566929134
11
0.7059813779527558
21
0.3832864566929134
0
LINE
8
BLACK
6
CONTINUOUS
10
0.7059813779527558
20
0.3832864566929134
11
0.7059813779527558
21
0.3866048031496063
0
LINE
8
BLACK
6
CONTINUOUS
10
0.7059813779527558
20
0.3866048031496063
11
0.7060712992125984
21
0.387056811023622
0
LINE
8
BLACK
6
CONTINUOUS
10
0.7060712992125984
20
0.387056811023622
11
0.7067104724409449
21
0.3876959842519685
0
LINE
8
BLACK
6
CONTINUOUS
10
0.7067104724409449
20
0.3876959842519685
11
0.7076144881889763
21
0.3876959842519685
0
LINE
8
BLACK
6
CONTINUOUS
10
0.7076144881889763
20
0.3876959842519685
11
0.7082536614173228
21
0.387056811023622
0
LINE
8
BLACK
6
CONTINUOUS
10
0.7082536614173228
20
0.387056811023622
11
0.7083435826771654
21
0.3866048031496063
0
LINE
8
BLACK
6
CONTINUOUS
10
0.7083435826771654
20
0.3866048031496063
11
0.7083435826771654
21
0.3776059448818898
0
LINE
8
BLACK
6
CONTINUOUS
10
0.7083435826771654
20
0.3776059448818898
11
0.7082536614173228
21
0.377153937007874
0
LINE
8
BLACK
6
CONTINUOUS
10
0.7082536614173228
20
0.377153937007874
11
0.7076144881889763
21
0.3765147637795275
0
LINE
8
BLACK
6
CONTINUOUS
10
0.7076144881889763
20
0.3765147637795275
11
0.7067104724409449
21
0.3765147637795275
0
LINE
8
BLACK
6
CONTINUOUS
10
0.7067104724409449
20
0.3765147637795275
11
0.7060712992125984
21
0.377153937007874
0
LINE
8
BLACK
6
CONTINUOUS
10
0.7060712992125984
20
0.377153937007874
11
0.7059813779527558
21
0.3776059448818898
0
LINE
8
BLACK
6
CONTINUOUS
10
0.7059813779527558
20
0.3776059448818898
11
0.7059813779527558
21
0.3809242519685039
0
LINE
8
BLACK
6
CONTINUOUS
10
0.7059813779527558
20
0.3809242519685039
11
0.6914144488188976
21
0.3809242519685039
0
LINE
8
BLACK
6
CONTINUOUS
10
0.6914144488188976
20
0.3809242519685039
11
0.6909624409448819
21
0.3810141732283465
0
LINE
8
BLACK
6
CONTINUOUS
10
0.6909624409448819
20
0.3810141732283465
11
0.6908764566929134
21
0.3811001574803149
0
LINE
8
BLACK
6
CONTINUOUS
10
0.6908764566929134
20
0.3811001574803149
11
0.6907572834645669
21
0.3811239763779528
0
LINE
8
BLACK
6
CONTINUOUS
10
0.6907572834645669
20
0.3811239763779528
11
0.6905664960629921
21
0.3814101181102362
0
LINE
8
BLACK
6
CONTINUOUS
10
0.6905664960629921
20
0.3814101181102362
11
0.6903232677165354
21
0.3816533464566929
0
LINE
8
BLACK
6
CONTINUOUS
10
0.6903232677165354
20
0.3816533464566929
11
0.6903232677165354
21
0.3817749606299213
0
LINE
8
BLACK
6
CONTINUOUS
10
0.6903232677165354
20
0.3817749606299213
11
0.6902557874015748
21
0.3818761417322835
0
LINE
8
BLACK
6
CONTINUOUS
10
0.6902557874015748
20
0.3818761417322835
11
0.6903232677165354
21
0.3822135433070866
0
LINE
8
BLACK
6
CONTINUOUS
10
0.6903232677165354
20
0.3822135433070866
11
0.6903232677165354
21
0.3825573622047244
0
LINE
8
BLACK
6
CONTINUOUS
10
0.6903232677165354
20
0.3825573622047244
11
0.6904092125984251
21
0.3826433464566929
0
LINE
8
BLACK
6
CONTINUOUS
10
0.6904092125984251
20
0.3826433464566929
11
0.6904330708661417
21
0.3827625196850394
0
LINE
8
BLACK
6
CONTINUOUS
10
0.6904330708661417
20
0.3827625196850394
11
0.6907592913385827
21
0.3830880708661417
0
LINE
8
BLACK
6
CONTINUOUS
10
0.6907592913385827
20
0.3830880708661417
11
0.6929117716535433
21
0.3845231496062992
0
LINE
8
BLACK
6
CONTINUOUS
10
0.6929117716535433
20
0.3845231496062992
11
0.6941932677165354
21
0.3858046456692913
0
LINE
8
BLACK
6
CONTINUOUS
10
0.6941932677165354
20
0.3858046456692913
11
0.6948574803149606
21
0.387133031496063
0
LINE
8
BLACK
6
CONTINUOUS
10
0.6948574803149606
20
0.387133031496063
11
0.6951400787401575
21
0.3874970866141732
0
LINE
8
BLACK
6
CONTINUOUS
10
0.6951400787401575
20
0.3874970866141732
11
0.6959975984251968
21
0.3877829527559055
0
LINE
8
BLACK
6
CONTINUOUS
10
0.6959975984251968
20
0.3877829527559055
11
0.6968061811023621
21
0.3873786220472441
0
LINE
8
BLACK
6
CONTINUOUS
10
0.7076144881889763
20
0.402694094488189
11
0.7082536614173228
21
0.4020549212598425
0
LINE
8
BLACK
6
CONTINUOUS
10
0.7082536614173228
20
0.4020549212598425
11
0.7082536614173228
21
0.401150905511811
0
LINE
8
BLACK
6
CONTINUOUS
10
0.7082536614173228
20
0.401150905511811
11
0.7076144881889763
21
0.4005117322834645
0
LINE
8
BLACK
6
CONTINUOUS
10
0.7076144881889763
20
0.4005117322834645
11
0.7071624803149607
21
0.4004218110236221
0
LINE
8
BLACK
6
CONTINUOUS
10
0.7071624803149607
20
0.4004218110236221
11
0.7008445275590551
21
0.4004218110236221
0
LINE
8
BLACK
6
CONTINUOUS
10
0.7008445275590551
20
0.4004218110236221
11
0.7008445275590551
21
0.3984683464566929
0
LINE
8
BLACK
6
CONTINUOUS
10
0.7008445275590551
20
0.3984683464566929
11
0.7078397637795275
21
0.3935716535433071
0
LINE
8
BLACK
6
CONTINUOUS
10
0.7078397637795275
20
0.3935716535433071
11
0.7081585039370079
21
0.393238779527559
0
LINE
8
BLACK
6
CONTINUOUS
10
0.7081585039370079
20
0.393238779527559
11
0.7083155905511811
21
0.3923486220472441
0
LINE
8
BLACK
6
CONTINUOUS
10
0.7083155905511811
20
0.3923486220472441
11
0.7077972047244094
21
0.391608031496063
0
LINE
8
BLACK
6
CONTINUOUS
10
0.7077972047244094
20
0.391608031496063
11
0.7069070078740157
21
0.3914509448818898
0
LINE
8
BLACK
6
CONTINUOUS
10
0.7069070078740157
20
0.3914509448818898
11
0.7064851574803149
21
0.3916364566929134
0
LINE
8
BLACK
6
CONTINUOUS
10
0.7064851574803149
20
0.3916364566929134
11
0.7008412204724409
21
0.3955872047244094
0
LINE
8
BLACK
6
CONTINUOUS
10
0.7008412204724409
20
0.3955872047244094
11
0.7008329921259843
21
0.3955457086614173
0
LINE
8
BLACK
6
CONTINUOUS
10
0.7008329921259843
20
0.3955457086614173
11
0.7008415748031496
21
0.3955199606299212
0
LINE
8
BLACK
6
CONTINUOUS
10
0.7008415748031496
20
0.3955199606299212
11
0.7007914960629921
21
0.3953371653543307
0
LINE
8
BLACK
6
CONTINUOUS
10
0.7007914960629921
20
0.3953371653543307
11
0.7007546062992126
21
0.3951516535433071
0
LINE
8
BLACK
6
CONTINUOUS
10
0.7007546062992126
20
0.3951516535433071
11
0.7007354330708662
21
0.3951325196850394
0
LINE
8
BLACK
6
CONTINUOUS
10
0.7007354330708662
20
0.3951325196850394
11
0.700719842519685
21
0.3950754724409449
0
LINE
8
BLACK
6
CONTINUOUS
10
0.700719842519685
20
0.3950754724409449
11
0.6999699212598425
21
0.3935756299212598
0
LINE
8
BLACK
6
CONTINUOUS
10
0.6999699212598425
20
0.3935756299212598
11
0.699853937007874
21
0.3934262598425197
0
LINE
8
BLACK
6
CONTINUOUS
10
0.699853937007874
20
0.3934262598425197
11
0.6997487007874016
21
0.3932687007874016
0
LINE
8
BLACK
6
CONTINUOUS
10
0.6997487007874016
20
0.3932687007874016
11
0.6989987795275591
21
0.3925188188976378
0
LINE
8
BLACK
6
CONTINUOUS
10
0.6989987795275591
20
0.3925188188976378
11
0.6988415748031496
21
0.3924138188976378
0
LINE
8
BLACK
6
CONTINUOUS
10
0.6988415748031496
20
0.3924138188976378
11
0.6986918503937007
21
0.3922975590551181
0
LINE
8
BLACK
6
CONTINUOUS
10
0.6986918503937007
20
0.3922975590551181
11
0.6971919685039369
21
0.3915476377952756
0
LINE
8
BLACK
6
CONTINUOUS
10
0.6971919685039369
20
0.3915476377952756
11
0.6971349212598426
21
0.3915320472440945
0
LINE
8
BLACK
6
CONTINUOUS
10
0.6971349212598426
20
0.3915320472440945
11
0.6971157874015748
21
0.391512874015748
0
LINE
8
BLACK
6
CONTINUOUS
10
0.6971157874015748
20
0.391512874015748
11
0.6969299606299213
21
0.3914759448818897
0
LINE
8
BLACK
6
CONTINUOUS
10
0.6969299606299213
20
0.3914759448818897
11
0.6967474803149606
21
0.3914259448818898
0
LINE
8
BLACK
6
CONTINUOUS
10
0.6967474803149606
20
0.3914259448818898
11
0.6967218110236221
21
0.3914345275590551
0
LINE
8
BLACK
6
CONTINUOUS
10
0.6967218110236221
20
0.3914345275590551
11
0.6966637795275591
21
0.3914229527559055
0
LINE
8
BLACK
6
CONTINUOUS
10
0.6966637795275591
20
0.3914229527559055
11
0.6944140944881889
21
0.3914229527559055
0
LINE
8
BLACK
6
CONTINUOUS
10
0.6944140944881889
20
0.3914229527559055
11
0.6943561023622047
21
0.3914344881889764
0
LINE
8
BLACK
6
CONTINUOUS
10
0.6943561023622047
20
0.3914344881889764
11
0.6943303937007874
21
0.391425905511811
0
LINE
8
BLACK
6
CONTINUOUS
10
0.6943303937007874
20
0.391425905511811
11
0.694147559055118
21
0.3914759842519685
0
LINE
8
BLACK
6
CONTINUOUS
10
0.694147559055118
20
0.3914759842519685
11
0.6939620866141732
21
0.391512874015748
0
LINE
8
BLACK
6
CONTINUOUS
10
0.6939620866141732
20
0.391512874015748
11
0.6939429133858268
21
0.3915320472440945
0
LINE
8
BLACK
6
CONTINUOUS
10
0.6939429133858268
20
0.3915320472440945
11
0.6938859055118111
21
0.3915476377952756
0
LINE
8
BLACK
6
CONTINUOUS
10
0.6938859055118111
20
0.3915476377952756
11
0.692386062992126
21
0.3922975590551181
0
LINE
8
BLACK
6
CONTINUOUS
10
0.692386062992126
20
0.3922975590551181
11
0.692236811023622
21
0.3924134251968504
0
LINE
8
BLACK
6
CONTINUOUS
10
0.692236811023622
20
0.3924134251968504
11
0.6920790944881889
21
0.392518779527559
0
LINE
8
BLACK
6
CONTINUOUS
10
0.6920790944881889
20
0.392518779527559
11
0.6913292125984252
21
0.3932687007874016
0
LINE
8
BLACK
6
CONTINUOUS
10
0.6913292125984252
20
0.3932687007874016
11
0.6912241732283464
21
0.393425905511811
0
LINE
8
BLACK
6
CONTINUOUS
10
0.6912241732283464
20
0.393425905511811
11
0.6911079527559055
21
0.3935756299212598
0
LINE
8
BLACK
6
CONTINUOUS
10
0.6911079527559055
20
0.3935756299212598
11
0.690358031496063
21
0.3950754330708661
0
LINE
8
BLACK
6
CONTINUOUS
10
0.690358031496063
20
0.3950754330708661
11
0.6903424015748031
21
0.3951325196850394
0
LINE
8
BLACK
6
CONTINUOUS
10
0.6903424015748031
20
0.3951325196850394
11
0.6903232677165354
21
0.3951516535433071
0
LINE
8
BLACK
6
CONTINUOUS
10
0.6903232677165354
20
0.3951516535433071
11
0.6902862992125984
21
0.3953374409448819
0
LINE
8
BLACK
6
CONTINUOUS
10
0.6902862992125984
20
0.3953374409448819
11
0.6902363385826772
21
0.3955199606299212
0
LINE
8
BLACK
6
CONTINUOUS
10
0.6902363385826772
20
0.3955199606299212
11
0.6902448818897637
21
0.3955456299212599
0
LINE
8
BLACK
6
CONTINUOUS
10
0.6902448818897637
20
0.3955456299212599
11
0.6902333464566929
21
0.3956036614173228
0
LINE
8
BLACK
6
CONTINUOUS
10
0.6902333464566929
20
0.3956036614173228
11
0.6902333464566929
21
0.4016029133858268
0
LINE
8
BLACK
6
CONTINUOUS
10
0.6902333464566929
20
0.4016029133858268
11
0.6903232677165354
21
0.4020549212598425
0
LINE
8
BLACK
6
CONTINUOUS
10
0.6903232677165354
20
0.4020549212598425
11
0.6909624409448819
21
0.402694094488189
0
LINE
8
BLACK
6
CONTINUOUS
10
0.6909624409448819
20
0.402694094488189
11
0.6914144488188976
21
0.4027840157480315
0
LINE
8
BLACK
6
CONTINUOUS
10
0.6914144488188976
20
0.4027840157480315
11
0.7071624803149607
21
0.4027840157480315
0
LINE
8
BLACK
6
CONTINUOUS
10
0.7071624803149607
20
0.4027840157480315
11
0.7076144881889763
21
0.402694094488189
0
LINE
8
BLACK
6
CONTINUOUS
10
0.6925955511811024
20
0.3958825196850393
11
0.6931350393700787
21
0.3948035039370079
0
LINE
8
BLACK
6
CONTINUOUS
10
0.6931350393700787
20
0.3948035039370079
11
0.6936138976377952
21
0.3943246850393701
0
LINE
8
BLACK
6
CONTINUOUS
10
0.6936138976377952
20
0.3943246850393701
11
0.6946929527559055
21
0.393785157480315
0
LINE
8
BLACK
6
CONTINUOUS
10
0.6946929527559055
20
0.393785157480315
11
0.6963849606299213
21
0.393785157480315
0
LINE
8
BLACK
6
CONTINUOUS
10
0.6963849606299213
20
0.393785157480315
11
0.6974639763779528
21
0.3943246850393701
0
LINE
8
BLACK
6
CONTINUOUS
10
0.6974639763779528
20
0.3943246850393701
11
0.6979427559055118
21
0.3948035039370079
0
LINE
8
BLACK
6
CONTINUOUS
10
0.6979427559055118
20
0.3948035039370079
11
0.6984823228346456
21
0.3958825590551181
0
LINE
8
BLACK
6
CONTINUOUS
10
0.6984823228346456
20
0.3958825590551181
11
0.6984823228346456
21
0.4004218110236221
0
LINE
8
BLACK
6
CONTINUOUS
10
0.6984823228346456
20
0.4004218110236221
11
0.6925955511811024
21
0.4004218110236221
0
LINE
8
BLACK
6
CONTINUOUS
10
0.6925955511811024
20
0.4004218110236221
11
0.6925955511811024
21
0.3958825196850393
0
LINE
8
BLACK
6
CONTINUOUS
10
0.7169934645669291
20
0.4157950393700787
11
0.7180588188976378
21
0.4147296850393701
0
LINE
8
BLACK
6
CONTINUOUS
10
0.7180588188976378
20
0.4147296850393701
11
0.7182086614173229
21
0.4139763779527559
0
LINE
8
BLACK
6
CONTINUOUS
10
0.7182086614173229
20
0.4139763779527559
11
0.7182086614173229
21
0.3509842519685039
0
LINE
8
BLACK
6
CONTINUOUS
10
0.7182086614173229
20
0.3509842519685039
11
0.7180588188976378
21
0.3502309448818898
0
LINE
8
BLACK
6
CONTINUOUS
10
0.7180588188976378
20
0.3502309448818898
11
0.7169934645669291
21
0.3491655905511811
0
LINE
8
BLACK
6
CONTINUOUS
10
0.7169934645669291
20
0.3491655905511811
11
0.716240157480315
21
0.349015748031496
0
LINE
8
BLACK
6
CONTINUOUS
10
0.716240157480315
20
0.349015748031496
11
0.683759842519685
21
0.349015748031496
0
LINE
8
BLACK
6
CONTINUOUS
10
0.683759842519685
20
0.349015748031496
11
0.6830065354330709
21
0.3491655905511811
0
LINE
8
BLACK
6
CONTINUOUS
10
0.6830065354330709
20
0.3491655905511811
11
0.6819411811023622
21
0.3502309448818898
0
LINE
8
BLACK
6
CONTINUOUS
10
0.6819411811023622
20
0.3502309448818898
11
0.6817913385826772
21
0.3509842519685039
0
LINE
8
BLACK
6
CONTINUOUS
10
0.6817913385826772
20
0.3509842519685039
11
0.6817913385826772
21
0.4139763779527559
0
LINE
8
BLACK
6
CONTINUOUS
10
0.6817913385826772
20
0.4139763779527559
11
0.6819411811023622
21
0.4147296850393701
0
LINE
8
BLACK
6
CONTINUOUS
10
0.6819411811023622
20
0.4147296850393701
11
0.6830065354330709
21
0.4157950393700787
0
LINE
8
BLACK
6
CONTINUOUS
10
0.6830065354330709
20
0.4157950393700787
11
0.683759842519685
21
0.4159448818897638
0
LINE
8
BLACK
6
CONTINUOUS
10
0.683759842519685
20
0.4159448818897638
11
0.716240157480315
21
0.4159448818897638
0
LINE
8
BLACK
6
CONTINUOUS
10
0.716240157480315
20
0.4159448818897638
11
0.7169934645669291
21
0.4157950393700787
0
LINE
8
BLACK
6
CONTINUOUS
10
0.6857283464566929
20
0.412007874015748
11
0.6857283464566929
21
0.3529527559055118
0
LINE
8
BLACK
6
CONTINUOUS
10
0.6857283464566929
20
0.3529527559055118
11
0.714271653543307
21
0.3529527559055118
0
LINE
8
BLACK
6
CONTINUOUS
10
0.714271653543307
20
0.3529527559055118
11
0.714271653543307
21
0.412007874015748
0
LINE
8
BLACK
6
CONTINUOUS
10
0.714271653543307
20
0.412007874015748
11
0.6857283464566929
21
0.412007874015748
0
LINE
8
BLACK
6
CONTINUOUS
10
0.3476144881889764
20
0.4404665354330708
11
0.3482536614173228
21
0.4398273622047244
0
LINE
8
BLACK
6
CONTINUOUS
10
0.3482536614173228
20
0.4398273622047244
11
0.3483435826771654
21
0.4393753543307087
0
LINE
8
BLACK
6
CONTINUOUS
10
0.3483435826771654
20
0.4393753543307087
11
0.3483435826771654
21
0.4296265748031496
0
LINE
8
BLACK
6
CONTINUOUS
10
0.3483435826771654
20
0.4296265748031496
11
0.3482536614173228
21
0.4291745669291339
0
LINE
8
BLACK
6
CONTINUOUS
10
0.3482536614173228
20
0.4291745669291339
11
0.3476144881889764
21
0.4285353937007874
0
LINE
8
BLACK
6
CONTINUOUS
10
0.3476144881889764
20
0.4285353937007874
11
0.3467104724409449
21
0.4285353937007874
0
LINE
8
BLACK
6
CONTINUOUS
10
0.3467104724409449
20
0.4285353937007874
11
0.3460712992125984
21
0.4291745669291339
0
LINE
8
BLACK
6
CONTINUOUS
10
0.3460712992125984
20
0.4291745669291339
11
0.3459813779527559
21
0.4296265748031496
0
LINE
8
BLACK
6
CONTINUOUS
10
0.3459813779527559
20
0.4296265748031496
11
0.3459813779527559
21
0.436523937007874
0
LINE
8
BLACK
6
CONTINUOUS
10
0.3459813779527559
20
0.436523937007874
11
0.338998779527559
21
0.4295412992125984
0
LINE
8
BLACK
6
CONTINUOUS
10
0.338998779527559
20
0.4295412992125984
11
0.3389495669291339
21
0.4295084645669291
0
LINE
8
BLACK
6
CONTINUOUS
10
0.3389495669291339
20
0.4295084645669291
11
0.3389374803149606
21
0.4294842125984252
0
LINE
8
BLACK
6
CONTINUOUS
10
0.3389374803149606
20
0.4294842125984252
11
0.3387728346456693
21
0.4293903543307087
0
LINE
8
BLACK
6
CONTINUOUS
10
0.3387728346456693
20
0.4293903543307087
11
0.3386155905511811
21
0.4292852755905512
0
LINE
8
BLACK
6
CONTINUOUS
10
0.3386155905511811
20
0.4292852755905512
11
0.3385885826771654
21
0.4292852755905512
0
LINE
8
BLACK
6
CONTINUOUS
10
0.3385885826771654
20
0.4292852755905512
11
0.338537125984252
21
0.4292559448818897
0
LINE
8
BLACK
6
CONTINUOUS
10
0.338537125984252
20
0.4292559448818897
11
0.3362874015748031
21
0.428506062992126
0
LINE
8
BLACK
6
CONTINUOUS
10
0.3362874015748031
20
0.428506062992126
11
0.3360994881889764
21
0.4284824015748032
0
LINE
8
BLACK
6
CONTINUOUS
10
0.3360994881889764
20
0.4284824015748032
11
0.3359138976377953
21
0.4284454724409449
0
LINE
8
BLACK
6
CONTINUOUS
10
0.3359138976377953
20
0.4284454724409449
11
0.334414094488189
21
0.4284454724409449
0
LINE
8
BLACK
6
CONTINUOUS
10
0.334414094488189
20
0.4284454724409449
11
0.3343560236220472
21
0.4284570472440945
0
LINE
8
BLACK
6
CONTINUOUS
10
0.3343560236220472
20
0.4284570472440945
11
0.3343303937007874
21
0.4284484645669291
0
LINE
8
BLACK
6
CONTINUOUS
10
0.3343303937007874
20
0.4284484645669291
11
0.334147874015748
21
0.4284984645669291
0
LINE
8
BLACK
6
CONTINUOUS
10
0.334147874015748
20
0.4284984645669291
11
0.3339620866141732
21
0.4285353937007874
0
LINE
8
BLACK
6
CONTINUOUS
10
0.3339620866141732
20
0.4285353937007874
11
0.3339429133858268
21
0.4285545669291339
0
LINE
8
BLACK
6
CONTINUOUS
10
0.3339429133858268
20
0.4285545669291339
11
0.333885905511811
21
0.428570157480315
0
LINE
8
BLACK
6
CONTINUOUS
10
0.333885905511811
20
0.428570157480315
11
0.332386062992126
21
0.4293200393700787
0
LINE
8
BLACK
6
CONTINUOUS
10
0.332386062992126
20
0.4293200393700787
11
0.3322364173228347
21
0.4294361811023622
0
LINE
8
BLACK
6
CONTINUOUS
10
0.3322364173228347
20
0.4294361811023622
11
0.3320790551181103
21
0.4295413385826772
0
LINE
8
BLACK
6
CONTINUOUS
10
0.3320790551181103
20
0.4295413385826772
11
0.3313291732283464
21
0.4302912204724409
0
LINE
8
BLACK
6
CONTINUOUS
10
0.3313291732283464
20
0.4302912204724409
11
0.3312239763779528
21
0.4304487007874016
0
LINE
8
BLACK
6
CONTINUOUS
10
0.3312239763779528
20
0.4304487007874016
11
0.3311079527559055
21
0.4305981496062992
0
LINE
8
BLACK
6
CONTINUOUS
10
0.3311079527559055
20
0.4305981496062992
11
0.330358031496063
21
0.4320979527559055
0
LINE
8
BLACK
6
CONTINUOUS
10
0.330358031496063
20
0.4320979527559055
11
0.3303424015748032
21
0.4321550393700787
0
LINE
8
BLACK
6
CONTINUOUS
10
0.3303424015748032
20
0.4321550393700787
11
0.3303232677165354
21
0.4321741732283464
0
LINE
8
BLACK
6
CONTINUOUS
10
0.3303232677165354
20
0.4321741732283464
11
0.3302862992125984
21
0.4323599606299213
0
LINE
8
BLACK
6
CONTINUOUS
10
0.3302862992125984
20
0.4323599606299213
11
0.3302363385826771
21
0.4325424803149606
0
LINE
8
BLACK
6
CONTINUOUS
10
0.3302363385826771
20
0.4325424803149606
11
0.3302448818897638
21
0.4325681496062992
0
LINE
8
BLACK
6
CONTINUOUS
10
0.3302448818897638
20
0.4325681496062992
11
0.3302333464566929
21
0.4326261811023622
0
LINE
8
BLACK
6
CONTINUOUS
10
0.3302333464566929
20
0.4326261811023622
11
0.3302333464566929
21
0.4363757086614173
0
LINE
8
BLACK
6
CONTINUOUS
10
0.3302333464566929
20
0.4363757086614173
11
0.3302448818897638
21
0.436433779527559
0
LINE
8
BLACK
6
CONTINUOUS
10
0.3302448818897638
20
0.436433779527559
11
0.3302363385826771
21
0.4364594094488189
0
LINE
8
BLACK
6
CONTINUOUS
10
0.3302363385826771
20
0.4364594094488189
11
0.3302862992125984
21
0.436641968503937
0
LINE
8
BLACK
6
CONTINUOUS
10
0.3302862992125984
20
0.436641968503937
11
0.3303232677165354
21
0.4368277165354331
0
LINE
8
BLACK
6
CONTINUOUS
10
0.3303232677165354
20
0.4368277165354331
11
0.3303424015748032
21
0.4368468897637795
0
LINE
8
BLACK
6
CONTINUOUS
10
0.3303424015748032
20
0.4368468897637795
11
0.330358031496063
21
0.436903937007874
0
LINE
8
BLACK
6
CONTINUOUS
10
0.330358031496063
20
0.436903937007874
11
0.3311079527559055
21
0.4384037401574803
0
LINE
8
BLACK
6
CONTINUOUS
10
0.3311079527559055
20
0.4384037401574803
11
0.3312239763779528
21
0.4385532283464567
0
LINE
8
BLACK
6
CONTINUOUS
10
0.3312239763779528
20
0.4385532283464567
11
0.3313291732283464
21
0.4387106692913386
0
LINE
8
BLACK
6
CONTINUOUS
10
0.3313291732283464
20
0.4387106692913386
11
0.3320790551181103
21
0.4394605511811023
0
LINE
8
BLACK
6
CONTINUOUS
10
0.3320790551181103
20
0.4394605511811023
11
0.3324622440944882
21
0.4397166141732283
0
LINE
8
BLACK
6
CONTINUOUS
10
0.3324622440944882
20
0.4397166141732283
11
0.3333661811023622
21
0.4397166535433071
0
LINE
8
BLACK
6
CONTINUOUS
10
0.3333661811023622
20
0.4397166535433071
11
0.3340054330708661
21
0.4390774015748031
0
LINE
8
BLACK
6
CONTINUOUS
10
0.3340054330708661
20
0.4390774015748031
11
0.3340054724409449
21
0.4381735039370079
0
LINE
8
BLACK
6
CONTINUOUS
10
0.3340054724409449
20
0.4381735039370079
11
0.3337494488188976
21
0.4377902755905512
0
LINE
8
BLACK
6
CONTINUOUS
10
0.3337494488188976
20
0.4377902755905512
11
0.3331350393700787
21
0.4371758661417323
0
LINE
8
BLACK
6
CONTINUOUS
10
0.3331350393700787
20
0.4371758661417323
11
0.3325955511811023
21
0.4360968503937008
0
LINE
8
BLACK
6
CONTINUOUS
10
0.3325955511811023
20
0.4360968503937008
11
0.3325955511811023
21
0.4329050393700787
0
LINE
8
BLACK
6
CONTINUOUS
10
0.3325955511811023
20
0.4329050393700787
11
0.3331350393700787
21
0.4318260629921259
0
LINE
8
BLACK
6
CONTINUOUS
10
0.3331350393700787
20
0.4318260629921259
11
0.333613937007874
21
0.4313471653543307
0
LINE
8
BLACK
6
CONTINUOUS
10
0.333613937007874
20
0.4313471653543307
11
0.3346929133858267
21
0.4308076771653543
0
LINE
8
BLACK
6
CONTINUOUS
10
0.3346929133858267
20
0.4308076771653543
11
0.3357221653543307
21
0.4308076771653543
0
LINE
8
BLACK
6
CONTINUOUS
10
0.3357221653543307
20
0.4308076771653543
11
0.3375256299212598
21
0.4314088188976378
0
LINE
8
BLACK
6
CONTINUOUS
10
0.3375256299212598
20
0.4314088188976378
11
0.3463273228346457
21
0.4402105118110236
0
LINE
8
BLACK
6
CONTINUOUS
10
0.3463273228346457
20
0.4402105118110236
11
0.3467103543307087
21
0.4404664566929134
0
LINE
8
BLACK
6
CONTINUOUS
10
0.3467103543307087
20
0.4404664566929134
11
0.3467104724409449
21
0.4404665354330708
0
LINE
8
BLACK
6
CONTINUOUS
10
0.3467104724409449
20
0.4404665354330708
11
0.3467105118110236
21
0.4404665354330708
0
LINE
8
BLACK
6
CONTINUOUS
10
0.3467105118110236
20
0.4404665354330708
11
0.3476144488188976
21
0.4404665748031496
0
LINE
8
BLACK
6
CONTINUOUS
10
0.3476144488188976
20
0.4404665748031496
11
0.3476144881889764
21
0.4404665354330708
0
LINE
8
BLACK
6
CONTINUOUS
10
0.3476144881889764
20
0.4547147244094488
11
0.3482536614173228
21
0.4540755511811024
0
LINE
8
BLACK
6
CONTINUOUS
10
0.3482536614173228
20
0.4540755511811024
11
0.3482536614173228
21
0.4531715354330709
0
LINE
8
BLACK
6
CONTINUOUS
10
0.3482536614173228
20
0.4531715354330709
11
0.3476144881889764
21
0.4525323622047244
0
LINE
8
BLACK
6
CONTINUOUS
10
0.3476144881889764
20
0.4525323622047244
11
0.3471624803149606
21
0.4524424409448819
0
LINE
8
BLACK
6
CONTINUOUS
10
0.3471624803149606
20
0.4524424409448819
11
0.3408445275590551
21
0.4524424409448819
0
LINE
8
BLACK
6
CONTINUOUS
10
0.3408445275590551
20
0.4524424409448819
11
0.3408445275590551
21
0.4504889763779528
0
LINE
8
BLACK
6
CONTINUOUS
10
0.3408445275590551
20
0.4504889763779528
11
0.3478397637795276
21
0.4455922834645669
0
LINE
8
BLACK
6
CONTINUOUS
10
0.3478397637795276
20
0.4455922834645669
11
0.3481585039370079
21
0.4452594094488189
0
LINE
8
BLACK
6
CONTINUOUS
10
0.3481585039370079
20
0.4452594094488189
11
0.3483155905511811
21
0.4443692519685039
0
LINE
8
BLACK
6
CONTINUOUS
10
0.3483155905511811
20
0.4443692519685039
11
0.3477972047244094
21
0.4436286614173228
0
LINE
8
BLACK
6
CONTINUOUS
10
0.3477972047244094
20
0.4436286614173228
11
0.3469070078740157
21
0.4434715748031496
0
LINE
8
BLACK
6
CONTINUOUS
10
0.3469070078740157
20
0.4434715748031496
11
0.3464851574803149
21
0.4436570866141732
0
LINE
8
BLACK
6
CONTINUOUS
10
0.3464851574803149
20
0.4436570866141732
11
0.3408412204724409
21
0.4476078346456693
0
LINE
8
BLACK
6
CONTINUOUS
10
0.3408412204724409
20
0.4476078346456693
11
0.3408329921259842
21
0.4475663385826771
0
LINE
8
BLACK
6
CONTINUOUS
10
0.3408329921259842
20
0.4475663385826771
11
0.3408415748031496
21
0.4475405905511811
0
LINE
8
BLACK
6
CONTINUOUS
10
0.3408415748031496
20
0.4475405905511811
11
0.3407914960629921
21
0.4473577952755906
0
LINE
8
BLACK
6
CONTINUOUS
10
0.3407914960629921
20
0.4473577952755906
11
0.3407546062992126
21
0.4471722834645669
0
LINE
8
BLACK
6
CONTINUOUS
10
0.3407546062992126
20
0.4471722834645669
11
0.3407354330708661
21
0.4471531496062992
0
LINE
8
BLACK
6
CONTINUOUS
10
0.3407354330708661
20
0.4471531496062992
11
0.340719842519685
21
0.4470961023622047
0
LINE
8
BLACK
6
CONTINUOUS
10
0.340719842519685
20
0.4470961023622047
11
0.3399699212598425
21
0.4455962598425197
0
LINE
8
BLACK
6
CONTINUOUS
10
0.3399699212598425
20
0.4455962598425197
11
0.339853937007874
21
0.4454468897637795
0
LINE
8
BLACK
6
CONTINUOUS
10
0.339853937007874
20
0.4454468897637795
11
0.3397487007874015
21
0.4452893307086614
0
LINE
8
BLACK
6
CONTINUOUS
10
0.3397487007874015
20
0.4452893307086614
11
0.338998779527559
21
0.4445394488188976
0
LINE
8
BLACK
6
CONTINUOUS
10
0.338998779527559
20
0.4445394488188976
11
0.3388415748031496
21
0.4444344488188977
0
LINE
8
BLACK
6
CONTINUOUS
10
0.3388415748031496
20
0.4444344488188977
11
0.3386918503937008
21
0.4443181889763779
0
LINE
8
BLACK
6
CONTINUOUS
10
0.3386918503937008
20
0.4443181889763779
11
0.337191968503937
21
0.4435682677165354
0
LINE
8
BLACK
6
CONTINUOUS
10
0.337191968503937
20
0.4435682677165354
11
0.3371349212598425
21
0.4435526771653543
0
LINE
8
BLACK
6
CONTINUOUS
10
0.3371349212598425
20
0.4435526771653543
11
0.3371157874015748
21
0.4435335039370079
0
LINE
8
BLACK
6
CONTINUOUS
10
0.3371157874015748
20
0.4435335039370079
11
0.3369299606299213
21
0.4434965748031496
0
LINE
8
BLACK
6
CONTINUOUS
10
0.3369299606299213
20
0.4434965748031496
11
0.3367474803149606
21
0.4434465748031496
0
LINE
8
BLACK
6
CONTINUOUS
10
0.3367474803149606
20
0.4434465748031496
11
0.336721811023622
21
0.4434551574803149
0
LINE
8
BLACK
6
CONTINUOUS
10
0.336721811023622
20
0.4434551574803149
11
0.336663779527559
21
0.4434435826771653
0
LINE
8
BLACK
6
CONTINUOUS
10
0.336663779527559
20
0.4434435826771653
11
0.334414094488189
21
0.4434435826771653
0
LINE
8
BLACK
6
CONTINUOUS
10
0.334414094488189
20
0.4434435826771653
11
0.3343561023622047
21
0.4434551181102362
0
LINE
8
BLACK
6
CONTINUOUS
10
0.3343561023622047
20
0.4434551181102362
11
0.3343303937007874
21
0.4434465354330708
0
LINE
8
BLACK
6
CONTINUOUS
10
0.3343303937007874
20
0.4434465354330708
11
0.3341475590551181
21
0.4434966141732283
0
LINE
8
BLACK
6
CONTINUOUS
10
0.3341475590551181
20
0.4434966141732283
11
0.3339620866141732
21
0.4435335039370079
0
LINE
8
BLACK
6
CONTINUOUS
10
0.3339620866141732
20
0.4435335039370079
11
0.3339429133858268
21
0.4435526771653543
0
LINE
8
BLACK
6
CONTINUOUS
10
0.3339429133858268
20
0.4435526771653543
11
0.333885905511811
21
0.4435682677165354
0
LINE
8
BLACK
6
CONTINUOUS
10
0.333885905511811
20
0.4435682677165354
11
0.332386062992126
21
0.4443181889763779
0
LINE
8
BLACK
6
CONTINUOUS
10
0.332386062992126
20
0.4443181889763779
11
0.332236811023622
21
0.4444340551181102
0
LINE
8
BLACK
6
CONTINUOUS
10
0.332236811023622
20
0.4444340551181102
11
0.332079094488189
21
0.4445394094488189
0
LINE
8
BLACK
6
CONTINUOUS
10
0.332079094488189
20
0.4445394094488189
11
0.3313292125984252
21
0.4452893307086614
0
LINE
8
BLACK
6
CONTINUOUS
10
0.3313292125984252
20
0.4452893307086614
11
0.3312241732283465
21
0.4454465354330708
0
LINE
8
BLACK
6
CONTINUOUS
10
0.3312241732283465
20
0.4454465354330708
11
0.3311079527559055
21
0.4455962598425197
0
LINE
8
BLACK
6
CONTINUOUS
10
0.3311079527559055
20
0.4455962598425197
11
0.330358031496063
21
0.447096062992126
0
LINE
8
BLACK
6
CONTINUOUS
10
0.330358031496063
20
0.447096062992126
11
0.3303424015748032
21
0.4471531496062992
0
LINE
8
BLACK
6
CONTINUOUS
10
0.3303424015748032
20
0.4471531496062992
11
0.3303232677165354
21
0.4471722834645669
0
LINE
8
BLACK
6
CONTINUOUS
10
0.3303232677165354
20
0.4471722834645669
11
0.3302862992125984
21
0.4473580708661417
0
LINE
8
BLACK
6
CONTINUOUS
10
0.3302862992125984
20
0.4473580708661417
11
0.3302363385826771
21
0.4475405905511811
0
LINE
8
BLACK
6
CONTINUOUS
10
0.3302363385826771
20
0.4475405905511811
11
0.3302448818897638
21
0.4475662598425197
0
LINE
8
BLACK
6
CONTINUOUS
10
0.3302448818897638
20
0.4475662598425197
11
0.3302333464566929
21
0.4476242913385827
0
LINE
8
BLACK
6
CONTINUOUS
10
0.3302333464566929
20
0.4476242913385827
11
0.3302333464566929
21
0.4536235433070866
0
LINE
8
BLACK
6
CONTINUOUS
10
0.3302333464566929
20
0.4536235433070866
11
0.3303232677165354
21
0.4540755511811024
0
LINE
8
BLACK
6
CONTINUOUS
10
0.3303232677165354
20
0.4540755511811024
11
0.3309624409448819
21
0.4547147244094488
0
LINE
8
BLACK
6
CONTINUOUS
10
0.3309624409448819
20
0.4547147244094488
11
0.3314144488188976
21
0.4548046456692914
0
LINE
8
BLACK
6
CONTINUOUS
10
0.3314144488188976
20
0.4548046456692914
11
0.3471624803149606
21
0.4548046456692914
0
LINE
8
BLACK
6
CONTINUOUS
10
0.3471624803149606
20
0.4548046456692914
11
0.3476144881889764
21
0.4547147244094488
0
LINE
8
BLACK
6
CONTINUOUS
10
0.3325955511811023
20
0.4479031496062992
11
0.3331350393700787
21
0.4468241338582677
0
LINE
8
BLACK
6
CONTINUOUS
10
0.3331350393700787
20
0.4468241338582677
11
0.3336138976377953
21
0.4463453149606299
0
LINE
8
BLACK
6
CONTINUOUS
10
0.3336138976377953
20
0.4463453149606299
11
0.3346929527559055
21
0.4458057874015748
0
LINE
8
BLACK
6
CONTINUOUS
10
0.3346929527559055
20
0.4458057874015748
11
0.3363849606299212
21
0.4458057874015748
0
LINE
8
BLACK
6
CONTINUOUS
10
0.3363849606299212
20
0.4458057874015748
11
0.3374639763779527
21
0.4463453149606299
0
LINE
8
BLACK
6
CONTINUOUS
10
0.3374639763779527
20
0.4463453149606299
11
0.3379427559055118
21
0.4468241338582677
0
LINE
8
BLACK
6
CONTINUOUS
10
0.3379427559055118
20
0.4468241338582677
11
0.3384823228346457
21
0.4479031889763779
0
LINE
8
BLACK
6
CONTINUOUS
10
0.3384823228346457
20
0.4479031889763779
11
0.3384823228346457
21
0.4524424409448819
0
LINE
8
BLACK
6
CONTINUOUS
10
0.3384823228346457
20
0.4524424409448819
11
0.3325955511811023
21
0.4524424409448819
0
LINE
8
BLACK
6
CONTINUOUS
10
0.3325955511811023
20
0.4524424409448819
11
0.3325955511811023
21
0.4479031496062992
0
LINE
8
BLACK
6
CONTINUOUS
10
0.3569934645669292
20
0.4753147244094488
11
0.3580588188976378
21
0.4742493700787401
0
LINE
8
BLACK
6
CONTINUOUS
10
0.3580588188976378
20
0.4742493700787401
11
0.3582086614173228
21
0.473496062992126
0
LINE
8
BLACK
6
CONTINUOUS
10
0.3582086614173228
20
0.473496062992126
11
0.3582086614173228
21
0.410503937007874
0
LINE
8
BLACK
6
CONTINUOUS
10
0.3582086614173228
20
0.410503937007874
11
0.3580588188976378
21
0.4097506299212598
0
LINE
8
BLACK
6
CONTINUOUS
10
0.3580588188976378
20
0.4097506299212598
11
0.3569934645669292
21
0.4086852755905512
0
LINE
8
BLACK
6
CONTINUOUS
10
0.3569934645669292
20
0.4086852755905512
11
0.356240157480315
21
0.4085354330708661
0
LINE
8
BLACK
6
CONTINUOUS
10
0.356240157480315
20
0.4085354330708661
11
0.323759842519685
21
0.4085354330708661
0
LINE
8
BLACK
6
CONTINUOUS
10
0.323759842519685
20
0.4085354330708661
11
0.3230065354330708
21
0.4086852755905512
0
LINE
8
BLACK
6
CONTINUOUS
10
0.3230065354330708
20
0.4086852755905512
11
0.3219411811023622
21
0.4097506299212598
0
LINE
8
BLACK
6
CONTINUOUS
10
0.3219411811023622
20
0.4097506299212598
11
0.3217913385826772
21
0.410503937007874
0
LINE
8
BLACK
6
CONTINUOUS
10
0.3217913385826772
20
0.410503937007874
11
0.3217913385826772
21
0.473496062992126
0
LINE
8
BLACK
6
CONTINUOUS
10
0.3217913385826772
20
0.473496062992126
11
0.3219411811023622
21
0.4742493700787401
0
LINE
8
BLACK
6
CONTINUOUS
10
0.3219411811023622
20
0.4742493700787401
11
0.3230065354330708
21
0.4753147244094488
0
LINE
8
BLACK
6
CONTINUOUS
10
0.3230065354330708
20
0.4753147244094488
11
0.323759842519685
21
0.4754645669291339
0
LINE
8
BLACK
6
CONTINUOUS
10
0.323759842519685
20
0.4754645669291339
11
0.356240157480315
21
0.4754645669291339
0
LINE
8
BLACK
6
CONTINUOUS
10
0.356240157480315
20
0.4754645669291339
11
0.3569934645669292
21
0.4753147244094488
0
LINE
8
BLACK
6
CONTINUOUS
10
0.3257283464566929
20
0.4715275590551181
11
0.3257283464566929
21
0.4124724409448819
0
LINE
8
BLACK
6
CONTINUOUS
10
0.3257283464566929
20
0.4124724409448819
11
0.3542716535433071
21
0.4124724409448819
0
LINE
8
BLACK
6
CONTINUOUS
10
0.3542716535433071
20
0.4124724409448819
11
0.3542716535433071
21
0.4715275590551181
0
LINE
8
BLACK
6
CONTINUOUS
10
0.3542716535433071
20
0.4715275590551181
11
0.3257283464566929
21
0.4715275590551181
0
LINE
8
BLACK
6
CONTINUOUS
10
0.5065699606299212
20
0.501541653543307
11
0.506727283464567
21
0.5007506692913386
0
LINE
8
BLACK
6
CONTINUOUS
10
0.506727283464567
20
0.5007506692913386
11
0.506727283464567
21
0.4836903149606299
0
LINE
8
BLACK
6
CONTINUOUS
10
0.506727283464567
20
0.4836903149606299
11
0.5065699606299212
21
0.4828993307086614
0
LINE
8
BLACK
6
CONTINUOUS
10
0.5065699606299212
20
0.4828993307086614
11
0.5054513385826771
21
0.4817807086614173
0
LINE
8
BLACK
6
CONTINUOUS
10
0.5054513385826771
20
0.4817807086614173
11
0.5038693700787401
21
0.4817807086614173
0
LINE
8
BLACK
6
CONTINUOUS
10
0.5038693700787401
20
0.4817807086614173
11
0.502750748031496
21
0.4828993307086614
0
LINE
8
BLACK
6
CONTINUOUS
10
0.502750748031496
20
0.4828993307086614
11
0.5025934251968504
21
0.4836903149606299
0
LINE
8
BLACK
6
CONTINUOUS
10
0.5025934251968504
20
0.4836903149606299
11
0.5025934251968504
21
0.4957606692913386
0
LINE
8
BLACK
6
CONTINUOUS
10
0.5025934251968504
20
0.4957606692913386
11
0.4903738582677165
21
0.4835411023622047
0
LINE
8
BLACK
6
CONTINUOUS
10
0.4903738582677165
20
0.4835411023622047
11
0.4902877952755905
21
0.4834836220472441
0
LINE
8
BLACK
6
CONTINUOUS
10
0.4902877952755905
20
0.4834836220472441
11
0.4902665748031496
21
0.4834411417322835
0
LINE
8
BLACK
6
CONTINUOUS
10
0.4902665748031496
20
0.4834411417322835
11
0.4899786220472441
21
0.4832770472440945
0
LINE
8
BLACK
6
CONTINUOUS
10
0.4899786220472441
20
0.4832770472440945
11
0.4897033070866141
21
0.483093031496063
0
LINE
8
BLACK
6
CONTINUOUS
10
0.4897033070866141
20
0.483093031496063
11
0.4896558661417323
21
0.483093031496063
0
LINE
8
BLACK
6
CONTINUOUS
10
0.4896558661417323
20
0.483093031496063
11
0.4895659448818898
21
0.4830417716535433
0
LINE
8
BLACK
6
CONTINUOUS
10
0.4895659448818898
20
0.4830417716535433
11
0.485628937007874
21
0.4817294488188976
0
LINE
8
BLACK
6
CONTINUOUS
10
0.485628937007874
20
0.4817294488188976
11
0.4853002362204724
21
0.481688031496063
0
LINE
8
BLACK
6
CONTINUOUS
10
0.4853002362204724
20
0.481688031496063
11
0.4849753149606299
21
0.4816233858267717
0
LINE
8
BLACK
6
CONTINUOUS
10
0.4849753149606299
20
0.4816233858267717
11
0.4823506299212598
21
0.4816233858267717
0
LINE
8
BLACK
6
CONTINUOUS
10
0.4823506299212598
20
0.4816233858267717
11
0.4822490551181102
21
0.4816435826771653
0
LINE
8
BLACK
6
CONTINUOUS
10
0.4822490551181102
20
0.4816435826771653
11
0.482204094488189
21
0.4816285826771654
0
LINE
8
BLACK
6
CONTINUOUS
10
0.482204094488189
20
0.4816285826771654
11
0.48188468503937
21
0.481716062992126
0
LINE
8
BLACK
6
CONTINUOUS
10
0.48188468503937
20
0.481716062992126
11
0.4815596456692913
21
0.4817807086614173
0
LINE
8
BLACK
6
CONTINUOUS
10
0.4815596456692913
20
0.4817807086614173
11
0.481526062992126
21
0.4818142913385827
0
LINE
8
BLACK
6
CONTINUOUS
10
0.481526062992126
20
0.4818142913385827
11
0.4814262598425197
21
0.4818416141732283
0
LINE
8
BLACK
6
CONTINUOUS
10
0.4814262598425197
20
0.4818416141732283
11
0.4788016141732284
21
0.483153937007874
0
LINE
8
BLACK
6
CONTINUOUS
10
0.4788016141732284
20
0.483153937007874
11
0.4785398818897638
21
0.4833570472440945
0
LINE
8
BLACK
6
CONTINUOUS
10
0.4785398818897638
20
0.4833570472440945
11
0.4782644488188976
21
0.4835411023622047
0
LINE
8
BLACK
6
CONTINUOUS
10
0.4782644488188976
20
0.4835411023622047
11
0.4769520866141732
21
0.4848534645669291
0
LINE
8
BLACK
6
CONTINUOUS
10
0.4769520866141732
20
0.4848534645669291
11
0.4767679921259843
21
0.485128937007874
0
LINE
8
BLACK
6
CONTINUOUS
10
0.4767679921259843
20
0.485128937007874
11
0.4765649212598425
21
0.4853906299212598
0
LINE
8
BLACK
6
CONTINUOUS
10
0.4765649212598425
20
0.4853906299212598
11
0.4752525984251968
21
0.4880152755905512
0
LINE
8
BLACK
6
CONTINUOUS
10
0.4752525984251968
20
0.4880152755905512
11
0.4752252362204724
21
0.4881151181102362
0
LINE
8
BLACK
6
CONTINUOUS
10
0.4752252362204724
20
0.4881151181102362
11
0.4751916929133858
21
0.4881486614173228
0
LINE
8
BLACK
6
CONTINUOUS
10
0.4751916929133858
20
0.4881486614173228
11
0.4751270078740157
21
0.4884737401574803
0
LINE
8
BLACK
6
CONTINUOUS
10
0.4751270078740157
20
0.4884737401574803
11
0.4750395669291338
21
0.4887931102362205
0
LINE
8
BLACK
6
CONTINUOUS
10
0.4750395669291338
20
0.4887931102362205
11
0.4750545275590551
21
0.4888381102362205
0
LINE
8
BLACK
6
CONTINUOUS
10
0.4750545275590551
20
0.4888381102362205
11
0.4750343700787402
21
0.4889396456692913
0
LINE
8
BLACK
6
CONTINUOUS
10
0.4750343700787402
20
0.4889396456692913
11
0.4750343700787402
21
0.4955013385826771
0
LINE
8
BLACK
6
CONTINUOUS
10
0.4750343700787402
20
0.4955013385826771
11
0.4750545275590551
21
0.495602874015748
0
LINE
8
BLACK
6
CONTINUOUS
10
0.4750545275590551
20
0.495602874015748
11
0.4750395669291338
21
0.4956478346456693
0
LINE
8
BLACK
6
CONTINUOUS
10
0.4750395669291338
20
0.4956478346456693
11
0.4751270472440945
21
0.4959673622047244
0
LINE
8
BLACK
6
CONTINUOUS
10
0.4751270472440945
20
0.4959673622047244
11
0.4751916929133858
21
0.4962923228346456
0
LINE
8
BLACK
6
CONTINUOUS
10
0.4751916929133858
20
0.4962923228346456
11
0.4752251968503937
21
0.4963258661417323
0
LINE
8
BLACK
6
CONTINUOUS
10
0.4752251968503937
20
0.4963258661417323
11
0.4752525590551181
21
0.4964256692913386
0
LINE
8
BLACK
6
CONTINUOUS
10
0.4752525590551181
20
0.4964256692913386
11
0.4765649212598425
21
0.4990503937007874
0
LINE
8
BLACK
6
CONTINUOUS
10
0.4765649212598425
20
0.4990503937007874
11
0.4767677952755905
21
0.4993118897637795
0
LINE
8
BLACK
6
CONTINUOUS
10
0.4767677952755905
20
0.4993118897637795
11
0.4769520866141732
21
0.4995875984251968
0
LINE
8
BLACK
6
CONTINUOUS
10
0.4769520866141732
20
0.4995875984251968
11
0.4782644881889764
21
0.5008999212598425
0
LINE
8
BLACK
6
CONTINUOUS
10
0.4782644881889764
20
0.5008999212598425
11
0.4789350393700788
21
0.5013479921259842
0
LINE
8
BLACK
6
CONTINUOUS
10
0.4789350393700788
20
0.5013479921259842
11
0.4805170078740157
21
0.5013479527559055
0
LINE
8
BLACK
6
CONTINUOUS
10
0.4805170078740157
20
0.5013479527559055
11
0.4816356299212599
21
0.5002293307086614
0
LINE
8
BLACK
6
CONTINUOUS
10
0.4816356299212599
20
0.5002293307086614
11
0.4816355905511811
21
0.4986473228346456
0
LINE
8
BLACK
6
CONTINUOUS
10
0.4816355905511811
20
0.4986473228346456
11
0.4811875196850394
21
0.497976811023622
0
LINE
8
BLACK
6
CONTINUOUS
10
0.4811875196850394
20
0.497976811023622
11
0.4801123228346457
21
0.4969016535433071
0
LINE
8
BLACK
6
CONTINUOUS
10
0.4801123228346457
20
0.4969016535433071
11
0.4791682283464567
21
0.4950134251968504
0
LINE
8
BLACK
6
CONTINUOUS
10
0.4791682283464567
20
0.4950134251968504
11
0.4791682283464567
21
0.4894275590551181
0
LINE
8
BLACK
6
CONTINUOUS
10
0.4791682283464567
20
0.4894275590551181
11
0.4801123228346457
21
0.4875393700787402
0
LINE
8
BLACK
6
CONTINUOUS
10
0.4801123228346457
20
0.4875393700787402
11
0.4809503543307087
21
0.4867013385826772
0
LINE
8
BLACK
6
CONTINUOUS
10
0.4809503543307087
20
0.4867013385826772
11
0.4828385433070866
21
0.4857572440944882
0
LINE
8
BLACK
6
CONTINUOUS
10
0.4828385433070866
20
0.4857572440944882
11
0.4846398818897638
21
0.4857572440944882
0
LINE
8
BLACK
6
CONTINUOUS
10
0.4846398818897638
20
0.4857572440944882
11
0.4877958267716535
21
0.4868092519685039
0
LINE
8
BLACK
6
CONTINUOUS
10
0.4877958267716535
20
0.4868092519685039
11
0.5031988188976377
21
0.5022122047244094
0
LINE
8
BLACK
6
CONTINUOUS
10
0.5031988188976377
20
0.5022122047244094
11
0.5038693700787401
21
0.5026602755905512
0
LINE
8
BLACK
6
CONTINUOUS
10
0.5038693700787401
20
0.5026602755905512
11
0.5054513385826771
21
0.5026602755905512
0
LINE
8
BLACK
6
CONTINUOUS
10
0.5054513385826771
20
0.5026602755905512
11
0.5065699606299212
21
0.501541653543307
0
LINE
8
BLACK
6
CONTINUOUS
10
0.4995125590551181
20
0.5290441732283464
11
0.4995575590551181
21
0.5290591338582677
0
LINE
8
BLACK
6
CONTINUOUS
10
0.4995575590551181
20
0.5290591338582677
11
0.4998769291338583
21
0.5289716929133859
0
LINE
8
BLACK
6
CONTINUOUS
10
0.4998769291338583
20
0.5289716929133859
11
0.5002020078740157
21
0.5289070078740158
0
LINE
8
BLACK
6
CONTINUOUS
10
0.5002020078740157
20
0.5289070078740158
11
0.5002355511811023
21
0.5288734645669291
0
LINE
8
BLACK
6
CONTINUOUS
10
0.5002355511811023
20
0.5288734645669291
11
0.5003353937007874
21
0.5288461023622048
0
LINE
8
BLACK
6
CONTINUOUS
10
0.5003353937007874
20
0.5288461023622048
11
0.5029600393700787
21
0.5275337401574803
0
LINE
8
BLACK
6
CONTINUOUS
10
0.5029600393700787
20
0.5275337401574803
11
0.5032216141732283
21
0.527330748031496
0
LINE
8
BLACK
6
CONTINUOUS
10
0.5032216141732283
20
0.527330748031496
11
0.5034972047244094
21
0.5271466141732284
0
LINE
8
BLACK
6
CONTINUOUS
10
0.5034972047244094
20
0.5271466141732284
11
0.5048095669291338
21
0.525834251968504
0
LINE
8
BLACK
6
CONTINUOUS
10
0.5048095669291338
20
0.525834251968504
11
0.5049936220472441
21
0.525558779527559
0
LINE
8
BLACK
6
CONTINUOUS
10
0.5049936220472441
20
0.525558779527559
11
0.5051967716535433
21
0.5252970472440944
0
LINE
8
BLACK
6
CONTINUOUS
10
0.5051967716535433
20
0.5252970472440944
11
0.5065090944881889
21
0.5226723622047244
0
LINE
8
BLACK
6
CONTINUOUS
10
0.5065090944881889
20
0.5226723622047244
11
0.5065364173228346
21
0.5225725590551181
0
LINE
8
BLACK
6
CONTINUOUS
10
0.5065364173228346
20
0.5225725590551181
11
0.5065699606299212
21
0.5225390157480315
0
LINE
8
BLACK
6
CONTINUOUS
10
0.5065699606299212
20
0.5225390157480315
11
0.5066345669291339
21
0.5222140551181103
0
LINE
8
BLACK
6
CONTINUOUS
10
0.5066345669291339
20
0.5222140551181103
11
0.5067220866141732
21
0.5218945275590551
0
LINE
8
BLACK
6
CONTINUOUS
10
0.5067220866141732
20
0.5218945275590551
11
0.5067070866141732
21
0.5218495669291339
0
LINE
8
BLACK
6
CONTINUOUS
10
0.5067070866141732
20
0.5218495669291339
11
0.506727283464567
21
0.521748031496063
0
LINE
8
BLACK
6
CONTINUOUS
10
0.506727283464567
20
0.521748031496063
11
0.506727283464567
21
0.5164987007874016
0
LINE
8
BLACK
6
CONTINUOUS
10
0.506727283464567
20
0.5164987007874016
11
0.5067070866141732
21
0.5163972047244094
0
LINE
8
BLACK
6
CONTINUOUS
10
0.5067070866141732
20
0.5163972047244094
11
0.5067220866141732
21
0.5163522047244095
0
LINE
8
BLACK
6
CONTINUOUS
10
0.5067220866141732
20
0.5163522047244095
11
0.5066345669291339
21
0.516032716535433
0
LINE
8
BLACK
6
CONTINUOUS
10
0.5066345669291339
20
0.516032716535433
11
0.5065699606299212
21
0.515707716535433
0
LINE
8
BLACK
6
CONTINUOUS
10
0.5065699606299212
20
0.515707716535433
11
0.5065364173228346
21
0.5156742125984252
0
LINE
8
BLACK
6
CONTINUOUS
10
0.5065364173228346
20
0.5156742125984252
11
0.5065090944881889
21
0.5155743700787402
0
LINE
8
BLACK
6
CONTINUOUS
10
0.5065090944881889
20
0.5155743700787402
11
0.5051967716535433
21
0.5129496850393701
0
LINE
8
BLACK
6
CONTINUOUS
10
0.5051967716535433
20
0.5129496850393701
11
0.5049936220472441
21
0.5126879921259843
0
LINE
8
BLACK
6
CONTINUOUS
10
0.5049936220472441
20
0.5126879921259843
11
0.5048095669291338
21
0.5124124803149607
0
LINE
8
BLACK
6
CONTINUOUS
10
0.5048095669291338
20
0.5124124803149607
11
0.5034972047244094
21
0.5111001181102363
0
LINE
8
BLACK
6
CONTINUOUS
10
0.5034972047244094
20
0.5111001181102363
11
0.5032216141732283
21
0.5109160236220472
0
LINE
8
BLACK
6
CONTINUOUS
10
0.5032216141732283
20
0.5109160236220472
11
0.5029600393700787
21
0.5107129921259842
0
LINE
8
BLACK
6
CONTINUOUS
10
0.5029600393700787
20
0.5107129921259842
11
0.5003353937007874
21
0.5094006692913385
0
LINE
8
BLACK
6
CONTINUOUS
10
0.5003353937007874
20
0.5094006692913385
11
0.5002355511811023
21
0.5093733464566929
0
LINE
8
BLACK
6
CONTINUOUS
10
0.5002355511811023
20
0.5093733464566929
11
0.5002020078740157
21
0.5093397637795275
0
LINE
8
BLACK
6
CONTINUOUS
10
0.5002020078740157
20
0.5093397637795275
11
0.4998769291338583
21
0.5092751181102362
0
LINE
8
BLACK
6
CONTINUOUS
10
0.4998769291338583
20
0.5092751181102362
11
0.4995575590551181
21
0.5091876377952755
0
LINE
8
BLACK
6
CONTINUOUS
10
0.4995575590551181
20
0.5091876377952755
11
0.4995125590551181
21
0.5092026377952755
0
LINE
8
BLACK
6
CONTINUOUS
10
0.4995125590551181
20
0.5092026377952755
11
0.4994110236220473
21
0.5091824409448819
0
LINE
8
BLACK
6
CONTINUOUS
10
0.4994110236220473
20
0.5091824409448819
11
0.4771012992125984
21
0.5091824409448819
0
LINE
8
BLACK
6
CONTINUOUS
10
0.4771012992125984
20
0.5091824409448819
11
0.4763103149606299
21
0.5093397637795275
0
LINE
8
BLACK
6
CONTINUOUS
10
0.4763103149606299
20
0.5093397637795275
11
0.4751916929133858
21
0.5104583858267716
0
LINE
8
BLACK
6
CONTINUOUS
10
0.4751916929133858
20
0.5104583858267716
11
0.4751916929133858
21
0.5120403543307086
0
LINE
8
BLACK
6
CONTINUOUS
10
0.4751916929133858
20
0.5120403543307086
11
0.4763103149606299
21
0.5131589763779527
0
LINE
8
BLACK
6
CONTINUOUS
10
0.4763103149606299
20
0.5131589763779527
11
0.4771012992125984
21
0.5133162992125984
0
LINE
8
BLACK
6
CONTINUOUS
10
0.4771012992125984
20
0.5133162992125984
11
0.4989231102362204
21
0.5133162992125984
0
LINE
8
BLACK
6
CONTINUOUS
10
0.4989231102362204
20
0.5133162992125984
11
0.500811220472441
21
0.5142603937007874
0
LINE
8
BLACK
6
CONTINUOUS
10
0.500811220472441
20
0.5142603937007874
11
0.5016492913385827
21
0.5150983858267716
0
LINE
8
BLACK
6
CONTINUOUS
10
0.5016492913385827
20
0.5150983858267716
11
0.5025934251968504
21
0.5169866141732283
0
LINE
8
BLACK
6
CONTINUOUS
10
0.5025934251968504
20
0.5169866141732283
11
0.5025934251968504
21
0.5212601181102362
0
LINE
8
BLACK
6
CONTINUOUS
10
0.5025934251968504
20
0.5212601181102362
11
0.5016492913385827
21
0.5231483858267716
0
LINE
8
BLACK
6
CONTINUOUS
10
0.5016492913385827
20
0.5231483858267716
11
0.5008112598425196
21
0.5239863385826772
0
LINE
8
BLACK
6
CONTINUOUS
10
0.5008112598425196
20
0.5239863385826772
11
0.4989231102362204
21
0.5249304724409448
0
LINE
8
BLACK
6
CONTINUOUS
10
0.4989231102362204
20
0.5249304724409448
11
0.4771012992125984
21
0.5249304724409448
0
LINE
8
BLACK
6
CONTINUOUS
10
0.4771012992125984
20
0.5249304724409448
11
0.4763103149606299
21
0.5250877952755906
0
LINE
8
BLACK
6
CONTINUOUS
10
0.4763103149606299
20
0.5250877952755906
11
0.4751916929133858
21
0.5262064173228347
0
LINE
8
BLACK
6
CONTINUOUS
10
0.4751916929133858
20
0.5262064173228347
11
0.4751916929133858
21
0.5277883858267717
0
LINE
8
BLACK
6
CONTINUOUS
10
0.4751916929133858
20
0.5277883858267717
11
0.4763103149606299
21
0.5289070078740158
0
LINE
8
BLACK
6
CONTINUOUS
10
0.4763103149606299
20
0.5289070078740158
11
0.4771012992125984
21
0.5290643307086614
0
LINE
8
BLACK
6
CONTINUOUS
10
0.4771012992125984
20
0.5290643307086614
11
0.4994110236220473
21
0.5290643307086614
0
LINE
8
BLACK
6
CONTINUOUS
10
0.4994110236220473
20
0.5290643307086614
11
0.4995125590551181
21
0.5290441732283464
0
LINE
8
BLACK
6
CONTINUOUS
10
0.5913044881889764
20
0.566873779527559
11
0.5923698425196851
21
0.5658084251968504
0
LINE
8
BLACK
6
CONTINUOUS
10
0.5923698425196851
20
0.5658084251968504
11
0.59251968503937
21
0.5650551181102362
0
LINE
8
BLACK
6
CONTINUOUS
10
0.59251968503937
20
0.5650551181102362
11
0.59251968503937
21
0.4469448818897638
0
LINE
8
BLACK
6
CONTINUOUS
10
0.59251968503937
20
0.4469448818897638
11
0.5923698425196851
21
0.4461915748031496
0
LINE
8
BLACK
6
CONTINUOUS
10
0.5923698425196851
20
0.4461915748031496
11
0.5913044881889764
21
0.4451262204724409
0
LINE
8
BLACK
6
CONTINUOUS
10
0.5913044881889764
20
0.4451262204724409
11
0.5905511811023622
21
0.4449763779527559
0
LINE
8
BLACK
6
CONTINUOUS
10
0.5905511811023622
20
0.4449763779527559
11
0.3937007874015748
21
0.4449763779527559
0
LINE
8
BLACK
6
CONTINUOUS
10
0.3937007874015748
20
0.4449763779527559
11
0.3929474803149606
21
0.4451262204724409
0
LINE
8
BLACK
6
CONTINUOUS
10
0.3929474803149606
20
0.4451262204724409
11
0.391882125984252
21
0.4461915748031496
0
LINE
8
BLACK
6
CONTINUOUS
10
0.391882125984252
20
0.4461915748031496
11
0.3917322834645669
21
0.4469448818897638
0
LINE
8
BLACK
6
CONTINUOUS
10
0.3917322834645669
20
0.4469448818897638
11
0.3917322834645669
21
0.5256850393700787
0
LINE
8
BLACK
6
CONTINUOUS
10
0.3917322834645669
20
0.5256850393700787
11
0.391882125984252
21
0.5264383464566929
0
LINE
8
BLACK
6
CONTINUOUS
10
0.391882125984252
20
0.5264383464566929
11
0.3923088582677166
21
0.527076968503937
0
LINE
8
BLACK
6
CONTINUOUS
10
0.3923088582677166
20
0.527076968503937
11
0.431678937007874
21
0.5664470866141732
0
LINE
8
BLACK
6
CONTINUOUS
10
0.431678937007874
20
0.5664470866141732
11
0.4323175590551181
21
0.566873779527559
0
LINE
8
BLACK
6
CONTINUOUS
10
0.4323175590551181
20
0.566873779527559
11
0.4330708661417323
21
0.5670236220472441
0
LINE
8
BLACK
6
CONTINUOUS
10
0.4330708661417323
20
0.5670236220472441
11
0.5905511811023622
21
0.5670236220472441
0
LINE
8
BLACK
6
CONTINUOUS
10
0.5905511811023622
20
0.5670236220472441
11
0.5913044881889764
21
0.566873779527559
0
LINE
8
BLACK
6
CONTINUOUS
10
0.4338862598425197
20
0.5630866141732284
11
0.3956692913385826
21
0.52486968503937
0
LINE
8
BLACK
6
CONTINUOUS
10
0.3956692913385826
20
0.52486968503937
11
0.3956692913385826
21
0.4489133858267716
0
LINE
8
BLACK
6
CONTINUOUS
10
0.3956692913385826
20
0.4489133858267716
11
0.5885826771653543
21
0.4489133858267716
0
LINE
8
BLACK
6
CONTINUOUS
10
0.5885826771653543
20
0.4489133858267716
11
0.5885826771653543
21
0.5630866141732284
0
LINE
8
BLACK
6
CONTINUOUS
10
0.5885826771653543
20
0.5630866141732284
11
0.4338862598425197
21
0.5630866141732284
0
LINE
8
BLACK
6
CONTINUOUS
10
0.1494679921259842
20
0.6501866535433071
11
0.1502826771653543
21
0.6493720078740157
0
LINE
8
BLACK
6
CONTINUOUS
10
0.1502826771653543
20
0.6493720078740157
11
0.1505391338582677
21
0.6487527952755905
0
LINE
8
BLACK
6
CONTINUOUS
10
0.1505391338582677
20
0.6487527952755905
11
0.1507235433070866
21
0.6483075984251968
0
LINE
8
BLACK
6
CONTINUOUS
10
0.1507235433070866
20
0.6483075984251968
11
0.1507802755905512
21
0.6477315354330708
0
LINE
8
BLACK
6
CONTINUOUS
10
0.1507802755905512
20
0.6477315354330708
11
0.1507802755905512
21
0.6233596062992126
0
LINE
8
BLACK
6
CONTINUOUS
10
0.1507802755905512
20
0.6233596062992126
11
0.1507235433070866
21
0.6227835433070866
0
LINE
8
BLACK
6
CONTINUOUS
10
0.1507235433070866
20
0.6227835433070866
11
0.1502826377952756
21
0.6217191338582677
0
LINE
8
BLACK
6
CONTINUOUS
10
0.1502826377952756
20
0.6217191338582677
11
0.1494679921259842
21
0.6209044881889764
0
LINE
8
BLACK
6
CONTINUOUS
10
0.1494679921259842
20
0.6209044881889764
11
0.1484035826771654
21
0.6204635826771654
0
LINE
8
BLACK
6
CONTINUOUS
10
0.1484035826771654
20
0.6204635826771654
11
0.1472514566929134
21
0.6204635826771654
0
LINE
8
BLACK
6
CONTINUOUS
10
0.1472514566929134
20
0.6204635826771654
11
0.1461870472440945
21
0.6209044881889764
0
LINE
8
BLACK
6
CONTINUOUS
10
0.1461870472440945
20
0.6209044881889764
11
0.1453724015748031
21
0.6217191338582677
0
LINE
8
BLACK
6
CONTINUOUS
10
0.1453724015748031
20
0.6217191338582677
11
0.1449314960629921
21
0.6227835433070866
0
LINE
8
BLACK
6
CONTINUOUS
10
0.1449314960629921
20
0.6227835433070866
11
0.1448747637795275
21
0.6233596062992126
0
LINE
8
BLACK
6
CONTINUOUS
10
0.1448747637795275
20
0.6233596062992126
11
0.1448747637795275
21
0.6406029921259843
0
LINE
8
BLACK
6
CONTINUOUS
10
0.1448747637795275
20
0.6406029921259843
11
0.1274182283464567
21
0.6231464566929134
0
LINE
8
BLACK
6
CONTINUOUS
10
0.1274182283464567
20
0.6231464566929134
11
0.1269707874015748
21
0.6227792519685039
0
LINE
8
BLACK
6
CONTINUOUS
10
0.1269707874015748
20
0.6227792519685039
11
0.1268727165354331
21
0.6227386614173228
0
LINE
8
BLACK
6
CONTINUOUS
10
0.1268727165354331
20
0.6227386614173228
11
0.1267925984251969
21
0.6226691338582677
0
LINE
8
BLACK
6
CONTINUOUS
10
0.1267925984251969
20
0.6226691338582677
11
0.1262640551181102
21
0.6224331496062993
0
LINE
8
BLACK
6
CONTINUOUS
10
0.1262640551181102
20
0.6224331496062993
11
0.1206397637795276
21
0.6205583858267716
0
LINE
8
BLACK
6
CONTINUOUS
10
0.1206397637795276
20
0.6205583858267716
11
0.1203541732283464
21
0.6204934645669291
0
LINE
8
BLACK
6
CONTINUOUS
10
0.1203541732283464
20
0.6204934645669291
11
0.1202820866141732
21
0.6204635826771654
0
LINE
8
BLACK
6
CONTINUOUS
10
0.1202820866141732
20
0.6204635826771654
11
0.1201775590551181
21
0.6204533070866142
0
LINE
8
BLACK
6
CONTINUOUS
10
0.1201775590551181
20
0.6204533070866142
11
0.1200753149606299
21
0.6204300393700787
0
LINE
8
BLACK
6
CONTINUOUS
10
0.1200753149606299
20
0.6204300393700787
11
0.1199975590551181
21
0.6204355905511811
0
LINE
8
BLACK
6
CONTINUOUS
10
0.1199975590551181
20
0.6204355905511811
11
0.1197060236220472
21
0.6204068503937008
0
LINE
8
BLACK
6
CONTINUOUS
10
0.1197060236220472
20
0.6204068503937008
11
0.1159564960629921
21
0.6204068503937008
0
LINE
8
BLACK
6
CONTINUOUS
10
0.1159564960629921
20
0.6204068503937008
11
0.1153804330708661
21
0.6204635826771654
0
LINE
8
BLACK
6
CONTINUOUS
10
0.1153804330708661
20
0.6204635826771654
11
0.1152824409448819
21
0.6205041732283464
0
LINE
8
BLACK
6
CONTINUOUS
10
0.1152824409448819
20
0.6205041732283464
11
0.1151765748031496
21
0.6205116929133858
0
LINE
8
BLACK
6
CONTINUOUS
10
0.1151765748031496
20
0.6205116929133858
11
0.1146359842519685
21
0.6207185826771653
0
LINE
8
BLACK
6
CONTINUOUS
10
0.1146359842519685
20
0.6207185826771653
11
0.1108864566929134
21
0.622593346456693
0
LINE
8
BLACK
6
CONTINUOUS
10
0.1108864566929134
20
0.622593346456693
11
0.1106384251968504
21
0.6227494488188976
0
LINE
8
BLACK
6
CONTINUOUS
10
0.1106384251968504
20
0.6227494488188976
11
0.1105664960629921
21
0.6227792519685039
0
LINE
8
BLACK
6
CONTINUOUS
10
0.1105664960629921
20
0.6227792519685039
11
0.1104855118110236
21
0.6228457480314961
0
LINE
8
BLACK
6
CONTINUOUS
10
0.1104855118110236
20
0.6228457480314961
11
0.1103965748031496
21
0.6229016929133858
0
LINE
8
BLACK
6
CONTINUOUS
10
0.1103965748031496
20
0.6229016929133858
11
0.1103453937007874
21
0.6229607086614173
0
LINE
8
BLACK
6
CONTINUOUS
10
0.1103453937007874
20
0.6229607086614173
11
0.1101190551181102
21
0.6231464566929134
0
LINE
8
BLACK
6
CONTINUOUS
10
0.1101190551181102
20
0.6231464566929134
11
0.1082442913385827
21
0.6250212204724409
0
LINE
8
BLACK
6
CONTINUOUS
10
0.1082442913385827
20
0.6250212204724409
11
0.1080585039370079
21
0.6252475984251968
0
LINE
8
BLACK
6
CONTINUOUS
10
0.1080585039370079
20
0.6252475984251968
11
0.1079995275590551
21
0.6252987401574803
0
LINE
8
BLACK
6
CONTINUOUS
10
0.1079995275590551
20
0.6252987401574803
11
0.1079435433070866
21
0.625387716535433
0
LINE
8
BLACK
6
CONTINUOUS
10
0.1079435433070866
20
0.625387716535433
11
0.1078770866141732
21
0.6254686614173228
0
LINE
8
BLACK
6
CONTINUOUS
10
0.1078770866141732
20
0.6254686614173228
11
0.1078472440944882
21
0.6255406299212598
0
LINE
8
BLACK
6
CONTINUOUS
10
0.1078472440944882
20
0.6255406299212598
11
0.1076911811023622
21
0.6257886220472441
0
LINE
8
BLACK
6
CONTINUOUS
10
0.1076911811023622
20
0.6257886220472441
11
0.1058164173228346
21
0.6295381496062992
0
LINE
8
BLACK
6
CONTINUOUS
10
0.1058164173228346
20
0.6295381496062992
11
0.1056095275590551
21
0.6300787795275591
0
LINE
8
BLACK
6
CONTINUOUS
10
0.1056095275590551
20
0.6300787795275591
11
0.1056020078740157
21
0.6301846062992126
0
LINE
8
BLACK
6
CONTINUOUS
10
0.1056020078740157
20
0.6301846062992126
11
0.1055614173228346
21
0.6302825984251968
0
LINE
8
BLACK
6
CONTINUOUS
10
0.1055614173228346
20
0.6302825984251968
11
0.1055046850393701
21
0.6308586614173228
0
LINE
8
BLACK
6
CONTINUOUS
10
0.1055046850393701
20
0.6308586614173228
11
0.1055046850393701
21
0.6402324803149606
0
LINE
8
BLACK
6
CONTINUOUS
10
0.1055046850393701
20
0.6402324803149606
11
0.1055614173228346
21
0.6408085433070866
0
LINE
8
BLACK
6
CONTINUOUS
10
0.1055614173228346
20
0.6408085433070866
11
0.1056020078740157
21
0.6409065748031496
0
LINE
8
BLACK
6
CONTINUOUS
10
0.1056020078740157
20
0.6409065748031496
11
0.1056095275590551
21
0.6410123622047244
0
LINE
8
BLACK
6
CONTINUOUS
10
0.1056095275590551
20
0.6410123622047244
11
0.1058164173228346
21
0.6415529921259843
0
LINE
8
BLACK
6
CONTINUOUS
10
0.1058164173228346
20
0.6415529921259843
11
0.1076911811023622
21
0.6453025196850394
0
LINE
8
BLACK
6
CONTINUOUS
10
0.1076911811023622
20
0.6453025196850394
11
0.1078472440944882
21
0.6455505511811024
0
LINE
8
BLACK
6
CONTINUOUS
10
0.1078472440944882
20
0.6455505511811024
11
0.1078770866141732
21
0.6456224803149606
0
LINE
8
BLACK
6
CONTINUOUS
10
0.1078770866141732
20
0.6456224803149606
11
0.1079435433070866
21
0.6457034645669291
0
LINE
8
BLACK
6
CONTINUOUS
10
0.1079435433070866
20
0.6457034645669291
11
0.1079995275590551
21
0.6457924015748031
0
LINE
8
BLACK
6
CONTINUOUS
10
0.1079995275590551
20
0.6457924015748031
11
0.1080585039370079
21
0.6458435826771654
0
LINE
8
BLACK
6
CONTINUOUS
10
0.1080585039370079
20
0.6458435826771654
11
0.1082442913385827
21
0.6460699212598425
0
LINE
8
BLACK
6
CONTINUOUS
10
0.1082442913385827
20
0.6460699212598425
11
0.1101190551181102
21
0.6479446850393701
0
LINE
8
BLACK
6
CONTINUOUS
10
0.1101190551181102
20
0.6479446850393701
11
0.1105664960629921
21
0.6483118897637795
0
LINE
8
BLACK
6
CONTINUOUS
10
0.1105664960629921
20
0.6483118897637795
11
0.111630905511811
21
0.6487527952755905
0
LINE
8
BLACK
6
CONTINUOUS
10
0.111630905511811
20
0.6487527952755905
11
0.1127829921259842
21
0.6487527952755905
0
LINE
8
BLACK
6
CONTINUOUS
10
0.1127829921259842
20
0.6487527952755905
11
0.1138474015748032
21
0.6483118897637795
0
LINE
8
BLACK
6
CONTINUOUS
10
0.1138474015748032
20
0.6483118897637795
11
0.1146620866141732
21
0.6474972047244094
0
LINE
8
BLACK
6
CONTINUOUS
10
0.1146620866141732
20
0.6474972047244094
11
0.1151029921259843
21
0.6464327952755905
0
LINE
8
BLACK
6
CONTINUOUS
10
0.1151029921259843
20
0.6464327952755905
11
0.1151029921259843
21
0.6452807086614173
0
LINE
8
BLACK
6
CONTINUOUS
10
0.1151029921259843
20
0.6452807086614173
11
0.1146620866141732
21
0.6442162992125984
0
LINE
8
BLACK
6
CONTINUOUS
10
0.1146620866141732
20
0.6442162992125984
11
0.1142948818897638
21
0.6437688582677166
0
LINE
8
BLACK
6
CONTINUOUS
10
0.1142948818897638
20
0.6437688582677166
11
0.112758937007874
21
0.6422329133858268
0
LINE
8
BLACK
6
CONTINUOUS
10
0.112758937007874
20
0.6422329133858268
11
0.1114101968503937
21
0.6395354330708661
0
LINE
8
BLACK
6
CONTINUOUS
10
0.1114101968503937
20
0.6395354330708661
11
0.1114101968503937
21
0.6315557086614173
0
LINE
8
BLACK
6
CONTINUOUS
10
0.1114101968503937
20
0.6315557086614173
11
0.112758937007874
21
0.6288582283464567
0
LINE
8
BLACK
6
CONTINUOUS
10
0.112758937007874
20
0.6288582283464567
11
0.113956062992126
21
0.6276611023622047
0
LINE
8
BLACK
6
CONTINUOUS
10
0.113956062992126
20
0.6276611023622047
11
0.1166535433070866
21
0.6263123622047244
0
LINE
8
BLACK
6
CONTINUOUS
10
0.1166535433070866
20
0.6263123622047244
11
0.1192268897637795
21
0.6263123622047244
0
LINE
8
BLACK
6
CONTINUOUS
10
0.1192268897637795
20
0.6263123622047244
11
0.1237352755905512
21
0.6278151968503937
0
LINE
8
BLACK
6
CONTINUOUS
10
0.1237352755905512
20
0.6278151968503937
11
0.1457396062992126
21
0.6498194488188976
0
LINE
8
BLACK
6
CONTINUOUS
10
0.1457396062992126
20
0.6498194488188976
11
0.1461870472440945
21
0.6501866929133858
0
LINE
8
BLACK
6
CONTINUOUS
10
0.1461870472440945
20
0.6501866929133858
11
0.1469396850393701
21
0.6504984645669292
0
LINE
8
BLACK
6
CONTINUOUS
10
0.1469396850393701
20
0.6504984645669292
11
0.1472514566929134
21
0.650627559055118
0
LINE
8
BLACK
6
CONTINUOUS
10
0.1472514566929134
20
0.650627559055118
11
0.1484035826771654
21
0.650627559055118
0
LINE
8
BLACK
6
CONTINUOUS
10
0.1484035826771654
20
0.650627559055118
11
0.1494679921259842
21
0.6501866535433071
0
LINE
8
BLACK
6
CONTINUOUS
10
0.1494679921259842
20
0.6801829133858267
11
0.1502826377952756
21
0.6793682677165355
0
LINE
8
BLACK
6
CONTINUOUS
10
0.1502826377952756
20
0.6793682677165355
11
0.1507235433070866
21
0.6783038582677166
0
LINE
8
BLACK
6
CONTINUOUS
10
0.1507235433070866
20
0.6783038582677166
11
0.1507802755905512
21
0.6777277952755906
0
LINE
8
BLACK
6
CONTINUOUS
10
0.1507802755905512
20
0.6777277952755906
11
0.1507802755905512
21
0.6739782677165355
0
LINE
8
BLACK
6
CONTINUOUS
10
0.1507802755905512
20
0.6739782677165355
11
0.1507515354330708
21
0.6736866929133858
0
LINE
8
BLACK
6
CONTINUOUS
10
0.1507515354330708
20
0.6736866929133858
11
0.1507570866141732
21
0.6736089370078741
0
LINE
8
BLACK
6
CONTINUOUS
10
0.1507570866141732
20
0.6736089370078741
11
0.1507338188976378
21
0.6735066929133858
0
LINE
8
BLACK
6
CONTINUOUS
10
0.1507338188976378
20
0.6735066929133858
11
0.1507235433070866
21
0.6734022047244095
0
LINE
8
BLACK
6
CONTINUOUS
10
0.1507235433070866
20
0.6734022047244095
11
0.1506936614173228
21
0.673330157480315
0
LINE
8
BLACK
6
CONTINUOUS
10
0.1506936614173228
20
0.673330157480315
11
0.1506287401574803
21
0.6730444881889763
0
LINE
8
BLACK
6
CONTINUOUS
10
0.1506287401574803
20
0.6730444881889763
11
0.1487539763779528
21
0.6674202362204724
0
LINE
8
BLACK
6
CONTINUOUS
10
0.1487539763779528
20
0.6674202362204724
11
0.1485179921259842
21
0.666891653543307
0
LINE
8
BLACK
6
CONTINUOUS
10
0.1485179921259842
20
0.666891653543307
11
0.1484485039370079
21
0.6668115748031496
0
LINE
8
BLACK
6
CONTINUOUS
10
0.1484485039370079
20
0.6668115748031496
11
0.1484079133858268
21
0.6667135039370079
0
LINE
8
BLACK
6
CONTINUOUS
10
0.1484079133858268
20
0.6667135039370079
11
0.1480406692913386
21
0.666266062992126
0
LINE
8
BLACK
6
CONTINUOUS
10
0.1480406692913386
20
0.666266062992126
11
0.1442911023622047
21
0.6625165354330709
0
LINE
8
BLACK
6
CONTINUOUS
10
0.1442911023622047
20
0.6625165354330709
11
0.1438436220472441
21
0.6621492913385827
0
LINE
8
BLACK
6
CONTINUOUS
10
0.1438436220472441
20
0.6621492913385827
11
0.1437455511811024
21
0.6621087007874016
0
LINE
8
BLACK
6
CONTINUOUS
10
0.1437455511811024
20
0.6621087007874016
11
0.1436654724409449
21
0.6620392125984251
0
LINE
8
BLACK
6
CONTINUOUS
10
0.1436654724409449
20
0.6620392125984251
11
0.1431369291338583
21
0.6618032283464567
0
LINE
8
BLACK
6
CONTINUOUS
10
0.1431369291338583
20
0.6618032283464567
11
0.1375126377952756
21
0.6599284645669291
0
LINE
8
BLACK
6
CONTINUOUS
10
0.1375126377952756
20
0.6599284645669291
11
0.1372270472440945
21
0.6598635433070866
0
LINE
8
BLACK
6
CONTINUOUS
10
0.1372270472440945
20
0.6598635433070866
11
0.1371549606299212
21
0.6598336614173228
0
LINE
8
BLACK
6
CONTINUOUS
10
0.1371549606299212
20
0.6598336614173228
11
0.1370504330708661
21
0.6598233858267717
0
LINE
8
BLACK
6
CONTINUOUS
10
0.1370504330708661
20
0.6598233858267717
11
0.1369481889763779
21
0.6598001181102362
0
LINE
8
BLACK
6
CONTINUOUS
10
0.1369481889763779
20
0.6598001181102362
11
0.1368704330708661
21
0.6598056692913385
0
LINE
8
BLACK
6
CONTINUOUS
10
0.1368704330708661
20
0.6598056692913385
11
0.1365788976377953
21
0.6597769291338582
0
LINE
8
BLACK
6
CONTINUOUS
10
0.1365788976377953
20
0.6597769291338582
11
0.1084574409448819
21
0.6597769291338582
0
LINE
8
BLACK
6
CONTINUOUS
10
0.1084574409448819
20
0.6597769291338582
11
0.1078813779527559
21
0.6598336614173228
0
LINE
8
BLACK
6
CONTINUOUS
10
0.1078813779527559
20
0.6598336614173228
11
0.106816968503937
21
0.6602745669291339
0
LINE
8
BLACK
6
CONTINUOUS
10
0.106816968503937
20
0.6602745669291339
11
0.1060023228346457
21
0.6610892125984252
0
LINE
8
BLACK
6
CONTINUOUS
10
0.1060023228346457
20
0.6610892125984252
11
0.1055614173228346
21
0.662153622047244
0
LINE
8
BLACK
6
CONTINUOUS
10
0.1055614173228346
20
0.662153622047244
11
0.1055614173228346
21
0.663305748031496
0
LINE
8
BLACK
6
CONTINUOUS
10
0.1055614173228346
20
0.663305748031496
11
0.1060023228346457
21
0.6643701574803149
0
LINE
8
BLACK
6
CONTINUOUS
10
0.1060023228346457
20
0.6643701574803149
11
0.106816968503937
21
0.6651848031496063
0
LINE
8
BLACK
6
CONTINUOUS
10
0.106816968503937
20
0.6651848031496063
11
0.1078813779527559
21
0.6656257086614173
0
LINE
8
BLACK
6
CONTINUOUS
10
0.1078813779527559
20
0.6656257086614173
11
0.1084574409448819
21
0.6656824409448818
0
LINE
8
BLACK
6
CONTINUOUS
10
0.1084574409448819
20
0.6656824409448818
11
0.1360997637795276
21
0.6656824409448818
0
LINE
8
BLACK
6
CONTINUOUS
10
0.1360997637795276
20
0.6656824409448818
11
0.1406081496062992
21
0.6671852755905512
0
LINE
8
BLACK
6
CONTINUOUS
10
0.1406081496062992
20
0.6671852755905512
11
0.143371968503937
21
0.6699490551181102
0
LINE
8
BLACK
6
CONTINUOUS
10
0.143371968503937
20
0.6699490551181102
11
0.1448747637795275
21
0.6744574015748032
0
LINE
8
BLACK
6
CONTINUOUS
10
0.1448747637795275
20
0.6744574015748032
11
0.1448747637795275
21
0.6777277952755906
0
LINE
8
BLACK
6
CONTINUOUS
10
0.1448747637795275
20
0.6777277952755906
11
0.1449314960629921
21
0.6783038582677166
0
LINE
8
BLACK
6
CONTINUOUS
10
0.1449314960629921
20
0.6783038582677166
11
0.1453724015748031
21
0.6793682677165355
0
LINE
8
BLACK
6
CONTINUOUS
10
0.1453724015748031
20
0.6793682677165355
11
0.1461870472440945
21
0.6801829133858267
0
LINE
8
BLACK
6
CONTINUOUS
10
0.1461870472440945
20
0.6801829133858267
11
0.1472514566929134
21
0.6806238188976378
0
LINE
8
BLACK
6
CONTINUOUS
10
0.1472514566929134
20
0.6806238188976378
11
0.1484035826771654
21
0.6806238188976378
0
LINE
8
BLACK
6
CONTINUOUS
10
0.1484035826771654
20
0.6806238188976378
11
0.1494679921259842
21
0.6801829133858267
0
LINE
8
BLACK
6
CONTINUOUS
10
0.1936666929133858
20
0.8138265354330708
11
0.1947320472440945
21
0.8127611811023622
0
LINE
8
BLACK
6
CONTINUOUS
10
0.1947320472440945
20
0.8127611811023622
11
0.1948818897637795
21
0.812007874015748
0
LINE
8
BLACK
6
CONTINUOUS
10
0.1948818897637795
20
0.812007874015748
11
0.1948818897637795
21
0.4872047244094488
0
LINE
8
BLACK
6
CONTINUOUS
10
0.1948818897637795
20
0.4872047244094488
11
0.1947320472440945
21
0.4864514173228346
0
LINE
8
BLACK
6
CONTINUOUS
10
0.1947320472440945
20
0.4864514173228346
11
0.1936666929133858
21
0.485386062992126
0
LINE
8
BLACK
6
CONTINUOUS
10
0.1936666929133858
20
0.485386062992126
11
0.1929133858267716
21
0.4852362204724409
0
LINE
8
BLACK
6
CONTINUOUS
10
0.1929133858267716
20
0.4852362204724409
11
0.0334645669291339
21
0.4852362204724409
0
LINE
8
BLACK
6
CONTINUOUS
10
0.0334645669291339
20
0.4852362204724409
11
0.0327112598425197
21
0.485386062992126
0
LINE
8
BLACK
6
CONTINUOUS
10
0.0327112598425197
20
0.485386062992126
11
0.031645905511811
21
0.4864514173228346
0
LINE
8
BLACK
6
CONTINUOUS
10
0.031645905511811
20
0.4864514173228346
11
0.031496062992126
21
0.4872047244094488
0
LINE
8
BLACK
6
CONTINUOUS
10
0.031496062992126
20
0.4872047244094488
11
0.031496062992126
21
0.812007874015748
0
LINE
8
BLACK
6
CONTINUOUS
10
0.031496062992126
20
0.812007874015748
11
0.031645905511811
21
0.8127611811023622
0
LINE
8
BLACK
6
CONTINUOUS
10
0.031645905511811
20
0.8127611811023622
11
0.0327112598425197
21
0.8138265354330708
0
LINE
8
BLACK
6
CONTINUOUS
10
0.0327112598425197
20
0.8138265354330708
11
0.0334645669291339
21
0.8139763779527559
0
LINE
8
BLACK
6
CONTINUOUS
10
0.0334645669291339
20
0.8139763779527559
11
0.1929133858267716
21
0.8139763779527559
0
LINE
8
BLACK
6
CONTINUOUS
10
0.1929133858267716
20
0.8139763779527559
11
0.1936666929133858
21
0.8138265354330708
0
LINE
8
BLACK
6
CONTINUOUS
10
0.0354330708661417
20
0.8100393700787402
11
0.0354330708661417
21
0.4891732283464567
0
LINE
8
BLACK
6
CONTINUOUS
10
0.0354330708661417
20
0.4891732283464567
11
0.1909448818897638
21
0.4891732283464567
0
LINE
8
BLACK
6
CONTINUOUS
10
0.1909448818897638
20
0.4891732283464567
11
0.1909448818897638
21
0.5550834251968504
0
LINE
8
BLACK
6
CONTINUOUS
10
0.1909448818897638
20
0.5550834251968504
11
0.1639379921259843
21
0.5741801181102362
0
LINE
8
BLACK
6
CONTINUOUS
10
0.1639379921259843
20
0.5741801181102362
11
0.1634094488188976
21
0.5747374015748031
0
LINE
8
BLACK
6
CONTINUOUS
10
0.1634094488188976
20
0.5747374015748031
11
0.1633516929133858
21
0.5750738188976378
0
LINE
8
BLACK
6
CONTINUOUS
10
0.1633516929133858
20
0.5750738188976378
11
0.1631546850393701
21
0.5753524803149607
0
LINE
8
BLACK
6
CONTINUOUS
10
0.1631546850393701
20
0.5753524803149607
11
0.1632292913385827
21
0.5757874015748031
0
LINE
8
BLACK
6
CONTINUOUS
10
0.1632292913385827
20
0.5757874015748031
11
0.1631546850393701
21
0.5762223228346457
0
LINE
8
BLACK
6
CONTINUOUS
10
0.1631546850393701
20
0.5762223228346457
11
0.1633516929133858
21
0.5765010236220472
0
LINE
8
BLACK
6
CONTINUOUS
10
0.1633516929133858
20
0.5765010236220472
11
0.1634094488188976
21
0.5768374015748031
0
LINE
8
BLACK
6
CONTINUOUS
10
0.1634094488188976
20
0.5768374015748031
11
0.1639379921259843
21
0.5773946850393701
0
LINE
8
BLACK
6
CONTINUOUS
10
0.1639379921259843
20
0.5773946850393701
11
0.1909448818897638
21
0.5964914173228346
0
LINE
8
BLACK
6
CONTINUOUS
10
0.1909448818897638
20
0.5964914173228346
11
0.1909448818897638
21
0.8100393700787402
0
LINE
8
BLACK
6
CONTINUOUS
10
0.1909448818897638
20
0.8100393700787402
11
0.0354330708661417
21
0.8100393700787402
0
LINE
8
BLACK
6
CONTINUOUS
10
0.168484094488189
20
0.5757874015748031
11
0.1909448818897638
21
0.5599052755905511
0
LINE
8
BLACK
6
CONTINUOUS
10
0.1909448818897638
20
0.5599052755905511
11
0.1909448818897638
21
0.5916695669291339
0
LINE
8
BLACK
6
CONTINUOUS
10
0.1909448818897638
20
0.5916695669291339
11
0.168484094488189
21
0.5757874015748031
0
LINE
8
BLACK
6
CONTINUOUS
10
0.8520419291338582
20
0.6487527952755905
11
0.8521905511811023
21
0.6487527952755905
0
LINE
8
BLACK
6
CONTINUOUS
10
0.8521905511811023
20
0.6487527952755905
11
0.8525891338582677
21
0.648587716535433
0
LINE
8
BLACK
6
CONTINUOUS
10
0.8525891338582677
20
0.648587716535433
11
0.8530025590551181
21
0.6484629527559055
0
LINE
8
BLACK
6
CONTINUOUS
10
0.8530025590551181
20
0.6484629527559055
11
0.8531176771653544
21
0.648368779527559
0
LINE
8
BLACK
6
CONTINUOUS
10
0.8531176771653544
20
0.648368779527559
11
0.8532549606299212
21
0.6483118897637795
0
LINE
8
BLACK
6
CONTINUOUS
10
0.8532549606299212
20
0.6483118897637795
11
0.85356
21
0.6480068503937008
0
LINE
8
BLACK
6
CONTINUOUS
10
0.85356
20
0.6480068503937008
11
0.8538942125984251
21
0.6477333858267716
0
LINE
8
BLACK
6
CONTINUOUS
10
0.8538942125984251
20
0.6477333858267716
11
0.8539644881889764
21
0.6476023622047244
0
LINE
8
BLACK
6
CONTINUOUS
10
0.8539644881889764
20
0.6476023622047244
11
0.8540696456692913
21
0.6474972047244094
0
LINE
8
BLACK
6
CONTINUOUS
10
0.8540696456692913
20
0.6474972047244094
11
0.8542347244094488
21
0.6470986220472441
0
LINE
8
BLACK
6
CONTINUOUS
10
0.8542347244094488
20
0.6470986220472441
11
0.8544388582677165
21
0.6467181496062993
0
LINE
8
BLACK
6
CONTINUOUS
10
0.8544388582677165
20
0.6467181496062993
11
0.8544536220472441
21
0.646570157480315
0
LINE
8
BLACK
6
CONTINUOUS
10
0.8544536220472441
20
0.646570157480315
11
0.8545105511811023
21
0.6464327952755905
0
LINE
8
BLACK
6
CONTINUOUS
10
0.8545105511811023
20
0.6464327952755905
11
0.8545105511811023
21
0.6460012598425197
0
LINE
8
BLACK
6
CONTINUOUS
10
0.8545105511811023
20
0.6460012598425197
11
0.8545535039370079
21
0.6455717322834645
0
LINE
8
BLACK
6
CONTINUOUS
10
0.8545535039370079
20
0.6455717322834645
11
0.8545105511811023
21
0.6454294094488189
0
LINE
8
BLACK
6
CONTINUOUS
10
0.8545105511811023
20
0.6454294094488189
11
0.8545105511811023
21
0.6452807086614173
0
LINE
8
BLACK
6
CONTINUOUS
10
0.8545105511811023
20
0.6452807086614173
11
0.8543453937007874
21
0.6448820472440945
0
LINE
8
BLACK
6
CONTINUOUS
10
0.8543453937007874
20
0.6448820472440945
11
0.8542207086614173
21
0.6444687401574803
0
LINE
8
BLACK
6
CONTINUOUS
10
0.8542207086614173
20
0.6444687401574803
11
0.8541265354330708
21
0.6443536614173229
0
LINE
8
BLACK
6
CONTINUOUS
10
0.8541265354330708
20
0.6443536614173229
11
0.8540696456692913
21
0.6442162992125984
0
LINE
8
BLACK
6
CONTINUOUS
10
0.8540696456692913
20
0.6442162992125984
11
0.8537024409448819
21
0.6437688582677166
0
LINE
8
BLACK
6
CONTINUOUS
10
0.8537024409448819
20
0.6437688582677166
11
0.8521664960629921
21
0.6422329133858268
0
LINE
8
BLACK
6
CONTINUOUS
10
0.8521664960629921
20
0.6422329133858268
11
0.8508177559055118
21
0.6395354330708661
0
LINE
8
BLACK
6
CONTINUOUS
10
0.8508177559055118
20
0.6395354330708661
11
0.8508177559055118
21
0.6315557086614173
0
LINE
8
BLACK
6
CONTINUOUS
10
0.8508177559055118
20
0.6315557086614173
11
0.8521664960629921
21
0.6288582283464567
0
LINE
8
BLACK
6
CONTINUOUS
10
0.8521664960629921
20
0.6288582283464567
11
0.853363622047244
21
0.6276611023622047
0
LINE
8
BLACK
6
CONTINUOUS
10
0.853363622047244
20
0.6276611023622047
11
0.8560611023622047
21
0.6263123622047244
0
LINE
8
BLACK
6
CONTINUOUS
10
0.8560611023622047
20
0.6263123622047244
11
0.8640408267716535
21
0.6263123622047244
0
LINE
8
BLACK
6
CONTINUOUS
10
0.8640408267716535
20
0.6263123622047244
11
0.8667383070866141
21
0.6276611417322835
0
LINE
8
BLACK
6
CONTINUOUS
10
0.8667383070866141
20
0.6276611417322835
11
0.8679354724409448
21
0.6288582677165354
0
LINE
8
BLACK
6
CONTINUOUS
10
0.8679354724409448
20
0.6288582677165354
11
0.8692842125984251
21
0.6315557086614173
0
LINE
8
BLACK
6
CONTINUOUS
10
0.8692842125984251
20
0.6315557086614173
11
0.8692842125984251
21
0.6395354330708661
0
LINE
8
BLACK
6
CONTINUOUS
10
0.8692842125984251
20
0.6395354330708661
11
0.8679354724409448
21
0.6422329133858268
0
LINE
8
BLACK
6
CONTINUOUS
10
0.8679354724409448
20
0.6422329133858268
11
0.8663995275590551
21
0.6437688188976378
0
LINE
8
BLACK
6
CONTINUOUS
10
0.8663995275590551
20
0.6437688188976378
11
0.866032283464567
21
0.6442162992125984
0
LINE
8
BLACK
6
CONTINUOUS
10
0.866032283464567
20
0.6442162992125984
11
0.8655913779527559
21
0.6452807086614173
0
LINE
8
BLACK
6
CONTINUOUS
10
0.8655913779527559
20
0.6452807086614173
11
0.8655913779527559
21
0.6464327952755905
0
LINE
8
BLACK
6
CONTINUOUS
10
0.8655913779527559
20
0.6464327952755905
11
0.8660322440944882
21
0.6474972047244094
0
LINE
8
BLACK
6
CONTINUOUS
10
0.8660322440944882
20
0.6474972047244094
11
0.8668469291338583
21
0.6483118897637795
0
LINE
8
BLACK
6
CONTINUOUS
10
0.8668469291338583
20
0.6483118897637795
11
0.8679113385826771
21
0.6487527952755905
0
LINE
8
BLACK
6
CONTINUOUS
10
0.8679113385826771
20
0.6487527952755905
11
0.8690634251968504
21
0.6487527952755905
0
LINE
8
BLACK
6
CONTINUOUS
10
0.8690634251968504
20
0.6487527952755905
11
0.8701278346456692
21
0.6483119291338583
0
LINE
8
BLACK
6
CONTINUOUS
10
0.8701278346456692
20
0.6483119291338583
11
0.8705752755905511
21
0.6479447244094488
0
LINE
8
BLACK
6
CONTINUOUS
10
0.8705752755905511
20
0.6479447244094488
11
0.8724500787401575
21
0.6460699606299213
0
LINE
8
BLACK
6
CONTINUOUS
10
0.8724500787401575
20
0.6460699606299213
11
0.8726358267716535
21
0.6458436220472441
0
LINE
8
BLACK
6
CONTINUOUS
10
0.8726358267716535
20
0.6458436220472441
11
0.8726948818897637
21
0.6457924015748031
0
LINE
8
BLACK
6
CONTINUOUS
10
0.8726948818897637
20
0.6457924015748031
11
0.8727508661417323
21
0.6457034645669291
0
LINE
8
BLACK
6
CONTINUOUS
10
0.8727508661417323
20
0.6457034645669291
11
0.8728173228346456
21
0.6456224803149606
0
LINE
8
BLACK
6
CONTINUOUS
10
0.8728173228346456
20
0.6456224803149606
11
0.872847125984252
21
0.6455505511811024
0
LINE
8
BLACK
6
CONTINUOUS
10
0.872847125984252
20
0.6455505511811024
11
0.8730032283464567
21
0.6453025196850394
0
LINE
8
BLACK
6
CONTINUOUS
10
0.8730032283464567
20
0.6453025196850394
11
0.8748779921259843
21
0.6415529921259843
0
LINE
8
BLACK
6
CONTINUOUS
10
0.8748779921259843
20
0.6415529921259843
11
0.8750848818897637
21
0.6410124015748031
0
LINE
8
BLACK
6
CONTINUOUS
10
0.8750848818897637
20
0.6410124015748031
11
0.8750924015748032
21
0.6409065354330709
0
LINE
8
BLACK
6
CONTINUOUS
10
0.8750924015748032
20
0.6409065354330709
11
0.8751329921259843
21
0.6408085433070866
0
LINE
8
BLACK
6
CONTINUOUS
10
0.8751329921259843
20
0.6408085433070866
11
0.8751897244094488
21
0.6402324803149606
0
LINE
8
BLACK
6
CONTINUOUS
10
0.8751897244094488
20
0.6402324803149606
11
0.8751897244094488
21
0.6308586614173228
0
LINE
8
BLACK
6
CONTINUOUS
10
0.8751897244094488
20
0.6308586614173228
11
0.8751329921259843
21
0.6302825984251968
0
LINE
8
BLACK
6
CONTINUOUS
10
0.8751329921259843
20
0.6302825984251968
11
0.8750924015748032
21
0.6301846456692913
0
LINE
8
BLACK
6
CONTINUOUS
10
0.8750924015748032
20
0.6301846456692913
11
0.8750848818897637
21
0.6300787401574803
0
LINE
8
BLACK
6
CONTINUOUS
10
0.8750848818897637
20
0.6300787401574803
11
0.8748779921259843
21
0.6295381496062992
0
LINE
8
BLACK
6
CONTINUOUS
10
0.8748779921259843
20
0.6295381496062992
11
0.8730032283464567
21
0.6257886220472441
0
LINE
8
BLACK
6
CONTINUOUS
10
0.8730032283464567
20
0.6257886220472441
11
0.872847125984252
21
0.6255406299212598
0
LINE
8
BLACK
6
CONTINUOUS
10
0.872847125984252
20
0.6255406299212598
11
0.8728173228346456
21
0.6254686614173228
0
LINE
8
BLACK
6
CONTINUOUS
10
0.8728173228346456
20
0.6254686614173228
11
0.8727508661417323
21
0.625387716535433
0
LINE
8
BLACK
6
CONTINUOUS
10
0.8727508661417323
20
0.625387716535433
11
0.8726948818897637
21
0.6252987401574803
0
LINE
8
BLACK
6
CONTINUOUS
10
0.8726948818897637
20
0.6252987401574803
11
0.8726358267716535
21
0.6252475590551181
0
LINE
8
BLACK
6
CONTINUOUS
10
0.8726358267716535
20
0.6252475590551181
11
0.8724500787401575
21
0.6250211811023622
0
LINE
8
BLACK
6
CONTINUOUS
10
0.8724500787401575
20
0.6250211811023622
11
0.8705752755905511
21
0.6231464173228346
0
LINE
8
BLACK
6
CONTINUOUS
10
0.8705752755905511
20
0.6231464173228346
11
0.870348937007874
21
0.6229607086614173
0
LINE
8
BLACK
6
CONTINUOUS
10
0.870348937007874
20
0.6229607086614173
11
0.8702977952755905
21
0.6229016929133858
0
LINE
8
BLACK
6
CONTINUOUS
10
0.8702977952755905
20
0.6229016929133858
11
0.8702088582677165
21
0.6228457480314961
0
LINE
8
BLACK
6
CONTINUOUS
10
0.8702088582677165
20
0.6228457480314961
11
0.8701278346456692
21
0.6227792125984252
0
LINE
8
BLACK
6
CONTINUOUS
10
0.8701278346456692
20
0.6227792125984252
11
0.8700557874015747
21
0.6227494094488188
0
LINE
8
BLACK
6
CONTINUOUS
10
0.8700557874015747
20
0.6227494094488188
11
0.8698079133858267
21
0.622593346456693
0
LINE
8
BLACK
6
CONTINUOUS
10
0.8698079133858267
20
0.622593346456693
11
0.8660583858267716
21
0.6207185826771653
0
LINE
8
BLACK
6
CONTINUOUS
10
0.8660583858267716
20
0.6207185826771653
11
0.8655177559055118
21
0.6205116929133858
0
LINE
8
BLACK
6
CONTINUOUS
10
0.8655177559055118
20
0.6205116929133858
11
0.8654119291338582
21
0.6205042125984251
0
LINE
8
BLACK
6
CONTINUOUS
10
0.8654119291338582
20
0.6205042125984251
11
0.865313937007874
21
0.6204635826771654
0
LINE
8
BLACK
6
CONTINUOUS
10
0.865313937007874
20
0.6204635826771654
11
0.864737874015748
21
0.6204068503937008
0
LINE
8
BLACK
6
CONTINUOUS
10
0.864737874015748
20
0.6204068503937008
11
0.8553640551181102
21
0.6204068503937008
0
LINE
8
BLACK
6
CONTINUOUS
10
0.8553640551181102
20
0.6204068503937008
11
0.8547879921259842
21
0.6204635826771654
0
LINE
8
BLACK
6
CONTINUOUS
10
0.8547879921259842
20
0.6204635826771654
11
0.8546899999999999
21
0.6205041732283464
0
LINE
8
BLACK
6
CONTINUOUS
10
0.8546899999999999
20
0.6205041732283464
11
0.8545841338582677
21
0.6205116929133858
0
LINE
8
BLACK
6
CONTINUOUS
10
0.8545841338582677
20
0.6205116929133858
11
0.8540435433070866
21
0.6207185826771653
0
LINE
8
BLACK
6
CONTINUOUS
10
0.8540435433070866
20
0.6207185826771653
11
0.8502940157480314
21
0.622593346456693
0
LINE
8
BLACK
6
CONTINUOUS
10
0.8502940157480314
20
0.622593346456693
11
0.8500459842519685
21
0.6227494488188976
0
LINE
8
BLACK
6
CONTINUOUS
10
0.8500459842519685
20
0.6227494488188976
11
0.8499740551181102
21
0.6227792519685039
0
LINE
8
BLACK
6
CONTINUOUS
10
0.8499740551181102
20
0.6227792519685039
11
0.8498930708661417
21
0.6228457480314961
0
LINE
8
BLACK
6
CONTINUOUS
10
0.8498930708661417
20
0.6228457480314961
11
0.8498041338582677
21
0.6229016929133858
0
LINE
8
BLACK
6
CONTINUOUS
10
0.8498041338582677
20
0.6229016929133858
11
0.8497529527559055
21
0.6229607086614173
0
LINE
8
BLACK
6
CONTINUOUS
10
0.8497529527559055
20
0.6229607086614173
11
0.8495266141732283
21
0.6231464566929134
0
LINE
8
BLACK
6
CONTINUOUS
10
0.8495266141732283
20
0.6231464566929134
11
0.8476518503937007
21
0.6250212204724409
0
LINE
8
BLACK
6
CONTINUOUS
10
0.8476518503937007
20
0.6250212204724409
11
0.847466062992126
21
0.6252475984251968
0
LINE
8
BLACK
6
CONTINUOUS
10
0.847466062992126
20
0.6252475984251968
11
0.8474070866141732
21
0.6252987401574803
0
LINE
8
BLACK
6
CONTINUOUS
10
0.8474070866141732
20
0.6252987401574803
11
0.8473511023622047
21
0.625387716535433
0
LINE
8
BLACK
6
CONTINUOUS
10
0.8473511023622047
20
0.625387716535433
11
0.8472846456692913
21
0.6254686614173228
0
LINE
8
BLACK
6
CONTINUOUS
10
0.8472846456692913
20
0.6254686614173228
11
0.8472548031496063
21
0.6255406299212598
0
LINE
8
BLACK
6
CONTINUOUS
10
0.8472548031496063
20
0.6255406299212598
11
0.8470987401574803
21
0.6257886220472441
0
LINE
8
BLACK
6
CONTINUOUS
10
0.8470987401574803
20
0.6257886220472441
11
0.8452239763779528
21
0.6295381496062992
0
LINE
8
BLACK
6
CONTINUOUS
10
0.8452239763779528
20
0.6295381496062992
11
0.8450170866141732
21
0.6300787795275591
0
LINE
8
BLACK
6
CONTINUOUS
10
0.8450170866141732
20
0.6300787795275591
11
0.8450095669291339
21
0.6301846062992126
0
LINE
8
BLACK
6
CONTINUOUS
10
0.8450095669291339
20
0.6301846062992126
11
0.8449689763779528
21
0.6302825984251968
0
LINE
8
BLACK
6
CONTINUOUS
10
0.8449689763779528
20
0.6302825984251968
11
0.8449122440944882
21
0.6308586614173228
0
LINE
8
BLACK
6
CONTINUOUS
10
0.8449122440944882
20
0.6308586614173228
11
0.8449122440944882
21
0.6402324803149606
0
LINE
8
BLACK
6
CONTINUOUS
10
0.8449122440944882
20
0.6402324803149606
11
0.8449689763779528
21
0.6408085433070866
0
LINE
8
BLACK
6
CONTINUOUS
10
0.8449689763779528
20
0.6408085433070866
11
0.8450095669291339
21
0.6409065748031496
0
LINE
8
BLACK
6
CONTINUOUS
10
0.8450095669291339
20
0.6409065748031496
11
0.8450170866141732
21
0.6410123622047244
0
LINE
8
BLACK
6
CONTINUOUS
10
0.8450170866141732
20
0.6410123622047244
11
0.8452239763779528
21
0.6415529921259843
0
LINE
8
BLACK
6
CONTINUOUS
10
0.8452239763779528
20
0.6415529921259843
11
0.845590905511811
21
0.6422869291338582
0
LINE
8
BLACK
6
CONTINUOUS
10
0.845590905511811
20
0.6422869291338582
11
0.8358196456692913
21
0.6413098031496063
0
LINE
8
BLACK
6
CONTINUOUS
10
0.8358196456692913
20
0.6413098031496063
11
0.8358196456692913
21
0.6252343700787402
0
LINE
8
BLACK
6
CONTINUOUS
10
0.8358196456692913
20
0.6252343700787402
11
0.8357629133858268
21
0.6246583070866142
0
LINE
8
BLACK
6
CONTINUOUS
10
0.8357629133858268
20
0.6246583070866142
11
0.8353220078740158
21
0.6235938976377953
0
LINE
8
BLACK
6
CONTINUOUS
10
0.8353220078740158
20
0.6235938976377953
11
0.8345073622047244
21
0.6227792519685039
0
LINE
8
BLACK
6
CONTINUOUS
10
0.8345073622047244
20
0.6227792519685039
11
0.8334429527559055
21
0.6223383464566929
0
LINE
8
BLACK
6
CONTINUOUS
10
0.8334429527559055
20
0.6223383464566929
11
0.8322908267716536
21
0.6223383464566929
0
LINE
8
BLACK
6
CONTINUOUS
10
0.8322908267716536
20
0.6223383464566929
11
0.8312264173228346
21
0.6227792519685039
0
LINE
8
BLACK
6
CONTINUOUS
10
0.8312264173228346
20
0.6227792519685039
11
0.8304117716535433
21
0.6235938976377953
0
LINE
8
BLACK
6
CONTINUOUS
10
0.8304117716535433
20
0.6235938976377953
11
0.8299708661417322
21
0.6246583070866142
0
LINE
8
BLACK
6
CONTINUOUS
10
0.8299708661417322
20
0.6246583070866142
11
0.8299141338582677
21
0.6252343700787402
0
LINE
8
BLACK
6
CONTINUOUS
10
0.8299141338582677
20
0.6252343700787402
11
0.8299141338582677
21
0.6439820078740157
0
LINE
8
BLACK
6
CONTINUOUS
10
0.8299141338582677
20
0.6439820078740157
11
0.8299350787401575
21
0.6441950787401575
0
LINE
8
BLACK
6
CONTINUOUS
10
0.8299350787401575
20
0.6441950787401575
11
0.8299279133858267
21
0.6442670472440944
0
LINE
8
BLACK
6
CONTINUOUS
10
0.8299279133858267
20
0.6442670472440944
11
0.829949094488189
21
0.6443374015748031
0
LINE
8
BLACK
6
CONTINUOUS
10
0.829949094488189
20
0.6443374015748031
11
0.8299708661417322
21
0.6445580708661417
0
LINE
8
BLACK
6
CONTINUOUS
10
0.8299708661417322
20
0.6445580708661417
11
0.8301359842519684
21
0.6449567716535433
0
LINE
8
BLACK
6
CONTINUOUS
10
0.8301359842519684
20
0.6449567716535433
11
0.8302607086614173
21
0.6453700393700788
0
LINE
8
BLACK
6
CONTINUOUS
10
0.8302607086614173
20
0.6453700393700788
11
0.8303548425196851
21
0.645485157480315
0
LINE
8
BLACK
6
CONTINUOUS
10
0.8303548425196851
20
0.645485157480315
11
0.8304117716535433
21
0.6456224803149606
0
LINE
8
BLACK
6
CONTINUOUS
10
0.8304117716535433
20
0.6456224803149606
11
0.8307170078740157
21
0.6459277559055118
0
LINE
8
BLACK
6
CONTINUOUS
10
0.8307170078740157
20
0.6459277559055118
11
0.8309902755905512
21
0.6462616929133859
0
LINE
8
BLACK
6
CONTINUOUS
10
0.8309902755905512
20
0.6462616929133859
11
0.831121220472441
21
0.646331968503937
0
LINE
8
BLACK
6
CONTINUOUS
10
0.831121220472441
20
0.646331968503937
11
0.8312264173228346
21
0.646437125984252
0
LINE
8
BLACK
6
CONTINUOUS
10
0.8312264173228346
20
0.646437125984252
11
0.8316251968503937
21
0.6466023228346457
0
LINE
8
BLACK
6
CONTINUOUS
10
0.8316251968503937
20
0.6466023228346457
11
0.8320055118110236
21
0.6468063385826771
0
LINE
8
BLACK
6
CONTINUOUS
10
0.8320055118110236
20
0.6468063385826771
11
0.8322229921259843
21
0.6468499606299213
0
LINE
8
BLACK
6
CONTINUOUS
10
0.8322229921259843
20
0.6468499606299213
11
0.8322908267716536
21
0.6468780314960629
0
LINE
8
BLACK
6
CONTINUOUS
10
0.8322908267716536
20
0.6468780314960629
11
0.8323631496062992
21
0.6468780314960629
0
LINE
8
BLACK
6
CONTINUOUS
10
0.8323631496062992
20
0.6468780314960629
11
0.8325730708661417
21
0.6469201181102362
0
LINE
8
BLACK
6
CONTINUOUS
10
0.8325730708661417
20
0.6469201181102362
11
0.8513207086614173
21
0.6487948818897638
0
LINE
8
BLACK
6
CONTINUOUS
10
0.8513207086614173
20
0.6487948818897638
11
0.8518995669291338
21
0.6487957480314961
0
LINE
8
BLACK
6
CONTINUOUS
10
0.8518995669291338
20
0.6487957480314961
11
0.8520419291338582
21
0.6487527952755905
0
LINE
8
BLACK
6
CONTINUOUS
10
0.8738774409448818
20
0.6801829133858267
11
0.8746920866141732
21
0.6793682677165355
0
LINE
8
BLACK
6
CONTINUOUS
10
0.8746920866141732
20
0.6793682677165355
11
0.8751329921259843
21
0.6783038582677166
0
LINE
8
BLACK
6
CONTINUOUS
10
0.8751329921259843
20
0.6783038582677166
11
0.8751897244094488
21
0.6777277952755906
0
LINE
8
BLACK
6
CONTINUOUS
10
0.8751897244094488
20
0.6777277952755906
11
0.8751897244094488
21
0.6739782677165355
0
LINE
8
BLACK
6
CONTINUOUS
10
0.8751897244094488
20
0.6739782677165355
11
0.8751609842519685
21
0.6736866929133858
0
LINE
8
BLACK
6
CONTINUOUS
10
0.8751609842519685
20
0.6736866929133858
11
0.8751665354330709
21
0.6736089370078741
0
LINE
8
BLACK
6
CONTINUOUS
10
0.8751665354330709
20
0.6736089370078741
11
0.8751432677165354
21
0.6735066929133858
0
LINE
8
BLACK
6
CONTINUOUS
10
0.8751432677165354
20
0.6735066929133858
11
0.8751329921259843
21
0.6734022047244095
0
LINE
8
BLACK
6
CONTINUOUS
10
0.8751329921259843
20
0.6734022047244095
11
0.8751031102362204
21
0.673330157480315
0
LINE
8
BLACK
6
CONTINUOUS
10
0.8751031102362204
20
0.673330157480315
11
0.875038188976378
21
0.6730444881889763
0
LINE
8
BLACK
6
CONTINUOUS
10
0.875038188976378
20
0.6730444881889763
11
0.8731634251968504
21
0.6674202362204724
0
LINE
8
BLACK
6
CONTINUOUS
10
0.8731634251968504
20
0.6674202362204724
11
0.8729274409448818
21
0.666891653543307
0
LINE
8
BLACK
6
CONTINUOUS
10
0.8729274409448818
20
0.666891653543307
11
0.8728579527559055
21
0.6668115748031496
0
LINE
8
BLACK
6
CONTINUOUS
10
0.8728579527559055
20
0.6668115748031496
11
0.8728173622047244
21
0.6667135039370079
0
LINE
8
BLACK
6
CONTINUOUS
10
0.8728173622047244
20
0.6667135039370079
11
0.8724501181102362
21
0.666266062992126
0
LINE
8
BLACK
6
CONTINUOUS
10
0.8724501181102362
20
0.666266062992126
11
0.8687005511811023
21
0.6625165354330709
0
LINE
8
BLACK
6
CONTINUOUS
10
0.8687005511811023
20
0.6625165354330709
11
0.8682530708661417
21
0.6621492913385827
0
LINE
8
BLACK
6
CONTINUOUS
10
0.8682530708661417
20
0.6621492913385827
11
0.868155
21
0.6621087007874016
0
LINE
8
BLACK
6
CONTINUOUS
10
0.868155
20
0.6621087007874016
11
0.8680749212598425
21
0.6620392125984251
0
LINE
8
BLACK
6
CONTINUOUS
10
0.8680749212598425
20
0.6620392125984251
11
0.8675463779527559
21
0.6618032283464567
0
LINE
8
BLACK
6
CONTINUOUS
10
0.8675463779527559
20
0.6618032283464567
11
0.8619220866141732
21
0.6599284645669291
0
LINE
8
BLACK
6
CONTINUOUS
10
0.8619220866141732
20
0.6599284645669291
11
0.8616364960629921
21
0.6598635433070866
0
LINE
8
BLACK
6
CONTINUOUS
10
0.8616364960629921
20
0.6598635433070866
11
0.8615644094488188
21
0.6598336614173228
0
LINE
8
BLACK
6
CONTINUOUS
10
0.8615644094488188
20
0.6598336614173228
11
0.8614598818897637
21
0.6598233858267717
0
LINE
8
BLACK
6
CONTINUOUS
10
0.8614598818897637
20
0.6598233858267717
11
0.8613576377952755
21
0.6598001181102362
0
LINE
8
BLACK
6
CONTINUOUS
10
0.8613576377952755
20
0.6598001181102362
11
0.8612798818897638
21
0.6598056692913385
0
LINE
8
BLACK
6
CONTINUOUS
10
0.8612798818897638
20
0.6598056692913385
11
0.8609883464566929
21
0.6597769291338582
0
LINE
8
BLACK
6
CONTINUOUS
10
0.8609883464566929
20
0.6597769291338582
11
0.8328668897637795
21
0.6597769291338582
0
LINE
8
BLACK
6
CONTINUOUS
10
0.8328668897637795
20
0.6597769291338582
11
0.8322908267716536
21
0.6598336614173228
0
LINE
8
BLACK
6
CONTINUOUS
10
0.8322908267716536
20
0.6598336614173228
11
0.8312264173228346
21
0.6602745669291339
0
LINE
8
BLACK
6
CONTINUOUS
10
0.8312264173228346
20
0.6602745669291339
11
0.8304117716535433
21
0.6610892125984252
0
LINE
8
BLACK
6
CONTINUOUS
10
0.8304117716535433
20
0.6610892125984252
11
0.8299708661417322
21
0.662153622047244
0
LINE
8
BLACK
6
CONTINUOUS
10
0.8299708661417322
20
0.662153622047244
11
0.8299708661417322
21
0.663305748031496
0
LINE
8
BLACK
6
CONTINUOUS
10
0.8299708661417322
20
0.663305748031496
11
0.8304117716535433
21
0.6643701574803149
0
LINE
8
BLACK
6
CONTINUOUS
10
0.8304117716535433
20
0.6643701574803149
11
0.8312264173228346
21
0.6651848031496063
0
LINE
8
BLACK
6
CONTINUOUS
10
0.8312264173228346
20
0.6651848031496063
11
0.8322908267716536
21
0.6656257086614173
0
LINE
8
BLACK
6
CONTINUOUS
10
0.8322908267716536
20
0.6656257086614173
11
0.8328668897637795
21
0.6656824409448818
0
LINE
8
BLACK
6
CONTINUOUS
10
0.8328668897637795
20
0.6656824409448818
11
0.8605092125984252
21
0.6656824409448818
0
LINE
8
BLACK
6
CONTINUOUS
10
0.8605092125984252
20
0.6656824409448818
11
0.8650175984251969
21
0.6671852755905512
0
LINE
8
BLACK
6
CONTINUOUS
10
0.8650175984251969
20
0.6671852755905512
11
0.8677814173228346
21
0.6699490551181102
0
LINE
8
BLACK
6
CONTINUOUS
10
0.8677814173228346
20
0.6699490551181102
11
0.8692842125984251
21
0.6744574015748032
0
LINE
8
BLACK
6
CONTINUOUS
10
0.8692842125984251
20
0.6744574015748032
11
0.8692842125984251
21
0.6777277952755906
0
LINE
8
BLACK
6
CONTINUOUS
10
0.8692842125984251
20
0.6777277952755906
11
0.8693409448818897
21
0.6783038582677166
0
LINE
8
BLACK
6
CONTINUOUS
10
0.8693409448818897
20
0.6783038582677166
11
0.8697818503937008
21
0.6793682677165355
0
LINE
8
BLACK
6
CONTINUOUS
10
0.8697818503937008
20
0.6793682677165355
11
0.8705964960629921
21
0.6801829133858267
0
LINE
8
BLACK
6
CONTINUOUS
10
0.8705964960629921
20
0.6801829133858267
11
0.871660905511811
21
0.6806238188976378
0
LINE
8
BLACK
6
CONTINUOUS
10
0.871660905511811
20
0.6806238188976378
11
0.8728130314960629
21
0.6806238188976378
0
LINE
8
BLACK
6
CONTINUOUS
10
0.8728130314960629
20
0.6806238188976378
11
0.8738774409448818
21
0.6801829133858267
0
LINE
8
BLACK
6
CONTINUOUS
10
0.9515407086614173
20
0.8138265354330708
11
0.9526060629921259
21
0.8127611811023622
0
LINE
8
BLACK
6
CONTINUOUS
10
0.9526060629921259
20
0.8127611811023622
11
0.952755905511811
21
0.812007874015748
0
LINE
8
BLACK
6
CONTINUOUS
10
0.952755905511811
20
0.812007874015748
11
0.952755905511811
21
0.4872047244094488
0
LINE
8
BLACK
6
CONTINUOUS
10
0.952755905511811
20
0.4872047244094488
11
0.9526060629921259
21
0.4864514173228346
0
LINE
8
BLACK
6
CONTINUOUS
10
0.9526060629921259
20
0.4864514173228346
11
0.9515407086614173
21
0.485386062992126
0
LINE
8
BLACK
6
CONTINUOUS
10
0.9515407086614173
20
0.485386062992126
11
0.9507874015748031
21
0.4852362204724409
0
LINE
8
BLACK
6
CONTINUOUS
10
0.9507874015748031
20
0.4852362204724409
11
0.7913385826771653
21
0.4852362204724409
0
LINE
8
BLACK
6
CONTINUOUS
10
0.7913385826771653
20
0.4852362204724409
11
0.7905852755905511
21
0.485386062992126
0
LINE
8
BLACK
6
CONTINUOUS
10
0.7905852755905511
20
0.485386062992126
11
0.7895199212598425
21
0.4864514173228346
0
LINE
8
BLACK
6
CONTINUOUS
10
0.7895199212598425
20
0.4864514173228346
11
0.7893700787401574
21
0.4872047244094488
0
LINE
8
BLACK
6
CONTINUOUS
10
0.7893700787401574
20
0.4872047244094488
11
0.7893700787401574
21
0.812007874015748
0
LINE
8
BLACK
6
CONTINUOUS
10
0.7893700787401574
20
0.812007874015748
11
0.7895199212598425
21
0.8127611811023622
0
LINE
8
BLACK
6
CONTINUOUS
10
0.7895199212598425
20
0.8127611811023622
11
0.7905852755905511
21
0.8138265354330708
0
LINE
8
BLACK
6
CONTINUOUS
10
0.7905852755905511
20
0.8138265354330708
11
0.7913385826771653
21
0.8139763779527559
0
LINE
8
BLACK
6
CONTINUOUS
10
0.7913385826771653
20
0.8139763779527559
11
0.9507874015748031
21
0.8139763779527559
0
LINE
8
BLACK
6
CONTINUOUS
10
0.9507874015748031
20
0.8139763779527559
11
0.9515407086614173
21
0.8138265354330708
0
LINE
8
BLACK
6
CONTINUOUS
10
0.7933070866141733
20
0.8100393700787402
11
0.7933070866141733
21
0.7441292519685039
0
LINE
8
BLACK
6
CONTINUOUS
10
0.7933070866141733
20
0.7441292519685039
11
0.8203139763779528
21
0.7250324803149606
0
LINE
8
BLACK
6
CONTINUOUS
10
0.8203139763779528
20
0.7250324803149606
11
0.8208425196850394
21
0.7244751968503936
0
LINE
8
BLACK
6
CONTINUOUS
10
0.8208425196850394
20
0.7244751968503936
11
0.8209001968503937
21
0.7241388976377953
0
LINE
8
BLACK
6
CONTINUOUS
10
0.8209001968503937
20
0.7241388976377953
11
0.8210973228346456
21
0.723860157480315
0
LINE
8
BLACK
6
CONTINUOUS
10
0.8210973228346456
20
0.723860157480315
11
0.8210226771653543
21
0.7234251968503936
0
LINE
8
BLACK
6
CONTINUOUS
10
0.8210226771653543
20
0.7234251968503936
11
0.8210973228346456
21
0.7229902362204724
0
LINE
8
BLACK
6
CONTINUOUS
10
0.8210973228346456
20
0.7229902362204724
11
0.8209001968503937
21
0.7227115354330709
0
LINE
8
BLACK
6
CONTINUOUS
10
0.8209001968503937
20
0.7227115354330709
11
0.8208425196850394
21
0.7223751968503936
0
LINE
8
BLACK
6
CONTINUOUS
10
0.8208425196850394
20
0.7223751968503936
11
0.8203139763779528
21
0.7218179133858268
0
LINE
8
BLACK
6
CONTINUOUS
10
0.8203139763779528
20
0.7218179133858268
11
0.7933070866141733
21
0.7027211811023621
0
LINE
8
BLACK
6
CONTINUOUS
10
0.7933070866141733
20
0.7027211811023621
11
0.7933070866141733
21
0.4891732283464567
0
LINE
8
BLACK
6
CONTINUOUS
10
0.7933070866141733
20
0.4891732283464567
11
0.9488188976377953
21
0.4891732283464567
0
LINE
8
BLACK
6
CONTINUOUS
10
0.9488188976377953
20
0.4891732283464567
11
0.9488188976377953
21
0.8100393700787402
0
LINE
8
BLACK
6
CONTINUOUS
10
0.9488188976377953
20
0.8100393700787402
11
0.7933070866141733
21
0.8100393700787402
0
LINE
8
BLACK
6
CONTINUOUS
10
0.7933070866141733
20
0.7075430708661418
11
0.815767874015748
21
0.7234251968503936
0
LINE
8
BLACK
6
CONTINUOUS
10
0.815767874015748
20
0.7234251968503936
11
0.7933070866141733
21
0.7393073622047244
0
LINE
8
BLACK
6
CONTINUOUS
10
0.7933070866141733
20
0.7393073622047244
11
0.7933070866141733
21
0.7075430708661418
0
LINE
8
BLACK
6
CONTINUOUS
10
0.6471707480314961
20
0.5222048031496063
11
0.647365157480315
21
0.5222048031496063
0
LINE
8
BLACK
6
CONTINUOUS
10
0.647365157480315
20
0.5222048031496063
11
0.6475595669291339
21
0.5220103937007874
0
LINE
8
BLACK
6
CONTINUOUS
10
0.6475595669291339
20
0.5220103937007874
11
0.6478053937007874
21
0.5218874803149606
0
LINE
8
BLACK
6
CONTINUOUS
10
0.6478053937007874
20
0.5218874803149606
11
0.6478668503937007
21
0.5217031102362205
0
LINE
8
BLACK
6
CONTINUOUS
10
0.6478668503937007
20
0.5217031102362205
11
0.6480043307086614
21
0.5215656299212599
0
LINE
8
BLACK
6
CONTINUOUS
10
0.6480043307086614
20
0.5215656299212599
11
0.6480942519685039
21
0.5211136220472441
0
LINE
8
BLACK
6
CONTINUOUS
10
0.6480942519685039
20
0.5211136220472441
11
0.6480942519685039
21
0.5147956692913386
0
LINE
8
BLACK
6
CONTINUOUS
10
0.6480942519685039
20
0.5147956692913386
11
0.6521624803149606
21
0.5147956692913386
0
LINE
8
BLACK
6
CONTINUOUS
10
0.6521624803149606
20
0.5147956692913386
11
0.6526144881889764
21
0.514705748031496
0
LINE
8
BLACK
6
CONTINUOUS
10
0.6526144881889764
20
0.514705748031496
11
0.6532536614173228
21
0.5140665748031495
0
LINE
8
BLACK
6
CONTINUOUS
10
0.6532536614173228
20
0.5140665748031495
11
0.6532536614173228
21
0.5131625590551181
0
LINE
8
BLACK
6
CONTINUOUS
10
0.6532536614173228
20
0.5131625590551181
11
0.6526144881889764
21
0.5125233858267716
0
LINE
8
BLACK
6
CONTINUOUS
10
0.6526144881889764
20
0.5125233858267716
11
0.6521624803149606
21
0.5124334645669292
0
LINE
8
BLACK
6
CONTINUOUS
10
0.6521624803149606
20
0.5124334645669292
11
0.6480942519685039
21
0.5124334645669292
0
LINE
8
BLACK
6
CONTINUOUS
10
0.6480942519685039
20
0.5124334645669292
11
0.6480942519685039
21
0.5113648425196851
0
LINE
8
BLACK
6
CONTINUOUS
10
0.6480942519685039
20
0.5113648425196851
11
0.6480043307086614
21
0.5109128346456693
0
LINE
8
BLACK
6
CONTINUOUS
10
0.6480043307086614
20
0.5109128346456693
11
0.647365157480315
21
0.5102736614173228
0
LINE
8
BLACK
6
CONTINUOUS
10
0.647365157480315
20
0.5102736614173228
11
0.6464611417322834
21
0.5102736614173228
0
LINE
8
BLACK
6
CONTINUOUS
10
0.6464611417322834
20
0.5102736614173228
11
0.645821968503937
21
0.5109128346456693
0
LINE
8
BLACK
6
CONTINUOUS
10
0.645821968503937
20
0.5109128346456693
11
0.6457320472440945
21
0.5113648425196851
0
LINE
8
BLACK
6
CONTINUOUS
10
0.6457320472440945
20
0.5113648425196851
11
0.6457320472440945
21
0.5124334645669292
0
LINE
8
BLACK
6
CONTINUOUS
10
0.6457320472440945
20
0.5124334645669292
11
0.641663779527559
21
0.5124334645669292
0
LINE
8
BLACK
6
CONTINUOUS
10
0.641663779527559
20
0.5124334645669292
11
0.6412117716535433
21
0.5125233858267716
0
LINE
8
BLACK
6
CONTINUOUS
10
0.6412117716535433
20
0.5125233858267716
11
0.6405725984251969
21
0.5131625590551181
0
LINE
8
BLACK
6
CONTINUOUS
10
0.6405725984251969
20
0.5131625590551181
11
0.6405725984251969
21
0.5140665748031495
0
LINE
8
BLACK
6
CONTINUOUS
10
0.6405725984251969
20
0.5140665748031495
11
0.6412117716535433
21
0.514705748031496
0
LINE
8
BLACK
6
CONTINUOUS
10
0.6412117716535433
20
0.514705748031496
11
0.641663779527559
21
0.5147956692913386
0
LINE
8
BLACK
6
CONTINUOUS
10
0.641663779527559
20
0.5147956692913386
11
0.6457320472440945
21
0.5147956692913386
0
LINE
8
BLACK
6
CONTINUOUS
10
0.6457320472440945
20
0.5147956692913386
11
0.6457320472440945
21
0.5194749606299213
0
LINE
8
BLACK
6
CONTINUOUS
10
0.6457320472440945
20
0.5194749606299213
11
0.6360380708661417
21
0.5162436220472441
0
LINE
8
BLACK
6
CONTINUOUS
10
0.6360380708661417
20
0.5162436220472441
11
0.6355808267716535
21
0.5161859842519685
0
LINE
8
BLACK
6
CONTINUOUS
10
0.6355808267716535
20
0.5161859842519685
11
0.6347723228346457
21
0.5165902362204724
0
LINE
8
BLACK
6
CONTINUOUS
10
0.6347723228346457
20
0.5165902362204724
11
0.6344864566929134
21
0.5174478346456692
0
LINE
8
BLACK
6
CONTINUOUS
10
0.6344864566929134
20
0.5174478346456692
11
0.6348907086614173
21
0.5182563385826772
0
LINE
8
BLACK
6
CONTINUOUS
10
0.6348907086614173
20
0.5182563385826772
11
0.635291062992126
21
0.5184845669291338
0
LINE
8
BLACK
6
CONTINUOUS
10
0.635291062992126
20
0.5184845669291338
11
0.6465396456692913
21
0.5222340944881889
0
LINE
8
BLACK
6
CONTINUOUS
10
0.6465396456692913
20
0.5222340944881889
11
0.6469968897637796
21
0.5222917322834646
0
LINE
8
BLACK
6
CONTINUOUS
10
0.6469968897637796
20
0.5222917322834646
11
0.6471707480314961
21
0.5222048031496063
0
LINE
8
BLACK
6
CONTINUOUS
10
0.6455553149606299
20
0.5380145275590551
11
0.6456998031496063
21
0.5380074803149606
0
LINE
8
BLACK
6
CONTINUOUS
10
0.6456998031496063
20
0.5380074803149606
11
0.6486994094488189
21
0.5372575590551181
0
LINE
8
BLACK
6
CONTINUOUS
10
0.6486994094488189
20
0.5372575590551181
11
0.6488163385826772
21
0.5372023228346456
0
LINE
8
BLACK
6
CONTINUOUS
10
0.6488163385826772
20
0.5372023228346456
11
0.6489411417322835
21
0.5371681496062992
0
LINE
8
BLACK
6
CONTINUOUS
10
0.6489411417322835
20
0.5371681496062992
11
0.6504409448818897
21
0.5364182677165354
0
LINE
8
BLACK
6
CONTINUOUS
10
0.6504409448818897
20
0.5364182677165354
11
0.6505904330708662
21
0.5363022440944881
0
LINE
8
BLACK
6
CONTINUOUS
10
0.6505904330708662
20
0.5363022440944881
11
0.6507479133858267
21
0.5361970078740157
0
LINE
8
BLACK
6
CONTINUOUS
10
0.6507479133858267
20
0.5361970078740157
11
0.6522477559055118
21
0.5346972440944882
0
LINE
8
BLACK
6
CONTINUOUS
10
0.6522477559055118
20
0.5346972440944882
11
0.6522806299212598
21
0.534648031496063
0
LINE
8
BLACK
6
CONTINUOUS
10
0.6522806299212598
20
0.534648031496063
11
0.652304842519685
21
0.5346359055118111
0
LINE
8
BLACK
6
CONTINUOUS
10
0.652304842519685
20
0.5346359055118111
11
0.6523986220472441
21
0.5344714173228347
0
LINE
8
BLACK
6
CONTINUOUS
10
0.6523986220472441
20
0.5344714173228347
11
0.652503779527559
21
0.5343140157480315
0
LINE
8
BLACK
6
CONTINUOUS
10
0.652503779527559
20
0.5343140157480315
11
0.652503779527559
21
0.5342870078740157
0
LINE
8
BLACK
6
CONTINUOUS
10
0.652503779527559
20
0.5342870078740157
11
0.6525331102362204
21
0.5342355511811023
0
LINE
8
BLACK
6
CONTINUOUS
10
0.6525331102362204
20
0.5342355511811023
11
0.6532829921259843
21
0.5319857874015748
0
LINE
8
BLACK
6
CONTINUOUS
10
0.6532829921259843
20
0.5319857874015748
11
0.6533066141732283
21
0.5317979921259842
0
LINE
8
BLACK
6
CONTINUOUS
10
0.6533066141732283
20
0.5317979921259842
11
0.6533435826771653
21
0.5316123228346457
0
LINE
8
BLACK
6
CONTINUOUS
10
0.6533435826771653
20
0.5316123228346457
11
0.6533435826771653
21
0.5301124803149606
0
LINE
8
BLACK
6
CONTINUOUS
10
0.6533435826771653
20
0.5301124803149606
11
0.6533066535433071
21
0.5299268897637796
0
LINE
8
BLACK
6
CONTINUOUS
10
0.6533066535433071
20
0.5299268897637796
11
0.6532829921259843
21
0.5297389763779528
0
LINE
8
BLACK
6
CONTINUOUS
10
0.6532829921259843
20
0.5297389763779528
11
0.6525331102362204
21
0.5274892913385827
0
LINE
8
BLACK
6
CONTINUOUS
10
0.6525331102362204
20
0.5274892913385827
11
0.6525038188976378
21
0.5274379527559055
0
LINE
8
BLACK
6
CONTINUOUS
10
0.6525038188976378
20
0.5274379527559055
11
0.6525038188976378
21
0.5274108267716535
0
LINE
8
BLACK
6
CONTINUOUS
10
0.6525038188976378
20
0.5274108267716535
11
0.6523985433070866
21
0.5272533464566929
0
LINE
8
BLACK
6
CONTINUOUS
10
0.6523985433070866
20
0.5272533464566929
11
0.652304842519685
21
0.527088937007874
0
LINE
8
BLACK
6
CONTINUOUS
10
0.652304842519685
20
0.527088937007874
11
0.652280590551181
21
0.5270768503937008
0
LINE
8
BLACK
6
CONTINUOUS
10
0.652280590551181
20
0.5270768503937008
11
0.6522477559055118
21
0.5270276377952756
0
LINE
8
BLACK
6
CONTINUOUS
10
0.6522477559055118
20
0.5270276377952756
11
0.6514978346456692
21
0.5262777165354331
0
LINE
8
BLACK
6
CONTINUOUS
10
0.6514978346456692
20
0.5262777165354331
11
0.6511146456692913
21
0.5260216929133859
0
LINE
8
BLACK
6
CONTINUOUS
10
0.6511146456692913
20
0.5260216929133859
11
0.6502107086614173
21
0.5260216929133859
0
LINE
8
BLACK
6
CONTINUOUS
10
0.6502107086614173
20
0.5260216929133859
11
0.6495714960629921
21
0.526660905511811
0
LINE
8
BLACK
6
CONTINUOUS
10
0.6495714960629921
20
0.526660905511811
11
0.6495714960629921
21
0.5275648425196851
0
LINE
8
BLACK
6
CONTINUOUS
10
0.6495714960629921
20
0.5275648425196851
11
0.6498275196850394
21
0.527948031496063
0
LINE
8
BLACK
6
CONTINUOUS
10
0.6498275196850394
20
0.527948031496063
11
0.6503801968503937
21
0.528500748031496
0
LINE
8
BLACK
6
CONTINUOUS
10
0.6503801968503937
20
0.528500748031496
11
0.6509813779527559
21
0.5303042125984252
0
LINE
8
BLACK
6
CONTINUOUS
10
0.6509813779527559
20
0.5303042125984252
11
0.6509813779527559
21
0.5314206299212598
0
LINE
8
BLACK
6
CONTINUOUS
10
0.6509813779527559
20
0.5314206299212598
11
0.6503801968503937
21
0.533224094488189
0
LINE
8
BLACK
6
CONTINUOUS
10
0.6503801968503937
20
0.533224094488189
11
0.6492131496062992
21
0.5343911417322834
0
LINE
8
BLACK
6
CONTINUOUS
10
0.6492131496062992
20
0.5343911417322834
11
0.6480006692913386
21
0.5349974015748031
0
LINE
8
BLACK
6
CONTINUOUS
10
0.6480006692913386
20
0.5349974015748031
11
0.6452679921259843
21
0.5356805511811024
0
LINE
8
BLACK
6
CONTINUOUS
10
0.6452679921259843
20
0.5356805511811024
11
0.6433089763779527
21
0.5356805511811024
0
LINE
8
BLACK
6
CONTINUOUS
10
0.6433089763779527
20
0.5356805511811024
11
0.6405762204724409
21
0.5349973622047244
0
LINE
8
BLACK
6
CONTINUOUS
10
0.6405762204724409
20
0.5349973622047244
11
0.6393638188976378
21
0.5343911811023622
0
LINE
8
BLACK
6
CONTINUOUS
10
0.6393638188976378
20
0.5343911811023622
11
0.6381966535433071
21
0.5332240551181102
0
LINE
8
BLACK
6
CONTINUOUS
10
0.6381966535433071
20
0.5332240551181102
11
0.6375955511811023
21
0.5314207086614173
0
LINE
8
BLACK
6
CONTINUOUS
10
0.6375955511811023
20
0.5314207086614173
11
0.6375955511811023
21
0.5303041338582677
0
LINE
8
BLACK
6
CONTINUOUS
10
0.6375955511811023
20
0.5303041338582677
11
0.6381966535433071
21
0.5285008661417323
0
LINE
8
BLACK
6
CONTINUOUS
10
0.6381966535433071
20
0.5285008661417323
11
0.6387494488188976
21
0.527948031496063
0
LINE
8
BLACK
6
CONTINUOUS
10
0.6387494488188976
20
0.527948031496063
11
0.6390054724409449
21
0.5275648031496063
0
LINE
8
BLACK
6
CONTINUOUS
10
0.6390054724409449
20
0.5275648031496063
11
0.6390054330708661
21
0.526660905511811
0
LINE
8
BLACK
6
CONTINUOUS
10
0.6390054330708661
20
0.526660905511811
11
0.6383661811023622
21
0.5260216535433071
0
LINE
8
BLACK
6
CONTINUOUS
10
0.6383661811023622
20
0.5260216535433071
11
0.6374622440944882
21
0.5260216929133859
0
LINE
8
BLACK
6
CONTINUOUS
10
0.6374622440944882
20
0.5260216929133859
11
0.6370790551181102
21
0.5262777559055118
0
LINE
8
BLACK
6
CONTINUOUS
10
0.6370790551181102
20
0.5262777559055118
11
0.6363291732283465
21
0.5270276377952756
0
LINE
8
BLACK
6
CONTINUOUS
10
0.6363291732283465
20
0.5270276377952756
11
0.6362962598425197
21
0.5270768897637795
0
LINE
8
BLACK
6
CONTINUOUS
10
0.6362962598425197
20
0.5270768897637795
11
0.636272125984252
21
0.527088937007874
0
LINE
8
BLACK
6
CONTINUOUS
10
0.636272125984252
20
0.527088937007874
11
0.6361785039370078
21
0.527253188976378
0
LINE
8
BLACK
6
CONTINUOUS
10
0.6361785039370078
20
0.527253188976378
11
0.6360731496062992
21
0.5274108661417323
0
LINE
8
BLACK
6
CONTINUOUS
10
0.6360731496062992
20
0.5274108661417323
11
0.6360731496062992
21
0.5274379921259842
0
LINE
8
BLACK
6
CONTINUOUS
10
0.6360731496062992
20
0.5274379921259842
11
0.6360438976377952
21
0.5274892913385827
0
LINE
8
BLACK
6
CONTINUOUS
10
0.6360438976377952
20
0.5274892913385827
11
0.6352939763779527
21
0.5297389763779528
0
LINE
8
BLACK
6
CONTINUOUS
10
0.6352939763779527
20
0.5297389763779528
11
0.6352703149606299
21
0.5299266141732283
0
LINE
8
BLACK
6
CONTINUOUS
10
0.6352703149606299
20
0.5299266141732283
11
0.6352333464566929
21
0.5301124803149606
0
LINE
8
BLACK
6
CONTINUOUS
10
0.6352333464566929
20
0.5301124803149606
11
0.6352333464566929
21
0.5316123228346457
0
LINE
8
BLACK
6
CONTINUOUS
10
0.6352333464566929
20
0.5316123228346457
11
0.6352703149606299
21
0.5317982283464567
0
LINE
8
BLACK
6
CONTINUOUS
10
0.6352703149606299
20
0.5317982283464567
11
0.6352939763779527
21
0.5319858267716535
0
LINE
8
BLACK
6
CONTINUOUS
10
0.6352939763779527
20
0.5319858267716535
11
0.6360438976377952
21
0.5342355511811023
0
LINE
8
BLACK
6
CONTINUOUS
10
0.6360438976377952
20
0.5342355511811023
11
0.636073188976378
21
0.534286968503937
0
LINE
8
BLACK
6
CONTINUOUS
10
0.636073188976378
20
0.534286968503937
11
0.636073188976378
21
0.5343140157480315
0
LINE
8
BLACK
6
CONTINUOUS
10
0.636073188976378
20
0.5343140157480315
11
0.6361783464566929
21
0.5344714566929134
0
LINE
8
BLACK
6
CONTINUOUS
10
0.6361783464566929
20
0.5344714566929134
11
0.636272125984252
21
0.5346359055118111
0
LINE
8
BLACK
6
CONTINUOUS
10
0.636272125984252
20
0.5346359055118111
11
0.6362963385826772
21
0.534648031496063
0
LINE
8
BLACK
6
CONTINUOUS
10
0.6362963385826772
20
0.534648031496063
11
0.6363292125984252
21
0.5346972047244094
0
LINE
8
BLACK
6
CONTINUOUS
10
0.6363292125984252
20
0.5346972047244094
11
0.6378289763779528
21
0.5361970078740157
0
LINE
8
BLACK
6
CONTINUOUS
10
0.6378289763779528
20
0.5361970078740157
11
0.6379863385826772
21
0.5363021653543307
0
LINE
8
BLACK
6
CONTINUOUS
10
0.6379863385826772
20
0.5363021653543307
11
0.6381359842519685
21
0.5364182677165354
0
LINE
8
BLACK
6
CONTINUOUS
10
0.6381359842519685
20
0.5364182677165354
11
0.6396357874015748
21
0.5371681496062992
0
LINE
8
BLACK
6
CONTINUOUS
10
0.6396357874015748
20
0.5371681496062992
11
0.6397605511811023
21
0.5372023228346456
0
LINE
8
BLACK
6
CONTINUOUS
10
0.6397605511811023
20
0.5372023228346456
11
0.6398775196850394
21
0.5372575590551181
0
LINE
8
BLACK
6
CONTINUOUS
10
0.6398775196850394
20
0.5372575590551181
11
0.6428771653543307
21
0.5380074803149606
0
LINE
8
BLACK
6
CONTINUOUS
10
0.6428771653543307
20
0.5380074803149606
11
0.6430216141732283
21
0.5380145275590551
0
LINE
8
BLACK
6
CONTINUOUS
10
0.6430216141732283
20
0.5380145275590551
11
0.6431636220472441
21
0.5380427559055118
0
LINE
8
BLACK
6
CONTINUOUS
10
0.6431636220472441
20
0.5380427559055118
11
0.6454133464566929
21
0.5380427559055118
0
LINE
8
BLACK
6
CONTINUOUS
10
0.6454133464566929
20
0.5380427559055118
11
0.6455553149606299
21
0.5380145275590551
0
LINE
8
BLACK
6
CONTINUOUS
10
0.6615013385826771
20
0.5578029133858268
11
0.6625666929133858
21
0.5567375590551181
0
LINE
8
BLACK
6
CONTINUOUS
10
0.6625666929133858
20
0.5567375590551181
11
0.6627165354330709
21
0.5559842519685039
0
LINE
8
BLACK
6
CONTINUOUS
10
0.6627165354330709
20
0.5559842519685039
11
0.6627165354330709
21
0.492992125984252
0
LINE
8
BLACK
6
CONTINUOUS
10
0.6627165354330709
20
0.492992125984252
11
0.6625666929133858
21
0.4922388188976378
0
LINE
8
BLACK
6
CONTINUOUS
10
0.6625666929133858
20
0.4922388188976378
11
0.6615013385826771
21
0.4911734645669291
0
LINE
8
BLACK
6
CONTINUOUS
10
0.6615013385826771
20
0.4911734645669291
11
0.660748031496063
21
0.4910236220472441
0
LINE
8
BLACK
6
CONTINUOUS
10
0.660748031496063
20
0.4910236220472441
11
0.6292519685039369
21
0.4910236220472441
0
LINE
8
BLACK
6
CONTINUOUS
10
0.6292519685039369
20
0.4910236220472441
11
0.6284986614173228
21
0.4911734645669291
0
LINE
8
BLACK
6
CONTINUOUS
10
0.6284986614173228
20
0.4911734645669291
11
0.6274333070866142
21
0.4922388188976378
0
LINE
8
BLACK
6
CONTINUOUS
10
0.6274333070866142
20
0.4922388188976378
11
0.6272834645669291
21
0.492992125984252
0
LINE
8
BLACK
6
CONTINUOUS
10
0.6272834645669291
20
0.492992125984252
11
0.6272834645669291
21
0.5559842519685039
0
LINE
8
BLACK
6
CONTINUOUS
10
0.6272834645669291
20
0.5559842519685039
11
0.6274333070866142
21
0.5567375590551181
0
LINE
8
BLACK
6
CONTINUOUS
10
0.6274333070866142
20
0.5567375590551181
11
0.6284986614173228
21
0.5578029133858268
0
LINE
8
BLACK
6
CONTINUOUS
10
0.6284986614173228
20
0.5578029133858268
11
0.6292519685039369
21
0.5579527559055117
0
LINE
8
BLACK
6
CONTINUOUS
10
0.6292519685039369
20
0.5579527559055117
11
0.660748031496063
21
0.5579527559055117
0
LINE
8
BLACK
6
CONTINUOUS
10
0.660748031496063
20
0.5579527559055117
11
0.6615013385826771
21
0.5578029133858268
0
LINE
8
BLACK
6
CONTINUOUS
10
0.6312204724409448
20
0.554015748031496
11
0.6312204724409448
21
0.4949606299212598
0
LINE
8
BLACK
6
CONTINUOUS
10
0.6312204724409448
20
0.4949606299212598
11
0.6587795275590551
21
0.4949606299212598
0
LINE
8
BLACK
6
CONTINUOUS
10
0.6587795275590551
20
0.4949606299212598
11
0.6587795275590551
21
0.554015748031496
0
LINE
8
BLACK
6
CONTINUOUS
10
0.6587795275590551
20
0.554015748031496
11
0.6312204724409448
21
0.554015748031496
0
LINE
8
BLACK
6
CONTINUOUS
10
0.3128273228346456
20
0.5516767322834646
11
0.3134664960629921
21
0.5510375590551181
0
LINE
8
BLACK
6
CONTINUOUS
10
0.3134664960629921
20
0.5510375590551181
11
0.3134664960629921
21
0.5501335433070866
0
LINE
8
BLACK
6
CONTINUOUS
10
0.3134664960629921
20
0.5501335433070866
11
0.3128273228346456
21
0.5494943700787401
0
LINE
8
BLACK
6
CONTINUOUS
10
0.3128273228346456
20
0.5494943700787401
11
0.3123753149606299
21
0.5494044488188976
0
LINE
8
BLACK
6
CONTINUOUS
10
0.3123753149606299
20
0.5494044488188976
11
0.3052294094488189
21
0.5494044488188976
0
LINE
8
BLACK
6
CONTINUOUS
10
0.3052294094488189
20
0.5494044488188976
11
0.3087647244094488
21
0.5453640551181103
0
LINE
8
BLACK
6
CONTINUOUS
10
0.3087647244094488
20
0.5453640551181103
11
0.3089323228346457
21
0.545073031496063
0
LINE
8
BLACK
6
CONTINUOUS
10
0.3089323228346457
20
0.545073031496063
11
0.3089670472440945
21
0.5450383070866142
0
LINE
8
BLACK
6
CONTINUOUS
10
0.3089670472440945
20
0.5450383070866142
11
0.3089670472440945
21
0.5450127559055118
0
LINE
8
BLACK
6
CONTINUOUS
10
0.3089670472440945
20
0.5450127559055118
11
0.3089947244094488
21
0.54496468503937
0
LINE
8
BLACK
6
CONTINUOUS
10
0.3089947244094488
20
0.54496468503937
11
0.3089670472440945
21
0.5445494881889764
0
LINE
8
BLACK
6
CONTINUOUS
10
0.3089670472440945
20
0.5445494881889764
11
0.3089670472440945
21
0.5441342913385827
0
LINE
8
BLACK
6
CONTINUOUS
10
0.3089670472440945
20
0.5441342913385827
11
0.3089373622047244
21
0.5441046456692913
0
LINE
8
BLACK
6
CONTINUOUS
10
0.3089373622047244
20
0.5441046456692913
11
0.3089346062992126
21
0.5440627559055118
0
LINE
8
BLACK
6
CONTINUOUS
10
0.3089346062992126
20
0.5440627559055118
11
0.308621811023622
21
0.543789094488189
0
LINE
8
BLACK
6
CONTINUOUS
10
0.308621811023622
20
0.543789094488189
11
0.308327874015748
21
0.5434951181102362
0
LINE
8
BLACK
6
CONTINUOUS
10
0.308327874015748
20
0.5434951181102362
11
0.3082735039370079
21
0.5434843307086614
0
LINE
8
BLACK
6
CONTINUOUS
10
0.3082735039370079
20
0.5434843307086614
11
0.3082542519685039
21
0.5434674409448819
0
LINE
8
BLACK
6
CONTINUOUS
10
0.3082542519685039
20
0.5434674409448819
11
0.308205157480315
21
0.5434707480314961
0
LINE
8
BLACK
6
CONTINUOUS
10
0.308205157480315
20
0.5434707480314961
11
0.3078758661417323
21
0.5434051968503937
0
LINE
8
BLACK
6
CONTINUOUS
10
0.3078758661417323
20
0.5434051968503937
11
0.305905
21
0.5434051968503937
0
LINE
8
BLACK
6
CONTINUOUS
10
0.305905
20
0.5434051968503937
11
0.304825905511811
21
0.5428656692913386
0
LINE
8
BLACK
6
CONTINUOUS
10
0.304825905511811
20
0.5428656692913386
11
0.3043470866141732
21
0.5423868503937008
0
LINE
8
BLACK
6
CONTINUOUS
10
0.3043470866141732
20
0.5423868503937008
11
0.3038076377952756
21
0.541307874015748
0
LINE
8
BLACK
6
CONTINUOUS
10
0.3038076377952756
20
0.541307874015748
11
0.3038076377952756
21
0.5381159448818897
0
LINE
8
BLACK
6
CONTINUOUS
10
0.3038076377952756
20
0.5381159448818897
11
0.304347125984252
21
0.5370369291338583
0
LINE
8
BLACK
6
CONTINUOUS
10
0.304347125984252
20
0.5370369291338583
11
0.304825905511811
21
0.5365581496062992
0
LINE
8
BLACK
6
CONTINUOUS
10
0.304825905511811
20
0.5365581496062992
11
0.3059049606299212
21
0.536018622047244
0
LINE
8
BLACK
6
CONTINUOUS
10
0.3059049606299212
20
0.536018622047244
11
0.3098467716535433
21
0.536018622047244
0
LINE
8
BLACK
6
CONTINUOUS
10
0.3098467716535433
20
0.536018622047244
11
0.3109257874015748
21
0.5365581496062992
0
LINE
8
BLACK
6
CONTINUOUS
10
0.3109257874015748
20
0.5365581496062992
11
0.3115401574803149
21
0.5371724803149606
0
LINE
8
BLACK
6
CONTINUOUS
10
0.3115401574803149
20
0.5371724803149606
11
0.3119233464566929
21
0.5374285433070866
0
LINE
8
BLACK
6
CONTINUOUS
10
0.3119233464566929
20
0.5374285433070866
11
0.3128272834645669
21
0.5374285433070866
0
LINE
8
BLACK
6
CONTINUOUS
10
0.3128272834645669
20
0.5374285433070866
11
0.3134665354330708
21
0.5367892913385827
0
LINE
8
BLACK
6
CONTINUOUS
10
0.3134665354330708
20
0.5367892913385827
11
0.3134665354330708
21
0.5358853543307086
0
LINE
8
BLACK
6
CONTINUOUS
10
0.3134665354330708
20
0.5358853543307086
11
0.3132104724409449
21
0.5355021653543307
0
LINE
8
BLACK
6
CONTINUOUS
10
0.3132104724409449
20
0.5355021653543307
11
0.3124605511811023
21
0.5347522440944882
0
LINE
8
BLACK
6
CONTINUOUS
10
0.3124605511811023
20
0.5347522440944882
11
0.3123031889763779
21
0.5346471653543307
0
LINE
8
BLACK
6
CONTINUOUS
10
0.3123031889763779
20
0.5346471653543307
11
0.3121535826771654
21
0.5345309842519685
0
LINE
8
BLACK
6
CONTINUOUS
10
0.3121535826771654
20
0.5345309842519685
11
0.3106537795275591
21
0.5337811023622047
0
LINE
8
BLACK
6
CONTINUOUS
10
0.3106537795275591
20
0.5337811023622047
11
0.3105967322834646
21
0.5337655118110236
0
LINE
8
BLACK
6
CONTINUOUS
10
0.3105967322834646
20
0.5337655118110236
11
0.3105775984251968
21
0.5337463385826772
0
LINE
8
BLACK
6
CONTINUOUS
10
0.3105775984251968
20
0.5337463385826772
11
0.3103917716535433
21
0.5337094094488188
0
LINE
8
BLACK
6
CONTINUOUS
10
0.3103917716535433
20
0.5337094094488188
11
0.3102092913385827
21
0.5336594094488188
0
LINE
8
BLACK
6
CONTINUOUS
10
0.3102092913385827
20
0.5336594094488188
11
0.3101836220472441
21
0.5336679921259843
0
LINE
8
BLACK
6
CONTINUOUS
10
0.3101836220472441
20
0.5336679921259843
11
0.3101255905511811
21
0.5336564173228346
0
LINE
8
BLACK
6
CONTINUOUS
10
0.3101255905511811
20
0.5336564173228346
11
0.3056261417322835
21
0.5336564173228346
0
LINE
8
BLACK
6
CONTINUOUS
10
0.3056261417322835
20
0.5336564173228346
11
0.3055680708661417
21
0.5336679921259843
0
LINE
8
BLACK
6
CONTINUOUS
10
0.3055680708661417
20
0.5336679921259843
11
0.3055424409448819
21
0.5336594094488188
0
LINE
8
BLACK
6
CONTINUOUS
10
0.3055424409448819
20
0.5336594094488188
11
0.3053599212598425
21
0.5337094094488188
0
LINE
8
BLACK
6
CONTINUOUS
10
0.3053599212598425
20
0.5337094094488188
11
0.3051741338582677
21
0.5337463385826772
0
LINE
8
BLACK
6
CONTINUOUS
10
0.3051741338582677
20
0.5337463385826772
11
0.3051549606299213
21
0.5337655118110236
0
LINE
8
BLACK
6
CONTINUOUS
10
0.3051549606299213
20
0.5337655118110236
11
0.3050979527559055
21
0.5337811023622047
0
LINE
8
BLACK
6
CONTINUOUS
10
0.3050979527559055
20
0.5337811023622047
11
0.3035981496062992
21
0.5345309842519685
0
LINE
8
BLACK
6
CONTINUOUS
10
0.3035981496062992
20
0.5345309842519685
11
0.3034485039370078
21
0.5346471259842519
0
LINE
8
BLACK
6
CONTINUOUS
10
0.3034485039370078
20
0.5346471259842519
11
0.3032911811023622
21
0.5347522440944882
0
LINE
8
BLACK
6
CONTINUOUS
10
0.3032911811023622
20
0.5347522440944882
11
0.3025412598425197
21
0.5355021653543307
0
LINE
8
BLACK
6
CONTINUOUS
10
0.3025412598425197
20
0.5355021653543307
11
0.3024361417322834
21
0.5356595275590551
0
LINE
8
BLACK
6
CONTINUOUS
10
0.3024361417322834
20
0.5356595275590551
11
0.30232
21
0.5358091338582677
0
LINE
8
BLACK
6
CONTINUOUS
10
0.30232
20
0.5358091338582677
11
0.3015701181102362
21
0.537308937007874
0
LINE
8
BLACK
6
CONTINUOUS
10
0.3015701181102362
20
0.537308937007874
11
0.3015544881889763
21
0.5373659842519685
0
LINE
8
BLACK
6
CONTINUOUS
10
0.3015544881889763
20
0.5373659842519685
11
0.3015353543307087
21
0.5373851181102363
0
LINE
8
BLACK
6
CONTINUOUS
10
0.3015353543307087
20
0.5373851181102363
11
0.3014983858267716
21
0.5375709448818897
0
LINE
8
BLACK
6
CONTINUOUS
10
0.3014983858267716
20
0.5375709448818897
11
0.3014484251968504
21
0.5377534251968504
0
LINE
8
BLACK
6
CONTINUOUS
10
0.3014484251968504
20
0.5377534251968504
11
0.301456968503937
21
0.5377790944881889
0
LINE
8
BLACK
6
CONTINUOUS
10
0.301456968503937
20
0.5377790944881889
11
0.3014454330708661
21
0.5378371259842519
0
LINE
8
BLACK
6
CONTINUOUS
10
0.3014454330708661
20
0.5378371259842519
11
0.3014454330708661
21
0.541586653543307
0
LINE
8
BLACK
6
CONTINUOUS
10
0.3014454330708661
20
0.541586653543307
11
0.301456968503937
21
0.54164468503937
0
LINE
8
BLACK
6
CONTINUOUS
10
0.301456968503937
20
0.54164468503937
11
0.3014484251968504
21
0.5416703149606299
0
LINE
8
BLACK
6
CONTINUOUS
10
0.3014484251968504
20
0.5416703149606299
11
0.3014983464566929
21
0.5418527952755905
0
LINE
8
BLACK
6
CONTINUOUS
10
0.3014983464566929
20
0.5418527952755905
11
0.3015353543307087
21
0.5420386614173228
0
LINE
8
BLACK
6
CONTINUOUS
10
0.3015353543307087
20
0.5420386614173228
11
0.3015544881889763
21
0.5420578346456693
0
LINE
8
BLACK
6
CONTINUOUS
10
0.3015544881889763
20
0.5420578346456693
11
0.3015701181102362
21
0.542114842519685
0
LINE
8
BLACK
6
CONTINUOUS
10
0.3015701181102362
20
0.542114842519685
11
0.30232
21
0.54361468503937
0
LINE
8
BLACK
6
CONTINUOUS
10
0.30232
20
0.54361468503937
11
0.3024359448818897
21
0.543764094488189
0
LINE
8
BLACK
6
CONTINUOUS
10
0.3024359448818897
20
0.543764094488189
11
0.3025412598425197
21
0.5439216929133858
0
LINE
8
BLACK
6
CONTINUOUS
10
0.3025412598425197
20
0.5439216929133858
11
0.3032911811023622
21
0.5446715748031495
0
LINE
8
BLACK
6
CONTINUOUS
10
0.3032911811023622
20
0.5446715748031495
11
0.3034486220472441
21
0.5447767716535433
0
LINE
8
BLACK
6
CONTINUOUS
10
0.3034486220472441
20
0.5447767716535433
11
0.3035981102362205
21
0.5448927952755905
0
LINE
8
BLACK
6
CONTINUOUS
10
0.3035981102362205
20
0.5448927952755905
11
0.3050979527559055
21
0.5456427165354331
0
LINE
8
BLACK
6
CONTINUOUS
10
0.3050979527559055
20
0.5456427165354331
11
0.3051549606299213
21
0.5456583464566929
0
LINE
8
BLACK
6
CONTINUOUS
10
0.3051549606299213
20
0.5456583464566929
11
0.3051741338582677
21
0.5456774803149607
0
LINE
8
BLACK
6
CONTINUOUS
10
0.3051741338582677
20
0.5456774803149607
11
0.3053253543307087
21
0.5457075984251968
0
LINE
8
BLACK
6
CONTINUOUS
10
0.3053253543307087
20
0.5457075984251968
11
0.3017376771653543
21
0.5498077952755905
0
LINE
8
BLACK
6
CONTINUOUS
10
0.3017376771653543
20
0.5498077952755905
11
0.3015700393700788
21
0.5500988582677165
0
LINE
8
BLACK
6
CONTINUOUS
10
0.3015700393700788
20
0.5500988582677165
11
0.3015353543307087
21
0.5501335433070866
0
LINE
8
BLACK
6
CONTINUOUS
10
0.3015353543307087
20
0.5501335433070866
11
0.3015353543307087
21
0.5501591338582678
0
LINE
8
BLACK
6
CONTINUOUS
10
0.3015353543307087
20
0.5501591338582678
11
0.3015076771653543
21
0.5502071653543307
0
LINE
8
BLACK
6
CONTINUOUS
10
0.3015076771653543
20
0.5502071653543307
11
0.3015353543307087
21
0.550622125984252
0
LINE
8
BLACK
6
CONTINUOUS
10
0.3015353543307087
20
0.550622125984252
11
0.3015353543307087
21
0.5510375590551181
0
LINE
8
BLACK
6
CONTINUOUS
10
0.3015353543307087
20
0.5510375590551181
11
0.3015650393700787
21
0.5510672834645669
0
LINE
8
BLACK
6
CONTINUOUS
10
0.3015650393700787
20
0.5510672834645669
11
0.3015678346456693
21
0.551109094488189
0
LINE
8
BLACK
6
CONTINUOUS
10
0.3015678346456693
20
0.551109094488189
11
0.3018803937007874
21
0.5513826377952756
0
LINE
8
BLACK
6
CONTINUOUS
10
0.3018803937007874
20
0.5513826377952756
11
0.3021745275590551
21
0.5516767322834646
0
LINE
8
BLACK
6
CONTINUOUS
10
0.3021745275590551
20
0.5516767322834646
11
0.3022288582677165
21
0.5516875590551181
0
LINE
8
BLACK
6
CONTINUOUS
10
0.3022288582677165
20
0.5516875590551181
11
0.3022481496062992
21
0.5517044094488189
0
LINE
8
BLACK
6
CONTINUOUS
10
0.3022481496062992
20
0.5517044094488189
11
0.3022972047244095
21
0.5517011417322835
0
LINE
8
BLACK
6
CONTINUOUS
10
0.3022972047244095
20
0.5517011417322835
11
0.3026265354330709
21
0.5517666535433071
0
LINE
8
BLACK
6
CONTINUOUS
10
0.3026265354330709
20
0.5517666535433071
11
0.3123753149606299
21
0.5517666535433071
0
LINE
8
BLACK
6
CONTINUOUS
10
0.3123753149606299
20
0.5517666535433071
11
0.3128273228346456
21
0.5516767322834646
0
LINE
8
BLACK
6
CONTINUOUS
10
0.3270755118110236
20
0.5516767322834646
11
0.3277146850393701
21
0.5510375590551181
0
LINE
8
BLACK
6
CONTINUOUS
10
0.3277146850393701
20
0.5510375590551181
11
0.3278046062992126
21
0.5505855511811023
0
LINE
8
BLACK
6
CONTINUOUS
10
0.3278046062992126
20
0.5505855511811023
11
0.3278046062992126
21
0.5348375196850393
0
LINE
8
BLACK
6
CONTINUOUS
10
0.3278046062992126
20
0.5348375196850393
11
0.3277146850393701
21
0.5343855118110236
0
LINE
8
BLACK
6
CONTINUOUS
10
0.3277146850393701
20
0.5343855118110236
11
0.3270755118110236
21
0.5337463385826772
0
LINE
8
BLACK
6
CONTINUOUS
10
0.3270755118110236
20
0.5337463385826772
11
0.3261714960629921
21
0.5337463385826772
0
LINE
8
BLACK
6
CONTINUOUS
10
0.3261714960629921
20
0.5337463385826772
11
0.3255323228346457
21
0.5343855118110236
0
LINE
8
BLACK
6
CONTINUOUS
10
0.3255323228346457
20
0.5343855118110236
11
0.3254424015748031
21
0.5348375196850393
0
LINE
8
BLACK
6
CONTINUOUS
10
0.3254424015748031
20
0.5348375196850393
11
0.3254424015748031
21
0.5411554724409449
0
LINE
8
BLACK
6
CONTINUOUS
10
0.3254424015748031
20
0.5411554724409449
11
0.323488937007874
21
0.5411554724409449
0
LINE
8
BLACK
6
CONTINUOUS
10
0.323488937007874
20
0.5411554724409449
11
0.3185922440944882
21
0.5341601968503937
0
LINE
8
BLACK
6
CONTINUOUS
10
0.3185922440944882
20
0.5341601968503937
11
0.3182593700787402
21
0.5338414566929134
0
LINE
8
BLACK
6
CONTINUOUS
10
0.3182593700787402
20
0.5338414566929134
11
0.3173692125984252
21
0.5336843700787401
0
LINE
8
BLACK
6
CONTINUOUS
10
0.3173692125984252
20
0.5336843700787401
11
0.3166285826771654
21
0.5342027952755906
0
LINE
8
BLACK
6
CONTINUOUS
10
0.3166285826771654
20
0.5342027952755906
11
0.3164714960629921
21
0.5350929527559055
0
LINE
8
BLACK
6
CONTINUOUS
10
0.3164714960629921
20
0.5350929527559055
11
0.3166570472440945
21
0.5355148425196851
0
LINE
8
BLACK
6
CONTINUOUS
10
0.3166570472440945
20
0.5355148425196851
11
0.3206077559055118
21
0.5411587795275591
0
LINE
8
BLACK
6
CONTINUOUS
10
0.3206077559055118
20
0.5411587795275591
11
0.3205662598425197
21
0.5411670078740157
0
LINE
8
BLACK
6
CONTINUOUS
10
0.3205662598425197
20
0.5411670078740157
11
0.3205405511811024
21
0.5411584251968504
0
LINE
8
BLACK
6
CONTINUOUS
10
0.3205405511811024
20
0.5411584251968504
11
0.320357716535433
21
0.5412085039370078
0
LINE
8
BLACK
6
CONTINUOUS
10
0.320357716535433
20
0.5412085039370078
11
0.3201722440944882
21
0.5412453937007874
0
LINE
8
BLACK
6
CONTINUOUS
10
0.3201722440944882
20
0.5412453937007874
11
0.3201530708661417
21
0.5412645669291338
0
LINE
8
BLACK
6
CONTINUOUS
10
0.3201530708661417
20
0.5412645669291338
11
0.320096062992126
21
0.541280157480315
0
LINE
8
BLACK
6
CONTINUOUS
10
0.320096062992126
20
0.541280157480315
11
0.318596220472441
21
0.5420300787401575
0
LINE
8
BLACK
6
CONTINUOUS
10
0.318596220472441
20
0.5420300787401575
11
0.318446811023622
21
0.542146062992126
0
LINE
8
BLACK
6
CONTINUOUS
10
0.318446811023622
20
0.542146062992126
11
0.3182892913385827
21
0.5422512992125984
0
LINE
8
BLACK
6
CONTINUOUS
10
0.3182892913385827
20
0.5422512992125984
11
0.3175394094488189
21
0.5430012204724409
0
LINE
8
BLACK
6
CONTINUOUS
10
0.3175394094488189
20
0.5430012204724409
11
0.3174343700787401
21
0.5431584251968504
0
LINE
8
BLACK
6
CONTINUOUS
10
0.3174343700787401
20
0.5431584251968504
11
0.3173181496062992
21
0.5433081496062993
0
LINE
8
BLACK
6
CONTINUOUS
10
0.3173181496062992
20
0.5433081496062993
11
0.3165682283464567
21
0.5448080314960629
0
LINE
8
BLACK
6
CONTINUOUS
10
0.3165682283464567
20
0.5448080314960629
11
0.3165525984251968
21
0.5448650787401574
0
LINE
8
BLACK
6
CONTINUOUS
10
0.3165525984251968
20
0.5448650787401574
11
0.3165334645669291
21
0.5448842125984252
0
LINE
8
BLACK
6
CONTINUOUS
10
0.3165334645669291
20
0.5448842125984252
11
0.3164964960629921
21
0.5450700393700787
0
LINE
8
BLACK
6
CONTINUOUS
10
0.3164964960629921
20
0.5450700393700787
11
0.3164465354330709
21
0.5452525196850394
0
LINE
8
BLACK
6
CONTINUOUS
10
0.3164465354330709
20
0.5452525196850394
11
0.3164550787401575
21
0.5452781889763779
0
LINE
8
BLACK
6
CONTINUOUS
10
0.3164550787401575
20
0.5452781889763779
11
0.3164435433070866
21
0.5453362204724409
0
LINE
8
BLACK
6
CONTINUOUS
10
0.3164435433070866
20
0.5453362204724409
11
0.3164435433070866
21
0.547585905511811
0
LINE
8
BLACK
6
CONTINUOUS
10
0.3164435433070866
20
0.547585905511811
11
0.3164550787401575
21
0.5476439763779527
0
LINE
8
BLACK
6
CONTINUOUS
10
0.3164550787401575
20
0.5476439763779527
11
0.3164465354330709
21
0.5476696062992126
0
LINE
8
BLACK
6
CONTINUOUS
10
0.3164465354330709
20
0.5476696062992126
11
0.3164964960629921
21
0.5478521259842519
0
LINE
8
BLACK
6
CONTINUOUS
10
0.3164964960629921
20
0.5478521259842519
11
0.3165334645669291
21
0.5480379133858267
0
LINE
8
BLACK
6
CONTINUOUS
10
0.3165334645669291
20
0.5480379133858267
11
0.3165525984251968
21
0.5480570866141732
0
LINE
8
BLACK
6
CONTINUOUS
10
0.3165525984251968
20
0.5480570866141732
11
0.3165682283464567
21
0.5481140944881889
0
LINE
8
BLACK
6
CONTINUOUS
10
0.3165682283464567
20
0.5481140944881889
11
0.3173181496062992
21
0.5496139763779527
0
LINE
8
BLACK
6
CONTINUOUS
10
0.3173181496062992
20
0.5496139763779527
11
0.3174343700787401
21
0.5497637401574803
0
LINE
8
BLACK
6
CONTINUOUS
10
0.3174343700787401
20
0.5497637401574803
11
0.3175394094488189
21
0.5499209055118111
0
LINE
8
BLACK
6
CONTINUOUS
10
0.3175394094488189
20
0.5499209055118111
11
0.3182892913385827
21
0.5506708267716536
0
LINE
8
BLACK
6
CONTINUOUS
10
0.3182892913385827
20
0.5506708267716536
11
0.318446811023622
21
0.5507761023622048
0
LINE
8
BLACK
6
CONTINUOUS
10
0.318446811023622
20
0.5507761023622048
11
0.318596220472441
21
0.5508920472440945
0
LINE
8
BLACK
6
CONTINUOUS
10
0.318596220472441
20
0.5508920472440945
11
0.320096062992126
21
0.551641968503937
0
LINE
8
BLACK
6
CONTINUOUS
10
0.320096062992126
20
0.551641968503937
11
0.3201530708661417
21
0.5516575984251968
0
LINE
8
BLACK
6
CONTINUOUS
10
0.3201530708661417
20
0.5516575984251968
11
0.3201722440944882
21
0.5516767322834646
0
LINE
8
BLACK
6
CONTINUOUS
10
0.3201722440944882
20
0.5516767322834646
11
0.320357716535433
21
0.5517136614173228
0
LINE
8
BLACK
6
CONTINUOUS
10
0.320357716535433
20
0.5517136614173228
11
0.3205405511811024
21
0.5517637007874016
0
LINE
8
BLACK
6
CONTINUOUS
10
0.3205405511811024
20
0.5517637007874016
11
0.3205662598425197
21
0.5517551574803149
0
LINE
8
BLACK
6
CONTINUOUS
10
0.3205662598425197
20
0.5517551574803149
11
0.3206242519685039
21
0.5517666535433071
0
LINE
8
BLACK
6
CONTINUOUS
10
0.3206242519685039
20
0.5517666535433071
11
0.3266235039370078
21
0.5517666535433071
0
LINE
8
BLACK
6
CONTINUOUS
10
0.3266235039370078
20
0.5517666535433071
11
0.3270755118110236
21
0.5516767322834646
0
LINE
8
BLACK
6
CONTINUOUS
10
0.3198240551181102
20
0.5488649212598425
11
0.3193452362204725
21
0.5483861417322835
0
LINE
8
BLACK
6
CONTINUOUS
10
0.3193452362204725
20
0.5483861417322835
11
0.3188057480314961
21
0.5473070866141733
0
LINE
8
BLACK
6
CONTINUOUS
10
0.3188057480314961
20
0.5473070866141733
11
0.3188057480314961
21
0.5456150393700787
0
LINE
8
BLACK
6
CONTINUOUS
10
0.3188057480314961
20
0.5456150393700787
11
0.3193452362204725
21
0.5445360236220472
0
LINE
8
BLACK
6
CONTINUOUS
10
0.3193452362204725
20
0.5445360236220472
11
0.3198240551181102
21
0.5440572440944882
0
LINE
8
BLACK
6
CONTINUOUS
10
0.3198240551181102
20
0.5440572440944882
11
0.3209031102362205
21
0.5435176771653544
0
LINE
8
BLACK
6
CONTINUOUS
10
0.3209031102362205
20
0.5435176771653544
11
0.3254424015748031
21
0.5435176771653544
0
LINE
8
BLACK
6
CONTINUOUS
10
0.3254424015748031
20
0.5435176771653544
11
0.3254424015748031
21
0.5494044488188976
0
LINE
8
BLACK
6
CONTINUOUS
10
0.3254424015748031
20
0.5494044488188976
11
0.3209031102362205
21
0.5494044488188976
0
LINE
8
BLACK
6
CONTINUOUS
10
0.3209031102362205
20
0.5494044488188976
11
0.3198240551181102
21
0.5488649212598425
0
LINE
8
BLACK
6
CONTINUOUS
10
0.3472493700787401
20
0.5600588188976378
11
0.3483147244094488
21
0.5589934645669291
0
LINE
8
BLACK
6
CONTINUOUS
10
0.3483147244094488
20
0.5589934645669291
11
0.3484645669291339
21
0.558240157480315
0
LINE
8
BLACK
6
CONTINUOUS
10
0.3484645669291339
20
0.558240157480315
11
0.3484645669291339
21
0.525759842519685
0
LINE
8
BLACK
6
CONTINUOUS
10
0.3484645669291339
20
0.525759842519685
11
0.3483147244094488
21
0.5250065354330709
0
LINE
8
BLACK
6
CONTINUOUS
10
0.3483147244094488
20
0.5250065354330709
11
0.3472493700787401
21
0.5239411811023622
0
LINE
8
BLACK
6
CONTINUOUS
10
0.3472493700787401
20
0.5239411811023622
11
0.346496062992126
21
0.5237913385826771
0
LINE
8
BLACK
6
CONTINUOUS
10
0.346496062992126
20
0.5237913385826771
11
0.283503937007874
21
0.5237913385826771
0
LINE
8
BLACK
6
CONTINUOUS
10
0.283503937007874
20
0.5237913385826771
11
0.2827506299212598
21
0.5239411811023622
0
LINE
8
BLACK
6
CONTINUOUS
10
0.2827506299212598
20
0.5239411811023622
11
0.2816852755905512
21
0.5250065354330709
0
LINE
8
BLACK
6
CONTINUOUS
10
0.2816852755905512
20
0.5250065354330709
11
0.2815354330708661
21
0.525759842519685
0
LINE
8
BLACK
6
CONTINUOUS
10
0.2815354330708661
20
0.525759842519685
11
0.2815354330708661
21
0.558240157480315
0
LINE
8
BLACK
6
CONTINUOUS
10
0.2815354330708661
20
0.558240157480315
11
0.2816852755905512
21
0.5589934645669291
0
LINE
8
BLACK
6
CONTINUOUS
10
0.2816852755905512
20
0.5589934645669291
11
0.2827506299212598
21
0.5600588188976378
0
LINE
8
BLACK
6
CONTINUOUS
10
0.2827506299212598
20
0.5600588188976378
11
0.283503937007874
21
0.5602086614173228
0
LINE
8
BLACK
6
CONTINUOUS
10
0.283503937007874
20
0.5602086614173228
11
0.346496062992126
21
0.5602086614173228
0
LINE
8
BLACK
6
CONTINUOUS
10
0.346496062992126
20
0.5602086614173228
11
0.3472493700787401
21
0.5600588188976378
0
LINE
8
BLACK
6
CONTINUOUS
10
0.2854724409448819
20
0.5562716535433071
11
0.2854724409448819
21
0.5277283464566929
0
LINE
8
BLACK
6
CONTINUOUS
10
0.2854724409448819
20
0.5277283464566929
11
0.3445275590551181
21
0.5277283464566929
0
LINE
8
BLACK
6
CONTINUOUS
10
0.3445275590551181
20
0.5277283464566929
11
0.3445275590551181
21
0.5562716535433071
0
LINE
8
BLACK
6
CONTINUOUS
10
0.3445275590551181
20
0.5562716535433071
11
0.2854724409448819
21
0.5562716535433071
0
LINE
8
BLACK
6
CONTINUOUS
10
0.3175056299212599
20
0.6408086220472441
11
0.3175955511811023
21
0.6403566141732283
0
LINE
8
BLACK
6
CONTINUOUS
10
0.3175955511811023
20
0.6403566141732283
11
0.3175955511811023
21
0.6332107086614173
0
LINE
8
BLACK
6
CONTINUOUS
10
0.3175955511811023
20
0.6332107086614173
11
0.3216359448818897
21
0.6367460236220472
0
LINE
8
BLACK
6
CONTINUOUS
10
0.3216359448818897
20
0.6367460236220472
11
0.321926968503937
21
0.6369136614173229
0
LINE
8
BLACK
6
CONTINUOUS
10
0.321926968503937
20
0.6369136614173229
11
0.3219616929133858
21
0.6369483464566928
0
LINE
8
BLACK
6
CONTINUOUS
10
0.3219616929133858
20
0.6369483464566928
11
0.3219872440944882
21
0.6369483464566928
0
LINE
8
BLACK
6
CONTINUOUS
10
0.3219872440944882
20
0.6369483464566928
11
0.3220353149606299
21
0.6369760236220472
0
LINE
8
BLACK
6
CONTINUOUS
10
0.3220353149606299
20
0.6369760236220472
11
0.3224505511811023
21
0.6369483464566928
0
LINE
8
BLACK
6
CONTINUOUS
10
0.3224505511811023
20
0.6369483464566928
11
0.3228657086614173
21
0.6369483464566928
0
LINE
8
BLACK
6
CONTINUOUS
10
0.3228657086614173
20
0.6369483464566928
11
0.3228953543307087
21
0.6369187007874015
0
LINE
8
BLACK
6
CONTINUOUS
10
0.3228953543307087
20
0.6369187007874015
11
0.3229372440944882
21
0.636915905511811
0
LINE
8
BLACK
6
CONTINUOUS
10
0.3229372440944882
20
0.636915905511811
11
0.323210905511811
21
0.6366031496062992
0
LINE
8
BLACK
6
CONTINUOUS
10
0.323210905511811
20
0.6366031496062992
11
0.3235048818897638
21
0.6363091732283465
0
LINE
8
BLACK
6
CONTINUOUS
10
0.3235048818897638
20
0.6363091732283465
11
0.3235156692913386
21
0.636254842519685
0
LINE
8
BLACK
6
CONTINUOUS
10
0.3235156692913386
20
0.636254842519685
11
0.3235325590551181
21
0.6362355511811023
0
LINE
8
BLACK
6
CONTINUOUS
10
0.3235325590551181
20
0.6362355511811023
11
0.3235292519685039
21
0.6361864960629922
0
LINE
8
BLACK
6
CONTINUOUS
10
0.3235292519685039
20
0.6361864960629922
11
0.3235948031496063
21
0.6358571653543307
0
LINE
8
BLACK
6
CONTINUOUS
10
0.3235948031496063
20
0.6358571653543307
11
0.3235948031496063
21
0.6338862992125984
0
LINE
8
BLACK
6
CONTINUOUS
10
0.3235948031496063
20
0.6338862992125984
11
0.3241342913385827
21
0.6328073228346457
0
LINE
8
BLACK
6
CONTINUOUS
10
0.3241342913385827
20
0.6328073228346457
11
0.3246131889763779
21
0.6323284251968504
0
LINE
8
BLACK
6
CONTINUOUS
10
0.3246131889763779
20
0.6323284251968504
11
0.3256921653543307
21
0.631788937007874
0
LINE
8
BLACK
6
CONTINUOUS
10
0.3256921653543307
20
0.631788937007874
11
0.3288840551181103
21
0.631788937007874
0
LINE
8
BLACK
6
CONTINUOUS
10
0.3288840551181103
20
0.631788937007874
11
0.3299630708661417
21
0.6323284645669291
0
LINE
8
BLACK
6
CONTINUOUS
10
0.3299630708661417
20
0.6323284645669291
11
0.3304418503937008
21
0.6328072440944882
0
LINE
8
BLACK
6
CONTINUOUS
10
0.3304418503937008
20
0.6328072440944882
11
0.3309813779527559
21
0.6338862598425197
0
LINE
8
BLACK
6
CONTINUOUS
10
0.3309813779527559
20
0.6338862598425197
11
0.3309813779527559
21
0.6378281102362204
0
LINE
8
BLACK
6
CONTINUOUS
10
0.3309813779527559
20
0.6378281102362204
11
0.3304418503937008
21
0.6389071259842519
0
LINE
8
BLACK
6
CONTINUOUS
10
0.3304418503937008
20
0.6389071259842519
11
0.3298275196850394
21
0.6395214566929134
0
LINE
8
BLACK
6
CONTINUOUS
10
0.3298275196850394
20
0.6395214566929134
11
0.3295714960629921
21
0.6399046456692913
0
LINE
8
BLACK
6
CONTINUOUS
10
0.3295714960629921
20
0.6399046456692913
11
0.3295714960629921
21
0.6408085826771653
0
LINE
8
BLACK
6
CONTINUOUS
10
0.3295714960629921
20
0.6408085826771653
11
0.3302107086614173
21
0.6414477952755905
0
LINE
8
BLACK
6
CONTINUOUS
10
0.3302107086614173
20
0.6414477952755905
11
0.3311146456692913
21
0.6414477952755905
0
LINE
8
BLACK
6
CONTINUOUS
10
0.3311146456692913
20
0.6414477952755905
11
0.3314978346456693
21
0.6411917716535432
0
LINE
8
BLACK
6
CONTINUOUS
10
0.3314978346456693
20
0.6411917716535432
11
0.3322477559055118
21
0.6404418503937007
0
LINE
8
BLACK
6
CONTINUOUS
10
0.3322477559055118
20
0.6404418503937007
11
0.332352874015748
21
0.6402845275590551
0
LINE
8
BLACK
6
CONTINUOUS
10
0.332352874015748
20
0.6402845275590551
11
0.3324690157480315
21
0.6401348818897638
0
LINE
8
BLACK
6
CONTINUOUS
10
0.3324690157480315
20
0.6401348818897638
11
0.3332188976377953
21
0.6386350787401575
0
LINE
8
BLACK
6
CONTINUOUS
10
0.3332188976377953
20
0.6386350787401575
11
0.3332344881889764
21
0.6385780708661417
0
LINE
8
BLACK
6
CONTINUOUS
10
0.3332344881889764
20
0.6385780708661417
11
0.3332536614173228
21
0.6385588976377953
0
LINE
8
BLACK
6
CONTINUOUS
10
0.3332536614173228
20
0.6385588976377953
11
0.3332905905511811
21
0.6383731102362205
0
LINE
8
BLACK
6
CONTINUOUS
10
0.3332905905511811
20
0.6383731102362205
11
0.3333405905511811
21
0.6381905905511811
0
LINE
8
BLACK
6
CONTINUOUS
10
0.3333405905511811
20
0.6381905905511811
11
0.3333320078740157
21
0.6381649606299212
0
LINE
8
BLACK
6
CONTINUOUS
10
0.3333320078740157
20
0.6381649606299212
11
0.3333435826771654
21
0.6381068897637795
0
LINE
8
BLACK
6
CONTINUOUS
10
0.3333435826771654
20
0.6381068897637795
11
0.3333435826771654
21
0.6336074409448819
0
LINE
8
BLACK
6
CONTINUOUS
10
0.3333435826771654
20
0.6336074409448819
11
0.3333320078740157
21
0.6335494094488189
0
LINE
8
BLACK
6
CONTINUOUS
10
0.3333320078740157
20
0.6335494094488189
11
0.3333405905511811
21
0.6335237401574803
0
LINE
8
BLACK
6
CONTINUOUS
10
0.3333405905511811
20
0.6335237401574803
11
0.3332905905511811
21
0.6333412598425197
0
LINE
8
BLACK
6
CONTINUOUS
10
0.3332905905511811
20
0.6333412598425197
11
0.3332536614173228
21
0.6331554330708661
0
LINE
8
BLACK
6
CONTINUOUS
10
0.3332536614173228
20
0.6331554330708661
11
0.3332344881889764
21
0.6331362992125984
0
LINE
8
BLACK
6
CONTINUOUS
10
0.3332344881889764
20
0.6331362992125984
11
0.3332188976377953
21
0.6330792519685039
0
LINE
8
BLACK
6
CONTINUOUS
10
0.3332188976377953
20
0.6330792519685039
11
0.3324690157480315
21
0.6315794488188976
0
LINE
8
BLACK
6
CONTINUOUS
10
0.3324690157480315
20
0.6315794488188976
11
0.332352874015748
21
0.631429842519685
0
LINE
8
BLACK
6
CONTINUOUS
10
0.332352874015748
20
0.631429842519685
11
0.3322477559055118
21
0.6312724803149606
0
LINE
8
BLACK
6
CONTINUOUS
10
0.3322477559055118
20
0.6312724803149606
11
0.3314978346456693
21
0.6305225590551181
0
LINE
8
BLACK
6
CONTINUOUS
10
0.3314978346456693
20
0.6305225590551181
11
0.3313404724409449
21
0.6304174803149606
0
LINE
8
BLACK
6
CONTINUOUS
10
0.3313404724409449
20
0.6304174803149606
11
0.3311908661417323
21
0.6303012992125984
0
LINE
8
BLACK
6
CONTINUOUS
10
0.3311908661417323
20
0.6303012992125984
11
0.329691062992126
21
0.6295514173228346
0
LINE
8
BLACK
6
CONTINUOUS
10
0.329691062992126
20
0.6295514173228346
11
0.3296340157480315
21
0.6295358267716535
0
LINE
8
BLACK
6
CONTINUOUS
10
0.3296340157480315
20
0.6295358267716535
11
0.3296148818897638
21
0.6295166535433071
0
LINE
8
BLACK
6
CONTINUOUS
10
0.3296148818897638
20
0.6295166535433071
11
0.3294290551181102
21
0.6294797244094488
0
LINE
8
BLACK
6
CONTINUOUS
10
0.3294290551181102
20
0.6294797244094488
11
0.3292465748031496
21
0.6294297244094488
0
LINE
8
BLACK
6
CONTINUOUS
10
0.3292465748031496
20
0.6294297244094488
11
0.329220905511811
21
0.6294383070866142
0
LINE
8
BLACK
6
CONTINUOUS
10
0.329220905511811
20
0.6294383070866142
11
0.329162874015748
21
0.6294267322834646
0
LINE
8
BLACK
6
CONTINUOUS
10
0.329162874015748
20
0.6294267322834646
11
0.3254133464566929
21
0.6294267322834646
0
LINE
8
BLACK
6
CONTINUOUS
10
0.3254133464566929
20
0.6294267322834646
11
0.3253552755905512
21
0.6294383070866142
0
LINE
8
BLACK
6
CONTINUOUS
10
0.3253552755905512
20
0.6294383070866142
11
0.3253296456692913
21
0.6294297244094488
0
LINE
8
BLACK
6
CONTINUOUS
10
0.3253296456692913
20
0.6294297244094488
11
0.3251471259842519
21
0.6294797244094488
0
LINE
8
BLACK
6
CONTINUOUS
10
0.3251471259842519
20
0.6294797244094488
11
0.3249613385826772
21
0.6295166535433071
0
LINE
8
BLACK
6
CONTINUOUS
10
0.3249613385826772
20
0.6295166535433071
11
0.3249421653543307
21
0.6295358267716535
0
LINE
8
BLACK
6
CONTINUOUS
10
0.3249421653543307
20
0.6295358267716535
11
0.3248851574803149
21
0.6295514173228346
0
LINE
8
BLACK
6
CONTINUOUS
10
0.3248851574803149
20
0.6295514173228346
11
0.3233853149606299
21
0.6303012992125984
0
LINE
8
BLACK
6
CONTINUOUS
10
0.3233853149606299
20
0.6303012992125984
11
0.3232356692913386
21
0.6304174409448818
0
LINE
8
BLACK
6
CONTINUOUS
10
0.3232356692913386
20
0.6304174409448818
11
0.3230783070866142
21
0.6305225984251969
0
LINE
8
BLACK
6
CONTINUOUS
10
0.3230783070866142
20
0.6305225984251969
11
0.3223284251968504
21
0.6312724803149606
0
LINE
8
BLACK
6
CONTINUOUS
10
0.3223284251968504
20
0.6312724803149606
11
0.3222232283464567
21
0.6314299606299213
0
LINE
8
BLACK
6
CONTINUOUS
10
0.3222232283464567
20
0.6314299606299213
11
0.3221072047244095
21
0.6315794094488189
0
LINE
8
BLACK
6
CONTINUOUS
10
0.3221072047244095
20
0.6315794094488189
11
0.3213572834645669
21
0.6330792125984251
0
LINE
8
BLACK
6
CONTINUOUS
10
0.3213572834645669
20
0.6330792125984251
11
0.3213416535433071
21
0.6331362992125984
0
LINE
8
BLACK
6
CONTINUOUS
10
0.3213416535433071
20
0.6331362992125984
11
0.3213225196850394
21
0.6331554330708661
0
LINE
8
BLACK
6
CONTINUOUS
10
0.3213225196850394
20
0.6331554330708661
11
0.3212924015748032
21
0.6333066929133858
0
LINE
8
BLACK
6
CONTINUOUS
10
0.3212924015748032
20
0.6333066929133858
11
0.3171922047244095
21
0.6297189763779527
0
LINE
8
BLACK
6
CONTINUOUS
10
0.3171922047244095
20
0.6297189763779527
11
0.3169011417322835
21
0.6295513779527558
0
LINE
8
BLACK
6
CONTINUOUS
10
0.3169011417322835
20
0.6295513779527558
11
0.3168664566929134
21
0.6295166535433071
0
LINE
8
BLACK
6
CONTINUOUS
10
0.3168664566929134
20
0.6295166535433071
11
0.316840905511811
21
0.6295166535433071
0
LINE
8
BLACK
6
CONTINUOUS
10
0.316840905511811
20
0.6295166535433071
11
0.3167928346456693
21
0.6294889763779528
0
LINE
8
BLACK
6
CONTINUOUS
10
0.3167928346456693
20
0.6294889763779528
11
0.316377874015748
21
0.6295166535433071
0
LINE
8
BLACK
6
CONTINUOUS
10
0.316377874015748
20
0.6295166535433071
11
0.3159624409448819
21
0.6295166535433071
0
LINE
8
BLACK
6
CONTINUOUS
10
0.3159624409448819
20
0.6295166535433071
11
0.3159327165354331
21
0.6295463779527559
0
LINE
8
BLACK
6
CONTINUOUS
10
0.3159327165354331
20
0.6295463779527559
11
0.315890905511811
21
0.6295491338582677
0
LINE
8
BLACK
6
CONTINUOUS
10
0.315890905511811
20
0.6295491338582677
11
0.3156173622047244
21
0.6298617322834645
0
LINE
8
BLACK
6
CONTINUOUS
10
0.3156173622047244
20
0.6298617322834645
11
0.3153232677165354
21
0.6301558267716535
0
LINE
8
BLACK
6
CONTINUOUS
10
0.3153232677165354
20
0.6301558267716535
11
0.3153124409448819
21
0.6302101968503937
0
LINE
8
BLACK
6
CONTINUOUS
10
0.3153124409448819
20
0.6302101968503937
11
0.3152955905511811
21
0.6302294488188976
0
LINE
8
BLACK
6
CONTINUOUS
10
0.3152955905511811
20
0.6302294488188976
11
0.3152988582677165
21
0.6302785433070865
0
LINE
8
BLACK
6
CONTINUOUS
10
0.3152988582677165
20
0.6302785433070865
11
0.3152333464566929
21
0.6306078346456693
0
LINE
8
BLACK
6
CONTINUOUS
10
0.3152333464566929
20
0.6306078346456693
11
0.3152333464566929
21
0.6403566141732283
0
LINE
8
BLACK
6
CONTINUOUS
10
0.3152333464566929
20
0.6403566141732283
11
0.3153232677165354
21
0.6408086220472441
0
LINE
8
BLACK
6
CONTINUOUS
10
0.3153232677165354
20
0.6408086220472441
11
0.3159624409448819
21
0.6414477952755905
0
LINE
8
BLACK
6
CONTINUOUS
10
0.3159624409448819
20
0.6414477952755905
11
0.3168664566929134
21
0.6414477952755905
0
LINE
8
BLACK
6
CONTINUOUS
10
0.3168664566929134
20
0.6414477952755905
11
0.3175056299212599
21
0.6408086220472441
0
LINE
8
BLACK
6
CONTINUOUS
10
0.3218061811023622
20
0.6553786220472441
11
0.3220920472440945
21
0.6545211023622047
0
LINE
8
BLACK
6
CONTINUOUS
10
0.3220920472440945
20
0.6545211023622047
11
0.3219703149606299
21
0.6540766141732284
0
LINE
8
BLACK
6
CONTINUOUS
10
0.3219703149606299
20
0.6540766141732284
11
0.3212203937007874
21
0.6525767716535433
0
LINE
8
BLACK
6
CONTINUOUS
10
0.3212203937007874
20
0.6525767716535433
11
0.321104251968504
21
0.6524272047244094
0
LINE
8
BLACK
6
CONTINUOUS
10
0.321104251968504
20
0.6524272047244094
11
0.3209991338582677
21
0.6522698031496063
0
LINE
8
BLACK
6
CONTINUOUS
10
0.3209991338582677
20
0.6522698031496063
11
0.3200157480314961
21
0.6512864566929134
0
LINE
8
BLACK
6
CONTINUOUS
10
0.3200157480314961
20
0.6512864566929134
11
0.3309813779527559
21
0.6512864566929134
0
LINE
8
BLACK
6
CONTINUOUS
10
0.3309813779527559
20
0.6512864566929134
11
0.3309813779527559
21
0.6546048031496062
0
LINE
8
BLACK
6
CONTINUOUS
10
0.3309813779527559
20
0.6546048031496062
11
0.3310712992125984
21
0.655056811023622
0
LINE
8
BLACK
6
CONTINUOUS
10
0.3310712992125984
20
0.655056811023622
11
0.3317104724409449
21
0.6556959842519685
0
LINE
8
BLACK
6
CONTINUOUS
10
0.3317104724409449
20
0.6556959842519685
11
0.3326144881889764
21
0.6556959842519685
0
LINE
8
BLACK
6
CONTINUOUS
10
0.3326144881889764
20
0.6556959842519685
11
0.3332536614173228
21
0.655056811023622
0
LINE
8
BLACK
6
CONTINUOUS
10
0.3332536614173228
20
0.655056811023622
11
0.3333435826771654
21
0.6546048031496062
0
LINE
8
BLACK
6
CONTINUOUS
10
0.3333435826771654
20
0.6546048031496062
11
0.3333435826771654
21
0.6456059448818897
0
LINE
8
BLACK
6
CONTINUOUS
10
0.3333435826771654
20
0.6456059448818897
11
0.3332536614173228
21
0.645153937007874
0
LINE
8
BLACK
6
CONTINUOUS
10
0.3332536614173228
20
0.645153937007874
11
0.3326144881889764
21
0.6445147637795275
0
LINE
8
BLACK
6
CONTINUOUS
10
0.3326144881889764
20
0.6445147637795275
11
0.3317104724409449
21
0.6445147637795275
0
LINE
8
BLACK
6
CONTINUOUS
10
0.3317104724409449
20
0.6445147637795275
11
0.3310712992125984
21
0.645153937007874
0
LINE
8
BLACK
6
CONTINUOUS
10
0.3310712992125984
20
0.645153937007874
11
0.3309813779527559
21
0.6456059448818897
0
LINE
8
BLACK
6
CONTINUOUS
10
0.3309813779527559
20
0.6456059448818897
11
0.3309813779527559
21
0.6489242519685039
0
LINE
8
BLACK
6
CONTINUOUS
10
0.3309813779527559
20
0.6489242519685039
11
0.3164144488188976
21
0.6489242519685039
0
LINE
8
BLACK
6
CONTINUOUS
10
0.3164144488188976
20
0.6489242519685039
11
0.3159624409448819
21
0.6490141732283464
0
LINE
8
BLACK
6
CONTINUOUS
10
0.3159624409448819
20
0.6490141732283464
11
0.3158764566929134
21
0.6491001574803149
0
LINE
8
BLACK
6
CONTINUOUS
10
0.3158764566929134
20
0.6491001574803149
11
0.3157572834645669
21
0.6491239763779527
0
LINE
8
BLACK
6
CONTINUOUS
10
0.3157572834645669
20
0.6491239763779527
11
0.3155664960629921
21
0.6494101181102362
0
LINE
8
BLACK
6
CONTINUOUS
10
0.3155664960629921
20
0.6494101181102362
11
0.3153232677165354
21
0.6496533464566929
0
LINE
8
BLACK
6
CONTINUOUS
10
0.3153232677165354
20
0.6496533464566929
11
0.3153232677165354
21
0.6497749606299212
0
LINE
8
BLACK
6
CONTINUOUS
10
0.3153232677165354
20
0.6497749606299212
11
0.3152557874015748
21
0.6498761417322835
0
LINE
8
BLACK
6
CONTINUOUS
10
0.3152557874015748
20
0.6498761417322835
11
0.3153232677165354
21
0.6502135433070866
0
LINE
8
BLACK
6
CONTINUOUS
10
0.3153232677165354
20
0.6502135433070866
11
0.3153232677165354
21
0.6505573622047244
0
LINE
8
BLACK
6
CONTINUOUS
10
0.3153232677165354
20
0.6505573622047244
11
0.3154092125984252
21
0.6506433464566929
0
LINE
8
BLACK
6
CONTINUOUS
10
0.3154092125984252
20
0.6506433464566929
11
0.3154330708661418
21
0.6507625196850394
0
LINE
8
BLACK
6
CONTINUOUS
10
0.3154330708661418
20
0.6507625196850394
11
0.3157592913385827
21
0.6510880708661417
0
LINE
8
BLACK
6
CONTINUOUS
10
0.3157592913385827
20
0.6510880708661417
11
0.3179117716535433
21
0.6525231496062992
0
LINE
8
BLACK
6
CONTINUOUS
10
0.3179117716535433
20
0.6525231496062992
11
0.3191932677165354
21
0.6538046456692913
0
LINE
8
BLACK
6
CONTINUOUS
10
0.3191932677165354
20
0.6538046456692913
11
0.3198574803149606
21
0.6551330314960629
0
LINE
8
BLACK
6
CONTINUOUS
10
0.3198574803149606
20
0.6551330314960629
11
0.3201400787401575
21
0.6554970866141732
0
LINE
8
BLACK
6
CONTINUOUS
10
0.3201400787401575
20
0.6554970866141732
11
0.3209975984251968
21
0.6557829527559055
0
LINE
8
BLACK
6
CONTINUOUS
10
0.3209975984251968
20
0.6557829527559055
11
0.3218061811023622
21
0.6553786220472441
0
LINE
8
BLACK
6
CONTINUOUS
10
0.3326144881889764
20
0.670694094488189
11
0.3332536614173228
21
0.6700549212598425
0
LINE
8
BLACK
6
CONTINUOUS
10
0.3332536614173228
20
0.6700549212598425
11
0.3332536614173228
21
0.669150905511811
0
LINE
8
BLACK
6
CONTINUOUS
10
0.3332536614173228
20
0.669150905511811
11
0.3326144881889764
21
0.6685117322834645
0
LINE
8
BLACK
6
CONTINUOUS
10
0.3326144881889764
20
0.6685117322834645
11
0.3321624803149606
21
0.6684218110236221
0
LINE
8
BLACK
6
CONTINUOUS
10
0.3321624803149606
20
0.6684218110236221
11
0.3258445275590551
21
0.6684218110236221
0
LINE
8
BLACK
6
CONTINUOUS
10
0.3258445275590551
20
0.6684218110236221
11
0.3258445275590551
21
0.666468346456693
0
LINE
8
BLACK
6
CONTINUOUS
10
0.3258445275590551
20
0.666468346456693
11
0.3328397637795276
21
0.661571653543307
0
LINE
8
BLACK
6
CONTINUOUS
10
0.3328397637795276
20
0.661571653543307
11
0.3331585039370079
21
0.6612387795275591
0
LINE
8
BLACK
6
CONTINUOUS
10
0.3331585039370079
20
0.6612387795275591
11
0.3333155905511811
21
0.6603486220472441
0
LINE
8
BLACK
6
CONTINUOUS
10
0.3333155905511811
20
0.6603486220472441
11
0.3327972047244094
21
0.659608031496063
0
LINE
8
BLACK
6
CONTINUOUS
10
0.3327972047244094
20
0.659608031496063
11
0.3319070078740157
21
0.6594509448818897
0
LINE
8
BLACK
6
CONTINUOUS
10
0.3319070078740157
20
0.6594509448818897
11
0.3314851574803149
21
0.6596364566929134
0
LINE
8
BLACK
6
CONTINUOUS
10
0.3314851574803149
20
0.6596364566929134
11
0.325841220472441
21
0.6635872047244095
0
LINE
8
BLACK
6
CONTINUOUS
10
0.325841220472441
20
0.6635872047244095
11
0.3258329921259843
21
0.6635457086614173
0
LINE
8
BLACK
6
CONTINUOUS
10
0.3258329921259843
20
0.6635457086614173
11
0.3258415748031496
21
0.6635199606299212
0
LINE
8
BLACK
6
CONTINUOUS
10
0.3258415748031496
20
0.6635199606299212
11
0.3257914960629921
21
0.6633371653543307
0
LINE
8
BLACK
6
CONTINUOUS
10
0.3257914960629921
20
0.6633371653543307
11
0.3257546062992126
21
0.6631516535433071
0
LINE
8
BLACK
6
CONTINUOUS
10
0.3257546062992126
20
0.6631516535433071
11
0.3257354330708661
21
0.6631325196850394
0
LINE
8
BLACK
6
CONTINUOUS
10
0.3257354330708661
20
0.6631325196850394
11
0.3257198425196851
21
0.6630754724409449
0
LINE
8
BLACK
6
CONTINUOUS
10
0.3257198425196851
20
0.6630754724409449
11
0.3249699212598425
21
0.6615756299212598
0
LINE
8
BLACK
6
CONTINUOUS
10
0.3249699212598425
20
0.6615756299212598
11
0.324853937007874
21
0.6614262598425197
0
LINE
8
BLACK
6
CONTINUOUS
10
0.324853937007874
20
0.6614262598425197
11
0.3247487007874016
21
0.6612687007874015
0
LINE
8
BLACK
6
CONTINUOUS
10
0.3247487007874016
20
0.6612687007874015
11
0.3239987795275591
21
0.6605188188976377
0
LINE
8
BLACK
6
CONTINUOUS
10
0.3239987795275591
20
0.6605188188976377
11
0.3238415748031496
21
0.6604138188976377
0
LINE
8
BLACK
6
CONTINUOUS
10
0.3238415748031496
20
0.6604138188976377
11
0.3236918503937008
21
0.6602975590551181
0
LINE
8
BLACK
6
CONTINUOUS
10
0.3236918503937008
20
0.6602975590551181
11
0.322191968503937
21
0.6595476377952756
0
LINE
8
BLACK
6
CONTINUOUS
10
0.322191968503937
20
0.6595476377952756
11
0.3221349212598425
21
0.6595320472440944
0
LINE
8
BLACK
6
CONTINUOUS
10
0.3221349212598425
20
0.6595320472440944
11
0.3221157874015748
21
0.659512874015748
0
LINE
8
BLACK
6
CONTINUOUS
10
0.3221157874015748
20
0.659512874015748
11
0.3219299606299212
21
0.6594759448818898
0
LINE
8
BLACK
6
CONTINUOUS
10
0.3219299606299212
20
0.6594759448818898
11
0.3217474803149606
21
0.6594259448818898
0
LINE
8
BLACK
6
CONTINUOUS
10
0.3217474803149606
20
0.6594259448818898
11
0.321721811023622
21
0.6594345275590551
0
LINE
8
BLACK
6
CONTINUOUS
10
0.321721811023622
20
0.6594345275590551
11
0.321663779527559
21
0.6594229527559055
0
LINE
8
BLACK
6
CONTINUOUS
10
0.321663779527559
20
0.6594229527559055
11
0.319414094488189
21
0.6594229527559055
0
LINE
8
BLACK
6
CONTINUOUS
10
0.319414094488189
20
0.6594229527559055
11
0.3193561023622047
21
0.6594344881889763
0
LINE
8
BLACK
6
CONTINUOUS
10
0.3193561023622047
20
0.6594344881889763
11
0.3193303937007874
21
0.659425905511811
0
LINE
8
BLACK
6
CONTINUOUS
10
0.3193303937007874
20
0.659425905511811
11
0.3191475590551181
21
0.6594759842519685
0
LINE
8
BLACK
6
CONTINUOUS
10
0.3191475590551181
20
0.6594759842519685
11
0.3189620866141732
21
0.659512874015748
0
LINE
8
BLACK
6
CONTINUOUS
10
0.3189620866141732
20
0.659512874015748
11
0.3189429133858268
21
0.6595320472440944
0
LINE
8
BLACK
6
CONTINUOUS
10
0.3189429133858268
20
0.6595320472440944
11
0.318885905511811
21
0.6595476377952756
0
LINE
8
BLACK
6
CONTINUOUS
10
0.318885905511811
20
0.6595476377952756
11
0.317386062992126
21
0.6602975590551181
0
LINE
8
BLACK
6
CONTINUOUS
10
0.317386062992126
20
0.6602975590551181
11
0.3172368110236221
21
0.6604134251968504
0
LINE
8
BLACK
6
CONTINUOUS
10
0.3172368110236221
20
0.6604134251968504
11
0.317079094488189
21
0.660518779527559
0
LINE
8
BLACK
6
CONTINUOUS
10
0.317079094488189
20
0.660518779527559
11
0.3163292125984252
21
0.6612687007874015
0
LINE
8
BLACK
6
CONTINUOUS
10
0.3163292125984252
20
0.6612687007874015
11
0.3162241732283465
21
0.661425905511811
0
LINE
8
BLACK
6
CONTINUOUS
10
0.3162241732283465
20
0.661425905511811
11
0.3161079527559055
21
0.6615756299212598
0
LINE
8
BLACK
6
CONTINUOUS
10
0.3161079527559055
20
0.6615756299212598
11
0.315358031496063
21
0.6630754330708661
0
LINE
8
BLACK
6
CONTINUOUS
10
0.315358031496063
20
0.6630754330708661
11
0.3153424015748031
21
0.6631325196850394
0
LINE
8
BLACK
6
CONTINUOUS
10
0.3153424015748031
20
0.6631325196850394
11
0.3153232677165354
21
0.6631516535433071
0
LINE
8
BLACK
6
CONTINUOUS
10
0.3153232677165354
20
0.6631516535433071
11
0.3152862992125984
21
0.6633374409448819
0
LINE
8
BLACK
6
CONTINUOUS
10
0.3152862992125984
20
0.6633374409448819
11
0.3152363385826771
21
0.6635199606299212
0
LINE
8
BLACK
6
CONTINUOUS
10
0.3152363385826771
20
0.6635199606299212
11
0.3152448818897638
21
0.6635456299212599
0
LINE
8
BLACK
6
CONTINUOUS
10
0.3152448818897638
20
0.6635456299212599
11
0.3152333464566929
21
0.6636036614173229
0
LINE
8
BLACK
6
CONTINUOUS
10
0.3152333464566929
20
0.6636036614173229
11
0.3152333464566929
21
0.6696029133858268
0
LINE
8
BLACK
6
CONTINUOUS
10
0.3152333464566929
20
0.6696029133858268
11
0.3153232677165354
21
0.6700549212598425
0
LINE
8
BLACK
6
CONTINUOUS
10
0.3153232677165354
20
0.6700549212598425
11
0.3159624409448819
21
0.670694094488189
0
LINE
8
BLACK
6
CONTINUOUS
10
0.3159624409448819
20
0.670694094488189
11
0.3164144488188976
21
0.6707840157480315
0
LINE
8
BLACK
6
CONTINUOUS
10
0.3164144488188976
20
0.6707840157480315
11
0.3321624803149606
21
0.6707840157480315
0
LINE
8
BLACK
6
CONTINUOUS
10
0.3321624803149606
20
0.6707840157480315
11
0.3326144881889764
21
0.670694094488189
0
LINE
8
BLACK
6
CONTINUOUS
10
0.3175955511811023
20
0.6638825196850393
11
0.3181350393700788
21
0.6628035039370078
0
LINE
8
BLACK
6
CONTINUOUS
10
0.3181350393700788
20
0.6628035039370078
11
0.3186138976377953
21
0.66232468503937
0
LINE
8
BLACK
6
CONTINUOUS
10
0.3186138976377953
20
0.66232468503937
11
0.3196929527559055
21
0.661785157480315
0
LINE
8
BLACK
6
CONTINUOUS
10
0.3196929527559055
20
0.661785157480315
11
0.3213849606299213
21
0.661785157480315
0
LINE
8
BLACK
6
CONTINUOUS
10
0.3213849606299213
20
0.661785157480315
11
0.3224639763779528
21
0.66232468503937
0
LINE
8
BLACK
6
CONTINUOUS
10
0.3224639763779528
20
0.66232468503937
11
0.3229427559055118
21
0.6628035039370078
0
LINE
8
BLACK
6
CONTINUOUS
10
0.3229427559055118
20
0.6628035039370078
11
0.3234823228346457
21
0.6638825590551181
0
LINE
8
BLACK
6
CONTINUOUS
10
0.3234823228346457
20
0.6638825590551181
11
0.3234823228346457
21
0.6684218110236221
0
LINE
8
BLACK
6
CONTINUOUS
10
0.3234823228346457
20
0.6684218110236221
11
0.3175955511811023
21
0.6684218110236221
0
LINE
8
BLACK
6
CONTINUOUS
10
0.3175955511811023
20
0.6684218110236221
11
0.3175955511811023
21
0.6638825196850393
0
LINE
8
BLACK
6
CONTINUOUS
10
0.3419934645669291
20
0.6837950393700787
11
0.3430588188976378
21
0.68272968503937
0
LINE
8
BLACK
6
CONTINUOUS
10
0.3430588188976378
20
0.68272968503937
11
0.3432086614173228
21
0.6819763779527559
0
LINE
8
BLACK
6
CONTINUOUS
10
0.3432086614173228
20
0.6819763779527559
11
0.3432086614173228
21
0.6189842519685039
0
LINE
8
BLACK
6
CONTINUOUS
10
0.3432086614173228
20
0.6189842519685039
11
0.3430588188976378
21
0.6182309448818898
0
LINE
8
BLACK
6
CONTINUOUS
10
0.3430588188976378
20
0.6182309448818898
11
0.3419934645669291
21
0.6171655905511811
0
LINE
8
BLACK
6
CONTINUOUS
10
0.3419934645669291
20
0.6171655905511811
11
0.3412401574803149
21
0.6170157480314961
0
LINE
8
BLACK
6
CONTINUOUS
10
0.3412401574803149
20
0.6170157480314961
11
0.308759842519685
21
0.6170157480314961
0
LINE
8
BLACK
6
CONTINUOUS
10
0.308759842519685
20
0.6170157480314961
11
0.3080065354330709
21
0.6171655905511811
0
LINE
8
BLACK
6
CONTINUOUS
10
0.3080065354330709
20
0.6171655905511811
11
0.3069411811023622
21
0.6182309448818898
0
LINE
8
BLACK
6
CONTINUOUS
10
0.3069411811023622
20
0.6182309448818898
11
0.3067913385826772
21
0.6189842519685039
0
LINE
8
BLACK
6
CONTINUOUS
10
0.3067913385826772
20
0.6189842519685039
11
0.3067913385826772
21
0.6819763779527559
0
LINE
8
BLACK
6
CONTINUOUS
10
0.3067913385826772
20
0.6819763779527559
11
0.3069411811023622
21
0.68272968503937
0
LINE
8
BLACK
6
CONTINUOUS
10
0.3069411811023622
20
0.68272968503937
11
0.3080065354330709
21
0.6837950393700787
0
LINE
8
BLACK
6
CONTINUOUS
10
0.3080065354330709
20
0.6837950393700787
11
0.308759842519685
21
0.6839448818897638
0
LINE
8
BLACK
6
CONTINUOUS
10
0.308759842519685
20
0.6839448818897638
11
0.3412401574803149
21
0.6839448818897638
0
LINE
8
BLACK
6
CONTINUOUS
10
0.3412401574803149
20
0.6839448818897638
11
0.3419934645669291
21
0.6837950393700787
0
LINE
8
BLACK
6
CONTINUOUS
10
0.3107283464566929
20
0.680007874015748
11
0.3107283464566929
21
0.6209527559055118
0
LINE
8
BLACK
6
CONTINUOUS
10
0.3107283464566929
20
0.6209527559055118
11
0.3392716535433071
21
0.6209527559055118
0
LINE
8
BLACK
6
CONTINUOUS
10
0.3392716535433071
20
0.6209527559055118
11
0.3392716535433071
21
0.680007874015748
0
LINE
8
BLACK
6
CONTINUOUS
10
0.3392716535433071
20
0.680007874015748
11
0.3107283464566929
21
0.680007874015748
0
LINE
8
BLACK
6
CONTINUOUS
10
0.6613051968503937
20
0.6422792519685039
11
0.6614496850393701
21
0.6422722047244094
0
LINE
8
BLACK
6
CONTINUOUS
10
0.6614496850393701
20
0.6422722047244094
11
0.6644493307086614
21
0.641522283464567
0
LINE
8
BLACK
6
CONTINUOUS
10
0.6644493307086614
20
0.641522283464567
11
0.6645662598425197
21
0.6414670472440944
0
LINE
8
BLACK
6
CONTINUOUS
10
0.6645662598425197
20
0.6414670472440944
11
0.664691062992126
21
0.641432874015748
0
LINE
8
BLACK
6
CONTINUOUS
10
0.664691062992126
20
0.641432874015748
11
0.6661908661417323
21
0.6406829921259842
0
LINE
8
BLACK
6
CONTINUOUS
10
0.6661908661417323
20
0.6406829921259842
11
0.6663404724409449
21
0.6405668503937008
0
LINE
8
BLACK
6
CONTINUOUS
10
0.6663404724409449
20
0.6405668503937008
11
0.6664978346456693
21
0.6404617322834646
0
LINE
8
BLACK
6
CONTINUOUS
10
0.6664978346456693
20
0.6404617322834646
11
0.6672477559055118
21
0.6397118110236221
0
LINE
8
BLACK
6
CONTINUOUS
10
0.6672477559055118
20
0.6397118110236221
11
0.6673528740157481
21
0.6395544881889763
0
LINE
8
BLACK
6
CONTINUOUS
10
0.6673528740157481
20
0.6395544881889763
11
0.6674690157480315
21
0.639404842519685
0
LINE
8
BLACK
6
CONTINUOUS
10
0.6674690157480315
20
0.639404842519685
11
0.6682188976377953
21
0.6379050393700787
0
LINE
8
BLACK
6
CONTINUOUS
10
0.6682188976377953
20
0.6379050393700787
11
0.6682344881889763
21
0.637848031496063
0
LINE
8
BLACK
6
CONTINUOUS
10
0.6682344881889763
20
0.637848031496063
11
0.6682536614173228
21
0.6378288582677165
0
LINE
8
BLACK
6
CONTINUOUS
10
0.6682536614173228
20
0.6378288582677165
11
0.6682905905511811
21
0.6376430708661417
0
LINE
8
BLACK
6
CONTINUOUS
10
0.6682905905511811
20
0.6376430708661417
11
0.6683405905511811
21
0.6374605511811023
0
LINE
8
BLACK
6
CONTINUOUS
10
0.6683405905511811
20
0.6374605511811023
11
0.6683320078740157
21
0.6374349212598425
0
LINE
8
BLACK
6
CONTINUOUS
10
0.6683320078740157
20
0.6374349212598425
11
0.6683435826771653
21
0.6373768503937007
0
LINE
8
BLACK
6
CONTINUOUS
10
0.6683435826771653
20
0.6373768503937007
11
0.6683435826771653
21
0.6358770472440944
0
LINE
8
BLACK
6
CONTINUOUS
10
0.6683435826771653
20
0.6358770472440944
11
0.6683320078740157
21
0.6358190157480315
0
LINE
8
BLACK
6
CONTINUOUS
10
0.6683320078740157
20
0.6358190157480315
11
0.6683405905511811
21
0.6357933464566929
0
LINE
8
BLACK
6
CONTINUOUS
10
0.6683405905511811
20
0.6357933464566929
11
0.6682905905511811
21
0.6356108661417322
0
LINE
8
BLACK
6
CONTINUOUS
10
0.6682905905511811
20
0.6356108661417322
11
0.6682536614173228
21
0.6354250393700788
0
LINE
8
BLACK
6
CONTINUOUS
10
0.6682536614173228
20
0.6354250393700788
11
0.6682344881889763
21
0.635405905511811
0
LINE
8
BLACK
6
CONTINUOUS
10
0.6682344881889763
20
0.635405905511811
11
0.6682188976377953
21
0.6353488582677165
0
LINE
8
BLACK
6
CONTINUOUS
10
0.6682188976377953
20
0.6353488582677165
11
0.6674690157480315
21
0.6338490157480314
0
LINE
8
BLACK
6
CONTINUOUS
10
0.6674690157480315
20
0.6338490157480314
11
0.6673528740157481
21
0.6336994094488189
0
LINE
8
BLACK
6
CONTINUOUS
10
0.6673528740157481
20
0.6336994094488189
11
0.667247716535433
21
0.6335420078740157
0
LINE
8
BLACK
6
CONTINUOUS
10
0.667247716535433
20
0.6335420078740157
11
0.6664978346456693
21
0.6327921259842519
0
LINE
8
BLACK
6
CONTINUOUS
10
0.6664978346456693
20
0.6327921259842519
11
0.6663403543307086
21
0.632686968503937
0
LINE
8
BLACK
6
CONTINUOUS
10
0.6663403543307086
20
0.632686968503937
11
0.666190905511811
21
0.6325709055118111
0
LINE
8
BLACK
6
CONTINUOUS
10
0.666190905511811
20
0.6325709055118111
11
0.6646911023622047
21
0.6318209842519685
0
LINE
8
BLACK
6
CONTINUOUS
10
0.6646911023622047
20
0.6318209842519685
11
0.664566220472441
21
0.631786811023622
0
LINE
8
BLACK
6
CONTINUOUS
10
0.664566220472441
20
0.631786811023622
11
0.6644493307086614
21
0.6317315748031496
0
LINE
8
BLACK
6
CONTINUOUS
10
0.6644493307086614
20
0.6317315748031496
11
0.6614496850393701
21
0.6309816929133858
0
LINE
8
BLACK
6
CONTINUOUS
10
0.6614496850393701
20
0.6309816929133858
11
0.6613051968503937
21
0.63097468503937
0
LINE
8
BLACK
6
CONTINUOUS
10
0.6613051968503937
20
0.63097468503937
11
0.6611632283464567
21
0.6309464173228346
0
LINE
8
BLACK
6
CONTINUOUS
10
0.6611632283464567
20
0.6309464173228346
11
0.6574137007874016
21
0.6309464173228346
0
LINE
8
BLACK
6
CONTINUOUS
10
0.6574137007874016
20
0.6309464173228346
11
0.6572716929133858
21
0.63097468503937
0
LINE
8
BLACK
6
CONTINUOUS
10
0.6572716929133858
20
0.63097468503937
11
0.6571272440944882
21
0.6309816929133858
0
LINE
8
BLACK
6
CONTINUOUS
10
0.6571272440944882
20
0.6309816929133858
11
0.6541276377952756
21
0.6317315748031496
0
LINE
8
BLACK
6
CONTINUOUS
10
0.6541276377952756
20
0.6317315748031496
11
0.6540107480314961
21
0.631786811023622
0
LINE
8
BLACK
6
CONTINUOUS
10
0.6540107480314961
20
0.631786811023622
11
0.653885905511811
21
0.6318209842519685
0
LINE
8
BLACK
6
CONTINUOUS
10
0.653885905511811
20
0.6318209842519685
11
0.652386062992126
21
0.6325709055118111
0
LINE
8
BLACK
6
CONTINUOUS
10
0.652386062992126
20
0.6325709055118111
11
0.6522368110236221
21
0.6326867716535433
0
LINE
8
BLACK
6
CONTINUOUS
10
0.6522368110236221
20
0.6326867716535433
11
0.652079094488189
21
0.6327921259842519
0
LINE
8
BLACK
6
CONTINUOUS
10
0.652079094488189
20
0.6327921259842519
11
0.6513292125984251
21
0.6335420472440945
0
LINE
8
BLACK
6
CONTINUOUS
10
0.6513292125984251
20
0.6335420472440945
11
0.6512241732283465
21
0.633699251968504
0
LINE
8
BLACK
6
CONTINUOUS
10
0.6512241732283465
20
0.633699251968504
11
0.6511079527559055
21
0.6338489763779528
0
LINE
8
BLACK
6
CONTINUOUS
10
0.6511079527559055
20
0.6338489763779528
11
0.650358031496063
21
0.6353488582677165
0
LINE
8
BLACK
6
CONTINUOUS
10
0.650358031496063
20
0.6353488582677165
11
0.6503424015748032
21
0.635405905511811
0
LINE
8
BLACK
6
CONTINUOUS
10
0.6503424015748032
20
0.635405905511811
11
0.6503232677165354
21
0.6354250393700788
0
LINE
8
BLACK
6
CONTINUOUS
10
0.6503232677165354
20
0.6354250393700788
11
0.6502862992125984
21
0.6356108661417322
0
LINE
8
BLACK
6
CONTINUOUS
10
0.6502862992125984
20
0.6356108661417322
11
0.6502363385826772
21
0.6357933464566929
0
LINE
8
BLACK
6
CONTINUOUS
10
0.6502363385826772
20
0.6357933464566929
11
0.6502448818897638
21
0.6358190157480315
0
LINE
8
BLACK
6
CONTINUOUS
10
0.6502448818897638
20
0.6358190157480315
11
0.650233346456693
21
0.6358770472440944
0
LINE
8
BLACK
6
CONTINUOUS
10
0.650233346456693
20
0.6358770472440944
11
0.650233346456693
21
0.6373768503937007
0
LINE
8
BLACK
6
CONTINUOUS
10
0.650233346456693
20
0.6373768503937007
11
0.6502448818897638
21
0.6374349212598425
0
LINE
8
BLACK
6
CONTINUOUS
10
0.6502448818897638
20
0.6374349212598425
11
0.6502363385826772
21
0.6374605511811023
0
LINE
8
BLACK
6
CONTINUOUS
10
0.6502363385826772
20
0.6374605511811023
11
0.6502862992125984
21
0.6376431102362204
0
LINE
8
BLACK
6
CONTINUOUS
10
0.6502862992125984
20
0.6376431102362204
11
0.6503232677165354
21
0.6378288582677165
0
LINE
8
BLACK
6
CONTINUOUS
10
0.6503232677165354
20
0.6378288582677165
11
0.6503424015748032
21
0.637848031496063
0
LINE
8
BLACK
6
CONTINUOUS
10
0.6503424015748032
20
0.637848031496063
11
0.650358031496063
21
0.6379050787401574
0
LINE
8
BLACK
6
CONTINUOUS
10
0.650358031496063
20
0.6379050787401574
11
0.6511079527559055
21
0.6394048818897637
0
LINE
8
BLACK
6
CONTINUOUS
10
0.6511079527559055
20
0.6394048818897637
11
0.6512239763779527
21
0.6395543700787402
0
LINE
8
BLACK
6
CONTINUOUS
10
0.6512239763779527
20
0.6395543700787402
11
0.6513291732283465
21
0.6397118110236221
0
LINE
8
BLACK
6
CONTINUOUS
10
0.6513291732283465
20
0.6397118110236221
11
0.6520790551181103
21
0.6404616929133858
0
LINE
8
BLACK
6
CONTINUOUS
10
0.6520790551181103
20
0.6404616929133858
11
0.6522364173228347
21
0.6405668897637795
0
LINE
8
BLACK
6
CONTINUOUS
10
0.6522364173228347
20
0.6405668897637795
11
0.652386062992126
21
0.6406829921259842
0
LINE
8
BLACK
6
CONTINUOUS
10
0.652386062992126
20
0.6406829921259842
11
0.653885905511811
21
0.641432874015748
0
LINE
8
BLACK
6
CONTINUOUS
10
0.653885905511811
20
0.641432874015748
11
0.6540106692913386
21
0.6414670472440944
0
LINE
8
BLACK
6
CONTINUOUS
10
0.6540106692913386
20
0.6414670472440944
11
0.6541276377952756
21
0.641522283464567
0
LINE
8
BLACK
6
CONTINUOUS
10
0.6541276377952756
20
0.641522283464567
11
0.6571272440944882
21
0.6422722047244094
0
LINE
8
BLACK
6
CONTINUOUS
10
0.6571272440944882
20
0.6422722047244094
11
0.6572716929133858
21
0.6422792519685039
0
LINE
8
BLACK
6
CONTINUOUS
10
0.6572716929133858
20
0.6422792519685039
11
0.6574137007874016
21
0.6423074803149607
0
LINE
8
BLACK
6
CONTINUOUS
10
0.6574137007874016
20
0.6423074803149607
11
0.6611632283464567
21
0.6423074803149607
0
LINE
8
BLACK
6
CONTINUOUS
10
0.6611632283464567
20
0.6423074803149607
11
0.6613051968503937
21
0.6422792519685039
0
LINE
8
BLACK
6
CONTINUOUS
10
0.6548263385826771
20
0.6392620866141732
11
0.653613937007874
21
0.6386559055118111
0
LINE
8
BLACK
6
CONTINUOUS
10
0.653613937007874
20
0.6386559055118111
11
0.6531350393700788
21
0.6381770078740158
0
LINE
8
BLACK
6
CONTINUOUS
10
0.6531350393700788
20
0.6381770078740158
11
0.6525955511811024
21
0.6370979921259843
0
LINE
8
BLACK
6
CONTINUOUS
10
0.6525955511811024
20
0.6370979921259843
11
0.6525955511811024
21
0.6361558661417323
0
LINE
8
BLACK
6
CONTINUOUS
10
0.6525955511811024
20
0.6361558661417323
11
0.6531350393700788
21
0.6350768503937008
0
LINE
8
BLACK
6
CONTINUOUS
10
0.6531350393700788
20
0.6350768503937008
11
0.6536138976377953
21
0.634598031496063
0
LINE
8
BLACK
6
CONTINUOUS
10
0.6536138976377953
20
0.634598031496063
11
0.6548264173228346
21
0.6339917716535433
0
LINE
8
BLACK
6
CONTINUOUS
10
0.6548264173228346
20
0.6339917716535433
11
0.6575590551181102
21
0.633308622047244
0
LINE
8
BLACK
6
CONTINUOUS
10
0.6575590551181102
20
0.633308622047244
11
0.661017874015748
21
0.633308622047244
0
LINE
8
BLACK
6
CONTINUOUS
10
0.661017874015748
20
0.633308622047244
11
0.6637505118110236
21
0.6339917716535433
0
LINE
8
BLACK
6
CONTINUOUS
10
0.6637505118110236
20
0.6339917716535433
11
0.6649629921259842
21
0.634598031496063
0
LINE
8
BLACK
6
CONTINUOUS
10
0.6649629921259842
20
0.634598031496063
11
0.6654418897637795
21
0.6350769291338583
0
LINE
8
BLACK
6
CONTINUOUS
10
0.6654418897637795
20
0.6350769291338583
11
0.6659813779527559
21
0.6361558661417323
0
LINE
8
BLACK
6
CONTINUOUS
10
0.6659813779527559
20
0.6361558661417323
11
0.6659813779527559
21
0.6370980708661417
0
LINE
8
BLACK
6
CONTINUOUS
10
0.6659813779527559
20
0.6370980708661417
11
0.6654418503937007
21
0.6381770866141732
0
LINE
8
BLACK
6
CONTINUOUS
10
0.6654418503937007
20
0.6381770866141732
11
0.6649630708661417
21
0.6386558661417323
0
LINE
8
BLACK
6
CONTINUOUS
10
0.6649630708661417
20
0.6386558661417323
11
0.6637505905511811
21
0.6392620866141732
0
LINE
8
BLACK
6
CONTINUOUS
10
0.6637505905511811
20
0.6392620866141732
11
0.661017874015748
21
0.6399452755905511
0
LINE
8
BLACK
6
CONTINUOUS
10
0.661017874015748
20
0.6399452755905511
11
0.6575590551181102
21
0.6399452755905511
0
LINE
8
BLACK
6
CONTINUOUS
10
0.6575590551181102
20
0.6399452755905511
11
0.6548263385826771
21
0.6392620866141732
0
LINE
8
BLACK
6
CONTINUOUS
10
0.6568061811023622
20
0.6568983070866141
11
0.6570920472440944
21
0.6560407874015748
0
LINE
8
BLACK
6
CONTINUOUS
10
0.6570920472440944
20
0.6560407874015748
11
0.6569703149606299
21
0.6555962992125984
0
LINE
8
BLACK
6
CONTINUOUS
10
0.6569703149606299
20
0.6555962992125984
11
0.6562203937007874
21
0.6540964566929134
0
LINE
8
BLACK
6
CONTINUOUS
10
0.6562203937007874
20
0.6540964566929134
11
0.656104251968504
21
0.6539468897637795
0
LINE
8
BLACK
6
CONTINUOUS
10
0.656104251968504
20
0.6539468897637795
11
0.6559991338582677
21
0.6537894881889763
0
LINE
8
BLACK
6
CONTINUOUS
10
0.6559991338582677
20
0.6537894881889763
11
0.6550157480314961
21
0.6528061417322835
0
LINE
8
BLACK
6
CONTINUOUS
10
0.6550157480314961
20
0.6528061417322835
11
0.6659813779527559
21
0.6528061417322835
0
LINE
8
BLACK
6
CONTINUOUS
10
0.6659813779527559
20
0.6528061417322835
11
0.6659813779527559
21
0.6561244881889764
0
LINE
8
BLACK
6
CONTINUOUS
10
0.6659813779527559
20
0.6561244881889764
11
0.6660712992125984
21
0.6565764960629921
0
LINE
8
BLACK
6
CONTINUOUS
10
0.6660712992125984
20
0.6565764960629921
11
0.6667104724409448
21
0.6572156692913386
0
LINE
8
BLACK
6
CONTINUOUS
10
0.6667104724409448
20
0.6572156692913386
11
0.6676144881889764
21
0.6572156692913386
0
LINE
8
BLACK
6
CONTINUOUS
10
0.6676144881889764
20
0.6572156692913386
11
0.6682536614173228
21
0.6565764960629921
0
LINE
8
BLACK
6
CONTINUOUS
10
0.6682536614173228
20
0.6565764960629921
11
0.6683435826771653
21
0.6561244881889764
0
LINE
8
BLACK
6
CONTINUOUS
10
0.6683435826771653
20
0.6561244881889764
11
0.6683435826771653
21
0.6471256299212599
0
LINE
8
BLACK
6
CONTINUOUS
10
0.6683435826771653
20
0.6471256299212599
11
0.6682536614173228
21
0.6466736220472441
0
LINE
8
BLACK
6
CONTINUOUS
10
0.6682536614173228
20
0.6466736220472441
11
0.6676144881889764
21
0.6460344488188976
0
LINE
8
BLACK
6
CONTINUOUS
10
0.6676144881889764
20
0.6460344488188976
11
0.6667104724409448
21
0.6460344488188976
0
LINE
8
BLACK
6
CONTINUOUS
10
0.6667104724409448
20
0.6460344488188976
11
0.6660712992125984
21
0.6466736220472441
0
LINE
8
BLACK
6
CONTINUOUS
10
0.6660712992125984
20
0.6466736220472441
11
0.6659813779527559
21
0.6471256299212599
0
LINE
8
BLACK
6
CONTINUOUS
10
0.6659813779527559
20
0.6471256299212599
11
0.6659813779527559
21
0.650443937007874
0
LINE
8
BLACK
6
CONTINUOUS
10
0.6659813779527559
20
0.650443937007874
11
0.6514144488188977
21
0.650443937007874
0
LINE
8
BLACK
6
CONTINUOUS
10
0.6514144488188977
20
0.650443937007874
11
0.6509624409448819
21
0.6505338582677165
0
LINE
8
BLACK
6
CONTINUOUS
10
0.6509624409448819
20
0.6505338582677165
11
0.6508764566929134
21
0.6506198425196851
0
LINE
8
BLACK
6
CONTINUOUS
10
0.6508764566929134
20
0.6506198425196851
11
0.650757283464567
21
0.6506436614173228
0
LINE
8
BLACK
6
CONTINUOUS
10
0.650757283464567
20
0.6506436614173228
11
0.6505664960629921
21
0.6509298031496062
0
LINE
8
BLACK
6
CONTINUOUS
10
0.6505664960629921
20
0.6509298031496062
11
0.6503232677165354
21
0.651173031496063
0
LINE
8
BLACK
6
CONTINUOUS
10
0.6503232677165354
20
0.651173031496063
11
0.6503232677165354
21
0.6512946456692913
0
LINE
8
BLACK
6
CONTINUOUS
10
0.6503232677165354
20
0.6512946456692913
11
0.6502557874015747
21
0.6513958267716535
0
LINE
8
BLACK
6
CONTINUOUS
10
0.6502557874015747
20
0.6513958267716535
11
0.6503232677165354
21
0.6517332283464566
0
LINE
8
BLACK
6
CONTINUOUS
10
0.6503232677165354
20
0.6517332283464566
11
0.6503232677165354
21
0.6520770472440944
0
LINE
8
BLACK
6
CONTINUOUS
10
0.6503232677165354
20
0.6520770472440944
11
0.6504092125984252
21
0.652163031496063
0
LINE
8
BLACK
6
CONTINUOUS
10
0.6504092125984252
20
0.652163031496063
11
0.6504330708661418
21
0.6522822047244095
0
LINE
8
BLACK
6
CONTINUOUS
10
0.6504330708661418
20
0.6522822047244095
11
0.6507592913385827
21
0.6526077559055118
0
LINE
8
BLACK
6
CONTINUOUS
10
0.6507592913385827
20
0.6526077559055118
11
0.6529117716535433
21
0.6540428346456693
0
LINE
8
BLACK
6
CONTINUOUS
10
0.6529117716535433
20
0.6540428346456693
11
0.6541932677165354
21
0.6553243307086614
0
LINE
8
BLACK
6
CONTINUOUS
10
0.6541932677165354
20
0.6553243307086614
11
0.6548574803149606
21
0.656652716535433
0
LINE
8
BLACK
6
CONTINUOUS
10
0.6548574803149606
20
0.656652716535433
11
0.6551400787401574
21
0.6570167716535433
0
LINE
8
BLACK
6
CONTINUOUS
10
0.6551400787401574
20
0.6570167716535433
11
0.6559975984251968
21
0.6573026377952755
0
LINE
8
BLACK
6
CONTINUOUS
10
0.6559975984251968
20
0.6573026377952755
11
0.6568061811023622
21
0.6568983070866141
0
LINE
8
BLACK
6
CONTINUOUS
10
0.6676144881889764
20
0.672213779527559
11
0.6682536614173228
21
0.6715746062992126
0
LINE
8
BLACK
6
CONTINUOUS
10
0.6682536614173228
20
0.6715746062992126
11
0.6682536614173228
21
0.6706705905511811
0
LINE
8
BLACK
6
CONTINUOUS
10
0.6682536614173228
20
0.6706705905511811
11
0.6676144881889764
21
0.6700314173228347
0
LINE
8
BLACK
6
CONTINUOUS
10
0.6676144881889764
20
0.6700314173228347
11
0.6671624803149606
21
0.6699414960629921
0
LINE
8
BLACK
6
CONTINUOUS
10
0.6671624803149606
20
0.6699414960629921
11
0.6608445275590551
21
0.6699414960629921
0
LINE
8
BLACK
6
CONTINUOUS
10
0.6608445275590551
20
0.6699414960629921
11
0.6608445275590551
21
0.667988031496063
0
LINE
8
BLACK
6
CONTINUOUS
10
0.6608445275590551
20
0.667988031496063
11
0.6678397637795276
21
0.6630913385826771
0
LINE
8
BLACK
6
CONTINUOUS
10
0.6678397637795276
20
0.6630913385826771
11
0.6681585039370078
21
0.6627584645669291
0
LINE
8
BLACK
6
CONTINUOUS
10
0.6681585039370078
20
0.6627584645669291
11
0.6683155905511811
21
0.6618683070866141
0
LINE
8
BLACK
6
CONTINUOUS
10
0.6683155905511811
20
0.6618683070866141
11
0.6677972047244094
21
0.661127716535433
0
LINE
8
BLACK
6
CONTINUOUS
10
0.6677972047244094
20
0.661127716535433
11
0.6669070078740157
21
0.6609706299212599
0
LINE
8
BLACK
6
CONTINUOUS
10
0.6669070078740157
20
0.6609706299212599
11
0.6664851574803149
21
0.6611561417322834
0
LINE
8
BLACK
6
CONTINUOUS
10
0.6664851574803149
20
0.6611561417322834
11
0.660841220472441
21
0.6651068897637795
0
LINE
8
BLACK
6
CONTINUOUS
10
0.660841220472441
20
0.6651068897637795
11
0.6608329921259842
21
0.6650653937007874
0
LINE
8
BLACK
6
CONTINUOUS
10
0.6608329921259842
20
0.6650653937007874
11
0.6608415748031496
21
0.6650396456692913
0
LINE
8
BLACK
6
CONTINUOUS
10
0.6608415748031496
20
0.6650396456692913
11
0.6607914960629921
21
0.6648568503937008
0
LINE
8
BLACK
6
CONTINUOUS
10
0.6607914960629921
20
0.6648568503937008
11
0.6607546062992126
21
0.6646713385826771
0
LINE
8
BLACK
6
CONTINUOUS
10
0.6607546062992126
20
0.6646713385826771
11
0.6607354330708661
21
0.6646522047244094
0
LINE
8
BLACK
6
CONTINUOUS
10
0.6607354330708661
20
0.6646522047244094
11
0.6607198425196851
21
0.6645951574803149
0
LINE
8
BLACK
6
CONTINUOUS
10
0.6607198425196851
20
0.6645951574803149
11
0.6599699212598426
21
0.6630953149606299
0
LINE
8
BLACK
6
CONTINUOUS
10
0.6599699212598426
20
0.6630953149606299
11
0.659853937007874
21
0.6629459448818897
0
LINE
8
BLACK
6
CONTINUOUS
10
0.659853937007874
20
0.6629459448818897
11
0.6597487007874016
21
0.6627883858267717
0
LINE
8
BLACK
6
CONTINUOUS
10
0.6597487007874016
20
0.6627883858267717
11
0.658998779527559
21
0.6620385039370078
0
LINE
8
BLACK
6
CONTINUOUS
10
0.658998779527559
20
0.6620385039370078
11
0.6588415748031496
21
0.6619335039370079
0
LINE
8
BLACK
6
CONTINUOUS
10
0.6588415748031496
20
0.6619335039370079
11
0.6586918503937008
21
0.6618172440944882
0
LINE
8
BLACK
6
CONTINUOUS
10
0.6586918503937008
20
0.6618172440944882
11
0.657191968503937
21
0.6610673228346456
0
LINE
8
BLACK
6
CONTINUOUS
10
0.657191968503937
20
0.6610673228346456
11
0.6571349212598425
21
0.6610517322834646
0
LINE
8
BLACK
6
CONTINUOUS
10
0.6571349212598425
20
0.6610517322834646
11
0.6571157874015748
21
0.661032559055118
0
LINE
8
BLACK
6
CONTINUOUS
10
0.6571157874015748
20
0.661032559055118
11
0.6569299606299213
21
0.6609956299212598
0
LINE
8
BLACK
6
CONTINUOUS
10
0.6569299606299213
20
0.6609956299212598
11
0.6567474803149607
21
0.6609456299212598
0
LINE
8
BLACK
6
CONTINUOUS
10
0.6567474803149607
20
0.6609456299212598
11
0.656721811023622
21
0.6609542125984251
0
LINE
8
BLACK
6
CONTINUOUS
10
0.656721811023622
20
0.6609542125984251
11
0.6566637795275591
21
0.6609426377952756
0
LINE
8
BLACK
6
CONTINUOUS
10
0.6566637795275591
20
0.6609426377952756
11
0.654414094488189
21
0.6609426377952756
0
LINE
8
BLACK
6
CONTINUOUS
10
0.654414094488189
20
0.6609426377952756
11
0.6543561023622048
21
0.6609541732283465
0
LINE
8
BLACK
6
CONTINUOUS
10
0.6543561023622048
20
0.6609541732283465
11
0.6543303937007874
21
0.6609455905511811
0
LINE
8
BLACK
6
CONTINUOUS
10
0.6543303937007874
20
0.6609455905511811
11
0.6541475590551181
21
0.6609956692913386
0
LINE
8
BLACK
6
CONTINUOUS
10
0.6541475590551181
20
0.6609956692913386
11
0.6539620866141732
21
0.661032559055118
0
LINE
8
BLACK
6
CONTINUOUS
10
0.6539620866141732
20
0.661032559055118
11
0.6539429133858268
21
0.6610517322834646
0
LINE
8
BLACK
6
CONTINUOUS
10
0.6539429133858268
20
0.6610517322834646
11
0.653885905511811
21
0.6610673228346456
0
LINE
8
BLACK
6
CONTINUOUS
10
0.653885905511811
20
0.6610673228346456
11
0.652386062992126
21
0.6618172440944882
0
LINE
8
BLACK
6
CONTINUOUS
10
0.652386062992126
20
0.6618172440944882
11
0.6522368110236221
21
0.6619331102362205
0
LINE
8
BLACK
6
CONTINUOUS
10
0.6522368110236221
20
0.6619331102362205
11
0.652079094488189
21
0.6620384645669292
0
LINE
8
BLACK
6
CONTINUOUS
10
0.652079094488189
20
0.6620384645669292
11
0.6513292125984251
21
0.6627883858267717
0
LINE
8
BLACK
6
CONTINUOUS
10
0.6513292125984251
20
0.6627883858267717
11
0.6512241732283465
21
0.6629455905511811
0
LINE
8
BLACK
6
CONTINUOUS
10
0.6512241732283465
20
0.6629455905511811
11
0.6511079527559055
21
0.6630953149606299
0
LINE
8
BLACK
6
CONTINUOUS
10
0.6511079527559055
20
0.6630953149606299
11
0.650358031496063
21
0.6645951181102362
0
LINE
8
BLACK
6
CONTINUOUS
10
0.650358031496063
20
0.6645951181102362
11
0.6503424015748032
21
0.6646522047244094
0
LINE
8
BLACK
6
CONTINUOUS
10
0.6503424015748032
20
0.6646522047244094
11
0.6503232677165354
21
0.6646713385826771
0
LINE
8
BLACK
6
CONTINUOUS
10
0.6503232677165354
20
0.6646713385826771
11
0.6502862992125984
21
0.664857125984252
0
LINE
8
BLACK
6
CONTINUOUS
10
0.6502862992125984
20
0.664857125984252
11
0.6502363385826772
21
0.6650396456692913
0
LINE
8
BLACK
6
CONTINUOUS
10
0.6502363385826772
20
0.6650396456692913
11
0.6502448818897638
21
0.6650653149606299
0
LINE
8
BLACK
6
CONTINUOUS
10
0.6502448818897638
20
0.6650653149606299
11
0.650233346456693
21
0.6651233464566929
0
LINE
8
BLACK
6
CONTINUOUS
10
0.650233346456693
20
0.6651233464566929
11
0.650233346456693
21
0.6711225984251968
0
LINE
8
BLACK
6
CONTINUOUS
10
0.650233346456693
20
0.6711225984251968
11
0.6503232677165354
21
0.6715746062992126
0
LINE
8
BLACK
6
CONTINUOUS
10
0.6503232677165354
20
0.6715746062992126
11
0.6509624409448819
21
0.672213779527559
0
LINE
8
BLACK
6
CONTINUOUS
10
0.6509624409448819
20
0.672213779527559
11
0.6514144488188977
21
0.6723037007874015
0
LINE
8
BLACK
6
CONTINUOUS
10
0.6514144488188977
20
0.6723037007874015
11
0.6671624803149606
21
0.6723037007874015
0
LINE
8
BLACK
6
CONTINUOUS
10
0.6671624803149606
20
0.6723037007874015
11
0.6676144881889764
21
0.672213779527559
0
LINE
8
BLACK
6
CONTINUOUS
10
0.6525955511811024
20
0.6654022047244095
11
0.6531350393700788
21
0.664323188976378
0
LINE
8
BLACK
6
CONTINUOUS
10
0.6531350393700788
20
0.664323188976378
11
0.6536138976377953
21
0.6638443700787401
0
LINE
8
BLACK
6
CONTINUOUS
10
0.6536138976377953
20
0.6638443700787401
11
0.6546929527559054
21
0.663304842519685
0
LINE
8
BLACK
6
CONTINUOUS
10
0.6546929527559054
20
0.663304842519685
11
0.6563849606299212
21
0.663304842519685
0
LINE
8
BLACK
6
CONTINUOUS
10
0.6563849606299212
20
0.663304842519685
11
0.6574639763779527
21
0.6638443700787401
0
LINE
8
BLACK
6
CONTINUOUS
10
0.6574639763779527
20
0.6638443700787401
11
0.6579427559055118
21
0.664323188976378
0
LINE
8
BLACK
6
CONTINUOUS
10
0.6579427559055118
20
0.664323188976378
11
0.6584823228346457
21
0.6654022440944882
0
LINE
8
BLACK
6
CONTINUOUS
10
0.6584823228346457
20
0.6654022440944882
11
0.6584823228346457
21
0.6699414960629921
0
LINE
8
BLACK
6
CONTINUOUS
10
0.6584823228346457
20
0.6699414960629921
11
0.6525955511811024
21
0.6699414960629921
0
LINE
8
BLACK
6
CONTINUOUS
10
0.6525955511811024
20
0.6699414960629921
11
0.6525955511811024
21
0.6654022047244095
0
LINE
8
BLACK
6
CONTINUOUS
10
0.6769934645669291
20
0.6853147244094488
11
0.6780588188976377
21
0.6842493700787401
0
LINE
8
BLACK
6
CONTINUOUS
10
0.6780588188976377
20
0.6842493700787401
11
0.6782086614173228
21
0.683496062992126
0
LINE
8
BLACK
6
CONTINUOUS
10
0.6782086614173228
20
0.683496062992126
11
0.6782086614173228
21
0.620503937007874
0
LINE
8
BLACK
6
CONTINUOUS
10
0.6782086614173228
20
0.620503937007874
11
0.6780588188976377
21
0.6197506299212598
0
LINE
8
BLACK
6
CONTINUOUS
10
0.6780588188976377
20
0.6197506299212598
11
0.6769934645669291
21
0.6186852755905512
0
LINE
8
BLACK
6
CONTINUOUS
10
0.6769934645669291
20
0.6186852755905512
11
0.676240157480315
21
0.6185354330708661
0
LINE
8
BLACK
6
CONTINUOUS
10
0.676240157480315
20
0.6185354330708661
11
0.643759842519685
21
0.6185354330708661
0
LINE
8
BLACK
6
CONTINUOUS
10
0.643759842519685
20
0.6185354330708661
11
0.6430065354330708
21
0.6186852755905512
0
LINE
8
BLACK
6
CONTINUOUS
10
0.6430065354330708
20
0.6186852755905512
11
0.6419411811023622
21
0.6197506299212598
0
LINE
8
BLACK
6
CONTINUOUS
10
0.6419411811023622
20
0.6197506299212598
11
0.6417913385826771
21
0.620503937007874
0
LINE
8
BLACK
6
CONTINUOUS
10
0.6417913385826771
20
0.620503937007874
11
0.6417913385826771
21
0.683496062992126
0
LINE
8
BLACK
6
CONTINUOUS
10
0.6417913385826771
20
0.683496062992126
11
0.6419411811023622
21
0.6842493700787401
0
LINE
8
BLACK
6
CONTINUOUS
10
0.6419411811023622
20
0.6842493700787401
11
0.6430065354330708
21
0.6853147244094488
0
LINE
8
BLACK
6
CONTINUOUS
10
0.6430065354330708
20
0.6853147244094488
11
0.643759842519685
21
0.6854645669291338
0
LINE
8
BLACK
6
CONTINUOUS
10
0.643759842519685
20
0.6854645669291338
11
0.676240157480315
21
0.6854645669291338
0
LINE
8
BLACK
6
CONTINUOUS
10
0.676240157480315
20
0.6854645669291338
11
0.6769934645669291
21
0.6853147244094488
0
LINE
8
BLACK
6
CONTINUOUS
10
0.6457283464566929
20
0.6815275590551181
11
0.6457283464566929
21
0.6224724409448819
0
LINE
8
BLACK
6
CONTINUOUS
10
0.6457283464566929
20
0.6224724409448819
11
0.6742716535433071
21
0.6224724409448819
0
LINE
8
BLACK
6
CONTINUOUS
10
0.6742716535433071
20
0.6224724409448819
11
0.6742716535433071
21
0.6815275590551181
0
LINE
8
BLACK
6
CONTINUOUS
10
0.6742716535433071
20
0.6815275590551181
11
0.6457283464566929
21
0.6815275590551181
0
LINE
8
BLACK
6
CONTINUOUS
10
0.4121314960629921
20
0.7147551181102362
11
0.4121571653543307
21
0.7147636614173228
0
LINE
8
BLACK
6
CONTINUOUS
10
0.4121571653543307
20
0.7147636614173228
11
0.4123396850393701
21
0.7147137007874016
0
LINE
8
BLACK
6
CONTINUOUS
10
0.4123396850393701
20
0.7147137007874016
11
0.4125254724409449
21
0.7146767322834645
0
LINE
8
BLACK
6
CONTINUOUS
10
0.4125254724409449
20
0.7146767322834645
11
0.4125446062992126
21
0.7146575984251968
0
LINE
8
BLACK
6
CONTINUOUS
10
0.4125446062992126
20
0.7146575984251968
11
0.4126016929133858
21
0.714641968503937
0
LINE
8
BLACK
6
CONTINUOUS
10
0.4126016929133858
20
0.714641968503937
11
0.4141014960629921
21
0.7138920472440945
0
LINE
8
BLACK
6
CONTINUOUS
10
0.4141014960629921
20
0.7138920472440945
11
0.4142509448818897
21
0.7137760236220472
0
LINE
8
BLACK
6
CONTINUOUS
10
0.4142509448818897
20
0.7137760236220472
11
0.4144084251968504
21
0.7136708267716535
0
LINE
8
BLACK
6
CONTINUOUS
10
0.4144084251968504
20
0.7136708267716535
11
0.4151583070866142
21
0.7129209448818897
0
LINE
8
BLACK
6
CONTINUOUS
10
0.4151583070866142
20
0.7129209448818897
11
0.4154143700787402
21
0.7125377559055118
0
LINE
8
BLACK
6
CONTINUOUS
10
0.4154143700787402
20
0.7125377559055118
11
0.4154144094488189
21
0.7116338188976378
0
LINE
8
BLACK
6
CONTINUOUS
10
0.4154144094488189
20
0.7116338188976378
11
0.414775157480315
21
0.7109945669291339
0
LINE
8
BLACK
6
CONTINUOUS
10
0.414775157480315
20
0.7109945669291339
11
0.4138712598425197
21
0.7109945275590551
0
LINE
8
BLACK
6
CONTINUOUS
10
0.4138712598425197
20
0.7109945275590551
11
0.413488031496063
21
0.7112505511811024
0
LINE
8
BLACK
6
CONTINUOUS
10
0.413488031496063
20
0.7112505511811024
11
0.4128735826771653
21
0.7118649606299212
0
LINE
8
BLACK
6
CONTINUOUS
10
0.4128735826771653
20
0.7118649606299212
11
0.4117946062992126
21
0.7124044488188976
0
LINE
8
BLACK
6
CONTINUOUS
10
0.4117946062992126
20
0.7124044488188976
11
0.4086027952755906
21
0.7124044488188976
0
LINE
8
BLACK
6
CONTINUOUS
10
0.4086027952755906
20
0.7124044488188976
11
0.4075237007874016
21
0.7118649212598425
0
LINE
8
BLACK
6
CONTINUOUS
10
0.4075237007874016
20
0.7118649212598425
11
0.4070448818897638
21
0.7113861023622047
0
LINE
8
BLACK
6
CONTINUOUS
10
0.4070448818897638
20
0.7113861023622047
11
0.4065054330708661
21
0.7103071259842519
0
LINE
8
BLACK
6
CONTINUOUS
10
0.4065054330708661
20
0.7103071259842519
11
0.4065054330708661
21
0.7092778346456693
0
LINE
8
BLACK
6
CONTINUOUS
10
0.4065054330708661
20
0.7092778346456693
11
0.4071065354330708
21
0.7074743700787401
0
LINE
8
BLACK
6
CONTINUOUS
10
0.4071065354330708
20
0.7074743700787401
11
0.4159082677165354
21
0.6986726771653543
0
LINE
8
BLACK
6
CONTINUOUS
10
0.4159082677165354
20
0.6986726771653543
11
0.4161641732283464
21
0.6982896456692913
0
LINE
8
BLACK
6
CONTINUOUS
10
0.4161641732283464
20
0.6982896456692913
11
0.4161642913385827
21
0.6982895275590552
0
LINE
8
BLACK
6
CONTINUOUS
10
0.4161642913385827
20
0.6982895275590552
11
0.4161642913385827
21
0.6982894881889764
0
LINE
8
BLACK
6
CONTINUOUS
10
0.4161642913385827
20
0.6982894881889764
11
0.4161643307086614
21
0.6973855511811023
0
LINE
8
BLACK
6
CONTINUOUS
10
0.4161643307086614
20
0.6973855511811023
11
0.4161642913385827
21
0.6973855511811023
0
LINE
8
BLACK
6
CONTINUOUS
10
0.4161642913385827
20
0.6973855511811023
11
0.4161642913385827
21
0.6973855118110236
0
LINE
8
BLACK
6
CONTINUOUS
10
0.4161642913385827
20
0.6973855118110236
11
0.4155251181102362
21
0.6967463385826772
0
LINE
8
BLACK
6
CONTINUOUS
10
0.4155251181102362
20
0.6967463385826772
11
0.4150731102362205
21
0.6966564173228347
0
LINE
8
BLACK
6
CONTINUOUS
10
0.4150731102362205
20
0.6966564173228347
11
0.4053243307086614
21
0.6966564173228347
0
LINE
8
BLACK
6
CONTINUOUS
10
0.4053243307086614
20
0.6966564173228347
11
0.4048723228346456
21
0.6967463385826772
0
LINE
8
BLACK
6
CONTINUOUS
10
0.4048723228346456
20
0.6967463385826772
11
0.4042331496062992
21
0.6973855118110236
0
LINE
8
BLACK
6
CONTINUOUS
10
0.4042331496062992
20
0.6973855118110236
11
0.4042331496062992
21
0.6982895275590552
0
LINE
8
BLACK
6
CONTINUOUS
10
0.4042331496062992
20
0.6982895275590552
11
0.4048723228346456
21
0.6989287007874015
0
LINE
8
BLACK
6
CONTINUOUS
10
0.4048723228346456
20
0.6989287007874015
11
0.4053243307086614
21
0.6990186220472441
0
LINE
8
BLACK
6
CONTINUOUS
10
0.4053243307086614
20
0.6990186220472441
11
0.4122216929133858
21
0.6990186220472441
0
LINE
8
BLACK
6
CONTINUOUS
10
0.4122216929133858
20
0.6990186220472441
11
0.4052390551181102
21
0.706001220472441
0
LINE
8
BLACK
6
CONTINUOUS
10
0.4052390551181102
20
0.706001220472441
11
0.4052061811023622
21
0.7060504330708661
0
LINE
8
BLACK
6
CONTINUOUS
10
0.4052061811023622
20
0.7060504330708661
11
0.405181968503937
21
0.7060625196850393
0
LINE
8
BLACK
6
CONTINUOUS
10
0.405181968503937
20
0.7060625196850393
11
0.4050880708661417
21
0.7062271653543307
0
LINE
8
BLACK
6
CONTINUOUS
10
0.4050880708661417
20
0.7062271653543307
11
0.404983031496063
21
0.7063844094488189
0
LINE
8
BLACK
6
CONTINUOUS
10
0.404983031496063
20
0.7063844094488189
11
0.404983031496063
21
0.7064114566929134
0
LINE
8
BLACK
6
CONTINUOUS
10
0.404983031496063
20
0.7064114566929134
11
0.4049537007874016
21
0.706462874015748
0
LINE
8
BLACK
6
CONTINUOUS
10
0.4049537007874016
20
0.706462874015748
11
0.4042038188976378
21
0.7087125984251968
0
LINE
8
BLACK
6
CONTINUOUS
10
0.4042038188976378
20
0.7087125984251968
11
0.4041801181102362
21
0.7089005118110236
0
LINE
8
BLACK
6
CONTINUOUS
10
0.4041801181102362
20
0.7089005118110236
11
0.4041432283464567
21
0.7090861023622047
0
LINE
8
BLACK
6
CONTINUOUS
10
0.4041432283464567
20
0.7090861023622047
11
0.4041432283464567
21
0.710585905511811
0
LINE
8
BLACK
6
CONTINUOUS
10
0.4041432283464567
20
0.710585905511811
11
0.4041547637795275
21
0.710643937007874
0
LINE
8
BLACK
6
CONTINUOUS
10
0.4041547637795275
20
0.710643937007874
11
0.4041462204724409
21
0.7106695669291339
0
LINE
8
BLACK
6
CONTINUOUS
10
0.4041462204724409
20
0.7106695669291339
11
0.4041961417322835
21
0.7108520472440945
0
LINE
8
BLACK
6
CONTINUOUS
10
0.4041961417322835
20
0.7108520472440945
11
0.4042331496062992
21
0.7110379133858268
0
LINE
8
BLACK
6
CONTINUOUS
10
0.4042331496062992
20
0.7110379133858268
11
0.4042522834645669
21
0.7110570866141732
0
LINE
8
BLACK
6
CONTINUOUS
10
0.4042522834645669
20
0.7110570866141732
11
0.4042679133858267
21
0.711114094488189
0
LINE
8
BLACK
6
CONTINUOUS
10
0.4042679133858267
20
0.711114094488189
11
0.4050177952755906
21
0.712613937007874
0
LINE
8
BLACK
6
CONTINUOUS
10
0.4050177952755906
20
0.712613937007874
11
0.4051337401574803
21
0.7127633464566929
0
LINE
8
BLACK
6
CONTINUOUS
10
0.4051337401574803
20
0.7127633464566929
11
0.4052390551181102
21
0.7129209448818897
0
LINE
8
BLACK
6
CONTINUOUS
10
0.4052390551181102
20
0.7129209448818897
11
0.4059889763779527
21
0.7136708267716535
0
LINE
8
BLACK
6
CONTINUOUS
10
0.4059889763779527
20
0.7136708267716535
11
0.4061464173228346
21
0.7137760236220472
0
LINE
8
BLACK
6
CONTINUOUS
10
0.4061464173228346
20
0.7137760236220472
11
0.406295905511811
21
0.7138920472440945
0
LINE
8
BLACK
6
CONTINUOUS
10
0.406295905511811
20
0.7138920472440945
11
0.407795748031496
21
0.714641968503937
0
LINE
8
BLACK
6
CONTINUOUS
10
0.407795748031496
20
0.714641968503937
11
0.4078527559055118
21
0.7146575984251968
0
LINE
8
BLACK
6
CONTINUOUS
10
0.4078527559055118
20
0.7146575984251968
11
0.4078719291338583
21
0.7146767322834645
0
LINE
8
BLACK
6
CONTINUOUS
10
0.4078719291338583
20
0.7146767322834645
11
0.4080574015748031
21
0.7147136614173228
0
LINE
8
BLACK
6
CONTINUOUS
10
0.4080574015748031
20
0.7147136614173228
11
0.4082402362204725
21
0.7147637007874016
0
LINE
8
BLACK
6
CONTINUOUS
10
0.4082402362204725
20
0.7147637007874016
11
0.4082659448818898
21
0.7147551574803149
0
LINE
8
BLACK
6
CONTINUOUS
10
0.4082659448818898
20
0.7147551574803149
11
0.408323937007874
21
0.714766653543307
0
LINE
8
BLACK
6
CONTINUOUS
10
0.408323937007874
20
0.714766653543307
11
0.4120734645669291
21
0.714766653543307
0
LINE
8
BLACK
6
CONTINUOUS
10
0.4120734645669291
20
0.714766653543307
11
0.4121314960629921
21
0.7147551181102362
0
LINE
8
BLACK
6
CONTINUOUS
10
0.4249300393700787
20
0.7146767322834645
11
0.4252738582677165
21
0.7146767322834645
0
LINE
8
BLACK
6
CONTINUOUS
10
0.4252738582677165
20
0.7146767322834645
11
0.4253598031496063
21
0.7145907874015748
0
LINE
8
BLACK
6
CONTINUOUS
10
0.4253598031496063
20
0.7145907874015748
11
0.4254790157480315
21
0.7145669291338582
0
LINE
8
BLACK
6
CONTINUOUS
10
0.4254790157480315
20
0.7145669291338582
11
0.4258045669291338
21
0.7142407086614173
0
LINE
8
BLACK
6
CONTINUOUS
10
0.4258045669291338
20
0.7142407086614173
11
0.4272396062992126
21
0.7120882283464567
0
LINE
8
BLACK
6
CONTINUOUS
10
0.4272396062992126
20
0.7120882283464567
11
0.4285211023622047
21
0.7108067322834646
0
LINE
8
BLACK
6
CONTINUOUS
10
0.4285211023622047
20
0.7108067322834646
11
0.4298495275590551
21
0.7101425196850394
0
LINE
8
BLACK
6
CONTINUOUS
10
0.4298495275590551
20
0.7101425196850394
11
0.4302135826771654
21
0.7098599212598425
0
LINE
8
BLACK
6
CONTINUOUS
10
0.4302135826771654
20
0.7098599212598425
11
0.4304994488188976
21
0.7090024015748031
0
LINE
8
BLACK
6
CONTINUOUS
10
0.4304994488188976
20
0.7090024015748031
11
0.4300951181102362
21
0.7081938188976378
0
LINE
8
BLACK
6
CONTINUOUS
10
0.4300951181102362
20
0.7081938188976378
11
0.4292375984251968
21
0.7079079527559055
0
LINE
8
BLACK
6
CONTINUOUS
10
0.4292375984251968
20
0.7079079527559055
11
0.4287931102362205
21
0.70802968503937
0
LINE
8
BLACK
6
CONTINUOUS
10
0.4287931102362205
20
0.70802968503937
11
0.4272932677165354
21
0.7087796062992126
0
LINE
8
BLACK
6
CONTINUOUS
10
0.4272932677165354
20
0.7087796062992126
11
0.4271436614173229
21
0.708895748031496
0
LINE
8
BLACK
6
CONTINUOUS
10
0.4271436614173229
20
0.708895748031496
11
0.4269862992125984
21
0.7090008661417323
0
LINE
8
BLACK
6
CONTINUOUS
10
0.4269862992125984
20
0.7090008661417323
11
0.4260029527559055
21
0.7099842519685039
0
LINE
8
BLACK
6
CONTINUOUS
10
0.4260029527559055
20
0.7099842519685039
11
0.4260029527559055
21
0.6990186220472441
0
LINE
8
BLACK
6
CONTINUOUS
10
0.4260029527559055
20
0.6990186220472441
11
0.4293212992125984
21
0.6990186220472441
0
LINE
8
BLACK
6
CONTINUOUS
10
0.4293212992125984
20
0.6990186220472441
11
0.4297733070866142
21
0.6989287007874015
0
LINE
8
BLACK
6
CONTINUOUS
10
0.4297733070866142
20
0.6989287007874015
11
0.4304124803149606
21
0.6982895275590552
0
LINE
8
BLACK
6
CONTINUOUS
10
0.4304124803149606
20
0.6982895275590552
11
0.4304124803149606
21
0.6973855118110236
0
LINE
8
BLACK
6
CONTINUOUS
10
0.4304124803149606
20
0.6973855118110236
11
0.4297733070866142
21
0.6967463385826772
0
LINE
8
BLACK
6
CONTINUOUS
10
0.4297733070866142
20
0.6967463385826772
11
0.4293212992125984
21
0.6966564173228347
0
LINE
8
BLACK
6
CONTINUOUS
10
0.4293212992125984
20
0.6966564173228347
11
0.4203224409448819
21
0.6966564173228347
0
LINE
8
BLACK
6
CONTINUOUS
10
0.4203224409448819
20
0.6966564173228347
11
0.4198704330708661
21
0.6967463385826772
0
LINE
8
BLACK
6
CONTINUOUS
10
0.4198704330708661
20
0.6967463385826772
11
0.4192312598425197
21
0.6973855118110236
0
LINE
8
BLACK
6
CONTINUOUS
10
0.4192312598425197
20
0.6973855118110236
11
0.4192312598425197
21
0.6982895275590552
0
LINE
8
BLACK
6
CONTINUOUS
10
0.4192312598425197
20
0.6982895275590552
11
0.4198704330708661
21
0.6989287007874015
0
LINE
8
BLACK
6
CONTINUOUS
10
0.4198704330708661
20
0.6989287007874015
11
0.4203224409448819
21
0.6990186220472441
0
LINE
8
BLACK
6
CONTINUOUS
10
0.4203224409448819
20
0.6990186220472441
11
0.423640748031496
21
0.6990186220472441
0
LINE
8
BLACK
6
CONTINUOUS
10
0.423640748031496
20
0.6990186220472441
11
0.423640748031496
21
0.7135855511811023
0
LINE
8
BLACK
6
CONTINUOUS
10
0.423640748031496
20
0.7135855511811023
11
0.4237306692913386
21
0.7140375590551181
0
LINE
8
BLACK
6
CONTINUOUS
10
0.4237306692913386
20
0.7140375590551181
11
0.4238166141732284
21
0.7141235433070866
0
LINE
8
BLACK
6
CONTINUOUS
10
0.4238166141732284
20
0.7141235433070866
11
0.4238404724409449
21
0.714242716535433
0
LINE
8
BLACK
6
CONTINUOUS
10
0.4238404724409449
20
0.714242716535433
11
0.4241265748031496
21
0.7144335039370079
0
LINE
8
BLACK
6
CONTINUOUS
10
0.4241265748031496
20
0.7144335039370079
11
0.424369842519685
21
0.7146767322834645
0
LINE
8
BLACK
6
CONTINUOUS
10
0.424369842519685
20
0.7146767322834645
11
0.4244914173228346
21
0.7146767322834645
0
LINE
8
BLACK
6
CONTINUOUS
10
0.4244914173228346
20
0.7146767322834645
11
0.4245926377952756
21
0.7147442125984251
0
LINE
8
BLACK
6
CONTINUOUS
10
0.4245926377952756
20
0.7147442125984251
11
0.4249300393700787
21
0.7146767322834645
0
LINE
8
BLACK
6
CONTINUOUS
10
0.4447714173228347
20
0.7146767322834645
11
0.4454105905511811
21
0.7140375590551181
0
LINE
8
BLACK
6
CONTINUOUS
10
0.4454105905511811
20
0.7140375590551181
11
0.4455005118110236
21
0.7135855511811023
0
LINE
8
BLACK
6
CONTINUOUS
10
0.4455005118110236
20
0.7135855511811023
11
0.4455005118110236
21
0.6978375196850394
0
LINE
8
BLACK
6
CONTINUOUS
10
0.4455005118110236
20
0.6978375196850394
11
0.4454105905511811
21
0.6973855118110236
0
LINE
8
BLACK
6
CONTINUOUS
10
0.4454105905511811
20
0.6973855118110236
11
0.4447714173228347
21
0.6967463385826772
0
LINE
8
BLACK
6
CONTINUOUS
10
0.4447714173228347
20
0.6967463385826772
11
0.4438674015748031
21
0.6967463385826772
0
LINE
8
BLACK
6
CONTINUOUS
10
0.4438674015748031
20
0.6967463385826772
11
0.4432282283464567
21
0.6973855118110236
0
LINE
8
BLACK
6
CONTINUOUS
10
0.4432282283464567
20
0.6973855118110236
11
0.4431383070866142
21
0.6978375196850394
0
LINE
8
BLACK
6
CONTINUOUS
10
0.4431383070866142
20
0.6978375196850394
11
0.4431383070866142
21
0.7041554724409449
0
LINE
8
BLACK
6
CONTINUOUS
10
0.4431383070866142
20
0.7041554724409449
11
0.441184842519685
21
0.7041554724409449
0
LINE
8
BLACK
6
CONTINUOUS
10
0.441184842519685
20
0.7041554724409449
11
0.4362881496062992
21
0.6971601968503937
0
LINE
8
BLACK
6
CONTINUOUS
10
0.4362881496062992
20
0.6971601968503937
11
0.4359552755905512
21
0.6968414566929134
0
LINE
8
BLACK
6
CONTINUOUS
10
0.4359552755905512
20
0.6968414566929134
11
0.4350651181102362
21
0.6966843700787402
0
LINE
8
BLACK
6
CONTINUOUS
10
0.4350651181102362
20
0.6966843700787402
11
0.4343244881889763
21
0.6972027952755905
0
LINE
8
BLACK
6
CONTINUOUS
10
0.4343244881889763
20
0.6972027952755905
11
0.4341674015748032
21
0.6980929527559055
0
LINE
8
BLACK
6
CONTINUOUS
10
0.4341674015748032
20
0.6980929527559055
11
0.4343529527559055
21
0.698514842519685
0
LINE
8
BLACK
6
CONTINUOUS
10
0.4343529527559055
20
0.698514842519685
11
0.4383036614173228
21
0.704158779527559
0
LINE
8
BLACK
6
CONTINUOUS
10
0.4383036614173228
20
0.704158779527559
11
0.4382621653543307
21
0.7041670078740158
0
LINE
8
BLACK
6
CONTINUOUS
10
0.4382621653543307
20
0.7041670078740158
11
0.4382364566929134
21
0.7041584251968503
0
LINE
8
BLACK
6
CONTINUOUS
10
0.4382364566929134
20
0.7041584251968503
11
0.4380536220472441
21
0.7042085039370078
0
LINE
8
BLACK
6
CONTINUOUS
10
0.4380536220472441
20
0.7042085039370078
11
0.4378681496062992
21
0.7042453937007874
0
LINE
8
BLACK
6
CONTINUOUS
10
0.4378681496062992
20
0.7042453937007874
11
0.4378489763779527
21
0.7042645669291339
0
LINE
8
BLACK
6
CONTINUOUS
10
0.4378489763779527
20
0.7042645669291339
11
0.437791968503937
21
0.7042801574803149
0
LINE
8
BLACK
6
CONTINUOUS
10
0.437791968503937
20
0.7042801574803149
11
0.4362921259842519
21
0.7050300787401574
0
LINE
8
BLACK
6
CONTINUOUS
10
0.4362921259842519
20
0.7050300787401574
11
0.4361427165354331
21
0.705146062992126
0
LINE
8
BLACK
6
CONTINUOUS
10
0.4361427165354331
20
0.705146062992126
11
0.4359851968503937
21
0.7052512992125984
0
LINE
8
BLACK
6
CONTINUOUS
10
0.4359851968503937
20
0.7052512992125984
11
0.4352353149606299
21
0.706001220472441
0
LINE
8
BLACK
6
CONTINUOUS
10
0.4352353149606299
20
0.706001220472441
11
0.4351302755905512
21
0.7061584251968503
0
LINE
8
BLACK
6
CONTINUOUS
10
0.4351302755905512
20
0.7061584251968503
11
0.4350140551181102
21
0.7063081496062992
0
LINE
8
BLACK
6
CONTINUOUS
10
0.4350140551181102
20
0.7063081496062992
11
0.4342641338582677
21
0.707808031496063
0
LINE
8
BLACK
6
CONTINUOUS
10
0.4342641338582677
20
0.707808031496063
11
0.4342485039370079
21
0.7078650787401575
0
LINE
8
BLACK
6
CONTINUOUS
10
0.4342485039370079
20
0.7078650787401575
11
0.4342293700787401
21
0.7078842125984252
0
LINE
8
BLACK
6
CONTINUOUS
10
0.4342293700787401
20
0.7078842125984252
11
0.4341924015748032
21
0.7080700393700787
0
LINE
8
BLACK
6
CONTINUOUS
10
0.4341924015748032
20
0.7080700393700787
11
0.4341424409448819
21
0.7082525196850393
0
LINE
8
BLACK
6
CONTINUOUS
10
0.4341424409448819
20
0.7082525196850393
11
0.4341509842519685
21
0.708278188976378
0
LINE
8
BLACK
6
CONTINUOUS
10
0.4341509842519685
20
0.708278188976378
11
0.4341394488188977
21
0.7083362204724409
0
LINE
8
BLACK
6
CONTINUOUS
10
0.4341394488188977
20
0.7083362204724409
11
0.4341394488188977
21
0.710585905511811
0
LINE
8
BLACK
6
CONTINUOUS
10
0.4341394488188977
20
0.710585905511811
11
0.4341509842519685
21
0.7106439763779527
0
LINE
8
BLACK
6
CONTINUOUS
10
0.4341509842519685
20
0.7106439763779527
11
0.4341424409448819
21
0.7106696062992126
0
LINE
8
BLACK
6
CONTINUOUS
10
0.4341424409448819
20
0.7106696062992126
11
0.4341924015748032
21
0.710852125984252
0
LINE
8
BLACK
6
CONTINUOUS
10
0.4341924015748032
20
0.710852125984252
11
0.4342293700787401
21
0.7110379133858268
0
LINE
8
BLACK
6
CONTINUOUS
10
0.4342293700787401
20
0.7110379133858268
11
0.4342485039370079
21
0.7110570866141732
0
LINE
8
BLACK
6
CONTINUOUS
10
0.4342485039370079
20
0.7110570866141732
11
0.4342641338582677
21
0.711114094488189
0
LINE
8
BLACK
6
CONTINUOUS
10
0.4342641338582677
20
0.711114094488189
11
0.4350140551181102
21
0.7126139763779528
0
LINE
8
BLACK
6
CONTINUOUS
10
0.4350140551181102
20
0.7126139763779528
11
0.4351302755905512
21
0.7127637401574803
0
LINE
8
BLACK
6
CONTINUOUS
10
0.4351302755905512
20
0.7127637401574803
11
0.4352353149606299
21
0.712920905511811
0
LINE
8
BLACK
6
CONTINUOUS
10
0.4352353149606299
20
0.712920905511811
11
0.4359851968503937
21
0.7136708267716535
0
LINE
8
BLACK
6
CONTINUOUS
10
0.4359851968503937
20
0.7136708267716535
11
0.4361427165354331
21
0.7137761023622047
0
LINE
8
BLACK
6
CONTINUOUS
10
0.4361427165354331
20
0.7137761023622047
11
0.4362921259842519
21
0.7138920472440945
0
LINE
8
BLACK
6
CONTINUOUS
10
0.4362921259842519
20
0.7138920472440945
11
0.437791968503937
21
0.714641968503937
0
LINE
8
BLACK
6
CONTINUOUS
10
0.437791968503937
20
0.714641968503937
11
0.4378489763779527
21
0.7146575984251968
0
LINE
8
BLACK
6
CONTINUOUS
10
0.4378489763779527
20
0.7146575984251968
11
0.4378681496062992
21
0.7146767322834645
0
LINE
8
BLACK
6
CONTINUOUS
10
0.4378681496062992
20
0.7146767322834645
11
0.4380536220472441
21
0.7147136614173228
0
LINE
8
BLACK
6
CONTINUOUS
10
0.4380536220472441
20
0.7147136614173228
11
0.4382364566929134
21
0.7147637007874016
0
LINE
8
BLACK
6
CONTINUOUS
10
0.4382364566929134
20
0.7147637007874016
11
0.4382621653543307
21
0.7147551574803149
0
LINE
8
BLACK
6
CONTINUOUS
10
0.4382621653543307
20
0.7147551574803149
11
0.4383201574803149
21
0.714766653543307
0
LINE
8
BLACK
6
CONTINUOUS
10
0.4383201574803149
20
0.714766653543307
11
0.4443194094488189
21
0.714766653543307
0
LINE
8
BLACK
6
CONTINUOUS
10
0.4443194094488189
20
0.714766653543307
11
0.4447714173228347
21
0.7146767322834645
0
LINE
8
BLACK
6
CONTINUOUS
10
0.4375199606299213
20
0.7118649212598425
11
0.4370411417322835
21
0.7113861417322834
0
LINE
8
BLACK
6
CONTINUOUS
10
0.4370411417322835
20
0.7113861417322834
11
0.4365016535433071
21
0.7103070866141732
0
LINE
8
BLACK
6
CONTINUOUS
10
0.4365016535433071
20
0.7103070866141732
11
0.4365016535433071
21
0.7086150393700787
0
LINE
8
BLACK
6
CONTINUOUS
10
0.4365016535433071
20
0.7086150393700787
11
0.4370411417322835
21
0.7075360236220473
0
LINE
8
BLACK
6
CONTINUOUS
10
0.4370411417322835
20
0.7075360236220473
11
0.4375199606299213
21
0.7070572440944882
0
LINE
8
BLACK
6
CONTINUOUS
10
0.4375199606299213
20
0.7070572440944882
11
0.4385990157480315
21
0.7065176771653543
0
LINE
8
BLACK
6
CONTINUOUS
10
0.4385990157480315
20
0.7065176771653543
11
0.4431383070866142
21
0.7065176771653543
0
LINE
8
BLACK
6
CONTINUOUS
10
0.4431383070866142
20
0.7065176771653543
11
0.4431383070866142
21
0.7124044488188976
0
LINE
8
BLACK
6
CONTINUOUS
10
0.4431383070866142
20
0.7124044488188976
11
0.4385990157480315
21
0.7124044488188976
0
LINE
8
BLACK
6
CONTINUOUS
10
0.4385990157480315
20
0.7124044488188976
11
0.4375199606299213
21
0.7118649212598425
0
LINE
8
BLACK
6
CONTINUOUS
10
0.4574462204724409
20
0.7230588188976378
11
0.4585115748031496
21
0.7219934645669291
0
LINE
8
BLACK
6
CONTINUOUS
10
0.4585115748031496
20
0.7219934645669291
11
0.4586614173228346
21
0.7212401574803149
0
LINE
8
BLACK
6
CONTINUOUS
10
0.4586614173228346
20
0.7212401574803149
11
0.4586614173228346
21
0.688759842519685
0
LINE
8
BLACK
6
CONTINUOUS
10
0.4586614173228346
20
0.688759842519685
11
0.4585115748031496
21
0.6880065354330709
0
LINE
8
BLACK
6
CONTINUOUS
10
0.4585115748031496
20
0.6880065354330709
11
0.4574462204724409
21
0.6869411811023622
0
LINE
8
BLACK
6
CONTINUOUS
10
0.4574462204724409
20
0.6869411811023622
11
0.4566929133858267
21
0.6867913385826772
0
LINE
8
BLACK
6
CONTINUOUS
10
0.4566929133858267
20
0.6867913385826772
11
0.3937007874015748
21
0.6867913385826772
0
LINE
8
BLACK
6
CONTINUOUS
10
0.3937007874015748
20
0.6867913385826772
11
0.3929474803149606
21
0.6869411811023622
0
LINE
8
BLACK
6
CONTINUOUS
10
0.3929474803149606
20
0.6869411811023622
11
0.391882125984252
21
0.6880065354330709
0
LINE
8
BLACK
6
CONTINUOUS
10
0.391882125984252
20
0.6880065354330709
11
0.3917322834645669
21
0.688759842519685
0
LINE
8
BLACK
6
CONTINUOUS
10
0.3917322834645669
20
0.688759842519685
11
0.3917322834645669
21
0.7212401574803149
0
LINE
8
BLACK
6
CONTINUOUS
10
0.3917322834645669
20
0.7212401574803149
11
0.391882125984252
21
0.7219934645669291
0
LINE
8
BLACK
6
CONTINUOUS
10
0.391882125984252
20
0.7219934645669291
11
0.3929474803149606
21
0.7230588188976378
0
LINE
8
BLACK
6
CONTINUOUS
10
0.3929474803149606
20
0.7230588188976378
11
0.3937007874015748
21
0.7232086614173229
0
LINE
8
BLACK
6
CONTINUOUS
10
0.3937007874015748
20
0.7232086614173229
11
0.4566929133858267
21
0.7232086614173229
0
LINE
8
BLACK
6
CONTINUOUS
10
0.4566929133858267
20
0.7232086614173229
11
0.4574462204724409
21
0.7230588188976378
0
LINE
8
BLACK
6
CONTINUOUS
10
0.3956692913385826
20
0.719271653543307
11
0.3956692913385826
21
0.6907283464566929
0
LINE
8
BLACK
6
CONTINUOUS
10
0.3956692913385826
20
0.6907283464566929
11
0.4547244094488189
21
0.6907283464566929
0
LINE
8
BLACK
6
CONTINUOUS
10
0.4547244094488189
20
0.6907283464566929
11
0.4547244094488189
21
0.719271653543307
0
LINE
8
BLACK
6
CONTINUOUS
10
0.4547244094488189
20
0.719271653543307
11
0.3956692913385826
21
0.719271653543307
0
LINE
8
BLACK
6
CONTINUOUS
10
0.552738937007874
20
0.7147551181102362
11
0.5527646062992125
21
0.7147636614173228
0
LINE
8
BLACK
6
CONTINUOUS
10
0.5527646062992125
20
0.7147636614173228
11
0.552947125984252
21
0.7147137007874016
0
LINE
8
BLACK
6
CONTINUOUS
10
0.552947125984252
20
0.7147137007874016
11
0.5531329133858267
21
0.7146767322834645
0
LINE
8
BLACK
6
CONTINUOUS
10
0.5531329133858267
20
0.7146767322834645
11
0.5531520472440945
21
0.7146575984251968
0
LINE
8
BLACK
6
CONTINUOUS
10
0.5531520472440945
20
0.7146575984251968
11
0.5532091338582678
21
0.714641968503937
0
LINE
8
BLACK
6
CONTINUOUS
10
0.5532091338582678
20
0.714641968503937
11
0.554708937007874
21
0.7138920472440945
0
LINE
8
BLACK
6
CONTINUOUS
10
0.554708937007874
20
0.7138920472440945
11
0.5548586614173229
21
0.7137758267716535
0
LINE
8
BLACK
6
CONTINUOUS
10
0.5548586614173229
20
0.7137758267716535
11
0.5550158661417323
21
0.7136707874015747
0
LINE
8
BLACK
6
CONTINUOUS
10
0.5550158661417323
20
0.7136707874015747
11
0.5557657874015748
21
0.712920905511811
0
LINE
8
BLACK
6
CONTINUOUS
10
0.5557657874015748
20
0.712920905511811
11
0.5558711417322835
21
0.7127631889763779
0
LINE
8
BLACK
6
CONTINUOUS
10
0.5558711417322835
20
0.7127631889763779
11
0.5559870078740158
21
0.712613937007874
0
LINE
8
BLACK
6
CONTINUOUS
10
0.5559870078740158
20
0.712613937007874
11
0.5567369291338583
21
0.711114094488189
0
LINE
8
BLACK
6
CONTINUOUS
10
0.5567369291338583
20
0.711114094488189
11
0.5567525196850394
21
0.7110570866141732
0
LINE
8
BLACK
6
CONTINUOUS
10
0.5567525196850394
20
0.7110570866141732
11
0.5567716929133858
21
0.7110379133858268
0
LINE
8
BLACK
6
CONTINUOUS
10
0.5567716929133858
20
0.7110379133858268
11
0.5568085826771654
21
0.7108524409448819
0
LINE
8
BLACK
6
CONTINUOUS
10
0.5568085826771654
20
0.7108524409448819
11
0.5568586614173229
21
0.7106696062992126
0
LINE
8
BLACK
6
CONTINUOUS
10
0.5568586614173229
20
0.7106696062992126
11
0.5568500787401575
21
0.7106438976377952
0
LINE
8
BLACK
6
CONTINUOUS
10
0.5568500787401575
20
0.7106438976377952
11
0.5568616141732283
21
0.710585905511811
0
LINE
8
BLACK
6
CONTINUOUS
10
0.5568616141732283
20
0.710585905511811
11
0.5568616141732283
21
0.7068363779527559
0
LINE
8
BLACK
6
CONTINUOUS
10
0.5568616141732283
20
0.7068363779527559
11
0.5568500787401575
21
0.7067784251968504
0
LINE
8
BLACK
6
CONTINUOUS
10
0.5568500787401575
20
0.7067784251968504
11
0.5568586614173229
21
0.7067526771653543
0
LINE
8
BLACK
6
CONTINUOUS
10
0.5568586614173229
20
0.7067526771653543
11
0.5568085826771654
21
0.7065698818897638
0
LINE
8
BLACK
6
CONTINUOUS
10
0.5568085826771654
20
0.7065698818897638
11
0.5567716929133858
21
0.7063843700787401
0
LINE
8
BLACK
6
CONTINUOUS
10
0.5567716929133858
20
0.7063843700787401
11
0.5567525196850394
21
0.7063652362204724
0
LINE
8
BLACK
6
CONTINUOUS
10
0.5567525196850394
20
0.7063652362204724
11
0.5567369291338583
21
0.7063081889763779
0
LINE
8
BLACK
6
CONTINUOUS
10
0.5567369291338583
20
0.7063081889763779
11
0.5559870078740158
21
0.7048083464566929
0
LINE
8
BLACK
6
CONTINUOUS
10
0.5559870078740158
20
0.7048083464566929
11
0.5558709448818897
21
0.7046588976377952
0
LINE
8
BLACK
6
CONTINUOUS
10
0.5558709448818897
20
0.7046588976377952
11
0.5557657874015748
21
0.7045014173228347
0
LINE
8
BLACK
6
CONTINUOUS
10
0.5557657874015748
20
0.7045014173228347
11
0.555015905511811
21
0.7037514960629921
0
LINE
8
BLACK
6
CONTINUOUS
10
0.555015905511811
20
0.7037514960629921
11
0.5548582677165355
21
0.703646220472441
0
LINE
8
BLACK
6
CONTINUOUS
10
0.5548582677165355
20
0.703646220472441
11
0.5547088976377953
21
0.7035302362204724
0
LINE
8
BLACK
6
CONTINUOUS
10
0.5547088976377953
20
0.7035302362204724
11
0.553209094488189
21
0.7027803543307086
0
LINE
8
BLACK
6
CONTINUOUS
10
0.553209094488189
20
0.7027803543307086
11
0.5531520472440945
21
0.7027647637795276
0
LINE
8
BLACK
6
CONTINUOUS
10
0.5531520472440945
20
0.7027647637795276
11
0.5531329133858267
21
0.7027455905511811
0
LINE
8
BLACK
6
CONTINUOUS
10
0.5531329133858267
20
0.7027455905511811
11
0.5529470866141732
21
0.7027086614173228
0
LINE
8
BLACK
6
CONTINUOUS
10
0.5529470866141732
20
0.7027086614173228
11
0.5527646062992125
21
0.7026586614173228
0
LINE
8
BLACK
6
CONTINUOUS
10
0.5527646062992125
20
0.7026586614173228
11
0.552738937007874
21
0.7026672440944882
0
LINE
8
BLACK
6
CONTINUOUS
10
0.552738937007874
20
0.7026672440944882
11
0.552680905511811
21
0.7026556692913386
0
LINE
8
BLACK
6
CONTINUOUS
10
0.552680905511811
20
0.7026556692913386
11
0.5496812598425197
21
0.7026556692913386
0
LINE
8
BLACK
6
CONTINUOUS
10
0.5496812598425197
20
0.7026556692913386
11
0.549623188976378
21
0.7026672440944882
0
LINE
8
BLACK
6
CONTINUOUS
10
0.549623188976378
20
0.7026672440944882
11
0.5495975590551181
21
0.7026586614173228
0
LINE
8
BLACK
6
CONTINUOUS
10
0.5495975590551181
20
0.7026586614173228
11
0.5494150393700787
21
0.7027086614173228
0
LINE
8
BLACK
6
CONTINUOUS
10
0.5494150393700787
20
0.7027086614173228
11
0.5492292519685039
21
0.7027455905511811
0
LINE
8
BLACK
6
CONTINUOUS
10
0.5492292519685039
20
0.7027455905511811
11
0.5492100787401575
21
0.7027647637795276
0
LINE
8
BLACK
6
CONTINUOUS
10
0.5492100787401575
20
0.7027647637795276
11
0.5491530708661417
21
0.7027803543307086
0
LINE
8
BLACK
6
CONTINUOUS
10
0.5491530708661417
20
0.7027803543307086
11
0.5482360236220473
21
0.7032388976377952
0
LINE
8
BLACK
6
CONTINUOUS
10
0.5482360236220473
20
0.7032388976377952
11
0.5485277165354331
21
0.7020720472440944
0
LINE
8
BLACK
6
CONTINUOUS
10
0.5485277165354331
20
0.7020720472440944
11
0.5498491732283465
21
0.7000898031496063
0
LINE
8
BLACK
6
CONTINUOUS
10
0.5498491732283465
20
0.7000898031496063
11
0.5503808267716536
21
0.6995581496062993
0
LINE
8
BLACK
6
CONTINUOUS
10
0.5503808267716536
20
0.6995581496062993
11
0.5514598818897638
21
0.6990186220472441
0
LINE
8
BLACK
6
CONTINUOUS
10
0.5514598818897638
20
0.6990186220472441
11
0.5541807086614173
21
0.6990186220472441
0
LINE
8
BLACK
6
CONTINUOUS
10
0.5541807086614173
20
0.6990186220472441
11
0.5546327165354331
21
0.6989287007874015
0
LINE
8
BLACK
6
CONTINUOUS
10
0.5546327165354331
20
0.6989287007874015
11
0.5552718897637795
21
0.6982895275590552
0
LINE
8
BLACK
6
CONTINUOUS
10
0.5552718897637795
20
0.6982895275590552
11
0.5552718897637795
21
0.6973855118110236
0
LINE
8
BLACK
6
CONTINUOUS
10
0.5552718897637795
20
0.6973855118110236
11
0.5546327165354331
21
0.6967463385826772
0
LINE
8
BLACK
6
CONTINUOUS
10
0.5546327165354331
20
0.6967463385826772
11
0.5541807086614173
21
0.6966564173228347
0
LINE
8
BLACK
6
CONTINUOUS
10
0.5541807086614173
20
0.6966564173228347
11
0.551181062992126
21
0.6966564173228347
0
LINE
8
BLACK
6
CONTINUOUS
10
0.551181062992126
20
0.6966564173228347
11
0.5511229921259843
21
0.6966679921259842
0
LINE
8
BLACK
6
CONTINUOUS
10
0.5511229921259843
20
0.6966679921259842
11
0.5510973622047244
21
0.6966594094488189
0
LINE
8
BLACK
6
CONTINUOUS
10
0.5510973622047244
20
0.6966594094488189
11
0.550914842519685
21
0.6967094094488189
0
LINE
8
BLACK
6
CONTINUOUS
10
0.550914842519685
20
0.6967094094488189
11
0.5507290551181102
21
0.6967463385826772
0
LINE
8
BLACK
6
CONTINUOUS
10
0.5507290551181102
20
0.6967463385826772
11
0.5507098818897638
21
0.6967655118110236
0
LINE
8
BLACK
6
CONTINUOUS
10
0.5507098818897638
20
0.6967655118110236
11
0.550652874015748
21
0.6967811023622047
0
LINE
8
BLACK
6
CONTINUOUS
10
0.550652874015748
20
0.6967811023622047
11
0.5491530708661417
21
0.6975309842519685
0
LINE
8
BLACK
6
CONTINUOUS
10
0.5491530708661417
20
0.6975309842519685
11
0.5490034251968504
21
0.6976471259842519
0
LINE
8
BLACK
6
CONTINUOUS
10
0.5490034251968504
20
0.6976471259842519
11
0.5488461023622047
21
0.6977522440944882
0
LINE
8
BLACK
6
CONTINUOUS
10
0.5488461023622047
20
0.6977522440944882
11
0.5480961811023622
21
0.6985021653543307
0
LINE
8
BLACK
6
CONTINUOUS
10
0.5480961811023622
20
0.6985021653543307
11
0.5480312598425197
21
0.6985992913385827
0
LINE
8
BLACK
6
CONTINUOUS
10
0.5480312598425197
20
0.6985992913385827
11
0.5479485826771654
21
0.6986821653543307
0
LINE
8
BLACK
6
CONTINUOUS
10
0.5479485826771654
20
0.6986821653543307
11
0.546448779527559
21
0.7009318897637795
0
LINE
8
BLACK
6
CONTINUOUS
10
0.546448779527559
20
0.7009318897637795
11
0.5463716535433071
21
0.7011186614173228
0
LINE
8
BLACK
6
CONTINUOUS
10
0.5463716535433071
20
0.7011186614173228
11
0.5462857086614173
21
0.7013005905511811
0
LINE
8
BLACK
6
CONTINUOUS
10
0.5462857086614173
20
0.7013005905511811
11
0.5455358267716536
21
0.7043001968503937
0
LINE
8
BLACK
6
CONTINUOUS
10
0.5455358267716536
20
0.7043001968503937
11
0.5455287795275591
21
0.7044446850393701
0
LINE
8
BLACK
6
CONTINUOUS
10
0.5455287795275591
20
0.7044446850393701
11
0.5455005511811023
21
0.7045866535433071
0
LINE
8
BLACK
6
CONTINUOUS
10
0.5455005511811023
20
0.7045866535433071
11
0.5455005511811023
21
0.710585905511811
0
LINE
8
BLACK
6
CONTINUOUS
10
0.5455005511811023
20
0.710585905511811
11
0.5455120866141732
21
0.710643937007874
0
LINE
8
BLACK
6
CONTINUOUS
10
0.5455120866141732
20
0.710643937007874
11
0.5455035433070866
21
0.7106695669291339
0
LINE
8
BLACK
6
CONTINUOUS
10
0.5455035433070866
20
0.7106695669291339
11
0.5455534645669291
21
0.7108520472440945
0
LINE
8
BLACK
6
CONTINUOUS
10
0.5455534645669291
20
0.7108520472440945
11
0.5455904724409448
21
0.7110379133858268
0
LINE
8
BLACK
6
CONTINUOUS
10
0.5455904724409448
20
0.7110379133858268
11
0.5456096062992126
21
0.7110570866141732
0
LINE
8
BLACK
6
CONTINUOUS
10
0.5456096062992126
20
0.7110570866141732
11
0.5456252362204724
21
0.711114094488189
0
LINE
8
BLACK
6
CONTINUOUS
10
0.5456252362204724
20
0.711114094488189
11
0.5463751181102362
21
0.712613937007874
0
LINE
8
BLACK
6
CONTINUOUS
10
0.5463751181102362
20
0.712613937007874
11
0.546491062992126
21
0.7127633464566929
0
LINE
8
BLACK
6
CONTINUOUS
10
0.546491062992126
20
0.7127633464566929
11
0.5465963779527558
21
0.7129209448818897
0
LINE
8
BLACK
6
CONTINUOUS
10
0.5465963779527558
20
0.7129209448818897
11
0.5473462992125984
21
0.7136708267716535
0
LINE
8
BLACK
6
CONTINUOUS
10
0.5473462992125984
20
0.7136708267716535
11
0.5475037401574803
21
0.7137760236220472
0
LINE
8
BLACK
6
CONTINUOUS
10
0.5475037401574803
20
0.7137760236220472
11
0.5476532283464567
21
0.7138920472440945
0
LINE
8
BLACK
6
CONTINUOUS
10
0.5476532283464567
20
0.7138920472440945
11
0.5491530708661417
21
0.714641968503937
0
LINE
8
BLACK
6
CONTINUOUS
10
0.5491530708661417
20
0.714641968503937
11
0.5492100787401575
21
0.7146575984251968
0
LINE
8
BLACK
6
CONTINUOUS
10
0.5492100787401575
20
0.7146575984251968
11
0.5492292519685039
21
0.7146767322834645
0
LINE
8
BLACK
6
CONTINUOUS
10
0.5492292519685039
20
0.7146767322834645
11
0.5494147244094488
21
0.7147136614173228
0
LINE
8
BLACK
6
CONTINUOUS
10
0.5494147244094488
20
0.7147136614173228
11
0.5495975590551181
21
0.7147637007874016
0
LINE
8
BLACK
6
CONTINUOUS
10
0.5495975590551181
20
0.7147637007874016
11
0.5496232677165355
21
0.7147551574803149
0
LINE
8
BLACK
6
CONTINUOUS
10
0.5496232677165355
20
0.7147551574803149
11
0.5496812598425197
21
0.714766653543307
0
LINE
8
BLACK
6
CONTINUOUS
10
0.5496812598425197
20
0.714766653543307
11
0.552680905511811
21
0.714766653543307
0
LINE
8
BLACK
6
CONTINUOUS
10
0.552680905511811
20
0.714766653543307
11
0.552738937007874
21
0.7147551181102362
0
LINE
8
BLACK
6
CONTINUOUS
10
0.5488810236220473
20
0.7118649212598425
11
0.5484022047244095
21
0.7113861023622047
0
LINE
8
BLACK
6
CONTINUOUS
10
0.5484022047244095
20
0.7113861023622047
11
0.5478627559055118
21
0.7103071259842519
0
LINE
8
BLACK
6
CONTINUOUS
10
0.5478627559055118
20
0.7103071259842519
11
0.5478627559055118
21
0.7071151968503937
0
LINE
8
BLACK
6
CONTINUOUS
10
0.5478627559055118
20
0.7071151968503937
11
0.5484022440944881
21
0.7060361811023622
0
LINE
8
BLACK
6
CONTINUOUS
10
0.5484022440944881
20
0.7060361811023622
11
0.5488810236220473
21
0.7055574015748032
0
LINE
8
BLACK
6
CONTINUOUS
10
0.5488810236220473
20
0.7055574015748032
11
0.5499600787401575
21
0.705017874015748
0
LINE
8
BLACK
6
CONTINUOUS
10
0.5499600787401575
20
0.705017874015748
11
0.5524020866141732
21
0.705017874015748
0
LINE
8
BLACK
6
CONTINUOUS
10
0.5524020866141732
20
0.705017874015748
11
0.5534810236220472
21
0.7055573622047244
0
LINE
8
BLACK
6
CONTINUOUS
10
0.5534810236220472
20
0.7055573622047244
11
0.553959842519685
21
0.7060361811023622
0
LINE
8
BLACK
6
CONTINUOUS
10
0.553959842519685
20
0.7060361811023622
11
0.5544994094488189
21
0.7071152755905512
0
LINE
8
BLACK
6
CONTINUOUS
10
0.5544994094488189
20
0.7071152755905512
11
0.5544994094488189
21
0.7103070866141732
0
LINE
8
BLACK
6
CONTINUOUS
10
0.5544994094488189
20
0.7103070866141732
11
0.5539598818897637
21
0.7113861023622047
0
LINE
8
BLACK
6
CONTINUOUS
10
0.5539598818897637
20
0.7113861023622047
11
0.553481062992126
21
0.7118649606299212
0
LINE
8
BLACK
6
CONTINUOUS
10
0.553481062992126
20
0.7118649606299212
11
0.5524020472440945
21
0.7124044488188976
0
LINE
8
BLACK
6
CONTINUOUS
10
0.5524020472440945
20
0.7124044488188976
11
0.5499601181102363
21
0.7124044488188976
0
LINE
8
BLACK
6
CONTINUOUS
10
0.5499601181102363
20
0.7124044488188976
11
0.5488810236220473
21
0.7118649212598425
0
LINE
8
BLACK
6
CONTINUOUS
10
0.5711306299212598
20
0.7146767322834645
11
0.5717698031496062
21
0.7140375590551181
0
LINE
8
BLACK
6
CONTINUOUS
10
0.5717698031496062
20
0.7140375590551181
11
0.5718597244094488
21
0.7135855511811023
0
LINE
8
BLACK
6
CONTINUOUS
10
0.5718597244094488
20
0.7135855511811023
11
0.5718597244094488
21
0.6978375196850394
0
LINE
8
BLACK
6
CONTINUOUS
10
0.5718597244094488
20
0.6978375196850394
11
0.5717698031496062
21
0.6973855118110236
0
LINE
8
BLACK
6
CONTINUOUS
10
0.5717698031496062
20
0.6973855118110236
11
0.5711306299212598
21
0.6967463385826772
0
LINE
8
BLACK
6
CONTINUOUS
10
0.5711306299212598
20
0.6967463385826772
11
0.5702266141732283
21
0.6967463385826772
0
LINE
8
BLACK
6
CONTINUOUS
10
0.5702266141732283
20
0.6967463385826772
11
0.5695874409448819
21
0.6973855118110236
0
LINE
8
BLACK
6
CONTINUOUS
10
0.5695874409448819
20
0.6973855118110236
11
0.5694975196850394
21
0.6978375196850394
0
LINE
8
BLACK
6
CONTINUOUS
10
0.5694975196850394
20
0.6978375196850394
11
0.5694975196850394
21
0.7041554724409449
0
LINE
8
BLACK
6
CONTINUOUS
10
0.5694975196850394
20
0.7041554724409449
11
0.5675440551181102
21
0.7041554724409449
0
LINE
8
BLACK
6
CONTINUOUS
10
0.5675440551181102
20
0.7041554724409449
11
0.5626473622047244
21
0.6971601968503937
0
LINE
8
BLACK
6
CONTINUOUS
10
0.5626473622047244
20
0.6971601968503937
11
0.5623144881889763
21
0.6968414566929134
0
LINE
8
BLACK
6
CONTINUOUS
10
0.5623144881889763
20
0.6968414566929134
11
0.5614243307086614
21
0.6966843700787402
0
LINE
8
BLACK
6
CONTINUOUS
10
0.5614243307086614
20
0.6966843700787402
11
0.5606837007874016
21
0.6972027952755905
0
LINE
8
BLACK
6
CONTINUOUS
10
0.5606837007874016
20
0.6972027952755905
11
0.5605266141732284
21
0.6980929527559055
0
LINE
8
BLACK
6
CONTINUOUS
10
0.5605266141732284
20
0.6980929527559055
11
0.5607121653543307
21
0.698514842519685
0
LINE
8
BLACK
6
CONTINUOUS
10
0.5607121653543307
20
0.698514842519685
11
0.564662874015748
21
0.704158779527559
0
LINE
8
BLACK
6
CONTINUOUS
10
0.564662874015748
20
0.704158779527559
11
0.5646213779527559
21
0.7041670078740158
0
LINE
8
BLACK
6
CONTINUOUS
10
0.5646213779527559
20
0.7041670078740158
11
0.5645956692913385
21
0.7041584251968503
0
LINE
8
BLACK
6
CONTINUOUS
10
0.5645956692913385
20
0.7041584251968503
11
0.5644128346456693
21
0.7042085039370078
0
LINE
8
BLACK
6
CONTINUOUS
10
0.5644128346456693
20
0.7042085039370078
11
0.5642273622047244
21
0.7042453937007874
0
LINE
8
BLACK
6
CONTINUOUS
10
0.5642273622047244
20
0.7042453937007874
11
0.5642081889763779
21
0.7042645669291339
0
LINE
8
BLACK
6
CONTINUOUS
10
0.5642081889763779
20
0.7042645669291339
11
0.5641511811023622
21
0.7042801574803149
0
LINE
8
BLACK
6
CONTINUOUS
10
0.5641511811023622
20
0.7042801574803149
11
0.5626513385826771
21
0.7050300787401574
0
LINE
8
BLACK
6
CONTINUOUS
10
0.5626513385826771
20
0.7050300787401574
11
0.5625019291338582
21
0.705146062992126
0
LINE
8
BLACK
6
CONTINUOUS
10
0.5625019291338582
20
0.705146062992126
11
0.5623444094488189
21
0.7052512992125984
0
LINE
8
BLACK
6
CONTINUOUS
10
0.5623444094488189
20
0.7052512992125984
11
0.5615945275590551
21
0.706001220472441
0
LINE
8
BLACK
6
CONTINUOUS
10
0.5615945275590551
20
0.706001220472441
11
0.5614894881889764
21
0.7061584251968503
0
LINE
8
BLACK
6
CONTINUOUS
10
0.5614894881889764
20
0.7061584251968503
11
0.5613732677165354
21
0.7063081496062992
0
LINE
8
BLACK
6
CONTINUOUS
10
0.5613732677165354
20
0.7063081496062992
11
0.5606233464566929
21
0.707808031496063
0
LINE
8
BLACK
6
CONTINUOUS
10
0.5606233464566929
20
0.707808031496063
11
0.5606077165354331
21
0.7078650787401575
0
LINE
8
BLACK
6
CONTINUOUS
10
0.5606077165354331
20
0.7078650787401575
11
0.5605885826771654
21
0.7078842125984252
0
LINE
8
BLACK
6
CONTINUOUS
10
0.5605885826771654
20
0.7078842125984252
11
0.5605516141732283
21
0.7080700393700787
0
LINE
8
BLACK
6
CONTINUOUS
10
0.5605516141732283
20
0.7080700393700787
11
0.5605016535433071
21
0.7082525196850393
0
LINE
8
BLACK
6
CONTINUOUS
10
0.5605016535433071
20
0.7082525196850393
11
0.5605101968503937
21
0.708278188976378
0
LINE
8
BLACK
6
CONTINUOUS
10
0.5605101968503937
20
0.708278188976378
11
0.5604986614173229
21
0.7083362204724409
0
LINE
8
BLACK
6
CONTINUOUS
10
0.5604986614173229
20
0.7083362204724409
11
0.5604986614173229
21
0.710585905511811
0
LINE
8
BLACK
6
CONTINUOUS
10
0.5604986614173229
20
0.710585905511811
11
0.5605101968503937
21
0.7106439763779527
0
LINE
8
BLACK
6
CONTINUOUS
10
0.5605101968503937
20
0.7106439763779527
11
0.5605016535433071
21
0.7106696062992126
0
LINE
8
BLACK
6
CONTINUOUS
10
0.5605016535433071
20
0.7106696062992126
11
0.5605516141732283
21
0.710852125984252
0
LINE
8
BLACK
6
CONTINUOUS
10
0.5605516141732283
20
0.710852125984252
11
0.5605885826771654
21
0.7110379133858268
0
LINE
8
BLACK
6
CONTINUOUS
10
0.5605885826771654
20
0.7110379133858268
11
0.5606077165354331
21
0.7110570866141732
0
LINE
8
BLACK
6
CONTINUOUS
10
0.5606077165354331
20
0.7110570866141732
11
0.5606233464566929
21
0.711114094488189
0
LINE
8
BLACK
6
CONTINUOUS
10
0.5606233464566929
20
0.711114094488189
11
0.5613732677165354
21
0.7126139763779528
0
LINE
8
BLACK
6
CONTINUOUS
10
0.5613732677165354
20
0.7126139763779528
11
0.5614894881889764
21
0.7127637401574803
0
LINE
8
BLACK
6
CONTINUOUS
10
0.5614894881889764
20
0.7127637401574803
11
0.5615945275590551
21
0.712920905511811
0
LINE
8
BLACK
6
CONTINUOUS
10
0.5615945275590551
20
0.712920905511811
11
0.5623444094488189
21
0.7136708267716535
0
LINE
8
BLACK
6
CONTINUOUS
10
0.5623444094488189
20
0.7136708267716535
11
0.5625019291338582
21
0.7137761023622047
0
LINE
8
BLACK
6
CONTINUOUS
10
0.5625019291338582
20
0.7137761023622047
11
0.5626513385826771
21
0.7138920472440945
0
LINE
8
BLACK
6
CONTINUOUS
10
0.5626513385826771
20
0.7138920472440945
11
0.5641511811023622
21
0.714641968503937
0
LINE
8
BLACK
6
CONTINUOUS
10
0.5641511811023622
20
0.714641968503937
11
0.5642081889763779
21
0.7146575984251968
0
LINE
8
BLACK
6
CONTINUOUS
10
0.5642081889763779
20
0.7146575984251968
11
0.5642273622047244
21
0.7146767322834645
0
LINE
8
BLACK
6
CONTINUOUS
10
0.5642273622047244
20
0.7146767322834645
11
0.5644128346456693
21
0.7147136614173228
0
LINE
8
BLACK
6
CONTINUOUS
10
0.5644128346456693
20
0.7147136614173228
11
0.5645956692913385
21
0.7147637007874016
0
LINE
8
BLACK
6
CONTINUOUS
10
0.5645956692913385
20
0.7147637007874016
11
0.5646213779527559
21
0.7147551574803149
0
LINE
8
BLACK
6
CONTINUOUS
10
0.5646213779527559
20
0.7147551574803149
11
0.5646793700787401
21
0.714766653543307
0
LINE
8
BLACK
6
CONTINUOUS
10
0.5646793700787401
20
0.714766653543307
11
0.5706786220472441
21
0.714766653543307
0
LINE
8
BLACK
6
CONTINUOUS
10
0.5706786220472441
20
0.714766653543307
11
0.5711306299212598
21
0.7146767322834645
0
LINE
8
BLACK
6
CONTINUOUS
10
0.5638791732283465
20
0.7118649212598425
11
0.5634003543307087
21
0.7113861417322834
0
LINE
8
BLACK
6
CONTINUOUS
10
0.5634003543307087
20
0.7113861417322834
11
0.5628608661417323
21
0.7103070866141732
0
LINE
8
BLACK
6
CONTINUOUS
10
0.5628608661417323
20
0.7103070866141732
11
0.5628608661417323
21
0.7086150393700787
0
LINE
8
BLACK
6
CONTINUOUS
10
0.5628608661417323
20
0.7086150393700787
11
0.5634003543307087
21
0.7075360236220473
0
LINE
8
BLACK
6
CONTINUOUS
10
0.5634003543307087
20
0.7075360236220473
11
0.5638791732283465
21
0.7070572440944882
0
LINE
8
BLACK
6
CONTINUOUS
10
0.5638791732283465
20
0.7070572440944882
11
0.5649582283464567
21
0.7065176771653543
0
LINE
8
BLACK
6
CONTINUOUS
10
0.5649582283464567
20
0.7065176771653543
11
0.5694975196850394
21
0.7065176771653543
0
LINE
8
BLACK
6
CONTINUOUS
10
0.5694975196850394
20
0.7065176771653543
11
0.5694975196850394
21
0.7124044488188976
0
LINE
8
BLACK
6
CONTINUOUS
10
0.5694975196850394
20
0.7124044488188976
11
0.5649582283464567
21
0.7124044488188976
0
LINE
8
BLACK
6
CONTINUOUS
10
0.5649582283464567
20
0.7124044488188976
11
0.5638791732283465
21
0.7118649212598425
0
LINE
8
BLACK
6
CONTINUOUS
10
0.5913044881889764
20
0.7230588188976378
11
0.5923698425196851
21
0.7219934645669291
0
LINE
8
BLACK
6
CONTINUOUS
10
0.5923698425196851
20
0.7219934645669291
11
0.59251968503937
21
0.7212401574803149
0
LINE
8
BLACK
6
CONTINUOUS
10
0.59251968503937
20
0.7212401574803149
11
0.59251968503937
21
0.688759842519685
0
LINE
8
BLACK
6
CONTINUOUS
10
0.59251968503937
20
0.688759842519685
11
0.5923698425196851
21
0.6880065354330709
0
LINE
8
BLACK
6
CONTINUOUS
10
0.5923698425196851
20
0.6880065354330709
11
0.5913044881889764
21
0.6869411811023622
0
LINE
8
BLACK
6
CONTINUOUS
10
0.5913044881889764
20
0.6869411811023622
11
0.5905511811023622
21
0.6867913385826772
0
LINE
8
BLACK
6
CONTINUOUS
10
0.5905511811023622
20
0.6867913385826772
11
0.5275590551181102
21
0.6867913385826772
0
LINE
8
BLACK
6
CONTINUOUS
10
0.5275590551181102
20
0.6867913385826772
11
0.526805748031496
21
0.6869411811023622
0
LINE
8
BLACK
6
CONTINUOUS
10
0.526805748031496
20
0.6869411811023622
11
0.5257403937007874
21
0.6880065354330709
0
LINE
8
BLACK
6
CONTINUOUS
10
0.5257403937007874
20
0.6880065354330709
11
0.5255905511811023
21
0.688759842519685
0
LINE
8
BLACK
6
CONTINUOUS
10
0.5255905511811023
20
0.688759842519685
11
0.5255905511811023
21
0.7212401574803149
0
LINE
8
BLACK
6
CONTINUOUS
10
0.5255905511811023
20
0.7212401574803149
11
0.5257403937007874
21
0.7219934645669291
0
LINE
8
BLACK
6
CONTINUOUS
10
0.5257403937007874
20
0.7219934645669291
11
0.526805748031496
21
0.7230588188976378
0
LINE
8
BLACK
6
CONTINUOUS
10
0.526805748031496
20
0.7230588188976378
11
0.5275590551181102
21
0.7232086614173229
0
LINE
8
BLACK
6
CONTINUOUS
10
0.5275590551181102
20
0.7232086614173229
11
0.5905511811023622
21
0.7232086614173229
0
LINE
8
BLACK
6
CONTINUOUS
10
0.5905511811023622
20
0.7232086614173229
11
0.5913044881889764
21
0.7230588188976378
0
LINE
8
BLACK
6
CONTINUOUS
10
0.5295275590551181
20
0.719271653543307
11
0.5295275590551181
21
0.6907283464566929
0
LINE
8
BLACK
6
CONTINUOUS
10
0.5295275590551181
20
0.6907283464566929
11
0.5885826771653543
21
0.6907283464566929
0
LINE
8
BLACK
6
CONTINUOUS
10
0.5885826771653543
20
0.6907283464566929
11
0.5885826771653543
21
0.719271653543307
0
LINE
8
BLACK
6
CONTINUOUS
10
0.5885826771653543
20
0.719271653543307
11
0.5295275590551181
21
0.719271653543307
0
LINE
8
BLACK
6
CONTINUOUS
10
0.6552220078740157
20
0.773795
11
0.6552476771653544
21
0.7738035433070866
0
LINE
8
BLACK
6
CONTINUOUS
10
0.6552476771653544
20
0.7738035433070866
11
0.6554301968503937
21
0.7737535826771653
0
LINE
8
BLACK
6
CONTINUOUS
10
0.6554301968503937
20
0.7737535826771653
11
0.6556159842519685
21
0.7737166141732283
0
LINE
8
BLACK
6
CONTINUOUS
10
0.6556159842519685
20
0.7737166141732283
11
0.6556351181102362
21
0.7736974803149607
0
LINE
8
BLACK
6
CONTINUOUS
10
0.6556351181102362
20
0.7736974803149607
11
0.6556922047244095
21
0.7736818503937007
0
LINE
8
BLACK
6
CONTINUOUS
10
0.6556922047244095
20
0.7736818503937007
11
0.6571920078740158
21
0.7729319291338582
0
LINE
8
BLACK
6
CONTINUOUS
10
0.6571920078740158
20
0.7729319291338582
11
0.6573414566929133
21
0.772815905511811
0
LINE
8
BLACK
6
CONTINUOUS
10
0.6573414566929133
20
0.772815905511811
11
0.657498937007874
21
0.7727107086614173
0
LINE
8
BLACK
6
CONTINUOUS
10
0.657498937007874
20
0.7727107086614173
11
0.6581635826771653
21
0.772046062992126
0
LINE
8
BLACK
6
CONTINUOUS
10
0.6581635826771653
20
0.772046062992126
11
0.6588282677165355
21
0.7727107086614173
0
LINE
8
BLACK
6
CONTINUOUS
10
0.6588282677165355
20
0.7727107086614173
11
0.6589857086614173
21
0.772815905511811
0
LINE
8
BLACK
6
CONTINUOUS
10
0.6589857086614173
20
0.772815905511811
11
0.6591351968503937
21
0.7729319291338582
0
LINE
8
BLACK
6
CONTINUOUS
10
0.6591351968503937
20
0.7729319291338582
11
0.6606350393700787
21
0.7736818503937007
0
LINE
8
BLACK
6
CONTINUOUS
10
0.6606350393700787
20
0.7736818503937007
11
0.6606920472440945
21
0.7736974803149607
0
LINE
8
BLACK
6
CONTINUOUS
10
0.6606920472440945
20
0.7736974803149607
11
0.6607112204724409
21
0.7737166141732283
0
LINE
8
BLACK
6
CONTINUOUS
10
0.6607112204724409
20
0.7737166141732283
11
0.6608966929133858
21
0.7737535433070866
0
LINE
8
BLACK
6
CONTINUOUS
10
0.6608966929133858
20
0.7737535433070866
11
0.6610795275590551
21
0.7738035826771653
0
LINE
8
BLACK
6
CONTINUOUS
10
0.6610795275590551
20
0.7738035826771653
11
0.6611052362204725
21
0.7737950393700788
0
LINE
8
BLACK
6
CONTINUOUS
10
0.6611052362204725
20
0.7737950393700788
11
0.6611632283464567
21
0.7738065354330709
0
LINE
8
BLACK
6
CONTINUOUS
10
0.6611632283464567
20
0.7738065354330709
11
0.664162874015748
21
0.7738065354330709
0
LINE
8
BLACK
6
CONTINUOUS
10
0.664162874015748
20
0.7738065354330709
11
0.664220905511811
21
0.773795
0
LINE
8
BLACK
6
CONTINUOUS
10
0.664220905511811
20
0.773795
11
0.6642465748031496
21
0.7738035433070866
0
LINE
8
BLACK
6
CONTINUOUS
10
0.6642465748031496
20
0.7738035433070866
11
0.664429094488189
21
0.7737535826771653
0
LINE
8
BLACK
6
CONTINUOUS
10
0.664429094488189
20
0.7737535826771653
11
0.6646148818897638
21
0.7737166141732283
0
LINE
8
BLACK
6
CONTINUOUS
10
0.6646148818897638
20
0.7737166141732283
11
0.6646340157480315
21
0.7736974803149607
0
LINE
8
BLACK
6
CONTINUOUS
10
0.6646340157480315
20
0.7736974803149607
11
0.6646911023622047
21
0.7736818503937007
0
LINE
8
BLACK
6
CONTINUOUS
10
0.6646911023622047
20
0.7736818503937007
11
0.666190905511811
21
0.7729319291338582
0
LINE
8
BLACK
6
CONTINUOUS
10
0.666190905511811
20
0.7729319291338582
11
0.6663403543307086
21
0.772815905511811
0
LINE
8
BLACK
6
CONTINUOUS
10
0.6663403543307086
20
0.772815905511811
11
0.6664978346456693
21
0.7727107086614173
0
LINE
8
BLACK
6
CONTINUOUS
10
0.6664978346456693
20
0.7727107086614173
11
0.667247716535433
21
0.7719608267716536
0
LINE
8
BLACK
6
CONTINUOUS
10
0.667247716535433
20
0.7719608267716536
11
0.6673527952755905
21
0.7718035826771653
0
LINE
8
BLACK
6
CONTINUOUS
10
0.6673527952755905
20
0.7718035826771653
11
0.6674690157480315
21
0.7716538188976377
0
LINE
8
BLACK
6
CONTINUOUS
10
0.6674690157480315
20
0.7716538188976377
11
0.6682188976377953
21
0.7701540157480314
0
LINE
8
BLACK
6
CONTINUOUS
10
0.6682188976377953
20
0.7701540157480314
11
0.6682344881889763
21
0.7700970078740157
0
LINE
8
BLACK
6
CONTINUOUS
10
0.6682344881889763
20
0.7700970078740157
11
0.6682536614173228
21
0.7700778346456693
0
LINE
8
BLACK
6
CONTINUOUS
10
0.6682536614173228
20
0.7700778346456693
11
0.6682905905511811
21
0.7698920472440944
0
LINE
8
BLACK
6
CONTINUOUS
10
0.6682905905511811
20
0.7698920472440944
11
0.6683405905511811
21
0.7697095275590551
0
LINE
8
BLACK
6
CONTINUOUS
10
0.6683405905511811
20
0.7697095275590551
11
0.6683320078740157
21
0.7696838976377952
0
LINE
8
BLACK
6
CONTINUOUS
10
0.6683320078740157
20
0.7696838976377952
11
0.6683435826771653
21
0.7696258267716535
0
LINE
8
BLACK
6
CONTINUOUS
10
0.6683435826771653
20
0.7696258267716535
11
0.6683435826771653
21
0.7666261811023621
0
LINE
8
BLACK
6
CONTINUOUS
10
0.6683435826771653
20
0.7666261811023621
11
0.6683320078740157
21
0.7665681496062992
0
LINE
8
BLACK
6
CONTINUOUS
10
0.6683320078740157
20
0.7665681496062992
11
0.6683405905511811
21
0.7665424803149606
0
LINE
8
BLACK
6
CONTINUOUS
10
0.6683405905511811
20
0.7665424803149606
11
0.6682905905511811
21
0.7663599999999999
0
LINE
8
BLACK
6
CONTINUOUS
10
0.6682905905511811
20
0.7663599999999999
11
0.6682536614173228
21
0.7661741732283465
0
LINE
8
BLACK
6
CONTINUOUS
10
0.6682536614173228
20
0.7661741732283465
11
0.6682344881889763
21
0.7661550393700787
0
LINE
8
BLACK
6
CONTINUOUS
10
0.6682344881889763
20
0.7661550393700787
11
0.6682188976377953
21
0.7660979921259843
0
LINE
8
BLACK
6
CONTINUOUS
10
0.6682188976377953
20
0.7660979921259843
11
0.6674690157480315
21
0.764598188976378
0
LINE
8
BLACK
6
CONTINUOUS
10
0.6674690157480315
20
0.764598188976378
11
0.6673528740157481
21
0.7644485826771653
0
LINE
8
BLACK
6
CONTINUOUS
10
0.6673528740157481
20
0.7644485826771653
11
0.6672477559055118
21
0.7642912204724409
0
LINE
8
BLACK
6
CONTINUOUS
10
0.6672477559055118
20
0.7642912204724409
11
0.6664978346456693
21
0.7635412992125984
0
LINE
8
BLACK
6
CONTINUOUS
10
0.6664978346456693
20
0.7635412992125984
11
0.6663404724409449
21
0.763436220472441
0
LINE
8
BLACK
6
CONTINUOUS
10
0.6663404724409449
20
0.763436220472441
11
0.6661908661417323
21
0.7633200393700788
0
LINE
8
BLACK
6
CONTINUOUS
10
0.6661908661417323
20
0.7633200393700788
11
0.664691062992126
21
0.762570157480315
0
LINE
8
BLACK
6
CONTINUOUS
10
0.664691062992126
20
0.762570157480315
11
0.6646340157480315
21
0.7625545669291338
0
LINE
8
BLACK
6
CONTINUOUS
10
0.6646340157480315
20
0.7625545669291338
11
0.6646148818897638
21
0.7625353937007874
0
LINE
8
BLACK
6
CONTINUOUS
10
0.6646148818897638
20
0.7625353937007874
11
0.6644290551181102
21
0.7624984645669292
0
LINE
8
BLACK
6
CONTINUOUS
10
0.6644290551181102
20
0.7624984645669292
11
0.6642465748031496
21
0.7624484645669292
0
LINE
8
BLACK
6
CONTINUOUS
10
0.6642465748031496
20
0.7624484645669292
11
0.664220905511811
21
0.7624570472440945
0
LINE
8
BLACK
6
CONTINUOUS
10
0.664220905511811
20
0.7624570472440945
11
0.664162874015748
21
0.7624454724409448
0
LINE
8
BLACK
6
CONTINUOUS
10
0.664162874015748
20
0.7624454724409448
11
0.6611632283464567
21
0.7624454724409448
0
LINE
8
BLACK
6
CONTINUOUS
10
0.6611632283464567
20
0.7624454724409448
11
0.661105157480315
21
0.7624570472440945
0
LINE
8
BLACK
6
CONTINUOUS
10
0.661105157480315
20
0.7624570472440945
11
0.6610795275590551
21
0.7624484645669292
0
LINE
8
BLACK
6
CONTINUOUS
10
0.6610795275590551
20
0.7624484645669292
11
0.6608970078740157
21
0.7624984645669292
0
LINE
8
BLACK
6
CONTINUOUS
10
0.6608970078740157
20
0.7624984645669292
11
0.6607112204724409
21
0.7625353937007874
0
LINE
8
BLACK
6
CONTINUOUS
10
0.6607112204724409
20
0.7625353937007874
11
0.6606920472440945
21
0.7625545669291338
0
LINE
8
BLACK
6
CONTINUOUS
10
0.6606920472440945
20
0.7625545669291338
11
0.6606350393700787
21
0.762570157480315
0
LINE
8
BLACK
6
CONTINUOUS
10
0.6606350393700787
20
0.762570157480315
11
0.6591352362204724
21
0.7633200393700788
0
LINE
8
BLACK
6
CONTINUOUS
10
0.6591352362204724
20
0.7633200393700788
11
0.6589855905511811
21
0.7634361811023622
0
LINE
8
BLACK
6
CONTINUOUS
10
0.6589855905511811
20
0.7634361811023622
11
0.6588282677165355
21
0.7635412992125984
0
LINE
8
BLACK
6
CONTINUOUS
10
0.6588282677165355
20
0.7635412992125984
11
0.6581635826771653
21
0.7642059842519685
0
LINE
8
BLACK
6
CONTINUOUS
10
0.6581635826771653
20
0.7642059842519685
11
0.657498937007874
21
0.7635412992125984
0
LINE
8
BLACK
6
CONTINUOUS
10
0.657498937007874
20
0.7635412992125984
11
0.6573415748031496
21
0.763436220472441
0
LINE
8
BLACK
6
CONTINUOUS
10
0.6573415748031496
20
0.763436220472441
11
0.657191968503937
21
0.7633200393700788
0
LINE
8
BLACK
6
CONTINUOUS
10
0.657191968503937
20
0.7633200393700788
11
0.6556921653543307
21
0.762570157480315
0
LINE
8
BLACK
6
CONTINUOUS
10
0.6556921653543307
20
0.762570157480315
11
0.6556351181102362
21
0.7625545669291338
0
LINE
8
BLACK
6
CONTINUOUS
10
0.6556351181102362
20
0.7625545669291338
11
0.6556159842519685
21
0.7625353937007874
0
LINE
8
BLACK
6
CONTINUOUS
10
0.6556159842519685
20
0.7625353937007874
11
0.655430157480315
21
0.7624984645669292
0
LINE
8
BLACK
6
CONTINUOUS
10
0.655430157480315
20
0.7624984645669292
11
0.6552476771653544
21
0.7624484645669292
0
LINE
8
BLACK
6
CONTINUOUS
10
0.6552476771653544
20
0.7624484645669292
11
0.6552220078740157
21
0.7624570472440945
0
LINE
8
BLACK
6
CONTINUOUS
10
0.6552220078740157
20
0.7624570472440945
11
0.6551639763779528
21
0.7624454724409448
0
LINE
8
BLACK
6
CONTINUOUS
10
0.6551639763779528
20
0.7624454724409448
11
0.654414094488189
21
0.7624454724409448
0
LINE
8
BLACK
6
CONTINUOUS
10
0.654414094488189
20
0.7624454724409448
11
0.6543560236220473
21
0.7624570472440945
0
LINE
8
BLACK
6
CONTINUOUS
10
0.6543560236220473
20
0.7624570472440945
11
0.6543303937007874
21
0.7624484645669292
0
LINE
8
BLACK
6
CONTINUOUS
10
0.6543303937007874
20
0.7624484645669292
11
0.654147874015748
21
0.7624984645669292
0
LINE
8
BLACK
6
CONTINUOUS
10
0.654147874015748
20
0.7624984645669292
11
0.6539620866141732
21
0.7625353937007874
0
LINE
8
BLACK
6
CONTINUOUS
10
0.6539620866141732
20
0.7625353937007874
11
0.6539429133858268
21
0.7625545669291338
0
LINE
8
BLACK
6
CONTINUOUS
10
0.6539429133858268
20
0.7625545669291338
11
0.653885905511811
21
0.762570157480315
0
LINE
8
BLACK
6
CONTINUOUS
10
0.653885905511811
20
0.762570157480315
11
0.652386062992126
21
0.7633200393700788
0
LINE
8
BLACK
6
CONTINUOUS
10
0.652386062992126
20
0.7633200393700788
11
0.6522364173228347
21
0.7634361811023622
0
LINE
8
BLACK
6
CONTINUOUS
10
0.6522364173228347
20
0.7634361811023622
11
0.6520790551181103
21
0.7635413385826771
0
LINE
8
BLACK
6
CONTINUOUS
10
0.6520790551181103
20
0.7635413385826771
11
0.6513291732283465
21
0.7642912204724409
0
LINE
8
BLACK
6
CONTINUOUS
10
0.6513291732283465
20
0.7642912204724409
11
0.6512239763779527
21
0.7644487007874016
0
LINE
8
BLACK
6
CONTINUOUS
10
0.6512239763779527
20
0.7644487007874016
11
0.6511079527559055
21
0.7645981496062992
0
LINE
8
BLACK
6
CONTINUOUS
10
0.6511079527559055
20
0.7645981496062992
11
0.650358031496063
21
0.7660979527559055
0
LINE
8
BLACK
6
CONTINUOUS
10
0.650358031496063
20
0.7660979527559055
11
0.6503424015748032
21
0.7661550393700787
0
LINE
8
BLACK
6
CONTINUOUS
10
0.6503424015748032
20
0.7661550393700787
11
0.6503232677165354
21
0.7661741732283465
0
LINE
8
BLACK
6
CONTINUOUS
10
0.6503232677165354
20
0.7661741732283465
11
0.6502862992125984
21
0.7663599606299213
0
LINE
8
BLACK
6
CONTINUOUS
10
0.6502862992125984
20
0.7663599606299213
11
0.6502363385826772
21
0.7665424803149606
0
LINE
8
BLACK
6
CONTINUOUS
10
0.6502363385826772
20
0.7665424803149606
11
0.6502448818897638
21
0.7665681496062992
0
LINE
8
BLACK
6
CONTINUOUS
10
0.6502448818897638
20
0.7665681496062992
11
0.650233346456693
21
0.7666261811023621
0
LINE
8
BLACK
6
CONTINUOUS
10
0.650233346456693
20
0.7666261811023621
11
0.650233346456693
21
0.7696258267716535
0
LINE
8
BLACK
6
CONTINUOUS
10
0.650233346456693
20
0.7696258267716535
11
0.6502448818897638
21
0.7696838976377952
0
LINE
8
BLACK
6
CONTINUOUS
10
0.6502448818897638
20
0.7696838976377952
11
0.6502363385826772
21
0.7697095275590551
0
LINE
8
BLACK
6
CONTINUOUS
10
0.6502363385826772
20
0.7697095275590551
11
0.6502862992125984
21
0.7698920866141732
0
LINE
8
BLACK
6
CONTINUOUS
10
0.6502862992125984
20
0.7698920866141732
11
0.6503232677165354
21
0.7700778346456693
0
LINE
8
BLACK
6
CONTINUOUS
10
0.6503232677165354
20
0.7700778346456693
11
0.6503424015748032
21
0.7700970078740157
0
LINE
8
BLACK
6
CONTINUOUS
10
0.6503424015748032
20
0.7700970078740157
11
0.650358031496063
21
0.7701540551181102
0
LINE
8
BLACK
6
CONTINUOUS
10
0.650358031496063
20
0.7701540551181102
11
0.6511079527559055
21
0.7716538582677165
0
LINE
8
BLACK
6
CONTINUOUS
10
0.6511079527559055
20
0.7716538582677165
11
0.6512241732283465
21
0.7718036220472441
0
LINE
8
BLACK
6
CONTINUOUS
10
0.6512241732283465
20
0.7718036220472441
11
0.6513292125984251
21
0.7719607874015748
0
LINE
8
BLACK
6
CONTINUOUS
10
0.6513292125984251
20
0.7719607874015748
11
0.652079094488189
21
0.7727107086614173
0
LINE
8
BLACK
6
CONTINUOUS
10
0.652079094488189
20
0.7727107086614173
11
0.6522368110236221
21
0.7728161023622047
0
LINE
8
BLACK
6
CONTINUOUS
10
0.6522368110236221
20
0.7728161023622047
11
0.652386062992126
21
0.7729319291338582
0
LINE
8
BLACK
6
CONTINUOUS
10
0.652386062992126
20
0.7729319291338582
11
0.653885905511811
21
0.7736818503937007
0
LINE
8
BLACK
6
CONTINUOUS
10
0.653885905511811
20
0.7736818503937007
11
0.6539429133858268
21
0.7736974803149607
0
LINE
8
BLACK
6
CONTINUOUS
10
0.6539429133858268
20
0.7736974803149607
11
0.6539620866141732
21
0.7737166141732283
0
LINE
8
BLACK
6
CONTINUOUS
10
0.6539620866141732
20
0.7737166141732283
11
0.6541475590551181
21
0.7737535433070866
0
LINE
8
BLACK
6
CONTINUOUS
10
0.6541475590551181
20
0.7737535433070866
11
0.6543303937007874
21
0.7738035826771653
0
LINE
8
BLACK
6
CONTINUOUS
10
0.6543303937007874
20
0.7738035826771653
11
0.6543561023622048
21
0.7737950393700788
0
LINE
8
BLACK
6
CONTINUOUS
10
0.6543561023622048
20
0.7737950393700788
11
0.654414094488189
21
0.7738065354330709
0
LINE
8
BLACK
6
CONTINUOUS
10
0.654414094488189
20
0.7738065354330709
11
0.6551639763779528
21
0.7738065354330709
0
LINE
8
BLACK
6
CONTINUOUS
10
0.6551639763779528
20
0.7738065354330709
11
0.6552220078740157
21
0.773795
0
LINE
8
BLACK
6
CONTINUOUS
10
0.6536138976377953
20
0.7709048425196851
11
0.6531350393700788
21
0.7704260236220473
0
LINE
8
BLACK
6
CONTINUOUS
10
0.6531350393700788
20
0.7704260236220473
11
0.6525955511811024
21
0.769346968503937
0
LINE
8
BLACK
6
CONTINUOUS
10
0.6525955511811024
20
0.769346968503937
11
0.6525955511811024
21
0.7669050393700787
0
LINE
8
BLACK
6
CONTINUOUS
10
0.6525955511811024
20
0.7669050393700787
11
0.6531350393700788
21
0.765826062992126
0
LINE
8
BLACK
6
CONTINUOUS
10
0.6531350393700788
20
0.765826062992126
11
0.653613937007874
21
0.7653471653543307
0
LINE
8
BLACK
6
CONTINUOUS
10
0.653613937007874
20
0.7653471653543307
11
0.6546929133858268
21
0.7648076771653544
0
LINE
8
BLACK
6
CONTINUOUS
10
0.6546929133858268
20
0.7648076771653544
11
0.654885157480315
21
0.7648076771653544
0
LINE
8
BLACK
6
CONTINUOUS
10
0.654885157480315
20
0.7648076771653544
11
0.6559641732283464
21
0.7653472047244094
0
LINE
8
BLACK
6
CONTINUOUS
10
0.6559641732283464
20
0.7653472047244094
11
0.6564429527559055
21
0.7658259842519685
0
LINE
8
BLACK
6
CONTINUOUS
10
0.6564429527559055
20
0.7658259842519685
11
0.6569825196850394
21
0.7669050787401575
0
LINE
8
BLACK
6
CONTINUOUS
10
0.6569825196850394
20
0.7669050787401575
11
0.6569825196850394
21
0.769346968503937
0
LINE
8
BLACK
6
CONTINUOUS
10
0.6569825196850394
20
0.769346968503937
11
0.6564429921259842
21
0.7704259842519685
0
LINE
8
BLACK
6
CONTINUOUS
10
0.6564429921259842
20
0.7704259842519685
11
0.6559640944881889
21
0.7709048425196851
0
LINE
8
BLACK
6
CONTINUOUS
10
0.6559640944881889
20
0.7709048425196851
11
0.6548851181102362
21
0.7714443307086614
0
LINE
8
BLACK
6
CONTINUOUS
10
0.6548851181102362
20
0.7714443307086614
11
0.6546929527559054
21
0.7714443307086614
0
LINE
8
BLACK
6
CONTINUOUS
10
0.6546929527559054
20
0.7714443307086614
11
0.6536138976377953
21
0.7709048425196851
0
LINE
8
BLACK
6
CONTINUOUS
10
0.6603629921259843
20
0.7709048031496063
11
0.6598841732283465
21
0.7704259842519685
0
LINE
8
BLACK
6
CONTINUOUS
10
0.6598841732283465
20
0.7704259842519685
11
0.6593447244094488
21
0.7693470472440944
0
LINE
8
BLACK
6
CONTINUOUS
10
0.6593447244094488
20
0.7693470472440944
11
0.6593447244094488
21
0.7669049999999999
0
LINE
8
BLACK
6
CONTINUOUS
10
0.6593447244094488
20
0.7669049999999999
11
0.6598842125984252
21
0.7658259842519685
0
LINE
8
BLACK
6
CONTINUOUS
10
0.6598842125984252
20
0.7658259842519685
11
0.6603629921259843
21
0.7653472047244094
0
LINE
8
BLACK
6
CONTINUOUS
10
0.6603629921259843
20
0.7653472047244094
11
0.6614420472440945
21
0.7648076771653544
0
LINE
8
BLACK
6
CONTINUOUS
10
0.6614420472440945
20
0.7648076771653544
11
0.6638840551181102
21
0.7648076771653544
0
LINE
8
BLACK
6
CONTINUOUS
10
0.6638840551181102
20
0.7648076771653544
11
0.6649630708661417
21
0.7653472047244094
0
LINE
8
BLACK
6
CONTINUOUS
10
0.6649630708661417
20
0.7653472047244094
11
0.6654418503937007
21
0.7658259842519685
0
LINE
8
BLACK
6
CONTINUOUS
10
0.6654418503937007
20
0.7658259842519685
11
0.6659813779527559
21
0.7669049999999999
0
LINE
8
BLACK
6
CONTINUOUS
10
0.6659813779527559
20
0.7669049999999999
11
0.6659813779527559
21
0.7693470472440944
0
LINE
8
BLACK
6
CONTINUOUS
10
0.6659813779527559
20
0.7693470472440944
11
0.6654419291338582
21
0.7704259448818898
0
LINE
8
BLACK
6
CONTINUOUS
10
0.6654419291338582
20
0.7704259448818898
11
0.6649629921259842
21
0.7709048425196851
0
LINE
8
BLACK
6
CONTINUOUS
10
0.6649629921259842
20
0.7709048425196851
11
0.6638840157480315
21
0.7714443307086614
0
LINE
8
BLACK
6
CONTINUOUS
10
0.6638840157480315
20
0.7714443307086614
11
0.6614420866141733
21
0.7714443307086614
0
LINE
8
BLACK
6
CONTINUOUS
10
0.6614420866141733
20
0.7714443307086614
11
0.6603629921259843
21
0.7709048031496063
0
LINE
8
BLACK
6
CONTINUOUS
10
0.6676144881889764
20
0.7887147244094488
11
0.6682536614173228
21
0.7880755511811024
0
LINE
8
BLACK
6
CONTINUOUS
10
0.6682536614173228
20
0.7880755511811024
11
0.6682536614173228
21
0.7871715354330708
0
LINE
8
BLACK
6
CONTINUOUS
10
0.6682536614173228
20
0.7871715354330708
11
0.6676144881889764
21
0.7865323622047244
0
LINE
8
BLACK
6
CONTINUOUS
10
0.6676144881889764
20
0.7865323622047244
11
0.6671624803149606
21
0.7864424409448819
0
LINE
8
BLACK
6
CONTINUOUS
10
0.6671624803149606
20
0.7864424409448819
11
0.6608445275590551
21
0.7864424409448819
0
LINE
8
BLACK
6
CONTINUOUS
10
0.6608445275590551
20
0.7864424409448819
11
0.6608445275590551
21
0.7844889763779528
0
LINE
8
BLACK
6
CONTINUOUS
10
0.6608445275590551
20
0.7844889763779528
11
0.6678397637795276
21
0.7795922834645669
0
LINE
8
BLACK
6
CONTINUOUS
10
0.6678397637795276
20
0.7795922834645669
11
0.6681585039370078
21
0.7792594094488189
0
LINE
8
BLACK
6
CONTINUOUS
10
0.6681585039370078
20
0.7792594094488189
11
0.6683155905511811
21
0.7783692519685039
0
LINE
8
BLACK
6
CONTINUOUS
10
0.6683155905511811
20
0.7783692519685039
11
0.6677972047244094
21
0.7776286614173228
0
LINE
8
BLACK
6
CONTINUOUS
10
0.6677972047244094
20
0.7776286614173228
11
0.6669070078740157
21
0.7774715748031495
0
LINE
8
BLACK
6
CONTINUOUS
10
0.6669070078740157
20
0.7774715748031495
11
0.6664851574803149
21
0.7776570866141732
0
LINE
8
BLACK
6
CONTINUOUS
10
0.6664851574803149
20
0.7776570866141732
11
0.660841220472441
21
0.7816078346456693
0
LINE
8
BLACK
6
CONTINUOUS
10
0.660841220472441
20
0.7816078346456693
11
0.6608329921259842
21
0.7815663385826771
0
LINE
8
BLACK
6
CONTINUOUS
10
0.6608329921259842
20
0.7815663385826771
11
0.6608415748031496
21
0.7815405905511811
0
LINE
8
BLACK
6
CONTINUOUS
10
0.6608415748031496
20
0.7815405905511811
11
0.6607914960629921
21
0.7813577952755906
0
LINE
8
BLACK
6
CONTINUOUS
10
0.6607914960629921
20
0.7813577952755906
11
0.6607546062992126
21
0.7811722834645669
0
LINE
8
BLACK
6
CONTINUOUS
10
0.6607546062992126
20
0.7811722834645669
11
0.6607354330708661
21
0.7811531496062992
0
LINE
8
BLACK
6
CONTINUOUS
10
0.6607354330708661
20
0.7811531496062992
11
0.6607198425196851
21
0.7810961023622047
0
LINE
8
BLACK
6
CONTINUOUS
10
0.6607198425196851
20
0.7810961023622047
11
0.6599699212598426
21
0.7795962598425197
0
LINE
8
BLACK
6
CONTINUOUS
10
0.6599699212598426
20
0.7795962598425197
11
0.659853937007874
21
0.7794468897637795
0
LINE
8
BLACK
6
CONTINUOUS
10
0.659853937007874
20
0.7794468897637795
11
0.6597487007874016
21
0.7792893307086614
0
LINE
8
BLACK
6
CONTINUOUS
10
0.6597487007874016
20
0.7792893307086614
11
0.658998779527559
21
0.7785394488188976
0
LINE
8
BLACK
6
CONTINUOUS
10
0.658998779527559
20
0.7785394488188976
11
0.6588415748031496
21
0.7784344488188977
0
LINE
8
BLACK
6
CONTINUOUS
10
0.6588415748031496
20
0.7784344488188977
11
0.6586918503937008
21
0.7783181889763779
0
LINE
8
BLACK
6
CONTINUOUS
10
0.6586918503937008
20
0.7783181889763779
11
0.657191968503937
21
0.7775682677165354
0
LINE
8
BLACK
6
CONTINUOUS
10
0.657191968503937
20
0.7775682677165354
11
0.6571349212598425
21
0.7775526771653544
0
LINE
8
BLACK
6
CONTINUOUS
10
0.6571349212598425
20
0.7775526771653544
11
0.6571157874015748
21
0.7775335039370078
0
LINE
8
BLACK
6
CONTINUOUS
10
0.6571157874015748
20
0.7775335039370078
11
0.6569299606299213
21
0.7774965748031496
0
LINE
8
BLACK
6
CONTINUOUS
10
0.6569299606299213
20
0.7774965748031496
11
0.6567474803149607
21
0.7774465748031496
0
LINE
8
BLACK
6
CONTINUOUS
10
0.6567474803149607
20
0.7774465748031496
11
0.656721811023622
21
0.7774551574803149
0
LINE
8
BLACK
6
CONTINUOUS
10
0.656721811023622
20
0.7774551574803149
11
0.6566637795275591
21
0.7774435826771653
0
LINE
8
BLACK
6
CONTINUOUS
10
0.6566637795275591
20
0.7774435826771653
11
0.654414094488189
21
0.7774435826771653
0
LINE
8
BLACK
6
CONTINUOUS
10
0.654414094488189
20
0.7774435826771653
11
0.6543561023622048
21
0.7774551181102362
0
LINE
8
BLACK
6
CONTINUOUS
10
0.6543561023622048
20
0.7774551181102362
11
0.6543303937007874
21
0.7774465354330709
0
LINE
8
BLACK
6
CONTINUOUS
10
0.6543303937007874
20
0.7774465354330709
11
0.6541475590551181
21
0.7774966141732284
0
LINE
8
BLACK
6
CONTINUOUS
10
0.6541475590551181
20
0.7774966141732284
11
0.6539620866141732
21
0.7775335039370078
0
LINE
8
BLACK
6
CONTINUOUS
10
0.6539620866141732
20
0.7775335039370078
11
0.6539429133858268
21
0.7775526771653544
0
LINE
8
BLACK
6
CONTINUOUS
10
0.6539429133858268
20
0.7775526771653544
11
0.653885905511811
21
0.7775682677165354
0
LINE
8
BLACK
6
CONTINUOUS
10
0.653885905511811
20
0.7775682677165354
11
0.652386062992126
21
0.7783181889763779
0
LINE
8
BLACK
6
CONTINUOUS
10
0.652386062992126
20
0.7783181889763779
11
0.6522368110236221
21
0.7784340551181103
0
LINE
8
BLACK
6
CONTINUOUS
10
0.6522368110236221
20
0.7784340551181103
11
0.652079094488189
21
0.7785394094488188
0
LINE
8
BLACK
6
CONTINUOUS
10
0.652079094488189
20
0.7785394094488188
11
0.6513292125984251
21
0.7792893307086614
0
LINE
8
BLACK
6
CONTINUOUS
10
0.6513292125984251
20
0.7792893307086614
11
0.6512241732283465
21
0.7794465354330709
0
LINE
8
BLACK
6
CONTINUOUS
10
0.6512241732283465
20
0.7794465354330709
11
0.6511079527559055
21
0.7795962598425197
0
LINE
8
BLACK
6
CONTINUOUS
10
0.6511079527559055
20
0.7795962598425197
11
0.650358031496063
21
0.781096062992126
0
LINE
8
BLACK
6
CONTINUOUS
10
0.650358031496063
20
0.781096062992126
11
0.6503424015748032
21
0.7811531496062992
0
LINE
8
BLACK
6
CONTINUOUS
10
0.6503424015748032
20
0.7811531496062992
11
0.6503232677165354
21
0.7811722834645669
0
LINE
8
BLACK
6
CONTINUOUS
10
0.6503232677165354
20
0.7811722834645669
11
0.6502862992125984
21
0.7813580708661417
0
LINE
8
BLACK
6
CONTINUOUS
10
0.6502862992125984
20
0.7813580708661417
11
0.6502363385826772
21
0.7815405905511811
0
LINE
8
BLACK
6
CONTINUOUS
10
0.6502363385826772
20
0.7815405905511811
11
0.6502448818897638
21
0.7815662598425197
0
LINE
8
BLACK
6
CONTINUOUS
10
0.6502448818897638
20
0.7815662598425197
11
0.650233346456693
21
0.7816242913385827
0
LINE
8
BLACK
6
CONTINUOUS
10
0.650233346456693
20
0.7816242913385827
11
0.650233346456693
21
0.7876235433070866
0
LINE
8
BLACK
6
CONTINUOUS
10
0.650233346456693
20
0.7876235433070866
11
0.6503232677165354
21
0.7880755511811024
0
LINE
8
BLACK
6
CONTINUOUS
10
0.6503232677165354
20
0.7880755511811024
11
0.6509624409448819
21
0.7887147244094488
0
LINE
8
BLACK
6
CONTINUOUS
10
0.6509624409448819
20
0.7887147244094488
11
0.6514144488188977
21
0.7888046456692913
0
LINE
8
BLACK
6
CONTINUOUS
10
0.6514144488188977
20
0.7888046456692913
11
0.6671624803149606
21
0.7888046456692913
0
LINE
8
BLACK
6
CONTINUOUS
10
0.6671624803149606
20
0.7888046456692913
11
0.6676144881889764
21
0.7887147244094488
0
LINE
8
BLACK
6
CONTINUOUS
10
0.6525955511811024
20
0.7819031496062991
11
0.6531350393700788
21
0.7808241338582677
0
LINE
8
BLACK
6
CONTINUOUS
10
0.6531350393700788
20
0.7808241338582677
11
0.6536138976377953
21
0.7803453149606299
0
LINE
8
BLACK
6
CONTINUOUS
10
0.6536138976377953
20
0.7803453149606299
11
0.6546929527559054
21
0.7798057874015748
0
LINE
8
BLACK
6
CONTINUOUS
10
0.6546929527559054
20
0.7798057874015748
11
0.6563849606299212
21
0.7798057874015748
0
LINE
8
BLACK
6
CONTINUOUS
10
0.6563849606299212
20
0.7798057874015748
11
0.6574639763779527
21
0.7803453149606299
0
LINE
8
BLACK
6
CONTINUOUS
10
0.6574639763779527
20
0.7803453149606299
11
0.6579427559055118
21
0.7808241338582677
0
LINE
8
BLACK
6
CONTINUOUS
10
0.6579427559055118
20
0.7808241338582677
11
0.6584823228346457
21
0.7819031889763779
0
LINE
8
BLACK
6
CONTINUOUS
10
0.6584823228346457
20
0.7819031889763779
11
0.6584823228346457
21
0.7864424409448819
0
LINE
8
BLACK
6
CONTINUOUS
10
0.6584823228346457
20
0.7864424409448819
11
0.6525955511811024
21
0.7864424409448819
0
LINE
8
BLACK
6
CONTINUOUS
10
0.6525955511811024
20
0.7864424409448819
11
0.6525955511811024
21
0.7819031496062991
0
LINE
8
BLACK
6
CONTINUOUS
10
0.6769934645669291
20
0.8093147244094488
11
0.6780588188976377
21
0.8082493700787401
0
LINE
8
BLACK
6
CONTINUOUS
10
0.6780588188976377
20
0.8082493700787401
11
0.6782086614173228
21
0.807496062992126
0
LINE
8
BLACK
6
CONTINUOUS
10
0.6782086614173228
20
0.807496062992126
11
0.6782086614173228
21
0.744503937007874
0
LINE
8
BLACK
6
CONTINUOUS
10
0.6782086614173228
20
0.744503937007874
11
0.6780588188976377
21
0.7437506299212598
0
LINE
8
BLACK
6
CONTINUOUS
10
0.6780588188976377
20
0.7437506299212598
11
0.6769934645669291
21
0.7426852755905512
0
LINE
8
BLACK
6
CONTINUOUS
10
0.6769934645669291
20
0.7426852755905512
11
0.676240157480315
21
0.7425354330708661
0
LINE
8
BLACK
6
CONTINUOUS
10
0.676240157480315
20
0.7425354330708661
11
0.643759842519685
21
0.7425354330708661
0
LINE
8
BLACK
6
CONTINUOUS
10
0.643759842519685
20
0.7425354330708661
11
0.6430065354330708
21
0.7426852755905512
0
LINE
8
BLACK
6
CONTINUOUS
10
0.6430065354330708
20
0.7426852755905512
11
0.6419411811023622
21
0.7437506299212598
0
LINE
8
BLACK
6
CONTINUOUS
10
0.6419411811023622
20
0.7437506299212598
11
0.6417913385826771
21
0.744503937007874
0
LINE
8
BLACK
6
CONTINUOUS
10
0.6417913385826771
20
0.744503937007874
11
0.6417913385826771
21
0.807496062992126
0
LINE
8
BLACK
6
CONTINUOUS
10
0.6417913385826771
20
0.807496062992126
11
0.6419411811023622
21
0.8082493700787401
0
LINE
8
BLACK
6
CONTINUOUS
10
0.6419411811023622
20
0.8082493700787401
11
0.6430065354330708
21
0.8093147244094488
0
LINE
8
BLACK
6
CONTINUOUS
10
0.6430065354330708
20
0.8093147244094488
11
0.643759842519685
21
0.8094645669291338
0
LINE
8
BLACK
6
CONTINUOUS
10
0.643759842519685
20
0.8094645669291338
11
0.676240157480315
21
0.8094645669291338
0
LINE
8
BLACK
6
CONTINUOUS
10
0.676240157480315
20
0.8094645669291338
11
0.6769934645669291
21
0.8093147244094488
0
LINE
8
BLACK
6
CONTINUOUS
10
0.6457283464566929
20
0.8055275590551181
11
0.6457283464566929
21
0.7464724409448819
0
LINE
8
BLACK
6
CONTINUOUS
10
0.6457283464566929
20
0.7464724409448819
11
0.6742716535433071
21
0.7464724409448819
0
LINE
8
BLACK
6
CONTINUOUS
10
0.6742716535433071
20
0.7464724409448819
11
0.6742716535433071
21
0.8055275590551181
0
LINE
8
BLACK
6
CONTINUOUS
10
0.6742716535433071
20
0.8055275590551181
11
0.6457283464566929
21
0.8055275590551181
0
LINE
8
BLACK
6
CONTINUOUS
10
0.32425468503937
20
0.7667374409448818
11
0.3243029921259842
21
0.7666979133858267
0
LINE
8
BLACK
6
CONTINUOUS
10
0.3243029921259842
20
0.7666979133858267
11
0.3243654330708661
21
0.7666979133858267
0
LINE
8
BLACK
6
CONTINUOUS
10
0.3243654330708661
20
0.7666979133858267
11
0.3246463779527559
21
0.766416968503937
0
LINE
8
BLACK
6
CONTINUOUS
10
0.3246463779527559
20
0.766416968503937
11
0.3249542913385827
21
0.7661650393700787
0
LINE
8
BLACK
6
CONTINUOUS
10
0.3249542913385827
20
0.7661650393700787
11
0.3249605118110236
21
0.7661028346456693
0
LINE
8
BLACK
6
CONTINUOUS
10
0.3249605118110236
20
0.7661028346456693
11
0.3250046850393701
21
0.7660586614173228
0
LINE
8
BLACK
6
CONTINUOUS
10
0.3250046850393701
20
0.7660586614173228
11
0.3250046850393701
21
0.7656609842519685
0
LINE
8
BLACK
6
CONTINUOUS
10
0.3250046850393701
20
0.7656609842519685
11
0.3250442519685039
21
0.7652655118110236
0
LINE
8
BLACK
6
CONTINUOUS
10
0.3250442519685039
20
0.7652655118110236
11
0.3250046850393701
21
0.7652172047244095
0
LINE
8
BLACK
6
CONTINUOUS
10
0.3250046850393701
20
0.7652172047244095
11
0.3250047244094488
21
0.7651547637795275
0
LINE
8
BLACK
6
CONTINUOUS
10
0.3250047244094488
20
0.7651547637795275
11
0.3247487007874016
21
0.7647715354330709
0
LINE
8
BLACK
6
CONTINUOUS
10
0.3247487007874016
20
0.7647715354330709
11
0.3241342913385827
21
0.764157125984252
0
LINE
8
BLACK
6
CONTINUOUS
10
0.3241342913385827
20
0.764157125984252
11
0.3235948031496063
21
0.7630781102362204
0
LINE
8
BLACK
6
CONTINUOUS
10
0.3235948031496063
20
0.7630781102362204
11
0.3235948031496063
21
0.7598862992125984
0
LINE
8
BLACK
6
CONTINUOUS
10
0.3235948031496063
20
0.7598862992125984
11
0.3241342913385827
21
0.7588073228346457
0
LINE
8
BLACK
6
CONTINUOUS
10
0.3241342913385827
20
0.7588073228346457
11
0.3246131889763779
21
0.7583284251968504
0
LINE
8
BLACK
6
CONTINUOUS
10
0.3246131889763779
20
0.7583284251968504
11
0.3256921653543307
21
0.757788937007874
0
LINE
8
BLACK
6
CONTINUOUS
10
0.3256921653543307
20
0.757788937007874
11
0.3288840551181103
21
0.757788937007874
0
LINE
8
BLACK
6
CONTINUOUS
10
0.3288840551181103
20
0.757788937007874
11
0.3299630708661417
21
0.7583284645669292
0
LINE
8
BLACK
6
CONTINUOUS
10
0.3299630708661417
20
0.7583284645669292
11
0.3304418503937008
21
0.7588072440944882
0
LINE
8
BLACK
6
CONTINUOUS
10
0.3304418503937008
20
0.7588072440944882
11
0.3309813779527559
21
0.7598862598425197
0
LINE
8
BLACK
6
CONTINUOUS
10
0.3309813779527559
20
0.7598862598425197
11
0.3309813779527559
21
0.7630781889763779
0
LINE
8
BLACK
6
CONTINUOUS
10
0.3309813779527559
20
0.7630781889763779
11
0.3304418503937008
21
0.7641572047244094
0
LINE
8
BLACK
6
CONTINUOUS
10
0.3304418503937008
20
0.7641572047244094
11
0.3298275196850394
21
0.7647715354330709
0
LINE
8
BLACK
6
CONTINUOUS
10
0.3298275196850394
20
0.7647715354330709
11
0.3295714960629921
21
0.7651547244094488
0
LINE
8
BLACK
6
CONTINUOUS
10
0.3295714960629921
20
0.7651547244094488
11
0.3295714960629921
21
0.7660586614173228
0
LINE
8
BLACK
6
CONTINUOUS
10
0.3295714960629921
20
0.7660586614173228
11
0.3302107086614173
21
0.766697874015748
0
LINE
8
BLACK
6
CONTINUOUS
10
0.3302107086614173
20
0.766697874015748
11
0.3311146456692913
21
0.766697874015748
0
LINE
8
BLACK
6
CONTINUOUS
10
0.3311146456692913
20
0.766697874015748
11
0.3314978346456693
21
0.7664418503937007
0
LINE
8
BLACK
6
CONTINUOUS
10
0.3314978346456693
20
0.7664418503937007
11
0.3322477559055118
21
0.7656919291338582
0
LINE
8
BLACK
6
CONTINUOUS
10
0.3322477559055118
20
0.7656919291338582
11
0.332352874015748
21
0.7655346062992125
0
LINE
8
BLACK
6
CONTINUOUS
10
0.332352874015748
20
0.7655346062992125
11
0.3324690157480315
21
0.7653849606299212
0
LINE
8
BLACK
6
CONTINUOUS
10
0.3324690157480315
20
0.7653849606299212
11
0.3332188976377953
21
0.7638851574803149
0
LINE
8
BLACK
6
CONTINUOUS
10
0.3332188976377953
20
0.7638851574803149
11
0.3332344881889764
21
0.7638281496062992
0
LINE
8
BLACK
6
CONTINUOUS
10
0.3332344881889764
20
0.7638281496062992
11
0.3332536614173228
21
0.7638089763779528
0
LINE
8
BLACK
6
CONTINUOUS
10
0.3332536614173228
20
0.7638089763779528
11
0.3332905905511811
21
0.7636231889763779
0
LINE
8
BLACK
6
CONTINUOUS
10
0.3332905905511811
20
0.7636231889763779
11
0.3333405905511811
21
0.7634406692913386
0
LINE
8
BLACK
6
CONTINUOUS
10
0.3333405905511811
20
0.7634406692913386
11
0.3333320078740157
21
0.7634150393700787
0
LINE
8
BLACK
6
CONTINUOUS
10
0.3333320078740157
20
0.7634150393700787
11
0.3333435826771654
21
0.763356968503937
0
LINE
8
BLACK
6
CONTINUOUS
10
0.3333435826771654
20
0.763356968503937
11
0.3333435826771654
21
0.7596074409448819
0
LINE
8
BLACK
6
CONTINUOUS
10
0.3333435826771654
20
0.7596074409448819
11
0.3333320078740157
21
0.7595494094488189
0
LINE
8
BLACK
6
CONTINUOUS
10
0.3333320078740157
20
0.7595494094488189
11
0.3333405905511811
21
0.7595237401574803
0
LINE
8
BLACK
6
CONTINUOUS
10
0.3333405905511811
20
0.7595237401574803
11
0.3332905905511811
21
0.7593412598425197
0
LINE
8
BLACK
6
CONTINUOUS
10
0.3332905905511811
20
0.7593412598425197
11
0.3332536614173228
21
0.7591554330708661
0
LINE
8
BLACK
6
CONTINUOUS
10
0.3332536614173228
20
0.7591554330708661
11
0.3332344881889764
21
0.7591362992125984
0
LINE
8
BLACK
6
CONTINUOUS
10
0.3332344881889764
20
0.7591362992125984
11
0.3332188976377953
21
0.7590792519685039
0
LINE
8
BLACK
6
CONTINUOUS
10
0.3332188976377953
20
0.7590792519685039
11
0.3324690157480315
21
0.7575794488188976
0
LINE
8
BLACK
6
CONTINUOUS
10
0.3324690157480315
20
0.7575794488188976
11
0.332352874015748
21
0.757429842519685
0
LINE
8
BLACK
6
CONTINUOUS
10
0.332352874015748
20
0.757429842519685
11
0.3322477559055118
21
0.7572724803149606
0
LINE
8
BLACK
6
CONTINUOUS
10
0.3322477559055118
20
0.7572724803149606
11
0.3314978346456693
21
0.7565225590551181
0
LINE
8
BLACK
6
CONTINUOUS
10
0.3314978346456693
20
0.7565225590551181
11
0.3313404724409449
21
0.7564174803149606
0
LINE
8
BLACK
6
CONTINUOUS
10
0.3313404724409449
20
0.7564174803149606
11
0.3311908661417323
21
0.7563012992125984
0
LINE
8
BLACK
6
CONTINUOUS
10
0.3311908661417323
20
0.7563012992125984
11
0.329691062992126
21
0.7555514173228346
0
LINE
8
BLACK
6
CONTINUOUS
10
0.329691062992126
20
0.7555514173228346
11
0.3296340157480315
21
0.7555358267716535
0
LINE
8
BLACK
6
CONTINUOUS
10
0.3296340157480315
20
0.7555358267716535
11
0.3296148818897638
21
0.7555166535433071
0
LINE
8
BLACK
6
CONTINUOUS
10
0.3296148818897638
20
0.7555166535433071
11
0.3294290551181102
21
0.7554797244094488
0
LINE
8
BLACK
6
CONTINUOUS
10
0.3294290551181102
20
0.7554797244094488
11
0.3292465748031496
21
0.7554297244094488
0
LINE
8
BLACK
6
CONTINUOUS
10
0.3292465748031496
20
0.7554297244094488
11
0.329220905511811
21
0.7554383070866142
0
LINE
8
BLACK
6
CONTINUOUS
10
0.329220905511811
20
0.7554383070866142
11
0.329162874015748
21
0.7554267322834646
0
LINE
8
BLACK
6
CONTINUOUS
10
0.329162874015748
20
0.7554267322834646
11
0.3254133464566929
21
0.7554267322834646
0
LINE
8
BLACK
6
CONTINUOUS
10
0.3254133464566929
20
0.7554267322834646
11
0.3253552755905512
21
0.7554383070866142
0
LINE
8
BLACK
6
CONTINUOUS
10
0.3253552755905512
20
0.7554383070866142
11
0.3253296456692913
21
0.7554297244094488
0
LINE
8
BLACK
6
CONTINUOUS
10
0.3253296456692913
20
0.7554297244094488
11
0.3251471259842519
21
0.7554797244094488
0
LINE
8
BLACK
6
CONTINUOUS
10
0.3251471259842519
20
0.7554797244094488
11
0.3249613385826772
21
0.7555166535433071
0
LINE
8
BLACK
6
CONTINUOUS
10
0.3249613385826772
20
0.7555166535433071
11
0.3249421653543307
21
0.7555358267716535
0
LINE
8
BLACK
6
CONTINUOUS
10
0.3249421653543307
20
0.7555358267716535
11
0.3248851574803149
21
0.7555514173228346
0
LINE
8
BLACK
6
CONTINUOUS
10
0.3248851574803149
20
0.7555514173228346
11
0.3233853149606299
21
0.7563012992125984
0
LINE
8
BLACK
6
CONTINUOUS
10
0.3233853149606299
20
0.7563012992125984
11
0.3232356692913386
21
0.7564174409448818
0
LINE
8
BLACK
6
CONTINUOUS
10
0.3232356692913386
20
0.7564174409448818
11
0.3230783070866142
21
0.7565225984251969
0
LINE
8
BLACK
6
CONTINUOUS
10
0.3230783070866142
20
0.7565225984251969
11
0.3223284251968504
21
0.7572724803149606
0
LINE
8
BLACK
6
CONTINUOUS
10
0.3223284251968504
20
0.7572724803149606
11
0.3222232283464567
21
0.7574299606299213
0
LINE
8
BLACK
6
CONTINUOUS
10
0.3222232283464567
20
0.7574299606299213
11
0.3221072047244095
21
0.7575794094488189
0
LINE
8
BLACK
6
CONTINUOUS
10
0.3221072047244095
20
0.7575794094488189
11
0.3213572834645669
21
0.7590792125984251
0
LINE
8
BLACK
6
CONTINUOUS
10
0.3213572834645669
20
0.7590792125984251
11
0.3213416535433071
21
0.7591362992125984
0
LINE
8
BLACK
6
CONTINUOUS
10
0.3213416535433071
20
0.7591362992125984
11
0.3213225196850394
21
0.7591554330708661
0
LINE
8
BLACK
6
CONTINUOUS
10
0.3213225196850394
20
0.7591554330708661
11
0.3212855511811024
21
0.7593412204724409
0
LINE
8
BLACK
6
CONTINUOUS
10
0.3212855511811024
20
0.7593412204724409
11
0.3212355905511811
21
0.7595237401574803
0
LINE
8
BLACK
6
CONTINUOUS
10
0.3212355905511811
20
0.7595237401574803
11
0.3212441338582677
21
0.7595494094488189
0
LINE
8
BLACK
6
CONTINUOUS
10
0.3212441338582677
20
0.7595494094488189
11
0.3212325984251969
21
0.7596074409448819
0
LINE
8
BLACK
6
CONTINUOUS
10
0.3212325984251969
20
0.7596074409448819
11
0.3212325984251969
21
0.763356968503937
0
LINE
8
BLACK
6
CONTINUOUS
10
0.3212325984251969
20
0.763356968503937
11
0.3212441338582677
21
0.7634150393700787
0
LINE
8
BLACK
6
CONTINUOUS
10
0.3212441338582677
20
0.7634150393700787
11
0.3212355905511811
21
0.7634406692913386
0
LINE
8
BLACK
6
CONTINUOUS
10
0.3212355905511811
20
0.7634406692913386
11
0.3212855511811024
21
0.7636232283464567
0
LINE
8
BLACK
6
CONTINUOUS
10
0.3212855511811024
20
0.7636232283464567
11
0.3213225196850394
21
0.7638089763779528
0
LINE
8
BLACK
6
CONTINUOUS
10
0.3213225196850394
20
0.7638089763779528
11
0.3213416535433071
21
0.7638281496062992
0
LINE
8
BLACK
6
CONTINUOUS
10
0.3213416535433071
20
0.7638281496062992
11
0.3213572834645669
21
0.7638851968503937
0
LINE
8
BLACK
6
CONTINUOUS
10
0.3213572834645669
20
0.7638851968503937
11
0.3215040551181103
21
0.7641787795275591
0
LINE
8
BLACK
6
CONTINUOUS
10
0.3215040551181103
20
0.7641787795275591
11
0.3175955511811023
21
0.7637879133858267
0
LINE
8
BLACK
6
CONTINUOUS
10
0.3175955511811023
20
0.7637879133858267
11
0.3175955511811023
21
0.757357716535433
0
LINE
8
BLACK
6
CONTINUOUS
10
0.3175955511811023
20
0.757357716535433
11
0.3175056299212599
21
0.7569057086614173
0
LINE
8
BLACK
6
CONTINUOUS
10
0.3175056299212599
20
0.7569057086614173
11
0.3168664566929134
21
0.7562665354330709
0
LINE
8
BLACK
6
CONTINUOUS
10
0.3168664566929134
20
0.7562665354330709
11
0.3159624409448819
21
0.7562665354330709
0
LINE
8
BLACK
6
CONTINUOUS
10
0.3159624409448819
20
0.7562665354330709
11
0.3153232677165354
21
0.7569057086614173
0
LINE
8
BLACK
6
CONTINUOUS
10
0.3153232677165354
20
0.7569057086614173
11
0.3152333464566929
21
0.757357716535433
0
LINE
8
BLACK
6
CONTINUOUS
10
0.3152333464566929
20
0.757357716535433
11
0.3152333464566929
21
0.7648567716535433
0
LINE
8
BLACK
6
CONTINUOUS
10
0.3152333464566929
20
0.7648567716535433
11
0.3152895275590551
21
0.7651393700787401
0
LINE
8
BLACK
6
CONTINUOUS
10
0.3152895275590551
20
0.7651393700787401
11
0.3152837007874016
21
0.7651979527559055
0
LINE
8
BLACK
6
CONTINUOUS
10
0.3152837007874016
20
0.7651979527559055
11
0.315306811023622
21
0.7652262598425197
0
LINE
8
BLACK
6
CONTINUOUS
10
0.315306811023622
20
0.7652262598425197
11
0.3153232677165354
21
0.765308779527559
0
LINE
8
BLACK
6
CONTINUOUS
10
0.3153232677165354
20
0.765308779527559
11
0.3156043307086614
21
0.7655898818897637
0
LINE
8
BLACK
6
CONTINUOUS
10
0.3156043307086614
20
0.7655898818897637
11
0.3158561023622047
21
0.7658975590551181
0
LINE
8
BLACK
6
CONTINUOUS
10
0.3158561023622047
20
0.7658975590551181
11
0.3159365748031496
21
0.7659221259842519
0
LINE
8
BLACK
6
CONTINUOUS
10
0.3159365748031496
20
0.7659221259842519
11
0.3159624409448819
21
0.7659479527559055
0
LINE
8
BLACK
6
CONTINUOUS
10
0.3159624409448819
20
0.7659479527559055
11
0.3160213385826772
21
0.7659479527559055
0
LINE
8
BLACK
6
CONTINUOUS
10
0.3160213385826772
20
0.7659479527559055
11
0.3162969291338583
21
0.7660320078740157
0
LINE
8
BLACK
6
CONTINUOUS
10
0.3162969291338583
20
0.7660320078740157
11
0.3237959842519685
21
0.7667819291338582
0
LINE
8
BLACK
6
CONTINUOUS
10
0.3237959842519685
20
0.7667819291338582
11
0.32425468503937
21
0.7667374409448818
0
LINE
8
BLACK
6
CONTINUOUS
10
0.3218061811023622
20
0.7813786220472441
11
0.3220920472440945
21
0.7805211023622047
0
LINE
8
BLACK
6
CONTINUOUS
10
0.3220920472440945
20
0.7805211023622047
11
0.3219703149606299
21
0.7800766141732284
0
LINE
8
BLACK
6
CONTINUOUS
10
0.3219703149606299
20
0.7800766141732284
11
0.3212203937007874
21
0.7785767716535433
0
LINE
8
BLACK
6
CONTINUOUS
10
0.3212203937007874
20
0.7785767716535433
11
0.321104251968504
21
0.7784272047244094
0
LINE
8
BLACK
6
CONTINUOUS
10
0.321104251968504
20
0.7784272047244094
11
0.3209991338582677
21
0.7782698031496063
0
LINE
8
BLACK
6
CONTINUOUS
10
0.3209991338582677
20
0.7782698031496063
11
0.3200157480314961
21
0.7772864566929134
0
LINE
8
BLACK
6
CONTINUOUS
10
0.3200157480314961
20
0.7772864566929134
11
0.3309813779527559
21
0.7772864566929134
0
LINE
8
BLACK
6
CONTINUOUS
10
0.3309813779527559
20
0.7772864566929134
11
0.3309813779527559
21
0.7806048031496062
0
LINE
8
BLACK
6
CONTINUOUS
10
0.3309813779527559
20
0.7806048031496062
11
0.3310712992125984
21
0.781056811023622
0
LINE
8
BLACK
6
CONTINUOUS
10
0.3310712992125984
20
0.781056811023622
11
0.3317104724409449
21
0.7816959842519685
0
LINE
8
BLACK
6
CONTINUOUS
10
0.3317104724409449
20
0.7816959842519685
11
0.3326144881889764
21
0.7816959842519685
0
LINE
8
BLACK
6
CONTINUOUS
10
0.3326144881889764
20
0.7816959842519685
11
0.3332536614173228
21
0.781056811023622
0
LINE
8
BLACK
6
CONTINUOUS
10
0.3332536614173228
20
0.781056811023622
11
0.3333435826771654
21
0.7806048031496062
0
LINE
8
BLACK
6
CONTINUOUS
10
0.3333435826771654
20
0.7806048031496062
11
0.3333435826771654
21
0.7716059448818897
0
LINE
8
BLACK
6
CONTINUOUS
10
0.3333435826771654
20
0.7716059448818897
11
0.3332536614173228
21
0.771153937007874
0
LINE
8
BLACK
6
CONTINUOUS
10
0.3332536614173228
20
0.771153937007874
11
0.3326144881889764
21
0.7705147637795275
0
LINE
8
BLACK
6
CONTINUOUS
10
0.3326144881889764
20
0.7705147637795275
11
0.3317104724409449
21
0.7705147637795275
0
LINE
8
BLACK
6
CONTINUOUS
10
0.3317104724409449
20
0.7705147637795275
11
0.3310712992125984
21
0.771153937007874
0
LINE
8
BLACK
6
CONTINUOUS
10
0.3310712992125984
20
0.771153937007874
11
0.3309813779527559
21
0.7716059448818897
0
LINE
8
BLACK
6
CONTINUOUS
10
0.3309813779527559
20
0.7716059448818897
11
0.3309813779527559
21
0.7749242519685039
0
LINE
8
BLACK
6
CONTINUOUS
10
0.3309813779527559
20
0.7749242519685039
11
0.3164144488188976
21
0.7749242519685039
0
LINE
8
BLACK
6
CONTINUOUS
10
0.3164144488188976
20
0.7749242519685039
11
0.3159624409448819
21
0.7750141732283464
0
LINE
8
BLACK
6
CONTINUOUS
10
0.3159624409448819
20
0.7750141732283464
11
0.3158764566929134
21
0.7751001574803149
0
LINE
8
BLACK
6
CONTINUOUS
10
0.3158764566929134
20
0.7751001574803149
11
0.3157572834645669
21
0.7751239763779527
0
LINE
8
BLACK
6
CONTINUOUS
10
0.3157572834645669
20
0.7751239763779527
11
0.3155664960629921
21
0.7754101181102362
0
LINE
8
BLACK
6
CONTINUOUS
10
0.3155664960629921
20
0.7754101181102362
11
0.3153232677165354
21
0.7756533464566929
0
LINE
8
BLACK
6
CONTINUOUS
10
0.3153232677165354
20
0.7756533464566929
11
0.3153232677165354
21
0.7757749606299212
0
LINE
8
BLACK
6
CONTINUOUS
10
0.3153232677165354
20
0.7757749606299212
11
0.3152557874015748
21
0.7758761417322835
0
LINE
8
BLACK
6
CONTINUOUS
10
0.3152557874015748
20
0.7758761417322835
11
0.3153232677165354
21
0.7762135433070866
0
LINE
8
BLACK
6
CONTINUOUS
10
0.3153232677165354
20
0.7762135433070866
11
0.3153232677165354
21
0.7765573622047244
0
LINE
8
BLACK
6
CONTINUOUS
10
0.3153232677165354
20
0.7765573622047244
11
0.3154092125984252
21
0.7766433464566929
0
LINE
8
BLACK
6
CONTINUOUS
10
0.3154092125984252
20
0.7766433464566929
11
0.3154330708661418
21
0.7767625196850394
0
LINE
8
BLACK
6
CONTINUOUS
10
0.3154330708661418
20
0.7767625196850394
11
0.3157592913385827
21
0.7770880708661417
0
LINE
8
BLACK
6
CONTINUOUS
10
0.3157592913385827
20
0.7770880708661417
11
0.3179117716535433
21
0.7785231496062992
0
LINE
8
BLACK
6
CONTINUOUS
10
0.3179117716535433
20
0.7785231496062992
11
0.3191932677165354
21
0.7798046456692913
0
LINE
8
BLACK
6
CONTINUOUS
10
0.3191932677165354
20
0.7798046456692913
11
0.3198574803149606
21
0.7811330314960629
0
LINE
8
BLACK
6
CONTINUOUS
10
0.3198574803149606
20
0.7811330314960629
11
0.3201400787401575
21
0.7814970866141732
0
LINE
8
BLACK
6
CONTINUOUS
10
0.3201400787401575
20
0.7814970866141732
11
0.3209975984251968
21
0.7817829527559055
0
LINE
8
BLACK
6
CONTINUOUS
10
0.3209975984251968
20
0.7817829527559055
11
0.3218061811023622
21
0.7813786220472441
0
LINE
8
BLACK
6
CONTINUOUS
10
0.3326144881889764
20
0.796694094488189
11
0.3332536614173228
21
0.7960549212598425
0
LINE
8
BLACK
6
CONTINUOUS
10
0.3332536614173228
20
0.7960549212598425
11
0.3332536614173228
21
0.795150905511811
0
LINE
8
BLACK
6
CONTINUOUS
10
0.3332536614173228
20
0.795150905511811
11
0.3326144881889764
21
0.7945117322834645
0
LINE
8
BLACK
6
CONTINUOUS
10
0.3326144881889764
20
0.7945117322834645
11
0.3321624803149606
21
0.7944218110236221
0
LINE
8
BLACK
6
CONTINUOUS
10
0.3321624803149606
20
0.7944218110236221
11
0.3258445275590551
21
0.7944218110236221
0
LINE
8
BLACK
6
CONTINUOUS
10
0.3258445275590551
20
0.7944218110236221
11
0.3258445275590551
21
0.7924683464566928
0
LINE
8
BLACK
6
CONTINUOUS
10
0.3258445275590551
20
0.7924683464566928
11
0.3328397637795276
21
0.787571653543307
0
LINE
8
BLACK
6
CONTINUOUS
10
0.3328397637795276
20
0.787571653543307
11
0.3331585039370079
21
0.7872387795275591
0
LINE
8
BLACK
6
CONTINUOUS
10
0.3331585039370079
20
0.7872387795275591
11
0.3333155905511811
21
0.7863486220472441
0
LINE
8
BLACK
6
CONTINUOUS
10
0.3333155905511811
20
0.7863486220472441
11
0.3327972047244094
21
0.785608031496063
0
LINE
8
BLACK
6
CONTINUOUS
10
0.3327972047244094
20
0.785608031496063
11
0.3319070078740157
21
0.7854509448818897
0
LINE
8
BLACK
6
CONTINUOUS
10
0.3319070078740157
20
0.7854509448818897
11
0.3314851574803149
21
0.7856364566929134
0
LINE
8
BLACK
6
CONTINUOUS
10
0.3314851574803149
20
0.7856364566929134
11
0.325841220472441
21
0.7895872047244095
0
LINE
8
BLACK
6
CONTINUOUS
10
0.325841220472441
20
0.7895872047244095
11
0.3258329921259843
21
0.7895457086614173
0
LINE
8
BLACK
6
CONTINUOUS
10
0.3258329921259843
20
0.7895457086614173
11
0.3258415748031496
21
0.7895199606299212
0
LINE
8
BLACK
6
CONTINUOUS
10
0.3258415748031496
20
0.7895199606299212
11
0.3257914960629921
21
0.7893371653543307
0
LINE
8
BLACK
6
CONTINUOUS
10
0.3257914960629921
20
0.7893371653543307
11
0.3257546062992126
21
0.7891516535433071
0
LINE
8
BLACK
6
CONTINUOUS
10
0.3257546062992126
20
0.7891516535433071
11
0.3257354330708661
21
0.7891325196850394
0
LINE
8
BLACK
6
CONTINUOUS
10
0.3257354330708661
20
0.7891325196850394
11
0.3257198425196851
21
0.7890754724409449
0
LINE
8
BLACK
6
CONTINUOUS
10
0.3257198425196851
20
0.7890754724409449
11
0.3249699212598425
21
0.7875756299212598
0
LINE
8
BLACK
6
CONTINUOUS
10
0.3249699212598425
20
0.7875756299212598
11
0.324853937007874
21
0.7874262598425197
0
LINE
8
BLACK
6
CONTINUOUS
10
0.324853937007874
20
0.7874262598425197
11
0.3247487007874016
21
0.7872687007874015
0
LINE
8
BLACK
6
CONTINUOUS
10
0.3247487007874016
20
0.7872687007874015
11
0.3239987795275591
21
0.7865188188976378
0
LINE
8
BLACK
6
CONTINUOUS
10
0.3239987795275591
20
0.7865188188976378
11
0.3238415748031496
21
0.7864138188976377
0
LINE
8
BLACK
6
CONTINUOUS
10
0.3238415748031496
20
0.7864138188976377
11
0.3236918503937008
21
0.7862975590551181
0
LINE
8
BLACK
6
CONTINUOUS
10
0.3236918503937008
20
0.7862975590551181
11
0.322191968503937
21
0.7855476377952756
0
LINE
8
BLACK
6
CONTINUOUS
10
0.322191968503937
20
0.7855476377952756
11
0.3221349212598425
21
0.7855320472440944
0
LINE
8
BLACK
6
CONTINUOUS
10
0.3221349212598425
20
0.7855320472440944
11
0.3221157874015748
21
0.785512874015748
0
LINE
8
BLACK
6
CONTINUOUS
10
0.3221157874015748
20
0.785512874015748
11
0.3219299606299212
21
0.7854759448818898
0
LINE
8
BLACK
6
CONTINUOUS
10
0.3219299606299212
20
0.7854759448818898
11
0.3217474803149606
21
0.7854259448818898
0
LINE
8
BLACK
6
CONTINUOUS
10
0.3217474803149606
20
0.7854259448818898
11
0.321721811023622
21
0.7854345275590551
0
LINE
8
BLACK
6
CONTINUOUS
10
0.321721811023622
20
0.7854345275590551
11
0.321663779527559
21
0.7854229527559055
0
LINE
8
BLACK
6
CONTINUOUS
10
0.321663779527559
20
0.7854229527559055
11
0.319414094488189
21
0.7854229527559055
0
LINE
8
BLACK
6
CONTINUOUS
10
0.319414094488189
20
0.7854229527559055
11
0.3193561023622047
21
0.7854344881889763
0
LINE
8
BLACK
6
CONTINUOUS
10
0.3193561023622047
20
0.7854344881889763
11
0.3193303937007874
21
0.785425905511811
0
LINE
8
BLACK
6
CONTINUOUS
10
0.3193303937007874
20
0.785425905511811
11
0.3191475590551181
21
0.7854759842519685
0
LINE
8
BLACK
6
CONTINUOUS
10
0.3191475590551181
20
0.7854759842519685
11
0.3189620866141732
21
0.785512874015748
0
LINE
8
BLACK
6
CONTINUOUS
10
0.3189620866141732
20
0.785512874015748
11
0.3189429133858268
21
0.7855320472440944
0
LINE
8
BLACK
6
CONTINUOUS
10
0.3189429133858268
20
0.7855320472440944
11
0.318885905511811
21
0.7855476377952756
0
LINE
8
BLACK
6
CONTINUOUS
10
0.318885905511811
20
0.7855476377952756
11
0.317386062992126
21
0.7862975590551181
0
LINE
8
BLACK
6
CONTINUOUS
10
0.317386062992126
20
0.7862975590551181
11
0.3172368110236221
21
0.7864134251968504
0
LINE
8
BLACK
6
CONTINUOUS
10
0.3172368110236221
20
0.7864134251968504
11
0.317079094488189
21
0.786518779527559
0
LINE
8
BLACK
6
CONTINUOUS
10
0.317079094488189
20
0.786518779527559
11
0.3163292125984252
21
0.7872687007874015
0
LINE
8
BLACK
6
CONTINUOUS
10
0.3163292125984252
20
0.7872687007874015
11
0.3162241732283465
21
0.787425905511811
0
LINE
8
BLACK
6
CONTINUOUS
10
0.3162241732283465
20
0.787425905511811
11
0.3161079527559055
21
0.7875756299212598
0
LINE
8
BLACK
6
CONTINUOUS
10
0.3161079527559055
20
0.7875756299212598
11
0.315358031496063
21
0.7890754330708661
0
LINE
8
BLACK
6
CONTINUOUS
10
0.315358031496063
20
0.7890754330708661
11
0.3153424015748031
21
0.7891325196850394
0
LINE
8
BLACK
6
CONTINUOUS
10
0.3153424015748031
20
0.7891325196850394
11
0.3153232677165354
21
0.7891516535433071
0
LINE
8
BLACK
6
CONTINUOUS
10
0.3153232677165354
20
0.7891516535433071
11
0.3152862992125984
21
0.7893374409448819
0
LINE
8
BLACK
6
CONTINUOUS
10
0.3152862992125984
20
0.7893374409448819
11
0.3152363385826771
21
0.7895199606299212
0
LINE
8
BLACK
6
CONTINUOUS
10
0.3152363385826771
20
0.7895199606299212
11
0.3152448818897638
21
0.7895456299212599
0
LINE
8
BLACK
6
CONTINUOUS
10
0.3152448818897638
20
0.7895456299212599
11
0.3152333464566929
21
0.7896036614173229
0
LINE
8
BLACK
6
CONTINUOUS
10
0.3152333464566929
20
0.7896036614173229
11
0.3152333464566929
21
0.7956029133858268
0
LINE
8
BLACK
6
CONTINUOUS
10
0.3152333464566929
20
0.7956029133858268
11
0.3153232677165354
21
0.7960549212598425
0
LINE
8
BLACK
6
CONTINUOUS
10
0.3153232677165354
20
0.7960549212598425
11
0.3159624409448819
21
0.796694094488189
0
LINE
8
BLACK
6
CONTINUOUS
10
0.3159624409448819
20
0.796694094488189
11
0.3164144488188976
21
0.7967840157480315
0
LINE
8
BLACK
6
CONTINUOUS
10
0.3164144488188976
20
0.7967840157480315
11
0.3321624803149606
21
0.7967840157480315
0
LINE
8
BLACK
6
CONTINUOUS
10
0.3321624803149606
20
0.7967840157480315
11
0.3326144881889764
21
0.796694094488189
0
LINE
8
BLACK
6
CONTINUOUS
10
0.3175955511811023
20
0.7898825196850393
11
0.3181350393700788
21
0.7888035039370078
0
LINE
8
BLACK
6
CONTINUOUS
10
0.3181350393700788
20
0.7888035039370078
11
0.3186138976377953
21
0.78832468503937
0
LINE
8
BLACK
6
CONTINUOUS
10
0.3186138976377953
20
0.78832468503937
11
0.3196929527559055
21
0.787785157480315
0
LINE
8
BLACK
6
CONTINUOUS
10
0.3196929527559055
20
0.787785157480315
11
0.3213849606299213
21
0.787785157480315
0
LINE
8
BLACK
6
CONTINUOUS
10
0.3213849606299213
20
0.787785157480315
11
0.3224639763779528
21
0.78832468503937
0
LINE
8
BLACK
6
CONTINUOUS
10
0.3224639763779528
20
0.78832468503937
11
0.3229427559055118
21
0.7888035039370078
0
LINE
8
BLACK
6
CONTINUOUS
10
0.3229427559055118
20
0.7888035039370078
11
0.3234823228346457
21
0.7898825590551181
0
LINE
8
BLACK
6
CONTINUOUS
10
0.3234823228346457
20
0.7898825590551181
11
0.3234823228346457
21
0.7944218110236221
0
LINE
8
BLACK
6
CONTINUOUS
10
0.3234823228346457
20
0.7944218110236221
11
0.3175955511811023
21
0.7944218110236221
0
LINE
8
BLACK
6
CONTINUOUS
10
0.3175955511811023
20
0.7944218110236221
11
0.3175955511811023
21
0.7898825196850393
0
LINE
8
BLACK
6
CONTINUOUS
10
0.3419934645669291
20
0.8097950393700787
11
0.3430588188976378
21
0.80872968503937
0
LINE
8
BLACK
6
CONTINUOUS
10
0.3430588188976378
20
0.80872968503937
11
0.3432086614173228
21
0.8079763779527559
0
LINE
8
BLACK
6
CONTINUOUS
10
0.3432086614173228
20
0.8079763779527559
11
0.3432086614173228
21
0.7449842519685039
0
LINE
8
BLACK
6
CONTINUOUS
10
0.3432086614173228
20
0.7449842519685039
11
0.3430588188976378
21
0.7442309448818898
0
LINE
8
BLACK
6
CONTINUOUS
10
0.3430588188976378
20
0.7442309448818898
11
0.3419934645669291
21
0.743165590551181
0
LINE
8
BLACK
6
CONTINUOUS
10
0.3419934645669291
20
0.743165590551181
11
0.3412401574803149
21
0.7430157480314961
0
LINE
8
BLACK
6
CONTINUOUS
10
0.3412401574803149
20
0.7430157480314961
11
0.308759842519685
21
0.7430157480314961
0
LINE
8
BLACK
6
CONTINUOUS
10
0.308759842519685
20
0.7430157480314961
11
0.3080065354330709
21
0.743165590551181
0
LINE
8
BLACK
6
CONTINUOUS
10
0.3080065354330709
20
0.743165590551181
11
0.3069411811023622
21
0.7442309448818898
0
LINE
8
BLACK
6
CONTINUOUS
10
0.3069411811023622
20
0.7442309448818898
11
0.3067913385826772
21
0.7449842519685039
0
LINE
8
BLACK
6
CONTINUOUS
10
0.3067913385826772
20
0.7449842519685039
11
0.3067913385826772
21
0.8079763779527559
0
LINE
8
BLACK
6
CONTINUOUS
10
0.3067913385826772
20
0.8079763779527559
11
0.3069411811023622
21
0.80872968503937
0
LINE
8
BLACK
6
CONTINUOUS
10
0.3069411811023622
20
0.80872968503937
11
0.3080065354330709
21
0.8097950393700787
0
LINE
8
BLACK
6
CONTINUOUS
10
0.3080065354330709
20
0.8097950393700787
11
0.308759842519685
21
0.8099448818897638
0
LINE
8
BLACK
6
CONTINUOUS
10
0.308759842519685
20
0.8099448818897638
11
0.3412401574803149
21
0.8099448818897638
0
LINE
8
BLACK
6
CONTINUOUS
10
0.3412401574803149
20
0.8099448818897638
11
0.3419934645669291
21
0.8097950393700787
0
LINE
8
BLACK
6
CONTINUOUS
10
0.3107283464566929
20
0.806007874015748
11
0.3107283464566929
21
0.7469527559055118
0
LINE
8
BLACK
6
CONTINUOUS
10
0.3107283464566929
20
0.7469527559055118
11
0.3392716535433071
21
0.7469527559055118
0
LINE
8
BLACK
6
CONTINUOUS
10
0.3392716535433071
20
0.7469527559055118
11
0.3392716535433071
21
0.806007874015748
0
LINE
8
BLACK
6
CONTINUOUS
10
0.3392716535433071
20
0.806007874015748
11
0.3107283464566929
21
0.806007874015748
0
LINE
8
BLACK
6
CONTINUOUS
10
0.4249300393700787
20
0.8076767322834646
11
0.4252738582677165
21
0.8076767322834646
0
LINE
8
BLACK
6
CONTINUOUS
10
0.4252738582677165
20
0.8076767322834646
11
0.4253598031496063
21
0.8075907874015748
0
LINE
8
BLACK
6
CONTINUOUS
10
0.4253598031496063
20
0.8075907874015748
11
0.4254790157480315
21
0.8075669291338583
0
LINE
8
BLACK
6
CONTINUOUS
10
0.4254790157480315
20
0.8075669291338583
11
0.4258045669291338
21
0.8072407086614173
0
LINE
8
BLACK
6
CONTINUOUS
10
0.4258045669291338
20
0.8072407086614173
11
0.4272396062992126
21
0.8050882283464567
0
LINE
8
BLACK
6
CONTINUOUS
10
0.4272396062992126
20
0.8050882283464567
11
0.4285211023622047
21
0.8038067322834646
0
LINE
8
BLACK
6
CONTINUOUS
10
0.4285211023622047
20
0.8038067322834646
11
0.4298495275590551
21
0.8031425196850394
0
LINE
8
BLACK
6
CONTINUOUS
10
0.4298495275590551
20
0.8031425196850394
11
0.4302135826771654
21
0.8028599212598425
0
LINE
8
BLACK
6
CONTINUOUS
10
0.4302135826771654
20
0.8028599212598425
11
0.4304994488188976
21
0.8020024015748032
0
LINE
8
BLACK
6
CONTINUOUS
10
0.4304994488188976
20
0.8020024015748032
11
0.4300951181102362
21
0.8011938188976377
0
LINE
8
BLACK
6
CONTINUOUS
10
0.4300951181102362
20
0.8011938188976377
11
0.4292375984251968
21
0.8009079527559055
0
LINE
8
BLACK
6
CONTINUOUS
10
0.4292375984251968
20
0.8009079527559055
11
0.4287931102362205
21
0.8010296850393701
0
LINE
8
BLACK
6
CONTINUOUS
10
0.4287931102362205
20
0.8010296850393701
11
0.4272932677165354
21
0.8017796062992126
0
LINE
8
BLACK
6
CONTINUOUS
10
0.4272932677165354
20
0.8017796062992126
11
0.4271436614173229
21
0.801895748031496
0
LINE
8
BLACK
6
CONTINUOUS
10
0.4271436614173229
20
0.801895748031496
11
0.4269862992125984
21
0.8020008661417323
0
LINE
8
BLACK
6
CONTINUOUS
10
0.4269862992125984
20
0.8020008661417323
11
0.4260029527559055
21
0.8029842519685039
0
LINE
8
BLACK
6
CONTINUOUS
10
0.4260029527559055
20
0.8029842519685039
11
0.4260029527559055
21
0.792018622047244
0
LINE
8
BLACK
6
CONTINUOUS
10
0.4260029527559055
20
0.792018622047244
11
0.4293212992125984
21
0.792018622047244
0
LINE
8
BLACK
6
CONTINUOUS
10
0.4293212992125984
20
0.792018622047244
11
0.4297733070866142
21
0.7919287007874015
0
LINE
8
BLACK
6
CONTINUOUS
10
0.4297733070866142
20
0.7919287007874015
11
0.4304124803149606
21
0.7912895275590551
0
LINE
8
BLACK
6
CONTINUOUS
10
0.4304124803149606
20
0.7912895275590551
11
0.4304124803149606
21
0.7903855118110236
0
LINE
8
BLACK
6
CONTINUOUS
10
0.4304124803149606
20
0.7903855118110236
11
0.4297733070866142
21
0.7897463385826772
0
LINE
8
BLACK
6
CONTINUOUS
10
0.4297733070866142
20
0.7897463385826772
11
0.4293212992125984
21
0.7896564173228346
0
LINE
8
BLACK
6
CONTINUOUS
10
0.4293212992125984
20
0.7896564173228346
11
0.4203224409448819
21
0.7896564173228346
0
LINE
8
BLACK
6
CONTINUOUS
10
0.4203224409448819
20
0.7896564173228346
11
0.4198704330708661
21
0.7897463385826772
0
LINE
8
BLACK
6
CONTINUOUS
10
0.4198704330708661
20
0.7897463385826772
11
0.4192312598425197
21
0.7903855118110236
0
LINE
8
BLACK
6
CONTINUOUS
10
0.4192312598425197
20
0.7903855118110236
11
0.4192312598425197
21
0.7912895275590551
0
LINE
8
BLACK
6
CONTINUOUS
10
0.4192312598425197
20
0.7912895275590551
11
0.4198704330708661
21
0.7919287007874015
0
LINE
8
BLACK
6
CONTINUOUS
10
0.4198704330708661
20
0.7919287007874015
11
0.4203224409448819
21
0.792018622047244
0
LINE
8
BLACK
6
CONTINUOUS
10
0.4203224409448819
20
0.792018622047244
11
0.423640748031496
21
0.792018622047244
0
LINE
8
BLACK
6
CONTINUOUS
10
0.423640748031496
20
0.792018622047244
11
0.423640748031496
21
0.8065855511811023
0
LINE
8
BLACK
6
CONTINUOUS
10
0.423640748031496
20
0.8065855511811023
11
0.4237306692913386
21
0.8070375590551181
0
LINE
8
BLACK
6
CONTINUOUS
10
0.4237306692913386
20
0.8070375590551181
11
0.4238166141732284
21
0.8071235433070866
0
LINE
8
BLACK
6
CONTINUOUS
10
0.4238166141732284
20
0.8071235433070866
11
0.4238404724409449
21
0.807242716535433
0
LINE
8
BLACK
6
CONTINUOUS
10
0.4238404724409449
20
0.807242716535433
11
0.4241265748031496
21
0.8074335039370079
0
LINE
8
BLACK
6
CONTINUOUS
10
0.4241265748031496
20
0.8074335039370079
11
0.424369842519685
21
0.8076767322834646
0
LINE
8
BLACK
6
CONTINUOUS
10
0.424369842519685
20
0.8076767322834646
11
0.4244914173228346
21
0.8076767322834646
0
LINE
8
BLACK
6
CONTINUOUS
10
0.4244914173228346
20
0.8076767322834646
11
0.4245926377952756
21
0.8077442125984252
0
LINE
8
BLACK
6
CONTINUOUS
10
0.4245926377952756
20
0.8077442125984252
11
0.4249300393700787
21
0.8076767322834646
0
LINE
8
BLACK
6
CONTINUOUS
10
0.4447714173228347
20
0.8076767322834646
11
0.4454105905511811
21
0.8070375590551181
0
LINE
8
BLACK
6
CONTINUOUS
10
0.4454105905511811
20
0.8070375590551181
11
0.4455005118110236
21
0.8065855511811023
0
LINE
8
BLACK
6
CONTINUOUS
10
0.4455005118110236
20
0.8065855511811023
11
0.4455005118110236
21
0.7908375196850393
0
LINE
8
BLACK
6
CONTINUOUS
10
0.4455005118110236
20
0.7908375196850393
11
0.4454105905511811
21
0.7903855118110236
0
LINE
8
BLACK
6
CONTINUOUS
10
0.4454105905511811
20
0.7903855118110236
11
0.4447714173228347
21
0.7897463385826772
0
LINE
8
BLACK
6
CONTINUOUS
10
0.4447714173228347
20
0.7897463385826772
11
0.4438674015748031
21
0.7897463385826772
0
LINE
8
BLACK
6
CONTINUOUS
10
0.4438674015748031
20
0.7897463385826772
11
0.4432282283464567
21
0.7903855118110236
0
LINE
8
BLACK
6
CONTINUOUS
10
0.4432282283464567
20
0.7903855118110236
11
0.4431383070866142
21
0.7908375196850393
0
LINE
8
BLACK
6
CONTINUOUS
10
0.4431383070866142
20
0.7908375196850393
11
0.4431383070866142
21
0.7971554724409449
0
LINE
8
BLACK
6
CONTINUOUS
10
0.4431383070866142
20
0.7971554724409449
11
0.441184842519685
21
0.7971554724409449
0
LINE
8
BLACK
6
CONTINUOUS
10
0.441184842519685
20
0.7971554724409449
11
0.4362881496062992
21
0.7901601968503937
0
LINE
8
BLACK
6
CONTINUOUS
10
0.4362881496062992
20
0.7901601968503937
11
0.4359552755905512
21
0.7898414566929134
0
LINE
8
BLACK
6
CONTINUOUS
10
0.4359552755905512
20
0.7898414566929134
11
0.4350651181102362
21
0.7896843700787401
0
LINE
8
BLACK
6
CONTINUOUS
10
0.4350651181102362
20
0.7896843700787401
11
0.4343244881889763
21
0.7902027952755906
0
LINE
8
BLACK
6
CONTINUOUS
10
0.4343244881889763
20
0.7902027952755906
11
0.4341674015748032
21
0.7910929527559055
0
LINE
8
BLACK
6
CONTINUOUS
10
0.4341674015748032
20
0.7910929527559055
11
0.4343529527559055
21
0.7915148425196851
0
LINE
8
BLACK
6
CONTINUOUS
10
0.4343529527559055
20
0.7915148425196851
11
0.4383036614173228
21
0.7971587795275591
0
LINE
8
BLACK
6
CONTINUOUS
10
0.4383036614173228
20
0.7971587795275591
11
0.4382621653543307
21
0.7971670078740157
0
LINE
8
BLACK
6
CONTINUOUS
10
0.4382621653543307
20
0.7971670078740157
11
0.4382364566929134
21
0.7971584251968504
0
LINE
8
BLACK
6
CONTINUOUS
10
0.4382364566929134
20
0.7971584251968504
11
0.4380536220472441
21
0.7972085039370078
0
LINE
8
BLACK
6
CONTINUOUS
10
0.4380536220472441
20
0.7972085039370078
11
0.4378681496062992
21
0.7972453937007874
0
LINE
8
BLACK
6
CONTINUOUS
10
0.4378681496062992
20
0.7972453937007874
11
0.4378489763779527
21
0.7972645669291338
0
LINE
8
BLACK
6
CONTINUOUS
10
0.4378489763779527
20
0.7972645669291338
11
0.437791968503937
21
0.7972801574803149
0
LINE
8
BLACK
6
CONTINUOUS
10
0.437791968503937
20
0.7972801574803149
11
0.4362921259842519
21
0.7980300787401574
0
LINE
8
BLACK
6
CONTINUOUS
10
0.4362921259842519
20
0.7980300787401574
11
0.4361427165354331
21
0.798146062992126
0
LINE
8
BLACK
6
CONTINUOUS
10
0.4361427165354331
20
0.798146062992126
11
0.4359851968503937
21
0.7982512992125984
0
LINE
8
BLACK
6
CONTINUOUS
10
0.4359851968503937
20
0.7982512992125984
11
0.4352353149606299
21
0.7990012204724409
0
LINE
8
BLACK
6
CONTINUOUS
10
0.4352353149606299
20
0.7990012204724409
11
0.4351302755905512
21
0.7991584251968504
0
LINE
8
BLACK
6
CONTINUOUS
10
0.4351302755905512
20
0.7991584251968504
11
0.4350140551181102
21
0.7993081496062991
0
LINE
8
BLACK
6
CONTINUOUS
10
0.4350140551181102
20
0.7993081496062991
11
0.4342641338582677
21
0.8008080314960629
0
LINE
8
BLACK
6
CONTINUOUS
10
0.4342641338582677
20
0.8008080314960629
11
0.4342485039370079
21
0.8008650787401574
0
LINE
8
BLACK
6
CONTINUOUS
10
0.4342485039370079
20
0.8008650787401574
11
0.4342293700787401
21
0.8008842125984251
0
LINE
8
BLACK
6
CONTINUOUS
10
0.4342293700787401
20
0.8008842125984251
11
0.4341924015748032
21
0.8010700393700787
0
LINE
8
BLACK
6
CONTINUOUS
10
0.4341924015748032
20
0.8010700393700787
11
0.4341424409448819
21
0.8012525196850393
0
LINE
8
BLACK
6
CONTINUOUS
10
0.4341424409448819
20
0.8012525196850393
11
0.4341509842519685
21
0.8012781889763779
0
LINE
8
BLACK
6
CONTINUOUS
10
0.4341509842519685
20
0.8012781889763779
11
0.4341394488188977
21
0.8013362204724409
0
LINE
8
BLACK
6
CONTINUOUS
10
0.4341394488188977
20
0.8013362204724409
11
0.4341394488188977
21
0.803585905511811
0
LINE
8
BLACK
6
CONTINUOUS
10
0.4341394488188977
20
0.803585905511811
11
0.4341509842519685
21
0.8036439763779527
0
LINE
8
BLACK
6
CONTINUOUS
10
0.4341509842519685
20
0.8036439763779527
11
0.4341424409448819
21
0.8036696062992126
0
LINE
8
BLACK
6
CONTINUOUS
10
0.4341424409448819
20
0.8036696062992126
11
0.4341924015748032
21
0.8038521259842519
0
LINE
8
BLACK
6
CONTINUOUS
10
0.4341924015748032
20
0.8038521259842519
11
0.4342293700787401
21
0.8040379133858268
0
LINE
8
BLACK
6
CONTINUOUS
10
0.4342293700787401
20
0.8040379133858268
11
0.4342485039370079
21
0.8040570866141732
0
LINE
8
BLACK
6
CONTINUOUS
10
0.4342485039370079
20
0.8040570866141732
11
0.4342641338582677
21
0.8041140944881889
0
LINE
8
BLACK
6
CONTINUOUS
10
0.4342641338582677
20
0.8041140944881889
11
0.4350140551181102
21
0.8056139763779527
0
LINE
8
BLACK
6
CONTINUOUS
10
0.4350140551181102
20
0.8056139763779527
11
0.4351302755905512
21
0.8057637401574803
0
LINE
8
BLACK
6
CONTINUOUS
10
0.4351302755905512
20
0.8057637401574803
11
0.4352353149606299
21
0.8059209055118111
0
LINE
8
BLACK
6
CONTINUOUS
10
0.4352353149606299
20
0.8059209055118111
11
0.4359851968503937
21
0.8066708267716535
0
LINE
8
BLACK
6
CONTINUOUS
10
0.4359851968503937
20
0.8066708267716535
11
0.4361427165354331
21
0.8067761023622048
0
LINE
8
BLACK
6
CONTINUOUS
10
0.4361427165354331
20
0.8067761023622048
11
0.4362921259842519
21
0.8068920472440945
0
LINE
8
BLACK
6
CONTINUOUS
10
0.4362921259842519
20
0.8068920472440945
11
0.437791968503937
21
0.807641968503937
0
LINE
8
BLACK
6
CONTINUOUS
10
0.437791968503937
20
0.807641968503937
11
0.4378489763779527
21
0.8076575984251968
0
LINE
8
BLACK
6
CONTINUOUS
10
0.4378489763779527
20
0.8076575984251968
11
0.4378681496062992
21
0.8076767322834646
0
LINE
8
BLACK
6
CONTINUOUS
10
0.4378681496062992
20
0.8076767322834646
11
0.4380536220472441
21
0.8077136614173228
0
LINE
8
BLACK
6
CONTINUOUS
10
0.4380536220472441
20
0.8077136614173228
11
0.4382364566929134
21
0.8077637007874016
0
LINE
8
BLACK
6
CONTINUOUS
10
0.4382364566929134
20
0.8077637007874016
11
0.4382621653543307
21
0.8077551574803149
0
LINE
8
BLACK
6
CONTINUOUS
10
0.4382621653543307
20
0.8077551574803149
11
0.4383201574803149
21
0.8077666535433071
0
LINE
8
BLACK
6
CONTINUOUS
10
0.4383201574803149
20
0.8077666535433071
11
0.4443194094488189
21
0.8077666535433071
0
LINE
8
BLACK
6
CONTINUOUS
10
0.4443194094488189
20
0.8077666535433071
11
0.4447714173228347
21
0.8076767322834646
0
LINE
8
BLACK
6
CONTINUOUS
10
0.4375199606299213
20
0.8048649212598425
11
0.4370411417322835
21
0.8043861417322834
0
LINE
8
BLACK
6
CONTINUOUS
10
0.4370411417322835
20
0.8043861417322834
11
0.4365016535433071
21
0.8033070866141732
0
LINE
8
BLACK
6
CONTINUOUS
10
0.4365016535433071
20
0.8033070866141732
11
0.4365016535433071
21
0.8016150393700787
0
LINE
8
BLACK
6
CONTINUOUS
10
0.4365016535433071
20
0.8016150393700787
11
0.4370411417322835
21
0.8005360236220472
0
LINE
8
BLACK
6
CONTINUOUS
10
0.4370411417322835
20
0.8005360236220472
11
0.4375199606299213
21
0.8000572440944882
0
LINE
8
BLACK
6
CONTINUOUS
10
0.4375199606299213
20
0.8000572440944882
11
0.4385990157480315
21
0.7995176771653543
0
LINE
8
BLACK
6
CONTINUOUS
10
0.4385990157480315
20
0.7995176771653543
11
0.4431383070866142
21
0.7995176771653543
0
LINE
8
BLACK
6
CONTINUOUS
10
0.4431383070866142
20
0.7995176771653543
11
0.4431383070866142
21
0.8054044488188976
0
LINE
8
BLACK
6
CONTINUOUS
10
0.4431383070866142
20
0.8054044488188976
11
0.4385990157480315
21
0.8054044488188976
0
LINE
8
BLACK
6
CONTINUOUS
10
0.4385990157480315
20
0.8054044488188976
11
0.4375199606299213
21
0.8048649212598425
0
LINE
8
BLACK
6
CONTINUOUS
10
0.411465905511811
20
0.8081092913385827
11
0.4116941338582677
21
0.8077089370078741
0
LINE
8
BLACK
6
CONTINUOUS
10
0.4116941338582677
20
0.8077089370078741
11
0.4154436614173228
21
0.7964603543307086
0
LINE
8
BLACK
6
CONTINUOUS
10
0.4154436614173228
20
0.7964603543307086
11
0.4155012992125984
21
0.7960031102362205
0
LINE
8
BLACK
6
CONTINUOUS
10
0.4155012992125984
20
0.7960031102362205
11
0.4154143700787402
21
0.795829251968504
0
LINE
8
BLACK
6
CONTINUOUS
10
0.4154143700787402
20
0.795829251968504
11
0.4154143700787402
21
0.795634842519685
0
LINE
8
BLACK
6
CONTINUOUS
10
0.4154143700787402
20
0.795634842519685
11
0.4152199606299212
21
0.7954404330708661
0
LINE
8
BLACK
6
CONTINUOUS
10
0.4152199606299212
20
0.7954404330708661
11
0.4150970472440945
21
0.7951946062992126
0
LINE
8
BLACK
6
CONTINUOUS
10
0.4150970472440945
20
0.7951946062992126
11
0.4149126771653543
21
0.7951331496062992
0
LINE
8
BLACK
6
CONTINUOUS
10
0.4149126771653543
20
0.7951331496062992
11
0.4147751968503937
21
0.7949956692913386
0
LINE
8
BLACK
6
CONTINUOUS
10
0.4147751968503937
20
0.7949956692913386
11
0.4143231889763779
21
0.7949057480314961
0
LINE
8
BLACK
6
CONTINUOUS
10
0.4143231889763779
20
0.7949057480314961
11
0.4080052362204724
21
0.7949057480314961
0
LINE
8
BLACK
6
CONTINUOUS
10
0.4080052362204724
20
0.7949057480314961
11
0.4080052362204724
21
0.7908375196850393
0
LINE
8
BLACK
6
CONTINUOUS
10
0.4080052362204724
20
0.7908375196850393
11
0.4079153149606299
21
0.7903855118110236
0
LINE
8
BLACK
6
CONTINUOUS
10
0.4079153149606299
20
0.7903855118110236
11
0.4072761417322834
21
0.7897463385826772
0
LINE
8
BLACK
6
CONTINUOUS
10
0.4072761417322834
20
0.7897463385826772
11
0.406372125984252
21
0.7897463385826772
0
LINE
8
BLACK
6
CONTINUOUS
10
0.406372125984252
20
0.7897463385826772
11
0.4057329527559055
21
0.7903855118110236
0
LINE
8
BLACK
6
CONTINUOUS
10
0.4057329527559055
20
0.7903855118110236
11
0.405643031496063
21
0.7908375196850393
0
LINE
8
BLACK
6
CONTINUOUS
10
0.405643031496063
20
0.7908375196850393
11
0.405643031496063
21
0.7949057480314961
0
LINE
8
BLACK
6
CONTINUOUS
10
0.405643031496063
20
0.7949057480314961
11
0.4045744094488189
21
0.7949057480314961
0
LINE
8
BLACK
6
CONTINUOUS
10
0.4045744094488189
20
0.7949057480314961
11
0.4041224015748031
21
0.7949956692913386
0
LINE
8
BLACK
6
CONTINUOUS
10
0.4041224015748031
20
0.7949956692913386
11
0.4034832283464567
21
0.795634842519685
0
LINE
8
BLACK
6
CONTINUOUS
10
0.4034832283464567
20
0.795634842519685
11
0.4034832283464567
21
0.7965388582677165
0
LINE
8
BLACK
6
CONTINUOUS
10
0.4034832283464567
20
0.7965388582677165
11
0.4041224015748031
21
0.7971780314960629
0
LINE
8
BLACK
6
CONTINUOUS
10
0.4041224015748031
20
0.7971780314960629
11
0.4045744094488189
21
0.7972679527559055
0
LINE
8
BLACK
6
CONTINUOUS
10
0.4045744094488189
20
0.7972679527559055
11
0.405643031496063
21
0.7972679527559055
0
LINE
8
BLACK
6
CONTINUOUS
10
0.405643031496063
20
0.7972679527559055
11
0.405643031496063
21
0.8013362204724409
0
LINE
8
BLACK
6
CONTINUOUS
10
0.405643031496063
20
0.8013362204724409
11
0.4057329527559055
21
0.8017882283464567
0
LINE
8
BLACK
6
CONTINUOUS
10
0.4057329527559055
20
0.8017882283464567
11
0.406372125984252
21
0.8024274015748031
0
LINE
8
BLACK
6
CONTINUOUS
10
0.406372125984252
20
0.8024274015748031
11
0.4072761417322834
21
0.8024274015748031
0
LINE
8
BLACK
6
CONTINUOUS
10
0.4072761417322834
20
0.8024274015748031
11
0.4079153149606299
21
0.8017882283464567
0
LINE
8
BLACK
6
CONTINUOUS
10
0.4079153149606299
20
0.8017882283464567
11
0.4080052362204724
21
0.8013362204724409
0
LINE
8
BLACK
6
CONTINUOUS
10
0.4080052362204724
20
0.8013362204724409
11
0.4080052362204724
21
0.7972679527559055
0
LINE
8
BLACK
6
CONTINUOUS
10
0.4080052362204724
20
0.7972679527559055
11
0.4126845275590551
21
0.7972679527559055
0
LINE
8
BLACK
6
CONTINUOUS
10
0.4126845275590551
20
0.7972679527559055
11
0.4094531889763779
21
0.8069619291338582
0
LINE
8
BLACK
6
CONTINUOUS
10
0.4094531889763779
20
0.8069619291338582
11
0.4093955511811024
21
0.8074191732283464
0
LINE
8
BLACK
6
CONTINUOUS
10
0.4093955511811024
20
0.8074191732283464
11
0.4097998031496063
21
0.8082276771653543
0
LINE
8
BLACK
6
CONTINUOUS
10
0.4097998031496063
20
0.8082276771653543
11
0.4106574015748031
21
0.8085135433070866
0
LINE
8
BLACK
6
CONTINUOUS
10
0.4106574015748031
20
0.8085135433070866
11
0.411465905511811
21
0.8081092913385827
0
LINE
8
BLACK
6
CONTINUOUS
10
0.4574462204724409
20
0.8160588188976378
11
0.4585115748031496
21
0.8149934645669291
0
LINE
8
BLACK
6
CONTINUOUS
10
0.4585115748031496
20
0.8149934645669291
11
0.4586614173228346
21
0.814240157480315
0
LINE
8
BLACK
6
CONTINUOUS
10
0.4586614173228346
20
0.814240157480315
11
0.4586614173228346
21
0.781759842519685
0
LINE
8
BLACK
6
CONTINUOUS
10
0.4586614173228346
20
0.781759842519685
11
0.4585115748031496
21
0.7810065354330709
0
LINE
8
BLACK
6
CONTINUOUS
10
0.4585115748031496
20
0.7810065354330709
11
0.4574462204724409
21
0.7799411811023622
0
LINE
8
BLACK
6
CONTINUOUS
10
0.4574462204724409
20
0.7799411811023622
11
0.4566929133858267
21
0.7797913385826771
0
LINE
8
BLACK
6
CONTINUOUS
10
0.4566929133858267
20
0.7797913385826771
11
0.3937007874015748
21
0.7797913385826771
0
LINE
8
BLACK
6
CONTINUOUS
10
0.3937007874015748
20
0.7797913385826771
11
0.3929474803149606
21
0.7799411811023622
0
LINE
8
BLACK
6
CONTINUOUS
10
0.3929474803149606
20
0.7799411811023622
11
0.391882125984252
21
0.7810065354330709
0
LINE
8
BLACK
6
CONTINUOUS
10
0.391882125984252
20
0.7810065354330709
11
0.3917322834645669
21
0.781759842519685
0
LINE
8
BLACK
6
CONTINUOUS
10
0.3917322834645669
20
0.781759842519685
11
0.3917322834645669
21
0.814240157480315
0
LINE
8
BLACK
6
CONTINUOUS
10
0.3917322834645669
20
0.814240157480315
11
0.391882125984252
21
0.8149934645669291
0
LINE
8
BLACK
6
CONTINUOUS
10
0.391882125984252
20
0.8149934645669291
11
0.3929474803149606
21
0.8160588188976378
0
LINE
8
BLACK
6
CONTINUOUS
10
0.3929474803149606
20
0.8160588188976378
11
0.3937007874015748
21
0.8162086614173228
0
LINE
8
BLACK
6
CONTINUOUS
10
0.3937007874015748
20
0.8162086614173228
11
0.4566929133858267
21
0.8162086614173228
0
LINE
8
BLACK
6
CONTINUOUS
10
0.4566929133858267
20
0.8162086614173228
11
0.4574462204724409
21
0.8160588188976378
0
LINE
8
BLACK
6
CONTINUOUS
10
0.3956692913385826
20
0.8122716535433071
11
0.3956692913385826
21
0.7837283464566929
0
LINE
8
BLACK
6
CONTINUOUS
10
0.3956692913385826
20
0.7837283464566929
11
0.4547244094488189
21
0.7837283464566929
0
LINE
8
BLACK
6
CONTINUOUS
10
0.4547244094488189
20
0.7837283464566929
11
0.4547244094488189
21
0.8122716535433071
0
LINE
8
BLACK
6
CONTINUOUS
10
0.4547244094488189
20
0.8122716535433071
11
0.3956692913385826
21
0.8122716535433071
0
LINE
8
BLACK
6
CONTINUOUS
10
0.5568824409448819
20
0.8076767322834646
11
0.5575216141732283
21
0.8070375590551181
0
LINE
8
BLACK
6
CONTINUOUS
10
0.5575216141732283
20
0.8070375590551181
11
0.5575216141732283
21
0.8061335433070866
0
LINE
8
BLACK
6
CONTINUOUS
10
0.5575216141732283
20
0.8061335433070866
11
0.5568824409448819
21
0.8054943700787401
0
LINE
8
BLACK
6
CONTINUOUS
10
0.5568824409448819
20
0.8054943700787401
11
0.5564304330708661
21
0.8054044488188976
0
LINE
8
BLACK
6
CONTINUOUS
10
0.5564304330708661
20
0.8054044488188976
11
0.5477229133858268
21
0.8054044488188976
0
LINE
8
BLACK
6
CONTINUOUS
10
0.5477229133858268
20
0.8054044488188976
11
0.5537664960629921
21
0.7913027952755906
0
LINE
8
BLACK
6
CONTINUOUS
10
0.5537664960629921
20
0.7913027952755906
11
0.5538619291338582
21
0.7908518897637795
0
LINE
8
BLACK
6
CONTINUOUS
10
0.5538619291338582
20
0.7908518897637795
11
0.5535262204724409
21
0.7900126377952755
0
LINE
8
BLACK
6
CONTINUOUS
10
0.5535262204724409
20
0.7900126377952755
11
0.5526952755905512
21
0.7896565354330708
0
LINE
8
BLACK
6
CONTINUOUS
10
0.5526952755905512
20
0.7896565354330708
11
0.5518560236220472
21
0.7899922440944882
0
LINE
8
BLACK
6
CONTINUOUS
10
0.5518560236220472
20
0.7899922440944882
11
0.5515953149606299
21
0.7903722834645669
0
LINE
8
BLACK
6
CONTINUOUS
10
0.5515953149606299
20
0.7903722834645669
11
0.5448461417322834
21
0.8061202755905512
0
LINE
8
BLACK
6
CONTINUOUS
10
0.5448461417322834
20
0.8061202755905512
11
0.5448440551181102
21
0.8061300393700788
0
LINE
8
BLACK
6
CONTINUOUS
10
0.5448440551181102
20
0.8061300393700788
11
0.5448405511811023
21
0.8061335433070866
0
LINE
8
BLACK
6
CONTINUOUS
10
0.5448405511811023
20
0.8061335433070866
11
0.5448405511811023
21
0.8061466929133858
0
LINE
8
BLACK
6
CONTINUOUS
10
0.5448405511811023
20
0.8061466929133858
11
0.5447507086614173
21
0.8065711811023621
0
LINE
8
BLACK
6
CONTINUOUS
10
0.5447507086614173
20
0.8065711811023621
11
0.5448405511811023
21
0.8067957874015748
0
LINE
8
BLACK
6
CONTINUOUS
10
0.5448405511811023
20
0.8067957874015748
11
0.5448405511811023
21
0.8070375590551181
0
LINE
8
BLACK
6
CONTINUOUS
10
0.5448405511811023
20
0.8070375590551181
11
0.5450017322834646
21
0.807198779527559
0
LINE
8
BLACK
6
CONTINUOUS
10
0.5450017322834646
20
0.807198779527559
11
0.5450864173228346
21
0.8074104330708661
0
LINE
8
BLACK
6
CONTINUOUS
10
0.5450864173228346
20
0.8074104330708661
11
0.5453086614173228
21
0.8075057086614174
0
LINE
8
BLACK
6
CONTINUOUS
10
0.5453086614173228
20
0.8075057086614174
11
0.5454797244094488
21
0.8076767322834646
0
LINE
8
BLACK
6
CONTINUOUS
10
0.5454797244094488
20
0.8076767322834646
11
0.5459052362204724
21
0.8077614173228346
0
LINE
8
BLACK
6
CONTINUOUS
10
0.5459052362204724
20
0.8077614173228346
11
0.5459173622047244
21
0.8077665748031496
0
LINE
8
BLACK
6
CONTINUOUS
10
0.5459173622047244
20
0.8077665748031496
11
0.545921968503937
21
0.8077647244094488
0
LINE
8
BLACK
6
CONTINUOUS
10
0.545921968503937
20
0.8077647244094488
11
0.5459317322834646
21
0.8077666535433071
0
LINE
8
BLACK
6
CONTINUOUS
10
0.5459317322834646
20
0.8077666535433071
11
0.5564304330708661
21
0.8077666535433071
0
LINE
8
BLACK
6
CONTINUOUS
10
0.5564304330708661
20
0.8077666535433071
11
0.5568824409448819
21
0.8076767322834646
0
LINE
8
BLACK
6
CONTINUOUS
10
0.5711306299212598
20
0.8076767322834646
11
0.5717698031496062
21
0.8070375590551181
0
LINE
8
BLACK
6
CONTINUOUS
10
0.5717698031496062
20
0.8070375590551181
11
0.5718597244094488
21
0.8065855511811023
0
LINE
8
BLACK
6
CONTINUOUS
10
0.5718597244094488
20
0.8065855511811023
11
0.5718597244094488
21
0.7908375196850393
0
LINE
8
BLACK
6
CONTINUOUS
10
0.5718597244094488
20
0.7908375196850393
11
0.5717698031496062
21
0.7903855118110236
0
LINE
8
BLACK
6
CONTINUOUS
10
0.5717698031496062
20
0.7903855118110236
11
0.5711306299212598
21
0.7897463385826772
0
LINE
8
BLACK
6
CONTINUOUS
10
0.5711306299212598
20
0.7897463385826772
11
0.5702266141732283
21
0.7897463385826772
0
LINE
8
BLACK
6
CONTINUOUS
10
0.5702266141732283
20
0.7897463385826772
11
0.5695874409448819
21
0.7903855118110236
0
LINE
8
BLACK
6
CONTINUOUS
10
0.5695874409448819
20
0.7903855118110236
11
0.5694975196850394
21
0.7908375196850393
0
LINE
8
BLACK
6
CONTINUOUS
10
0.5694975196850394
20
0.7908375196850393
11
0.5694975196850394
21
0.7971554724409449
0
LINE
8
BLACK
6
CONTINUOUS
10
0.5694975196850394
20
0.7971554724409449
11
0.5675440551181102
21
0.7971554724409449
0
LINE
8
BLACK
6
CONTINUOUS
10
0.5675440551181102
20
0.7971554724409449
11
0.5626473622047244
21
0.7901601968503937
0
LINE
8
BLACK
6
CONTINUOUS
10
0.5626473622047244
20
0.7901601968503937
11
0.5623144881889763
21
0.7898414566929134
0
LINE
8
BLACK
6
CONTINUOUS
10
0.5623144881889763
20
0.7898414566929134
11
0.5614243307086614
21
0.7896843700787401
0
LINE
8
BLACK
6
CONTINUOUS
10
0.5614243307086614
20
0.7896843700787401
11
0.5606837007874016
21
0.7902027952755906
0
LINE
8
BLACK
6
CONTINUOUS
10
0.5606837007874016
20
0.7902027952755906
11
0.5605266141732284
21
0.7910929527559055
0
LINE
8
BLACK
6
CONTINUOUS
10
0.5605266141732284
20
0.7910929527559055
11
0.5607121653543307
21
0.7915148425196851
0
LINE
8
BLACK
6
CONTINUOUS
10
0.5607121653543307
20
0.7915148425196851
11
0.564662874015748
21
0.7971587795275591
0
LINE
8
BLACK
6
CONTINUOUS
10
0.564662874015748
20
0.7971587795275591
11
0.5646213779527559
21
0.7971670078740157
0
LINE
8
BLACK
6
CONTINUOUS
10
0.5646213779527559
20
0.7971670078740157
11
0.5645956692913385
21
0.7971584251968504
0
LINE
8
BLACK
6
CONTINUOUS
10
0.5645956692913385
20
0.7971584251968504
11
0.5644128346456693
21
0.7972085039370078
0
LINE
8
BLACK
6
CONTINUOUS
10
0.5644128346456693
20
0.7972085039370078
11
0.5642273622047244
21
0.7972453937007874
0
LINE
8
BLACK
6
CONTINUOUS
10
0.5642273622047244
20
0.7972453937007874
11
0.5642081889763779
21
0.7972645669291338
0
LINE
8
BLACK
6
CONTINUOUS
10
0.5642081889763779
20
0.7972645669291338
11
0.5641511811023622
21
0.7972801574803149
0
LINE
8
BLACK
6
CONTINUOUS
10
0.5641511811023622
20
0.7972801574803149
11
0.5626513385826771
21
0.7980300787401574
0
LINE
8
BLACK
6
CONTINUOUS
10
0.5626513385826771
20
0.7980300787401574
11
0.5625019291338582
21
0.798146062992126
0
LINE
8
BLACK
6
CONTINUOUS
10
0.5625019291338582
20
0.798146062992126
11
0.5623444094488189
21
0.7982512992125984
0
LINE
8
BLACK
6
CONTINUOUS
10
0.5623444094488189
20
0.7982512992125984
11
0.5615945275590551
21
0.7990012204724409
0
LINE
8
BLACK
6
CONTINUOUS
10
0.5615945275590551
20
0.7990012204724409
11
0.5614894881889764
21
0.7991584251968504
0
LINE
8
BLACK
6
CONTINUOUS
10
0.5614894881889764
20
0.7991584251968504
11
0.5613732677165354
21
0.7993081496062991
0
LINE
8
BLACK
6
CONTINUOUS
10
0.5613732677165354
20
0.7993081496062991
11
0.5606233464566929
21
0.8008080314960629
0
LINE
8
BLACK
6
CONTINUOUS
10
0.5606233464566929
20
0.8008080314960629
11
0.5606077165354331
21
0.8008650787401574
0
LINE
8
BLACK
6
CONTINUOUS
10
0.5606077165354331
20
0.8008650787401574
11
0.5605885826771654
21
0.8008842125984251
0
LINE
8
BLACK
6
CONTINUOUS
10
0.5605885826771654
20
0.8008842125984251
11
0.5605516141732283
21
0.8010700393700787
0
LINE
8
BLACK
6
CONTINUOUS
10
0.5605516141732283
20
0.8010700393700787
11
0.5605016535433071
21
0.8012525196850393
0
LINE
8
BLACK
6
CONTINUOUS
10
0.5605016535433071
20
0.8012525196850393
11
0.5605101968503937
21
0.8012781889763779
0
LINE
8
BLACK
6
CONTINUOUS
10
0.5605101968503937
20
0.8012781889763779
11
0.5604986614173229
21
0.8013362204724409
0
LINE
8
BLACK
6
CONTINUOUS
10
0.5604986614173229
20
0.8013362204724409
11
0.5604986614173229
21
0.803585905511811
0
LINE
8
BLACK
6
CONTINUOUS
10
0.5604986614173229
20
0.803585905511811
11
0.5605101968503937
21
0.8036439763779527
0
LINE
8
BLACK
6
CONTINUOUS
10
0.5605101968503937
20
0.8036439763779527
11
0.5605016535433071
21
0.8036696062992126
0
LINE
8
BLACK
6
CONTINUOUS
10
0.5605016535433071
20
0.8036696062992126
11
0.5605516141732283
21
0.8038521259842519
0
LINE
8
BLACK
6
CONTINUOUS
10
0.5605516141732283
20
0.8038521259842519
11
0.5605885826771654
21
0.8040379133858268
0
LINE
8
BLACK
6
CONTINUOUS
10
0.5605885826771654
20
0.8040379133858268
11
0.5606077165354331
21
0.8040570866141732
0
LINE
8
BLACK
6
CONTINUOUS
10
0.5606077165354331
20
0.8040570866141732
11
0.5606233464566929
21
0.8041140944881889
0
LINE
8
BLACK
6
CONTINUOUS
10
0.5606233464566929
20
0.8041140944881889
11
0.5613732677165354
21
0.8056139763779527
0
LINE
8
BLACK
6
CONTINUOUS
10
0.5613732677165354
20
0.8056139763779527
11
0.5614894881889764
21
0.8057637401574803
0
LINE
8
BLACK
6
CONTINUOUS
10
0.5614894881889764
20
0.8057637401574803
11
0.5615945275590551
21
0.8059209055118111
0
LINE
8
BLACK
6
CONTINUOUS
10
0.5615945275590551
20
0.8059209055118111
11
0.5623444094488189
21
0.8066708267716535
0
LINE
8
BLACK
6
CONTINUOUS
10
0.5623444094488189
20
0.8066708267716535
11
0.5625019291338582
21
0.8067761023622048
0
LINE
8
BLACK
6
CONTINUOUS
10
0.5625019291338582
20
0.8067761023622048
11
0.5626513385826771
21
0.8068920472440945
0
LINE
8
BLACK
6
CONTINUOUS
10
0.5626513385826771
20
0.8068920472440945
11
0.5641511811023622
21
0.807641968503937
0
LINE
8
BLACK
6
CONTINUOUS
10
0.5641511811023622
20
0.807641968503937
11
0.5642081889763779
21
0.8076575984251968
0
LINE
8
BLACK
6
CONTINUOUS
10
0.5642081889763779
20
0.8076575984251968
11
0.5642273622047244
21
0.8076767322834646
0
LINE
8
BLACK
6
CONTINUOUS
10
0.5642273622047244
20
0.8076767322834646
11
0.5644128346456693
21
0.8077136614173228
0
LINE
8
BLACK
6
CONTINUOUS
10
0.5644128346456693
20
0.8077136614173228
11
0.5645956692913385
21
0.8077637007874016
0
LINE
8
BLACK
6
CONTINUOUS
10
0.5645956692913385
20
0.8077637007874016
11
0.5646213779527559
21
0.8077551574803149
0
LINE
8
BLACK
6
CONTINUOUS
10
0.5646213779527559
20
0.8077551574803149
11
0.5646793700787401
21
0.8077666535433071
0
LINE
8
BLACK
6
CONTINUOUS
10
0.5646793700787401
20
0.8077666535433071
11
0.5706786220472441
21
0.8077666535433071
0
LINE
8
BLACK
6
CONTINUOUS
10
0.5706786220472441
20
0.8077666535433071
11
0.5711306299212598
21
0.8076767322834646
0
LINE
8
BLACK
6
CONTINUOUS
10
0.5638791732283465
20
0.8048649212598425
11
0.5634003543307087
21
0.8043861417322834
0
LINE
8
BLACK
6
CONTINUOUS
10
0.5634003543307087
20
0.8043861417322834
11
0.5628608661417323
21
0.8033070866141732
0
LINE
8
BLACK
6
CONTINUOUS
10
0.5628608661417323
20
0.8033070866141732
11
0.5628608661417323
21
0.8016150393700787
0
LINE
8
BLACK
6
CONTINUOUS
10
0.5628608661417323
20
0.8016150393700787
11
0.5634003543307087
21
0.8005360236220472
0
LINE
8
BLACK
6
CONTINUOUS
10
0.5634003543307087
20
0.8005360236220472
11
0.5638791732283465
21
0.8000572440944882
0
LINE
8
BLACK
6
CONTINUOUS
10
0.5638791732283465
20
0.8000572440944882
11
0.5649582283464567
21
0.7995176771653543
0
LINE
8
BLACK
6
CONTINUOUS
10
0.5649582283464567
20
0.7995176771653543
11
0.5694975196850394
21
0.7995176771653543
0
LINE
8
BLACK
6
CONTINUOUS
10
0.5694975196850394
20
0.7995176771653543
11
0.5694975196850394
21
0.8054044488188976
0
LINE
8
BLACK
6
CONTINUOUS
10
0.5694975196850394
20
0.8054044488188976
11
0.5649582283464567
21
0.8054044488188976
0
LINE
8
BLACK
6
CONTINUOUS
10
0.5649582283464567
20
0.8054044488188976
11
0.5638791732283465
21
0.8048649212598425
0
LINE
8
BLACK
6
CONTINUOUS
10
0.5913044881889764
20
0.8160588188976378
11
0.5923698425196851
21
0.8149934645669291
0
LINE
8
BLACK
6
CONTINUOUS
10
0.5923698425196851
20
0.8149934645669291
11
0.59251968503937
21
0.814240157480315
0
LINE
8
BLACK
6
CONTINUOUS
10
0.59251968503937
20
0.814240157480315
11
0.59251968503937
21
0.781759842519685
0
LINE
8
BLACK
6
CONTINUOUS
10
0.59251968503937
20
0.781759842519685
11
0.5923698425196851
21
0.7810065354330709
0
LINE
8
BLACK
6
CONTINUOUS
10
0.5923698425196851
20
0.7810065354330709
11
0.5913044881889764
21
0.7799411811023622
0
LINE
8
BLACK
6
CONTINUOUS
10
0.5913044881889764
20
0.7799411811023622
11
0.5905511811023622
21
0.7797913385826771
0
LINE
8
BLACK
6
CONTINUOUS
10
0.5905511811023622
20
0.7797913385826771
11
0.5275590551181102
21
0.7797913385826771
0
LINE
8
BLACK
6
CONTINUOUS
10
0.5275590551181102
20
0.7797913385826771
11
0.526805748031496
21
0.7799411811023622
0
LINE
8
BLACK
6
CONTINUOUS
10
0.526805748031496
20
0.7799411811023622
11
0.5257403937007874
21
0.7810065354330709
0
LINE
8
BLACK
6
CONTINUOUS
10
0.5257403937007874
20
0.7810065354330709
11
0.5255905511811023
21
0.781759842519685
0
LINE
8
BLACK
6
CONTINUOUS
10
0.5255905511811023
20
0.781759842519685
11
0.5255905511811023
21
0.814240157480315
0
LINE
8
BLACK
6
CONTINUOUS
10
0.5255905511811023
20
0.814240157480315
11
0.5257403937007874
21
0.8149934645669291
0
LINE
8
BLACK
6
CONTINUOUS
10
0.5257403937007874
20
0.8149934645669291
11
0.526805748031496
21
0.8160588188976378
0
LINE
8
BLACK
6
CONTINUOUS
10
0.526805748031496
20
0.8160588188976378
11
0.5275590551181102
21
0.8162086614173228
0
LINE
8
BLACK
6
CONTINUOUS
10
0.5275590551181102
20
0.8162086614173228
11
0.5905511811023622
21
0.8162086614173228
0
LINE
8
BLACK
6
CONTINUOUS
10
0.5905511811023622
20
0.8162086614173228
11
0.5913044881889764
21
0.8160588188976378
0
LINE
8
BLACK
6
CONTINUOUS
10
0.5295275590551181
20
0.8122716535433071
11
0.5295275590551181
21
0.7837283464566929
0
LINE
8
BLACK
6
CONTINUOUS
10
0.5295275590551181
20
0.7837283464566929
11
0.5885826771653543
21
0.7837283464566929
0
LINE
8
BLACK
6
CONTINUOUS
10
0.5885826771653543
20
0.7837283464566929
11
0.5885826771653543
21
0.8122716535433071
0
LINE
8
BLACK
6
CONTINUOUS
10
0.5885826771653543
20
0.8122716535433071
11
0.5295275590551181
21
0.8122716535433071
0
CIRCLE
8
BLACK
10
0.0984251968503937
20
0.
40
0.0068897637795276
0
CIRCLE
8
BLACK
10
0.0984251968503937
20
0.905511811023622
40
0.0068897637795276
0
CIRCLE
8
BLACK
10
0.8858267716535433
20
0.905511811023622
40
0.0068897637795276
0
CIRCLE
8
BLACK
10
0.4921259842519685
20
0.905511811023622
40
0.0068897637795276
0
CIRCLE
8
BLACK
10
0.8858267716535433
20
0.
40
0.0068897637795276
0
CIRCLE
8
BLACK
10
0.4921259842519685
20
0.
40
0.0068897637795276
  0
ENDSEC
  0
EOF
