  0
SECTION
  2
HEADER
  9
$ANGBASE
  50
0.0
  9
$ANGDIR
  70
1
  9
$MEASUREMENT
  70
0
  0
ENDSEC
  0
SECTION
  2
TABLES
  0
TABLE
  2
LTYPE
  70
4
  0
LTYPE
  5
40F
  2
CONTINUOUS
  70
0
  3
Solid line
  72
65
  73
0
  40
0.0
  0
LTYPE
  5
410
  2
DASHDOT
 70
0
  3
Dash Dot ____ _ ____ _
 72
65
 73
4
 40
2.0
 49
1.25
 49
-0.25
 49
0.25
 49
-0.25
  0
LTYPE
  5
411
  2
DASHED
 70
0
  3
Dashed __ __ __ __ __
 72
65
 73
2
 40
0.75
 49
0.5
 49
-0.25
  0
LTYPE
  5
43B
  2
DOTTED
 70
0
  3
Dotted .  .  .  .
 72
65
 73
2
 40
0.2
 49
0.0
 49
-0.2
  0
ENDTAB
  0
TABLE
  2
STYLE
  70
4
  0
STYLE
  2
KICAD
  70
0
  40
0
  41
1
  42
1
  50
0
  71
0
  3
isocp.shx
  0
STYLE
  2
KICADB
  70
0
  40
0
  41
1
  42
1
  50
0
  71
0
  3
isocp.shx
  0
STYLE
  2
KICADI
  70
0
  40
0
  41
1
  42
1
  50
15
  71
0
  3
isocp.shx
  0
STYLE
  2
KICADBI
  70
0
  40
0
  41
1
  42
1
  50
15
  71
0
  3
isocp.shx
  0
ENDTAB
  0
TABLE
  2
LAYER
  70
1
  0
LAYER
  2
BLACK
  70
0
  62
7
  6
CONTINUOUS
  0
ENDTAB
  0
ENDSEC
  0
SECTION
  2
ENTITIES
0
LINE
8
BLACK
6
CONTINUOUS
10
0.8897272834645669
20
0.7269114960629921
11
0.8932875984251968
21
0.7248559448818898
0
LINE
8
BLACK
6
CONTINUOUS
10
0.8932875984251968
20
0.7248559448818898
11
0.896194527559055
21
0.7219490157480315
0
LINE
8
BLACK
6
CONTINUOUS
10
0.896194527559055
20
0.7219490157480315
11
0.8982500787401575
21
0.7183887007874016
0
LINE
8
BLACK
6
CONTINUOUS
10
0.8982500787401575
20
0.7183887007874016
11
0.899314094488189
21
0.7144177165354331
0
LINE
8
BLACK
6
CONTINUOUS
10
0.899314094488189
20
0.7144177165354331
11
0.899314094488189
21
0.7106683464566929
0
LINE
8
BLACK
6
CONTINUOUS
10
0.899314094488189
20
0.7106683464566929
11
0.9184050393700787
21
0.6915774015748032
0
LINE
8
BLACK
6
CONTINUOUS
10
0.9184050393700787
20
0.6915774015748032
11
0.919629094488189
21
0.6900858661417323
0
LINE
8
BLACK
6
CONTINUOUS
10
0.919629094488189
20
0.6900858661417323
11
0.9200053543307086
21
0.6891774803149606
0
LINE
8
BLACK
6
CONTINUOUS
10
0.9200053543307086
20
0.6891774803149606
11
0.9210987007874015
21
0.6865378740157481
0
LINE
8
BLACK
6
CONTINUOUS
10
0.9210987007874015
20
0.6865378740157481
11
0.9212878346456693
21
0.6846176771653543
0
LINE
8
BLACK
6
CONTINUOUS
10
0.9212878346456693
20
0.6846176771653543
11
0.9212878346456693
21
0.5886334251968504
0
LINE
8
BLACK
6
CONTINUOUS
10
0.9212878346456693
20
0.5886334251968504
11
0.9210987007874015
21
0.5867132283464567
0
LINE
8
BLACK
6
CONTINUOUS
10
0.9210987007874015
20
0.5867132283464567
11
0.9196290551181102
21
0.5831651968503937
0
LINE
8
BLACK
6
CONTINUOUS
10
0.9196290551181102
20
0.5831651968503937
11
0.9196288582677166
21
0.5831650393700787
0
LINE
8
BLACK
6
CONTINUOUS
10
0.9196288582677166
20
0.5831650393700787
11
0.918405
21
0.5816737007874015
0
LINE
8
BLACK
6
CONTINUOUS
10
0.918405
20
0.5816737007874015
11
0.9055590157480314
21
0.5688276771653543
0
LINE
8
BLACK
6
CONTINUOUS
10
0.9055590157480314
20
0.5688276771653543
11
0.9040676771653543
21
0.5676038582677165
0
LINE
8
BLACK
6
CONTINUOUS
10
0.9040676771653543
20
0.5676038582677165
11
0.9040675196850394
21
0.5676036614173228
0
LINE
8
BLACK
6
CONTINUOUS
10
0.9040675196850394
20
0.5676036614173228
11
0.9005194881889763
21
0.5661340157480315
0
LINE
8
BLACK
6
CONTINUOUS
10
0.9005194881889763
20
0.5661340157480315
11
0.8985992913385826
21
0.5659448818897638
0
LINE
8
BLACK
6
CONTINUOUS
10
0.8985992913385826
20
0.5659448818897638
11
0.8562125984251968
21
0.5659448818897638
0
LINE
8
BLACK
6
CONTINUOUS
10
0.8562125984251968
20
0.5659448818897638
11
0.8133905118110236
21
0.5659448818897638
0
LINE
8
BLACK
6
CONTINUOUS
10
0.8133905118110236
20
0.5659448818897638
11
0.8132309448818897
21
0.565706062992126
0
LINE
8
BLACK
6
CONTINUOUS
10
0.8132309448818897
20
0.565706062992126
11
0.8113150787401575
21
0.564425905511811
0
LINE
8
BLACK
6
CONTINUOUS
10
0.8113150787401575
20
0.564425905511811
11
0.8090551181102362
21
0.5639763779527559
0
LINE
8
BLACK
6
CONTINUOUS
10
0.8090551181102362
20
0.5639763779527559
11
0.7913385826771653
21
0.5639763779527559
0
LINE
8
BLACK
6
CONTINUOUS
10
0.7913385826771653
20
0.5639763779527559
11
0.7913385826771653
21
0.4075808661417323
0
LINE
8
BLACK
6
CONTINUOUS
10
0.7913385826771653
20
0.4075808661417323
11
0.8535816929133858
21
0.345337716535433
0
LINE
8
BLACK
6
CONTINUOUS
10
0.8535816929133858
20
0.345337716535433
11
0.8570555118110236
21
0.345337716535433
0
LINE
8
BLACK
6
CONTINUOUS
10
0.8570555118110236
20
0.345337716535433
11
0.8610264960629921
21
0.3442737007874015
0
LINE
8
BLACK
6
CONTINUOUS
10
0.8610264960629921
20
0.3442737007874015
11
0.864586811023622
21
0.3422181496062992
0
LINE
8
BLACK
6
CONTINUOUS
10
0.864586811023622
20
0.3422181496062992
11
0.8674937401574803
21
0.3393112204724409
0
LINE
8
BLACK
6
CONTINUOUS
10
0.8674937401574803
20
0.3393112204724409
11
0.8695492913385826
21
0.335750905511811
0
LINE
8
BLACK
6
CONTINUOUS
10
0.8695492913385826
20
0.335750905511811
11
0.8706133070866141
21
0.3317799212598425
0
LINE
8
BLACK
6
CONTINUOUS
10
0.8706133070866141
20
0.3317799212598425
11
0.8706133070866141
21
0.3280305511811024
0
LINE
8
BLACK
6
CONTINUOUS
10
0.8706133070866141
20
0.3280305511811024
11
0.9169596850393701
21
0.2816841338582677
0
LINE
8
BLACK
6
CONTINUOUS
10
0.9169596850393701
20
0.2816841338582677
11
0.9181835433070866
21
0.2801928346456693
0
LINE
8
BLACK
6
CONTINUOUS
10
0.9181835433070866
20
0.2801928346456693
11
0.9181837401574803
21
0.2801926377952756
0
LINE
8
BLACK
6
CONTINUOUS
10
0.9181837401574803
20
0.2801926377952756
11
0.9196533858267716
21
0.2766446062992126
0
LINE
8
BLACK
6
CONTINUOUS
10
0.9196533858267716
20
0.2766446062992126
11
0.9198425196850394
21
0.2747244094488189
0
LINE
8
BLACK
6
CONTINUOUS
10
0.9198425196850394
20
0.2747244094488189
11
0.9198425196850394
21
0.187326062992126
0
LINE
8
BLACK
6
CONTINUOUS
10
0.9198425196850394
20
0.187326062992126
11
0.9196533858267716
21
0.1854058661417323
0
LINE
8
BLACK
6
CONTINUOUS
10
0.9196533858267716
20
0.1854058661417323
11
0.9181837401574803
21
0.1818578346456693
0
LINE
8
BLACK
6
CONTINUOUS
10
0.9181837401574803
20
0.1818578346456693
11
0.9181835433070866
21
0.1818576771653543
0
LINE
8
BLACK
6
CONTINUOUS
10
0.9181835433070866
20
0.1818576771653543
11
0.9169596850393701
21
0.1803663385826772
0
LINE
8
BLACK
6
CONTINUOUS
10
0.9169596850393701
20
0.1803663385826772
11
0.9117202755905511
21
0.1751268897637795
0
LINE
8
BLACK
6
CONTINUOUS
10
0.9117202755905511
20
0.1751268897637795
11
0.910228937007874
21
0.1739030708661417
0
LINE
8
BLACK
6
CONTINUOUS
10
0.910228937007874
20
0.1739030708661417
11
0.910228779527559
21
0.173902874015748
0
LINE
8
BLACK
6
CONTINUOUS
10
0.910228779527559
20
0.173902874015748
11
0.906680748031496
21
0.1724332283464567
0
LINE
8
BLACK
6
CONTINUOUS
10
0.906680748031496
20
0.1724332283464567
11
0.9047605511811023
21
0.172244094488189
0
LINE
8
BLACK
6
CONTINUOUS
10
0.9047605511811023
20
0.172244094488189
11
0.8133905118110236
21
0.172244094488189
0
LINE
8
BLACK
6
CONTINUOUS
10
0.8133905118110236
20
0.172244094488189
11
0.8132309448818897
21
0.1720052755905512
0
LINE
8
BLACK
6
CONTINUOUS
10
0.8132309448818897
20
0.1720052755905512
11
0.8113150787401575
21
0.1707251181102362
0
LINE
8
BLACK
6
CONTINUOUS
10
0.8113150787401575
20
0.1707251181102362
11
0.8090551181102362
21
0.1702755905511811
0
LINE
8
BLACK
6
CONTINUOUS
10
0.8090551181102362
20
0.1702755905511811
11
0.7539370078740157
21
0.1702755905511811
0
LINE
8
BLACK
6
CONTINUOUS
10
0.7539370078740157
20
0.1702755905511811
11
0.7516770472440945
21
0.1707251181102362
0
LINE
8
BLACK
6
CONTINUOUS
10
0.7516770472440945
20
0.1707251181102362
11
0.7497611811023622
21
0.1720052755905512
0
LINE
8
BLACK
6
CONTINUOUS
10
0.7497611811023622
20
0.1720052755905512
11
0.7496016141732283
21
0.172244094488189
0
LINE
8
BLACK
6
CONTINUOUS
10
0.7496016141732283
20
0.172244094488189
11
0.6681635433070866
21
0.172244094488189
0
LINE
8
BLACK
6
CONTINUOUS
10
0.6681635433070866
20
0.172244094488189
11
0.5776133070866142
21
0.0816938582677165
0
LINE
8
BLACK
6
CONTINUOUS
10
0.5776133070866142
20
0.0816938582677165
11
0.5776133070866142
21
0.0779444881889764
0
LINE
8
BLACK
6
CONTINUOUS
10
0.5776133070866142
20
0.0779444881889764
11
0.5765492913385827
21
0.0739735039370079
0
LINE
8
BLACK
6
CONTINUOUS
10
0.5765492913385827
20
0.0739735039370079
11
0.5744937401574803
21
0.070413188976378
0
LINE
8
BLACK
6
CONTINUOUS
10
0.5744937401574803
20
0.070413188976378
11
0.5715868110236221
21
0.0675062598425197
0
LINE
8
BLACK
6
CONTINUOUS
10
0.5715868110236221
20
0.0675062598425197
11
0.5680264960629922
21
0.0654507086614173
0
LINE
8
BLACK
6
CONTINUOUS
10
0.5680264960629922
20
0.0654507086614173
11
0.5640555118110236
21
0.0643866929133858
0
LINE
8
BLACK
6
CONTINUOUS
10
0.5640555118110236
20
0.0643866929133858
11
0.5599444881889764
21
0.0643866929133858
0
LINE
8
BLACK
6
CONTINUOUS
10
0.5599444881889764
20
0.0643866929133858
11
0.5559735039370078
21
0.0654507086614173
0
LINE
8
BLACK
6
CONTINUOUS
10
0.5559735039370078
20
0.0654507086614173
11
0.5524131889763779
21
0.0675062598425197
0
LINE
8
BLACK
6
CONTINUOUS
10
0.5524131889763779
20
0.0675062598425197
11
0.5495062598425197
21
0.070413188976378
0
LINE
8
BLACK
6
CONTINUOUS
10
0.5495062598425197
20
0.070413188976378
11
0.5474507086614173
21
0.0739735039370079
0
LINE
8
BLACK
6
CONTINUOUS
10
0.5474507086614173
20
0.0739735039370079
11
0.5463866929133858
21
0.0779444881889764
0
LINE
8
BLACK
6
CONTINUOUS
10
0.5463866929133858
20
0.0779444881889764
11
0.5463866929133858
21
0.0820555118110236
0
LINE
8
BLACK
6
CONTINUOUS
10
0.5463866929133858
20
0.0820555118110236
11
0.5474507086614173
21
0.0860264960629921
0
LINE
8
BLACK
6
CONTINUOUS
10
0.5474507086614173
20
0.0860264960629921
11
0.5495062598425197
21
0.0895868110236221
0
LINE
8
BLACK
6
CONTINUOUS
10
0.5495062598425197
20
0.0895868110236221
11
0.5524131889763779
21
0.0924937401574803
0
LINE
8
BLACK
6
CONTINUOUS
10
0.5524131889763779
20
0.0924937401574803
11
0.5559735039370078
21
0.0945492913385827
0
LINE
8
BLACK
6
CONTINUOUS
10
0.5559735039370078
20
0.0945492913385827
11
0.5599444881889764
21
0.0956133070866142
0
LINE
8
BLACK
6
CONTINUOUS
10
0.5599444881889764
20
0.0956133070866142
11
0.5636938582677166
21
0.0956133070866142
0
LINE
8
BLACK
6
CONTINUOUS
10
0.5636938582677166
20
0.0956133070866142
11
0.6571268897637795
21
0.1890463385826772
0
LINE
8
BLACK
6
CONTINUOUS
10
0.6571268897637795
20
0.1890463385826772
11
0.6586184251968504
21
0.1902703937007874
0
LINE
8
BLACK
6
CONTINUOUS
10
0.6586184251968504
20
0.1902703937007874
11
0.6621664566929134
21
0.1917400393700787
0
LINE
8
BLACK
6
CONTINUOUS
10
0.6621664566929134
20
0.1917400393700787
11
0.6621668110236221
21
0.1917400393700787
0
LINE
8
BLACK
6
CONTINUOUS
10
0.6621668110236221
20
0.1917400393700787
11
0.6640866141732283
21
0.1919291338582677
0
LINE
8
BLACK
6
CONTINUOUS
10
0.6640866141732283
20
0.1919291338582677
11
0.7496016141732283
21
0.1919291338582677
0
LINE
8
BLACK
6
CONTINUOUS
10
0.7496016141732283
20
0.1919291338582677
11
0.7497611811023622
21
0.1921679527559055
0
LINE
8
BLACK
6
CONTINUOUS
10
0.7497611811023622
20
0.1921679527559055
11
0.7516770472440945
21
0.1934481102362205
0
LINE
8
BLACK
6
CONTINUOUS
10
0.7516770472440945
20
0.1934481102362205
11
0.7539370078740157
21
0.1938976377952756
0
LINE
8
BLACK
6
CONTINUOUS
10
0.7539370078740157
20
0.1938976377952756
11
0.8090551181102362
21
0.1938976377952756
0
LINE
8
BLACK
6
CONTINUOUS
10
0.8090551181102362
20
0.1938976377952756
11
0.8113150787401575
21
0.1934481102362205
0
LINE
8
BLACK
6
CONTINUOUS
10
0.8113150787401575
20
0.1934481102362205
11
0.8132309448818897
21
0.1921679527559055
0
LINE
8
BLACK
6
CONTINUOUS
10
0.8132309448818897
20
0.1921679527559055
11
0.8133905118110236
21
0.1919291338582677
0
LINE
8
BLACK
6
CONTINUOUS
10
0.8133905118110236
20
0.1919291338582677
11
0.9001574803149606
21
0.1919291338582677
0
LINE
8
BLACK
6
CONTINUOUS
10
0.9001574803149606
20
0.1919291338582677
11
0.9001574803149606
21
0.2706475196850394
0
LINE
8
BLACK
6
CONTINUOUS
10
0.9001574803149606
20
0.2706475196850394
11
0.8566938582677165
21
0.3141111023622047
0
LINE
8
BLACK
6
CONTINUOUS
10
0.8566938582677165
20
0.3141111023622047
11
0.8529444881889764
21
0.3141111023622047
0
LINE
8
BLACK
6
CONTINUOUS
10
0.8529444881889764
20
0.3141111023622047
11
0.8489735039370079
21
0.3151751181102362
0
LINE
8
BLACK
6
CONTINUOUS
10
0.8489735039370079
20
0.3151751181102362
11
0.845413188976378
21
0.3172306692913386
0
LINE
8
BLACK
6
CONTINUOUS
10
0.845413188976378
20
0.3172306692913386
11
0.8425062598425197
21
0.3201375984251968
0
LINE
8
BLACK
6
CONTINUOUS
10
0.8425062598425197
20
0.3201375984251968
11
0.8404507086614174
21
0.3236979133858268
0
LINE
8
BLACK
6
CONTINUOUS
10
0.8404507086614174
20
0.3236979133858268
11
0.8393866929133859
21
0.3276688976377953
0
LINE
8
BLACK
6
CONTINUOUS
10
0.8393866929133859
20
0.3276688976377953
11
0.8393866929133859
21
0.3316938976377953
0
LINE
8
BLACK
6
CONTINUOUS
10
0.8393866929133859
20
0.3316938976377953
11
0.7745363385826771
21
0.3965442125984252
0
LINE
8
BLACK
6
CONTINUOUS
10
0.7745363385826771
20
0.3965442125984252
11
0.7733124803149606
21
0.3980355511811023
0
LINE
8
BLACK
6
CONTINUOUS
10
0.7733124803149606
20
0.3980355511811023
11
0.7733123228346457
21
0.3980357086614173
0
LINE
8
BLACK
6
CONTINUOUS
10
0.7733123228346457
20
0.3980357086614173
11
0.7718426771653543
21
0.4015837401574803
0
LINE
8
BLACK
6
CONTINUOUS
10
0.7718426771653543
20
0.4015837401574803
11
0.7716535433070866
21
0.403503937007874
0
LINE
8
BLACK
6
CONTINUOUS
10
0.7716535433070866
20
0.403503937007874
11
0.7716535433070866
21
0.5639763779527559
0
LINE
8
BLACK
6
CONTINUOUS
10
0.7716535433070866
20
0.5639763779527559
11
0.7539370078740157
21
0.5639763779527559
0
LINE
8
BLACK
6
CONTINUOUS
10
0.7539370078740157
20
0.5639763779527559
11
0.7516770472440945
21
0.564425905511811
0
LINE
8
BLACK
6
CONTINUOUS
10
0.7516770472440945
20
0.564425905511811
11
0.7497611811023622
21
0.565706062992126
0
LINE
8
BLACK
6
CONTINUOUS
10
0.7497611811023622
20
0.565706062992126
11
0.7484810236220473
21
0.5676219291338582
0
LINE
8
BLACK
6
CONTINUOUS
10
0.7484810236220473
20
0.5676219291338582
11
0.7480314960629921
21
0.5698818897637795
0
LINE
8
BLACK
6
CONTINUOUS
10
0.7480314960629921
20
0.5698818897637795
11
0.7480314960629921
21
0.5816929133858267
0
LINE
8
BLACK
6
CONTINUOUS
10
0.7480314960629921
20
0.5816929133858267
11
0.7484810236220473
21
0.583952874015748
0
LINE
8
BLACK
6
CONTINUOUS
10
0.7484810236220473
20
0.583952874015748
11
0.7497611811023622
21
0.5858687401574803
0
LINE
8
BLACK
6
CONTINUOUS
10
0.7497611811023622
20
0.5858687401574803
11
0.7516770472440945
21
0.5871488976377952
0
LINE
8
BLACK
6
CONTINUOUS
10
0.7516770472440945
20
0.5871488976377952
11
0.7539370078740157
21
0.5875984251968503
0
LINE
8
BLACK
6
CONTINUOUS
10
0.7539370078740157
20
0.5875984251968503
11
0.8090551181102362
21
0.5875984251968503
0
LINE
8
BLACK
6
CONTINUOUS
10
0.8090551181102362
20
0.5875984251968503
11
0.8113150787401575
21
0.5871488976377952
0
LINE
8
BLACK
6
CONTINUOUS
10
0.8113150787401575
20
0.5871488976377952
11
0.8132309448818897
21
0.5858687401574803
0
LINE
8
BLACK
6
CONTINUOUS
10
0.8132309448818897
20
0.5858687401574803
11
0.8133905118110236
21
0.5856299212598425
0
LINE
8
BLACK
6
CONTINUOUS
10
0.8133905118110236
20
0.5856299212598425
11
0.8562125984251968
21
0.5856299212598425
0
LINE
8
BLACK
6
CONTINUOUS
10
0.8562125984251968
20
0.5856299212598425
11
0.8945223622047244
21
0.5856299212598425
0
LINE
8
BLACK
6
CONTINUOUS
10
0.8945223622047244
20
0.5856299212598425
11
0.9016027952755905
21
0.5927103543307086
0
LINE
8
BLACK
6
CONTINUOUS
10
0.9016027952755905
20
0.5927103543307086
11
0.9016027952755905
21
0.680540748031496
0
LINE
8
BLACK
6
CONTINUOUS
10
0.9016027952755905
20
0.680540748031496
11
0.8853946456692913
21
0.6967488976377952
0
LINE
8
BLACK
6
CONTINUOUS
10
0.8853946456692913
20
0.6967488976377952
11
0.8816452755905512
21
0.6967488976377952
0
LINE
8
BLACK
6
CONTINUOUS
10
0.8816452755905512
20
0.6967488976377952
11
0.8776742913385827
21
0.6978129133858267
0
LINE
8
BLACK
6
CONTINUOUS
10
0.8776742913385827
20
0.6978129133858267
11
0.8741139763779527
21
0.6998684645669291
0
LINE
8
BLACK
6
CONTINUOUS
10
0.8741139763779527
20
0.6998684645669291
11
0.8712070472440945
21
0.7027753937007873
0
LINE
8
BLACK
6
CONTINUOUS
10
0.8712070472440945
20
0.7027753937007873
11
0.8691514960629921
21
0.7063357086614173
0
LINE
8
BLACK
6
CONTINUOUS
10
0.8691514960629921
20
0.7063357086614173
11
0.8680874803149606
21
0.7103066929133858
0
LINE
8
BLACK
6
CONTINUOUS
10
0.8680874803149606
20
0.7103066929133858
11
0.8680874803149606
21
0.7144177165354331
0
LINE
8
BLACK
6
CONTINUOUS
10
0.8680874803149606
20
0.7144177165354331
11
0.8691514960629921
21
0.7183887007874016
0
LINE
8
BLACK
6
CONTINUOUS
10
0.8691514960629921
20
0.7183887007874016
11
0.8712070472440945
21
0.7219490157480315
0
LINE
8
BLACK
6
CONTINUOUS
10
0.8712070472440945
20
0.7219490157480315
11
0.8741139763779527
21
0.7248559448818898
0
LINE
8
BLACK
6
CONTINUOUS
10
0.8741139763779527
20
0.7248559448818898
11
0.8776742913385827
21
0.7269114960629921
0
LINE
8
BLACK
6
CONTINUOUS
10
0.8776742913385827
20
0.7269114960629921
11
0.8816452755905512
21
0.7279755118110236
0
LINE
8
BLACK
6
CONTINUOUS
10
0.8816452755905512
20
0.7279755118110236
11
0.8857562992125984
21
0.7279755118110236
0
LINE
8
BLACK
6
CONTINUOUS
10
0.8857562992125984
20
0.7279755118110236
11
0.8897272834645669
21
0.7269114960629921
0
LINE
8
BLACK
6
CONTINUOUS
10
0.8113150787401575
20
0.2918733070866142
11
0.8132309448818897
21
0.2905931496062992
0
LINE
8
BLACK
6
CONTINUOUS
10
0.8132309448818897
20
0.2905931496062992
11
0.8145111023622047
21
0.2886772834645669
0
LINE
8
BLACK
6
CONTINUOUS
10
0.8145111023622047
20
0.2886772834645669
11
0.8149606299212598
21
0.2864173228346457
0
LINE
8
BLACK
6
CONTINUOUS
10
0.8149606299212598
20
0.2864173228346457
11
0.8149606299212598
21
0.2844488188976378
0
LINE
8
BLACK
6
CONTINUOUS
10
0.8149606299212598
20
0.2844488188976378
11
0.8634881889763779
21
0.2844488188976378
0
LINE
8
BLACK
6
CONTINUOUS
10
0.8634881889763779
20
0.2844488188976378
11
0.8642562598425196
21
0.2843731889763779
0
LINE
8
BLACK
6
CONTINUOUS
10
0.8642562598425196
20
0.2843731889763779
11
0.8656754724409449
21
0.2837853149606299
0
LINE
8
BLACK
6
CONTINUOUS
10
0.8656754724409449
20
0.2837853149606299
11
0.8662720866141732
21
0.2832957086614173
0
LINE
8
BLACK
6
CONTINUOUS
10
0.8662720866141732
20
0.2832957086614173
11
0.8747838976377953
21
0.2747838976377953
0
LINE
8
BLACK
6
CONTINUOUS
10
0.8747838976377953
20
0.2747838976377953
11
0.8752735039370079
21
0.2741872834645669
0
LINE
8
BLACK
6
CONTINUOUS
10
0.8752735039370079
20
0.2741872834645669
11
0.8758613779527559
21
0.2727680708661417
0
LINE
8
BLACK
6
CONTINUOUS
10
0.8758613779527559
20
0.2727680708661417
11
0.8759370078740157
21
0.272
0
LINE
8
BLACK
6
CONTINUOUS
10
0.8759370078740157
20
0.272
11
0.8759370078740157
21
0.2680816141732283
0
LINE
8
BLACK
6
CONTINUOUS
10
0.8759370078740157
20
0.2680816141732283
11
0.8780264960629921
21
0.2675217322834645
0
LINE
8
BLACK
6
CONTINUOUS
10
0.8780264960629921
20
0.2675217322834645
11
0.881586811023622
21
0.2654661811023622
0
LINE
8
BLACK
6
CONTINUOUS
10
0.881586811023622
20
0.2654661811023622
11
0.8844937401574803
21
0.2625592519685039
0
LINE
8
BLACK
6
CONTINUOUS
10
0.8844937401574803
20
0.2625592519685039
11
0.8865492913385826
21
0.258998937007874
0
LINE
8
BLACK
6
CONTINUOUS
10
0.8865492913385826
20
0.258998937007874
11
0.8876133070866141
21
0.2550279527559055
0
LINE
8
BLACK
6
CONTINUOUS
10
0.8876133070866141
20
0.2550279527559055
11
0.8876133070866141
21
0.2509169291338583
0
LINE
8
BLACK
6
CONTINUOUS
10
0.8876133070866141
20
0.2509169291338583
11
0.8865492913385826
21
0.2469459448818898
0
LINE
8
BLACK
6
CONTINUOUS
10
0.8865492913385826
20
0.2469459448818898
11
0.8844937401574803
21
0.2433856299212598
0
LINE
8
BLACK
6
CONTINUOUS
10
0.8844937401574803
20
0.2433856299212598
11
0.881586811023622
21
0.2404787007874016
0
LINE
8
BLACK
6
CONTINUOUS
10
0.881586811023622
20
0.2404787007874016
11
0.8780264960629921
21
0.2384231496062992
0
LINE
8
BLACK
6
CONTINUOUS
10
0.8780264960629921
20
0.2384231496062992
11
0.8740555118110236
21
0.2373591338582677
0
LINE
8
BLACK
6
CONTINUOUS
10
0.8740555118110236
20
0.2373591338582677
11
0.8699444881889764
21
0.2373591338582677
0
LINE
8
BLACK
6
CONTINUOUS
10
0.8699444881889764
20
0.2373591338582677
11
0.8659735039370079
21
0.2384231496062992
0
LINE
8
BLACK
6
CONTINUOUS
10
0.8659735039370079
20
0.2384231496062992
11
0.862413188976378
21
0.2404787007874016
0
LINE
8
BLACK
6
CONTINUOUS
10
0.862413188976378
20
0.2404787007874016
11
0.8595062598425197
21
0.2433856299212598
0
LINE
8
BLACK
6
CONTINUOUS
10
0.8595062598425197
20
0.2433856299212598
11
0.8574507086614173
21
0.2469459448818898
0
LINE
8
BLACK
6
CONTINUOUS
10
0.8574507086614173
20
0.2469459448818898
11
0.8563866929133858
21
0.2509169291338583
0
LINE
8
BLACK
6
CONTINUOUS
10
0.8563866929133858
20
0.2509169291338583
11
0.8563866929133858
21
0.2550279527559055
0
LINE
8
BLACK
6
CONTINUOUS
10
0.8563866929133858
20
0.2550279527559055
11
0.8574507086614173
21
0.258998937007874
0
LINE
8
BLACK
6
CONTINUOUS
10
0.8574507086614173
20
0.258998937007874
11
0.8595062598425197
21
0.2625592519685039
0
LINE
8
BLACK
6
CONTINUOUS
10
0.8595062598425197
20
0.2625592519685039
11
0.862413188976378
21
0.2654661811023622
0
LINE
8
BLACK
6
CONTINUOUS
10
0.862413188976378
20
0.2654661811023622
11
0.8659735039370079
21
0.2675217322834645
0
LINE
8
BLACK
6
CONTINUOUS
10
0.8659735039370079
20
0.2675217322834645
11
0.8680629921259843
21
0.2680816141732283
0
LINE
8
BLACK
6
CONTINUOUS
10
0.8680629921259843
20
0.2680816141732283
11
0.8680629921259843
21
0.2703692125984252
0
LINE
8
BLACK
6
CONTINUOUS
10
0.8680629921259843
20
0.2703692125984252
11
0.8618574015748032
21
0.2765748031496063
0
LINE
8
BLACK
6
CONTINUOUS
10
0.8618574015748032
20
0.2765748031496063
11
0.8149606299212598
21
0.2765748031496063
0
LINE
8
BLACK
6
CONTINUOUS
10
0.8149606299212598
20
0.2765748031496063
11
0.8149606299212598
21
0.2746062992125984
0
LINE
8
BLACK
6
CONTINUOUS
10
0.8149606299212598
20
0.2746062992125984
11
0.8145111023622047
21
0.2723463385826771
0
LINE
8
BLACK
6
CONTINUOUS
10
0.8145111023622047
20
0.2723463385826771
11
0.8132309448818897
21
0.2704304724409449
0
LINE
8
BLACK
6
CONTINUOUS
10
0.8132309448818897
20
0.2704304724409449
11
0.8113150787401575
21
0.2691503149606299
0
LINE
8
BLACK
6
CONTINUOUS
10
0.8113150787401575
20
0.2691503149606299
11
0.8090551181102362
21
0.2687007874015748
0
LINE
8
BLACK
6
CONTINUOUS
10
0.8090551181102362
20
0.2687007874015748
11
0.7539370078740157
21
0.2687007874015748
0
LINE
8
BLACK
6
CONTINUOUS
10
0.7539370078740157
20
0.2687007874015748
11
0.7516770472440945
21
0.2691503149606299
0
LINE
8
BLACK
6
CONTINUOUS
10
0.7516770472440945
20
0.2691503149606299
11
0.7497611811023622
21
0.2704304724409449
0
LINE
8
BLACK
6
CONTINUOUS
10
0.7497611811023622
20
0.2704304724409449
11
0.7484810236220473
21
0.2723463385826771
0
LINE
8
BLACK
6
CONTINUOUS
10
0.7484810236220473
20
0.2723463385826771
11
0.7480314960629921
21
0.2746062992125984
0
LINE
8
BLACK
6
CONTINUOUS
10
0.7480314960629921
20
0.2746062992125984
11
0.7480314960629921
21
0.2864173228346457
0
LINE
8
BLACK
6
CONTINUOUS
10
0.7480314960629921
20
0.2864173228346457
11
0.7484810236220473
21
0.2886772834645669
0
LINE
8
BLACK
6
CONTINUOUS
10
0.7484810236220473
20
0.2886772834645669
11
0.7497611811023622
21
0.2905931496062992
0
LINE
8
BLACK
6
CONTINUOUS
10
0.7497611811023622
20
0.2905931496062992
11
0.7516770472440945
21
0.2918733070866142
0
LINE
8
BLACK
6
CONTINUOUS
10
0.7516770472440945
20
0.2918733070866142
11
0.7539370078740157
21
0.2923228346456693
0
LINE
8
BLACK
6
CONTINUOUS
10
0.7539370078740157
20
0.2923228346456693
11
0.8090551181102362
21
0.2923228346456693
0
LINE
8
BLACK
6
CONTINUOUS
10
0.8090551181102362
20
0.2923228346456693
11
0.8113150787401575
21
0.2918733070866142
0
LINE
8
BLACK
6
CONTINUOUS
10
0.8113150787401575
20
0.685574094488189
11
0.8132309448818897
21
0.684293937007874
0
LINE
8
BLACK
6
CONTINUOUS
10
0.8132309448818897
20
0.684293937007874
11
0.8145111023622047
21
0.6823780708661417
0
LINE
8
BLACK
6
CONTINUOUS
10
0.8145111023622047
20
0.6823780708661417
11
0.8149606299212598
21
0.6801181102362205
0
LINE
8
BLACK
6
CONTINUOUS
10
0.8149606299212598
20
0.6801181102362205
11
0.8149606299212598
21
0.6781496062992126
0
LINE
8
BLACK
6
CONTINUOUS
10
0.8149606299212598
20
0.6781496062992126
11
0.8637874015748032
21
0.6781496062992126
0
LINE
8
BLACK
6
CONTINUOUS
10
0.8637874015748032
20
0.6781496062992126
11
0.8645554724409449
21
0.6780739763779527
0
LINE
8
BLACK
6
CONTINUOUS
10
0.8645554724409449
20
0.6780739763779527
11
0.86597468503937
21
0.6774861023622047
0
LINE
8
BLACK
6
CONTINUOUS
10
0.86597468503937
20
0.6774861023622047
11
0.8665712992125985
21
0.6769964960629921
0
LINE
8
BLACK
6
CONTINUOUS
10
0.8665712992125985
20
0.6769964960629921
11
0.8747838976377953
21
0.6687838976377952
0
LINE
8
BLACK
6
CONTINUOUS
10
0.8747838976377953
20
0.6687838976377952
11
0.8752735039370079
21
0.6681872834645669
0
LINE
8
BLACK
6
CONTINUOUS
10
0.8752735039370079
20
0.6681872834645669
11
0.8758613779527559
21
0.6667680708661418
0
LINE
8
BLACK
6
CONTINUOUS
10
0.8758613779527559
20
0.6667680708661418
11
0.8759370078740157
21
0.666
0
LINE
8
BLACK
6
CONTINUOUS
10
0.8759370078740157
20
0.666
11
0.8759370078740157
21
0.6631091732283464
0
LINE
8
BLACK
6
CONTINUOUS
10
0.8759370078740157
20
0.6631091732283464
11
0.8780264960629921
21
0.6625492913385826
0
LINE
8
BLACK
6
CONTINUOUS
10
0.8780264960629921
20
0.6625492913385826
11
0.881586811023622
21
0.6604937401574803
0
LINE
8
BLACK
6
CONTINUOUS
10
0.881586811023622
20
0.6604937401574803
11
0.8844937401574803
21
0.657586811023622
0
LINE
8
BLACK
6
CONTINUOUS
10
0.8844937401574803
20
0.657586811023622
11
0.8865492913385826
21
0.6540264960629921
0
LINE
8
BLACK
6
CONTINUOUS
10
0.8865492913385826
20
0.6540264960629921
11
0.8876133070866141
21
0.6500555118110236
0
LINE
8
BLACK
6
CONTINUOUS
10
0.8876133070866141
20
0.6500555118110236
11
0.8876133070866141
21
0.6459444881889763
0
LINE
8
BLACK
6
CONTINUOUS
10
0.8876133070866141
20
0.6459444881889763
11
0.8865492913385826
21
0.6419735039370078
0
LINE
8
BLACK
6
CONTINUOUS
10
0.8865492913385826
20
0.6419735039370078
11
0.8844937401574803
21
0.6384131889763779
0
LINE
8
BLACK
6
CONTINUOUS
10
0.8844937401574803
20
0.6384131889763779
11
0.881586811023622
21
0.6355062598425196
0
LINE
8
BLACK
6
CONTINUOUS
10
0.881586811023622
20
0.6355062598425196
11
0.8780264960629921
21
0.6334507086614173
0
LINE
8
BLACK
6
CONTINUOUS
10
0.8780264960629921
20
0.6334507086614173
11
0.8740555118110236
21
0.6323866929133858
0
LINE
8
BLACK
6
CONTINUOUS
10
0.8740555118110236
20
0.6323866929133858
11
0.8699444881889764
21
0.6323866929133858
0
LINE
8
BLACK
6
CONTINUOUS
10
0.8699444881889764
20
0.6323866929133858
11
0.8659735039370079
21
0.6334507086614173
0
LINE
8
BLACK
6
CONTINUOUS
10
0.8659735039370079
20
0.6334507086614173
11
0.862413188976378
21
0.6355062598425196
0
LINE
8
BLACK
6
CONTINUOUS
10
0.862413188976378
20
0.6355062598425196
11
0.8595062598425197
21
0.6384131889763779
0
LINE
8
BLACK
6
CONTINUOUS
10
0.8595062598425197
20
0.6384131889763779
11
0.8574507086614173
21
0.6419735039370078
0
LINE
8
BLACK
6
CONTINUOUS
10
0.8574507086614173
20
0.6419735039370078
11
0.8563866929133858
21
0.6459444881889763
0
LINE
8
BLACK
6
CONTINUOUS
10
0.8563866929133858
20
0.6459444881889763
11
0.8563866929133858
21
0.6500555118110236
0
LINE
8
BLACK
6
CONTINUOUS
10
0.8563866929133858
20
0.6500555118110236
11
0.8574507086614173
21
0.6540264960629921
0
LINE
8
BLACK
6
CONTINUOUS
10
0.8574507086614173
20
0.6540264960629921
11
0.8595062598425197
21
0.657586811023622
0
LINE
8
BLACK
6
CONTINUOUS
10
0.8595062598425197
20
0.657586811023622
11
0.862413188976378
21
0.6604937401574803
0
LINE
8
BLACK
6
CONTINUOUS
10
0.862413188976378
20
0.6604937401574803
11
0.8659735039370079
21
0.6625492913385826
0
LINE
8
BLACK
6
CONTINUOUS
10
0.8659735039370079
20
0.6625492913385826
11
0.8680629921259843
21
0.6631091732283464
0
LINE
8
BLACK
6
CONTINUOUS
10
0.8680629921259843
20
0.6631091732283464
11
0.8680629921259843
21
0.6643692125984252
0
LINE
8
BLACK
6
CONTINUOUS
10
0.8680629921259843
20
0.6643692125984252
11
0.8621566141732283
21
0.6702755905511811
0
LINE
8
BLACK
6
CONTINUOUS
10
0.8621566141732283
20
0.6702755905511811
11
0.8149606299212598
21
0.6702755905511811
0
LINE
8
BLACK
6
CONTINUOUS
10
0.8149606299212598
20
0.6702755905511811
11
0.8149606299212598
21
0.6683070866141733
0
LINE
8
BLACK
6
CONTINUOUS
10
0.8149606299212598
20
0.6683070866141733
11
0.8145111023622047
21
0.666047125984252
0
LINE
8
BLACK
6
CONTINUOUS
10
0.8145111023622047
20
0.666047125984252
11
0.8132309448818897
21
0.6641312598425196
0
LINE
8
BLACK
6
CONTINUOUS
10
0.8132309448818897
20
0.6641312598425196
11
0.8113150787401575
21
0.6628511023622047
0
LINE
8
BLACK
6
CONTINUOUS
10
0.8113150787401575
20
0.6628511023622047
11
0.8090551181102362
21
0.6624015748031495
0
LINE
8
BLACK
6
CONTINUOUS
10
0.8090551181102362
20
0.6624015748031495
11
0.7539370078740157
21
0.6624015748031495
0
LINE
8
BLACK
6
CONTINUOUS
10
0.7539370078740157
20
0.6624015748031495
11
0.7516770472440945
21
0.6628511023622047
0
LINE
8
BLACK
6
CONTINUOUS
10
0.7516770472440945
20
0.6628511023622047
11
0.7497611811023622
21
0.6641312598425196
0
LINE
8
BLACK
6
CONTINUOUS
10
0.7497611811023622
20
0.6641312598425196
11
0.7484810236220473
21
0.666047125984252
0
LINE
8
BLACK
6
CONTINUOUS
10
0.7484810236220473
20
0.666047125984252
11
0.7480314960629921
21
0.6683070866141733
0
LINE
8
BLACK
6
CONTINUOUS
10
0.7480314960629921
20
0.6683070866141733
11
0.7480314960629921
21
0.6801181102362205
0
LINE
8
BLACK
6
CONTINUOUS
10
0.7480314960629921
20
0.6801181102362205
11
0.7484810236220473
21
0.6823780708661417
0
LINE
8
BLACK
6
CONTINUOUS
10
0.7484810236220473
20
0.6823780708661417
11
0.7497611811023622
21
0.684293937007874
0
LINE
8
BLACK
6
CONTINUOUS
10
0.7497611811023622
20
0.684293937007874
11
0.7516770472440945
21
0.685574094488189
0
LINE
8
BLACK
6
CONTINUOUS
10
0.7516770472440945
20
0.685574094488189
11
0.7539370078740157
21
0.6860236220472441
0
LINE
8
BLACK
6
CONTINUOUS
10
0.7539370078740157
20
0.6860236220472441
11
0.8090551181102362
21
0.6860236220472441
0
LINE
8
BLACK
6
CONTINUOUS
10
0.8090551181102362
20
0.6860236220472441
11
0.8113150787401575
21
0.685574094488189
0
LINE
8
BLACK
6
CONTINUOUS
10
0.5326012992125985
20
0.765139842519685
11
0.5361616141732284
21
0.7630842913385827
0
LINE
8
BLACK
6
CONTINUOUS
10
0.5361616141732284
20
0.7630842913385827
11
0.5390685433070866
21
0.7601773622047244
0
LINE
8
BLACK
6
CONTINUOUS
10
0.5390685433070866
20
0.7601773622047244
11
0.541124094488189
21
0.7566170472440945
0
LINE
8
BLACK
6
CONTINUOUS
10
0.541124094488189
20
0.7566170472440945
11
0.5421881102362205
21
0.752646062992126
0
LINE
8
BLACK
6
CONTINUOUS
10
0.5421881102362205
20
0.752646062992126
11
0.5421881102362205
21
0.7485350393700787
0
LINE
8
BLACK
6
CONTINUOUS
10
0.5421881102362205
20
0.7485350393700787
11
0.541124094488189
21
0.7445640551181102
0
LINE
8
BLACK
6
CONTINUOUS
10
0.541124094488189
20
0.7445640551181102
11
0.5390685433070866
21
0.7410037401574803
0
LINE
8
BLACK
6
CONTINUOUS
10
0.5390685433070866
20
0.7410037401574803
11
0.5364173228346456
21
0.7383525196850393
0
LINE
8
BLACK
6
CONTINUOUS
10
0.5364173228346456
20
0.7383525196850393
11
0.5364173228346456
21
0.7043757480314961
0
LINE
8
BLACK
6
CONTINUOUS
10
0.5364173228346456
20
0.7043757480314961
11
0.5371957874015748
21
0.7042990551181102
0
LINE
8
BLACK
6
CONTINUOUS
10
0.5371957874015748
20
0.7042990551181102
11
0.5407438188976378
21
0.7028294094488189
0
LINE
8
BLACK
6
CONTINUOUS
10
0.5407438188976378
20
0.7028294094488189
11
0.5407439763779528
21
0.7028292519685039
0
LINE
8
BLACK
6
CONTINUOUS
10
0.5407439763779528
20
0.7028292519685039
11
0.5422353149606299
21
0.7016053937007873
0
LINE
8
BLACK
6
CONTINUOUS
10
0.5422353149606299
20
0.7016053937007873
11
0.5500032677165354
21
0.6938374409448819
0
LINE
8
BLACK
6
CONTINUOUS
10
0.5500032677165354
20
0.6938374409448819
11
0.5523912204724409
21
0.6944772440944882
0
LINE
8
BLACK
6
CONTINUOUS
10
0.5523912204724409
20
0.6944772440944882
11
0.5549606299212598
21
0.6944772440944882
0
LINE
8
BLACK
6
CONTINUOUS
10
0.5549606299212598
20
0.6944772440944882
11
0.5549606299212598
21
0.6946456692913385
0
LINE
8
BLACK
6
CONTINUOUS
10
0.5549606299212598
20
0.6946456692913385
11
0.5746456692913385
21
0.6946456692913385
0
LINE
8
BLACK
6
CONTINUOUS
10
0.5746456692913385
20
0.6946456692913385
11
0.5746456692913385
21
0.6944772440944882
0
LINE
8
BLACK
6
CONTINUOUS
10
0.5746456692913385
20
0.6944772440944882
11
0.5772150787401574
21
0.6944772440944882
0
LINE
8
BLACK
6
CONTINUOUS
10
0.5772150787401574
20
0.6944772440944882
11
0.5821788188976378
21
0.6931472440944881
0
LINE
8
BLACK
6
CONTINUOUS
10
0.5821788188976378
20
0.6931472440944881
11
0.5866291732283464
21
0.6905778346456692
0
LINE
8
BLACK
6
CONTINUOUS
10
0.5866291732283464
20
0.6905778346456692
11
0.5902628740157481
21
0.6869441338582677
0
LINE
8
BLACK
6
CONTINUOUS
10
0.5902628740157481
20
0.6869441338582677
11
0.5914989763779528
21
0.6848031496062992
0
LINE
8
BLACK
6
CONTINUOUS
10
0.5914989763779528
20
0.6848031496062992
11
0.6415748031496062
21
0.6848031496062992
0
LINE
8
BLACK
6
CONTINUOUS
10
0.6415748031496062
20
0.6848031496062992
11
0.643495
21
0.6846140157480315
0
LINE
8
BLACK
6
CONTINUOUS
10
0.643495
20
0.6846140157480315
11
0.647043031496063
21
0.6831443700787402
0
LINE
8
BLACK
6
CONTINUOUS
10
0.647043031496063
20
0.6831443700787402
11
0.6470431889763779
21
0.6831442125984252
0
LINE
8
BLACK
6
CONTINUOUS
10
0.6470431889763779
20
0.6831442125984252
11
0.6485345275590551
21
0.6819203543307086
0
LINE
8
BLACK
6
CONTINUOUS
10
0.6485345275590551
20
0.6819203543307086
11
0.6769597244094488
21
0.6534951574803149
0
LINE
8
BLACK
6
CONTINUOUS
10
0.6769597244094488
20
0.6534951574803149
11
0.6781835433070866
21
0.6520038582677166
0
LINE
8
BLACK
6
CONTINUOUS
10
0.6781835433070866
20
0.6520038582677166
11
0.6781837401574803
21
0.6520036614173228
0
LINE
8
BLACK
6
CONTINUOUS
10
0.6781837401574803
20
0.6520036614173228
11
0.6796533858267716
21
0.6484556299212598
0
LINE
8
BLACK
6
CONTINUOUS
10
0.6796533858267716
20
0.6484556299212598
11
0.6798425196850394
21
0.6465354330708661
0
LINE
8
BLACK
6
CONTINUOUS
10
0.6798425196850394
20
0.6465354330708661
11
0.6798425196850394
21
0.57
0
LINE
8
BLACK
6
CONTINUOUS
10
0.6798425196850394
20
0.57
11
0.6798425196850394
21
0.330238031496063
0
LINE
8
BLACK
6
CONTINUOUS
10
0.6798425196850394
20
0.330238031496063
11
0.6824937401574803
21
0.327586811023622
0
LINE
8
BLACK
6
CONTINUOUS
10
0.6824937401574803
20
0.327586811023622
11
0.6845492913385827
21
0.3240264960629921
0
LINE
8
BLACK
6
CONTINUOUS
10
0.6845492913385827
20
0.3240264960629921
11
0.6856133070866142
21
0.3200555118110236
0
LINE
8
BLACK
6
CONTINUOUS
10
0.6856133070866142
20
0.3200555118110236
11
0.6856133070866142
21
0.3159444881889764
0
LINE
8
BLACK
6
CONTINUOUS
10
0.6856133070866142
20
0.3159444881889764
11
0.6845492913385827
21
0.3119735039370078
0
LINE
8
BLACK
6
CONTINUOUS
10
0.6845492913385827
20
0.3119735039370078
11
0.6824937401574803
21
0.3084131889763779
0
LINE
8
BLACK
6
CONTINUOUS
10
0.6824937401574803
20
0.3084131889763779
11
0.6798425196850394
21
0.305761968503937
0
LINE
8
BLACK
6
CONTINUOUS
10
0.6798425196850394
20
0.305761968503937
11
0.6798425196850394
21
0.2703149606299213
0
LINE
8
BLACK
6
CONTINUOUS
10
0.6798425196850394
20
0.2703149606299213
11
0.6796533858267716
21
0.2683947637795275
0
LINE
8
BLACK
6
CONTINUOUS
10
0.6796533858267716
20
0.2683947637795275
11
0.6781837401574803
21
0.2648467322834646
0
LINE
8
BLACK
6
CONTINUOUS
10
0.6781837401574803
20
0.2648467322834646
11
0.6781835433070866
21
0.2648465748031496
0
LINE
8
BLACK
6
CONTINUOUS
10
0.6781835433070866
20
0.2648465748031496
11
0.6769597244094488
21
0.2633552362204724
0
LINE
8
BLACK
6
CONTINUOUS
10
0.6769597244094488
20
0.2633552362204724
11
0.6367235039370078
21
0.2231190157480315
0
LINE
8
BLACK
6
CONTINUOUS
10
0.6367235039370078
20
0.2231190157480315
11
0.6352321653543307
21
0.2218951968503937
0
LINE
8
BLACK
6
CONTINUOUS
10
0.6352321653543307
20
0.2218951968503937
11
0.6352320078740157
21
0.221895
0
LINE
8
BLACK
6
CONTINUOUS
10
0.6352320078740157
20
0.221895
11
0.6316839763779527
21
0.2204253543307086
0
LINE
8
BLACK
6
CONTINUOUS
10
0.6316839763779527
20
0.2204253543307086
11
0.629763779527559
21
0.2202362204724409
0
LINE
8
BLACK
6
CONTINUOUS
10
0.629763779527559
20
0.2202362204724409
11
0.5914989763779528
21
0.2202362204724409
0
LINE
8
BLACK
6
CONTINUOUS
10
0.5914989763779528
20
0.2202362204724409
11
0.5902628740157481
21
0.2180952362204724
0
LINE
8
BLACK
6
CONTINUOUS
10
0.5902628740157481
20
0.2180952362204724
11
0.5866291732283464
21
0.2144615354330709
0
LINE
8
BLACK
6
CONTINUOUS
10
0.5866291732283464
20
0.2144615354330709
11
0.5825866141732283
21
0.2121275984251969
0
LINE
8
BLACK
6
CONTINUOUS
10
0.5825866141732283
20
0.2121275984251969
11
0.5825866141732283
21
0.1909827165354331
0
LINE
8
BLACK
6
CONTINUOUS
10
0.5825866141732283
20
0.1909827165354331
11
0.5826507480314961
21
0.1908716141732283
0
LINE
8
BLACK
6
CONTINUOUS
10
0.5826507480314961
20
0.1908716141732283
11
0.5837147637795276
21
0.1869006299212598
0
LINE
8
BLACK
6
CONTINUOUS
10
0.5837147637795276
20
0.1869006299212598
11
0.5837147637795276
21
0.1827896062992126
0
LINE
8
BLACK
6
CONTINUOUS
10
0.5837147637795276
20
0.1827896062992126
11
0.5826507480314961
21
0.1788186220472441
0
LINE
8
BLACK
6
CONTINUOUS
10
0.5826507480314961
20
0.1788186220472441
11
0.5805951968503937
21
0.1752583070866142
0
LINE
8
BLACK
6
CONTINUOUS
10
0.5805951968503937
20
0.1752583070866142
11
0.5776882677165355
21
0.1723513779527559
0
LINE
8
BLACK
6
CONTINUOUS
10
0.5776882677165355
20
0.1723513779527559
11
0.5741279527559054
21
0.1702958267716535
0
LINE
8
BLACK
6
CONTINUOUS
10
0.5741279527559054
20
0.1702958267716535
11
0.570156968503937
21
0.169231811023622
0
LINE
8
BLACK
6
CONTINUOUS
10
0.570156968503937
20
0.169231811023622
11
0.5660459448818898
21
0.169231811023622
0
LINE
8
BLACK
6
CONTINUOUS
10
0.5660459448818898
20
0.169231811023622
11
0.5620749606299212
21
0.1702958267716535
0
LINE
8
BLACK
6
CONTINUOUS
10
0.5620749606299212
20
0.1702958267716535
11
0.5585146456692913
21
0.1723513779527559
0
LINE
8
BLACK
6
CONTINUOUS
10
0.5585146456692913
20
0.1723513779527559
11
0.5556077165354331
21
0.1752583070866142
0
LINE
8
BLACK
6
CONTINUOUS
10
0.5556077165354331
20
0.1752583070866142
11
0.5535521653543307
21
0.1788186220472441
0
LINE
8
BLACK
6
CONTINUOUS
10
0.5535521653543307
20
0.1788186220472441
11
0.5524881496062992
21
0.1827896062992126
0
LINE
8
BLACK
6
CONTINUOUS
10
0.5524881496062992
20
0.1827896062992126
11
0.5524881496062992
21
0.1869006299212598
0
LINE
8
BLACK
6
CONTINUOUS
10
0.5524881496062992
20
0.1869006299212598
11
0.5535521653543307
21
0.1908716141732283
0
LINE
8
BLACK
6
CONTINUOUS
10
0.5535521653543307
20
0.1908716141732283
11
0.5556077165354331
21
0.1944319291338583
0
LINE
8
BLACK
6
CONTINUOUS
10
0.5556077165354331
20
0.1944319291338583
11
0.5585146456692913
21
0.1973388582677165
0
LINE
8
BLACK
6
CONTINUOUS
10
0.5585146456692913
20
0.1973388582677165
11
0.5620749606299212
21
0.1993944094488189
0
LINE
8
BLACK
6
CONTINUOUS
10
0.5620749606299212
20
0.1993944094488189
11
0.5629015748031496
21
0.199615905511811
0
LINE
8
BLACK
6
CONTINUOUS
10
0.5629015748031496
20
0.199615905511811
11
0.5629015748031496
21
0.2103937007874016
0
LINE
8
BLACK
6
CONTINUOUS
10
0.5629015748031496
20
0.2103937007874016
11
0.5549606299212598
21
0.2103937007874016
0
LINE
8
BLACK
6
CONTINUOUS
10
0.5549606299212598
20
0.2103937007874016
11
0.5549606299212598
21
0.210562125984252
0
LINE
8
BLACK
6
CONTINUOUS
10
0.5549606299212598
20
0.210562125984252
11
0.5523912204724409
21
0.210562125984252
0
LINE
8
BLACK
6
CONTINUOUS
10
0.5523912204724409
20
0.210562125984252
11
0.5474274803149606
21
0.211892125984252
0
LINE
8
BLACK
6
CONTINUOUS
10
0.5474274803149606
20
0.211892125984252
11
0.542977125984252
21
0.2144615354330709
0
LINE
8
BLACK
6
CONTINUOUS
10
0.542977125984252
20
0.2144615354330709
11
0.5393434251968504
21
0.2180952362204724
0
LINE
8
BLACK
6
CONTINUOUS
10
0.5393434251968504
20
0.2180952362204724
11
0.5367740157480315
21
0.2225455905511811
0
LINE
8
BLACK
6
CONTINUOUS
10
0.5367740157480315
20
0.2225455905511811
11
0.5354440157480315
21
0.2275093307086614
0
LINE
8
BLACK
6
CONTINUOUS
10
0.5354440157480315
20
0.2275093307086614
11
0.5354440157480315
21
0.2300787401574803
0
LINE
8
BLACK
6
CONTINUOUS
10
0.5354440157480315
20
0.2300787401574803
11
0.5352755905511811
21
0.2300787401574803
0
LINE
8
BLACK
6
CONTINUOUS
10
0.5352755905511811
20
0.2300787401574803
11
0.5352755905511811
21
0.249763779527559
0
LINE
8
BLACK
6
CONTINUOUS
10
0.5352755905511811
20
0.249763779527559
11
0.5943307086614174
21
0.249763779527559
0
LINE
8
BLACK
6
CONTINUOUS
10
0.5943307086614174
20
0.249763779527559
11
0.5943307086614174
21
0.2399212598425197
0
LINE
8
BLACK
6
CONTINUOUS
10
0.5943307086614174
20
0.2399212598425197
11
0.6256868503937008
21
0.2399212598425197
0
LINE
8
BLACK
6
CONTINUOUS
10
0.6256868503937008
20
0.2399212598425197
11
0.6601574803149606
21
0.2743918897637795
0
LINE
8
BLACK
6
CONTINUOUS
10
0.6601574803149606
20
0.2743918897637795
11
0.6601574803149606
21
0.305761968503937
0
LINE
8
BLACK
6
CONTINUOUS
10
0.6601574803149606
20
0.305761968503937
11
0.6575062598425196
21
0.3084131889763779
0
LINE
8
BLACK
6
CONTINUOUS
10
0.6575062598425196
20
0.3084131889763779
11
0.6554507086614173
21
0.3119735039370078
0
LINE
8
BLACK
6
CONTINUOUS
10
0.6554507086614173
20
0.3119735039370078
11
0.6543866929133858
21
0.3159444881889764
0
LINE
8
BLACK
6
CONTINUOUS
10
0.6543866929133858
20
0.3159444881889764
11
0.6543866929133858
21
0.3200555118110236
0
LINE
8
BLACK
6
CONTINUOUS
10
0.6543866929133858
20
0.3200555118110236
11
0.6554507086614173
21
0.3240264960629921
0
LINE
8
BLACK
6
CONTINUOUS
10
0.6554507086614173
20
0.3240264960629921
11
0.6575062598425196
21
0.327586811023622
0
LINE
8
BLACK
6
CONTINUOUS
10
0.6575062598425196
20
0.327586811023622
11
0.6601574803149606
21
0.330238031496063
0
LINE
8
BLACK
6
CONTINUOUS
10
0.6601574803149606
20
0.330238031496063
11
0.6601574803149606
21
0.57
0
LINE
8
BLACK
6
CONTINUOUS
10
0.6601574803149606
20
0.57
11
0.6601574803149606
21
0.6424585039370079
0
LINE
8
BLACK
6
CONTINUOUS
10
0.6601574803149606
20
0.6424585039370079
11
0.637497874015748
21
0.6651181102362205
0
LINE
8
BLACK
6
CONTINUOUS
10
0.637497874015748
20
0.6651181102362205
11
0.5943307086614174
21
0.6651181102362205
0
LINE
8
BLACK
6
CONTINUOUS
10
0.5943307086614174
20
0.6651181102362205
11
0.5943307086614174
21
0.6552755905511811
0
LINE
8
BLACK
6
CONTINUOUS
10
0.5943307086614174
20
0.6552755905511811
11
0.5352755905511811
21
0.6552755905511811
0
LINE
8
BLACK
6
CONTINUOUS
10
0.5352755905511811
20
0.6552755905511811
11
0.5352755905511811
21
0.6749606299212598
0
LINE
8
BLACK
6
CONTINUOUS
10
0.5352755905511811
20
0.6749606299212598
11
0.5354440157480315
21
0.6749606299212598
0
LINE
8
BLACK
6
CONTINUOUS
10
0.5354440157480315
20
0.6749606299212598
11
0.5354440157480315
21
0.6775300393700787
0
LINE
8
BLACK
6
CONTINUOUS
10
0.5354440157480315
20
0.6775300393700787
11
0.5360838188976378
21
0.6799179921259842
0
LINE
8
BLACK
6
CONTINUOUS
10
0.5360838188976378
20
0.6799179921259842
11
0.5311986614173229
21
0.6848031496062992
0
LINE
8
BLACK
6
CONTINUOUS
10
0.5311986614173229
20
0.6848031496062992
11
0.4526835433070866
21
0.6848031496062992
0
LINE
8
BLACK
6
CONTINUOUS
10
0.4526835433070866
20
0.6848031496062992
11
0.4258425196850393
21
0.657962125984252
0
LINE
8
BLACK
6
CONTINUOUS
10
0.4258425196850393
20
0.657962125984252
11
0.4258425196850393
21
0.6242380314960629
0
LINE
8
BLACK
6
CONTINUOUS
10
0.4258425196850393
20
0.6242380314960629
11
0.4284937401574803
21
0.621586811023622
0
LINE
8
BLACK
6
CONTINUOUS
10
0.4284937401574803
20
0.621586811023622
11
0.4305492913385827
21
0.6180264960629921
0
LINE
8
BLACK
6
CONTINUOUS
10
0.4305492913385827
20
0.6180264960629921
11
0.4316133070866142
21
0.6140555118110236
0
LINE
8
BLACK
6
CONTINUOUS
10
0.4316133070866142
20
0.6140555118110236
11
0.4316133070866142
21
0.6099444881889764
0
LINE
8
BLACK
6
CONTINUOUS
10
0.4316133070866142
20
0.6099444881889764
11
0.4305492913385827
21
0.6059735039370079
0
LINE
8
BLACK
6
CONTINUOUS
10
0.4305492913385827
20
0.6059735039370079
11
0.4294676771653543
21
0.6041001181102362
0
LINE
8
BLACK
6
CONTINUOUS
10
0.4294676771653543
20
0.6041001181102362
11
0.462937874015748
21
0.5706299212598425
0
LINE
8
BLACK
6
CONTINUOUS
10
0.462937874015748
20
0.5706299212598425
11
0.5788795669291339
21
0.5706299212598425
0
LINE
8
BLACK
6
CONTINUOUS
10
0.5788795669291339
20
0.5706299212598425
11
0.5798684645669291
21
0.572342716535433
0
LINE
8
BLACK
6
CONTINUOUS
10
0.5798684645669291
20
0.572342716535433
11
0.5827753937007873
21
0.5752496456692914
0
LINE
8
BLACK
6
CONTINUOUS
10
0.5827753937007873
20
0.5752496456692914
11
0.5863357086614173
21
0.5773051968503937
0
LINE
8
BLACK
6
CONTINUOUS
10
0.5863357086614173
20
0.5773051968503937
11
0.5903066929133858
21
0.5783692125984252
0
LINE
8
BLACK
6
CONTINUOUS
10
0.5903066929133858
20
0.5783692125984252
11
0.5944177165354331
21
0.5783692125984252
0
LINE
8
BLACK
6
CONTINUOUS
10
0.5944177165354331
20
0.5783692125984252
11
0.5983887007874016
21
0.5773051968503937
0
LINE
8
BLACK
6
CONTINUOUS
10
0.5983887007874016
20
0.5773051968503937
11
0.6019490157480315
21
0.5752496456692914
0
LINE
8
BLACK
6
CONTINUOUS
10
0.6019490157480315
20
0.5752496456692914
11
0.6048559448818898
21
0.572342716535433
0
LINE
8
BLACK
6
CONTINUOUS
10
0.6048559448818898
20
0.572342716535433
11
0.6069114960629921
21
0.5687824015748031
0
LINE
8
BLACK
6
CONTINUOUS
10
0.6069114960629921
20
0.5687824015748031
11
0.6079755118110236
21
0.5648114173228347
0
LINE
8
BLACK
6
CONTINUOUS
10
0.6079755118110236
20
0.5648114173228347
11
0.6079755118110236
21
0.5607003937007874
0
LINE
8
BLACK
6
CONTINUOUS
10
0.6079755118110236
20
0.5607003937007874
11
0.6069114960629921
21
0.5567294094488189
0
LINE
8
BLACK
6
CONTINUOUS
10
0.6069114960629921
20
0.5567294094488189
11
0.6048559448818898
21
0.553169094488189
0
LINE
8
BLACK
6
CONTINUOUS
10
0.6048559448818898
20
0.553169094488189
11
0.6019490157480315
21
0.5502621653543307
0
LINE
8
BLACK
6
CONTINUOUS
10
0.6019490157480315
20
0.5502621653543307
11
0.5983887007874016
21
0.5482066141732284
0
LINE
8
BLACK
6
CONTINUOUS
10
0.5983887007874016
20
0.5482066141732284
11
0.5944177165354331
21
0.5471425984251969
0
LINE
8
BLACK
6
CONTINUOUS
10
0.5944177165354331
20
0.5471425984251969
11
0.5903066929133858
21
0.5471425984251969
0
LINE
8
BLACK
6
CONTINUOUS
10
0.5903066929133858
20
0.5471425984251969
11
0.5863357086614173
21
0.5482066141732284
0
LINE
8
BLACK
6
CONTINUOUS
10
0.5863357086614173
20
0.5482066141732284
11
0.5827753937007873
21
0.5502621653543307
0
LINE
8
BLACK
6
CONTINUOUS
10
0.5827753937007873
20
0.5502621653543307
11
0.5798684645669291
21
0.553169094488189
0
LINE
8
BLACK
6
CONTINUOUS
10
0.5798684645669291
20
0.553169094488189
11
0.5778129133858267
21
0.5567294094488189
0
LINE
8
BLACK
6
CONTINUOUS
10
0.5778129133858267
20
0.5567294094488189
11
0.5767488976377952
21
0.5607003937007874
0
LINE
8
BLACK
6
CONTINUOUS
10
0.5767488976377952
20
0.5607003937007874
11
0.5767488976377952
21
0.562755905511811
0
LINE
8
BLACK
6
CONTINUOUS
10
0.5767488976377952
20
0.562755905511811
11
0.4613070866141732
21
0.562755905511811
0
LINE
8
BLACK
6
CONTINUOUS
10
0.4613070866141732
20
0.562755905511811
11
0.4605390157480315
21
0.5628315354330709
0
LINE
8
BLACK
6
CONTINUOUS
10
0.4605390157480315
20
0.5628315354330709
11
0.4591198031496063
21
0.5634194094488189
0
LINE
8
BLACK
6
CONTINUOUS
10
0.4591198031496063
20
0.5634194094488189
11
0.4585231889763779
21
0.5639090157480314
0
LINE
8
BLACK
6
CONTINUOUS
10
0.4585231889763779
20
0.5639090157480314
11
0.4238998818897638
21
0.5985323228346456
0
LINE
8
BLACK
6
CONTINUOUS
10
0.4238998818897638
20
0.5985323228346456
11
0.4220264960629921
21
0.5974507086614174
0
LINE
8
BLACK
6
CONTINUOUS
10
0.4220264960629921
20
0.5974507086614174
11
0.4180555118110236
21
0.5963866929133859
0
LINE
8
BLACK
6
CONTINUOUS
10
0.4180555118110236
20
0.5963866929133859
11
0.4139444881889764
21
0.5963866929133859
0
LINE
8
BLACK
6
CONTINUOUS
10
0.4139444881889764
20
0.5963866929133859
11
0.4099735039370079
21
0.5974507086614174
0
LINE
8
BLACK
6
CONTINUOUS
10
0.4099735039370079
20
0.5974507086614174
11
0.406413188976378
21
0.5995062598425197
0
LINE
8
BLACK
6
CONTINUOUS
10
0.406413188976378
20
0.5995062598425197
11
0.4035062598425197
21
0.602413188976378
0
LINE
8
BLACK
6
CONTINUOUS
10
0.4035062598425197
20
0.602413188976378
11
0.4014507086614173
21
0.6059735039370079
0
LINE
8
BLACK
6
CONTINUOUS
10
0.4014507086614173
20
0.6059735039370079
11
0.4003866929133858
21
0.6099444881889764
0
LINE
8
BLACK
6
CONTINUOUS
10
0.4003866929133858
20
0.6099444881889764
11
0.4003866929133858
21
0.6140555118110236
0
LINE
8
BLACK
6
CONTINUOUS
10
0.4003866929133858
20
0.6140555118110236
11
0.4014507086614173
21
0.6180264960629921
0
LINE
8
BLACK
6
CONTINUOUS
10
0.4014507086614173
20
0.6180264960629921
11
0.4035062598425197
21
0.621586811023622
0
LINE
8
BLACK
6
CONTINUOUS
10
0.4035062598425197
20
0.621586811023622
11
0.4061574803149606
21
0.6242380314960629
0
LINE
8
BLACK
6
CONTINUOUS
10
0.4061574803149606
20
0.6242380314960629
11
0.4061574803149606
21
0.6620390157480315
0
LINE
8
BLACK
6
CONTINUOUS
10
0.4061574803149606
20
0.6620390157480315
11
0.4063466141732283
21
0.6639592125984252
0
LINE
8
BLACK
6
CONTINUOUS
10
0.4063466141732283
20
0.6639592125984252
11
0.4078162598425197
21
0.6675072440944881
0
LINE
8
BLACK
6
CONTINUOUS
10
0.4078162598425197
20
0.6675072440944881
11
0.4078164173228346
21
0.6675074409448819
0
LINE
8
BLACK
6
CONTINUOUS
10
0.4078164173228346
20
0.6675074409448819
11
0.4090402755905512
21
0.6689987401574803
0
LINE
8
BLACK
6
CONTINUOUS
10
0.4090402755905512
20
0.6689987401574803
11
0.4416469291338583
21
0.7016053543307087
0
LINE
8
BLACK
6
CONTINUOUS
10
0.4416469291338583
20
0.7016053543307087
11
0.4431382283464567
21
0.7028292519685039
0
LINE
8
BLACK
6
CONTINUOUS
10
0.4431382283464567
20
0.7028292519685039
11
0.4431384251968504
21
0.7028294094488189
0
LINE
8
BLACK
6
CONTINUOUS
10
0.4431384251968504
20
0.7028294094488189
11
0.4466864566929134
21
0.7042990551181102
0
LINE
8
BLACK
6
CONTINUOUS
10
0.4466864566929134
20
0.7042990551181102
11
0.4486066535433071
21
0.7044881889763779
0
LINE
8
BLACK
6
CONTINUOUS
10
0.4486066535433071
20
0.7044881889763779
11
0.5167322834645669
21
0.7044881889763779
0
LINE
8
BLACK
6
CONTINUOUS
10
0.5167322834645669
20
0.7044881889763779
11
0.5167322834645669
21
0.7383525196850393
0
LINE
8
BLACK
6
CONTINUOUS
10
0.5167322834645669
20
0.7383525196850393
11
0.514081062992126
21
0.7410037401574803
0
LINE
8
BLACK
6
CONTINUOUS
10
0.514081062992126
20
0.7410037401574803
11
0.5120255118110236
21
0.7445640551181102
0
LINE
8
BLACK
6
CONTINUOUS
10
0.5120255118110236
20
0.7445640551181102
11
0.5109614960629921
21
0.7485350393700787
0
LINE
8
BLACK
6
CONTINUOUS
10
0.5109614960629921
20
0.7485350393700787
11
0.5109614960629921
21
0.752646062992126
0
LINE
8
BLACK
6
CONTINUOUS
10
0.5109614960629921
20
0.752646062992126
11
0.5120255118110236
21
0.7566170472440945
0
LINE
8
BLACK
6
CONTINUOUS
10
0.5120255118110236
20
0.7566170472440945
11
0.514081062992126
21
0.7601773622047244
0
LINE
8
BLACK
6
CONTINUOUS
10
0.514081062992126
20
0.7601773622047244
11
0.5169879921259842
21
0.7630842913385827
0
LINE
8
BLACK
6
CONTINUOUS
10
0.5169879921259842
20
0.7630842913385827
11
0.5205483070866141
21
0.765139842519685
0
LINE
8
BLACK
6
CONTINUOUS
10
0.5205483070866141
20
0.765139842519685
11
0.5245192913385827
21
0.7662038582677165
0
LINE
8
BLACK
6
CONTINUOUS
10
0.5245192913385827
20
0.7662038582677165
11
0.52863031496063
21
0.7662038582677165
0
LINE
8
BLACK
6
CONTINUOUS
10
0.52863031496063
20
0.7662038582677165
11
0.5326012992125985
21
0.765139842519685
0
LINE
8
BLACK
6
CONTINUOUS
10
0.6425963385826772
20
0.6169260629921259
11
0.6461566535433071
21
0.6148705118110236
0
LINE
8
BLACK
6
CONTINUOUS
10
0.6461566535433071
20
0.6148705118110236
11
0.6490635826771654
21
0.6119635826771653
0
LINE
8
BLACK
6
CONTINUOUS
10
0.6490635826771654
20
0.6119635826771653
11
0.6511191338582677
21
0.6084032677165354
0
LINE
8
BLACK
6
CONTINUOUS
10
0.6511191338582677
20
0.6084032677165354
11
0.6521831496062992
21
0.6044322834645669
0
LINE
8
BLACK
6
CONTINUOUS
10
0.6521831496062992
20
0.6044322834645669
11
0.6521831496062992
21
0.6003212598425197
0
LINE
8
BLACK
6
CONTINUOUS
10
0.6521831496062992
20
0.6003212598425197
11
0.6511191338582677
21
0.5963502755905512
0
LINE
8
BLACK
6
CONTINUOUS
10
0.6511191338582677
20
0.5963502755905512
11
0.6505470078740158
21
0.5953593307086614
0
LINE
8
BLACK
6
CONTINUOUS
10
0.6505470078740158
20
0.5953593307086614
11
0.6508609842519685
21
0.5950453543307086
0
LINE
8
BLACK
6
CONTINUOUS
10
0.6508609842519685
20
0.5950453543307086
11
0.6514729921259842
21
0.5942996062992126
0
LINE
8
BLACK
6
CONTINUOUS
10
0.6514729921259842
20
0.5942996062992126
11
0.6522078346456692
21
0.592525590551181
0
LINE
8
BLACK
6
CONTINUOUS
10
0.6522078346456692
20
0.592525590551181
11
0.6522078346456692
21
0.5925251968503937
0
LINE
8
BLACK
6
CONTINUOUS
10
0.6522078346456692
20
0.5925251968503937
11
0.6523023622047244
21
0.5915655118110236
0
LINE
8
BLACK
6
CONTINUOUS
10
0.6523023622047244
20
0.5915655118110236
11
0.6523023622047244
21
0.3464566929133858
0
LINE
8
BLACK
6
CONTINUOUS
10
0.6523023622047244
20
0.3464566929133858
11
0.6522077952755906
21
0.3454966141732284
0
LINE
8
BLACK
6
CONTINUOUS
10
0.6522077952755906
20
0.3454966141732284
11
0.6522077952755906
21
0.3454965748031496
0
LINE
8
BLACK
6
CONTINUOUS
10
0.6522077952755906
20
0.3454965748031496
11
0.6519033858267717
21
0.3447617716535433
0
LINE
8
BLACK
6
CONTINUOUS
10
0.6519033858267717
20
0.3447617716535433
11
0.6514729921259842
21
0.3437225984251969
0
LINE
8
BLACK
6
CONTINUOUS
10
0.6514729921259842
20
0.3437225984251969
11
0.6514729527559054
21
0.3437225590551181
0
LINE
8
BLACK
6
CONTINUOUS
10
0.6514729527559054
20
0.3437225590551181
11
0.6508609448818897
21
0.342976811023622
0
LINE
8
BLACK
6
CONTINUOUS
10
0.6508609448818897
20
0.342976811023622
11
0.6463972047244094
21
0.3385131102362204
0
LINE
8
BLACK
6
CONTINUOUS
10
0.6463972047244094
20
0.3385131102362204
11
0.6463972047244094
21
0.2887522047244094
0
LINE
8
BLACK
6
CONTINUOUS
10
0.6463972047244094
20
0.2887522047244094
11
0.6465589763779528
21
0.2883616535433071
0
LINE
8
BLACK
6
CONTINUOUS
10
0.6465589763779528
20
0.2883616535433071
11
0.6465589763779528
21
0.2864414566929134
0
LINE
8
BLACK
6
CONTINUOUS
10
0.6465589763779528
20
0.2864414566929134
11
0.6458241338582678
21
0.2846674409448819
0
LINE
8
BLACK
6
CONTINUOUS
10
0.6458241338582678
20
0.2846674409448819
11
0.6452121259842519
21
0.2839216929133858
0
LINE
8
BLACK
6
CONTINUOUS
10
0.6452121259842519
20
0.2839216929133858
11
0.6390703937007874
21
0.27778
0
LINE
8
BLACK
6
CONTINUOUS
10
0.6390703937007874
20
0.27778
11
0.638324842519685
21
0.277168188976378
0
LINE
8
BLACK
6
CONTINUOUS
10
0.638324842519685
20
0.277168188976378
11
0.6383246456692914
21
0.2771679527559055
0
LINE
8
BLACK
6
CONTINUOUS
10
0.6383246456692914
20
0.2771679527559055
11
0.6370751968503937
21
0.2766504330708661
0
LINE
8
BLACK
6
CONTINUOUS
10
0.6370751968503937
20
0.2766504330708661
11
0.6365506692913385
21
0.2764331496062992
0
LINE
8
BLACK
6
CONTINUOUS
10
0.6365506692913385
20
0.2764331496062992
11
0.6365506299212599
21
0.2764331496062992
0
LINE
8
BLACK
6
CONTINUOUS
10
0.6365506299212599
20
0.2764331496062992
11
0.6355905511811023
21
0.2763385826771653
0
LINE
8
BLACK
6
CONTINUOUS
10
0.6355905511811023
20
0.2763385826771653
11
0.5943307086614174
21
0.2763385826771653
0
LINE
8
BLACK
6
CONTINUOUS
10
0.5943307086614174
20
0.2763385826771653
11
0.5943307086614174
21
0.2615748031496063
0
LINE
8
BLACK
6
CONTINUOUS
10
0.5943307086614174
20
0.2615748031496063
11
0.5352755905511811
21
0.2615748031496063
0
LINE
8
BLACK
6
CONTINUOUS
10
0.5352755905511811
20
0.2615748031496063
11
0.5352755905511811
21
0.2812598425196851
0
LINE
8
BLACK
6
CONTINUOUS
10
0.5352755905511811
20
0.2812598425196851
11
0.5354440157480315
21
0.2812598425196851
0
LINE
8
BLACK
6
CONTINUOUS
10
0.5354440157480315
20
0.2812598425196851
11
0.5354440157480315
21
0.2838292519685039
0
LINE
8
BLACK
6
CONTINUOUS
10
0.5354440157480315
20
0.2838292519685039
11
0.5367740157480315
21
0.2887929921259842
0
LINE
8
BLACK
6
CONTINUOUS
10
0.5367740157480315
20
0.2887929921259842
11
0.5393434251968504
21
0.2932433464566929
0
LINE
8
BLACK
6
CONTINUOUS
10
0.5393434251968504
20
0.2932433464566929
11
0.542977125984252
21
0.2968770472440945
0
LINE
8
BLACK
6
CONTINUOUS
10
0.542977125984252
20
0.2968770472440945
11
0.5474274803149606
21
0.2994464566929134
0
LINE
8
BLACK
6
CONTINUOUS
10
0.5474274803149606
20
0.2994464566929134
11
0.5523912204724409
21
0.3007764566929134
0
LINE
8
BLACK
6
CONTINUOUS
10
0.5523912204724409
20
0.3007764566929134
11
0.5549606299212598
21
0.3007764566929134
0
LINE
8
BLACK
6
CONTINUOUS
10
0.5549606299212598
20
0.3007764566929134
11
0.5549606299212598
21
0.3009448818897638
0
LINE
8
BLACK
6
CONTINUOUS
10
0.5549606299212598
20
0.3009448818897638
11
0.5746456692913385
21
0.3009448818897638
0
LINE
8
BLACK
6
CONTINUOUS
10
0.5746456692913385
20
0.3009448818897638
11
0.5746456692913385
21
0.3007764566929134
0
LINE
8
BLACK
6
CONTINUOUS
10
0.5746456692913385
20
0.3007764566929134
11
0.5772150787401574
21
0.3007764566929134
0
LINE
8
BLACK
6
CONTINUOUS
10
0.5772150787401574
20
0.3007764566929134
11
0.5821788188976378
21
0.2994464566929134
0
LINE
8
BLACK
6
CONTINUOUS
10
0.5821788188976378
20
0.2994464566929134
11
0.5866291732283464
21
0.2968770472440945
0
LINE
8
BLACK
6
CONTINUOUS
10
0.5866291732283464
20
0.2968770472440945
11
0.5902628740157481
21
0.2932433464566929
0
LINE
8
BLACK
6
CONTINUOUS
10
0.5902628740157481
20
0.2932433464566929
11
0.592832283464567
21
0.2887929921259842
0
LINE
8
BLACK
6
CONTINUOUS
10
0.592832283464567
20
0.2887929921259842
11
0.593532125984252
21
0.2861811023622047
0
LINE
8
BLACK
6
CONTINUOUS
10
0.593532125984252
20
0.2861811023622047
11
0.6335521259842519
21
0.2861811023622047
0
LINE
8
BLACK
6
CONTINUOUS
10
0.6335521259842519
20
0.2861811023622047
11
0.6365546850393701
21
0.2891837007874016
0
LINE
8
BLACK
6
CONTINUOUS
10
0.6365546850393701
20
0.2891837007874016
11
0.6365546850393701
21
0.3405515354330709
0
LINE
8
BLACK
6
CONTINUOUS
10
0.6365546850393701
20
0.3405515354330709
11
0.636649251968504
21
0.3415116141732283
0
LINE
8
BLACK
6
CONTINUOUS
10
0.636649251968504
20
0.3415116141732283
11
0.6366591338582677
21
0.3415354330708661
0
LINE
8
BLACK
6
CONTINUOUS
10
0.6366591338582677
20
0.3415354330708661
11
0.6370042913385827
21
0.3423687795275591
0
LINE
8
BLACK
6
CONTINUOUS
10
0.6370042913385827
20
0.3423687795275591
11
0.6373840551181102
21
0.3432856299212598
0
LINE
8
BLACK
6
CONTINUOUS
10
0.6373840551181102
20
0.3432856299212598
11
0.6373842519685039
21
0.3432858661417323
0
LINE
8
BLACK
6
CONTINUOUS
10
0.6373842519685039
20
0.3432858661417323
11
0.6379961023622047
21
0.3440313779527559
0
LINE
8
BLACK
6
CONTINUOUS
10
0.6379961023622047
20
0.3440313779527559
11
0.642459842519685
21
0.348495157480315
0
LINE
8
BLACK
6
CONTINUOUS
10
0.642459842519685
20
0.348495157480315
11
0.642459842519685
21
0.5877909448818898
0
LINE
8
BLACK
6
CONTINUOUS
10
0.642459842519685
20
0.5877909448818898
11
0.6386253543307087
21
0.5867634645669291
0
LINE
8
BLACK
6
CONTINUOUS
10
0.6386253543307087
20
0.5867634645669291
11
0.6345143307086614
21
0.5867634645669291
0
LINE
8
BLACK
6
CONTINUOUS
10
0.6345143307086614
20
0.5867634645669291
11
0.6305433464566929
21
0.5878274803149606
0
LINE
8
BLACK
6
CONTINUOUS
10
0.6305433464566929
20
0.5878274803149606
11
0.6269830314960629
21
0.589883031496063
0
LINE
8
BLACK
6
CONTINUOUS
10
0.6269830314960629
20
0.589883031496063
11
0.6240761023622047
21
0.5927899606299213
0
LINE
8
BLACK
6
CONTINUOUS
10
0.6240761023622047
20
0.5927899606299213
11
0.6220205511811023
21
0.5963502755905512
0
LINE
8
BLACK
6
CONTINUOUS
10
0.6220205511811023
20
0.5963502755905512
11
0.6209565354330708
21
0.6003212598425197
0
LINE
8
BLACK
6
CONTINUOUS
10
0.6209565354330708
20
0.6003212598425197
11
0.6209565354330708
21
0.6044322834645669
0
LINE
8
BLACK
6
CONTINUOUS
10
0.6209565354330708
20
0.6044322834645669
11
0.6220205511811023
21
0.6084032677165354
0
LINE
8
BLACK
6
CONTINUOUS
10
0.6220205511811023
20
0.6084032677165354
11
0.6240761023622047
21
0.6119635826771653
0
LINE
8
BLACK
6
CONTINUOUS
10
0.6240761023622047
20
0.6119635826771653
11
0.6269830314960629
21
0.6148705118110236
0
LINE
8
BLACK
6
CONTINUOUS
10
0.6269830314960629
20
0.6148705118110236
11
0.6305433464566929
21
0.6169260629921259
0
LINE
8
BLACK
6
CONTINUOUS
10
0.6305433464566929
20
0.6169260629921259
11
0.6345143307086614
21
0.6179900787401574
0
LINE
8
BLACK
6
CONTINUOUS
10
0.6345143307086614
20
0.6179900787401574
11
0.6386253543307087
21
0.6179900787401574
0
LINE
8
BLACK
6
CONTINUOUS
10
0.6386253543307087
20
0.6179900787401574
11
0.6425963385826772
21
0.6169260629921259
0
LINE
8
BLACK
6
CONTINUOUS
10
0.5480264960629921
20
0.3425492913385827
11
0.5515868110236221
21
0.3404937401574803
0
LINE
8
BLACK
6
CONTINUOUS
10
0.5515868110236221
20
0.3404937401574803
11
0.5544937401574803
21
0.337586811023622
0
LINE
8
BLACK
6
CONTINUOUS
10
0.5544937401574803
20
0.337586811023622
11
0.5565492913385827
21
0.3340264960629921
0
LINE
8
BLACK
6
CONTINUOUS
10
0.5565492913385827
20
0.3340264960629921
11
0.5576133070866142
21
0.3300555118110236
0
LINE
8
BLACK
6
CONTINUOUS
10
0.5576133070866142
20
0.3300555118110236
11
0.5576133070866142
21
0.3259444881889764
0
LINE
8
BLACK
6
CONTINUOUS
10
0.5576133070866142
20
0.3259444881889764
11
0.5565492913385827
21
0.3219735039370079
0
LINE
8
BLACK
6
CONTINUOUS
10
0.5565492913385827
20
0.3219735039370079
11
0.5544937401574803
21
0.3184131889763779
0
LINE
8
BLACK
6
CONTINUOUS
10
0.5544937401574803
20
0.3184131889763779
11
0.5515868110236221
21
0.3155062598425197
0
LINE
8
BLACK
6
CONTINUOUS
10
0.5515868110236221
20
0.3155062598425197
11
0.5480264960629921
21
0.3134507086614173
0
LINE
8
BLACK
6
CONTINUOUS
10
0.5480264960629921
20
0.3134507086614173
11
0.5440555118110236
21
0.3123866929133858
0
LINE
8
BLACK
6
CONTINUOUS
10
0.5440555118110236
20
0.3123866929133858
11
0.5399444881889763
21
0.3123866929133858
0
LINE
8
BLACK
6
CONTINUOUS
10
0.5399444881889763
20
0.3123866929133858
11
0.5359735039370078
21
0.3134507086614173
0
LINE
8
BLACK
6
CONTINUOUS
10
0.5359735039370078
20
0.3134507086614173
11
0.5324131889763779
21
0.3155062598425197
0
LINE
8
BLACK
6
CONTINUOUS
10
0.5324131889763779
20
0.3155062598425197
11
0.5295062598425196
21
0.3184131889763779
0
LINE
8
BLACK
6
CONTINUOUS
10
0.5295062598425196
20
0.3184131889763779
11
0.5274507086614173
21
0.3219735039370079
0
LINE
8
BLACK
6
CONTINUOUS
10
0.5274507086614173
20
0.3219735039370079
11
0.5268908267716536
21
0.3240629921259842
0
LINE
8
BLACK
6
CONTINUOUS
10
0.5268908267716536
20
0.3240629921259842
11
0.4782117322834645
21
0.3240629921259842
0
LINE
8
BLACK
6
CONTINUOUS
10
0.4782117322834645
20
0.3240629921259842
11
0.4782117322834645
21
0.3205429133858267
0
LINE
8
BLACK
6
CONTINUOUS
10
0.4782117322834645
20
0.3205429133858267
11
0.4771477165354331
21
0.3165719291338583
0
LINE
8
BLACK
6
CONTINUOUS
10
0.4771477165354331
20
0.3165719291338583
11
0.4750921653543307
21
0.3130116141732283
0
LINE
8
BLACK
6
CONTINUOUS
10
0.4750921653543307
20
0.3130116141732283
11
0.4721852362204724
21
0.3101046850393701
0
LINE
8
BLACK
6
CONTINUOUS
10
0.4721852362204724
20
0.3101046850393701
11
0.4686249212598425
21
0.3080491338582677
0
LINE
8
BLACK
6
CONTINUOUS
10
0.4686249212598425
20
0.3080491338582677
11
0.464653937007874
21
0.3069851181102362
0
LINE
8
BLACK
6
CONTINUOUS
10
0.464653937007874
20
0.3069851181102362
11
0.4605429133858268
21
0.3069851181102362
0
LINE
8
BLACK
6
CONTINUOUS
10
0.4605429133858268
20
0.3069851181102362
11
0.4565719291338582
21
0.3080491338582677
0
LINE
8
BLACK
6
CONTINUOUS
10
0.4565719291338582
20
0.3080491338582677
11
0.4530116141732283
21
0.3101046850393701
0
LINE
8
BLACK
6
CONTINUOUS
10
0.4530116141732283
20
0.3101046850393701
11
0.4501046850393701
21
0.3130116141732283
0
LINE
8
BLACK
6
CONTINUOUS
10
0.4501046850393701
20
0.3130116141732283
11
0.4480491338582677
21
0.3165719291338583
0
LINE
8
BLACK
6
CONTINUOUS
10
0.4480491338582677
20
0.3165719291338583
11
0.4469851181102362
21
0.3205429133858267
0
LINE
8
BLACK
6
CONTINUOUS
10
0.4469851181102362
20
0.3205429133858267
11
0.4469851181102362
21
0.324653937007874
0
LINE
8
BLACK
6
CONTINUOUS
10
0.4469851181102362
20
0.324653937007874
11
0.4480491338582677
21
0.3286249212598425
0
LINE
8
BLACK
6
CONTINUOUS
10
0.4480491338582677
20
0.3286249212598425
11
0.4501046850393701
21
0.3321852362204724
0
LINE
8
BLACK
6
CONTINUOUS
10
0.4501046850393701
20
0.3321852362204724
11
0.4530116141732283
21
0.3350921653543307
0
LINE
8
BLACK
6
CONTINUOUS
10
0.4530116141732283
20
0.3350921653543307
11
0.4565719291338582
21
0.3371477165354331
0
LINE
8
BLACK
6
CONTINUOUS
10
0.4565719291338582
20
0.3371477165354331
11
0.4605429133858268
21
0.3382117322834646
0
LINE
8
BLACK
6
CONTINUOUS
10
0.4605429133858268
20
0.3382117322834646
11
0.464653937007874
21
0.3382117322834646
0
LINE
8
BLACK
6
CONTINUOUS
10
0.464653937007874
20
0.3382117322834646
11
0.4686249212598425
21
0.3371477165354331
0
LINE
8
BLACK
6
CONTINUOUS
10
0.4686249212598425
20
0.3371477165354331
11
0.4721852362204724
21
0.3350921653543307
0
LINE
8
BLACK
6
CONTINUOUS
10
0.4721852362204724
20
0.3350921653543307
11
0.4750921653543307
21
0.3321852362204724
0
LINE
8
BLACK
6
CONTINUOUS
10
0.4750921653543307
20
0.3321852362204724
11
0.4752354724409449
21
0.3319370078740158
0
LINE
8
BLACK
6
CONTINUOUS
10
0.4752354724409449
20
0.3319370078740158
11
0.5268908267716536
21
0.3319370078740158
0
LINE
8
BLACK
6
CONTINUOUS
10
0.5268908267716536
20
0.3319370078740158
11
0.5274507086614173
21
0.3340264960629921
0
LINE
8
BLACK
6
CONTINUOUS
10
0.5274507086614173
20
0.3340264960629921
11
0.5295062598425196
21
0.337586811023622
0
LINE
8
BLACK
6
CONTINUOUS
10
0.5295062598425196
20
0.337586811023622
11
0.5324131889763779
21
0.3404937401574803
0
LINE
8
BLACK
6
CONTINUOUS
10
0.5324131889763779
20
0.3404937401574803
11
0.5359735039370078
21
0.3425492913385827
0
LINE
8
BLACK
6
CONTINUOUS
10
0.5359735039370078
20
0.3425492913385827
11
0.5399444881889763
21
0.3436133070866141
0
LINE
8
BLACK
6
CONTINUOUS
10
0.5399444881889763
20
0.3436133070866141
11
0.5440555118110236
21
0.3436133070866141
0
LINE
8
BLACK
6
CONTINUOUS
10
0.5440555118110236
20
0.3436133070866141
11
0.5480264960629921
21
0.3425492913385827
0
LINE
8
BLACK
6
CONTINUOUS
10
0.5160264960629921
20
0.3805492913385827
11
0.519586811023622
21
0.3784937401574803
0
LINE
8
BLACK
6
CONTINUOUS
10
0.519586811023622
20
0.3784937401574803
11
0.5224937401574803
21
0.375586811023622
0
LINE
8
BLACK
6
CONTINUOUS
10
0.5224937401574803
20
0.375586811023622
11
0.5245492913385826
21
0.3720264960629921
0
LINE
8
BLACK
6
CONTINUOUS
10
0.5245492913385826
20
0.3720264960629921
11
0.5256133070866141
21
0.3680555118110236
0
LINE
8
BLACK
6
CONTINUOUS
10
0.5256133070866141
20
0.3680555118110236
11
0.5256133070866141
21
0.3639444881889763
0
LINE
8
BLACK
6
CONTINUOUS
10
0.5256133070866141
20
0.3639444881889763
11
0.5245492913385826
21
0.3599735039370079
0
LINE
8
BLACK
6
CONTINUOUS
10
0.5245492913385826
20
0.3599735039370079
11
0.5224937401574803
21
0.356413188976378
0
LINE
8
BLACK
6
CONTINUOUS
10
0.5224937401574803
20
0.356413188976378
11
0.519586811023622
21
0.3535062598425197
0
LINE
8
BLACK
6
CONTINUOUS
10
0.519586811023622
20
0.3535062598425197
11
0.5160264960629921
21
0.3514507086614173
0
LINE
8
BLACK
6
CONTINUOUS
10
0.5160264960629921
20
0.3514507086614173
11
0.5120555118110236
21
0.3503866929133858
0
LINE
8
BLACK
6
CONTINUOUS
10
0.5120555118110236
20
0.3503866929133858
11
0.5079444881889764
21
0.3503866929133858
0
LINE
8
BLACK
6
CONTINUOUS
10
0.5079444881889764
20
0.3503866929133858
11
0.5039735039370079
21
0.3514507086614173
0
LINE
8
BLACK
6
CONTINUOUS
10
0.5039735039370079
20
0.3514507086614173
11
0.500413188976378
21
0.3535062598425197
0
LINE
8
BLACK
6
CONTINUOUS
10
0.500413188976378
20
0.3535062598425197
11
0.4975062598425197
21
0.356413188976378
0
LINE
8
BLACK
6
CONTINUOUS
10
0.4975062598425197
20
0.356413188976378
11
0.4954507086614173
21
0.3599735039370079
0
LINE
8
BLACK
6
CONTINUOUS
10
0.4954507086614173
20
0.3599735039370079
11
0.4951545669291338
21
0.3610787401574803
0
LINE
8
BLACK
6
CONTINUOUS
10
0.4951545669291338
20
0.3610787401574803
11
0.4515777952755906
21
0.3610787401574803
0
LINE
8
BLACK
6
CONTINUOUS
10
0.4515777952755906
20
0.3610787401574803
11
0.443977125984252
21
0.3534781102362204
0
LINE
8
BLACK
6
CONTINUOUS
10
0.443977125984252
20
0.3534781102362204
11
0.4445492913385827
21
0.352487125984252
0
LINE
8
BLACK
6
CONTINUOUS
10
0.4445492913385827
20
0.352487125984252
11
0.4456133070866142
21
0.3485161417322835
0
LINE
8
BLACK
6
CONTINUOUS
10
0.4456133070866142
20
0.3485161417322835
11
0.4456133070866142
21
0.3444051181102362
0
LINE
8
BLACK
6
CONTINUOUS
10
0.4456133070866142
20
0.3444051181102362
11
0.4445492913385827
21
0.3404341338582677
0
LINE
8
BLACK
6
CONTINUOUS
10
0.4445492913385827
20
0.3404341338582677
11
0.4424937401574803
21
0.3368738188976378
0
LINE
8
BLACK
6
CONTINUOUS
10
0.4424937401574803
20
0.3368738188976378
11
0.439586811023622
21
0.3339668897637795
0
LINE
8
BLACK
6
CONTINUOUS
10
0.439586811023622
20
0.3339668897637795
11
0.4360264960629921
21
0.3319113385826772
0
LINE
8
BLACK
6
CONTINUOUS
10
0.4360264960629921
20
0.3319113385826772
11
0.4320555118110236
21
0.3308473228346457
0
LINE
8
BLACK
6
CONTINUOUS
10
0.4320555118110236
20
0.3308473228346457
11
0.4279444881889763
21
0.3308473228346457
0
LINE
8
BLACK
6
CONTINUOUS
10
0.4279444881889763
20
0.3308473228346457
11
0.4239735039370079
21
0.3319113385826772
0
LINE
8
BLACK
6
CONTINUOUS
10
0.4239735039370079
20
0.3319113385826772
11
0.4204131889763779
21
0.3339668897637795
0
LINE
8
BLACK
6
CONTINUOUS
10
0.4204131889763779
20
0.3339668897637795
11
0.4175062598425197
21
0.3368738188976378
0
LINE
8
BLACK
6
CONTINUOUS
10
0.4175062598425197
20
0.3368738188976378
11
0.4154507086614173
21
0.3404341338582677
0
LINE
8
BLACK
6
CONTINUOUS
10
0.4154507086614173
20
0.3404341338582677
11
0.4143866929133858
21
0.3444051181102362
0
LINE
8
BLACK
6
CONTINUOUS
10
0.4143866929133858
20
0.3444051181102362
11
0.4143866929133858
21
0.3485161417322835
0
LINE
8
BLACK
6
CONTINUOUS
10
0.4143866929133858
20
0.3485161417322835
11
0.4154507086614173
21
0.352487125984252
0
LINE
8
BLACK
6
CONTINUOUS
10
0.4154507086614173
20
0.352487125984252
11
0.4175062598425197
21
0.3560474409448819
0
LINE
8
BLACK
6
CONTINUOUS
10
0.4175062598425197
20
0.3560474409448819
11
0.4204131889763779
21
0.3589543700787401
0
LINE
8
BLACK
6
CONTINUOUS
10
0.4204131889763779
20
0.3589543700787401
11
0.4239735039370079
21
0.3610099212598425
0
LINE
8
BLACK
6
CONTINUOUS
10
0.4239735039370079
20
0.3610099212598425
11
0.4279444881889763
21
0.362073937007874
0
LINE
8
BLACK
6
CONTINUOUS
10
0.4279444881889763
20
0.362073937007874
11
0.4320555118110236
21
0.362073937007874
0
LINE
8
BLACK
6
CONTINUOUS
10
0.4320555118110236
20
0.362073937007874
11
0.4360264960629921
21
0.3610099212598425
0
LINE
8
BLACK
6
CONTINUOUS
10
0.4360264960629921
20
0.3610099212598425
11
0.4370174409448819
21
0.3604377952755906
0
LINE
8
BLACK
6
CONTINUOUS
10
0.4370174409448819
20
0.3604377952755906
11
0.4460595275590551
21
0.369479842519685
0
LINE
8
BLACK
6
CONTINUOUS
10
0.4460595275590551
20
0.369479842519685
11
0.4468052362204724
21
0.3700918503937008
0
LINE
8
BLACK
6
CONTINUOUS
10
0.4468052362204724
20
0.3700918503937008
11
0.4468052755905512
21
0.3700918897637795
0
LINE
8
BLACK
6
CONTINUOUS
10
0.4468052755905512
20
0.3700918897637795
11
0.4482138188976378
21
0.3706753149606299
0
LINE
8
BLACK
6
CONTINUOUS
10
0.4482138188976378
20
0.3706753149606299
11
0.4485792519685039
21
0.3708266929133858
0
LINE
8
BLACK
6
CONTINUOUS
10
0.4485792519685039
20
0.3708266929133858
11
0.4485792913385827
21
0.3708266929133858
0
LINE
8
BLACK
6
CONTINUOUS
10
0.4485792913385827
20
0.3708266929133858
11
0.4495393700787402
21
0.3709212598425197
0
LINE
8
BLACK
6
CONTINUOUS
10
0.4495393700787402
20
0.3709212598425197
11
0.4951545669291338
21
0.3709212598425197
0
LINE
8
BLACK
6
CONTINUOUS
10
0.4951545669291338
20
0.3709212598425197
11
0.4954507086614173
21
0.3720264960629921
0
LINE
8
BLACK
6
CONTINUOUS
10
0.4954507086614173
20
0.3720264960629921
11
0.4975062598425197
21
0.375586811023622
0
LINE
8
BLACK
6
CONTINUOUS
10
0.4975062598425197
20
0.375586811023622
11
0.500413188976378
21
0.3784937401574803
0
LINE
8
BLACK
6
CONTINUOUS
10
0.500413188976378
20
0.3784937401574803
11
0.5039735039370079
21
0.3805492913385827
0
LINE
8
BLACK
6
CONTINUOUS
10
0.5039735039370079
20
0.3805492913385827
11
0.5079444881889764
21
0.3816133070866142
0
LINE
8
BLACK
6
CONTINUOUS
10
0.5079444881889764
20
0.3816133070866142
11
0.5120555118110236
21
0.3816133070866142
0
LINE
8
BLACK
6
CONTINUOUS
10
0.5120555118110236
20
0.3816133070866142
11
0.5160264960629921
21
0.3805492913385827
0
LINE
8
BLACK
6
CONTINUOUS
10
0.4620215354330708
20
0.6663197637795275
11
0.4655818503937008
21
0.6642642125984252
0
LINE
8
BLACK
6
CONTINUOUS
10
0.4655818503937008
20
0.6642642125984252
11
0.468488779527559
21
0.6613572834645669
0
LINE
8
BLACK
6
CONTINUOUS
10
0.468488779527559
20
0.6613572834645669
11
0.4705443307086614
21
0.657796968503937
0
LINE
8
BLACK
6
CONTINUOUS
10
0.4705443307086614
20
0.657796968503937
11
0.4716083464566929
21
0.6538259842519685
0
LINE
8
BLACK
6
CONTINUOUS
10
0.4716083464566929
20
0.6538259842519685
11
0.4716083464566929
21
0.6497149606299213
0
LINE
8
BLACK
6
CONTINUOUS
10
0.4716083464566929
20
0.6497149606299213
11
0.4705443307086614
21
0.6457439763779528
0
LINE
8
BLACK
6
CONTINUOUS
10
0.4705443307086614
20
0.6457439763779528
11
0.4699721653543307
21
0.644753031496063
0
LINE
8
BLACK
6
CONTINUOUS
10
0.4699721653543307
20
0.644753031496063
11
0.4798039763779527
21
0.6349212598425197
0
LINE
8
BLACK
6
CONTINUOUS
10
0.4798039763779527
20
0.6349212598425197
11
0.5352755905511811
21
0.6349212598425197
0
LINE
8
BLACK
6
CONTINUOUS
10
0.5352755905511811
20
0.6349212598425197
11
0.5352755905511811
21
0.6434645669291339
0
LINE
8
BLACK
6
CONTINUOUS
10
0.5352755905511811
20
0.6434645669291339
11
0.5943307086614174
21
0.6434645669291339
0
LINE
8
BLACK
6
CONTINUOUS
10
0.5943307086614174
20
0.6434645669291339
11
0.5943307086614174
21
0.6237795275590551
0
LINE
8
BLACK
6
CONTINUOUS
10
0.5943307086614174
20
0.6237795275590551
11
0.5941622834645669
21
0.6237795275590551
0
LINE
8
BLACK
6
CONTINUOUS
10
0.5941622834645669
20
0.6237795275590551
11
0.5941622834645669
21
0.6212101181102362
0
LINE
8
BLACK
6
CONTINUOUS
10
0.5941622834645669
20
0.6212101181102362
11
0.592832283464567
21
0.6162463779527559
0
LINE
8
BLACK
6
CONTINUOUS
10
0.592832283464567
20
0.6162463779527559
11
0.5902628740157481
21
0.6117960236220472
0
LINE
8
BLACK
6
CONTINUOUS
10
0.5902628740157481
20
0.6117960236220472
11
0.5866291732283464
21
0.6081623228346457
0
LINE
8
BLACK
6
CONTINUOUS
10
0.5866291732283464
20
0.6081623228346457
11
0.5821788188976378
21
0.6055929133858268
0
LINE
8
BLACK
6
CONTINUOUS
10
0.5821788188976378
20
0.6055929133858268
11
0.5772150787401574
21
0.6042629133858267
0
LINE
8
BLACK
6
CONTINUOUS
10
0.5772150787401574
20
0.6042629133858267
11
0.5746456692913385
21
0.6042629133858267
0
LINE
8
BLACK
6
CONTINUOUS
10
0.5746456692913385
20
0.6042629133858267
11
0.5746456692913385
21
0.6040944881889764
0
LINE
8
BLACK
6
CONTINUOUS
10
0.5746456692913385
20
0.6040944881889764
11
0.5549606299212598
21
0.6040944881889764
0
LINE
8
BLACK
6
CONTINUOUS
10
0.5549606299212598
20
0.6040944881889764
11
0.5549606299212598
21
0.6042629133858267
0
LINE
8
BLACK
6
CONTINUOUS
10
0.5549606299212598
20
0.6042629133858267
11
0.5523912204724409
21
0.6042629133858267
0
LINE
8
BLACK
6
CONTINUOUS
10
0.5523912204724409
20
0.6042629133858267
11
0.5474274803149606
21
0.6055929133858268
0
LINE
8
BLACK
6
CONTINUOUS
10
0.5474274803149606
20
0.6055929133858268
11
0.542977125984252
21
0.6081623228346457
0
LINE
8
BLACK
6
CONTINUOUS
10
0.542977125984252
20
0.6081623228346457
11
0.5393434251968504
21
0.6117960236220472
0
LINE
8
BLACK
6
CONTINUOUS
10
0.5393434251968504
20
0.6117960236220472
11
0.5367740157480315
21
0.6162463779527559
0
LINE
8
BLACK
6
CONTINUOUS
10
0.5367740157480315
20
0.6162463779527559
11
0.5354440157480315
21
0.6212101181102362
0
LINE
8
BLACK
6
CONTINUOUS
10
0.5354440157480315
20
0.6212101181102362
11
0.5354440157480315
21
0.6237795275590551
0
LINE
8
BLACK
6
CONTINUOUS
10
0.5354440157480315
20
0.6237795275590551
11
0.5352755905511811
21
0.6237795275590551
0
LINE
8
BLACK
6
CONTINUOUS
10
0.5352755905511811
20
0.6237795275590551
11
0.5352755905511811
21
0.6250787401574803
0
LINE
8
BLACK
6
CONTINUOUS
10
0.5352755905511811
20
0.6250787401574803
11
0.4777655118110236
21
0.6250787401574803
0
LINE
8
BLACK
6
CONTINUOUS
10
0.4777655118110236
20
0.6250787401574803
11
0.4768054330708661
21
0.6251733070866141
0
LINE
8
BLACK
6
CONTINUOUS
10
0.4768054330708661
20
0.6251733070866141
11
0.4750314173228347
21
0.6259081102362205
0
LINE
8
BLACK
6
CONTINUOUS
10
0.4750314173228347
20
0.6259081102362205
11
0.4742856692913386
21
0.6265201181102362
0
LINE
8
BLACK
6
CONTINUOUS
10
0.4742856692913386
20
0.6265201181102362
11
0.4630124803149606
21
0.6377933464566929
0
LINE
8
BLACK
6
CONTINUOUS
10
0.4630124803149606
20
0.6377933464566929
11
0.4620215354330708
21
0.6372211811023621
0
LINE
8
BLACK
6
CONTINUOUS
10
0.4620215354330708
20
0.6372211811023621
11
0.4580505511811023
21
0.6361571653543306
0
LINE
8
BLACK
6
CONTINUOUS
10
0.4580505511811023
20
0.6361571653543306
11
0.4539395275590551
21
0.6361571653543306
0
LINE
8
BLACK
6
CONTINUOUS
10
0.4539395275590551
20
0.6361571653543306
11
0.4499685433070866
21
0.6372211811023621
0
LINE
8
BLACK
6
CONTINUOUS
10
0.4499685433070866
20
0.6372211811023621
11
0.4464082283464567
21
0.6392767322834646
0
LINE
8
BLACK
6
CONTINUOUS
10
0.4464082283464567
20
0.6392767322834646
11
0.4435012992125984
21
0.6421836614173229
0
LINE
8
BLACK
6
CONTINUOUS
10
0.4435012992125984
20
0.6421836614173229
11
0.4414457480314961
21
0.6457439763779528
0
LINE
8
BLACK
6
CONTINUOUS
10
0.4414457480314961
20
0.6457439763779528
11
0.4403817322834646
21
0.6497149606299213
0
LINE
8
BLACK
6
CONTINUOUS
10
0.4403817322834646
20
0.6497149606299213
11
0.4403817322834646
21
0.6538259842519685
0
LINE
8
BLACK
6
CONTINUOUS
10
0.4403817322834646
20
0.6538259842519685
11
0.4414457480314961
21
0.657796968503937
0
LINE
8
BLACK
6
CONTINUOUS
10
0.4414457480314961
20
0.657796968503937
11
0.4435012992125984
21
0.6613572834645669
0
LINE
8
BLACK
6
CONTINUOUS
10
0.4435012992125984
20
0.6613572834645669
11
0.4464082283464567
21
0.6642642125984252
0
LINE
8
BLACK
6
CONTINUOUS
10
0.4464082283464567
20
0.6642642125984252
11
0.4499685433070866
21
0.6663197637795275
0
LINE
8
BLACK
6
CONTINUOUS
10
0.4499685433070866
20
0.6663197637795275
11
0.4539395275590551
21
0.667383779527559
0
LINE
8
BLACK
6
CONTINUOUS
10
0.4539395275590551
20
0.667383779527559
11
0.4580505511811023
21
0.667383779527559
0
LINE
8
BLACK
6
CONTINUOUS
10
0.4580505511811023
20
0.667383779527559
11
0.4620215354330708
21
0.6663197637795275
0
LINE
8
BLACK
6
CONTINUOUS
10
0.723576653543307
20
0.2628859448818898
11
0.7271369685039369
21
0.2608303937007874
0
LINE
8
BLACK
6
CONTINUOUS
10
0.7271369685039369
20
0.2608303937007874
11
0.7300438976377953
21
0.2579234645669291
0
LINE
8
BLACK
6
CONTINUOUS
10
0.7300438976377953
20
0.2579234645669291
11
0.7320994488188977
21
0.2543631496062992
0
LINE
8
BLACK
6
CONTINUOUS
10
0.7320994488188977
20
0.2543631496062992
11
0.7331634645669292
21
0.2503921653543307
0
LINE
8
BLACK
6
CONTINUOUS
10
0.7331634645669292
20
0.2503921653543307
11
0.7331634645669292
21
0.2462811417322835
0
LINE
8
BLACK
6
CONTINUOUS
10
0.7331634645669292
20
0.2462811417322835
11
0.7320994488188977
21
0.242310157480315
0
LINE
8
BLACK
6
CONTINUOUS
10
0.7320994488188977
20
0.242310157480315
11
0.7310177952755905
21
0.2404367716535433
0
LINE
8
BLACK
6
CONTINUOUS
10
0.7310177952755905
20
0.2404367716535433
11
0.7362183464566929
21
0.2352362204724409
0
LINE
8
BLACK
6
CONTINUOUS
10
0.7362183464566929
20
0.2352362204724409
11
0.7480314960629921
21
0.2352362204724409
0
LINE
8
BLACK
6
CONTINUOUS
10
0.7480314960629921
20
0.2352362204724409
11
0.7480314960629921
21
0.2372047244094488
0
LINE
8
BLACK
6
CONTINUOUS
10
0.7480314960629921
20
0.2372047244094488
11
0.7484810236220473
21
0.2394646850393701
0
LINE
8
BLACK
6
CONTINUOUS
10
0.7484810236220473
20
0.2394646850393701
11
0.7497611811023622
21
0.2413805511811024
0
LINE
8
BLACK
6
CONTINUOUS
10
0.7497611811023622
20
0.2413805511811024
11
0.7516770472440945
21
0.2426607086614173
0
LINE
8
BLACK
6
CONTINUOUS
10
0.7516770472440945
20
0.2426607086614173
11
0.7539370078740157
21
0.2431102362204724
0
LINE
8
BLACK
6
CONTINUOUS
10
0.7539370078740157
20
0.2431102362204724
11
0.8090551181102362
21
0.2431102362204724
0
LINE
8
BLACK
6
CONTINUOUS
10
0.8090551181102362
20
0.2431102362204724
11
0.8113150787401575
21
0.2426607086614173
0
LINE
8
BLACK
6
CONTINUOUS
10
0.8113150787401575
20
0.2426607086614173
11
0.8132309448818897
21
0.2413805511811024
0
LINE
8
BLACK
6
CONTINUOUS
10
0.8132309448818897
20
0.2413805511811024
11
0.8145111023622047
21
0.2394646850393701
0
LINE
8
BLACK
6
CONTINUOUS
10
0.8145111023622047
20
0.2394646850393701
11
0.8149606299212598
21
0.2372047244094488
0
LINE
8
BLACK
6
CONTINUOUS
10
0.8149606299212598
20
0.2372047244094488
11
0.8149606299212598
21
0.2253937007874016
0
LINE
8
BLACK
6
CONTINUOUS
10
0.8149606299212598
20
0.2253937007874016
11
0.8145111023622047
21
0.2231337401574803
0
LINE
8
BLACK
6
CONTINUOUS
10
0.8145111023622047
20
0.2231337401574803
11
0.8132309448818897
21
0.221217874015748
0
LINE
8
BLACK
6
CONTINUOUS
10
0.8132309448818897
20
0.221217874015748
11
0.8113150787401575
21
0.2199377165354331
0
LINE
8
BLACK
6
CONTINUOUS
10
0.8113150787401575
20
0.2199377165354331
11
0.8090551181102362
21
0.219488188976378
0
LINE
8
BLACK
6
CONTINUOUS
10
0.8090551181102362
20
0.219488188976378
11
0.7539370078740157
21
0.219488188976378
0
LINE
8
BLACK
6
CONTINUOUS
10
0.7539370078740157
20
0.219488188976378
11
0.7516770472440945
21
0.2199377165354331
0
LINE
8
BLACK
6
CONTINUOUS
10
0.7516770472440945
20
0.2199377165354331
11
0.7497611811023622
21
0.221217874015748
0
LINE
8
BLACK
6
CONTINUOUS
10
0.7497611811023622
20
0.221217874015748
11
0.7484810236220473
21
0.2231337401574803
0
LINE
8
BLACK
6
CONTINUOUS
10
0.7484810236220473
20
0.2231337401574803
11
0.7480314960629921
21
0.2253937007874016
0
LINE
8
BLACK
6
CONTINUOUS
10
0.7480314960629921
20
0.2253937007874016
11
0.7480314960629921
21
0.2273622047244094
0
LINE
8
BLACK
6
CONTINUOUS
10
0.7480314960629921
20
0.2273622047244094
11
0.7345875984251968
21
0.2273622047244094
0
LINE
8
BLACK
6
CONTINUOUS
10
0.7345875984251968
20
0.2273622047244094
11
0.7338195275590551
21
0.2274378346456693
0
LINE
8
BLACK
6
CONTINUOUS
10
0.7338195275590551
20
0.2274378346456693
11
0.7328159448818897
21
0.2278535433070866
0
LINE
8
BLACK
6
CONTINUOUS
10
0.7328159448818897
20
0.2278535433070866
11
0.7324002755905512
21
0.2280257086614173
0
LINE
8
BLACK
6
CONTINUOUS
10
0.7324002755905512
20
0.2280257086614173
11
0.7318037007874015
21
0.2285153543307087
0
LINE
8
BLACK
6
CONTINUOUS
10
0.7318037007874015
20
0.2285153543307087
11
0.7254500393700787
21
0.2348690157480315
0
LINE
8
BLACK
6
CONTINUOUS
10
0.7254500393700787
20
0.2348690157480315
11
0.723576653543307
21
0.2337873622047244
0
LINE
8
BLACK
6
CONTINUOUS
10
0.723576653543307
20
0.2337873622047244
11
0.7196056692913385
21
0.2327233464566929
0
LINE
8
BLACK
6
CONTINUOUS
10
0.7196056692913385
20
0.2327233464566929
11
0.7154946456692913
21
0.2327233464566929
0
LINE
8
BLACK
6
CONTINUOUS
10
0.7154946456692913
20
0.2327233464566929
11
0.7115236614173228
21
0.2337873622047244
0
LINE
8
BLACK
6
CONTINUOUS
10
0.7115236614173228
20
0.2337873622047244
11
0.7079633464566929
21
0.2358429133858268
0
LINE
8
BLACK
6
CONTINUOUS
10
0.7079633464566929
20
0.2358429133858268
11
0.7050564173228346
21
0.238749842519685
0
LINE
8
BLACK
6
CONTINUOUS
10
0.7050564173228346
20
0.238749842519685
11
0.7030008661417323
21
0.242310157480315
0
LINE
8
BLACK
6
CONTINUOUS
10
0.7030008661417323
20
0.242310157480315
11
0.7019368503937008
21
0.2462811417322835
0
LINE
8
BLACK
6
CONTINUOUS
10
0.7019368503937008
20
0.2462811417322835
11
0.7019368503937008
21
0.2503921653543307
0
LINE
8
BLACK
6
CONTINUOUS
10
0.7019368503937008
20
0.2503921653543307
11
0.7030008661417323
21
0.2543631496062992
0
LINE
8
BLACK
6
CONTINUOUS
10
0.7030008661417323
20
0.2543631496062992
11
0.7050564173228346
21
0.2579234645669291
0
LINE
8
BLACK
6
CONTINUOUS
10
0.7050564173228346
20
0.2579234645669291
11
0.7079633464566929
21
0.2608303937007874
0
LINE
8
BLACK
6
CONTINUOUS
10
0.7079633464566929
20
0.2608303937007874
11
0.7115236614173228
21
0.2628859448818898
0
LINE
8
BLACK
6
CONTINUOUS
10
0.7115236614173228
20
0.2628859448818898
11
0.7154946456692913
21
0.2639499606299213
0
LINE
8
BLACK
6
CONTINUOUS
10
0.7154946456692913
20
0.2639499606299213
11
0.7196056692913385
21
0.2639499606299213
0
LINE
8
BLACK
6
CONTINUOUS
10
0.7196056692913385
20
0.2639499606299213
11
0.723576653543307
21
0.2628859448818898
0
LINE
8
BLACK
6
CONTINUOUS
10
0.306893779527559
20
0.4225492913385827
11
0.3104540944881889
21
0.4204937401574803
0
LINE
8
BLACK
6
CONTINUOUS
10
0.3104540944881889
20
0.4204937401574803
11
0.3133610236220473
21
0.4175868110236221
0
LINE
8
BLACK
6
CONTINUOUS
10
0.3133610236220473
20
0.4175868110236221
11
0.3154165748031496
21
0.4140264960629921
0
LINE
8
BLACK
6
CONTINUOUS
10
0.3154165748031496
20
0.4140264960629921
11
0.3164805905511811
21
0.4100555118110236
0
LINE
8
BLACK
6
CONTINUOUS
10
0.3164805905511811
20
0.4100555118110236
11
0.3164805905511811
21
0.4059444881889764
0
LINE
8
BLACK
6
CONTINUOUS
10
0.3164805905511811
20
0.4059444881889764
11
0.3154165748031496
21
0.4019735039370079
0
LINE
8
BLACK
6
CONTINUOUS
10
0.3154165748031496
20
0.4019735039370079
11
0.3133610236220473
21
0.398413188976378
0
LINE
8
BLACK
6
CONTINUOUS
10
0.3133610236220473
20
0.398413188976378
11
0.3104540944881889
21
0.3955062598425197
0
LINE
8
BLACK
6
CONTINUOUS
10
0.3104540944881889
20
0.3955062598425197
11
0.306893779527559
21
0.3934507086614173
0
LINE
8
BLACK
6
CONTINUOUS
10
0.306893779527559
20
0.3934507086614173
11
0.3029227952755905
21
0.3923866929133858
0
LINE
8
BLACK
6
CONTINUOUS
10
0.3029227952755905
20
0.3923866929133858
11
0.2988117716535433
21
0.3923866929133858
0
LINE
8
BLACK
6
CONTINUOUS
10
0.2988117716535433
20
0.3923866929133858
11
0.2948407874015748
21
0.3934507086614173
0
LINE
8
BLACK
6
CONTINUOUS
10
0.2948407874015748
20
0.3934507086614173
11
0.2912804724409448
21
0.3955062598425197
0
LINE
8
BLACK
6
CONTINUOUS
10
0.2912804724409448
20
0.3955062598425197
11
0.2883735433070866
21
0.398413188976378
0
LINE
8
BLACK
6
CONTINUOUS
10
0.2883735433070866
20
0.398413188976378
11
0.2863179921259842
21
0.4019735039370079
0
LINE
8
BLACK
6
CONTINUOUS
10
0.2863179921259842
20
0.4019735039370079
11
0.2860638976377953
21
0.4029218503937008
0
LINE
8
BLACK
6
CONTINUOUS
10
0.2860638976377953
20
0.4029218503937008
11
0.2608972834645669
21
0.4029218503937008
0
LINE
8
BLACK
6
CONTINUOUS
10
0.2608972834645669
20
0.4029218503937008
11
0.2603374015748031
21
0.4008323622047244
0
LINE
8
BLACK
6
CONTINUOUS
10
0.2603374015748031
20
0.4008323622047244
11
0.2582818503937008
21
0.3972720472440945
0
LINE
8
BLACK
6
CONTINUOUS
10
0.2582818503937008
20
0.3972720472440945
11
0.2553749212598425
21
0.3943651181102362
0
LINE
8
BLACK
6
CONTINUOUS
10
0.2553749212598425
20
0.3943651181102362
11
0.2518146062992126
21
0.3923095669291338
0
LINE
8
BLACK
6
CONTINUOUS
10
0.2518146062992126
20
0.3923095669291338
11
0.2489370078740157
21
0.3915385433070866
0
LINE
8
BLACK
6
CONTINUOUS
10
0.2489370078740157
20
0.3915385433070866
11
0.2489370078740157
21
0.2686307874015748
0
LINE
8
BLACK
6
CONTINUOUS
10
0.2489370078740157
20
0.2686307874015748
11
0.2521000787401575
21
0.2654677165354331
0
LINE
8
BLACK
6
CONTINUOUS
10
0.2521000787401575
20
0.2654677165354331
11
0.2539735039370078
21
0.2665492913385827
0
LINE
8
BLACK
6
CONTINUOUS
10
0.2539735039370078
20
0.2665492913385827
11
0.2579444881889764
21
0.2676133070866142
0
LINE
8
BLACK
6
CONTINUOUS
10
0.2579444881889764
20
0.2676133070866142
11
0.2620555118110236
21
0.2676133070866142
0
LINE
8
BLACK
6
CONTINUOUS
10
0.2620555118110236
20
0.2676133070866142
11
0.2660264960629921
21
0.2665492913385827
0
LINE
8
BLACK
6
CONTINUOUS
10
0.2660264960629921
20
0.2665492913385827
11
0.269586811023622
21
0.2644937401574803
0
LINE
8
BLACK
6
CONTINUOUS
10
0.269586811023622
20
0.2644937401574803
11
0.2724937401574803
21
0.261586811023622
0
LINE
8
BLACK
6
CONTINUOUS
10
0.2724937401574803
20
0.261586811023622
11
0.2745492913385827
21
0.2580264960629921
0
LINE
8
BLACK
6
CONTINUOUS
10
0.2745492913385827
20
0.2580264960629921
11
0.2756133070866142
21
0.2540555118110236
0
LINE
8
BLACK
6
CONTINUOUS
10
0.2756133070866142
20
0.2540555118110236
11
0.2756133070866142
21
0.2499444881889764
0
LINE
8
BLACK
6
CONTINUOUS
10
0.2756133070866142
20
0.2499444881889764
11
0.2745492913385827
21
0.2459735039370079
0
LINE
8
BLACK
6
CONTINUOUS
10
0.2745492913385827
20
0.2459735039370079
11
0.2724937401574803
21
0.242413188976378
0
LINE
8
BLACK
6
CONTINUOUS
10
0.2724937401574803
20
0.242413188976378
11
0.269586811023622
21
0.2395062598425197
0
LINE
8
BLACK
6
CONTINUOUS
10
0.269586811023622
20
0.2395062598425197
11
0.2660264960629921
21
0.2374507086614173
0
LINE
8
BLACK
6
CONTINUOUS
10
0.2660264960629921
20
0.2374507086614173
11
0.2620555118110236
21
0.2363866929133858
0
LINE
8
BLACK
6
CONTINUOUS
10
0.2620555118110236
20
0.2363866929133858
11
0.2579444881889764
21
0.2363866929133858
0
LINE
8
BLACK
6
CONTINUOUS
10
0.2579444881889764
20
0.2363866929133858
11
0.2539735039370078
21
0.2374507086614173
0
LINE
8
BLACK
6
CONTINUOUS
10
0.2539735039370078
20
0.2374507086614173
11
0.2504131889763779
21
0.2395062598425197
0
LINE
8
BLACK
6
CONTINUOUS
10
0.2504131889763779
20
0.2395062598425197
11
0.2475062598425197
21
0.242413188976378
0
LINE
8
BLACK
6
CONTINUOUS
10
0.2475062598425197
20
0.242413188976378
11
0.2454507086614173
21
0.2459735039370079
0
LINE
8
BLACK
6
CONTINUOUS
10
0.2454507086614173
20
0.2459735039370079
11
0.2443866929133858
21
0.2499444881889764
0
LINE
8
BLACK
6
CONTINUOUS
10
0.2443866929133858
20
0.2499444881889764
11
0.2443866929133858
21
0.2540555118110236
0
LINE
8
BLACK
6
CONTINUOUS
10
0.2443866929133858
20
0.2540555118110236
11
0.2454507086614173
21
0.2580264960629921
0
LINE
8
BLACK
6
CONTINUOUS
10
0.2454507086614173
20
0.2580264960629921
11
0.2465322834645669
21
0.2598999212598425
0
LINE
8
BLACK
6
CONTINUOUS
10
0.2465322834645669
20
0.2598999212598425
11
0.2422161023622047
21
0.2642161023622047
0
LINE
8
BLACK
6
CONTINUOUS
10
0.2422161023622047
20
0.2642161023622047
11
0.2417264960629921
21
0.2648127165354331
0
LINE
8
BLACK
6
CONTINUOUS
10
0.2417264960629921
20
0.2648127165354331
11
0.2411386220472441
21
0.2662319291338582
0
LINE
8
BLACK
6
CONTINUOUS
10
0.2411386220472441
20
0.2662319291338582
11
0.2410629921259843
21
0.267
0
LINE
8
BLACK
6
CONTINUOUS
10
0.2410629921259843
20
0.267
11
0.2410629921259843
21
0.3919608661417323
0
LINE
8
BLACK
6
CONTINUOUS
10
0.2410629921259843
20
0.3919608661417323
11
0.2397616141732283
21
0.3923095669291338
0
LINE
8
BLACK
6
CONTINUOUS
10
0.2397616141732283
20
0.3923095669291338
11
0.2362012992125984
21
0.3943651181102362
0
LINE
8
BLACK
6
CONTINUOUS
10
0.2362012992125984
20
0.3943651181102362
11
0.2332943700787402
21
0.3972720472440945
0
LINE
8
BLACK
6
CONTINUOUS
10
0.2332943700787402
20
0.3972720472440945
11
0.2312388188976378
21
0.4008323622047244
0
LINE
8
BLACK
6
CONTINUOUS
10
0.2312388188976378
20
0.4008323622047244
11
0.2301748031496063
21
0.4048033464566929
0
LINE
8
BLACK
6
CONTINUOUS
10
0.2301748031496063
20
0.4048033464566929
11
0.2301748031496063
21
0.4089143700787402
0
LINE
8
BLACK
6
CONTINUOUS
10
0.2301748031496063
20
0.4089143700787402
11
0.2312388188976378
21
0.4128853543307087
0
LINE
8
BLACK
6
CONTINUOUS
10
0.2312388188976378
20
0.4128853543307087
11
0.2332943700787402
21
0.4164456692913386
0
LINE
8
BLACK
6
CONTINUOUS
10
0.2332943700787402
20
0.4164456692913386
11
0.2362012992125984
21
0.4193525984251968
0
LINE
8
BLACK
6
CONTINUOUS
10
0.2362012992125984
20
0.4193525984251968
11
0.2397616141732283
21
0.4214081496062992
0
LINE
8
BLACK
6
CONTINUOUS
10
0.2397616141732283
20
0.4214081496062992
11
0.2437325984251968
21
0.4224721653543307
0
LINE
8
BLACK
6
CONTINUOUS
10
0.2437325984251968
20
0.4224721653543307
11
0.2478436220472441
21
0.4224721653543307
0
LINE
8
BLACK
6
CONTINUOUS
10
0.2478436220472441
20
0.4224721653543307
11
0.2518146062992126
21
0.4214081496062992
0
LINE
8
BLACK
6
CONTINUOUS
10
0.2518146062992126
20
0.4214081496062992
11
0.2553749212598425
21
0.4193525984251968
0
LINE
8
BLACK
6
CONTINUOUS
10
0.2553749212598425
20
0.4193525984251968
11
0.2582818503937008
21
0.4164456692913386
0
LINE
8
BLACK
6
CONTINUOUS
10
0.2582818503937008
20
0.4164456692913386
11
0.2603374015748031
21
0.4128853543307087
0
LINE
8
BLACK
6
CONTINUOUS
10
0.2603374015748031
20
0.4128853543307087
11
0.2608972834645669
21
0.4107958661417322
0
LINE
8
BLACK
6
CONTINUOUS
10
0.2608972834645669
20
0.4107958661417322
11
0.2854523622047244
21
0.4107958661417322
0
LINE
8
BLACK
6
CONTINUOUS
10
0.2854523622047244
20
0.4107958661417322
11
0.2863179921259842
21
0.4140264960629921
0
LINE
8
BLACK
6
CONTINUOUS
10
0.2863179921259842
20
0.4140264960629921
11
0.2883735433070866
21
0.4175868110236221
0
LINE
8
BLACK
6
CONTINUOUS
10
0.2883735433070866
20
0.4175868110236221
11
0.2912804724409448
21
0.4204937401574803
0
LINE
8
BLACK
6
CONTINUOUS
10
0.2912804724409448
20
0.4204937401574803
11
0.2948407874015748
21
0.4225492913385827
0
LINE
8
BLACK
6
CONTINUOUS
10
0.2948407874015748
20
0.4225492913385827
11
0.2988117716535433
21
0.4236133070866142
0
LINE
8
BLACK
6
CONTINUOUS
10
0.2988117716535433
20
0.4236133070866142
11
0.3029227952755905
21
0.4236133070866142
0
LINE
8
BLACK
6
CONTINUOUS
10
0.3029227952755905
20
0.4236133070866142
11
0.306893779527559
21
0.4225492913385827
0
LINE
8
BLACK
6
CONTINUOUS
10
0.6010264960629921
20
0.4320886614173228
11
0.604586811023622
21
0.4300331102362205
0
LINE
8
BLACK
6
CONTINUOUS
10
0.604586811023622
20
0.4300331102362205
11
0.6074937401574803
21
0.4271261811023622
0
LINE
8
BLACK
6
CONTINUOUS
10
0.6074937401574803
20
0.4271261811023622
11
0.6095492913385827
21
0.4235658661417323
0
LINE
8
BLACK
6
CONTINUOUS
10
0.6095492913385827
20
0.4235658661417323
11
0.6106133070866142
21
0.4195948818897638
0
LINE
8
BLACK
6
CONTINUOUS
10
0.6106133070866142
20
0.4195948818897638
11
0.6106133070866142
21
0.4154838582677165
0
LINE
8
BLACK
6
CONTINUOUS
10
0.6106133070866142
20
0.4154838582677165
11
0.6095492913385827
21
0.411512874015748
0
LINE
8
BLACK
6
CONTINUOUS
10
0.6095492913385827
20
0.411512874015748
11
0.6074937401574803
21
0.4079525590551181
0
LINE
8
BLACK
6
CONTINUOUS
10
0.6074937401574803
20
0.4079525590551181
11
0.604586811023622
21
0.4050456299212598
0
LINE
8
BLACK
6
CONTINUOUS
10
0.604586811023622
20
0.4050456299212598
11
0.6010264960629921
21
0.4029900787401575
0
LINE
8
BLACK
6
CONTINUOUS
10
0.6010264960629921
20
0.4029900787401575
11
0.5970555118110236
21
0.401926062992126
0
LINE
8
BLACK
6
CONTINUOUS
10
0.5970555118110236
20
0.401926062992126
11
0.5929444881889764
21
0.401926062992126
0
LINE
8
BLACK
6
CONTINUOUS
10
0.5929444881889764
20
0.401926062992126
11
0.5889735039370079
21
0.4029900787401575
0
LINE
8
BLACK
6
CONTINUOUS
10
0.5889735039370079
20
0.4029900787401575
11
0.585413188976378
21
0.4050456299212598
0
LINE
8
BLACK
6
CONTINUOUS
10
0.585413188976378
20
0.4050456299212598
11
0.5840937401574803
21
0.4063650787401575
0
LINE
8
BLACK
6
CONTINUOUS
10
0.5840937401574803
20
0.4063650787401575
11
0.4304831889763779
21
0.4063650787401575
0
LINE
8
BLACK
6
CONTINUOUS
10
0.4304831889763779
20
0.4063650787401575
11
0.4299233070866141
21
0.4042755905511811
0
LINE
8
BLACK
6
CONTINUOUS
10
0.4299233070866141
20
0.4042755905511811
11
0.4278677559055118
21
0.4007152755905511
0
LINE
8
BLACK
6
CONTINUOUS
10
0.4278677559055118
20
0.4007152755905511
11
0.4249608267716535
21
0.3978083464566929
0
LINE
8
BLACK
6
CONTINUOUS
10
0.4249608267716535
20
0.3978083464566929
11
0.4214005118110236
21
0.3957527952755905
0
LINE
8
BLACK
6
CONTINUOUS
10
0.4214005118110236
20
0.3957527952755905
11
0.4174295275590551
21
0.394688779527559
0
LINE
8
BLACK
6
CONTINUOUS
10
0.4174295275590551
20
0.394688779527559
11
0.4133185039370079
21
0.394688779527559
0
LINE
8
BLACK
6
CONTINUOUS
10
0.4133185039370079
20
0.394688779527559
11
0.4093475196850394
21
0.3957527952755905
0
LINE
8
BLACK
6
CONTINUOUS
10
0.4093475196850394
20
0.3957527952755905
11
0.4057872047244094
21
0.3978083464566929
0
LINE
8
BLACK
6
CONTINUOUS
10
0.4057872047244094
20
0.3978083464566929
11
0.4028802755905512
21
0.4007152755905511
0
LINE
8
BLACK
6
CONTINUOUS
10
0.4028802755905512
20
0.4007152755905511
11
0.4008247244094488
21
0.4042755905511811
0
LINE
8
BLACK
6
CONTINUOUS
10
0.4008247244094488
20
0.4042755905511811
11
0.3997607086614173
21
0.4082465748031496
0
LINE
8
BLACK
6
CONTINUOUS
10
0.3997607086614173
20
0.4082465748031496
11
0.3997607086614173
21
0.4123575984251968
0
LINE
8
BLACK
6
CONTINUOUS
10
0.3997607086614173
20
0.4123575984251968
11
0.4008247244094488
21
0.4163285826771653
0
LINE
8
BLACK
6
CONTINUOUS
10
0.4008247244094488
20
0.4163285826771653
11
0.4028802755905512
21
0.4198888976377952
0
LINE
8
BLACK
6
CONTINUOUS
10
0.4028802755905512
20
0.4198888976377952
11
0.4057872047244094
21
0.4227958267716536
0
LINE
8
BLACK
6
CONTINUOUS
10
0.4057872047244094
20
0.4227958267716536
11
0.4093475196850394
21
0.4248513779527559
0
LINE
8
BLACK
6
CONTINUOUS
10
0.4093475196850394
20
0.4248513779527559
11
0.4133185039370079
21
0.4259153937007874
0
LINE
8
BLACK
6
CONTINUOUS
10
0.4133185039370079
20
0.4259153937007874
11
0.4174295275590551
21
0.4259153937007874
0
LINE
8
BLACK
6
CONTINUOUS
10
0.4174295275590551
20
0.4259153937007874
11
0.4214005118110236
21
0.4248513779527559
0
LINE
8
BLACK
6
CONTINUOUS
10
0.4214005118110236
20
0.4248513779527559
11
0.4249608267716535
21
0.4227958267716536
0
LINE
8
BLACK
6
CONTINUOUS
10
0.4249608267716535
20
0.4227958267716536
11
0.4278677559055118
21
0.4198888976377952
0
LINE
8
BLACK
6
CONTINUOUS
10
0.4278677559055118
20
0.4198888976377952
11
0.4299233070866141
21
0.4163285826771653
0
LINE
8
BLACK
6
CONTINUOUS
10
0.4299233070866141
20
0.4163285826771653
11
0.4304831889763779
21
0.414239094488189
0
LINE
8
BLACK
6
CONTINUOUS
10
0.4304831889763779
20
0.414239094488189
11
0.5797202362204724
21
0.414239094488189
0
LINE
8
BLACK
6
CONTINUOUS
10
0.5797202362204724
20
0.414239094488189
11
0.5793866929133858
21
0.4154838582677165
0
LINE
8
BLACK
6
CONTINUOUS
10
0.5793866929133858
20
0.4154838582677165
11
0.5793866929133858
21
0.4195948818897638
0
LINE
8
BLACK
6
CONTINUOUS
10
0.5793866929133858
20
0.4195948818897638
11
0.5804507086614173
21
0.4235658661417323
0
LINE
8
BLACK
6
CONTINUOUS
10
0.5804507086614173
20
0.4235658661417323
11
0.5825062598425197
21
0.4271261811023622
0
LINE
8
BLACK
6
CONTINUOUS
10
0.5825062598425197
20
0.4271261811023622
11
0.585413188976378
21
0.4300331102362205
0
LINE
8
BLACK
6
CONTINUOUS
10
0.585413188976378
20
0.4300331102362205
11
0.5889735039370079
21
0.4320886614173228
0
LINE
8
BLACK
6
CONTINUOUS
10
0.5889735039370079
20
0.4320886614173228
11
0.5929444881889764
21
0.4331526771653543
0
LINE
8
BLACK
6
CONTINUOUS
10
0.5929444881889764
20
0.4331526771653543
11
0.5970555118110236
21
0.4331526771653543
0
LINE
8
BLACK
6
CONTINUOUS
10
0.5970555118110236
20
0.4331526771653543
11
0.6010264960629921
21
0.4320886614173228
0
LINE
8
BLACK
6
CONTINUOUS
10
0.7265531889763779
20
0.6420225984251968
11
0.7301135039370079
21
0.6399670472440945
0
LINE
8
BLACK
6
CONTINUOUS
10
0.7301135039370079
20
0.6399670472440945
11
0.7330204330708662
21
0.6370601181102362
0
LINE
8
BLACK
6
CONTINUOUS
10
0.7330204330708662
20
0.6370601181102362
11
0.7350759842519685
21
0.6334998031496063
0
LINE
8
BLACK
6
CONTINUOUS
10
0.7350759842519685
20
0.6334998031496063
11
0.73614
21
0.6295288188976378
0
LINE
8
BLACK
6
CONTINUOUS
10
0.73614
20
0.6295288188976378
11
0.73614
21
0.6289370078740157
0
LINE
8
BLACK
6
CONTINUOUS
10
0.73614
20
0.6289370078740157
11
0.7480314960629921
21
0.6289370078740157
0
LINE
8
BLACK
6
CONTINUOUS
10
0.7480314960629921
20
0.6289370078740157
11
0.7480314960629921
21
0.6309055118110236
0
LINE
8
BLACK
6
CONTINUOUS
10
0.7480314960629921
20
0.6309055118110236
11
0.7484810236220473
21
0.6331654724409449
0
LINE
8
BLACK
6
CONTINUOUS
10
0.7484810236220473
20
0.6331654724409449
11
0.7497611811023622
21
0.6350813385826771
0
LINE
8
BLACK
6
CONTINUOUS
10
0.7497611811023622
20
0.6350813385826771
11
0.7516770472440945
21
0.6363614960629921
0
LINE
8
BLACK
6
CONTINUOUS
10
0.7516770472440945
20
0.6363614960629921
11
0.7539370078740157
21
0.6368110236220472
0
LINE
8
BLACK
6
CONTINUOUS
10
0.7539370078740157
20
0.6368110236220472
11
0.8090551181102362
21
0.6368110236220472
0
LINE
8
BLACK
6
CONTINUOUS
10
0.8090551181102362
20
0.6368110236220472
11
0.8113150787401575
21
0.6363614960629921
0
LINE
8
BLACK
6
CONTINUOUS
10
0.8113150787401575
20
0.6363614960629921
11
0.8132309448818897
21
0.6350813385826771
0
LINE
8
BLACK
6
CONTINUOUS
10
0.8132309448818897
20
0.6350813385826771
11
0.8145111023622047
21
0.6331654724409449
0
LINE
8
BLACK
6
CONTINUOUS
10
0.8145111023622047
20
0.6331654724409449
11
0.8149606299212598
21
0.6309055118110236
0
LINE
8
BLACK
6
CONTINUOUS
10
0.8149606299212598
20
0.6309055118110236
11
0.8149606299212598
21
0.6190944881889764
0
LINE
8
BLACK
6
CONTINUOUS
10
0.8149606299212598
20
0.6190944881889764
11
0.8145111023622047
21
0.6168345275590551
0
LINE
8
BLACK
6
CONTINUOUS
10
0.8145111023622047
20
0.6168345275590551
11
0.8132309448818897
21
0.6149186614173229
0
LINE
8
BLACK
6
CONTINUOUS
10
0.8132309448818897
20
0.6149186614173229
11
0.8113150787401575
21
0.6136385039370078
0
LINE
8
BLACK
6
CONTINUOUS
10
0.8113150787401575
20
0.6136385039370078
11
0.8090551181102362
21
0.6131889763779528
0
LINE
8
BLACK
6
CONTINUOUS
10
0.8090551181102362
20
0.6131889763779528
11
0.7539370078740157
21
0.6131889763779528
0
LINE
8
BLACK
6
CONTINUOUS
10
0.7539370078740157
20
0.6131889763779528
11
0.7516770472440945
21
0.6136385039370078
0
LINE
8
BLACK
6
CONTINUOUS
10
0.7516770472440945
20
0.6136385039370078
11
0.7497611811023622
21
0.6149186614173229
0
LINE
8
BLACK
6
CONTINUOUS
10
0.7497611811023622
20
0.6149186614173229
11
0.7484810236220473
21
0.6168345275590551
0
LINE
8
BLACK
6
CONTINUOUS
10
0.7484810236220473
20
0.6168345275590551
11
0.7480314960629921
21
0.6190944881889764
0
LINE
8
BLACK
6
CONTINUOUS
10
0.7480314960629921
20
0.6190944881889764
11
0.7480314960629921
21
0.6210629921259843
0
LINE
8
BLACK
6
CONTINUOUS
10
0.7480314960629921
20
0.6210629921259843
11
0.7348543700787401
21
0.6210629921259843
0
LINE
8
BLACK
6
CONTINUOUS
10
0.7348543700787401
20
0.6210629921259843
11
0.7330204330708662
21
0.6178864960629921
0
LINE
8
BLACK
6
CONTINUOUS
10
0.7330204330708662
20
0.6178864960629921
11
0.7301135039370079
21
0.6149795669291338
0
LINE
8
BLACK
6
CONTINUOUS
10
0.7301135039370079
20
0.6149795669291338
11
0.7265531889763779
21
0.6129240157480315
0
LINE
8
BLACK
6
CONTINUOUS
10
0.7265531889763779
20
0.6129240157480315
11
0.7225822047244095
21
0.61186
0
LINE
8
BLACK
6
CONTINUOUS
10
0.7225822047244095
20
0.61186
11
0.7184711811023622
21
0.61186
0
LINE
8
BLACK
6
CONTINUOUS
10
0.7184711811023622
20
0.61186
11
0.7145001968503937
21
0.6129240157480315
0
LINE
8
BLACK
6
CONTINUOUS
10
0.7145001968503937
20
0.6129240157480315
11
0.7109398818897638
21
0.6149795669291338
0
LINE
8
BLACK
6
CONTINUOUS
10
0.7109398818897638
20
0.6149795669291338
11
0.7080329527559055
21
0.6178864960629921
0
LINE
8
BLACK
6
CONTINUOUS
10
0.7080329527559055
20
0.6178864960629921
11
0.7059774015748032
21
0.621446811023622
0
LINE
8
BLACK
6
CONTINUOUS
10
0.7059774015748032
20
0.621446811023622
11
0.7049133858267717
21
0.6254177952755905
0
LINE
8
BLACK
6
CONTINUOUS
10
0.7049133858267717
20
0.6254177952755905
11
0.7049133858267717
21
0.6295288188976378
0
LINE
8
BLACK
6
CONTINUOUS
10
0.7049133858267717
20
0.6295288188976378
11
0.7059774015748032
21
0.6334998031496063
0
LINE
8
BLACK
6
CONTINUOUS
10
0.7059774015748032
20
0.6334998031496063
11
0.7080329527559055
21
0.6370601181102362
0
LINE
8
BLACK
6
CONTINUOUS
10
0.7080329527559055
20
0.6370601181102362
11
0.7109398818897638
21
0.6399670472440945
0
LINE
8
BLACK
6
CONTINUOUS
10
0.7109398818897638
20
0.6399670472440945
11
0.7145001968503937
21
0.6420225984251968
0
LINE
8
BLACK
6
CONTINUOUS
10
0.7145001968503937
20
0.6420225984251968
11
0.7184711811023622
21
0.6430866141732283
0
LINE
8
BLACK
6
CONTINUOUS
10
0.7184711811023622
20
0.6430866141732283
11
0.7225822047244095
21
0.6430866141732283
0
LINE
8
BLACK
6
CONTINUOUS
10
0.7225822047244095
20
0.6430866141732283
11
0.7265531889763779
21
0.6420225984251968
0
LINE
8
BLACK
6
CONTINUOUS
10
0.0342357086614173
20
0.884953779527559
11
0.0348672440944882
21
0.8840085826771653
0
LINE
8
BLACK
6
CONTINUOUS
10
0.0348672440944882
20
0.8840085826771653
11
0.0348932677165354
21
0.8839457480314961
0
LINE
8
BLACK
6
CONTINUOUS
10
0.0348932677165354
20
0.8839457480314961
11
0.0348933070866142
21
0.8839456299212598
0
LINE
8
BLACK
6
CONTINUOUS
10
0.0348933070866142
20
0.8839456299212598
11
0.035491062992126
21
0.8825025196850393
0
LINE
8
BLACK
6
CONTINUOUS
10
0.035491062992126
20
0.8825025196850393
11
0.0382516141732283
21
0.8758379133858267
0
LINE
8
BLACK
6
CONTINUOUS
10
0.0382516141732283
20
0.8758379133858267
11
0.0382517322834646
21
0.8758375984251968
0
LINE
8
BLACK
6
CONTINUOUS
10
0.0382517322834646
20
0.8758375984251968
11
0.0426397244094488
21
0.8682374015748031
0
LINE
8
BLACK
6
CONTINUOUS
10
0.0426397244094488
20
0.8682374015748031
11
0.0426398818897638
21
0.8682371653543307
0
LINE
8
BLACK
6
CONTINUOUS
10
0.0426398818897638
20
0.8682371653543307
11
0.0479821653543307
21
0.8612748818897638
0
LINE
8
BLACK
6
CONTINUOUS
10
0.0479821653543307
20
0.8612748818897638
11
0.0541882283464567
21
0.8550688188976378
0
LINE
8
BLACK
6
CONTINUOUS
10
0.0541882283464567
20
0.8550688188976378
11
0.0611505118110236
21
0.8497265354330709
0
LINE
8
BLACK
6
CONTINUOUS
10
0.0611505118110236
20
0.8497265354330709
11
0.0611506299212598
21
0.8497264566929134
0
LINE
8
BLACK
6
CONTINUOUS
10
0.0611506299212598
20
0.8497264566929134
11
0.0687509448818898
21
0.8453383858267717
0
LINE
8
BLACK
6
CONTINUOUS
10
0.0687509448818898
20
0.8453383858267717
11
0.0768590157480315
21
0.8419799212598424
0
LINE
8
BLACK
6
CONTINUOUS
10
0.0768590157480315
20
0.8419799212598424
11
0.0853361023622047
21
0.8397085039370078
0
LINE
8
BLACK
6
CONTINUOUS
10
0.0853361023622047
20
0.8397085039370078
11
0.094037125984252
21
0.8385629921259843
0
LINE
8
BLACK
6
CONTINUOUS
10
0.094037125984252
20
0.8385629921259843
11
0.0940372047244094
21
0.8385629921259843
0
LINE
8
BLACK
6
CONTINUOUS
10
0.0940372047244094
20
0.8385629921259843
11
0.102813188976378
21
0.8385629921259843
0
LINE
8
BLACK
6
CONTINUOUS
10
0.102813188976378
20
0.8385629921259843
11
0.1028132677165354
21
0.8385629921259843
0
LINE
8
BLACK
6
CONTINUOUS
10
0.1028132677165354
20
0.8385629921259843
11
0.1115142913385827
21
0.8397085039370078
0
LINE
8
BLACK
6
CONTINUOUS
10
0.1115142913385827
20
0.8397085039370078
11
0.1199913779527559
21
0.8419799212598424
0
LINE
8
BLACK
6
CONTINUOUS
10
0.1199913779527559
20
0.8419799212598424
11
0.1280994488188976
21
0.8453383858267717
0
LINE
8
BLACK
6
CONTINUOUS
10
0.1280994488188976
20
0.8453383858267717
11
0.1356997637795276
21
0.8497264566929134
0
LINE
8
BLACK
6
CONTINUOUS
10
0.1356997637795276
20
0.8497264566929134
11
0.1394609842519685
21
0.8526125590551181
0
LINE
8
BLACK
6
CONTINUOUS
10
0.1394609842519685
20
0.8526125590551181
11
0.142662125984252
21
0.8550688188976378
0
LINE
8
BLACK
6
CONTINUOUS
10
0.142662125984252
20
0.8550688188976378
11
0.1426621653543307
21
0.8550688976377953
0
LINE
8
BLACK
6
CONTINUOUS
10
0.1426621653543307
20
0.8550688976377953
11
0.1426623622047244
21
0.8550690157480315
0
LINE
8
BLACK
6
CONTINUOUS
10
0.1426623622047244
20
0.8550690157480315
11
0.1488679921259843
21
0.8612746456692913
0
LINE
8
BLACK
6
CONTINUOUS
10
0.1488679921259843
20
0.8612746456692913
11
0.1542105511811024
21
0.8682372440944882
0
LINE
8
BLACK
6
CONTINUOUS
10
0.1542105511811024
20
0.8682372440944882
11
0.155922874015748
21
0.8712031102362204
0
LINE
8
BLACK
6
CONTINUOUS
10
0.155922874015748
20
0.8712031102362204
11
0.1576918897637795
21
0.8725604724409448
0
LINE
8
BLACK
6
CONTINUOUS
10
0.1576918897637795
20
0.8725604724409448
11
0.1599026377952756
21
0.8722694488188976
0
LINE
8
BLACK
6
CONTINUOUS
10
0.1599026377952756
20
0.8722694488188976
11
0.1612600393700787
21
0.8705004330708661
0
LINE
8
BLACK
6
CONTINUOUS
10
0.1612600393700787
20
0.8705004330708661
11
0.1613593307086614
21
0.8697463779527559
0
LINE
8
BLACK
6
CONTINUOUS
10
0.1613593307086614
20
0.8697463779527559
11
0.1613593307086614
21
0.8305750393700787
0
LINE
8
BLACK
6
CONTINUOUS
10
0.1613593307086614
20
0.8305750393700787
11
0.26
21
0.8305750393700787
0
LINE
8
BLACK
6
CONTINUOUS
10
0.26
20
0.8305750393700787
11
0.4382835826771653
21
0.8305750393700787
0
LINE
8
BLACK
6
CONTINUOUS
10
0.4382835826771653
20
0.8305750393700787
11
0.4382835826771653
21
0.8576407086614173
0
LINE
8
BLACK
6
CONTINUOUS
10
0.4382835826771653
20
0.8576407086614173
11
0.4391368897637795
21
0.8597007874015747
0
LINE
8
BLACK
6
CONTINUOUS
10
0.4391368897637795
20
0.8597007874015747
11
0.441196968503937
21
0.860554094488189
0
LINE
8
BLACK
6
CONTINUOUS
10
0.441196968503937
20
0.860554094488189
11
0.4432570472440945
21
0.8597007874015747
0
LINE
8
BLACK
6
CONTINUOUS
10
0.4432570472440945
20
0.8597007874015747
11
0.4478890157480315
21
0.8550688188976378
0
LINE
8
BLACK
6
CONTINUOUS
10
0.4478890157480315
20
0.8550688188976378
11
0.4548512992125984
21
0.8497265354330709
0
LINE
8
BLACK
6
CONTINUOUS
10
0.4548512992125984
20
0.8497265354330709
11
0.4548514173228346
21
0.8497264566929134
0
LINE
8
BLACK
6
CONTINUOUS
10
0.4548514173228346
20
0.8497264566929134
11
0.4624517322834645
21
0.8453383858267717
0
LINE
8
BLACK
6
CONTINUOUS
10
0.4624517322834645
20
0.8453383858267717
11
0.4705598031496063
21
0.8419799212598424
0
LINE
8
BLACK
6
CONTINUOUS
10
0.4705598031496063
20
0.8419799212598424
11
0.4790368897637795
21
0.8397085039370078
0
LINE
8
BLACK
6
CONTINUOUS
10
0.4790368897637795
20
0.8397085039370078
11
0.4877379133858268
21
0.8385629921259843
0
LINE
8
BLACK
6
CONTINUOUS
10
0.4877379133858268
20
0.8385629921259843
11
0.4877379921259842
21
0.8385629921259843
0
LINE
8
BLACK
6
CONTINUOUS
10
0.4877379921259842
20
0.8385629921259843
11
0.4965139763779527
21
0.8385629921259843
0
LINE
8
BLACK
6
CONTINUOUS
10
0.4965139763779527
20
0.8385629921259843
11
0.4965140551181102
21
0.8385629921259843
0
LINE
8
BLACK
6
CONTINUOUS
10
0.4965140551181102
20
0.8385629921259843
11
0.5052150787401575
21
0.8397085039370078
0
LINE
8
BLACK
6
CONTINUOUS
10
0.5052150787401575
20
0.8397085039370078
11
0.5136921653543307
21
0.8419799212598424
0
LINE
8
BLACK
6
CONTINUOUS
10
0.5136921653543307
20
0.8419799212598424
11
0.5218002362204724
21
0.8453383858267717
0
LINE
8
BLACK
6
CONTINUOUS
10
0.5218002362204724
20
0.8453383858267717
11
0.5294005511811023
21
0.8497264566929134
0
LINE
8
BLACK
6
CONTINUOUS
10
0.5294005511811023
20
0.8497264566929134
11
0.5331617716535433
21
0.8526125590551181
0
LINE
8
BLACK
6
CONTINUOUS
10
0.5331617716535433
20
0.8526125590551181
11
0.5363629133858268
21
0.8550688188976378
0
LINE
8
BLACK
6
CONTINUOUS
10
0.5363629133858268
20
0.8550688188976378
11
0.5363629527559055
21
0.8550688976377953
0
LINE
8
BLACK
6
CONTINUOUS
10
0.5363629527559055
20
0.8550688976377953
11
0.5363631496062992
21
0.8550690157480315
0
LINE
8
BLACK
6
CONTINUOUS
10
0.5363631496062992
20
0.8550690157480315
11
0.542568779527559
21
0.8612746456692913
0
LINE
8
BLACK
6
CONTINUOUS
10
0.542568779527559
20
0.8612746456692913
11
0.5479113385826772
21
0.8682372440944882
0
LINE
8
BLACK
6
CONTINUOUS
10
0.5479113385826772
20
0.8682372440944882
11
0.5522994094488188
21
0.8758375590551181
0
LINE
8
BLACK
6
CONTINUOUS
10
0.5522994094488188
20
0.8758375590551181
11
0.5556578740157481
21
0.8839456299212598
0
LINE
8
BLACK
6
CONTINUOUS
10
0.5556578740157481
20
0.8839456299212598
11
0.5556578740157481
21
0.8839457480314961
0
LINE
8
BLACK
6
CONTINUOUS
10
0.5556578740157481
20
0.8839457480314961
11
0.555683937007874
21
0.8840085826771653
0
LINE
8
BLACK
6
CONTINUOUS
10
0.555683937007874
20
0.8840085826771653
11
0.5572606299212598
21
0.8855853149606299
0
LINE
8
BLACK
6
CONTINUOUS
10
0.5572606299212598
20
0.8855853149606299
11
0.5583755511811024
21
0.8858070866141732
0
LINE
8
BLACK
6
CONTINUOUS
10
0.5583755511811024
20
0.8858070866141732
11
0.631839094488189
21
0.8858070866141732
0
LINE
8
BLACK
6
CONTINUOUS
10
0.631839094488189
20
0.8858070866141732
11
0.6338991732283464
21
0.884953779527559
0
LINE
8
BLACK
6
CONTINUOUS
10
0.6338991732283464
20
0.884953779527559
11
0.6347524803149606
21
0.8828937007874016
0
LINE
8
BLACK
6
CONTINUOUS
10
0.6347524803149606
20
0.8828937007874016
11
0.6347524803149606
21
0.8826685826771653
0
LINE
8
BLACK
6
CONTINUOUS
10
0.6347524803149606
20
0.8826685826771653
11
0.6347524803149606
21
0.8305750393700787
0
LINE
8
BLACK
6
CONTINUOUS
10
0.6347524803149606
20
0.8305750393700787
11
0.7523161023622047
21
0.8305750393700787
0
LINE
8
BLACK
6
CONTINUOUS
10
0.7523161023622047
20
0.8305750393700787
11
0.7523161023622047
21
0.8828937007874016
0
LINE
8
BLACK
6
CONTINUOUS
10
0.7523161023622047
20
0.8828937007874016
11
0.7531694094488188
21
0.884953779527559
0
LINE
8
BLACK
6
CONTINUOUS
10
0.7531694094488188
20
0.884953779527559
11
0.7552294881889764
21
0.8858070866141732
0
LINE
8
BLACK
6
CONTINUOUS
10
0.7552294881889764
20
0.8858070866141732
11
0.8195772047244094
21
0.8858070866141732
0
LINE
8
BLACK
6
CONTINUOUS
10
0.8195772047244094
20
0.8858070866141732
11
0.8216372834645669
21
0.884953779527559
0
LINE
8
BLACK
6
CONTINUOUS
10
0.8216372834645669
20
0.884953779527559
11
0.8222688188976378
21
0.8840085826771653
0
LINE
8
BLACK
6
CONTINUOUS
10
0.8222688188976378
20
0.8840085826771653
11
0.822294842519685
21
0.8839457480314961
0
LINE
8
BLACK
6
CONTINUOUS
10
0.822294842519685
20
0.8839457480314961
11
0.8222948818897637
21
0.8839456299212598
0
LINE
8
BLACK
6
CONTINUOUS
10
0.8222948818897637
20
0.8839456299212598
11
0.8228238582677165
21
0.8826685826771653
0
LINE
8
BLACK
6
CONTINUOUS
10
0.8228238582677165
20
0.8826685826771653
11
0.825653188976378
21
0.8758379133858267
0
LINE
8
BLACK
6
CONTINUOUS
10
0.825653188976378
20
0.8758379133858267
11
0.8256533070866141
21
0.8758375984251968
0
LINE
8
BLACK
6
CONTINUOUS
10
0.8256533070866141
20
0.8758375984251968
11
0.8300412992125984
21
0.8682374015748031
0
LINE
8
BLACK
6
CONTINUOUS
10
0.8300412992125984
20
0.8682374015748031
11
0.8300414566929134
21
0.8682371653543307
0
LINE
8
BLACK
6
CONTINUOUS
10
0.8300414566929134
20
0.8682371653543307
11
0.8353837401574803
21
0.8612748818897638
0
LINE
8
BLACK
6
CONTINUOUS
10
0.8353837401574803
20
0.8612748818897638
11
0.8415898031496063
21
0.8550688188976378
0
LINE
8
BLACK
6
CONTINUOUS
10
0.8415898031496063
20
0.8550688188976378
11
0.8485520866141733
21
0.8497265354330709
0
LINE
8
BLACK
6
CONTINUOUS
10
0.8485520866141733
20
0.8497265354330709
11
0.8485522047244094
21
0.8497264566929134
0
LINE
8
BLACK
6
CONTINUOUS
10
0.8485522047244094
20
0.8497264566929134
11
0.8561525196850394
21
0.8453383858267717
0
LINE
8
BLACK
6
CONTINUOUS
10
0.8561525196850394
20
0.8453383858267717
11
0.8642605905511811
21
0.8419799212598424
0
LINE
8
BLACK
6
CONTINUOUS
10
0.8642605905511811
20
0.8419799212598424
11
0.8727376771653543
21
0.8397085039370078
0
LINE
8
BLACK
6
CONTINUOUS
10
0.8727376771653543
20
0.8397085039370078
11
0.8814387007874016
21
0.8385629921259843
0
LINE
8
BLACK
6
CONTINUOUS
10
0.8814387007874016
20
0.8385629921259843
11
0.881438779527559
21
0.8385629921259843
0
LINE
8
BLACK
6
CONTINUOUS
10
0.881438779527559
20
0.8385629921259843
11
0.8902147637795276
21
0.8385629921259843
0
LINE
8
BLACK
6
CONTINUOUS
10
0.8902147637795276
20
0.8385629921259843
11
0.890214842519685
21
0.8385629921259843
0
LINE
8
BLACK
6
CONTINUOUS
10
0.890214842519685
20
0.8385629921259843
11
0.8989158661417322
21
0.8397085039370078
0
LINE
8
BLACK
6
CONTINUOUS
10
0.8989158661417322
20
0.8397085039370078
11
0.9073929527559055
21
0.8419799212598424
0
LINE
8
BLACK
6
CONTINUOUS
10
0.9073929527559055
20
0.8419799212598424
11
0.9155010236220472
21
0.8453383858267717
0
LINE
8
BLACK
6
CONTINUOUS
10
0.9155010236220472
20
0.8453383858267717
11
0.9231013385826772
21
0.8497264566929134
0
LINE
8
BLACK
6
CONTINUOUS
10
0.9231013385826772
20
0.8497264566929134
11
0.9268625590551181
21
0.8526125590551181
0
LINE
8
BLACK
6
CONTINUOUS
10
0.9268625590551181
20
0.8526125590551181
11
0.9300637007874015
21
0.8550688188976378
0
LINE
8
BLACK
6
CONTINUOUS
10
0.9300637007874015
20
0.8550688188976378
11
0.9300637401574803
21
0.8550688976377953
0
LINE
8
BLACK
6
CONTINUOUS
10
0.9300637401574803
20
0.8550688976377953
11
0.930063937007874
21
0.8550690157480315
0
LINE
8
BLACK
6
CONTINUOUS
10
0.930063937007874
20
0.8550690157480315
11
0.9362695669291339
21
0.8612746456692913
0
LINE
8
BLACK
6
CONTINUOUS
10
0.9362695669291339
20
0.8612746456692913
11
0.9416121259842519
21
0.8682372440944882
0
LINE
8
BLACK
6
CONTINUOUS
10
0.9416121259842519
20
0.8682372440944882
11
0.9460001968503937
21
0.8758375590551181
0
LINE
8
BLACK
6
CONTINUOUS
10
0.9460001968503937
20
0.8758375590551181
11
0.9493586614173228
21
0.8839456299212598
0
LINE
8
BLACK
6
CONTINUOUS
10
0.9493586614173228
20
0.8839456299212598
11
0.9493586614173228
21
0.8839457480314961
0
LINE
8
BLACK
6
CONTINUOUS
10
0.9493586614173228
20
0.8839457480314961
11
0.9493847244094488
21
0.8840085826771653
0
LINE
8
BLACK
6
CONTINUOUS
10
0.9493847244094488
20
0.8840085826771653
11
0.9509614173228347
21
0.8855853149606299
0
LINE
8
BLACK
6
CONTINUOUS
10
0.9509614173228347
20
0.8855853149606299
11
0.9520763385826772
21
0.8858070866141732
0
LINE
8
BLACK
6
CONTINUOUS
10
0.9520763385826772
20
0.8858070866141732
11
0.9616338582677165
21
0.8858070866141732
0
LINE
8
BLACK
6
CONTINUOUS
10
0.9616338582677165
20
0.8858070866141732
11
0.963693937007874
21
0.884953779527559
0
LINE
8
BLACK
6
CONTINUOUS
10
0.963693937007874
20
0.884953779527559
11
0.9645472440944882
21
0.8828937007874016
0
LINE
8
BLACK
6
CONTINUOUS
10
0.9645472440944882
20
0.8828937007874016
11
0.9645472440944882
21
0.8326337401574803
0
LINE
8
BLACK
6
CONTINUOUS
10
0.9645472440944882
20
0.8326337401574803
11
0.963693937007874
21
0.8305736614173228
0
LINE
8
BLACK
6
CONTINUOUS
10
0.963693937007874
20
0.8305736614173228
11
0.9616338582677165
21
0.8297203543307087
0
LINE
8
BLACK
6
CONTINUOUS
10
0.9616338582677165
20
0.8297203543307087
11
0.960821062992126
21
0.8298360236220472
0
LINE
8
BLACK
6
CONTINUOUS
10
0.960821062992126
20
0.8298360236220472
11
0.9548225196850394
21
0.8315787401574803
0
LINE
8
BLACK
6
CONTINUOUS
10
0.9548225196850394
20
0.8315787401574803
11
0.9548225984251968
21
0.8315787401574803
0
LINE
8
BLACK
6
CONTINUOUS
10
0.9548225984251968
20
0.8315787401574803
11
0.9533716929133859
21
0.8316929133858267
0
LINE
8
BLACK
6
CONTINUOUS
10
0.9533716929133859
20
0.8316929133858267
11
0.9173228346456692
21
0.8316929133858267
0
LINE
8
BLACK
6
CONTINUOUS
10
0.9173228346456692
20
0.8316929133858267
11
0.9173228346456692
21
0.8159448818897638
0
LINE
8
BLACK
6
CONTINUOUS
10
0.9173228346456692
20
0.8159448818897638
11
0.9507874015748031
21
0.8159448818897638
0
LINE
8
BLACK
6
CONTINUOUS
10
0.9507874015748031
20
0.8159448818897638
11
0.9545539763779527
21
0.8151956692913386
0
LINE
8
BLACK
6
CONTINUOUS
10
0.9545539763779527
20
0.8151956692913386
11
0.9577471259842519
21
0.8130620866141732
0
LINE
8
BLACK
6
CONTINUOUS
10
0.9577471259842519
20
0.8130620866141732
11
0.9598807086614173
21
0.809868937007874
0
LINE
8
BLACK
6
CONTINUOUS
10
0.9598807086614173
20
0.809868937007874
11
0.9606299212598425
21
0.8061023622047244
0
LINE
8
BLACK
6
CONTINUOUS
10
0.9606299212598425
20
0.8061023622047244
11
0.9606299212598425
21
0.7864173228346456
0
LINE
8
BLACK
6
CONTINUOUS
10
0.9606299212598425
20
0.7864173228346456
11
0.9598807086614173
21
0.782650748031496
0
LINE
8
BLACK
6
CONTINUOUS
10
0.9598807086614173
20
0.782650748031496
11
0.9577471259842519
21
0.7794575984251968
0
LINE
8
BLACK
6
CONTINUOUS
10
0.9577471259842519
20
0.7794575984251968
11
0.9545539763779527
21
0.7773240157480314
0
LINE
8
BLACK
6
CONTINUOUS
10
0.9545539763779527
20
0.7773240157480314
11
0.9507874015748031
21
0.7765748031496063
0
LINE
8
BLACK
6
CONTINUOUS
10
0.9507874015748031
20
0.7765748031496063
11
0.9173228346456692
21
0.7765748031496063
0
LINE
8
BLACK
6
CONTINUOUS
10
0.9173228346456692
20
0.7765748031496063
11
0.9173228346456692
21
0.7678008661417323
0
LINE
8
BLACK
6
CONTINUOUS
10
0.9173228346456692
20
0.7678008661417323
11
0.9195868110236221
21
0.7664937401574803
0
LINE
8
BLACK
6
CONTINUOUS
10
0.9195868110236221
20
0.7664937401574803
11
0.9224937401574803
21
0.763586811023622
0
LINE
8
BLACK
6
CONTINUOUS
10
0.9224937401574803
20
0.763586811023622
11
0.9240872440944882
21
0.7608267716535433
0
LINE
8
BLACK
6
CONTINUOUS
10
0.9240872440944882
20
0.7608267716535433
11
0.9299127559055118
21
0.7608267716535433
0
LINE
8
BLACK
6
CONTINUOUS
10
0.9299127559055118
20
0.7608267716535433
11
0.9315062598425197
21
0.763586811023622
0
LINE
8
BLACK
6
CONTINUOUS
10
0.9315062598425197
20
0.763586811023622
11
0.9344131889763779
21
0.7664937401574803
0
LINE
8
BLACK
6
CONTINUOUS
10
0.9344131889763779
20
0.7664937401574803
11
0.9379735039370078
21
0.7685492913385826
0
LINE
8
BLACK
6
CONTINUOUS
10
0.9379735039370078
20
0.7685492913385826
11
0.9419444881889764
21
0.7696133070866141
0
LINE
8
BLACK
6
CONTINUOUS
10
0.9419444881889764
20
0.7696133070866141
11
0.9460555118110237
21
0.7696133070866141
0
LINE
8
BLACK
6
CONTINUOUS
10
0.9460555118110237
20
0.7696133070866141
11
0.9500264960629921
21
0.7685492913385826
0
LINE
8
BLACK
6
CONTINUOUS
10
0.9500264960629921
20
0.7685492913385826
11
0.953586811023622
21
0.7664937401574803
0
LINE
8
BLACK
6
CONTINUOUS
10
0.953586811023622
20
0.7664937401574803
11
0.9564937401574803
21
0.763586811023622
0
LINE
8
BLACK
6
CONTINUOUS
10
0.9564937401574803
20
0.763586811023622
11
0.957561811023622
21
0.7617368503937008
0
LINE
8
BLACK
6
CONTINUOUS
10
0.957561811023622
20
0.7617368503937008
11
0.960821062992126
21
0.7626837007874016
0
LINE
8
BLACK
6
CONTINUOUS
10
0.960821062992126
20
0.7626837007874016
11
0.9630374015748031
21
0.7624390157480315
0
LINE
8
BLACK
6
CONTINUOUS
10
0.9630374015748031
20
0.7624390157480315
11
0.9644315748031496
21
0.760698779527559
0
LINE
8
BLACK
6
CONTINUOUS
10
0.9644315748031496
20
0.760698779527559
11
0.9645472440944882
21
0.7598859842519685
0
LINE
8
BLACK
6
CONTINUOUS
10
0.9645472440944882
20
0.7598859842519685
11
0.9645472440944882
21
0.5393266535433071
0
LINE
8
BLACK
6
CONTINUOUS
10
0.9645472440944882
20
0.5393266535433071
11
0.963693937007874
21
0.5372665748031495
0
LINE
8
BLACK
6
CONTINUOUS
10
0.963693937007874
20
0.5372665748031495
11
0.9616338582677165
21
0.5364132677165354
0
LINE
8
BLACK
6
CONTINUOUS
10
0.9616338582677165
20
0.5364132677165354
11
0.960821062992126
21
0.536528937007874
0
LINE
8
BLACK
6
CONTINUOUS
10
0.960821062992126
20
0.536528937007874
11
0.9548225196850394
21
0.5382716535433071
0
LINE
8
BLACK
6
CONTINUOUS
10
0.9548225196850394
20
0.5382716535433071
11
0.9548225984251968
21
0.5382716535433071
0
LINE
8
BLACK
6
CONTINUOUS
10
0.9548225984251968
20
0.5382716535433071
11
0.9533716929133859
21
0.5383858267716536
0
LINE
8
BLACK
6
CONTINUOUS
10
0.9533716929133859
20
0.5383858267716536
11
0.9173228346456692
21
0.5383858267716536
0
LINE
8
BLACK
6
CONTINUOUS
10
0.9173228346456692
20
0.5383858267716536
11
0.9173228346456692
21
0.5226377952755905
0
LINE
8
BLACK
6
CONTINUOUS
10
0.9173228346456692
20
0.5226377952755905
11
0.9507874015748031
21
0.5226377952755905
0
LINE
8
BLACK
6
CONTINUOUS
10
0.9507874015748031
20
0.5226377952755905
11
0.9545539763779527
21
0.5218885826771653
0
LINE
8
BLACK
6
CONTINUOUS
10
0.9545539763779527
20
0.5218885826771653
11
0.9577471259842519
21
0.519755
0
LINE
8
BLACK
6
CONTINUOUS
10
0.9577471259842519
20
0.519755
11
0.9598807086614173
21
0.5165618503937007
0
LINE
8
BLACK
6
CONTINUOUS
10
0.9598807086614173
20
0.5165618503937007
11
0.9606299212598425
21
0.5127952755905512
0
LINE
8
BLACK
6
CONTINUOUS
10
0.9606299212598425
20
0.5127952755905512
11
0.9606299212598425
21
0.4931102362204725
0
LINE
8
BLACK
6
CONTINUOUS
10
0.9606299212598425
20
0.4931102362204725
11
0.9598807086614173
21
0.4893436614173228
0
LINE
8
BLACK
6
CONTINUOUS
10
0.9598807086614173
20
0.4893436614173228
11
0.9577471259842519
21
0.4861505118110236
0
LINE
8
BLACK
6
CONTINUOUS
10
0.9577471259842519
20
0.4861505118110236
11
0.9545539763779527
21
0.4840169291338582
0
LINE
8
BLACK
6
CONTINUOUS
10
0.9545539763779527
20
0.4840169291338582
11
0.9507874015748031
21
0.483267716535433
0
LINE
8
BLACK
6
CONTINUOUS
10
0.9507874015748031
20
0.483267716535433
11
0.9173228346456692
21
0.483267716535433
0
LINE
8
BLACK
6
CONTINUOUS
10
0.9173228346456692
20
0.483267716535433
11
0.9173228346456692
21
0.4675196850393701
0
LINE
8
BLACK
6
CONTINUOUS
10
0.9173228346456692
20
0.4675196850393701
11
0.9462855118110236
21
0.4675196850393701
0
LINE
8
BLACK
6
CONTINUOUS
10
0.9462855118110236
20
0.4675196850393701
11
0.9485744094488189
21
0.4681329921259842
0
LINE
8
BLACK
6
CONTINUOUS
10
0.9485744094488189
20
0.4681329921259842
11
0.9526854330708662
21
0.4681329921259842
0
LINE
8
BLACK
6
CONTINUOUS
10
0.9526854330708662
20
0.4681329921259842
11
0.9546103937007874
21
0.4676172047244094
0
LINE
8
BLACK
6
CONTINUOUS
10
0.9546103937007874
20
0.4676172047244094
11
0.954822559055118
21
0.4676338976377953
0
LINE
8
BLACK
6
CONTINUOUS
10
0.954822559055118
20
0.4676338976377953
11
0.960821062992126
21
0.4693766141732283
0
LINE
8
BLACK
6
CONTINUOUS
10
0.960821062992126
20
0.4693766141732283
11
0.9630374015748031
21
0.4691319291338583
0
LINE
8
BLACK
6
CONTINUOUS
10
0.9630374015748031
20
0.4691319291338583
11
0.9644315748031496
21
0.4673916929133858
0
LINE
8
BLACK
6
CONTINUOUS
10
0.9644315748031496
20
0.4673916929133858
11
0.9645472440944882
21
0.4665788976377953
0
LINE
8
BLACK
6
CONTINUOUS
10
0.9645472440944882
20
0.4665788976377953
11
0.9645472440944882
21
0.4596407874015748
0
LINE
8
BLACK
6
CONTINUOUS
10
0.9645472440944882
20
0.4596407874015748
11
0.9651792125984252
21
0.4585461811023622
0
LINE
8
BLACK
6
CONTINUOUS
10
0.9651792125984252
20
0.4585461811023622
11
0.9662432283464567
21
0.4545751968503937
0
LINE
8
BLACK
6
CONTINUOUS
10
0.9662432283464567
20
0.4545751968503937
11
0.9662432283464567
21
0.4504641732283464
0
LINE
8
BLACK
6
CONTINUOUS
10
0.9662432283464567
20
0.4504641732283464
11
0.9651792125984252
21
0.446493188976378
0
LINE
8
BLACK
6
CONTINUOUS
10
0.9651792125984252
20
0.446493188976378
11
0.9645472440944882
21
0.4453986220472441
0
LINE
8
BLACK
6
CONTINUOUS
10
0.9645472440944882
20
0.4453986220472441
11
0.9645472440944882
21
0.4389329527559055
0
LINE
8
BLACK
6
CONTINUOUS
10
0.9645472440944882
20
0.4389329527559055
11
0.963693937007874
21
0.436872874015748
0
LINE
8
BLACK
6
CONTINUOUS
10
0.963693937007874
20
0.436872874015748
11
0.9616338582677165
21
0.4360195669291339
0
LINE
8
BLACK
6
CONTINUOUS
10
0.9616338582677165
20
0.4360195669291339
11
0.960821062992126
21
0.4361352362204725
0
LINE
8
BLACK
6
CONTINUOUS
10
0.960821062992126
20
0.4361352362204725
11
0.9555368503937007
21
0.4376704330708661
0
LINE
8
BLACK
6
CONTINUOUS
10
0.9555368503937007
20
0.4376704330708661
11
0.9526854330708662
21
0.4369063779527559
0
LINE
8
BLACK
6
CONTINUOUS
10
0.9526854330708662
20
0.4369063779527559
11
0.9485744094488189
21
0.4369063779527559
0
LINE
8
BLACK
6
CONTINUOUS
10
0.9485744094488189
20
0.4369063779527559
11
0.9446034251968504
21
0.4379703937007874
0
LINE
8
BLACK
6
CONTINUOUS
10
0.9446034251968504
20
0.4379703937007874
11
0.9445657874015748
21
0.437992125984252
0
LINE
8
BLACK
6
CONTINUOUS
10
0.9445657874015748
20
0.437992125984252
11
0.9173239763779527
21
0.437992125984252
0
LINE
8
BLACK
6
CONTINUOUS
10
0.9173239763779527
20
0.437992125984252
11
0.9173228346456692
21
0.4379914960629921
0
LINE
8
BLACK
6
CONTINUOUS
10
0.9173228346456692
20
0.4379914960629921
11
0.9173228346456692
21
0.4222440944881889
0
LINE
8
BLACK
6
CONTINUOUS
10
0.9173228346456692
20
0.4222440944881889
11
0.9507874015748031
21
0.4222440944881889
0
LINE
8
BLACK
6
CONTINUOUS
10
0.9507874015748031
20
0.4222440944881889
11
0.9545539763779527
21
0.4214948818897638
0
LINE
8
BLACK
6
CONTINUOUS
10
0.9545539763779527
20
0.4214948818897638
11
0.9577471259842519
21
0.4193612992125984
0
LINE
8
BLACK
6
CONTINUOUS
10
0.9577471259842519
20
0.4193612992125984
11
0.9598807086614173
21
0.4161681496062992
0
LINE
8
BLACK
6
CONTINUOUS
10
0.9598807086614173
20
0.4161681496062992
11
0.9606299212598425
21
0.4124015748031496
0
LINE
8
BLACK
6
CONTINUOUS
10
0.9606299212598425
20
0.4124015748031496
11
0.9606299212598425
21
0.3927165354330708
0
LINE
8
BLACK
6
CONTINUOUS
10
0.9606299212598425
20
0.3927165354330708
11
0.9598807086614173
21
0.3889499606299213
0
LINE
8
BLACK
6
CONTINUOUS
10
0.9598807086614173
20
0.3889499606299213
11
0.9577471259842519
21
0.385756811023622
0
LINE
8
BLACK
6
CONTINUOUS
10
0.9577471259842519
20
0.385756811023622
11
0.9545539763779527
21
0.3836232283464567
0
LINE
8
BLACK
6
CONTINUOUS
10
0.9545539763779527
20
0.3836232283464567
11
0.9507874015748031
21
0.3828740157480315
0
LINE
8
BLACK
6
CONTINUOUS
10
0.9507874015748031
20
0.3828740157480315
11
0.9173228346456692
21
0.3828740157480315
0
LINE
8
BLACK
6
CONTINUOUS
10
0.9173228346456692
20
0.3828740157480315
11
0.9173228346456692
21
0.3671259842519685
0
LINE
8
BLACK
6
CONTINUOUS
10
0.9173228346456692
20
0.3671259842519685
11
0.9533716929133859
21
0.3671259842519685
0
LINE
8
BLACK
6
CONTINUOUS
10
0.9533716929133859
20
0.3671259842519685
11
0.954822559055118
21
0.3672401968503937
0
LINE
8
BLACK
6
CONTINUOUS
10
0.954822559055118
20
0.3672401968503937
11
0.960821062992126
21
0.3689829133858268
0
LINE
8
BLACK
6
CONTINUOUS
10
0.960821062992126
20
0.3689829133858268
11
0.9630374015748031
21
0.3687382283464567
0
LINE
8
BLACK
6
CONTINUOUS
10
0.9630374015748031
20
0.3687382283464567
11
0.9644315748031496
21
0.3669979921259842
0
LINE
8
BLACK
6
CONTINUOUS
10
0.9644315748031496
20
0.3669979921259842
11
0.9645472440944882
21
0.3661851968503937
0
LINE
8
BLACK
6
CONTINUOUS
10
0.9645472440944882
20
0.3661851968503937
11
0.9645472440944882
21
0.1456258661417323
0
LINE
8
BLACK
6
CONTINUOUS
10
0.9645472440944882
20
0.1456258661417323
11
0.963693937007874
21
0.1435657874015748
0
LINE
8
BLACK
6
CONTINUOUS
10
0.963693937007874
20
0.1435657874015748
11
0.9616338582677165
21
0.1427124803149606
0
LINE
8
BLACK
6
CONTINUOUS
10
0.9616338582677165
20
0.1427124803149606
11
0.960821062992126
21
0.1428281496062992
0
LINE
8
BLACK
6
CONTINUOUS
10
0.960821062992126
20
0.1428281496062992
11
0.9548225196850394
21
0.1445708661417323
0
LINE
8
BLACK
6
CONTINUOUS
10
0.9548225196850394
20
0.1445708661417323
11
0.9548225984251968
21
0.1445708661417323
0
LINE
8
BLACK
6
CONTINUOUS
10
0.9548225984251968
20
0.1445708661417323
11
0.9533716929133859
21
0.1446850393700787
0
LINE
8
BLACK
6
CONTINUOUS
10
0.9533716929133859
20
0.1446850393700787
11
0.9173228346456692
21
0.1446850393700787
0
LINE
8
BLACK
6
CONTINUOUS
10
0.9173228346456692
20
0.1446850393700787
11
0.9173228346456692
21
0.1289370078740157
0
LINE
8
BLACK
6
CONTINUOUS
10
0.9173228346456692
20
0.1289370078740157
11
0.9507874015748031
21
0.1289370078740157
0
LINE
8
BLACK
6
CONTINUOUS
10
0.9507874015748031
20
0.1289370078740157
11
0.9545539763779527
21
0.1281877952755905
0
LINE
8
BLACK
6
CONTINUOUS
10
0.9545539763779527
20
0.1281877952755905
11
0.9577471259842519
21
0.1260542125984252
0
LINE
8
BLACK
6
CONTINUOUS
10
0.9577471259842519
20
0.1260542125984252
11
0.9598807086614173
21
0.122861062992126
0
LINE
8
BLACK
6
CONTINUOUS
10
0.9598807086614173
20
0.122861062992126
11
0.9606299212598425
21
0.1190944881889764
0
LINE
8
BLACK
6
CONTINUOUS
10
0.9606299212598425
20
0.1190944881889764
11
0.9606299212598425
21
0.0994094488188976
0
LINE
8
BLACK
6
CONTINUOUS
10
0.9606299212598425
20
0.0994094488188976
11
0.9598807086614173
21
0.095642874015748
0
LINE
8
BLACK
6
CONTINUOUS
10
0.9598807086614173
20
0.095642874015748
11
0.9577471259842519
21
0.0924497244094488
0
LINE
8
BLACK
6
CONTINUOUS
10
0.9577471259842519
20
0.0924497244094488
11
0.9545539763779527
21
0.0903161417322835
0
LINE
8
BLACK
6
CONTINUOUS
10
0.9545539763779527
20
0.0903161417322835
11
0.9507874015748031
21
0.0895669291338583
0
LINE
8
BLACK
6
CONTINUOUS
10
0.9507874015748031
20
0.0895669291338583
11
0.9173228346456692
21
0.0895669291338583
0
LINE
8
BLACK
6
CONTINUOUS
10
0.9173228346456692
20
0.0895669291338583
11
0.9173228346456692
21
0.0738188976377953
0
LINE
8
BLACK
6
CONTINUOUS
10
0.9173228346456692
20
0.0738188976377953
11
0.9533716929133859
21
0.0738188976377953
0
LINE
8
BLACK
6
CONTINUOUS
10
0.9533716929133859
20
0.0738188976377953
11
0.954822559055118
21
0.0739331102362205
0
LINE
8
BLACK
6
CONTINUOUS
10
0.954822559055118
20
0.0739331102362205
11
0.960821062992126
21
0.0756758267716535
0
LINE
8
BLACK
6
CONTINUOUS
10
0.960821062992126
20
0.0756758267716535
11
0.9630374015748031
21
0.0754311417322835
0
LINE
8
BLACK
6
CONTINUOUS
10
0.9630374015748031
20
0.0754311417322835
11
0.9644315748031496
21
0.073690905511811
0
LINE
8
BLACK
6
CONTINUOUS
10
0.9644315748031496
20
0.073690905511811
11
0.9645472440944882
21
0.0728781102362205
0
LINE
8
BLACK
6
CONTINUOUS
10
0.9645472440944882
20
0.0728781102362205
11
0.9645472440944882
21
0.0226181102362205
0
LINE
8
BLACK
6
CONTINUOUS
10
0.9645472440944882
20
0.0226181102362205
11
0.963693937007874
21
0.020558031496063
0
LINE
8
BLACK
6
CONTINUOUS
10
0.963693937007874
20
0.020558031496063
11
0.9616338582677165
21
0.0197047244094488
0
LINE
8
BLACK
6
CONTINUOUS
10
0.9616338582677165
20
0.0197047244094488
11
0.9520763385826772
21
0.0197047244094488
0
LINE
8
BLACK
6
CONTINUOUS
10
0.9520763385826772
20
0.0197047244094488
11
0.9500162598425197
21
0.020558031496063
0
LINE
8
BLACK
6
CONTINUOUS
10
0.9500162598425197
20
0.020558031496063
11
0.9493847244094488
21
0.0215032283464567
0
LINE
8
BLACK
6
CONTINUOUS
10
0.9493847244094488
20
0.0215032283464567
11
0.9489229133858268
21
0.0226181102362205
0
LINE
8
BLACK
6
CONTINUOUS
10
0.9489229133858268
20
0.0226181102362205
11
0.9460001968503937
21
0.0296742519685039
0
LINE
8
BLACK
6
CONTINUOUS
10
0.9460001968503937
20
0.0296742519685039
11
0.9416121259842519
21
0.0372745669291339
0
LINE
8
BLACK
6
CONTINUOUS
10
0.9416121259842519
20
0.0372745669291339
11
0.9416120472440944
21
0.0372746850393701
0
LINE
8
BLACK
6
CONTINUOUS
10
0.9416120472440944
20
0.0372746850393701
11
0.9362697637795275
21
0.044236968503937
0
LINE
8
BLACK
6
CONTINUOUS
10
0.9362697637795275
20
0.044236968503937
11
0.9300637007874015
21
0.050443031496063
0
LINE
8
BLACK
6
CONTINUOUS
10
0.9300637007874015
20
0.050443031496063
11
0.9231014173228346
21
0.0557853149606299
0
LINE
8
BLACK
6
CONTINUOUS
10
0.9231014173228346
20
0.0557853149606299
11
0.9231011811023622
21
0.0557854724409449
0
LINE
8
BLACK
6
CONTINUOUS
10
0.9231011811023622
20
0.0557854724409449
11
0.9155009842519685
21
0.0601734645669291
0
LINE
8
BLACK
6
CONTINUOUS
10
0.9155009842519685
20
0.0601734645669291
11
0.9155006692913386
21
0.0601735826771654
0
LINE
8
BLACK
6
CONTINUOUS
10
0.9155006692913386
20
0.0601735826771654
11
0.9073929921259842
21
0.0635318897637795
0
LINE
8
BLACK
6
CONTINUOUS
10
0.9073929921259842
20
0.0635318897637795
11
0.8989157874015747
21
0.0658033464566929
0
LINE
8
BLACK
6
CONTINUOUS
10
0.8989157874015747
20
0.0658033464566929
11
0.8925057874015748
21
0.0666472440944882
0
LINE
8
BLACK
6
CONTINUOUS
10
0.8925057874015748
20
0.0666472440944882
11
0.890214842519685
21
0.0669488188976378
0
LINE
8
BLACK
6
CONTINUOUS
10
0.890214842519685
20
0.0669488188976378
11
0.8814387007874016
21
0.0669488188976378
0
LINE
8
BLACK
6
CONTINUOUS
10
0.8814387007874016
20
0.0669488188976378
11
0.8794142519685039
21
0.0666823228346457
0
LINE
8
BLACK
6
CONTINUOUS
10
0.8794142519685039
20
0.0666823228346457
11
0.8727377165354331
21
0.0658033464566929
0
LINE
8
BLACK
6
CONTINUOUS
10
0.8727377165354331
20
0.0658033464566929
11
0.8642605118110236
21
0.0635318897637795
0
LINE
8
BLACK
6
CONTINUOUS
10
0.8642605118110236
20
0.0635318897637795
11
0.8561528346456693
21
0.0601735826771654
0
LINE
8
BLACK
6
CONTINUOUS
10
0.8561528346456693
20
0.0601735826771654
11
0.8561525196850394
21
0.0601734645669291
0
LINE
8
BLACK
6
CONTINUOUS
10
0.8561525196850394
20
0.0601734645669291
11
0.8485523228346457
21
0.0557854724409449
0
LINE
8
BLACK
6
CONTINUOUS
10
0.8485523228346457
20
0.0557854724409449
11
0.8485520866141733
21
0.0557853149606299
0
LINE
8
BLACK
6
CONTINUOUS
10
0.8485520866141733
20
0.0557853149606299
11
0.8415898031496063
21
0.050443031496063
0
LINE
8
BLACK
6
CONTINUOUS
10
0.8415898031496063
20
0.050443031496063
11
0.8353837401574803
21
0.044236968503937
0
LINE
8
BLACK
6
CONTINUOUS
10
0.8353837401574803
20
0.044236968503937
11
0.8300414566929134
21
0.0372746850393701
0
LINE
8
BLACK
6
CONTINUOUS
10
0.8300414566929134
20
0.0372746850393701
11
0.8300412992125984
21
0.0372744488188976
0
LINE
8
BLACK
6
CONTINUOUS
10
0.8300412992125984
20
0.0372744488188976
11
0.8256533070866141
21
0.0296742519685039
0
LINE
8
BLACK
6
CONTINUOUS
10
0.8256533070866141
20
0.0296742519685039
11
0.825653188976378
21
0.029673937007874
0
LINE
8
BLACK
6
CONTINUOUS
10
0.825653188976378
20
0.029673937007874
11
0.8233583464566929
21
0.0241336614173228
0
LINE
8
BLACK
6
CONTINUOUS
10
0.8233583464566929
20
0.0241336614173228
11
0.8227306299212598
21
0.0226181102362205
0
LINE
8
BLACK
6
CONTINUOUS
10
0.8227306299212598
20
0.0226181102362205
11
0.8222688188976378
21
0.0215032283464567
0
LINE
8
BLACK
6
CONTINUOUS
10
0.8222688188976378
20
0.0215032283464567
11
0.8206921259842519
21
0.0199264960629921
0
LINE
8
BLACK
6
CONTINUOUS
10
0.8206921259842519
20
0.0199264960629921
11
0.8195772047244094
21
0.0197047244094488
0
LINE
8
BLACK
6
CONTINUOUS
10
0.8195772047244094
20
0.0197047244094488
11
0.5583755511811024
21
0.0197047244094488
0
LINE
8
BLACK
6
CONTINUOUS
10
0.5583755511811024
20
0.0197047244094488
11
0.5563154724409448
21
0.020558031496063
0
LINE
8
BLACK
6
CONTINUOUS
10
0.5563154724409448
20
0.020558031496063
11
0.555683937007874
21
0.0215032283464567
0
LINE
8
BLACK
6
CONTINUOUS
10
0.555683937007874
20
0.0215032283464567
11
0.5552221259842519
21
0.0226181102362205
0
LINE
8
BLACK
6
CONTINUOUS
10
0.5552221259842519
20
0.0226181102362205
11
0.5522994094488188
21
0.0296742519685039
0
LINE
8
BLACK
6
CONTINUOUS
10
0.5522994094488188
20
0.0296742519685039
11
0.5479113385826772
21
0.0372745669291339
0
LINE
8
BLACK
6
CONTINUOUS
10
0.5479113385826772
20
0.0372745669291339
11
0.5479112598425196
21
0.0372746850393701
0
LINE
8
BLACK
6
CONTINUOUS
10
0.5479112598425196
20
0.0372746850393701
11
0.5425689763779528
21
0.044236968503937
0
LINE
8
BLACK
6
CONTINUOUS
10
0.5425689763779528
20
0.044236968503937
11
0.5363629133858268
21
0.050443031496063
0
LINE
8
BLACK
6
CONTINUOUS
10
0.5363629133858268
20
0.050443031496063
11
0.5294006299212598
21
0.0557853149606299
0
LINE
8
BLACK
6
CONTINUOUS
10
0.5294006299212598
20
0.0557853149606299
11
0.5294003937007874
21
0.0557854724409449
0
LINE
8
BLACK
6
CONTINUOUS
10
0.5294003937007874
20
0.0557854724409449
11
0.5218001968503937
21
0.0601734645669291
0
LINE
8
BLACK
6
CONTINUOUS
10
0.5218001968503937
20
0.0601734645669291
11
0.5217998818897638
21
0.0601735826771654
0
LINE
8
BLACK
6
CONTINUOUS
10
0.5217998818897638
20
0.0601735826771654
11
0.5136922047244095
21
0.0635318897637795
0
LINE
8
BLACK
6
CONTINUOUS
10
0.5136922047244095
20
0.0635318897637795
11
0.505215
21
0.0658033464566929
0
LINE
8
BLACK
6
CONTINUOUS
10
0.505215
20
0.0658033464566929
11
0.498805
21
0.0666472440944882
0
LINE
8
BLACK
6
CONTINUOUS
10
0.498805
20
0.0666472440944882
11
0.4965140551181102
21
0.0669488188976378
0
LINE
8
BLACK
6
CONTINUOUS
10
0.4965140551181102
20
0.0669488188976378
11
0.4877379133858268
21
0.0669488188976378
0
LINE
8
BLACK
6
CONTINUOUS
10
0.4877379133858268
20
0.0669488188976378
11
0.4857134645669291
21
0.0666823228346457
0
LINE
8
BLACK
6
CONTINUOUS
10
0.4857134645669291
20
0.0666823228346457
11
0.4790369291338583
21
0.0658033464566929
0
LINE
8
BLACK
6
CONTINUOUS
10
0.4790369291338583
20
0.0658033464566929
11
0.4705597244094488
21
0.0635318897637795
0
LINE
8
BLACK
6
CONTINUOUS
10
0.4705597244094488
20
0.0635318897637795
11
0.4624520472440945
21
0.0601735826771654
0
LINE
8
BLACK
6
CONTINUOUS
10
0.4624520472440945
20
0.0601735826771654
11
0.4624517322834645
21
0.0601734645669291
0
LINE
8
BLACK
6
CONTINUOUS
10
0.4624517322834645
20
0.0601734645669291
11
0.4548515354330708
21
0.0557854724409449
0
LINE
8
BLACK
6
CONTINUOUS
10
0.4548515354330708
20
0.0557854724409449
11
0.4548512992125984
21
0.0557853149606299
0
LINE
8
BLACK
6
CONTINUOUS
10
0.4548512992125984
20
0.0557853149606299
11
0.4478890157480315
21
0.050443031496063
0
LINE
8
BLACK
6
CONTINUOUS
10
0.4478890157480315
20
0.050443031496063
11
0.4416829527559055
21
0.044236968503937
0
LINE
8
BLACK
6
CONTINUOUS
10
0.4416829527559055
20
0.044236968503937
11
0.4363406692913386
21
0.0372746850393701
0
LINE
8
BLACK
6
CONTINUOUS
10
0.4363406692913386
20
0.0372746850393701
11
0.4363405118110236
21
0.0372744488188976
0
LINE
8
BLACK
6
CONTINUOUS
10
0.4363405118110236
20
0.0372744488188976
11
0.4319525196850393
21
0.0296742519685039
0
LINE
8
BLACK
6
CONTINUOUS
10
0.4319525196850393
20
0.0296742519685039
11
0.4319524015748031
21
0.029673937007874
0
LINE
8
BLACK
6
CONTINUOUS
10
0.4319524015748031
20
0.029673937007874
11
0.4296575590551181
21
0.0241336614173228
0
LINE
8
BLACK
6
CONTINUOUS
10
0.4296575590551181
20
0.0241336614173228
11
0.429029842519685
21
0.0226181102362205
0
LINE
8
BLACK
6
CONTINUOUS
10
0.429029842519685
20
0.0226181102362205
11
0.428568031496063
21
0.0215032283464567
0
LINE
8
BLACK
6
CONTINUOUS
10
0.428568031496063
20
0.0215032283464567
11
0.4269913385826772
21
0.0199264960629921
0
LINE
8
BLACK
6
CONTINUOUS
10
0.4269913385826772
20
0.0199264960629921
11
0.4258764173228347
21
0.0197047244094488
0
LINE
8
BLACK
6
CONTINUOUS
10
0.4258764173228347
20
0.0197047244094488
11
0.4186023622047244
21
0.0197047244094488
0
LINE
8
BLACK
6
CONTINUOUS
10
0.4186023622047244
20
0.0197047244094488
11
0.4165422834645669
21
0.020558031496063
0
LINE
8
BLACK
6
CONTINUOUS
10
0.4165422834645669
20
0.020558031496063
11
0.4156889763779528
21
0.0226181102362205
0
LINE
8
BLACK
6
CONTINUOUS
10
0.4156889763779528
20
0.0226181102362205
11
0.4156889763779528
21
0.0628859842519685
0
LINE
8
BLACK
6
CONTINUOUS
10
0.4156889763779528
20
0.0628859842519685
11
0.26
21
0.0628859842519685
0
LINE
8
BLACK
6
CONTINUOUS
10
0.26
20
0.0628859842519685
11
0.1726461811023622
21
0.0628859842519685
0
LINE
8
BLACK
6
CONTINUOUS
10
0.1726461811023622
20
0.0628859842519685
11
0.1726461811023622
21
0.0226181102362205
0
LINE
8
BLACK
6
CONTINUOUS
10
0.1726461811023622
20
0.0226181102362205
11
0.171792874015748
21
0.020558031496063
0
LINE
8
BLACK
6
CONTINUOUS
10
0.171792874015748
20
0.020558031496063
11
0.1697327952755905
21
0.0197047244094488
0
LINE
8
BLACK
6
CONTINUOUS
10
0.1697327952755905
20
0.0197047244094488
11
0.1646747637795276
21
0.0197047244094488
0
LINE
8
BLACK
6
CONTINUOUS
10
0.1646747637795276
20
0.0197047244094488
11
0.1626146850393701
21
0.020558031496063
0
LINE
8
BLACK
6
CONTINUOUS
10
0.1626146850393701
20
0.020558031496063
11
0.1619831496062992
21
0.0215032283464567
0
LINE
8
BLACK
6
CONTINUOUS
10
0.1619831496062992
20
0.0215032283464567
11
0.1615213385826772
21
0.0226181102362205
0
LINE
8
BLACK
6
CONTINUOUS
10
0.1615213385826772
20
0.0226181102362205
11
0.1585986220472441
21
0.0296742519685039
0
LINE
8
BLACK
6
CONTINUOUS
10
0.1585986220472441
20
0.0296742519685039
11
0.1542105511811024
21
0.0372745669291339
0
LINE
8
BLACK
6
CONTINUOUS
10
0.1542105511811024
20
0.0372745669291339
11
0.1542104724409449
21
0.0372746850393701
0
LINE
8
BLACK
6
CONTINUOUS
10
0.1542104724409449
20
0.0372746850393701
11
0.148868188976378
21
0.044236968503937
0
LINE
8
BLACK
6
CONTINUOUS
10
0.148868188976378
20
0.044236968503937
11
0.142662125984252
21
0.050443031496063
0
LINE
8
BLACK
6
CONTINUOUS
10
0.142662125984252
20
0.050443031496063
11
0.135699842519685
21
0.0557853149606299
0
LINE
8
BLACK
6
CONTINUOUS
10
0.135699842519685
20
0.0557853149606299
11
0.1356996062992126
21
0.0557854724409449
0
LINE
8
BLACK
6
CONTINUOUS
10
0.1356996062992126
20
0.0557854724409449
11
0.1280994094488189
21
0.0601734645669291
0
LINE
8
BLACK
6
CONTINUOUS
10
0.1280994094488189
20
0.0601734645669291
11
0.128099094488189
21
0.0601735826771654
0
LINE
8
BLACK
6
CONTINUOUS
10
0.128099094488189
20
0.0601735826771654
11
0.1199914173228346
21
0.0635318897637795
0
LINE
8
BLACK
6
CONTINUOUS
10
0.1199914173228346
20
0.0635318897637795
11
0.1115142125984252
21
0.0658033464566929
0
LINE
8
BLACK
6
CONTINUOUS
10
0.1115142125984252
20
0.0658033464566929
11
0.1051042125984252
21
0.0666472440944882
0
LINE
8
BLACK
6
CONTINUOUS
10
0.1051042125984252
20
0.0666472440944882
11
0.1028132677165354
21
0.0669488188976378
0
LINE
8
BLACK
6
CONTINUOUS
10
0.1028132677165354
20
0.0669488188976378
11
0.094037125984252
21
0.0669488188976378
0
LINE
8
BLACK
6
CONTINUOUS
10
0.094037125984252
20
0.0669488188976378
11
0.0920126771653543
21
0.0666823228346457
0
LINE
8
BLACK
6
CONTINUOUS
10
0.0920126771653543
20
0.0666823228346457
11
0.0853361417322835
21
0.0658033464566929
0
LINE
8
BLACK
6
CONTINUOUS
10
0.0853361417322835
20
0.0658033464566929
11
0.076858937007874
21
0.0635318897637795
0
LINE
8
BLACK
6
CONTINUOUS
10
0.076858937007874
20
0.0635318897637795
11
0.0687512598425197
21
0.0601735826771654
0
LINE
8
BLACK
6
CONTINUOUS
10
0.0687512598425197
20
0.0601735826771654
11
0.0687509448818898
21
0.0601734645669291
0
LINE
8
BLACK
6
CONTINUOUS
10
0.0687509448818898
20
0.0601734645669291
11
0.0611507480314961
21
0.0557854724409449
0
LINE
8
BLACK
6
CONTINUOUS
10
0.0611507480314961
20
0.0557854724409449
11
0.0611505118110236
21
0.0557853149606299
0
LINE
8
BLACK
6
CONTINUOUS
10
0.0611505118110236
20
0.0557853149606299
11
0.0541882283464567
21
0.050443031496063
0
LINE
8
BLACK
6
CONTINUOUS
10
0.0541882283464567
20
0.050443031496063
11
0.0479821653543307
21
0.044236968503937
0
LINE
8
BLACK
6
CONTINUOUS
10
0.0479821653543307
20
0.044236968503937
11
0.0426398818897638
21
0.0372746850393701
0
LINE
8
BLACK
6
CONTINUOUS
10
0.0426398818897638
20
0.0372746850393701
11
0.0426397244094488
21
0.0372744488188976
0
LINE
8
BLACK
6
CONTINUOUS
10
0.0426397244094488
20
0.0372744488188976
11
0.0382517322834646
21
0.0296742519685039
0
LINE
8
BLACK
6
CONTINUOUS
10
0.0382517322834646
20
0.0296742519685039
11
0.0382516141732283
21
0.029673937007874
0
LINE
8
BLACK
6
CONTINUOUS
10
0.0382516141732283
20
0.029673937007874
11
0.0359567716535433
21
0.0241336614173228
0
LINE
8
BLACK
6
CONTINUOUS
10
0.0359567716535433
20
0.0241336614173228
11
0.0353290551181102
21
0.0226181102362205
0
LINE
8
BLACK
6
CONTINUOUS
10
0.0353290551181102
20
0.0226181102362205
11
0.0348672440944882
21
0.0215032283464567
0
LINE
8
BLACK
6
CONTINUOUS
10
0.0348672440944882
20
0.0215032283464567
11
0.0332905511811024
21
0.0199264960629921
0
LINE
8
BLACK
6
CONTINUOUS
10
0.0332905511811024
20
0.0199264960629921
11
0.0321756299212598
21
0.0197047244094488
0
LINE
8
BLACK
6
CONTINUOUS
10
0.0321756299212598
20
0.0197047244094488
11
0.0226181102362205
21
0.0197047244094488
0
LINE
8
BLACK
6
CONTINUOUS
10
0.0226181102362205
20
0.0197047244094488
11
0.020558031496063
21
0.020558031496063
0
LINE
8
BLACK
6
CONTINUOUS
10
0.020558031496063
20
0.020558031496063
11
0.0197047244094488
21
0.0226181102362205
0
LINE
8
BLACK
6
CONTINUOUS
10
0.0197047244094488
20
0.0226181102362205
11
0.0197047244094488
21
0.8828937007874016
0
LINE
8
BLACK
6
CONTINUOUS
10
0.0197047244094488
20
0.8828937007874016
11
0.020558031496063
21
0.884953779527559
0
LINE
8
BLACK
6
CONTINUOUS
10
0.020558031496063
20
0.884953779527559
11
0.0226181102362205
21
0.8858070866141732
0
LINE
8
BLACK
6
CONTINUOUS
10
0.0226181102362205
20
0.8858070866141732
11
0.0321756299212598
21
0.8858070866141732
0
LINE
8
BLACK
6
CONTINUOUS
10
0.0321756299212598
20
0.8858070866141732
11
0.0342357086614173
21
0.884953779527559
0
LINE
8
BLACK
6
CONTINUOUS
10
0.8799567322834645
20
0.7365251968503936
11
0.8765752755905512
21
0.7358525984251968
0
LINE
8
BLACK
6
CONTINUOUS
10
0.8765752755905512
20
0.7358525984251968
11
0.8765748818897637
21
0.7358524803149606
0
LINE
8
BLACK
6
CONTINUOUS
10
0.8765748818897637
20
0.7358524803149606
11
0.8721293307086614
21
0.7340111023622047
0
LINE
8
BLACK
6
CONTINUOUS
10
0.8721293307086614
20
0.7340111023622047
11
0.8681282677165354
21
0.7313376771653544
0
LINE
8
BLACK
6
CONTINUOUS
10
0.8681282677165354
20
0.7313376771653544
11
0.8647253149606299
21
0.7279347244094488
0
LINE
8
BLACK
6
CONTINUOUS
10
0.8647253149606299
20
0.7279347244094488
11
0.8620518897637796
21
0.7239336614173228
0
LINE
8
BLACK
6
CONTINUOUS
10
0.8620518897637796
20
0.7239336614173228
11
0.8602105118110236
21
0.7194881102362205
0
LINE
8
BLACK
6
CONTINUOUS
10
0.8602105118110236
20
0.7194881102362205
11
0.8602103937007873
21
0.7194877165354331
0
LINE
8
BLACK
6
CONTINUOUS
10
0.8602103937007873
20
0.7194877165354331
11
0.859271653543307
21
0.7147682283464567
0
LINE
8
BLACK
6
CONTINUOUS
10
0.859271653543307
20
0.7147682283464567
11
0.859271653543307
21
0.7099562204724409
0
LINE
8
BLACK
6
CONTINUOUS
10
0.859271653543307
20
0.7099562204724409
11
0.8602103937007873
21
0.7052367322834645
0
LINE
8
BLACK
6
CONTINUOUS
10
0.8602103937007873
20
0.7052367322834645
11
0.8602105118110236
21
0.7052363385826772
0
LINE
8
BLACK
6
CONTINUOUS
10
0.8602105118110236
20
0.7052363385826772
11
0.8620518897637796
21
0.7007907874015747
0
LINE
8
BLACK
6
CONTINUOUS
10
0.8620518897637796
20
0.7007907874015747
11
0.8636485039370079
21
0.6984012598425197
0
LINE
8
BLACK
6
CONTINUOUS
10
0.8636485039370079
20
0.6984012598425197
11
0.8647254330708661
21
0.6967895669291339
0
LINE
8
BLACK
6
CONTINUOUS
10
0.8647254330708661
20
0.6967895669291339
11
0.8681281496062991
21
0.6933868503937007
0
LINE
8
BLACK
6
CONTINUOUS
10
0.8681281496062991
20
0.6933868503937007
11
0.8721292519685039
21
0.6907133858267717
0
LINE
8
BLACK
6
CONTINUOUS
10
0.8721292519685039
20
0.6907133858267717
11
0.8765750787401575
21
0.6888718897637796
0
LINE
8
BLACK
6
CONTINUOUS
10
0.8765750787401575
20
0.6888718897637796
11
0.8812254330708661
21
0.6879468503937007
0
LINE
8
BLACK
6
CONTINUOUS
10
0.8812254330708661
20
0.6879468503937007
11
0.8816264173228346
21
0.687678937007874
0
LINE
8
BLACK
6
CONTINUOUS
10
0.8816264173228346
20
0.687678937007874
11
0.882104842519685
21
0.6876176377952756
0
LINE
8
BLACK
6
CONTINUOUS
10
0.882104842519685
20
0.6876176377952756
11
0.8827170866141733
21
0.6871495669291339
0
LINE
8
BLACK
6
CONTINUOUS
10
0.8827170866141733
20
0.6871495669291339
11
0.8920683858267716
21
0.6777982677165354
0
LINE
8
BLACK
6
CONTINUOUS
10
0.8920683858267716
20
0.6777982677165354
11
0.8929216929133859
21
0.6757381889763779
0
LINE
8
BLACK
6
CONTINUOUS
10
0.8929216929133859
20
0.6757381889763779
11
0.8929216929133859
21
0.6686598031496063
0
LINE
8
BLACK
6
CONTINUOUS
10
0.8929216929133859
20
0.6686598031496063
11
0.8920683858267716
21
0.6665997244094488
0
LINE
8
BLACK
6
CONTINUOUS
10
0.8920683858267716
20
0.6665997244094488
11
0.8900083070866142
21
0.6657464173228347
0
LINE
8
BLACK
6
CONTINUOUS
10
0.8900083070866142
20
0.6657464173228347
11
0.8879482677165355
21
0.6665997244094488
0
LINE
8
BLACK
6
CONTINUOUS
10
0.8879482677165355
20
0.6665997244094488
11
0.8875726377952756
21
0.6669753543307086
0
LINE
8
BLACK
6
CONTINUOUS
10
0.8875726377952756
20
0.6669753543307086
11
0.8875724803149606
21
0.6669754724409449
0
LINE
8
BLACK
6
CONTINUOUS
10
0.8875724803149606
20
0.6669754724409449
11
0.8875724015748031
21
0.6669755511811023
0
LINE
8
BLACK
6
CONTINUOUS
10
0.8875724015748031
20
0.6669755511811023
11
0.8851093307086614
21
0.6686213385826771
0
LINE
8
BLACK
6
CONTINUOUS
10
0.8851093307086614
20
0.6686213385826771
11
0.8839138582677165
21
0.6702896456692913
0
LINE
8
BLACK
6
CONTINUOUS
10
0.8839138582677165
20
0.6702896456692913
11
0.8837582677165354
21
0.6708702755905511
0
LINE
8
BLACK
6
CONTINUOUS
10
0.8837582677165354
20
0.6708702755905511
11
0.8837582283464567
21
0.6708704330708661
0
LINE
8
BLACK
6
CONTINUOUS
10
0.8837582283464567
20
0.6708704330708661
11
0.8822903543307087
21
0.6734128346456693
0
LINE
8
BLACK
6
CONTINUOUS
10
0.8822903543307087
20
0.6734128346456693
11
0.8820970866141732
21
0.6737475984251968
0
LINE
8
BLACK
6
CONTINUOUS
10
0.8820970866141732
20
0.6737475984251968
11
0.8820970472440944
21
0.6737476377952756
0
LINE
8
BLACK
6
CONTINUOUS
10
0.8820970472440944
20
0.6737476377952756
11
0.8820970078740157
21
0.6737477165354331
0
LINE
8
BLACK
6
CONTINUOUS
10
0.8820970078740157
20
0.6737477165354331
11
0.879747716535433
21
0.6760970078740157
0
LINE
8
BLACK
6
CONTINUOUS
10
0.879747716535433
20
0.6760970078740157
11
0.8797476771653543
21
0.6760970472440945
0
LINE
8
BLACK
6
CONTINUOUS
10
0.8797476771653543
20
0.6760970472440945
11
0.8796461811023621
21
0.6761985433070866
0
LINE
8
BLACK
6
CONTINUOUS
10
0.8796461811023621
20
0.6761985433070866
11
0.8796457480314961
21
0.676198937007874
0
LINE
8
BLACK
6
CONTINUOUS
10
0.8796457480314961
20
0.676198937007874
11
0.8740505511811023
21
0.6817941338582677
0
LINE
8
BLACK
6
CONTINUOUS
10
0.8740505511811023
20
0.6817941338582677
11
0.8740504724409449
21
0.681794251968504
0
LINE
8
BLACK
6
CONTINUOUS
10
0.8740504724409449
20
0.681794251968504
11
0.8738844094488188
21
0.6819603149606299
0
LINE
8
BLACK
6
CONTINUOUS
10
0.8738844094488188
20
0.6819603149606299
11
0.8715351181102362
21
0.6843096062992126
0
LINE
8
BLACK
6
CONTINUOUS
10
0.8715351181102362
20
0.6843096062992126
11
0.8715349999999999
21
0.6843096850393701
0
LINE
8
BLACK
6
CONTINUOUS
10
0.8715349999999999
20
0.6843096850393701
11
0.8715349606299212
21
0.6843097244094488
0
LINE
8
BLACK
6
CONTINUOUS
10
0.8715349606299212
20
0.6843097244094488
11
0.8686579921259843
21
0.685970748031496
0
LINE
8
BLACK
6
CONTINUOUS
10
0.8686579921259843
20
0.685970748031496
11
0.8686578346456693
21
0.6859708267716536
0
LINE
8
BLACK
6
CONTINUOUS
10
0.8686578346456693
20
0.6859708267716536
11
0.8673011811023622
21
0.6863343307086615
0
LINE
8
BLACK
6
CONTINUOUS
10
0.8673011811023622
20
0.6863343307086615
11
0.865448622047244
21
0.6868307086614173
0
LINE
8
BLACK
6
CONTINUOUS
10
0.865448622047244
20
0.6868307086614173
11
0.8654485826771653
21
0.6868307086614173
0
LINE
8
BLACK
6
CONTINUOUS
10
0.8654485826771653
20
0.6868307086614173
11
0.8238285039370079
21
0.6868307086614173
0
LINE
8
BLACK
6
CONTINUOUS
10
0.8238285039370079
20
0.6868307086614173
11
0.8217684251968503
21
0.6876840157480315
0
LINE
8
BLACK
6
CONTINUOUS
10
0.8217684251968503
20
0.6876840157480315
11
0.8212111811023621
21
0.6884644881889763
0
LINE
8
BLACK
6
CONTINUOUS
10
0.8212111811023621
20
0.6884644881889763
11
0.8210905511811023
21
0.6887112598425197
0
LINE
8
BLACK
6
CONTINUOUS
10
0.8210905511811023
20
0.6887112598425197
11
0.8176482677165354
21
0.6921535433070866
0
LINE
8
BLACK
6
CONTINUOUS
10
0.8176482677165354
20
0.6921535433070866
11
0.8173833464566929
21
0.6922830708661417
0
LINE
8
BLACK
6
CONTINUOUS
10
0.8173833464566929
20
0.6922830708661417
11
0.8159074015748031
21
0.6939544488188977
0
LINE
8
BLACK
6
CONTINUOUS
10
0.8159074015748031
20
0.6939544488188977
11
0.8160455905511811
21
0.6961799606299213
0
LINE
8
BLACK
6
CONTINUOUS
10
0.8160455905511811
20
0.6961799606299213
11
0.8175942125984251
21
0.6976106692913385
0
LINE
8
BLACK
6
CONTINUOUS
10
0.8175942125984251
20
0.6976106692913385
11
0.8197673622047243
21
0.6984676377952755
0
LINE
8
BLACK
6
CONTINUOUS
10
0.8197673622047243
20
0.6984676377952755
11
0.8245103937007874
21
0.7020644094488189
0
LINE
8
BLACK
6
CONTINUOUS
10
0.8245103937007874
20
0.7020644094488189
11
0.8281071653543307
21
0.7068074015748032
0
LINE
8
BLACK
6
CONTINUOUS
10
0.8281071653543307
20
0.7068074015748032
11
0.8302907480314961
21
0.7123447244094488
0
LINE
8
BLACK
6
CONTINUOUS
10
0.8302907480314961
20
0.7123447244094488
11
0.8304394094488189
21
0.7135826771653543
0
LINE
8
BLACK
6
CONTINUOUS
10
0.8304394094488189
20
0.7135826771653543
11
0.8133905118110236
21
0.7135826771653543
0
LINE
8
BLACK
6
CONTINUOUS
10
0.8133905118110236
20
0.7135826771653543
11
0.8132309448818897
21
0.7133438582677165
0
LINE
8
BLACK
6
CONTINUOUS
10
0.8132309448818897
20
0.7133438582677165
11
0.8113150787401575
21
0.7120637007874016
0
LINE
8
BLACK
6
CONTINUOUS
10
0.8113150787401575
20
0.7120637007874016
11
0.8090551181102362
21
0.7116141732283464
0
LINE
8
BLACK
6
CONTINUOUS
10
0.8090551181102362
20
0.7116141732283464
11
0.7539370078740157
21
0.7116141732283464
0
LINE
8
BLACK
6
CONTINUOUS
10
0.7539370078740157
20
0.7116141732283464
11
0.7516770472440945
21
0.7120637007874016
0
LINE
8
BLACK
6
CONTINUOUS
10
0.7516770472440945
20
0.7120637007874016
11
0.7497611811023622
21
0.7133438582677165
0
LINE
8
BLACK
6
CONTINUOUS
10
0.7497611811023622
20
0.7133438582677165
11
0.7496016141732283
21
0.7135826771653543
0
LINE
8
BLACK
6
CONTINUOUS
10
0.7496016141732283
20
0.7135826771653543
11
0.7325526771653543
21
0.7135826771653543
0
LINE
8
BLACK
6
CONTINUOUS
10
0.7325526771653543
20
0.7135826771653543
11
0.7327013385826772
21
0.7123447244094488
0
LINE
8
BLACK
6
CONTINUOUS
10
0.7327013385826772
20
0.7123447244094488
11
0.7348849212598425
21
0.7068074015748032
0
LINE
8
BLACK
6
CONTINUOUS
10
0.7348849212598425
20
0.7068074015748032
11
0.7384816929133858
21
0.7020644094488189
0
LINE
8
BLACK
6
CONTINUOUS
10
0.7384816929133858
20
0.7020644094488189
11
0.7432247244094488
21
0.6984676377952755
0
LINE
8
BLACK
6
CONTINUOUS
10
0.7432247244094488
20
0.6984676377952755
11
0.745397874015748
21
0.6976106692913385
0
LINE
8
BLACK
6
CONTINUOUS
10
0.745397874015748
20
0.6976106692913385
11
0.7470012992125984
21
0.6960611023622048
0
LINE
8
BLACK
6
CONTINUOUS
10
0.7470012992125984
20
0.6960611023622048
11
0.7470394094488189
21
0.6938316535433071
0
LINE
8
BLACK
6
CONTINUOUS
10
0.7470394094488189
20
0.6938316535433071
11
0.745608779527559
21
0.6922831102362205
0
LINE
8
BLACK
6
CONTINUOUS
10
0.745608779527559
20
0.6922831102362205
11
0.7453440157480314
21
0.6921537007874016
0
LINE
8
BLACK
6
CONTINUOUS
10
0.7453440157480314
20
0.6921537007874016
11
0.7453438582677165
21
0.6921535826771653
0
LINE
8
BLACK
6
CONTINUOUS
10
0.7453438582677165
20
0.6921535826771653
11
0.7419015748031496
21
0.6887112992125984
0
LINE
8
BLACK
6
CONTINUOUS
10
0.7419015748031496
20
0.6887112992125984
11
0.7397635039370078
21
0.6843377952755906
0
LINE
8
BLACK
6
CONTINUOUS
10
0.7397635039370078
20
0.6843377952755906
11
0.7393503937007874
21
0.6815025984251968
0
LINE
8
BLACK
6
CONTINUOUS
10
0.7393503937007874
20
0.6815025984251968
11
0.7393503937007874
21
0.6669231102362204
0
LINE
8
BLACK
6
CONTINUOUS
10
0.7393503937007874
20
0.6669231102362204
11
0.7393504330708661
21
0.6669226377952756
0
LINE
8
BLACK
6
CONTINUOUS
10
0.7393504330708661
20
0.6669226377952756
11
0.7397635039370078
21
0.6640874015748032
0
LINE
8
BLACK
6
CONTINUOUS
10
0.7397635039370078
20
0.6640874015748032
11
0.7419015354330708
21
0.6597139763779527
0
LINE
8
BLACK
6
CONTINUOUS
10
0.7419015354330708
20
0.6597139763779527
11
0.7419015748031496
21
0.659713937007874
0
LINE
8
BLACK
6
CONTINUOUS
10
0.7419015748031496
20
0.659713937007874
11
0.7453438582677165
21
0.6562716535433071
0
LINE
8
BLACK
6
CONTINUOUS
10
0.7453438582677165
20
0.6562716535433071
11
0.7497173622047244
21
0.6541335826771654
0
LINE
8
BLACK
6
CONTINUOUS
10
0.7497173622047244
20
0.6541335826771654
11
0.7525527165354331
21
0.6537204724409449
0
LINE
8
BLACK
6
CONTINUOUS
10
0.7525527165354331
20
0.6537204724409449
11
0.8104393700787401
21
0.6537205118110236
0
LINE
8
BLACK
6
CONTINUOUS
10
0.8104393700787401
20
0.6537205118110236
11
0.8132747637795276
21
0.6541335826771654
0
LINE
8
BLACK
6
CONTINUOUS
10
0.8132747637795276
20
0.6541335826771654
11
0.8176482677165354
21
0.6562716535433071
0
LINE
8
BLACK
6
CONTINUOUS
10
0.8176482677165354
20
0.6562716535433071
11
0.8210905511811023
21
0.659713937007874
0
LINE
8
BLACK
6
CONTINUOUS
10
0.8210905511811023
20
0.659713937007874
11
0.8212111417322835
21
0.6599606692913386
0
LINE
8
BLACK
6
CONTINUOUS
10
0.8212111417322835
20
0.6599606692913386
11
0.8228824409448818
21
0.6614366141732283
0
LINE
8
BLACK
6
CONTINUOUS
10
0.8228824409448818
20
0.6614366141732283
11
0.8238285039370079
21
0.6615944881889764
0
LINE
8
BLACK
6
CONTINUOUS
10
0.8238285039370079
20
0.6615944881889764
11
0.846828937007874
21
0.6615944881889764
0
LINE
8
BLACK
6
CONTINUOUS
10
0.846828937007874
20
0.6615944881889764
11
0.8488890157480314
21
0.6607411811023622
0
LINE
8
BLACK
6
CONTINUOUS
10
0.8488890157480314
20
0.6607411811023622
11
0.8497423228346457
21
0.6586811023622047
0
LINE
8
BLACK
6
CONTINUOUS
10
0.8497423228346457
20
0.6586811023622047
11
0.8495205511811024
21
0.657566220472441
0
LINE
8
BLACK
6
CONTINUOUS
10
0.8495205511811024
20
0.657566220472441
11
0.8485097244094488
21
0.655125905511811
0
LINE
8
BLACK
6
CONTINUOUS
10
0.8485097244094488
20
0.655125905511811
11
0.8485096062992126
21
0.6551255118110236
0
LINE
8
BLACK
6
CONTINUOUS
10
0.8485096062992126
20
0.6551255118110236
11
0.8478685039370079
21
0.6519024409448819
0
LINE
8
BLACK
6
CONTINUOUS
10
0.8478685039370079
20
0.6519024409448819
11
0.8475708661417323
21
0.650406062992126
0
LINE
8
BLACK
6
CONTINUOUS
10
0.8475708661417323
20
0.650406062992126
11
0.8475708661417323
21
0.645593937007874
0
LINE
8
BLACK
6
CONTINUOUS
10
0.8475708661417323
20
0.645593937007874
11
0.8475911417322834
21
0.6454920866141732
0
LINE
8
BLACK
6
CONTINUOUS
10
0.8475911417322834
20
0.6454920866141732
11
0.8485096062992126
21
0.6408745275590551
0
LINE
8
BLACK
6
CONTINUOUS
10
0.8485096062992126
20
0.6408745275590551
11
0.8485097244094488
21
0.6408741338582677
0
LINE
8
BLACK
6
CONTINUOUS
10
0.8485097244094488
20
0.6408741338582677
11
0.8503511023622047
21
0.6364285826771653
0
LINE
8
BLACK
6
CONTINUOUS
10
0.8503511023622047
20
0.6364285826771653
11
0.8527788976377952
21
0.6327951181102363
0
LINE
8
BLACK
6
CONTINUOUS
10
0.8527788976377952
20
0.6327951181102363
11
0.8530246456692914
21
0.6324273622047244
0
LINE
8
BLACK
6
CONTINUOUS
10
0.8530246456692914
20
0.6324273622047244
11
0.8564273622047244
21
0.6290246456692913
0
LINE
8
BLACK
6
CONTINUOUS
10
0.8564273622047244
20
0.6290246456692913
11
0.8604284645669291
21
0.6263511811023622
0
LINE
8
BLACK
6
CONTINUOUS
10
0.8604284645669291
20
0.6263511811023622
11
0.8604285039370079
21
0.6263511811023622
0
LINE
8
BLACK
6
CONTINUOUS
10
0.8604285039370079
20
0.6263511811023622
11
0.8604285433070866
21
0.6263511417322835
0
LINE
8
BLACK
6
CONTINUOUS
10
0.8604285433070866
20
0.6263511417322835
11
0.864874094488189
21
0.6245097637795275
0
LINE
8
BLACK
6
CONTINUOUS
10
0.864874094488189
20
0.6245097637795275
11
0.8648742913385826
21
0.6245096850393701
0
LINE
8
BLACK
6
CONTINUOUS
10
0.8648742913385826
20
0.6245096850393701
11
0.869593937007874
21
0.6235708661417323
0
LINE
8
BLACK
6
CONTINUOUS
10
0.869593937007874
20
0.6235708661417323
11
0.8695940157480315
21
0.6235708661417323
0
LINE
8
BLACK
6
CONTINUOUS
10
0.8695940157480315
20
0.6235708661417323
11
0.8744059842519685
21
0.6235708661417323
0
LINE
8
BLACK
6
CONTINUOUS
10
0.8744059842519685
20
0.6235708661417323
11
0.874406062992126
21
0.6235708661417323
0
LINE
8
BLACK
6
CONTINUOUS
10
0.874406062992126
20
0.6235708661417323
11
0.8791257086614173
21
0.6245096850393701
0
LINE
8
BLACK
6
CONTINUOUS
10
0.8791257086614173
20
0.6245096850393701
11
0.8835715354330709
21
0.6263511811023622
0
LINE
8
BLACK
6
CONTINUOUS
10
0.8835715354330709
20
0.6263511811023622
11
0.8875726377952756
21
0.6290246456692913
0
LINE
8
BLACK
6
CONTINUOUS
10
0.8875726377952756
20
0.6290246456692913
11
0.8879482677165355
21
0.6294003149606299
0
LINE
8
BLACK
6
CONTINUOUS
10
0.8879482677165355
20
0.6294003149606299
11
0.8900083070866142
21
0.6302535826771654
0
LINE
8
BLACK
6
CONTINUOUS
10
0.8900083070866142
20
0.6302535826771654
11
0.8920683858267716
21
0.6294002755905511
0
LINE
8
BLACK
6
CONTINUOUS
10
0.8920683858267716
20
0.6294002755905511
11
0.8929216929133859
21
0.6273401968503937
0
LINE
8
BLACK
6
CONTINUOUS
10
0.8929216929133859
20
0.6273401968503937
11
0.8929216929133859
21
0.5975129133858268
0
LINE
8
BLACK
6
CONTINUOUS
10
0.8929216929133859
20
0.5975129133858268
11
0.8920685039370079
21
0.5954529921259842
0
LINE
8
BLACK
6
CONTINUOUS
10
0.8920685039370079
20
0.5954529921259842
11
0.8917800393700788
21
0.5951644881889764
0
LINE
8
BLACK
6
CONTINUOUS
10
0.8917800393700788
20
0.5951644881889764
11
0.8897200393700787
21
0.5943110236220472
0
LINE
8
BLACK
6
CONTINUOUS
10
0.8897200393700787
20
0.5943110236220472
11
0.8171304330708661
21
0.5943110236220472
0
LINE
8
BLACK
6
CONTINUOUS
10
0.8171304330708661
20
0.5943110236220472
11
0.8158509055118111
21
0.5946070472440945
0
LINE
8
BLACK
6
CONTINUOUS
10
0.8158509055118111
20
0.5946070472440945
11
0.8132748425196851
21
0.5958664173228346
0
LINE
8
BLACK
6
CONTINUOUS
10
0.8132748425196851
20
0.5958664173228346
11
0.8113845275590551
21
0.5961418503937008
0
LINE
8
BLACK
6
CONTINUOUS
10
0.8113845275590551
20
0.5961418503937008
11
0.8104394094488189
21
0.5962795275590551
0
LINE
8
BLACK
6
CONTINUOUS
10
0.8104394094488189
20
0.5962795275590551
11
0.8104393700787401
21
0.5962795275590551
0
LINE
8
BLACK
6
CONTINUOUS
10
0.8104393700787401
20
0.5962795275590551
11
0.7525527559055117
21
0.5962795275590551
0
LINE
8
BLACK
6
CONTINUOUS
10
0.7525527559055117
20
0.5962795275590551
11
0.7497172834645669
21
0.5958664173228346
0
LINE
8
BLACK
6
CONTINUOUS
10
0.7497172834645669
20
0.5958664173228346
11
0.7453438582677165
21
0.5937283858267717
0
LINE
8
BLACK
6
CONTINUOUS
10
0.7453438582677165
20
0.5937283858267717
11
0.7419015748031496
21
0.5902861023622047
0
LINE
8
BLACK
6
CONTINUOUS
10
0.7419015748031496
20
0.5902861023622047
11
0.7397635039370078
21
0.5859125984251968
0
LINE
8
BLACK
6
CONTINUOUS
10
0.7397635039370078
20
0.5859125984251968
11
0.7393503937007874
21
0.5830774015748031
0
LINE
8
BLACK
6
CONTINUOUS
10
0.7393503937007874
20
0.5830774015748031
11
0.7393503937007874
21
0.5684979133858268
0
LINE
8
BLACK
6
CONTINUOUS
10
0.7393503937007874
20
0.5684979133858268
11
0.7393504330708661
21
0.5684974409448819
0
LINE
8
BLACK
6
CONTINUOUS
10
0.7393504330708661
20
0.5684974409448819
11
0.7397635039370078
21
0.5656622047244094
0
LINE
8
BLACK
6
CONTINUOUS
10
0.7397635039370078
20
0.5656622047244094
11
0.7419015354330708
21
0.5612887795275591
0
LINE
8
BLACK
6
CONTINUOUS
10
0.7419015354330708
20
0.5612887795275591
11
0.7419015748031496
21
0.5612887401574803
0
LINE
8
BLACK
6
CONTINUOUS
10
0.7419015748031496
20
0.5612887401574803
11
0.7453438582677165
21
0.5578464566929133
0
LINE
8
BLACK
6
CONTINUOUS
10
0.7453438582677165
20
0.5578464566929133
11
0.7497173622047244
21
0.5557083858267716
0
LINE
8
BLACK
6
CONTINUOUS
10
0.7497173622047244
20
0.5557083858267716
11
0.7525527165354331
21
0.5552952755905511
0
LINE
8
BLACK
6
CONTINUOUS
10
0.7525527165354331
20
0.5552952755905511
11
0.7600590551181102
21
0.5552953149606299
0
LINE
8
BLACK
6
CONTINUOUS
10
0.7600590551181102
20
0.5552953149606299
11
0.7621191338582677
21
0.5544420078740158
0
LINE
8
BLACK
6
CONTINUOUS
10
0.7621191338582677
20
0.5544420078740158
11
0.7629724409448819
21
0.5523819291338583
0
LINE
8
BLACK
6
CONTINUOUS
10
0.7629724409448819
20
0.5523819291338583
11
0.7629724409448819
21
0.401065157480315
0
LINE
8
BLACK
6
CONTINUOUS
10
0.7629724409448819
20
0.401065157480315
11
0.7642347244094488
21
0.3963542125984252
0
LINE
8
BLACK
6
CONTINUOUS
10
0.7642347244094488
20
0.3963542125984252
11
0.7666734645669291
21
0.3921301574803149
0
LINE
8
BLACK
6
CONTINUOUS
10
0.7666734645669291
20
0.3921301574803149
11
0.7702882283464567
21
0.3885153937007874
0
LINE
8
BLACK
6
CONTINUOUS
10
0.7702882283464567
20
0.3885153937007874
11
0.7702884645669291
21
0.3885151968503937
0
LINE
8
BLACK
6
CONTINUOUS
10
0.7702884645669291
20
0.3885151968503937
11
0.7965467322834645
21
0.3622569291338583
0
LINE
8
BLACK
6
CONTINUOUS
10
0.7965467322834645
20
0.3622569291338583
11
0.7974000393700788
21
0.3601968503937008
0
LINE
8
BLACK
6
CONTINUOUS
10
0.7974000393700788
20
0.3601968503937008
11
0.7965467322834645
21
0.3581367716535433
0
LINE
8
BLACK
6
CONTINUOUS
10
0.7965467322834645
20
0.3581367716535433
11
0.7944866535433071
21
0.3572834645669291
0
LINE
8
BLACK
6
CONTINUOUS
10
0.7944866535433071
20
0.3572834645669291
11
0.7913385826771653
21
0.3572834645669291
0
LINE
8
BLACK
6
CONTINUOUS
10
0.7913385826771653
20
0.3572834645669291
11
0.7913385826771653
21
0.3415354330708661
0
LINE
8
BLACK
6
CONTINUOUS
10
0.7913385826771653
20
0.3415354330708661
11
0.8090551181102362
21
0.3415354330708661
0
LINE
8
BLACK
6
CONTINUOUS
10
0.8090551181102362
20
0.3415354330708661
11
0.8113150787401575
21
0.341085905511811
0
LINE
8
BLACK
6
CONTINUOUS
10
0.8113150787401575
20
0.341085905511811
11
0.8132309448818897
21
0.339805748031496
0
LINE
8
BLACK
6
CONTINUOUS
10
0.8132309448818897
20
0.339805748031496
11
0.8145111023622047
21
0.3378898818897638
0
LINE
8
BLACK
6
CONTINUOUS
10
0.8145111023622047
20
0.3378898818897638
11
0.8149606299212598
21
0.3356299212598425
0
LINE
8
BLACK
6
CONTINUOUS
10
0.8149606299212598
20
0.3356299212598425
11
0.8149606299212598
21
0.3238188976377953
0
LINE
8
BLACK
6
CONTINUOUS
10
0.8149606299212598
20
0.3238188976377953
11
0.8145111023622047
21
0.321558937007874
0
LINE
8
BLACK
6
CONTINUOUS
10
0.8145111023622047
20
0.321558937007874
11
0.8132309448818897
21
0.3196430708661417
0
LINE
8
BLACK
6
CONTINUOUS
10
0.8132309448818897
20
0.3196430708661417
11
0.8113150787401575
21
0.3183629133858268
0
LINE
8
BLACK
6
CONTINUOUS
10
0.8113150787401575
20
0.3183629133858268
11
0.8090551181102362
21
0.3179133858267716
0
LINE
8
BLACK
6
CONTINUOUS
10
0.8090551181102362
20
0.3179133858267716
11
0.7539370078740157
21
0.3179133858267716
0
LINE
8
BLACK
6
CONTINUOUS
10
0.7539370078740157
20
0.3179133858267716
11
0.7516770472440945
21
0.3183629133858268
0
LINE
8
BLACK
6
CONTINUOUS
10
0.7516770472440945
20
0.3183629133858268
11
0.7497611811023622
21
0.3196430708661417
0
LINE
8
BLACK
6
CONTINUOUS
10
0.7497611811023622
20
0.3196430708661417
11
0.7496016141732283
21
0.3198818897637795
0
LINE
8
BLACK
6
CONTINUOUS
10
0.7496016141732283
20
0.3198818897637795
11
0.7325526771653543
21
0.3198818897637795
0
LINE
8
BLACK
6
CONTINUOUS
10
0.7325526771653543
20
0.3198818897637795
11
0.7327013385826772
21
0.318643937007874
0
LINE
8
BLACK
6
CONTINUOUS
10
0.7327013385826772
20
0.318643937007874
11
0.7348849212598425
21
0.3131066141732283
0
LINE
8
BLACK
6
CONTINUOUS
10
0.7348849212598425
20
0.3131066141732283
11
0.7384816929133858
21
0.3083636220472441
0
LINE
8
BLACK
6
CONTINUOUS
10
0.7384816929133858
20
0.3083636220472441
11
0.7432247244094488
21
0.3047668503937008
0
LINE
8
BLACK
6
CONTINUOUS
10
0.7432247244094488
20
0.3047668503937008
11
0.745397874015748
21
0.3039098818897638
0
LINE
8
BLACK
6
CONTINUOUS
10
0.745397874015748
20
0.3039098818897638
11
0.7470012992125984
21
0.3023603149606299
0
LINE
8
BLACK
6
CONTINUOUS
10
0.7470012992125984
20
0.3023603149606299
11
0.7470394094488189
21
0.3001308661417323
0
LINE
8
BLACK
6
CONTINUOUS
10
0.7470394094488189
20
0.3001308661417323
11
0.745608779527559
21
0.2985823228346456
0
LINE
8
BLACK
6
CONTINUOUS
10
0.745608779527559
20
0.2985823228346456
11
0.7453440157480314
21
0.2984529133858267
0
LINE
8
BLACK
6
CONTINUOUS
10
0.7453440157480314
20
0.2984529133858267
11
0.7453438582677165
21
0.2984527952755905
0
LINE
8
BLACK
6
CONTINUOUS
10
0.7453438582677165
20
0.2984527952755905
11
0.7419015748031496
21
0.2950105118110236
0
LINE
8
BLACK
6
CONTINUOUS
10
0.7419015748031496
20
0.2950105118110236
11
0.7397635039370078
21
0.2906370078740158
0
LINE
8
BLACK
6
CONTINUOUS
10
0.7397635039370078
20
0.2906370078740158
11
0.7393503937007874
21
0.2878018110236221
0
LINE
8
BLACK
6
CONTINUOUS
10
0.7393503937007874
20
0.2878018110236221
11
0.7393503937007874
21
0.2732223228346456
0
LINE
8
BLACK
6
CONTINUOUS
10
0.7393503937007874
20
0.2732223228346456
11
0.7393504330708661
21
0.2732218503937008
0
LINE
8
BLACK
6
CONTINUOUS
10
0.7393504330708661
20
0.2732218503937008
11
0.7397635039370078
21
0.2703866535433071
0
LINE
8
BLACK
6
CONTINUOUS
10
0.7397635039370078
20
0.2703866535433071
11
0.7419015748031496
21
0.2660131496062992
0
LINE
8
BLACK
6
CONTINUOUS
10
0.7419015748031496
20
0.2660131496062992
11
0.7453438582677165
21
0.2625708661417323
0
LINE
8
BLACK
6
CONTINUOUS
10
0.7453438582677165
20
0.2625708661417323
11
0.7497173622047244
21
0.2604327952755905
0
LINE
8
BLACK
6
CONTINUOUS
10
0.7497173622047244
20
0.2604327952755905
11
0.7525527165354331
21
0.2600196850393701
0
LINE
8
BLACK
6
CONTINUOUS
10
0.7525527165354331
20
0.2600196850393701
11
0.8104393700787401
21
0.2600197244094488
0
LINE
8
BLACK
6
CONTINUOUS
10
0.8104393700787401
20
0.2600197244094488
11
0.8132747637795276
21
0.2604327952755905
0
LINE
8
BLACK
6
CONTINUOUS
10
0.8132747637795276
20
0.2604327952755905
11
0.8176482677165354
21
0.2625708661417323
0
LINE
8
BLACK
6
CONTINUOUS
10
0.8176482677165354
20
0.2625708661417323
11
0.8210905511811023
21
0.2660131496062992
0
LINE
8
BLACK
6
CONTINUOUS
10
0.8210905511811023
20
0.2660131496062992
11
0.8212111417322835
21
0.2662598818897638
0
LINE
8
BLACK
6
CONTINUOUS
10
0.8212111417322835
20
0.2662598818897638
11
0.8228824409448818
21
0.2677358267716535
0
LINE
8
BLACK
6
CONTINUOUS
10
0.8228824409448818
20
0.2677358267716535
11
0.8238285039370079
21
0.2678937007874015
0
LINE
8
BLACK
6
CONTINUOUS
10
0.8238285039370079
20
0.2678937007874015
11
0.8473785039370079
21
0.2678937007874015
0
LINE
8
BLACK
6
CONTINUOUS
10
0.8473785039370079
20
0.2678937007874015
11
0.8494385826771653
21
0.2670403937007874
0
LINE
8
BLACK
6
CONTINUOUS
10
0.8494385826771653
20
0.2670403937007874
11
0.8502918897637796
21
0.2649803149606299
0
LINE
8
BLACK
6
CONTINUOUS
10
0.8502918897637796
20
0.2649803149606299
11
0.8500701181102363
21
0.2638654330708661
0
LINE
8
BLACK
6
CONTINUOUS
10
0.8500701181102363
20
0.2638654330708661
11
0.8485097244094488
21
0.2600983464566929
0
LINE
8
BLACK
6
CONTINUOUS
10
0.8485097244094488
20
0.2600983464566929
11
0.8485096062992126
21
0.2600979527559055
0
LINE
8
BLACK
6
CONTINUOUS
10
0.8485096062992126
20
0.2600979527559055
11
0.8475708661417323
21
0.2553784645669291
0
LINE
8
BLACK
6
CONTINUOUS
10
0.8475708661417323
20
0.2553784645669291
11
0.8475708661417323
21
0.2505664566929134
0
LINE
8
BLACK
6
CONTINUOUS
10
0.8475708661417323
20
0.2505664566929134
11
0.8485096062992126
21
0.245846968503937
0
LINE
8
BLACK
6
CONTINUOUS
10
0.8485096062992126
20
0.245846968503937
11
0.8485097244094488
21
0.2458465748031496
0
LINE
8
BLACK
6
CONTINUOUS
10
0.8485097244094488
20
0.2458465748031496
11
0.8503511023622047
21
0.2414010236220472
0
LINE
8
BLACK
6
CONTINUOUS
10
0.8503511023622047
20
0.2414010236220472
11
0.8522301968503937
21
0.2385887401574803
0
LINE
8
BLACK
6
CONTINUOUS
10
0.8522301968503937
20
0.2385887401574803
11
0.8530246456692914
21
0.2373998031496063
0
LINE
8
BLACK
6
CONTINUOUS
10
0.8530246456692914
20
0.2373998031496063
11
0.8564273622047244
21
0.2339970866141732
0
LINE
8
BLACK
6
CONTINUOUS
10
0.8564273622047244
20
0.2339970866141732
11
0.8604284645669291
21
0.2313236220472441
0
LINE
8
BLACK
6
CONTINUOUS
10
0.8604284645669291
20
0.2313236220472441
11
0.8648742913385826
21
0.229482125984252
0
LINE
8
BLACK
6
CONTINUOUS
10
0.8648742913385826
20
0.229482125984252
11
0.869593937007874
21
0.2285433070866142
0
LINE
8
BLACK
6
CONTINUOUS
10
0.869593937007874
20
0.2285433070866142
11
0.8695940157480315
21
0.2285433070866142
0
LINE
8
BLACK
6
CONTINUOUS
10
0.8695940157480315
20
0.2285433070866142
11
0.8744059842519685
21
0.2285433070866142
0
LINE
8
BLACK
6
CONTINUOUS
10
0.8744059842519685
20
0.2285433070866142
11
0.874406062992126
21
0.2285433070866142
0
LINE
8
BLACK
6
CONTINUOUS
10
0.874406062992126
20
0.2285433070866142
11
0.8791257086614173
21
0.229482125984252
0
LINE
8
BLACK
6
CONTINUOUS
10
0.8791257086614173
20
0.229482125984252
11
0.8835715354330709
21
0.2313236220472441
0
LINE
8
BLACK
6
CONTINUOUS
10
0.8835715354330709
20
0.2313236220472441
11
0.8869444094488189
21
0.2335773622047244
0
LINE
8
BLACK
6
CONTINUOUS
10
0.8869444094488189
20
0.2335773622047244
11
0.8891313779527559
21
0.2340123228346457
0
LINE
8
BLACK
6
CONTINUOUS
10
0.8891313779527559
20
0.2340123228346457
11
0.8909853937007873
21
0.2327735039370079
0
LINE
8
BLACK
6
CONTINUOUS
10
0.8909853937007873
20
0.2327735039370079
11
0.8914763779527559
21
0.2311549212598425
0
LINE
8
BLACK
6
CONTINUOUS
10
0.8914763779527559
20
0.2311549212598425
11
0.8914763779527559
21
0.2035236220472441
0
LINE
8
BLACK
6
CONTINUOUS
10
0.8914763779527559
20
0.2035236220472441
11
0.8906230708661417
21
0.2014635433070866
0
LINE
8
BLACK
6
CONTINUOUS
10
0.8906230708661417
20
0.2014635433070866
11
0.8885629921259842
21
0.2006102362204724
0
LINE
8
BLACK
6
CONTINUOUS
10
0.8885629921259842
20
0.2006102362204724
11
0.8171304330708661
21
0.2006102362204724
0
LINE
8
BLACK
6
CONTINUOUS
10
0.8171304330708661
20
0.2006102362204724
11
0.8158509055118111
21
0.2009062598425197
0
LINE
8
BLACK
6
CONTINUOUS
10
0.8158509055118111
20
0.2009062598425197
11
0.8132748425196851
21
0.2021656299212598
0
LINE
8
BLACK
6
CONTINUOUS
10
0.8132748425196851
20
0.2021656299212598
11
0.8113845275590551
21
0.202441062992126
0
LINE
8
BLACK
6
CONTINUOUS
10
0.8113845275590551
20
0.202441062992126
11
0.8104394094488189
21
0.2025787401574803
0
LINE
8
BLACK
6
CONTINUOUS
10
0.8104394094488189
20
0.2025787401574803
11
0.8104393700787401
21
0.2025787401574803
0
LINE
8
BLACK
6
CONTINUOUS
10
0.8104393700787401
20
0.2025787401574803
11
0.7525527559055117
21
0.2025787401574803
0
LINE
8
BLACK
6
CONTINUOUS
10
0.7525527559055117
20
0.2025787401574803
11
0.7497172834645669
21
0.2021656299212598
0
LINE
8
BLACK
6
CONTINUOUS
10
0.7497172834645669
20
0.2021656299212598
11
0.7471412598425197
21
0.2009062598425197
0
LINE
8
BLACK
6
CONTINUOUS
10
0.7471412598425197
20
0.2009062598425197
11
0.7458617322834645
21
0.2006102362204724
0
LINE
8
BLACK
6
CONTINUOUS
10
0.7458617322834645
20
0.2006102362204724
11
0.6667042913385827
21
0.2006102362204724
0
LINE
8
BLACK
6
CONTINUOUS
10
0.6667042913385827
20
0.2006102362204724
11
0.6667036614173228
21
0.2006102755905512
0
LINE
8
BLACK
6
CONTINUOUS
10
0.6667036614173228
20
0.2006102755905512
11
0.6665253149606299
21
0.2006102755905512
0
LINE
8
BLACK
6
CONTINUOUS
10
0.6665253149606299
20
0.2006102755905512
11
0.6616479527559055
21
0.2006102755905512
0
LINE
8
BLACK
6
CONTINUOUS
10
0.6616479527559055
20
0.2006102755905512
11
0.661647874015748
21
0.2006102755905512
0
LINE
8
BLACK
6
CONTINUOUS
10
0.661647874015748
20
0.2006102755905512
11
0.6569368503937008
21
0.1993479527559055
0
LINE
8
BLACK
6
CONTINUOUS
10
0.6569368503937008
20
0.1993479527559055
11
0.6527127952755906
21
0.1969092125984252
0
LINE
8
BLACK
6
CONTINUOUS
10
0.6527127952755906
20
0.1969092125984252
11
0.5610162992125984
21
0.1052126771653543
0
LINE
8
BLACK
6
CONTINUOUS
10
0.5610162992125984
20
0.1052126771653543
11
0.5595246062992126
21
0.1044153543307087
0
LINE
8
BLACK
6
CONTINUOUS
10
0.5595246062992126
20
0.1044153543307087
11
0.5548744881889763
21
0.1034903937007874
0
LINE
8
BLACK
6
CONTINUOUS
10
0.5548744881889763
20
0.1034903937007874
11
0.5548740944881889
21
0.1034902755905512
0
LINE
8
BLACK
6
CONTINUOUS
10
0.5548740944881889
20
0.1034902755905512
11
0.5504285433070866
21
0.1016488976377953
0
LINE
8
BLACK
6
CONTINUOUS
10
0.5504285433070866
20
0.1016488976377953
11
0.5464274803149606
21
0.0989754724409449
0
LINE
8
BLACK
6
CONTINUOUS
10
0.5464274803149606
20
0.0989754724409449
11
0.5430245275590551
21
0.0955725196850394
0
LINE
8
BLACK
6
CONTINUOUS
10
0.5430245275590551
20
0.0955725196850394
11
0.5403511023622047
21
0.0915714566929134
0
LINE
8
BLACK
6
CONTINUOUS
10
0.5403511023622047
20
0.0915714566929134
11
0.5385097244094488
21
0.087125905511811
0
LINE
8
BLACK
6
CONTINUOUS
10
0.5385097244094488
20
0.087125905511811
11
0.5385096062992126
21
0.0871255118110236
0
LINE
8
BLACK
6
CONTINUOUS
10
0.5385096062992126
20
0.0871255118110236
11
0.5378083858267716
21
0.083600157480315
0
LINE
8
BLACK
6
CONTINUOUS
10
0.5378083858267716
20
0.083600157480315
11
0.5375708661417322
21
0.082406062992126
0
LINE
8
BLACK
6
CONTINUOUS
10
0.5375708661417322
20
0.082406062992126
11
0.5375708661417322
21
0.077593937007874
0
LINE
8
BLACK
6
CONTINUOUS
10
0.5375708661417322
20
0.077593937007874
11
0.5378809448818898
21
0.076035
0
LINE
8
BLACK
6
CONTINUOUS
10
0.5378809448818898
20
0.076035
11
0.5385096062992126
21
0.0728745275590551
0
LINE
8
BLACK
6
CONTINUOUS
10
0.5385096062992126
20
0.0728745275590551
11
0.5385097244094488
21
0.0728741338582677
0
LINE
8
BLACK
6
CONTINUOUS
10
0.5385097244094488
20
0.0728741338582677
11
0.5403511023622047
21
0.0684285826771654
0
LINE
8
BLACK
6
CONTINUOUS
10
0.5403511023622047
20
0.0684285826771654
11
0.5421052362204725
21
0.0658033070866142
0
LINE
8
BLACK
6
CONTINUOUS
10
0.5421052362204725
20
0.0658033070866142
11
0.5430246456692913
21
0.0644273622047244
0
LINE
8
BLACK
6
CONTINUOUS
10
0.5430246456692913
20
0.0644273622047244
11
0.5464273622047244
21
0.0610246456692913
0
LINE
8
BLACK
6
CONTINUOUS
10
0.5464273622047244
20
0.0610246456692913
11
0.5504284645669292
21
0.0583511811023622
0
LINE
8
BLACK
6
CONTINUOUS
10
0.5504284645669292
20
0.0583511811023622
11
0.5548742913385827
21
0.0565096850393701
0
LINE
8
BLACK
6
CONTINUOUS
10
0.5548742913385827
20
0.0565096850393701
11
0.559593937007874
21
0.0555708661417323
0
LINE
8
BLACK
6
CONTINUOUS
10
0.559593937007874
20
0.0555708661417323
11
0.5595940157480315
21
0.0555708661417323
0
LINE
8
BLACK
6
CONTINUOUS
10
0.5595940157480315
20
0.0555708661417323
11
0.5644059842519685
21
0.0555708661417323
0
LINE
8
BLACK
6
CONTINUOUS
10
0.5644059842519685
20
0.0555708661417323
11
0.5644060629921259
21
0.0555708661417323
0
LINE
8
BLACK
6
CONTINUOUS
10
0.5644060629921259
20
0.0555708661417323
11
0.5691257086614173
21
0.0565096850393701
0
LINE
8
BLACK
6
CONTINUOUS
10
0.5691257086614173
20
0.0565096850393701
11
0.5735715354330708
21
0.0583511811023622
0
LINE
8
BLACK
6
CONTINUOUS
10
0.5735715354330708
20
0.0583511811023622
11
0.5775726377952756
21
0.0610246456692913
0
LINE
8
BLACK
6
CONTINUOUS
10
0.5775726377952756
20
0.0610246456692913
11
0.5809753543307087
21
0.0644273622047244
0
LINE
8
BLACK
6
CONTINUOUS
10
0.5809753543307087
20
0.0644273622047244
11
0.5836488188976378
21
0.0684284645669291
0
LINE
8
BLACK
6
CONTINUOUS
10
0.5836488188976378
20
0.0684284645669291
11
0.5854903149606299
21
0.0728742913385827
0
LINE
8
BLACK
6
CONTINUOUS
10
0.5854903149606299
20
0.0728742913385827
11
0.5864153543307087
21
0.0775247244094488
0
LINE
8
BLACK
6
CONTINUOUS
10
0.5864153543307087
20
0.0775247244094488
11
0.587212559055118
21
0.0790162598425197
0
LINE
8
BLACK
6
CONTINUOUS
10
0.587212559055118
20
0.0790162598425197
11
0.6050214566929134
21
0.096825157480315
0
LINE
8
BLACK
6
CONTINUOUS
10
0.6050214566929134
20
0.096825157480315
11
0.629875157480315
21
0.1216788188976378
0
LINE
8
BLACK
6
CONTINUOUS
10
0.629875157480315
20
0.1216788188976378
11
0.6709060236220472
21
0.1627096850393701
0
LINE
8
BLACK
6
CONTINUOUS
10
0.6709060236220472
20
0.1627096850393701
11
0.6729661023622047
21
0.1635629921259842
0
LINE
8
BLACK
6
CONTINUOUS
10
0.6729661023622047
20
0.1635629921259842
11
0.7458616929133858
21
0.1635629921259842
0
LINE
8
BLACK
6
CONTINUOUS
10
0.7458616929133858
20
0.1635629921259842
11
0.7471412204724409
21
0.163266968503937
0
LINE
8
BLACK
6
CONTINUOUS
10
0.7471412204724409
20
0.163266968503937
11
0.7497172440944881
21
0.1620076377952756
0
LINE
8
BLACK
6
CONTINUOUS
10
0.7497172440944881
20
0.1620076377952756
11
0.7497172834645669
21
0.1620076377952756
0
LINE
8
BLACK
6
CONTINUOUS
10
0.7497172834645669
20
0.1620076377952756
11
0.7497173622047244
21
0.1620075984251969
0
LINE
8
BLACK
6
CONTINUOUS
10
0.7497173622047244
20
0.1620075984251969
11
0.7525527165354331
21
0.1615944881889764
0
LINE
8
BLACK
6
CONTINUOUS
10
0.7525527165354331
20
0.1615944881889764
11
0.8104393700787401
21
0.1615945275590551
0
LINE
8
BLACK
6
CONTINUOUS
10
0.8104393700787401
20
0.1615945275590551
11
0.8132747637795276
21
0.1620075984251969
0
LINE
8
BLACK
6
CONTINUOUS
10
0.8132747637795276
20
0.1620075984251969
11
0.8158508661417323
21
0.163266968503937
0
LINE
8
BLACK
6
CONTINUOUS
10
0.8158508661417323
20
0.163266968503937
11
0.8171303937007873
21
0.1635629921259842
0
LINE
8
BLACK
6
CONTINUOUS
10
0.8171303937007873
20
0.1635629921259842
11
0.9071993307086614
21
0.1635629921259842
0
LINE
8
BLACK
6
CONTINUOUS
10
0.9071993307086614
20
0.1635629921259842
11
0.9071993307086614
21
0.163563031496063
0
LINE
8
BLACK
6
CONTINUOUS
10
0.9071993307086614
20
0.163563031496063
11
0.9119103937007874
21
0.1648253543307087
0
LINE
8
BLACK
6
CONTINUOUS
10
0.9119103937007874
20
0.1648253543307087
11
0.914501811023622
21
0.1663214960629921
0
LINE
8
BLACK
6
CONTINUOUS
10
0.914501811023622
20
0.1663214960629921
11
0.9161343307086613
21
0.1672640157480315
0
LINE
8
BLACK
6
CONTINUOUS
10
0.9161343307086613
20
0.1672640157480315
11
0.9195831496062992
21
0.1707128346456693
0
LINE
8
BLACK
6
CONTINUOUS
10
0.9195831496062992
20
0.1707128346456693
11
0.9195831496062992
21
0.170712874015748
0
LINE
8
BLACK
6
CONTINUOUS
10
0.9195831496062992
20
0.170712874015748
11
0.9199928346456693
21
0.1711225590551181
0
LINE
8
BLACK
6
CONTINUOUS
10
0.9199928346456693
20
0.1711225590551181
11
0.919992874015748
21
0.1711226771653543
0
LINE
8
BLACK
6
CONTINUOUS
10
0.919992874015748
20
0.1711226771653543
11
0.9222074015748031
21
0.1733372047244094
0
LINE
8
BLACK
6
CONTINUOUS
10
0.9222074015748031
20
0.1733372047244094
11
0.9235062598425197
21
0.175586811023622
0
LINE
8
BLACK
6
CONTINUOUS
10
0.9235062598425197
20
0.175586811023622
11
0.9261214566929133
21
0.1782020472440945
0
LINE
8
BLACK
6
CONTINUOUS
10
0.9261214566929133
20
0.1782020472440945
11
0.9272612598425196
21
0.1801762204724409
0
LINE
8
BLACK
6
CONTINUOUS
10
0.9272612598425196
20
0.1801762204724409
11
0.9285235826771653
21
0.1848872834645669
0
LINE
8
BLACK
6
CONTINUOUS
10
0.9285235826771653
20
0.1848872834645669
11
0.928523622047244
21
0.1848872834645669
0
LINE
8
BLACK
6
CONTINUOUS
10
0.928523622047244
20
0.1848872834645669
11
0.928523622047244
21
0.2771631889763779
0
LINE
8
BLACK
6
CONTINUOUS
10
0.928523622047244
20
0.2771631889763779
11
0.9285235826771653
21
0.2771632283464567
0
LINE
8
BLACK
6
CONTINUOUS
10
0.9285235826771653
20
0.2771632283464567
11
0.9272612992125984
21
0.2818741732283465
0
LINE
8
BLACK
6
CONTINUOUS
10
0.9272612992125984
20
0.2818741732283465
11
0.9248225590551181
21
0.2860982283464567
0
LINE
8
BLACK
6
CONTINUOUS
10
0.9248225590551181
20
0.2860982283464567
11
0.8802126377952756
21
0.3307081496062992
0
LINE
8
BLACK
6
CONTINUOUS
10
0.8802126377952756
20
0.3307081496062992
11
0.8794153149606299
21
0.3321998031496063
0
LINE
8
BLACK
6
CONTINUOUS
10
0.8794153149606299
20
0.3321998031496063
11
0.8784903149606299
21
0.3368501181102362
0
LINE
8
BLACK
6
CONTINUOUS
10
0.8784903149606299
20
0.3368501181102362
11
0.8773630708661417
21
0.3395715354330708
0
LINE
8
BLACK
6
CONTINUOUS
10
0.8773630708661417
20
0.3395715354330708
11
0.8766488582677165
21
0.3412958661417323
0
LINE
8
BLACK
6
CONTINUOUS
10
0.8766488582677165
20
0.3412958661417323
11
0.8764631496062992
21
0.3415737795275591
0
LINE
8
BLACK
6
CONTINUOUS
10
0.8764631496062992
20
0.3415737795275591
11
0.8739753543307086
21
0.3452970472440945
0
LINE
8
BLACK
6
CONTINUOUS
10
0.8739753543307086
20
0.3452970472440945
11
0.8705726377952756
21
0.3486997637795275
0
LINE
8
BLACK
6
CONTINUOUS
10
0.8705726377952756
20
0.3486997637795275
11
0.8703227952755905
21
0.3488666929133858
0
LINE
8
BLACK
6
CONTINUOUS
10
0.8703227952755905
20
0.3488666929133858
11
0.8665714173228346
21
0.3513733070866142
0
LINE
8
BLACK
6
CONTINUOUS
10
0.8665714173228346
20
0.3513733070866142
11
0.8621258661417323
21
0.3532146850393701
0
LINE
8
BLACK
6
CONTINUOUS
10
0.8621258661417323
20
0.3532146850393701
11
0.8621254724409448
21
0.3532148031496063
0
LINE
8
BLACK
6
CONTINUOUS
10
0.8621254724409448
20
0.3532148031496063
11
0.8578193700787401
21
0.3540713385826771
0
LINE
8
BLACK
6
CONTINUOUS
10
0.8578193700787401
20
0.3540713385826771
11
0.8563276771653543
21
0.3548686614173228
0
LINE
8
BLACK
6
CONTINUOUS
10
0.8563276771653543
20
0.3548686614173228
11
0.821064094488189
21
0.3901322440944882
0
LINE
8
BLACK
6
CONTINUOUS
10
0.821064094488189
20
0.3901322440944882
11
0.8008729921259843
21
0.4103233464566929
0
LINE
8
BLACK
6
CONTINUOUS
10
0.8008729921259843
20
0.4103233464566929
11
0.80001968503937
21
0.4123834251968504
0
LINE
8
BLACK
6
CONTINUOUS
10
0.80001968503937
20
0.4123834251968504
11
0.80001968503937
21
0.414985905511811
0
LINE
8
BLACK
6
CONTINUOUS
10
0.80001968503937
20
0.414985905511811
11
0.80001968503937
21
0.4905259448818898
0
LINE
8
BLACK
6
CONTINUOUS
10
0.80001968503937
20
0.4905259448818898
11
0.80001968503937
21
0.5153796062992125
0
LINE
8
BLACK
6
CONTINUOUS
10
0.80001968503937
20
0.5153796062992125
11
0.80001968503937
21
0.5523819291338583
0
LINE
8
BLACK
6
CONTINUOUS
10
0.80001968503937
20
0.5523819291338583
11
0.8008729921259843
21
0.5544420078740158
0
LINE
8
BLACK
6
CONTINUOUS
10
0.8008729921259843
20
0.5544420078740158
11
0.8029330708661417
21
0.5552953149606299
0
LINE
8
BLACK
6
CONTINUOUS
10
0.8029330708661417
20
0.5552953149606299
11
0.810439094488189
21
0.5552953149606299
0
LINE
8
BLACK
6
CONTINUOUS
10
0.810439094488189
20
0.5552953149606299
11
0.8104393700787401
21
0.5552953149606299
0
LINE
8
BLACK
6
CONTINUOUS
10
0.8104393700787401
20
0.5552953149606299
11
0.8132747637795276
21
0.5557083858267716
0
LINE
8
BLACK
6
CONTINUOUS
10
0.8132747637795276
20
0.5557083858267716
11
0.8158508661417323
21
0.5569677559055118
0
LINE
8
BLACK
6
CONTINUOUS
10
0.8158508661417323
20
0.5569677559055118
11
0.8171303937007873
21
0.557263779527559
0
LINE
8
BLACK
6
CONTINUOUS
10
0.8171303937007873
20
0.557263779527559
11
0.9010380708661417
21
0.557263779527559
0
LINE
8
BLACK
6
CONTINUOUS
10
0.9010380708661417
20
0.557263779527559
11
0.9010380708661417
21
0.5572638188976378
0
LINE
8
BLACK
6
CONTINUOUS
10
0.9010380708661417
20
0.5572638188976378
11
0.9057491338582677
21
0.5585261417322834
0
LINE
8
BLACK
6
CONTINUOUS
10
0.9057491338582677
20
0.5585261417322834
11
0.9064750393700787
21
0.5589452362204724
0
LINE
8
BLACK
6
CONTINUOUS
10
0.9064750393700787
20
0.5589452362204724
11
0.9099730708661418
21
0.5609648031496063
0
LINE
8
BLACK
6
CONTINUOUS
10
0.9099730708661418
20
0.5609648031496063
11
0.9134218897637795
21
0.5644136220472441
0
LINE
8
BLACK
6
CONTINUOUS
10
0.9134218897637795
20
0.5644136220472441
11
0.9134219291338582
21
0.5644137007874016
0
LINE
8
BLACK
6
CONTINUOUS
10
0.9134219291338582
20
0.5644137007874016
11
0.9262679133858267
21
0.5772596456692913
0
LINE
8
BLACK
6
CONTINUOUS
10
0.9262679133858267
20
0.5772596456692913
11
0.9287065748031496
21
0.5814835826771654
0
LINE
8
BLACK
6
CONTINUOUS
10
0.9287065748031496
20
0.5814835826771654
11
0.9287729921259842
21
0.5817313779527559
0
LINE
8
BLACK
6
CONTINUOUS
10
0.9287729921259842
20
0.5817313779527559
11
0.9291335826771653
21
0.5830772047244094
0
LINE
8
BLACK
6
CONTINUOUS
10
0.9291335826771653
20
0.5830772047244094
11
0.9299688976377952
21
0.5861946456692914
0
LINE
8
BLACK
6
CONTINUOUS
10
0.9299688976377952
20
0.5861946456692914
11
0.929968937007874
21
0.5861946456692914
0
LINE
8
BLACK
6
CONTINUOUS
10
0.929968937007874
20
0.5861946456692914
11
0.929968937007874
21
0.6870564566929134
0
LINE
8
BLACK
6
CONTINUOUS
10
0.929968937007874
20
0.6870564566929134
11
0.9299688976377952
21
0.6870564960629921
0
LINE
8
BLACK
6
CONTINUOUS
10
0.9299688976377952
20
0.6870564960629921
11
0.9287066141732283
21
0.6917674409448819
0
LINE
8
BLACK
6
CONTINUOUS
10
0.9287066141732283
20
0.6917674409448819
11
0.9284837007874015
21
0.6921535433070866
0
LINE
8
BLACK
6
CONTINUOUS
10
0.9284837007874015
20
0.6921535433070866
11
0.9262679133858267
21
0.6959914566929134
0
LINE
8
BLACK
6
CONTINUOUS
10
0.9262679133858267
20
0.6959914566929134
11
0.922819094488189
21
0.6994402755905512
0
LINE
8
BLACK
6
CONTINUOUS
10
0.922819094488189
20
0.6994402755905512
11
0.9227175590551181
21
0.699541811023622
0
LINE
8
BLACK
6
CONTINUOUS
10
0.9227175590551181
20
0.699541811023622
11
0.9227171259842519
21
0.6995422047244094
0
LINE
8
BLACK
6
CONTINUOUS
10
0.9227171259842519
20
0.6995422047244094
11
0.9089134251968504
21
0.713345905511811
0
LINE
8
BLACK
6
CONTINUOUS
10
0.9089134251968504
20
0.713345905511811
11
0.9081161417322834
21
0.7148375196850394
0
LINE
8
BLACK
6
CONTINUOUS
10
0.9081161417322834
20
0.7148375196850394
11
0.9071911023622047
21
0.7194879133858267
0
LINE
8
BLACK
6
CONTINUOUS
10
0.9071911023622047
20
0.7194879133858267
11
0.9053496062992126
21
0.7239337401574802
0
LINE
8
BLACK
6
CONTINUOUS
10
0.9053496062992126
20
0.7239337401574802
11
0.9026761417322835
21
0.727934842519685
0
LINE
8
BLACK
6
CONTINUOUS
10
0.9026761417322835
20
0.727934842519685
11
0.8992734251968504
21
0.7313375590551181
0
LINE
8
BLACK
6
CONTINUOUS
10
0.8992734251968504
20
0.7313375590551181
11
0.8952723228346456
21
0.7340110236220472
0
LINE
8
BLACK
6
CONTINUOUS
10
0.8952723228346456
20
0.7340110236220472
11
0.8952722834645669
21
0.7340110629921259
0
LINE
8
BLACK
6
CONTINUOUS
10
0.8952722834645669
20
0.7340110629921259
11
0.8952722047244094
21
0.7340111023622047
0
LINE
8
BLACK
6
CONTINUOUS
10
0.8952722047244094
20
0.7340111023622047
11
0.890826653543307
21
0.7358524803149606
0
LINE
8
BLACK
6
CONTINUOUS
10
0.890826653543307
20
0.7358524803149606
11
0.8908262598425196
21
0.7358525984251968
0
LINE
8
BLACK
6
CONTINUOUS
10
0.8908262598425196
20
0.7358525984251968
11
0.8876657874015748
21
0.7364812598425197
0
LINE
8
BLACK
6
CONTINUOUS
10
0.8876657874015748
20
0.7364812598425197
11
0.8861068503937007
21
0.7367913385826772
0
LINE
8
BLACK
6
CONTINUOUS
10
0.8861068503937007
20
0.7367913385826772
11
0.8812947244094488
21
0.7367913385826772
0
LINE
8
BLACK
6
CONTINUOUS
10
0.8812947244094488
20
0.7367913385826772
11
0.8799567322834645
21
0.7365251968503936
0
LINE
8
BLACK
6
CONTINUOUS
10
0.8385826771653543
20
0.096825157480315
11
0.8386968503937008
21
0.0953742913385827
0
LINE
8
BLACK
6
CONTINUOUS
10
0.8386968503937008
20
0.0953742913385827
11
0.8405007086614174
21
0.0891653937007874
0
LINE
8
BLACK
6
CONTINUOUS
10
0.8405007086614174
20
0.0891653937007874
11
0.8437920078740158
21
0.083600157480315
0
LINE
8
BLACK
6
CONTINUOUS
10
0.8437920078740158
20
0.083600157480315
11
0.8483638976377953
21
0.0790282677165354
0
LINE
8
BLACK
6
CONTINUOUS
10
0.8483638976377953
20
0.0790282677165354
11
0.8539291338582677
21
0.075736968503937
0
LINE
8
BLACK
6
CONTINUOUS
10
0.8539291338582677
20
0.075736968503937
11
0.8601381102362204
21
0.0739331102362205
0
LINE
8
BLACK
6
CONTINUOUS
10
0.8601381102362204
20
0.0739331102362205
11
0.8601379921259842
21
0.0739331102362205
0
LINE
8
BLACK
6
CONTINUOUS
10
0.8601379921259842
20
0.0739331102362205
11
0.861588937007874
21
0.0738188976377953
0
LINE
8
BLACK
6
CONTINUOUS
10
0.861588937007874
20
0.0738188976377953
11
0.8976377952755905
21
0.0738188976377953
0
LINE
8
BLACK
6
CONTINUOUS
10
0.8976377952755905
20
0.0738188976377953
11
0.8976377952755905
21
0.0895669291338583
0
LINE
8
BLACK
6
CONTINUOUS
10
0.8976377952755905
20
0.0895669291338583
11
0.8641732283464567
21
0.0895669291338583
0
LINE
8
BLACK
6
CONTINUOUS
10
0.8641732283464567
20
0.0895669291338583
11
0.860406653543307
21
0.0903161417322835
0
LINE
8
BLACK
6
CONTINUOUS
10
0.860406653543307
20
0.0903161417322835
11
0.8572135039370079
21
0.0924497244094488
0
LINE
8
BLACK
6
CONTINUOUS
10
0.8572135039370079
20
0.0924497244094488
11
0.8550799212598424
21
0.095642874015748
0
LINE
8
BLACK
6
CONTINUOUS
10
0.8550799212598424
20
0.095642874015748
11
0.8543307086614172
21
0.0994094488188976
0
LINE
8
BLACK
6
CONTINUOUS
10
0.8543307086614172
20
0.0994094488188976
11
0.8385826771653543
21
0.0994094488188976
0
LINE
8
BLACK
6
CONTINUOUS
10
0.8385826771653543
20
0.0994094488188976
11
0.8385826771653543
21
0.096825157480315
0
LINE
8
BLACK
6
CONTINUOUS
10
0.8601380314960629
20
0.1445708661417323
11
0.8539291338582677
21
0.1427670078740157
0
LINE
8
BLACK
6
CONTINUOUS
10
0.8539291338582677
20
0.1427670078740157
11
0.8483638976377953
21
0.1394757086614173
0
LINE
8
BLACK
6
CONTINUOUS
10
0.8483638976377953
20
0.1394757086614173
11
0.8437920078740158
21
0.1349038188976378
0
LINE
8
BLACK
6
CONTINUOUS
10
0.8437920078740158
20
0.1349038188976378
11
0.8405007086614174
21
0.1293385826771654
0
LINE
8
BLACK
6
CONTINUOUS
10
0.8405007086614174
20
0.1293385826771654
11
0.8386968503937008
21
0.1231296850393701
0
LINE
8
BLACK
6
CONTINUOUS
10
0.8386968503937008
20
0.1231296850393701
11
0.8385826771653543
21
0.1216788188976378
0
LINE
8
BLACK
6
CONTINUOUS
10
0.8385826771653543
20
0.1216788188976378
11
0.8385826771653543
21
0.1190944881889764
0
LINE
8
BLACK
6
CONTINUOUS
10
0.8385826771653543
20
0.1190944881889764
11
0.8543307086614172
21
0.1190944881889764
0
LINE
8
BLACK
6
CONTINUOUS
10
0.8543307086614172
20
0.1190944881889764
11
0.8550799212598424
21
0.122861062992126
0
LINE
8
BLACK
6
CONTINUOUS
10
0.8550799212598424
20
0.122861062992126
11
0.8572135039370079
21
0.1260542125984252
0
LINE
8
BLACK
6
CONTINUOUS
10
0.8572135039370079
20
0.1260542125984252
11
0.860406653543307
21
0.1281877952755905
0
LINE
8
BLACK
6
CONTINUOUS
10
0.860406653543307
20
0.1281877952755905
11
0.8641732283464567
21
0.1289370078740157
0
LINE
8
BLACK
6
CONTINUOUS
10
0.8641732283464567
20
0.1289370078740157
11
0.8976377952755905
21
0.1289370078740157
0
LINE
8
BLACK
6
CONTINUOUS
10
0.8976377952755905
20
0.1289370078740157
11
0.8976377952755905
21
0.1446850393700787
0
LINE
8
BLACK
6
CONTINUOUS
10
0.8976377952755905
20
0.1446850393700787
11
0.861588937007874
21
0.1446850393700787
0
LINE
8
BLACK
6
CONTINUOUS
10
0.861588937007874
20
0.1446850393700787
11
0.8601380314960629
21
0.1445708661417323
0
LINE
8
BLACK
6
CONTINUOUS
10
0.5228307480314961
20
0.7747535433070866
11
0.5194492913385826
21
0.7740809448818897
0
LINE
8
BLACK
6
CONTINUOUS
10
0.5194492913385826
20
0.7740809448818897
11
0.5194488976377952
21
0.7740808267716536
0
LINE
8
BLACK
6
CONTINUOUS
10
0.5194488976377952
20
0.7740808267716536
11
0.5150033464566929
21
0.7722394488188976
0
LINE
8
BLACK
6
CONTINUOUS
10
0.5150033464566929
20
0.7722394488188976
11
0.5110022834645669
21
0.7695660236220472
0
LINE
8
BLACK
6
CONTINUOUS
10
0.5110022834645669
20
0.7695660236220472
11
0.5075993307086614
21
0.7661630708661417
0
LINE
8
BLACK
6
CONTINUOUS
10
0.5075993307086614
20
0.7661630708661417
11
0.504925905511811
21
0.7621620078740158
0
LINE
8
BLACK
6
CONTINUOUS
10
0.504925905511811
20
0.7621620078740158
11
0.5030845275590551
21
0.7577164566929133
0
LINE
8
BLACK
6
CONTINUOUS
10
0.5030845275590551
20
0.7577164566929133
11
0.5030844094488189
21
0.757716062992126
0
LINE
8
BLACK
6
CONTINUOUS
10
0.5030844094488189
20
0.757716062992126
11
0.5021456692913385
21
0.7529965748031496
0
LINE
8
BLACK
6
CONTINUOUS
10
0.5021456692913385
20
0.7529965748031496
11
0.5021456692913385
21
0.7481845669291338
0
LINE
8
BLACK
6
CONTINUOUS
10
0.5021456692913385
20
0.7481845669291338
11
0.5030844094488189
21
0.7434650787401574
0
LINE
8
BLACK
6
CONTINUOUS
10
0.5030844094488189
20
0.7434650787401574
11
0.5030845275590551
21
0.74346468503937
0
LINE
8
BLACK
6
CONTINUOUS
10
0.5030845275590551
20
0.74346468503937
11
0.504925905511811
21
0.7390191338582677
0
LINE
8
BLACK
6
CONTINUOUS
10
0.504925905511811
20
0.7390191338582677
11
0.5049259448818898
21
0.7390190551181102
0
LINE
8
BLACK
6
CONTINUOUS
10
0.5049259448818898
20
0.7390190551181102
11
0.5049259842519684
21
0.7390190157480315
0
LINE
8
BLACK
6
CONTINUOUS
10
0.5049259842519684
20
0.7390190157480315
11
0.5075601968503937
21
0.7350766535433071
0
LINE
8
BLACK
6
CONTINUOUS
10
0.5075601968503937
20
0.7350766535433071
11
0.5080511811023622
21
0.7334581102362204
0
LINE
8
BLACK
6
CONTINUOUS
10
0.5080511811023622
20
0.7334581102362204
11
0.5080511811023622
21
0.7160826771653543
0
LINE
8
BLACK
6
CONTINUOUS
10
0.5080511811023622
20
0.7160826771653543
11
0.507197874015748
21
0.7140225984251969
0
LINE
8
BLACK
6
CONTINUOUS
10
0.507197874015748
20
0.7140225984251969
11
0.5051377952755906
21
0.7131692913385826
0
LINE
8
BLACK
6
CONTINUOUS
10
0.5051377952755906
20
0.7131692913385826
11
0.446167874015748
21
0.7131692913385826
0
LINE
8
BLACK
6
CONTINUOUS
10
0.446167874015748
20
0.7131692913385826
11
0.4414568897637795
21
0.7119070078740157
0
LINE
8
BLACK
6
CONTINUOUS
10
0.4414568897637795
20
0.7119070078740157
11
0.4414566929133858
21
0.7119069291338582
0
LINE
8
BLACK
6
CONTINUOUS
10
0.4414566929133858
20
0.7119069291338582
11
0.4372328346456693
21
0.7094682677165354
0
LINE
8
BLACK
6
CONTINUOUS
10
0.4372328346456693
20
0.7094682677165354
11
0.4011774015748031
21
0.6734128346456693
0
LINE
8
BLACK
6
CONTINUOUS
10
0.4011774015748031
20
0.6734128346456693
11
0.3987386614173228
21
0.6691887795275591
0
LINE
8
BLACK
6
CONTINUOUS
10
0.3987386614173228
20
0.6691887795275591
11
0.3974763779527559
21
0.6644778346456692
0
LINE
8
BLACK
6
CONTINUOUS
10
0.3974763779527559
20
0.6644778346456692
11
0.3974763779527559
21
0.6291324803149606
0
LINE
8
BLACK
6
CONTINUOUS
10
0.3974763779527559
20
0.6291324803149606
11
0.3969853937007874
21
0.6275138976377953
0
LINE
8
BLACK
6
CONTINUOUS
10
0.3969853937007874
20
0.6275138976377953
11
0.3943511023622047
21
0.6235714566929134
0
LINE
8
BLACK
6
CONTINUOUS
10
0.3943511023622047
20
0.6235714566929134
11
0.3925097244094488
21
0.619125905511811
0
LINE
8
BLACK
6
CONTINUOUS
10
0.3925097244094488
20
0.619125905511811
11
0.3925096062992126
21
0.6191255118110236
0
LINE
8
BLACK
6
CONTINUOUS
10
0.3925096062992126
20
0.6191255118110236
11
0.3918683858267716
21
0.6159017716535433
0
LINE
8
BLACK
6
CONTINUOUS
10
0.3918683858267716
20
0.6159017716535433
11
0.3915708661417323
21
0.614406062992126
0
LINE
8
BLACK
6
CONTINUOUS
10
0.3915708661417323
20
0.614406062992126
11
0.3915708661417323
21
0.609593937007874
0
LINE
8
BLACK
6
CONTINUOUS
10
0.3915708661417323
20
0.609593937007874
11
0.3917888976377953
21
0.6084979133858267
0
LINE
8
BLACK
6
CONTINUOUS
10
0.3917888976377953
20
0.6084979133858267
11
0.3925096062992126
21
0.6048745275590551
0
LINE
8
BLACK
6
CONTINUOUS
10
0.3925096062992126
20
0.6048745275590551
11
0.3925097244094488
21
0.6048741338582677
0
LINE
8
BLACK
6
CONTINUOUS
10
0.3925097244094488
20
0.6048741338582677
11
0.3943511023622047
21
0.6004285826771654
0
LINE
8
BLACK
6
CONTINUOUS
10
0.3943511023622047
20
0.6004285826771654
11
0.3943511417322835
21
0.6004285039370079
0
LINE
8
BLACK
6
CONTINUOUS
10
0.3943511417322835
20
0.6004285039370079
11
0.3943511811023622
21
0.6004284645669291
0
LINE
8
BLACK
6
CONTINUOUS
10
0.3943511811023622
20
0.6004284645669291
11
0.3970246456692914
21
0.5964273622047244
0
LINE
8
BLACK
6
CONTINUOUS
10
0.3970246456692914
20
0.5964273622047244
11
0.4004273622047244
21
0.5930246456692914
0
LINE
8
BLACK
6
CONTINUOUS
10
0.4004273622047244
20
0.5930246456692914
11
0.4044284645669291
21
0.5903511811023622
0
LINE
8
BLACK
6
CONTINUOUS
10
0.4044284645669291
20
0.5903511811023622
11
0.4044285039370079
21
0.5903511811023622
0
LINE
8
BLACK
6
CONTINUOUS
10
0.4044285039370079
20
0.5903511811023622
11
0.4044285433070866
21
0.5903511417322834
0
LINE
8
BLACK
6
CONTINUOUS
10
0.4044285433070866
20
0.5903511417322834
11
0.4045856692913386
21
0.5902860629921259
0
LINE
8
BLACK
6
CONTINUOUS
10
0.4045856692913386
20
0.5902860629921259
11
0.4088742913385827
21
0.5885096850393701
0
LINE
8
BLACK
6
CONTINUOUS
10
0.4088742913385827
20
0.5885096850393701
11
0.413593937007874
21
0.5875708661417323
0
LINE
8
BLACK
6
CONTINUOUS
10
0.413593937007874
20
0.5875708661417323
11
0.4135940157480315
21
0.5875708661417323
0
LINE
8
BLACK
6
CONTINUOUS
10
0.4135940157480315
20
0.5875708661417323
11
0.4184059448818898
21
0.5875708661417323
0
LINE
8
BLACK
6
CONTINUOUS
10
0.4184059448818898
20
0.5875708661417323
11
0.418406062992126
21
0.5875708661417323
0
LINE
8
BLACK
6
CONTINUOUS
10
0.418406062992126
20
0.5875708661417323
11
0.4203638582677166
21
0.5879603543307087
0
LINE
8
BLACK
6
CONTINUOUS
10
0.4203638582677166
20
0.5879603543307087
11
0.4225507086614173
21
0.5875253937007874
0
LINE
8
BLACK
6
CONTINUOUS
10
0.4225507086614173
20
0.5875253937007874
11
0.4229922834645669
21
0.587163031496063
0
LINE
8
BLACK
6
CONTINUOUS
10
0.4229922834645669
20
0.587163031496063
11
0.4511081496062992
21
0.5590471653543307
0
LINE
8
BLACK
6
CONTINUOUS
10
0.4511081496062992
20
0.5590471653543307
11
0.4511083464566929
21
0.5590469291338582
0
LINE
8
BLACK
6
CONTINUOUS
10
0.4511083464566929
20
0.5590469291338582
11
0.4512100393700788
21
0.5589452362204724
0
LINE
8
BLACK
6
CONTINUOUS
10
0.4512100393700788
20
0.5589452362204724
11
0.4512100787401574
21
0.5589451968503937
0
LINE
8
BLACK
6
CONTINUOUS
10
0.4512100787401574
20
0.5589451968503937
11
0.4535593700787401
21
0.556595905511811
0
LINE
8
BLACK
6
CONTINUOUS
10
0.4535593700787401
20
0.556595905511811
11
0.4535594488188976
21
0.5565958661417323
0
LINE
8
BLACK
6
CONTINUOUS
10
0.4535594488188976
20
0.5565958661417323
11
0.4535594881889763
21
0.5565958267716535
0
LINE
8
BLACK
6
CONTINUOUS
10
0.4535594881889763
20
0.5565958267716535
11
0.4552320078740157
21
0.5556301968503937
0
LINE
8
BLACK
6
CONTINUOUS
10
0.4552320078740157
20
0.5556301968503937
11
0.4564366535433071
21
0.55493468503937
0
LINE
8
BLACK
6
CONTINUOUS
10
0.4564366535433071
20
0.55493468503937
11
0.4596458661417323
21
0.5540748031496063
0
LINE
8
BLACK
6
CONTINUOUS
10
0.4596458661417323
20
0.5540748031496063
11
0.459645905511811
21
0.5540748031496063
0
LINE
8
BLACK
6
CONTINUOUS
10
0.459645905511811
20
0.5540748031496063
11
0.4629682677165354
21
0.5540748031496063
0
LINE
8
BLACK
6
CONTINUOUS
10
0.4629682677165354
20
0.5540748031496063
11
0.5675694881889763
21
0.5540748031496063
0
LINE
8
BLACK
6
CONTINUOUS
10
0.5675694881889763
20
0.5540748031496063
11
0.5696295669291338
21
0.5532214960629921
0
LINE
8
BLACK
6
CONTINUOUS
10
0.5696295669291338
20
0.5532214960629921
11
0.5702610236220472
21
0.5522764960629921
0
LINE
8
BLACK
6
CONTINUOUS
10
0.5702610236220472
20
0.5522764960629921
11
0.5707133858267717
21
0.5511843700787401
0
LINE
8
BLACK
6
CONTINUOUS
10
0.5707133858267717
20
0.5511843700787401
11
0.5733868503937007
21
0.5471832677165355
0
LINE
8
BLACK
6
CONTINUOUS
10
0.5733868503937007
20
0.5471832677165355
11
0.5767895669291339
21
0.5437805511811024
0
LINE
8
BLACK
6
CONTINUOUS
10
0.5767895669291339
20
0.5437805511811024
11
0.5807906692913386
21
0.5411070866141732
0
LINE
8
BLACK
6
CONTINUOUS
10
0.5807906692913386
20
0.5411070866141732
11
0.5807907086614174
21
0.5411070866141732
0
LINE
8
BLACK
6
CONTINUOUS
10
0.5807907086614174
20
0.5411070866141732
11
0.580790748031496
21
0.5411070472440945
0
LINE
8
BLACK
6
CONTINUOUS
10
0.580790748031496
20
0.5411070472440945
11
0.5852362992125985
21
0.5392656692913386
0
LINE
8
BLACK
6
CONTINUOUS
10
0.5852362992125985
20
0.5392656692913386
11
0.5852364960629921
21
0.5392655905511811
0
LINE
8
BLACK
6
CONTINUOUS
10
0.5852364960629921
20
0.5392655905511811
11
0.5899561417322835
21
0.5383267716535433
0
LINE
8
BLACK
6
CONTINUOUS
10
0.5899561417322835
20
0.5383267716535433
11
0.5899562204724409
21
0.5383267716535433
0
LINE
8
BLACK
6
CONTINUOUS
10
0.5899562204724409
20
0.5383267716535433
11
0.594768188976378
21
0.5383267716535433
0
LINE
8
BLACK
6
CONTINUOUS
10
0.594768188976378
20
0.5383267716535433
11
0.5947682677165355
21
0.5383267716535433
0
LINE
8
BLACK
6
CONTINUOUS
10
0.5947682677165355
20
0.5383267716535433
11
0.5994879133858267
21
0.5392655905511811
0
LINE
8
BLACK
6
CONTINUOUS
10
0.5994879133858267
20
0.5392655905511811
11
0.6039337401574802
21
0.5411070866141732
0
LINE
8
BLACK
6
CONTINUOUS
10
0.6039337401574802
20
0.5411070866141732
11
0.607934842519685
21
0.5437805511811024
0
LINE
8
BLACK
6
CONTINUOUS
10
0.607934842519685
20
0.5437805511811024
11
0.6113375590551181
21
0.5471832677165355
0
LINE
8
BLACK
6
CONTINUOUS
10
0.6113375590551181
20
0.5471832677165355
11
0.6140110236220472
21
0.5511843700787401
0
LINE
8
BLACK
6
CONTINUOUS
10
0.6140110236220472
20
0.5511843700787401
11
0.6158525196850394
21
0.5556301968503937
0
LINE
8
BLACK
6
CONTINUOUS
10
0.6158525196850394
20
0.5556301968503937
11
0.6167913385826772
21
0.560349842519685
0
LINE
8
BLACK
6
CONTINUOUS
10
0.6167913385826772
20
0.560349842519685
11
0.6167913385826772
21
0.565161968503937
0
LINE
8
BLACK
6
CONTINUOUS
10
0.6167913385826772
20
0.565161968503937
11
0.6158525196850394
21
0.5698816141732284
0
LINE
8
BLACK
6
CONTINUOUS
10
0.6158525196850394
20
0.5698816141732284
11
0.6140110236220472
21
0.5743274409448819
0
LINE
8
BLACK
6
CONTINUOUS
10
0.6140110236220472
20
0.5743274409448819
11
0.6113375590551181
21
0.5783285433070866
0
LINE
8
BLACK
6
CONTINUOUS
10
0.6113375590551181
20
0.5783285433070866
11
0.607934842519685
21
0.5817312598425197
0
LINE
8
BLACK
6
CONTINUOUS
10
0.607934842519685
20
0.5817312598425197
11
0.6059201968503937
21
0.5830774015748031
0
LINE
8
BLACK
6
CONTINUOUS
10
0.6059201968503937
20
0.5830774015748031
11
0.6039336220472441
21
0.5844048031496063
0
LINE
8
BLACK
6
CONTINUOUS
10
0.6039336220472441
20
0.5844048031496063
11
0.5994880708661418
21
0.5862461811023622
0
LINE
8
BLACK
6
CONTINUOUS
10
0.5994880708661418
20
0.5862461811023622
11
0.5994876771653543
21
0.5862462992125984
0
LINE
8
BLACK
6
CONTINUOUS
10
0.5994876771653543
20
0.5862462992125984
11
0.5963272047244095
21
0.5868749606299213
0
LINE
8
BLACK
6
CONTINUOUS
10
0.5963272047244095
20
0.5868749606299213
11
0.5947682677165355
21
0.5871850393700787
0
LINE
8
BLACK
6
CONTINUOUS
10
0.5947682677165355
20
0.5871850393700787
11
0.5899561417322835
21
0.5871850393700787
0
LINE
8
BLACK
6
CONTINUOUS
10
0.5899561417322835
20
0.5871850393700787
11
0.5886181496062992
21
0.5869188976377953
0
LINE
8
BLACK
6
CONTINUOUS
10
0.5886181496062992
20
0.5869188976377953
11
0.5852366929133858
21
0.5862462992125984
0
LINE
8
BLACK
6
CONTINUOUS
10
0.5852366929133858
20
0.5862462992125984
11
0.5852362992125985
21
0.5862461811023622
0
LINE
8
BLACK
6
CONTINUOUS
10
0.5852362992125985
20
0.5862461811023622
11
0.580790748031496
21
0.5844048031496063
0
LINE
8
BLACK
6
CONTINUOUS
10
0.580790748031496
20
0.5844048031496063
11
0.5767896850393701
21
0.5817313779527559
0
LINE
8
BLACK
6
CONTINUOUS
10
0.5767896850393701
20
0.5817313779527559
11
0.5752225984251969
21
0.5801642913385827
0
LINE
8
BLACK
6
CONTINUOUS
10
0.5752225984251969
20
0.5801642913385827
11
0.5731625590551181
21
0.5793110236220472
0
LINE
8
BLACK
6
CONTINUOUS
10
0.5731625590551181
20
0.5793110236220472
11
0.4677404330708662
21
0.5793110236220472
0
LINE
8
BLACK
6
CONTINUOUS
10
0.4677404330708662
20
0.5793110236220472
11
0.4656803543307086
21
0.5801643307086614
0
LINE
8
BLACK
6
CONTINUOUS
10
0.4656803543307086
20
0.5801643307086614
11
0.440836968503937
21
0.6050077165354331
0
LINE
8
BLACK
6
CONTINUOUS
10
0.440836968503937
20
0.6050077165354331
11
0.4399836614173228
21
0.6070677952755905
0
LINE
8
BLACK
6
CONTINUOUS
10
0.4399836614173228
20
0.6070677952755905
11
0.4400395669291339
21
0.6076356692913386
0
LINE
8
BLACK
6
CONTINUOUS
10
0.4400395669291339
20
0.6076356692913386
11
0.4404291338582677
21
0.609593937007874
0
LINE
8
BLACK
6
CONTINUOUS
10
0.4404291338582677
20
0.609593937007874
11
0.4404291338582677
21
0.614406062992126
0
LINE
8
BLACK
6
CONTINUOUS
10
0.4404291338582677
20
0.614406062992126
11
0.4394903149606299
21
0.6191257086614174
0
LINE
8
BLACK
6
CONTINUOUS
10
0.4394903149606299
20
0.6191257086614174
11
0.4376488188976378
21
0.6235715354330709
0
LINE
8
BLACK
6
CONTINUOUS
10
0.4376488188976378
20
0.6235715354330709
11
0.4351299212598425
21
0.6273413385826772
0
LINE
8
BLACK
6
CONTINUOUS
10
0.4351299212598425
20
0.6273413385826772
11
0.4350146062992126
21
0.6275138976377953
0
LINE
8
BLACK
6
CONTINUOUS
10
0.4350146062992126
20
0.6275138976377953
11
0.4345236220472441
21
0.6291324803149606
0
LINE
8
BLACK
6
CONTINUOUS
10
0.4345236220472441
20
0.6291324803149606
11
0.4345236220472441
21
0.6316603937007874
0
LINE
8
BLACK
6
CONTINUOUS
10
0.4345236220472441
20
0.6316603937007874
11
0.4353769291338583
21
0.6337204724409449
0
LINE
8
BLACK
6
CONTINUOUS
10
0.4353769291338583
20
0.6337204724409449
11
0.4374370078740157
21
0.634573779527559
0
LINE
8
BLACK
6
CONTINUOUS
10
0.4374370078740157
20
0.634573779527559
11
0.4394970078740157
21
0.6337205118110236
0
LINE
8
BLACK
6
CONTINUOUS
10
0.4394970078740157
20
0.6337205118110236
11
0.4404224015748031
21
0.6327951181102363
0
LINE
8
BLACK
6
CONTINUOUS
10
0.4404224015748031
20
0.6327951181102363
11
0.4444235039370079
21
0.6301216535433071
0
LINE
8
BLACK
6
CONTINUOUS
10
0.4444235039370079
20
0.6301216535433071
11
0.4444235433070866
21
0.6301216535433071
0
LINE
8
BLACK
6
CONTINUOUS
10
0.4444235433070866
20
0.6301216535433071
11
0.4444235826771654
21
0.6301216141732283
0
LINE
8
BLACK
6
CONTINUOUS
10
0.4444235826771654
20
0.6301216141732283
11
0.4470720472440945
21
0.6290246062992125
0
LINE
8
BLACK
6
CONTINUOUS
10
0.4470720472440945
20
0.6290246062992125
11
0.4488693307086614
21
0.628280157480315
0
LINE
8
BLACK
6
CONTINUOUS
10
0.4488693307086614
20
0.628280157480315
11
0.4535889763779528
21
0.6273413385826772
0
LINE
8
BLACK
6
CONTINUOUS
10
0.4535889763779528
20
0.6273413385826772
11
0.4535890551181102
21
0.6273413385826772
0
LINE
8
BLACK
6
CONTINUOUS
10
0.4535890551181102
20
0.6273413385826772
11
0.4584010236220472
21
0.6273413385826772
0
LINE
8
BLACK
6
CONTINUOUS
10
0.4584010236220472
20
0.6273413385826772
11
0.4584011023622047
21
0.6273413385826772
0
LINE
8
BLACK
6
CONTINUOUS
10
0.4584011023622047
20
0.6273413385826772
11
0.4591978346456693
21
0.627499842519685
0
LINE
8
BLACK
6
CONTINUOUS
10
0.4591978346456693
20
0.627499842519685
11
0.4613848031496063
21
0.627064842519685
0
LINE
8
BLACK
6
CONTINUOUS
10
0.4613848031496063
20
0.627064842519685
11
0.4618263385826771
21
0.6267025196850393
0
LINE
8
BLACK
6
CONTINUOUS
10
0.4618263385826771
20
0.6267025196850393
11
0.466880905511811
21
0.6216479527559055
0
LINE
8
BLACK
6
CONTINUOUS
10
0.466880905511811
20
0.6216479527559055
11
0.4694134645669291
21
0.6191153937007874
0
LINE
8
BLACK
6
CONTINUOUS
10
0.4694134645669291
20
0.6191153937007874
11
0.4725151968503937
21
0.6173246456692913
0
LINE
8
BLACK
6
CONTINUOUS
10
0.4725151968503937
20
0.6173246456692913
11
0.4759746062992126
21
0.6163976771653543
0
LINE
8
BLACK
6
CONTINUOUS
10
0.4759746062992126
20
0.6163976771653543
11
0.4759746456692913
21
0.6163976377952756
0
LINE
8
BLACK
6
CONTINUOUS
10
0.4759746456692913
20
0.6163976377952756
11
0.4759747244094488
21
0.6163976377952756
0
LINE
8
BLACK
6
CONTINUOUS
10
0.4759747244094488
20
0.6163976377952756
11
0.4795562992125984
21
0.6163976377952756
0
LINE
8
BLACK
6
CONTINUOUS
10
0.4795562992125984
20
0.6163976377952756
11
0.5251325196850394
21
0.6163976377952756
0
LINE
8
BLACK
6
CONTINUOUS
10
0.5251325196850394
20
0.6163976377952756
11
0.5271925984251968
21
0.6155443307086614
0
LINE
8
BLACK
6
CONTINUOUS
10
0.5271925984251968
20
0.6155443307086614
11
0.5279466141732283
21
0.6142384251968503
0
LINE
8
BLACK
6
CONTINUOUS
10
0.5279466141732283
20
0.6142384251968503
11
0.5280417322834645
21
0.6138834251968504
0
LINE
8
BLACK
6
CONTINUOUS
10
0.5280417322834645
20
0.6138834251968504
11
0.5280417716535433
21
0.6138833070866142
0
LINE
8
BLACK
6
CONTINUOUS
10
0.5280417716535433
20
0.6138833070866142
11
0.5289285039370079
21
0.6117425196850393
0
LINE
8
BLACK
6
CONTINUOUS
10
0.5289285039370079
20
0.6117425196850393
11
0.5289285433070866
21
0.6117424409448818
0
LINE
8
BLACK
6
CONTINUOUS
10
0.5289285433070866
20
0.6117424409448818
11
0.53152
21
0.6072538976377952
0
LINE
8
BLACK
6
CONTINUOUS
10
0.53152
20
0.6072538976377952
11
0.5315200787401575
21
0.6072538188976377
0
LINE
8
BLACK
6
CONTINUOUS
10
0.5315200787401575
20
0.6072538188976377
11
0.531520157480315
21
0.6072536614173228
0
LINE
8
BLACK
6
CONTINUOUS
10
0.531520157480315
20
0.6072536614173228
11
0.5329310236220473
21
0.6054149606299213
0
LINE
8
BLACK
6
CONTINUOUS
10
0.5329310236220473
20
0.6054149606299213
11
0.5365960629921259
21
0.6017499212598425
0
LINE
8
BLACK
6
CONTINUOUS
10
0.5365960629921259
20
0.6017499212598425
11
0.5384347637795276
21
0.6003390551181103
0
LINE
8
BLACK
6
CONTINUOUS
10
0.5384347637795276
20
0.6003390551181103
11
0.5384349212598425
21
0.6003389763779527
0
LINE
8
BLACK
6
CONTINUOUS
10
0.5384349212598425
20
0.6003389763779527
11
0.5384349606299212
21
0.600338937007874
0
LINE
8
BLACK
6
CONTINUOUS
10
0.5384349606299212
20
0.600338937007874
11
0.5390727559055118
21
0.5999707086614173
0
LINE
8
BLACK
6
CONTINUOUS
10
0.5390727559055118
20
0.5999707086614173
11
0.5429235039370078
21
0.5977474803149606
0
LINE
8
BLACK
6
CONTINUOUS
10
0.5429235039370078
20
0.5977474803149606
11
0.5450646456692914
21
0.5968605905511811
0
LINE
8
BLACK
6
CONTINUOUS
10
0.5450646456692914
20
0.5968605905511811
11
0.5500712204724409
21
0.5955190551181102
0
LINE
8
BLACK
6
CONTINUOUS
10
0.5500712204724409
20
0.5955190551181102
11
0.5500713385826772
21
0.5955190551181102
0
LINE
8
BLACK
6
CONTINUOUS
10
0.5500713385826772
20
0.5955190551181102
11
0.5500714566929134
21
0.5955190157480315
0
LINE
8
BLACK
6
CONTINUOUS
10
0.5500714566929134
20
0.5955190157480315
11
0.5510911023622047
21
0.5953848031496063
0
LINE
8
BLACK
6
CONTINUOUS
10
0.5510911023622047
20
0.5953848031496063
11
0.5523690551181102
21
0.5952165354330708
0
LINE
8
BLACK
6
CONTINUOUS
10
0.5523690551181102
20
0.5952165354330708
11
0.5523691338582677
21
0.5952165354330708
0
LINE
8
BLACK
6
CONTINUOUS
10
0.5523691338582677
20
0.5952165354330708
11
0.5772371653543307
21
0.5952165354330708
0
LINE
8
BLACK
6
CONTINUOUS
10
0.5772371653543307
20
0.5952165354330708
11
0.5772372440944882
21
0.5952165354330708
0
LINE
8
BLACK
6
CONTINUOUS
10
0.5772372440944882
20
0.5952165354330708
11
0.5790075196850394
21
0.5954496062992126
0
LINE
8
BLACK
6
CONTINUOUS
10
0.5790075196850394
20
0.5954496062992126
11
0.5795348031496063
21
0.5955190157480315
0
LINE
8
BLACK
6
CONTINUOUS
10
0.5795348031496063
20
0.5955190157480315
11
0.5795348031496063
21
0.5955190551181102
0
LINE
8
BLACK
6
CONTINUOUS
10
0.5795348031496063
20
0.5955190551181102
11
0.5795350787401574
21
0.5955190551181102
0
LINE
8
BLACK
6
CONTINUOUS
10
0.5795350787401574
20
0.5955190551181102
11
0.5845416535433071
21
0.5968605905511811
0
LINE
8
BLACK
6
CONTINUOUS
10
0.5845416535433071
20
0.5968605905511811
11
0.5866827952755905
21
0.5977474803149606
0
LINE
8
BLACK
6
CONTINUOUS
10
0.5866827952755905
20
0.5977474803149606
11
0.5911715354330709
21
0.6003390551181103
0
LINE
8
BLACK
6
CONTINUOUS
10
0.5911715354330709
20
0.6003390551181103
11
0.5930102362204724
21
0.6017499212598425
0
LINE
8
BLACK
6
CONTINUOUS
10
0.5930102362204724
20
0.6017499212598425
11
0.5966752755905511
21
0.6054149606299213
0
LINE
8
BLACK
6
CONTINUOUS
10
0.5966752755905511
20
0.6054149606299213
11
0.5980861417322835
21
0.6072536614173228
0
LINE
8
BLACK
6
CONTINUOUS
10
0.5980861417322835
20
0.6072536614173228
11
0.600677716535433
21
0.6117424015748031
0
LINE
8
BLACK
6
CONTINUOUS
10
0.600677716535433
20
0.6117424015748031
11
0.6015646062992126
21
0.6138835433070866
0
LINE
8
BLACK
6
CONTINUOUS
10
0.6015646062992126
20
0.6138835433070866
11
0.6029061417322834
21
0.6188901181102362
0
LINE
8
BLACK
6
CONTINUOUS
10
0.6029061417322834
20
0.6188901181102362
11
0.6029372047244095
21
0.619125905511811
0
LINE
8
BLACK
6
CONTINUOUS
10
0.6029372047244095
20
0.619125905511811
11
0.603098031496063
21
0.6203475984251968
0
LINE
8
BLACK
6
CONTINUOUS
10
0.603098031496063
20
0.6203475984251968
11
0.6032086614173228
21
0.6211879527559055
0
LINE
8
BLACK
6
CONTINUOUS
10
0.6032086614173228
20
0.6211879527559055
11
0.6032086614173228
21
0.6434645669291339
0
LINE
8
BLACK
6
CONTINUOUS
10
0.6032086614173228
20
0.6434645669291339
11
0.6027741338582677
21
0.6462079921259842
0
LINE
8
BLACK
6
CONTINUOUS
10
0.6027741338582677
20
0.6462079921259842
11
0.6018172440944882
21
0.6478653937007874
0
LINE
8
BLACK
6
CONTINUOUS
10
0.6018172440944882
20
0.6478653937007874
11
0.601526220472441
21
0.6500761417322835
0
LINE
8
BLACK
6
CONTINUOUS
10
0.601526220472441
20
0.6500761417322835
11
0.6015912992125985
21
0.6502867716535433
0
LINE
8
BLACK
6
CONTINUOUS
10
0.6015912992125985
20
0.6502867716535433
11
0.6017325590551181
21
0.6506894094488189
0
LINE
8
BLACK
6
CONTINUOUS
10
0.6017325590551181
20
0.6506894094488189
11
0.6024411417322835
21
0.6516646062992126
0
LINE
8
BLACK
6
CONTINUOUS
10
0.6024411417322835
20
0.6516646062992126
11
0.6030038582677165
21
0.6543120866141732
0
LINE
8
BLACK
6
CONTINUOUS
10
0.6030038582677165
20
0.6543120866141732
11
0.6030657086614173
21
0.6544883070866142
0
LINE
8
BLACK
6
CONTINUOUS
10
0.6030657086614173
20
0.6544883070866142
11
0.6036942125984252
21
0.6551903937007874
0
LINE
8
BLACK
6
CONTINUOUS
10
0.6036942125984252
20
0.6551903937007874
11
0.6042279527559055
21
0.655966968503937
0
LINE
8
BLACK
6
CONTINUOUS
10
0.6042279527559055
20
0.655966968503937
11
0.6044477559055118
21
0.656032125984252
0
LINE
8
BLACK
6
CONTINUOUS
10
0.6044477559055118
20
0.656032125984252
11
0.6045529921259842
21
0.6561496062992126
0
LINE
8
BLACK
6
CONTINUOUS
10
0.6045529921259842
20
0.6561496062992126
11
0.6049113385826772
21
0.6561694488188976
0
LINE
8
BLACK
6
CONTINUOUS
10
0.6049113385826772
20
0.6561694488188976
11
0.6058147244094488
21
0.6564370078740157
0
LINE
8
BLACK
6
CONTINUOUS
10
0.6058147244094488
20
0.6564370078740157
11
0.6326953149606299
21
0.6564370078740157
0
LINE
8
BLACK
6
CONTINUOUS
10
0.6326953149606299
20
0.6564370078740157
11
0.6347553937007874
21
0.6555837007874016
0
LINE
8
BLACK
6
CONTINUOUS
10
0.6347553937007874
20
0.6555837007874016
11
0.6506230708661417
21
0.6397160236220473
0
LINE
8
BLACK
6
CONTINUOUS
10
0.6506230708661417
20
0.6397160236220473
11
0.6514763779527559
21
0.6376559448818897
0
LINE
8
BLACK
6
CONTINUOUS
10
0.6514763779527559
20
0.6376559448818897
11
0.6514763779527559
21
0.6270044094488189
0
LINE
8
BLACK
6
CONTINUOUS
10
0.6514763779527559
20
0.6270044094488189
11
0.6506230708661417
21
0.6249443307086614
0
LINE
8
BLACK
6
CONTINUOUS
10
0.6506230708661417
20
0.6249443307086614
11
0.6485629921259842
21
0.6240910236220473
0
LINE
8
BLACK
6
CONTINUOUS
10
0.6485629921259842
20
0.6240910236220473
11
0.6474481102362205
21
0.6243127559055118
0
LINE
8
BLACK
6
CONTINUOUS
10
0.6474481102362205
20
0.6243127559055118
11
0.6468204724409449
21
0.6245727559055118
0
LINE
8
BLACK
6
CONTINUOUS
10
0.6468204724409449
20
0.6245727559055118
11
0.6436955511811023
21
0.6258670866141732
0
LINE
8
BLACK
6
CONTINUOUS
10
0.6436955511811023
20
0.6258670866141732
11
0.6436953543307087
21
0.625867125984252
0
LINE
8
BLACK
6
CONTINUOUS
10
0.6436953543307087
20
0.625867125984252
11
0.6436953149606299
21
0.6258671653543307
0
LINE
8
BLACK
6
CONTINUOUS
10
0.6436953149606299
20
0.6258671653543307
11
0.6405348425196851
21
0.6264958267716535
0
LINE
8
BLACK
6
CONTINUOUS
10
0.6405348425196851
20
0.6264958267716535
11
0.638975905511811
21
0.626805905511811
0
LINE
8
BLACK
6
CONTINUOUS
10
0.638975905511811
20
0.626805905511811
11
0.6341637795275591
21
0.626805905511811
0
LINE
8
BLACK
6
CONTINUOUS
10
0.6341637795275591
20
0.626805905511811
11
0.6328257874015748
21
0.6265397637795276
0
LINE
8
BLACK
6
CONTINUOUS
10
0.6328257874015748
20
0.6265397637795276
11
0.6294443307086613
21
0.6258671653543307
0
LINE
8
BLACK
6
CONTINUOUS
10
0.6294443307086613
20
0.6258671653543307
11
0.629443937007874
21
0.6258670472440945
0
LINE
8
BLACK
6
CONTINUOUS
10
0.629443937007874
20
0.6258670472440945
11
0.6249983858267716
21
0.6240256692913385
0
LINE
8
BLACK
6
CONTINUOUS
10
0.6249983858267716
20
0.6240256692913385
11
0.6209973228346457
21
0.6213522440944882
0
LINE
8
BLACK
6
CONTINUOUS
10
0.6209973228346457
20
0.6213522440944882
11
0.6175943700787402
21
0.6179492913385827
0
LINE
8
BLACK
6
CONTINUOUS
10
0.6175943700787402
20
0.6179492913385827
11
0.6149209448818898
21
0.6139482283464567
0
LINE
8
BLACK
6
CONTINUOUS
10
0.6149209448818898
20
0.6139482283464567
11
0.6130795669291338
21
0.6095026771653543
0
LINE
8
BLACK
6
CONTINUOUS
10
0.6130795669291338
20
0.6095026771653543
11
0.6130794488188976
21
0.6095022834645669
0
LINE
8
BLACK
6
CONTINUOUS
10
0.6130794488188976
20
0.6095022834645669
11
0.6121407086614173
21
0.6047827952755905
0
LINE
8
BLACK
6
CONTINUOUS
10
0.6121407086614173
20
0.6047827952755905
11
0.6121407086614173
21
0.5999707874015748
0
LINE
8
BLACK
6
CONTINUOUS
10
0.6121407086614173
20
0.5999707874015748
11
0.6130794488188976
21
0.5952512992125985
0
LINE
8
BLACK
6
CONTINUOUS
10
0.6130794488188976
20
0.5952512992125985
11
0.6130795669291338
21
0.595250905511811
0
LINE
8
BLACK
6
CONTINUOUS
10
0.6130795669291338
20
0.595250905511811
11
0.6149209448818898
21
0.5908053543307087
0
LINE
8
BLACK
6
CONTINUOUS
10
0.6149209448818898
20
0.5908053543307087
11
0.6149209842519685
21
0.5908052755905512
0
LINE
8
BLACK
6
CONTINUOUS
10
0.6149209842519685
20
0.5908052755905512
11
0.6149210236220473
21
0.5908052362204724
0
LINE
8
BLACK
6
CONTINUOUS
10
0.6149210236220473
20
0.5908052362204724
11
0.6175944881889763
21
0.5868041338582677
0
LINE
8
BLACK
6
CONTINUOUS
10
0.6175944881889763
20
0.5868041338582677
11
0.6209972047244094
21
0.5834014173228347
0
LINE
8
BLACK
6
CONTINUOUS
10
0.6209972047244094
20
0.5834014173228347
11
0.6249983070866142
21
0.5807279527559055
0
LINE
8
BLACK
6
CONTINUOUS
10
0.6249983070866142
20
0.5807279527559055
11
0.6249983464566929
21
0.5807279527559055
0
LINE
8
BLACK
6
CONTINUOUS
10
0.6249983464566929
20
0.5807279527559055
11
0.6249983858267716
21
0.5807279133858267
0
LINE
8
BLACK
6
CONTINUOUS
10
0.6249983858267716
20
0.5807279133858267
11
0.6284191338582678
21
0.5793110236220472
0
LINE
8
BLACK
6
CONTINUOUS
10
0.6284191338582678
20
0.5793110236220472
11
0.6294441338582677
21
0.5788864566929134
0
LINE
8
BLACK
6
CONTINUOUS
10
0.6294441338582677
20
0.5788864566929134
11
0.6314337007874016
21
0.5784907086614173
0
LINE
8
BLACK
6
CONTINUOUS
10
0.6314337007874016
20
0.5784907086614173
11
0.633287716535433
21
0.5772519291338583
0
LINE
8
BLACK
6
CONTINUOUS
10
0.633287716535433
20
0.5772519291338583
11
0.6337787401574803
21
0.5756333070866142
0
LINE
8
BLACK
6
CONTINUOUS
10
0.6337787401574803
20
0.5756333070866142
11
0.6337787401574803
21
0.3532977559055118
0
LINE
8
BLACK
6
CONTINUOUS
10
0.6337787401574803
20
0.3532977559055118
11
0.6329254330708661
21
0.3512376771653543
0
LINE
8
BLACK
6
CONTINUOUS
10
0.6329254330708661
20
0.3512376771653543
11
0.6305912992125984
21
0.3489035826771654
0
LINE
8
BLACK
6
CONTINUOUS
10
0.6305912992125984
20
0.3489035826771654
11
0.6288005511811023
21
0.3458018503937008
0
LINE
8
BLACK
6
CONTINUOUS
10
0.6288005511811023
20
0.3458018503937008
11
0.6278735826771653
21
0.3423424409448819
0
LINE
8
BLACK
6
CONTINUOUS
10
0.6278735826771653
20
0.3423424409448819
11
0.6278735826771653
21
0.2977755905511811
0
LINE
8
BLACK
6
CONTINUOUS
10
0.6278735826771653
20
0.2977755905511811
11
0.6270202755905512
21
0.2957155118110236
0
LINE
8
BLACK
6
CONTINUOUS
10
0.6270202755905512
20
0.2957155118110236
11
0.6249601968503937
21
0.2948622047244094
0
LINE
8
BLACK
6
CONTINUOUS
10
0.6249601968503937
20
0.2948622047244094
11
0.601456062992126
21
0.2948622047244094
0
LINE
8
BLACK
6
CONTINUOUS
10
0.601456062992126
20
0.2948622047244094
11
0.5993959842519685
21
0.2957155118110236
0
LINE
8
BLACK
6
CONTINUOUS
10
0.5993959842519685
20
0.2957155118110236
11
0.5989329921259843
21
0.296318937007874
0
LINE
8
BLACK
6
CONTINUOUS
10
0.5989329921259843
20
0.296318937007874
11
0.5980863779527559
21
0.2977853543307086
0
LINE
8
BLACK
6
CONTINUOUS
10
0.5980863779527559
20
0.2977853543307086
11
0.5980863385826771
21
0.2977854330708661
0
LINE
8
BLACK
6
CONTINUOUS
10
0.5980863385826771
20
0.2977854330708661
11
0.5980861417322835
21
0.2977857086614173
0
LINE
8
BLACK
6
CONTINUOUS
10
0.5980861417322835
20
0.2977857086614173
11
0.5966752755905511
21
0.2996244094488189
0
LINE
8
BLACK
6
CONTINUOUS
10
0.5966752755905511
20
0.2996244094488189
11
0.5930102362204724
21
0.3032894488188976
0
LINE
8
BLACK
6
CONTINUOUS
10
0.5930102362204724
20
0.3032894488188976
11
0.5911715354330709
21
0.3047003149606299
0
LINE
8
BLACK
6
CONTINUOUS
10
0.5911715354330709
20
0.3047003149606299
11
0.5911713779527559
21
0.3047003937007874
0
LINE
8
BLACK
6
CONTINUOUS
10
0.5911713779527559
20
0.3047003937007874
11
0.5911712992125984
21
0.3047004724409449
0
LINE
8
BLACK
6
CONTINUOUS
10
0.5911712992125984
20
0.3047004724409449
11
0.5866827559055118
21
0.3072919291338583
0
LINE
8
BLACK
6
CONTINUOUS
10
0.5866827559055118
20
0.3072919291338583
11
0.5866826771653543
21
0.307291968503937
0
LINE
8
BLACK
6
CONTINUOUS
10
0.5866826771653543
20
0.307291968503937
11
0.5845418897637795
21
0.3081787007874016
0
LINE
8
BLACK
6
CONTINUOUS
10
0.5845418897637795
20
0.3081787007874016
11
0.5845413779527558
21
0.3081788582677165
0
LINE
8
BLACK
6
CONTINUOUS
10
0.5845413779527558
20
0.3081788582677165
11
0.5795351574803149
21
0.3095203149606299
0
LINE
8
BLACK
6
CONTINUOUS
10
0.5795351574803149
20
0.3095203149606299
11
0.5795348031496063
21
0.3095203937007874
0
LINE
8
BLACK
6
CONTINUOUS
10
0.5795348031496063
20
0.3095203937007874
11
0.577688031496063
21
0.3097635039370079
0
LINE
8
BLACK
6
CONTINUOUS
10
0.577688031496063
20
0.3097635039370079
11
0.5772372440944882
21
0.3098228346456693
0
LINE
8
BLACK
6
CONTINUOUS
10
0.5772372440944882
20
0.3098228346456693
11
0.5772371653543307
21
0.3098228346456693
0
LINE
8
BLACK
6
CONTINUOUS
10
0.5772371653543307
20
0.3098228346456693
11
0.5646856299212598
21
0.3098228346456693
0
LINE
8
BLACK
6
CONTINUOUS
10
0.5646856299212598
20
0.3098228346456693
11
0.5626255511811024
21
0.3106761417322835
0
LINE
8
BLACK
6
CONTINUOUS
10
0.5626255511811024
20
0.3106761417322835
11
0.5617722440944882
21
0.3127362204724409
0
LINE
8
BLACK
6
CONTINUOUS
10
0.5617722440944882
20
0.3127362204724409
11
0.5622632283464567
21
0.3143548031496063
0
LINE
8
BLACK
6
CONTINUOUS
10
0.5622632283464567
20
0.3143548031496063
11
0.5636488188976377
21
0.3164284645669291
0
LINE
8
BLACK
6
CONTINUOUS
10
0.5636488188976377
20
0.3164284645669291
11
0.56549031496063
21
0.3208742913385827
0
LINE
8
BLACK
6
CONTINUOUS
10
0.56549031496063
20
0.3208742913385827
11
0.5664291338582677
21
0.325593937007874
0
LINE
8
BLACK
6
CONTINUOUS
10
0.5664291338582677
20
0.325593937007874
11
0.5664291338582677
21
0.330406062992126
0
LINE
8
BLACK
6
CONTINUOUS
10
0.5664291338582677
20
0.330406062992126
11
0.56549031496063
21
0.3351257086614173
0
LINE
8
BLACK
6
CONTINUOUS
10
0.56549031496063
20
0.3351257086614173
11
0.5637468897637795
21
0.3393347637795275
0
LINE
8
BLACK
6
CONTINUOUS
10
0.5637468897637795
20
0.3393347637795275
11
0.5636488582677165
21
0.3395714566929134
0
LINE
8
BLACK
6
CONTINUOUS
10
0.5636488582677165
20
0.3395714566929134
11
0.5629494881889764
21
0.3406181102362205
0
LINE
8
BLACK
6
CONTINUOUS
10
0.5629494881889764
20
0.3406181102362205
11
0.5609753543307087
21
0.3435726377952756
0
LINE
8
BLACK
6
CONTINUOUS
10
0.5609753543307087
20
0.3435726377952756
11
0.5575726377952755
21
0.3469753543307086
0
LINE
8
BLACK
6
CONTINUOUS
10
0.5575726377952755
20
0.3469753543307086
11
0.5574989763779528
21
0.3470245669291339
0
LINE
8
BLACK
6
CONTINUOUS
10
0.5574989763779528
20
0.3470245669291339
11
0.5535714173228347
21
0.3496488976377953
0
LINE
8
BLACK
6
CONTINUOUS
10
0.5535714173228347
20
0.3496488976377953
11
0.5491258661417323
21
0.3514902755905512
0
LINE
8
BLACK
6
CONTINUOUS
10
0.5491258661417323
20
0.3514902755905512
11
0.5491254724409449
21
0.3514903937007874
0
LINE
8
BLACK
6
CONTINUOUS
10
0.5491254724409449
20
0.3514903937007874
11
0.545965
21
0.3521190551181102
0
LINE
8
BLACK
6
CONTINUOUS
10
0.545965
20
0.3521190551181102
11
0.544406062992126
21
0.3524291338582677
0
LINE
8
BLACK
6
CONTINUOUS
10
0.544406062992126
20
0.3524291338582677
11
0.5395939370078741
21
0.3524291338582677
0
LINE
8
BLACK
6
CONTINUOUS
10
0.5395939370078741
20
0.3524291338582677
11
0.5378939763779528
21
0.3520909842519685
0
LINE
8
BLACK
6
CONTINUOUS
10
0.5378939763779528
20
0.3520909842519685
11
0.5353787007874016
21
0.3515906692913386
0
LINE
8
BLACK
6
CONTINUOUS
10
0.5353787007874016
20
0.3515906692913386
11
0.5331917322834645
21
0.3520256692913385
0
LINE
8
BLACK
6
CONTINUOUS
10
0.5331917322834645
20
0.3520256692913385
11
0.5319529133858267
21
0.3538796850393701
0
LINE
8
BLACK
6
CONTINUOUS
10
0.5319529133858267
20
0.3538796850393701
11
0.5321186614173228
21
0.355562874015748
0
LINE
8
BLACK
6
CONTINUOUS
10
0.5321186614173228
20
0.355562874015748
11
0.5334903149606299
21
0.3588742913385827
0
LINE
8
BLACK
6
CONTINUOUS
10
0.5334903149606299
20
0.3588742913385827
11
0.5344291338582677
21
0.363593937007874
0
LINE
8
BLACK
6
CONTINUOUS
10
0.5344291338582677
20
0.363593937007874
11
0.5344291338582677
21
0.368406062992126
0
LINE
8
BLACK
6
CONTINUOUS
10
0.5344291338582677
20
0.368406062992126
11
0.5334903149606299
21
0.3731257086614173
0
LINE
8
BLACK
6
CONTINUOUS
10
0.5334903149606299
20
0.3731257086614173
11
0.5316488188976378
21
0.3775715354330709
0
LINE
8
BLACK
6
CONTINUOUS
10
0.5316488188976378
20
0.3775715354330709
11
0.5289753543307086
21
0.3815726377952756
0
LINE
8
BLACK
6
CONTINUOUS
10
0.5289753543307086
20
0.3815726377952756
11
0.5255726377952756
21
0.3849753543307087
0
LINE
8
BLACK
6
CONTINUOUS
10
0.5255726377952756
20
0.3849753543307087
11
0.5249629133858268
21
0.3853827559055118
0
LINE
8
BLACK
6
CONTINUOUS
10
0.5249629133858268
20
0.3853827559055118
11
0.5215714173228346
21
0.3876488976377953
0
LINE
8
BLACK
6
CONTINUOUS
10
0.5215714173228346
20
0.3876488976377953
11
0.5171258661417323
21
0.3894902755905512
0
LINE
8
BLACK
6
CONTINUOUS
10
0.5171258661417323
20
0.3894902755905512
11
0.5171254724409449
21
0.3894903937007874
0
LINE
8
BLACK
6
CONTINUOUS
10
0.5171254724409449
20
0.3894903937007874
11
0.5138985826771654
21
0.3901322440944882
0
LINE
8
BLACK
6
CONTINUOUS
10
0.5138985826771654
20
0.3901322440944882
11
0.512406062992126
21
0.3904291338582677
0
LINE
8
BLACK
6
CONTINUOUS
10
0.512406062992126
20
0.3904291338582677
11
0.507593937007874
21
0.3904291338582677
0
LINE
8
BLACK
6
CONTINUOUS
10
0.507593937007874
20
0.3904291338582677
11
0.5062559448818897
21
0.3901629921259843
0
LINE
8
BLACK
6
CONTINUOUS
10
0.5062559448818897
20
0.3901629921259843
11
0.5028744881889764
21
0.3894903937007874
0
LINE
8
BLACK
6
CONTINUOUS
10
0.5028744881889764
20
0.3894903937007874
11
0.502874094488189
21
0.3894902755905512
0
LINE
8
BLACK
6
CONTINUOUS
10
0.502874094488189
20
0.3894902755905512
11
0.4984285433070866
21
0.3876488976377953
0
LINE
8
BLACK
6
CONTINUOUS
10
0.4984285433070866
20
0.3876488976377953
11
0.4944274803149606
21
0.3849754724409449
0
LINE
8
BLACK
6
CONTINUOUS
10
0.4944274803149606
20
0.3849754724409449
11
0.4944274409448819
21
0.3849754330708661
0
LINE
8
BLACK
6
CONTINUOUS
10
0.4944274409448819
20
0.3849754330708661
11
0.4910247244094488
21
0.3815727559055118
0
LINE
8
BLACK
6
CONTINUOUS
10
0.4910247244094488
20
0.3815727559055118
11
0.4910246456692913
21
0.3815726377952756
0
LINE
8
BLACK
6
CONTINUOUS
10
0.4910246456692913
20
0.3815726377952756
11
0.4905732283464567
21
0.380897125984252
0
LINE
8
BLACK
6
CONTINUOUS
10
0.4905732283464567
20
0.380897125984252
11
0.4887192519685039
21
0.3796583464566929
0
LINE
8
BLACK
6
CONTINUOUS
10
0.4887192519685039
20
0.3796583464566929
11
0.488150905511811
21
0.3796023622047244
0
LINE
8
BLACK
6
CONTINUOUS
10
0.488150905511811
20
0.3796023622047244
11
0.4477485039370079
21
0.3796023622047244
0
LINE
8
BLACK
6
CONTINUOUS
10
0.4477485039370079
20
0.3796023622047244
11
0.4442890551181102
21
0.3786753937007874
0
LINE
8
BLACK
6
CONTINUOUS
10
0.4442890551181102
20
0.3786753937007874
11
0.4411873228346457
21
0.3768846456692913
0
LINE
8
BLACK
6
CONTINUOUS
10
0.4411873228346457
20
0.3768846456692913
11
0.4358312598425197
21
0.3715286220472441
0
LINE
8
BLACK
6
CONTINUOUS
10
0.4358312598425197
20
0.3715286220472441
11
0.4337711417322834
21
0.3706753149606299
0
LINE
8
BLACK
6
CONTINUOUS
10
0.4337711417322834
20
0.3706753149606299
11
0.4332029527559055
21
0.3707312598425197
0
LINE
8
BLACK
6
CONTINUOUS
10
0.4332029527559055
20
0.3707312598425197
11
0.432406062992126
21
0.3708897637795275
0
LINE
8
BLACK
6
CONTINUOUS
10
0.432406062992126
20
0.3708897637795275
11
0.427593937007874
21
0.3708897637795275
0
LINE
8
BLACK
6
CONTINUOUS
10
0.427593937007874
20
0.3708897637795275
11
0.4265158661417323
21
0.3706753149606299
0
LINE
8
BLACK
6
CONTINUOUS
10
0.4265158661417323
20
0.3706753149606299
11
0.4228744881889764
21
0.3699510236220472
0
LINE
8
BLACK
6
CONTINUOUS
10
0.4228744881889764
20
0.3699510236220472
11
0.422874094488189
21
0.369950905511811
0
LINE
8
BLACK
6
CONTINUOUS
10
0.422874094488189
20
0.369950905511811
11
0.4184285433070866
21
0.3681095275590551
0
LINE
8
BLACK
6
CONTINUOUS
10
0.4184285433070866
20
0.3681095275590551
11
0.4144274803149606
21
0.3654361023622047
0
LINE
8
BLACK
6
CONTINUOUS
10
0.4144274803149606
20
0.3654361023622047
11
0.4110245275590551
21
0.3620331496062992
0
LINE
8
BLACK
6
CONTINUOUS
10
0.4110245275590551
20
0.3620331496062992
11
0.4083511023622047
21
0.3580320866141732
0
LINE
8
BLACK
6
CONTINUOUS
10
0.4083511023622047
20
0.3580320866141732
11
0.4065097244094488
21
0.3535865354330708
0
LINE
8
BLACK
6
CONTINUOUS
10
0.4065097244094488
20
0.3535865354330708
11
0.4065096062992126
21
0.3535861417322835
0
LINE
8
BLACK
6
CONTINUOUS
10
0.4065096062992126
20
0.3535861417322835
11
0.4060156692913386
21
0.351102874015748
0
LINE
8
BLACK
6
CONTINUOUS
10
0.4060156692913386
20
0.351102874015748
11
0.4055782283464567
21
0.3489035826771654
0
LINE
8
BLACK
6
CONTINUOUS
10
0.4055782283464567
20
0.3489035826771654
11
0.4055708661417323
21
0.3488666535433071
0
LINE
8
BLACK
6
CONTINUOUS
10
0.4055708661417323
20
0.3488666535433071
11
0.4055708661417323
21
0.3440546456692913
0
LINE
8
BLACK
6
CONTINUOUS
10
0.4055708661417323
20
0.3440546456692913
11
0.4065096062992126
21
0.339335157480315
0
LINE
8
BLACK
6
CONTINUOUS
10
0.4065096062992126
20
0.339335157480315
11
0.4065097244094488
21
0.3393347637795275
0
LINE
8
BLACK
6
CONTINUOUS
10
0.4065097244094488
20
0.3393347637795275
11
0.4083511023622047
21
0.3348892125984252
0
LINE
8
BLACK
6
CONTINUOUS
10
0.4083511023622047
20
0.3348892125984252
11
0.4106212598425197
21
0.3314916535433071
0
LINE
8
BLACK
6
CONTINUOUS
10
0.4106212598425197
20
0.3314916535433071
11
0.4110246456692913
21
0.3308879921259842
0
LINE
8
BLACK
6
CONTINUOUS
10
0.4110246456692913
20
0.3308879921259842
11
0.4144273622047244
21
0.3274852755905512
0
LINE
8
BLACK
6
CONTINUOUS
10
0.4144273622047244
20
0.3274852755905512
11
0.4184284645669291
21
0.3248118110236221
0
LINE
8
BLACK
6
CONTINUOUS
10
0.4184284645669291
20
0.3248118110236221
11
0.4184285039370079
21
0.3248118110236221
0
LINE
8
BLACK
6
CONTINUOUS
10
0.4184285039370079
20
0.3248118110236221
11
0.4184285433070866
21
0.3248117716535433
0
LINE
8
BLACK
6
CONTINUOUS
10
0.4184285433070866
20
0.3248117716535433
11
0.422874094488189
21
0.3229703937007874
0
LINE
8
BLACK
6
CONTINUOUS
10
0.422874094488189
20
0.3229703937007874
11
0.4228742913385827
21
0.3229703149606299
0
LINE
8
BLACK
6
CONTINUOUS
10
0.4228742913385827
20
0.3229703149606299
11
0.427593937007874
21
0.3220314960629921
0
LINE
8
BLACK
6
CONTINUOUS
10
0.427593937007874
20
0.3220314960629921
11
0.4275940157480315
21
0.3220314960629921
0
LINE
8
BLACK
6
CONTINUOUS
10
0.4275940157480315
20
0.3220314960629921
11
0.4324059842519685
21
0.3220314960629921
0
LINE
8
BLACK
6
CONTINUOUS
10
0.4324059842519685
20
0.3220314960629921
11
0.432406062992126
21
0.3220314960629921
0
LINE
8
BLACK
6
CONTINUOUS
10
0.432406062992126
20
0.3220314960629921
11
0.4347406692913386
21
0.322495905511811
0
LINE
8
BLACK
6
CONTINUOUS
10
0.4347406692913386
20
0.322495905511811
11
0.4369275984251969
21
0.322060905511811
0
LINE
8
BLACK
6
CONTINUOUS
10
0.4369275984251969
20
0.322060905511811
11
0.4381664173228346
21
0.3202068897637795
0
LINE
8
BLACK
6
CONTINUOUS
10
0.4381664173228346
20
0.3202068897637795
11
0.439108031496063
21
0.3154729527559055
0
LINE
8
BLACK
6
CONTINUOUS
10
0.439108031496063
20
0.3154729527559055
11
0.4391081496062992
21
0.3154725590551181
0
LINE
8
BLACK
6
CONTINUOUS
10
0.4391081496062992
20
0.3154725590551181
11
0.4409495275590551
21
0.3110270078740157
0
LINE
8
BLACK
6
CONTINUOUS
10
0.4409495275590551
20
0.3110270078740157
11
0.4434452362204724
21
0.3072918897637795
0
LINE
8
BLACK
6
CONTINUOUS
10
0.4434452362204724
20
0.3072918897637795
11
0.4436230708661417
21
0.3070257874015748
0
LINE
8
BLACK
6
CONTINUOUS
10
0.4436230708661417
20
0.3070257874015748
11
0.4470257874015748
21
0.3036230708661417
0
LINE
8
BLACK
6
CONTINUOUS
10
0.4470257874015748
20
0.3036230708661417
11
0.4510268897637795
21
0.3009496062992126
0
LINE
8
BLACK
6
CONTINUOUS
10
0.4510268897637795
20
0.3009496062992126
11
0.4510269291338583
21
0.3009496062992126
0
LINE
8
BLACK
6
CONTINUOUS
10
0.4510269291338583
20
0.3009496062992126
11
0.451026968503937
21
0.3009495669291338
0
LINE
8
BLACK
6
CONTINUOUS
10
0.451026968503937
20
0.3009495669291338
11
0.4554725196850394
21
0.2991081889763779
0
LINE
8
BLACK
6
CONTINUOUS
10
0.4554725196850394
20
0.2991081889763779
11
0.4554727165354331
21
0.2991081102362205
0
LINE
8
BLACK
6
CONTINUOUS
10
0.4554727165354331
20
0.2991081102362205
11
0.4601923622047244
21
0.2981692913385827
0
LINE
8
BLACK
6
CONTINUOUS
10
0.4601923622047244
20
0.2981692913385827
11
0.4601924409448819
21
0.2981692913385827
0
LINE
8
BLACK
6
CONTINUOUS
10
0.4601924409448819
20
0.2981692913385827
11
0.4650044094488189
21
0.2981692913385827
0
LINE
8
BLACK
6
CONTINUOUS
10
0.4650044094488189
20
0.2981692913385827
11
0.4650044881889764
21
0.2981692913385827
0
LINE
8
BLACK
6
CONTINUOUS
10
0.4650044881889764
20
0.2981692913385827
11
0.4697241338582677
21
0.2991081102362205
0
LINE
8
BLACK
6
CONTINUOUS
10
0.4697241338582677
20
0.2991081102362205
11
0.4741699606299212
21
0.3009496062992126
0
LINE
8
BLACK
6
CONTINUOUS
10
0.4741699606299212
20
0.3009496062992126
11
0.478171062992126
21
0.3036230708661417
0
LINE
8
BLACK
6
CONTINUOUS
10
0.478171062992126
20
0.3036230708661417
11
0.481573779527559
21
0.3070257874015748
0
LINE
8
BLACK
6
CONTINUOUS
10
0.481573779527559
20
0.3070257874015748
11
0.4842472440944882
21
0.3110268897637795
0
LINE
8
BLACK
6
CONTINUOUS
10
0.4842472440944882
20
0.3110268897637795
11
0.4853061417322835
21
0.3135834251968504
0
LINE
8
BLACK
6
CONTINUOUS
10
0.4853061417322835
20
0.3135834251968504
11
0.4868827952755905
21
0.3151601181102362
0
LINE
8
BLACK
6
CONTINUOUS
10
0.4868827952755905
20
0.3151601181102362
11
0.4879977559055118
21
0.3153818897637795
0
LINE
8
BLACK
6
CONTINUOUS
10
0.4879977559055118
20
0.3153818897637795
11
0.5194932283464567
21
0.3153818897637795
0
LINE
8
BLACK
6
CONTINUOUS
10
0.5194932283464567
20
0.3153818897637795
11
0.5215533070866142
21
0.3145285826771653
0
LINE
8
BLACK
6
CONTINUOUS
10
0.5215533070866142
20
0.3145285826771653
11
0.5219155905511811
21
0.314087125984252
0
LINE
8
BLACK
6
CONTINUOUS
10
0.5219155905511811
20
0.314087125984252
11
0.5230244488188976
21
0.3124275984251969
0
LINE
8
BLACK
6
CONTINUOUS
10
0.5230244488188976
20
0.3124275984251969
11
0.5230245275590552
21
0.3124275196850393
0
LINE
8
BLACK
6
CONTINUOUS
10
0.5230245275590552
20
0.3124275196850393
11
0.5230246456692913
21
0.3124273622047244
0
LINE
8
BLACK
6
CONTINUOUS
10
0.5230246456692913
20
0.3124273622047244
11
0.5264273622047244
21
0.3090246456692913
0
LINE
8
BLACK
6
CONTINUOUS
10
0.5264273622047244
20
0.3090246456692913
11
0.5304284645669292
21
0.3063511811023622
0
LINE
8
BLACK
6
CONTINUOUS
10
0.5304284645669292
20
0.3063511811023622
11
0.5304285039370079
21
0.3063511811023622
0
LINE
8
BLACK
6
CONTINUOUS
10
0.5304285039370079
20
0.3063511811023622
11
0.5304285433070866
21
0.3063511417322834
0
LINE
8
BLACK
6
CONTINUOUS
10
0.5304285433070866
20
0.3063511417322834
11
0.5329262598425196
21
0.3053165748031496
0
LINE
8
BLACK
6
CONTINUOUS
10
0.5329262598425196
20
0.3053165748031496
11
0.5345029921259843
21
0.3037398818897638
0
LINE
8
BLACK
6
CONTINUOUS
10
0.5345029921259843
20
0.3037398818897638
11
0.5345029921259843
21
0.3015100787401575
0
LINE
8
BLACK
6
CONTINUOUS
10
0.5345029921259843
20
0.3015100787401575
11
0.5338714960629921
21
0.3005649212598425
0
LINE
8
BLACK
6
CONTINUOUS
10
0.5338714960629921
20
0.3005649212598425
11
0.532931062992126
21
0.2996244881889764
0
LINE
8
BLACK
6
CONTINUOUS
10
0.532931062992126
20
0.2996244881889764
11
0.53152
21
0.2977855118110236
0
LINE
8
BLACK
6
CONTINUOUS
10
0.53152
20
0.2977855118110236
11
0.5289285433070866
21
0.293296968503937
0
LINE
8
BLACK
6
CONTINUOUS
10
0.5289285433070866
20
0.293296968503937
11
0.5289285039370079
21
0.2932968897637795
0
LINE
8
BLACK
6
CONTINUOUS
10
0.5289285039370079
20
0.2932968897637795
11
0.5280417716535433
21
0.2911561023622047
0
LINE
8
BLACK
6
CONTINUOUS
10
0.5280417716535433
20
0.2911561023622047
11
0.5280416141732284
21
0.2911555905511811
0
LINE
8
BLACK
6
CONTINUOUS
10
0.5280416141732284
20
0.2911555905511811
11
0.526700157480315
21
0.2861493700787401
0
LINE
8
BLACK
6
CONTINUOUS
10
0.526700157480315
20
0.2861493700787401
11
0.5267000787401575
21
0.2861490157480315
0
LINE
8
BLACK
6
CONTINUOUS
10
0.5267000787401575
20
0.2861490157480315
11
0.5263976377952756
21
0.2838513779527559
0
LINE
8
BLACK
6
CONTINUOUS
10
0.5263976377952756
20
0.2838513779527559
11
0.5263976377952756
21
0.2615748031496063
0
LINE
8
BLACK
6
CONTINUOUS
10
0.5263976377952756
20
0.2615748031496063
11
0.5268321653543308
21
0.2588312992125984
0
LINE
8
BLACK
6
CONTINUOUS
10
0.5268321653543308
20
0.2588312992125984
11
0.5277890157480315
21
0.2571739763779528
0
LINE
8
BLACK
6
CONTINUOUS
10
0.5277890157480315
20
0.2571739763779528
11
0.5280800393700787
21
0.2549632677165354
0
LINE
8
BLACK
6
CONTINUOUS
10
0.5280800393700787
20
0.2549632677165354
11
0.5276229921259843
21
0.2540049606299212
0
LINE
8
BLACK
6
CONTINUOUS
10
0.5276229921259843
20
0.2540049606299212
11
0.5271651574803149
21
0.2533748031496063
0
LINE
8
BLACK
6
CONTINUOUS
10
0.5271651574803149
20
0.2533748031496063
11
0.5271651181102363
21
0.2533747244094488
0
LINE
8
BLACK
6
CONTINUOUS
10
0.5271651181102363
20
0.2533747244094488
11
0.5263976377952756
21
0.249763779527559
0
LINE
8
BLACK
6
CONTINUOUS
10
0.5263976377952756
20
0.249763779527559
11
0.5263976377952756
21
0.2274872440944882
0
LINE
8
BLACK
6
CONTINUOUS
10
0.5263976377952756
20
0.2274872440944882
11
0.5267000787401575
21
0.2251896062992126
0
LINE
8
BLACK
6
CONTINUOUS
10
0.5267000787401575
20
0.2251896062992126
11
0.526700157480315
21
0.2251892519685039
0
LINE
8
BLACK
6
CONTINUOUS
10
0.526700157480315
20
0.2251892519685039
11
0.5280416141732284
21
0.220183031496063
0
LINE
8
BLACK
6
CONTINUOUS
10
0.5280416141732284
20
0.220183031496063
11
0.5280417716535433
21
0.2201825196850394
0
LINE
8
BLACK
6
CONTINUOUS
10
0.5280417716535433
20
0.2201825196850394
11
0.5289285039370079
21
0.2180417322834646
0
LINE
8
BLACK
6
CONTINUOUS
10
0.5289285039370079
20
0.2180417322834646
11
0.5289285433070866
21
0.2180416535433071
0
LINE
8
BLACK
6
CONTINUOUS
10
0.5289285433070866
20
0.2180416535433071
11
0.53152
21
0.2135531102362205
0
LINE
8
BLACK
6
CONTINUOUS
10
0.53152
20
0.2135531102362205
11
0.5315200787401575
21
0.213553031496063
0
LINE
8
BLACK
6
CONTINUOUS
10
0.5315200787401575
20
0.213553031496063
11
0.531520157480315
21
0.213552874015748
0
LINE
8
BLACK
6
CONTINUOUS
10
0.531520157480315
20
0.213552874015748
11
0.5329310236220473
21
0.2117141732283465
0
LINE
8
BLACK
6
CONTINUOUS
10
0.5329310236220473
20
0.2117141732283465
11
0.5365960629921259
21
0.2080491338582677
0
LINE
8
BLACK
6
CONTINUOUS
10
0.5365960629921259
20
0.2080491338582677
11
0.5384347637795276
21
0.2066382677165354
0
LINE
8
BLACK
6
CONTINUOUS
10
0.5384347637795276
20
0.2066382677165354
11
0.5429235039370078
21
0.2040466929133858
0
LINE
8
BLACK
6
CONTINUOUS
10
0.5429235039370078
20
0.2040466929133858
11
0.5450646456692914
21
0.2031598031496063
0
LINE
8
BLACK
6
CONTINUOUS
10
0.5450646456692914
20
0.2031598031496063
11
0.5461362992125984
21
0.2028726771653543
0
LINE
8
BLACK
6
CONTINUOUS
10
0.5461362992125984
20
0.2028726771653543
11
0.5479052362204724
21
0.2015152755905512
0
LINE
8
BLACK
6
CONTINUOUS
10
0.5479052362204724
20
0.2015152755905512
11
0.5481962992125984
21
0.1993045275590551
0
LINE
8
BLACK
6
CONTINUOUS
10
0.5481962992125984
20
0.1993045275590551
11
0.5478045669291338
21
0.1984400393700787
0
LINE
8
BLACK
6
CONTINUOUS
10
0.5478045669291338
20
0.1984400393700787
11
0.5464526377952755
21
0.1964167716535433
0
LINE
8
BLACK
6
CONTINUOUS
10
0.5464526377952755
20
0.1964167716535433
11
0.5464525984251969
21
0.1964166535433071
0
LINE
8
BLACK
6
CONTINUOUS
10
0.5464525984251969
20
0.1964166535433071
11
0.5446111811023622
21
0.1919710236220472
0
LINE
8
BLACK
6
CONTINUOUS
10
0.5446111811023622
20
0.1919710236220472
11
0.544611062992126
21
0.1919706299212598
0
LINE
8
BLACK
6
CONTINUOUS
10
0.544611062992126
20
0.1919706299212598
11
0.5436723228346456
21
0.1872511417322835
0
LINE
8
BLACK
6
CONTINUOUS
10
0.5436723228346456
20
0.1872511417322835
11
0.5436723228346456
21
0.1824391338582677
0
LINE
8
BLACK
6
CONTINUOUS
10
0.5436723228346456
20
0.1824391338582677
11
0.544611062992126
21
0.1777196456692913
0
LINE
8
BLACK
6
CONTINUOUS
10
0.544611062992126
20
0.1777196456692913
11
0.5446111811023622
21
0.1777192519685039
0
LINE
8
BLACK
6
CONTINUOUS
10
0.5446111811023622
20
0.1777192519685039
11
0.5464525590551181
21
0.1732737007874016
0
LINE
8
BLACK
6
CONTINUOUS
10
0.5464525590551181
20
0.1732737007874016
11
0.5481636614173229
21
0.1707128346456693
0
LINE
8
BLACK
6
CONTINUOUS
10
0.5481636614173229
20
0.1707128346456693
11
0.5491261023622047
21
0.1692724803149606
0
LINE
8
BLACK
6
CONTINUOUS
10
0.5491261023622047
20
0.1692724803149606
11
0.5525288188976378
21
0.1658697637795276
0
LINE
8
BLACK
6
CONTINUOUS
10
0.5525288188976378
20
0.1658697637795276
11
0.5565299212598425
21
0.1631962992125984
0
LINE
8
BLACK
6
CONTINUOUS
10
0.5565299212598425
20
0.1631962992125984
11
0.5565299606299212
21
0.1631962992125984
0
LINE
8
BLACK
6
CONTINUOUS
10
0.5565299606299212
20
0.1631962992125984
11
0.55653
21
0.1631962598425197
0
LINE
8
BLACK
6
CONTINUOUS
10
0.55653
20
0.1631962598425197
11
0.5603970866141732
21
0.1615944881889764
0
LINE
8
BLACK
6
CONTINUOUS
10
0.5603970866141732
20
0.1615944881889764
11
0.5609757480314961
21
0.1613548031496063
0
LINE
8
BLACK
6
CONTINUOUS
10
0.5609757480314961
20
0.1613548031496063
11
0.5656953937007874
21
0.1604159842519685
0
LINE
8
BLACK
6
CONTINUOUS
10
0.5656953937007874
20
0.1604159842519685
11
0.5656954724409449
21
0.1604159842519685
0
LINE
8
BLACK
6
CONTINUOUS
10
0.5656954724409449
20
0.1604159842519685
11
0.5705074409448819
21
0.1604159842519685
0
LINE
8
BLACK
6
CONTINUOUS
10
0.5705074409448819
20
0.1604159842519685
11
0.5705075196850393
21
0.1604159842519685
0
LINE
8
BLACK
6
CONTINUOUS
10
0.5705075196850393
20
0.1604159842519685
11
0.5752271653543307
21
0.1613548031496063
0
LINE
8
BLACK
6
CONTINUOUS
10
0.5752271653543307
20
0.1613548031496063
11
0.5796729921259842
21
0.1631962992125984
0
LINE
8
BLACK
6
CONTINUOUS
10
0.5796729921259842
20
0.1631962992125984
11
0.583674094488189
21
0.1658697637795276
0
LINE
8
BLACK
6
CONTINUOUS
10
0.583674094488189
20
0.1658697637795276
11
0.5870768110236221
21
0.1692724803149606
0
LINE
8
BLACK
6
CONTINUOUS
10
0.5870768110236221
20
0.1692724803149606
11
0.5897502755905512
21
0.1732735826771654
0
LINE
8
BLACK
6
CONTINUOUS
10
0.5897502755905512
20
0.1732735826771654
11
0.5915917716535433
21
0.1777194094488189
0
LINE
8
BLACK
6
CONTINUOUS
10
0.5915917716535433
20
0.1777194094488189
11
0.5925305905511811
21
0.1824390551181102
0
LINE
8
BLACK
6
CONTINUOUS
10
0.5925305905511811
20
0.1824390551181102
11
0.5925305905511811
21
0.1872511811023622
0
LINE
8
BLACK
6
CONTINUOUS
10
0.5925305905511811
20
0.1872511811023622
11
0.5915917716535433
21
0.1919708267716535
0
LINE
8
BLACK
6
CONTINUOUS
10
0.5915917716535433
20
0.1919708267716535
11
0.5914894094488189
21
0.1922179527559055
0
LINE
8
BLACK
6
CONTINUOUS
10
0.5914894094488189
20
0.1922179527559055
11
0.5912677165354331
21
0.1933326377952756
0
LINE
8
BLACK
6
CONTINUOUS
10
0.5912677165354331
20
0.1933326377952756
11
0.5912677165354331
21
0.2052753543307086
0
LINE
8
BLACK
6
CONTINUOUS
10
0.5912677165354331
20
0.2052753543307086
11
0.5912829527559055
21
0.2053121653543307
0
LINE
8
BLACK
6
CONTINUOUS
10
0.5912829527559055
20
0.2053121653543307
11
0.5912686614173228
21
0.2053493307086614
0
LINE
8
BLACK
6
CONTINUOUS
10
0.5912686614173228
20
0.2053493307086614
11
0.5914280314960629
21
0.2056624803149606
0
LINE
8
BLACK
6
CONTINUOUS
10
0.5914280314960629
20
0.2056624803149606
11
0.5921210236220472
21
0.2073354330708661
0
LINE
8
BLACK
6
CONTINUOUS
10
0.5921210236220472
20
0.2073354330708661
11
0.5921740157480315
21
0.2073870866141732
0
LINE
8
BLACK
6
CONTINUOUS
10
0.5921740157480315
20
0.2073870866141732
11
0.5922854330708661
21
0.207493031496063
0
LINE
8
BLACK
6
CONTINUOUS
10
0.5922854330708661
20
0.207493031496063
11
0.5930102362204724
21
0.2080491338582677
0
LINE
8
BLACK
6
CONTINUOUS
10
0.5930102362204724
20
0.2080491338582677
11
0.5956888582677166
21
0.2107277952755905
0
LINE
8
BLACK
6
CONTINUOUS
10
0.5956888582677166
20
0.2107277952755905
11
0.595715905511811
21
0.2107534645669291
0
LINE
8
BLACK
6
CONTINUOUS
10
0.595715905511811
20
0.2107534645669291
11
0.5967244488188976
21
0.2111415354330708
0
LINE
8
BLACK
6
CONTINUOUS
10
0.5967244488188976
20
0.2111415354330708
11
0.5977229921259842
21
0.2115551181102362
0
LINE
8
BLACK
6
CONTINUOUS
10
0.5977229921259842
20
0.2115551181102362
11
0.6322025590551181
21
0.2115551181102362
0
LINE
8
BLACK
6
CONTINUOUS
10
0.6322025590551181
20
0.2115551181102362
11
0.6322025590551181
21
0.2115551574803149
0
LINE
8
BLACK
6
CONTINUOUS
10
0.6322025590551181
20
0.2115551574803149
11
0.6369136220472441
21
0.2128174803149606
0
LINE
8
BLACK
6
CONTINUOUS
10
0.6369136220472441
20
0.2128174803149606
11
0.6381873622047244
21
0.213552874015748
0
LINE
8
BLACK
6
CONTINUOUS
10
0.6381873622047244
20
0.213552874015748
11
0.641137559055118
21
0.2152561417322835
0
LINE
8
BLACK
6
CONTINUOUS
10
0.641137559055118
20
0.2152561417322835
11
0.6445863779527559
21
0.2187049606299213
0
LINE
8
BLACK
6
CONTINUOUS
10
0.6445863779527559
20
0.2187049606299213
11
0.6445864173228346
21
0.2187050787401575
0
LINE
8
BLACK
6
CONTINUOUS
10
0.6445864173228346
20
0.2187050787401575
11
0.6766241338582677
21
0.2507427165354331
0
LINE
8
BLACK
6
CONTINUOUS
10
0.6766241338582677
20
0.2507427165354331
11
0.6848225984251969
21
0.2589411811023622
0
LINE
8
BLACK
6
CONTINUOUS
10
0.6848225984251969
20
0.2589411811023622
11
0.6872612598425196
21
0.2631651181102362
0
LINE
8
BLACK
6
CONTINUOUS
10
0.6872612598425196
20
0.2631651181102362
11
0.6885235826771653
21
0.2678761811023622
0
LINE
8
BLACK
6
CONTINUOUS
10
0.6885235826771653
20
0.2678761811023622
11
0.688523622047244
21
0.2678761811023622
0
LINE
8
BLACK
6
CONTINUOUS
10
0.688523622047244
20
0.2678761811023622
11
0.688523622047244
21
0.3008675590551181
0
LINE
8
BLACK
6
CONTINUOUS
10
0.688523622047244
20
0.3008675590551181
11
0.6890145669291339
21
0.3024861023622047
0
LINE
8
BLACK
6
CONTINUOUS
10
0.6890145669291339
20
0.3024861023622047
11
0.6916488188976377
21
0.3064284645669291
0
LINE
8
BLACK
6
CONTINUOUS
10
0.6916488188976377
20
0.3064284645669291
11
0.6934903149606299
21
0.3108742913385827
0
LINE
8
BLACK
6
CONTINUOUS
10
0.6934903149606299
20
0.3108742913385827
11
0.6944291338582677
21
0.315593937007874
0
LINE
8
BLACK
6
CONTINUOUS
10
0.6944291338582677
20
0.315593937007874
11
0.6944291338582677
21
0.320406062992126
0
LINE
8
BLACK
6
CONTINUOUS
10
0.6944291338582677
20
0.320406062992126
11
0.6934903149606299
21
0.3251257086614173
0
LINE
8
BLACK
6
CONTINUOUS
10
0.6934903149606299
20
0.3251257086614173
11
0.6916488188976377
21
0.3295715354330709
0
LINE
8
BLACK
6
CONTINUOUS
10
0.6916488188976377
20
0.3295715354330709
11
0.6890146062992126
21
0.3335138976377953
0
LINE
8
BLACK
6
CONTINUOUS
10
0.6890146062992126
20
0.3335138976377953
11
0.688523622047244
21
0.3351324803149606
0
LINE
8
BLACK
6
CONTINUOUS
10
0.688523622047244
20
0.3351324803149606
11
0.688523622047244
21
0.339566968503937
0
LINE
8
BLACK
6
CONTINUOUS
10
0.688523622047244
20
0.339566968503937
11
0.688523622047244
21
0.6298793700787402
0
LINE
8
BLACK
6
CONTINUOUS
10
0.688523622047244
20
0.6298793700787402
11
0.688523622047244
21
0.6489742125984251
0
LINE
8
BLACK
6
CONTINUOUS
10
0.688523622047244
20
0.6489742125984251
11
0.6885235826771653
21
0.6489742519685039
0
LINE
8
BLACK
6
CONTINUOUS
10
0.6885235826771653
20
0.6489742519685039
11
0.6872612992125984
21
0.6536851968503937
0
LINE
8
BLACK
6
CONTINUOUS
10
0.6872612992125984
20
0.6536851968503937
11
0.6867976377952756
21
0.6544883070866142
0
LINE
8
BLACK
6
CONTINUOUS
10
0.6867976377952756
20
0.6544883070866142
11
0.6848225984251969
21
0.6579092125984252
0
LINE
8
BLACK
6
CONTINUOUS
10
0.6848225984251969
20
0.6579092125984252
11
0.6813737795275591
21
0.661358031496063
0
LINE
8
BLACK
6
CONTINUOUS
10
0.6813737795275591
20
0.661358031496063
11
0.6813737401574803
21
0.6613580708661417
0
LINE
8
BLACK
6
CONTINUOUS
10
0.6813737401574803
20
0.6613580708661417
11
0.6565635039370079
21
0.6861682677165354
0
LINE
8
BLACK
6
CONTINUOUS
10
0.6565635039370079
20
0.6861682677165354
11
0.6565634645669292
21
0.6861683464566929
0
LINE
8
BLACK
6
CONTINUOUS
10
0.6565634645669292
20
0.6861683464566929
11
0.6529485826771654
21
0.6897832283464567
0
LINE
8
BLACK
6
CONTINUOUS
10
0.6529485826771654
20
0.6897832283464567
11
0.6487245275590551
21
0.692221968503937
0
LINE
8
BLACK
6
CONTINUOUS
10
0.6487245275590551
20
0.692221968503937
11
0.6440135826771654
21
0.6934842519685039
0
LINE
8
BLACK
6
CONTINUOUS
10
0.6440135826771654
20
0.6934842519685039
11
0.6440135039370078
21
0.6934842519685039
0
LINE
8
BLACK
6
CONTINUOUS
10
0.6440135039370078
20
0.6934842519685039
11
0.5977229921259842
21
0.6934842519685039
0
LINE
8
BLACK
6
CONTINUOUS
10
0.5977229921259842
20
0.6934842519685039
11
0.5956629133858268
21
0.6943375590551181
0
LINE
8
BLACK
6
CONTINUOUS
10
0.5956629133858268
20
0.6943375590551181
11
0.5930102755905512
21
0.6969901968503937
0
LINE
8
BLACK
6
CONTINUOUS
10
0.5930102755905512
20
0.6969901968503937
11
0.5922016535433071
21
0.6976106692913385
0
LINE
8
BLACK
6
CONTINUOUS
10
0.5922016535433071
20
0.6976106692913385
11
0.5911715354330709
21
0.6984011023622048
0
LINE
8
BLACK
6
CONTINUOUS
10
0.5911715354330709
20
0.6984011023622048
11
0.5911713779527559
21
0.6984011811023622
0
LINE
8
BLACK
6
CONTINUOUS
10
0.5911713779527559
20
0.6984011811023622
11
0.5911712992125984
21
0.6984012598425197
0
LINE
8
BLACK
6
CONTINUOUS
10
0.5911712992125984
20
0.6984012598425197
11
0.5866827559055118
21
0.700992716535433
0
LINE
8
BLACK
6
CONTINUOUS
10
0.5866827559055118
20
0.700992716535433
11
0.5866826771653543
21
0.7009927559055118
0
LINE
8
BLACK
6
CONTINUOUS
10
0.5866826771653543
20
0.7009927559055118
11
0.5845418897637795
21
0.7018794881889764
0
LINE
8
BLACK
6
CONTINUOUS
10
0.5845418897637795
20
0.7018794881889764
11
0.5845413779527558
21
0.7018796456692913
0
LINE
8
BLACK
6
CONTINUOUS
10
0.5845413779527558
20
0.7018796456692913
11
0.5795351574803149
21
0.7032211023622047
0
LINE
8
BLACK
6
CONTINUOUS
10
0.5795351574803149
20
0.7032211023622047
11
0.5795348031496063
21
0.7032211811023622
0
LINE
8
BLACK
6
CONTINUOUS
10
0.5795348031496063
20
0.7032211811023622
11
0.577688031496063
21
0.7034642913385827
0
LINE
8
BLACK
6
CONTINUOUS
10
0.577688031496063
20
0.7034642913385827
11
0.5772372440944882
21
0.7035236220472441
0
LINE
8
BLACK
6
CONTINUOUS
10
0.5772372440944882
20
0.7035236220472441
11
0.5772371653543307
21
0.7035236220472441
0
LINE
8
BLACK
6
CONTINUOUS
10
0.5772371653543307
20
0.7035236220472441
11
0.553800748031496
21
0.7035236220472441
0
LINE
8
BLACK
6
CONTINUOUS
10
0.553800748031496
20
0.7035236220472441
11
0.5517406692913386
21
0.7043769291338583
0
LINE
8
BLACK
6
CONTINUOUS
10
0.5517406692913386
20
0.7043769291338583
11
0.5502643307086614
21
0.7058532677165354
0
LINE
8
BLACK
6
CONTINUOUS
10
0.5502643307086614
20
0.7058532677165354
11
0.5502642519685039
21
0.7058533858267716
0
LINE
8
BLACK
6
CONTINUOUS
10
0.5502642519685039
20
0.7058533858267716
11
0.5466492913385826
21
0.7094683464566929
0
LINE
8
BLACK
6
CONTINUOUS
10
0.5466492913385826
20
0.7094683464566929
11
0.546554842519685
21
0.709522874015748
0
LINE
8
BLACK
6
CONTINUOUS
10
0.546554842519685
20
0.709522874015748
11
0.5465213779527559
21
0.7095664960629922
0
LINE
8
BLACK
6
CONTINUOUS
10
0.5465213779527559
20
0.7095664960629922
11
0.5464979133858268
21
0.7095844881889763
0
LINE
8
BLACK
6
CONTINUOUS
10
0.5464979133858268
20
0.7095844881889763
11
0.546502716535433
21
0.7095907874015748
0
LINE
8
BLACK
6
CONTINUOUS
10
0.546502716535433
20
0.7095907874015748
11
0.5451975984251969
21
0.7112920472440944
0
LINE
8
BLACK
6
CONTINUOUS
10
0.5451975984251969
20
0.7112920472440944
11
0.5450984251968504
21
0.7120457874015748
0
LINE
8
BLACK
6
CONTINUOUS
10
0.5450984251968504
20
0.7120457874015748
11
0.5450984251968504
21
0.7332677559055117
0
LINE
8
BLACK
6
CONTINUOUS
10
0.5450984251968504
20
0.7332677559055117
11
0.5450984251968504
21
0.7334581102362204
0
LINE
8
BLACK
6
CONTINUOUS
10
0.5450984251968504
20
0.7334581102362204
11
0.5455893700787402
21
0.7350766535433071
0
LINE
8
BLACK
6
CONTINUOUS
10
0.5455893700787402
20
0.7350766535433071
11
0.5482236220472441
21
0.7390190157480315
0
LINE
8
BLACK
6
CONTINUOUS
10
0.5482236220472441
20
0.7390190157480315
11
0.5500651181102362
21
0.743464842519685
0
LINE
8
BLACK
6
CONTINUOUS
10
0.5500651181102362
20
0.743464842519685
11
0.551003937007874
21
0.7481844881889763
0
LINE
8
BLACK
6
CONTINUOUS
10
0.551003937007874
20
0.7481844881889763
11
0.551003937007874
21
0.7529966141732284
0
LINE
8
BLACK
6
CONTINUOUS
10
0.551003937007874
20
0.7529966141732284
11
0.5500651181102362
21
0.7577162598425197
0
LINE
8
BLACK
6
CONTINUOUS
10
0.5500651181102362
20
0.7577162598425197
11
0.5482236220472441
21
0.7621620866141732
0
LINE
8
BLACK
6
CONTINUOUS
10
0.5482236220472441
20
0.7621620866141732
11
0.545550157480315
21
0.7661631889763779
0
LINE
8
BLACK
6
CONTINUOUS
10
0.545550157480315
20
0.7661631889763779
11
0.5421474409448819
21
0.769565905511811
0
LINE
8
BLACK
6
CONTINUOUS
10
0.5421474409448819
20
0.769565905511811
11
0.5381463385826771
21
0.7722393700787401
0
LINE
8
BLACK
6
CONTINUOUS
10
0.5381463385826771
20
0.7722393700787401
11
0.5381462992125984
21
0.7722394094488189
0
LINE
8
BLACK
6
CONTINUOUS
10
0.5381462992125984
20
0.7722394094488189
11
0.538146220472441
21
0.7722394488188976
0
LINE
8
BLACK
6
CONTINUOUS
10
0.538146220472441
20
0.7722394488188976
11
0.5337006692913385
21
0.7740808267716536
0
LINE
8
BLACK
6
CONTINUOUS
10
0.5337006692913385
20
0.7740808267716536
11
0.5337002755905512
21
0.7740809448818897
0
LINE
8
BLACK
6
CONTINUOUS
10
0.5337002755905512
20
0.7740809448818897
11
0.5305398031496062
21
0.7747096062992126
0
LINE
8
BLACK
6
CONTINUOUS
10
0.5305398031496062
20
0.7747096062992126
11
0.5289808661417322
21
0.77501968503937
0
LINE
8
BLACK
6
CONTINUOUS
10
0.5289808661417322
20
0.77501968503937
11
0.5241687401574803
21
0.77501968503937
0
LINE
8
BLACK
6
CONTINUOUS
10
0.5241687401574803
20
0.77501968503937
11
0.5228307480314961
21
0.7747535433070866
0
LINE
8
BLACK
6
CONTINUOUS
10
0.6931210236220472
20
0.2459305905511811
11
0.6931474409448819
21
0.245797874015748
0
LINE
8
BLACK
6
CONTINUOUS
10
0.6931474409448819
20
0.245797874015748
11
0.6940597637795275
21
0.2412111811023622
0
LINE
8
BLACK
6
CONTINUOUS
10
0.6940597637795275
20
0.2412111811023622
11
0.6940598818897638
21
0.2412107874015748
0
LINE
8
BLACK
6
CONTINUOUS
10
0.6940598818897638
20
0.2412107874015748
11
0.6959012598425197
21
0.2367652362204724
0
LINE
8
BLACK
6
CONTINUOUS
10
0.6959012598425197
20
0.2367652362204724
11
0.6984006299212598
21
0.2330246456692913
0
LINE
8
BLACK
6
CONTINUOUS
10
0.6984006299212598
20
0.2330246456692913
11
0.6985748031496063
21
0.2327640157480315
0
LINE
8
BLACK
6
CONTINUOUS
10
0.6985748031496063
20
0.2327640157480315
11
0.7019775196850394
21
0.2293612992125984
0
LINE
8
BLACK
6
CONTINUOUS
10
0.7019775196850394
20
0.2293612992125984
11
0.705978622047244
21
0.2266878346456693
0
LINE
8
BLACK
6
CONTINUOUS
10
0.705978622047244
20
0.2266878346456693
11
0.7104244488188977
21
0.2248463385826772
0
LINE
8
BLACK
6
CONTINUOUS
10
0.7104244488188977
20
0.2248463385826772
11
0.7151440944881889
21
0.2239075196850394
0
LINE
8
BLACK
6
CONTINUOUS
10
0.7151440944881889
20
0.2239075196850394
11
0.7151441732283464
21
0.2239075196850394
0
LINE
8
BLACK
6
CONTINUOUS
10
0.7151441732283464
20
0.2239075196850394
11
0.7199561811023621
21
0.2239075196850394
0
LINE
8
BLACK
6
CONTINUOUS
10
0.7199561811023621
20
0.2239075196850394
11
0.7199562204724409
21
0.2239075196850394
0
LINE
8
BLACK
6
CONTINUOUS
10
0.7199562204724409
20
0.2239075196850394
11
0.7219139763779527
21
0.224296968503937
0
LINE
8
BLACK
6
CONTINUOUS
10
0.7219139763779527
20
0.224296968503937
11
0.7241009448818897
21
0.223861968503937
0
LINE
8
BLACK
6
CONTINUOUS
10
0.7241009448818897
20
0.223861968503937
11
0.7245424015748031
21
0.2234996456692913
0
LINE
8
BLACK
6
CONTINUOUS
10
0.7245424015748031
20
0.2234996456692913
11
0.726839842519685
21
0.2212022440944882
0
LINE
8
BLACK
6
CONTINUOUS
10
0.726839842519685
20
0.2212022440944882
11
0.7268398818897638
21
0.2212022047244094
0
LINE
8
BLACK
6
CONTINUOUS
10
0.7268398818897638
20
0.2212022047244094
11
0.7297171653543307
21
0.2195409842519685
0
LINE
8
BLACK
6
CONTINUOUS
10
0.7297171653543307
20
0.2195409842519685
11
0.7329263779527558
21
0.2186811023622047
0
LINE
8
BLACK
6
CONTINUOUS
10
0.7329263779527558
20
0.2186811023622047
11
0.7391636220472441
21
0.2186811023622047
0
LINE
8
BLACK
6
CONTINUOUS
10
0.7391636220472441
20
0.2186811023622047
11
0.7412237007874015
21
0.2178277952755905
0
LINE
8
BLACK
6
CONTINUOUS
10
0.7412237007874015
20
0.2178277952755905
11
0.741780905511811
21
0.2170473622047244
0
LINE
8
BLACK
6
CONTINUOUS
10
0.741780905511811
20
0.2170473622047244
11
0.7419015748031496
21
0.2168005511811024
0
LINE
8
BLACK
6
CONTINUOUS
10
0.7419015748031496
20
0.2168005511811024
11
0.7453438582677165
21
0.2133582677165354
0
LINE
8
BLACK
6
CONTINUOUS
10
0.7453438582677165
20
0.2133582677165354
11
0.7497173622047244
21
0.2112201968503937
0
LINE
8
BLACK
6
CONTINUOUS
10
0.7497173622047244
20
0.2112201968503937
11
0.7525527165354331
21
0.2108070866141732
0
LINE
8
BLACK
6
CONTINUOUS
10
0.7525527165354331
20
0.2108070866141732
11
0.8104393700787401
21
0.210807125984252
0
LINE
8
BLACK
6
CONTINUOUS
10
0.8104393700787401
20
0.210807125984252
11
0.8132747637795276
21
0.2112201968503937
0
LINE
8
BLACK
6
CONTINUOUS
10
0.8132747637795276
20
0.2112201968503937
11
0.8176482677165354
21
0.2133582677165354
0
LINE
8
BLACK
6
CONTINUOUS
10
0.8176482677165354
20
0.2133582677165354
11
0.8210905511811023
21
0.2168005511811024
0
LINE
8
BLACK
6
CONTINUOUS
10
0.8210905511811023
20
0.2168005511811024
11
0.8232286220472441
21
0.2211740551181102
0
LINE
8
BLACK
6
CONTINUOUS
10
0.8232286220472441
20
0.2211740551181102
11
0.8236417322834646
21
0.2240094094488189
0
LINE
8
BLACK
6
CONTINUOUS
10
0.8236417322834646
20
0.2240094094488189
11
0.8236416929133858
21
0.2385889763779528
0
LINE
8
BLACK
6
CONTINUOUS
10
0.8236416929133858
20
0.2385889763779528
11
0.8232286220472441
21
0.2414243700787402
0
LINE
8
BLACK
6
CONTINUOUS
10
0.8232286220472441
20
0.2414243700787402
11
0.8210905511811023
21
0.245797874015748
0
LINE
8
BLACK
6
CONTINUOUS
10
0.8210905511811023
20
0.245797874015748
11
0.8176482677165354
21
0.2492401574803149
0
LINE
8
BLACK
6
CONTINUOUS
10
0.8176482677165354
20
0.2492401574803149
11
0.8132747637795276
21
0.2513782283464567
0
LINE
8
BLACK
6
CONTINUOUS
10
0.8132747637795276
20
0.2513782283464567
11
0.8104394094488189
21
0.2517913385826772
0
LINE
8
BLACK
6
CONTINUOUS
10
0.8104394094488189
20
0.2517913385826772
11
0.8104393700787401
21
0.2517913385826772
0
LINE
8
BLACK
6
CONTINUOUS
10
0.8104393700787401
20
0.2517913385826772
11
0.7525527559055117
21
0.2517913385826772
0
LINE
8
BLACK
6
CONTINUOUS
10
0.7525527559055117
20
0.2517913385826772
11
0.7497172834645669
21
0.2513782283464567
0
LINE
8
BLACK
6
CONTINUOUS
10
0.7497172834645669
20
0.2513782283464567
11
0.7459486614173229
21
0.2495358661417323
0
LINE
8
BLACK
6
CONTINUOUS
10
0.7459486614173229
20
0.2495358661417323
11
0.7437231496062991
21
0.2493977165354331
0
LINE
8
BLACK
6
CONTINUOUS
10
0.7437231496062991
20
0.2493977165354331
11
0.7420517716535433
21
0.2508737007874016
0
LINE
8
BLACK
6
CONTINUOUS
10
0.7420517716535433
20
0.2508737007874016
11
0.741811811023622
21
0.2515846456692913
0
LINE
8
BLACK
6
CONTINUOUS
10
0.741811811023622
20
0.2515846456692913
11
0.7410404724409448
21
0.2554623622047244
0
LINE
8
BLACK
6
CONTINUOUS
10
0.7410404724409448
20
0.2554623622047244
11
0.7400344488188976
21
0.2578911811023622
0
LINE
8
BLACK
6
CONTINUOUS
10
0.7400344488188976
20
0.2578911811023622
11
0.7391990157480315
21
0.2599081102362205
0
LINE
8
BLACK
6
CONTINUOUS
10
0.7391990157480315
20
0.2599081102362205
11
0.7391989763779527
21
0.259908188976378
0
LINE
8
BLACK
6
CONTINUOUS
10
0.7391989763779527
20
0.259908188976378
11
0.7365255118110237
21
0.2639092913385827
0
LINE
8
BLACK
6
CONTINUOUS
10
0.7365255118110237
20
0.2639092913385827
11
0.7331227952755905
21
0.2673120078740158
0
LINE
8
BLACK
6
CONTINUOUS
10
0.7331227952755905
20
0.2673120078740158
11
0.732605748031496
21
0.2676574803149606
0
LINE
8
BLACK
6
CONTINUOUS
10
0.732605748031496
20
0.2676574803149606
11
0.7291215748031495
21
0.2699855511811023
0
LINE
8
BLACK
6
CONTINUOUS
10
0.7291215748031495
20
0.2699855511811023
11
0.7246760236220472
21
0.2718269291338583
0
LINE
8
BLACK
6
CONTINUOUS
10
0.7246760236220472
20
0.2718269291338583
11
0.7246756299212598
21
0.2718270472440945
0
LINE
8
BLACK
6
CONTINUOUS
10
0.7246756299212598
20
0.2718270472440945
11
0.7215151574803149
21
0.2724557086614173
0
LINE
8
BLACK
6
CONTINUOUS
10
0.7215151574803149
20
0.2724557086614173
11
0.7199562204724409
21
0.2727657874015748
0
LINE
8
BLACK
6
CONTINUOUS
10
0.7199562204724409
20
0.2727657874015748
11
0.7151440944881889
21
0.2727657874015748
0
LINE
8
BLACK
6
CONTINUOUS
10
0.7151440944881889
20
0.2727657874015748
11
0.7138061023622047
21
0.2724996456692914
0
LINE
8
BLACK
6
CONTINUOUS
10
0.7138061023622047
20
0.2724996456692914
11
0.7104246456692913
21
0.2718270472440945
0
LINE
8
BLACK
6
CONTINUOUS
10
0.7104246456692913
20
0.2718270472440945
11
0.7104242519685039
21
0.2718269291338583
0
LINE
8
BLACK
6
CONTINUOUS
10
0.7104242519685039
20
0.2718269291338583
11
0.7059787007874015
21
0.2699855511811023
0
LINE
8
BLACK
6
CONTINUOUS
10
0.7059787007874015
20
0.2699855511811023
11
0.7019776377952756
21
0.267312125984252
0
LINE
8
BLACK
6
CONTINUOUS
10
0.7019776377952756
20
0.267312125984252
11
0.69857468503937
21
0.2639091732283464
0
LINE
8
BLACK
6
CONTINUOUS
10
0.69857468503937
20
0.2639091732283464
11
0.6959012598425197
21
0.2599081102362205
0
LINE
8
BLACK
6
CONTINUOUS
10
0.6959012598425197
20
0.2599081102362205
11
0.6940598818897638
21
0.2554625590551181
0
LINE
8
BLACK
6
CONTINUOUS
10
0.6940598818897638
20
0.2554625590551181
11
0.6940597637795275
21
0.2554621653543307
0
LINE
8
BLACK
6
CONTINUOUS
10
0.6940597637795275
20
0.2554621653543307
11
0.6936445669291338
21
0.2533747637795276
0
LINE
8
BLACK
6
CONTINUOUS
10
0.6936445669291338
20
0.2533747637795276
11
0.6931210236220472
21
0.2507427165354331
0
LINE
8
BLACK
6
CONTINUOUS
10
0.6931210236220472
20
0.2507427165354331
11
0.6931210236220472
21
0.2459305905511811
0
LINE
8
BLACK
6
CONTINUOUS
10
0.3243575984251968
20
0.4151257086614173
11
0.3243544094488189
21
0.4151333858267716
0
LINE
8
BLACK
6
CONTINUOUS
10
0.3243544094488189
20
0.4151333858267716
11
0.3225161417322834
21
0.4195714566929134
0
LINE
8
BLACK
6
CONTINUOUS
10
0.3225161417322834
20
0.4195714566929134
11
0.3206052362204724
21
0.4224312992125984
0
LINE
8
BLACK
6
CONTINUOUS
10
0.3206052362204724
20
0.4224312992125984
11
0.3198426377952756
21
0.4235726377952756
0
LINE
8
BLACK
6
CONTINUOUS
10
0.3198426377952756
20
0.4235726377952756
11
0.3164399212598425
21
0.4269753543307087
0
LINE
8
BLACK
6
CONTINUOUS
10
0.3164399212598425
20
0.4269753543307087
11
0.3145907874015748
21
0.428210905511811
0
LINE
8
BLACK
6
CONTINUOUS
10
0.3145907874015748
20
0.428210905511811
11
0.3124387007874015
21
0.4296488976377953
0
LINE
8
BLACK
6
CONTINUOUS
10
0.3124387007874015
20
0.4296488976377953
11
0.3079931496062992
21
0.4314902755905512
0
LINE
8
BLACK
6
CONTINUOUS
10
0.3079931496062992
20
0.4314902755905512
11
0.3079927559055118
21
0.4314903937007874
0
LINE
8
BLACK
6
CONTINUOUS
10
0.3079927559055118
20
0.4314903937007874
11
0.3048322834645669
21
0.4321190551181102
0
LINE
8
BLACK
6
CONTINUOUS
10
0.3048322834645669
20
0.4321190551181102
11
0.3032733464566929
21
0.4324291338582677
0
LINE
8
BLACK
6
CONTINUOUS
10
0.3032733464566929
20
0.4324291338582677
11
0.2984612204724409
21
0.4324291338582677
0
LINE
8
BLACK
6
CONTINUOUS
10
0.2984612204724409
20
0.4324291338582677
11
0.2971232283464567
21
0.4321629921259842
0
LINE
8
BLACK
6
CONTINUOUS
10
0.2971232283464567
20
0.4321629921259842
11
0.2937417716535433
21
0.4314903937007874
0
LINE
8
BLACK
6
CONTINUOUS
10
0.2937417716535433
20
0.4314903937007874
11
0.2937413779527559
21
0.4314902755905512
0
LINE
8
BLACK
6
CONTINUOUS
10
0.2937413779527559
20
0.4314902755905512
11
0.2892958267716536
21
0.4296488976377953
0
LINE
8
BLACK
6
CONTINUOUS
10
0.2892958267716536
20
0.4296488976377953
11
0.2852947637795276
21
0.4269754724409449
0
LINE
8
BLACK
6
CONTINUOUS
10
0.2852947637795276
20
0.4269754724409449
11
0.2852946456692914
21
0.4269753543307087
0
LINE
8
BLACK
6
CONTINUOUS
10
0.2852946456692914
20
0.4269753543307087
11
0.2818919291338582
21
0.4235726377952756
0
LINE
8
BLACK
6
CONTINUOUS
10
0.2818919291338582
20
0.4235726377952756
11
0.2807566535433071
21
0.4218735433070866
0
LINE
8
BLACK
6
CONTINUOUS
10
0.2807566535433071
20
0.4218735433070866
11
0.2800204330708662
21
0.4207717322834645
0
LINE
8
BLACK
6
CONTINUOUS
10
0.2800204330708662
20
0.4207717322834645
11
0.2781663779527559
21
0.4195329527559055
0
LINE
8
BLACK
6
CONTINUOUS
10
0.2781663779527559
20
0.4195329527559055
11
0.277598031496063
21
0.419476968503937
0
LINE
8
BLACK
6
CONTINUOUS
10
0.277598031496063
20
0.419476968503937
11
0.2682948818897637
21
0.419476968503937
0
LINE
8
BLACK
6
CONTINUOUS
10
0.2682948818897637
20
0.419476968503937
11
0.2662348031496063
21
0.4203302755905512
0
LINE
8
BLACK
6
CONTINUOUS
10
0.2662348031496063
20
0.4203302755905512
11
0.2658725196850394
21
0.4207717322834645
0
LINE
8
BLACK
6
CONTINUOUS
10
0.2658725196850394
20
0.4207717322834645
11
0.2647636220472441
21
0.4224312992125984
0
LINE
8
BLACK
6
CONTINUOUS
10
0.2647636220472441
20
0.4224312992125984
11
0.2647635433070866
21
0.4224313779527559
0
LINE
8
BLACK
6
CONTINUOUS
10
0.2647635433070866
20
0.4224313779527559
11
0.2647634645669291
21
0.4224314960629921
0
LINE
8
BLACK
6
CONTINUOUS
10
0.2647634645669291
20
0.4224314960629921
11
0.2613607480314961
21
0.4258342125984252
0
LINE
8
BLACK
6
CONTINUOUS
10
0.2613607480314961
20
0.4258342125984252
11
0.2613003937007874
21
0.4258745275590551
0
LINE
8
BLACK
6
CONTINUOUS
10
0.2613003937007874
20
0.4258745275590551
11
0.26
21
0.4267434645669291
0
LINE
8
BLACK
6
CONTINUOUS
10
0.26
20
0.4267434645669291
11
0.2573595275590551
21
0.4285077559055118
0
LINE
8
BLACK
6
CONTINUOUS
10
0.2573595275590551
20
0.4285077559055118
11
0.2529139763779528
21
0.4303491338582677
0
LINE
8
BLACK
6
CONTINUOUS
10
0.2529139763779528
20
0.4303491338582677
11
0.2529135826771653
21
0.4303492519685039
0
LINE
8
BLACK
6
CONTINUOUS
10
0.2529135826771653
20
0.4303492519685039
11
0.2497531102362205
21
0.4309779133858267
0
LINE
8
BLACK
6
CONTINUOUS
10
0.2497531102362205
20
0.4309779133858267
11
0.2481941732283464
21
0.4312879921259842
0
LINE
8
BLACK
6
CONTINUOUS
10
0.2481941732283464
20
0.4312879921259842
11
0.2433820472440945
21
0.4312879921259842
0
LINE
8
BLACK
6
CONTINUOUS
10
0.2433820472440945
20
0.4312879921259842
11
0.2420440551181102
21
0.4310218503937008
0
LINE
8
BLACK
6
CONTINUOUS
10
0.2420440551181102
20
0.4310218503937008
11
0.2386625984251969
21
0.4303492519685039
0
LINE
8
BLACK
6
CONTINUOUS
10
0.2386625984251969
20
0.4303492519685039
11
0.2386622047244094
21
0.4303491338582677
0
LINE
8
BLACK
6
CONTINUOUS
10
0.2386622047244094
20
0.4303491338582677
11
0.2342166535433071
21
0.4285077559055118
0
LINE
8
BLACK
6
CONTINUOUS
10
0.2342166535433071
20
0.4285077559055118
11
0.2302155905511811
21
0.4258343307086614
0
LINE
8
BLACK
6
CONTINUOUS
10
0.2302155905511811
20
0.4258343307086614
11
0.2268126377952756
21
0.4224313779527559
0
LINE
8
BLACK
6
CONTINUOUS
10
0.2268126377952756
20
0.4224313779527559
11
0.2241392125984252
21
0.4184303149606299
0
LINE
8
BLACK
6
CONTINUOUS
10
0.2241392125984252
20
0.4184303149606299
11
0.2222978346456693
21
0.4139847637795275
0
LINE
8
BLACK
6
CONTINUOUS
10
0.2222978346456693
20
0.4139847637795275
11
0.2222977165354331
21
0.4139843700787402
0
LINE
8
BLACK
6
CONTINUOUS
10
0.2222977165354331
20
0.4139843700787402
11
0.2213589763779527
21
0.4092648818897638
0
LINE
8
BLACK
6
CONTINUOUS
10
0.2213589763779527
20
0.4092648818897638
11
0.2213589763779527
21
0.404452874015748
0
LINE
8
BLACK
6
CONTINUOUS
10
0.2213589763779527
20
0.404452874015748
11
0.2222977165354331
21
0.3997333858267716
0
LINE
8
BLACK
6
CONTINUOUS
10
0.2222977165354331
20
0.3997333858267716
11
0.2222978346456693
21
0.3997329921259842
0
LINE
8
BLACK
6
CONTINUOUS
10
0.2222978346456693
20
0.3997329921259842
11
0.2241392125984252
21
0.3952874409448819
0
LINE
8
BLACK
6
CONTINUOUS
10
0.2241392125984252
20
0.3952874409448819
11
0.2241392519685039
21
0.3952873622047244
0
LINE
8
BLACK
6
CONTINUOUS
10
0.2241392519685039
20
0.3952873622047244
11
0.2241392913385827
21
0.3952873228346457
0
LINE
8
BLACK
6
CONTINUOUS
10
0.2241392913385827
20
0.3952873228346457
11
0.2268127559055118
21
0.3912862204724409
0
LINE
8
BLACK
6
CONTINUOUS
10
0.2268127559055118
20
0.3912862204724409
11
0.2302154724409449
21
0.3878835039370079
0
LINE
8
BLACK
6
CONTINUOUS
10
0.2302154724409449
20
0.3878835039370079
11
0.2310870866141732
21
0.3873011023622047
0
LINE
8
BLACK
6
CONTINUOUS
10
0.2310870866141732
20
0.3873011023622047
11
0.232325905511811
21
0.3854471653543307
0
LINE
8
BLACK
6
CONTINUOUS
10
0.232325905511811
20
0.3854471653543307
11
0.2323818897637795
21
0.3848787401574803
0
LINE
8
BLACK
6
CONTINUOUS
10
0.2323818897637795
20
0.3848787401574803
11
0.2323818897637795
21
0.2653387795275591
0
LINE
8
BLACK
6
CONTINUOUS
10
0.2323818897637795
20
0.2653387795275591
11
0.2332417716535433
21
0.2621295669291339
0
LINE
8
BLACK
6
CONTINUOUS
10
0.2332417716535433
20
0.2621295669291339
11
0.2332418503937008
21
0.2621294094488189
0
LINE
8
BLACK
6
CONTINUOUS
10
0.2332418503937008
20
0.2621294094488189
11
0.234902874015748
21
0.2592524409448819
0
LINE
8
BLACK
6
CONTINUOUS
10
0.234902874015748
20
0.2592524409448819
11
0.2349029133858268
21
0.2592524015748032
0
LINE
8
BLACK
6
CONTINUOUS
10
0.2349029133858268
20
0.2592524015748032
11
0.2349029921259843
21
0.2592522834645669
0
LINE
8
BLACK
6
CONTINUOUS
10
0.2349029921259843
20
0.2592522834645669
11
0.2351629527559055
21
0.2589923228346457
0
LINE
8
BLACK
6
CONTINUOUS
10
0.2351629527559055
20
0.2589923228346457
11
0.2360162598425197
21
0.2569322834645669
0
LINE
8
BLACK
6
CONTINUOUS
10
0.2360162598425197
20
0.2569322834645669
11
0.2359602755905512
21
0.2563639763779528
0
LINE
8
BLACK
6
CONTINUOUS
10
0.2359602755905512
20
0.2563639763779528
11
0.2355708661417323
21
0.2544061023622047
0
LINE
8
BLACK
6
CONTINUOUS
10
0.2355708661417323
20
0.2544061023622047
11
0.2355708661417323
21
0.2495940157480315
0
LINE
8
BLACK
6
CONTINUOUS
10
0.2355708661417323
20
0.2495940157480315
11
0.2365096062992126
21
0.2448745275590551
0
LINE
8
BLACK
6
CONTINUOUS
10
0.2365096062992126
20
0.2448745275590551
11
0.2365097244094488
21
0.2448741338582677
0
LINE
8
BLACK
6
CONTINUOUS
10
0.2365097244094488
20
0.2448741338582677
11
0.2383511023622047
21
0.2404285826771654
0
LINE
8
BLACK
6
CONTINUOUS
10
0.2383511023622047
20
0.2404285826771654
11
0.2383511417322835
21
0.2404285039370079
0
LINE
8
BLACK
6
CONTINUOUS
10
0.2383511417322835
20
0.2404285039370079
11
0.2383511811023622
21
0.2404284645669291
0
LINE
8
BLACK
6
CONTINUOUS
10
0.2383511811023622
20
0.2404284645669291
11
0.2410246456692913
21
0.2364273622047244
0
LINE
8
BLACK
6
CONTINUOUS
10
0.2410246456692913
20
0.2364273622047244
11
0.2444273622047244
21
0.2330246456692913
0
LINE
8
BLACK
6
CONTINUOUS
10
0.2444273622047244
20
0.2330246456692913
11
0.2484284645669291
21
0.2303511811023622
0
LINE
8
BLACK
6
CONTINUOUS
10
0.2484284645669291
20
0.2303511811023622
11
0.2528742913385827
21
0.2285096850393701
0
LINE
8
BLACK
6
CONTINUOUS
10
0.2528742913385827
20
0.2285096850393701
11
0.257593937007874
21
0.2275708661417323
0
LINE
8
BLACK
6
CONTINUOUS
10
0.257593937007874
20
0.2275708661417323
11
0.2575940157480315
21
0.2275708661417323
0
LINE
8
BLACK
6
CONTINUOUS
10
0.2575940157480315
20
0.2275708661417323
11
0.26
21
0.2275708661417323
0
LINE
8
BLACK
6
CONTINUOUS
10
0.26
20
0.2275708661417323
11
0.2624059842519685
21
0.2275708661417323
0
LINE
8
BLACK
6
CONTINUOUS
10
0.2624059842519685
20
0.2275708661417323
11
0.262406062992126
21
0.2275708661417323
0
LINE
8
BLACK
6
CONTINUOUS
10
0.262406062992126
20
0.2275708661417323
11
0.2671257086614173
21
0.2285096850393701
0
LINE
8
BLACK
6
CONTINUOUS
10
0.2671257086614173
20
0.2285096850393701
11
0.2715715354330709
21
0.2303511811023622
0
LINE
8
BLACK
6
CONTINUOUS
10
0.2715715354330709
20
0.2303511811023622
11
0.2755726377952756
21
0.2330246456692913
0
LINE
8
BLACK
6
CONTINUOUS
10
0.2755726377952756
20
0.2330246456692913
11
0.2789753543307086
21
0.2364273622047244
0
LINE
8
BLACK
6
CONTINUOUS
10
0.2789753543307086
20
0.2364273622047244
11
0.2816488188976378
21
0.2404284645669291
0
LINE
8
BLACK
6
CONTINUOUS
10
0.2816488188976378
20
0.2404284645669291
11
0.2834903149606299
21
0.2448742913385827
0
LINE
8
BLACK
6
CONTINUOUS
10
0.2834903149606299
20
0.2448742913385827
11
0.2844291338582677
21
0.249593937007874
0
LINE
8
BLACK
6
CONTINUOUS
10
0.2844291338582677
20
0.249593937007874
11
0.2844291338582677
21
0.254406062992126
0
LINE
8
BLACK
6
CONTINUOUS
10
0.2844291338582677
20
0.254406062992126
11
0.2834903149606299
21
0.2591257086614173
0
LINE
8
BLACK
6
CONTINUOUS
10
0.2834903149606299
20
0.2591257086614173
11
0.2834378346456693
21
0.2592524409448819
0
LINE
8
BLACK
6
CONTINUOUS
10
0.2834378346456693
20
0.2592524409448819
11
0.2816488582677165
21
0.2635714566929134
0
LINE
8
BLACK
6
CONTINUOUS
10
0.2816488582677165
20
0.2635714566929134
11
0.281423188976378
21
0.2639091732283464
0
LINE
8
BLACK
6
CONTINUOUS
10
0.281423188976378
20
0.2639091732283464
11
0.2789753543307086
21
0.2675726377952756
0
LINE
8
BLACK
6
CONTINUOUS
10
0.2789753543307086
20
0.2675726377952756
11
0.2755726377952756
21
0.2709753543307086
0
LINE
8
BLACK
6
CONTINUOUS
10
0.2755726377952756
20
0.2709753543307086
11
0.2715715354330709
21
0.2736488188976378
0
LINE
8
BLACK
6
CONTINUOUS
10
0.2715715354330709
20
0.2736488188976378
11
0.2715714960629921
21
0.2736488582677165
0
LINE
8
BLACK
6
CONTINUOUS
10
0.2715714960629921
20
0.2736488582677165
11
0.2715714173228346
21
0.2736488976377953
0
LINE
8
BLACK
6
CONTINUOUS
10
0.2715714173228346
20
0.2736488976377953
11
0.2671258661417323
21
0.2754902755905512
0
LINE
8
BLACK
6
CONTINUOUS
10
0.2671258661417323
20
0.2754902755905512
11
0.2671254724409449
21
0.2754903937007874
0
LINE
8
BLACK
6
CONTINUOUS
10
0.2671254724409449
20
0.2754903937007874
11
0.263965
21
0.2761190551181102
0
LINE
8
BLACK
6
CONTINUOUS
10
0.263965
20
0.2761190551181102
11
0.262406062992126
21
0.2764291338582677
0
LINE
8
BLACK
6
CONTINUOUS
10
0.262406062992126
20
0.2764291338582677
11
0.2624059842519685
21
0.2764291338582677
0
LINE
8
BLACK
6
CONTINUOUS
10
0.2624059842519685
20
0.2764291338582677
11
0.2605314960629921
21
0.2764291338582677
0
LINE
8
BLACK
6
CONTINUOUS
10
0.2605314960629921
20
0.2764291338582677
11
0.26
21
0.2766492913385827
0
LINE
8
BLACK
6
CONTINUOUS
10
0.26
20
0.2766492913385827
11
0.26
21
0.2766342125984252
0
LINE
8
BLACK
6
CONTINUOUS
10
0.26
20
0.2766342125984252
11
0.2594716535433071
21
0.2768681496062992
0
LINE
8
BLACK
6
CONTINUOUS
10
0.2594716535433071
20
0.2768681496062992
11
0.2584714173228346
21
0.2772824409448819
0
LINE
8
BLACK
6
CONTINUOUS
10
0.2584714173228346
20
0.2772824409448819
11
0.2584568897637795
21
0.2773175196850394
0
LINE
8
BLACK
6
CONTINUOUS
10
0.2584568897637795
20
0.2773175196850394
11
0.2584222440944882
21
0.2773328346456693
0
LINE
8
BLACK
6
CONTINUOUS
10
0.2584222440944882
20
0.2773328346456693
11
0.2580325590551181
21
0.2783418897637795
0
LINE
8
BLACK
6
CONTINUOUS
10
0.2580325590551181
20
0.2783418897637795
11
0.2576181102362204
21
0.2793425196850394
0
LINE
8
BLACK
6
CONTINUOUS
10
0.2576181102362204
20
0.2793425196850394
11
0.2576181102362204
21
0.3838255511811023
0
LINE
8
BLACK
6
CONTINUOUS
10
0.2576181102362204
20
0.3838255511811023
11
0.2584714173228346
21
0.3858856299212599
0
LINE
8
BLACK
6
CONTINUOUS
10
0.2584714173228346
20
0.3858856299212599
11
0.2589126377952756
21
0.3862477559055118
0
LINE
8
BLACK
6
CONTINUOUS
10
0.2589126377952756
20
0.3862477559055118
11
0.26
21
0.3869742913385827
0
LINE
8
BLACK
6
CONTINUOUS
10
0.26
20
0.3869742913385827
11
0.26
21
0.3869743307086614
0
LINE
8
BLACK
6
CONTINUOUS
10
0.26
20
0.3869743307086614
11
0.2613607480314961
21
0.3878835039370079
0
LINE
8
BLACK
6
CONTINUOUS
10
0.2613607480314961
20
0.3878835039370079
11
0.2647634645669291
21
0.3912862204724409
0
LINE
8
BLACK
6
CONTINUOUS
10
0.2647634645669291
20
0.3912862204724409
11
0.2647905511811023
21
0.3913267322834645
0
LINE
8
BLACK
6
CONTINUOUS
10
0.2647905511811023
20
0.3913267322834645
11
0.2658725196850394
21
0.3929459842519685
0
LINE
8
BLACK
6
CONTINUOUS
10
0.2658725196850394
20
0.3929459842519685
11
0.2677265354330708
21
0.3941847637795275
0
LINE
8
BLACK
6
CONTINUOUS
10
0.2677265354330708
20
0.3941847637795275
11
0.2682948818897637
21
0.3942407480314961
0
LINE
8
BLACK
6
CONTINUOUS
10
0.2682948818897637
20
0.3942407480314961
11
0.279123031496063
21
0.3942407480314961
0
LINE
8
BLACK
6
CONTINUOUS
10
0.279123031496063
20
0.3942407480314961
11
0.2811831102362204
21
0.3933874409448819
0
LINE
8
BLACK
6
CONTINUOUS
10
0.2811831102362204
20
0.3933874409448819
11
0.2815453937007874
21
0.3929460236220472
0
LINE
8
BLACK
6
CONTINUOUS
10
0.2815453937007874
20
0.3929460236220472
11
0.2818919291338582
21
0.3924273622047244
0
LINE
8
BLACK
6
CONTINUOUS
10
0.2818919291338582
20
0.3924273622047244
11
0.2852946456692914
21
0.3890246456692913
0
LINE
8
BLACK
6
CONTINUOUS
10
0.2852946456692914
20
0.3890246456692913
11
0.289295748031496
21
0.3863511811023622
0
LINE
8
BLACK
6
CONTINUOUS
10
0.289295748031496
20
0.3863511811023622
11
0.2892957874015748
21
0.3863511811023622
0
LINE
8
BLACK
6
CONTINUOUS
10
0.2892957874015748
20
0.3863511811023622
11
0.2892958267716536
21
0.3863511417322835
0
LINE
8
BLACK
6
CONTINUOUS
10
0.2892958267716536
20
0.3863511417322835
11
0.2926170472440945
21
0.3849754724409449
0
LINE
8
BLACK
6
CONTINUOUS
10
0.2926170472440945
20
0.3849754724409449
11
0.2937415748031496
21
0.3845096850393701
0
LINE
8
BLACK
6
CONTINUOUS
10
0.2937415748031496
20
0.3845096850393701
11
0.2984612204724409
21
0.3835708661417322
0
LINE
8
BLACK
6
CONTINUOUS
10
0.2984612204724409
20
0.3835708661417322
11
0.2984612992125984
21
0.3835708661417322
0
LINE
8
BLACK
6
CONTINUOUS
10
0.2984612992125984
20
0.3835708661417322
11
0.3032732677165354
21
0.3835708661417322
0
LINE
8
BLACK
6
CONTINUOUS
10
0.3032732677165354
20
0.3835708661417322
11
0.3032733464566929
21
0.3835708661417322
0
LINE
8
BLACK
6
CONTINUOUS
10
0.3032733464566929
20
0.3835708661417322
11
0.3079929921259842
21
0.3845096850393701
0
LINE
8
BLACK
6
CONTINUOUS
10
0.3079929921259842
20
0.3845096850393701
11
0.3124388188976378
21
0.3863511811023622
0
LINE
8
BLACK
6
CONTINUOUS
10
0.3124388188976378
20
0.3863511811023622
11
0.3164399212598425
21
0.3890246456692913
0
LINE
8
BLACK
6
CONTINUOUS
10
0.3164399212598425
20
0.3890246456692913
11
0.3198426377952756
21
0.3924273622047244
0
LINE
8
BLACK
6
CONTINUOUS
10
0.3198426377952756
20
0.3924273622047244
11
0.3225161023622047
21
0.3964284645669292
0
LINE
8
BLACK
6
CONTINUOUS
10
0.3225161023622047
20
0.3964284645669292
11
0.3243575984251968
21
0.4008742913385827
0
LINE
8
BLACK
6
CONTINUOUS
10
0.3243575984251968
20
0.4008742913385827
11
0.3252964173228347
21
0.405593937007874
0
LINE
8
BLACK
6
CONTINUOUS
10
0.3252964173228347
20
0.405593937007874
11
0.3252964173228347
21
0.410406062992126
0
LINE
8
BLACK
6
CONTINUOUS
10
0.3252964173228347
20
0.410406062992126
11
0.3248385039370079
21
0.4127081102362204
0
LINE
8
BLACK
6
CONTINUOUS
10
0.3248385039370079
20
0.4127081102362204
11
0.3243575984251968
21
0.4151257086614173
0
LINE
8
BLACK
6
CONTINUOUS
10
0.3909448818897638
20
0.4078961023622047
11
0.3918836220472441
21
0.4031766141732284
0
LINE
8
BLACK
6
CONTINUOUS
10
0.3918836220472441
20
0.4031766141732284
11
0.3918837401574803
21
0.4031762204724409
0
LINE
8
BLACK
6
CONTINUOUS
10
0.3918837401574803
20
0.4031762204724409
11
0.3937251181102362
21
0.3987306692913385
0
LINE
8
BLACK
6
CONTINUOUS
10
0.3937251181102362
20
0.3987306692913385
11
0.3956228346456693
21
0.3958905118110236
0
LINE
8
BLACK
6
CONTINUOUS
10
0.3956228346456693
20
0.3958905118110236
11
0.3963986614173228
21
0.3947294488188977
0
LINE
8
BLACK
6
CONTINUOUS
10
0.3963986614173228
20
0.3947294488188977
11
0.3998013779527559
21
0.3913267322834645
0
LINE
8
BLACK
6
CONTINUOUS
10
0.3998013779527559
20
0.3913267322834645
11
0.4038024803149606
21
0.3886532677165354
0
LINE
8
BLACK
6
CONTINUOUS
10
0.4038024803149606
20
0.3886532677165354
11
0.4038025196850394
21
0.3886532677165354
0
LINE
8
BLACK
6
CONTINUOUS
10
0.4038025196850394
20
0.3886532677165354
11
0.4038025590551181
21
0.3886532283464567
0
LINE
8
BLACK
6
CONTINUOUS
10
0.4038025590551181
20
0.3886532283464567
11
0.4070667322834646
21
0.3873011811023622
0
LINE
8
BLACK
6
CONTINUOUS
10
0.4070667322834646
20
0.3873011811023622
11
0.4082483070866141
21
0.3868117716535433
0
LINE
8
BLACK
6
CONTINUOUS
10
0.4082483070866141
20
0.3868117716535433
11
0.4129679527559055
21
0.3858729527559055
0
LINE
8
BLACK
6
CONTINUOUS
10
0.4129679527559055
20
0.3858729527559055
11
0.412968031496063
21
0.3858729527559055
0
LINE
8
BLACK
6
CONTINUOUS
10
0.412968031496063
20
0.3858729527559055
11
0.41778
21
0.3858729527559055
0
LINE
8
BLACK
6
CONTINUOUS
10
0.41778
20
0.3858729527559055
11
0.4177800787401575
21
0.3858729527559055
0
LINE
8
BLACK
6
CONTINUOUS
10
0.4177800787401575
20
0.3858729527559055
11
0.4224997244094488
21
0.3868117716535433
0
LINE
8
BLACK
6
CONTINUOUS
10
0.4224997244094488
20
0.3868117716535433
11
0.4269455511811023
21
0.3886532677165354
0
LINE
8
BLACK
6
CONTINUOUS
10
0.4269455511811023
20
0.3886532677165354
11
0.4309466535433071
21
0.3913267322834645
0
LINE
8
BLACK
6
CONTINUOUS
10
0.4309466535433071
20
0.3913267322834645
11
0.4343493700787401
21
0.3947294488188977
0
LINE
8
BLACK
6
CONTINUOUS
10
0.4343493700787401
20
0.3947294488188977
11
0.4347222047244094
21
0.3952874409448819
0
LINE
8
BLACK
6
CONTINUOUS
10
0.4347222047244094
20
0.3952874409448819
11
0.4354584251968504
21
0.3963892125984252
0
LINE
8
BLACK
6
CONTINUOUS
10
0.4354584251968504
20
0.3963892125984252
11
0.4373124409448819
21
0.3976279921259843
0
LINE
8
BLACK
6
CONTINUOUS
10
0.4373124409448819
20
0.3976279921259843
11
0.4378807874015748
21
0.3976839763779527
0
LINE
8
BLACK
6
CONTINUOUS
10
0.4378807874015748
20
0.3976839763779527
11
0.5798606299212599
21
0.3976839763779527
0
LINE
8
BLACK
6
CONTINUOUS
10
0.5798606299212599
20
0.3976839763779527
11
0.5814792125984252
21
0.3971929921259842
0
LINE
8
BLACK
6
CONTINUOUS
10
0.5814792125984252
20
0.3971929921259842
11
0.5834284645669291
21
0.3958905511811023
0
LINE
8
BLACK
6
CONTINUOUS
10
0.5834284645669291
20
0.3958905511811023
11
0.5878742913385827
21
0.3940490551181102
0
LINE
8
BLACK
6
CONTINUOUS
10
0.5878742913385827
20
0.3940490551181102
11
0.592593937007874
21
0.3931102362204724
0
LINE
8
BLACK
6
CONTINUOUS
10
0.592593937007874
20
0.3931102362204724
11
0.5925940157480315
21
0.3931102362204724
0
LINE
8
BLACK
6
CONTINUOUS
10
0.5925940157480315
20
0.3931102362204724
11
0.5974059842519684
21
0.3931102362204724
0
LINE
8
BLACK
6
CONTINUOUS
10
0.5974059842519684
20
0.3931102362204724
11
0.597406062992126
21
0.3931102362204724
0
LINE
8
BLACK
6
CONTINUOUS
10
0.597406062992126
20
0.3931102362204724
11
0.6021257086614173
21
0.3940490551181102
0
LINE
8
BLACK
6
CONTINUOUS
10
0.6021257086614173
20
0.3940490551181102
11
0.6065715354330709
21
0.3958905511811023
0
LINE
8
BLACK
6
CONTINUOUS
10
0.6065715354330709
20
0.3958905511811023
11
0.6105726377952756
21
0.3985640157480315
0
LINE
8
BLACK
6
CONTINUOUS
10
0.6105726377952756
20
0.3985640157480315
11
0.6139753543307086
21
0.4019667322834646
0
LINE
8
BLACK
6
CONTINUOUS
10
0.6139753543307086
20
0.4019667322834646
11
0.6166488188976378
21
0.4059678346456693
0
LINE
8
BLACK
6
CONTINUOUS
10
0.6166488188976378
20
0.4059678346456693
11
0.6184903149606299
21
0.4104136614173228
0
LINE
8
BLACK
6
CONTINUOUS
10
0.6184903149606299
20
0.4104136614173228
11
0.6194291338582677
21
0.4151333070866142
0
LINE
8
BLACK
6
CONTINUOUS
10
0.6194291338582677
20
0.4151333070866142
11
0.6194291338582677
21
0.4199454330708661
0
LINE
8
BLACK
6
CONTINUOUS
10
0.6194291338582677
20
0.4199454330708661
11
0.6184903149606299
21
0.4246650787401575
0
LINE
8
BLACK
6
CONTINUOUS
10
0.6184903149606299
20
0.4246650787401575
11
0.618006062992126
21
0.4258342125984252
0
LINE
8
BLACK
6
CONTINUOUS
10
0.618006062992126
20
0.4258342125984252
11
0.6166488582677165
21
0.4291108267716535
0
LINE
8
BLACK
6
CONTINUOUS
10
0.6166488582677165
20
0.4291108267716535
11
0.6165375196850393
21
0.4292774409448819
0
LINE
8
BLACK
6
CONTINUOUS
10
0.6165375196850393
20
0.4292774409448819
11
0.6139753543307086
21
0.4331120078740157
0
LINE
8
BLACK
6
CONTINUOUS
10
0.6139753543307086
20
0.4331120078740157
11
0.6105726377952756
21
0.4365147244094488
0
LINE
8
BLACK
6
CONTINUOUS
10
0.6105726377952756
20
0.4365147244094488
11
0.6100366141732283
21
0.436872874015748
0
LINE
8
BLACK
6
CONTINUOUS
10
0.6100366141732283
20
0.436872874015748
11
0.6065714173228346
21
0.4391882677165354
0
LINE
8
BLACK
6
CONTINUOUS
10
0.6065714173228346
20
0.4391882677165354
11
0.6021258661417322
21
0.4410296456692913
0
LINE
8
BLACK
6
CONTINUOUS
10
0.6021258661417322
20
0.4410296456692913
11
0.6021254724409448
21
0.4410297637795276
0
LINE
8
BLACK
6
CONTINUOUS
10
0.6021254724409448
20
0.4410297637795276
11
0.598965
21
0.4416584251968504
0
LINE
8
BLACK
6
CONTINUOUS
10
0.598965
20
0.4416584251968504
11
0.597406062992126
21
0.4419685039370079
0
LINE
8
BLACK
6
CONTINUOUS
10
0.597406062992126
20
0.4419685039370079
11
0.592593937007874
21
0.4419685039370079
0
LINE
8
BLACK
6
CONTINUOUS
10
0.592593937007874
20
0.4419685039370079
11
0.5912559448818897
21
0.4417023622047244
0
LINE
8
BLACK
6
CONTINUOUS
10
0.5912559448818897
20
0.4417023622047244
11
0.5878744881889764
21
0.4410297637795276
0
LINE
8
BLACK
6
CONTINUOUS
10
0.5878744881889764
20
0.4410297637795276
11
0.5878740944881889
21
0.4410296456692913
0
LINE
8
BLACK
6
CONTINUOUS
10
0.5878740944881889
20
0.4410296456692913
11
0.5834285433070866
21
0.4391882677165354
0
LINE
8
BLACK
6
CONTINUOUS
10
0.5834285433070866
20
0.4391882677165354
11
0.5794274803149606
21
0.436514842519685
0
LINE
8
BLACK
6
CONTINUOUS
10
0.5794274803149606
20
0.436514842519685
11
0.5760245275590551
21
0.4331118897637795
0
LINE
8
BLACK
6
CONTINUOUS
10
0.5760245275590551
20
0.4331118897637795
11
0.5733511023622047
21
0.4291108267716535
0
LINE
8
BLACK
6
CONTINUOUS
10
0.5733511023622047
20
0.4291108267716535
11
0.5715318897637796
21
0.4247187007874015
0
LINE
8
BLACK
6
CONTINUOUS
10
0.5715318897637796
20
0.4247187007874015
11
0.5699551968503936
21
0.423141968503937
0
LINE
8
BLACK
6
CONTINUOUS
10
0.5699551968503936
20
0.423141968503937
11
0.5688402755905512
21
0.4229201968503937
0
LINE
8
BLACK
6
CONTINUOUS
10
0.5688402755905512
20
0.4229201968503937
11
0.4378807874015748
21
0.4229201968503937
0
LINE
8
BLACK
6
CONTINUOUS
10
0.4378807874015748
20
0.4229201968503937
11
0.4358207086614173
21
0.4237735039370079
0
LINE
8
BLACK
6
CONTINUOUS
10
0.4358207086614173
20
0.4237735039370079
11
0.4354584251968504
21
0.4242149606299213
0
LINE
8
BLACK
6
CONTINUOUS
10
0.4354584251968504
20
0.4242149606299213
11
0.4343495275590551
21
0.4258745275590551
0
LINE
8
BLACK
6
CONTINUOUS
10
0.4343495275590551
20
0.4258745275590551
11
0.4343494488188976
21
0.4258746062992126
0
LINE
8
BLACK
6
CONTINUOUS
10
0.4343494488188976
20
0.4258746062992126
11
0.4343493700787401
21
0.4258747244094488
0
LINE
8
BLACK
6
CONTINUOUS
10
0.4343493700787401
20
0.4258747244094488
11
0.4309466535433071
21
0.4292774409448819
0
LINE
8
BLACK
6
CONTINUOUS
10
0.4309466535433071
20
0.4292774409448819
11
0.4269455511811023
21
0.431950905511811
0
LINE
8
BLACK
6
CONTINUOUS
10
0.4269455511811023
20
0.431950905511811
11
0.4269455118110236
21
0.4319509448818897
0
LINE
8
BLACK
6
CONTINUOUS
10
0.4269455118110236
20
0.4319509448818897
11
0.4269454330708661
21
0.4319509842519685
0
LINE
8
BLACK
6
CONTINUOUS
10
0.4269454330708661
20
0.4319509842519685
11
0.4224998818897638
21
0.4337923622047244
0
LINE
8
BLACK
6
CONTINUOUS
10
0.4224998818897638
20
0.4337923622047244
11
0.4224994881889764
21
0.4337924803149606
0
LINE
8
BLACK
6
CONTINUOUS
10
0.4224994881889764
20
0.4337924803149606
11
0.4193390157480315
21
0.4344211417322835
0
LINE
8
BLACK
6
CONTINUOUS
10
0.4193390157480315
20
0.4344211417322835
11
0.4177800787401575
21
0.4347312204724409
0
LINE
8
BLACK
6
CONTINUOUS
10
0.4177800787401575
20
0.4347312204724409
11
0.4129679527559055
21
0.4347312204724409
0
LINE
8
BLACK
6
CONTINUOUS
10
0.4129679527559055
20
0.4347312204724409
11
0.4116299606299212
21
0.4344650787401575
0
LINE
8
BLACK
6
CONTINUOUS
10
0.4116299606299212
20
0.4344650787401575
11
0.4082485039370078
21
0.4337924803149606
0
LINE
8
BLACK
6
CONTINUOUS
10
0.4082485039370078
20
0.4337924803149606
11
0.4082481102362205
21
0.4337923622047244
0
LINE
8
BLACK
6
CONTINUOUS
10
0.4082481102362205
20
0.4337923622047244
11
0.4038025590551181
21
0.4319509842519685
0
LINE
8
BLACK
6
CONTINUOUS
10
0.4038025590551181
20
0.4319509842519685
11
0.3998014960629921
21
0.4292775590551181
0
LINE
8
BLACK
6
CONTINUOUS
10
0.3998014960629921
20
0.4292775590551181
11
0.3963985433070866
21
0.4258746062992126
0
LINE
8
BLACK
6
CONTINUOUS
10
0.3963985433070866
20
0.4258746062992126
11
0.3937251181102362
21
0.4218735433070866
0
LINE
8
BLACK
6
CONTINUOUS
10
0.3937251181102362
20
0.4218735433070866
11
0.3918837401574803
21
0.4174279921259842
0
LINE
8
BLACK
6
CONTINUOUS
10
0.3918837401574803
20
0.4174279921259842
11
0.3918836220472441
21
0.4174275984251968
0
LINE
8
BLACK
6
CONTINUOUS
10
0.3918836220472441
20
0.4174275984251968
11
0.3909448818897638
21
0.4127081102362204
0
LINE
8
BLACK
6
CONTINUOUS
10
0.3909448818897638
20
0.4127081102362204
11
0.3909448818897638
21
0.4078961023622047
0
LINE
8
BLACK
6
CONTINUOUS
10
0.6960975590551181
20
0.6250672440944882
11
0.6963047637795275
21
0.6240256692913385
0
LINE
8
BLACK
6
CONTINUOUS
10
0.6963047637795275
20
0.6240256692913385
11
0.6970362992125985
21
0.6203478346456692
0
LINE
8
BLACK
6
CONTINUOUS
10
0.6970362992125985
20
0.6203478346456692
11
0.6970364173228346
21
0.6203474409448819
0
LINE
8
BLACK
6
CONTINUOUS
10
0.6970364173228346
20
0.6203474409448819
11
0.6988777952755906
21
0.6159018897637795
0
LINE
8
BLACK
6
CONTINUOUS
10
0.6988777952755906
20
0.6159018897637795
11
0.6998772834645669
21
0.6144060236220472
0
LINE
8
BLACK
6
CONTINUOUS
10
0.6998772834645669
20
0.6144060236220472
11
0.7015513385826772
21
0.6119006692913386
0
LINE
8
BLACK
6
CONTINUOUS
10
0.7015513385826772
20
0.6119006692913386
11
0.7049540551181103
21
0.6084979527559055
0
LINE
8
BLACK
6
CONTINUOUS
10
0.7049540551181103
20
0.6084979527559055
11
0.7089551574803149
21
0.6058244881889764
0
LINE
8
BLACK
6
CONTINUOUS
10
0.7089551574803149
20
0.6058244881889764
11
0.7089551968503937
21
0.6058244881889764
0
LINE
8
BLACK
6
CONTINUOUS
10
0.7089551968503937
20
0.6058244881889764
11
0.7089552362204724
21
0.6058244488188976
0
LINE
8
BLACK
6
CONTINUOUS
10
0.7089552362204724
20
0.6058244488188976
11
0.7121337007874016
21
0.6045079133858268
0
LINE
8
BLACK
6
CONTINUOUS
10
0.7121337007874016
20
0.6045079133858268
11
0.7134009842519685
21
0.6039829921259843
0
LINE
8
BLACK
6
CONTINUOUS
10
0.7134009842519685
20
0.6039829921259843
11
0.7181206299212598
21
0.6030441732283465
0
LINE
8
BLACK
6
CONTINUOUS
10
0.7181206299212598
20
0.6030441732283465
11
0.7181207086614173
21
0.6030441732283465
0
LINE
8
BLACK
6
CONTINUOUS
10
0.7181207086614173
20
0.6030441732283465
11
0.7229326771653544
21
0.6030441732283465
0
LINE
8
BLACK
6
CONTINUOUS
10
0.7229326771653544
20
0.6030441732283465
11
0.7229327559055118
21
0.6030441732283465
0
LINE
8
BLACK
6
CONTINUOUS
10
0.7229327559055118
20
0.6030441732283465
11
0.7276524015748032
21
0.6039829921259843
0
LINE
8
BLACK
6
CONTINUOUS
10
0.7276524015748032
20
0.6039829921259843
11
0.7320982283464567
21
0.6058244881889764
0
LINE
8
BLACK
6
CONTINUOUS
10
0.7320982283464567
20
0.6058244881889764
11
0.7360993307086614
21
0.6084979527559055
0
LINE
8
BLACK
6
CONTINUOUS
10
0.7360993307086614
20
0.6084979527559055
11
0.7379420866141733
21
0.6103407480314961
0
LINE
8
BLACK
6
CONTINUOUS
10
0.7379420866141733
20
0.6103407480314961
11
0.740002125984252
21
0.6111940157480314
0
LINE
8
BLACK
6
CONTINUOUS
10
0.740002125984252
20
0.6111940157480314
11
0.7420622047244094
21
0.6103407086614173
0
LINE
8
BLACK
6
CONTINUOUS
10
0.7420622047244094
20
0.6103407086614173
11
0.7453438582677165
21
0.6070590551181102
0
LINE
8
BLACK
6
CONTINUOUS
10
0.7453438582677165
20
0.6070590551181102
11
0.7497173622047244
21
0.6049209842519685
0
LINE
8
BLACK
6
CONTINUOUS
10
0.7497173622047244
20
0.6049209842519685
11
0.7525527165354331
21
0.604507874015748
0
LINE
8
BLACK
6
CONTINUOUS
10
0.7525527165354331
20
0.604507874015748
11
0.8104393700787401
21
0.6045079133858268
0
LINE
8
BLACK
6
CONTINUOUS
10
0.8104393700787401
20
0.6045079133858268
11
0.8132747637795276
21
0.6049209842519685
0
LINE
8
BLACK
6
CONTINUOUS
10
0.8132747637795276
20
0.6049209842519685
11
0.8176482677165354
21
0.6070590551181102
0
LINE
8
BLACK
6
CONTINUOUS
10
0.8176482677165354
20
0.6070590551181102
11
0.8210905511811023
21
0.6105013385826772
0
LINE
8
BLACK
6
CONTINUOUS
10
0.8210905511811023
20
0.6105013385826772
11
0.8232286220472441
21
0.614874842519685
0
LINE
8
BLACK
6
CONTINUOUS
10
0.8232286220472441
20
0.614874842519685
11
0.8236417322834646
21
0.6177101968503936
0
LINE
8
BLACK
6
CONTINUOUS
10
0.8236417322834646
20
0.6177101968503936
11
0.8236416929133858
21
0.6322897637795275
0
LINE
8
BLACK
6
CONTINUOUS
10
0.8236416929133858
20
0.6322897637795275
11
0.8232286220472441
21
0.635125157480315
0
LINE
8
BLACK
6
CONTINUOUS
10
0.8232286220472441
20
0.635125157480315
11
0.8210905511811023
21
0.6394986614173228
0
LINE
8
BLACK
6
CONTINUOUS
10
0.8210905511811023
20
0.6394986614173228
11
0.8176482677165354
21
0.6429409448818898
0
LINE
8
BLACK
6
CONTINUOUS
10
0.8176482677165354
20
0.6429409448818898
11
0.8132747637795276
21
0.6450790157480315
0
LINE
8
BLACK
6
CONTINUOUS
10
0.8132747637795276
20
0.6450790157480315
11
0.8104394094488189
21
0.645492125984252
0
LINE
8
BLACK
6
CONTINUOUS
10
0.8104394094488189
20
0.645492125984252
11
0.8104393700787401
21
0.645492125984252
0
LINE
8
BLACK
6
CONTINUOUS
10
0.8104393700787401
20
0.645492125984252
11
0.7525527559055117
21
0.645492125984252
0
LINE
8
BLACK
6
CONTINUOUS
10
0.7525527559055117
20
0.645492125984252
11
0.7497172834645669
21
0.6450790157480315
0
LINE
8
BLACK
6
CONTINUOUS
10
0.7497172834645669
20
0.6450790157480315
11
0.7453438582677165
21
0.6429409842519684
0
LINE
8
BLACK
6
CONTINUOUS
10
0.7453438582677165
20
0.6429409842519684
11
0.7443941732283464
21
0.6419912992125985
0
LINE
8
BLACK
6
CONTINUOUS
10
0.7443941732283464
20
0.6419912992125985
11
0.742334094488189
21
0.641138031496063
0
LINE
8
BLACK
6
CONTINUOUS
10
0.742334094488189
20
0.641138031496063
11
0.7402740157480315
21
0.6419913779527558
0
LINE
8
BLACK
6
CONTINUOUS
10
0.7402740157480315
20
0.6419913779527558
11
0.7399117716535433
21
0.6424327952755905
0
LINE
8
BLACK
6
CONTINUOUS
10
0.7399117716535433
20
0.6424327952755905
11
0.7395021259842519
21
0.6430458267716536
0
LINE
8
BLACK
6
CONTINUOUS
10
0.7395021259842519
20
0.6430458267716536
11
0.7395020078740158
21
0.6430459842519685
0
LINE
8
BLACK
6
CONTINUOUS
10
0.7395020078740158
20
0.6430459842519685
11
0.7380923228346457
21
0.6444556692913386
0
LINE
8
BLACK
6
CONTINUOUS
10
0.7380923228346457
20
0.6444556692913386
11
0.7360993307086614
21
0.6464486614173228
0
LINE
8
BLACK
6
CONTINUOUS
10
0.7360993307086614
20
0.6464486614173228
11
0.7352138582677166
21
0.6470403149606299
0
LINE
8
BLACK
6
CONTINUOUS
10
0.7352138582677166
20
0.6470403149606299
11
0.7320981102362204
21
0.6491222047244094
0
LINE
8
BLACK
6
CONTINUOUS
10
0.7320981102362204
20
0.6491222047244094
11
0.7276525590551181
21
0.6509635826771654
0
LINE
8
BLACK
6
CONTINUOUS
10
0.7276525590551181
20
0.6509635826771654
11
0.7276521653543306
21
0.6509637007874015
0
LINE
8
BLACK
6
CONTINUOUS
10
0.7276521653543306
20
0.6509637007874015
11
0.7241283858267716
21
0.6516646062992126
0
LINE
8
BLACK
6
CONTINUOUS
10
0.7241283858267716
20
0.6516646062992126
11
0.7229327559055118
21
0.6519024409448819
0
LINE
8
BLACK
6
CONTINUOUS
10
0.7229327559055118
20
0.6519024409448819
11
0.7181206299212598
21
0.6519024409448819
0
LINE
8
BLACK
6
CONTINUOUS
10
0.7181206299212598
20
0.6519024409448819
11
0.716925
21
0.6516646062992126
0
LINE
8
BLACK
6
CONTINUOUS
10
0.716925
20
0.6516646062992126
11
0.7134011811023622
21
0.6509637007874015
0
LINE
8
BLACK
6
CONTINUOUS
10
0.7134011811023622
20
0.6509637007874015
11
0.7134007874015748
21
0.6509635826771654
0
LINE
8
BLACK
6
CONTINUOUS
10
0.7134007874015748
20
0.6509635826771654
11
0.7089552362204724
21
0.6491222047244094
0
LINE
8
BLACK
6
CONTINUOUS
10
0.7089552362204724
20
0.6491222047244094
11
0.7049541732283464
21
0.6464487795275591
0
LINE
8
BLACK
6
CONTINUOUS
10
0.7049541732283464
20
0.6464487795275591
11
0.7015512204724409
21
0.6430458267716536
0
LINE
8
BLACK
6
CONTINUOUS
10
0.7015512204724409
20
0.6430458267716536
11
0.6988777952755906
21
0.6390447637795276
0
LINE
8
BLACK
6
CONTINUOUS
10
0.6988777952755906
20
0.6390447637795276
11
0.6970364173228346
21
0.6345992125984252
0
LINE
8
BLACK
6
CONTINUOUS
10
0.6970364173228346
20
0.6345992125984252
11
0.6970362992125985
21
0.6345988188976378
0
LINE
8
BLACK
6
CONTINUOUS
10
0.6970362992125985
20
0.6345988188976378
11
0.6962525984251968
21
0.6306588582677165
0
LINE
8
BLACK
6
CONTINUOUS
10
0.6962525984251968
20
0.6306588582677165
11
0.6960975590551181
21
0.6298793700787402
0
LINE
8
BLACK
6
CONTINUOUS
10
0.6960975590551181
20
0.6298793700787402
11
0.6960975590551181
21
0.6250672440944882
0
LINE
8
BLACK
6
CONTINUOUS
10
0.7913385826771653
20
0.735236220472441
11
0.8090551181102362
21
0.735236220472441
0
LINE
8
BLACK
6
CONTINUOUS
10
0.8090551181102362
20
0.735236220472441
11
0.8113150787401575
21
0.7347866929133858
0
LINE
8
BLACK
6
CONTINUOUS
10
0.8113150787401575
20
0.7347866929133858
11
0.8132309448818897
21
0.7335065354330709
0
LINE
8
BLACK
6
CONTINUOUS
10
0.8132309448818897
20
0.7335065354330709
11
0.8133905118110236
21
0.7332677165354331
0
LINE
8
BLACK
6
CONTINUOUS
10
0.8133905118110236
20
0.7332677165354331
11
0.8304394094488189
21
0.7332677165354331
0
LINE
8
BLACK
6
CONTINUOUS
10
0.8304394094488189
20
0.7332677165354331
11
0.8304394094488189
21
0.7332677559055117
0
LINE
8
BLACK
6
CONTINUOUS
10
0.8304394094488189
20
0.7332677559055117
11
0.8302907480314961
21
0.7345057086614173
0
LINE
8
BLACK
6
CONTINUOUS
10
0.8302907480314961
20
0.7345057086614173
11
0.8281071653543307
21
0.740043031496063
0
LINE
8
BLACK
6
CONTINUOUS
10
0.8281071653543307
20
0.740043031496063
11
0.8245103937007874
21
0.7447860236220473
0
LINE
8
BLACK
6
CONTINUOUS
10
0.8245103937007874
20
0.7447860236220473
11
0.8197674015748031
21
0.7483827952755905
0
LINE
8
BLACK
6
CONTINUOUS
10
0.8197674015748031
20
0.7483827952755905
11
0.8142300393700788
21
0.7505663779527559
0
LINE
8
BLACK
6
CONTINUOUS
10
0.8142300393700788
20
0.7505663779527559
11
0.8107504330708661
21
0.7509842519685039
0
LINE
8
BLACK
6
CONTINUOUS
10
0.8107504330708661
20
0.7509842519685039
11
0.7913385826771653
21
0.7509842519685039
0
LINE
8
BLACK
6
CONTINUOUS
10
0.7913385826771653
20
0.7509842519685039
11
0.7913385826771653
21
0.735236220472441
0
LINE
8
BLACK
6
CONTINUOUS
10
0.8385826771653543
20
0.783833031496063
11
0.8386968503937008
21
0.7823821653543307
0
LINE
8
BLACK
6
CONTINUOUS
10
0.8386968503937008
20
0.7823821653543307
11
0.8405007086614174
21
0.7761732677165354
0
LINE
8
BLACK
6
CONTINUOUS
10
0.8405007086614174
20
0.7761732677165354
11
0.8437920078740158
21
0.7706080314960629
0
LINE
8
BLACK
6
CONTINUOUS
10
0.8437920078740158
20
0.7706080314960629
11
0.8483638976377953
21
0.7660361417322834
0
LINE
8
BLACK
6
CONTINUOUS
10
0.8483638976377953
20
0.7660361417322834
11
0.8539291338582677
21
0.762744842519685
0
LINE
8
BLACK
6
CONTINUOUS
10
0.8539291338582677
20
0.762744842519685
11
0.8601381102362204
21
0.7609409842519684
0
LINE
8
BLACK
6
CONTINUOUS
10
0.8601381102362204
20
0.7609409842519684
11
0.8601379921259842
21
0.7609409842519684
0
LINE
8
BLACK
6
CONTINUOUS
10
0.8601379921259842
20
0.7609409842519684
11
0.861588937007874
21
0.7608267716535433
0
LINE
8
BLACK
6
CONTINUOUS
10
0.861588937007874
20
0.7608267716535433
11
0.8959127559055118
21
0.7608267716535433
0
LINE
8
BLACK
6
CONTINUOUS
10
0.8959127559055118
20
0.7608267716535433
11
0.8975062598425196
21
0.763586811023622
0
LINE
8
BLACK
6
CONTINUOUS
10
0.8975062598425196
20
0.763586811023622
11
0.8976377952755905
21
0.7637183464566929
0
LINE
8
BLACK
6
CONTINUOUS
10
0.8976377952755905
20
0.7637183464566929
11
0.8976377952755905
21
0.7765748031496063
0
LINE
8
BLACK
6
CONTINUOUS
10
0.8976377952755905
20
0.7765748031496063
11
0.8641732283464567
21
0.7765748031496063
0
LINE
8
BLACK
6
CONTINUOUS
10
0.8641732283464567
20
0.7765748031496063
11
0.860406653543307
21
0.7773240157480314
0
LINE
8
BLACK
6
CONTINUOUS
10
0.860406653543307
20
0.7773240157480314
11
0.8572135039370079
21
0.7794575984251968
0
LINE
8
BLACK
6
CONTINUOUS
10
0.8572135039370079
20
0.7794575984251968
11
0.8550799212598424
21
0.782650748031496
0
LINE
8
BLACK
6
CONTINUOUS
10
0.8550799212598424
20
0.782650748031496
11
0.8543307086614172
21
0.7864173228346456
0
LINE
8
BLACK
6
CONTINUOUS
10
0.8543307086614172
20
0.7864173228346456
11
0.8385826771653543
21
0.7864173228346456
0
LINE
8
BLACK
6
CONTINUOUS
10
0.8385826771653543
20
0.7864173228346456
11
0.8385826771653543
21
0.783833031496063
0
LINE
8
BLACK
6
CONTINUOUS
10
0.8601380314960629
20
0.8315787401574803
11
0.8539291338582677
21
0.8297748818897638
0
LINE
8
BLACK
6
CONTINUOUS
10
0.8539291338582677
20
0.8297748818897638
11
0.8483638976377953
21
0.8264835826771654
0
LINE
8
BLACK
6
CONTINUOUS
10
0.8483638976377953
20
0.8264835826771654
11
0.8437920078740158
21
0.8219116929133858
0
LINE
8
BLACK
6
CONTINUOUS
10
0.8437920078740158
20
0.8219116929133858
11
0.8405007086614174
21
0.8163464566929134
0
LINE
8
BLACK
6
CONTINUOUS
10
0.8405007086614174
20
0.8163464566929134
11
0.8386968503937008
21
0.8101375590551181
0
LINE
8
BLACK
6
CONTINUOUS
10
0.8386968503937008
20
0.8101375590551181
11
0.8385826771653543
21
0.8086866929133858
0
LINE
8
BLACK
6
CONTINUOUS
10
0.8385826771653543
20
0.8086866929133858
11
0.8385826771653543
21
0.8061023622047244
0
LINE
8
BLACK
6
CONTINUOUS
10
0.8385826771653543
20
0.8061023622047244
11
0.8543307086614172
21
0.8061023622047244
0
LINE
8
BLACK
6
CONTINUOUS
10
0.8543307086614172
20
0.8061023622047244
11
0.8550799212598424
21
0.809868937007874
0
LINE
8
BLACK
6
CONTINUOUS
10
0.8550799212598424
20
0.809868937007874
11
0.8572135039370079
21
0.8130620866141732
0
LINE
8
BLACK
6
CONTINUOUS
10
0.8572135039370079
20
0.8130620866141732
11
0.860406653543307
21
0.8151956692913386
0
LINE
8
BLACK
6
CONTINUOUS
10
0.860406653543307
20
0.8151956692913386
11
0.8641732283464567
21
0.8159448818897638
0
LINE
8
BLACK
6
CONTINUOUS
10
0.8641732283464567
20
0.8159448818897638
11
0.8976377952755905
21
0.8159448818897638
0
LINE
8
BLACK
6
CONTINUOUS
10
0.8976377952755905
20
0.8159448818897638
11
0.8976377952755905
21
0.8316929133858267
0
LINE
8
BLACK
6
CONTINUOUS
10
0.8976377952755905
20
0.8316929133858267
11
0.861588937007874
21
0.8316929133858267
0
LINE
8
BLACK
6
CONTINUOUS
10
0.861588937007874
20
0.8316929133858267
11
0.8601380314960629
21
0.8315787401574803
0
LINE
8
BLACK
6
CONTINUOUS
10
0.7325527165354331
20
0.3395669291338583
11
0.7496016141732283
21
0.3395669291338583
0
LINE
8
BLACK
6
CONTINUOUS
10
0.7496016141732283
20
0.3395669291338583
11
0.7497611811023622
21
0.339805748031496
0
LINE
8
BLACK
6
CONTINUOUS
10
0.7497611811023622
20
0.339805748031496
11
0.7516770472440945
21
0.341085905511811
0
LINE
8
BLACK
6
CONTINUOUS
10
0.7516770472440945
20
0.341085905511811
11
0.7539370078740157
21
0.3415354330708661
0
LINE
8
BLACK
6
CONTINUOUS
10
0.7539370078740157
20
0.3415354330708661
11
0.7716535433070866
21
0.3415354330708661
0
LINE
8
BLACK
6
CONTINUOUS
10
0.7716535433070866
20
0.3415354330708661
11
0.7716535433070866
21
0.3572834645669291
0
LINE
8
BLACK
6
CONTINUOUS
10
0.7716535433070866
20
0.3572834645669291
11
0.7522416929133858
21
0.3572834645669291
0
LINE
8
BLACK
6
CONTINUOUS
10
0.7522416929133858
20
0.3572834645669291
11
0.7487620472440945
21
0.3568655905511811
0
LINE
8
BLACK
6
CONTINUOUS
10
0.7487620472440945
20
0.3568655905511811
11
0.7432246850393701
21
0.3546820078740157
0
LINE
8
BLACK
6
CONTINUOUS
10
0.7432246850393701
20
0.3546820078740157
11
0.7384816929133858
21
0.3510852362204724
0
LINE
8
BLACK
6
CONTINUOUS
10
0.7384816929133858
20
0.3510852362204724
11
0.7348849212598425
21
0.3463422440944882
0
LINE
8
BLACK
6
CONTINUOUS
10
0.7348849212598425
20
0.3463422440944882
11
0.7327013385826772
21
0.3408049212598425
0
LINE
8
BLACK
6
CONTINUOUS
10
0.7327013385826772
20
0.3408049212598425
11
0.7325526771653543
21
0.339566968503937
0
LINE
8
BLACK
6
CONTINUOUS
10
0.7325526771653543
20
0.339566968503937
11
0.7325527165354331
21
0.3395669291338583
0
LINE
8
BLACK
6
CONTINUOUS
10
0.8386968503937008
20
0.3886813779527559
11
0.8405007086614174
21
0.3824724803149606
0
LINE
8
BLACK
6
CONTINUOUS
10
0.8405007086614174
20
0.3824724803149606
11
0.8437920078740158
21
0.3769072440944882
0
LINE
8
BLACK
6
CONTINUOUS
10
0.8437920078740158
20
0.3769072440944882
11
0.8483638976377953
21
0.3723353543307086
0
LINE
8
BLACK
6
CONTINUOUS
10
0.8483638976377953
20
0.3723353543307086
11
0.8539291338582677
21
0.3690440551181102
0
LINE
8
BLACK
6
CONTINUOUS
10
0.8539291338582677
20
0.3690440551181102
11
0.8601381102362204
21
0.3672401968503937
0
LINE
8
BLACK
6
CONTINUOUS
10
0.8601381102362204
20
0.3672401968503937
11
0.8601379921259842
21
0.3672401968503937
0
LINE
8
BLACK
6
CONTINUOUS
10
0.8601379921259842
20
0.3672401968503937
11
0.861588937007874
21
0.3671259842519685
0
LINE
8
BLACK
6
CONTINUOUS
10
0.861588937007874
20
0.3671259842519685
11
0.8976377952755905
21
0.3671259842519685
0
LINE
8
BLACK
6
CONTINUOUS
10
0.8976377952755905
20
0.3671259842519685
11
0.8976377952755905
21
0.3828740157480315
0
LINE
8
BLACK
6
CONTINUOUS
10
0.8976377952755905
20
0.3828740157480315
11
0.8641732283464567
21
0.3828740157480315
0
LINE
8
BLACK
6
CONTINUOUS
10
0.8641732283464567
20
0.3828740157480315
11
0.860406653543307
21
0.3836232283464567
0
LINE
8
BLACK
6
CONTINUOUS
10
0.860406653543307
20
0.3836232283464567
11
0.8572135039370079
21
0.385756811023622
0
LINE
8
BLACK
6
CONTINUOUS
10
0.8572135039370079
20
0.385756811023622
11
0.8550799212598424
21
0.3889499606299213
0
LINE
8
BLACK
6
CONTINUOUS
10
0.8550799212598424
20
0.3889499606299213
11
0.8543307086614172
21
0.3927165354330708
0
LINE
8
BLACK
6
CONTINUOUS
10
0.8543307086614172
20
0.3927165354330708
11
0.8385826771653543
21
0.3927165354330708
0
LINE
8
BLACK
6
CONTINUOUS
10
0.8385826771653543
20
0.3927165354330708
11
0.8385826771653543
21
0.3901322440944882
0
LINE
8
BLACK
6
CONTINUOUS
10
0.8385826771653543
20
0.3901322440944882
11
0.8386968503937008
21
0.3886813779527559
0
LINE
8
BLACK
6
CONTINUOUS
10
0.8385826771653543
20
0.4124015748031496
11
0.8543307086614172
21
0.4124015748031496
0
LINE
8
BLACK
6
CONTINUOUS
10
0.8543307086614172
20
0.4124015748031496
11
0.8550799212598424
21
0.4161681496062992
0
LINE
8
BLACK
6
CONTINUOUS
10
0.8550799212598424
20
0.4161681496062992
11
0.8572135039370079
21
0.4193612992125984
0
LINE
8
BLACK
6
CONTINUOUS
10
0.8572135039370079
20
0.4193612992125984
11
0.860406653543307
21
0.4214948818897638
0
LINE
8
BLACK
6
CONTINUOUS
10
0.860406653543307
20
0.4214948818897638
11
0.8641732283464567
21
0.4222440944881889
0
LINE
8
BLACK
6
CONTINUOUS
10
0.8641732283464567
20
0.4222440944881889
11
0.8976377952755905
21
0.4222440944881889
0
LINE
8
BLACK
6
CONTINUOUS
10
0.8976377952755905
20
0.4222440944881889
11
0.8976377952755905
21
0.437992125984252
0
LINE
8
BLACK
6
CONTINUOUS
10
0.8976377952755905
20
0.437992125984252
11
0.861588937007874
21
0.437992125984252
0
LINE
8
BLACK
6
CONTINUOUS
10
0.861588937007874
20
0.437992125984252
11
0.8601380314960629
21
0.4378779527559055
0
LINE
8
BLACK
6
CONTINUOUS
10
0.8601380314960629
20
0.4378779527559055
11
0.8539291338582677
21
0.436074094488189
0
LINE
8
BLACK
6
CONTINUOUS
10
0.8539291338582677
20
0.436074094488189
11
0.8483638976377953
21
0.4327827952755905
0
LINE
8
BLACK
6
CONTINUOUS
10
0.8483638976377953
20
0.4327827952755905
11
0.8437920078740158
21
0.428210905511811
0
LINE
8
BLACK
6
CONTINUOUS
10
0.8437920078740158
20
0.428210905511811
11
0.8405007086614174
21
0.4226456692913386
0
LINE
8
BLACK
6
CONTINUOUS
10
0.8405007086614174
20
0.4226456692913386
11
0.8386968503937008
21
0.4164367716535433
0
LINE
8
BLACK
6
CONTINUOUS
10
0.8386968503937008
20
0.4164367716535433
11
0.8385826771653543
21
0.414985905511811
0
LINE
8
BLACK
6
CONTINUOUS
10
0.8385826771653543
20
0.414985905511811
11
0.8385826771653543
21
0.4124015748031496
0
LINE
8
BLACK
6
CONTINUOUS
10
0.8386968503937008
20
0.4890750787401575
11
0.8405007086614174
21
0.4828661811023622
0
LINE
8
BLACK
6
CONTINUOUS
10
0.8405007086614174
20
0.4828661811023622
11
0.8437920078740158
21
0.4773009448818897
0
LINE
8
BLACK
6
CONTINUOUS
10
0.8437920078740158
20
0.4773009448818897
11
0.8483638976377953
21
0.4727290551181103
0
LINE
8
BLACK
6
CONTINUOUS
10
0.8483638976377953
20
0.4727290551181103
11
0.8539291338582677
21
0.4694377559055118
0
LINE
8
BLACK
6
CONTINUOUS
10
0.8539291338582677
20
0.4694377559055118
11
0.8601381102362204
21
0.4676338976377953
0
LINE
8
BLACK
6
CONTINUOUS
10
0.8601381102362204
20
0.4676338976377953
11
0.8601379921259842
21
0.4676338976377953
0
LINE
8
BLACK
6
CONTINUOUS
10
0.8601379921259842
20
0.4676338976377953
11
0.861588937007874
21
0.4675196850393701
0
LINE
8
BLACK
6
CONTINUOUS
10
0.861588937007874
20
0.4675196850393701
11
0.8976377952755905
21
0.4675196850393701
0
LINE
8
BLACK
6
CONTINUOUS
10
0.8976377952755905
20
0.4675196850393701
11
0.8976377952755905
21
0.483267716535433
0
LINE
8
BLACK
6
CONTINUOUS
10
0.8976377952755905
20
0.483267716535433
11
0.8641732283464567
21
0.483267716535433
0
LINE
8
BLACK
6
CONTINUOUS
10
0.8641732283464567
20
0.483267716535433
11
0.860406653543307
21
0.4840169291338582
0
LINE
8
BLACK
6
CONTINUOUS
10
0.860406653543307
20
0.4840169291338582
11
0.8572135039370079
21
0.4861505118110236
0
LINE
8
BLACK
6
CONTINUOUS
10
0.8572135039370079
20
0.4861505118110236
11
0.8550799212598424
21
0.4893436614173228
0
LINE
8
BLACK
6
CONTINUOUS
10
0.8550799212598424
20
0.4893436614173228
11
0.8543307086614172
21
0.4931102362204725
0
LINE
8
BLACK
6
CONTINUOUS
10
0.8543307086614172
20
0.4931102362204725
11
0.8385826771653543
21
0.4931102362204725
0
LINE
8
BLACK
6
CONTINUOUS
10
0.8385826771653543
20
0.4931102362204725
11
0.8385826771653543
21
0.4905259448818898
0
LINE
8
BLACK
6
CONTINUOUS
10
0.8385826771653543
20
0.4905259448818898
11
0.8386968503937008
21
0.4890750787401575
0
LINE
8
BLACK
6
CONTINUOUS
10
0.8385826771653543
20
0.5127952755905512
11
0.8543307086614172
21
0.5127952755905512
0
LINE
8
BLACK
6
CONTINUOUS
10
0.8543307086614172
20
0.5127952755905512
11
0.8550799212598424
21
0.5165618503937007
0
LINE
8
BLACK
6
CONTINUOUS
10
0.8550799212598424
20
0.5165618503937007
11
0.8572135039370079
21
0.519755
0
LINE
8
BLACK
6
CONTINUOUS
10
0.8572135039370079
20
0.519755
11
0.860406653543307
21
0.5218885826771653
0
LINE
8
BLACK
6
CONTINUOUS
10
0.860406653543307
20
0.5218885826771653
11
0.8641732283464567
21
0.5226377952755905
0
LINE
8
BLACK
6
CONTINUOUS
10
0.8641732283464567
20
0.5226377952755905
11
0.8976377952755905
21
0.5226377952755905
0
LINE
8
BLACK
6
CONTINUOUS
10
0.8976377952755905
20
0.5226377952755905
11
0.8976377952755905
21
0.5383858267716536
0
LINE
8
BLACK
6
CONTINUOUS
10
0.8976377952755905
20
0.5383858267716536
11
0.861588937007874
21
0.5383858267716536
0
LINE
8
BLACK
6
CONTINUOUS
10
0.861588937007874
20
0.5383858267716536
11
0.8601380314960629
21
0.5382716535433071
0
LINE
8
BLACK
6
CONTINUOUS
10
0.8601380314960629
20
0.5382716535433071
11
0.8539291338582677
21
0.5364677952755905
0
LINE
8
BLACK
6
CONTINUOUS
10
0.8539291338582677
20
0.5364677952755905
11
0.8483638976377953
21
0.5331764960629921
0
LINE
8
BLACK
6
CONTINUOUS
10
0.8483638976377953
20
0.5331764960629921
11
0.8437920078740158
21
0.5286046062992126
0
LINE
8
BLACK
6
CONTINUOUS
10
0.8437920078740158
20
0.5286046062992126
11
0.8405007086614174
21
0.5230393700787401
0
LINE
8
BLACK
6
CONTINUOUS
10
0.8405007086614174
20
0.5230393700787401
11
0.8386968503937008
21
0.5168304724409448
0
LINE
8
BLACK
6
CONTINUOUS
10
0.8386968503937008
20
0.5168304724409448
11
0.8385826771653543
21
0.5153796062992125
0
LINE
8
BLACK
6
CONTINUOUS
10
0.8385826771653543
20
0.5153796062992125
11
0.8385826771653543
21
0.5127952755905512
0
LINE
8
BLACK
6
CONTINUOUS
10
0.7325527165354331
20
0.7332677165354331
11
0.7496016141732283
21
0.7332677165354331
0
LINE
8
BLACK
6
CONTINUOUS
10
0.7496016141732283
20
0.7332677165354331
11
0.7497611811023622
21
0.7335065354330709
0
LINE
8
BLACK
6
CONTINUOUS
10
0.7497611811023622
20
0.7335065354330709
11
0.7516770472440945
21
0.7347866929133858
0
LINE
8
BLACK
6
CONTINUOUS
10
0.7516770472440945
20
0.7347866929133858
11
0.7539370078740157
21
0.735236220472441
0
LINE
8
BLACK
6
CONTINUOUS
10
0.7539370078740157
20
0.735236220472441
11
0.7716535433070866
21
0.735236220472441
0
LINE
8
BLACK
6
CONTINUOUS
10
0.7716535433070866
20
0.735236220472441
11
0.7716535433070866
21
0.7509842519685039
0
LINE
8
BLACK
6
CONTINUOUS
10
0.7716535433070866
20
0.7509842519685039
11
0.7522416929133858
21
0.7509842519685039
0
LINE
8
BLACK
6
CONTINUOUS
10
0.7522416929133858
20
0.7509842519685039
11
0.7487620472440945
21
0.7505663779527559
0
LINE
8
BLACK
6
CONTINUOUS
10
0.7487620472440945
20
0.7505663779527559
11
0.7432246850393701
21
0.7483827952755905
0
LINE
8
BLACK
6
CONTINUOUS
10
0.7432246850393701
20
0.7483827952755905
11
0.7384816929133858
21
0.7447860236220473
0
LINE
8
BLACK
6
CONTINUOUS
10
0.7384816929133858
20
0.7447860236220473
11
0.7348849212598425
21
0.740043031496063
0
LINE
8
BLACK
6
CONTINUOUS
10
0.7348849212598425
20
0.740043031496063
11
0.7327013385826772
21
0.7345057086614173
0
LINE
8
BLACK
6
CONTINUOUS
10
0.7327013385826772
20
0.7345057086614173
11
0.7325526771653543
21
0.7332677559055117
0
LINE
8
BLACK
6
CONTINUOUS
10
0.7325526771653543
20
0.7332677559055117
11
0.7325527165354331
21
0.7332677165354331
0
LINE
8
BLACK
6
CONTINUOUS
10
0.2457953937007874
20
0.0538971653543307
11
0.2458933858267716
21
0.0538565748031496
0
LINE
8
BLACK
6
CONTINUOUS
10
0.2458933858267716
20
0.0538565748031496
11
0.2459992125984252
21
0.0538490551181102
0
LINE
8
BLACK
6
CONTINUOUS
10
0.2459992125984252
20
0.0538490551181102
11
0.246539842519685
21
0.0536421653543307
0
LINE
8
BLACK
6
CONTINUOUS
10
0.246539842519685
20
0.0536421653543307
11
0.2487895669291338
21
0.0525173228346457
0
LINE
8
BLACK
6
CONTINUOUS
10
0.2487895669291338
20
0.0525173228346457
11
0.2490374803149606
21
0.0523612992125984
0
LINE
8
BLACK
6
CONTINUOUS
10
0.2490374803149606
20
0.0523612992125984
11
0.2491095669291339
21
0.0523314173228346
0
LINE
8
BLACK
6
CONTINUOUS
10
0.2491095669291339
20
0.0523314173228346
11
0.2491906299212598
21
0.0522648818897638
0
LINE
8
BLACK
6
CONTINUOUS
10
0.2491906299212598
20
0.0522648818897638
11
0.2492794488188976
21
0.0522089763779528
0
LINE
8
BLACK
6
CONTINUOUS
10
0.2492794488188976
20
0.0522089763779528
11
0.2493305511811024
21
0.0521500393700787
0
LINE
8
BLACK
6
CONTINUOUS
10
0.2493305511811024
20
0.0521500393700787
11
0.2495570078740157
21
0.0519641732283465
0
LINE
8
BLACK
6
CONTINUOUS
10
0.2495570078740157
20
0.0519641732283465
11
0.2506818503937008
21
0.0508392913385827
0
LINE
8
BLACK
6
CONTINUOUS
10
0.2506818503937008
20
0.0508392913385827
11
0.2508676771653544
21
0.0506128346456693
0
LINE
8
BLACK
6
CONTINUOUS
10
0.2508676771653544
20
0.0506128346456693
11
0.2509265748031496
21
0.0505617716535433
0
LINE
8
BLACK
6
CONTINUOUS
10
0.2509265748031496
20
0.0505617716535433
11
0.2509824409448819
21
0.050473031496063
0
LINE
8
BLACK
6
CONTINUOUS
10
0.2509824409448819
20
0.050473031496063
11
0.2510490551181102
21
0.0503918503937008
0
LINE
8
BLACK
6
CONTINUOUS
10
0.2510490551181102
20
0.0503918503937008
11
0.2510788976377953
21
0.0503198031496063
0
LINE
8
BLACK
6
CONTINUOUS
10
0.2510788976377953
20
0.0503198031496063
11
0.2512349212598425
21
0.0500719291338583
0
LINE
8
BLACK
6
CONTINUOUS
10
0.2512349212598425
20
0.0500719291338583
11
0.2523597637795276
21
0.0478221653543307
0
LINE
8
BLACK
6
CONTINUOUS
10
0.2523597637795276
20
0.0478221653543307
11
0.2525666535433071
21
0.0472815354330709
0
LINE
8
BLACK
6
CONTINUOUS
10
0.2525666535433071
20
0.0472815354330709
11
0.2525741338582677
21
0.0471757874015748
0
LINE
8
BLACK
6
CONTINUOUS
10
0.2525741338582677
20
0.0471757874015748
11
0.2526147637795276
21
0.0470777559055118
0
LINE
8
BLACK
6
CONTINUOUS
10
0.2526147637795276
20
0.0470777559055118
11
0.2526714960629921
21
0.0465016929133858
0
LINE
8
BLACK
6
CONTINUOUS
10
0.2526714960629921
20
0.0465016929133858
11
0.2526714960629921
21
0.044251968503937
0
LINE
8
BLACK
6
CONTINUOUS
10
0.2526714960629921
20
0.044251968503937
11
0.2526427559055118
21
0.0439604330708661
0
LINE
8
BLACK
6
CONTINUOUS
10
0.2526427559055118
20
0.0439604330708661
11
0.2526483070866142
21
0.0438826771653543
0
LINE
8
BLACK
6
CONTINUOUS
10
0.2526483070866142
20
0.0438826771653543
11
0.2526250393700787
21
0.0437804330708661
0
LINE
8
BLACK
6
CONTINUOUS
10
0.2526250393700787
20
0.0437804330708661
11
0.2526147637795276
21
0.043675905511811
0
LINE
8
BLACK
6
CONTINUOUS
10
0.2526147637795276
20
0.043675905511811
11
0.2525848818897638
21
0.0436038188976378
0
LINE
8
BLACK
6
CONTINUOUS
10
0.2525848818897638
20
0.0436038188976378
11
0.2525199606299213
21
0.0433182283464567
0
LINE
8
BLACK
6
CONTINUOUS
10
0.2525199606299213
20
0.0433182283464567
11
0.2513951181102362
21
0.0399436614173228
0
LINE
8
BLACK
6
CONTINUOUS
10
0.2513951181102362
20
0.0399436614173228
11
0.2511591338582677
21
0.0394151181102362
0
LINE
8
BLACK
6
CONTINUOUS
10
0.2511591338582677
20
0.0394151181102362
11
0.2510896062992126
21
0.039335
0
LINE
8
BLACK
6
CONTINUOUS
10
0.2510896062992126
20
0.039335
11
0.2510490157480315
21
0.0392369291338583
0
LINE
8
BLACK
6
CONTINUOUS
10
0.2510490157480315
20
0.0392369291338583
11
0.250681811023622
21
0.0387894881889764
0
LINE
8
BLACK
6
CONTINUOUS
10
0.250681811023622
20
0.0387894881889764
11
0.2422241732283464
21
0.0303318503937008
0
LINE
8
BLACK
6
CONTINUOUS
10
0.2422241732283464
20
0.0303318503937008
11
0.2497187401574803
21
0.0303318503937008
0
LINE
8
BLACK
6
CONTINUOUS
10
0.2497187401574803
20
0.0303318503937008
11
0.2502948031496063
21
0.0302751181102362
0
LINE
8
BLACK
6
CONTINUOUS
10
0.2502948031496063
20
0.0302751181102362
11
0.2513592125984252
21
0.0298342125984252
0
LINE
8
BLACK
6
CONTINUOUS
10
0.2513592125984252
20
0.0298342125984252
11
0.2521738582677165
21
0.0290195669291339
0
LINE
8
BLACK
6
CONTINUOUS
10
0.2521738582677165
20
0.0290195669291339
11
0.2526147637795276
21
0.027955157480315
0
LINE
8
BLACK
6
CONTINUOUS
10
0.2526147637795276
20
0.027955157480315
11
0.2526147637795276
21
0.026803031496063
0
LINE
8
BLACK
6
CONTINUOUS
10
0.2526147637795276
20
0.026803031496063
11
0.2521738582677165
21
0.0257386220472441
0
LINE
8
BLACK
6
CONTINUOUS
10
0.2521738582677165
20
0.0257386220472441
11
0.2513592125984252
21
0.0249239763779528
0
LINE
8
BLACK
6
CONTINUOUS
10
0.2513592125984252
20
0.0249239763779528
11
0.2502948031496063
21
0.0244830708661417
0
LINE
8
BLACK
6
CONTINUOUS
10
0.2502948031496063
20
0.0244830708661417
11
0.2497187401574803
21
0.0244263385826772
0
LINE
8
BLACK
6
CONTINUOUS
10
0.2497187401574803
20
0.0244263385826772
11
0.2350955905511811
21
0.0244263385826772
0
LINE
8
BLACK
6
CONTINUOUS
10
0.2350955905511811
20
0.0244263385826772
11
0.2345195275590551
21
0.0244830708661417
0
LINE
8
BLACK
6
CONTINUOUS
10
0.2345195275590551
20
0.0244830708661417
11
0.2334551181102362
21
0.0249239763779528
0
LINE
8
BLACK
6
CONTINUOUS
10
0.2334551181102362
20
0.0249239763779528
11
0.2326404724409449
21
0.0257386220472441
0
LINE
8
BLACK
6
CONTINUOUS
10
0.2326404724409449
20
0.0257386220472441
11
0.2321995669291338
21
0.026803031496063
0
LINE
8
BLACK
6
CONTINUOUS
10
0.2321995669291338
20
0.026803031496063
11
0.2321995669291338
21
0.027955157480315
0
LINE
8
BLACK
6
CONTINUOUS
10
0.2321995669291338
20
0.027955157480315
11
0.2326404724409449
21
0.0290195669291339
0
LINE
8
BLACK
6
CONTINUOUS
10
0.2326404724409449
20
0.0290195669291339
11
0.2330076771653543
21
0.0294670078740157
0
LINE
8
BLACK
6
CONTINUOUS
10
0.2330076771653543
20
0.0294670078740157
11
0.2460131102362205
21
0.0424724409448819
0
LINE
8
BLACK
6
CONTINUOUS
10
0.2460131102362205
20
0.0424724409448819
11
0.2467659842519685
21
0.044731062992126
0
LINE
8
BLACK
6
CONTINUOUS
10
0.2467659842519685
20
0.044731062992126
11
0.2467659842519685
21
0.0458046850393701
0
LINE
8
BLACK
6
CONTINUOUS
10
0.2467659842519685
20
0.0458046850393701
11
0.246167125984252
21
0.0470023622047244
0
LINE
8
BLACK
6
CONTINUOUS
10
0.246167125984252
20
0.0470023622047244
11
0.2457198818897638
21
0.0474496062992126
0
LINE
8
BLACK
6
CONTINUOUS
10
0.2457198818897638
20
0.0474496062992126
11
0.2445223228346457
21
0.0480483858267717
0
LINE
8
BLACK
6
CONTINUOUS
10
0.2445223228346457
20
0.0480483858267717
11
0.2402920866141732
21
0.0480483858267717
0
LINE
8
BLACK
6
CONTINUOUS
10
0.2402920866141732
20
0.0480483858267717
11
0.2390943700787402
21
0.0474495669291339
0
LINE
8
BLACK
6
CONTINUOUS
10
0.2390943700787402
20
0.0474495669291339
11
0.2383083464566929
21
0.0466635039370079
0
LINE
8
BLACK
6
CONTINUOUS
10
0.2383083464566929
20
0.0466635039370079
11
0.237860905511811
21
0.0462962992125984
0
LINE
8
BLACK
6
CONTINUOUS
10
0.237860905511811
20
0.0462962992125984
11
0.2367964566929134
21
0.0458553937007874
0
LINE
8
BLACK
6
CONTINUOUS
10
0.2367964566929134
20
0.0458553937007874
11
0.2356444094488189
21
0.0458553937007874
0
LINE
8
BLACK
6
CONTINUOUS
10
0.2356444094488189
20
0.0458553937007874
11
0.2345799606299213
21
0.0462962992125984
0
LINE
8
BLACK
6
CONTINUOUS
10
0.2345799606299213
20
0.0462962992125984
11
0.2337653149606299
21
0.0471109448818898
0
LINE
8
BLACK
6
CONTINUOUS
10
0.2337653149606299
20
0.0471109448818898
11
0.2333244094488189
21
0.0481753937007874
0
LINE
8
BLACK
6
CONTINUOUS
10
0.2333244094488189
20
0.0481753937007874
11
0.2333244094488189
21
0.0493274409448819
0
LINE
8
BLACK
6
CONTINUOUS
10
0.2333244094488189
20
0.0493274409448819
11
0.2337653149606299
21
0.0503918897637795
0
LINE
8
BLACK
6
CONTINUOUS
10
0.2337653149606299
20
0.0503918897637795
11
0.2341325196850394
21
0.0508393307086614
0
LINE
8
BLACK
6
CONTINUOUS
10
0.2341325196850394
20
0.0508393307086614
11
0.2352574015748032
21
0.0519642125984252
0
LINE
8
BLACK
6
CONTINUOUS
10
0.2352574015748032
20
0.0519642125984252
11
0.2354838976377953
21
0.052150157480315
0
LINE
8
BLACK
6
CONTINUOUS
10
0.2354838976377953
20
0.052150157480315
11
0.2355349606299212
21
0.0522089763779528
0
LINE
8
BLACK
6
CONTINUOUS
10
0.2355349606299212
20
0.0522089763779528
11
0.2356235826771653
21
0.0522648031496063
0
LINE
8
BLACK
6
CONTINUOUS
10
0.2356235826771653
20
0.0522648031496063
11
0.235704842519685
21
0.0523314566929134
0
LINE
8
BLACK
6
CONTINUOUS
10
0.235704842519685
20
0.0523314566929134
11
0.2357770078740157
21
0.0523613779527559
0
LINE
8
BLACK
6
CONTINUOUS
10
0.2357770078740157
20
0.0523613779527559
11
0.2360248031496063
21
0.0525173228346457
0
LINE
8
BLACK
6
CONTINUOUS
10
0.2360248031496063
20
0.0525173228346457
11
0.2382745669291338
21
0.0536421653543307
0
LINE
8
BLACK
6
CONTINUOUS
10
0.2382745669291338
20
0.0536421653543307
11
0.2388151968503937
21
0.0538490551181102
0
LINE
8
BLACK
6
CONTINUOUS
10
0.2388151968503937
20
0.0538490551181102
11
0.2389209448818898
21
0.0538565748031496
0
LINE
8
BLACK
6
CONTINUOUS
10
0.2389209448818898
20
0.0538565748031496
11
0.2390189763779527
21
0.0538971653543307
0
LINE
8
BLACK
6
CONTINUOUS
10
0.2390189763779527
20
0.0538971653543307
11
0.2395950393700787
21
0.0539538976377953
0
LINE
8
BLACK
6
CONTINUOUS
10
0.2395950393700787
20
0.0539538976377953
11
0.2452193307086614
21
0.0539538976377953
0
LINE
8
BLACK
6
CONTINUOUS
10
0.2452193307086614
20
0.0539538976377953
11
0.2457953937007874
21
0.0538971653543307
0
LINE
8
BLACK
6
CONTINUOUS
10
0.2691329133858268
20
0.0539251968503937
11
0.2692106692913386
21
0.0539307086614173
0
LINE
8
BLACK
6
CONTINUOUS
10
0.2692106692913386
20
0.0539307086614173
11
0.2693129133858267
21
0.0539074803149606
0
LINE
8
BLACK
6
CONTINUOUS
10
0.2693129133858267
20
0.0539074803149606
11
0.2694174409448819
21
0.0538971653543307
0
LINE
8
BLACK
6
CONTINUOUS
10
0.2694174409448819
20
0.0538971653543307
11
0.2694895275590551
21
0.0538673228346457
0
LINE
8
BLACK
6
CONTINUOUS
10
0.2694895275590551
20
0.0538673228346457
11
0.2697751181102362
21
0.0538023622047244
0
LINE
8
BLACK
6
CONTINUOUS
10
0.2697751181102362
20
0.0538023622047244
11
0.2731496456692913
21
0.0526775196850394
0
LINE
8
BLACK
6
CONTINUOUS
10
0.2731496456692913
20
0.0526775196850394
11
0.2736782283464567
21
0.0524415354330709
0
LINE
8
BLACK
6
CONTINUOUS
10
0.2736782283464567
20
0.0524415354330709
11
0.2737583464566929
21
0.0523720472440945
0
LINE
8
BLACK
6
CONTINUOUS
10
0.2737583464566929
20
0.0523720472440945
11
0.2738564173228347
21
0.0523314173228346
0
LINE
8
BLACK
6
CONTINUOUS
10
0.2738564173228347
20
0.0523314173228346
11
0.2743038582677165
21
0.0519642125984252
0
LINE
8
BLACK
6
CONTINUOUS
10
0.2743038582677165
20
0.0519642125984252
11
0.2754287401574803
21
0.0508393307086614
0
LINE
8
BLACK
6
CONTINUOUS
10
0.2754287401574803
20
0.0508393307086614
11
0.2757959842519685
21
0.0503918897637795
0
LINE
8
BLACK
6
CONTINUOUS
10
0.2757959842519685
20
0.0503918897637795
11
0.2762368503937008
21
0.0493274409448819
0
LINE
8
BLACK
6
CONTINUOUS
10
0.2762368503937008
20
0.0493274409448819
11
0.2762368503937008
21
0.0481753543307087
0
LINE
8
BLACK
6
CONTINUOUS
10
0.2762368503937008
20
0.0481753543307087
11
0.2757959842519685
21
0.0471109448818898
0
LINE
8
BLACK
6
CONTINUOUS
10
0.2757959842519685
20
0.0471109448818898
11
0.2749812992125984
21
0.0462962598425197
0
LINE
8
BLACK
6
CONTINUOUS
10
0.2749812992125984
20
0.0462962598425197
11
0.2739168897637795
21
0.0458553937007874
0
LINE
8
BLACK
6
CONTINUOUS
10
0.2739168897637795
20
0.0458553937007874
11
0.2727648031496063
21
0.0458553937007874
0
LINE
8
BLACK
6
CONTINUOUS
10
0.2727648031496063
20
0.0458553937007874
11
0.2717003543307087
21
0.0462962598425197
0
LINE
8
BLACK
6
CONTINUOUS
10
0.2717003543307087
20
0.0462962598425197
11
0.2712529133858267
21
0.0466635039370079
0
LINE
8
BLACK
6
CONTINUOUS
10
0.2712529133858267
20
0.0466635039370079
11
0.270620905511811
21
0.0472955118110236
0
LINE
8
BLACK
6
CONTINUOUS
10
0.270620905511811
20
0.0472955118110236
11
0.2683622440944882
21
0.0480483858267717
0
LINE
8
BLACK
6
CONTINUOUS
10
0.2683622440944882
20
0.0480483858267717
11
0.2670707480314961
21
0.0480483858267717
0
LINE
8
BLACK
6
CONTINUOUS
10
0.2670707480314961
20
0.0480483858267717
11
0.264812125984252
21
0.0472955118110236
0
LINE
8
BLACK
6
CONTINUOUS
10
0.264812125984252
20
0.0472955118110236
11
0.2633940551181102
21
0.0458774803149606
0
LINE
8
BLACK
6
CONTINUOUS
10
0.2633940551181102
20
0.0458774803149606
11
0.2626285433070866
21
0.0443463779527559
0
LINE
8
BLACK
6
CONTINUOUS
10
0.2626285433070866
20
0.0443463779527559
11
0.2616703937007874
21
0.0405138582677165
0
LINE
8
BLACK
6
CONTINUOUS
10
0.2616703937007874
20
0.0405138582677165
11
0.2616703937007874
21
0.0378664173228346
0
LINE
8
BLACK
6
CONTINUOUS
10
0.2616703937007874
20
0.0378664173228346
11
0.2626285433070866
21
0.0340338976377953
0
LINE
8
BLACK
6
CONTINUOUS
10
0.2626285433070866
20
0.0340338976377953
11
0.2633940551181102
21
0.0325027952755906
0
LINE
8
BLACK
6
CONTINUOUS
10
0.2633940551181102
20
0.0325027952755906
11
0.264812125984252
21
0.0310847244094488
0
LINE
8
BLACK
6
CONTINUOUS
10
0.264812125984252
20
0.0310847244094488
11
0.2670707480314961
21
0.0303318503937008
0
LINE
8
BLACK
6
CONTINUOUS
10
0.2670707480314961
20
0.0303318503937008
11
0.2683622440944882
21
0.0303318503937008
0
LINE
8
BLACK
6
CONTINUOUS
10
0.2683622440944882
20
0.0303318503937008
11
0.270620905511811
21
0.0310847637795276
0
LINE
8
BLACK
6
CONTINUOUS
10
0.270620905511811
20
0.0310847637795276
11
0.2712529133858267
21
0.0317167322834646
0
LINE
8
BLACK
6
CONTINUOUS
10
0.2712529133858267
20
0.0317167322834646
11
0.2717003543307087
21
0.0320839763779528
0
LINE
8
BLACK
6
CONTINUOUS
10
0.2717003543307087
20
0.0320839763779528
11
0.2727648031496063
21
0.032524842519685
0
LINE
8
BLACK
6
CONTINUOUS
10
0.2727648031496063
20
0.032524842519685
11
0.2739168897637795
21
0.032524842519685
0
LINE
8
BLACK
6
CONTINUOUS
10
0.2739168897637795
20
0.032524842519685
11
0.2749812992125984
21
0.0320839763779528
0
LINE
8
BLACK
6
CONTINUOUS
10
0.2749812992125984
20
0.0320839763779528
11
0.2757959842519685
21
0.0312692913385827
0
LINE
8
BLACK
6
CONTINUOUS
10
0.2757959842519685
20
0.0312692913385827
11
0.2762368503937008
21
0.0302048818897638
0
LINE
8
BLACK
6
CONTINUOUS
10
0.2762368503937008
20
0.0302048818897638
11
0.2762368503937008
21
0.0290527952755905
0
LINE
8
BLACK
6
CONTINUOUS
10
0.2762368503937008
20
0.0290527952755905
11
0.2757959842519685
21
0.0279883464566929
0
LINE
8
BLACK
6
CONTINUOUS
10
0.2757959842519685
20
0.0279883464566929
11
0.2754287401574803
21
0.027540905511811
0
LINE
8
BLACK
6
CONTINUOUS
10
0.2754287401574803
20
0.027540905511811
11
0.2743038582677165
21
0.0264160236220472
0
LINE
8
BLACK
6
CONTINUOUS
10
0.2743038582677165
20
0.0264160236220472
11
0.2738564173228347
21
0.0260488188976378
0
LINE
8
BLACK
6
CONTINUOUS
10
0.2738564173228347
20
0.0260488188976378
11
0.2737583464566929
21
0.0260082283464567
0
LINE
8
BLACK
6
CONTINUOUS
10
0.2737583464566929
20
0.0260082283464567
11
0.2736782283464567
21
0.0259387007874016
0
LINE
8
BLACK
6
CONTINUOUS
10
0.2736782283464567
20
0.0259387007874016
11
0.2731496456692913
21
0.0257027165354331
0
LINE
8
BLACK
6
CONTINUOUS
10
0.2731496456692913
20
0.0257027165354331
11
0.2697751181102362
21
0.024577874015748
0
LINE
8
BLACK
6
CONTINUOUS
10
0.2697751181102362
20
0.024577874015748
11
0.2694895275590551
21
0.0245129527559055
0
LINE
8
BLACK
6
CONTINUOUS
10
0.2694895275590551
20
0.0245129527559055
11
0.2694174409448819
21
0.0244830708661417
0
LINE
8
BLACK
6
CONTINUOUS
10
0.2694174409448819
20
0.0244830708661417
11
0.2693129133858267
21
0.0244727952755905
0
LINE
8
BLACK
6
CONTINUOUS
10
0.2693129133858267
20
0.0244727952755905
11
0.2692106692913386
21
0.0244495275590551
0
LINE
8
BLACK
6
CONTINUOUS
10
0.2692106692913386
20
0.0244495275590551
11
0.2691329133858268
21
0.0244550787401575
0
LINE
8
BLACK
6
CONTINUOUS
10
0.2691329133858268
20
0.0244550787401575
11
0.2688413779527559
21
0.0244263385826772
0
LINE
8
BLACK
6
CONTINUOUS
10
0.2688413779527559
20
0.0244263385826772
11
0.2665916535433071
21
0.0244263385826772
0
LINE
8
BLACK
6
CONTINUOUS
10
0.2665916535433071
20
0.0244263385826772
11
0.2663000787401575
21
0.0244550787401575
0
LINE
8
BLACK
6
CONTINUOUS
10
0.2663000787401575
20
0.0244550787401575
11
0.2662223622047244
21
0.0244495275590551
0
LINE
8
BLACK
6
CONTINUOUS
10
0.2662223622047244
20
0.0244495275590551
11
0.2661200787401575
21
0.0244727952755905
0
LINE
8
BLACK
6
CONTINUOUS
10
0.2661200787401575
20
0.0244727952755905
11
0.2660155905511811
21
0.0244830708661417
0
LINE
8
BLACK
6
CONTINUOUS
10
0.2660155905511811
20
0.0244830708661417
11
0.2659434645669291
21
0.0245129527559055
0
LINE
8
BLACK
6
CONTINUOUS
10
0.2659434645669291
20
0.0245129527559055
11
0.2656579133858268
21
0.024577874015748
0
LINE
8
BLACK
6
CONTINUOUS
10
0.2656579133858268
20
0.024577874015748
11
0.2622833464566929
21
0.0257027165354331
0
LINE
8
BLACK
6
CONTINUOUS
10
0.2622833464566929
20
0.0257027165354331
11
0.2617548031496063
21
0.0259387007874016
0
LINE
8
BLACK
6
CONTINUOUS
10
0.2617548031496063
20
0.0259387007874016
11
0.2616746456692913
21
0.0260082283464567
0
LINE
8
BLACK
6
CONTINUOUS
10
0.2616746456692913
20
0.0260082283464567
11
0.2615766141732284
21
0.0260488188976378
0
LINE
8
BLACK
6
CONTINUOUS
10
0.2615766141732284
20
0.0260488188976378
11
0.2611291732283464
21
0.0264160236220472
0
LINE
8
BLACK
6
CONTINUOUS
10
0.2611291732283464
20
0.0264160236220472
11
0.2588794488188976
21
0.0286657480314961
0
LINE
8
BLACK
6
CONTINUOUS
10
0.2588794488188976
20
0.0286657480314961
11
0.2586936614173228
21
0.028892125984252
0
LINE
8
BLACK
6
CONTINUOUS
10
0.2586936614173228
20
0.028892125984252
11
0.2586346850393701
21
0.0289432677165354
0
LINE
8
BLACK
6
CONTINUOUS
10
0.2586346850393701
20
0.0289432677165354
11
0.2585787007874016
21
0.0290322440944882
0
LINE
8
BLACK
6
CONTINUOUS
10
0.2585787007874016
20
0.0290322440944882
11
0.2585122440944882
21
0.029113188976378
0
LINE
8
BLACK
6
CONTINUOUS
10
0.2585122440944882
20
0.029113188976378
11
0.2584824015748031
21
0.029185157480315
0
LINE
8
BLACK
6
CONTINUOUS
10
0.2584824015748031
20
0.029185157480315
11
0.2583263385826772
21
0.0294331496062992
0
LINE
8
BLACK
6
CONTINUOUS
10
0.2583263385826772
20
0.0294331496062992
11
0.2572014960629921
21
0.031682874015748
0
LINE
8
BLACK
6
CONTINUOUS
10
0.2572014960629921
20
0.031682874015748
11
0.2571853543307087
21
0.031725
0
LINE
8
BLACK
6
CONTINUOUS
10
0.2571853543307087
20
0.031725
11
0.2571726771653543
21
0.031742125984252
0
LINE
8
BLACK
6
CONTINUOUS
10
0.2571726771653543
20
0.031742125984252
11
0.257086220472441
21
0.031984094488189
0
LINE
8
BLACK
6
CONTINUOUS
10
0.257086220472441
20
0.031984094488189
11
0.2569946062992126
21
0.0322235039370079
0
LINE
8
BLACK
6
CONTINUOUS
10
0.2569946062992126
20
0.0322235039370079
11
0.2569930708661417
21
0.0322447637795276
0
LINE
8
BLACK
6
CONTINUOUS
10
0.2569930708661417
20
0.0322447637795276
11
0.2569779133858268
21
0.0322872440944882
0
LINE
8
BLACK
6
CONTINUOUS
10
0.2569779133858268
20
0.0322872440944882
11
0.255853031496063
21
0.0367866929133858
0
LINE
8
BLACK
6
CONTINUOUS
10
0.255853031496063
20
0.0367866929133858
11
0.2558382283464567
21
0.0368865748031496
0
LINE
8
BLACK
6
CONTINUOUS
10
0.2558382283464567
20
0.0368865748031496
11
0.2558216141732284
21
0.0369267716535433
0
LINE
8
BLACK
6
CONTINUOUS
10
0.2558216141732284
20
0.0369267716535433
11
0.2558002362204724
21
0.0371438188976378
0
LINE
8
BLACK
6
CONTINUOUS
10
0.2558002362204724
20
0.0371438188976378
11
0.2557683858267716
21
0.0373592913385827
0
LINE
8
BLACK
6
CONTINUOUS
10
0.2557683858267716
20
0.0373592913385827
11
0.2557747637795276
21
0.0374023228346457
0
LINE
8
BLACK
6
CONTINUOUS
10
0.2557747637795276
20
0.0374023228346457
11
0.2557648818897638
21
0.0375028346456693
0
LINE
8
BLACK
6
CONTINUOUS
10
0.2557648818897638
20
0.0375028346456693
11
0.2557648818897638
21
0.0408774015748032
0
LINE
8
BLACK
6
CONTINUOUS
10
0.2557648818897638
20
0.0408774015748032
11
0.2557747637795276
21
0.0409779527559055
0
LINE
8
BLACK
6
CONTINUOUS
10
0.2557747637795276
20
0.0409779527559055
11
0.2557683858267716
21
0.0410209448818898
0
LINE
8
BLACK
6
CONTINUOUS
10
0.2557683858267716
20
0.0410209448818898
11
0.2558002362204724
21
0.0412364566929134
0
LINE
8
BLACK
6
CONTINUOUS
10
0.2558002362204724
20
0.0412364566929134
11
0.2558216141732284
21
0.0414534645669291
0
LINE
8
BLACK
6
CONTINUOUS
10
0.2558216141732284
20
0.0414534645669291
11
0.2558382283464567
21
0.0414937007874016
0
LINE
8
BLACK
6
CONTINUOUS
10
0.2558382283464567
20
0.0414937007874016
11
0.255853031496063
21
0.0415935433070866
0
LINE
8
BLACK
6
CONTINUOUS
10
0.255853031496063
20
0.0415935433070866
11
0.2569779133858268
21
0.0460929921259843
0
LINE
8
BLACK
6
CONTINUOUS
10
0.2569779133858268
20
0.0460929921259843
11
0.2569930708661417
21
0.0461355118110236
0
LINE
8
BLACK
6
CONTINUOUS
10
0.2569930708661417
20
0.0461355118110236
11
0.2569946062992126
21
0.0461567322834646
0
LINE
8
BLACK
6
CONTINUOUS
10
0.2569946062992126
20
0.0461567322834646
11
0.257086220472441
21
0.0463961811023622
0
LINE
8
BLACK
6
CONTINUOUS
10
0.257086220472441
20
0.0463961811023622
11
0.2571726771653543
21
0.0466381102362205
0
LINE
8
BLACK
6
CONTINUOUS
10
0.2571726771653543
20
0.0466381102362205
11
0.2571853543307087
21
0.0466552755905512
0
LINE
8
BLACK
6
CONTINUOUS
10
0.2571853543307087
20
0.0466552755905512
11
0.2572014960629921
21
0.0466973622047244
0
LINE
8
BLACK
6
CONTINUOUS
10
0.2572014960629921
20
0.0466973622047244
11
0.2583263385826772
21
0.0489470866141732
0
LINE
8
BLACK
6
CONTINUOUS
10
0.2583263385826772
20
0.0489470866141732
11
0.2584824015748031
21
0.0491951181102362
0
LINE
8
BLACK
6
CONTINUOUS
10
0.2584824015748031
20
0.0491951181102362
11
0.2585122440944882
21
0.0492670472440945
0
LINE
8
BLACK
6
CONTINUOUS
10
0.2585122440944882
20
0.0492670472440945
11
0.2585787007874016
21
0.049348031496063
0
LINE
8
BLACK
6
CONTINUOUS
10
0.2585787007874016
20
0.049348031496063
11
0.2586346850393701
21
0.049436968503937
0
LINE
8
BLACK
6
CONTINUOUS
10
0.2586346850393701
20
0.049436968503937
11
0.2586936614173228
21
0.0494881496062992
0
LINE
8
BLACK
6
CONTINUOUS
10
0.2586936614173228
20
0.0494881496062992
11
0.2588794488188976
21
0.0497144881889764
0
LINE
8
BLACK
6
CONTINUOUS
10
0.2588794488188976
20
0.0497144881889764
11
0.2611291732283464
21
0.0519642125984252
0
LINE
8
BLACK
6
CONTINUOUS
10
0.2611291732283464
20
0.0519642125984252
11
0.2615766141732284
21
0.0523314173228346
0
LINE
8
BLACK
6
CONTINUOUS
10
0.2615766141732284
20
0.0523314173228346
11
0.2616746456692913
21
0.0523720472440945
0
LINE
8
BLACK
6
CONTINUOUS
10
0.2616746456692913
20
0.0523720472440945
11
0.2617548031496063
21
0.0524415354330709
0
LINE
8
BLACK
6
CONTINUOUS
10
0.2617548031496063
20
0.0524415354330709
11
0.2622833464566929
21
0.0526775196850394
0
LINE
8
BLACK
6
CONTINUOUS
10
0.2622833464566929
20
0.0526775196850394
11
0.2656579133858268
21
0.0538023622047244
0
LINE
8
BLACK
6
CONTINUOUS
10
0.2656579133858268
20
0.0538023622047244
11
0.2659434645669291
21
0.0538673228346457
0
LINE
8
BLACK
6
CONTINUOUS
10
0.2659434645669291
20
0.0538673228346457
11
0.2660155905511811
21
0.0538971653543307
0
LINE
8
BLACK
6
CONTINUOUS
10
0.2660155905511811
20
0.0538971653543307
11
0.2661200787401575
21
0.0539074803149606
0
LINE
8
BLACK
6
CONTINUOUS
10
0.2661200787401575
20
0.0539074803149606
11
0.2662223622047244
21
0.0539307086614173
0
LINE
8
BLACK
6
CONTINUOUS
10
0.2662223622047244
20
0.0539307086614173
11
0.2663000787401575
21
0.0539251968503937
0
LINE
8
BLACK
6
CONTINUOUS
10
0.2663000787401575
20
0.0539251968503937
11
0.2665916535433071
21
0.0539538976377953
0
LINE
8
BLACK
6
CONTINUOUS
10
0.2665916535433071
20
0.0539538976377953
11
0.2688413779527559
21
0.0539538976377953
0
LINE
8
BLACK
6
CONTINUOUS
10
0.2688413779527559
20
0.0539538976377953
11
0.2691329133858268
21
0.0539251968503937
0
LINE
8
BLACK
6
CONTINUOUS
10
0.309627874015748
20
0.0539251968503937
11
0.3097056299212598
21
0.0539307086614173
0
LINE
8
BLACK
6
CONTINUOUS
10
0.3097056299212598
20
0.0539307086614173
11
0.309807874015748
21
0.0539074803149606
0
LINE
8
BLACK
6
CONTINUOUS
10
0.309807874015748
20
0.0539074803149606
11
0.3099124015748032
21
0.0538971653543307
0
LINE
8
BLACK
6
CONTINUOUS
10
0.3099124015748032
20
0.0538971653543307
11
0.3099844881889764
21
0.0538673228346457
0
LINE
8
BLACK
6
CONTINUOUS
10
0.3099844881889764
20
0.0538673228346457
11
0.3102700787401575
21
0.0538023622047244
0
LINE
8
BLACK
6
CONTINUOUS
10
0.3102700787401575
20
0.0538023622047244
11
0.3136446062992126
21
0.0526775196850394
0
LINE
8
BLACK
6
CONTINUOUS
10
0.3136446062992126
20
0.0526775196850394
11
0.314173188976378
21
0.0524415354330709
0
LINE
8
BLACK
6
CONTINUOUS
10
0.314173188976378
20
0.0524415354330709
11
0.3142533070866141
21
0.0523720472440945
0
LINE
8
BLACK
6
CONTINUOUS
10
0.3142533070866141
20
0.0523720472440945
11
0.3143513779527559
21
0.0523314173228346
0
LINE
8
BLACK
6
CONTINUOUS
10
0.3143513779527559
20
0.0523314173228346
11
0.3147988188976378
21
0.0519642125984252
0
LINE
8
BLACK
6
CONTINUOUS
10
0.3147988188976378
20
0.0519642125984252
11
0.3170485433070866
21
0.0497144881889764
0
LINE
8
BLACK
6
CONTINUOUS
10
0.3170485433070866
20
0.0497144881889764
11
0.3172343700787402
21
0.049488031496063
0
LINE
8
BLACK
6
CONTINUOUS
10
0.3172343700787402
20
0.049488031496063
11
0.3172933070866142
21
0.0494369291338583
0
LINE
8
BLACK
6
CONTINUOUS
10
0.3172933070866142
20
0.0494369291338583
11
0.3173491732283464
21
0.0493481496062992
0
LINE
8
BLACK
6
CONTINUOUS
10
0.3173491732283464
20
0.0493481496062992
11
0.3174157480314961
21
0.0492670472440945
0
LINE
8
BLACK
6
CONTINUOUS
10
0.3174157480314961
20
0.0492670472440945
11
0.3174455511811023
21
0.0491950393700787
0
LINE
8
BLACK
6
CONTINUOUS
10
0.3174455511811023
20
0.0491950393700787
11
0.3176016535433071
21
0.0489470866141732
0
LINE
8
BLACK
6
CONTINUOUS
10
0.3176016535433071
20
0.0489470866141732
11
0.3187264960629921
21
0.0466973228346457
0
LINE
8
BLACK
6
CONTINUOUS
10
0.3187264960629921
20
0.0466973228346457
11
0.3187425590551181
21
0.0466553149606299
0
LINE
8
BLACK
6
CONTINUOUS
10
0.3187425590551181
20
0.0466553149606299
11
0.3187553149606299
21
0.0466381102362205
0
LINE
8
BLACK
6
CONTINUOUS
10
0.3187553149606299
20
0.0466381102362205
11
0.318841968503937
21
0.0463955905511811
0
LINE
8
BLACK
6
CONTINUOUS
10
0.318841968503937
20
0.0463955905511811
11
0.3189333858267717
21
0.0461566929133858
0
LINE
8
BLACK
6
CONTINUOUS
10
0.3189333858267717
20
0.0461566929133858
11
0.3189348818897638
21
0.0461355118110236
0
LINE
8
BLACK
6
CONTINUOUS
10
0.3189348818897638
20
0.0461355118110236
11
0.3189500787401575
21
0.0460929921259843
0
LINE
8
BLACK
6
CONTINUOUS
10
0.3189500787401575
20
0.0460929921259843
11
0.3200749606299212
21
0.0415935826771654
0
LINE
8
BLACK
6
CONTINUOUS
10
0.3200749606299212
20
0.0415935826771654
11
0.3200897244094488
21
0.0414936614173228
0
LINE
8
BLACK
6
CONTINUOUS
10
0.3200897244094488
20
0.0414936614173228
11
0.3201063779527559
21
0.0414534645669291
0
LINE
8
BLACK
6
CONTINUOUS
10
0.3201063779527559
20
0.0414534645669291
11
0.320127716535433
21
0.0412364960629921
0
LINE
8
BLACK
6
CONTINUOUS
10
0.320127716535433
20
0.0412364960629921
11
0.3201596062992126
21
0.0410209448818898
0
LINE
8
BLACK
6
CONTINUOUS
10
0.3201596062992126
20
0.0410209448818898
11
0.320153188976378
21
0.0409779527559055
0
LINE
8
BLACK
6
CONTINUOUS
10
0.320153188976378
20
0.0409779527559055
11
0.3201631102362205
21
0.0408774015748032
0
LINE
8
BLACK
6
CONTINUOUS
10
0.3201631102362205
20
0.0408774015748032
11
0.3201631102362205
21
0.0375028346456693
0
LINE
8
BLACK
6
CONTINUOUS
10
0.3201631102362205
20
0.0375028346456693
11
0.320153188976378
21
0.0374023228346457
0
LINE
8
BLACK
6
CONTINUOUS
10
0.320153188976378
20
0.0374023228346457
11
0.3201596062992126
21
0.0373592913385827
0
LINE
8
BLACK
6
CONTINUOUS
10
0.3201596062992126
20
0.0373592913385827
11
0.320127716535433
21
0.0371437795275591
0
LINE
8
BLACK
6
CONTINUOUS
10
0.320127716535433
20
0.0371437795275591
11
0.3201063779527559
21
0.0369267716535433
0
LINE
8
BLACK
6
CONTINUOUS
10
0.3201063779527559
20
0.0369267716535433
11
0.3200897244094488
21
0.0368866141732283
0
LINE
8
BLACK
6
CONTINUOUS
10
0.3200897244094488
20
0.0368866141732283
11
0.3200749606299212
21
0.0367866535433071
0
LINE
8
BLACK
6
CONTINUOUS
10
0.3200749606299212
20
0.0367866535433071
11
0.3189500787401575
21
0.0322872440944882
0
LINE
8
BLACK
6
CONTINUOUS
10
0.3189500787401575
20
0.0322872440944882
11
0.3189348818897638
21
0.0322447637795276
0
LINE
8
BLACK
6
CONTINUOUS
10
0.3189348818897638
20
0.0322447637795276
11
0.3189333858267717
21
0.0322235433070866
0
LINE
8
BLACK
6
CONTINUOUS
10
0.3189333858267717
20
0.0322235433070866
11
0.318841968503937
21
0.0319846850393701
0
LINE
8
BLACK
6
CONTINUOUS
10
0.318841968503937
20
0.0319846850393701
11
0.3187553149606299
21
0.031742125984252
0
LINE
8
BLACK
6
CONTINUOUS
10
0.3187553149606299
20
0.031742125984252
11
0.3187425590551181
21
0.0317249606299213
0
LINE
8
BLACK
6
CONTINUOUS
10
0.3187425590551181
20
0.0317249606299213
11
0.3187264960629921
21
0.0316829133858268
0
LINE
8
BLACK
6
CONTINUOUS
10
0.3187264960629921
20
0.0316829133858268
11
0.3176016535433071
21
0.0294331496062992
0
LINE
8
BLACK
6
CONTINUOUS
10
0.3176016535433071
20
0.0294331496062992
11
0.3174455511811023
21
0.0291852362204724
0
LINE
8
BLACK
6
CONTINUOUS
10
0.3174455511811023
20
0.0291852362204724
11
0.3174157480314961
21
0.029113188976378
0
LINE
8
BLACK
6
CONTINUOUS
10
0.3174157480314961
20
0.029113188976378
11
0.3173491732283464
21
0.029032125984252
0
LINE
8
BLACK
6
CONTINUOUS
10
0.3173491732283464
20
0.029032125984252
11
0.3172933070866142
21
0.0289433070866142
0
LINE
8
BLACK
6
CONTINUOUS
10
0.3172933070866142
20
0.0289433070866142
11
0.3172343700787402
21
0.0288922440944882
0
LINE
8
BLACK
6
CONTINUOUS
10
0.3172343700787402
20
0.0288922440944882
11
0.3170485433070866
21
0.0286657480314961
0
LINE
8
BLACK
6
CONTINUOUS
10
0.3170485433070866
20
0.0286657480314961
11
0.3147988188976378
21
0.0264160236220472
0
LINE
8
BLACK
6
CONTINUOUS
10
0.3147988188976378
20
0.0264160236220472
11
0.3143513779527559
21
0.0260488188976378
0
LINE
8
BLACK
6
CONTINUOUS
10
0.3143513779527559
20
0.0260488188976378
11
0.3142533070866141
21
0.0260082283464567
0
LINE
8
BLACK
6
CONTINUOUS
10
0.3142533070866141
20
0.0260082283464567
11
0.314173188976378
21
0.0259387007874016
0
LINE
8
BLACK
6
CONTINUOUS
10
0.314173188976378
20
0.0259387007874016
11
0.3136446062992126
21
0.0257027165354331
0
LINE
8
BLACK
6
CONTINUOUS
10
0.3136446062992126
20
0.0257027165354331
11
0.3102700787401575
21
0.024577874015748
0
LINE
8
BLACK
6
CONTINUOUS
10
0.3102700787401575
20
0.024577874015748
11
0.3099844881889764
21
0.0245129527559055
0
LINE
8
BLACK
6
CONTINUOUS
10
0.3099844881889764
20
0.0245129527559055
11
0.3099124015748032
21
0.0244830708661417
0
LINE
8
BLACK
6
CONTINUOUS
10
0.3099124015748032
20
0.0244830708661417
11
0.309807874015748
21
0.0244727952755905
0
LINE
8
BLACK
6
CONTINUOUS
10
0.309807874015748
20
0.0244727952755905
11
0.3097056299212598
21
0.0244495275590551
0
LINE
8
BLACK
6
CONTINUOUS
10
0.3097056299212598
20
0.0244495275590551
11
0.309627874015748
21
0.0244550787401575
0
LINE
8
BLACK
6
CONTINUOUS
10
0.309627874015748
20
0.0244550787401575
11
0.3093363385826772
21
0.0244263385826772
0
LINE
8
BLACK
6
CONTINUOUS
10
0.3093363385826772
20
0.0244263385826772
11
0.3037120472440945
21
0.0244263385826772
0
LINE
8
BLACK
6
CONTINUOUS
10
0.3037120472440945
20
0.0244263385826772
11
0.3031359842519685
21
0.0244830708661417
0
LINE
8
BLACK
6
CONTINUOUS
10
0.3031359842519685
20
0.0244830708661417
11
0.3020715748031496
21
0.0249239763779528
0
LINE
8
BLACK
6
CONTINUOUS
10
0.3020715748031496
20
0.0249239763779528
11
0.3012569291338583
21
0.0257386220472441
0
LINE
8
BLACK
6
CONTINUOUS
10
0.3012569291338583
20
0.0257386220472441
11
0.3008160236220472
21
0.026803031496063
0
LINE
8
BLACK
6
CONTINUOUS
10
0.3008160236220472
20
0.026803031496063
11
0.3008160236220472
21
0.0268030708661417
0
LINE
8
BLACK
6
CONTINUOUS
10
0.3008160236220472
20
0.0268030708661417
11
0.3007592913385826
21
0.027379094488189
0
LINE
8
BLACK
6
CONTINUOUS
10
0.3007592913385826
20
0.027379094488189
11
0.3007592913385826
21
0.0510011417322835
0
LINE
8
BLACK
6
CONTINUOUS
10
0.3007592913385826
20
0.0510011417322835
11
0.3008160236220472
21
0.0515772047244095
0
LINE
8
BLACK
6
CONTINUOUS
10
0.3008160236220472
20
0.0515772047244095
11
0.3012569291338583
21
0.0526416141732283
0
LINE
8
BLACK
6
CONTINUOUS
10
0.3012569291338583
20
0.0526416141732283
11
0.3020715748031496
21
0.0534562598425197
0
LINE
8
BLACK
6
CONTINUOUS
10
0.3020715748031496
20
0.0534562598425197
11
0.3031359842519685
21
0.0538971653543307
0
LINE
8
BLACK
6
CONTINUOUS
10
0.3031359842519685
20
0.0538971653543307
11
0.3037120472440945
21
0.0539538976377953
0
LINE
8
BLACK
6
CONTINUOUS
10
0.3037120472440945
20
0.0539538976377953
11
0.3093363385826772
21
0.0539538976377953
0
LINE
8
BLACK
6
CONTINUOUS
10
0.3093363385826772
20
0.0539538976377953
11
0.309627874015748
21
0.0539251968503937
0
LINE
8
BLACK
6
CONTINUOUS
10
0.3066648031496063
20
0.0303318503937008
11
0.3088572047244094
21
0.0303318503937008
0
LINE
8
BLACK
6
CONTINUOUS
10
0.3088572047244094
20
0.0303318503937008
11
0.3111158661417323
21
0.0310847637795276
0
LINE
8
BLACK
6
CONTINUOUS
10
0.3111158661417323
20
0.0310847637795276
11
0.3125338582677165
21
0.0325027559055118
0
LINE
8
BLACK
6
CONTINUOUS
10
0.3125338582677165
20
0.0325027559055118
11
0.3132994488188977
21
0.034033937007874
0
LINE
8
BLACK
6
CONTINUOUS
10
0.3132994488188977
20
0.034033937007874
11
0.3142575984251968
21
0.0378664173228346
0
LINE
8
BLACK
6
CONTINUOUS
10
0.3142575984251968
20
0.0378664173228346
11
0.3142575984251968
21
0.0405138582677165
0
LINE
8
BLACK
6
CONTINUOUS
10
0.3142575984251968
20
0.0405138582677165
11
0.3132994488188977
21
0.0443463385826772
0
LINE
8
BLACK
6
CONTINUOUS
10
0.3132994488188977
20
0.0443463385826772
11
0.3125338582677165
21
0.0458775196850394
0
LINE
8
BLACK
6
CONTINUOUS
10
0.3125338582677165
20
0.0458775196850394
11
0.3111158661417323
21
0.0472955118110236
0
LINE
8
BLACK
6
CONTINUOUS
10
0.3111158661417323
20
0.0472955118110236
11
0.3088572047244094
21
0.0480483858267717
0
LINE
8
BLACK
6
CONTINUOUS
10
0.3088572047244094
20
0.0480483858267717
11
0.3066648031496063
21
0.0480483858267717
0
LINE
8
BLACK
6
CONTINUOUS
10
0.3066648031496063
20
0.0480483858267717
11
0.3066648031496063
21
0.0303318503937008
0
LINE
8
BLACK
6
CONTINUOUS
10
0.3526570472440945
20
0.0538971653543307
11
0.3527550393700787
21
0.0538565748031496
0
LINE
8
BLACK
6
CONTINUOUS
10
0.3527550393700787
20
0.0538565748031496
11
0.3528608661417323
21
0.0538490551181102
0
LINE
8
BLACK
6
CONTINUOUS
10
0.3528608661417323
20
0.0538490551181102
11
0.3534014960629921
21
0.0536421653543307
0
LINE
8
BLACK
6
CONTINUOUS
10
0.3534014960629921
20
0.0536421653543307
11
0.3556512204724409
21
0.0525173228346457
0
LINE
8
BLACK
6
CONTINUOUS
10
0.3556512204724409
20
0.0525173228346457
11
0.3558992125984252
21
0.0523612598425197
0
LINE
8
BLACK
6
CONTINUOUS
10
0.3558992125984252
20
0.0523612598425197
11
0.3559711811023622
21
0.0523314173228346
0
LINE
8
BLACK
6
CONTINUOUS
10
0.3559711811023622
20
0.0523314173228346
11
0.356052125984252
21
0.0522649606299213
0
LINE
8
BLACK
6
CONTINUOUS
10
0.356052125984252
20
0.0522649606299213
11
0.3561411023622047
21
0.0522089763779528
0
LINE
8
BLACK
6
CONTINUOUS
10
0.3561411023622047
20
0.0522089763779528
11
0.3561922440944882
21
0.05215
0
LINE
8
BLACK
6
CONTINUOUS
10
0.3561922440944882
20
0.05215
11
0.3564186220472441
21
0.0519642125984252
0
LINE
8
BLACK
6
CONTINUOUS
10
0.3564186220472441
20
0.0519642125984252
11
0.3575435039370078
21
0.0508393307086614
0
LINE
8
BLACK
6
CONTINUOUS
10
0.3575435039370078
20
0.0508393307086614
11
0.3577294094488189
21
0.0506128346456693
0
LINE
8
BLACK
6
CONTINUOUS
10
0.3577294094488189
20
0.0506128346456693
11
0.3577882677165354
21
0.0505617716535433
0
LINE
8
BLACK
6
CONTINUOUS
10
0.3577882677165354
20
0.0505617716535433
11
0.3578440551181102
21
0.0504731496062992
0
LINE
8
BLACK
6
CONTINUOUS
10
0.3578440551181102
20
0.0504731496062992
11
0.357910748031496
21
0.0503918897637795
0
LINE
8
BLACK
6
CONTINUOUS
10
0.357910748031496
20
0.0503918897637795
11
0.3579406299212599
21
0.0503197244094488
0
LINE
8
BLACK
6
CONTINUOUS
10
0.3579406299212599
20
0.0503197244094488
11
0.3580966141732284
21
0.0500719291338583
0
LINE
8
BLACK
6
CONTINUOUS
10
0.3580966141732284
20
0.0500719291338583
11
0.3592214566929134
21
0.0478221653543307
0
LINE
8
BLACK
6
CONTINUOUS
10
0.3592214566929134
20
0.0478221653543307
11
0.3592375196850394
21
0.047780157480315
0
LINE
8
BLACK
6
CONTINUOUS
10
0.3592375196850394
20
0.047780157480315
11
0.3592502755905512
21
0.0477629527559055
0
LINE
8
BLACK
6
CONTINUOUS
10
0.3592502755905512
20
0.0477629527559055
11
0.3593369291338583
21
0.0475204330708661
0
LINE
8
BLACK
6
CONTINUOUS
10
0.3593369291338583
20
0.0475204330708661
11
0.3594283464566929
21
0.0472815354330709
0
LINE
8
BLACK
6
CONTINUOUS
10
0.3594283464566929
20
0.0472815354330709
11
0.359429842519685
21
0.0472603543307087
0
LINE
8
BLACK
6
CONTINUOUS
10
0.359429842519685
20
0.0472603543307087
11
0.3594450393700787
21
0.0472178346456693
0
LINE
8
BLACK
6
CONTINUOUS
10
0.3594450393700787
20
0.0472178346456693
11
0.3605698818897637
21
0.0427184251968504
0
LINE
8
BLACK
6
CONTINUOUS
10
0.3605698818897637
20
0.0427184251968504
11
0.3605846456692913
21
0.0426185826771654
0
LINE
8
BLACK
6
CONTINUOUS
10
0.3605846456692913
20
0.0426185826771654
11
0.3606012992125984
21
0.0425783464566929
0
LINE
8
BLACK
6
CONTINUOUS
10
0.3606012992125984
20
0.0425783464566929
11
0.3606226377952756
21
0.0423613385826772
0
LINE
8
BLACK
6
CONTINUOUS
10
0.3606226377952756
20
0.0423613385826772
11
0.3606545275590551
21
0.0421458267716535
0
LINE
8
BLACK
6
CONTINUOUS
10
0.3606545275590551
20
0.0421458267716535
11
0.3606481102362205
21
0.0421028346456693
0
LINE
8
BLACK
6
CONTINUOUS
10
0.3606481102362205
20
0.0421028346456693
11
0.360658031496063
21
0.0420022834645669
0
LINE
8
BLACK
6
CONTINUOUS
10
0.360658031496063
20
0.0420022834645669
11
0.360658031496063
21
0.0363779527559055
0
LINE
8
BLACK
6
CONTINUOUS
10
0.360658031496063
20
0.0363779527559055
11
0.3606481102362205
21
0.0362774409448819
0
LINE
8
BLACK
6
CONTINUOUS
10
0.3606481102362205
20
0.0362774409448819
11
0.3606545275590551
21
0.0362344094488189
0
LINE
8
BLACK
6
CONTINUOUS
10
0.3606545275590551
20
0.0362344094488189
11
0.3606226377952756
21
0.036018937007874
0
LINE
8
BLACK
6
CONTINUOUS
10
0.3606226377952756
20
0.036018937007874
11
0.3606012992125984
21
0.0358018897637795
0
LINE
8
BLACK
6
CONTINUOUS
10
0.3606012992125984
20
0.0358018897637795
11
0.3605846456692913
21
0.0357616929133858
0
LINE
8
BLACK
6
CONTINUOUS
10
0.3605846456692913
20
0.0357616929133858
11
0.3605698818897637
21
0.035661811023622
0
LINE
8
BLACK
6
CONTINUOUS
10
0.3605698818897637
20
0.035661811023622
11
0.3594450393700787
21
0.0311624015748031
0
LINE
8
BLACK
6
CONTINUOUS
10
0.3594450393700787
20
0.0311624015748031
11
0.359429842519685
21
0.0311199212598425
0
LINE
8
BLACK
6
CONTINUOUS
10
0.359429842519685
20
0.0311199212598425
11
0.3594283464566929
21
0.0310987007874016
0
LINE
8
BLACK
6
CONTINUOUS
10
0.3594283464566929
20
0.0310987007874016
11
0.3593369291338583
21
0.030859842519685
0
LINE
8
BLACK
6
CONTINUOUS
10
0.3593369291338583
20
0.030859842519685
11
0.3592502755905512
21
0.0306172834645669
0
LINE
8
BLACK
6
CONTINUOUS
10
0.3592502755905512
20
0.0306172834645669
11
0.3592375196850394
21
0.0306001181102362
0
LINE
8
BLACK
6
CONTINUOUS
10
0.3592375196850394
20
0.0306001181102362
11
0.3592214566929134
21
0.0305580708661417
0
LINE
8
BLACK
6
CONTINUOUS
10
0.3592214566929134
20
0.0305580708661417
11
0.3580966141732284
21
0.0283083070866142
0
LINE
8
BLACK
6
CONTINUOUS
10
0.3580966141732284
20
0.0283083070866142
11
0.3579406299212599
21
0.0280605511811024
0
LINE
8
BLACK
6
CONTINUOUS
10
0.3579406299212599
20
0.0280605511811024
11
0.357910748031496
21
0.0279883464566929
0
LINE
8
BLACK
6
CONTINUOUS
10
0.357910748031496
20
0.0279883464566929
11
0.3578440551181102
21
0.027907125984252
0
LINE
8
BLACK
6
CONTINUOUS
10
0.3578440551181102
20
0.027907125984252
11
0.3577882677165354
21
0.0278184645669291
0
LINE
8
BLACK
6
CONTINUOUS
10
0.3577882677165354
20
0.0278184645669291
11
0.3577294094488189
21
0.0277674409448819
0
LINE
8
BLACK
6
CONTINUOUS
10
0.3577294094488189
20
0.0277674409448819
11
0.3575435039370078
21
0.027540905511811
0
LINE
8
BLACK
6
CONTINUOUS
10
0.3575435039370078
20
0.027540905511811
11
0.3564186220472441
21
0.0264160236220472
0
LINE
8
BLACK
6
CONTINUOUS
10
0.3564186220472441
20
0.0264160236220472
11
0.3561922440944882
21
0.0262302755905512
0
LINE
8
BLACK
6
CONTINUOUS
10
0.3561922440944882
20
0.0262302755905512
11
0.3561411023622047
21
0.0261712598425197
0
LINE
8
BLACK
6
CONTINUOUS
10
0.3561411023622047
20
0.0261712598425197
11
0.356052125984252
21
0.0261153149606299
0
LINE
8
BLACK
6
CONTINUOUS
10
0.356052125984252
20
0.0261153149606299
11
0.3559711811023622
21
0.0260488188976378
0
LINE
8
BLACK
6
CONTINUOUS
10
0.3559711811023622
20
0.0260488188976378
11
0.3558992125984252
21
0.0260190157480315
0
LINE
8
BLACK
6
CONTINUOUS
10
0.3558992125984252
20
0.0260190157480315
11
0.3556512204724409
21
0.0258629133858268
0
LINE
8
BLACK
6
CONTINUOUS
10
0.3556512204724409
20
0.0258629133858268
11
0.3534014960629921
21
0.0247380708661417
0
LINE
8
BLACK
6
CONTINUOUS
10
0.3534014960629921
20
0.0247380708661417
11
0.3528608661417323
21
0.0245311811023622
0
LINE
8
BLACK
6
CONTINUOUS
10
0.3528608661417323
20
0.0245311811023622
11
0.3527550393700787
21
0.0245237007874016
0
LINE
8
BLACK
6
CONTINUOUS
10
0.3527550393700787
20
0.0245237007874016
11
0.3526570472440945
21
0.0244830708661417
0
LINE
8
BLACK
6
CONTINUOUS
10
0.3526570472440945
20
0.0244830708661417
11
0.3520809842519685
21
0.0244263385826772
0
LINE
8
BLACK
6
CONTINUOUS
10
0.3520809842519685
20
0.0244263385826772
11
0.3498312598425197
21
0.0244263385826772
0
LINE
8
BLACK
6
CONTINUOUS
10
0.3498312598425197
20
0.0244263385826772
11
0.3492551968503937
21
0.0244830708661417
0
LINE
8
BLACK
6
CONTINUOUS
10
0.3492551968503937
20
0.0244830708661417
11
0.3491571653543307
21
0.0245237007874016
0
LINE
8
BLACK
6
CONTINUOUS
10
0.3491571653543307
20
0.0245237007874016
11
0.3490513779527559
21
0.0245311811023622
0
LINE
8
BLACK
6
CONTINUOUS
10
0.3490513779527559
20
0.0245311811023622
11
0.3485107480314961
21
0.0247380708661417
0
LINE
8
BLACK
6
CONTINUOUS
10
0.3485107480314961
20
0.0247380708661417
11
0.346261062992126
21
0.0258629133858268
0
LINE
8
BLACK
6
CONTINUOUS
10
0.346261062992126
20
0.0258629133858268
11
0.3460132283464567
21
0.026018937007874
0
LINE
8
BLACK
6
CONTINUOUS
10
0.3460132283464567
20
0.026018937007874
11
0.3459411023622047
21
0.0260487795275591
0
LINE
8
BLACK
6
CONTINUOUS
10
0.3459411023622047
20
0.0260487795275591
11
0.3458599212598425
21
0.0261153937007874
0
LINE
8
BLACK
6
CONTINUOUS
10
0.3458599212598425
20
0.0261153937007874
11
0.3457711811023622
21
0.0261712598425197
0
LINE
8
BLACK
6
CONTINUOUS
10
0.3457711811023622
20
0.0261712598425197
11
0.3457200393700787
21
0.0262301968503937
0
LINE
8
BLACK
6
CONTINUOUS
10
0.3457200393700787
20
0.0262301968503937
11
0.3454936614173229
21
0.0264160236220472
0
LINE
8
BLACK
6
CONTINUOUS
10
0.3454936614173229
20
0.0264160236220472
11
0.3443687795275591
21
0.027540905511811
0
LINE
8
BLACK
6
CONTINUOUS
10
0.3443687795275591
20
0.027540905511811
11
0.3441829921259842
21
0.0277672834645669
0
LINE
8
BLACK
6
CONTINUOUS
10
0.3441829921259842
20
0.0277672834645669
11
0.3441240157480315
21
0.0278184251968504
0
LINE
8
BLACK
6
CONTINUOUS
10
0.3441240157480315
20
0.0278184251968504
11
0.344068031496063
21
0.0279074015748031
0
LINE
8
BLACK
6
CONTINUOUS
10
0.344068031496063
20
0.0279074015748031
11
0.3440015748031496
21
0.0279883464566929
0
LINE
8
BLACK
6
CONTINUOUS
10
0.3440015748031496
20
0.0279883464566929
11
0.3439717322834646
21
0.0280603149606299
0
LINE
8
BLACK
6
CONTINUOUS
10
0.3439717322834646
20
0.0280603149606299
11
0.3438156692913386
21
0.0283083070866142
0
LINE
8
BLACK
6
CONTINUOUS
10
0.3438156692913386
20
0.0283083070866142
11
0.3426908267716535
21
0.030558031496063
0
LINE
8
BLACK
6
CONTINUOUS
10
0.3426908267716535
20
0.030558031496063
11
0.3426746850393701
21
0.030600157480315
0
LINE
8
BLACK
6
CONTINUOUS
10
0.3426746850393701
20
0.030600157480315
11
0.3426620078740157
21
0.0306172834645669
0
LINE
8
BLACK
6
CONTINUOUS
10
0.3426620078740157
20
0.0306172834645669
11
0.3425755511811023
21
0.0308592519685039
0
LINE
8
BLACK
6
CONTINUOUS
10
0.3425755511811023
20
0.0308592519685039
11
0.342483937007874
21
0.0310986614173228
0
LINE
8
BLACK
6
CONTINUOUS
10
0.342483937007874
20
0.0310986614173228
11
0.3424824015748031
21
0.0311199212598425
0
LINE
8
BLACK
6
CONTINUOUS
10
0.3424824015748031
20
0.0311199212598425
11
0.3424672440944882
21
0.0311624015748031
0
LINE
8
BLACK
6
CONTINUOUS
10
0.3424672440944882
20
0.0311624015748031
11
0.3413423622047244
21
0.0356617716535433
0
LINE
8
BLACK
6
CONTINUOUS
10
0.3413423622047244
20
0.0356617716535433
11
0.3413275590551181
21
0.0357617322834646
0
LINE
8
BLACK
6
CONTINUOUS
10
0.3413275590551181
20
0.0357617322834646
11
0.3413109448818897
21
0.0358018897637795
0
LINE
8
BLACK
6
CONTINUOUS
10
0.3413109448818897
20
0.0358018897637795
11
0.3412895669291339
21
0.0360188976377953
0
LINE
8
BLACK
6
CONTINUOUS
10
0.3412895669291339
20
0.0360188976377953
11
0.3412577165354331
21
0.0362344094488189
0
LINE
8
BLACK
6
CONTINUOUS
10
0.3412577165354331
20
0.0362344094488189
11
0.341264094488189
21
0.0362774409448819
0
LINE
8
BLACK
6
CONTINUOUS
10
0.341264094488189
20
0.0362774409448819
11
0.3412542125984252
21
0.0363779527559055
0
LINE
8
BLACK
6
CONTINUOUS
10
0.3412542125984252
20
0.0363779527559055
11
0.3412542125984252
21
0.0420022834645669
0
LINE
8
BLACK
6
CONTINUOUS
10
0.3412542125984252
20
0.0420022834645669
11
0.341264094488189
21
0.0421028346456693
0
LINE
8
BLACK
6
CONTINUOUS
10
0.341264094488189
20
0.0421028346456693
11
0.3412577165354331
21
0.0421458267716535
0
LINE
8
BLACK
6
CONTINUOUS
10
0.3412577165354331
20
0.0421458267716535
11
0.3412895669291339
21
0.0423613779527559
0
LINE
8
BLACK
6
CONTINUOUS
10
0.3412895669291339
20
0.0423613779527559
11
0.3413109448818897
21
0.0425783464566929
0
LINE
8
BLACK
6
CONTINUOUS
10
0.3413109448818897
20
0.0425783464566929
11
0.3413275590551181
21
0.0426185433070866
0
LINE
8
BLACK
6
CONTINUOUS
10
0.3413275590551181
20
0.0426185433070866
11
0.3413423622047244
21
0.0427184645669291
0
LINE
8
BLACK
6
CONTINUOUS
10
0.3413423622047244
20
0.0427184645669291
11
0.3424672440944882
21
0.0472178346456693
0
LINE
8
BLACK
6
CONTINUOUS
10
0.3424672440944882
20
0.0472178346456693
11
0.3424824015748031
21
0.0472603543307087
0
LINE
8
BLACK
6
CONTINUOUS
10
0.3424824015748031
20
0.0472603543307087
11
0.342483937007874
21
0.0472815748031496
0
LINE
8
BLACK
6
CONTINUOUS
10
0.342483937007874
20
0.0472815748031496
11
0.3425755511811023
21
0.0475210236220472
0
LINE
8
BLACK
6
CONTINUOUS
10
0.3425755511811023
20
0.0475210236220472
11
0.3426620078740157
21
0.0477629527559055
0
LINE
8
BLACK
6
CONTINUOUS
10
0.3426620078740157
20
0.0477629527559055
11
0.3426746850393701
21
0.0477801181102362
0
LINE
8
BLACK
6
CONTINUOUS
10
0.3426746850393701
20
0.0477801181102362
11
0.3426908267716535
21
0.0478222047244094
0
LINE
8
BLACK
6
CONTINUOUS
10
0.3426908267716535
20
0.0478222047244094
11
0.3438156692913386
21
0.0500719291338583
0
LINE
8
BLACK
6
CONTINUOUS
10
0.3438156692913386
20
0.0500719291338583
11
0.3439717322834646
21
0.0503199606299213
0
LINE
8
BLACK
6
CONTINUOUS
10
0.3439717322834646
20
0.0503199606299213
11
0.3440015748031496
21
0.0503918897637795
0
LINE
8
BLACK
6
CONTINUOUS
10
0.3440015748031496
20
0.0503918897637795
11
0.344068031496063
21
0.050472874015748
0
LINE
8
BLACK
6
CONTINUOUS
10
0.344068031496063
20
0.050472874015748
11
0.3441240157480315
21
0.050561811023622
0
LINE
8
BLACK
6
CONTINUOUS
10
0.3441240157480315
20
0.050561811023622
11
0.3441829921259842
21
0.0506129921259843
0
LINE
8
BLACK
6
CONTINUOUS
10
0.3441829921259842
20
0.0506129921259843
11
0.3443687795275591
21
0.0508393307086614
0
LINE
8
BLACK
6
CONTINUOUS
10
0.3443687795275591
20
0.0508393307086614
11
0.3454936614173229
21
0.0519642125984252
0
LINE
8
BLACK
6
CONTINUOUS
10
0.3454936614173229
20
0.0519642125984252
11
0.3457200393700787
21
0.0521500787401575
0
LINE
8
BLACK
6
CONTINUOUS
10
0.3457200393700787
20
0.0521500787401575
11
0.3457711811023622
21
0.0522089763779528
0
LINE
8
BLACK
6
CONTINUOUS
10
0.3457711811023622
20
0.0522089763779528
11
0.3458599212598425
21
0.0522648818897638
0
LINE
8
BLACK
6
CONTINUOUS
10
0.3458599212598425
20
0.0522648818897638
11
0.3459411023622047
21
0.0523314566929134
0
LINE
8
BLACK
6
CONTINUOUS
10
0.3459411023622047
20
0.0523314566929134
11
0.3460132283464567
21
0.0523613385826772
0
LINE
8
BLACK
6
CONTINUOUS
10
0.3460132283464567
20
0.0523613385826772
11
0.346261062992126
21
0.0525173228346457
0
LINE
8
BLACK
6
CONTINUOUS
10
0.346261062992126
20
0.0525173228346457
11
0.3485107480314961
21
0.0536421653543307
0
LINE
8
BLACK
6
CONTINUOUS
10
0.3485107480314961
20
0.0536421653543307
11
0.3490513779527559
21
0.0538490551181102
0
LINE
8
BLACK
6
CONTINUOUS
10
0.3490513779527559
20
0.0538490551181102
11
0.3491571653543307
21
0.0538565748031496
0
LINE
8
BLACK
6
CONTINUOUS
10
0.3491571653543307
20
0.0538565748031496
11
0.3492551968503937
21
0.0538971653543307
0
LINE
8
BLACK
6
CONTINUOUS
10
0.3492551968503937
20
0.0538971653543307
11
0.3498312598425197
21
0.0539538976377953
0
LINE
8
BLACK
6
CONTINUOUS
10
0.3498312598425197
20
0.0539538976377953
11
0.3520809842519685
21
0.0539538976377953
0
LINE
8
BLACK
6
CONTINUOUS
10
0.3520809842519685
20
0.0539538976377953
11
0.3526570472440945
21
0.0538971653543307
0
LINE
8
BLACK
6
CONTINUOUS
10
0.3493306692913386
20
0.0474495669291339
11
0.3488833858267716
21
0.0470023228346457
0
LINE
8
BLACK
6
CONTINUOUS
10
0.3488833858267716
20
0.0470023228346457
11
0.3481177952755906
21
0.045471062992126
0
LINE
8
BLACK
6
CONTINUOUS
10
0.3481177952755906
20
0.045471062992126
11
0.3471597244094488
21
0.0416387401574803
0
LINE
8
BLACK
6
CONTINUOUS
10
0.3471597244094488
20
0.0416387401574803
11
0.3471597244094488
21
0.0367415354330709
0
LINE
8
BLACK
6
CONTINUOUS
10
0.3471597244094488
20
0.0367415354330709
11
0.3481177952755906
21
0.0329092125984252
0
LINE
8
BLACK
6
CONTINUOUS
10
0.3481177952755906
20
0.0329092125984252
11
0.3488833858267716
21
0.0313779527559055
0
LINE
8
BLACK
6
CONTINUOUS
10
0.3488833858267716
20
0.0313779527559055
11
0.3493306692913386
21
0.0309306692913386
0
LINE
8
BLACK
6
CONTINUOUS
10
0.3493306692913386
20
0.0309306692913386
11
0.3505283070866141
21
0.0303318503937008
0
LINE
8
BLACK
6
CONTINUOUS
10
0.3505283070866141
20
0.0303318503937008
11
0.3513839763779528
21
0.0303318503937008
0
LINE
8
BLACK
6
CONTINUOUS
10
0.3513839763779528
20
0.0303318503937008
11
0.3525815748031496
21
0.0309306692913386
0
LINE
8
BLACK
6
CONTINUOUS
10
0.3525815748031496
20
0.0309306692913386
11
0.3530288188976378
21
0.0313779133858268
0
LINE
8
BLACK
6
CONTINUOUS
10
0.3530288188976378
20
0.0313779133858268
11
0.3537944094488189
21
0.032909094488189
0
LINE
8
BLACK
6
CONTINUOUS
10
0.3537944094488189
20
0.032909094488189
11
0.3547525196850393
21
0.0367414960629921
0
LINE
8
BLACK
6
CONTINUOUS
10
0.3547525196850393
20
0.0367414960629921
11
0.3547525196850393
21
0.0416387795275591
0
LINE
8
BLACK
6
CONTINUOUS
10
0.3547525196850393
20
0.0416387795275591
11
0.3537944094488189
21
0.0454711811023622
0
LINE
8
BLACK
6
CONTINUOUS
10
0.3537944094488189
20
0.0454711811023622
11
0.3530288188976378
21
0.0470023622047244
0
LINE
8
BLACK
6
CONTINUOUS
10
0.3530288188976378
20
0.0470023622047244
11
0.3525815748031496
21
0.0474496062992126
0
LINE
8
BLACK
6
CONTINUOUS
10
0.3525815748031496
20
0.0474496062992126
11
0.3513839763779528
21
0.0480483858267717
0
LINE
8
BLACK
6
CONTINUOUS
10
0.3513839763779528
20
0.0480483858267717
11
0.3505283070866141
21
0.0480483858267717
0
LINE
8
BLACK
6
CONTINUOUS
10
0.3505283070866141
20
0.0480483858267717
11
0.3493306692913386
21
0.0474495669291339
0
LINE
8
BLACK
6
CONTINUOUS
10
0.3737370472440945
20
0.0538971653543307
11
0.3740294094488189
21
0.0538971653543307
0
LINE
8
BLACK
6
CONTINUOUS
10
0.3740294094488189
20
0.0538971653543307
11
0.3742966535433071
21
0.0537864960629921
0
LINE
8
BLACK
6
CONTINUOUS
10
0.3742966535433071
20
0.0537864960629921
11
0.3745804724409449
21
0.0537303149606299
0
LINE
8
BLACK
6
CONTINUOUS
10
0.3745804724409449
20
0.0537303149606299
11
0.3748237401574803
21
0.0535681496062992
0
LINE
8
BLACK
6
CONTINUOUS
10
0.3748237401574803
20
0.0535681496062992
11
0.3750938188976378
21
0.0534562598425197
0
LINE
8
BLACK
6
CONTINUOUS
10
0.3750938188976378
20
0.0534562598425197
11
0.3752982677165354
21
0.053251811023622
0
LINE
8
BLACK
6
CONTINUOUS
10
0.3752982677165354
20
0.053251811023622
11
0.375539094488189
21
0.0530912598425197
0
LINE
8
BLACK
6
CONTINUOUS
10
0.375539094488189
20
0.0530912598425197
11
0.375701811023622
21
0.0528482677165354
0
LINE
8
BLACK
6
CONTINUOUS
10
0.375701811023622
20
0.0528482677165354
11
0.3759084645669291
21
0.0526416141732283
0
LINE
8
BLACK
6
CONTINUOUS
10
0.3759084645669291
20
0.0526416141732283
11
0.3760191338582677
21
0.0523744094488189
0
LINE
8
BLACK
6
CONTINUOUS
10
0.3760191338582677
20
0.0523744094488189
11
0.376180157480315
21
0.0521339763779528
0
LINE
8
BLACK
6
CONTINUOUS
10
0.376180157480315
20
0.0521339763779528
11
0.3762374803149606
21
0.0518473228346457
0
LINE
8
BLACK
6
CONTINUOUS
10
0.3762374803149606
20
0.0518473228346457
11
0.3763493700787401
21
0.0515772047244095
0
LINE
8
BLACK
6
CONTINUOUS
10
0.3763493700787401
20
0.0515772047244095
11
0.3764054724409449
21
0.0510072834645669
0
LINE
8
BLACK
6
CONTINUOUS
10
0.3764054724409449
20
0.0510072834645669
11
0.3764061023622047
21
0.0510042519685039
0
LINE
8
BLACK
6
CONTINUOUS
10
0.3764061023622047
20
0.0510042519685039
11
0.3764058661417323
21
0.0510032283464567
0
LINE
8
BLACK
6
CONTINUOUS
10
0.3764058661417323
20
0.0510032283464567
11
0.3764061023622047
21
0.0510011417322835
0
LINE
8
BLACK
6
CONTINUOUS
10
0.3764061023622047
20
0.0510011417322835
11
0.3764061023622047
21
0.0303318503937008
0
LINE
8
BLACK
6
CONTINUOUS
10
0.3764061023622047
20
0.0303318503937008
11
0.3802024803149606
21
0.0303318503937008
0
LINE
8
BLACK
6
CONTINUOUS
10
0.3802024803149606
20
0.0303318503937008
11
0.3807785433070866
21
0.0302751181102362
0
LINE
8
BLACK
6
CONTINUOUS
10
0.3807785433070866
20
0.0302751181102362
11
0.3818429527559055
21
0.0298342125984252
0
LINE
8
BLACK
6
CONTINUOUS
10
0.3818429527559055
20
0.0298342125984252
11
0.3826575984251969
21
0.0290195669291339
0
LINE
8
BLACK
6
CONTINUOUS
10
0.3826575984251969
20
0.0290195669291339
11
0.3830985039370078
21
0.027955157480315
0
LINE
8
BLACK
6
CONTINUOUS
10
0.3830985039370078
20
0.027955157480315
11
0.3830985039370078
21
0.026803031496063
0
LINE
8
BLACK
6
CONTINUOUS
10
0.3830985039370078
20
0.026803031496063
11
0.3826575984251969
21
0.0257386220472441
0
LINE
8
BLACK
6
CONTINUOUS
10
0.3826575984251969
20
0.0257386220472441
11
0.3818429527559055
21
0.0249239763779528
0
LINE
8
BLACK
6
CONTINUOUS
10
0.3818429527559055
20
0.0249239763779528
11
0.3807785433070866
21
0.0244830708661417
0
LINE
8
BLACK
6
CONTINUOUS
10
0.3807785433070866
20
0.0244830708661417
11
0.3802024803149606
21
0.0244263385826772
0
LINE
8
BLACK
6
CONTINUOUS
10
0.3802024803149606
20
0.0244263385826772
11
0.3667041732283465
21
0.0244263385826772
0
LINE
8
BLACK
6
CONTINUOUS
10
0.3667041732283465
20
0.0244263385826772
11
0.3661281102362204
21
0.0244830708661417
0
LINE
8
BLACK
6
CONTINUOUS
10
0.3661281102362204
20
0.0244830708661417
11
0.3650637007874016
21
0.0249239763779528
0
LINE
8
BLACK
6
CONTINUOUS
10
0.3650637007874016
20
0.0249239763779528
11
0.3642490551181102
21
0.0257386220472441
0
LINE
8
BLACK
6
CONTINUOUS
10
0.3642490551181102
20
0.0257386220472441
11
0.3638081496062992
21
0.026803031496063
0
LINE
8
BLACK
6
CONTINUOUS
10
0.3638081496062992
20
0.026803031496063
11
0.3638081496062992
21
0.027955157480315
0
LINE
8
BLACK
6
CONTINUOUS
10
0.3638081496062992
20
0.027955157480315
11
0.3642490551181102
21
0.0290195669291339
0
LINE
8
BLACK
6
CONTINUOUS
10
0.3642490551181102
20
0.0290195669291339
11
0.3650637007874016
21
0.0298342125984252
0
LINE
8
BLACK
6
CONTINUOUS
10
0.3650637007874016
20
0.0298342125984252
11
0.3661281102362204
21
0.0302751181102362
0
LINE
8
BLACK
6
CONTINUOUS
10
0.3661281102362204
20
0.0302751181102362
11
0.3667041732283465
21
0.0303318503937008
0
LINE
8
BLACK
6
CONTINUOUS
10
0.3667041732283465
20
0.0303318503937008
11
0.3705005905511811
21
0.0303318503937008
0
LINE
8
BLACK
6
CONTINUOUS
10
0.3705005905511811
20
0.0303318503937008
11
0.3705005905511811
21
0.0428782283464567
0
LINE
8
BLACK
6
CONTINUOUS
10
0.3705005905511811
20
0.0428782283464567
11
0.3702744094488189
21
0.0427358267716535
0
LINE
8
BLACK
6
CONTINUOUS
10
0.3702744094488189
20
0.0427358267716535
11
0.3680246850393701
21
0.0416109448818898
0
LINE
8
BLACK
6
CONTINUOUS
10
0.3680246850393701
20
0.0416109448818898
11
0.367484094488189
21
0.0414040551181102
0
LINE
8
BLACK
6
CONTINUOUS
10
0.367484094488189
20
0.0414040551181102
11
0.3663348818897638
21
0.0413224015748032
0
LINE
8
BLACK
6
CONTINUOUS
10
0.3663348818897638
20
0.0413224015748032
11
0.3652418897637795
21
0.0416867322834646
0
LINE
8
BLACK
6
CONTINUOUS
10
0.3652418897637795
20
0.0416867322834646
11
0.3643715354330709
21
0.0424415748031496
0
LINE
8
BLACK
6
CONTINUOUS
10
0.3643715354330709
20
0.0424415748031496
11
0.3638562598425197
21
0.0434720472440945
0
LINE
8
BLACK
6
CONTINUOUS
10
0.3638562598425197
20
0.0434720472440945
11
0.3637746062992126
21
0.0446212598425197
0
LINE
8
BLACK
6
CONTINUOUS
10
0.3637746062992126
20
0.0446212598425197
11
0.364138937007874
21
0.0457142519685039
0
LINE
8
BLACK
6
CONTINUOUS
10
0.364138937007874
20
0.0457142519685039
11
0.364893779527559
21
0.0465846062992126
0
LINE
8
BLACK
6
CONTINUOUS
10
0.364893779527559
20
0.0465846062992126
11
0.3653836614173228
21
0.0468929921259843
0
LINE
8
BLACK
6
CONTINUOUS
10
0.3653836614173228
20
0.0468929921259843
11
0.3672048031496063
21
0.0478036220472441
0
LINE
8
BLACK
6
CONTINUOUS
10
0.3672048031496063
20
0.0478036220472441
11
0.3689088976377953
21
0.0495077165354331
0
LINE
8
BLACK
6
CONTINUOUS
10
0.3689088976377953
20
0.0495077165354331
11
0.3709965354330709
21
0.0526390551181102
0
LINE
8
BLACK
6
CONTINUOUS
10
0.3709965354330709
20
0.0526390551181102
11
0.3709977952755906
21
0.0526406299212598
0
LINE
8
BLACK
6
CONTINUOUS
10
0.3709977952755906
20
0.0526406299212598
11
0.3709982283464567
21
0.0526416141732283
0
LINE
8
BLACK
6
CONTINUOUS
10
0.3709982283464567
20
0.0526416141732283
11
0.3710004330708661
21
0.0526438582677165
0
LINE
8
BLACK
6
CONTINUOUS
10
0.3710004330708661
20
0.0526438582677165
11
0.3713632677165354
21
0.0530868897637795
0
LINE
8
BLACK
6
CONTINUOUS
10
0.3713632677165354
20
0.0530868897637795
11
0.3716061417322835
21
0.0532495669291339
0
LINE
8
BLACK
6
CONTINUOUS
10
0.3716061417322835
20
0.0532495669291339
11
0.371812874015748
21
0.0534562598425197
0
LINE
8
BLACK
6
CONTINUOUS
10
0.371812874015748
20
0.0534562598425197
11
0.372080157480315
21
0.0535670078740157
0
LINE
8
BLACK
6
CONTINUOUS
10
0.372080157480315
20
0.0535670078740157
11
0.3723205511811024
21
0.0537279527559055
0
LINE
8
BLACK
6
CONTINUOUS
10
0.3723205511811024
20
0.0537279527559055
11
0.3726071653543307
21
0.0537853149606299
0
LINE
8
BLACK
6
CONTINUOUS
10
0.3726071653543307
20
0.0537853149606299
11
0.3728772834645669
21
0.0538971653543307
0
LINE
8
BLACK
6
CONTINUOUS
10
0.3728772834645669
20
0.0538971653543307
11
0.3731666141732283
21
0.0538971653543307
0
LINE
8
BLACK
6
CONTINUOUS
10
0.3731666141732283
20
0.0538971653543307
11
0.3734502755905512
21
0.0539538976377953
0
LINE
8
BLACK
6
CONTINUOUS
10
0.3734502755905512
20
0.0539538976377953
11
0.3737370472440945
21
0.0538971653543307
0
LINE
8
BLACK
6
CONTINUOUS
10
0.3987763385826771
20
0.0538971653543307
11
0.3988743307086614
21
0.0538565748031496
0
LINE
8
BLACK
6
CONTINUOUS
10
0.3988743307086614
20
0.0538565748031496
11
0.398980157480315
21
0.0538490551181102
0
LINE
8
BLACK
6
CONTINUOUS
10
0.398980157480315
20
0.0538490551181102
11
0.3995207874015748
21
0.0536421653543307
0
LINE
8
BLACK
6
CONTINUOUS
10
0.3995207874015748
20
0.0536421653543307
11
0.4017705118110236
21
0.0525173228346457
0
LINE
8
BLACK
6
CONTINUOUS
10
0.4017705118110236
20
0.0525173228346457
11
0.4020184251968504
21
0.0523612992125984
0
LINE
8
BLACK
6
CONTINUOUS
10
0.4020184251968504
20
0.0523612992125984
11
0.4020905118110236
21
0.0523314173228346
0
LINE
8
BLACK
6
CONTINUOUS
10
0.4020905118110236
20
0.0523314173228346
11
0.4021715748031496
21
0.0522648818897638
0
LINE
8
BLACK
6
CONTINUOUS
10
0.4021715748031496
20
0.0522648818897638
11
0.4022603937007874
21
0.0522089763779528
0
LINE
8
BLACK
6
CONTINUOUS
10
0.4022603937007874
20
0.0522089763779528
11
0.4023114960629921
21
0.0521500393700787
0
LINE
8
BLACK
6
CONTINUOUS
10
0.4023114960629921
20
0.0521500393700787
11
0.4025379527559055
21
0.0519641732283465
0
LINE
8
BLACK
6
CONTINUOUS
10
0.4025379527559055
20
0.0519641732283465
11
0.4036627952755906
21
0.0508392913385827
0
LINE
8
BLACK
6
CONTINUOUS
10
0.4036627952755906
20
0.0508392913385827
11
0.4038486220472441
21
0.0506128346456693
0
LINE
8
BLACK
6
CONTINUOUS
10
0.4038486220472441
20
0.0506128346456693
11
0.4039075196850394
21
0.0505617716535433
0
LINE
8
BLACK
6
CONTINUOUS
10
0.4039075196850394
20
0.0505617716535433
11
0.4039633858267717
21
0.050473031496063
0
LINE
8
BLACK
6
CONTINUOUS
10
0.4039633858267717
20
0.050473031496063
11
0.40403
21
0.0503918503937008
0
LINE
8
BLACK
6
CONTINUOUS
10
0.40403
20
0.0503918503937008
11
0.404059842519685
21
0.0503198031496063
0
LINE
8
BLACK
6
CONTINUOUS
10
0.404059842519685
20
0.0503198031496063
11
0.4042158661417323
21
0.0500719291338583
0
LINE
8
BLACK
6
CONTINUOUS
10
0.4042158661417323
20
0.0500719291338583
11
0.4053407086614173
21
0.0478221653543307
0
LINE
8
BLACK
6
CONTINUOUS
10
0.4053407086614173
20
0.0478221653543307
11
0.4055475984251968
21
0.0472815354330709
0
LINE
8
BLACK
6
CONTINUOUS
10
0.4055475984251968
20
0.0472815354330709
11
0.4055550787401574
21
0.0471757874015748
0
LINE
8
BLACK
6
CONTINUOUS
10
0.4055550787401574
20
0.0471757874015748
11
0.4055957086614173
21
0.0470777559055118
0
LINE
8
BLACK
6
CONTINUOUS
10
0.4055957086614173
20
0.0470777559055118
11
0.4056524409448819
21
0.0465016929133858
0
LINE
8
BLACK
6
CONTINUOUS
10
0.4056524409448819
20
0.0465016929133858
11
0.4056524409448819
21
0.044251968503937
0
LINE
8
BLACK
6
CONTINUOUS
10
0.4056524409448819
20
0.044251968503937
11
0.4055957086614173
21
0.043675905511811
0
LINE
8
BLACK
6
CONTINUOUS
10
0.4055957086614173
20
0.043675905511811
11
0.4055550787401574
21
0.0435779133858268
0
LINE
8
BLACK
6
CONTINUOUS
10
0.4055550787401574
20
0.0435779133858268
11
0.4055475984251968
21
0.0434720866141732
0
LINE
8
BLACK
6
CONTINUOUS
10
0.4055475984251968
20
0.0434720866141732
11
0.4053407086614173
21
0.0429314566929134
0
LINE
8
BLACK
6
CONTINUOUS
10
0.4053407086614173
20
0.0429314566929134
11
0.4042158661417323
21
0.0406817716535433
0
LINE
8
BLACK
6
CONTINUOUS
10
0.4042158661417323
20
0.0406817716535433
11
0.4040598031496063
21
0.0404338976377953
0
LINE
8
BLACK
6
CONTINUOUS
10
0.4040598031496063
20
0.0404338976377953
11
0.40403
21
0.0403618503937008
0
LINE
8
BLACK
6
CONTINUOUS
10
0.40403
20
0.0403618503937008
11
0.4040238976377953
21
0.0403544488188976
0
LINE
8
BLACK
6
CONTINUOUS
10
0.4040238976377953
20
0.0403544488188976
11
0.4047875984251968
21
0.0395907480314961
0
LINE
8
BLACK
6
CONTINUOUS
10
0.4047875984251968
20
0.0395907480314961
11
0.4049734251968504
21
0.0393642913385827
0
LINE
8
BLACK
6
CONTINUOUS
10
0.4049734251968504
20
0.0393642913385827
11
0.4050323228346457
21
0.0393132283464567
0
LINE
8
BLACK
6
CONTINUOUS
10
0.4050323228346457
20
0.0393132283464567
11
0.4050881889763779
21
0.0392244881889764
0
LINE
8
BLACK
6
CONTINUOUS
10
0.4050881889763779
20
0.0392244881889764
11
0.4051548031496063
21
0.0391433070866142
0
LINE
8
BLACK
6
CONTINUOUS
10
0.4051548031496063
20
0.0391433070866142
11
0.4051846456692914
21
0.0390712598425197
0
LINE
8
BLACK
6
CONTINUOUS
10
0.4051846456692914
20
0.0390712598425197
11
0.4053407086614173
21
0.0388233464566929
0
LINE
8
BLACK
6
CONTINUOUS
10
0.4053407086614173
20
0.0388233464566929
11
0.4064655905511811
21
0.0365736614173228
0
LINE
8
BLACK
6
CONTINUOUS
10
0.4064655905511811
20
0.0365736614173228
11
0.4066724803149606
21
0.036033031496063
0
LINE
8
BLACK
6
CONTINUOUS
10
0.4066724803149606
20
0.036033031496063
11
0.40668
21
0.0359271653543307
0
LINE
8
BLACK
6
CONTINUOUS
10
0.40668
20
0.0359271653543307
11
0.4067205905511811
21
0.0358291732283465
0
LINE
8
BLACK
6
CONTINUOUS
10
0.4067205905511811
20
0.0358291732283465
11
0.4067773228346457
21
0.0352531102362205
0
LINE
8
BLACK
6
CONTINUOUS
10
0.4067773228346457
20
0.0352531102362205
11
0.4067773228346457
21
0.0318785433070866
0
LINE
8
BLACK
6
CONTINUOUS
10
0.4067773228346457
20
0.0318785433070866
11
0.4067205905511811
21
0.0313024803149606
0
LINE
8
BLACK
6
CONTINUOUS
10
0.4067205905511811
20
0.0313024803149606
11
0.40668
21
0.0312045275590551
0
LINE
8
BLACK
6
CONTINUOUS
10
0.40668
20
0.0312045275590551
11
0.4066724803149606
21
0.0310986220472441
0
LINE
8
BLACK
6
CONTINUOUS
10
0.4066724803149606
20
0.0310986220472441
11
0.4064655905511811
21
0.0305579921259842
0
LINE
8
BLACK
6
CONTINUOUS
10
0.4064655905511811
20
0.0305579921259842
11
0.4053407086614173
21
0.0283083070866142
0
LINE
8
BLACK
6
CONTINUOUS
10
0.4053407086614173
20
0.0283083070866142
11
0.4051846850393701
21
0.0280605118110236
0
LINE
8
BLACK
6
CONTINUOUS
10
0.4051846850393701
20
0.0280605118110236
11
0.405154842519685
21
0.0279883858267717
0
LINE
8
BLACK
6
CONTINUOUS
10
0.405154842519685
20
0.0279883858267717
11
0.4050881496062992
21
0.0279071653543307
0
LINE
8
BLACK
6
CONTINUOUS
10
0.4050881496062992
20
0.0279071653543307
11
0.4050323228346457
21
0.0278184251968504
0
LINE
8
BLACK
6
CONTINUOUS
10
0.4050323228346457
20
0.0278184251968504
11
0.4049734645669291
21
0.0277674015748032
0
LINE
8
BLACK
6
CONTINUOUS
10
0.4049734645669291
20
0.0277674015748032
11
0.4047876377952756
21
0.0275409448818898
0
LINE
8
BLACK
6
CONTINUOUS
10
0.4047876377952756
20
0.0275409448818898
11
0.4036627952755906
21
0.026416062992126
0
LINE
8
BLACK
6
CONTINUOUS
10
0.4036627952755906
20
0.026416062992126
11
0.4034363385826771
21
0.0262302362204724
0
LINE
8
BLACK
6
CONTINUOUS
10
0.4034363385826771
20
0.0262302362204724
11
0.4033852362204725
21
0.0261712598425197
0
LINE
8
BLACK
6
CONTINUOUS
10
0.4033852362204725
20
0.0261712598425197
11
0.4032964173228346
21
0.0261153937007874
0
LINE
8
BLACK
6
CONTINUOUS
10
0.4032964173228346
20
0.0261153937007874
11
0.4032153543307087
21
0.0260488188976378
0
LINE
8
BLACK
6
CONTINUOUS
10
0.4032153543307087
20
0.0260488188976378
11
0.4031432677165354
21
0.0260189763779528
0
LINE
8
BLACK
6
CONTINUOUS
10
0.4031432677165354
20
0.0260189763779528
11
0.4028953543307087
21
0.0258629133858268
0
LINE
8
BLACK
6
CONTINUOUS
10
0.4028953543307087
20
0.0258629133858268
11
0.4006456299212598
21
0.0247380708661417
0
LINE
8
BLACK
6
CONTINUOUS
10
0.4006456299212598
20
0.0247380708661417
11
0.400105
21
0.0245311811023622
0
LINE
8
BLACK
6
CONTINUOUS
10
0.400105
20
0.0245311811023622
11
0.3999991732283464
21
0.0245237007874016
0
LINE
8
BLACK
6
CONTINUOUS
10
0.3999991732283464
20
0.0245237007874016
11
0.3999011811023622
21
0.0244830708661417
0
LINE
8
BLACK
6
CONTINUOUS
10
0.3999011811023622
20
0.0244830708661417
11
0.3993251181102362
21
0.0244263385826772
0
LINE
8
BLACK
6
CONTINUOUS
10
0.3993251181102362
20
0.0244263385826772
11
0.3903262598425197
21
0.0244263385826772
0
LINE
8
BLACK
6
CONTINUOUS
10
0.3903262598425197
20
0.0244263385826772
11
0.3897501968503937
21
0.0244830708661417
0
LINE
8
BLACK
6
CONTINUOUS
10
0.3897501968503937
20
0.0244830708661417
11
0.3886857874015748
21
0.0249239763779528
0
LINE
8
BLACK
6
CONTINUOUS
10
0.3886857874015748
20
0.0249239763779528
11
0.3878711417322834
21
0.0257386220472441
0
LINE
8
BLACK
6
CONTINUOUS
10
0.3878711417322834
20
0.0257386220472441
11
0.3874302362204725
21
0.026803031496063
0
LINE
8
BLACK
6
CONTINUOUS
10
0.3874302362204725
20
0.026803031496063
11
0.3874302362204725
21
0.0268030708661417
0
LINE
8
BLACK
6
CONTINUOUS
10
0.3874302362204725
20
0.0268030708661417
11
0.3873735039370079
21
0.027379094488189
0
LINE
8
BLACK
6
CONTINUOUS
10
0.3873735039370079
20
0.027379094488189
11
0.3873735039370079
21
0.0510011417322835
0
LINE
8
BLACK
6
CONTINUOUS
10
0.3873735039370079
20
0.0510011417322835
11
0.3874302362204725
21
0.0515772047244095
0
LINE
8
BLACK
6
CONTINUOUS
10
0.3874302362204725
20
0.0515772047244095
11
0.3878711417322834
21
0.0526416141732283
0
LINE
8
BLACK
6
CONTINUOUS
10
0.3878711417322834
20
0.0526416141732283
11
0.3886857874015748
21
0.0534562598425197
0
LINE
8
BLACK
6
CONTINUOUS
10
0.3886857874015748
20
0.0534562598425197
11
0.3897501968503937
21
0.0538971653543307
0
LINE
8
BLACK
6
CONTINUOUS
10
0.3897501968503937
20
0.0538971653543307
11
0.3903262598425197
21
0.0539538976377953
0
LINE
8
BLACK
6
CONTINUOUS
10
0.3903262598425197
20
0.0539538976377953
11
0.3982002755905512
21
0.0539538976377953
0
LINE
8
BLACK
6
CONTINUOUS
10
0.3982002755905512
20
0.0539538976377953
11
0.3987763385826771
21
0.0538971653543307
0
LINE
8
BLACK
6
CONTINUOUS
10
0.3932790157480315
20
0.0303318503937008
11
0.3986281102362205
21
0.0303318503937008
0
LINE
8
BLACK
6
CONTINUOUS
10
0.3986281102362205
20
0.0303318503937008
11
0.3998256692913386
21
0.0309306692913386
0
LINE
8
BLACK
6
CONTINUOUS
10
0.3998256692913386
20
0.0309306692913386
11
0.4002729133858268
21
0.0313779133858268
0
LINE
8
BLACK
6
CONTINUOUS
10
0.4002729133858268
20
0.0313779133858268
11
0.400871811023622
21
0.0325756299212598
0
LINE
8
BLACK
6
CONTINUOUS
10
0.400871811023622
20
0.0325756299212598
11
0.400871811023622
21
0.034556062992126
0
LINE
8
BLACK
6
CONTINUOUS
10
0.400871811023622
20
0.034556062992126
11
0.4002729527559055
21
0.0357537401574803
0
LINE
8
BLACK
6
CONTINUOUS
10
0.4002729527559055
20
0.0357537401574803
11
0.3999797637795275
21
0.0360469291338583
0
LINE
8
BLACK
6
CONTINUOUS
10
0.3999797637795275
20
0.0360469291338583
11
0.3977211023622047
21
0.0367998031496063
0
LINE
8
BLACK
6
CONTINUOUS
10
0.3977211023622047
20
0.0367998031496063
11
0.3932790157480315
21
0.0367998031496063
0
LINE
8
BLACK
6
CONTINUOUS
10
0.3932790157480315
20
0.0367998031496063
11
0.3932790157480315
21
0.0303318503937008
0
LINE
8
BLACK
6
CONTINUOUS
10
0.3932790157480315
20
0.0427053149606299
11
0.3975032677165354
21
0.0427053149606299
0
LINE
8
BLACK
6
CONTINUOUS
10
0.3975032677165354
20
0.0427053149606299
11
0.3987008267716535
21
0.0433041338582677
0
LINE
8
BLACK
6
CONTINUOUS
10
0.3987008267716535
20
0.0433041338582677
11
0.3991480708661417
21
0.0437513779527559
0
LINE
8
BLACK
6
CONTINUOUS
10
0.3991480708661417
20
0.0437513779527559
11
0.3997469291338582
21
0.0449490157480315
0
LINE
8
BLACK
6
CONTINUOUS
10
0.3997469291338582
20
0.0449490157480315
11
0.3997469291338582
21
0.0458046850393701
0
LINE
8
BLACK
6
CONTINUOUS
10
0.3997469291338582
20
0.0458046850393701
11
0.3991480708661417
21
0.0470023622047244
0
LINE
8
BLACK
6
CONTINUOUS
10
0.3991480708661417
20
0.0470023622047244
11
0.3987008267716535
21
0.0474496062992126
0
LINE
8
BLACK
6
CONTINUOUS
10
0.3987008267716535
20
0.0474496062992126
11
0.3975032677165354
21
0.0480483858267717
0
LINE
8
BLACK
6
CONTINUOUS
10
0.3975032677165354
20
0.0480483858267717
11
0.3932790157480315
21
0.0480483858267717
0
LINE
8
BLACK
6
CONTINUOUS
10
0.3932790157480315
20
0.0480483858267717
11
0.3932790157480315
21
0.0427053149606299
0
LINE
8
BLACK
6
CONTINUOUS
10
0.2885336220472441
20
0.0538639763779528
11
0.2887438976377953
21
0.0538490157480315
0
LINE
8
BLACK
6
CONTINUOUS
10
0.2887438976377953
20
0.0538490157480315
11
0.2890747244094488
21
0.0536836220472441
0
LINE
8
BLACK
6
CONTINUOUS
10
0.2890747244094488
20
0.0536836220472441
11
0.2894262992125984
21
0.0535664173228346
0
LINE
8
BLACK
6
CONTINUOUS
10
0.2894262992125984
20
0.0535664173228346
11
0.2895857874015748
21
0.0534281102362205
0
LINE
8
BLACK
6
CONTINUOUS
10
0.2895857874015748
20
0.0534281102362205
11
0.2897743307086614
21
0.0533338188976378
0
LINE
8
BLACK
6
CONTINUOUS
10
0.2897743307086614
20
0.0533338188976378
11
0.2900167716535433
21
0.0530542913385827
0
LINE
8
BLACK
6
CONTINUOUS
10
0.2900167716535433
20
0.0530542913385827
11
0.2902966535433071
21
0.0528115354330709
0
LINE
8
BLACK
6
CONTINUOUS
10
0.2902966535433071
20
0.0528115354330709
11
0.2903910236220472
21
0.0526227952755906
0
LINE
8
BLACK
6
CONTINUOUS
10
0.2903910236220472
20
0.0526227952755906
11
0.2905292125984252
21
0.0524634645669291
0
LINE
8
BLACK
6
CONTINUOUS
10
0.2905292125984252
20
0.0524634645669291
11
0.2907651968503937
21
0.0519348818897638
0
LINE
8
BLACK
6
CONTINUOUS
10
0.2907651968503937
20
0.0519348818897638
11
0.2986392125984252
21
0.0283128346456693
0
LINE
8
BLACK
6
CONTINUOUS
10
0.2986392125984252
20
0.0283128346456693
11
0.2987675590551181
21
0.0277483858267717
0
LINE
8
BLACK
6
CONTINUOUS
10
0.2987675590551181
20
0.0277483858267717
11
0.298685905511811
21
0.0265991732283465
0
LINE
8
BLACK
6
CONTINUOUS
10
0.298685905511811
20
0.0265991732283465
11
0.2981706692913386
21
0.0255687007874016
0
LINE
8
BLACK
6
CONTINUOUS
10
0.2981706692913386
20
0.0255687007874016
11
0.2973003149606299
21
0.0248138188976378
0
LINE
8
BLACK
6
CONTINUOUS
10
0.2973003149606299
20
0.0248138188976378
11
0.2962072834645669
21
0.0244494881889764
0
LINE
8
BLACK
6
CONTINUOUS
10
0.2962072834645669
20
0.0244494881889764
11
0.2950580708661417
21
0.0245311811023622
0
LINE
8
BLACK
6
CONTINUOUS
10
0.2950580708661417
20
0.0245311811023622
11
0.2940276377952756
21
0.0250464173228346
0
LINE
8
BLACK
6
CONTINUOUS
10
0.2940276377952756
20
0.0250464173228346
11
0.2932727559055118
21
0.0259167716535433
0
LINE
8
BLACK
6
CONTINUOUS
10
0.2932727559055118
20
0.0259167716535433
11
0.2930367716535433
21
0.0264453149606299
0
LINE
8
BLACK
6
CONTINUOUS
10
0.2930367716535433
20
0.0264453149606299
11
0.2914600393700787
21
0.0311755118110236
0
LINE
8
BLACK
6
CONTINUOUS
10
0.2914600393700787
20
0.0311755118110236
11
0.2844679133858268
21
0.0311755118110236
0
LINE
8
BLACK
6
CONTINUOUS
10
0.2844679133858268
20
0.0311755118110236
11
0.2828911811023622
21
0.0264453543307087
0
LINE
8
BLACK
6
CONTINUOUS
10
0.2828911811023622
20
0.0264453543307087
11
0.2826551968503937
21
0.0259167716535433
0
LINE
8
BLACK
6
CONTINUOUS
10
0.2826551968503937
20
0.0259167716535433
11
0.2819003149606299
21
0.0250464173228346
0
LINE
8
BLACK
6
CONTINUOUS
10
0.2819003149606299
20
0.0250464173228346
11
0.2808698818897638
21
0.0245312204724409
0
LINE
8
BLACK
6
CONTINUOUS
10
0.2808698818897638
20
0.0245312204724409
11
0.2797206692913386
21
0.0244495275590551
0
LINE
8
BLACK
6
CONTINUOUS
10
0.2797206692913386
20
0.0244495275590551
11
0.2786276377952756
21
0.0248138582677165
0
LINE
8
BLACK
6
CONTINUOUS
10
0.2786276377952756
20
0.0248138582677165
11
0.2777572834645669
21
0.0255687401574803
0
LINE
8
BLACK
6
CONTINUOUS
10
0.2777572834645669
20
0.0255687401574803
11
0.2772420866141732
21
0.0265991732283465
0
LINE
8
BLACK
6
CONTINUOUS
10
0.2772420866141732
20
0.0265991732283465
11
0.2771603937007874
21
0.0277483858267717
0
LINE
8
BLACK
6
CONTINUOUS
10
0.2771603937007874
20
0.0277483858267717
11
0.2772887401574803
21
0.0283128346456693
0
LINE
8
BLACK
6
CONTINUOUS
10
0.2772887401574803
20
0.0283128346456693
11
0.2851627559055118
21
0.0519349212598425
0
LINE
8
BLACK
6
CONTINUOUS
10
0.2851627559055118
20
0.0519349212598425
11
0.2853987401574803
21
0.0524634645669291
0
LINE
8
BLACK
6
CONTINUOUS
10
0.2853987401574803
20
0.0524634645669291
11
0.285536968503937
21
0.052622874015748
0
LINE
8
BLACK
6
CONTINUOUS
10
0.285536968503937
20
0.052622874015748
11
0.2856312992125984
21
0.0528114960629921
0
LINE
8
BLACK
6
CONTINUOUS
10
0.2856312992125984
20
0.0528114960629921
11
0.2859109842519685
21
0.0530541338582677
0
LINE
8
BLACK
6
CONTINUOUS
10
0.2859109842519685
20
0.0530541338582677
11
0.2861536220472441
21
0.0533338188976378
0
LINE
8
BLACK
6
CONTINUOUS
10
0.2861536220472441
20
0.0533338188976378
11
0.2863422834645669
21
0.053428188976378
0
LINE
8
BLACK
6
CONTINUOUS
10
0.2863422834645669
20
0.053428188976378
11
0.2865016535433071
21
0.0535663779527559
0
LINE
8
BLACK
6
CONTINUOUS
10
0.2865016535433071
20
0.0535663779527559
11
0.2868527952755905
21
0.0536834645669291
0
LINE
8
BLACK
6
CONTINUOUS
10
0.2868527952755905
20
0.0536834645669291
11
0.2871840551181102
21
0.0538490551181102
0
LINE
8
BLACK
6
CONTINUOUS
10
0.2871840551181102
20
0.0538490551181102
11
0.2873946062992126
21
0.0538640551181102
0
LINE
8
BLACK
6
CONTINUOUS
10
0.2873946062992126
20
0.0538640551181102
11
0.2875946850393701
21
0.0539307086614173
0
LINE
8
BLACK
6
CONTINUOUS
10
0.2875946850393701
20
0.0539307086614173
11
0.2879636614173228
21
0.0539044881889764
0
LINE
8
BLACK
6
CONTINUOUS
10
0.2879636614173228
20
0.0539044881889764
11
0.2883332677165354
21
0.0539307480314961
0
LINE
8
BLACK
6
CONTINUOUS
10
0.2883332677165354
20
0.0539307480314961
11
0.2885336220472441
21
0.0538639763779528
0
LINE
8
BLACK
6
CONTINUOUS
10
0.2864364173228346
20
0.0370810236220472
11
0.2894915354330709
21
0.0370810236220472
0
LINE
8
BLACK
6
CONTINUOUS
10
0.2894915354330709
20
0.0370810236220472
11
0.287963937007874
21
0.0416637401574803
0
LINE
8
BLACK
6
CONTINUOUS
10
0.287963937007874
20
0.0416637401574803
11
0.2864364173228346
21
0.0370810236220472
0
LINE
8
BLACK
6
CONTINUOUS
10
0.1985512992125984
20
0.0538971653543307
11
0.1996157086614173
21
0.0534562598425197
0
LINE
8
BLACK
6
CONTINUOUS
10
0.1996157086614173
20
0.0534562598425197
11
0.2004303543307087
21
0.0526416141732283
0
LINE
8
BLACK
6
CONTINUOUS
10
0.2004303543307087
20
0.0526416141732283
11
0.2008712598425197
21
0.0515772047244095
0
LINE
8
BLACK
6
CONTINUOUS
10
0.2008712598425197
20
0.0515772047244095
11
0.2008712598425197
21
0.0504250787401575
0
LINE
8
BLACK
6
CONTINUOUS
10
0.2008712598425197
20
0.0504250787401575
11
0.2004303543307087
21
0.0493606692913386
0
LINE
8
BLACK
6
CONTINUOUS
10
0.2004303543307087
20
0.0493606692913386
11
0.1996157086614173
21
0.0485460236220472
0
LINE
8
BLACK
6
CONTINUOUS
10
0.1996157086614173
20
0.0485460236220472
11
0.1985512992125984
21
0.0481051181102362
0
LINE
8
BLACK
6
CONTINUOUS
10
0.1985512992125984
20
0.0481051181102362
11
0.1979752362204724
21
0.0480483858267717
0
LINE
8
BLACK
6
CONTINUOUS
10
0.1979752362204724
20
0.0480483858267717
11
0.1941788188976378
21
0.0480483858267717
0
LINE
8
BLACK
6
CONTINUOUS
10
0.1941788188976378
20
0.0480483858267717
11
0.1941788188976378
21
0.027379094488189
0
LINE
8
BLACK
6
CONTINUOUS
10
0.1941788188976378
20
0.027379094488189
11
0.1941220866141732
21
0.026803031496063
0
LINE
8
BLACK
6
CONTINUOUS
10
0.1941220866141732
20
0.026803031496063
11
0.1936811811023622
21
0.0257386220472441
0
LINE
8
BLACK
6
CONTINUOUS
10
0.1936811811023622
20
0.0257386220472441
11
0.1928665354330709
21
0.0249239763779528
0
LINE
8
BLACK
6
CONTINUOUS
10
0.1928665354330709
20
0.0249239763779528
11
0.191802125984252
21
0.0244830708661417
0
LINE
8
BLACK
6
CONTINUOUS
10
0.191802125984252
20
0.0244830708661417
11
0.19065
21
0.0244830708661417
0
LINE
8
BLACK
6
CONTINUOUS
10
0.19065
20
0.0244830708661417
11
0.1895855905511811
21
0.0249239763779528
0
LINE
8
BLACK
6
CONTINUOUS
10
0.1895855905511811
20
0.0249239763779528
11
0.1887709448818898
21
0.0257386220472441
0
LINE
8
BLACK
6
CONTINUOUS
10
0.1887709448818898
20
0.0257386220472441
11
0.1883300393700787
21
0.026803031496063
0
LINE
8
BLACK
6
CONTINUOUS
10
0.1883300393700787
20
0.026803031496063
11
0.1882733070866142
21
0.027379094488189
0
LINE
8
BLACK
6
CONTINUOUS
10
0.1882733070866142
20
0.027379094488189
11
0.1882733070866142
21
0.0480483858267717
0
LINE
8
BLACK
6
CONTINUOUS
10
0.1882733070866142
20
0.0480483858267717
11
0.1844768897637795
21
0.0480483858267717
0
LINE
8
BLACK
6
CONTINUOUS
10
0.1844768897637795
20
0.0480483858267717
11
0.1839008267716535
21
0.0481051181102362
0
LINE
8
BLACK
6
CONTINUOUS
10
0.1839008267716535
20
0.0481051181102362
11
0.1828364173228346
21
0.0485460236220472
0
LINE
8
BLACK
6
CONTINUOUS
10
0.1828364173228346
20
0.0485460236220472
11
0.1820217716535433
21
0.0493606692913386
0
LINE
8
BLACK
6
CONTINUOUS
10
0.1820217716535433
20
0.0493606692913386
11
0.1815808661417323
21
0.0504250787401575
0
LINE
8
BLACK
6
CONTINUOUS
10
0.1815808661417323
20
0.0504250787401575
11
0.1815808661417323
21
0.0515772047244095
0
LINE
8
BLACK
6
CONTINUOUS
10
0.1815808661417323
20
0.0515772047244095
11
0.1820217716535433
21
0.0526416141732283
0
LINE
8
BLACK
6
CONTINUOUS
10
0.1820217716535433
20
0.0526416141732283
11
0.1828364173228346
21
0.0534562598425197
0
LINE
8
BLACK
6
CONTINUOUS
10
0.1828364173228346
20
0.0534562598425197
11
0.1839008267716535
21
0.0538971653543307
0
LINE
8
BLACK
6
CONTINUOUS
10
0.1839008267716535
20
0.0538971653543307
11
0.1844768897637795
21
0.0539538976377953
0
LINE
8
BLACK
6
CONTINUOUS
10
0.1844768897637795
20
0.0539538976377953
11
0.1979752362204724
21
0.0539538976377953
0
LINE
8
BLACK
6
CONTINUOUS
10
0.1979752362204724
20
0.0539538976377953
11
0.1985512992125984
21
0.0538971653543307
0
LINE
8
BLACK
6
CONTINUOUS
10
0.2176738976377953
20
0.0538971653543307
11
0.2187383070866142
21
0.0534562598425197
0
LINE
8
BLACK
6
CONTINUOUS
10
0.2187383070866142
20
0.0534562598425197
11
0.2195529527559055
21
0.0526416141732283
0
LINE
8
BLACK
6
CONTINUOUS
10
0.2195529527559055
20
0.0526416141732283
11
0.2199938582677165
21
0.0515772047244095
0
LINE
8
BLACK
6
CONTINUOUS
10
0.2199938582677165
20
0.0515772047244095
11
0.2199938582677165
21
0.0504250787401575
0
LINE
8
BLACK
6
CONTINUOUS
10
0.2199938582677165
20
0.0504250787401575
11
0.2195529527559055
21
0.0493606692913386
0
LINE
8
BLACK
6
CONTINUOUS
10
0.2195529527559055
20
0.0493606692913386
11
0.2187383070866142
21
0.0485460236220472
0
LINE
8
BLACK
6
CONTINUOUS
10
0.2187383070866142
20
0.0485460236220472
11
0.2176738976377953
21
0.0481051181102362
0
LINE
8
BLACK
6
CONTINUOUS
10
0.2176738976377953
20
0.0481051181102362
11
0.2170978346456693
21
0.0480483858267717
0
LINE
8
BLACK
6
CONTINUOUS
10
0.2170978346456693
20
0.0480483858267717
11
0.2088020078740157
21
0.0480483858267717
0
LINE
8
BLACK
6
CONTINUOUS
10
0.2088020078740157
20
0.0480483858267717
11
0.2088020078740157
21
0.0427053149606299
0
LINE
8
BLACK
6
CONTINUOUS
10
0.2088020078740157
20
0.0427053149606299
11
0.2137232677165354
21
0.0427053149606299
0
LINE
8
BLACK
6
CONTINUOUS
10
0.2137232677165354
20
0.0427053149606299
11
0.2142993307086614
21
0.0426485826771654
0
LINE
8
BLACK
6
CONTINUOUS
10
0.2142993307086614
20
0.0426485826771654
11
0.2153637401574803
21
0.0422076771653543
0
LINE
8
BLACK
6
CONTINUOUS
10
0.2153637401574803
20
0.0422076771653543
11
0.2161783858267717
21
0.041393031496063
0
LINE
8
BLACK
6
CONTINUOUS
10
0.2161783858267717
20
0.041393031496063
11
0.2166192913385827
21
0.0403286220472441
0
LINE
8
BLACK
6
CONTINUOUS
10
0.2166192913385827
20
0.0403286220472441
11
0.2166192913385827
21
0.0391764960629921
0
LINE
8
BLACK
6
CONTINUOUS
10
0.2166192913385827
20
0.0391764960629921
11
0.2161783858267717
21
0.0381120866141732
0
LINE
8
BLACK
6
CONTINUOUS
10
0.2161783858267717
20
0.0381120866141732
11
0.2153637401574803
21
0.0372974409448819
0
LINE
8
BLACK
6
CONTINUOUS
10
0.2153637401574803
20
0.0372974409448819
11
0.2142993307086614
21
0.0368565354330709
0
LINE
8
BLACK
6
CONTINUOUS
10
0.2142993307086614
20
0.0368565354330709
11
0.2137232677165354
21
0.0367998031496063
0
LINE
8
BLACK
6
CONTINUOUS
10
0.2137232677165354
20
0.0367998031496063
11
0.2088020078740157
21
0.0367998031496063
0
LINE
8
BLACK
6
CONTINUOUS
10
0.2088020078740157
20
0.0367998031496063
11
0.2088020078740157
21
0.027379094488189
0
LINE
8
BLACK
6
CONTINUOUS
10
0.2088020078740157
20
0.027379094488189
11
0.2087452755905512
21
0.026803031496063
0
LINE
8
BLACK
6
CONTINUOUS
10
0.2087452755905512
20
0.026803031496063
11
0.2083043700787401
21
0.0257386220472441
0
LINE
8
BLACK
6
CONTINUOUS
10
0.2083043700787401
20
0.0257386220472441
11
0.2074897244094488
21
0.0249239763779528
0
LINE
8
BLACK
6
CONTINUOUS
10
0.2074897244094488
20
0.0249239763779528
11
0.2064253149606299
21
0.0244830708661417
0
LINE
8
BLACK
6
CONTINUOUS
10
0.2064253149606299
20
0.0244830708661417
11
0.2052731889763779
21
0.0244830708661417
0
LINE
8
BLACK
6
CONTINUOUS
10
0.2052731889763779
20
0.0244830708661417
11
0.2042087795275591
21
0.0249239763779528
0
LINE
8
BLACK
6
CONTINUOUS
10
0.2042087795275591
20
0.0249239763779528
11
0.2033941338582677
21
0.0257386220472441
0
LINE
8
BLACK
6
CONTINUOUS
10
0.2033941338582677
20
0.0257386220472441
11
0.2029532283464567
21
0.026803031496063
0
LINE
8
BLACK
6
CONTINUOUS
10
0.2029532283464567
20
0.026803031496063
11
0.2028964960629921
21
0.027379094488189
0
LINE
8
BLACK
6
CONTINUOUS
10
0.2028964960629921
20
0.027379094488189
11
0.2028964960629921
21
0.0510011417322835
0
LINE
8
BLACK
6
CONTINUOUS
10
0.2028964960629921
20
0.0510011417322835
11
0.2029532283464567
21
0.0515772047244095
0
LINE
8
BLACK
6
CONTINUOUS
10
0.2029532283464567
20
0.0515772047244095
11
0.2033941338582677
21
0.0526416141732283
0
LINE
8
BLACK
6
CONTINUOUS
10
0.2033941338582677
20
0.0526416141732283
11
0.2042087795275591
21
0.0534562598425197
0
LINE
8
BLACK
6
CONTINUOUS
10
0.2042087795275591
20
0.0534562598425197
11
0.2052731889763779
21
0.0538971653543307
0
LINE
8
BLACK
6
CONTINUOUS
10
0.2052731889763779
20
0.0538971653543307
11
0.2058492519685039
21
0.0539538976377953
0
LINE
8
BLACK
6
CONTINUOUS
10
0.2058492519685039
20
0.0539538976377953
11
0.2170978346456693
21
0.0539538976377953
0
LINE
8
BLACK
6
CONTINUOUS
10
0.2170978346456693
20
0.0539538976377953
11
0.2176738976377953
21
0.0538971653543307
0
LINE
8
BLACK
6
CONTINUOUS
10
0.2277372047244094
20
0.0534562598425197
11
0.2285518503937008
21
0.0526416141732283
0
LINE
8
BLACK
6
CONTINUOUS
10
0.2285518503937008
20
0.0526416141732283
11
0.2289927559055118
21
0.0515772047244095
0
LINE
8
BLACK
6
CONTINUOUS
10
0.2289927559055118
20
0.0515772047244095
11
0.2290494881889764
21
0.0510011417322835
0
LINE
8
BLACK
6
CONTINUOUS
10
0.2290494881889764
20
0.0510011417322835
11
0.2290494881889764
21
0.027379094488189
0
LINE
8
BLACK
6
CONTINUOUS
10
0.2290494881889764
20
0.027379094488189
11
0.2289927559055118
21
0.026803031496063
0
LINE
8
BLACK
6
CONTINUOUS
10
0.2289927559055118
20
0.026803031496063
11
0.2285518503937008
21
0.0257386220472441
0
LINE
8
BLACK
6
CONTINUOUS
10
0.2285518503937008
20
0.0257386220472441
11
0.2277372047244094
21
0.0249239763779528
0
LINE
8
BLACK
6
CONTINUOUS
10
0.2277372047244094
20
0.0249239763779528
11
0.2266727952755905
21
0.0244830708661417
0
LINE
8
BLACK
6
CONTINUOUS
10
0.2266727952755905
20
0.0244830708661417
11
0.2255206692913386
21
0.0244830708661417
0
LINE
8
BLACK
6
CONTINUOUS
10
0.2255206692913386
20
0.0244830708661417
11
0.2244562598425197
21
0.0249239763779528
0
LINE
8
BLACK
6
CONTINUOUS
10
0.2244562598425197
20
0.0249239763779528
11
0.2236416141732283
21
0.0257386220472441
0
LINE
8
BLACK
6
CONTINUOUS
10
0.2236416141732283
20
0.0257386220472441
11
0.2232007086614173
21
0.026803031496063
0
LINE
8
BLACK
6
CONTINUOUS
10
0.2232007086614173
20
0.026803031496063
11
0.2231439763779527
21
0.027379094488189
0
LINE
8
BLACK
6
CONTINUOUS
10
0.2231439763779527
20
0.027379094488189
11
0.2231439763779527
21
0.0510011417322835
0
LINE
8
BLACK
6
CONTINUOUS
10
0.2231439763779527
20
0.0510011417322835
11
0.2232007086614173
21
0.0515772047244095
0
LINE
8
BLACK
6
CONTINUOUS
10
0.2232007086614173
20
0.0515772047244095
11
0.2236416141732283
21
0.0526416141732283
0
LINE
8
BLACK
6
CONTINUOUS
10
0.2236416141732283
20
0.0526416141732283
11
0.2244562598425197
21
0.0534562598425197
0
LINE
8
BLACK
6
CONTINUOUS
10
0.2244562598425197
20
0.0534562598425197
11
0.2255206692913386
21
0.0538971653543307
0
LINE
8
BLACK
6
CONTINUOUS
10
0.2255206692913386
20
0.0538971653543307
11
0.2266727952755905
21
0.0538971653543307
0
LINE
8
BLACK
6
CONTINUOUS
10
0.2266727952755905
20
0.0538971653543307
11
0.2277372047244094
21
0.0534562598425197
0
LINE
8
BLACK
6
CONTINUOUS
10
0.3380338976377953
20
0.0538971653543307
11
0.3390983070866141
21
0.0534562598425197
0
LINE
8
BLACK
6
CONTINUOUS
10
0.3390983070866141
20
0.0534562598425197
11
0.3399129527559055
21
0.0526416141732283
0
LINE
8
BLACK
6
CONTINUOUS
10
0.3399129527559055
20
0.0526416141732283
11
0.3403538582677165
21
0.0515772047244095
0
LINE
8
BLACK
6
CONTINUOUS
10
0.3403538582677165
20
0.0515772047244095
11
0.3403538582677165
21
0.0504250787401575
0
LINE
8
BLACK
6
CONTINUOUS
10
0.3403538582677165
20
0.0504250787401575
11
0.3399129527559055
21
0.0493606692913386
0
LINE
8
BLACK
6
CONTINUOUS
10
0.3399129527559055
20
0.0493606692913386
11
0.3390983070866141
21
0.0485460236220472
0
LINE
8
BLACK
6
CONTINUOUS
10
0.3390983070866141
20
0.0485460236220472
11
0.3380338976377953
21
0.0481051181102362
0
LINE
8
BLACK
6
CONTINUOUS
10
0.3380338976377953
20
0.0481051181102362
11
0.3374578346456693
21
0.0480483858267717
0
LINE
8
BLACK
6
CONTINUOUS
10
0.3374578346456693
20
0.0480483858267717
11
0.3336614173228347
21
0.0480483858267717
0
LINE
8
BLACK
6
CONTINUOUS
10
0.3336614173228347
20
0.0480483858267717
11
0.3336614173228347
21
0.027379094488189
0
LINE
8
BLACK
6
CONTINUOUS
10
0.3336614173228347
20
0.027379094488189
11
0.3336046850393701
21
0.026803031496063
0
LINE
8
BLACK
6
CONTINUOUS
10
0.3336046850393701
20
0.026803031496063
11
0.333163779527559
21
0.0257386220472441
0
LINE
8
BLACK
6
CONTINUOUS
10
0.333163779527559
20
0.0257386220472441
11
0.3323491338582677
21
0.0249239763779528
0
LINE
8
BLACK
6
CONTINUOUS
10
0.3323491338582677
20
0.0249239763779528
11
0.3312847244094488
21
0.0244830708661417
0
LINE
8
BLACK
6
CONTINUOUS
10
0.3312847244094488
20
0.0244830708661417
11
0.3301325984251968
21
0.0244830708661417
0
LINE
8
BLACK
6
CONTINUOUS
10
0.3301325984251968
20
0.0244830708661417
11
0.329068188976378
21
0.0249239763779528
0
LINE
8
BLACK
6
CONTINUOUS
10
0.329068188976378
20
0.0249239763779528
11
0.3282535433070866
21
0.0257386220472441
0
LINE
8
BLACK
6
CONTINUOUS
10
0.3282535433070866
20
0.0257386220472441
11
0.3278126377952756
21
0.026803031496063
0
LINE
8
BLACK
6
CONTINUOUS
10
0.3278126377952756
20
0.026803031496063
11
0.327755905511811
21
0.027379094488189
0
LINE
8
BLACK
6
CONTINUOUS
10
0.327755905511811
20
0.027379094488189
11
0.327755905511811
21
0.0480483858267717
0
LINE
8
BLACK
6
CONTINUOUS
10
0.327755905511811
20
0.0480483858267717
11
0.3239594881889764
21
0.0480483858267717
0
LINE
8
BLACK
6
CONTINUOUS
10
0.3239594881889764
20
0.0480483858267717
11
0.3233834251968504
21
0.0481051181102362
0
LINE
8
BLACK
6
CONTINUOUS
10
0.3233834251968504
20
0.0481051181102362
11
0.3223190157480315
21
0.0485460236220472
0
LINE
8
BLACK
6
CONTINUOUS
10
0.3223190157480315
20
0.0485460236220472
11
0.3215043700787402
21
0.0493606692913386
0
LINE
8
BLACK
6
CONTINUOUS
10
0.3215043700787402
20
0.0493606692913386
11
0.3210634645669291
21
0.0504250787401575
0
LINE
8
BLACK
6
CONTINUOUS
10
0.3210634645669291
20
0.0504250787401575
11
0.3210634645669291
21
0.0515772047244095
0
LINE
8
BLACK
6
CONTINUOUS
10
0.3210634645669291
20
0.0515772047244095
11
0.3215043700787402
21
0.0526416141732283
0
LINE
8
BLACK
6
CONTINUOUS
10
0.3215043700787402
20
0.0526416141732283
11
0.3223190157480315
21
0.0534562598425197
0
LINE
8
BLACK
6
CONTINUOUS
10
0.3223190157480315
20
0.0534562598425197
11
0.3233834251968504
21
0.0538971653543307
0
LINE
8
BLACK
6
CONTINUOUS
10
0.3233834251968504
20
0.0538971653543307
11
0.3239594881889764
21
0.0539538976377953
0
LINE
8
BLACK
6
CONTINUOUS
10
0.3239594881889764
20
0.0539538976377953
11
0.3374578346456693
21
0.0539538976377953
0
LINE
8
BLACK
6
CONTINUOUS
10
0.3374578346456693
20
0.0539538976377953
11
0.3380338976377953
21
0.0538971653543307
0
LINE
8
BLACK
6
CONTINUOUS
10
0.2723878346456693
20
0.8731838188976377
11
0.2733111417322834
21
0.8722605118110236
0
LINE
8
BLACK
6
CONTINUOUS
10
0.2733111417322834
20
0.8722605118110236
11
0.2738108267716535
21
0.8710542125984252
0
LINE
8
BLACK
6
CONTINUOUS
10
0.2738108267716535
20
0.8710542125984252
11
0.2738751181102362
21
0.8704013385826771
0
LINE
8
BLACK
6
CONTINUOUS
10
0.2738751181102362
20
0.8704013385826771
11
0.2738751181102362
21
0.8553750787401575
0
LINE
8
BLACK
6
CONTINUOUS
10
0.2738751181102362
20
0.8553750787401575
11
0.2743531889763779
21
0.8553750787401575
0
LINE
8
BLACK
6
CONTINUOUS
10
0.2743531889763779
20
0.8553750787401575
11
0.275006062992126
21
0.8553107874015747
0
LINE
8
BLACK
6
CONTINUOUS
10
0.275006062992126
20
0.8553107874015747
11
0.2762123622047244
21
0.8548111023622047
0
LINE
8
BLACK
6
CONTINUOUS
10
0.2762123622047244
20
0.8548111023622047
11
0.2769028346456693
21
0.8541206299212598
0
LINE
8
BLACK
6
CONTINUOUS
10
0.2769028346456693
20
0.8541206299212598
11
0.2775933464566929
21
0.8548111023622047
0
LINE
8
BLACK
6
CONTINUOUS
10
0.2775933464566929
20
0.8548111023622047
11
0.2787996456692913
21
0.8553107874015747
0
LINE
8
BLACK
6
CONTINUOUS
10
0.2787996456692913
20
0.8553107874015747
11
0.2794525196850394
21
0.8553750787401575
0
LINE
8
BLACK
6
CONTINUOUS
10
0.2794525196850394
20
0.8553750787401575
11
0.2811915354330708
21
0.8553750787401575
0
LINE
8
BLACK
6
CONTINUOUS
10
0.2811915354330708
20
0.8553750787401575
11
0.2825332677165354
21
0.8560657086614173
0
LINE
8
BLACK
6
CONTINUOUS
10
0.2825332677165354
20
0.8560657086614173
11
0.2830515748031496
21
0.8565992913385827
0
LINE
8
BLACK
6
CONTINUOUS
10
0.2830515748031496
20
0.8565992913385827
11
0.2837551181102362
21
0.8580476771653543
0
LINE
8
BLACK
6
CONTINUOUS
10
0.2837551181102362
20
0.8580476771653543
11
0.2837551181102362
21
0.8704013385826771
0
LINE
8
BLACK
6
CONTINUOUS
10
0.2837551181102362
20
0.8704013385826771
11
0.2838194094488189
21
0.8710542125984252
0
LINE
8
BLACK
6
CONTINUOUS
10
0.2838194094488189
20
0.8710542125984252
11
0.284319094488189
21
0.8722605118110236
0
LINE
8
BLACK
6
CONTINUOUS
10
0.284319094488189
20
0.8722605118110236
11
0.2852424015748031
21
0.8731838188976377
0
LINE
8
BLACK
6
CONTINUOUS
10
0.2852424015748031
20
0.8731838188976377
11
0.2864487007874016
21
0.8736835039370079
0
LINE
8
BLACK
6
CONTINUOUS
10
0.2864487007874016
20
0.8736835039370079
11
0.2877544488188976
21
0.8736835039370079
0
LINE
8
BLACK
6
CONTINUOUS
10
0.2877544488188976
20
0.8736835039370079
11
0.2889607480314961
21
0.8731838188976377
0
LINE
8
BLACK
6
CONTINUOUS
10
0.2889607480314961
20
0.8731838188976377
11
0.2898840551181102
21
0.8722605118110236
0
LINE
8
BLACK
6
CONTINUOUS
10
0.2898840551181102
20
0.8722605118110236
11
0.2903837401574803
21
0.8710542125984252
0
LINE
8
BLACK
6
CONTINUOUS
10
0.2903837401574803
20
0.8710542125984252
11
0.290448031496063
21
0.8704013385826771
0
LINE
8
BLACK
6
CONTINUOUS
10
0.290448031496063
20
0.8704013385826771
11
0.290448031496063
21
0.8520286220472441
0
LINE
8
BLACK
6
CONTINUOUS
10
0.290448031496063
20
0.8520286220472441
11
0.2903837401574803
21
0.8513757480314961
0
LINE
8
BLACK
6
CONTINUOUS
10
0.2903837401574803
20
0.8513757480314961
11
0.2898840551181102
21
0.8501694488188977
0
LINE
8
BLACK
6
CONTINUOUS
10
0.2898840551181102
20
0.8501694488188977
11
0.2889607480314961
21
0.8492461417322834
0
LINE
8
BLACK
6
CONTINUOUS
10
0.2889607480314961
20
0.8492461417322834
11
0.2877544488188976
21
0.8487464566929134
0
LINE
8
BLACK
6
CONTINUOUS
10
0.2877544488188976
20
0.8487464566929134
11
0.2864487007874016
21
0.8487464566929134
0
LINE
8
BLACK
6
CONTINUOUS
10
0.2864487007874016
20
0.8487464566929134
11
0.2852424015748031
21
0.8492461417322834
0
LINE
8
BLACK
6
CONTINUOUS
10
0.2852424015748031
20
0.8492461417322834
11
0.2847891732283465
21
0.8496993700787402
0
LINE
8
BLACK
6
CONTINUOUS
10
0.2847891732283465
20
0.8496993700787402
11
0.2835336614173228
21
0.8490531496062992
0
LINE
8
BLACK
6
CONTINUOUS
10
0.2835336614173228
20
0.8490531496062992
11
0.2829237401574803
21
0.8488115354330709
0
LINE
8
BLACK
6
CONTINUOUS
10
0.2829237401574803
20
0.8488115354330709
11
0.2827842913385827
21
0.8488
0
LINE
8
BLACK
6
CONTINUOUS
10
0.2827842913385827
20
0.8488
11
0.2826550787401575
21
0.8487464566929134
0
LINE
8
BLACK
6
CONTINUOUS
10
0.2826550787401575
20
0.8487464566929134
11
0.2820022047244095
21
0.8486821653543307
0
LINE
8
BLACK
6
CONTINUOUS
10
0.2820022047244095
20
0.8486821653543307
11
0.2794525196850394
21
0.8486821653543307
0
LINE
8
BLACK
6
CONTINUOUS
10
0.2794525196850394
20
0.8486821653543307
11
0.2787996456692913
21
0.8487464566929134
0
LINE
8
BLACK
6
CONTINUOUS
10
0.2787996456692913
20
0.8487464566929134
11
0.2775933464566929
21
0.8492461417322834
0
LINE
8
BLACK
6
CONTINUOUS
10
0.2775933464566929
20
0.8492461417322834
11
0.2769028346456693
21
0.8499366535433071
0
LINE
8
BLACK
6
CONTINUOUS
10
0.2769028346456693
20
0.8499366535433071
11
0.2762123622047244
21
0.8492461417322834
0
LINE
8
BLACK
6
CONTINUOUS
10
0.2762123622047244
20
0.8492461417322834
11
0.275006062992126
21
0.8487464566929134
0
LINE
8
BLACK
6
CONTINUOUS
10
0.275006062992126
20
0.8487464566929134
11
0.2743531889763779
21
0.8486821653543307
0
LINE
8
BLACK
6
CONTINUOUS
10
0.2743531889763779
20
0.8486821653543307
11
0.2738751181102362
21
0.8486821653543307
0
LINE
8
BLACK
6
CONTINUOUS
10
0.2738751181102362
20
0.8486821653543307
11
0.2738751181102362
21
0.8467792913385827
0
LINE
8
BLACK
6
CONTINUOUS
10
0.2738751181102362
20
0.8467792913385827
11
0.2738108267716535
21
0.8461264173228347
0
LINE
8
BLACK
6
CONTINUOUS
10
0.2738108267716535
20
0.8461264173228347
11
0.2737722440944882
21
0.8460333070866142
0
LINE
8
BLACK
6
CONTINUOUS
10
0.2737722440944882
20
0.8460333070866142
11
0.2737662598425197
21
0.8459325590551181
0
LINE
8
BLACK
6
CONTINUOUS
10
0.2737662598425197
20
0.8459325590551181
11
0.2735388188976378
21
0.8453172047244094
0
LINE
8
BLACK
6
CONTINUOUS
10
0.2735388188976378
20
0.8453172047244094
11
0.2722639763779527
21
0.8426925196850393
0
LINE
8
BLACK
6
CONTINUOUS
10
0.2722639763779527
20
0.8426925196850393
11
0.272196811023622
21
0.8425830708661417
0
LINE
8
BLACK
6
CONTINUOUS
10
0.272196811023622
20
0.8425830708661417
11
0.2721802755905512
21
0.8425314173228347
0
LINE
8
BLACK
6
CONTINUOUS
10
0.2721802755905512
20
0.8425314173228347
11
0.2721253149606299
21
0.8424665748031496
0
LINE
8
BLACK
6
CONTINUOUS
10
0.2721253149606299
20
0.8424665748031496
11
0.271920905511811
21
0.8421333464566929
0
LINE
8
BLACK
6
CONTINUOUS
10
0.271920905511811
20
0.8421333464566929
11
0.2716074015748031
21
0.8418551181102362
0
LINE
8
BLACK
6
CONTINUOUS
10
0.2716074015748031
20
0.8418551181102362
11
0.2713363779527559
21
0.8415350787401574
0
LINE
8
BLACK
6
CONTINUOUS
10
0.2713363779527559
20
0.8415350787401574
11
0.2710078346456693
21
0.8413229133858268
0
LINE
8
BLACK
6
CONTINUOUS
10
0.2710078346456693
20
0.8413229133858268
11
0.2709444094488189
21
0.8412665748031496
0
LINE
8
BLACK
6
CONTINUOUS
10
0.2709444094488189
20
0.8412665748031496
11
0.2708932283464567
21
0.8412488976377952
0
LINE
8
BLACK
6
CONTINUOUS
10
0.2708932283464567
20
0.8412488976377952
11
0.2707852755905512
21
0.8411791338582677
0
LINE
8
BLACK
6
CONTINUOUS
10
0.2707852755905512
20
0.8411791338582677
11
0.2682355905511811
21
0.839866811023622
0
LINE
8
BLACK
6
CONTINUOUS
10
0.2682355905511811
20
0.839866811023622
11
0.2676256692913386
21
0.8396251968503937
0
LINE
8
BLACK
6
CONTINUOUS
10
0.2676256692913386
20
0.8396251968503937
11
0.2674862204724409
21
0.8396136614173229
0
LINE
8
BLACK
6
CONTINUOUS
10
0.2674862204724409
20
0.8396136614173229
11
0.2673570078740157
21
0.8395601181102362
0
LINE
8
BLACK
6
CONTINUOUS
10
0.2673570078740157
20
0.8395601181102362
11
0.2667041338582677
21
0.8394958267716536
0
LINE
8
BLACK
6
CONTINUOUS
10
0.2667041338582677
20
0.8394958267716536
11
0.2641544488188977
21
0.8394958267716536
0
LINE
8
BLACK
6
CONTINUOUS
10
0.2641544488188977
20
0.8394958267716536
11
0.2635015748031496
21
0.8395601181102362
0
LINE
8
BLACK
6
CONTINUOUS
10
0.2635015748031496
20
0.8395601181102362
11
0.2622952755905512
21
0.8400598031496063
0
LINE
8
BLACK
6
CONTINUOUS
10
0.2622952755905512
20
0.8400598031496063
11
0.261371968503937
21
0.8409831102362204
0
LINE
8
BLACK
6
CONTINUOUS
10
0.261371968503937
20
0.8409831102362204
11
0.2608722834645669
21
0.8421894094488189
0
LINE
8
BLACK
6
CONTINUOUS
10
0.2608722834645669
20
0.8421894094488189
11
0.2608722834645669
21
0.8434951574803149
0
LINE
8
BLACK
6
CONTINUOUS
10
0.2608722834645669
20
0.8434951574803149
11
0.261371968503937
21
0.8447014566929134
0
LINE
8
BLACK
6
CONTINUOUS
10
0.261371968503937
20
0.8447014566929134
11
0.2622952755905512
21
0.8456247637795276
0
LINE
8
BLACK
6
CONTINUOUS
10
0.2622952755905512
20
0.8456247637795276
11
0.2635015748031496
21
0.8461244488188976
0
LINE
8
BLACK
6
CONTINUOUS
10
0.2635015748031496
20
0.8461244488188976
11
0.2641544488188977
21
0.8461887401574802
0
LINE
8
BLACK
6
CONTINUOUS
10
0.2641544488188977
20
0.8461887401574802
11
0.2658934645669291
21
0.8461887401574802
0
LINE
8
BLACK
6
CONTINUOUS
10
0.2658934645669291
20
0.8461887401574802
11
0.2667308267716536
21
0.8466197637795275
0
LINE
8
BLACK
6
CONTINUOUS
10
0.2667308267716536
20
0.8466197637795275
11
0.2671822047244095
21
0.8475490157480314
0
LINE
8
BLACK
6
CONTINUOUS
10
0.2671822047244095
20
0.8475490157480314
11
0.2671822047244095
21
0.8486821653543307
0
LINE
8
BLACK
6
CONTINUOUS
10
0.2671822047244095
20
0.8486821653543307
11
0.2641544488188977
21
0.8486821653543307
0
LINE
8
BLACK
6
CONTINUOUS
10
0.2641544488188977
20
0.8486821653543307
11
0.2635015748031496
21
0.8487464566929134
0
LINE
8
BLACK
6
CONTINUOUS
10
0.2635015748031496
20
0.8487464566929134
11
0.2622952755905512
21
0.8492461417322834
0
LINE
8
BLACK
6
CONTINUOUS
10
0.2622952755905512
20
0.8492461417322834
11
0.261371968503937
21
0.8501694488188977
0
LINE
8
BLACK
6
CONTINUOUS
10
0.261371968503937
20
0.8501694488188977
11
0.2608722834645669
21
0.8513757480314961
0
LINE
8
BLACK
6
CONTINUOUS
10
0.2608722834645669
20
0.8513757480314961
11
0.2608722834645669
21
0.8526814960629922
0
LINE
8
BLACK
6
CONTINUOUS
10
0.2608722834645669
20
0.8526814960629922
11
0.261371968503937
21
0.8538877952755906
0
LINE
8
BLACK
6
CONTINUOUS
10
0.261371968503937
20
0.8538877952755906
11
0.2622952755905512
21
0.8548111023622047
0
LINE
8
BLACK
6
CONTINUOUS
10
0.2622952755905512
20
0.8548111023622047
11
0.2635015748031496
21
0.8553107874015747
0
LINE
8
BLACK
6
CONTINUOUS
10
0.2635015748031496
20
0.8553107874015747
11
0.2641544488188977
21
0.8553750787401575
0
LINE
8
BLACK
6
CONTINUOUS
10
0.2641544488188977
20
0.8553750787401575
11
0.2671822047244095
21
0.8553750787401575
0
LINE
8
BLACK
6
CONTINUOUS
10
0.2671822047244095
20
0.8553750787401575
11
0.2671822047244095
21
0.8704013385826771
0
LINE
8
BLACK
6
CONTINUOUS
10
0.2671822047244095
20
0.8704013385826771
11
0.2672464960629921
21
0.8710542125984252
0
LINE
8
BLACK
6
CONTINUOUS
10
0.2672464960629921
20
0.8710542125984252
11
0.2677461811023622
21
0.8722605118110236
0
LINE
8
BLACK
6
CONTINUOUS
10
0.2677461811023622
20
0.8722605118110236
11
0.2686694881889763
21
0.8731838188976377
0
LINE
8
BLACK
6
CONTINUOUS
10
0.2686694881889763
20
0.8731838188976377
11
0.2698757874015748
21
0.8736835039370079
0
LINE
8
BLACK
6
CONTINUOUS
10
0.2698757874015748
20
0.8736835039370079
11
0.2711815354330709
21
0.8736835039370079
0
LINE
8
BLACK
6
CONTINUOUS
10
0.2711815354330709
20
0.8736835039370079
11
0.2723878346456693
21
0.8731838188976377
0
LINE
8
BLACK
6
CONTINUOUS
10
0.6604203937007874
20
0.8736835039370079
11
0.6605496062992126
21
0.87363
0
LINE
8
BLACK
6
CONTINUOUS
10
0.6605496062992126
20
0.87363
11
0.6606890944881889
21
0.8736184251968504
0
LINE
8
BLACK
6
CONTINUOUS
10
0.6606890944881889
20
0.8736184251968504
11
0.6612990157480315
21
0.8733767716535433
0
LINE
8
BLACK
6
CONTINUOUS
10
0.6612990157480315
20
0.8733767716535433
11
0.6638487007874015
21
0.8720644094488189
0
LINE
8
BLACK
6
CONTINUOUS
10
0.6638487007874015
20
0.8720644094488189
11
0.6641353543307087
21
0.8718792519685039
0
LINE
8
BLACK
6
CONTINUOUS
10
0.6641353543307087
20
0.8718792519685039
11
0.6642164960629922
21
0.8718442519685039
0
LINE
8
BLACK
6
CONTINUOUS
10
0.6642164960629922
20
0.8718442519685039
11
0.6643038188976378
21
0.8717704330708661
0
LINE
8
BLACK
6
CONTINUOUS
10
0.6643038188976378
20
0.8717704330708661
11
0.6643997637795276
21
0.8717084645669291
0
LINE
8
BLACK
6
CONTINUOUS
10
0.6643997637795276
20
0.8717084645669291
11
0.6644567716535433
21
0.8716411417322835
0
LINE
8
BLACK
6
CONTINUOUS
10
0.6644567716535433
20
0.8716411417322835
11
0.6647175196850393
21
0.8714207480314961
0
LINE
8
BLACK
6
CONTINUOUS
10
0.6647175196850393
20
0.8714207480314961
11
0.6659924015748031
21
0.8701084251968504
0
LINE
8
BLACK
6
CONTINUOUS
10
0.6659924015748031
20
0.8701084251968504
11
0.6664011811023622
21
0.8695953149606299
0
LINE
8
BLACK
6
CONTINUOUS
10
0.6664011811023622
20
0.8695953149606299
11
0.6668833070866141
21
0.8683819291338583
0
LINE
8
BLACK
6
CONTINUOUS
10
0.6668833070866141
20
0.8683819291338583
11
0.6668644094488189
21
0.8670762992125984
0
LINE
8
BLACK
6
CONTINUOUS
10
0.6668644094488189
20
0.8670762992125984
11
0.6663473228346457
21
0.8658773622047244
0
LINE
8
BLACK
6
CONTINUOUS
10
0.6663473228346457
20
0.8658773622047244
11
0.665410748031496
21
0.8649675196850394
0
LINE
8
BLACK
6
CONTINUOUS
10
0.665410748031496
20
0.8649675196850394
11
0.6641973228346456
21
0.8644853937007874
0
LINE
8
BLACK
6
CONTINUOUS
10
0.6641973228346456
20
0.8644853937007874
11
0.6628916929133858
21
0.8645042913385826
0
LINE
8
BLACK
6
CONTINUOUS
10
0.6628916929133858
20
0.8645042913385826
11
0.6616927559055118
21
0.8650213779527559
0
LINE
8
BLACK
6
CONTINUOUS
10
0.6616927559055118
20
0.8650213779527559
11
0.6611917322834645
21
0.8654448818897638
0
LINE
8
BLACK
6
CONTINUOUS
10
0.6611917322834645
20
0.8654448818897638
11
0.6602986220472441
21
0.8663642519685039
0
LINE
8
BLACK
6
CONTINUOUS
10
0.6602986220472441
20
0.8663642519685039
11
0.6589568503937008
21
0.8670548818897638
0
LINE
8
BLACK
6
CONTINUOUS
10
0.6589568503937008
20
0.8670548818897638
11
0.6529291338582677
21
0.8670548818897638
0
LINE
8
BLACK
6
CONTINUOUS
10
0.6529291338582677
20
0.8670548818897638
11
0.6515874015748031
21
0.8663642913385826
0
LINE
8
BLACK
6
CONTINUOUS
10
0.6515874015748031
20
0.8663642913385826
11
0.6510690551181102
21
0.8658307480314961
0
LINE
8
BLACK
6
CONTINUOUS
10
0.6510690551181102
20
0.8658307480314961
11
0.6503655511811024
21
0.8643822834645669
0
LINE
8
BLACK
6
CONTINUOUS
10
0.6503655511811024
20
0.8643822834645669
11
0.6503655511811024
21
0.8593600393700788
0
LINE
8
BLACK
6
CONTINUOUS
10
0.6503655511811024
20
0.8593600393700788
11
0.6510690551181102
21
0.8579115748031496
0
LINE
8
BLACK
6
CONTINUOUS
10
0.6510690551181102
20
0.8579115748031496
11
0.6515874015748031
21
0.857378031496063
0
LINE
8
BLACK
6
CONTINUOUS
10
0.6515874015748031
20
0.857378031496063
11
0.6529291338582677
21
0.8566874015748032
0
LINE
8
BLACK
6
CONTINUOUS
10
0.6529291338582677
20
0.8566874015748032
11
0.6559429921259843
21
0.8566874015748032
0
LINE
8
BLACK
6
CONTINUOUS
10
0.6559429921259843
20
0.8566874015748032
11
0.6562411417322834
21
0.8566580708661418
0
LINE
8
BLACK
6
CONTINUOUS
10
0.6562411417322834
20
0.8566580708661418
11
0.6563285039370078
21
0.8566651181102362
0
LINE
8
BLACK
6
CONTINUOUS
10
0.6563285039370078
20
0.8566651181102362
11
0.6563985433070866
21
0.8566425590551181
0
LINE
8
BLACK
6
CONTINUOUS
10
0.6563985433070866
20
0.8566425590551181
11
0.6565958661417323
21
0.8566231102362204
0
LINE
8
BLACK
6
CONTINUOUS
10
0.6565958661417323
20
0.8566231102362204
11
0.657076062992126
21
0.8564242125984252
0
LINE
8
BLACK
6
CONTINUOUS
10
0.657076062992126
20
0.8564242125984252
11
0.6575712598425196
21
0.8562646062992125
0
LINE
8
BLACK
6
CONTINUOUS
10
0.6575712598425196
20
0.8562646062992125
11
0.6576757086614173
21
0.8561758267716535
0
LINE
8
BLACK
6
CONTINUOUS
10
0.6576757086614173
20
0.8561758267716535
11
0.6578021653543307
21
0.8561234251968504
0
LINE
8
BLACK
6
CONTINUOUS
10
0.6578021653543307
20
0.8561234251968504
11
0.6581694881889764
21
0.8557561023622047
0
LINE
8
BLACK
6
CONTINUOUS
10
0.6581694881889764
20
0.8557561023622047
11
0.6585661417322834
21
0.855418937007874
0
LINE
8
BLACK
6
CONTINUOUS
10
0.6585661417322834
20
0.855418937007874
11
0.6586286614173228
21
0.8552969291338582
0
LINE
8
BLACK
6
CONTINUOUS
10
0.6586286614173228
20
0.8552969291338582
11
0.6587254724409448
21
0.8552001181102362
0
LINE
8
BLACK
6
CONTINUOUS
10
0.6587254724409448
20
0.8552001181102362
11
0.6589244094488189
21
0.8547198818897638
0
LINE
8
BLACK
6
CONTINUOUS
10
0.6589244094488189
20
0.8547198818897638
11
0.659161653543307
21
0.8542569291338582
0
LINE
8
BLACK
6
CONTINUOUS
10
0.659161653543307
20
0.8542569291338582
11
0.6591727165354331
21
0.8541204330708662
0
LINE
8
BLACK
6
CONTINUOUS
10
0.6591727165354331
20
0.8541204330708662
11
0.659225157480315
21
0.8539938188976378
0
LINE
8
BLACK
6
CONTINUOUS
10
0.659225157480315
20
0.8539938188976378
11
0.659225157480315
21
0.8534736220472441
0
LINE
8
BLACK
6
CONTINUOUS
10
0.659225157480315
20
0.8534736220472441
11
0.6592671653543307
21
0.8529554330708661
0
LINE
8
BLACK
6
CONTINUOUS
10
0.6592671653543307
20
0.8529554330708661
11
0.659225157480315
21
0.8528251181102362
0
LINE
8
BLACK
6
CONTINUOUS
10
0.659225157480315
20
0.8528251181102362
11
0.659225157480315
21
0.8526880708661417
0
LINE
8
BLACK
6
CONTINUOUS
10
0.659225157480315
20
0.8526880708661417
11
0.6590261811023622
21
0.8522077952755905
0
LINE
8
BLACK
6
CONTINUOUS
10
0.6590261811023622
20
0.8522077952755905
11
0.6588666535433071
21
0.851712716535433
0
LINE
8
BLACK
6
CONTINUOUS
10
0.6588666535433071
20
0.851712716535433
11
0.6587535826771653
21
0.8515497637795275
0
LINE
8
BLACK
6
CONTINUOUS
10
0.6587535826771653
20
0.8515497637795275
11
0.6587254724409448
21
0.8514817716535433
0
LINE
8
BLACK
6
CONTINUOUS
10
0.6587254724409448
20
0.8514817716535433
11
0.6586635433070867
21
0.8514198818897638
0
LINE
8
BLACK
6
CONTINUOUS
10
0.6586635433070867
20
0.8514198818897638
11
0.6584927952755906
21
0.8511736220472441
0
LINE
8
BLACK
6
CONTINUOUS
10
0.6584927952755906
20
0.8511736220472441
11
0.6542556299212599
21
0.8461887401574802
0
LINE
8
BLACK
6
CONTINUOUS
10
0.6542556299212599
20
0.8461887401574802
11
0.6635920472440945
21
0.8461887401574802
0
LINE
8
BLACK
6
CONTINUOUS
10
0.6635920472440945
20
0.8461887401574802
11
0.6642449212598425
21
0.8461244488188976
0
LINE
8
BLACK
6
CONTINUOUS
10
0.6642449212598425
20
0.8461244488188976
11
0.665451220472441
21
0.8456247637795276
0
LINE
8
BLACK
6
CONTINUOUS
10
0.665451220472441
20
0.8456247637795276
11
0.6663745275590551
21
0.8447014566929134
0
LINE
8
BLACK
6
CONTINUOUS
10
0.6663745275590551
20
0.8447014566929134
11
0.6668742125984252
21
0.8434951574803149
0
LINE
8
BLACK
6
CONTINUOUS
10
0.6668742125984252
20
0.8434951574803149
11
0.6668742125984252
21
0.8421894094488189
0
LINE
8
BLACK
6
CONTINUOUS
10
0.6668742125984252
20
0.8421894094488189
11
0.6663745275590551
21
0.8409831102362204
0
LINE
8
BLACK
6
CONTINUOUS
10
0.6663745275590551
20
0.8409831102362204
11
0.665451220472441
21
0.8400598031496063
0
LINE
8
BLACK
6
CONTINUOUS
10
0.665451220472441
20
0.8400598031496063
11
0.6642449212598425
21
0.8395601181102362
0
LINE
8
BLACK
6
CONTINUOUS
10
0.6642449212598425
20
0.8395601181102362
11
0.6635920472440945
21
0.8394958267716536
0
LINE
8
BLACK
6
CONTINUOUS
10
0.6635920472440945
20
0.8394958267716536
11
0.647019094488189
21
0.8394958267716536
0
LINE
8
BLACK
6
CONTINUOUS
10
0.647019094488189
20
0.8394958267716536
11
0.6467209055118111
21
0.8395251968503937
0
LINE
8
BLACK
6
CONTINUOUS
10
0.6467209055118111
20
0.8395251968503937
11
0.6466335826771653
21
0.8395181102362205
0
LINE
8
BLACK
6
CONTINUOUS
10
0.6466335826771653
20
0.8395181102362205
11
0.6465635039370079
21
0.8395407086614173
0
LINE
8
BLACK
6
CONTINUOUS
10
0.6465635039370079
20
0.8395407086614173
11
0.646366220472441
21
0.8395601181102362
0
LINE
8
BLACK
6
CONTINUOUS
10
0.646366220472441
20
0.8395601181102362
11
0.6458856299212599
21
0.8397592125984252
0
LINE
8
BLACK
6
CONTINUOUS
10
0.6458856299212599
20
0.8397592125984252
11
0.6453908661417322
21
0.8399186614173229
0
LINE
8
BLACK
6
CONTINUOUS
10
0.6453908661417322
20
0.8399186614173229
11
0.6452864566929134
21
0.8400074015748031
0
LINE
8
BLACK
6
CONTINUOUS
10
0.6452864566929134
20
0.8400074015748031
11
0.6451599212598425
21
0.8400598031496063
0
LINE
8
BLACK
6
CONTINUOUS
10
0.6451599212598425
20
0.8400598031496063
11
0.6447923622047244
21
0.8404273622047244
0
LINE
8
BLACK
6
CONTINUOUS
10
0.6447923622047244
20
0.8404273622047244
11
0.6443959448818898
21
0.8407642913385827
0
LINE
8
BLACK
6
CONTINUOUS
10
0.6443959448818898
20
0.8407642913385827
11
0.6443333858267717
21
0.8408863385826771
0
LINE
8
BLACK
6
CONTINUOUS
10
0.6443333858267717
20
0.8408863385826771
11
0.6442366141732283
21
0.8409831102362204
0
LINE
8
BLACK
6
CONTINUOUS
10
0.6442366141732283
20
0.8409831102362204
11
0.6440376377952756
21
0.8414633858267716
0
LINE
8
BLACK
6
CONTINUOUS
10
0.6440376377952756
20
0.8414633858267716
11
0.6438004330708661
21
0.8419262992125984
0
LINE
8
BLACK
6
CONTINUOUS
10
0.6438004330708661
20
0.8419262992125984
11
0.6437893307086614
21
0.8420628346456692
0
LINE
8
BLACK
6
CONTINUOUS
10
0.6437893307086614
20
0.8420628346456692
11
0.6437369291338583
21
0.8421894094488189
0
LINE
8
BLACK
6
CONTINUOUS
10
0.6437369291338583
20
0.8421894094488189
11
0.6437369291338583
21
0.8427096456692913
0
LINE
8
BLACK
6
CONTINUOUS
10
0.6437369291338583
20
0.8427096456692913
11
0.6436949212598425
21
0.8432277952755906
0
LINE
8
BLACK
6
CONTINUOUS
10
0.6436949212598425
20
0.8432277952755906
11
0.6437369291338583
21
0.8433581496062992
0
LINE
8
BLACK
6
CONTINUOUS
10
0.6437369291338583
20
0.8433581496062992
11
0.6437369291338583
21
0.8434951574803149
0
LINE
8
BLACK
6
CONTINUOUS
10
0.6437369291338583
20
0.8434951574803149
11
0.6439359842519685
21
0.843975748031496
0
LINE
8
BLACK
6
CONTINUOUS
10
0.6439359842519685
20
0.843975748031496
11
0.6440954724409449
21
0.8444705118110236
0
LINE
8
BLACK
6
CONTINUOUS
10
0.6440954724409449
20
0.8444705118110236
11
0.6442083858267716
21
0.8446334251968504
0
LINE
8
BLACK
6
CONTINUOUS
10
0.6442083858267716
20
0.8446334251968504
11
0.6442366141732283
21
0.8447014566929134
0
LINE
8
BLACK
6
CONTINUOUS
10
0.6442366141732283
20
0.8447014566929134
11
0.6442985826771653
21
0.8447634645669291
0
LINE
8
BLACK
6
CONTINUOUS
10
0.6442985826771653
20
0.8447634645669291
11
0.6444692913385827
21
0.8450096062992126
0
LINE
8
BLACK
6
CONTINUOUS
10
0.6444692913385827
20
0.8450096062992126
11
0.6494981496062991
21
0.8509259448818898
0
LINE
8
BLACK
6
CONTINUOUS
10
0.6494981496062991
20
0.8509259448818898
11
0.6480372834645669
21
0.851677874015748
0
LINE
8
BLACK
6
CONTINUOUS
10
0.6480372834645669
20
0.851677874015748
11
0.6477505905511811
21
0.8518630708661417
0
LINE
8
BLACK
6
CONTINUOUS
10
0.6477505905511811
20
0.8518630708661417
11
0.6476694881889764
21
0.851898031496063
0
LINE
8
BLACK
6
CONTINUOUS
10
0.6476694881889764
20
0.851898031496063
11
0.6475821259842519
21
0.8519718897637795
0
LINE
8
BLACK
6
CONTINUOUS
10
0.6475821259842519
20
0.8519718897637795
11
0.647486220472441
21
0.8520338188976377
0
LINE
8
BLACK
6
CONTINUOUS
10
0.647486220472441
20
0.8520338188976377
11
0.6474291732283465
21
0.8521011811023622
0
LINE
8
BLACK
6
CONTINUOUS
10
0.6474291732283465
20
0.8521011811023622
11
0.6471684645669291
21
0.8523215354330709
0
LINE
8
BLACK
6
CONTINUOUS
10
0.6471684645669291
20
0.8523215354330709
11
0.6458936220472441
21
0.8536338582677165
0
LINE
8
BLACK
6
CONTINUOUS
10
0.6458936220472441
20
0.8536338582677165
11
0.6456929527559055
21
0.8538857086614173
0
LINE
8
BLACK
6
CONTINUOUS
10
0.6456929527559055
20
0.8538857086614173
11
0.6456268503937008
21
0.8539443700787401
0
LINE
8
BLACK
6
CONTINUOUS
10
0.6456268503937008
20
0.8539443700787401
11
0.6455620472440945
21
0.85405
0
LINE
8
BLACK
6
CONTINUOUS
10
0.6455620472440945
20
0.85405
11
0.6454848031496063
21
0.8541469291338583
0
LINE
8
BLACK
6
CONTINUOUS
10
0.6454848031496063
20
0.8541469291338583
11
0.6454521259842519
21
0.8542291338582677
0
LINE
8
BLACK
6
CONTINUOUS
10
0.6454521259842519
20
0.8542291338582677
11
0.645283779527559
21
0.8545035433070866
0
LINE
8
BLACK
6
CONTINUOUS
10
0.645283779527559
20
0.8545035433070866
11
0.644008937007874
21
0.8571282283464566
0
LINE
8
BLACK
6
CONTINUOUS
10
0.644008937007874
20
0.8571282283464566
11
0.6437814960629921
21
0.8577435826771653
0
LINE
8
BLACK
6
CONTINUOUS
10
0.6437814960629921
20
0.8577435826771653
11
0.6437754724409449
21
0.8578443307086614
0
LINE
8
BLACK
6
CONTINUOUS
10
0.6437754724409449
20
0.8578443307086614
11
0.6437369291338583
21
0.8579374409448819
0
LINE
8
BLACK
6
CONTINUOUS
10
0.6437369291338583
20
0.8579374409448819
11
0.6436726377952756
21
0.8585903149606299
0
LINE
8
BLACK
6
CONTINUOUS
10
0.6436726377952756
20
0.8585903149606299
11
0.6436726377952756
21
0.8651519685039369
0
LINE
8
BLACK
6
CONTINUOUS
10
0.6436726377952756
20
0.8651519685039369
11
0.6437369291338583
21
0.865804842519685
0
LINE
8
BLACK
6
CONTINUOUS
10
0.6437369291338583
20
0.865804842519685
11
0.6437754724409449
21
0.8658979921259843
0
LINE
8
BLACK
6
CONTINUOUS
10
0.6437754724409449
20
0.8658979921259843
11
0.6437814960629921
21
0.8659987007874016
0
LINE
8
BLACK
6
CONTINUOUS
10
0.6437814960629921
20
0.8659987007874016
11
0.644008937007874
21
0.8666140551181102
0
LINE
8
BLACK
6
CONTINUOUS
10
0.644008937007874
20
0.8666140551181102
11
0.645283779527559
21
0.8692387401574803
0
LINE
8
BLACK
6
CONTINUOUS
10
0.645283779527559
20
0.8692387401574803
11
0.6454521259842519
21
0.869513188976378
0
LINE
8
BLACK
6
CONTINUOUS
10
0.6454521259842519
20
0.869513188976378
11
0.6454848031496063
21
0.8695953543307087
0
LINE
8
BLACK
6
CONTINUOUS
10
0.6454848031496063
20
0.8695953543307087
11
0.6455620472440945
21
0.8696923228346457
0
LINE
8
BLACK
6
CONTINUOUS
10
0.6455620472440945
20
0.8696923228346457
11
0.6456268503937008
21
0.8697979133858268
0
LINE
8
BLACK
6
CONTINUOUS
10
0.6456268503937008
20
0.8697979133858268
11
0.6456929527559055
21
0.8698566141732283
0
LINE
8
BLACK
6
CONTINUOUS
10
0.6456929527559055
20
0.8698566141732283
11
0.6458936220472441
21
0.8701084251968504
0
LINE
8
BLACK
6
CONTINUOUS
10
0.6458936220472441
20
0.8701084251968504
11
0.6471684645669291
21
0.8714207480314961
0
LINE
8
BLACK
6
CONTINUOUS
10
0.6471684645669291
20
0.8714207480314961
11
0.6474291732283465
21
0.8716411417322835
0
LINE
8
BLACK
6
CONTINUOUS
10
0.6474291732283465
20
0.8716411417322835
11
0.647486220472441
21
0.8717084645669291
0
LINE
8
BLACK
6
CONTINUOUS
10
0.647486220472441
20
0.8717084645669291
11
0.6475821259842519
21
0.8717704330708661
0
LINE
8
BLACK
6
CONTINUOUS
10
0.6475821259842519
20
0.8717704330708661
11
0.6476694881889764
21
0.8718442519685039
0
LINE
8
BLACK
6
CONTINUOUS
10
0.6476694881889764
20
0.8718442519685039
11
0.6477505905511811
21
0.8718792519685039
0
LINE
8
BLACK
6
CONTINUOUS
10
0.6477505905511811
20
0.8718792519685039
11
0.6480372834645669
21
0.8720644094488189
0
LINE
8
BLACK
6
CONTINUOUS
10
0.6480372834645669
20
0.8720644094488189
11
0.6505869291338583
21
0.8733767716535433
0
LINE
8
BLACK
6
CONTINUOUS
10
0.6505869291338583
20
0.8733767716535433
11
0.6511968503937008
21
0.8736183858267716
0
LINE
8
BLACK
6
CONTINUOUS
10
0.6511968503937008
20
0.8736183858267716
11
0.6513362598425196
21
0.8736299606299213
0
LINE
8
BLACK
6
CONTINUOUS
10
0.6513362598425196
20
0.8736299606299213
11
0.6514655905511811
21
0.8736835039370079
0
LINE
8
BLACK
6
CONTINUOUS
10
0.6514655905511811
20
0.8736835039370079
11
0.6521184645669291
21
0.8737477952755905
0
LINE
8
BLACK
6
CONTINUOUS
10
0.6521184645669291
20
0.8737477952755905
11
0.6597675196850393
21
0.8737477952755905
0
LINE
8
BLACK
6
CONTINUOUS
10
0.6597675196850393
20
0.8737477952755905
11
0.6604203937007874
21
0.8736835039370079
0
LINE
8
BLACK
6
CONTINUOUS
10
0.6896551181102362
20
0.8736920472440944
11
0.689694094488189
21
0.8736925984251969
0
LINE
8
BLACK
6
CONTINUOUS
10
0.689694094488189
20
0.8736925984251969
11
0.6897088188976378
21
0.8736867716535432
0
LINE
8
BLACK
6
CONTINUOUS
10
0.6897088188976378
20
0.8736867716535432
11
0.6897417322834646
21
0.8736835039370079
0
LINE
8
BLACK
6
CONTINUOUS
10
0.6897417322834646
20
0.8736835039370079
11
0.6903234645669292
21
0.8734425590551181
0
LINE
8
BLACK
6
CONTINUOUS
10
0.6903234645669292
20
0.8734425590551181
11
0.6909075196850394
21
0.8732104724409449
0
LINE
8
BLACK
6
CONTINUOUS
10
0.6909075196850394
20
0.8732104724409449
11
0.6909252362204724
21
0.8731932677165354
0
LINE
8
BLACK
6
CONTINUOUS
10
0.6909252362204724
20
0.8731932677165354
11
0.690948031496063
21
0.8731838188976377
0
LINE
8
BLACK
6
CONTINUOUS
10
0.690948031496063
20
0.8731838188976377
11
0.6913923228346457
21
0.8727395275590552
0
LINE
8
BLACK
6
CONTINUOUS
10
0.6913923228346457
20
0.8727395275590552
11
0.6918441338582677
21
0.8723006299212598
0
LINE
8
BLACK
6
CONTINUOUS
10
0.6918441338582677
20
0.8723006299212598
11
0.6918538976377953
21
0.8722779527559055
0
LINE
8
BLACK
6
CONTINUOUS
10
0.6918538976377953
20
0.8722779527559055
11
0.6918713385826771
21
0.8722605118110236
0
LINE
8
BLACK
6
CONTINUOUS
10
0.6918713385826771
20
0.8722605118110236
11
0.6921122834645669
21
0.8716788188976378
0
LINE
8
BLACK
6
CONTINUOUS
10
0.6921122834645669
20
0.8716788188976378
11
0.6923611811023622
21
0.8711016929133858
0
LINE
8
BLACK
6
CONTINUOUS
10
0.6923611811023622
20
0.8711016929133858
11
0.6923615354330709
21
0.8710771259842519
0
LINE
8
BLACK
6
CONTINUOUS
10
0.6923615354330709
20
0.8710771259842519
11
0.6923710236220473
21
0.8710542125984252
0
LINE
8
BLACK
6
CONTINUOUS
10
0.6923710236220473
20
0.8710542125984252
11
0.6923710236220473
21
0.8704231496062992
0
LINE
8
BLACK
6
CONTINUOUS
10
0.6923710236220473
20
0.8704231496062992
11
0.6923801181102363
21
0.8697961023622047
0
LINE
8
BLACK
6
CONTINUOUS
10
0.6923801181102363
20
0.8697961023622047
11
0.6923710236220473
21
0.8697732283464567
0
LINE
8
BLACK
6
CONTINUOUS
10
0.6923710236220473
20
0.8697732283464567
11
0.6923710236220473
21
0.8697484645669291
0
LINE
8
BLACK
6
CONTINUOUS
10
0.6923710236220473
20
0.8697484645669291
11
0.6921300393700788
21
0.8691667322834645
0
LINE
8
BLACK
6
CONTINUOUS
10
0.6921300393700788
20
0.8691667322834645
11
0.6918979921259842
21
0.8685826771653543
0
LINE
8
BLACK
6
CONTINUOUS
10
0.6918979921259842
20
0.8685826771653543
11
0.6918774015748032
21
0.8685568897637795
0
LINE
8
BLACK
6
CONTINUOUS
10
0.6918774015748032
20
0.8685568897637795
11
0.6918713385826771
21
0.8685421653543307
0
LINE
8
BLACK
6
CONTINUOUS
10
0.6918713385826771
20
0.8685421653543307
11
0.6918436614173228
21
0.8685145275590551
0
LINE
8
BLACK
6
CONTINUOUS
10
0.6918436614173228
20
0.8685145275590551
11
0.6914892125984252
21
0.8680695669291338
0
LINE
8
BLACK
6
CONTINUOUS
10
0.6914892125984252
20
0.8680695669291338
11
0.6767342519685039
21
0.8528807086614173
0
LINE
8
BLACK
6
CONTINUOUS
10
0.6767342519685039
20
0.8528807086614173
11
0.6758623622047244
21
0.8501880314960629
0
LINE
8
BLACK
6
CONTINUOUS
10
0.6758623622047244
20
0.8501880314960629
11
0.6758623622047244
21
0.8488613385826771
0
LINE
8
BLACK
6
CONTINUOUS
10
0.6758623622047244
20
0.8488613385826771
11
0.6765658661417323
21
0.8474128740157481
0
LINE
8
BLACK
6
CONTINUOUS
10
0.6765658661417323
20
0.8474128740157481
11
0.6770841732283465
21
0.8468793700787401
0
LINE
8
BLACK
6
CONTINUOUS
10
0.6770841732283465
20
0.8468793700787401
11
0.6784259448818898
21
0.8461887401574802
0
LINE
8
BLACK
6
CONTINUOUS
10
0.6784259448818898
20
0.8461887401574802
11
0.6831788188976378
21
0.8461887401574802
0
LINE
8
BLACK
6
CONTINUOUS
10
0.6831788188976378
20
0.8461887401574802
11
0.6845206299212598
21
0.8468794094488189
0
LINE
8
BLACK
6
CONTINUOUS
10
0.6845206299212598
20
0.8468794094488189
11
0.6854137007874016
21
0.8477987007874016
0
LINE
8
BLACK
6
CONTINUOUS
10
0.6854137007874016
20
0.8477987007874016
11
0.6859147244094488
21
0.8482222047244095
0
LINE
8
BLACK
6
CONTINUOUS
10
0.6859147244094488
20
0.8482222047244095
11
0.6871136614173228
21
0.8487392913385826
0
LINE
8
BLACK
6
CONTINUOUS
10
0.6871136614173228
20
0.8487392913385826
11
0.6884192913385827
21
0.8487581889763779
0
LINE
8
BLACK
6
CONTINUOUS
10
0.6884192913385827
20
0.8487581889763779
11
0.689632716535433
21
0.848276062992126
0
LINE
8
BLACK
6
CONTINUOUS
10
0.689632716535433
20
0.848276062992126
11
0.6905692913385827
21
0.8473662204724409
0
LINE
8
BLACK
6
CONTINUOUS
10
0.6905692913385827
20
0.8473662204724409
11
0.6910863779527558
21
0.8461672834645669
0
LINE
8
BLACK
6
CONTINUOUS
10
0.6910863779527558
20
0.8461672834645669
11
0.6911052755905511
21
0.8448616535433071
0
LINE
8
BLACK
6
CONTINUOUS
10
0.6911052755905511
20
0.8448616535433071
11
0.6906231496062992
21
0.8436482677165354
0
LINE
8
BLACK
6
CONTINUOUS
10
0.6906231496062992
20
0.8436482677165354
11
0.6902143700787401
21
0.843135157480315
0
LINE
8
BLACK
6
CONTINUOUS
10
0.6902143700787401
20
0.843135157480315
11
0.6889394881889763
21
0.8418228346456693
0
LINE
8
BLACK
6
CONTINUOUS
10
0.6889394881889763
20
0.8418228346456693
11
0.6886788582677165
21
0.841602559055118
0
LINE
8
BLACK
6
CONTINUOUS
10
0.6886788582677165
20
0.841602559055118
11
0.6886217322834646
21
0.8415350787401574
0
LINE
8
BLACK
6
CONTINUOUS
10
0.6886217322834646
20
0.8415350787401574
11
0.6885255905511811
21
0.841473031496063
0
LINE
8
BLACK
6
CONTINUOUS
10
0.6885255905511811
20
0.841473031496063
11
0.6884384645669291
21
0.8413993307086614
0
LINE
8
BLACK
6
CONTINUOUS
10
0.6884384645669291
20
0.8413993307086614
11
0.6883574409448818
21
0.8413644094488189
0
LINE
8
BLACK
6
CONTINUOUS
10
0.6883574409448818
20
0.8413644094488189
11
0.6880706299212598
21
0.8411791338582677
0
LINE
8
BLACK
6
CONTINUOUS
10
0.6880706299212598
20
0.8411791338582677
11
0.6855209448818897
21
0.839866811023622
0
LINE
8
BLACK
6
CONTINUOUS
10
0.6855209448818897
20
0.839866811023622
11
0.6849110236220473
21
0.8396251968503937
0
LINE
8
BLACK
6
CONTINUOUS
10
0.6849110236220473
20
0.8396251968503937
11
0.6847715748031495
21
0.8396136614173229
0
LINE
8
BLACK
6
CONTINUOUS
10
0.6847715748031495
20
0.8396136614173229
11
0.6846423622047244
21
0.8395601181102362
0
LINE
8
BLACK
6
CONTINUOUS
10
0.6846423622047244
20
0.8395601181102362
11
0.6839894881889763
21
0.8394958267716536
0
LINE
8
BLACK
6
CONTINUOUS
10
0.6839894881889763
20
0.8394958267716536
11
0.6776152755905511
21
0.8394958267716536
0
LINE
8
BLACK
6
CONTINUOUS
10
0.6776152755905511
20
0.8394958267716536
11
0.6769624015748031
21
0.8395601181102362
0
LINE
8
BLACK
6
CONTINUOUS
10
0.6769624015748031
20
0.8395601181102362
11
0.6768331496062991
21
0.8396136614173229
0
LINE
8
BLACK
6
CONTINUOUS
10
0.6768331496062991
20
0.8396136614173229
11
0.6766937401574803
21
0.8396251968503937
0
LINE
8
BLACK
6
CONTINUOUS
10
0.6766937401574803
20
0.8396251968503937
11
0.6760838188976378
21
0.839866811023622
0
LINE
8
BLACK
6
CONTINUOUS
10
0.6760838188976378
20
0.839866811023622
11
0.6735341338582677
21
0.8411791338582677
0
LINE
8
BLACK
6
CONTINUOUS
10
0.6735341338582677
20
0.8411791338582677
11
0.6732472834645669
21
0.8413644094488189
0
LINE
8
BLACK
6
CONTINUOUS
10
0.6732472834645669
20
0.8413644094488189
11
0.6731662992125984
21
0.8413993307086614
0
LINE
8
BLACK
6
CONTINUOUS
10
0.6731662992125984
20
0.8413993307086614
11
0.6730791338582677
21
0.841473031496063
0
LINE
8
BLACK
6
CONTINUOUS
10
0.6730791338582677
20
0.841473031496063
11
0.672983031496063
21
0.8415350787401574
0
LINE
8
BLACK
6
CONTINUOUS
10
0.672983031496063
20
0.8415350787401574
11
0.6729258661417322
21
0.841602559055118
0
LINE
8
BLACK
6
CONTINUOUS
10
0.6729258661417322
20
0.841602559055118
11
0.6726652755905511
21
0.8418228346456693
0
LINE
8
BLACK
6
CONTINUOUS
10
0.6726652755905511
20
0.8418228346456693
11
0.6713904330708661
21
0.843135157480315
0
LINE
8
BLACK
6
CONTINUOUS
10
0.6713904330708661
20
0.843135157480315
11
0.6711897637795275
21
0.8433870078740158
0
LINE
8
BLACK
6
CONTINUOUS
10
0.6711897637795275
20
0.8433870078740158
11
0.6711236614173228
21
0.8434456692913386
0
LINE
8
BLACK
6
CONTINUOUS
10
0.6711236614173228
20
0.8434456692913386
11
0.6710588582677165
21
0.8435512992125984
0
LINE
8
BLACK
6
CONTINUOUS
10
0.6710588582677165
20
0.8435512992125984
11
0.6709816141732283
21
0.8436482283464567
0
LINE
8
BLACK
6
CONTINUOUS
10
0.6709816141732283
20
0.8436482283464567
11
0.6709489370078739
21
0.8437304330708661
0
LINE
8
BLACK
6
CONTINUOUS
10
0.6709489370078739
20
0.8437304330708661
11
0.6707805905511811
21
0.844004842519685
0
LINE
8
BLACK
6
CONTINUOUS
10
0.6707805905511811
20
0.844004842519685
11
0.6695057480314961
21
0.8466295275590551
0
LINE
8
BLACK
6
CONTINUOUS
10
0.6695057480314961
20
0.8466295275590551
11
0.6692783070866142
21
0.8472448818897638
0
LINE
8
BLACK
6
CONTINUOUS
10
0.6692783070866142
20
0.8472448818897638
11
0.6692722834645669
21
0.8473456299212598
0
LINE
8
BLACK
6
CONTINUOUS
10
0.6692722834645669
20
0.8473456299212598
11
0.6692337401574803
21
0.8474387401574803
0
LINE
8
BLACK
6
CONTINUOUS
10
0.6692337401574803
20
0.8474387401574803
11
0.6691694488188976
21
0.8480916141732283
0
LINE
8
BLACK
6
CONTINUOUS
10
0.6691694488188976
20
0.8480916141732283
11
0.6691694488188976
21
0.8507162992125984
0
LINE
8
BLACK
6
CONTINUOUS
10
0.6691694488188976
20
0.8507162992125984
11
0.6691992125984252
21
0.8510187401574802
0
LINE
8
BLACK
6
CONTINUOUS
10
0.6691992125984252
20
0.8510187401574802
11
0.6691922440944882
21
0.8511062992125984
0
LINE
8
BLACK
6
CONTINUOUS
10
0.6691922440944882
20
0.8511062992125984
11
0.6692206692913386
21
0.8512364960629921
0
LINE
8
BLACK
6
CONTINUOUS
10
0.6692206692913386
20
0.8512364960629921
11
0.6692337401574803
21
0.8513691732283465
0
LINE
8
BLACK
6
CONTINUOUS
10
0.6692337401574803
20
0.8513691732283465
11
0.6692673622047244
21
0.8514504330708661
0
LINE
8
BLACK
6
CONTINUOUS
10
0.6692673622047244
20
0.8514504330708661
11
0.6693322047244095
21
0.8517472047244095
0
LINE
8
BLACK
6
CONTINUOUS
10
0.6693322047244095
20
0.8517472047244095
11
0.6706070472440945
21
0.8556842125984252
0
LINE
8
BLACK
6
CONTINUOUS
10
0.6706070472440945
20
0.8556842125984252
11
0.6708693307086614
21
0.8562855511811024
0
LINE
8
BLACK
6
CONTINUOUS
10
0.6708693307086614
20
0.8562855511811024
11
0.670940905511811
21
0.8563695669291338
0
LINE
8
BLACK
6
CONTINUOUS
10
0.670940905511811
20
0.8563695669291338
11
0.6709816141732283
21
0.856471968503937
0
LINE
8
BLACK
6
CONTINUOUS
10
0.6709816141732283
20
0.856471968503937
11
0.6713903937007873
21
0.8569850787401575
0
LINE
8
BLACK
6
CONTINUOUS
10
0.6713903937007873
20
0.8569850787401575
11
0.6811725196850393
21
0.8670548818897638
0
LINE
8
BLACK
6
CONTINUOUS
10
0.6811725196850393
20
0.8670548818897638
11
0.6725159055118111
21
0.8670548818897638
0
LINE
8
BLACK
6
CONTINUOUS
10
0.6725159055118111
20
0.8670548818897638
11
0.671863031496063
21
0.8671191732283464
0
LINE
8
BLACK
6
CONTINUOUS
10
0.671863031496063
20
0.8671191732283464
11
0.6706567322834646
21
0.8676188582677166
0
LINE
8
BLACK
6
CONTINUOUS
10
0.6706567322834646
20
0.8676188582677166
11
0.6697334251968504
21
0.8685421653543307
0
LINE
8
BLACK
6
CONTINUOUS
10
0.6697334251968504
20
0.8685421653543307
11
0.6692337401574803
21
0.8697484645669291
0
LINE
8
BLACK
6
CONTINUOUS
10
0.6692337401574803
20
0.8697484645669291
11
0.6692337401574803
21
0.8710542125984252
0
LINE
8
BLACK
6
CONTINUOUS
10
0.6692337401574803
20
0.8710542125984252
11
0.6697334251968504
21
0.8722605118110236
0
LINE
8
BLACK
6
CONTINUOUS
10
0.6697334251968504
20
0.8722605118110236
11
0.6706567322834646
21
0.8731838188976377
0
LINE
8
BLACK
6
CONTINUOUS
10
0.6706567322834646
20
0.8731838188976377
11
0.671863031496063
21
0.8736835039370079
0
LINE
8
BLACK
6
CONTINUOUS
10
0.671863031496063
20
0.8736835039370079
11
0.6725159055118111
21
0.8737477952755905
0
LINE
8
BLACK
6
CONTINUOUS
10
0.6725159055118111
20
0.8737477952755905
11
0.6890888582677165
21
0.8737477952755905
0
LINE
8
BLACK
6
CONTINUOUS
10
0.6890888582677165
20
0.8737477952755905
11
0.6896551181102362
21
0.8736920472440944
0
LINE
8
BLACK
6
CONTINUOUS
10
0.7075894881889764
20
0.8736835039370079
11
0.7077187007874015
21
0.87363
0
LINE
8
BLACK
6
CONTINUOUS
10
0.7077187007874015
20
0.87363
11
0.707858188976378
21
0.8736184251968504
0
LINE
8
BLACK
6
CONTINUOUS
10
0.707858188976378
20
0.8736184251968504
11
0.7084681102362205
21
0.8733767716535433
0
LINE
8
BLACK
6
CONTINUOUS
10
0.7084681102362205
20
0.8733767716535433
11
0.7110177952755905
21
0.8720644094488189
0
LINE
8
BLACK
6
CONTINUOUS
10
0.7110177952755905
20
0.8720644094488189
11
0.7113044488188976
21
0.8718792519685039
0
LINE
8
BLACK
6
CONTINUOUS
10
0.7113044488188976
20
0.8718792519685039
11
0.7113855905511811
21
0.8718442519685039
0
LINE
8
BLACK
6
CONTINUOUS
10
0.7113855905511811
20
0.8718442519685039
11
0.7114729133858267
21
0.8717704330708661
0
LINE
8
BLACK
6
CONTINUOUS
10
0.7114729133858267
20
0.8717704330708661
11
0.7115688582677165
21
0.8717084645669291
0
LINE
8
BLACK
6
CONTINUOUS
10
0.7115688582677165
20
0.8717084645669291
11
0.7116258661417323
21
0.8716411417322835
0
LINE
8
BLACK
6
CONTINUOUS
10
0.7116258661417323
20
0.8716411417322835
11
0.7118866141732283
21
0.8714207480314961
0
LINE
8
BLACK
6
CONTINUOUS
10
0.7118866141732283
20
0.8714207480314961
11
0.7131614960629921
21
0.8701084251968504
0
LINE
8
BLACK
6
CONTINUOUS
10
0.7131614960629921
20
0.8701084251968504
11
0.713362125984252
21
0.8698566141732283
0
LINE
8
BLACK
6
CONTINUOUS
10
0.713362125984252
20
0.8698566141732283
11
0.7134282283464567
21
0.8697979133858268
0
LINE
8
BLACK
6
CONTINUOUS
10
0.7134282283464567
20
0.8697979133858268
11
0.7134930708661417
21
0.8696922440944882
0
LINE
8
BLACK
6
CONTINUOUS
10
0.7134930708661417
20
0.8696922440944882
11
0.7135702755905512
21
0.8695953149606299
0
LINE
8
BLACK
6
CONTINUOUS
10
0.7135702755905512
20
0.8695953149606299
11
0.7136028740157481
21
0.8695132283464567
0
LINE
8
BLACK
6
CONTINUOUS
10
0.7136028740157481
20
0.8695132283464567
11
0.7137712992125984
21
0.8692387401574803
0
LINE
8
BLACK
6
CONTINUOUS
10
0.7137712992125984
20
0.8692387401574803
11
0.7150461417322834
21
0.8666140551181102
0
LINE
8
BLACK
6
CONTINUOUS
10
0.7150461417322834
20
0.8666140551181102
11
0.71506
21
0.8665765748031495
0
LINE
8
BLACK
6
CONTINUOUS
10
0.71506
20
0.8665765748031495
11
0.7150713779527559
21
0.8665609842519685
0
LINE
8
BLACK
6
CONTINUOUS
10
0.7150713779527559
20
0.8665609842519685
11
0.7151699212598425
21
0.866279094488189
0
LINE
8
BLACK
6
CONTINUOUS
10
0.7151699212598425
20
0.866279094488189
11
0.7152735826771653
21
0.8659987007874016
0
LINE
8
BLACK
6
CONTINUOUS
10
0.7152735826771653
20
0.8659987007874016
11
0.7152747244094488
21
0.8659794488188977
0
LINE
8
BLACK
6
CONTINUOUS
10
0.7152747244094488
20
0.8659794488188977
11
0.7152879133858268
21
0.8659417322834645
0
LINE
8
BLACK
6
CONTINUOUS
10
0.7152879133858268
20
0.8659417322834645
11
0.7165627559055118
21
0.8606924015748031
0
LINE
8
BLACK
6
CONTINUOUS
10
0.7165627559055118
20
0.8606924015748031
11
0.7165764173228346
21
0.8605955511811023
0
LINE
8
BLACK
6
CONTINUOUS
10
0.7165764173228346
20
0.8605955511811023
11
0.7165929921259843
21
0.8605555118110236
0
LINE
8
BLACK
6
CONTINUOUS
10
0.7165929921259843
20
0.8605555118110236
11
0.7166182677165354
21
0.8602986614173228
0
LINE
8
BLACK
6
CONTINUOUS
10
0.7166182677165354
20
0.8602986614173228
11
0.7166543700787401
21
0.8600427952755906
0
LINE
8
BLACK
6
CONTINUOUS
10
0.7166543700787401
20
0.8600427952755906
11
0.7166476771653543
21
0.8599999606299212
0
LINE
8
BLACK
6
CONTINUOUS
10
0.7166476771653543
20
0.8599999606299212
11
0.7166572834645669
21
0.8599026377952755
0
LINE
8
BLACK
6
CONTINUOUS
10
0.7166572834645669
20
0.8599026377952755
11
0.7166572834645669
21
0.8533409448818897
0
LINE
8
BLACK
6
CONTINUOUS
10
0.7166572834645669
20
0.8533409448818897
11
0.7166476771653543
21
0.8532436614173228
0
LINE
8
BLACK
6
CONTINUOUS
10
0.7166476771653543
20
0.8532436614173228
11
0.7166543700787401
21
0.8532007874015748
0
LINE
8
BLACK
6
CONTINUOUS
10
0.7166543700787401
20
0.8532007874015748
11
0.7166182677165354
21
0.8529449606299212
0
LINE
8
BLACK
6
CONTINUOUS
10
0.7166182677165354
20
0.8529449606299212
11
0.7165929921259843
21
0.8526880708661417
0
LINE
8
BLACK
6
CONTINUOUS
10
0.7165929921259843
20
0.8526880708661417
11
0.7165764173228346
21
0.8526480708661417
0
LINE
8
BLACK
6
CONTINUOUS
10
0.7165764173228346
20
0.8526480708661417
11
0.7165627559055118
21
0.8525511811023622
0
LINE
8
BLACK
6
CONTINUOUS
10
0.7165627559055118
20
0.8525511811023622
11
0.7152879133858268
21
0.8473018503937008
0
LINE
8
BLACK
6
CONTINUOUS
10
0.7152879133858268
20
0.8473018503937008
11
0.7152747244094488
21
0.8472641732283465
0
LINE
8
BLACK
6
CONTINUOUS
10
0.7152747244094488
20
0.8472641732283465
11
0.7152735826771653
21
0.8472448818897638
0
LINE
8
BLACK
6
CONTINUOUS
10
0.7152735826771653
20
0.8472448818897638
11
0.7151699212598425
21
0.846964527559055
0
LINE
8
BLACK
6
CONTINUOUS
10
0.7151699212598425
20
0.846964527559055
11
0.7150713779527559
21
0.8466825984251969
0
LINE
8
BLACK
6
CONTINUOUS
10
0.7150713779527559
20
0.8466825984251969
11
0.71506
21
0.8466670472440945
0
LINE
8
BLACK
6
CONTINUOUS
10
0.71506
20
0.8466670472440945
11
0.7150461417322834
21
0.8466295275590551
0
LINE
8
BLACK
6
CONTINUOUS
10
0.7150461417322834
20
0.8466295275590551
11
0.7137712992125984
21
0.844004842519685
0
LINE
8
BLACK
6
CONTINUOUS
10
0.7137712992125984
20
0.844004842519685
11
0.7136028740157481
21
0.8437303937007874
0
LINE
8
BLACK
6
CONTINUOUS
10
0.7136028740157481
20
0.8437303937007874
11
0.7135702755905512
21
0.8436482677165354
0
LINE
8
BLACK
6
CONTINUOUS
10
0.7135702755905512
20
0.8436482677165354
11
0.7134930708661417
21
0.8435513779527559
0
LINE
8
BLACK
6
CONTINUOUS
10
0.7134930708661417
20
0.8435513779527559
11
0.7134282283464567
21
0.8434456692913386
0
LINE
8
BLACK
6
CONTINUOUS
10
0.7134282283464567
20
0.8434456692913386
11
0.713362125984252
21
0.8433870078740158
0
LINE
8
BLACK
6
CONTINUOUS
10
0.713362125984252
20
0.8433870078740158
11
0.7131614960629921
21
0.843135157480315
0
LINE
8
BLACK
6
CONTINUOUS
10
0.7131614960629921
20
0.843135157480315
11
0.7118866141732283
21
0.8418228346456693
0
LINE
8
BLACK
6
CONTINUOUS
10
0.7118866141732283
20
0.8418228346456693
11
0.7116259842519684
21
0.841602559055118
0
LINE
8
BLACK
6
CONTINUOUS
10
0.7116259842519684
20
0.841602559055118
11
0.7115688582677165
21
0.8415350787401574
0
LINE
8
BLACK
6
CONTINUOUS
10
0.7115688582677165
20
0.8415350787401574
11
0.7114727165354331
21
0.841473031496063
0
LINE
8
BLACK
6
CONTINUOUS
10
0.7114727165354331
20
0.841473031496063
11
0.7113855905511811
21
0.8413993307086614
0
LINE
8
BLACK
6
CONTINUOUS
10
0.7113855905511811
20
0.8413993307086614
11
0.7113045669291338
21
0.8413644094488189
0
LINE
8
BLACK
6
CONTINUOUS
10
0.7113045669291338
20
0.8413644094488189
11
0.7110177559055118
21
0.8411791338582677
0
LINE
8
BLACK
6
CONTINUOUS
10
0.7110177559055118
20
0.8411791338582677
11
0.7084680708661417
21
0.839866811023622
0
LINE
8
BLACK
6
CONTINUOUS
10
0.7084680708661417
20
0.839866811023622
11
0.7078581496062992
21
0.8396251968503937
0
LINE
8
BLACK
6
CONTINUOUS
10
0.7078581496062992
20
0.8396251968503937
11
0.7077187007874015
21
0.8396136614173229
0
LINE
8
BLACK
6
CONTINUOUS
10
0.7077187007874015
20
0.8396136614173229
11
0.7075894881889764
21
0.8395601181102362
0
LINE
8
BLACK
6
CONTINUOUS
10
0.7075894881889764
20
0.8395601181102362
11
0.7069366141732283
21
0.8394958267716536
0
LINE
8
BLACK
6
CONTINUOUS
10
0.7069366141732283
20
0.8394958267716536
11
0.7043869291338583
21
0.8394958267716536
0
LINE
8
BLACK
6
CONTINUOUS
10
0.7043869291338583
20
0.8394958267716536
11
0.7037340551181103
21
0.8395601181102362
0
LINE
8
BLACK
6
CONTINUOUS
10
0.7037340551181103
20
0.8395601181102362
11
0.7036048031496063
21
0.8396136614173229
0
LINE
8
BLACK
6
CONTINUOUS
10
0.7036048031496063
20
0.8396136614173229
11
0.7034653937007874
21
0.8396251968503937
0
LINE
8
BLACK
6
CONTINUOUS
10
0.7034653937007874
20
0.8396251968503937
11
0.7028554724409448
21
0.839866811023622
0
LINE
8
BLACK
6
CONTINUOUS
10
0.7028554724409448
20
0.839866811023622
11
0.7003057874015748
21
0.8411791338582677
0
LINE
8
BLACK
6
CONTINUOUS
10
0.7003057874015748
20
0.8411791338582677
11
0.700018937007874
21
0.8413644094488189
0
LINE
8
BLACK
6
CONTINUOUS
10
0.700018937007874
20
0.8413644094488189
11
0.6999379527559055
21
0.8413993307086614
0
LINE
8
BLACK
6
CONTINUOUS
10
0.6999379527559055
20
0.8413993307086614
11
0.6998507874015748
21
0.841473031496063
0
LINE
8
BLACK
6
CONTINUOUS
10
0.6998507874015748
20
0.841473031496063
11
0.6997546850393701
21
0.8415350787401574
0
LINE
8
BLACK
6
CONTINUOUS
10
0.6997546850393701
20
0.8415350787401574
11
0.6996975196850393
21
0.841602559055118
0
LINE
8
BLACK
6
CONTINUOUS
10
0.6996975196850393
20
0.841602559055118
11
0.6994369291338582
21
0.8418228346456693
0
LINE
8
BLACK
6
CONTINUOUS
10
0.6994369291338582
20
0.8418228346456693
11
0.6981620866141732
21
0.843135157480315
0
LINE
8
BLACK
6
CONTINUOUS
10
0.6981620866141732
20
0.843135157480315
11
0.6979614173228347
21
0.8433870078740158
0
LINE
8
BLACK
6
CONTINUOUS
10
0.6979614173228347
20
0.8433870078740158
11
0.69789531496063
21
0.8434456692913386
0
LINE
8
BLACK
6
CONTINUOUS
10
0.69789531496063
20
0.8434456692913386
11
0.6978305118110236
21
0.8435512992125984
0
LINE
8
BLACK
6
CONTINUOUS
10
0.6978305118110236
20
0.8435512992125984
11
0.6977532677165355
21
0.8436482283464567
0
LINE
8
BLACK
6
CONTINUOUS
10
0.6977532677165355
20
0.8436482283464567
11
0.6977205905511811
21
0.8437304330708661
0
LINE
8
BLACK
6
CONTINUOUS
10
0.6977205905511811
20
0.8437304330708661
11
0.6975522440944881
21
0.844004842519685
0
LINE
8
BLACK
6
CONTINUOUS
10
0.6975522440944881
20
0.844004842519685
11
0.6962774015748031
21
0.8466295275590551
0
LINE
8
BLACK
6
CONTINUOUS
10
0.6962774015748031
20
0.8466295275590551
11
0.6962635039370079
21
0.8466670472440945
0
LINE
8
BLACK
6
CONTINUOUS
10
0.6962635039370079
20
0.8466670472440945
11
0.6962521653543307
21
0.8466825984251969
0
LINE
8
BLACK
6
CONTINUOUS
10
0.6962521653543307
20
0.8466825984251969
11
0.6961535826771653
21
0.846964527559055
0
LINE
8
BLACK
6
CONTINUOUS
10
0.6961535826771653
20
0.846964527559055
11
0.6960499606299212
21
0.8472448818897638
0
LINE
8
BLACK
6
CONTINUOUS
10
0.6960499606299212
20
0.8472448818897638
11
0.6960487795275591
21
0.8472641732283465
0
LINE
8
BLACK
6
CONTINUOUS
10
0.6960487795275591
20
0.8472641732283465
11
0.6960356299212598
21
0.8473018503937008
0
LINE
8
BLACK
6
CONTINUOUS
10
0.6960356299212598
20
0.8473018503937008
11
0.6947607874015748
21
0.8525511811023622
0
LINE
8
BLACK
6
CONTINUOUS
10
0.6947607874015748
20
0.8525511811023622
11
0.6947470866141732
21
0.8526480708661417
0
LINE
8
BLACK
6
CONTINUOUS
10
0.6947470866141732
20
0.8526480708661417
11
0.6947305511811024
21
0.8526880708661417
0
LINE
8
BLACK
6
CONTINUOUS
10
0.6947305511811024
20
0.8526880708661417
11
0.6947052362204724
21
0.8529449606299212
0
LINE
8
BLACK
6
CONTINUOUS
10
0.6947052362204724
20
0.8529449606299212
11
0.6946691732283464
21
0.8532007874015748
0
LINE
8
BLACK
6
CONTINUOUS
10
0.6946691732283464
20
0.8532007874015748
11
0.6946758267716535
21
0.8532436614173228
0
LINE
8
BLACK
6
CONTINUOUS
10
0.6946758267716535
20
0.8532436614173228
11
0.6946662598425196
21
0.8533409448818897
0
LINE
8
BLACK
6
CONTINUOUS
10
0.6946662598425196
20
0.8533409448818897
11
0.6946662598425196
21
0.8599026377952755
0
LINE
8
BLACK
6
CONTINUOUS
10
0.6946662598425196
20
0.8599026377952755
11
0.6946758267716535
21
0.8599999606299212
0
LINE
8
BLACK
6
CONTINUOUS
10
0.6946758267716535
20
0.8599999606299212
11
0.6946691732283464
21
0.8600427952755906
0
LINE
8
BLACK
6
CONTINUOUS
10
0.6946691732283464
20
0.8600427952755906
11
0.6947052362204724
21
0.8602986614173228
0
LINE
8
BLACK
6
CONTINUOUS
10
0.6947052362204724
20
0.8602986614173228
11
0.6947305511811024
21
0.8605555118110236
0
LINE
8
BLACK
6
CONTINUOUS
10
0.6947305511811024
20
0.8605555118110236
11
0.6947470866141732
21
0.8605955511811023
0
LINE
8
BLACK
6
CONTINUOUS
10
0.6947470866141732
20
0.8605955511811023
11
0.6947607874015748
21
0.8606924015748031
0
LINE
8
BLACK
6
CONTINUOUS
10
0.6947607874015748
20
0.8606924015748031
11
0.6960356299212598
21
0.8659417322834645
0
LINE
8
BLACK
6
CONTINUOUS
10
0.6960356299212598
20
0.8659417322834645
11
0.6960487795275591
21
0.8659794488188977
0
LINE
8
BLACK
6
CONTINUOUS
10
0.6960487795275591
20
0.8659794488188977
11
0.6960499606299212
21
0.8659987007874016
0
LINE
8
BLACK
6
CONTINUOUS
10
0.6960499606299212
20
0.8659987007874016
11
0.6961535826771653
21
0.866279094488189
0
LINE
8
BLACK
6
CONTINUOUS
10
0.6961535826771653
20
0.866279094488189
11
0.6962521653543307
21
0.8665609842519685
0
LINE
8
BLACK
6
CONTINUOUS
10
0.6962521653543307
20
0.8665609842519685
11
0.6962635039370079
21
0.8665765748031495
0
LINE
8
BLACK
6
CONTINUOUS
10
0.6962635039370079
20
0.8665765748031495
11
0.6962774015748031
21
0.8666140551181102
0
LINE
8
BLACK
6
CONTINUOUS
10
0.6962774015748031
20
0.8666140551181102
11
0.6975522440944881
21
0.8692387401574803
0
LINE
8
BLACK
6
CONTINUOUS
10
0.6975522440944881
20
0.8692387401574803
11
0.6977205905511811
21
0.869513188976378
0
LINE
8
BLACK
6
CONTINUOUS
10
0.6977205905511811
20
0.869513188976378
11
0.6977532677165355
21
0.8695953543307087
0
LINE
8
BLACK
6
CONTINUOUS
10
0.6977532677165355
20
0.8695953543307087
11
0.6978305118110236
21
0.8696923228346457
0
LINE
8
BLACK
6
CONTINUOUS
10
0.6978305118110236
20
0.8696923228346457
11
0.69789531496063
21
0.8697979133858268
0
LINE
8
BLACK
6
CONTINUOUS
10
0.69789531496063
20
0.8697979133858268
11
0.6979614173228347
21
0.8698566141732283
0
LINE
8
BLACK
6
CONTINUOUS
10
0.6979614173228347
20
0.8698566141732283
11
0.6981620866141732
21
0.8701084251968504
0
LINE
8
BLACK
6
CONTINUOUS
10
0.6981620866141732
20
0.8701084251968504
11
0.6994369291338582
21
0.8714207480314961
0
LINE
8
BLACK
6
CONTINUOUS
10
0.6994369291338582
20
0.8714207480314961
11
0.6996976377952756
21
0.8716411417322835
0
LINE
8
BLACK
6
CONTINUOUS
10
0.6996976377952756
20
0.8716411417322835
11
0.6997546850393701
21
0.8717084645669291
0
LINE
8
BLACK
6
CONTINUOUS
10
0.6997546850393701
20
0.8717084645669291
11
0.699850590551181
21
0.8717704330708661
0
LINE
8
BLACK
6
CONTINUOUS
10
0.699850590551181
20
0.8717704330708661
11
0.6999379527559055
21
0.8718442519685039
0
LINE
8
BLACK
6
CONTINUOUS
10
0.6999379527559055
20
0.8718442519685039
11
0.7000190551181102
21
0.8718792519685039
0
LINE
8
BLACK
6
CONTINUOUS
10
0.7000190551181102
20
0.8718792519685039
11
0.700305748031496
21
0.8720644094488189
0
LINE
8
BLACK
6
CONTINUOUS
10
0.700305748031496
20
0.8720644094488189
11
0.7028553937007874
21
0.8733767716535433
0
LINE
8
BLACK
6
CONTINUOUS
10
0.7028553937007874
20
0.8733767716535433
11
0.7034653149606299
21
0.8736183858267716
0
LINE
8
BLACK
6
CONTINUOUS
10
0.7034653149606299
20
0.8736183858267716
11
0.7036047244094488
21
0.8736299606299213
0
LINE
8
BLACK
6
CONTINUOUS
10
0.7036047244094488
20
0.8736299606299213
11
0.7037340551181103
21
0.8736835039370079
0
LINE
8
BLACK
6
CONTINUOUS
10
0.7037340551181103
20
0.8736835039370079
11
0.7043869291338583
21
0.8737477952755905
0
LINE
8
BLACK
6
CONTINUOUS
10
0.7043869291338583
20
0.8737477952755905
11
0.7069366141732283
21
0.8737477952755905
0
LINE
8
BLACK
6
CONTINUOUS
10
0.7069366141732283
20
0.8737477952755905
11
0.7075894881889764
21
0.8736835039370079
0
LINE
8
BLACK
6
CONTINUOUS
10
0.7038558661417322
20
0.8663642913385826
11
0.7033375196850393
21
0.8658307480314961
0
LINE
8
BLACK
6
CONTINUOUS
10
0.7033375196850393
20
0.8658307480314961
11
0.70245468503937
21
0.8640131102362204
0
LINE
8
BLACK
6
CONTINUOUS
10
0.70245468503937
20
0.8640131102362204
11
0.7013591732283464
21
0.8595021259842519
0
LINE
8
BLACK
6
CONTINUOUS
10
0.7013591732283464
20
0.8595021259842519
11
0.7013591732283464
21
0.8537414960629921
0
LINE
8
BLACK
6
CONTINUOUS
10
0.7013591732283464
20
0.8537414960629921
11
0.70245468503937
21
0.8492305118110236
0
LINE
8
BLACK
6
CONTINUOUS
10
0.70245468503937
20
0.8492305118110236
11
0.7033375196850393
21
0.8474128740157481
0
LINE
8
BLACK
6
CONTINUOUS
10
0.7033375196850393
20
0.8474128740157481
11
0.7038558267716535
21
0.8468793700787401
0
LINE
8
BLACK
6
CONTINUOUS
10
0.7038558267716535
20
0.8468793700787401
11
0.7051975984251968
21
0.8461887401574802
0
LINE
8
BLACK
6
CONTINUOUS
10
0.7051975984251968
20
0.8461887401574802
11
0.7061259448818897
21
0.8461887401574802
0
LINE
8
BLACK
6
CONTINUOUS
10
0.7061259448818897
20
0.8461887401574802
11
0.7074677559055118
21
0.8468794094488189
0
LINE
8
BLACK
6
CONTINUOUS
10
0.7074677559055118
20
0.8468794094488189
11
0.7079859448818897
21
0.8474128740157481
0
LINE
8
BLACK
6
CONTINUOUS
10
0.7079859448818897
20
0.8474128740157481
11
0.7088688188976378
21
0.8492305118110236
0
LINE
8
BLACK
6
CONTINUOUS
10
0.7088688188976378
20
0.8492305118110236
11
0.7099643700787401
21
0.8537414960629921
0
LINE
8
BLACK
6
CONTINUOUS
10
0.7099643700787401
20
0.8537414960629921
11
0.7099643700787401
21
0.8595021259842519
0
LINE
8
BLACK
6
CONTINUOUS
10
0.7099643700787401
20
0.8595021259842519
11
0.7088688188976378
21
0.8640131102362204
0
LINE
8
BLACK
6
CONTINUOUS
10
0.7088688188976378
20
0.8640131102362204
11
0.7079859448818897
21
0.8658307480314961
0
LINE
8
BLACK
6
CONTINUOUS
10
0.7079859448818897
20
0.8658307480314961
11
0.7074677165354331
21
0.8663642519685039
0
LINE
8
BLACK
6
CONTINUOUS
10
0.7074677165354331
20
0.8663642519685039
11
0.7061259448818897
21
0.8670548818897638
0
LINE
8
BLACK
6
CONTINUOUS
10
0.7061259448818897
20
0.8670548818897638
11
0.7051975984251968
21
0.8670548818897638
0
LINE
8
BLACK
6
CONTINUOUS
10
0.7051975984251968
20
0.8670548818897638
11
0.7038558661417322
21
0.8663642913385826
0
LINE
8
BLACK
6
CONTINUOUS
10
0.7406487401574803
20
0.8736920472440944
11
0.7406877165354331
21
0.8736925984251969
0
LINE
8
BLACK
6
CONTINUOUS
10
0.7406877165354331
20
0.8736925984251969
11
0.7407024409448819
21
0.8736867716535432
0
LINE
8
BLACK
6
CONTINUOUS
10
0.7407024409448819
20
0.8736867716535432
11
0.7407353543307087
21
0.8736835039370079
0
LINE
8
BLACK
6
CONTINUOUS
10
0.7407353543307087
20
0.8736835039370079
11
0.7413170866141732
21
0.8734425590551181
0
LINE
8
BLACK
6
CONTINUOUS
10
0.7413170866141732
20
0.8734425590551181
11
0.7419011417322835
21
0.8732104724409449
0
LINE
8
BLACK
6
CONTINUOUS
10
0.7419011417322835
20
0.8732104724409449
11
0.7419188582677165
21
0.8731932677165354
0
LINE
8
BLACK
6
CONTINUOUS
10
0.7419188582677165
20
0.8731932677165354
11
0.7419416535433071
21
0.8731838188976377
0
LINE
8
BLACK
6
CONTINUOUS
10
0.7419416535433071
20
0.8731838188976377
11
0.7423859448818897
21
0.8727395275590552
0
LINE
8
BLACK
6
CONTINUOUS
10
0.7423859448818897
20
0.8727395275590552
11
0.7428377559055118
21
0.8723006299212598
0
LINE
8
BLACK
6
CONTINUOUS
10
0.7428377559055118
20
0.8723006299212598
11
0.7428475196850394
21
0.8722779527559055
0
LINE
8
BLACK
6
CONTINUOUS
10
0.7428475196850394
20
0.8722779527559055
11
0.7428649606299212
21
0.8722605118110236
0
LINE
8
BLACK
6
CONTINUOUS
10
0.7428649606299212
20
0.8722605118110236
11
0.743105905511811
21
0.8716788188976378
0
LINE
8
BLACK
6
CONTINUOUS
10
0.743105905511811
20
0.8716788188976378
11
0.7433548031496063
21
0.8711016929133858
0
LINE
8
BLACK
6
CONTINUOUS
10
0.7433548031496063
20
0.8711016929133858
11
0.743355157480315
21
0.8710771259842519
0
LINE
8
BLACK
6
CONTINUOUS
10
0.743355157480315
20
0.8710771259842519
11
0.7433646456692913
21
0.8710542125984252
0
LINE
8
BLACK
6
CONTINUOUS
10
0.7433646456692913
20
0.8710542125984252
11
0.7433646456692913
21
0.8704231496062992
0
LINE
8
BLACK
6
CONTINUOUS
10
0.7433646456692913
20
0.8704231496062992
11
0.7433737401574803
21
0.8697961023622047
0
LINE
8
BLACK
6
CONTINUOUS
10
0.7433737401574803
20
0.8697961023622047
11
0.7433646456692913
21
0.8697732283464567
0
LINE
8
BLACK
6
CONTINUOUS
10
0.7433646456692913
20
0.8697732283464567
11
0.7433646456692913
21
0.8697484645669291
0
LINE
8
BLACK
6
CONTINUOUS
10
0.7433646456692913
20
0.8697484645669291
11
0.7431236614173228
21
0.8691667322834645
0
LINE
8
BLACK
6
CONTINUOUS
10
0.7431236614173228
20
0.8691667322834645
11
0.7428916141732284
21
0.8685826771653543
0
LINE
8
BLACK
6
CONTINUOUS
10
0.7428916141732284
20
0.8685826771653543
11
0.7428710236220473
21
0.8685568897637795
0
LINE
8
BLACK
6
CONTINUOUS
10
0.7428710236220473
20
0.8685568897637795
11
0.7428649606299212
21
0.8685421653543307
0
LINE
8
BLACK
6
CONTINUOUS
10
0.7428649606299212
20
0.8685421653543307
11
0.7428372834645669
21
0.8685145275590551
0
LINE
8
BLACK
6
CONTINUOUS
10
0.7428372834645669
20
0.8685145275590551
11
0.7424828346456692
21
0.8680695669291338
0
LINE
8
BLACK
6
CONTINUOUS
10
0.7424828346456692
20
0.8680695669291338
11
0.727727874015748
21
0.8528807086614173
0
LINE
8
BLACK
6
CONTINUOUS
10
0.727727874015748
20
0.8528807086614173
11
0.7268559842519685
21
0.8501880314960629
0
LINE
8
BLACK
6
CONTINUOUS
10
0.7268559842519685
20
0.8501880314960629
11
0.7268559842519685
21
0.8488613385826771
0
LINE
8
BLACK
6
CONTINUOUS
10
0.7268559842519685
20
0.8488613385826771
11
0.7275594881889763
21
0.8474128740157481
0
LINE
8
BLACK
6
CONTINUOUS
10
0.7275594881889763
20
0.8474128740157481
11
0.7280777952755906
21
0.8468793700787401
0
LINE
8
BLACK
6
CONTINUOUS
10
0.7280777952755906
20
0.8468793700787401
11
0.7294195669291338
21
0.8461887401574802
0
LINE
8
BLACK
6
CONTINUOUS
10
0.7294195669291338
20
0.8461887401574802
11
0.7341724409448819
21
0.8461887401574802
0
LINE
8
BLACK
6
CONTINUOUS
10
0.7341724409448819
20
0.8461887401574802
11
0.735514251968504
21
0.8468794094488189
0
LINE
8
BLACK
6
CONTINUOUS
10
0.735514251968504
20
0.8468794094488189
11
0.7364073228346456
21
0.8477987007874016
0
LINE
8
BLACK
6
CONTINUOUS
10
0.7364073228346456
20
0.8477987007874016
11
0.7369083464566929
21
0.8482222047244095
0
LINE
8
BLACK
6
CONTINUOUS
10
0.7369083464566929
20
0.8482222047244095
11
0.7381072834645669
21
0.8487392913385826
0
LINE
8
BLACK
6
CONTINUOUS
10
0.7381072834645669
20
0.8487392913385826
11
0.7394129133858267
21
0.8487581889763779
0
LINE
8
BLACK
6
CONTINUOUS
10
0.7394129133858267
20
0.8487581889763779
11
0.7406263385826771
21
0.848276062992126
0
LINE
8
BLACK
6
CONTINUOUS
10
0.7406263385826771
20
0.848276062992126
11
0.7415629133858268
21
0.8473662204724409
0
LINE
8
BLACK
6
CONTINUOUS
10
0.7415629133858268
20
0.8473662204724409
11
0.74208
21
0.8461672834645669
0
LINE
8
BLACK
6
CONTINUOUS
10
0.74208
20
0.8461672834645669
11
0.7420988976377952
21
0.8448616535433071
0
LINE
8
BLACK
6
CONTINUOUS
10
0.7420988976377952
20
0.8448616535433071
11
0.7416167716535433
21
0.8436482677165354
0
LINE
8
BLACK
6
CONTINUOUS
10
0.7416167716535433
20
0.8436482677165354
11
0.7412079921259842
21
0.843135157480315
0
LINE
8
BLACK
6
CONTINUOUS
10
0.7412079921259842
20
0.843135157480315
11
0.7399331102362204
21
0.8418228346456693
0
LINE
8
BLACK
6
CONTINUOUS
10
0.7399331102362204
20
0.8418228346456693
11
0.7396724803149606
21
0.841602559055118
0
LINE
8
BLACK
6
CONTINUOUS
10
0.7396724803149606
20
0.841602559055118
11
0.7396153543307087
21
0.8415350787401574
0
LINE
8
BLACK
6
CONTINUOUS
10
0.7396153543307087
20
0.8415350787401574
11
0.7395192125984252
21
0.841473031496063
0
LINE
8
BLACK
6
CONTINUOUS
10
0.7395192125984252
20
0.841473031496063
11
0.7394320866141733
21
0.8413993307086614
0
LINE
8
BLACK
6
CONTINUOUS
10
0.7394320866141733
20
0.8413993307086614
11
0.7393510629921259
21
0.8413644094488189
0
LINE
8
BLACK
6
CONTINUOUS
10
0.7393510629921259
20
0.8413644094488189
11
0.7390642519685039
21
0.8411791338582677
0
LINE
8
BLACK
6
CONTINUOUS
10
0.7390642519685039
20
0.8411791338582677
11
0.7365145669291339
21
0.839866811023622
0
LINE
8
BLACK
6
CONTINUOUS
10
0.7365145669291339
20
0.839866811023622
11
0.7359046456692914
21
0.8396251968503937
0
LINE
8
BLACK
6
CONTINUOUS
10
0.7359046456692914
20
0.8396251968503937
11
0.7357651968503937
21
0.8396136614173229
0
LINE
8
BLACK
6
CONTINUOUS
10
0.7357651968503937
20
0.8396136614173229
11
0.7356359842519685
21
0.8395601181102362
0
LINE
8
BLACK
6
CONTINUOUS
10
0.7356359842519685
20
0.8395601181102362
11
0.7349831102362204
21
0.8394958267716536
0
LINE
8
BLACK
6
CONTINUOUS
10
0.7349831102362204
20
0.8394958267716536
11
0.7286088976377952
21
0.8394958267716536
0
LINE
8
BLACK
6
CONTINUOUS
10
0.7286088976377952
20
0.8394958267716536
11
0.7279560236220473
21
0.8395601181102362
0
LINE
8
BLACK
6
CONTINUOUS
10
0.7279560236220473
20
0.8395601181102362
11
0.7278267716535433
21
0.8396136614173229
0
LINE
8
BLACK
6
CONTINUOUS
10
0.7278267716535433
20
0.8396136614173229
11
0.7276873622047244
21
0.8396251968503937
0
LINE
8
BLACK
6
CONTINUOUS
10
0.7276873622047244
20
0.8396251968503937
11
0.7270774409448819
21
0.839866811023622
0
LINE
8
BLACK
6
CONTINUOUS
10
0.7270774409448819
20
0.839866811023622
11
0.7245277559055118
21
0.8411791338582677
0
LINE
8
BLACK
6
CONTINUOUS
10
0.7245277559055118
20
0.8411791338582677
11
0.724240905511811
21
0.8413644094488189
0
LINE
8
BLACK
6
CONTINUOUS
10
0.724240905511811
20
0.8413644094488189
11
0.7241599212598425
21
0.8413993307086614
0
LINE
8
BLACK
6
CONTINUOUS
10
0.7241599212598425
20
0.8413993307086614
11
0.7240727559055118
21
0.841473031496063
0
LINE
8
BLACK
6
CONTINUOUS
10
0.7240727559055118
20
0.841473031496063
11
0.7239766535433071
21
0.8415350787401574
0
LINE
8
BLACK
6
CONTINUOUS
10
0.7239766535433071
20
0.8415350787401574
11
0.7239194881889763
21
0.841602559055118
0
LINE
8
BLACK
6
CONTINUOUS
10
0.7239194881889763
20
0.841602559055118
11
0.7236588976377952
21
0.8418228346456693
0
LINE
8
BLACK
6
CONTINUOUS
10
0.7236588976377952
20
0.8418228346456693
11
0.7223840551181102
21
0.843135157480315
0
LINE
8
BLACK
6
CONTINUOUS
10
0.7223840551181102
20
0.843135157480315
11
0.7221833858267717
21
0.8433870078740158
0
LINE
8
BLACK
6
CONTINUOUS
10
0.7221833858267717
20
0.8433870078740158
11
0.7221172834645669
21
0.8434456692913386
0
LINE
8
BLACK
6
CONTINUOUS
10
0.7221172834645669
20
0.8434456692913386
11
0.7220524803149606
21
0.8435512992125984
0
LINE
8
BLACK
6
CONTINUOUS
10
0.7220524803149606
20
0.8435512992125984
11
0.7219752362204724
21
0.8436482283464567
0
LINE
8
BLACK
6
CONTINUOUS
10
0.7219752362204724
20
0.8436482283464567
11
0.7219425590551181
21
0.8437304330708661
0
LINE
8
BLACK
6
CONTINUOUS
10
0.7219425590551181
20
0.8437304330708661
11
0.7217742125984252
21
0.844004842519685
0
LINE
8
BLACK
6
CONTINUOUS
10
0.7217742125984252
20
0.844004842519685
11
0.7204993700787401
21
0.8466295275590551
0
LINE
8
BLACK
6
CONTINUOUS
10
0.7204993700787401
20
0.8466295275590551
11
0.7202719291338583
21
0.8472448818897638
0
LINE
8
BLACK
6
CONTINUOUS
10
0.7202719291338583
20
0.8472448818897638
11
0.720265905511811
21
0.8473456299212598
0
LINE
8
BLACK
6
CONTINUOUS
10
0.720265905511811
20
0.8473456299212598
11
0.7202273622047244
21
0.8474387401574803
0
LINE
8
BLACK
6
CONTINUOUS
10
0.7202273622047244
20
0.8474387401574803
11
0.7201630708661417
21
0.8480916141732283
0
LINE
8
BLACK
6
CONTINUOUS
10
0.7201630708661417
20
0.8480916141732283
11
0.7201630708661417
21
0.8507162992125984
0
LINE
8
BLACK
6
CONTINUOUS
10
0.7201630708661417
20
0.8507162992125984
11
0.7201928346456693
21
0.8510187401574802
0
LINE
8
BLACK
6
CONTINUOUS
10
0.7201928346456693
20
0.8510187401574802
11
0.7201858661417323
21
0.8511062992125984
0
LINE
8
BLACK
6
CONTINUOUS
10
0.7201858661417323
20
0.8511062992125984
11
0.7202142913385826
21
0.8512364960629921
0
LINE
8
BLACK
6
CONTINUOUS
10
0.7202142913385826
20
0.8512364960629921
11
0.7202273622047244
21
0.8513691732283465
0
LINE
8
BLACK
6
CONTINUOUS
10
0.7202273622047244
20
0.8513691732283465
11
0.7202609842519685
21
0.8514504330708661
0
LINE
8
BLACK
6
CONTINUOUS
10
0.7202609842519685
20
0.8514504330708661
11
0.7203258267716536
21
0.8517472047244095
0
LINE
8
BLACK
6
CONTINUOUS
10
0.7203258267716536
20
0.8517472047244095
11
0.7216006692913386
21
0.8556842125984252
0
LINE
8
BLACK
6
CONTINUOUS
10
0.7216006692913386
20
0.8556842125984252
11
0.7218629527559055
21
0.8562855511811024
0
LINE
8
BLACK
6
CONTINUOUS
10
0.7218629527559055
20
0.8562855511811024
11
0.7219345275590551
21
0.8563695669291338
0
LINE
8
BLACK
6
CONTINUOUS
10
0.7219345275590551
20
0.8563695669291338
11
0.7219752362204724
21
0.856471968503937
0
LINE
8
BLACK
6
CONTINUOUS
10
0.7219752362204724
20
0.856471968503937
11
0.7223840157480315
21
0.8569850787401575
0
LINE
8
BLACK
6
CONTINUOUS
10
0.7223840157480315
20
0.8569850787401575
11
0.7321661417322834
21
0.8670548818897638
0
LINE
8
BLACK
6
CONTINUOUS
10
0.7321661417322834
20
0.8670548818897638
11
0.7235095275590551
21
0.8670548818897638
0
LINE
8
BLACK
6
CONTINUOUS
10
0.7235095275590551
20
0.8670548818897638
11
0.7228566535433071
21
0.8671191732283464
0
LINE
8
BLACK
6
CONTINUOUS
10
0.7228566535433071
20
0.8671191732283464
11
0.7216503543307087
21
0.8676188582677166
0
LINE
8
BLACK
6
CONTINUOUS
10
0.7216503543307087
20
0.8676188582677166
11
0.7207270472440944
21
0.8685421653543307
0
LINE
8
BLACK
6
CONTINUOUS
10
0.7207270472440944
20
0.8685421653543307
11
0.7202273622047244
21
0.8697484645669291
0
LINE
8
BLACK
6
CONTINUOUS
10
0.7202273622047244
20
0.8697484645669291
11
0.7202273622047244
21
0.8710542125984252
0
LINE
8
BLACK
6
CONTINUOUS
10
0.7202273622047244
20
0.8710542125984252
11
0.7207270472440944
21
0.8722605118110236
0
LINE
8
BLACK
6
CONTINUOUS
10
0.7207270472440944
20
0.8722605118110236
11
0.7216503543307087
21
0.8731838188976377
0
LINE
8
BLACK
6
CONTINUOUS
10
0.7216503543307087
20
0.8731838188976377
11
0.7228566535433071
21
0.8736835039370079
0
LINE
8
BLACK
6
CONTINUOUS
10
0.7228566535433071
20
0.8736835039370079
11
0.7235095275590551
21
0.8737477952755905
0
LINE
8
BLACK
6
CONTINUOUS
10
0.7235095275590551
20
0.8737477952755905
11
0.7400824803149606
21
0.8737477952755905
0
LINE
8
BLACK
6
CONTINUOUS
10
0.7400824803149606
20
0.8737477952755905
11
0.7406487401574803
21
0.8736920472440944
0
LINE
8
BLACK
6
CONTINUOUS
10
0.2523276377952756
20
0.8736184251968504
11
0.2529375590551181
21
0.8733767716535433
0
LINE
8
BLACK
6
CONTINUOUS
10
0.2529375590551181
20
0.8733767716535433
11
0.2554872440944882
21
0.8720644094488189
0
LINE
8
BLACK
6
CONTINUOUS
10
0.2554872440944882
20
0.8720644094488189
11
0.2555951181102362
21
0.8719947244094488
0
LINE
8
BLACK
6
CONTINUOUS
10
0.2555951181102362
20
0.8719947244094488
11
0.2556462992125984
21
0.8719770078740158
0
LINE
8
BLACK
6
CONTINUOUS
10
0.2556462992125984
20
0.8719770078740158
11
0.2557097244094488
21
0.8719207086614174
0
LINE
8
BLACK
6
CONTINUOUS
10
0.2557097244094488
20
0.8719207086614174
11
0.2560383070866142
21
0.8717084645669291
0
LINE
8
BLACK
6
CONTINUOUS
10
0.2560383070866142
20
0.8717084645669291
11
0.2563092519685039
21
0.8713885826771653
0
LINE
8
BLACK
6
CONTINUOUS
10
0.2563092519685039
20
0.8713885826771653
11
0.2566228346456693
21
0.8711102362204725
0
LINE
8
BLACK
6
CONTINUOUS
10
0.2566228346456693
20
0.8711102362204725
11
0.2568273622047244
21
0.8707768897637795
0
LINE
8
BLACK
6
CONTINUOUS
10
0.2568273622047244
20
0.8707768897637795
11
0.2568822047244094
21
0.870712125984252
0
LINE
8
BLACK
6
CONTINUOUS
10
0.2568822047244094
20
0.870712125984252
11
0.2568987007874016
21
0.8706605905511811
0
LINE
8
BLACK
6
CONTINUOUS
10
0.2568987007874016
20
0.8706605905511811
11
0.256965905511811
21
0.8705510629921259
0
LINE
8
BLACK
6
CONTINUOUS
10
0.256965905511811
20
0.8705510629921259
11
0.258240748031496
21
0.8679264173228346
0
LINE
8
BLACK
6
CONTINUOUS
10
0.258240748031496
20
0.8679264173228346
11
0.2584681496062992
21
0.867311062992126
0
LINE
8
BLACK
6
CONTINUOUS
10
0.2584681496062992
20
0.867311062992126
11
0.2584741338582677
21
0.8672104330708661
0
LINE
8
BLACK
6
CONTINUOUS
10
0.2584741338582677
20
0.8672104330708661
11
0.2585127559055118
21
0.8671172047244095
0
LINE
8
BLACK
6
CONTINUOUS
10
0.2585127559055118
20
0.8671172047244095
11
0.2585770472440945
21
0.8664643307086614
0
LINE
8
BLACK
6
CONTINUOUS
10
0.2585770472440945
20
0.8664643307086614
11
0.2585770472440945
21
0.8428422834645669
0
LINE
8
BLACK
6
CONTINUOUS
10
0.2585770472440945
20
0.8428422834645669
11
0.2585127559055118
21
0.8421894094488189
0
LINE
8
BLACK
6
CONTINUOUS
10
0.2585127559055118
20
0.8421894094488189
11
0.2580130708661417
21
0.8409831102362204
0
LINE
8
BLACK
6
CONTINUOUS
10
0.2580130708661417
20
0.8409831102362204
11
0.2570897637795276
21
0.8400598031496063
0
LINE
8
BLACK
6
CONTINUOUS
10
0.2570897637795276
20
0.8400598031496063
11
0.2558834645669291
21
0.8395601181102362
0
LINE
8
BLACK
6
CONTINUOUS
10
0.2558834645669291
20
0.8395601181102362
11
0.254577716535433
21
0.8395601181102362
0
LINE
8
BLACK
6
CONTINUOUS
10
0.254577716535433
20
0.8395601181102362
11
0.2533714173228346
21
0.8400598031496063
0
LINE
8
BLACK
6
CONTINUOUS
10
0.2533714173228346
20
0.8400598031496063
11
0.2524481102362205
21
0.8409831102362204
0
LINE
8
BLACK
6
CONTINUOUS
10
0.2524481102362205
20
0.8409831102362204
11
0.2519484251968504
21
0.8421894094488189
0
LINE
8
BLACK
6
CONTINUOUS
10
0.2519484251968504
20
0.8421894094488189
11
0.2518841338582677
21
0.8428422834645669
0
LINE
8
BLACK
6
CONTINUOUS
10
0.2518841338582677
20
0.8428422834645669
11
0.2518841338582677
21
0.8656946456692913
0
LINE
8
BLACK
6
CONTINUOUS
10
0.2518841338582677
20
0.8656946456692913
11
0.2514327559055118
21
0.8666238582677165
0
LINE
8
BLACK
6
CONTINUOUS
10
0.2514327559055118
20
0.8666238582677165
11
0.2498745669291338
21
0.867425905511811
0
LINE
8
BLACK
6
CONTINUOUS
10
0.2498745669291338
20
0.867425905511811
11
0.2493235039370079
21
0.8677818503937008
0
LINE
8
BLACK
6
CONTINUOUS
10
0.2493235039370079
20
0.8677818503937008
11
0.2484796062992126
21
0.8687781889763779
0
LINE
8
BLACK
6
CONTINUOUS
10
0.2484796062992126
20
0.8687781889763779
11
0.2480812204724409
21
0.8700216929133858
0
LINE
8
BLACK
6
CONTINUOUS
10
0.2480812204724409
20
0.8700216929133858
11
0.2481889763779528
21
0.8713229133858268
0
LINE
8
BLACK
6
CONTINUOUS
10
0.2481889763779528
20
0.8713229133858268
11
0.2487865748031496
21
0.8724838976377952
0
LINE
8
BLACK
6
CONTINUOUS
10
0.2487865748031496
20
0.8724838976377952
11
0.2497829133858268
21
0.8733277952755906
0
LINE
8
BLACK
6
CONTINUOUS
10
0.2497829133858268
20
0.8733277952755906
11
0.2510264173228346
21
0.8737261811023622
0
LINE
8
BLACK
6
CONTINUOUS
10
0.2510264173228346
20
0.8737261811023622
11
0.2523276377952756
21
0.8736184251968504
0
LINE
8
BLACK
6
CONTINUOUS
10
0.3310990157480315
20
0.8736835039370079
11
0.3312282283464567
21
0.87363
0
LINE
8
BLACK
6
CONTINUOUS
10
0.3312282283464567
20
0.87363
11
0.3313677165354331
21
0.8736184251968504
0
LINE
8
BLACK
6
CONTINUOUS
10
0.3313677165354331
20
0.8736184251968504
11
0.3319776377952756
21
0.8733767716535433
0
LINE
8
BLACK
6
CONTINUOUS
10
0.3319776377952756
20
0.8733767716535433
11
0.3345273228346456
21
0.8720644094488189
0
LINE
8
BLACK
6
CONTINUOUS
10
0.3345273228346456
20
0.8720644094488189
11
0.3348139763779527
21
0.8718792519685039
0
LINE
8
BLACK
6
CONTINUOUS
10
0.3348139763779527
20
0.8718792519685039
11
0.3348951181102362
21
0.8718442519685039
0
LINE
8
BLACK
6
CONTINUOUS
10
0.3348951181102362
20
0.8718442519685039
11
0.3349824409448819
21
0.8717704330708661
0
LINE
8
BLACK
6
CONTINUOUS
10
0.3349824409448819
20
0.8717704330708661
11
0.3350783858267716
21
0.8717084645669291
0
LINE
8
BLACK
6
CONTINUOUS
10
0.3350783858267716
20
0.8717084645669291
11
0.3351353937007874
21
0.8716411417322835
0
LINE
8
BLACK
6
CONTINUOUS
10
0.3351353937007874
20
0.8716411417322835
11
0.3353961417322834
21
0.8714207480314961
0
LINE
8
BLACK
6
CONTINUOUS
10
0.3353961417322834
20
0.8714207480314961
11
0.3366710236220473
21
0.8701084251968504
0
LINE
8
BLACK
6
CONTINUOUS
10
0.3366710236220473
20
0.8701084251968504
11
0.3368716535433071
21
0.8698566141732283
0
LINE
8
BLACK
6
CONTINUOUS
10
0.3368716535433071
20
0.8698566141732283
11
0.3369377559055118
21
0.8697979133858268
0
LINE
8
BLACK
6
CONTINUOUS
10
0.3369377559055118
20
0.8697979133858268
11
0.3370025984251969
21
0.8696922440944882
0
LINE
8
BLACK
6
CONTINUOUS
10
0.3370025984251969
20
0.8696922440944882
11
0.3370798031496063
21
0.8695953149606299
0
LINE
8
BLACK
6
CONTINUOUS
10
0.3370798031496063
20
0.8695953149606299
11
0.3371124015748032
21
0.8695132283464567
0
LINE
8
BLACK
6
CONTINUOUS
10
0.3371124015748032
20
0.8695132283464567
11
0.3372808267716536
21
0.8692387401574803
0
LINE
8
BLACK
6
CONTINUOUS
10
0.3372808267716536
20
0.8692387401574803
11
0.3385556692913386
21
0.8666140551181102
0
LINE
8
BLACK
6
CONTINUOUS
10
0.3385556692913386
20
0.8666140551181102
11
0.3387831102362205
21
0.8659987007874016
0
LINE
8
BLACK
6
CONTINUOUS
10
0.3387831102362205
20
0.8659987007874016
11
0.3387890944881889
21
0.8658979921259843
0
LINE
8
BLACK
6
CONTINUOUS
10
0.3387890944881889
20
0.8658979921259843
11
0.3388276771653543
21
0.865804842519685
0
LINE
8
BLACK
6
CONTINUOUS
10
0.3388276771653543
20
0.865804842519685
11
0.338891968503937
21
0.8651519685039369
0
LINE
8
BLACK
6
CONTINUOUS
10
0.338891968503937
20
0.8651519685039369
11
0.338891968503937
21
0.8572779527559055
0
LINE
8
BLACK
6
CONTINUOUS
10
0.338891968503937
20
0.8572779527559055
11
0.3388276771653543
21
0.8566250787401575
0
LINE
8
BLACK
6
CONTINUOUS
10
0.3388276771653543
20
0.8566250787401575
11
0.3387890551181102
21
0.8565318897637795
0
LINE
8
BLACK
6
CONTINUOUS
10
0.3387890551181102
20
0.8565318897637795
11
0.3387830708661417
21
0.8564312204724409
0
LINE
8
BLACK
6
CONTINUOUS
10
0.3387830708661417
20
0.8564312204724409
11
0.3385556692913386
21
0.8558158661417322
0
LINE
8
BLACK
6
CONTINUOUS
10
0.3385556692913386
20
0.8558158661417322
11
0.3372808267716536
21
0.8531912204724409
0
LINE
8
BLACK
6
CONTINUOUS
10
0.3372808267716536
20
0.8531912204724409
11
0.3371124015748032
21
0.8529167322834645
0
LINE
8
BLACK
6
CONTINUOUS
10
0.3371124015748032
20
0.8529167322834645
11
0.3370798031496063
21
0.8528346456692913
0
LINE
8
BLACK
6
CONTINUOUS
10
0.3370798031496063
20
0.8528346456692913
11
0.3370025984251969
21
0.8527377559055118
0
LINE
8
BLACK
6
CONTINUOUS
10
0.3370025984251969
20
0.8527377559055118
11
0.3369377559055118
21
0.8526320472440945
0
LINE
8
BLACK
6
CONTINUOUS
10
0.3369377559055118
20
0.8526320472440945
11
0.3368716535433071
21
0.8525733858267717
0
LINE
8
BLACK
6
CONTINUOUS
10
0.3368716535433071
20
0.8525733858267717
11
0.3366710236220473
21
0.8523215354330709
0
LINE
8
BLACK
6
CONTINUOUS
10
0.3366710236220473
20
0.8523215354330709
11
0.3353961811023622
21
0.8510092125984252
0
LINE
8
BLACK
6
CONTINUOUS
10
0.3353961811023622
20
0.8510092125984252
11
0.3351355118110236
21
0.8507889370078739
0
LINE
8
BLACK
6
CONTINUOUS
10
0.3351355118110236
20
0.8507889370078739
11
0.3350783858267716
21
0.8507214173228346
0
LINE
8
BLACK
6
CONTINUOUS
10
0.3350783858267716
20
0.8507214173228346
11
0.3349822440944882
21
0.8506593307086614
0
LINE
8
BLACK
6
CONTINUOUS
10
0.3349822440944882
20
0.8506593307086614
11
0.334895157480315
21
0.8505857086614173
0
LINE
8
BLACK
6
CONTINUOUS
10
0.334895157480315
20
0.8505857086614173
11
0.3348142125984252
21
0.8505508267716535
0
LINE
8
BLACK
6
CONTINUOUS
10
0.3348142125984252
20
0.8505508267716535
11
0.3345272834645669
21
0.8503654724409448
0
LINE
8
BLACK
6
CONTINUOUS
10
0.3345272834645669
20
0.8503654724409448
11
0.3319775984251969
21
0.8490531496062992
0
LINE
8
BLACK
6
CONTINUOUS
10
0.3319775984251969
20
0.8490531496062992
11
0.3313676771653543
21
0.8488115354330709
0
LINE
8
BLACK
6
CONTINUOUS
10
0.3313676771653543
20
0.8488115354330709
11
0.3312282283464567
21
0.8488
0
LINE
8
BLACK
6
CONTINUOUS
10
0.3312282283464567
20
0.8488
11
0.3310990157480315
21
0.8487464566929134
0
LINE
8
BLACK
6
CONTINUOUS
10
0.3310990157480315
20
0.8487464566929134
11
0.3304461417322835
21
0.8486821653543307
0
LINE
8
BLACK
6
CONTINUOUS
10
0.3304461417322835
20
0.8486821653543307
11
0.3261435433070866
21
0.8486821653543307
0
LINE
8
BLACK
6
CONTINUOUS
10
0.3261435433070866
20
0.8486821653543307
11
0.3261435433070866
21
0.8428422834645669
0
LINE
8
BLACK
6
CONTINUOUS
10
0.3261435433070866
20
0.8428422834645669
11
0.3260792519685039
21
0.8421894094488189
0
LINE
8
BLACK
6
CONTINUOUS
10
0.3260792519685039
20
0.8421894094488189
11
0.3255795669291339
21
0.8409831102362204
0
LINE
8
BLACK
6
CONTINUOUS
10
0.3255795669291339
20
0.8409831102362204
11
0.3246562598425197
21
0.8400598031496063
0
LINE
8
BLACK
6
CONTINUOUS
10
0.3246562598425197
20
0.8400598031496063
11
0.3234499606299213
21
0.8395601181102362
0
LINE
8
BLACK
6
CONTINUOUS
10
0.3234499606299213
20
0.8395601181102362
11
0.3221442125984252
21
0.8395601181102362
0
LINE
8
BLACK
6
CONTINUOUS
10
0.3221442125984252
20
0.8395601181102362
11
0.3209379133858268
21
0.8400598031496063
0
LINE
8
BLACK
6
CONTINUOUS
10
0.3209379133858268
20
0.8400598031496063
11
0.3200146062992126
21
0.8409831102362204
0
LINE
8
BLACK
6
CONTINUOUS
10
0.3200146062992126
20
0.8409831102362204
11
0.3195149212598425
21
0.8421894094488189
0
LINE
8
BLACK
6
CONTINUOUS
10
0.3195149212598425
20
0.8421894094488189
11
0.3194506299212598
21
0.8428422834645669
0
LINE
8
BLACK
6
CONTINUOUS
10
0.3194506299212598
20
0.8428422834645669
11
0.3194506299212598
21
0.8704013385826771
0
LINE
8
BLACK
6
CONTINUOUS
10
0.3194506299212598
20
0.8704013385826771
11
0.3195149212598425
21
0.8710542125984252
0
LINE
8
BLACK
6
CONTINUOUS
10
0.3195149212598425
20
0.8710542125984252
11
0.3200146062992126
21
0.8722605118110236
0
LINE
8
BLACK
6
CONTINUOUS
10
0.3200146062992126
20
0.8722605118110236
11
0.3209379133858268
21
0.8731838188976377
0
LINE
8
BLACK
6
CONTINUOUS
10
0.3209379133858268
20
0.8731838188976377
11
0.3221442125984252
21
0.8736835039370079
0
LINE
8
BLACK
6
CONTINUOUS
10
0.3221442125984252
20
0.8736835039370079
11
0.3234499606299213
21
0.8736835039370079
0
LINE
8
BLACK
6
CONTINUOUS
10
0.3234499606299213
20
0.8736835039370079
11
0.3240070078740158
21
0.8734527559055117
0
LINE
8
BLACK
6
CONTINUOUS
10
0.3240070078740158
20
0.8734527559055117
11
0.324425157480315
21
0.8736183858267716
0
LINE
8
BLACK
6
CONTINUOUS
10
0.324425157480315
20
0.8736183858267716
11
0.3245645669291338
21
0.8736299606299213
0
LINE
8
BLACK
6
CONTINUOUS
10
0.3245645669291338
20
0.8736299606299213
11
0.3246938976377953
21
0.8736835039370079
0
LINE
8
BLACK
6
CONTINUOUS
10
0.3246938976377953
20
0.8736835039370079
11
0.3253467716535433
21
0.8737477952755905
0
LINE
8
BLACK
6
CONTINUOUS
10
0.3253467716535433
20
0.8737477952755905
11
0.3304461417322835
21
0.8737477952755905
0
LINE
8
BLACK
6
CONTINUOUS
10
0.3304461417322835
20
0.8737477952755905
11
0.3310990157480315
21
0.8736835039370079
0
LINE
8
BLACK
6
CONTINUOUS
10
0.3261435433070866
20
0.8670477559055118
11
0.3261435433070866
21
0.8553822440944882
0
LINE
8
BLACK
6
CONTINUOUS
10
0.3261435433070866
20
0.8553822440944882
11
0.3261574409448819
21
0.8553750787401575
0
LINE
8
BLACK
6
CONTINUOUS
10
0.3261574409448819
20
0.8553750787401575
11
0.3296354724409449
21
0.8553750787401575
0
LINE
8
BLACK
6
CONTINUOUS
10
0.3296354724409449
20
0.8553750787401575
11
0.3309772047244094
21
0.8560657086614173
0
LINE
8
BLACK
6
CONTINUOUS
10
0.3309772047244094
20
0.8560657086614173
11
0.3314955118110236
21
0.8565992913385827
0
LINE
8
BLACK
6
CONTINUOUS
10
0.3314955118110236
20
0.8565992913385827
11
0.3321990551181102
21
0.8580476771653543
0
LINE
8
BLACK
6
CONTINUOUS
10
0.3321990551181102
20
0.8580476771653543
11
0.3321990551181102
21
0.8643822834645669
0
LINE
8
BLACK
6
CONTINUOUS
10
0.3321990551181102
20
0.8643822834645669
11
0.3314954724409448
21
0.8658307480314961
0
LINE
8
BLACK
6
CONTINUOUS
10
0.3314954724409448
20
0.8658307480314961
11
0.3309772440944882
21
0.8663642519685039
0
LINE
8
BLACK
6
CONTINUOUS
10
0.3309772440944882
20
0.8663642519685039
11
0.3296354724409449
21
0.8670548818897638
0
LINE
8
BLACK
6
CONTINUOUS
10
0.3296354724409449
20
0.8670548818897638
11
0.3261574409448819
21
0.8670548818897638
0
LINE
8
BLACK
6
CONTINUOUS
10
0.3261574409448819
20
0.8670548818897638
11
0.3261435433070866
21
0.8670477559055118
0
LINE
8
BLACK
6
CONTINUOUS
10
0.3973221653543307
20
0.8731838188976377
11
0.3982454724409449
21
0.8722605118110236
0
LINE
8
BLACK
6
CONTINUOUS
10
0.3982454724409449
20
0.8722605118110236
11
0.398745157480315
21
0.8710542125984252
0
LINE
8
BLACK
6
CONTINUOUS
10
0.398745157480315
20
0.8710542125984252
11
0.3988094488188976
21
0.8704013385826771
0
LINE
8
BLACK
6
CONTINUOUS
10
0.3988094488188976
20
0.8704013385826771
11
0.3988094488188976
21
0.8567353543307087
0
LINE
8
BLACK
6
CONTINUOUS
10
0.3988094488188976
20
0.8567353543307087
11
0.3992607874015748
21
0.8558061023622047
0
LINE
8
BLACK
6
CONTINUOUS
10
0.3992607874015748
20
0.8558061023622047
11
0.4000981889763779
21
0.8553750787401575
0
LINE
8
BLACK
6
CONTINUOUS
10
0.4000981889763779
20
0.8553750787401575
11
0.4023013779527559
21
0.8553750787401575
0
LINE
8
BLACK
6
CONTINUOUS
10
0.4023013779527559
20
0.8553750787401575
11
0.4035901181102362
21
0.8560384251968504
0
LINE
8
BLACK
6
CONTINUOUS
10
0.4035901181102362
20
0.8560384251968504
11
0.4035901181102362
21
0.8704013385826771
0
LINE
8
BLACK
6
CONTINUOUS
10
0.4035901181102362
20
0.8704013385826771
11
0.4036544094488189
21
0.8710542125984252
0
LINE
8
BLACK
6
CONTINUOUS
10
0.4036544094488189
20
0.8710542125984252
11
0.404154094488189
21
0.8722605118110236
0
LINE
8
BLACK
6
CONTINUOUS
10
0.404154094488189
20
0.8722605118110236
11
0.4050774015748032
21
0.8731838188976377
0
LINE
8
BLACK
6
CONTINUOUS
10
0.4050774015748032
20
0.8731838188976377
11
0.4062837007874016
21
0.8736835039370079
0
LINE
8
BLACK
6
CONTINUOUS
10
0.4062837007874016
20
0.8736835039370079
11
0.4075894488188976
21
0.8736835039370079
0
LINE
8
BLACK
6
CONTINUOUS
10
0.4075894488188976
20
0.8736835039370079
11
0.408795748031496
21
0.8731838188976377
0
LINE
8
BLACK
6
CONTINUOUS
10
0.408795748031496
20
0.8731838188976377
11
0.4097190551181102
21
0.8722605118110236
0
LINE
8
BLACK
6
CONTINUOUS
10
0.4097190551181102
20
0.8722605118110236
11
0.4102187401574803
21
0.8710542125984252
0
LINE
8
BLACK
6
CONTINUOUS
10
0.4102187401574803
20
0.8710542125984252
11
0.410283031496063
21
0.8704013385826771
0
LINE
8
BLACK
6
CONTINUOUS
10
0.410283031496063
20
0.8704013385826771
11
0.410283031496063
21
0.8428422834645669
0
LINE
8
BLACK
6
CONTINUOUS
10
0.410283031496063
20
0.8428422834645669
11
0.4102187401574803
21
0.8421894094488189
0
LINE
8
BLACK
6
CONTINUOUS
10
0.4102187401574803
20
0.8421894094488189
11
0.4097190551181102
21
0.8409831102362204
0
LINE
8
BLACK
6
CONTINUOUS
10
0.4097190551181102
20
0.8409831102362204
11
0.408795748031496
21
0.8400598031496063
0
LINE
8
BLACK
6
CONTINUOUS
10
0.408795748031496
20
0.8400598031496063
11
0.4075894488188976
21
0.8395601181102362
0
LINE
8
BLACK
6
CONTINUOUS
10
0.4075894488188976
20
0.8395601181102362
11
0.4062837007874016
21
0.8395601181102362
0
LINE
8
BLACK
6
CONTINUOUS
10
0.4062837007874016
20
0.8395601181102362
11
0.4050774015748032
21
0.8400598031496063
0
LINE
8
BLACK
6
CONTINUOUS
10
0.4050774015748032
20
0.8400598031496063
11
0.404154094488189
21
0.8409831102362204
0
LINE
8
BLACK
6
CONTINUOUS
10
0.404154094488189
20
0.8409831102362204
11
0.4036544094488189
21
0.8421894094488189
0
LINE
8
BLACK
6
CONTINUOUS
10
0.4036544094488189
20
0.8421894094488189
11
0.4035901181102362
21
0.8428422834645669
0
LINE
8
BLACK
6
CONTINUOUS
10
0.4035901181102362
20
0.8428422834645669
11
0.4035901181102362
21
0.8487292519685039
0
LINE
8
BLACK
6
CONTINUOUS
10
0.4035901181102362
20
0.8487292519685039
11
0.4031120472440945
21
0.8486821653543307
0
LINE
8
BLACK
6
CONTINUOUS
10
0.4031120472440945
20
0.8486821653543307
11
0.3992875196850393
21
0.8486821653543307
0
LINE
8
BLACK
6
CONTINUOUS
10
0.3992875196850393
20
0.8486821653543307
11
0.3986346456692914
21
0.8487464566929134
0
LINE
8
BLACK
6
CONTINUOUS
10
0.3986346456692914
20
0.8487464566929134
11
0.3985053937007874
21
0.8488
0
LINE
8
BLACK
6
CONTINUOUS
10
0.3985053937007874
20
0.8488
11
0.3983659842519685
21
0.8488115354330709
0
LINE
8
BLACK
6
CONTINUOUS
10
0.3983659842519685
20
0.8488115354330709
11
0.397756062992126
21
0.8490531496062992
0
LINE
8
BLACK
6
CONTINUOUS
10
0.397756062992126
20
0.8490531496062992
11
0.3952063779527559
21
0.8503654724409448
0
LINE
8
BLACK
6
CONTINUOUS
10
0.3952063779527559
20
0.8503654724409448
11
0.3950983858267716
21
0.8504352362204725
0
LINE
8
BLACK
6
CONTINUOUS
10
0.3950983858267716
20
0.8504352362204725
11
0.3950472440944882
21
0.8504529133858267
0
LINE
8
BLACK
6
CONTINUOUS
10
0.3950472440944882
20
0.8504529133858267
11
0.394983779527559
21
0.8505092519685039
0
LINE
8
BLACK
6
CONTINUOUS
10
0.394983779527559
20
0.8505092519685039
11
0.3946552755905512
21
0.8507214173228346
0
LINE
8
BLACK
6
CONTINUOUS
10
0.3946552755905512
20
0.8507214173228346
11
0.3943842519685039
21
0.8510414173228347
0
LINE
8
BLACK
6
CONTINUOUS
10
0.3943842519685039
20
0.8510414173228347
11
0.3940707480314961
21
0.8513196850393701
0
LINE
8
BLACK
6
CONTINUOUS
10
0.3940707480314961
20
0.8513196850393701
11
0.3938661811023622
21
0.8516530708661417
0
LINE
8
BLACK
6
CONTINUOUS
10
0.3938661811023622
20
0.8516530708661417
11
0.3938114173228346
21
0.8517177559055118
0
LINE
8
BLACK
6
CONTINUOUS
10
0.3938114173228346
20
0.8517177559055118
11
0.3937948818897637
21
0.8517692913385827
0
LINE
8
BLACK
6
CONTINUOUS
10
0.3937948818897637
20
0.8517692913385827
11
0.3937276771653543
21
0.8518788582677165
0
LINE
8
BLACK
6
CONTINUOUS
10
0.3937276771653543
20
0.8518788582677165
11
0.3924528346456693
21
0.8545035433070866
0
LINE
8
BLACK
6
CONTINUOUS
10
0.3924528346456693
20
0.8545035433070866
11
0.3922253937007874
21
0.8551188976377952
0
LINE
8
BLACK
6
CONTINUOUS
10
0.3922253937007874
20
0.8551188976377952
11
0.3922193700787401
21
0.8552196456692913
0
LINE
8
BLACK
6
CONTINUOUS
10
0.3922193700787401
20
0.8552196456692913
11
0.3921808267716536
21
0.8553127559055118
0
LINE
8
BLACK
6
CONTINUOUS
10
0.3921808267716536
20
0.8553127559055118
11
0.3921165354330708
21
0.8559656299212598
0
LINE
8
BLACK
6
CONTINUOUS
10
0.3921165354330708
20
0.8559656299212598
11
0.3921165354330708
21
0.8704013385826771
0
LINE
8
BLACK
6
CONTINUOUS
10
0.3921165354330708
20
0.8704013385826771
11
0.3921808267716536
21
0.8710542125984252
0
LINE
8
BLACK
6
CONTINUOUS
10
0.3921808267716536
20
0.8710542125984252
11
0.3926805118110236
21
0.8722605118110236
0
LINE
8
BLACK
6
CONTINUOUS
10
0.3926805118110236
20
0.8722605118110236
11
0.3936038188976378
21
0.8731838188976377
0
LINE
8
BLACK
6
CONTINUOUS
10
0.3936038188976378
20
0.8731838188976377
11
0.3948101181102362
21
0.8736835039370079
0
LINE
8
BLACK
6
CONTINUOUS
10
0.3948101181102362
20
0.8736835039370079
11
0.3961158661417323
21
0.8736835039370079
0
LINE
8
BLACK
6
CONTINUOUS
10
0.3961158661417323
20
0.8736835039370079
11
0.3973221653543307
21
0.8731838188976377
0
LINE
8
BLACK
6
CONTINUOUS
10
0.4190629921259842
20
0.8736835039370079
11
0.4191922047244094
21
0.87363
0
LINE
8
BLACK
6
CONTINUOUS
10
0.4191922047244094
20
0.87363
11
0.4193316929133858
21
0.8736184251968504
0
LINE
8
BLACK
6
CONTINUOUS
10
0.4193316929133858
20
0.8736184251968504
11
0.4199416141732283
21
0.8733767716535433
0
LINE
8
BLACK
6
CONTINUOUS
10
0.4199416141732283
20
0.8733767716535433
11
0.4224912992125984
21
0.8720644094488189
0
LINE
8
BLACK
6
CONTINUOUS
10
0.4224912992125984
20
0.8720644094488189
11
0.4225991732283464
21
0.8719947244094488
0
LINE
8
BLACK
6
CONTINUOUS
10
0.4225991732283464
20
0.8719947244094488
11
0.4226503543307086
21
0.8719770078740158
0
LINE
8
BLACK
6
CONTINUOUS
10
0.4226503543307086
20
0.8719770078740158
11
0.4227137795275591
21
0.8719207086614174
0
LINE
8
BLACK
6
CONTINUOUS
10
0.4227137795275591
20
0.8719207086614174
11
0.4230423622047244
21
0.8717084645669291
0
LINE
8
BLACK
6
CONTINUOUS
10
0.4230423622047244
20
0.8717084645669291
11
0.4233133070866142
21
0.8713885826771653
0
LINE
8
BLACK
6
CONTINUOUS
10
0.4233133070866142
20
0.8713885826771653
11
0.4236268897637795
21
0.8711102362204725
0
LINE
8
BLACK
6
CONTINUOUS
10
0.4236268897637795
20
0.8711102362204725
11
0.4238314173228346
21
0.8707768897637795
0
LINE
8
BLACK
6
CONTINUOUS
10
0.4238314173228346
20
0.8707768897637795
11
0.4238862598425197
21
0.870712125984252
0
LINE
8
BLACK
6
CONTINUOUS
10
0.4238862598425197
20
0.870712125984252
11
0.4239027559055118
21
0.8706605905511811
0
LINE
8
BLACK
6
CONTINUOUS
10
0.4239027559055118
20
0.8706605905511811
11
0.4239699606299213
21
0.8705510629921259
0
LINE
8
BLACK
6
CONTINUOUS
10
0.4239699606299213
20
0.8705510629921259
11
0.4252448031496063
21
0.8679264173228346
0
LINE
8
BLACK
6
CONTINUOUS
10
0.4252448031496063
20
0.8679264173228346
11
0.4254722047244094
21
0.867311062992126
0
LINE
8
BLACK
6
CONTINUOUS
10
0.4254722047244094
20
0.867311062992126
11
0.425478188976378
21
0.8672104330708661
0
LINE
8
BLACK
6
CONTINUOUS
10
0.425478188976378
20
0.8672104330708661
11
0.425516811023622
21
0.8671172047244095
0
LINE
8
BLACK
6
CONTINUOUS
10
0.425516811023622
20
0.8671172047244095
11
0.4255811023622047
21
0.8664643307086614
0
LINE
8
BLACK
6
CONTINUOUS
10
0.4255811023622047
20
0.8664643307086614
11
0.4255811023622047
21
0.8553750787401575
0
LINE
8
BLACK
6
CONTINUOUS
10
0.4255811023622047
20
0.8553750787401575
11
0.4260591732283465
21
0.8553750787401575
0
LINE
8
BLACK
6
CONTINUOUS
10
0.4260591732283465
20
0.8553750787401575
11
0.4267120472440945
21
0.8553107874015747
0
LINE
8
BLACK
6
CONTINUOUS
10
0.4267120472440945
20
0.8553107874015747
11
0.4279183464566929
21
0.8548111023622047
0
LINE
8
BLACK
6
CONTINUOUS
10
0.4279183464566929
20
0.8548111023622047
11
0.4288416535433071
21
0.8538877952755906
0
LINE
8
BLACK
6
CONTINUOUS
10
0.4288416535433071
20
0.8538877952755906
11
0.4293413385826771
21
0.8526814960629922
0
LINE
8
BLACK
6
CONTINUOUS
10
0.4293413385826771
20
0.8526814960629922
11
0.4293413385826771
21
0.8513757480314961
0
LINE
8
BLACK
6
CONTINUOUS
10
0.4293413385826771
20
0.8513757480314961
11
0.4288416535433071
21
0.8501694488188977
0
LINE
8
BLACK
6
CONTINUOUS
10
0.4288416535433071
20
0.8501694488188977
11
0.4279183464566929
21
0.8492461417322834
0
LINE
8
BLACK
6
CONTINUOUS
10
0.4279183464566929
20
0.8492461417322834
11
0.4267120472440945
21
0.8487464566929134
0
LINE
8
BLACK
6
CONTINUOUS
10
0.4267120472440945
20
0.8487464566929134
11
0.4260591732283465
21
0.8486821653543307
0
LINE
8
BLACK
6
CONTINUOUS
10
0.4260591732283465
20
0.8486821653543307
11
0.4255811023622047
21
0.8486821653543307
0
LINE
8
BLACK
6
CONTINUOUS
10
0.4255811023622047
20
0.8486821653543307
11
0.4255811023622047
21
0.8428422834645669
0
LINE
8
BLACK
6
CONTINUOUS
10
0.4255811023622047
20
0.8428422834645669
11
0.425516811023622
21
0.8421894094488189
0
LINE
8
BLACK
6
CONTINUOUS
10
0.425516811023622
20
0.8421894094488189
11
0.425017125984252
21
0.8409831102362204
0
LINE
8
BLACK
6
CONTINUOUS
10
0.425017125984252
20
0.8409831102362204
11
0.4240938188976378
21
0.8400598031496063
0
LINE
8
BLACK
6
CONTINUOUS
10
0.4240938188976378
20
0.8400598031496063
11
0.4228875196850393
21
0.8395601181102362
0
LINE
8
BLACK
6
CONTINUOUS
10
0.4228875196850393
20
0.8395601181102362
11
0.4215817716535433
21
0.8395601181102362
0
LINE
8
BLACK
6
CONTINUOUS
10
0.4215817716535433
20
0.8395601181102362
11
0.4203754724409449
21
0.8400598031496063
0
LINE
8
BLACK
6
CONTINUOUS
10
0.4203754724409449
20
0.8400598031496063
11
0.4194521653543307
21
0.8409831102362204
0
LINE
8
BLACK
6
CONTINUOUS
10
0.4194521653543307
20
0.8409831102362204
11
0.4189524803149606
21
0.8421894094488189
0
LINE
8
BLACK
6
CONTINUOUS
10
0.4189524803149606
20
0.8421894094488189
11
0.4188881889763779
21
0.8428422834645669
0
LINE
8
BLACK
6
CONTINUOUS
10
0.4188881889763779
20
0.8428422834645669
11
0.4188881889763779
21
0.8486821653543307
0
LINE
8
BLACK
6
CONTINUOUS
10
0.4188881889763779
20
0.8486821653543307
11
0.4158604330708661
21
0.8486821653543307
0
LINE
8
BLACK
6
CONTINUOUS
10
0.4158604330708661
20
0.8486821653543307
11
0.4152075590551181
21
0.8487464566929134
0
LINE
8
BLACK
6
CONTINUOUS
10
0.4152075590551181
20
0.8487464566929134
11
0.4140012598425197
21
0.8492461417322834
0
LINE
8
BLACK
6
CONTINUOUS
10
0.4140012598425197
20
0.8492461417322834
11
0.4130779527559055
21
0.8501694488188977
0
LINE
8
BLACK
6
CONTINUOUS
10
0.4130779527559055
20
0.8501694488188977
11
0.4125782677165354
21
0.8513757480314961
0
LINE
8
BLACK
6
CONTINUOUS
10
0.4125782677165354
20
0.8513757480314961
11
0.4125782677165354
21
0.8526814960629922
0
LINE
8
BLACK
6
CONTINUOUS
10
0.4125782677165354
20
0.8526814960629922
11
0.4130779527559055
21
0.8538877952755906
0
LINE
8
BLACK
6
CONTINUOUS
10
0.4130779527559055
20
0.8538877952755906
11
0.4140012598425197
21
0.8548111023622047
0
LINE
8
BLACK
6
CONTINUOUS
10
0.4140012598425197
20
0.8548111023622047
11
0.4152075590551181
21
0.8553107874015747
0
LINE
8
BLACK
6
CONTINUOUS
10
0.4152075590551181
20
0.8553107874015747
11
0.4158604330708661
21
0.8553750787401575
0
LINE
8
BLACK
6
CONTINUOUS
10
0.4158604330708661
20
0.8553750787401575
11
0.4188881889763779
21
0.8553750787401575
0
LINE
8
BLACK
6
CONTINUOUS
10
0.4188881889763779
20
0.8553750787401575
11
0.4188881889763779
21
0.8656946456692913
0
LINE
8
BLACK
6
CONTINUOUS
10
0.4188881889763779
20
0.8656946456692913
11
0.418436811023622
21
0.8666238582677165
0
LINE
8
BLACK
6
CONTINUOUS
10
0.418436811023622
20
0.8666238582677165
11
0.4175994488188976
21
0.8670548818897638
0
LINE
8
BLACK
6
CONTINUOUS
10
0.4175994488188976
20
0.8670548818897638
11
0.4158604330708661
21
0.8670548818897638
0
LINE
8
BLACK
6
CONTINUOUS
10
0.4158604330708661
20
0.8670548818897638
11
0.4152075590551181
21
0.8671191732283464
0
LINE
8
BLACK
6
CONTINUOUS
10
0.4152075590551181
20
0.8671191732283464
11
0.4140012598425197
21
0.8676188582677166
0
LINE
8
BLACK
6
CONTINUOUS
10
0.4140012598425197
20
0.8676188582677166
11
0.4130779527559055
21
0.8685421653543307
0
LINE
8
BLACK
6
CONTINUOUS
10
0.4130779527559055
20
0.8685421653543307
11
0.4125782677165354
21
0.8697484645669291
0
LINE
8
BLACK
6
CONTINUOUS
10
0.4125782677165354
20
0.8697484645669291
11
0.4125782677165354
21
0.8710542125984252
0
LINE
8
BLACK
6
CONTINUOUS
10
0.4125782677165354
20
0.8710542125984252
11
0.4130779527559055
21
0.8722605118110236
0
LINE
8
BLACK
6
CONTINUOUS
10
0.4130779527559055
20
0.8722605118110236
11
0.4140012598425197
21
0.8731838188976377
0
LINE
8
BLACK
6
CONTINUOUS
10
0.4140012598425197
20
0.8731838188976377
11
0.4152075590551181
21
0.8736835039370079
0
LINE
8
BLACK
6
CONTINUOUS
10
0.4152075590551181
20
0.8736835039370079
11
0.4158604330708661
21
0.8737477952755905
0
LINE
8
BLACK
6
CONTINUOUS
10
0.4158604330708661
20
0.8737477952755905
11
0.4184101181102362
21
0.8737477952755905
0
LINE
8
BLACK
6
CONTINUOUS
10
0.4184101181102362
20
0.8737477952755905
11
0.4190629921259842
21
0.8736835039370079
0
LINE
8
BLACK
6
CONTINUOUS
10
0.187813779527559
20
0.8737330708661417
11
0.1878743700787402
21
0.8737411811023622
0
LINE
8
BLACK
6
CONTINUOUS
10
0.1878743700787402
20
0.8737411811023622
11
0.1879588976377953
21
0.8737187795275591
0
LINE
8
BLACK
6
CONTINUOUS
10
0.1879588976377953
20
0.8737187795275591
11
0.1883169291338583
21
0.8736835039370079
0
LINE
8
BLACK
6
CONTINUOUS
10
0.1883169291338583
20
0.8736835039370079
11
0.1887173228346457
21
0.8735176377952756
0
LINE
8
BLACK
6
CONTINUOUS
10
0.1887173228346457
20
0.8735176377952756
11
0.1891364566929134
21
0.8734064960629921
0
LINE
8
BLACK
6
CONTINUOUS
10
0.1891364566929134
20
0.8734064960629921
11
0.1893153937007874
21
0.8732699212598425
0
LINE
8
BLACK
6
CONTINUOUS
10
0.1893153937007874
20
0.8732699212598425
11
0.1895232283464567
21
0.8731838188976377
0
LINE
8
BLACK
6
CONTINUOUS
10
0.1895232283464567
20
0.8731838188976377
11
0.1898296062992126
21
0.8728774409448818
0
LINE
8
BLACK
6
CONTINUOUS
10
0.1898296062992126
20
0.8728774409448818
11
0.1901744094488189
21
0.872614251968504
0
LINE
8
BLACK
6
CONTINUOUS
10
0.1901744094488189
20
0.872614251968504
11
0.1902874409448819
21
0.8724196062992126
0
LINE
8
BLACK
6
CONTINUOUS
10
0.1902874409448819
20
0.8724196062992126
11
0.1904465354330709
21
0.8722605118110236
0
LINE
8
BLACK
6
CONTINUOUS
10
0.1904465354330709
20
0.8722605118110236
11
0.1906124409448819
21
0.8718599606299212
0
LINE
8
BLACK
6
CONTINUOUS
10
0.1906124409448819
20
0.8718599606299212
11
0.1908301181102362
21
0.871485157480315
0
LINE
8
BLACK
6
CONTINUOUS
10
0.1908301181102362
20
0.871485157480315
11
0.1908600393700787
21
0.8712622440944882
0
LINE
8
BLACK
6
CONTINUOUS
10
0.1908600393700787
20
0.8712622440944882
11
0.1909462204724409
21
0.8710542125984252
0
LINE
8
BLACK
6
CONTINUOUS
10
0.1909462204724409
20
0.8710542125984252
11
0.1909462204724409
21
0.8706205511811024
0
LINE
8
BLACK
6
CONTINUOUS
10
0.1909462204724409
20
0.8706205511811024
11
0.1910038976377953
21
0.8701909842519685
0
LINE
8
BLACK
6
CONTINUOUS
10
0.1910038976377953
20
0.8701909842519685
11
0.1909462204724409
21
0.8699735039370079
0
LINE
8
BLACK
6
CONTINUOUS
10
0.1909462204724409
20
0.8699735039370079
11
0.1909462204724409
21
0.8697484645669291
0
LINE
8
BLACK
6
CONTINUOUS
10
0.1909462204724409
20
0.8697484645669291
11
0.1907803543307087
21
0.8693480708661417
0
LINE
8
BLACK
6
CONTINUOUS
10
0.1907803543307087
20
0.8693480708661417
11
0.1906692125984252
21
0.868928937007874
0
LINE
8
BLACK
6
CONTINUOUS
10
0.1906692125984252
20
0.868928937007874
11
0.1904799606299213
21
0.8686229527559055
0
LINE
8
BLACK
6
CONTINUOUS
10
0.1904799606299213
20
0.8686229527559055
11
0.1904465354330709
21
0.8685421653543307
0
LINE
8
BLACK
6
CONTINUOUS
10
0.1904465354330709
20
0.8685421653543307
11
0.1904033070866142
21
0.8684989763779527
0
LINE
8
BLACK
6
CONTINUOUS
10
0.1904033070866142
20
0.8684989763779527
11
0.1903241732283465
21
0.8683709448818897
0
LINE
8
BLACK
6
CONTINUOUS
10
0.1903241732283465
20
0.8683709448818897
11
0.1804048818897638
21
0.8553750787401575
0
LINE
8
BLACK
6
CONTINUOUS
10
0.1804048818897638
20
0.8553750787401575
11
0.1876640551181102
21
0.8553750787401575
0
LINE
8
BLACK
6
CONTINUOUS
10
0.1876640551181102
20
0.8553750787401575
11
0.1883169291338583
21
0.8553107874015747
0
LINE
8
BLACK
6
CONTINUOUS
10
0.1883169291338583
20
0.8553107874015747
11
0.1895232283464567
21
0.8548111023622047
0
LINE
8
BLACK
6
CONTINUOUS
10
0.1895232283464567
20
0.8548111023622047
11
0.1904465354330709
21
0.8538877952755906
0
LINE
8
BLACK
6
CONTINUOUS
10
0.1904465354330709
20
0.8538877952755906
11
0.1909462204724409
21
0.8526814960629922
0
LINE
8
BLACK
6
CONTINUOUS
10
0.1909462204724409
20
0.8526814960629922
11
0.1909462204724409
21
0.8513757480314961
0
LINE
8
BLACK
6
CONTINUOUS
10
0.1909462204724409
20
0.8513757480314961
11
0.1904465354330709
21
0.8501694488188977
0
LINE
8
BLACK
6
CONTINUOUS
10
0.1904465354330709
20
0.8501694488188977
11
0.1895232283464567
21
0.8492461417322834
0
LINE
8
BLACK
6
CONTINUOUS
10
0.1895232283464567
20
0.8492461417322834
11
0.1883169291338583
21
0.8487464566929134
0
LINE
8
BLACK
6
CONTINUOUS
10
0.1883169291338583
20
0.8487464566929134
11
0.1876640551181102
21
0.8486821653543307
0
LINE
8
BLACK
6
CONTINUOUS
10
0.1876640551181102
20
0.8486821653543307
11
0.1736407874015748
21
0.8486821653543307
0
LINE
8
BLACK
6
CONTINUOUS
10
0.1736407874015748
20
0.8486821653543307
11
0.1734910236220472
21
0.8486969291338583
0
LINE
8
BLACK
6
CONTINUOUS
10
0.1734910236220472
20
0.8486969291338583
11
0.1734304724409449
21
0.8486887795275591
0
LINE
8
BLACK
6
CONTINUOUS
10
0.1734304724409449
20
0.8486887795275591
11
0.173345905511811
21
0.848711220472441
0
LINE
8
BLACK
6
CONTINUOUS
10
0.173345905511811
20
0.848711220472441
11
0.1729879133858268
21
0.8487464566929134
0
LINE
8
BLACK
6
CONTINUOUS
10
0.1729879133858268
20
0.8487464566929134
11
0.1725874803149606
21
0.8489123622047244
0
LINE
8
BLACK
6
CONTINUOUS
10
0.1725874803149606
20
0.8489123622047244
11
0.1721683858267717
21
0.8490234645669291
0
LINE
8
BLACK
6
CONTINUOUS
10
0.1721683858267717
20
0.8490234645669291
11
0.1719894094488189
21
0.8491600787401574
0
LINE
8
BLACK
6
CONTINUOUS
10
0.1719894094488189
20
0.8491600787401574
11
0.1717816141732283
21
0.8492461417322834
0
LINE
8
BLACK
6
CONTINUOUS
10
0.1717816141732283
20
0.8492461417322834
11
0.1714751968503937
21
0.8495525590551181
0
LINE
8
BLACK
6
CONTINUOUS
10
0.1714751968503937
20
0.8495525590551181
11
0.1711304330708661
21
0.8498157086614173
0
LINE
8
BLACK
6
CONTINUOUS
10
0.1711304330708661
20
0.8498157086614173
11
0.1710173622047244
21
0.8500103937007873
0
LINE
8
BLACK
6
CONTINUOUS
10
0.1710173622047244
20
0.8500103937007873
11
0.1708583070866142
21
0.8501694488188977
0
LINE
8
BLACK
6
CONTINUOUS
10
0.1708583070866142
20
0.8501694488188977
11
0.1706923622047244
21
0.8505700393700787
0
LINE
8
BLACK
6
CONTINUOUS
10
0.1706923622047244
20
0.8505700393700787
11
0.1704747244094488
21
0.8509448031496063
0
LINE
8
BLACK
6
CONTINUOUS
10
0.1704747244094488
20
0.8509448031496063
11
0.1704447637795276
21
0.8511677559055117
0
LINE
8
BLACK
6
CONTINUOUS
10
0.1704447637795276
20
0.8511677559055117
11
0.1703586220472441
21
0.8513757480314961
0
LINE
8
BLACK
6
CONTINUOUS
10
0.1703586220472441
20
0.8513757480314961
11
0.1703586220472441
21
0.8518094488188976
0
LINE
8
BLACK
6
CONTINUOUS
10
0.1703586220472441
20
0.8518094488188976
11
0.1703009448818898
21
0.852238937007874
0
LINE
8
BLACK
6
CONTINUOUS
10
0.1703009448818898
20
0.852238937007874
11
0.1703586220472441
21
0.8524564566929134
0
LINE
8
BLACK
6
CONTINUOUS
10
0.1703586220472441
20
0.8524564566929134
11
0.1703586220472441
21
0.8526814960629922
0
LINE
8
BLACK
6
CONTINUOUS
10
0.1703586220472441
20
0.8526814960629922
11
0.1705244881889764
21
0.8530819291338583
0
LINE
8
BLACK
6
CONTINUOUS
10
0.1705244881889764
20
0.8530819291338583
11
0.1706356299212598
21
0.8535010236220473
0
LINE
8
BLACK
6
CONTINUOUS
10
0.1706356299212598
20
0.8535010236220473
11
0.170824842519685
21
0.8538070472440945
0
LINE
8
BLACK
6
CONTINUOUS
10
0.170824842519685
20
0.8538070472440945
11
0.1708583070866142
21
0.8538877952755906
0
LINE
8
BLACK
6
CONTINUOUS
10
0.1708583070866142
20
0.8538877952755906
11
0.1709014960629921
21
0.8539310236220472
0
LINE
8
BLACK
6
CONTINUOUS
10
0.1709014960629921
20
0.8539310236220472
11
0.1709806692913386
21
0.8540590157480314
0
LINE
8
BLACK
6
CONTINUOUS
10
0.1709806692913386
20
0.8540590157480314
11
0.1808999606299213
21
0.8670548818897638
0
LINE
8
BLACK
6
CONTINUOUS
10
0.1808999606299213
20
0.8670548818897638
11
0.1736407874015748
21
0.8670548818897638
0
LINE
8
BLACK
6
CONTINUOUS
10
0.1736407874015748
20
0.8670548818897638
11
0.1729879133858268
21
0.8671191732283464
0
LINE
8
BLACK
6
CONTINUOUS
10
0.1729879133858268
20
0.8671191732283464
11
0.1717816141732283
21
0.8676188582677166
0
LINE
8
BLACK
6
CONTINUOUS
10
0.1717816141732283
20
0.8676188582677166
11
0.1708583070866142
21
0.8685421653543307
0
LINE
8
BLACK
6
CONTINUOUS
10
0.1708583070866142
20
0.8685421653543307
11
0.1703586220472441
21
0.8697484645669291
0
LINE
8
BLACK
6
CONTINUOUS
10
0.1703586220472441
20
0.8697484645669291
11
0.1703586220472441
21
0.8710542125984252
0
LINE
8
BLACK
6
CONTINUOUS
10
0.1703586220472441
20
0.8710542125984252
11
0.1708583070866142
21
0.8722605118110236
0
LINE
8
BLACK
6
CONTINUOUS
10
0.1708583070866142
20
0.8722605118110236
11
0.1717816141732283
21
0.8731838188976377
0
LINE
8
BLACK
6
CONTINUOUS
10
0.1717816141732283
20
0.8731838188976377
11
0.1729879133858268
21
0.8736835039370079
0
LINE
8
BLACK
6
CONTINUOUS
10
0.1729879133858268
20
0.8736835039370079
11
0.1736407874015748
21
0.8737477952755905
0
LINE
8
BLACK
6
CONTINUOUS
10
0.1736407874015748
20
0.8737477952755905
11
0.1876640551181102
21
0.8737477952755905
0
LINE
8
BLACK
6
CONTINUOUS
10
0.1876640551181102
20
0.8737477952755905
11
0.187813779527559
21
0.8737330708661417
0
LINE
8
BLACK
6
CONTINUOUS
10
0.204889842519685
20
0.8736835039370079
11
0.2050190551181102
21
0.87363
0
LINE
8
BLACK
6
CONTINUOUS
10
0.2050190551181102
20
0.87363
11
0.2051585433070866
21
0.8736184251968504
0
LINE
8
BLACK
6
CONTINUOUS
10
0.2051585433070866
20
0.8736184251968504
11
0.2057684645669291
21
0.8733767716535433
0
LINE
8
BLACK
6
CONTINUOUS
10
0.2057684645669291
20
0.8733767716535433
11
0.2083181496062992
21
0.8720644094488189
0
LINE
8
BLACK
6
CONTINUOUS
10
0.2083181496062992
20
0.8720644094488189
11
0.2086048031496063
21
0.8718792519685039
0
LINE
8
BLACK
6
CONTINUOUS
10
0.2086048031496063
20
0.8718792519685039
11
0.2086859448818898
21
0.8718442519685039
0
LINE
8
BLACK
6
CONTINUOUS
10
0.2086859448818898
20
0.8718442519685039
11
0.2087732677165354
21
0.8717704330708661
0
LINE
8
BLACK
6
CONTINUOUS
10
0.2087732677165354
20
0.8717704330708661
11
0.2088692125984252
21
0.8717084645669291
0
LINE
8
BLACK
6
CONTINUOUS
10
0.2088692125984252
20
0.8717084645669291
11
0.2089262204724409
21
0.8716411417322835
0
LINE
8
BLACK
6
CONTINUOUS
10
0.2089262204724409
20
0.8716411417322835
11
0.209186968503937
21
0.8714207480314961
0
LINE
8
BLACK
6
CONTINUOUS
10
0.209186968503937
20
0.8714207480314961
11
0.2104618503937008
21
0.8701084251968504
0
LINE
8
BLACK
6
CONTINUOUS
10
0.2104618503937008
20
0.8701084251968504
11
0.2106624803149606
21
0.8698566141732283
0
LINE
8
BLACK
6
CONTINUOUS
10
0.2106624803149606
20
0.8698566141732283
11
0.2107285826771653
21
0.8697979133858268
0
LINE
8
BLACK
6
CONTINUOUS
10
0.2107285826771653
20
0.8697979133858268
11
0.2107934251968504
21
0.8696922440944882
0
LINE
8
BLACK
6
CONTINUOUS
10
0.2107934251968504
20
0.8696922440944882
11
0.2108706299212599
21
0.8695953149606299
0
LINE
8
BLACK
6
CONTINUOUS
10
0.2108706299212599
20
0.8695953149606299
11
0.2109032283464567
21
0.8695132283464567
0
LINE
8
BLACK
6
CONTINUOUS
10
0.2109032283464567
20
0.8695132283464567
11
0.2110716535433071
21
0.8692387401574803
0
LINE
8
BLACK
6
CONTINUOUS
10
0.2110716535433071
20
0.8692387401574803
11
0.2123464960629921
21
0.8666140551181102
0
LINE
8
BLACK
6
CONTINUOUS
10
0.2123464960629921
20
0.8666140551181102
11
0.212573937007874
21
0.8659987007874016
0
LINE
8
BLACK
6
CONTINUOUS
10
0.212573937007874
20
0.8659987007874016
11
0.2125799212598425
21
0.8658979921259843
0
LINE
8
BLACK
6
CONTINUOUS
10
0.2125799212598425
20
0.8658979921259843
11
0.2126185039370079
21
0.865804842519685
0
LINE
8
BLACK
6
CONTINUOUS
10
0.2126185039370079
20
0.865804842519685
11
0.2126827952755906
21
0.8651519685039369
0
LINE
8
BLACK
6
CONTINUOUS
10
0.2126827952755906
20
0.8651519685039369
11
0.2126827952755906
21
0.8572779527559055
0
LINE
8
BLACK
6
CONTINUOUS
10
0.2126827952755906
20
0.8572779527559055
11
0.2126185039370079
21
0.8566250787401575
0
LINE
8
BLACK
6
CONTINUOUS
10
0.2126185039370079
20
0.8566250787401575
11
0.2125798818897638
21
0.8565318897637795
0
LINE
8
BLACK
6
CONTINUOUS
10
0.2125798818897638
20
0.8565318897637795
11
0.2125738976377953
21
0.8564312204724409
0
LINE
8
BLACK
6
CONTINUOUS
10
0.2125738976377953
20
0.8564312204724409
11
0.2123464960629921
21
0.8558158661417322
0
LINE
8
BLACK
6
CONTINUOUS
10
0.2123464960629921
20
0.8558158661417322
11
0.2110716535433071
21
0.8531912204724409
0
LINE
8
BLACK
6
CONTINUOUS
10
0.2110716535433071
20
0.8531912204724409
11
0.2109032283464567
21
0.8529167322834645
0
LINE
8
BLACK
6
CONTINUOUS
10
0.2109032283464567
20
0.8529167322834645
11
0.2108706299212599
21
0.8528346456692913
0
LINE
8
BLACK
6
CONTINUOUS
10
0.2108706299212599
20
0.8528346456692913
11
0.2107934251968504
21
0.8527377559055118
0
LINE
8
BLACK
6
CONTINUOUS
10
0.2107934251968504
20
0.8527377559055118
11
0.2107285826771653
21
0.8526320472440945
0
LINE
8
BLACK
6
CONTINUOUS
10
0.2107285826771653
20
0.8526320472440945
11
0.2106624803149606
21
0.8525733858267717
0
LINE
8
BLACK
6
CONTINUOUS
10
0.2106624803149606
20
0.8525733858267717
11
0.2104618503937008
21
0.8523215354330709
0
LINE
8
BLACK
6
CONTINUOUS
10
0.2104618503937008
20
0.8523215354330709
11
0.2091870078740158
21
0.8510092125984252
0
LINE
8
BLACK
6
CONTINUOUS
10
0.2091870078740158
20
0.8510092125984252
11
0.2089263385826772
21
0.8507889370078739
0
LINE
8
BLACK
6
CONTINUOUS
10
0.2089263385826772
20
0.8507889370078739
11
0.2088692125984252
21
0.8507214173228346
0
LINE
8
BLACK
6
CONTINUOUS
10
0.2088692125984252
20
0.8507214173228346
11
0.2087730708661417
21
0.8506593307086614
0
LINE
8
BLACK
6
CONTINUOUS
10
0.2087730708661417
20
0.8506593307086614
11
0.2086859842519685
21
0.8505857086614173
0
LINE
8
BLACK
6
CONTINUOUS
10
0.2086859842519685
20
0.8505857086614173
11
0.2086050393700787
21
0.8505508267716535
0
LINE
8
BLACK
6
CONTINUOUS
10
0.2086050393700787
20
0.8505508267716535
11
0.2083181102362205
21
0.8503654724409448
0
LINE
8
BLACK
6
CONTINUOUS
10
0.2083181102362205
20
0.8503654724409448
11
0.2057684251968504
21
0.8490531496062992
0
LINE
8
BLACK
6
CONTINUOUS
10
0.2057684251968504
20
0.8490531496062992
11
0.2051585039370079
21
0.8488115354330709
0
LINE
8
BLACK
6
CONTINUOUS
10
0.2051585039370079
20
0.8488115354330709
11
0.2050190551181102
21
0.8488
0
LINE
8
BLACK
6
CONTINUOUS
10
0.2050190551181102
20
0.8488
11
0.204889842519685
21
0.8487464566929134
0
LINE
8
BLACK
6
CONTINUOUS
10
0.204889842519685
20
0.8487464566929134
11
0.204236968503937
21
0.8486821653543307
0
LINE
8
BLACK
6
CONTINUOUS
10
0.204236968503937
20
0.8486821653543307
11
0.1991375984251968
21
0.8486821653543307
0
LINE
8
BLACK
6
CONTINUOUS
10
0.1991375984251968
20
0.8486821653543307
11
0.1984847244094488
21
0.8487464566929134
0
LINE
8
BLACK
6
CONTINUOUS
10
0.1984847244094488
20
0.8487464566929134
11
0.1983554724409449
21
0.8488
0
LINE
8
BLACK
6
CONTINUOUS
10
0.1983554724409449
20
0.8488
11
0.198216062992126
21
0.8488115354330709
0
LINE
8
BLACK
6
CONTINUOUS
10
0.198216062992126
20
0.8488115354330709
11
0.1976061417322835
21
0.8490531496062992
0
LINE
8
BLACK
6
CONTINUOUS
10
0.1976061417322835
20
0.8490531496062992
11
0.1950564566929134
21
0.8503654724409448
0
LINE
8
BLACK
6
CONTINUOUS
10
0.1950564566929134
20
0.8503654724409448
11
0.1945053543307086
21
0.8507214173228346
0
LINE
8
BLACK
6
CONTINUOUS
10
0.1945053543307086
20
0.8507214173228346
11
0.1936614960629921
21
0.8517177559055118
0
LINE
8
BLACK
6
CONTINUOUS
10
0.1936614960629921
20
0.8517177559055118
11
0.1932630708661417
21
0.8529612598425197
0
LINE
8
BLACK
6
CONTINUOUS
10
0.1932630708661417
20
0.8529612598425197
11
0.1933708267716535
21
0.8542624803149607
0
LINE
8
BLACK
6
CONTINUOUS
10
0.1933708267716535
20
0.8542624803149607
11
0.1939683858267716
21
0.8554235039370078
0
LINE
8
BLACK
6
CONTINUOUS
10
0.1939683858267716
20
0.8554235039370078
11
0.1949647244094488
21
0.8562673622047244
0
LINE
8
BLACK
6
CONTINUOUS
10
0.1949647244094488
20
0.8562673622047244
11
0.1962082283464567
21
0.8566657874015747
0
LINE
8
BLACK
6
CONTINUOUS
10
0.1962082283464567
20
0.8566657874015747
11
0.1975094488188976
21
0.856558031496063
0
LINE
8
BLACK
6
CONTINUOUS
10
0.1975094488188976
20
0.856558031496063
11
0.1981193700787401
21
0.8563164173228346
0
LINE
8
BLACK
6
CONTINUOUS
10
0.1981193700787401
20
0.8563164173228346
11
0.1999482677165354
21
0.8553750787401575
0
LINE
8
BLACK
6
CONTINUOUS
10
0.1999482677165354
20
0.8553750787401575
11
0.2034262992125984
21
0.8553750787401575
0
LINE
8
BLACK
6
CONTINUOUS
10
0.2034262992125984
20
0.8553750787401575
11
0.204768031496063
21
0.8560657086614173
0
LINE
8
BLACK
6
CONTINUOUS
10
0.204768031496063
20
0.8560657086614173
11
0.2052863385826772
21
0.8565992913385827
0
LINE
8
BLACK
6
CONTINUOUS
10
0.2052863385826772
20
0.8565992913385827
11
0.2059898818897638
21
0.8580476771653543
0
LINE
8
BLACK
6
CONTINUOUS
10
0.2059898818897638
20
0.8580476771653543
11
0.2059898818897638
21
0.8643822834645669
0
LINE
8
BLACK
6
CONTINUOUS
10
0.2059898818897638
20
0.8643822834645669
11
0.2052862992125984
21
0.8658307480314961
0
LINE
8
BLACK
6
CONTINUOUS
10
0.2052862992125984
20
0.8658307480314961
11
0.2047680708661417
21
0.8663642519685039
0
LINE
8
BLACK
6
CONTINUOUS
10
0.2047680708661417
20
0.8663642519685039
11
0.2034262992125984
21
0.8670548818897638
0
LINE
8
BLACK
6
CONTINUOUS
10
0.2034262992125984
20
0.8670548818897638
11
0.1999482677165354
21
0.8670548818897638
0
LINE
8
BLACK
6
CONTINUOUS
10
0.1999482677165354
20
0.8670548818897638
11
0.1981194094488189
21
0.8661135433070866
0
LINE
8
BLACK
6
CONTINUOUS
10
0.1981194094488189
20
0.8661135433070866
11
0.1975094881889764
21
0.8658718897637795
0
LINE
8
BLACK
6
CONTINUOUS
10
0.1975094881889764
20
0.8658718897637795
11
0.1962082677165354
21
0.8657641338582677
0
LINE
8
BLACK
6
CONTINUOUS
10
0.1962082677165354
20
0.8657641338582677
11
0.1949647637795276
21
0.8661625196850393
0
LINE
8
BLACK
6
CONTINUOUS
10
0.1949647637795276
20
0.8661625196850393
11
0.1939684251968504
21
0.8670064173228347
0
LINE
8
BLACK
6
CONTINUOUS
10
0.1939684251968504
20
0.8670064173228347
11
0.1933708267716535
21
0.8681674015748031
0
LINE
8
BLACK
6
CONTINUOUS
10
0.1933708267716535
20
0.8681674015748031
11
0.1932630708661417
21
0.8694686220472441
0
LINE
8
BLACK
6
CONTINUOUS
10
0.1932630708661417
20
0.8694686220472441
11
0.1936614566929134
21
0.870712125984252
0
LINE
8
BLACK
6
CONTINUOUS
10
0.1936614566929134
20
0.870712125984252
11
0.1945053543307086
21
0.8717084645669291
0
LINE
8
BLACK
6
CONTINUOUS
10
0.1945053543307086
20
0.8717084645669291
11
0.1950564173228346
21
0.8720644094488189
0
LINE
8
BLACK
6
CONTINUOUS
10
0.1950564173228346
20
0.8720644094488189
11
0.197606062992126
21
0.8733767716535433
0
LINE
8
BLACK
6
CONTINUOUS
10
0.197606062992126
20
0.8733767716535433
11
0.1982159842519685
21
0.8736183858267716
0
LINE
8
BLACK
6
CONTINUOUS
10
0.1982159842519685
20
0.8736183858267716
11
0.1983553937007874
21
0.8736299606299213
0
LINE
8
BLACK
6
CONTINUOUS
10
0.1983553937007874
20
0.8736299606299213
11
0.1984847244094488
21
0.8736835039370079
0
LINE
8
BLACK
6
CONTINUOUS
10
0.1984847244094488
20
0.8736835039370079
11
0.1991375984251968
21
0.8737477952755905
0
LINE
8
BLACK
6
CONTINUOUS
10
0.1991375984251968
20
0.8737477952755905
11
0.204236968503937
21
0.8737477952755905
0
LINE
8
BLACK
6
CONTINUOUS
10
0.204236968503937
20
0.8737477952755905
11
0.204889842519685
21
0.8736835039370079
0
LINE
8
BLACK
6
CONTINUOUS
10
0.3081518897637795
20
0.8736835039370079
11
0.3082811023622047
21
0.87363
0
LINE
8
BLACK
6
CONTINUOUS
10
0.3082811023622047
20
0.87363
11
0.3084205905511811
21
0.8736184251968504
0
LINE
8
BLACK
6
CONTINUOUS
10
0.3084205905511811
20
0.8736184251968504
11
0.3090305118110236
21
0.8733767716535433
0
LINE
8
BLACK
6
CONTINUOUS
10
0.3090305118110236
20
0.8733767716535433
11
0.3115801968503937
21
0.8720644094488189
0
LINE
8
BLACK
6
CONTINUOUS
10
0.3115801968503937
20
0.8720644094488189
11
0.3116880708661417
21
0.8719947244094488
0
LINE
8
BLACK
6
CONTINUOUS
10
0.3116880708661417
20
0.8719947244094488
11
0.3117392519685039
21
0.8719770078740158
0
LINE
8
BLACK
6
CONTINUOUS
10
0.3117392519685039
20
0.8719770078740158
11
0.3118026771653543
21
0.8719207086614174
0
LINE
8
BLACK
6
CONTINUOUS
10
0.3118026771653543
20
0.8719207086614174
11
0.3121312598425197
21
0.8717084645669291
0
LINE
8
BLACK
6
CONTINUOUS
10
0.3121312598425197
20
0.8717084645669291
11
0.3124022047244094
21
0.8713885826771653
0
LINE
8
BLACK
6
CONTINUOUS
10
0.3124022047244094
20
0.8713885826771653
11
0.3127157874015748
21
0.8711102362204725
0
LINE
8
BLACK
6
CONTINUOUS
10
0.3127157874015748
20
0.8711102362204725
11
0.3129203149606299
21
0.8707768897637795
0
LINE
8
BLACK
6
CONTINUOUS
10
0.3129203149606299
20
0.8707768897637795
11
0.312975157480315
21
0.870712125984252
0
LINE
8
BLACK
6
CONTINUOUS
10
0.312975157480315
20
0.870712125984252
11
0.3129916535433071
21
0.8706605905511811
0
LINE
8
BLACK
6
CONTINUOUS
10
0.3129916535433071
20
0.8706605905511811
11
0.3130588582677165
21
0.8705510629921259
0
LINE
8
BLACK
6
CONTINUOUS
10
0.3130588582677165
20
0.8705510629921259
11
0.3143337007874016
21
0.8679264173228346
0
LINE
8
BLACK
6
CONTINUOUS
10
0.3143337007874016
20
0.8679264173228346
11
0.3145611023622047
21
0.867311062992126
0
LINE
8
BLACK
6
CONTINUOUS
10
0.3145611023622047
20
0.867311062992126
11
0.3145670866141732
21
0.8672104330708661
0
LINE
8
BLACK
6
CONTINUOUS
10
0.3145670866141732
20
0.8672104330708661
11
0.3146057086614173
21
0.8671172047244095
0
LINE
8
BLACK
6
CONTINUOUS
10
0.3146057086614173
20
0.8671172047244095
11
0.31467
21
0.8664643307086614
0
LINE
8
BLACK
6
CONTINUOUS
10
0.31467
20
0.8664643307086614
11
0.31467
21
0.8559656299212598
0
LINE
8
BLACK
6
CONTINUOUS
10
0.31467
20
0.8559656299212598
11
0.3146057086614173
21
0.8553127559055118
0
LINE
8
BLACK
6
CONTINUOUS
10
0.3146057086614173
20
0.8553127559055118
11
0.314567125984252
21
0.8552196456692913
0
LINE
8
BLACK
6
CONTINUOUS
10
0.314567125984252
20
0.8552196456692913
11
0.3145611417322834
21
0.8551188976377952
0
LINE
8
BLACK
6
CONTINUOUS
10
0.3145611417322834
20
0.8551188976377952
11
0.3143337007874016
21
0.8545035433070866
0
LINE
8
BLACK
6
CONTINUOUS
10
0.3143337007874016
20
0.8545035433070866
11
0.3130588582677165
21
0.8518788582677165
0
LINE
8
BLACK
6
CONTINUOUS
10
0.3130588582677165
20
0.8518788582677165
11
0.3129916929133858
21
0.8517694094488188
0
LINE
8
BLACK
6
CONTINUOUS
10
0.3129916929133858
20
0.8517694094488188
11
0.312975157480315
21
0.8517177559055118
0
LINE
8
BLACK
6
CONTINUOUS
10
0.312975157480315
20
0.8517177559055118
11
0.3129201968503937
21
0.8516529133858267
0
LINE
8
BLACK
6
CONTINUOUS
10
0.3129201968503937
20
0.8516529133858267
11
0.3127157874015748
21
0.8513196850393701
0
LINE
8
BLACK
6
CONTINUOUS
10
0.3127157874015748
20
0.8513196850393701
11
0.3124022834645669
21
0.8510414566929133
0
LINE
8
BLACK
6
CONTINUOUS
10
0.3124022834645669
20
0.8510414566929133
11
0.3121312598425197
21
0.8507214173228346
0
LINE
8
BLACK
6
CONTINUOUS
10
0.3121312598425197
20
0.8507214173228346
11
0.3118027165354331
21
0.8505092519685039
0
LINE
8
BLACK
6
CONTINUOUS
10
0.3118027165354331
20
0.8505092519685039
11
0.3117392913385827
21
0.8504529133858267
0
LINE
8
BLACK
6
CONTINUOUS
10
0.3117392913385827
20
0.8504529133858267
11
0.3116881102362205
21
0.8504352362204725
0
LINE
8
BLACK
6
CONTINUOUS
10
0.3116881102362205
20
0.8504352362204725
11
0.311580157480315
21
0.8503654724409448
0
LINE
8
BLACK
6
CONTINUOUS
10
0.311580157480315
20
0.8503654724409448
11
0.3090304724409449
21
0.8490531496062992
0
LINE
8
BLACK
6
CONTINUOUS
10
0.3090304724409449
20
0.8490531496062992
11
0.3084205511811023
21
0.8488115354330709
0
LINE
8
BLACK
6
CONTINUOUS
10
0.3084205511811023
20
0.8488115354330709
11
0.3082811023622047
21
0.8488
0
LINE
8
BLACK
6
CONTINUOUS
10
0.3082811023622047
20
0.8488
11
0.3081518897637795
21
0.8487464566929134
0
LINE
8
BLACK
6
CONTINUOUS
10
0.3081518897637795
20
0.8487464566929134
11
0.3074990157480315
21
0.8486821653543307
0
LINE
8
BLACK
6
CONTINUOUS
10
0.3074990157480315
20
0.8486821653543307
11
0.3023996456692913
21
0.8486821653543307
0
LINE
8
BLACK
6
CONTINUOUS
10
0.3023996456692913
20
0.8486821653543307
11
0.3017467716535433
21
0.8487464566929134
0
LINE
8
BLACK
6
CONTINUOUS
10
0.3017467716535433
20
0.8487464566929134
11
0.3016175196850394
21
0.8488
0
LINE
8
BLACK
6
CONTINUOUS
10
0.3016175196850394
20
0.8488
11
0.3014781102362205
21
0.8488115354330709
0
LINE
8
BLACK
6
CONTINUOUS
10
0.3014781102362205
20
0.8488115354330709
11
0.300868188976378
21
0.8490531496062992
0
LINE
8
BLACK
6
CONTINUOUS
10
0.300868188976378
20
0.8490531496062992
11
0.2983185039370079
21
0.8503654724409448
0
LINE
8
BLACK
6
CONTINUOUS
10
0.2983185039370079
20
0.8503654724409448
11
0.2982105118110236
21
0.8504352362204725
0
LINE
8
BLACK
6
CONTINUOUS
10
0.2982105118110236
20
0.8504352362204725
11
0.2981593700787402
21
0.8504529133858267
0
LINE
8
BLACK
6
CONTINUOUS
10
0.2981593700787402
20
0.8504529133858267
11
0.298095905511811
21
0.8505092519685039
0
LINE
8
BLACK
6
CONTINUOUS
10
0.298095905511811
20
0.8505092519685039
11
0.2977674015748031
21
0.8507214173228346
0
LINE
8
BLACK
6
CONTINUOUS
10
0.2977674015748031
20
0.8507214173228346
11
0.2974963779527559
21
0.8510414173228347
0
LINE
8
BLACK
6
CONTINUOUS
10
0.2974963779527559
20
0.8510414173228347
11
0.297182874015748
21
0.8513196850393701
0
LINE
8
BLACK
6
CONTINUOUS
10
0.297182874015748
20
0.8513196850393701
11
0.2969783070866142
21
0.8516530708661417
0
LINE
8
BLACK
6
CONTINUOUS
10
0.2969783070866142
20
0.8516530708661417
11
0.2969235433070866
21
0.8517177559055118
0
LINE
8
BLACK
6
CONTINUOUS
10
0.2969235433070866
20
0.8517177559055118
11
0.2969070078740157
21
0.8517692913385827
0
LINE
8
BLACK
6
CONTINUOUS
10
0.2969070078740157
20
0.8517692913385827
11
0.2968398031496063
21
0.8518788582677165
0
LINE
8
BLACK
6
CONTINUOUS
10
0.2968398031496063
20
0.8518788582677165
11
0.2955649606299213
21
0.8545035433070866
0
LINE
8
BLACK
6
CONTINUOUS
10
0.2955649606299213
20
0.8545035433070866
11
0.2953375196850394
21
0.8551188976377952
0
LINE
8
BLACK
6
CONTINUOUS
10
0.2953375196850394
20
0.8551188976377952
11
0.2953314960629921
21
0.8552196456692913
0
LINE
8
BLACK
6
CONTINUOUS
10
0.2953314960629921
20
0.8552196456692913
11
0.2952929527559055
21
0.8553127559055118
0
LINE
8
BLACK
6
CONTINUOUS
10
0.2952929527559055
20
0.8553127559055118
11
0.2952286614173228
21
0.8559656299212598
0
LINE
8
BLACK
6
CONTINUOUS
10
0.2952286614173228
20
0.8559656299212598
11
0.2952286614173228
21
0.8585903149606299
0
LINE
8
BLACK
6
CONTINUOUS
10
0.2952286614173228
20
0.8585903149606299
11
0.2952929527559055
21
0.859243188976378
0
LINE
8
BLACK
6
CONTINUOUS
10
0.2952929527559055
20
0.859243188976378
11
0.295414842519685
21
0.8595374803149606
0
LINE
8
BLACK
6
CONTINUOUS
10
0.295414842519685
20
0.8595374803149606
11
0.2954748818897638
21
0.8598501968503937
0
LINE
8
BLACK
6
CONTINUOUS
10
0.2954748818897638
20
0.8598501968503937
11
0.2956622440944882
21
0.8601347637795276
0
LINE
8
BLACK
6
CONTINUOUS
10
0.2956622440944882
20
0.8601347637795276
11
0.2957926377952756
21
0.8604494881889764
0
LINE
8
BLACK
6
CONTINUOUS
10
0.2957926377952756
20
0.8604494881889764
11
0.2960177952755905
21
0.8606746850393701
0
LINE
8
BLACK
6
CONTINUOUS
10
0.2960177952755905
20
0.8606746850393701
11
0.296193031496063
21
0.860940748031496
0
LINE
8
BLACK
6
CONTINUOUS
10
0.296193031496063
20
0.860940748031496
11
0.2964750787401575
21
0.861131968503937
0
LINE
8
BLACK
6
CONTINUOUS
10
0.2964750787401575
20
0.861131968503937
11
0.2967159448818897
21
0.8613727952755905
0
LINE
8
BLACK
6
CONTINUOUS
10
0.2967159448818897
20
0.8613727952755905
11
0.297010157480315
21
0.8614946850393701
0
LINE
8
BLACK
6
CONTINUOUS
10
0.297010157480315
20
0.8614946850393701
11
0.2972738188976378
21
0.8616733858267717
0
LINE
8
BLACK
6
CONTINUOUS
10
0.2972738188976378
20
0.8616733858267717
11
0.2979003149606299
21
0.8618680314960629
0
LINE
8
BLACK
6
CONTINUOUS
10
0.2979003149606299
20
0.8618680314960629
11
0.3079770866141732
21
0.8639426771653543
0
LINE
8
BLACK
6
CONTINUOUS
10
0.3079770866141732
20
0.8639426771653543
11
0.3079770866141732
21
0.8656946456692913
0
LINE
8
BLACK
6
CONTINUOUS
10
0.3079770866141732
20
0.8656946456692913
11
0.3075257086614173
21
0.8666238582677165
0
LINE
8
BLACK
6
CONTINUOUS
10
0.3075257086614173
20
0.8666238582677165
11
0.3066883464566929
21
0.8670548818897638
0
LINE
8
BLACK
6
CONTINUOUS
10
0.3066883464566929
20
0.8670548818897638
11
0.3032103149606299
21
0.8670548818897638
0
LINE
8
BLACK
6
CONTINUOUS
10
0.3032103149606299
20
0.8670548818897638
11
0.3013814566929134
21
0.8661135433070866
0
LINE
8
BLACK
6
CONTINUOUS
10
0.3013814566929134
20
0.8661135433070866
11
0.3007715354330708
21
0.8658718897637795
0
LINE
8
BLACK
6
CONTINUOUS
10
0.3007715354330708
20
0.8658718897637795
11
0.2994703149606299
21
0.8657641338582677
0
LINE
8
BLACK
6
CONTINUOUS
10
0.2994703149606299
20
0.8657641338582677
11
0.298226811023622
21
0.8661625196850393
0
LINE
8
BLACK
6
CONTINUOUS
10
0.298226811023622
20
0.8661625196850393
11
0.2972304724409449
21
0.8670064173228347
0
LINE
8
BLACK
6
CONTINUOUS
10
0.2972304724409449
20
0.8670064173228347
11
0.296632874015748
21
0.8681674015748031
0
LINE
8
BLACK
6
CONTINUOUS
10
0.296632874015748
20
0.8681674015748031
11
0.2965251181102362
21
0.8694686220472441
0
LINE
8
BLACK
6
CONTINUOUS
10
0.2965251181102362
20
0.8694686220472441
11
0.2969235039370079
21
0.870712125984252
0
LINE
8
BLACK
6
CONTINUOUS
10
0.2969235039370079
20
0.870712125984252
11
0.2977674015748031
21
0.8717084645669291
0
LINE
8
BLACK
6
CONTINUOUS
10
0.2977674015748031
20
0.8717084645669291
11
0.2983184645669291
21
0.8720644094488189
0
LINE
8
BLACK
6
CONTINUOUS
10
0.2983184645669291
20
0.8720644094488189
11
0.3008681102362205
21
0.8733767716535433
0
LINE
8
BLACK
6
CONTINUOUS
10
0.3008681102362205
20
0.8733767716535433
11
0.301478031496063
21
0.8736183858267716
0
LINE
8
BLACK
6
CONTINUOUS
10
0.301478031496063
20
0.8736183858267716
11
0.3016174409448819
21
0.8736299606299213
0
LINE
8
BLACK
6
CONTINUOUS
10
0.3016174409448819
20
0.8736299606299213
11
0.3017467716535433
21
0.8736835039370079
0
LINE
8
BLACK
6
CONTINUOUS
10
0.3017467716535433
20
0.8736835039370079
11
0.3023996456692913
21
0.8737477952755905
0
LINE
8
BLACK
6
CONTINUOUS
10
0.3023996456692913
20
0.8737477952755905
11
0.3074990157480315
21
0.8737477952755905
0
LINE
8
BLACK
6
CONTINUOUS
10
0.3074990157480315
20
0.8737477952755905
11
0.3081518897637795
21
0.8736835039370079
0
LINE
8
BLACK
6
CONTINUOUS
10
0.3023068897637795
20
0.8559420078740158
11
0.3023729133858268
21
0.8558061023622047
0
LINE
8
BLACK
6
CONTINUOUS
10
0.3023729133858268
20
0.8558061023622047
11
0.3032103149606299
21
0.8553750787401575
0
LINE
8
BLACK
6
CONTINUOUS
10
0.3032103149606299
20
0.8553750787401575
11
0.3066883464566929
21
0.8553750787401575
0
LINE
8
BLACK
6
CONTINUOUS
10
0.3066883464566929
20
0.8553750787401575
11
0.3075257086614173
21
0.8558061023622047
0
LINE
8
BLACK
6
CONTINUOUS
10
0.3075257086614173
20
0.8558061023622047
11
0.3079770866141732
21
0.8567353543307087
0
LINE
8
BLACK
6
CONTINUOUS
10
0.3079770866141732
20
0.8567353543307087
11
0.3079770866141732
21
0.8571093700787401
0
LINE
8
BLACK
6
CONTINUOUS
10
0.3079770866141732
20
0.8571093700787401
11
0.3023068897637795
21
0.8559420078740158
0
LINE
8
BLACK
6
CONTINUOUS
10
0.3488782283464567
20
0.8731838188976377
11
0.3498015354330709
21
0.8722605118110236
0
LINE
8
BLACK
6
CONTINUOUS
10
0.3498015354330709
20
0.8722605118110236
11
0.3503012204724409
21
0.8710542125984252
0
LINE
8
BLACK
6
CONTINUOUS
10
0.3503012204724409
20
0.8710542125984252
11
0.3503655118110236
21
0.8704013385826771
0
LINE
8
BLACK
6
CONTINUOUS
10
0.3503655118110236
20
0.8704013385826771
11
0.3503655118110236
21
0.8567353543307087
0
LINE
8
BLACK
6
CONTINUOUS
10
0.3503655118110236
20
0.8567353543307087
11
0.3508168503937008
21
0.8558061023622047
0
LINE
8
BLACK
6
CONTINUOUS
10
0.3508168503937008
20
0.8558061023622047
11
0.3516542519685039
21
0.8553750787401575
0
LINE
8
BLACK
6
CONTINUOUS
10
0.3516542519685039
20
0.8553750787401575
11
0.3538574409448819
21
0.8553750787401575
0
LINE
8
BLACK
6
CONTINUOUS
10
0.3538574409448819
20
0.8553750787401575
11
0.3551461811023622
21
0.8560384251968504
0
LINE
8
BLACK
6
CONTINUOUS
10
0.3551461811023622
20
0.8560384251968504
11
0.3551461811023622
21
0.8704013385826771
0
LINE
8
BLACK
6
CONTINUOUS
10
0.3551461811023622
20
0.8704013385826771
11
0.3552104724409449
21
0.8710542125984252
0
LINE
8
BLACK
6
CONTINUOUS
10
0.3552104724409449
20
0.8710542125984252
11
0.3557101574803149
21
0.8722605118110236
0
LINE
8
BLACK
6
CONTINUOUS
10
0.3557101574803149
20
0.8722605118110236
11
0.3566334645669291
21
0.8731838188976377
0
LINE
8
BLACK
6
CONTINUOUS
10
0.3566334645669291
20
0.8731838188976377
11
0.3578397637795275
21
0.8736835039370079
0
LINE
8
BLACK
6
CONTINUOUS
10
0.3578397637795275
20
0.8736835039370079
11
0.3591455118110236
21
0.8736835039370079
0
LINE
8
BLACK
6
CONTINUOUS
10
0.3591455118110236
20
0.8736835039370079
11
0.360351811023622
21
0.8731838188976377
0
LINE
8
BLACK
6
CONTINUOUS
10
0.360351811023622
20
0.8731838188976377
11
0.3612751181102362
21
0.8722605118110236
0
LINE
8
BLACK
6
CONTINUOUS
10
0.3612751181102362
20
0.8722605118110236
11
0.3617748031496063
21
0.8710542125984252
0
LINE
8
BLACK
6
CONTINUOUS
10
0.3617748031496063
20
0.8710542125984252
11
0.361839094488189
21
0.8704013385826771
0
LINE
8
BLACK
6
CONTINUOUS
10
0.361839094488189
20
0.8704013385826771
11
0.361839094488189
21
0.8520286220472441
0
LINE
8
BLACK
6
CONTINUOUS
10
0.361839094488189
20
0.8520286220472441
11
0.3617748031496063
21
0.8513757480314961
0
LINE
8
BLACK
6
CONTINUOUS
10
0.3617748031496063
20
0.8513757480314961
11
0.3612751181102362
21
0.8501694488188977
0
LINE
8
BLACK
6
CONTINUOUS
10
0.3612751181102362
20
0.8501694488188977
11
0.360351811023622
21
0.8492461417322834
0
LINE
8
BLACK
6
CONTINUOUS
10
0.360351811023622
20
0.8492461417322834
11
0.3591455118110236
21
0.8487464566929134
0
LINE
8
BLACK
6
CONTINUOUS
10
0.3591455118110236
20
0.8487464566929134
11
0.3578397637795275
21
0.8487464566929134
0
LINE
8
BLACK
6
CONTINUOUS
10
0.3578397637795275
20
0.8487464566929134
11
0.3566334645669291
21
0.8492461417322834
0
LINE
8
BLACK
6
CONTINUOUS
10
0.3566334645669291
20
0.8492461417322834
11
0.3566134251968504
21
0.8492661811023622
0
LINE
8
BLACK
6
CONTINUOUS
10
0.3566134251968504
20
0.8492661811023622
11
0.3561995669291338
21
0.8490531496062992
0
LINE
8
BLACK
6
CONTINUOUS
10
0.3561995669291338
20
0.8490531496062992
11
0.3555896456692914
21
0.8488115354330709
0
LINE
8
BLACK
6
CONTINUOUS
10
0.3555896456692914
20
0.8488115354330709
11
0.3554501968503937
21
0.8488
0
LINE
8
BLACK
6
CONTINUOUS
10
0.3554501968503937
20
0.8488
11
0.3553209842519685
21
0.8487464566929134
0
LINE
8
BLACK
6
CONTINUOUS
10
0.3553209842519685
20
0.8487464566929134
11
0.3546681102362205
21
0.8486821653543307
0
LINE
8
BLACK
6
CONTINUOUS
10
0.3546681102362205
20
0.8486821653543307
11
0.3508435826771654
21
0.8486821653543307
0
LINE
8
BLACK
6
CONTINUOUS
10
0.3508435826771654
20
0.8486821653543307
11
0.3501907086614173
21
0.8487464566929134
0
LINE
8
BLACK
6
CONTINUOUS
10
0.3501907086614173
20
0.8487464566929134
11
0.3500614566929134
21
0.8488
0
LINE
8
BLACK
6
CONTINUOUS
10
0.3500614566929134
20
0.8488
11
0.3499220472440945
21
0.8488115354330709
0
LINE
8
BLACK
6
CONTINUOUS
10
0.3499220472440945
20
0.8488115354330709
11
0.349312125984252
21
0.8490531496062992
0
LINE
8
BLACK
6
CONTINUOUS
10
0.349312125984252
20
0.8490531496062992
11
0.3467624409448819
21
0.8503654724409448
0
LINE
8
BLACK
6
CONTINUOUS
10
0.3467624409448819
20
0.8503654724409448
11
0.3466544488188976
21
0.8504352362204725
0
LINE
8
BLACK
6
CONTINUOUS
10
0.3466544488188976
20
0.8504352362204725
11
0.3466033070866142
21
0.8504529133858267
0
LINE
8
BLACK
6
CONTINUOUS
10
0.3466033070866142
20
0.8504529133858267
11
0.346539842519685
21
0.8505092519685039
0
LINE
8
BLACK
6
CONTINUOUS
10
0.346539842519685
20
0.8505092519685039
11
0.3462113385826772
21
0.8507214173228346
0
LINE
8
BLACK
6
CONTINUOUS
10
0.3462113385826772
20
0.8507214173228346
11
0.3459403149606299
21
0.8510414173228347
0
LINE
8
BLACK
6
CONTINUOUS
10
0.3459403149606299
20
0.8510414173228347
11
0.345626811023622
21
0.8513196850393701
0
LINE
8
BLACK
6
CONTINUOUS
10
0.345626811023622
20
0.8513196850393701
11
0.3454222440944882
21
0.8516530708661417
0
LINE
8
BLACK
6
CONTINUOUS
10
0.3454222440944882
20
0.8516530708661417
11
0.3453674803149606
21
0.8517177559055118
0
LINE
8
BLACK
6
CONTINUOUS
10
0.3453674803149606
20
0.8517177559055118
11
0.3453509448818898
21
0.8517692913385827
0
LINE
8
BLACK
6
CONTINUOUS
10
0.3453509448818898
20
0.8517692913385827
11
0.3452837401574803
21
0.8518788582677165
0
LINE
8
BLACK
6
CONTINUOUS
10
0.3452837401574803
20
0.8518788582677165
11
0.3440088976377952
21
0.8545035433070866
0
LINE
8
BLACK
6
CONTINUOUS
10
0.3440088976377952
20
0.8545035433070866
11
0.3437814566929134
21
0.8551188976377952
0
LINE
8
BLACK
6
CONTINUOUS
10
0.3437814566929134
20
0.8551188976377952
11
0.3437754330708661
21
0.8552196456692913
0
LINE
8
BLACK
6
CONTINUOUS
10
0.3437754330708661
20
0.8552196456692913
11
0.3437368897637795
21
0.8553127559055118
0
LINE
8
BLACK
6
CONTINUOUS
10
0.3437368897637795
20
0.8553127559055118
11
0.3436725984251968
21
0.8559656299212598
0
LINE
8
BLACK
6
CONTINUOUS
10
0.3436725984251968
20
0.8559656299212598
11
0.3436725984251968
21
0.8704013385826771
0
LINE
8
BLACK
6
CONTINUOUS
10
0.3436725984251968
20
0.8704013385826771
11
0.3437368897637795
21
0.8710542125984252
0
LINE
8
BLACK
6
CONTINUOUS
10
0.3437368897637795
20
0.8710542125984252
11
0.3442365748031496
21
0.8722605118110236
0
LINE
8
BLACK
6
CONTINUOUS
10
0.3442365748031496
20
0.8722605118110236
11
0.3451598818897638
21
0.8731838188976377
0
LINE
8
BLACK
6
CONTINUOUS
10
0.3451598818897638
20
0.8731838188976377
11
0.3463661811023622
21
0.8736835039370079
0
LINE
8
BLACK
6
CONTINUOUS
10
0.3463661811023622
20
0.8736835039370079
11
0.3476719291338582
21
0.8736835039370079
0
LINE
8
BLACK
6
CONTINUOUS
10
0.3476719291338582
20
0.8736835039370079
11
0.3488782283464567
21
0.8731838188976377
0
LINE
8
BLACK
6
CONTINUOUS
10
0.2453802362204724
20
0.882514094488189
11
0.2463765748031496
21
0.8816702362204725
0
LINE
8
BLACK
6
CONTINUOUS
10
0.2463765748031496
20
0.8816702362204725
11
0.2469741338582677
21
0.8805092519685039
0
LINE
8
BLACK
6
CONTINUOUS
10
0.2469741338582677
20
0.8805092519685039
11
0.2470818897637795
21
0.8792079921259842
0
LINE
8
BLACK
6
CONTINUOUS
10
0.2470818897637795
20
0.8792079921259842
11
0.2466835039370079
21
0.8779644881889763
0
LINE
8
BLACK
6
CONTINUOUS
10
0.2466835039370079
20
0.8779644881889763
11
0.2458396062992126
21
0.8769681496062992
0
LINE
8
BLACK
6
CONTINUOUS
10
0.2458396062992126
20
0.8769681496062992
11
0.2452885039370079
21
0.8766122047244095
0
LINE
8
BLACK
6
CONTINUOUS
10
0.2452885039370079
20
0.8766122047244095
11
0.2432259448818898
21
0.8755506299212599
0
LINE
8
BLACK
6
CONTINUOUS
10
0.2432259448818898
20
0.8755506299212599
11
0.2428058661417323
21
0.8751182283464567
0
LINE
8
BLACK
6
CONTINUOUS
10
0.2428058661417323
20
0.8751182283464567
11
0.2409476377952756
21
0.8703359842519685
0
LINE
8
BLACK
6
CONTINUOUS
10
0.2409476377952756
20
0.8703359842519685
11
0.2469186220472441
21
0.8531254724409448
0
LINE
8
BLACK
6
CONTINUOUS
10
0.2469186220472441
20
0.8531254724409448
11
0.2470718897637795
21
0.8524875984251968
0
LINE
8
BLACK
6
CONTINUOUS
10
0.2470718897637795
20
0.8524875984251968
11
0.2469951968503937
21
0.8511841732283464
0
LINE
8
BLACK
6
CONTINUOUS
10
0.2469951968503937
20
0.8511841732283464
11
0.2464255511811023
21
0.850009251968504
0
LINE
8
BLACK
6
CONTINUOUS
10
0.2464255511811023
20
0.850009251968504
11
0.2454496456692913
21
0.8491417716535433
0
LINE
8
BLACK
6
CONTINUOUS
10
0.2454496456692913
20
0.8491417716535433
11
0.244216062992126
21
0.848713779527559
0
LINE
8
BLACK
6
CONTINUOUS
10
0.244216062992126
20
0.848713779527559
11
0.2429125984251969
21
0.8487904724409449
0
LINE
8
BLACK
6
CONTINUOUS
10
0.2429125984251969
20
0.8487904724409449
11
0.2417376771653543
21
0.8493601181102362
0
LINE
8
BLACK
6
CONTINUOUS
10
0.2417376771653543
20
0.8493601181102362
11
0.2408701968503937
21
0.8503359842519684
0
LINE
8
BLACK
6
CONTINUOUS
10
0.2408701968503937
20
0.8503359842519684
11
0.2405954724409449
21
0.8509317322834645
0
LINE
8
BLACK
6
CONTINUOUS
10
0.2405954724409449
20
0.8509317322834645
11
0.2373827952755906
21
0.8601916929133858
0
LINE
8
BLACK
6
CONTINUOUS
10
0.2373827952755906
20
0.8601916929133858
11
0.2341701968503937
21
0.8509317322834645
0
LINE
8
BLACK
6
CONTINUOUS
10
0.2341701968503937
20
0.8509317322834645
11
0.2338954724409449
21
0.8503360236220472
0
LINE
8
BLACK
6
CONTINUOUS
10
0.2338954724409449
20
0.8503360236220472
11
0.2330279921259842
21
0.8493601181102362
0
LINE
8
BLACK
6
CONTINUOUS
10
0.2330279921259842
20
0.8493601181102362
11
0.2318530708661417
21
0.8487904724409449
0
LINE
8
BLACK
6
CONTINUOUS
10
0.2318530708661417
20
0.8487904724409449
11
0.2305496062992126
21
0.848713779527559
0
LINE
8
BLACK
6
CONTINUOUS
10
0.2305496062992126
20
0.848713779527559
11
0.2293160236220472
21
0.8491417716535433
0
LINE
8
BLACK
6
CONTINUOUS
10
0.2293160236220472
20
0.8491417716535433
11
0.2283401181102362
21
0.850009251968504
0
LINE
8
BLACK
6
CONTINUOUS
10
0.2283401181102362
20
0.850009251968504
11
0.2277704724409449
21
0.8511841732283464
0
LINE
8
BLACK
6
CONTINUOUS
10
0.2277704724409449
20
0.8511841732283464
11
0.227693779527559
21
0.8524876377952756
0
LINE
8
BLACK
6
CONTINUOUS
10
0.227693779527559
20
0.8524876377952756
11
0.2278470472440945
21
0.8531255118110236
0
LINE
8
BLACK
6
CONTINUOUS
10
0.2278470472440945
20
0.8531255118110236
11
0.2342212598425197
21
0.8714982283464566
0
LINE
8
BLACK
6
CONTINUOUS
10
0.2342212598425197
20
0.8714982283464566
11
0.234246968503937
21
0.871554094488189
0
LINE
8
BLACK
6
CONTINUOUS
10
0.234246968503937
20
0.871554094488189
11
0.2342635826771653
21
0.8716133858267716
0
LINE
8
BLACK
6
CONTINUOUS
10
0.2342635826771653
20
0.8716133858267716
11
0.2368132677165354
21
0.8781750393700787
0
LINE
8
BLACK
6
CONTINUOUS
10
0.2368132677165354
20
0.8781750393700787
11
0.2371096456692913
21
0.8787603149606299
0
LINE
8
BLACK
6
CONTINUOUS
10
0.2371096456692913
20
0.8787603149606299
11
0.2371185433070866
21
0.87876968503937
0
LINE
8
BLACK
6
CONTINUOUS
10
0.2371185433070866
20
0.87876968503937
11
0.2371233464566929
21
0.8787816535433071
0
LINE
8
BLACK
6
CONTINUOUS
10
0.2371233464566929
20
0.8787816535433071
11
0.2375321653543307
21
0.8792947244094488
0
LINE
8
BLACK
6
CONTINUOUS
10
0.2375321653543307
20
0.8792947244094488
11
0.238806968503937
21
0.8806070866141732
0
LINE
8
BLACK
6
CONTINUOUS
10
0.238806968503937
20
0.8806070866141732
11
0.2390677165354331
21
0.8808275196850394
0
LINE
8
BLACK
6
CONTINUOUS
10
0.2390677165354331
20
0.8808275196850394
11
0.2391248031496063
21
0.8808948818897637
0
LINE
8
BLACK
6
CONTINUOUS
10
0.2391248031496063
20
0.8808948818897637
11
0.2392207480314961
21
0.8809568897637795
0
LINE
8
BLACK
6
CONTINUOUS
10
0.2392207480314961
20
0.8809568897637795
11
0.2393079921259842
21
0.881030590551181
0
LINE
8
BLACK
6
CONTINUOUS
10
0.2393079921259842
20
0.881030590551181
11
0.2393890157480315
21
0.8810655511811023
0
LINE
8
BLACK
6
CONTINUOUS
10
0.2393890157480315
20
0.8810655511811023
11
0.239675905511811
21
0.8812508267716536
0
LINE
8
BLACK
6
CONTINUOUS
10
0.239675905511811
20
0.8812508267716536
11
0.2422255905511811
21
0.8825631496062992
0
LINE
8
BLACK
6
CONTINUOUS
10
0.2422255905511811
20
0.8825631496062992
11
0.2428355118110236
21
0.8828047637795275
0
LINE
8
BLACK
6
CONTINUOUS
10
0.2428355118110236
20
0.8828047637795275
11
0.2441367322834646
21
0.8829125196850394
0
LINE
8
BLACK
6
CONTINUOUS
10
0.2441367322834646
20
0.8829125196850394
11
0.2453802362204724
21
0.882514094488189
0
LINE
8
BLACK
6
CONTINUOUS
10
0.3795429527559055
20
0.8736835039370079
11
0.3796721653543307
21
0.87363
0
LINE
8
BLACK
6
CONTINUOUS
10
0.3796721653543307
20
0.87363
11
0.3798116535433071
21
0.8736184251968504
0
LINE
8
BLACK
6
CONTINUOUS
10
0.3798116535433071
20
0.8736184251968504
11
0.3804215748031496
21
0.8733767716535433
0
LINE
8
BLACK
6
CONTINUOUS
10
0.3804215748031496
20
0.8733767716535433
11
0.3829712598425197
21
0.8720644094488189
0
LINE
8
BLACK
6
CONTINUOUS
10
0.3829712598425197
20
0.8720644094488189
11
0.3830791338582677
21
0.8719947244094488
0
LINE
8
BLACK
6
CONTINUOUS
10
0.3830791338582677
20
0.8719947244094488
11
0.3831303149606299
21
0.8719770078740158
0
LINE
8
BLACK
6
CONTINUOUS
10
0.3831303149606299
20
0.8719770078740158
11
0.3831937401574803
21
0.8719207086614174
0
LINE
8
BLACK
6
CONTINUOUS
10
0.3831937401574803
20
0.8719207086614174
11
0.3835223228346457
21
0.8717084645669291
0
LINE
8
BLACK
6
CONTINUOUS
10
0.3835223228346457
20
0.8717084645669291
11
0.3837932677165354
21
0.8713885826771653
0
LINE
8
BLACK
6
CONTINUOUS
10
0.3837932677165354
20
0.8713885826771653
11
0.3841068503937008
21
0.8711102362204725
0
LINE
8
BLACK
6
CONTINUOUS
10
0.3841068503937008
20
0.8711102362204725
11
0.3843113779527559
21
0.8707768897637795
0
LINE
8
BLACK
6
CONTINUOUS
10
0.3843113779527559
20
0.8707768897637795
11
0.384366220472441
21
0.870712125984252
0
LINE
8
BLACK
6
CONTINUOUS
10
0.384366220472441
20
0.870712125984252
11
0.384382716535433
21
0.8706605905511811
0
LINE
8
BLACK
6
CONTINUOUS
10
0.384382716535433
20
0.8706605905511811
11
0.3844499212598425
21
0.8705510629921259
0
LINE
8
BLACK
6
CONTINUOUS
10
0.3844499212598425
20
0.8705510629921259
11
0.3857247637795275
21
0.8679264173228346
0
LINE
8
BLACK
6
CONTINUOUS
10
0.3857247637795275
20
0.8679264173228346
11
0.3859521653543307
21
0.867311062992126
0
LINE
8
BLACK
6
CONTINUOUS
10
0.3859521653543307
20
0.867311062992126
11
0.3859581496062992
21
0.8672104330708661
0
LINE
8
BLACK
6
CONTINUOUS
10
0.3859581496062992
20
0.8672104330708661
11
0.3859967716535433
21
0.8671172047244095
0
LINE
8
BLACK
6
CONTINUOUS
10
0.3859967716535433
20
0.8671172047244095
11
0.386061062992126
21
0.8664643307086614
0
LINE
8
BLACK
6
CONTINUOUS
10
0.386061062992126
20
0.8664643307086614
11
0.386061062992126
21
0.8520286220472441
0
LINE
8
BLACK
6
CONTINUOUS
10
0.386061062992126
20
0.8520286220472441
11
0.3859967716535433
21
0.8513757480314961
0
LINE
8
BLACK
6
CONTINUOUS
10
0.3859967716535433
20
0.8513757480314961
11
0.3854970866141732
21
0.8501694488188977
0
LINE
8
BLACK
6
CONTINUOUS
10
0.3854970866141732
20
0.8501694488188977
11
0.3845737795275591
21
0.8492461417322834
0
LINE
8
BLACK
6
CONTINUOUS
10
0.3845737795275591
20
0.8492461417322834
11
0.3833674803149606
21
0.8487464566929134
0
LINE
8
BLACK
6
CONTINUOUS
10
0.3833674803149606
20
0.8487464566929134
11
0.3820617322834646
21
0.8487464566929134
0
LINE
8
BLACK
6
CONTINUOUS
10
0.3820617322834646
20
0.8487464566929134
11
0.3808554330708661
21
0.8492461417322834
0
LINE
8
BLACK
6
CONTINUOUS
10
0.3808554330708661
20
0.8492461417322834
11
0.379932125984252
21
0.8501694488188977
0
LINE
8
BLACK
6
CONTINUOUS
10
0.379932125984252
20
0.8501694488188977
11
0.3794324409448819
21
0.8513757480314961
0
LINE
8
BLACK
6
CONTINUOUS
10
0.3794324409448819
20
0.8513757480314961
11
0.3793681496062992
21
0.8520286220472441
0
LINE
8
BLACK
6
CONTINUOUS
10
0.3793681496062992
20
0.8520286220472441
11
0.3793681496062992
21
0.8656946456692913
0
LINE
8
BLACK
6
CONTINUOUS
10
0.3793681496062992
20
0.8656946456692913
11
0.3789167716535433
21
0.8666238582677165
0
LINE
8
BLACK
6
CONTINUOUS
10
0.3789167716535433
20
0.8666238582677165
11
0.3780794094488189
21
0.8670548818897638
0
LINE
8
BLACK
6
CONTINUOUS
10
0.3780794094488189
20
0.8670548818897638
11
0.375876220472441
21
0.8670548818897638
0
LINE
8
BLACK
6
CONTINUOUS
10
0.375876220472441
20
0.8670548818897638
11
0.3745874803149606
21
0.8663915748031495
0
LINE
8
BLACK
6
CONTINUOUS
10
0.3745874803149606
20
0.8663915748031495
11
0.3745874803149606
21
0.8520286220472441
0
LINE
8
BLACK
6
CONTINUOUS
10
0.3745874803149606
20
0.8520286220472441
11
0.3745231889763779
21
0.8513757480314961
0
LINE
8
BLACK
6
CONTINUOUS
10
0.3745231889763779
20
0.8513757480314961
11
0.3740235039370078
21
0.8501694488188977
0
LINE
8
BLACK
6
CONTINUOUS
10
0.3740235039370078
20
0.8501694488188977
11
0.3731001968503937
21
0.8492461417322834
0
LINE
8
BLACK
6
CONTINUOUS
10
0.3731001968503937
20
0.8492461417322834
11
0.3718938976377953
21
0.8487464566929134
0
LINE
8
BLACK
6
CONTINUOUS
10
0.3718938976377953
20
0.8487464566929134
11
0.3705881496062992
21
0.8487464566929134
0
LINE
8
BLACK
6
CONTINUOUS
10
0.3705881496062992
20
0.8487464566929134
11
0.3693818503937008
21
0.8492461417322834
0
LINE
8
BLACK
6
CONTINUOUS
10
0.3693818503937008
20
0.8492461417322834
11
0.3684585433070866
21
0.8501694488188977
0
LINE
8
BLACK
6
CONTINUOUS
10
0.3684585433070866
20
0.8501694488188977
11
0.3679588582677165
21
0.8513757480314961
0
LINE
8
BLACK
6
CONTINUOUS
10
0.3679588582677165
20
0.8513757480314961
11
0.3678945669291339
21
0.8520286220472441
0
LINE
8
BLACK
6
CONTINUOUS
10
0.3678945669291339
20
0.8520286220472441
11
0.3678945669291339
21
0.8704013385826771
0
LINE
8
BLACK
6
CONTINUOUS
10
0.3678945669291339
20
0.8704013385826771
11
0.3679588582677165
21
0.8710542125984252
0
LINE
8
BLACK
6
CONTINUOUS
10
0.3679588582677165
20
0.8710542125984252
11
0.3684585433070866
21
0.8722605118110236
0
LINE
8
BLACK
6
CONTINUOUS
10
0.3684585433070866
20
0.8722605118110236
11
0.3693818503937008
21
0.8731838188976377
0
LINE
8
BLACK
6
CONTINUOUS
10
0.3693818503937008
20
0.8731838188976377
11
0.3705881496062992
21
0.8736835039370079
0
LINE
8
BLACK
6
CONTINUOUS
10
0.3705881496062992
20
0.8736835039370079
11
0.3718938976377953
21
0.8736835039370079
0
LINE
8
BLACK
6
CONTINUOUS
10
0.3718938976377953
20
0.8736835039370079
11
0.3731001968503937
21
0.8731838188976377
0
LINE
8
BLACK
6
CONTINUOUS
10
0.3731001968503937
20
0.8731838188976377
11
0.3731201968503937
21
0.8731638188976377
0
LINE
8
BLACK
6
CONTINUOUS
10
0.3731201968503937
20
0.8731638188976377
11
0.3735340157480315
21
0.8733767716535433
0
LINE
8
BLACK
6
CONTINUOUS
10
0.3735340157480315
20
0.8733767716535433
11
0.374143937007874
21
0.8736183858267716
0
LINE
8
BLACK
6
CONTINUOUS
10
0.374143937007874
20
0.8736183858267716
11
0.3742833464566929
21
0.8736299606299213
0
LINE
8
BLACK
6
CONTINUOUS
10
0.3742833464566929
20
0.8736299606299213
11
0.3744126771653543
21
0.8736835039370079
0
LINE
8
BLACK
6
CONTINUOUS
10
0.3744126771653543
20
0.8736835039370079
11
0.3750655511811024
21
0.8737477952755905
0
LINE
8
BLACK
6
CONTINUOUS
10
0.3750655511811024
20
0.8737477952755905
11
0.3788900787401575
21
0.8737477952755905
0
LINE
8
BLACK
6
CONTINUOUS
10
0.3788900787401575
20
0.8737477952755905
11
0.3795429527559055
21
0.8736835039370079
0
LINE
8
BLACK
6
CONTINUOUS
10
0.2214379921259843
20
0.8736835039370079
11
0.2214627952755905
21
0.8736835039370079
0
LINE
8
BLACK
6
CONTINUOUS
10
0.2214627952755905
20
0.8736835039370079
11
0.2214856692913386
21
0.8736740551181102
0
LINE
8
BLACK
6
CONTINUOUS
10
0.2214856692913386
20
0.8736740551181102
11
0.2215103149606299
21
0.8736736614173228
0
LINE
8
BLACK
6
CONTINUOUS
10
0.2215103149606299
20
0.8736736614173228
11
0.2220664566929134
21
0.8734338188976378
0
LINE
8
BLACK
6
CONTINUOUS
10
0.2220664566929134
20
0.8734338188976378
11
0.2226285433070866
21
0.8732104724409449
0
LINE
8
BLACK
6
CONTINUOUS
10
0.2226285433070866
20
0.8732104724409449
11
0.222646220472441
21
0.8731933070866141
0
LINE
8
BLACK
6
CONTINUOUS
10
0.222646220472441
20
0.8731933070866141
11
0.222669094488189
21
0.8731838188976377
0
LINE
8
BLACK
6
CONTINUOUS
10
0.222669094488189
20
0.8731838188976377
11
0.2226865354330708
21
0.8731663779527559
0
LINE
8
BLACK
6
CONTINUOUS
10
0.2226865354330708
20
0.8731663779527559
11
0.2227092519685039
21
0.8731565748031496
0
LINE
8
BLACK
6
CONTINUOUS
10
0.2227092519685039
20
0.8731565748031496
11
0.2232102755905512
21
0.8727330708661417
0
LINE
8
BLACK
6
CONTINUOUS
10
0.2232102755905512
20
0.8727330708661417
11
0.2244851181102362
21
0.8714207480314961
0
LINE
8
BLACK
6
CONTINUOUS
10
0.2244851181102362
20
0.8714207480314961
11
0.2247941338582677
21
0.871032874015748
0
LINE
8
BLACK
6
CONTINUOUS
10
0.2247941338582677
20
0.871032874015748
11
0.2248400393700787
21
0.8709882677165354
0
LINE
8
BLACK
6
CONTINUOUS
10
0.2248400393700787
20
0.8709882677165354
11
0.2248522834645669
21
0.8709598818897638
0
LINE
8
BLACK
6
CONTINUOUS
10
0.2248522834645669
20
0.8709598818897638
11
0.2248938976377953
21
0.8709076377952756
0
LINE
8
BLACK
6
CONTINUOUS
10
0.2248938976377953
20
0.8709076377952756
11
0.2251171653543307
21
0.870345748031496
0
LINE
8
BLACK
6
CONTINUOUS
10
0.2251171653543307
20
0.870345748031496
11
0.225357125984252
21
0.8697893307086614
0
LINE
8
BLACK
6
CONTINUOUS
10
0.225357125984252
20
0.8697893307086614
11
0.2253578346456693
21
0.86974
0
LINE
8
BLACK
6
CONTINUOUS
10
0.2253578346456693
20
0.86974
11
0.2253760236220472
21
0.8696942125984252
0
LINE
8
BLACK
6
CONTINUOUS
10
0.2253760236220472
20
0.8696942125984252
11
0.2253672440944882
21
0.8690896062992126
0
LINE
8
BLACK
6
CONTINUOUS
10
0.2253672440944882
20
0.8690896062992126
11
0.2253760236220472
21
0.8684837007874016
0
LINE
8
BLACK
6
CONTINUOUS
10
0.2253760236220472
20
0.8684837007874016
11
0.2253577952755906
21
0.868437874015748
0
LINE
8
BLACK
6
CONTINUOUS
10
0.2253577952755906
20
0.868437874015748
11
0.2253570866141732
21
0.8683885826771653
0
LINE
8
BLACK
6
CONTINUOUS
10
0.2253570866141732
20
0.8683885826771653
11
0.2251174803149606
21
0.8678331496062992
0
LINE
8
BLACK
6
CONTINUOUS
10
0.2251174803149606
20
0.8678331496062992
11
0.2248938976377953
21
0.8672703149606299
0
LINE
8
BLACK
6
CONTINUOUS
10
0.2248938976377953
20
0.8672703149606299
11
0.2248522047244094
21
0.867218031496063
0
LINE
8
BLACK
6
CONTINUOUS
10
0.2248522047244094
20
0.867218031496063
11
0.22484
21
0.8671896456692914
0
LINE
8
BLACK
6
CONTINUOUS
10
0.22484
20
0.8671896456692914
11
0.2247941338582677
21
0.8671451181102362
0
LINE
8
BLACK
6
CONTINUOUS
10
0.2247941338582677
20
0.8671451181102362
11
0.2244851181102362
21
0.8667572047244094
0
LINE
8
BLACK
6
CONTINUOUS
10
0.2244851181102362
20
0.8667572047244094
11
0.2232102362204724
21
0.8654448818897638
0
LINE
8
BLACK
6
CONTINUOUS
10
0.2232102362204724
20
0.8654448818897638
11
0.2227092125984252
21
0.8650213779527559
0
LINE
8
BLACK
6
CONTINUOUS
10
0.2227092125984252
20
0.8650213779527559
11
0.2226864960629921
21
0.8650116141732284
0
LINE
8
BLACK
6
CONTINUOUS
10
0.2226864960629921
20
0.8650116141732284
11
0.222669094488189
21
0.8649941732283465
0
LINE
8
BLACK
6
CONTINUOUS
10
0.222669094488189
20
0.8649941732283465
11
0.2226463385826772
21
0.8649847637795275
0
LINE
8
BLACK
6
CONTINUOUS
10
0.2226463385826772
20
0.8649847637795275
11
0.2226286220472441
21
0.8649675196850394
0
LINE
8
BLACK
6
CONTINUOUS
10
0.2226286220472441
20
0.8649675196850394
11
0.2220661811023622
21
0.8647440551181103
0
LINE
8
BLACK
6
CONTINUOUS
10
0.2220661811023622
20
0.8647440551181103
11
0.2215102755905512
21
0.8645042913385826
0
LINE
8
BLACK
6
CONTINUOUS
10
0.2215102755905512
20
0.8645042913385826
11
0.2214855905511811
21
0.864503937007874
0
LINE
8
BLACK
6
CONTINUOUS
10
0.2214855905511811
20
0.864503937007874
11
0.2214627952755905
21
0.8644944881889763
0
LINE
8
BLACK
6
CONTINUOUS
10
0.2214627952755905
20
0.8644944881889763
11
0.2214380708661417
21
0.8644944881889763
0
LINE
8
BLACK
6
CONTINUOUS
10
0.2214380708661417
20
0.8644944881889763
11
0.2214151968503937
21
0.8644853937007874
0
LINE
8
BLACK
6
CONTINUOUS
10
0.2214151968503937
20
0.8644853937007874
11
0.2208099212598425
21
0.8644941732283464
0
LINE
8
BLACK
6
CONTINUOUS
10
0.2208099212598425
20
0.8644941732283464
11
0.2202046456692913
21
0.8644853937007874
0
LINE
8
BLACK
6
CONTINUOUS
10
0.2202046456692913
20
0.8644853937007874
11
0.2201817716535433
21
0.8644944881889763
0
LINE
8
BLACK
6
CONTINUOUS
10
0.2201817716535433
20
0.8644944881889763
11
0.2201570472440945
21
0.8644944881889763
0
LINE
8
BLACK
6
CONTINUOUS
10
0.2201570472440945
20
0.8644944881889763
11
0.2201342125984252
21
0.864503937007874
0
LINE
8
BLACK
6
CONTINUOUS
10
0.2201342125984252
20
0.864503937007874
11
0.2201095669291339
21
0.8645042913385826
0
LINE
8
BLACK
6
CONTINUOUS
10
0.2201095669291339
20
0.8645042913385826
11
0.2195536220472441
21
0.8647440551181103
0
LINE
8
BLACK
6
CONTINUOUS
10
0.2195536220472441
20
0.8647440551181103
11
0.2189912204724409
21
0.8649675196850394
0
LINE
8
BLACK
6
CONTINUOUS
10
0.2189912204724409
20
0.8649675196850394
11
0.2189734645669291
21
0.8649847637795275
0
LINE
8
BLACK
6
CONTINUOUS
10
0.2189734645669291
20
0.8649847637795275
11
0.2189507480314961
21
0.8649941732283465
0
LINE
8
BLACK
6
CONTINUOUS
10
0.2189507480314961
20
0.8649941732283465
11
0.2189333070866142
21
0.8650116141732284
0
LINE
8
BLACK
6
CONTINUOUS
10
0.2189333070866142
20
0.8650116141732284
11
0.2189106299212598
21
0.8650213779527559
0
LINE
8
BLACK
6
CONTINUOUS
10
0.2189106299212598
20
0.8650213779527559
11
0.2184096062992126
21
0.8654448818897638
0
LINE
8
BLACK
6
CONTINUOUS
10
0.2184096062992126
20
0.8654448818897638
11
0.2171347637795276
21
0.8667572047244094
0
LINE
8
BLACK
6
CONTINUOUS
10
0.2171347637795276
20
0.8667572047244094
11
0.2168256299212598
21
0.867145157480315
0
LINE
8
BLACK
6
CONTINUOUS
10
0.2168256299212598
20
0.867145157480315
11
0.216779842519685
21
0.8671896456692914
0
LINE
8
BLACK
6
CONTINUOUS
10
0.216779842519685
20
0.8671896456692914
11
0.2167675984251969
21
0.8672179921259843
0
LINE
8
BLACK
6
CONTINUOUS
10
0.2167675984251969
20
0.8672179921259843
11
0.2167259448818898
21
0.8672702755905511
0
LINE
8
BLACK
6
CONTINUOUS
10
0.2167259448818898
20
0.8672702755905511
11
0.2165022047244095
21
0.8678333858267716
0
LINE
8
BLACK
6
CONTINUOUS
10
0.2165022047244095
20
0.8678333858267716
11
0.2162627559055118
21
0.8683885826771653
0
LINE
8
BLACK
6
CONTINUOUS
10
0.2162627559055118
20
0.8683885826771653
11
0.2162620078740158
21
0.868437874015748
0
LINE
8
BLACK
6
CONTINUOUS
10
0.2162620078740158
20
0.868437874015748
11
0.2162438188976378
21
0.8684837007874016
0
LINE
8
BLACK
6
CONTINUOUS
10
0.2162438188976378
20
0.8684837007874016
11
0.2162525590551181
21
0.8690896062992126
0
LINE
8
BLACK
6
CONTINUOUS
10
0.2162525590551181
20
0.8690896062992126
11
0.2162438188976378
21
0.8696941732283464
0
LINE
8
BLACK
6
CONTINUOUS
10
0.2162438188976378
20
0.8696941732283464
11
0.216261968503937
21
0.8697399606299212
0
LINE
8
BLACK
6
CONTINUOUS
10
0.216261968503937
20
0.8697399606299212
11
0.2162627165354331
21
0.8697893307086614
0
LINE
8
BLACK
6
CONTINUOUS
10
0.2162627165354331
20
0.8697893307086614
11
0.2165024803149606
21
0.8703453149606299
0
LINE
8
BLACK
6
CONTINUOUS
10
0.2165024803149606
20
0.8703453149606299
11
0.216725905511811
21
0.8709076377952756
0
LINE
8
BLACK
6
CONTINUOUS
10
0.216725905511811
20
0.8709076377952756
11
0.2167675590551181
21
0.8709599606299212
0
LINE
8
BLACK
6
CONTINUOUS
10
0.2167675590551181
20
0.8709599606299212
11
0.2167798031496063
21
0.8709882677165354
0
LINE
8
BLACK
6
CONTINUOUS
10
0.2167798031496063
20
0.8709882677165354
11
0.2168255905511811
21
0.8710327952755905
0
LINE
8
BLACK
6
CONTINUOUS
10
0.2168255905511811
20
0.8710327952755905
11
0.2171347244094488
21
0.8714207086614173
0
LINE
8
BLACK
6
CONTINUOUS
10
0.2171347244094488
20
0.8714207086614173
11
0.2184095275590551
21
0.8727330708661417
0
LINE
8
BLACK
6
CONTINUOUS
10
0.2184095275590551
20
0.8727330708661417
11
0.2189105511811024
21
0.8731565748031496
0
LINE
8
BLACK
6
CONTINUOUS
10
0.2189105511811024
20
0.8731565748031496
11
0.2189333070866142
21
0.8731664173228346
0
LINE
8
BLACK
6
CONTINUOUS
10
0.2189333070866142
20
0.8731664173228346
11
0.2189507480314961
21
0.8731838188976377
0
LINE
8
BLACK
6
CONTINUOUS
10
0.2189507480314961
20
0.8731838188976377
11
0.2189734645669291
21
0.8731932677165354
0
LINE
8
BLACK
6
CONTINUOUS
10
0.2189734645669291
20
0.8731932677165354
11
0.2189912598425197
21
0.8732105118110236
0
LINE
8
BLACK
6
CONTINUOUS
10
0.2189912598425197
20
0.8732105118110236
11
0.2195540157480315
21
0.873434094488189
0
LINE
8
BLACK
6
CONTINUOUS
10
0.2195540157480315
20
0.873434094488189
11
0.2201095275590551
21
0.8736736614173228
0
LINE
8
BLACK
6
CONTINUOUS
10
0.2201095275590551
20
0.8736736614173228
11
0.2201341338582677
21
0.8736740551181102
0
LINE
8
BLACK
6
CONTINUOUS
10
0.2201341338582677
20
0.8736740551181102
11
0.2201570472440945
21
0.8736835039370079
0
LINE
8
BLACK
6
CONTINUOUS
10
0.2201570472440945
20
0.8736835039370079
11
0.2201818503937008
21
0.8736835039370079
0
LINE
8
BLACK
6
CONTINUOUS
10
0.2201818503937008
20
0.8736835039370079
11
0.2202047244094488
21
0.8736925984251969
0
LINE
8
BLACK
6
CONTINUOUS
10
0.2202047244094488
20
0.8736925984251969
11
0.2208099212598425
21
0.8736838582677166
0
LINE
8
BLACK
6
CONTINUOUS
10
0.2208099212598425
20
0.8736838582677166
11
0.2214151181102362
21
0.8736925984251969
0
LINE
8
BLACK
6
CONTINUOUS
10
0.2214151181102362
20
0.8736925984251969
11
0.2214379921259843
21
0.8736835039370079
0
CIRCLE
8
BLACK
10
0.0984251968503937
20
0.
40
0.0068897637795276
0
CIRCLE
8
BLACK
10
0.0984251968503937
20
0.905511811023622
40
0.0068897637795276
0
CIRCLE
8
BLACK
10
0.8858267716535433
20
0.905511811023622
40
0.0068897637795276
0
CIRCLE
8
BLACK
10
0.4921259842519685
20
0.905511811023622
40
0.0068897637795276
0
CIRCLE
8
BLACK
10
0.8858267716535433
20
0.
40
0.0068897637795276
0
CIRCLE
8
BLACK
10
0.4921259842519685
20
0.
40
0.0068897637795276
0
CIRCLE
8
BLACK
10
0.084488188976378
20
0.7399212598425197
40
0.0078740157480315
0
CIRCLE
8
BLACK
10
0.084488188976378
20
0.1690551181102362
40
0.0078740157480315
0
CIRCLE
8
BLACK
10
0.042
20
0.452
40
0.0078740157480315
0
CIRCLE
8
BLACK
10
0.378
20
0.438
40
0.0078740157480315
0
CIRCLE
8
BLACK
10
0.1907874015748031
20
0.3737795275590551
40
0.0078740157480315
0
CIRCLE
8
BLACK
10
0.3976377952755906
20
0.5708661417322834
40
0.0078740157480315
0
CIRCLE
8
BLACK
10
0.0411811023622047
20
0.1690551181102362
40
0.0078740157480315
0
CIRCLE
8
BLACK
10
0.91
20
0.754
40
0.0078740157480315
0
CIRCLE
8
BLACK
10
0.944
20
0.754
40
0.0078740157480315
0
CIRCLE
8
BLACK
10
0.8039999999999999
20
0.112
40
0.0078740157480315
0
CIRCLE
8
BLACK
10
0.248
20
0.708
40
0.0078740157480315
0
CIRCLE
8
BLACK
10
0.0411811023622047
20
0.7399212598425197
40
0.0078740157480315
0
CIRCLE
8
BLACK
10
0.248
20
0.754
40
0.0078740157480315
0
CIRCLE
8
BLACK
10
0.052
20
0.346
40
0.0078740157480315
0
CIRCLE
8
BLACK
10
0.296
20
0.494
40
0.0078740157480315
0
CIRCLE
8
BLACK
10
0.3149606299212598
20
0.3503937007874016
40
0.0078740157480315
0
CIRCLE
8
BLACK
10
0.494
20
0.278
40
0.0078740157480315
0
CIRCLE
8
BLACK
10
0.9359999999999999
20
0.166
40
0.0078740157480315
0
CIRCLE
8
BLACK
10
0.092
20
0.5619999999999999
40
0.0078740157480315
0
CIRCLE
8
BLACK
10
0.574
20
0.354
40
0.0078740157480315
0
CIRCLE
8
BLACK
10
0.9112598425196851
20
0.4525196850393701
40
0.0078740157480315
0
CIRCLE
8
BLACK
10
0.42
20
0.178
40
0.0078740157480315
0
CIRCLE
8
BLACK
10
0.9506299212598425
20
0.4525196850393701
40
0.0078740157480315
0
CIRCLE
8
BLACK
10
0.042
20
0.5619999999999999
40
0.0078740157480315
0
CIRCLE
8
BLACK
10
0.236
20
0.084
40
0.0078740157480315
0
CIRCLE
8
BLACK
10
0.088
20
0.452
40
0.0078740157480315
0
CIRCLE
8
BLACK
10
0.5681014566929133
20
0.1848451181102362
40
0.0078740157480315
0
CIRCLE
8
BLACK
10
0.5265748031496063
20
0.7505905511811023
40
0.0078740157480315
0
CIRCLE
8
BLACK
10
0.67
20
0.318
40
0.0078740157480315
0
CIRCLE
8
BLACK
10
0.416
20
0.612
40
0.0078740157480315
0
CIRCLE
8
BLACK
10
0.5923622047244095
20
0.562755905511811
40
0.0078740157480315
0
CIRCLE
8
BLACK
10
0.8837007874015748
20
0.7123622047244095
40
0.0078740157480315
0
CIRCLE
8
BLACK
10
0.855
20
0.3297244094488189
40
0.0078740157480315
0
CIRCLE
8
BLACK
10
0.5619999999999999
20
0.08
40
0.0078740157480315
0
CIRCLE
8
BLACK
10
0.43
20
0.3464606299212598
40
0.0078740157480315
0
CIRCLE
8
BLACK
10
0.51
20
0.366
40
0.0078740157480315
0
CIRCLE
8
BLACK
10
0.26
20
0.252
40
0.0078740157480315
0
CIRCLE
8
BLACK
10
0.3008672834645669
20
0.408
40
0.0078740157480315
0
CIRCLE
8
BLACK
10
0.2457881102362205
20
0.4068588582677165
40
0.0078740157480315
0
CIRCLE
8
BLACK
10
0.4625984251968504
20
0.3225984251968504
40
0.0078740157480315
0
CIRCLE
8
BLACK
10
0.542
20
0.328
40
0.0078740157480315
0
CIRCLE
8
BLACK
10
0.7175501574803149
20
0.2483366535433071
40
0.0078740157480315
0
CIRCLE
8
BLACK
10
0.872
20
0.2529724409448819
40
0.0078740157480315
0
CIRCLE
8
BLACK
10
0.7205266929133858
20
0.6274733070866142
40
0.0078740157480315
0
CIRCLE
8
BLACK
10
0.595
20
0.4175393700787401
40
0.0078740157480315
0
CIRCLE
8
BLACK
10
0.4153740157480315
20
0.4103020866141732
40
0.0078740157480315
0
CIRCLE
8
BLACK
10
0.872
20
0.648
40
0.0078740157480315
0
CIRCLE
8
BLACK
10
0.6365698425196851
20
0.6023767716535433
40
0.0078740157480315
0
CIRCLE
8
BLACK
10
0.4559950393700787
20
0.6517704724409449
40
0.0078740157480315
  0
ENDSEC
  0
EOF
