  0
SECTION
  2
HEADER
  9
$ANGBASE
  50
0.0
  9
$ANGDIR
  70
1
  9
$MEASUREMENT
  70
0
  0
ENDSEC
  0
SECTION
  2
TABLES
  0
TABLE
  2
LTYPE
  70
4
  0
LTYPE
  5
40F
  2
CONTINUOUS
  70
0
  3
Solid line
  72
65
  73
0
  40
0.0
  0
LTYPE
  5
410
  2
DASHDOT
 70
0
  3
Dash Dot ____ _ ____ _
 72
65
 73
4
 40
2.0
 49
1.25
 49
-0.25
 49
0.25
 49
-0.25
  0
LTYPE
  5
411
  2
DASHED
 70
0
  3
Dashed __ __ __ __ __
 72
65
 73
2
 40
0.75
 49
0.5
 49
-0.25
  0
LTYPE
  5
43B
  2
DOTTED
 70
0
  3
Dotted .  .  .  .
 72
65
 73
2
 40
0.2
 49
0.0
 49
-0.2
  0
ENDTAB
  0
TABLE
  2
STYLE
  70
4
  0
STYLE
  2
KICAD
  70
0
  40
0
  41
1
  42
1
  50
0
  71
0
  3
isocp.shx
  0
STYLE
  2
KICADB
  70
0
  40
0
  41
1
  42
1
  50
0
  71
0
  3
isocp.shx
  0
STYLE
  2
KICADI
  70
0
  40
0
  41
1
  42
1
  50
15
  71
0
  3
isocp.shx
  0
STYLE
  2
KICADBI
  70
0
  40
0
  41
1
  42
1
  50
15
  71
0
  3
isocp.shx
  0
ENDTAB
  0
TABLE
  2
LAYER
  70
1
  0
LAYER
  2
BLACK
  70
0
  62
7
  6
CONTINUOUS
  0
ENDTAB
  0
ENDSEC
  0
SECTION
  2
ENTITIES
0
LINE
8
BLACK
6
CONTINUOUS
10
0.5009832283464567
20
-0.0329607874015748
11
0.501081220472441
21
-0.0330013779527559
0
LINE
8
BLACK
6
CONTINUOUS
10
0.501081220472441
20
-0.0330013779527559
11
0.5011870472440945
21
-0.0330088976377953
0
LINE
8
BLACK
6
CONTINUOUS
10
0.5011870472440945
20
-0.0330088976377953
11
0.5017276771653543
21
-0.0332157874015748
0
LINE
8
BLACK
6
CONTINUOUS
10
0.5017276771653543
20
-0.0332157874015748
11
0.5054772047244095
21
-0.0350905511811024
0
LINE
8
BLACK
6
CONTINUOUS
10
0.5054772047244095
20
-0.0350905511811024
11
0.5057250787401575
21
-0.0352465748031496
0
LINE
8
BLACK
6
CONTINUOUS
10
0.5057250787401575
20
-0.0352465748031496
11
0.505797125984252
21
-0.0352764173228346
0
LINE
8
BLACK
6
CONTINUOUS
10
0.505797125984252
20
-0.0352764173228346
11
0.5058781496062992
21
-0.0353429133858268
0
LINE
8
BLACK
6
CONTINUOUS
10
0.5058781496062992
20
-0.0353429133858268
11
0.5059670866141732
21
-0.0353988976377953
0
LINE
8
BLACK
6
CONTINUOUS
10
0.5059670866141732
20
-0.0353988976377953
11
0.5060182283464567
21
-0.035457874015748
0
LINE
8
BLACK
6
CONTINUOUS
10
0.5060182283464567
20
-0.035457874015748
11
0.5062445669291339
21
-0.0356436220472441
0
LINE
8
BLACK
6
CONTINUOUS
10
0.5062445669291339
20
-0.0356436220472441
11
0.5081193700787402
21
-0.0375183858267717
0
LINE
8
BLACK
6
CONTINUOUS
10
0.5081193700787402
20
-0.0375183858267717
11
0.5083051181102362
21
-0.0377447244094488
0
LINE
8
BLACK
6
CONTINUOUS
10
0.5083051181102362
20
-0.0377447244094488
11
0.5083641732283465
21
-0.0377959448818898
0
LINE
8
BLACK
6
CONTINUOUS
10
0.5083641732283465
20
-0.0377959448818898
11
0.508420157480315
21
-0.0378848818897638
0
LINE
8
BLACK
6
CONTINUOUS
10
0.508420157480315
20
-0.0378848818897638
11
0.5084866141732284
21
-0.0379658661417323
0
LINE
8
BLACK
6
CONTINUOUS
10
0.5084866141732284
20
-0.0379658661417323
11
0.5085164173228346
21
-0.0380377952755905
0
LINE
8
BLACK
6
CONTINUOUS
10
0.5085164173228346
20
-0.0380377952755905
11
0.5086725196850393
21
-0.0382858267716535
0
LINE
8
BLACK
6
CONTINUOUS
10
0.5086725196850393
20
-0.0382858267716535
11
0.5105472834645669
21
-0.0420353543307087
0
LINE
8
BLACK
6
CONTINUOUS
10
0.5105472834645669
20
-0.0420353543307087
11
0.5107541732283465
21
-0.0425759448818898
0
LINE
8
BLACK
6
CONTINUOUS
10
0.5107541732283465
20
-0.0425759448818898
11
0.5107616929133858
21
-0.042681811023622
0
LINE
8
BLACK
6
CONTINUOUS
10
0.5107616929133858
20
-0.042681811023622
11
0.5108022834645669
21
-0.0427798031496063
0
LINE
8
BLACK
6
CONTINUOUS
10
0.5108022834645669
20
-0.0427798031496063
11
0.5108590157480315
21
-0.0433558661417323
0
LINE
8
BLACK
6
CONTINUOUS
10
0.5108590157480315
20
-0.0433558661417323
11
0.5108590157480315
21
-0.0527296850393701
0
LINE
8
BLACK
6
CONTINUOUS
10
0.5108590157480315
20
-0.0527296850393701
11
0.5108302755905512
21
-0.0530212598425197
0
LINE
8
BLACK
6
CONTINUOUS
10
0.5108302755905512
20
-0.0530212598425197
11
0.5108358267716535
21
-0.0530990157480315
0
LINE
8
BLACK
6
CONTINUOUS
10
0.5108358267716535
20
-0.0530990157480315
11
0.5108125590551181
21
-0.0532012598425197
0
LINE
8
BLACK
6
CONTINUOUS
10
0.5108125590551181
20
-0.0532012598425197
11
0.5108022834645669
21
-0.0533057480314961
0
LINE
8
BLACK
6
CONTINUOUS
10
0.5108022834645669
20
-0.0533057480314961
11
0.5107724015748032
21
-0.0533777952755905
0
LINE
8
BLACK
6
CONTINUOUS
10
0.5107724015748032
20
-0.0533777952755905
11
0.5107074803149606
21
-0.0536634645669291
0
LINE
8
BLACK
6
CONTINUOUS
10
0.5107074803149606
20
-0.0536634645669291
11
0.508832716535433
21
-0.0592877165354331
0
LINE
8
BLACK
6
CONTINUOUS
10
0.508832716535433
20
-0.0592877165354331
11
0.5085967322834646
21
-0.0598162992125984
0
LINE
8
BLACK
6
CONTINUOUS
10
0.5085967322834646
20
-0.0598162992125984
11
0.5078418503937008
21
-0.0606866535433071
0
LINE
8
BLACK
6
CONTINUOUS
10
0.5078418503937008
20
-0.0606866535433071
11
0.5068114173228346
21
-0.0612018503937008
0
LINE
8
BLACK
6
CONTINUOUS
10
0.5068114173228346
20
-0.0612018503937008
11
0.5056622047244095
21
-0.0612835433070866
0
LINE
8
BLACK
6
CONTINUOUS
10
0.5056622047244095
20
-0.0612835433070866
11
0.5045691732283465
21
-0.0609192125984252
0
LINE
8
BLACK
6
CONTINUOUS
10
0.5045691732283465
20
-0.0609192125984252
11
0.5036988188976378
21
-0.0601643307086614
0
LINE
8
BLACK
6
CONTINUOUS
10
0.5036988188976378
20
-0.0601643307086614
11
0.5031836220472441
21
-0.0591338976377953
0
LINE
8
BLACK
6
CONTINUOUS
10
0.5031836220472441
20
-0.0591338976377953
11
0.5031019291338582
21
-0.0579846850393701
0
LINE
8
BLACK
6
CONTINUOUS
10
0.5031019291338582
20
-0.0579846850393701
11
0.5032302755905512
21
-0.0574202362204724
0
LINE
8
BLACK
6
CONTINUOUS
10
0.5032302755905512
20
-0.0574202362204724
11
0.5049535039370079
21
-0.0522505511811024
0
LINE
8
BLACK
6
CONTINUOUS
10
0.5049535039370079
20
-0.0522505511811024
11
0.5049535039370079
21
-0.0440529133858268
0
LINE
8
BLACK
6
CONTINUOUS
10
0.5049535039370079
20
-0.0440529133858268
11
0.5036047637795276
21
-0.0413554330708661
0
LINE
8
BLACK
6
CONTINUOUS
10
0.5036047637795276
20
-0.0413554330708661
11
0.5024075984251969
21
-0.0401583070866142
0
LINE
8
BLACK
6
CONTINUOUS
10
0.5024075984251969
20
-0.0401583070866142
11
0.4997101181102362
21
-0.0388095669291339
0
LINE
8
BLACK
6
CONTINUOUS
10
0.4997101181102362
20
-0.0388095669291339
11
0.4973546850393701
21
-0.0388095669291339
0
LINE
8
BLACK
6
CONTINUOUS
10
0.4973546850393701
20
-0.0388095669291339
11
0.4946572047244094
21
-0.0401583070866142
0
LINE
8
BLACK
6
CONTINUOUS
10
0.4946572047244094
20
-0.0401583070866142
11
0.4934600787401575
21
-0.0413554330708661
0
LINE
8
BLACK
6
CONTINUOUS
10
0.4934600787401575
20
-0.0413554330708661
11
0.4919445669291339
21
-0.0443864173228346
0
LINE
8
BLACK
6
CONTINUOUS
10
0.4919445669291339
20
-0.0443864173228346
11
0.4901484251968504
21
-0.051571062992126
0
LINE
8
BLACK
6
CONTINUOUS
10
0.4901484251968504
20
-0.051571062992126
11
0.4901332283464567
21
-0.0516135433070866
0
LINE
8
BLACK
6
CONTINUOUS
10
0.4901332283464567
20
-0.0516135433070866
11
0.4901317322834646
21
-0.051634842519685
0
LINE
8
BLACK
6
CONTINUOUS
10
0.4901317322834646
20
-0.051634842519685
11
0.4900399606299212
21
-0.0518745669291339
0
LINE
8
BLACK
6
CONTINUOUS
10
0.4900399606299212
20
-0.0518745669291339
11
0.4899536614173228
21
-0.0521161811023622
0
LINE
8
BLACK
6
CONTINUOUS
10
0.4899536614173228
20
-0.0521161811023622
11
0.4899409448818898
21
-0.0521333070866142
0
LINE
8
BLACK
6
CONTINUOUS
10
0.4899409448818898
20
-0.0521333070866142
11
0.489924842519685
21
-0.0521754330708661
0
LINE
8
BLACK
6
CONTINUOUS
10
0.489924842519685
20
-0.0521754330708661
11
0.4880500787401575
21
-0.0559249606299213
0
LINE
8
BLACK
6
CONTINUOUS
10
0.4880500787401575
20
-0.0559249606299213
11
0.4878939763779527
21
-0.0561729527559055
0
LINE
8
BLACK
6
CONTINUOUS
10
0.4878939763779527
20
-0.0561729527559055
11
0.4878641732283465
21
-0.0562449212598425
0
LINE
8
BLACK
6
CONTINUOUS
10
0.4878641732283465
20
-0.0562449212598425
11
0.4877976771653543
21
-0.0563258661417323
0
LINE
8
BLACK
6
CONTINUOUS
10
0.4877976771653543
20
-0.0563258661417323
11
0.4877417322834646
21
-0.056414842519685
0
LINE
8
BLACK
6
CONTINUOUS
10
0.4877417322834646
20
-0.056414842519685
11
0.487682716535433
21
-0.0564659842519685
0
LINE
8
BLACK
6
CONTINUOUS
10
0.487682716535433
20
-0.0564659842519685
11
0.487496968503937
21
-0.0566923622047244
0
LINE
8
BLACK
6
CONTINUOUS
10
0.487496968503937
20
-0.0566923622047244
11
0.4856222047244094
21
-0.058567125984252
0
LINE
8
BLACK
6
CONTINUOUS
10
0.4856222047244094
20
-0.058567125984252
11
0.4853958267716535
21
-0.058752874015748
0
LINE
8
BLACK
6
CONTINUOUS
10
0.4853958267716535
20
-0.058752874015748
11
0.4853446850393701
21
-0.0588118897637795
0
LINE
8
BLACK
6
CONTINUOUS
10
0.4853446850393701
20
-0.0588118897637795
11
0.4852557086614173
21
-0.0588678346456693
0
LINE
8
BLACK
6
CONTINUOUS
10
0.4852557086614173
20
-0.0588678346456693
11
0.4851747637795276
21
-0.0589343307086614
0
LINE
8
BLACK
6
CONTINUOUS
10
0.4851747637795276
20
-0.0589343307086614
11
0.4851027952755905
21
-0.0589641338582677
0
LINE
8
BLACK
6
CONTINUOUS
10
0.4851027952755905
20
-0.0589641338582677
11
0.4848548031496063
21
-0.0591202362204724
0
LINE
8
BLACK
6
CONTINUOUS
10
0.4848548031496063
20
-0.0591202362204724
11
0.4811052755905512
21
-0.060995
0
LINE
8
BLACK
6
CONTINUOUS
10
0.4811052755905512
20
-0.060995
11
0.4805646456692913
21
-0.0612018897637795
0
LINE
8
BLACK
6
CONTINUOUS
10
0.4805646456692913
20
-0.0612018897637795
11
0.4804588188976378
21
-0.0612093700787402
0
LINE
8
BLACK
6
CONTINUOUS
10
0.4804588188976378
20
-0.0612093700787402
11
0.4803608267716535
21
-0.06125
0
LINE
8
BLACK
6
CONTINUOUS
10
0.4803608267716535
20
-0.06125
11
0.4797847637795276
21
-0.0613067322834646
0
LINE
8
BLACK
6
CONTINUOUS
10
0.4797847637795276
20
-0.0613067322834646
11
0.4760352362204724
21
-0.0613067322834646
0
LINE
8
BLACK
6
CONTINUOUS
10
0.4760352362204724
20
-0.0613067322834646
11
0.4754591732283465
21
-0.06125
0
LINE
8
BLACK
6
CONTINUOUS
10
0.4754591732283465
20
-0.06125
11
0.4753611811023622
21
-0.0612094094488189
0
LINE
8
BLACK
6
CONTINUOUS
10
0.4753611811023622
20
-0.0612094094488189
11
0.4752553149606299
21
-0.0612018897637795
0
LINE
8
BLACK
6
CONTINUOUS
10
0.4752553149606299
20
-0.0612018897637795
11
0.4747147244094488
21
-0.060995
0
LINE
8
BLACK
6
CONTINUOUS
10
0.4747147244094488
20
-0.060995
11
0.4709651968503937
21
-0.0591202362204724
0
LINE
8
BLACK
6
CONTINUOUS
10
0.4709651968503937
20
-0.0591202362204724
11
0.4707171653543307
21
-0.0589641338582677
0
LINE
8
BLACK
6
CONTINUOUS
10
0.4707171653543307
20
-0.0589641338582677
11
0.4706452362204724
21
-0.0589343307086614
0
LINE
8
BLACK
6
CONTINUOUS
10
0.4706452362204724
20
-0.0589343307086614
11
0.4705642519685039
21
-0.0588678346456693
0
LINE
8
BLACK
6
CONTINUOUS
10
0.4705642519685039
20
-0.0588678346456693
11
0.4704753149606299
21
-0.0588118897637795
0
LINE
8
BLACK
6
CONTINUOUS
10
0.4704753149606299
20
-0.0588118897637795
11
0.4704241338582677
21
-0.058752874015748
0
LINE
8
BLACK
6
CONTINUOUS
10
0.4704241338582677
20
-0.058752874015748
11
0.4701977952755905
21
-0.058567125984252
0
LINE
8
BLACK
6
CONTINUOUS
10
0.4701977952755905
20
-0.058567125984252
11
0.468323031496063
21
-0.0566923622047244
0
LINE
8
BLACK
6
CONTINUOUS
10
0.468323031496063
20
-0.0566923622047244
11
0.4681372440944882
21
-0.0564659842519685
0
LINE
8
BLACK
6
CONTINUOUS
10
0.4681372440944882
20
-0.0564659842519685
11
0.4680782677165354
21
-0.056414842519685
0
LINE
8
BLACK
6
CONTINUOUS
10
0.4680782677165354
20
-0.056414842519685
11
0.4680222834645669
21
-0.0563258661417323
0
LINE
8
BLACK
6
CONTINUOUS
10
0.4680222834645669
20
-0.0563258661417323
11
0.4679558267716535
21
-0.0562449212598425
0
LINE
8
BLACK
6
CONTINUOUS
10
0.4679558267716535
20
-0.0562449212598425
11
0.4679259842519685
21
-0.0561729527559055
0
LINE
8
BLACK
6
CONTINUOUS
10
0.4679259842519685
20
-0.0561729527559055
11
0.4677699212598425
21
-0.0559249606299213
0
LINE
8
BLACK
6
CONTINUOUS
10
0.4677699212598425
20
-0.0559249606299213
11
0.465895157480315
21
-0.0521754330708661
0
LINE
8
BLACK
6
CONTINUOUS
10
0.465895157480315
20
-0.0521754330708661
11
0.4656882677165354
21
-0.0516348031496063
0
LINE
8
BLACK
6
CONTINUOUS
10
0.4656882677165354
20
-0.0516348031496063
11
0.4656807480314961
21
-0.0515289763779528
0
LINE
8
BLACK
6
CONTINUOUS
10
0.4656807480314961
20
-0.0515289763779528
11
0.465640157480315
21
-0.0514309842519685
0
LINE
8
BLACK
6
CONTINUOUS
10
0.465640157480315
20
-0.0514309842519685
11
0.4655834251968504
21
-0.0508549212598425
0
LINE
8
BLACK
6
CONTINUOUS
10
0.4655834251968504
20
-0.0508549212598425
11
0.4655834251968504
21
-0.0414811023622047
0
LINE
8
BLACK
6
CONTINUOUS
10
0.4655834251968504
20
-0.0414811023622047
11
0.4656121259842519
21
-0.0411895275590551
0
LINE
8
BLACK
6
CONTINUOUS
10
0.4656121259842519
20
-0.0411895275590551
11
0.4656066141732284
21
-0.041111811023622
0
LINE
8
BLACK
6
CONTINUOUS
10
0.4656066141732284
20
-0.041111811023622
11
0.465629842519685
21
-0.0410095275590551
0
LINE
8
BLACK
6
CONTINUOUS
10
0.465629842519685
20
-0.0410095275590551
11
0.465640157480315
21
-0.0409050393700787
0
LINE
8
BLACK
6
CONTINUOUS
10
0.465640157480315
20
-0.0409050393700787
11
0.46567
21
-0.0408329133858268
0
LINE
8
BLACK
6
CONTINUOUS
10
0.46567
20
-0.0408329133858268
11
0.4657349606299213
21
-0.0405473622047244
0
LINE
8
BLACK
6
CONTINUOUS
10
0.4657349606299213
20
-0.0405473622047244
11
0.4676097244094488
21
-0.0349230708661417
0
LINE
8
BLACK
6
CONTINUOUS
10
0.4676097244094488
20
-0.0349230708661417
11
0.4678457086614173
21
-0.0343945275590551
0
LINE
8
BLACK
6
CONTINUOUS
10
0.4678457086614173
20
-0.0343945275590551
11
0.4686005905511811
21
-0.0335241732283465
0
LINE
8
BLACK
6
CONTINUOUS
10
0.4686005905511811
20
-0.0335241732283465
11
0.4696310236220472
21
-0.033008937007874
0
LINE
8
BLACK
6
CONTINUOUS
10
0.4696310236220472
20
-0.033008937007874
11
0.4707802362204724
21
-0.0329272440944882
0
LINE
8
BLACK
6
CONTINUOUS
10
0.4707802362204724
20
-0.0329272440944882
11
0.4718732283464567
21
-0.0332915748031496
0
LINE
8
BLACK
6
CONTINUOUS
10
0.4718732283464567
20
-0.0332915748031496
11
0.4727436220472441
21
-0.0340464566929134
0
LINE
8
BLACK
6
CONTINUOUS
10
0.4727436220472441
20
-0.0340464566929134
11
0.4732588188976378
21
-0.0350769291338583
0
LINE
8
BLACK
6
CONTINUOUS
10
0.4732588188976378
20
-0.0350769291338583
11
0.4733405118110236
21
-0.0362261417322835
0
LINE
8
BLACK
6
CONTINUOUS
10
0.4733405118110236
20
-0.0362261417322835
11
0.4732121653543307
21
-0.0367905905511811
0
LINE
8
BLACK
6
CONTINUOUS
10
0.4732121653543307
20
-0.0367905905511811
11
0.471488937007874
21
-0.0419602362204724
0
LINE
8
BLACK
6
CONTINUOUS
10
0.471488937007874
20
-0.0419602362204724
11
0.471488937007874
21
-0.050157874015748
0
LINE
8
BLACK
6
CONTINUOUS
10
0.471488937007874
20
-0.050157874015748
11
0.4728376771653543
21
-0.0528553543307087
0
LINE
8
BLACK
6
CONTINUOUS
10
0.4728376771653543
20
-0.0528553543307087
11
0.4740348031496063
21
-0.0540524803149606
0
LINE
8
BLACK
6
CONTINUOUS
10
0.4740348031496063
20
-0.0540524803149606
11
0.4767322834645669
21
-0.0554012204724409
0
LINE
8
BLACK
6
CONTINUOUS
10
0.4767322834645669
20
-0.0554012204724409
11
0.4790877165354331
21
-0.0554012204724409
0
LINE
8
BLACK
6
CONTINUOUS
10
0.4790877165354331
20
-0.0554012204724409
11
0.4817851968503937
21
-0.0540524803149606
0
LINE
8
BLACK
6
CONTINUOUS
10
0.4817851968503937
20
-0.0540524803149606
11
0.4829823228346456
21
-0.0528553543307087
0
LINE
8
BLACK
6
CONTINUOUS
10
0.4829823228346456
20
-0.0528553543307087
11
0.4844977952755906
21
-0.0498243700787402
0
LINE
8
BLACK
6
CONTINUOUS
10
0.4844977952755906
20
-0.0498243700787402
11
0.4862939763779527
21
-0.0426397244094488
0
LINE
8
BLACK
6
CONTINUOUS
10
0.4862939763779527
20
-0.0426397244094488
11
0.4863091338582677
21
-0.0425972047244094
0
LINE
8
BLACK
6
CONTINUOUS
10
0.4863091338582677
20
-0.0425972047244094
11
0.4863106692913386
21
-0.0425759842519685
0
LINE
8
BLACK
6
CONTINUOUS
10
0.4863106692913386
20
-0.0425759842519685
11
0.4864022834645669
21
-0.0423365354330709
0
LINE
8
BLACK
6
CONTINUOUS
10
0.4864022834645669
20
-0.0423365354330709
11
0.4864887401574803
21
-0.0420946062992126
0
LINE
8
BLACK
6
CONTINUOUS
10
0.4864887401574803
20
-0.0420946062992126
11
0.4865014173228346
21
-0.0420774409448819
0
LINE
8
BLACK
6
CONTINUOUS
10
0.4865014173228346
20
-0.0420774409448819
11
0.4865175590551181
21
-0.0420353543307087
0
LINE
8
BLACK
6
CONTINUOUS
10
0.4865175590551181
20
-0.0420353543307087
11
0.4883923228346457
21
-0.0382858267716535
0
LINE
8
BLACK
6
CONTINUOUS
10
0.4883923228346457
20
-0.0382858267716535
11
0.4885483858267716
21
-0.0380377952755905
0
LINE
8
BLACK
6
CONTINUOUS
10
0.4885483858267716
20
-0.0380377952755905
11
0.4885782283464567
21
-0.0379658661417323
0
LINE
8
BLACK
6
CONTINUOUS
10
0.4885782283464567
20
-0.0379658661417323
11
0.4886446850393701
21
-0.0378848818897638
0
LINE
8
BLACK
6
CONTINUOUS
10
0.4886446850393701
20
-0.0378848818897638
11
0.4887006692913386
21
-0.0377959448818898
0
LINE
8
BLACK
6
CONTINUOUS
10
0.4887006692913386
20
-0.0377959448818898
11
0.4887596456692913
21
-0.0377447637795276
0
LINE
8
BLACK
6
CONTINUOUS
10
0.4887596456692913
20
-0.0377447637795276
11
0.4889454330708661
21
-0.0375184251968504
0
LINE
8
BLACK
6
CONTINUOUS
10
0.4889454330708661
20
-0.0375184251968504
11
0.4908201968503937
21
-0.0356436614173228
0
LINE
8
BLACK
6
CONTINUOUS
10
0.4908201968503937
20
-0.0356436614173228
11
0.4910465354330709
21
-0.035457874015748
0
LINE
8
BLACK
6
CONTINUOUS
10
0.4910465354330709
20
-0.035457874015748
11
0.491097716535433
21
-0.0353988976377953
0
LINE
8
BLACK
6
CONTINUOUS
10
0.491097716535433
20
-0.0353988976377953
11
0.4911866535433071
21
-0.0353429133858268
0
LINE
8
BLACK
6
CONTINUOUS
10
0.4911866535433071
20
-0.0353429133858268
11
0.4912676377952756
21
-0.0352764566929134
0
LINE
8
BLACK
6
CONTINUOUS
10
0.4912676377952756
20
-0.0352764566929134
11
0.4913395669291338
21
-0.0352466141732283
0
LINE
8
BLACK
6
CONTINUOUS
10
0.4913395669291338
20
-0.0352466141732283
11
0.4915875984251968
21
-0.0350905511811024
0
LINE
8
BLACK
6
CONTINUOUS
10
0.4915875984251968
20
-0.0350905511811024
11
0.4953371259842519
21
-0.0332157874015748
0
LINE
8
BLACK
6
CONTINUOUS
10
0.4953371259842519
20
-0.0332157874015748
11
0.4958777165354331
21
-0.0330088976377953
0
LINE
8
BLACK
6
CONTINUOUS
10
0.4958777165354331
20
-0.0330088976377953
11
0.4959835826771654
21
-0.0330013385826772
0
LINE
8
BLACK
6
CONTINUOUS
10
0.4959835826771654
20
-0.0330013385826772
11
0.4960815748031496
21
-0.0329607874015748
0
LINE
8
BLACK
6
CONTINUOUS
10
0.4960815748031496
20
-0.0329607874015748
11
0.4966576377952756
21
-0.0329040551181102
0
LINE
8
BLACK
6
CONTINUOUS
10
0.4966576377952756
20
-0.0329040551181102
11
0.5004071653543307
21
-0.0329040551181102
0
LINE
8
BLACK
6
CONTINUOUS
10
0.5004071653543307
20
-0.0329040551181102
11
0.5009832283464567
21
-0.0329607874015748
0
LINE
8
BLACK
6
CONTINUOUS
10
0.5009832283464567
20
0.0026597637795276
11
0.501081220472441
21
0.0026191732283465
0
LINE
8
BLACK
6
CONTINUOUS
10
0.501081220472441
20
0.0026191732283465
11
0.5011870472440945
21
0.0026116535433071
0
LINE
8
BLACK
6
CONTINUOUS
10
0.5011870472440945
20
0.0026116535433071
11
0.5017276771653543
21
0.0024047637795276
0
LINE
8
BLACK
6
CONTINUOUS
10
0.5017276771653543
20
0.0024047637795276
11
0.5054772047244095
21
0.00053
0
LINE
8
BLACK
6
CONTINUOUS
10
0.5054772047244095
20
0.00053
11
0.5057250787401575
21
0.0003739763779528
0
LINE
8
BLACK
6
CONTINUOUS
10
0.5057250787401575
20
0.0003739763779528
11
0.505797125984252
21
0.0003441338582677
0
LINE
8
BLACK
6
CONTINUOUS
10
0.505797125984252
20
0.0003441338582677
11
0.5058781496062992
21
0.0002776377952756
0
LINE
8
BLACK
6
CONTINUOUS
10
0.5058781496062992
20
0.0002776377952756
11
0.5059670866141732
21
0.0002216535433071
0
LINE
8
BLACK
6
CONTINUOUS
10
0.5059670866141732
20
0.0002216535433071
11
0.5060182283464567
21
0.0001626771653543
0
LINE
8
BLACK
6
CONTINUOUS
10
0.5060182283464567
20
0.0001626771653543
11
0.5062445669291339
21
-0.0000230708661417
0
LINE
8
BLACK
6
CONTINUOUS
10
0.5062445669291339
20
-0.0000230708661417
11
0.5081193700787402
21
-0.0018978346456693
0
LINE
8
BLACK
6
CONTINUOUS
10
0.5081193700787402
20
-0.0018978346456693
11
0.5083051181102362
21
-0.0021241732283465
0
LINE
8
BLACK
6
CONTINUOUS
10
0.5083051181102362
20
-0.0021241732283465
11
0.5083641732283465
21
-0.0021753937007874
0
LINE
8
BLACK
6
CONTINUOUS
10
0.5083641732283465
20
-0.0021753937007874
11
0.508420157480315
21
-0.0022643307086614
0
LINE
8
BLACK
6
CONTINUOUS
10
0.508420157480315
20
-0.0022643307086614
11
0.5084866141732284
21
-0.0023453149606299
0
LINE
8
BLACK
6
CONTINUOUS
10
0.5084866141732284
20
-0.0023453149606299
11
0.5085164173228346
21
-0.0024172440944882
0
LINE
8
BLACK
6
CONTINUOUS
10
0.5085164173228346
20
-0.0024172440944882
11
0.5086725196850393
21
-0.0026652755905512
0
LINE
8
BLACK
6
CONTINUOUS
10
0.5086725196850393
20
-0.0026652755905512
11
0.5105472834645669
21
-0.0064148031496063
0
LINE
8
BLACK
6
CONTINUOUS
10
0.5105472834645669
20
-0.0064148031496063
11
0.5107541732283465
21
-0.0069553937007874
0
LINE
8
BLACK
6
CONTINUOUS
10
0.5107541732283465
20
-0.0069553937007874
11
0.5107616929133858
21
-0.0070612598425197
0
LINE
8
BLACK
6
CONTINUOUS
10
0.5107616929133858
20
-0.0070612598425197
11
0.5108022834645669
21
-0.0071592519685039
0
LINE
8
BLACK
6
CONTINUOUS
10
0.5108022834645669
20
-0.0071592519685039
11
0.5108590157480315
21
-0.0077353149606299
0
LINE
8
BLACK
6
CONTINUOUS
10
0.5108590157480315
20
-0.0077353149606299
11
0.5108590157480315
21
-0.0133596062992126
0
LINE
8
BLACK
6
CONTINUOUS
10
0.5108590157480315
20
-0.0133596062992126
11
0.5108022834645669
21
-0.0139356692913386
0
LINE
8
BLACK
6
CONTINUOUS
10
0.5108022834645669
20
-0.0139356692913386
11
0.5107616929133858
21
-0.0140336220472441
0
LINE
8
BLACK
6
CONTINUOUS
10
0.5107616929133858
20
-0.0140336220472441
11
0.5107541732283465
21
-0.0141395275590551
0
LINE
8
BLACK
6
CONTINUOUS
10
0.5107541732283465
20
-0.0141395275590551
11
0.5105472834645669
21
-0.0146801181102362
0
LINE
8
BLACK
6
CONTINUOUS
10
0.5105472834645669
20
-0.0146801181102362
11
0.5086725196850393
21
-0.0184296456692913
0
LINE
8
BLACK
6
CONTINUOUS
10
0.5086725196850393
20
-0.0184296456692913
11
0.5085164173228346
21
-0.0186776377952756
0
LINE
8
BLACK
6
CONTINUOUS
10
0.5085164173228346
20
-0.0186776377952756
11
0.5084866141732284
21
-0.0187496062992126
0
LINE
8
BLACK
6
CONTINUOUS
10
0.5084866141732284
20
-0.0187496062992126
11
0.508420157480315
21
-0.0188305511811024
0
LINE
8
BLACK
6
CONTINUOUS
10
0.508420157480315
20
-0.0188305511811024
11
0.5083641732283465
21
-0.0189195275590551
0
LINE
8
BLACK
6
CONTINUOUS
10
0.5083641732283465
20
-0.0189195275590551
11
0.5083051181102362
21
-0.0189707086614173
0
LINE
8
BLACK
6
CONTINUOUS
10
0.5083051181102362
20
-0.0189707086614173
11
0.5081193700787402
21
-0.0191970866141732
0
LINE
8
BLACK
6
CONTINUOUS
10
0.5081193700787402
20
-0.0191970866141732
11
0.5062445669291339
21
-0.0210718503937008
0
LINE
8
BLACK
6
CONTINUOUS
10
0.5062445669291339
20
-0.0210718503937008
11
0.5060182283464567
21
-0.0212575590551181
0
LINE
8
BLACK
6
CONTINUOUS
10
0.5060182283464567
20
-0.0212575590551181
11
0.5059670866141732
21
-0.0213165748031496
0
LINE
8
BLACK
6
CONTINUOUS
10
0.5059670866141732
20
-0.0213165748031496
11
0.5058781496062992
21
-0.0213725196850394
0
LINE
8
BLACK
6
CONTINUOUS
10
0.5058781496062992
20
-0.0213725196850394
11
0.505797125984252
21
-0.0214390551181102
0
LINE
8
BLACK
6
CONTINUOUS
10
0.505797125984252
20
-0.0214390551181102
11
0.5057250787401575
21
-0.0214688582677165
0
LINE
8
BLACK
6
CONTINUOUS
10
0.5057250787401575
20
-0.0214688582677165
11
0.5054772047244095
21
-0.0216249212598425
0
LINE
8
BLACK
6
CONTINUOUS
10
0.5054772047244095
20
-0.0216249212598425
11
0.5017276771653543
21
-0.0234996850393701
0
LINE
8
BLACK
6
CONTINUOUS
10
0.5017276771653543
20
-0.0234996850393701
11
0.5011870472440945
21
-0.0237065748031496
0
LINE
8
BLACK
6
CONTINUOUS
10
0.5011870472440945
20
-0.0237065748031496
11
0.501081220472441
21
-0.0237140551181102
0
LINE
8
BLACK
6
CONTINUOUS
10
0.501081220472441
20
-0.0237140551181102
11
0.5009832283464567
21
-0.0237546850393701
0
LINE
8
BLACK
6
CONTINUOUS
10
0.5009832283464567
20
-0.0237546850393701
11
0.5004071653543307
21
-0.0238114173228346
0
LINE
8
BLACK
6
CONTINUOUS
10
0.5004071653543307
20
-0.0238114173228346
11
0.4891585826771653
21
-0.0238114173228346
0
LINE
8
BLACK
6
CONTINUOUS
10
0.4891585826771653
20
-0.0238114173228346
11
0.4885825196850394
21
-0.0237546850393701
0
LINE
8
BLACK
6
CONTINUOUS
10
0.4885825196850394
20
-0.0237546850393701
11
0.4884845275590551
21
-0.023714094488189
0
LINE
8
BLACK
6
CONTINUOUS
10
0.4884845275590551
20
-0.023714094488189
11
0.4883786614173228
21
-0.0237065748031496
0
LINE
8
BLACK
6
CONTINUOUS
10
0.4883786614173228
20
-0.0237065748031496
11
0.4878380708661417
21
-0.0234996850393701
0
LINE
8
BLACK
6
CONTINUOUS
10
0.4878380708661417
20
-0.0234996850393701
11
0.4840885433070866
21
-0.0216249212598425
0
LINE
8
BLACK
6
CONTINUOUS
10
0.4840885433070866
20
-0.0216249212598425
11
0.4838405118110236
21
-0.0214688188976378
0
LINE
8
BLACK
6
CONTINUOUS
10
0.4838405118110236
20
-0.0214688188976378
11
0.4837685826771653
21
-0.0214390157480315
0
LINE
8
BLACK
6
CONTINUOUS
10
0.4837685826771653
20
-0.0214390157480315
11
0.4836875984251968
21
-0.0213725196850394
0
LINE
8
BLACK
6
CONTINUOUS
10
0.4836875984251968
20
-0.0213725196850394
11
0.4835986614173228
21
-0.0213165748031496
0
LINE
8
BLACK
6
CONTINUOUS
10
0.4835986614173228
20
-0.0213165748031496
11
0.4835474803149606
21
-0.0212575590551181
0
LINE
8
BLACK
6
CONTINUOUS
10
0.4835474803149606
20
-0.0212575590551181
11
0.4833211417322835
21
-0.021071811023622
0
LINE
8
BLACK
6
CONTINUOUS
10
0.4833211417322835
20
-0.021071811023622
11
0.4814463779527559
21
-0.0191970472440945
0
LINE
8
BLACK
6
CONTINUOUS
10
0.4814463779527559
20
-0.0191970472440945
11
0.4812605905511811
21
-0.0189706692913386
0
LINE
8
BLACK
6
CONTINUOUS
10
0.4812605905511811
20
-0.0189706692913386
11
0.4812016141732283
21
-0.0189195275590551
0
LINE
8
BLACK
6
CONTINUOUS
10
0.4812016141732283
20
-0.0189195275590551
11
0.4811456299212598
21
-0.0188305511811024
0
LINE
8
BLACK
6
CONTINUOUS
10
0.4811456299212598
20
-0.0188305511811024
11
0.4810791732283464
21
-0.0187496062992126
0
LINE
8
BLACK
6
CONTINUOUS
10
0.4810791732283464
20
-0.0187496062992126
11
0.4810493307086614
21
-0.0186776377952756
0
LINE
8
BLACK
6
CONTINUOUS
10
0.4810493307086614
20
-0.0186776377952756
11
0.4808932677165354
21
-0.0184296456692913
0
LINE
8
BLACK
6
CONTINUOUS
10
0.4808932677165354
20
-0.0184296456692913
11
0.4790185039370078
21
-0.0146801181102362
0
LINE
8
BLACK
6
CONTINUOUS
10
0.4790185039370078
20
-0.0146801181102362
11
0.4788116141732283
21
-0.0141394881889764
0
LINE
8
BLACK
6
CONTINUOUS
10
0.4788116141732283
20
-0.0141394881889764
11
0.4788040944881889
21
-0.0140336614173228
0
LINE
8
BLACK
6
CONTINUOUS
10
0.4788040944881889
20
-0.0140336614173228
11
0.4787635039370078
21
-0.0139356692913386
0
LINE
8
BLACK
6
CONTINUOUS
10
0.4787635039370078
20
-0.0139356692913386
11
0.4787067716535433
21
-0.0133596062992126
0
LINE
8
BLACK
6
CONTINUOUS
10
0.4787067716535433
20
-0.0133596062992126
11
0.4787067716535433
21
-0.0077353149606299
0
LINE
8
BLACK
6
CONTINUOUS
10
0.4787067716535433
20
-0.0077353149606299
11
0.4787635039370078
21
-0.0071592519685039
0
LINE
8
BLACK
6
CONTINUOUS
10
0.4787635039370078
20
-0.0071592519685039
11
0.4788040944881889
21
-0.0070612204724409
0
LINE
8
BLACK
6
CONTINUOUS
10
0.4788040944881889
20
-0.0070612204724409
11
0.4788116141732283
21
-0.0069554330708661
0
LINE
8
BLACK
6
CONTINUOUS
10
0.4788116141732283
20
-0.0069554330708661
11
0.4790185039370078
21
-0.0064148031496063
0
LINE
8
BLACK
6
CONTINUOUS
10
0.4790185039370078
20
-0.0064148031496063
11
0.4808932677165354
21
-0.0026652755905512
0
LINE
8
BLACK
6
CONTINUOUS
10
0.4808932677165354
20
-0.0026652755905512
11
0.4810493307086614
21
-0.0024172440944882
0
LINE
8
BLACK
6
CONTINUOUS
10
0.4810493307086614
20
-0.0024172440944882
11
0.4810791732283464
21
-0.0023453149606299
0
LINE
8
BLACK
6
CONTINUOUS
10
0.4810791732283464
20
-0.0023453149606299
11
0.4811456299212598
21
-0.0022643307086614
0
LINE
8
BLACK
6
CONTINUOUS
10
0.4811456299212598
20
-0.0022643307086614
11
0.4812016141732283
21
-0.0021753937007874
0
LINE
8
BLACK
6
CONTINUOUS
10
0.4812016141732283
20
-0.0021753937007874
11
0.4812605905511811
21
-0.0021242125984252
0
LINE
8
BLACK
6
CONTINUOUS
10
0.4812605905511811
20
-0.0021242125984252
11
0.4814463779527559
21
-0.001897874015748
0
LINE
8
BLACK
6
CONTINUOUS
10
0.4814463779527559
20
-0.001897874015748
11
0.4833211417322835
21
-0.0000231102362205
0
LINE
8
BLACK
6
CONTINUOUS
10
0.4833211417322835
20
-0.0000231102362205
11
0.4835474803149606
21
0.0001626771653543
0
LINE
8
BLACK
6
CONTINUOUS
10
0.4835474803149606
20
0.0001626771653543
11
0.4835986614173228
21
0.0002216535433071
0
LINE
8
BLACK
6
CONTINUOUS
10
0.4835986614173228
20
0.0002216535433071
11
0.4836875984251968
21
0.0002776377952756
0
LINE
8
BLACK
6
CONTINUOUS
10
0.4836875984251968
20
0.0002776377952756
11
0.4837685826771653
21
0.000344094488189
0
LINE
8
BLACK
6
CONTINUOUS
10
0.4837685826771653
20
0.000344094488189
11
0.4838405118110236
21
0.000373937007874
0
LINE
8
BLACK
6
CONTINUOUS
10
0.4838405118110236
20
0.000373937007874
11
0.4840885433070866
21
0.00053
0
LINE
8
BLACK
6
CONTINUOUS
10
0.4840885433070866
20
0.00053
11
0.4878380708661417
21
0.0024047637795276
0
LINE
8
BLACK
6
CONTINUOUS
10
0.4878380708661417
20
0.0024047637795276
11
0.4883786614173228
21
0.0026116535433071
0
LINE
8
BLACK
6
CONTINUOUS
10
0.4883786614173228
20
0.0026116535433071
11
0.4884845275590551
21
0.0026192125984252
0
LINE
8
BLACK
6
CONTINUOUS
10
0.4884845275590551
20
0.0026192125984252
11
0.4885825196850394
21
0.0026597637795276
0
LINE
8
BLACK
6
CONTINUOUS
10
0.4885825196850394
20
0.0026597637795276
11
0.4891585826771653
21
0.0027164960629921
0
LINE
8
BLACK
6
CONTINUOUS
10
0.4891585826771653
20
0.0027164960629921
11
0.5004071653543307
21
0.0027164960629921
0
LINE
8
BLACK
6
CONTINUOUS
10
0.5004071653543307
20
0.0027164960629921
11
0.5009832283464567
21
0.0026597637795276
0
LINE
8
BLACK
6
CONTINUOUS
10
0.4871581496062992
20
-0.0045377559055118
11
0.4859610236220472
21
-0.0057348818897638
0
LINE
8
BLACK
6
CONTINUOUS
10
0.4859610236220472
20
-0.0057348818897638
11
0.4846122834645669
21
-0.0084323622047244
0
LINE
8
BLACK
6
CONTINUOUS
10
0.4846122834645669
20
-0.0084323622047244
11
0.4846122834645669
21
-0.0126625590551181
0
LINE
8
BLACK
6
CONTINUOUS
10
0.4846122834645669
20
-0.0126625590551181
11
0.4859610236220472
21
-0.0153600393700787
0
LINE
8
BLACK
6
CONTINUOUS
10
0.4859610236220472
20
-0.0153600393700787
11
0.4871581496062992
21
-0.0165571653543307
0
LINE
8
BLACK
6
CONTINUOUS
10
0.4871581496062992
20
-0.0165571653543307
11
0.4898556299212598
21
-0.017905905511811
0
LINE
8
BLACK
6
CONTINUOUS
10
0.4898556299212598
20
-0.017905905511811
11
0.4997101181102362
21
-0.017905905511811
0
LINE
8
BLACK
6
CONTINUOUS
10
0.4997101181102362
20
-0.017905905511811
11
0.5024075984251969
21
-0.016557125984252
0
LINE
8
BLACK
6
CONTINUOUS
10
0.5024075984251969
20
-0.016557125984252
11
0.5036047637795276
21
-0.01536
0
LINE
8
BLACK
6
CONTINUOUS
10
0.5036047637795276
20
-0.01536
11
0.5049535039370079
21
-0.0126625590551181
0
LINE
8
BLACK
6
CONTINUOUS
10
0.5049535039370079
20
-0.0126625590551181
11
0.5049535039370079
21
-0.0084323622047244
0
LINE
8
BLACK
6
CONTINUOUS
10
0.5049535039370079
20
-0.0084323622047244
11
0.5036047637795276
21
-0.0057348818897638
0
LINE
8
BLACK
6
CONTINUOUS
10
0.5036047637795276
20
-0.0057348818897638
11
0.5024075984251969
21
-0.0045377559055118
0
LINE
8
BLACK
6
CONTINUOUS
10
0.5024075984251969
20
-0.0045377559055118
11
0.4997101181102362
21
-0.0031890157480315
0
LINE
8
BLACK
6
CONTINUOUS
10
0.4997101181102362
20
-0.0031890157480315
11
0.4898556299212598
21
-0.0031890157480315
0
LINE
8
BLACK
6
CONTINUOUS
10
0.4898556299212598
20
-0.0031890157480315
11
0.4871581496062992
21
-0.0045377559055118
0
LINE
8
BLACK
6
CONTINUOUS
10
0.5086861417322834
20
0.0251088582677165
11
0.5097166535433071
21
0.0245935826771654
0
LINE
8
BLACK
6
CONTINUOUS
10
0.5097166535433071
20
0.0245935826771654
11
0.5104714960629921
21
0.0237232283464567
0
LINE
8
BLACK
6
CONTINUOUS
10
0.5104714960629921
20
0.0237232283464567
11
0.5108358267716535
21
0.0226302362204724
0
LINE
8
BLACK
6
CONTINUOUS
10
0.5108358267716535
20
0.0226302362204724
11
0.5107541732283465
21
0.0214810236220472
0
LINE
8
BLACK
6
CONTINUOUS
10
0.5107541732283465
20
0.0214810236220472
11
0.5105472834645669
21
0.0209404330708661
0
LINE
8
BLACK
6
CONTINUOUS
10
0.5105472834645669
20
0.0209404330708661
11
0.5086725196850393
21
0.017190905511811
0
LINE
8
BLACK
6
CONTINUOUS
10
0.5086725196850393
20
0.017190905511811
11
0.5086118503937008
21
0.0170945669291339
0
LINE
8
BLACK
6
CONTINUOUS
10
0.5086118503937008
20
0.0170945669291339
11
0.5085967322834646
21
0.0170491338582677
0
LINE
8
BLACK
6
CONTINUOUS
10
0.5085967322834646
20
0.0170491338582677
11
0.5085476771653543
21
0.0169925984251969
0
LINE
8
BLACK
6
CONTINUOUS
10
0.5085476771653543
20
0.0169925984251969
11
0.5083641732283465
21
0.0167010236220472
0
LINE
8
BLACK
6
CONTINUOUS
10
0.5083641732283465
20
0.0167010236220472
11
0.5080843307086614
21
0.0164583858267717
0
LINE
8
BLACK
6
CONTINUOUS
10
0.5080843307086614
20
0.0164583858267717
11
0.5078418503937008
21
0.0161787401574803
0
LINE
8
BLACK
6
CONTINUOUS
10
0.5078418503937008
20
0.0161787401574803
11
0.5075503543307086
21
0.0159952755905512
0
LINE
8
BLACK
6
CONTINUOUS
10
0.5075503543307086
20
0.0159952755905512
11
0.507493779527559
21
0.0159461811023622
0
LINE
8
BLACK
6
CONTINUOUS
10
0.507493779527559
20
0.0159461811023622
11
0.5074483070866141
21
0.015931062992126
0
LINE
8
BLACK
6
CONTINUOUS
10
0.5074483070866141
20
0.015931062992126
11
0.5073520078740157
21
0.0158703937007874
0
LINE
8
BLACK
6
CONTINUOUS
10
0.5073520078740157
20
0.0158703937007874
11
0.5036024409448818
21
0.0139956299212598
0
LINE
8
BLACK
6
CONTINUOUS
10
0.5036024409448818
20
0.0139956299212598
11
0.503061811023622
21
0.0137887401574803
0
LINE
8
BLACK
6
CONTINUOUS
10
0.503061811023622
20
0.0137887401574803
11
0.5029559842519685
21
0.0137812598425197
0
LINE
8
BLACK
6
CONTINUOUS
10
0.5029559842519685
20
0.0137812598425197
11
0.5028579921259843
21
0.0137406299212598
0
LINE
8
BLACK
6
CONTINUOUS
10
0.5028579921259843
20
0.0137406299212598
11
0.5022819291338583
21
0.0136838976377953
0
LINE
8
BLACK
6
CONTINUOUS
10
0.5022819291338583
20
0.0136838976377953
11
0.4685361811023622
21
0.0136838976377953
0
LINE
8
BLACK
6
CONTINUOUS
10
0.4685361811023622
20
0.0136838976377953
11
0.4679601181102362
21
0.0137406299212598
0
LINE
8
BLACK
6
CONTINUOUS
10
0.4679601181102362
20
0.0137406299212598
11
0.4668957086614173
21
0.0141815354330709
0
LINE
8
BLACK
6
CONTINUOUS
10
0.4668957086614173
20
0.0141815354330709
11
0.466081062992126
21
0.0149961811023622
0
LINE
8
BLACK
6
CONTINUOUS
10
0.466081062992126
20
0.0149961811023622
11
0.465640157480315
21
0.0160605905511811
0
LINE
8
BLACK
6
CONTINUOUS
10
0.465640157480315
20
0.0160605905511811
11
0.465640157480315
21
0.0172127165354331
0
LINE
8
BLACK
6
CONTINUOUS
10
0.465640157480315
20
0.0172127165354331
11
0.466081062992126
21
0.018277125984252
0
LINE
8
BLACK
6
CONTINUOUS
10
0.466081062992126
20
0.018277125984252
11
0.4668957086614173
21
0.0190917716535433
0
LINE
8
BLACK
6
CONTINUOUS
10
0.4668957086614173
20
0.0190917716535433
11
0.4679601181102362
21
0.0195326771653543
0
LINE
8
BLACK
6
CONTINUOUS
10
0.4679601181102362
20
0.0195326771653543
11
0.4685361811023622
21
0.0195894094488189
0
LINE
8
BLACK
6
CONTINUOUS
10
0.4685361811023622
20
0.0195894094488189
11
0.5015848818897638
21
0.0195894094488189
0
LINE
8
BLACK
6
CONTINUOUS
10
0.5015848818897638
20
0.0195894094488189
11
0.5038306299212598
21
0.0207122834645669
0
LINE
8
BLACK
6
CONTINUOUS
10
0.5038306299212598
20
0.0207122834645669
11
0.5052652362204725
21
0.0235814566929134
0
LINE
8
BLACK
6
CONTINUOUS
10
0.5052652362204725
20
0.0235814566929134
11
0.5055735826771653
21
0.0240713385826772
0
LINE
8
BLACK
6
CONTINUOUS
10
0.5055735826771653
20
0.0240713385826772
11
0.5064439763779528
21
0.0248261811023622
0
LINE
8
BLACK
6
CONTINUOUS
10
0.5064439763779528
20
0.0248261811023622
11
0.5075369291338583
21
0.0251905118110236
0
LINE
8
BLACK
6
CONTINUOUS
10
0.5075369291338583
20
0.0251905118110236
11
0.5086861417322834
21
0.0251088582677165
0
LINE
8
BLACK
6
CONTINUOUS
10
0.5084823228346457
20
0.0570279921259843
11
0.5095467322834646
21
0.0565870866141732
0
LINE
8
BLACK
6
CONTINUOUS
10
0.5095467322834646
20
0.0565870866141732
11
0.5103613779527559
21
0.0557724409448819
0
LINE
8
BLACK
6
CONTINUOUS
10
0.5103613779527559
20
0.0557724409448819
11
0.5108022834645669
21
0.054708031496063
0
LINE
8
BLACK
6
CONTINUOUS
10
0.5108022834645669
20
0.054708031496063
11
0.5108022834645669
21
0.053555905511811
0
LINE
8
BLACK
6
CONTINUOUS
10
0.5108022834645669
20
0.053555905511811
11
0.5103613779527559
21
0.0524914960629921
0
LINE
8
BLACK
6
CONTINUOUS
10
0.5103613779527559
20
0.0524914960629921
11
0.5102224409448819
21
0.0523525984251969
0
LINE
8
BLACK
6
CONTINUOUS
10
0.5102224409448819
20
0.0523525984251969
11
0.5105472834645669
21
0.0517029527559055
0
LINE
8
BLACK
6
CONTINUOUS
10
0.5105472834645669
20
0.0517029527559055
11
0.5107541732283465
21
0.0511623622047244
0
LINE
8
BLACK
6
CONTINUOUS
10
0.5107541732283465
20
0.0511623622047244
11
0.5107616929133858
21
0.0510564960629921
0
LINE
8
BLACK
6
CONTINUOUS
10
0.5107616929133858
20
0.0510564960629921
11
0.5108022834645669
21
0.0509585039370079
0
LINE
8
BLACK
6
CONTINUOUS
10
0.5108022834645669
20
0.0509585039370079
11
0.5108590157480315
21
0.0503824409448819
0
LINE
8
BLACK
6
CONTINUOUS
10
0.5108590157480315
20
0.0503824409448819
11
0.5108590157480315
21
0.0428833858267717
0
LINE
8
BLACK
6
CONTINUOUS
10
0.5108590157480315
20
0.0428833858267717
11
0.5108022834645669
21
0.0423073228346457
0
LINE
8
BLACK
6
CONTINUOUS
10
0.5108022834645669
20
0.0423073228346457
11
0.5107616929133858
21
0.0422093700787402
0
LINE
8
BLACK
6
CONTINUOUS
10
0.5107616929133858
20
0.0422093700787402
11
0.5107541732283465
21
0.0421034645669291
0
LINE
8
BLACK
6
CONTINUOUS
10
0.5107541732283465
20
0.0421034645669291
11
0.5105472834645669
21
0.041562874015748
0
LINE
8
BLACK
6
CONTINUOUS
10
0.5105472834645669
20
0.041562874015748
11
0.5086725196850393
21
0.0378133464566929
0
LINE
8
BLACK
6
CONTINUOUS
10
0.5086725196850393
20
0.0378133464566929
11
0.5085164173228346
21
0.0375653543307087
0
LINE
8
BLACK
6
CONTINUOUS
10
0.5085164173228346
20
0.0375653543307087
11
0.5084866141732284
21
0.0374933858267717
0
LINE
8
BLACK
6
CONTINUOUS
10
0.5084866141732284
20
0.0374933858267717
11
0.508420157480315
21
0.0374124409448819
0
LINE
8
BLACK
6
CONTINUOUS
10
0.508420157480315
20
0.0374124409448819
11
0.5083641732283465
21
0.0373234645669291
0
LINE
8
BLACK
6
CONTINUOUS
10
0.5083641732283465
20
0.0373234645669291
11
0.5083051181102362
21
0.0372722834645669
0
LINE
8
BLACK
6
CONTINUOUS
10
0.5083051181102362
20
0.0372722834645669
11
0.5081193700787402
21
0.037045905511811
0
LINE
8
BLACK
6
CONTINUOUS
10
0.5081193700787402
20
0.037045905511811
11
0.5062445669291339
21
0.0351711417322835
0
LINE
8
BLACK
6
CONTINUOUS
10
0.5062445669291339
20
0.0351711417322835
11
0.5060182283464567
21
0.0349854330708661
0
LINE
8
BLACK
6
CONTINUOUS
10
0.5060182283464567
20
0.0349854330708661
11
0.5059670866141732
21
0.0349264173228346
0
LINE
8
BLACK
6
CONTINUOUS
10
0.5059670866141732
20
0.0349264173228346
11
0.5058781496062992
21
0.0348704724409449
0
LINE
8
BLACK
6
CONTINUOUS
10
0.5058781496062992
20
0.0348704724409449
11
0.505797125984252
21
0.034803937007874
0
LINE
8
BLACK
6
CONTINUOUS
10
0.505797125984252
20
0.034803937007874
11
0.5057250787401575
21
0.0347741338582677
0
LINE
8
BLACK
6
CONTINUOUS
10
0.5057250787401575
20
0.0347741338582677
11
0.5054772047244095
21
0.0346180708661417
0
LINE
8
BLACK
6
CONTINUOUS
10
0.5054772047244095
20
0.0346180708661417
11
0.5017276771653543
21
0.0327433070866142
0
LINE
8
BLACK
6
CONTINUOUS
10
0.5017276771653543
20
0.0327433070866142
11
0.5011870472440945
21
0.0325364173228346
0
LINE
8
BLACK
6
CONTINUOUS
10
0.5011870472440945
20
0.0325364173228346
11
0.501081220472441
21
0.032528937007874
0
LINE
8
BLACK
6
CONTINUOUS
10
0.501081220472441
20
0.032528937007874
11
0.5009832283464567
21
0.0324883070866142
0
LINE
8
BLACK
6
CONTINUOUS
10
0.5009832283464567
20
0.0324883070866142
11
0.5004071653543307
21
0.0324315748031496
0
LINE
8
BLACK
6
CONTINUOUS
10
0.5004071653543307
20
0.0324315748031496
11
0.4891585826771653
21
0.0324315748031496
0
LINE
8
BLACK
6
CONTINUOUS
10
0.4891585826771653
20
0.0324315748031496
11
0.4885825196850394
21
0.0324883070866142
0
LINE
8
BLACK
6
CONTINUOUS
10
0.4885825196850394
20
0.0324883070866142
11
0.4884845275590551
21
0.0325288976377953
0
LINE
8
BLACK
6
CONTINUOUS
10
0.4884845275590551
20
0.0325288976377953
11
0.4883786614173228
21
0.0325364173228346
0
LINE
8
BLACK
6
CONTINUOUS
10
0.4883786614173228
20
0.0325364173228346
11
0.4878380708661417
21
0.0327433070866142
0
LINE
8
BLACK
6
CONTINUOUS
10
0.4878380708661417
20
0.0327433070866142
11
0.4840885433070866
21
0.0346180708661417
0
LINE
8
BLACK
6
CONTINUOUS
10
0.4840885433070866
20
0.0346180708661417
11
0.4838405118110236
21
0.0347741732283465
0
LINE
8
BLACK
6
CONTINUOUS
10
0.4838405118110236
20
0.0347741732283465
11
0.4837685826771653
21
0.0348039763779528
0
LINE
8
BLACK
6
CONTINUOUS
10
0.4837685826771653
20
0.0348039763779528
11
0.4836875984251968
21
0.0348704724409449
0
LINE
8
BLACK
6
CONTINUOUS
10
0.4836875984251968
20
0.0348704724409449
11
0.4835986614173228
21
0.0349264173228346
0
LINE
8
BLACK
6
CONTINUOUS
10
0.4835986614173228
20
0.0349264173228346
11
0.4835474803149606
21
0.0349854330708661
0
LINE
8
BLACK
6
CONTINUOUS
10
0.4835474803149606
20
0.0349854330708661
11
0.4833211417322835
21
0.0351711811023622
0
LINE
8
BLACK
6
CONTINUOUS
10
0.4833211417322835
20
0.0351711811023622
11
0.4814463779527559
21
0.0370459448818898
0
LINE
8
BLACK
6
CONTINUOUS
10
0.4814463779527559
20
0.0370459448818898
11
0.4812605905511811
21
0.0372723228346457
0
LINE
8
BLACK
6
CONTINUOUS
10
0.4812605905511811
20
0.0372723228346457
11
0.4812016141732283
21
0.0373234645669291
0
LINE
8
BLACK
6
CONTINUOUS
10
0.4812016141732283
20
0.0373234645669291
11
0.4811456299212598
21
0.0374124409448819
0
LINE
8
BLACK
6
CONTINUOUS
10
0.4811456299212598
20
0.0374124409448819
11
0.4810791732283464
21
0.0374933858267717
0
LINE
8
BLACK
6
CONTINUOUS
10
0.4810791732283464
20
0.0374933858267717
11
0.4810493307086614
21
0.0375653543307087
0
LINE
8
BLACK
6
CONTINUOUS
10
0.4810493307086614
20
0.0375653543307087
11
0.4808932677165354
21
0.0378133464566929
0
LINE
8
BLACK
6
CONTINUOUS
10
0.4808932677165354
20
0.0378133464566929
11
0.4790185039370078
21
0.041562874015748
0
LINE
8
BLACK
6
CONTINUOUS
10
0.4790185039370078
20
0.041562874015748
11
0.4788116141732283
21
0.0421035039370079
0
LINE
8
BLACK
6
CONTINUOUS
10
0.4788116141732283
20
0.0421035039370079
11
0.4788040944881889
21
0.0422093307086614
0
LINE
8
BLACK
6
CONTINUOUS
10
0.4788040944881889
20
0.0422093307086614
11
0.4787635039370078
21
0.0423073228346457
0
LINE
8
BLACK
6
CONTINUOUS
10
0.4787635039370078
20
0.0423073228346457
11
0.4787067716535433
21
0.0428833858267717
0
LINE
8
BLACK
6
CONTINUOUS
10
0.4787067716535433
20
0.0428833858267717
11
0.4787067716535433
21
0.0503824409448819
0
LINE
8
BLACK
6
CONTINUOUS
10
0.4787067716535433
20
0.0503824409448819
11
0.4787635039370078
21
0.0509585039370079
0
LINE
8
BLACK
6
CONTINUOUS
10
0.4787635039370078
20
0.0509585039370079
11
0.4788040944881889
21
0.0510565354330709
0
LINE
8
BLACK
6
CONTINUOUS
10
0.4788040944881889
20
0.0510565354330709
11
0.4788116141732283
21
0.0511623228346457
0
LINE
8
BLACK
6
CONTINUOUS
10
0.4788116141732283
20
0.0511623228346457
11
0.4788180708661417
21
0.0511792125984252
0
LINE
8
BLACK
6
CONTINUOUS
10
0.4788180708661417
20
0.0511792125984252
11
0.4685361811023622
21
0.0511792125984252
0
LINE
8
BLACK
6
CONTINUOUS
10
0.4685361811023622
20
0.0511792125984252
11
0.4679601181102362
21
0.0512359448818898
0
LINE
8
BLACK
6
CONTINUOUS
10
0.4679601181102362
20
0.0512359448818898
11
0.4668957086614173
21
0.0516768503937008
0
LINE
8
BLACK
6
CONTINUOUS
10
0.4668957086614173
20
0.0516768503937008
11
0.466081062992126
21
0.0524914960629921
0
LINE
8
BLACK
6
CONTINUOUS
10
0.466081062992126
20
0.0524914960629921
11
0.465640157480315
21
0.053555905511811
0
LINE
8
BLACK
6
CONTINUOUS
10
0.465640157480315
20
0.053555905511811
11
0.465640157480315
21
0.054708031496063
0
LINE
8
BLACK
6
CONTINUOUS
10
0.465640157480315
20
0.054708031496063
11
0.466081062992126
21
0.0557724409448819
0
LINE
8
BLACK
6
CONTINUOUS
10
0.466081062992126
20
0.0557724409448819
11
0.4668957086614173
21
0.0565870866141732
0
LINE
8
BLACK
6
CONTINUOUS
10
0.4668957086614173
20
0.0565870866141732
11
0.4679601181102362
21
0.0570279921259843
0
LINE
8
BLACK
6
CONTINUOUS
10
0.4679601181102362
20
0.0570279921259843
11
0.4685361811023622
21
0.0570847244094488
0
LINE
8
BLACK
6
CONTINUOUS
10
0.4685361811023622
20
0.0570847244094488
11
0.5079062598425197
21
0.0570847244094488
0
LINE
8
BLACK
6
CONTINUOUS
10
0.5079062598425197
20
0.0570847244094488
11
0.5084823228346457
21
0.0570279921259843
0
LINE
8
BLACK
6
CONTINUOUS
10
0.4846122834645669
20
0.0496853937007874
11
0.4846122834645669
21
0.0435804330708661
0
LINE
8
BLACK
6
CONTINUOUS
10
0.4846122834645669
20
0.0435804330708661
11
0.4859610236220472
21
0.0408829527559055
0
LINE
8
BLACK
6
CONTINUOUS
10
0.4859610236220472
20
0.0408829527559055
11
0.4871581496062992
21
0.0396858267716535
0
LINE
8
BLACK
6
CONTINUOUS
10
0.4871581496062992
20
0.0396858267716535
11
0.4898556299212598
21
0.0383370866141732
0
LINE
8
BLACK
6
CONTINUOUS
10
0.4898556299212598
20
0.0383370866141732
11
0.4997101181102362
21
0.0383370866141732
0
LINE
8
BLACK
6
CONTINUOUS
10
0.4997101181102362
20
0.0383370866141732
11
0.5024075984251969
21
0.0396858661417323
0
LINE
8
BLACK
6
CONTINUOUS
10
0.5024075984251969
20
0.0396858661417323
11
0.5036047637795276
21
0.0408829921259843
0
LINE
8
BLACK
6
CONTINUOUS
10
0.5036047637795276
20
0.0408829921259843
11
0.5049535039370079
21
0.0435804330708661
0
LINE
8
BLACK
6
CONTINUOUS
10
0.5049535039370079
20
0.0435804330708661
11
0.5049535039370079
21
0.0496853937007874
0
LINE
8
BLACK
6
CONTINUOUS
10
0.5049535039370079
20
0.0496853937007874
11
0.5042065748031496
21
0.0511792125984252
0
LINE
8
BLACK
6
CONTINUOUS
10
0.5042065748031496
20
0.0511792125984252
11
0.4853592125984252
21
0.0511792125984252
0
LINE
8
BLACK
6
CONTINUOUS
10
0.4853592125984252
20
0.0511792125984252
11
0.4846122834645669
21
0.0496853937007874
0
LINE
8
BLACK
6
CONTINUOUS
10
0.4916094094488189
20
0.0926485433070866
11
0.4918766535433071
21
0.092537874015748
0
LINE
8
BLACK
6
CONTINUOUS
10
0.4918766535433071
20
0.092537874015748
11
0.4921604724409449
21
0.0924816929133858
0
LINE
8
BLACK
6
CONTINUOUS
10
0.4921604724409449
20
0.0924816929133858
11
0.4924037401574803
21
0.0923195275590551
0
LINE
8
BLACK
6
CONTINUOUS
10
0.4924037401574803
20
0.0923195275590551
11
0.4926738188976378
21
0.0922076377952756
0
LINE
8
BLACK
6
CONTINUOUS
10
0.4926738188976378
20
0.0922076377952756
11
0.4928783464566929
21
0.0920031102362205
0
LINE
8
BLACK
6
CONTINUOUS
10
0.4928783464566929
20
0.0920031102362205
11
0.4931190551181102
21
0.0918426377952756
0
LINE
8
BLACK
6
CONTINUOUS
10
0.4931190551181102
20
0.0918426377952756
11
0.4932817322834646
21
0.0915997244094488
0
LINE
8
BLACK
6
CONTINUOUS
10
0.4932817322834646
20
0.0915997244094488
11
0.4934884645669291
21
0.0913929921259842
0
LINE
8
BLACK
6
CONTINUOUS
10
0.4934884645669291
20
0.0913929921259842
11
0.4935991338582677
21
0.0911257480314961
0
LINE
8
BLACK
6
CONTINUOUS
10
0.4935991338582677
20
0.0911257480314961
11
0.4937601574803149
21
0.0908853543307087
0
LINE
8
BLACK
6
CONTINUOUS
10
0.4937601574803149
20
0.0908853543307087
11
0.493928779527559
21
0.0903316141732283
0
LINE
8
BLACK
6
CONTINUOUS
10
0.493928779527559
20
0.0903316141732283
11
0.4972035433070866
21
0.0739576377952756
0
LINE
8
BLACK
6
CONTINUOUS
10
0.4972035433070866
20
0.0739576377952756
11
0.5015848818897638
21
0.0739576377952756
0
LINE
8
BLACK
6
CONTINUOUS
10
0.5015848818897638
20
0.0739576377952756
11
0.5038306299212598
21
0.0750805118110236
0
LINE
8
BLACK
6
CONTINUOUS
10
0.5038306299212598
20
0.0750805118110236
11
0.5049535039370079
21
0.0773262204724409
0
LINE
8
BLACK
6
CONTINUOUS
10
0.5049535039370079
20
0.0773262204724409
11
0.5049535039370079
21
0.0834311811023622
0
LINE
8
BLACK
6
CONTINUOUS
10
0.5049535039370079
20
0.0834311811023622
11
0.5033904724409449
21
0.0865572440944882
0
LINE
8
BLACK
6
CONTINUOUS
10
0.5033904724409449
20
0.0865572440944882
11
0.5031835826771653
21
0.087097874015748
0
LINE
8
BLACK
6
CONTINUOUS
10
0.5031835826771653
20
0.087097874015748
11
0.5031019291338582
21
0.0882470866141732
0
LINE
8
BLACK
6
CONTINUOUS
10
0.5031019291338582
20
0.0882470866141732
11
0.5034662598425197
21
0.0893400393700787
0
LINE
8
BLACK
6
CONTINUOUS
10
0.5034662598425197
20
0.0893400393700787
11
0.5042211023622047
21
0.0902104330708661
0
LINE
8
BLACK
6
CONTINUOUS
10
0.5042211023622047
20
0.0902104330708661
11
0.5052516141732283
21
0.0907256692913386
0
LINE
8
BLACK
6
CONTINUOUS
10
0.5052516141732283
20
0.0907256692913386
11
0.5064008267716535
21
0.0908073228346457
0
LINE
8
BLACK
6
CONTINUOUS
10
0.5064008267716535
20
0.0908073228346457
11
0.507493779527559
21
0.0904429921259843
0
LINE
8
BLACK
6
CONTINUOUS
10
0.507493779527559
20
0.0904429921259843
11
0.5083641732283465
21
0.0896881496062992
0
LINE
8
BLACK
6
CONTINUOUS
10
0.5083641732283465
20
0.0896881496062992
11
0.5086725196850393
21
0.0891982677165354
0
LINE
8
BLACK
6
CONTINUOUS
10
0.5086725196850393
20
0.0891982677165354
11
0.5105472834645669
21
0.0854487401574803
0
LINE
8
BLACK
6
CONTINUOUS
10
0.5105472834645669
20
0.0854487401574803
11
0.5107541732283465
21
0.0849081496062992
0
LINE
8
BLACK
6
CONTINUOUS
10
0.5107541732283465
20
0.0849081496062992
11
0.5107616929133858
21
0.0848022834645669
0
LINE
8
BLACK
6
CONTINUOUS
10
0.5107616929133858
20
0.0848022834645669
11
0.5108022834645669
21
0.0847042913385827
0
LINE
8
BLACK
6
CONTINUOUS
10
0.5108022834645669
20
0.0847042913385827
11
0.5108590157480315
21
0.0841282283464567
0
LINE
8
BLACK
6
CONTINUOUS
10
0.5108590157480315
20
0.0841282283464567
11
0.5108590157480315
21
0.0766291732283465
0
LINE
8
BLACK
6
CONTINUOUS
10
0.5108590157480315
20
0.0766291732283465
11
0.5108022834645669
21
0.0760531102362205
0
LINE
8
BLACK
6
CONTINUOUS
10
0.5108022834645669
20
0.0760531102362205
11
0.5107616929133858
21
0.075955157480315
0
LINE
8
BLACK
6
CONTINUOUS
10
0.5107616929133858
20
0.075955157480315
11
0.5107541732283465
21
0.0758492519685039
0
LINE
8
BLACK
6
CONTINUOUS
10
0.5107541732283465
20
0.0758492519685039
11
0.5105472834645669
21
0.0753086614173228
0
LINE
8
BLACK
6
CONTINUOUS
10
0.5105472834645669
20
0.0753086614173228
11
0.5086725196850393
21
0.0715591338582677
0
LINE
8
BLACK
6
CONTINUOUS
10
0.5086725196850393
20
0.0715591338582677
11
0.5086118503937008
21
0.0714627952755905
0
LINE
8
BLACK
6
CONTINUOUS
10
0.5086118503937008
20
0.0714627952755905
11
0.5085967322834646
21
0.0714173622047244
0
LINE
8
BLACK
6
CONTINUOUS
10
0.5085967322834646
20
0.0714173622047244
11
0.5085476771653543
21
0.0713608267716535
0
LINE
8
BLACK
6
CONTINUOUS
10
0.5085476771653543
20
0.0713608267716535
11
0.5083641732283465
21
0.0710692519685039
0
LINE
8
BLACK
6
CONTINUOUS
10
0.5083641732283465
20
0.0710692519685039
11
0.5080843307086614
21
0.0708266141732283
0
LINE
8
BLACK
6
CONTINUOUS
10
0.5080843307086614
20
0.0708266141732283
11
0.5078418503937008
21
0.070546968503937
0
LINE
8
BLACK
6
CONTINUOUS
10
0.5078418503937008
20
0.070546968503937
11
0.5075503543307086
21
0.0703635039370079
0
LINE
8
BLACK
6
CONTINUOUS
10
0.5075503543307086
20
0.0703635039370079
11
0.507493779527559
21
0.0703144094488189
0
LINE
8
BLACK
6
CONTINUOUS
10
0.507493779527559
20
0.0703144094488189
11
0.5074483070866141
21
0.0702992913385827
0
LINE
8
BLACK
6
CONTINUOUS
10
0.5074483070866141
20
0.0702992913385827
11
0.5073520078740157
21
0.0702386220472441
0
LINE
8
BLACK
6
CONTINUOUS
10
0.5073520078740157
20
0.0702386220472441
11
0.5036024409448818
21
0.0683638582677165
0
LINE
8
BLACK
6
CONTINUOUS
10
0.5036024409448818
20
0.0683638582677165
11
0.503061811023622
21
0.068156968503937
0
LINE
8
BLACK
6
CONTINUOUS
10
0.503061811023622
20
0.068156968503937
11
0.5029559842519685
21
0.0681494881889764
0
LINE
8
BLACK
6
CONTINUOUS
10
0.5029559842519685
20
0.0681494881889764
11
0.5028579921259843
21
0.0681088582677165
0
LINE
8
BLACK
6
CONTINUOUS
10
0.5028579921259843
20
0.0681088582677165
11
0.5022819291338583
21
0.068052125984252
0
LINE
8
BLACK
6
CONTINUOUS
10
0.5022819291338583
20
0.068052125984252
11
0.4947859448818898
21
0.068052125984252
0
LINE
8
BLACK
6
CONTINUOUS
10
0.4947859448818898
20
0.068052125984252
11
0.4872838188976378
21
0.068052125984252
0
LINE
8
BLACK
6
CONTINUOUS
10
0.4872838188976378
20
0.068052125984252
11
0.4867077559055118
21
0.0681088582677165
0
LINE
8
BLACK
6
CONTINUOUS
10
0.4867077559055118
20
0.0681088582677165
11
0.4866097637795275
21
0.0681494488188976
0
LINE
8
BLACK
6
CONTINUOUS
10
0.4866097637795275
20
0.0681494488188976
11
0.4865038976377953
21
0.068156968503937
0
LINE
8
BLACK
6
CONTINUOUS
10
0.4865038976377953
20
0.068156968503937
11
0.4859633070866142
21
0.0683638582677165
0
LINE
8
BLACK
6
CONTINUOUS
10
0.4859633070866142
20
0.0683638582677165
11
0.4822137795275591
21
0.0702386220472441
0
LINE
8
BLACK
6
CONTINUOUS
10
0.4822137795275591
20
0.0702386220472441
11
0.4821174015748032
21
0.0702992913385827
0
LINE
8
BLACK
6
CONTINUOUS
10
0.4821174015748032
20
0.0702992913385827
11
0.4820720078740157
21
0.0703144094488189
0
LINE
8
BLACK
6
CONTINUOUS
10
0.4820720078740157
20
0.0703144094488189
11
0.4820154330708661
21
0.0703634645669291
0
LINE
8
BLACK
6
CONTINUOUS
10
0.4820154330708661
20
0.0703634645669291
11
0.4817238976377953
21
0.070546968503937
0
LINE
8
BLACK
6
CONTINUOUS
10
0.4817238976377953
20
0.070546968503937
11
0.4814812992125984
21
0.0708266929133858
0
LINE
8
BLACK
6
CONTINUOUS
10
0.4814812992125984
20
0.0708266929133858
11
0.4812016141732283
21
0.0710692519685039
0
LINE
8
BLACK
6
CONTINUOUS
10
0.4812016141732283
20
0.0710692519685039
11
0.4810180708661417
21
0.0713608267716535
0
LINE
8
BLACK
6
CONTINUOUS
10
0.4810180708661417
20
0.0713608267716535
11
0.4809690551181102
21
0.0714173622047244
0
LINE
8
BLACK
6
CONTINUOUS
10
0.4809690551181102
20
0.0714173622047244
11
0.4809538976377953
21
0.0714627952755905
0
LINE
8
BLACK
6
CONTINUOUS
10
0.4809538976377953
20
0.0714627952755905
11
0.4808932677165354
21
0.0715591338582677
0
LINE
8
BLACK
6
CONTINUOUS
10
0.4808932677165354
20
0.0715591338582677
11
0.4790185039370078
21
0.0753086614173228
0
LINE
8
BLACK
6
CONTINUOUS
10
0.4790185039370078
20
0.0753086614173228
11
0.4788116141732283
21
0.0758492913385827
0
LINE
8
BLACK
6
CONTINUOUS
10
0.4788116141732283
20
0.0758492913385827
11
0.4788040944881889
21
0.0759551181102362
0
LINE
8
BLACK
6
CONTINUOUS
10
0.4788040944881889
20
0.0759551181102362
11
0.4787635039370078
21
0.0760531102362205
0
LINE
8
BLACK
6
CONTINUOUS
10
0.4787635039370078
20
0.0760531102362205
11
0.4787067716535433
21
0.0766291732283465
0
LINE
8
BLACK
6
CONTINUOUS
10
0.4787067716535433
20
0.0766291732283465
11
0.4787067716535433
21
0.0841282283464567
0
LINE
8
BLACK
6
CONTINUOUS
10
0.4787067716535433
20
0.0841282283464567
11
0.4787635039370078
21
0.0847042913385827
0
LINE
8
BLACK
6
CONTINUOUS
10
0.4787635039370078
20
0.0847042913385827
11
0.4788040944881889
21
0.0848023228346457
0
LINE
8
BLACK
6
CONTINUOUS
10
0.4788040944881889
20
0.0848023228346457
11
0.4788116141732283
21
0.0849081102362205
0
LINE
8
BLACK
6
CONTINUOUS
10
0.4788116141732283
20
0.0849081102362205
11
0.4790185039370078
21
0.0854487401574803
0
LINE
8
BLACK
6
CONTINUOUS
10
0.4790185039370078
20
0.0854487401574803
11
0.4808932677165354
21
0.0891982677165354
0
LINE
8
BLACK
6
CONTINUOUS
10
0.4808932677165354
20
0.0891982677165354
11
0.4809538976377953
21
0.0892946456692913
0
LINE
8
BLACK
6
CONTINUOUS
10
0.4809538976377953
20
0.0892946456692913
11
0.4809690551181102
21
0.0893400393700787
0
LINE
8
BLACK
6
CONTINUOUS
10
0.4809690551181102
20
0.0893400393700787
11
0.4810180708661417
21
0.0893966141732283
0
LINE
8
BLACK
6
CONTINUOUS
10
0.4810180708661417
20
0.0893966141732283
11
0.4812016141732283
21
0.0896881496062992
0
LINE
8
BLACK
6
CONTINUOUS
10
0.4812016141732283
20
0.0896881496062992
11
0.4814812992125984
21
0.0899307480314961
0
LINE
8
BLACK
6
CONTINUOUS
10
0.4814812992125984
20
0.0899307480314961
11
0.4817238976377953
21
0.0902104330708661
0
LINE
8
BLACK
6
CONTINUOUS
10
0.4817238976377953
20
0.0902104330708661
11
0.4820154330708661
21
0.0903939763779528
0
LINE
8
BLACK
6
CONTINUOUS
10
0.4820154330708661
20
0.0903939763779528
11
0.4820720078740157
21
0.0904429921259843
0
LINE
8
BLACK
6
CONTINUOUS
10
0.4820720078740157
20
0.0904429921259843
11
0.4821174015748032
21
0.0904581496062992
0
LINE
8
BLACK
6
CONTINUOUS
10
0.4821174015748032
20
0.0904581496062992
11
0.4822137795275591
21
0.0905187795275591
0
LINE
8
BLACK
6
CONTINUOUS
10
0.4822137795275591
20
0.0905187795275591
11
0.4859633070866142
21
0.0923935433070866
0
LINE
8
BLACK
6
CONTINUOUS
10
0.4859633070866142
20
0.0923935433070866
11
0.4865038976377953
21
0.0926004330708661
0
LINE
8
BLACK
6
CONTINUOUS
10
0.4865038976377953
20
0.0926004330708661
11
0.4866097637795275
21
0.0926079921259843
0
LINE
8
BLACK
6
CONTINUOUS
10
0.4866097637795275
20
0.0926079921259843
11
0.4867077559055118
21
0.0926485433070866
0
LINE
8
BLACK
6
CONTINUOUS
10
0.4867077559055118
20
0.0926485433070866
11
0.4872838188976378
21
0.0927052755905512
0
LINE
8
BLACK
6
CONTINUOUS
10
0.4872838188976378
20
0.0927052755905512
11
0.4910333464566929
21
0.0927052755905512
0
LINE
8
BLACK
6
CONTINUOUS
10
0.4910333464566929
20
0.0927052755905512
11
0.4916094094488189
21
0.0926485433070866
0
LINE
8
BLACK
6
CONTINUOUS
10
0.4857351181102362
20
0.0856769291338583
11
0.4846122834645669
21
0.0834311811023622
0
LINE
8
BLACK
6
CONTINUOUS
10
0.4846122834645669
20
0.0834311811023622
11
0.4846122834645669
21
0.0773262204724409
0
LINE
8
BLACK
6
CONTINUOUS
10
0.4846122834645669
20
0.0773262204724409
11
0.4857351181102362
21
0.0750805118110236
0
LINE
8
BLACK
6
CONTINUOUS
10
0.4857351181102362
20
0.0750805118110236
11
0.4879808661417323
21
0.0739576377952756
0
LINE
8
BLACK
6
CONTINUOUS
10
0.4879808661417323
20
0.0739576377952756
11
0.491181062992126
21
0.0739576377952756
0
LINE
8
BLACK
6
CONTINUOUS
10
0.491181062992126
20
0.0739576377952756
11
0.4886126377952756
21
0.0867997637795276
0
LINE
8
BLACK
6
CONTINUOUS
10
0.4886126377952756
20
0.0867997637795276
11
0.4879808661417323
21
0.0867997637795276
0
LINE
8
BLACK
6
CONTINUOUS
10
0.4879808661417323
20
0.0867997637795276
11
0.4857351181102362
21
0.0856769291338583
0
LINE
8
BLACK
6
CONTINUOUS
10
0.8612798818897638
20
0.245706220472441
11
0.8613576377952755
21
0.2457117322834646
0
LINE
8
BLACK
6
CONTINUOUS
10
0.8613576377952755
20
0.2457117322834646
11
0.8614598818897637
21
0.2456885039370079
0
LINE
8
BLACK
6
CONTINUOUS
10
0.8614598818897637
20
0.2456885039370079
11
0.8615644094488188
21
0.2456781889763779
0
LINE
8
BLACK
6
CONTINUOUS
10
0.8615644094488188
20
0.2456781889763779
11
0.8616364960629921
21
0.2456483464566929
0
LINE
8
BLACK
6
CONTINUOUS
10
0.8616364960629921
20
0.2456483464566929
11
0.8619220866141732
21
0.2455833858267716
0
LINE
8
BLACK
6
CONTINUOUS
10
0.8619220866141732
20
0.2455833858267716
11
0.8675463779527559
21
0.2437086220472441
0
LINE
8
BLACK
6
CONTINUOUS
10
0.8675463779527559
20
0.2437086220472441
11
0.8680749212598425
21
0.2434726377952756
0
LINE
8
BLACK
6
CONTINUOUS
10
0.8680749212598425
20
0.2434726377952756
11
0.868155
21
0.2434031889763779
0
LINE
8
BLACK
6
CONTINUOUS
10
0.868155
20
0.2434031889763779
11
0.8682530708661417
21
0.2433625590551181
0
LINE
8
BLACK
6
CONTINUOUS
10
0.8682530708661417
20
0.2433625590551181
11
0.8687005511811023
21
0.2429953149606299
0
LINE
8
BLACK
6
CONTINUOUS
10
0.8687005511811023
20
0.2429953149606299
11
0.8724501181102362
21
0.2392457874015748
0
LINE
8
BLACK
6
CONTINUOUS
10
0.8724501181102362
20
0.2392457874015748
11
0.8728173622047244
21
0.2387983464566929
0
LINE
8
BLACK
6
CONTINUOUS
10
0.8728173622047244
20
0.2387983464566929
11
0.8728579527559055
21
0.2387003149606299
0
LINE
8
BLACK
6
CONTINUOUS
10
0.8728579527559055
20
0.2387003149606299
11
0.8729274409448818
21
0.2386201968503937
0
LINE
8
BLACK
6
CONTINUOUS
10
0.8729274409448818
20
0.2386201968503937
11
0.8731634251968504
21
0.2380916141732283
0
LINE
8
BLACK
6
CONTINUOUS
10
0.8731634251968504
20
0.2380916141732283
11
0.875038188976378
21
0.2324673622047244
0
LINE
8
BLACK
6
CONTINUOUS
10
0.875038188976378
20
0.2324673622047244
11
0.8751031102362204
21
0.2321817322834646
0
LINE
8
BLACK
6
CONTINUOUS
10
0.8751031102362204
20
0.2321817322834646
11
0.8751329921259843
21
0.2321096456692913
0
LINE
8
BLACK
6
CONTINUOUS
10
0.8751329921259843
20
0.2321096456692913
11
0.8751432677165354
21
0.2320051968503937
0
LINE
8
BLACK
6
CONTINUOUS
10
0.8751432677165354
20
0.2320051968503937
11
0.8751665354330709
21
0.2319029133858268
0
LINE
8
BLACK
6
CONTINUOUS
10
0.8751665354330709
20
0.2319029133858268
11
0.8751609842519685
21
0.2318251968503937
0
LINE
8
BLACK
6
CONTINUOUS
10
0.8751609842519685
20
0.2318251968503937
11
0.8751897244094488
21
0.2315335826771653
0
LINE
8
BLACK
6
CONTINUOUS
10
0.8751897244094488
20
0.2315335826771653
11
0.8751897244094488
21
0.2277840551181102
0
LINE
8
BLACK
6
CONTINUOUS
10
0.8751897244094488
20
0.2277840551181102
11
0.8751329921259843
21
0.2272079921259842
0
LINE
8
BLACK
6
CONTINUOUS
10
0.8751329921259843
20
0.2272079921259842
11
0.8746920866141732
21
0.2261435826771654
0
LINE
8
BLACK
6
CONTINUOUS
10
0.8746920866141732
20
0.2261435826771654
11
0.8738774409448818
21
0.225328937007874
0
LINE
8
BLACK
6
CONTINUOUS
10
0.8738774409448818
20
0.225328937007874
11
0.8728130314960629
21
0.224888031496063
0
LINE
8
BLACK
6
CONTINUOUS
10
0.8728130314960629
20
0.224888031496063
11
0.871660905511811
21
0.224888031496063
0
LINE
8
BLACK
6
CONTINUOUS
10
0.871660905511811
20
0.224888031496063
11
0.8705964960629921
21
0.225328937007874
0
LINE
8
BLACK
6
CONTINUOUS
10
0.8705964960629921
20
0.225328937007874
11
0.8697818503937008
21
0.2261435826771654
0
LINE
8
BLACK
6
CONTINUOUS
10
0.8697818503937008
20
0.2261435826771654
11
0.8693409448818897
21
0.2272079921259842
0
LINE
8
BLACK
6
CONTINUOUS
10
0.8693409448818897
20
0.2272079921259842
11
0.8692842125984251
21
0.2277840551181102
0
LINE
8
BLACK
6
CONTINUOUS
10
0.8692842125984251
20
0.2277840551181102
11
0.8692842125984251
21
0.2310544488188976
0
LINE
8
BLACK
6
CONTINUOUS
10
0.8692842125984251
20
0.2310544488188976
11
0.8677814173228346
21
0.2355628346456693
0
LINE
8
BLACK
6
CONTINUOUS
10
0.8677814173228346
20
0.2355628346456693
11
0.8650175984251969
21
0.2383266141732283
0
LINE
8
BLACK
6
CONTINUOUS
10
0.8650175984251969
20
0.2383266141732283
11
0.8605092125984252
21
0.2398294094488189
0
LINE
8
BLACK
6
CONTINUOUS
10
0.8605092125984252
20
0.2398294094488189
11
0.8328668897637795
21
0.2398294094488189
0
LINE
8
BLACK
6
CONTINUOUS
10
0.8328668897637795
20
0.2398294094488189
11
0.8322908267716536
21
0.2398861417322835
0
LINE
8
BLACK
6
CONTINUOUS
10
0.8322908267716536
20
0.2398861417322835
11
0.8312264173228346
21
0.2403270472440945
0
LINE
8
BLACK
6
CONTINUOUS
10
0.8312264173228346
20
0.2403270472440945
11
0.8304117716535433
21
0.2411416929133858
0
LINE
8
BLACK
6
CONTINUOUS
10
0.8304117716535433
20
0.2411416929133858
11
0.8299708661417322
21
0.2422061023622047
0
LINE
8
BLACK
6
CONTINUOUS
10
0.8299708661417322
20
0.2422061023622047
11
0.8299708661417322
21
0.2433582283464567
0
LINE
8
BLACK
6
CONTINUOUS
10
0.8299708661417322
20
0.2433582283464567
11
0.8304117716535433
21
0.2444226377952756
0
LINE
8
BLACK
6
CONTINUOUS
10
0.8304117716535433
20
0.2444226377952756
11
0.8312264173228346
21
0.2452372834645669
0
LINE
8
BLACK
6
CONTINUOUS
10
0.8312264173228346
20
0.2452372834645669
11
0.8322908267716536
21
0.2456781889763779
0
LINE
8
BLACK
6
CONTINUOUS
10
0.8322908267716536
20
0.2456781889763779
11
0.8328668897637795
21
0.2457349212598425
0
LINE
8
BLACK
6
CONTINUOUS
10
0.8328668897637795
20
0.2457349212598425
11
0.8609883464566929
21
0.2457349212598425
0
LINE
8
BLACK
6
CONTINUOUS
10
0.8609883464566929
20
0.2457349212598425
11
0.8612798818897638
21
0.245706220472441
0
LINE
8
BLACK
6
CONTINUOUS
10
0.8607540551181102
20
0.286482125984252
11
0.8615687007874016
21
0.2856674803149606
0
LINE
8
BLACK
6
CONTINUOUS
10
0.8615687007874016
20
0.2856674803149606
11
0.8620096062992125
21
0.2846030708661417
0
LINE
8
BLACK
6
CONTINUOUS
10
0.8620096062992125
20
0.2846030708661417
11
0.8620663385826771
21
0.2840270078740157
0
LINE
8
BLACK
6
CONTINUOUS
10
0.8620663385826771
20
0.2840270078740157
11
0.8620663385826771
21
0.2813554724409449
0
LINE
8
BLACK
6
CONTINUOUS
10
0.8620663385826771
20
0.2813554724409449
11
0.8722369685039369
21
0.2813554724409449
0
LINE
8
BLACK
6
CONTINUOUS
10
0.8722369685039369
20
0.2813554724409449
11
0.8728130314960629
21
0.2812987401574803
0
LINE
8
BLACK
6
CONTINUOUS
10
0.8728130314960629
20
0.2812987401574803
11
0.8738774409448818
21
0.2808578346456693
0
LINE
8
BLACK
6
CONTINUOUS
10
0.8738774409448818
20
0.2808578346456693
11
0.8746920866141732
21
0.2800431889763779
0
LINE
8
BLACK
6
CONTINUOUS
10
0.8746920866141732
20
0.2800431889763779
11
0.8751329921259843
21
0.2789787795275591
0
LINE
8
BLACK
6
CONTINUOUS
10
0.8751329921259843
20
0.2789787795275591
11
0.8751329921259843
21
0.2778266535433071
0
LINE
8
BLACK
6
CONTINUOUS
10
0.8751329921259843
20
0.2778266535433071
11
0.8746920866141732
21
0.2767622440944882
0
LINE
8
BLACK
6
CONTINUOUS
10
0.8746920866141732
20
0.2767622440944882
11
0.8738774409448818
21
0.2759475984251968
0
LINE
8
BLACK
6
CONTINUOUS
10
0.8738774409448818
20
0.2759475984251968
11
0.8728130314960629
21
0.2755066929133858
0
LINE
8
BLACK
6
CONTINUOUS
10
0.8728130314960629
20
0.2755066929133858
11
0.8722369685039369
21
0.2754499606299213
0
LINE
8
BLACK
6
CONTINUOUS
10
0.8722369685039369
20
0.2754499606299213
11
0.8620663385826771
21
0.2754499606299213
0
LINE
8
BLACK
6
CONTINUOUS
10
0.8620663385826771
20
0.2754499606299213
11
0.8620663385826771
21
0.2596550787401575
0
LINE
8
BLACK
6
CONTINUOUS
10
0.8620663385826771
20
0.2596550787401575
11
0.8620375984251968
21
0.2593635433070866
0
LINE
8
BLACK
6
CONTINUOUS
10
0.8620375984251968
20
0.2593635433070866
11
0.8620431496062992
21
0.2592857874015748
0
LINE
8
BLACK
6
CONTINUOUS
10
0.8620431496062992
20
0.2592857874015748
11
0.8620244094488189
21
0.2592296850393701
0
LINE
8
BLACK
6
CONTINUOUS
10
0.8620244094488189
20
0.2592296850393701
11
0.8620096062992125
21
0.2590790157480315
0
LINE
8
BLACK
6
CONTINUOUS
10
0.8620096062992125
20
0.2590790157480315
11
0.8618284251968503
21
0.2586416535433071
0
LINE
8
BLACK
6
CONTINUOUS
10
0.8618284251968503
20
0.2586416535433071
11
0.8616788188976378
21
0.2581927952755905
0
LINE
8
BLACK
6
CONTINUOUS
10
0.8616788188976378
20
0.2581927952755905
11
0.8616092913385827
21
0.2581126771653543
0
LINE
8
BLACK
6
CONTINUOUS
10
0.8616092913385827
20
0.2581126771653543
11
0.8615687007874016
21
0.2580146062992126
0
LINE
8
BLACK
6
CONTINUOUS
10
0.8615687007874016
20
0.2580146062992126
11
0.861233937007874
21
0.2576798818897638
0
LINE
8
BLACK
6
CONTINUOUS
10
0.861233937007874
20
0.2576798818897638
11
0.860923937007874
21
0.2573224015748031
0
LINE
8
BLACK
6
CONTINUOUS
10
0.860923937007874
20
0.2573224015748031
11
0.8608290551181103
21
0.257275
0
LINE
8
BLACK
6
CONTINUOUS
10
0.8608290551181103
20
0.257275
11
0.8607540551181102
21
0.2571999606299212
0
LINE
8
BLACK
6
CONTINUOUS
10
0.8607540551181102
20
0.2571999606299212
11
0.8603165748031496
21
0.257018779527559
0
LINE
8
BLACK
6
CONTINUOUS
10
0.8603165748031496
20
0.257018779527559
11
0.8598934645669292
21
0.2568072047244094
0
LINE
8
BLACK
6
CONTINUOUS
10
0.8598934645669292
20
0.2568072047244094
11
0.8597877165354331
21
0.2567997244094488
0
LINE
8
BLACK
6
CONTINUOUS
10
0.8597877165354331
20
0.2567997244094488
11
0.8596896456692913
21
0.2567590551181103
0
LINE
8
BLACK
6
CONTINUOUS
10
0.8596896456692913
20
0.2567590551181103
11
0.8592161023622047
21
0.2567590551181103
0
LINE
8
BLACK
6
CONTINUOUS
10
0.8592161023622047
20
0.2567590551181103
11
0.8587442519685039
21
0.2567255118110236
0
LINE
8
BLACK
6
CONTINUOUS
10
0.8587442519685039
20
0.2567255118110236
11
0.8585967322834646
21
0.2567590551181103
0
LINE
8
BLACK
6
CONTINUOUS
10
0.8585967322834646
20
0.2567590551181103
11
0.8585375196850393
21
0.2567590551181103
0
LINE
8
BLACK
6
CONTINUOUS
10
0.8585375196850393
20
0.2567590551181103
11
0.8584654330708661
21
0.256788937007874
0
LINE
8
BLACK
6
CONTINUOUS
10
0.8584654330708661
20
0.256788937007874
11
0.8581798031496063
21
0.2568538582677165
0
LINE
8
BLACK
6
CONTINUOUS
10
0.8581798031496063
20
0.2568538582677165
11
0.8300583858267716
21
0.2662276771653543
0
LINE
8
BLACK
6
CONTINUOUS
10
0.8300583858267716
20
0.2662276771653543
11
0.8295298031496062
21
0.2664636614173228
0
LINE
8
BLACK
6
CONTINUOUS
10
0.8295298031496062
20
0.2664636614173228
11
0.8286594488188976
21
0.2672185433070866
0
LINE
8
BLACK
6
CONTINUOUS
10
0.8286594488188976
20
0.2672185433070866
11
0.8281442519685039
21
0.2682489763779528
0
LINE
8
BLACK
6
CONTINUOUS
10
0.8281442519685039
20
0.2682489763779528
11
0.8280625590551181
21
0.269398188976378
0
LINE
8
BLACK
6
CONTINUOUS
10
0.8280625590551181
20
0.269398188976378
11
0.8284268897637795
21
0.270491220472441
0
LINE
8
BLACK
6
CONTINUOUS
10
0.8284268897637795
20
0.270491220472441
11
0.8291817716535433
21
0.2713615748031496
0
LINE
8
BLACK
6
CONTINUOUS
10
0.8291817716535433
20
0.2713615748031496
11
0.8302122047244094
21
0.2718767716535433
0
LINE
8
BLACK
6
CONTINUOUS
10
0.8302122047244094
20
0.2718767716535433
11
0.8313614173228346
21
0.2719584645669291
0
LINE
8
BLACK
6
CONTINUOUS
10
0.8313614173228346
20
0.2719584645669291
11
0.8319258661417323
21
0.2718301181102362
0
LINE
8
BLACK
6
CONTINUOUS
10
0.8319258661417323
20
0.2718301181102362
11
0.8561608267716535
21
0.2637518110236221
0
LINE
8
BLACK
6
CONTINUOUS
10
0.8561608267716535
20
0.2637518110236221
11
0.8561608267716535
21
0.2754499606299213
0
LINE
8
BLACK
6
CONTINUOUS
10
0.8561608267716535
20
0.2754499606299213
11
0.8459902362204724
21
0.2754499606299213
0
LINE
8
BLACK
6
CONTINUOUS
10
0.8459902362204724
20
0.2754499606299213
11
0.8454141732283464
21
0.2755066929133858
0
LINE
8
BLACK
6
CONTINUOUS
10
0.8454141732283464
20
0.2755066929133858
11
0.8443497637795275
21
0.2759475984251968
0
LINE
8
BLACK
6
CONTINUOUS
10
0.8443497637795275
20
0.2759475984251968
11
0.8435351181102362
21
0.2767622440944882
0
LINE
8
BLACK
6
CONTINUOUS
10
0.8435351181102362
20
0.2767622440944882
11
0.8430942125984252
21
0.2778266535433071
0
LINE
8
BLACK
6
CONTINUOUS
10
0.8430942125984252
20
0.2778266535433071
11
0.8430942125984252
21
0.2789787795275591
0
LINE
8
BLACK
6
CONTINUOUS
10
0.8430942125984252
20
0.2789787795275591
11
0.8435351181102362
21
0.2800431889763779
0
LINE
8
BLACK
6
CONTINUOUS
10
0.8435351181102362
20
0.2800431889763779
11
0.8443497637795275
21
0.2808578346456693
0
LINE
8
BLACK
6
CONTINUOUS
10
0.8443497637795275
20
0.2808578346456693
11
0.8454141732283464
21
0.2812987401574803
0
LINE
8
BLACK
6
CONTINUOUS
10
0.8454141732283464
20
0.2812987401574803
11
0.8459902362204724
21
0.2813554724409449
0
LINE
8
BLACK
6
CONTINUOUS
10
0.8459902362204724
20
0.2813554724409449
11
0.8561608267716535
21
0.2813554724409449
0
LINE
8
BLACK
6
CONTINUOUS
10
0.8561608267716535
20
0.2813554724409449
11
0.8561608267716535
21
0.2840270078740157
0
LINE
8
BLACK
6
CONTINUOUS
10
0.8561608267716535
20
0.2840270078740157
11
0.8562175590551181
21
0.2846030708661417
0
LINE
8
BLACK
6
CONTINUOUS
10
0.8562175590551181
20
0.2846030708661417
11
0.8566584645669291
21
0.2856674803149606
0
LINE
8
BLACK
6
CONTINUOUS
10
0.8566584645669291
20
0.2856674803149606
11
0.8574731102362204
21
0.286482125984252
0
LINE
8
BLACK
6
CONTINUOUS
10
0.8574731102362204
20
0.286482125984252
11
0.8585375196850393
21
0.286923031496063
0
LINE
8
BLACK
6
CONTINUOUS
10
0.8585375196850393
20
0.286923031496063
11
0.8596896456692913
21
0.286923031496063
0
LINE
8
BLACK
6
CONTINUOUS
10
0.8596896456692913
20
0.286923031496063
11
0.8607540551181102
21
0.286482125984252
0
LINE
8
BLACK
6
CONTINUOUS
10
0.9515407086614173
20
0.420125748031496
11
0.9526060629921259
21
0.4190603937007874
0
LINE
8
BLACK
6
CONTINUOUS
10
0.9526060629921259
20
0.4190603937007874
11
0.952755905511811
21
0.4183070866141732
0
LINE
8
BLACK
6
CONTINUOUS
10
0.952755905511811
20
0.4183070866141732
11
0.952755905511811
21
0.093503937007874
0
LINE
8
BLACK
6
CONTINUOUS
10
0.952755905511811
20
0.093503937007874
11
0.9526060629921259
21
0.0927506299212598
0
LINE
8
BLACK
6
CONTINUOUS
10
0.9526060629921259
20
0.0927506299212598
11
0.9515407086614173
21
0.0916852755905512
0
LINE
8
BLACK
6
CONTINUOUS
10
0.9515407086614173
20
0.0916852755905512
11
0.9507874015748031
21
0.0915354330708661
0
LINE
8
BLACK
6
CONTINUOUS
10
0.9507874015748031
20
0.0915354330708661
11
0.7913385826771653
21
0.0915354330708661
0
LINE
8
BLACK
6
CONTINUOUS
10
0.7913385826771653
20
0.0915354330708661
11
0.7905852755905511
21
0.0916852755905512
0
LINE
8
BLACK
6
CONTINUOUS
10
0.7905852755905511
20
0.0916852755905512
11
0.7895199212598425
21
0.0927506299212598
0
LINE
8
BLACK
6
CONTINUOUS
10
0.7895199212598425
20
0.0927506299212598
11
0.7893700787401574
21
0.093503937007874
0
LINE
8
BLACK
6
CONTINUOUS
10
0.7893700787401574
20
0.093503937007874
11
0.7893700787401574
21
0.4183070866141732
0
LINE
8
BLACK
6
CONTINUOUS
10
0.7893700787401574
20
0.4183070866141732
11
0.7895199212598425
21
0.4190603937007874
0
LINE
8
BLACK
6
CONTINUOUS
10
0.7895199212598425
20
0.4190603937007874
11
0.7905852755905511
21
0.420125748031496
0
LINE
8
BLACK
6
CONTINUOUS
10
0.7905852755905511
20
0.420125748031496
11
0.7913385826771653
21
0.4202755905511811
0
LINE
8
BLACK
6
CONTINUOUS
10
0.7913385826771653
20
0.4202755905511811
11
0.9507874015748031
21
0.4202755905511811
0
LINE
8
BLACK
6
CONTINUOUS
10
0.9507874015748031
20
0.4202755905511811
11
0.9515407086614173
21
0.420125748031496
0
LINE
8
BLACK
6
CONTINUOUS
10
0.7933070866141733
20
0.4163385826771653
11
0.7933070866141733
21
0.2027906692913386
0
LINE
8
BLACK
6
CONTINUOUS
10
0.7933070866141733
20
0.2027906692913386
11
0.8203139763779528
21
0.1836938976377953
0
LINE
8
BLACK
6
CONTINUOUS
10
0.8203139763779528
20
0.1836938976377953
11
0.8208425196850394
21
0.1831366141732284
0
LINE
8
BLACK
6
CONTINUOUS
10
0.8208425196850394
20
0.1831366141732284
11
0.8209001968503937
21
0.1828003149606299
0
LINE
8
BLACK
6
CONTINUOUS
10
0.8209001968503937
20
0.1828003149606299
11
0.8210973228346456
21
0.1825215748031496
0
LINE
8
BLACK
6
CONTINUOUS
10
0.8210973228346456
20
0.1825215748031496
11
0.8210226771653543
21
0.1820866141732284
0
LINE
8
BLACK
6
CONTINUOUS
10
0.8210226771653543
20
0.1820866141732284
11
0.8210973228346456
21
0.1816516535433071
0
LINE
8
BLACK
6
CONTINUOUS
10
0.8210973228346456
20
0.1816516535433071
11
0.8209001968503937
21
0.1813729527559055
0
LINE
8
BLACK
6
CONTINUOUS
10
0.8209001968503937
20
0.1813729527559055
11
0.8208425196850394
21
0.1810366141732283
0
LINE
8
BLACK
6
CONTINUOUS
10
0.8208425196850394
20
0.1810366141732283
11
0.8203139763779528
21
0.1804793307086614
0
LINE
8
BLACK
6
CONTINUOUS
10
0.8203139763779528
20
0.1804793307086614
11
0.7933070866141733
21
0.1613825984251968
0
LINE
8
BLACK
6
CONTINUOUS
10
0.7933070866141733
20
0.1613825984251968
11
0.7933070866141733
21
0.0954724409448819
0
LINE
8
BLACK
6
CONTINUOUS
10
0.7933070866141733
20
0.0954724409448819
11
0.9488188976377953
21
0.0954724409448819
0
LINE
8
BLACK
6
CONTINUOUS
10
0.9488188976377953
20
0.0954724409448819
11
0.9488188976377953
21
0.4163385826771653
0
LINE
8
BLACK
6
CONTINUOUS
10
0.9488188976377953
20
0.4163385826771653
11
0.7933070866141733
21
0.4163385826771653
0
LINE
8
BLACK
6
CONTINUOUS
10
0.7933070866141733
20
0.1662044881889764
11
0.815767874015748
21
0.1820866141732284
0
LINE
8
BLACK
6
CONTINUOUS
10
0.815767874015748
20
0.1820866141732284
11
0.7933070866141733
21
0.1979687795275591
0
LINE
8
BLACK
6
CONTINUOUS
10
0.7933070866141733
20
0.1979687795275591
11
0.7933070866141733
21
0.1662044881889764
0
LINE
8
BLACK
6
CONTINUOUS
10
0.4833
20
0.1203291338582677
11
0.4841146456692914
21
0.1195144881889764
0
LINE
8
BLACK
6
CONTINUOUS
10
0.4841146456692914
20
0.1195144881889764
11
0.4845555511811023
21
0.1184500787401575
0
LINE
8
BLACK
6
CONTINUOUS
10
0.4845555511811023
20
0.1184500787401575
11
0.4846122834645669
21
0.1178740157480315
0
LINE
8
BLACK
6
CONTINUOUS
10
0.4846122834645669
20
0.1178740157480315
11
0.4846122834645669
21
0.1148215354330709
0
LINE
8
BLACK
6
CONTINUOUS
10
0.4846122834645669
20
0.1148215354330709
11
0.4859610236220472
21
0.1121240551181102
0
LINE
8
BLACK
6
CONTINUOUS
10
0.4859610236220472
20
0.1121240551181102
11
0.4871581496062992
21
0.1109269291338583
0
LINE
8
BLACK
6
CONTINUOUS
10
0.4871581496062992
20
0.1109269291338583
11
0.4898556299212598
21
0.1095781889763779
0
LINE
8
BLACK
6
CONTINUOUS
10
0.4898556299212598
20
0.1095781889763779
11
0.5079062598425197
21
0.1095781889763779
0
LINE
8
BLACK
6
CONTINUOUS
10
0.5079062598425197
20
0.1095781889763779
11
0.5084823228346457
21
0.1095214566929134
0
LINE
8
BLACK
6
CONTINUOUS
10
0.5084823228346457
20
0.1095214566929134
11
0.5095467322834646
21
0.1090805511811024
0
LINE
8
BLACK
6
CONTINUOUS
10
0.5095467322834646
20
0.1090805511811024
11
0.5103613779527559
21
0.108265905511811
0
LINE
8
BLACK
6
CONTINUOUS
10
0.5103613779527559
20
0.108265905511811
11
0.5108022834645669
21
0.1072014960629921
0
LINE
8
BLACK
6
CONTINUOUS
10
0.5108022834645669
20
0.1072014960629921
11
0.5108022834645669
21
0.1060493700787402
0
LINE
8
BLACK
6
CONTINUOUS
10
0.5108022834645669
20
0.1060493700787402
11
0.5103613779527559
21
0.1049849606299213
0
LINE
8
BLACK
6
CONTINUOUS
10
0.5103613779527559
20
0.1049849606299213
11
0.5095467322834646
21
0.1041703149606299
0
LINE
8
BLACK
6
CONTINUOUS
10
0.5095467322834646
20
0.1041703149606299
11
0.5084823228346457
21
0.1037294094488189
0
LINE
8
BLACK
6
CONTINUOUS
10
0.5084823228346457
20
0.1037294094488189
11
0.5079062598425197
21
0.1036726771653543
0
LINE
8
BLACK
6
CONTINUOUS
10
0.5079062598425197
20
0.1036726771653543
11
0.4816595275590551
21
0.1036726771653543
0
LINE
8
BLACK
6
CONTINUOUS
10
0.4816595275590551
20
0.1036726771653543
11
0.4810834645669291
21
0.1037294094488189
0
LINE
8
BLACK
6
CONTINUOUS
10
0.4810834645669291
20
0.1037294094488189
11
0.4800190551181102
21
0.1041703149606299
0
LINE
8
BLACK
6
CONTINUOUS
10
0.4800190551181102
20
0.1041703149606299
11
0.4792044094488189
21
0.1049849606299213
0
LINE
8
BLACK
6
CONTINUOUS
10
0.4792044094488189
20
0.1049849606299213
11
0.4787635039370078
21
0.1060493700787402
0
LINE
8
BLACK
6
CONTINUOUS
10
0.4787635039370078
20
0.1060493700787402
11
0.4787635039370078
21
0.1072014960629921
0
LINE
8
BLACK
6
CONTINUOUS
10
0.4787635039370078
20
0.1072014960629921
11
0.4792044094488189
21
0.108265905511811
0
LINE
8
BLACK
6
CONTINUOUS
10
0.4792044094488189
20
0.108265905511811
11
0.4800190551181102
21
0.1090805511811024
0
LINE
8
BLACK
6
CONTINUOUS
10
0.4800190551181102
20
0.1090805511811024
11
0.4807324409448819
21
0.109376062992126
0
LINE
8
BLACK
6
CONTINUOUS
10
0.4807324409448819
20
0.109376062992126
11
0.4790185039370078
21
0.1128039763779528
0
LINE
8
BLACK
6
CONTINUOUS
10
0.4790185039370078
20
0.1128039763779528
11
0.4788116141732283
21
0.1133446062992126
0
LINE
8
BLACK
6
CONTINUOUS
10
0.4788116141732283
20
0.1133446062992126
11
0.4788040944881889
21
0.1134504330708661
0
LINE
8
BLACK
6
CONTINUOUS
10
0.4788040944881889
20
0.1134504330708661
11
0.4787635039370078
21
0.1135484251968504
0
LINE
8
BLACK
6
CONTINUOUS
10
0.4787635039370078
20
0.1135484251968504
11
0.4787067716535433
21
0.1141244881889764
0
LINE
8
BLACK
6
CONTINUOUS
10
0.4787067716535433
20
0.1141244881889764
11
0.4787067716535433
21
0.1178740157480315
0
LINE
8
BLACK
6
CONTINUOUS
10
0.4787067716535433
20
0.1178740157480315
11
0.4787635039370078
21
0.1184500787401575
0
LINE
8
BLACK
6
CONTINUOUS
10
0.4787635039370078
20
0.1184500787401575
11
0.4792044094488189
21
0.1195144881889764
0
LINE
8
BLACK
6
CONTINUOUS
10
0.4792044094488189
20
0.1195144881889764
11
0.4800190551181102
21
0.1203291338582677
0
LINE
8
BLACK
6
CONTINUOUS
10
0.4800190551181102
20
0.1203291338582677
11
0.4810834645669291
21
0.1207700393700787
0
LINE
8
BLACK
6
CONTINUOUS
10
0.4810834645669291
20
0.1207700393700787
11
0.4822355905511811
21
0.1207700393700787
0
LINE
8
BLACK
6
CONTINUOUS
10
0.4822355905511811
20
0.1207700393700787
11
0.4833
21
0.1203291338582677
0
LINE
8
BLACK
6
CONTINUOUS
10
0.4969491732283464
20
0.1451700393700787
11
0.4970269291338583
21
0.1451755511811024
0
LINE
8
BLACK
6
CONTINUOUS
10
0.4970269291338583
20
0.1451755511811024
11
0.4971291732283464
21
0.1451523228346457
0
LINE
8
BLACK
6
CONTINUOUS
10
0.4971291732283464
20
0.1451523228346457
11
0.4972337007874016
21
0.1451420078740157
0
LINE
8
BLACK
6
CONTINUOUS
10
0.4972337007874016
20
0.1451420078740157
11
0.4973057874015748
21
0.1451121653543307
0
LINE
8
BLACK
6
CONTINUOUS
10
0.4973057874015748
20
0.1451121653543307
11
0.4975913779527559
21
0.1450472047244094
0
LINE
8
BLACK
6
CONTINUOUS
10
0.4975913779527559
20
0.1450472047244094
11
0.5032156692913385
21
0.1431724409448819
0
LINE
8
BLACK
6
CONTINUOUS
10
0.5032156692913385
20
0.1431724409448819
11
0.5037442125984252
21
0.1429364566929134
0
LINE
8
BLACK
6
CONTINUOUS
10
0.5037442125984252
20
0.1429364566929134
11
0.5038242913385826
21
0.1428670078740157
0
LINE
8
BLACK
6
CONTINUOUS
10
0.5038242913385826
20
0.1428670078740157
11
0.5039223622047244
21
0.1428263779527559
0
LINE
8
BLACK
6
CONTINUOUS
10
0.5039223622047244
20
0.1428263779527559
11
0.504369842519685
21
0.1424591338582677
0
LINE
8
BLACK
6
CONTINUOUS
10
0.504369842519685
20
0.1424591338582677
11
0.5081194094488188
21
0.1387096062992126
0
LINE
8
BLACK
6
CONTINUOUS
10
0.5081194094488188
20
0.1387096062992126
11
0.508486653543307
21
0.1382621653543307
0
LINE
8
BLACK
6
CONTINUOUS
10
0.508486653543307
20
0.1382621653543307
11
0.5085272440944881
21
0.1381641338582677
0
LINE
8
BLACK
6
CONTINUOUS
10
0.5085272440944881
20
0.1381641338582677
11
0.5085967322834646
21
0.1380840157480315
0
LINE
8
BLACK
6
CONTINUOUS
10
0.5085967322834646
20
0.1380840157480315
11
0.508832716535433
21
0.1375554330708662
0
LINE
8
BLACK
6
CONTINUOUS
10
0.508832716535433
20
0.1375554330708662
11
0.5107074803149606
21
0.1319311811023622
0
LINE
8
BLACK
6
CONTINUOUS
10
0.5107074803149606
20
0.1319311811023622
11
0.5107724015748032
21
0.1316455511811024
0
LINE
8
BLACK
6
CONTINUOUS
10
0.5107724015748032
20
0.1316455511811024
11
0.5108022834645669
21
0.1315734645669291
0
LINE
8
BLACK
6
CONTINUOUS
10
0.5108022834645669
20
0.1315734645669291
11
0.5108125590551181
21
0.1314690157480315
0
LINE
8
BLACK
6
CONTINUOUS
10
0.5108125590551181
20
0.1314690157480315
11
0.5108358267716535
21
0.1313667322834646
0
LINE
8
BLACK
6
CONTINUOUS
10
0.5108358267716535
20
0.1313667322834646
11
0.5108302755905512
21
0.1312890157480315
0
LINE
8
BLACK
6
CONTINUOUS
10
0.5108302755905512
20
0.1312890157480315
11
0.5108590157480315
21
0.1309974015748031
0
LINE
8
BLACK
6
CONTINUOUS
10
0.5108590157480315
20
0.1309974015748031
11
0.5108590157480315
21
0.127247874015748
0
LINE
8
BLACK
6
CONTINUOUS
10
0.5108590157480315
20
0.127247874015748
11
0.5108022834645669
21
0.126671811023622
0
LINE
8
BLACK
6
CONTINUOUS
10
0.5108022834645669
20
0.126671811023622
11
0.5103613779527559
21
0.1256074015748032
0
LINE
8
BLACK
6
CONTINUOUS
10
0.5103613779527559
20
0.1256074015748032
11
0.5095467322834646
21
0.1247927559055118
0
LINE
8
BLACK
6
CONTINUOUS
10
0.5095467322834646
20
0.1247927559055118
11
0.5084823228346457
21
0.1243518503937008
0
LINE
8
BLACK
6
CONTINUOUS
10
0.5084823228346457
20
0.1243518503937008
11
0.5073301968503937
21
0.1243518503937008
0
LINE
8
BLACK
6
CONTINUOUS
10
0.5073301968503937
20
0.1243518503937008
11
0.5062657874015748
21
0.1247927559055118
0
LINE
8
BLACK
6
CONTINUOUS
10
0.5062657874015748
20
0.1247927559055118
11
0.5054511417322834
21
0.1256074015748032
0
LINE
8
BLACK
6
CONTINUOUS
10
0.5054511417322834
20
0.1256074015748032
11
0.5050102362204725
21
0.126671811023622
0
LINE
8
BLACK
6
CONTINUOUS
10
0.5050102362204725
20
0.126671811023622
11
0.5049535039370079
21
0.127247874015748
0
LINE
8
BLACK
6
CONTINUOUS
10
0.5049535039370079
20
0.127247874015748
11
0.5049535039370079
21
0.1305182677165354
0
LINE
8
BLACK
6
CONTINUOUS
10
0.5049535039370079
20
0.1305182677165354
11
0.5034507086614173
21
0.1350266535433071
0
LINE
8
BLACK
6
CONTINUOUS
10
0.5034507086614173
20
0.1350266535433071
11
0.5006868897637795
21
0.1377904330708661
0
LINE
8
BLACK
6
CONTINUOUS
10
0.5006868897637795
20
0.1377904330708661
11
0.4961785039370079
21
0.1392932283464567
0
LINE
8
BLACK
6
CONTINUOUS
10
0.4961785039370079
20
0.1392932283464567
11
0.4685361811023622
21
0.1392932283464567
0
LINE
8
BLACK
6
CONTINUOUS
10
0.4685361811023622
20
0.1392932283464567
11
0.4679601181102362
21
0.1393499606299212
0
LINE
8
BLACK
6
CONTINUOUS
10
0.4679601181102362
20
0.1393499606299212
11
0.4668957086614173
21
0.1397908661417323
0
LINE
8
BLACK
6
CONTINUOUS
10
0.4668957086614173
20
0.1397908661417323
11
0.466081062992126
21
0.1406055118110236
0
LINE
8
BLACK
6
CONTINUOUS
10
0.466081062992126
20
0.1406055118110236
11
0.465640157480315
21
0.1416699212598425
0
LINE
8
BLACK
6
CONTINUOUS
10
0.465640157480315
20
0.1416699212598425
11
0.465640157480315
21
0.1428220472440945
0
LINE
8
BLACK
6
CONTINUOUS
10
0.465640157480315
20
0.1428220472440945
11
0.466081062992126
21
0.1438864566929134
0
LINE
8
BLACK
6
CONTINUOUS
10
0.466081062992126
20
0.1438864566929134
11
0.4668957086614173
21
0.1447011023622047
0
LINE
8
BLACK
6
CONTINUOUS
10
0.4668957086614173
20
0.1447011023622047
11
0.4679601181102362
21
0.1451420078740157
0
LINE
8
BLACK
6
CONTINUOUS
10
0.4679601181102362
20
0.1451420078740157
11
0.4685361811023622
21
0.1451987401574803
0
LINE
8
BLACK
6
CONTINUOUS
10
0.4685361811023622
20
0.1451987401574803
11
0.4966576377952756
21
0.1451987401574803
0
LINE
8
BLACK
6
CONTINUOUS
10
0.4966576377952756
20
0.1451987401574803
11
0.4969491732283464
21
0.1451700393700787
0
LINE
8
BLACK
6
CONTINUOUS
10
0.5084823228346457
20
0.1807625590551181
11
0.5095467322834646
21
0.1803216535433071
0
LINE
8
BLACK
6
CONTINUOUS
10
0.5095467322834646
20
0.1803216535433071
11
0.5103613779527559
21
0.1795070078740157
0
LINE
8
BLACK
6
CONTINUOUS
10
0.5103613779527559
20
0.1795070078740157
11
0.5108022834645669
21
0.1784425984251969
0
LINE
8
BLACK
6
CONTINUOUS
10
0.5108022834645669
20
0.1784425984251969
11
0.5108022834645669
21
0.1772904724409449
0
LINE
8
BLACK
6
CONTINUOUS
10
0.5108022834645669
20
0.1772904724409449
11
0.5103613779527559
21
0.176226062992126
0
LINE
8
BLACK
6
CONTINUOUS
10
0.5103613779527559
20
0.176226062992126
11
0.5095975196850394
21
0.1754622440944882
0
LINE
8
BLACK
6
CONTINUOUS
10
0.5095975196850394
20
0.1754622440944882
11
0.5105472834645669
21
0.1735627559055118
0
LINE
8
BLACK
6
CONTINUOUS
10
0.5105472834645669
20
0.1735627559055118
11
0.5107541732283465
21
0.1730221653543307
0
LINE
8
BLACK
6
CONTINUOUS
10
0.5107541732283465
20
0.1730221653543307
11
0.5107616929133858
21
0.1729162992125984
0
LINE
8
BLACK
6
CONTINUOUS
10
0.5107616929133858
20
0.1729162992125984
11
0.5108022834645669
21
0.1728183070866142
0
LINE
8
BLACK
6
CONTINUOUS
10
0.5108022834645669
20
0.1728183070866142
11
0.5108590157480315
21
0.1722422440944882
0
LINE
8
BLACK
6
CONTINUOUS
10
0.5108590157480315
20
0.1722422440944882
11
0.5108590157480315
21
0.1666179527559055
0
LINE
8
BLACK
6
CONTINUOUS
10
0.5108590157480315
20
0.1666179527559055
11
0.5108022834645669
21
0.1660418897637795
0
LINE
8
BLACK
6
CONTINUOUS
10
0.5108022834645669
20
0.1660418897637795
11
0.5107616929133858
21
0.165943937007874
0
LINE
8
BLACK
6
CONTINUOUS
10
0.5107616929133858
20
0.165943937007874
11
0.5107541732283465
21
0.165838031496063
0
LINE
8
BLACK
6
CONTINUOUS
10
0.5107541732283465
20
0.165838031496063
11
0.5105472834645669
21
0.1652974409448819
0
LINE
8
BLACK
6
CONTINUOUS
10
0.5105472834645669
20
0.1652974409448819
11
0.5086725196850393
21
0.1615479133858268
0
LINE
8
BLACK
6
CONTINUOUS
10
0.5086725196850393
20
0.1615479133858268
11
0.5086118503937008
21
0.1614515748031496
0
LINE
8
BLACK
6
CONTINUOUS
10
0.5086118503937008
20
0.1614515748031496
11
0.5085967322834646
21
0.1614061417322835
0
LINE
8
BLACK
6
CONTINUOUS
10
0.5085967322834646
20
0.1614061417322835
11
0.5085476771653543
21
0.1613496062992126
0
LINE
8
BLACK
6
CONTINUOUS
10
0.5085476771653543
20
0.1613496062992126
11
0.5083641732283465
21
0.161058031496063
0
LINE
8
BLACK
6
CONTINUOUS
10
0.5083641732283465
20
0.161058031496063
11
0.5080843307086614
21
0.1608153937007874
0
LINE
8
BLACK
6
CONTINUOUS
10
0.5080843307086614
20
0.1608153937007874
11
0.5078418503937008
21
0.1605357480314961
0
LINE
8
BLACK
6
CONTINUOUS
10
0.5078418503937008
20
0.1605357480314961
11
0.5075503543307086
21
0.1603522834645669
0
LINE
8
BLACK
6
CONTINUOUS
10
0.5075503543307086
20
0.1603522834645669
11
0.507493779527559
21
0.1603031889763779
0
LINE
8
BLACK
6
CONTINUOUS
10
0.507493779527559
20
0.1603031889763779
11
0.5074483070866141
21
0.1602880708661417
0
LINE
8
BLACK
6
CONTINUOUS
10
0.5074483070866141
20
0.1602880708661417
11
0.5073520078740157
21
0.1602274015748031
0
LINE
8
BLACK
6
CONTINUOUS
10
0.5073520078740157
20
0.1602274015748031
11
0.5036024409448818
21
0.1583526377952756
0
LINE
8
BLACK
6
CONTINUOUS
10
0.5036024409448818
20
0.1583526377952756
11
0.503061811023622
21
0.1581457480314961
0
LINE
8
BLACK
6
CONTINUOUS
10
0.503061811023622
20
0.1581457480314961
11
0.5029559842519685
21
0.1581382677165354
0
LINE
8
BLACK
6
CONTINUOUS
10
0.5029559842519685
20
0.1581382677165354
11
0.5028579921259843
21
0.1580976377952756
0
LINE
8
BLACK
6
CONTINUOUS
10
0.5028579921259843
20
0.1580976377952756
11
0.5022819291338583
21
0.158040905511811
0
LINE
8
BLACK
6
CONTINUOUS
10
0.5022819291338583
20
0.158040905511811
11
0.4816595275590551
21
0.158040905511811
0
LINE
8
BLACK
6
CONTINUOUS
10
0.4816595275590551
20
0.158040905511811
11
0.4810834645669291
21
0.1580976377952756
0
LINE
8
BLACK
6
CONTINUOUS
10
0.4810834645669291
20
0.1580976377952756
11
0.4800190551181102
21
0.1585385433070866
0
LINE
8
BLACK
6
CONTINUOUS
10
0.4800190551181102
20
0.1585385433070866
11
0.4792044094488189
21
0.159353188976378
0
LINE
8
BLACK
6
CONTINUOUS
10
0.4792044094488189
20
0.159353188976378
11
0.4787635039370078
21
0.1604175984251968
0
LINE
8
BLACK
6
CONTINUOUS
10
0.4787635039370078
20
0.1604175984251968
11
0.4787635039370078
21
0.1615697244094488
0
LINE
8
BLACK
6
CONTINUOUS
10
0.4787635039370078
20
0.1615697244094488
11
0.4792044094488189
21
0.1626341338582677
0
LINE
8
BLACK
6
CONTINUOUS
10
0.4792044094488189
20
0.1626341338582677
11
0.4800190551181102
21
0.163448779527559
0
LINE
8
BLACK
6
CONTINUOUS
10
0.4800190551181102
20
0.163448779527559
11
0.4810834645669291
21
0.1638896850393701
0
LINE
8
BLACK
6
CONTINUOUS
10
0.4810834645669291
20
0.1638896850393701
11
0.4816595275590551
21
0.1639464173228346
0
LINE
8
BLACK
6
CONTINUOUS
10
0.4816595275590551
20
0.1639464173228346
11
0.5015848818897638
21
0.1639464173228346
0
LINE
8
BLACK
6
CONTINUOUS
10
0.5015848818897638
20
0.1639464173228346
11
0.5038306299212598
21
0.1650692913385827
0
LINE
8
BLACK
6
CONTINUOUS
10
0.5038306299212598
20
0.1650692913385827
11
0.5049535039370079
21
0.167315
0
LINE
8
BLACK
6
CONTINUOUS
10
0.5049535039370079
20
0.167315
11
0.5049535039370079
21
0.1715451968503937
0
LINE
8
BLACK
6
CONTINUOUS
10
0.5049535039370079
20
0.1715451968503937
11
0.5036047637795276
21
0.1742426771653543
0
LINE
8
BLACK
6
CONTINUOUS
10
0.5036047637795276
20
0.1742426771653543
11
0.5029336220472441
21
0.174913779527559
0
LINE
8
BLACK
6
CONTINUOUS
10
0.5029336220472441
20
0.174913779527559
11
0.4816595275590551
21
0.174913779527559
0
LINE
8
BLACK
6
CONTINUOUS
10
0.4816595275590551
20
0.174913779527559
11
0.4810834645669291
21
0.1749705118110236
0
LINE
8
BLACK
6
CONTINUOUS
10
0.4810834645669291
20
0.1749705118110236
11
0.4800190551181102
21
0.1754114173228346
0
LINE
8
BLACK
6
CONTINUOUS
10
0.4800190551181102
20
0.1754114173228346
11
0.4792044094488189
21
0.176226062992126
0
LINE
8
BLACK
6
CONTINUOUS
10
0.4792044094488189
20
0.176226062992126
11
0.4787635039370078
21
0.1772904724409449
0
LINE
8
BLACK
6
CONTINUOUS
10
0.4787635039370078
20
0.1772904724409449
11
0.4787635039370078
21
0.1784425984251969
0
LINE
8
BLACK
6
CONTINUOUS
10
0.4787635039370078
20
0.1784425984251969
11
0.4792044094488189
21
0.1795070078740157
0
LINE
8
BLACK
6
CONTINUOUS
10
0.4792044094488189
20
0.1795070078740157
11
0.4800190551181102
21
0.1803216535433071
0
LINE
8
BLACK
6
CONTINUOUS
10
0.4800190551181102
20
0.1803216535433071
11
0.4810834645669291
21
0.1807625590551181
0
LINE
8
BLACK
6
CONTINUOUS
10
0.4810834645669291
20
0.1807625590551181
11
0.4816595275590551
21
0.1808192913385827
0
LINE
8
BLACK
6
CONTINUOUS
10
0.4816595275590551
20
0.1808192913385827
11
0.5079062598425197
21
0.1808192913385827
0
LINE
8
BLACK
6
CONTINUOUS
10
0.5079062598425197
20
0.1808192913385827
11
0.5084823228346457
21
0.1807625590551181
0
LINE
8
BLACK
6
CONTINUOUS
10
0.5084823228346457
20
0.2332560236220472
11
0.5095467322834646
21
0.2328151181102362
0
LINE
8
BLACK
6
CONTINUOUS
10
0.5095467322834646
20
0.2328151181102362
11
0.5103613779527559
21
0.2320004724409449
0
LINE
8
BLACK
6
CONTINUOUS
10
0.5103613779527559
20
0.2320004724409449
11
0.5108022834645669
21
0.230936062992126
0
LINE
8
BLACK
6
CONTINUOUS
10
0.5108022834645669
20
0.230936062992126
11
0.5108022834645669
21
0.229783937007874
0
LINE
8
BLACK
6
CONTINUOUS
10
0.5108022834645669
20
0.229783937007874
11
0.5103613779527559
21
0.2287195275590551
0
LINE
8
BLACK
6
CONTINUOUS
10
0.5103613779527559
20
0.2287195275590551
11
0.5095467322834646
21
0.2279048818897638
0
LINE
8
BLACK
6
CONTINUOUS
10
0.5095467322834646
20
0.2279048818897638
11
0.5084823228346457
21
0.2274639763779528
0
LINE
8
BLACK
6
CONTINUOUS
10
0.5084823228346457
20
0.2274639763779528
11
0.5079062598425197
21
0.2274072440944882
0
LINE
8
BLACK
6
CONTINUOUS
10
0.5079062598425197
20
0.2274072440944882
11
0.4879808661417323
21
0.2274072440944882
0
LINE
8
BLACK
6
CONTINUOUS
10
0.4879808661417323
20
0.2274072440944882
11
0.4857351181102362
21
0.2262844094488189
0
LINE
8
BLACK
6
CONTINUOUS
10
0.4857351181102362
20
0.2262844094488189
11
0.4846122834645669
21
0.2240386614173228
0
LINE
8
BLACK
6
CONTINUOUS
10
0.4846122834645669
20
0.2240386614173228
11
0.4846122834645669
21
0.2198084251968504
0
LINE
8
BLACK
6
CONTINUOUS
10
0.4846122834645669
20
0.2198084251968504
11
0.4857351181102362
21
0.2175627165354331
0
LINE
8
BLACK
6
CONTINUOUS
10
0.4857351181102362
20
0.2175627165354331
11
0.4879808661417323
21
0.216439842519685
0
LINE
8
BLACK
6
CONTINUOUS
10
0.4879808661417323
20
0.216439842519685
11
0.5079062598425197
21
0.216439842519685
0
LINE
8
BLACK
6
CONTINUOUS
10
0.5079062598425197
20
0.216439842519685
11
0.5084823228346457
21
0.2163831102362205
0
LINE
8
BLACK
6
CONTINUOUS
10
0.5084823228346457
20
0.2163831102362205
11
0.5095467322834646
21
0.2159422047244094
0
LINE
8
BLACK
6
CONTINUOUS
10
0.5095467322834646
20
0.2159422047244094
11
0.5103613779527559
21
0.2151275590551181
0
LINE
8
BLACK
6
CONTINUOUS
10
0.5103613779527559
20
0.2151275590551181
11
0.5108022834645669
21
0.2140631496062992
0
LINE
8
BLACK
6
CONTINUOUS
10
0.5108022834645669
20
0.2140631496062992
11
0.5108022834645669
21
0.2129110236220473
0
LINE
8
BLACK
6
CONTINUOUS
10
0.5108022834645669
20
0.2129110236220473
11
0.5103613779527559
21
0.2118466141732283
0
LINE
8
BLACK
6
CONTINUOUS
10
0.5103613779527559
20
0.2118466141732283
11
0.5095467322834646
21
0.211031968503937
0
LINE
8
BLACK
6
CONTINUOUS
10
0.5095467322834646
20
0.211031968503937
11
0.5084823228346457
21
0.210591062992126
0
LINE
8
BLACK
6
CONTINUOUS
10
0.5084823228346457
20
0.210591062992126
11
0.5079062598425197
21
0.2105343307086614
0
LINE
8
BLACK
6
CONTINUOUS
10
0.5079062598425197
20
0.2105343307086614
11
0.4879808661417323
21
0.2105343307086614
0
LINE
8
BLACK
6
CONTINUOUS
10
0.4879808661417323
20
0.2105343307086614
11
0.4857351181102362
21
0.2094114960629921
0
LINE
8
BLACK
6
CONTINUOUS
10
0.4857351181102362
20
0.2094114960629921
11
0.4846122834645669
21
0.2071657480314961
0
LINE
8
BLACK
6
CONTINUOUS
10
0.4846122834645669
20
0.2071657480314961
11
0.4846122834645669
21
0.2029355511811023
0
LINE
8
BLACK
6
CONTINUOUS
10
0.4846122834645669
20
0.2029355511811023
11
0.4859610236220472
21
0.2002380708661417
0
LINE
8
BLACK
6
CONTINUOUS
10
0.4859610236220472
20
0.2002380708661417
11
0.486632125984252
21
0.199566968503937
0
LINE
8
BLACK
6
CONTINUOUS
10
0.486632125984252
20
0.199566968503937
11
0.5079062598425197
21
0.199566968503937
0
LINE
8
BLACK
6
CONTINUOUS
10
0.5079062598425197
20
0.199566968503937
11
0.5084823228346457
21
0.1995102362204724
0
LINE
8
BLACK
6
CONTINUOUS
10
0.5084823228346457
20
0.1995102362204724
11
0.5095467322834646
21
0.1990693307086614
0
LINE
8
BLACK
6
CONTINUOUS
10
0.5095467322834646
20
0.1990693307086614
11
0.5103613779527559
21
0.1982546850393701
0
LINE
8
BLACK
6
CONTINUOUS
10
0.5103613779527559
20
0.1982546850393701
11
0.5108022834645669
21
0.1971902755905512
0
LINE
8
BLACK
6
CONTINUOUS
10
0.5108022834645669
20
0.1971902755905512
11
0.5108022834645669
21
0.1960381496062992
0
LINE
8
BLACK
6
CONTINUOUS
10
0.5108022834645669
20
0.1960381496062992
11
0.5103613779527559
21
0.1949737401574803
0
LINE
8
BLACK
6
CONTINUOUS
10
0.5103613779527559
20
0.1949737401574803
11
0.5095467322834646
21
0.194159094488189
0
LINE
8
BLACK
6
CONTINUOUS
10
0.5095467322834646
20
0.194159094488189
11
0.5084823228346457
21
0.1937181889763779
0
LINE
8
BLACK
6
CONTINUOUS
10
0.5084823228346457
20
0.1937181889763779
11
0.5079062598425197
21
0.1936614566929134
0
LINE
8
BLACK
6
CONTINUOUS
10
0.5079062598425197
20
0.1936614566929134
11
0.4816595275590551
21
0.1936614566929134
0
LINE
8
BLACK
6
CONTINUOUS
10
0.4816595275590551
20
0.1936614566929134
11
0.4810834645669291
21
0.1937181889763779
0
LINE
8
BLACK
6
CONTINUOUS
10
0.4810834645669291
20
0.1937181889763779
11
0.4800190551181102
21
0.194159094488189
0
LINE
8
BLACK
6
CONTINUOUS
10
0.4800190551181102
20
0.194159094488189
11
0.4792044094488189
21
0.1949737401574803
0
LINE
8
BLACK
6
CONTINUOUS
10
0.4792044094488189
20
0.1949737401574803
11
0.4787635039370078
21
0.1960381496062992
0
LINE
8
BLACK
6
CONTINUOUS
10
0.4787635039370078
20
0.1960381496062992
11
0.4787635039370078
21
0.1971902755905512
0
LINE
8
BLACK
6
CONTINUOUS
10
0.4787635039370078
20
0.1971902755905512
11
0.4792044094488189
21
0.1982546850393701
0
LINE
8
BLACK
6
CONTINUOUS
10
0.4792044094488189
20
0.1982546850393701
11
0.4799682283464567
21
0.1990185433070866
0
LINE
8
BLACK
6
CONTINUOUS
10
0.4799682283464567
20
0.1990185433070866
11
0.4790185039370078
21
0.2009179921259842
0
LINE
8
BLACK
6
CONTINUOUS
10
0.4790185039370078
20
0.2009179921259842
11
0.4788116141732283
21
0.2014586220472441
0
LINE
8
BLACK
6
CONTINUOUS
10
0.4788116141732283
20
0.2014586220472441
11
0.4788040944881889
21
0.2015644488188976
0
LINE
8
BLACK
6
CONTINUOUS
10
0.4788040944881889
20
0.2015644488188976
11
0.4787635039370078
21
0.2016624409448819
0
LINE
8
BLACK
6
CONTINUOUS
10
0.4787635039370078
20
0.2016624409448819
11
0.4787067716535433
21
0.2022385039370079
0
LINE
8
BLACK
6
CONTINUOUS
10
0.4787067716535433
20
0.2022385039370079
11
0.4787067716535433
21
0.2078627952755905
0
LINE
8
BLACK
6
CONTINUOUS
10
0.4787067716535433
20
0.2078627952755905
11
0.4787635039370078
21
0.2084388582677165
0
LINE
8
BLACK
6
CONTINUOUS
10
0.4787635039370078
20
0.2084388582677165
11
0.4788040944881889
21
0.2085368897637795
0
LINE
8
BLACK
6
CONTINUOUS
10
0.4788040944881889
20
0.2085368897637795
11
0.4788116141732283
21
0.2086426771653543
0
LINE
8
BLACK
6
CONTINUOUS
10
0.4788116141732283
20
0.2086426771653543
11
0.4790185039370078
21
0.2091833070866142
0
LINE
8
BLACK
6
CONTINUOUS
10
0.4790185039370078
20
0.2091833070866142
11
0.4808932677165354
21
0.2129328346456693
0
LINE
8
BLACK
6
CONTINUOUS
10
0.4808932677165354
20
0.2129328346456693
11
0.4809538976377953
21
0.2130292125984252
0
LINE
8
BLACK
6
CONTINUOUS
10
0.4809538976377953
20
0.2130292125984252
11
0.4809690551181102
21
0.2130746062992126
0
LINE
8
BLACK
6
CONTINUOUS
10
0.4809690551181102
20
0.2130746062992126
11
0.4810180708661417
21
0.2131311811023622
0
LINE
8
BLACK
6
CONTINUOUS
10
0.4810180708661417
20
0.2131311811023622
11
0.4812016141732283
21
0.2134227165354331
0
LINE
8
BLACK
6
CONTINUOUS
10
0.4812016141732283
20
0.2134227165354331
11
0.4812758267716535
21
0.2134870866141732
0
LINE
8
BLACK
6
CONTINUOUS
10
0.4812758267716535
20
0.2134870866141732
11
0.4812016141732283
21
0.2135514566929134
0
LINE
8
BLACK
6
CONTINUOUS
10
0.4812016141732283
20
0.2135514566929134
11
0.4810180708661417
21
0.213843031496063
0
LINE
8
BLACK
6
CONTINUOUS
10
0.4810180708661417
20
0.213843031496063
11
0.4809690551181102
21
0.2138995669291339
0
LINE
8
BLACK
6
CONTINUOUS
10
0.4809690551181102
20
0.2138995669291339
11
0.4809538976377953
21
0.213945
0
LINE
8
BLACK
6
CONTINUOUS
10
0.4809538976377953
20
0.213945
11
0.4808932677165354
21
0.2140413385826772
0
LINE
8
BLACK
6
CONTINUOUS
10
0.4808932677165354
20
0.2140413385826772
11
0.4790185039370078
21
0.2177908661417323
0
LINE
8
BLACK
6
CONTINUOUS
10
0.4790185039370078
20
0.2177908661417323
11
0.4788116141732283
21
0.2183314960629921
0
LINE
8
BLACK
6
CONTINUOUS
10
0.4788116141732283
20
0.2183314960629921
11
0.4788040944881889
21
0.2184373228346457
0
LINE
8
BLACK
6
CONTINUOUS
10
0.4788040944881889
20
0.2184373228346457
11
0.4787635039370078
21
0.2185353149606299
0
LINE
8
BLACK
6
CONTINUOUS
10
0.4787635039370078
20
0.2185353149606299
11
0.4787067716535433
21
0.2191113779527559
0
LINE
8
BLACK
6
CONTINUOUS
10
0.4787067716535433
20
0.2191113779527559
11
0.4787067716535433
21
0.2247356692913386
0
LINE
8
BLACK
6
CONTINUOUS
10
0.4787067716535433
20
0.2247356692913386
11
0.4787635039370078
21
0.2253117322834646
0
LINE
8
BLACK
6
CONTINUOUS
10
0.4787635039370078
20
0.2253117322834646
11
0.4788040944881889
21
0.2254097637795276
0
LINE
8
BLACK
6
CONTINUOUS
10
0.4788040944881889
20
0.2254097637795276
11
0.4788116141732283
21
0.2255155511811024
0
LINE
8
BLACK
6
CONTINUOUS
10
0.4788116141732283
20
0.2255155511811024
11
0.4790185039370078
21
0.2260561811023622
0
LINE
8
BLACK
6
CONTINUOUS
10
0.4790185039370078
20
0.2260561811023622
11
0.4808932677165354
21
0.2298057480314961
0
LINE
8
BLACK
6
CONTINUOUS
10
0.4808932677165354
20
0.2298057480314961
11
0.4809538976377953
21
0.2299020866141732
0
LINE
8
BLACK
6
CONTINUOUS
10
0.4809538976377953
20
0.2299020866141732
11
0.4809690551181102
21
0.2299475196850394
0
LINE
8
BLACK
6
CONTINUOUS
10
0.4809690551181102
20
0.2299475196850394
11
0.4810181102362205
21
0.2300041338582677
0
LINE
8
BLACK
6
CONTINUOUS
10
0.4810181102362205
20
0.2300041338582677
11
0.4812016141732283
21
0.2302955905511811
0
LINE
8
BLACK
6
CONTINUOUS
10
0.4812016141732283
20
0.2302955905511811
11
0.4814812204724409
21
0.2305381102362205
0
LINE
8
BLACK
6
CONTINUOUS
10
0.4814812204724409
20
0.2305381102362205
11
0.4817238976377953
21
0.2308179133858268
0
LINE
8
BLACK
6
CONTINUOUS
10
0.4817238976377953
20
0.2308179133858268
11
0.4820154330708661
21
0.2310014566929134
0
LINE
8
BLACK
6
CONTINUOUS
10
0.4820154330708661
20
0.2310014566929134
11
0.4820720078740157
21
0.2310504724409449
0
LINE
8
BLACK
6
CONTINUOUS
10
0.4820720078740157
20
0.2310504724409449
11
0.4821174015748032
21
0.2310656299212598
0
LINE
8
BLACK
6
CONTINUOUS
10
0.4821174015748032
20
0.2310656299212598
11
0.4822137795275591
21
0.2311262598425197
0
LINE
8
BLACK
6
CONTINUOUS
10
0.4822137795275591
20
0.2311262598425197
11
0.4859633070866142
21
0.2330010236220472
0
LINE
8
BLACK
6
CONTINUOUS
10
0.4859633070866142
20
0.2330010236220472
11
0.4865038976377953
21
0.2332079133858268
0
LINE
8
BLACK
6
CONTINUOUS
10
0.4865038976377953
20
0.2332079133858268
11
0.4866097637795275
21
0.2332154724409449
0
LINE
8
BLACK
6
CONTINUOUS
10
0.4866097637795275
20
0.2332154724409449
11
0.4867077559055118
21
0.2332560236220472
0
LINE
8
BLACK
6
CONTINUOUS
10
0.4867077559055118
20
0.2332560236220472
11
0.4872838188976378
21
0.2333127559055118
0
LINE
8
BLACK
6
CONTINUOUS
10
0.4872838188976378
20
0.2333127559055118
11
0.5079062598425197
21
0.2333127559055118
0
LINE
8
BLACK
6
CONTINUOUS
10
0.5079062598425197
20
0.2333127559055118
11
0.5084823228346457
21
0.2332560236220472
0
LINE
8
BLACK
6
CONTINUOUS
10
0.5009832283464567
20
0.2707512992125984
11
0.501081220472441
21
0.2707107086614173
0
LINE
8
BLACK
6
CONTINUOUS
10
0.501081220472441
20
0.2707107086614173
11
0.5011870472440945
21
0.270703188976378
0
LINE
8
BLACK
6
CONTINUOUS
10
0.5011870472440945
20
0.270703188976378
11
0.5017276771653543
21
0.2704962992125984
0
LINE
8
BLACK
6
CONTINUOUS
10
0.5017276771653543
20
0.2704962992125984
11
0.5054772047244095
21
0.2686215354330709
0
LINE
8
BLACK
6
CONTINUOUS
10
0.5054772047244095
20
0.2686215354330709
11
0.5057250787401575
21
0.2684655118110236
0
LINE
8
BLACK
6
CONTINUOUS
10
0.5057250787401575
20
0.2684655118110236
11
0.505797125984252
21
0.2684356692913386
0
LINE
8
BLACK
6
CONTINUOUS
10
0.505797125984252
20
0.2684356692913386
11
0.5058781496062992
21
0.2683691732283465
0
LINE
8
BLACK
6
CONTINUOUS
10
0.5058781496062992
20
0.2683691732283465
11
0.5059670866141732
21
0.268313188976378
0
LINE
8
BLACK
6
CONTINUOUS
10
0.5059670866141732
20
0.268313188976378
11
0.5060182283464567
21
0.2682542125984252
0
LINE
8
BLACK
6
CONTINUOUS
10
0.5060182283464567
20
0.2682542125984252
11
0.5062445669291339
21
0.2680684645669291
0
LINE
8
BLACK
6
CONTINUOUS
10
0.5062445669291339
20
0.2680684645669291
11
0.5081193700787402
21
0.2661937007874016
0
LINE
8
BLACK
6
CONTINUOUS
10
0.5081193700787402
20
0.2661937007874016
11
0.5083051181102362
21
0.2659673622047244
0
LINE
8
BLACK
6
CONTINUOUS
10
0.5083051181102362
20
0.2659673622047244
11
0.5083641732283465
21
0.2659161417322835
0
LINE
8
BLACK
6
CONTINUOUS
10
0.5083641732283465
20
0.2659161417322835
11
0.508420157480315
21
0.2658272047244095
0
LINE
8
BLACK
6
CONTINUOUS
10
0.508420157480315
20
0.2658272047244095
11
0.5084866141732284
21
0.265746220472441
0
LINE
8
BLACK
6
CONTINUOUS
10
0.5084866141732284
20
0.265746220472441
11
0.5085164173228346
21
0.2656742913385827
0
LINE
8
BLACK
6
CONTINUOUS
10
0.5085164173228346
20
0.2656742913385827
11
0.5086725196850393
21
0.2654262598425197
0
LINE
8
BLACK
6
CONTINUOUS
10
0.5086725196850393
20
0.2654262598425197
11
0.5105472834645669
21
0.2616767322834646
0
LINE
8
BLACK
6
CONTINUOUS
10
0.5105472834645669
20
0.2616767322834646
11
0.5107541732283465
21
0.2611361417322834
0
LINE
8
BLACK
6
CONTINUOUS
10
0.5107541732283465
20
0.2611361417322834
11
0.5107616929133858
21
0.2610302755905512
0
LINE
8
BLACK
6
CONTINUOUS
10
0.5107616929133858
20
0.2610302755905512
11
0.5108022834645669
21
0.2609322834645669
0
LINE
8
BLACK
6
CONTINUOUS
10
0.5108022834645669
20
0.2609322834645669
11
0.5108590157480315
21
0.2603562204724409
0
LINE
8
BLACK
6
CONTINUOUS
10
0.5108590157480315
20
0.2603562204724409
11
0.5108590157480315
21
0.2528571653543307
0
LINE
8
BLACK
6
CONTINUOUS
10
0.5108590157480315
20
0.2528571653543307
11
0.5108022834645669
21
0.2522811023622047
0
LINE
8
BLACK
6
CONTINUOUS
10
0.5108022834645669
20
0.2522811023622047
11
0.5107616929133858
21
0.2521831496062992
0
LINE
8
BLACK
6
CONTINUOUS
10
0.5107616929133858
20
0.2521831496062992
11
0.5107541732283465
21
0.2520772440944882
0
LINE
8
BLACK
6
CONTINUOUS
10
0.5107541732283465
20
0.2520772440944882
11
0.510747716535433
21
0.2520603937007874
0
LINE
8
BLACK
6
CONTINUOUS
10
0.510747716535433
20
0.2520603937007874
11
0.5210296062992126
21
0.2520603937007874
0
LINE
8
BLACK
6
CONTINUOUS
10
0.5210296062992126
20
0.2520603937007874
11
0.5216056692913386
21
0.2520036614173228
0
LINE
8
BLACK
6
CONTINUOUS
10
0.5216056692913386
20
0.2520036614173228
11
0.5226700787401575
21
0.2515627559055118
0
LINE
8
BLACK
6
CONTINUOUS
10
0.5226700787401575
20
0.2515627559055118
11
0.5234847244094488
21
0.2507481102362205
0
LINE
8
BLACK
6
CONTINUOUS
10
0.5234847244094488
20
0.2507481102362205
11
0.5239256299212598
21
0.2496837007874016
0
LINE
8
BLACK
6
CONTINUOUS
10
0.5239256299212598
20
0.2496837007874016
11
0.5239256299212598
21
0.2485315748031496
0
LINE
8
BLACK
6
CONTINUOUS
10
0.5239256299212598
20
0.2485315748031496
11
0.5234847244094488
21
0.2474671653543307
0
LINE
8
BLACK
6
CONTINUOUS
10
0.5234847244094488
20
0.2474671653543307
11
0.5226700787401575
21
0.2466525196850394
0
LINE
8
BLACK
6
CONTINUOUS
10
0.5226700787401575
20
0.2466525196850394
11
0.5216056692913386
21
0.2462116141732283
0
LINE
8
BLACK
6
CONTINUOUS
10
0.5216056692913386
20
0.2462116141732283
11
0.5210296062992126
21
0.2461548818897638
0
LINE
8
BLACK
6
CONTINUOUS
10
0.5210296062992126
20
0.2461548818897638
11
0.4816595275590551
21
0.2461548818897638
0
LINE
8
BLACK
6
CONTINUOUS
10
0.4816595275590551
20
0.2461548818897638
11
0.4810834645669291
21
0.2462116141732283
0
LINE
8
BLACK
6
CONTINUOUS
10
0.4810834645669291
20
0.2462116141732283
11
0.4800190551181102
21
0.2466525196850394
0
LINE
8
BLACK
6
CONTINUOUS
10
0.4800190551181102
20
0.2466525196850394
11
0.4792044094488189
21
0.2474671653543307
0
LINE
8
BLACK
6
CONTINUOUS
10
0.4792044094488189
20
0.2474671653543307
11
0.4787635039370078
21
0.2485315748031496
0
LINE
8
BLACK
6
CONTINUOUS
10
0.4787635039370078
20
0.2485315748031496
11
0.4787635039370078
21
0.2496837007874016
0
LINE
8
BLACK
6
CONTINUOUS
10
0.4787635039370078
20
0.2496837007874016
11
0.4792044094488189
21
0.2507481102362205
0
LINE
8
BLACK
6
CONTINUOUS
10
0.4792044094488189
20
0.2507481102362205
11
0.4793433070866142
21
0.2508870472440945
0
LINE
8
BLACK
6
CONTINUOUS
10
0.4793433070866142
20
0.2508870472440945
11
0.4790185039370078
21
0.2515366535433071
0
LINE
8
BLACK
6
CONTINUOUS
10
0.4790185039370078
20
0.2515366535433071
11
0.4788116141732283
21
0.2520772834645669
0
LINE
8
BLACK
6
CONTINUOUS
10
0.4788116141732283
20
0.2520772834645669
11
0.4788040944881889
21
0.2521831102362205
0
LINE
8
BLACK
6
CONTINUOUS
10
0.4788040944881889
20
0.2521831102362205
11
0.4787635039370078
21
0.2522811023622047
0
LINE
8
BLACK
6
CONTINUOUS
10
0.4787635039370078
20
0.2522811023622047
11
0.4787067716535433
21
0.2528571653543307
0
LINE
8
BLACK
6
CONTINUOUS
10
0.4787067716535433
20
0.2528571653543307
11
0.4787067716535433
21
0.2603562204724409
0
LINE
8
BLACK
6
CONTINUOUS
10
0.4787067716535433
20
0.2603562204724409
11
0.4787635039370078
21
0.2609322834645669
0
LINE
8
BLACK
6
CONTINUOUS
10
0.4787635039370078
20
0.2609322834645669
11
0.4788040944881889
21
0.2610303149606299
0
LINE
8
BLACK
6
CONTINUOUS
10
0.4788040944881889
20
0.2610303149606299
11
0.4788116141732283
21
0.2611361023622047
0
LINE
8
BLACK
6
CONTINUOUS
10
0.4788116141732283
20
0.2611361023622047
11
0.4790185039370078
21
0.2616767322834646
0
LINE
8
BLACK
6
CONTINUOUS
10
0.4790185039370078
20
0.2616767322834646
11
0.4808932677165354
21
0.2654262598425197
0
LINE
8
BLACK
6
CONTINUOUS
10
0.4808932677165354
20
0.2654262598425197
11
0.4810493307086614
21
0.2656742913385827
0
LINE
8
BLACK
6
CONTINUOUS
10
0.4810493307086614
20
0.2656742913385827
11
0.4810791732283464
21
0.265746220472441
0
LINE
8
BLACK
6
CONTINUOUS
10
0.4810791732283464
20
0.265746220472441
11
0.4811456299212598
21
0.2658272047244095
0
LINE
8
BLACK
6
CONTINUOUS
10
0.4811456299212598
20
0.2658272047244095
11
0.4812016141732283
21
0.2659161417322835
0
LINE
8
BLACK
6
CONTINUOUS
10
0.4812016141732283
20
0.2659161417322835
11
0.4812605905511811
21
0.2659673228346456
0
LINE
8
BLACK
6
CONTINUOUS
10
0.4812605905511811
20
0.2659673228346456
11
0.4814463779527559
21
0.2661936614173228
0
LINE
8
BLACK
6
CONTINUOUS
10
0.4814463779527559
20
0.2661936614173228
11
0.4833211417322835
21
0.2680684251968504
0
LINE
8
BLACK
6
CONTINUOUS
10
0.4833211417322835
20
0.2680684251968504
11
0.4835474803149606
21
0.2682542125984252
0
LINE
8
BLACK
6
CONTINUOUS
10
0.4835474803149606
20
0.2682542125984252
11
0.4835986614173228
21
0.268313188976378
0
LINE
8
BLACK
6
CONTINUOUS
10
0.4835986614173228
20
0.268313188976378
11
0.4836875984251968
21
0.2683691732283465
0
LINE
8
BLACK
6
CONTINUOUS
10
0.4836875984251968
20
0.2683691732283465
11
0.4837685826771653
21
0.2684356299212599
0
LINE
8
BLACK
6
CONTINUOUS
10
0.4837685826771653
20
0.2684356299212599
11
0.4838405118110236
21
0.2684654724409449
0
LINE
8
BLACK
6
CONTINUOUS
10
0.4838405118110236
20
0.2684654724409449
11
0.4840885433070866
21
0.2686215354330709
0
LINE
8
BLACK
6
CONTINUOUS
10
0.4840885433070866
20
0.2686215354330709
11
0.4878380708661417
21
0.2704962992125984
0
LINE
8
BLACK
6
CONTINUOUS
10
0.4878380708661417
20
0.2704962992125984
11
0.4883786614173228
21
0.270703188976378
0
LINE
8
BLACK
6
CONTINUOUS
10
0.4883786614173228
20
0.270703188976378
11
0.4884845275590551
21
0.2707107480314961
0
LINE
8
BLACK
6
CONTINUOUS
10
0.4884845275590551
20
0.2707107480314961
11
0.4885825196850394
21
0.2707512992125984
0
LINE
8
BLACK
6
CONTINUOUS
10
0.4885825196850394
20
0.2707512992125984
11
0.4891585826771653
21
0.270808031496063
0
LINE
8
BLACK
6
CONTINUOUS
10
0.4891585826771653
20
0.270808031496063
11
0.5004071653543307
21
0.270808031496063
0
LINE
8
BLACK
6
CONTINUOUS
10
0.5004071653543307
20
0.270808031496063
11
0.5009832283464567
21
0.2707512992125984
0
LINE
8
BLACK
6
CONTINUOUS
10
0.4871581496062992
20
0.263553779527559
11
0.4859610236220472
21
0.2623566535433071
0
LINE
8
BLACK
6
CONTINUOUS
10
0.4859610236220472
20
0.2623566535433071
11
0.4846122834645669
21
0.2596591732283465
0
LINE
8
BLACK
6
CONTINUOUS
10
0.4846122834645669
20
0.2596591732283465
11
0.4846122834645669
21
0.2535542125984252
0
LINE
8
BLACK
6
CONTINUOUS
10
0.4846122834645669
20
0.2535542125984252
11
0.4853591732283464
21
0.2520603937007874
0
LINE
8
BLACK
6
CONTINUOUS
10
0.4853591732283464
20
0.2520603937007874
11
0.5042066141732283
21
0.2520603937007874
0
LINE
8
BLACK
6
CONTINUOUS
10
0.5042066141732283
20
0.2520603937007874
11
0.5049535039370079
21
0.2535542125984252
0
LINE
8
BLACK
6
CONTINUOUS
10
0.5049535039370079
20
0.2535542125984252
11
0.5049535039370079
21
0.2596591732283465
0
LINE
8
BLACK
6
CONTINUOUS
10
0.5049535039370079
20
0.2596591732283465
11
0.5036047637795276
21
0.2623566535433071
0
LINE
8
BLACK
6
CONTINUOUS
10
0.5036047637795276
20
0.2623566535433071
11
0.5024075984251969
21
0.263553779527559
0
LINE
8
BLACK
6
CONTINUOUS
10
0.5024075984251969
20
0.263553779527559
11
0.4997101181102362
21
0.2649025196850394
0
LINE
8
BLACK
6
CONTINUOUS
10
0.4997101181102362
20
0.2649025196850394
11
0.4898556299212598
21
0.2649025196850394
0
LINE
8
BLACK
6
CONTINUOUS
10
0.4898556299212598
20
0.2649025196850394
11
0.4871581496062992
21
0.263553779527559
0
LINE
8
BLACK
6
CONTINUOUS
10
0.4916094094488189
20
0.3044970866141732
11
0.4918766535433071
21
0.3043864173228346
0
LINE
8
BLACK
6
CONTINUOUS
10
0.4918766535433071
20
0.3043864173228346
11
0.4921604724409449
21
0.3043302362204724
0
LINE
8
BLACK
6
CONTINUOUS
10
0.4921604724409449
20
0.3043302362204724
11
0.4924037401574803
21
0.3041680708661417
0
LINE
8
BLACK
6
CONTINUOUS
10
0.4924037401574803
20
0.3041680708661417
11
0.4926738188976378
21
0.3040561811023622
0
LINE
8
BLACK
6
CONTINUOUS
10
0.4926738188976378
20
0.3040561811023622
11
0.4928783464566929
21
0.3038516535433071
0
LINE
8
BLACK
6
CONTINUOUS
10
0.4928783464566929
20
0.3038516535433071
11
0.4931190551181102
21
0.3036911811023622
0
LINE
8
BLACK
6
CONTINUOUS
10
0.4931190551181102
20
0.3036911811023622
11
0.4932817322834646
21
0.3034482677165354
0
LINE
8
BLACK
6
CONTINUOUS
10
0.4932817322834646
20
0.3034482677165354
11
0.4934884645669291
21
0.3032415354330709
0
LINE
8
BLACK
6
CONTINUOUS
10
0.4934884645669291
20
0.3032415354330709
11
0.4935991338582677
21
0.3029742913385827
0
LINE
8
BLACK
6
CONTINUOUS
10
0.4935991338582677
20
0.3029742913385827
11
0.4937601574803149
21
0.3027338976377953
0
LINE
8
BLACK
6
CONTINUOUS
10
0.4937601574803149
20
0.3027338976377953
11
0.493928779527559
21
0.302180157480315
0
LINE
8
BLACK
6
CONTINUOUS
10
0.493928779527559
20
0.302180157480315
11
0.4972035433070866
21
0.2858061811023622
0
LINE
8
BLACK
6
CONTINUOUS
10
0.4972035433070866
20
0.2858061811023622
11
0.5015848818897638
21
0.2858061811023622
0
LINE
8
BLACK
6
CONTINUOUS
10
0.5015848818897638
20
0.2858061811023622
11
0.5038306299212598
21
0.2869290551181102
0
LINE
8
BLACK
6
CONTINUOUS
10
0.5038306299212598
20
0.2869290551181102
11
0.5049535039370079
21
0.2891747637795276
0
LINE
8
BLACK
6
CONTINUOUS
10
0.5049535039370079
20
0.2891747637795276
11
0.5049535039370079
21
0.2952797244094488
0
LINE
8
BLACK
6
CONTINUOUS
10
0.5049535039370079
20
0.2952797244094488
11
0.5033904724409449
21
0.2984057874015748
0
LINE
8
BLACK
6
CONTINUOUS
10
0.5033904724409449
20
0.2984057874015748
11
0.5031835826771653
21
0.2989464173228346
0
LINE
8
BLACK
6
CONTINUOUS
10
0.5031835826771653
20
0.2989464173228346
11
0.5031019291338582
21
0.3000956299212598
0
LINE
8
BLACK
6
CONTINUOUS
10
0.5031019291338582
20
0.3000956299212598
11
0.5034662598425197
21
0.3011885826771654
0
LINE
8
BLACK
6
CONTINUOUS
10
0.5034662598425197
20
0.3011885826771654
11
0.5042211023622047
21
0.3020589763779528
0
LINE
8
BLACK
6
CONTINUOUS
10
0.5042211023622047
20
0.3020589763779528
11
0.5052516141732283
21
0.3025742125984252
0
LINE
8
BLACK
6
CONTINUOUS
10
0.5052516141732283
20
0.3025742125984252
11
0.5064008267716535
21
0.3026558661417323
0
LINE
8
BLACK
6
CONTINUOUS
10
0.5064008267716535
20
0.3026558661417323
11
0.507493779527559
21
0.3022915354330709
0
LINE
8
BLACK
6
CONTINUOUS
10
0.507493779527559
20
0.3022915354330709
11
0.5083641732283465
21
0.3015366929133858
0
LINE
8
BLACK
6
CONTINUOUS
10
0.5083641732283465
20
0.3015366929133858
11
0.5086725196850393
21
0.301046811023622
0
LINE
8
BLACK
6
CONTINUOUS
10
0.5086725196850393
20
0.301046811023622
11
0.5105472834645669
21
0.2972972834645669
0
LINE
8
BLACK
6
CONTINUOUS
10
0.5105472834645669
20
0.2972972834645669
11
0.5107541732283465
21
0.2967566929133858
0
LINE
8
BLACK
6
CONTINUOUS
10
0.5107541732283465
20
0.2967566929133858
11
0.5107616929133858
21
0.2966508267716536
0
LINE
8
BLACK
6
CONTINUOUS
10
0.5107616929133858
20
0.2966508267716536
11
0.5108022834645669
21
0.2965528346456693
0
LINE
8
BLACK
6
CONTINUOUS
10
0.5108022834645669
20
0.2965528346456693
11
0.5108590157480315
21
0.2959767716535433
0
LINE
8
BLACK
6
CONTINUOUS
10
0.5108590157480315
20
0.2959767716535433
11
0.5108590157480315
21
0.2884777165354331
0
LINE
8
BLACK
6
CONTINUOUS
10
0.5108590157480315
20
0.2884777165354331
11
0.5108022834645669
21
0.2879016535433071
0
LINE
8
BLACK
6
CONTINUOUS
10
0.5108022834645669
20
0.2879016535433071
11
0.5107616929133858
21
0.2878037007874016
0
LINE
8
BLACK
6
CONTINUOUS
10
0.5107616929133858
20
0.2878037007874016
11
0.5107541732283465
21
0.2876977952755905
0
LINE
8
BLACK
6
CONTINUOUS
10
0.5107541732283465
20
0.2876977952755905
11
0.5105472834645669
21
0.2871572047244094
0
LINE
8
BLACK
6
CONTINUOUS
10
0.5105472834645669
20
0.2871572047244094
11
0.5086725196850393
21
0.2834076771653543
0
LINE
8
BLACK
6
CONTINUOUS
10
0.5086725196850393
20
0.2834076771653543
11
0.5086118503937008
21
0.2833113385826772
0
LINE
8
BLACK
6
CONTINUOUS
10
0.5086118503937008
20
0.2833113385826772
11
0.5085967322834646
21
0.283265905511811
0
LINE
8
BLACK
6
CONTINUOUS
10
0.5085967322834646
20
0.283265905511811
11
0.5085476771653543
21
0.2832093700787401
0
LINE
8
BLACK
6
CONTINUOUS
10
0.5085476771653543
20
0.2832093700787401
11
0.5083641732283465
21
0.2829177952755905
0
LINE
8
BLACK
6
CONTINUOUS
10
0.5083641732283465
20
0.2829177952755905
11
0.5080843307086614
21
0.282675157480315
0
LINE
8
BLACK
6
CONTINUOUS
10
0.5080843307086614
20
0.282675157480315
11
0.5078418503937008
21
0.2823955118110236
0
LINE
8
BLACK
6
CONTINUOUS
10
0.5078418503937008
20
0.2823955118110236
11
0.5075503543307086
21
0.2822120472440945
0
LINE
8
BLACK
6
CONTINUOUS
10
0.5075503543307086
20
0.2822120472440945
11
0.507493779527559
21
0.2821629527559055
0
LINE
8
BLACK
6
CONTINUOUS
10
0.507493779527559
20
0.2821629527559055
11
0.5074483070866141
21
0.2821478346456693
0
LINE
8
BLACK
6
CONTINUOUS
10
0.5074483070866141
20
0.2821478346456693
11
0.5073520078740157
21
0.2820871653543307
0
LINE
8
BLACK
6
CONTINUOUS
10
0.5073520078740157
20
0.2820871653543307
11
0.5036024409448818
21
0.2802124015748031
0
LINE
8
BLACK
6
CONTINUOUS
10
0.5036024409448818
20
0.2802124015748031
11
0.503061811023622
21
0.2800055118110236
0
LINE
8
BLACK
6
CONTINUOUS
10
0.503061811023622
20
0.2800055118110236
11
0.5029559842519685
21
0.279998031496063
0
LINE
8
BLACK
6
CONTINUOUS
10
0.5029559842519685
20
0.279998031496063
11
0.5028579921259843
21
0.2799574015748031
0
LINE
8
BLACK
6
CONTINUOUS
10
0.5028579921259843
20
0.2799574015748031
11
0.5022819291338583
21
0.2799006692913386
0
LINE
8
BLACK
6
CONTINUOUS
10
0.5022819291338583
20
0.2799006692913386
11
0.4947859448818898
21
0.2799006692913386
0
LINE
8
BLACK
6
CONTINUOUS
10
0.4947859448818898
20
0.2799006692913386
11
0.4872838188976378
21
0.2799006692913386
0
LINE
8
BLACK
6
CONTINUOUS
10
0.4872838188976378
20
0.2799006692913386
11
0.4867077559055118
21
0.2799574015748031
0
LINE
8
BLACK
6
CONTINUOUS
10
0.4867077559055118
20
0.2799574015748031
11
0.4866097637795275
21
0.2799979921259843
0
LINE
8
BLACK
6
CONTINUOUS
10
0.4866097637795275
20
0.2799979921259843
11
0.4865038976377953
21
0.2800055118110236
0
LINE
8
BLACK
6
CONTINUOUS
10
0.4865038976377953
20
0.2800055118110236
11
0.4859633070866142
21
0.2802124015748031
0
LINE
8
BLACK
6
CONTINUOUS
10
0.4859633070866142
20
0.2802124015748031
11
0.4822137795275591
21
0.2820871653543307
0
LINE
8
BLACK
6
CONTINUOUS
10
0.4822137795275591
20
0.2820871653543307
11
0.4821174015748032
21
0.2821478346456693
0
LINE
8
BLACK
6
CONTINUOUS
10
0.4821174015748032
20
0.2821478346456693
11
0.4820720078740157
21
0.2821629527559055
0
LINE
8
BLACK
6
CONTINUOUS
10
0.4820720078740157
20
0.2821629527559055
11
0.4820154330708661
21
0.2822120078740157
0
LINE
8
BLACK
6
CONTINUOUS
10
0.4820154330708661
20
0.2822120078740157
11
0.4817238976377953
21
0.2823955118110236
0
LINE
8
BLACK
6
CONTINUOUS
10
0.4817238976377953
20
0.2823955118110236
11
0.4814812992125984
21
0.2826752362204724
0
LINE
8
BLACK
6
CONTINUOUS
10
0.4814812992125984
20
0.2826752362204724
11
0.4812016141732283
21
0.2829177952755905
0
LINE
8
BLACK
6
CONTINUOUS
10
0.4812016141732283
20
0.2829177952755905
11
0.4810180708661417
21
0.2832093700787401
0
LINE
8
BLACK
6
CONTINUOUS
10
0.4810180708661417
20
0.2832093700787401
11
0.4809690551181102
21
0.283265905511811
0
LINE
8
BLACK
6
CONTINUOUS
10
0.4809690551181102
20
0.283265905511811
11
0.4809538976377953
21
0.2833113385826772
0
LINE
8
BLACK
6
CONTINUOUS
10
0.4809538976377953
20
0.2833113385826772
11
0.4808932677165354
21
0.2834076771653543
0
LINE
8
BLACK
6
CONTINUOUS
10
0.4808932677165354
20
0.2834076771653543
11
0.4790185039370078
21
0.2871572047244094
0
LINE
8
BLACK
6
CONTINUOUS
10
0.4790185039370078
20
0.2871572047244094
11
0.4788116141732283
21
0.2876978346456693
0
LINE
8
BLACK
6
CONTINUOUS
10
0.4788116141732283
20
0.2876978346456693
11
0.4788040944881889
21
0.2878036614173228
0
LINE
8
BLACK
6
CONTINUOUS
10
0.4788040944881889
20
0.2878036614173228
11
0.4787635039370078
21
0.2879016535433071
0
LINE
8
BLACK
6
CONTINUOUS
10
0.4787635039370078
20
0.2879016535433071
11
0.4787067716535433
21
0.2884777165354331
0
LINE
8
BLACK
6
CONTINUOUS
10
0.4787067716535433
20
0.2884777165354331
11
0.4787067716535433
21
0.2959767716535433
0
LINE
8
BLACK
6
CONTINUOUS
10
0.4787067716535433
20
0.2959767716535433
11
0.4787635039370078
21
0.2965528346456693
0
LINE
8
BLACK
6
CONTINUOUS
10
0.4787635039370078
20
0.2965528346456693
11
0.4788040944881889
21
0.2966508661417323
0
LINE
8
BLACK
6
CONTINUOUS
10
0.4788040944881889
20
0.2966508661417323
11
0.4788116141732283
21
0.2967566535433071
0
LINE
8
BLACK
6
CONTINUOUS
10
0.4788116141732283
20
0.2967566535433071
11
0.4790185039370078
21
0.2972972834645669
0
LINE
8
BLACK
6
CONTINUOUS
10
0.4790185039370078
20
0.2972972834645669
11
0.4808932677165354
21
0.301046811023622
0
LINE
8
BLACK
6
CONTINUOUS
10
0.4808932677165354
20
0.301046811023622
11
0.4809538976377953
21
0.3011431889763779
0
LINE
8
BLACK
6
CONTINUOUS
10
0.4809538976377953
20
0.3011431889763779
11
0.4809690551181102
21
0.3011885826771654
0
LINE
8
BLACK
6
CONTINUOUS
10
0.4809690551181102
20
0.3011885826771654
11
0.4810180708661417
21
0.3012451574803149
0
LINE
8
BLACK
6
CONTINUOUS
10
0.4810180708661417
20
0.3012451574803149
11
0.4812016141732283
21
0.3015366929133858
0
LINE
8
BLACK
6
CONTINUOUS
10
0.4812016141732283
20
0.3015366929133858
11
0.4814812992125984
21
0.3017792913385827
0
LINE
8
BLACK
6
CONTINUOUS
10
0.4814812992125984
20
0.3017792913385827
11
0.4817238976377953
21
0.3020589763779528
0
LINE
8
BLACK
6
CONTINUOUS
10
0.4817238976377953
20
0.3020589763779528
11
0.4820154330708661
21
0.3022425196850393
0
LINE
8
BLACK
6
CONTINUOUS
10
0.4820154330708661
20
0.3022425196850393
11
0.4820720078740157
21
0.3022915354330709
0
LINE
8
BLACK
6
CONTINUOUS
10
0.4820720078740157
20
0.3022915354330709
11
0.4821174015748032
21
0.3023066929133858
0
LINE
8
BLACK
6
CONTINUOUS
10
0.4821174015748032
20
0.3023066929133858
11
0.4822137795275591
21
0.3023673228346457
0
LINE
8
BLACK
6
CONTINUOUS
10
0.4822137795275591
20
0.3023673228346457
11
0.4859633070866142
21
0.3042420866141732
0
LINE
8
BLACK
6
CONTINUOUS
10
0.4859633070866142
20
0.3042420866141732
11
0.4865038976377953
21
0.3044489763779528
0
LINE
8
BLACK
6
CONTINUOUS
10
0.4865038976377953
20
0.3044489763779528
11
0.4866097637795275
21
0.3044565354330709
0
LINE
8
BLACK
6
CONTINUOUS
10
0.4866097637795275
20
0.3044565354330709
11
0.4867077559055118
21
0.3044970866141732
0
LINE
8
BLACK
6
CONTINUOUS
10
0.4867077559055118
20
0.3044970866141732
11
0.4872838188976378
21
0.3045538188976378
0
LINE
8
BLACK
6
CONTINUOUS
10
0.4872838188976378
20
0.3045538188976378
11
0.4910333464566929
21
0.3045538188976378
0
LINE
8
BLACK
6
CONTINUOUS
10
0.4910333464566929
20
0.3045538188976378
11
0.4916094094488189
21
0.3044970866141732
0
LINE
8
BLACK
6
CONTINUOUS
10
0.4857351181102362
20
0.2975254724409448
11
0.4846122834645669
21
0.2952797244094488
0
LINE
8
BLACK
6
CONTINUOUS
10
0.4846122834645669
20
0.2952797244094488
11
0.4846122834645669
21
0.2891747637795276
0
LINE
8
BLACK
6
CONTINUOUS
10
0.4846122834645669
20
0.2891747637795276
11
0.4857351181102362
21
0.2869290551181102
0
LINE
8
BLACK
6
CONTINUOUS
10
0.4857351181102362
20
0.2869290551181102
11
0.4879808661417323
21
0.2858061811023622
0
LINE
8
BLACK
6
CONTINUOUS
10
0.4879808661417323
20
0.2858061811023622
11
0.491181062992126
21
0.2858061811023622
0
LINE
8
BLACK
6
CONTINUOUS
10
0.491181062992126
20
0.2858061811023622
11
0.4886126377952756
21
0.2986483070866142
0
LINE
8
BLACK
6
CONTINUOUS
10
0.4886126377952756
20
0.2986483070866142
11
0.4879808661417323
21
0.2986483070866142
0
LINE
8
BLACK
6
CONTINUOUS
10
0.4879808661417323
20
0.2986483070866142
11
0.4857351181102362
21
0.2975254724409448
0
LINE
8
BLACK
6
CONTINUOUS
10
0.4833
20
0.3321776771653543
11
0.4841146456692914
21
0.331363031496063
0
LINE
8
BLACK
6
CONTINUOUS
10
0.4841146456692914
20
0.331363031496063
11
0.4845555511811023
21
0.3302986220472441
0
LINE
8
BLACK
6
CONTINUOUS
10
0.4845555511811023
20
0.3302986220472441
11
0.4846122834645669
21
0.3297225590551181
0
LINE
8
BLACK
6
CONTINUOUS
10
0.4846122834645669
20
0.3297225590551181
11
0.4846122834645669
21
0.3266700787401575
0
LINE
8
BLACK
6
CONTINUOUS
10
0.4846122834645669
20
0.3266700787401575
11
0.4859610236220472
21
0.3239725984251968
0
LINE
8
BLACK
6
CONTINUOUS
10
0.4859610236220472
20
0.3239725984251968
11
0.4871581496062992
21
0.3227754724409449
0
LINE
8
BLACK
6
CONTINUOUS
10
0.4871581496062992
20
0.3227754724409449
11
0.4898556299212598
21
0.3214267322834646
0
LINE
8
BLACK
6
CONTINUOUS
10
0.4898556299212598
20
0.3214267322834646
11
0.5079062598425197
21
0.3214267322834646
0
LINE
8
BLACK
6
CONTINUOUS
10
0.5079062598425197
20
0.3214267322834646
11
0.5084823228346457
21
0.32137
0
LINE
8
BLACK
6
CONTINUOUS
10
0.5084823228346457
20
0.32137
11
0.5095467322834646
21
0.320929094488189
0
LINE
8
BLACK
6
CONTINUOUS
10
0.5095467322834646
20
0.320929094488189
11
0.5103613779527559
21
0.3201144488188976
0
LINE
8
BLACK
6
CONTINUOUS
10
0.5103613779527559
20
0.3201144488188976
11
0.5108022834645669
21
0.3190500393700788
0
LINE
8
BLACK
6
CONTINUOUS
10
0.5108022834645669
20
0.3190500393700788
11
0.5108022834645669
21
0.3178979133858268
0
LINE
8
BLACK
6
CONTINUOUS
10
0.5108022834645669
20
0.3178979133858268
11
0.5103613779527559
21
0.3168335039370079
0
LINE
8
BLACK
6
CONTINUOUS
10
0.5103613779527559
20
0.3168335039370079
11
0.5095467322834646
21
0.3160188582677165
0
LINE
8
BLACK
6
CONTINUOUS
10
0.5095467322834646
20
0.3160188582677165
11
0.5084823228346457
21
0.3155779527559055
0
LINE
8
BLACK
6
CONTINUOUS
10
0.5084823228346457
20
0.3155779527559055
11
0.5079062598425197
21
0.3155212204724409
0
LINE
8
BLACK
6
CONTINUOUS
10
0.5079062598425197
20
0.3155212204724409
11
0.4816595275590551
21
0.3155212204724409
0
LINE
8
BLACK
6
CONTINUOUS
10
0.4816595275590551
20
0.3155212204724409
11
0.4810834645669291
21
0.3155779527559055
0
LINE
8
BLACK
6
CONTINUOUS
10
0.4810834645669291
20
0.3155779527559055
11
0.4800190551181102
21
0.3160188582677165
0
LINE
8
BLACK
6
CONTINUOUS
10
0.4800190551181102
20
0.3160188582677165
11
0.4792044094488189
21
0.3168335039370079
0
LINE
8
BLACK
6
CONTINUOUS
10
0.4792044094488189
20
0.3168335039370079
11
0.4787635039370078
21
0.3178979133858268
0
LINE
8
BLACK
6
CONTINUOUS
10
0.4787635039370078
20
0.3178979133858268
11
0.4787635039370078
21
0.3190500393700788
0
LINE
8
BLACK
6
CONTINUOUS
10
0.4787635039370078
20
0.3190500393700788
11
0.4792044094488189
21
0.3201144488188976
0
LINE
8
BLACK
6
CONTINUOUS
10
0.4792044094488189
20
0.3201144488188976
11
0.4800190551181102
21
0.320929094488189
0
LINE
8
BLACK
6
CONTINUOUS
10
0.4800190551181102
20
0.320929094488189
11
0.4807324409448819
21
0.3212246062992126
0
LINE
8
BLACK
6
CONTINUOUS
10
0.4807324409448819
20
0.3212246062992126
11
0.4790185039370078
21
0.3246525196850394
0
LINE
8
BLACK
6
CONTINUOUS
10
0.4790185039370078
20
0.3246525196850394
11
0.4788116141732283
21
0.3251931496062992
0
LINE
8
BLACK
6
CONTINUOUS
10
0.4788116141732283
20
0.3251931496062992
11
0.4788040944881889
21
0.3252989763779527
0
LINE
8
BLACK
6
CONTINUOUS
10
0.4788040944881889
20
0.3252989763779527
11
0.4787635039370078
21
0.325396968503937
0
LINE
8
BLACK
6
CONTINUOUS
10
0.4787635039370078
20
0.325396968503937
11
0.4787067716535433
21
0.325973031496063
0
LINE
8
BLACK
6
CONTINUOUS
10
0.4787067716535433
20
0.325973031496063
11
0.4787067716535433
21
0.3297225590551181
0
LINE
8
BLACK
6
CONTINUOUS
10
0.4787067716535433
20
0.3297225590551181
11
0.4787635039370078
21
0.3302986220472441
0
LINE
8
BLACK
6
CONTINUOUS
10
0.4787635039370078
20
0.3302986220472441
11
0.4792044094488189
21
0.331363031496063
0
LINE
8
BLACK
6
CONTINUOUS
10
0.4792044094488189
20
0.331363031496063
11
0.4800190551181102
21
0.3321776771653543
0
LINE
8
BLACK
6
CONTINUOUS
10
0.4800190551181102
20
0.3321776771653543
11
0.4810834645669291
21
0.3326185826771653
0
LINE
8
BLACK
6
CONTINUOUS
10
0.4810834645669291
20
0.3326185826771653
11
0.4822355905511811
21
0.3326185826771653
0
LINE
8
BLACK
6
CONTINUOUS
10
0.4822355905511811
20
0.3326185826771653
11
0.4833
21
0.3321776771653543
0
LINE
8
BLACK
6
CONTINUOUS
10
0.5132962598425197
20
0.3659234645669291
11
0.514110905511811
21
0.3651088188976378
0
LINE
8
BLACK
6
CONTINUOUS
10
0.514110905511811
20
0.3651088188976378
11
0.514551811023622
21
0.3640444094488189
0
LINE
8
BLACK
6
CONTINUOUS
10
0.514551811023622
20
0.3640444094488189
11
0.5146085433070866
21
0.3634683464566929
0
LINE
8
BLACK
6
CONTINUOUS
10
0.5146085433070866
20
0.3634683464566929
11
0.5146085433070866
21
0.3334720866141732
0
LINE
8
BLACK
6
CONTINUOUS
10
0.5146085433070866
20
0.3334720866141732
11
0.514551811023622
21
0.3328960236220472
0
LINE
8
BLACK
6
CONTINUOUS
10
0.514551811023622
20
0.3328960236220472
11
0.514110905511811
21
0.3318316141732283
0
LINE
8
BLACK
6
CONTINUOUS
10
0.514110905511811
20
0.3318316141732283
11
0.5132962598425197
21
0.331016968503937
0
LINE
8
BLACK
6
CONTINUOUS
10
0.5132962598425197
20
0.331016968503937
11
0.5122318503937008
21
0.330576062992126
0
LINE
8
BLACK
6
CONTINUOUS
10
0.5122318503937008
20
0.330576062992126
11
0.5110797244094488
21
0.330576062992126
0
LINE
8
BLACK
6
CONTINUOUS
10
0.5110797244094488
20
0.330576062992126
11
0.5100153149606299
21
0.331016968503937
0
LINE
8
BLACK
6
CONTINUOUS
10
0.5100153149606299
20
0.331016968503937
11
0.5092006692913386
21
0.3318316141732283
0
LINE
8
BLACK
6
CONTINUOUS
10
0.5092006692913386
20
0.3318316141732283
11
0.5087597637795276
21
0.3328960236220472
0
LINE
8
BLACK
6
CONTINUOUS
10
0.5087597637795276
20
0.3328960236220472
11
0.508703031496063
21
0.3334720866141732
0
LINE
8
BLACK
6
CONTINUOUS
10
0.508703031496063
20
0.3334720866141732
11
0.508703031496063
21
0.3634683464566929
0
LINE
8
BLACK
6
CONTINUOUS
10
0.508703031496063
20
0.3634683464566929
11
0.5087597637795276
21
0.3640444094488189
0
LINE
8
BLACK
6
CONTINUOUS
10
0.5087597637795276
20
0.3640444094488189
11
0.5092006692913386
21
0.3651088188976378
0
LINE
8
BLACK
6
CONTINUOUS
10
0.5092006692913386
20
0.3651088188976378
11
0.5100153149606299
21
0.3659234645669291
0
LINE
8
BLACK
6
CONTINUOUS
10
0.5100153149606299
20
0.3659234645669291
11
0.5110797244094488
21
0.3663643700787402
0
LINE
8
BLACK
6
CONTINUOUS
10
0.5110797244094488
20
0.3663643700787402
11
0.5122318503937008
21
0.3663643700787402
0
LINE
8
BLACK
6
CONTINUOUS
10
0.5122318503937008
20
0.3663643700787402
11
0.5132962598425197
21
0.3659234645669291
0
LINE
8
BLACK
6
CONTINUOUS
10
0.6505895275590551
20
0.36074
11
0.6506875196850394
21
0.3606994094488189
0
LINE
8
BLACK
6
CONTINUOUS
10
0.6506875196850394
20
0.3606994094488189
11
0.6507933464566928
21
0.3606918897637795
0
LINE
8
BLACK
6
CONTINUOUS
10
0.6507933464566928
20
0.3606918897637795
11
0.6513339763779528
21
0.360485
0
LINE
8
BLACK
6
CONTINUOUS
10
0.6513339763779528
20
0.360485
11
0.6550835039370079
21
0.3586102362204724
0
LINE
8
BLACK
6
CONTINUOUS
10
0.6550835039370079
20
0.3586102362204724
11
0.6553313779527559
21
0.3584542125984252
0
LINE
8
BLACK
6
CONTINUOUS
10
0.6553313779527559
20
0.3584542125984252
11
0.6554034251968504
21
0.3584243700787402
0
LINE
8
BLACK
6
CONTINUOUS
10
0.6554034251968504
20
0.3584243700787402
11
0.6554844488188977
21
0.358357874015748
0
LINE
8
BLACK
6
CONTINUOUS
10
0.6554844488188977
20
0.358357874015748
11
0.6555733858267716
21
0.3583018897637795
0
LINE
8
BLACK
6
CONTINUOUS
10
0.6555733858267716
20
0.3583018897637795
11
0.6556245275590551
21
0.3582429133858268
0
LINE
8
BLACK
6
CONTINUOUS
10
0.6556245275590551
20
0.3582429133858268
11
0.6558508661417323
21
0.3580571653543307
0
LINE
8
BLACK
6
CONTINUOUS
10
0.6558508661417323
20
0.3580571653543307
11
0.6577256692913386
21
0.3561824015748031
0
LINE
8
BLACK
6
CONTINUOUS
10
0.6577256692913386
20
0.3561824015748031
11
0.6579114173228346
21
0.355956062992126
0
LINE
8
BLACK
6
CONTINUOUS
10
0.6579114173228346
20
0.355956062992126
11
0.6579704724409449
21
0.355904842519685
0
LINE
8
BLACK
6
CONTINUOUS
10
0.6579704724409449
20
0.355904842519685
11
0.6580264566929134
21
0.355815905511811
0
LINE
8
BLACK
6
CONTINUOUS
10
0.6580264566929134
20
0.355815905511811
11
0.6580929133858268
21
0.3557349212598425
0
LINE
8
BLACK
6
CONTINUOUS
10
0.6580929133858268
20
0.3557349212598425
11
0.6581227165354331
21
0.3556629921259842
0
LINE
8
BLACK
6
CONTINUOUS
10
0.6581227165354331
20
0.3556629921259842
11
0.6582788188976377
21
0.3554149606299212
0
LINE
8
BLACK
6
CONTINUOUS
10
0.6582788188976377
20
0.3554149606299212
11
0.6601535826771653
21
0.3516654330708661
0
LINE
8
BLACK
6
CONTINUOUS
10
0.6601535826771653
20
0.3516654330708661
11
0.6603604724409449
21
0.351124842519685
0
LINE
8
BLACK
6
CONTINUOUS
10
0.6603604724409449
20
0.351124842519685
11
0.6603679921259842
21
0.3510189763779528
0
LINE
8
BLACK
6
CONTINUOUS
10
0.6603679921259842
20
0.3510189763779528
11
0.6604085826771653
21
0.3509209842519685
0
LINE
8
BLACK
6
CONTINUOUS
10
0.6604085826771653
20
0.3509209842519685
11
0.6604653149606299
21
0.3503449212598425
0
LINE
8
BLACK
6
CONTINUOUS
10
0.6604653149606299
20
0.3503449212598425
11
0.6604653149606299
21
0.3409711023622047
0
LINE
8
BLACK
6
CONTINUOUS
10
0.6604653149606299
20
0.3409711023622047
11
0.6604365748031495
21
0.3406795275590551
0
LINE
8
BLACK
6
CONTINUOUS
10
0.6604365748031495
20
0.3406795275590551
11
0.660442125984252
21
0.3406017716535433
0
LINE
8
BLACK
6
CONTINUOUS
10
0.660442125984252
20
0.3406017716535433
11
0.6604188582677165
21
0.3404995275590551
0
LINE
8
BLACK
6
CONTINUOUS
10
0.6604188582677165
20
0.3404995275590551
11
0.6604085826771653
21
0.3403950393700788
0
LINE
8
BLACK
6
CONTINUOUS
10
0.6604085826771653
20
0.3403950393700788
11
0.6603787007874016
21
0.3403229921259843
0
LINE
8
BLACK
6
CONTINUOUS
10
0.6603787007874016
20
0.3403229921259843
11
0.660313779527559
21
0.3400373228346457
0
LINE
8
BLACK
6
CONTINUOUS
10
0.660313779527559
20
0.3400373228346457
11
0.6584390157480314
21
0.3344130708661417
0
LINE
8
BLACK
6
CONTINUOUS
10
0.6584390157480314
20
0.3344130708661417
11
0.658203031496063
21
0.3338844881889764
0
LINE
8
BLACK
6
CONTINUOUS
10
0.658203031496063
20
0.3338844881889764
11
0.6574481496062992
21
0.3330141338582677
0
LINE
8
BLACK
6
CONTINUOUS
10
0.6574481496062992
20
0.3330141338582677
11
0.656417716535433
21
0.332498937007874
0
LINE
8
BLACK
6
CONTINUOUS
10
0.656417716535433
20
0.332498937007874
11
0.6552685039370079
21
0.3324172440944882
0
LINE
8
BLACK
6
CONTINUOUS
10
0.6552685039370079
20
0.3324172440944882
11
0.6541754724409449
21
0.3327815748031496
0
LINE
8
BLACK
6
CONTINUOUS
10
0.6541754724409449
20
0.3327815748031496
11
0.6533051181102362
21
0.3335364566929134
0
LINE
8
BLACK
6
CONTINUOUS
10
0.6533051181102362
20
0.3335364566929134
11
0.6527899212598425
21
0.3345668897637795
0
LINE
8
BLACK
6
CONTINUOUS
10
0.6527899212598425
20
0.3345668897637795
11
0.6527082283464567
21
0.3357161023622047
0
LINE
8
BLACK
6
CONTINUOUS
10
0.6527082283464567
20
0.3357161023622047
11
0.6528365748031496
21
0.3362805511811023
0
LINE
8
BLACK
6
CONTINUOUS
10
0.6528365748031496
20
0.3362805511811023
11
0.6545598031496063
21
0.3414502362204724
0
LINE
8
BLACK
6
CONTINUOUS
10
0.6545598031496063
20
0.3414502362204724
11
0.6545598031496063
21
0.349647874015748
0
LINE
8
BLACK
6
CONTINUOUS
10
0.6545598031496063
20
0.349647874015748
11
0.6532110629921259
21
0.3523453543307086
0
LINE
8
BLACK
6
CONTINUOUS
10
0.6532110629921259
20
0.3523453543307086
11
0.6520138976377953
21
0.3535424803149606
0
LINE
8
BLACK
6
CONTINUOUS
10
0.6520138976377953
20
0.3535424803149606
11
0.6493164173228346
21
0.3548912204724409
0
LINE
8
BLACK
6
CONTINUOUS
10
0.6493164173228346
20
0.3548912204724409
11
0.6469609842519685
21
0.3548912204724409
0
LINE
8
BLACK
6
CONTINUOUS
10
0.6469609842519685
20
0.3548912204724409
11
0.6442635039370078
21
0.3535424803149606
0
LINE
8
BLACK
6
CONTINUOUS
10
0.6442635039370078
20
0.3535424803149606
11
0.6430663779527559
21
0.3523453543307086
0
LINE
8
BLACK
6
CONTINUOUS
10
0.6430663779527559
20
0.3523453543307086
11
0.6415508661417323
21
0.3493143700787402
0
LINE
8
BLACK
6
CONTINUOUS
10
0.6415508661417323
20
0.3493143700787402
11
0.6397547244094488
21
0.3421297244094488
0
LINE
8
BLACK
6
CONTINUOUS
10
0.6397547244094488
20
0.3421297244094488
11
0.6397395275590551
21
0.3420872440944882
0
LINE
8
BLACK
6
CONTINUOUS
10
0.6397395275590551
20
0.3420872440944882
11
0.639738031496063
21
0.3420659448818897
0
LINE
8
BLACK
6
CONTINUOUS
10
0.639738031496063
20
0.3420659448818897
11
0.6396462598425197
21
0.3418262204724409
0
LINE
8
BLACK
6
CONTINUOUS
10
0.6396462598425197
20
0.3418262204724409
11
0.6395599606299213
21
0.3415846062992126
0
LINE
8
BLACK
6
CONTINUOUS
10
0.6395599606299213
20
0.3415846062992126
11
0.6395472440944882
21
0.3415674803149606
0
LINE
8
BLACK
6
CONTINUOUS
10
0.6395472440944882
20
0.3415674803149606
11
0.6395311417322834
21
0.3415253543307086
0
LINE
8
BLACK
6
CONTINUOUS
10
0.6395311417322834
20
0.3415253543307086
11
0.6376563779527559
21
0.3377758267716535
0
LINE
8
BLACK
6
CONTINUOUS
10
0.6376563779527559
20
0.3377758267716535
11
0.6375002755905511
21
0.3375278346456693
0
LINE
8
BLACK
6
CONTINUOUS
10
0.6375002755905511
20
0.3375278346456693
11
0.6374704724409449
21
0.3374558661417323
0
LINE
8
BLACK
6
CONTINUOUS
10
0.6374704724409449
20
0.3374558661417323
11
0.6374039763779528
21
0.3373749212598425
0
LINE
8
BLACK
6
CONTINUOUS
10
0.6374039763779528
20
0.3373749212598425
11
0.637348031496063
21
0.3372859448818897
0
LINE
8
BLACK
6
CONTINUOUS
10
0.637348031496063
20
0.3372859448818897
11
0.6372890157480314
21
0.3372348031496063
0
LINE
8
BLACK
6
CONTINUOUS
10
0.6372890157480314
20
0.3372348031496063
11
0.6371032677165355
21
0.3370084251968504
0
LINE
8
BLACK
6
CONTINUOUS
10
0.6371032677165355
20
0.3370084251968504
11
0.6352285039370078
21
0.3351336614173228
0
LINE
8
BLACK
6
CONTINUOUS
10
0.6352285039370078
20
0.3351336614173228
11
0.635002125984252
21
0.3349479133858267
0
LINE
8
BLACK
6
CONTINUOUS
10
0.635002125984252
20
0.3349479133858267
11
0.6349509842519685
21
0.3348888976377953
0
LINE
8
BLACK
6
CONTINUOUS
10
0.6349509842519685
20
0.3348888976377953
11
0.6348620078740157
21
0.3348329527559055
0
LINE
8
BLACK
6
CONTINUOUS
10
0.6348620078740157
20
0.3348329527559055
11
0.634781062992126
21
0.3347664566929134
0
LINE
8
BLACK
6
CONTINUOUS
10
0.634781062992126
20
0.3347664566929134
11
0.6347090944881889
21
0.3347366535433071
0
LINE
8
BLACK
6
CONTINUOUS
10
0.6347090944881889
20
0.3347366535433071
11
0.6344611023622048
21
0.3345805511811024
0
LINE
8
BLACK
6
CONTINUOUS
10
0.6344611023622048
20
0.3345805511811024
11
0.6307115748031495
21
0.3327057874015748
0
LINE
8
BLACK
6
CONTINUOUS
10
0.6307115748031495
20
0.3327057874015748
11
0.6301709448818897
21
0.3324988976377953
0
LINE
8
BLACK
6
CONTINUOUS
10
0.6301709448818897
20
0.3324988976377953
11
0.6300651181102362
21
0.3324914173228347
0
LINE
8
BLACK
6
CONTINUOUS
10
0.6300651181102362
20
0.3324914173228347
11
0.629967125984252
21
0.3324507874015748
0
LINE
8
BLACK
6
CONTINUOUS
10
0.629967125984252
20
0.3324507874015748
11
0.629391062992126
21
0.3323940551181102
0
LINE
8
BLACK
6
CONTINUOUS
10
0.629391062992126
20
0.3323940551181102
11
0.6256415354330709
21
0.3323940551181102
0
LINE
8
BLACK
6
CONTINUOUS
10
0.6256415354330709
20
0.3323940551181102
11
0.6250654724409449
21
0.3324507874015748
0
LINE
8
BLACK
6
CONTINUOUS
10
0.6250654724409449
20
0.3324507874015748
11
0.6249674803149606
21
0.3324913779527559
0
LINE
8
BLACK
6
CONTINUOUS
10
0.6249674803149606
20
0.3324913779527559
11
0.6248616141732284
21
0.3324988976377953
0
LINE
8
BLACK
6
CONTINUOUS
10
0.6248616141732284
20
0.3324988976377953
11
0.6243210236220472
21
0.3327057874015748
0
LINE
8
BLACK
6
CONTINUOUS
10
0.6243210236220472
20
0.3327057874015748
11
0.6205714960629921
21
0.3345805511811024
0
LINE
8
BLACK
6
CONTINUOUS
10
0.6205714960629921
20
0.3345805511811024
11
0.6203234645669291
21
0.3347366535433071
0
LINE
8
BLACK
6
CONTINUOUS
10
0.6203234645669291
20
0.3347366535433071
11
0.6202515354330709
21
0.3347664566929134
0
LINE
8
BLACK
6
CONTINUOUS
10
0.6202515354330709
20
0.3347664566929134
11
0.6201705511811023
21
0.3348329527559055
0
LINE
8
BLACK
6
CONTINUOUS
10
0.6201705511811023
20
0.3348329527559055
11
0.6200816141732284
21
0.3348888976377953
0
LINE
8
BLACK
6
CONTINUOUS
10
0.6200816141732284
20
0.3348888976377953
11
0.6200304330708661
21
0.3349479133858267
0
LINE
8
BLACK
6
CONTINUOUS
10
0.6200304330708661
20
0.3349479133858267
11
0.619804094488189
21
0.3351336614173228
0
LINE
8
BLACK
6
CONTINUOUS
10
0.619804094488189
20
0.3351336614173228
11
0.6179293307086614
21
0.3370084251968504
0
LINE
8
BLACK
6
CONTINUOUS
10
0.6179293307086614
20
0.3370084251968504
11
0.6177435433070866
21
0.3372348031496063
0
LINE
8
BLACK
6
CONTINUOUS
10
0.6177435433070866
20
0.3372348031496063
11
0.6176845669291339
21
0.3372859448818897
0
LINE
8
BLACK
6
CONTINUOUS
10
0.6176845669291339
20
0.3372859448818897
11
0.6176285826771654
21
0.3373749212598425
0
LINE
8
BLACK
6
CONTINUOUS
10
0.6176285826771654
20
0.3373749212598425
11
0.617562125984252
21
0.3374558661417323
0
LINE
8
BLACK
6
CONTINUOUS
10
0.617562125984252
20
0.3374558661417323
11
0.6175322834645669
21
0.3375278346456693
0
LINE
8
BLACK
6
CONTINUOUS
10
0.6175322834645669
20
0.3375278346456693
11
0.6173762204724409
21
0.3377758267716535
0
LINE
8
BLACK
6
CONTINUOUS
10
0.6173762204724409
20
0.3377758267716535
11
0.6155014566929133
21
0.3415253543307086
0
LINE
8
BLACK
6
CONTINUOUS
10
0.6155014566929133
20
0.3415253543307086
11
0.6152945669291339
21
0.3420659842519685
0
LINE
8
BLACK
6
CONTINUOUS
10
0.6152945669291339
20
0.3420659842519685
11
0.6152870472440944
21
0.342171811023622
0
LINE
8
BLACK
6
CONTINUOUS
10
0.6152870472440944
20
0.342171811023622
11
0.6152464566929133
21
0.3422698031496063
0
LINE
8
BLACK
6
CONTINUOUS
10
0.6152464566929133
20
0.3422698031496063
11
0.6151897244094489
21
0.3428458661417323
0
LINE
8
BLACK
6
CONTINUOUS
10
0.6151897244094489
20
0.3428458661417323
11
0.6151897244094489
21
0.3522196850393701
0
LINE
8
BLACK
6
CONTINUOUS
10
0.6151897244094489
20
0.3522196850393701
11
0.6152184251968503
21
0.3525112598425197
0
LINE
8
BLACK
6
CONTINUOUS
10
0.6152184251968503
20
0.3525112598425197
11
0.6152129133858267
21
0.3525889763779527
0
LINE
8
BLACK
6
CONTINUOUS
10
0.6152129133858267
20
0.3525889763779527
11
0.6152361417322835
21
0.3526912598425197
0
LINE
8
BLACK
6
CONTINUOUS
10
0.6152361417322835
20
0.3526912598425197
11
0.6152464566929133
21
0.352795748031496
0
LINE
8
BLACK
6
CONTINUOUS
10
0.6152464566929133
20
0.352795748031496
11
0.6152762992125984
21
0.352867874015748
0
LINE
8
BLACK
6
CONTINUOUS
10
0.6152762992125984
20
0.352867874015748
11
0.6153412598425196
21
0.3531534251968504
0
LINE
8
BLACK
6
CONTINUOUS
10
0.6153412598425196
20
0.3531534251968504
11
0.6172160236220472
21
0.3587777165354331
0
LINE
8
BLACK
6
CONTINUOUS
10
0.6172160236220472
20
0.3587777165354331
11
0.6174520078740158
21
0.3593062598425197
0
LINE
8
BLACK
6
CONTINUOUS
10
0.6174520078740158
20
0.3593062598425197
11
0.6182068897637795
21
0.3601766141732283
0
LINE
8
BLACK
6
CONTINUOUS
10
0.6182068897637795
20
0.3601766141732283
11
0.6192373228346456
21
0.3606918503937008
0
LINE
8
BLACK
6
CONTINUOUS
10
0.6192373228346456
20
0.3606918503937008
11
0.6203865354330709
21
0.3607735433070866
0
LINE
8
BLACK
6
CONTINUOUS
10
0.6203865354330709
20
0.3607735433070866
11
0.6214795275590551
21
0.3604092125984252
0
LINE
8
BLACK
6
CONTINUOUS
10
0.6214795275590551
20
0.3604092125984252
11
0.6223499212598425
21
0.3596543307086614
0
LINE
8
BLACK
6
CONTINUOUS
10
0.6223499212598425
20
0.3596543307086614
11
0.6228651181102363
21
0.3586238582677165
0
LINE
8
BLACK
6
CONTINUOUS
10
0.6228651181102363
20
0.3586238582677165
11
0.622946811023622
21
0.3574746456692913
0
LINE
8
BLACK
6
CONTINUOUS
10
0.622946811023622
20
0.3574746456692913
11
0.6228184645669291
21
0.3569101968503937
0
LINE
8
BLACK
6
CONTINUOUS
10
0.6228184645669291
20
0.3569101968503937
11
0.6210952362204725
21
0.3517405511811024
0
LINE
8
BLACK
6
CONTINUOUS
10
0.6210952362204725
20
0.3517405511811024
11
0.6210952362204725
21
0.3435429133858268
0
LINE
8
BLACK
6
CONTINUOUS
10
0.6210952362204725
20
0.3435429133858268
11
0.6224439763779528
21
0.3408454330708661
0
LINE
8
BLACK
6
CONTINUOUS
10
0.6224439763779528
20
0.3408454330708661
11
0.6236411023622047
21
0.3396483070866141
0
LINE
8
BLACK
6
CONTINUOUS
10
0.6236411023622047
20
0.3396483070866141
11
0.6263385826771654
21
0.3382995669291339
0
LINE
8
BLACK
6
CONTINUOUS
10
0.6263385826771654
20
0.3382995669291339
11
0.6286940157480315
21
0.3382995669291339
0
LINE
8
BLACK
6
CONTINUOUS
10
0.6286940157480315
20
0.3382995669291339
11
0.6313914960629922
21
0.3396483070866141
0
LINE
8
BLACK
6
CONTINUOUS
10
0.6313914960629922
20
0.3396483070866141
11
0.6325886220472441
21
0.3408454330708661
0
LINE
8
BLACK
6
CONTINUOUS
10
0.6325886220472441
20
0.3408454330708661
11
0.6341040944881889
21
0.3438764173228346
0
LINE
8
BLACK
6
CONTINUOUS
10
0.6341040944881889
20
0.3438764173228346
11
0.6359002755905512
21
0.351061062992126
0
LINE
8
BLACK
6
CONTINUOUS
10
0.6359002755905512
20
0.351061062992126
11
0.6359154330708662
21
0.3511035826771653
0
LINE
8
BLACK
6
CONTINUOUS
10
0.6359154330708662
20
0.3511035826771653
11
0.635916968503937
21
0.3511248031496063
0
LINE
8
BLACK
6
CONTINUOUS
10
0.635916968503937
20
0.3511248031496063
11
0.6360085826771653
21
0.3513642519685039
0
LINE
8
BLACK
6
CONTINUOUS
10
0.6360085826771653
20
0.3513642519685039
11
0.6360950393700787
21
0.3516061811023622
0
LINE
8
BLACK
6
CONTINUOUS
10
0.6360950393700787
20
0.3516061811023622
11
0.6361077165354331
21
0.3516233464566929
0
LINE
8
BLACK
6
CONTINUOUS
10
0.6361077165354331
20
0.3516233464566929
11
0.6361238582677166
21
0.3516654330708661
0
LINE
8
BLACK
6
CONTINUOUS
10
0.6361238582677166
20
0.3516654330708661
11
0.6379986220472441
21
0.3554149606299212
0
LINE
8
BLACK
6
CONTINUOUS
10
0.6379986220472441
20
0.3554149606299212
11
0.6381546850393701
21
0.3556629921259842
0
LINE
8
BLACK
6
CONTINUOUS
10
0.6381546850393701
20
0.3556629921259842
11
0.6381845275590551
21
0.3557349212598425
0
LINE
8
BLACK
6
CONTINUOUS
10
0.6381845275590551
20
0.3557349212598425
11
0.6382509842519685
21
0.355815905511811
0
LINE
8
BLACK
6
CONTINUOUS
10
0.6382509842519685
20
0.355815905511811
11
0.638306968503937
21
0.355904842519685
0
LINE
8
BLACK
6
CONTINUOUS
10
0.638306968503937
20
0.355904842519685
11
0.6383659448818898
21
0.3559560236220473
0
LINE
8
BLACK
6
CONTINUOUS
10
0.6383659448818898
20
0.3559560236220473
11
0.6385517322834645
21
0.3561823622047244
0
LINE
8
BLACK
6
CONTINUOUS
10
0.6385517322834645
20
0.3561823622047244
11
0.6404264960629921
21
0.3580571259842519
0
LINE
8
BLACK
6
CONTINUOUS
10
0.6404264960629921
20
0.3580571259842519
11
0.6406528346456692
21
0.3582429133858268
0
LINE
8
BLACK
6
CONTINUOUS
10
0.6406528346456692
20
0.3582429133858268
11
0.6407040157480315
21
0.3583018897637795
0
LINE
8
BLACK
6
CONTINUOUS
10
0.6407040157480315
20
0.3583018897637795
11
0.6407929527559055
21
0.358357874015748
0
LINE
8
BLACK
6
CONTINUOUS
10
0.6407929527559055
20
0.358357874015748
11
0.640873937007874
21
0.3584243307086614
0
LINE
8
BLACK
6
CONTINUOUS
10
0.640873937007874
20
0.3584243307086614
11
0.6409458661417323
21
0.3584541732283464
0
LINE
8
BLACK
6
CONTINUOUS
10
0.6409458661417323
20
0.3584541732283464
11
0.6411938976377952
21
0.3586102362204724
0
LINE
8
BLACK
6
CONTINUOUS
10
0.6411938976377952
20
0.3586102362204724
11
0.6449434251968503
21
0.360485
0
LINE
8
BLACK
6
CONTINUOUS
10
0.6449434251968503
20
0.360485
11
0.6454840157480315
21
0.3606918897637795
0
LINE
8
BLACK
6
CONTINUOUS
10
0.6454840157480315
20
0.3606918897637795
11
0.6455898818897637
21
0.3606994488188976
0
LINE
8
BLACK
6
CONTINUOUS
10
0.6455898818897637
20
0.3606994488188976
11
0.645687874015748
21
0.36074
0
LINE
8
BLACK
6
CONTINUOUS
10
0.645687874015748
20
0.36074
11
0.646263937007874
21
0.3607967322834645
0
LINE
8
BLACK
6
CONTINUOUS
10
0.646263937007874
20
0.3607967322834645
11
0.6500134645669291
21
0.3607967322834645
0
LINE
8
BLACK
6
CONTINUOUS
10
0.6500134645669291
20
0.3607967322834645
11
0.6505895275590551
21
0.36074
0
LINE
8
BLACK
6
CONTINUOUS
10
0.4800762992125984
20
0.3963886614173228
11
0.4801540551181102
21
0.3963941732283465
0
LINE
8
BLACK
6
CONTINUOUS
10
0.4801540551181102
20
0.3963941732283465
11
0.4802562992125984
21
0.3963709448818897
0
LINE
8
BLACK
6
CONTINUOUS
10
0.4802562992125984
20
0.3963709448818897
11
0.4803608267716535
21
0.3963606299212598
0
LINE
8
BLACK
6
CONTINUOUS
10
0.4803608267716535
20
0.3963606299212598
11
0.4804329133858268
21
0.3963307874015748
0
LINE
8
BLACK
6
CONTINUOUS
10
0.4804329133858268
20
0.3963307874015748
11
0.4807185039370079
21
0.3962658267716535
0
LINE
8
BLACK
6
CONTINUOUS
10
0.4807185039370079
20
0.3962658267716535
11
0.4863427952755905
21
0.394391062992126
0
LINE
8
BLACK
6
CONTINUOUS
10
0.4863427952755905
20
0.394391062992126
11
0.4868713385826772
21
0.3941550787401575
0
LINE
8
BLACK
6
CONTINUOUS
10
0.4868713385826772
20
0.3941550787401575
11
0.4869514566929134
21
0.3940855905511811
0
LINE
8
BLACK
6
CONTINUOUS
10
0.4869514566929134
20
0.3940855905511811
11
0.4870495275590551
21
0.3940449606299212
0
LINE
8
BLACK
6
CONTINUOUS
10
0.4870495275590551
20
0.3940449606299212
11
0.487496968503937
21
0.3936777559055118
0
LINE
8
BLACK
6
CONTINUOUS
10
0.487496968503937
20
0.3936777559055118
11
0.5049535039370079
21
0.3762212598425197
0
LINE
8
BLACK
6
CONTINUOUS
10
0.5049535039370079
20
0.3762212598425197
11
0.5049535039370079
21
0.3934646062992126
0
LINE
8
BLACK
6
CONTINUOUS
10
0.5049535039370079
20
0.3934646062992126
11
0.5050102362204725
21
0.3940406692913386
0
LINE
8
BLACK
6
CONTINUOUS
10
0.5050102362204725
20
0.3940406692913386
11
0.5054511417322834
21
0.3951050787401575
0
LINE
8
BLACK
6
CONTINUOUS
10
0.5054511417322834
20
0.3951050787401575
11
0.5062657874015748
21
0.3959197244094488
0
LINE
8
BLACK
6
CONTINUOUS
10
0.5062657874015748
20
0.3959197244094488
11
0.5073301968503937
21
0.3963606299212598
0
LINE
8
BLACK
6
CONTINUOUS
10
0.5073301968503937
20
0.3963606299212598
11
0.5084823228346457
21
0.3963606299212598
0
LINE
8
BLACK
6
CONTINUOUS
10
0.5084823228346457
20
0.3963606299212598
11
0.5095467322834646
21
0.3959197244094488
0
LINE
8
BLACK
6
CONTINUOUS
10
0.5095467322834646
20
0.3959197244094488
11
0.5103613779527559
21
0.3951050787401575
0
LINE
8
BLACK
6
CONTINUOUS
10
0.5103613779527559
20
0.3951050787401575
11
0.5108022834645669
21
0.3940406692913386
0
LINE
8
BLACK
6
CONTINUOUS
10
0.5108022834645669
20
0.3940406692913386
11
0.5108590157480315
21
0.3934646062992126
0
LINE
8
BLACK
6
CONTINUOUS
10
0.5108590157480315
20
0.3934646062992126
11
0.5108590157480315
21
0.3690926771653543
0
LINE
8
BLACK
6
CONTINUOUS
10
0.5108590157480315
20
0.3690926771653543
11
0.5108022834645669
21
0.3685166141732283
0
LINE
8
BLACK
6
CONTINUOUS
10
0.5108022834645669
20
0.3685166141732283
11
0.5106731496062992
21
0.3682048818897637
0
LINE
8
BLACK
6
CONTINUOUS
10
0.5106731496062992
20
0.3682048818897637
11
0.5103614173228347
21
0.3674522047244094
0
LINE
8
BLACK
6
CONTINUOUS
10
0.5103614173228347
20
0.3674522047244094
11
0.5095467322834646
21
0.3666375590551181
0
LINE
8
BLACK
6
CONTINUOUS
10
0.5095467322834646
20
0.3666375590551181
11
0.5084823228346457
21
0.3661966535433071
0
LINE
8
BLACK
6
CONTINUOUS
10
0.5084823228346457
20
0.3661966535433071
11
0.5073302362204725
21
0.3661966535433071
0
LINE
8
BLACK
6
CONTINUOUS
10
0.5073302362204725
20
0.3661966535433071
11
0.5073301968503937
21
0.3661966535433071
0
LINE
8
BLACK
6
CONTINUOUS
10
0.5073301968503937
20
0.3661966535433071
11
0.5070184251968504
21
0.3663257874015748
0
LINE
8
BLACK
6
CONTINUOUS
10
0.5070184251968504
20
0.3663257874015748
11
0.5062657874015748
21
0.3666375196850394
0
LINE
8
BLACK
6
CONTINUOUS
10
0.5062657874015748
20
0.3666375196850394
11
0.5058183464566929
21
0.3670047637795276
0
LINE
8
BLACK
6
CONTINUOUS
10
0.5058183464566929
20
0.3670047637795276
11
0.4838140157480315
21
0.3890090551181102
0
LINE
8
BLACK
6
CONTINUOUS
10
0.4838140157480315
20
0.3890090551181102
11
0.4793056299212599
21
0.3905118503937008
0
LINE
8
BLACK
6
CONTINUOUS
10
0.4793056299212599
20
0.3905118503937008
11
0.4767322834645669
21
0.3905118503937008
0
LINE
8
BLACK
6
CONTINUOUS
10
0.4767322834645669
20
0.3905118503937008
11
0.4740348031496063
21
0.3891631102362205
0
LINE
8
BLACK
6
CONTINUOUS
10
0.4740348031496063
20
0.3891631102362205
11
0.4728376771653543
21
0.3879659842519685
0
LINE
8
BLACK
6
CONTINUOUS
10
0.4728376771653543
20
0.3879659842519685
11
0.471488937007874
21
0.3852685039370078
0
LINE
8
BLACK
6
CONTINUOUS
10
0.471488937007874
20
0.3852685039370078
11
0.471488937007874
21
0.3772887795275591
0
LINE
8
BLACK
6
CONTINUOUS
10
0.471488937007874
20
0.3772887795275591
11
0.4728376771653543
21
0.3745912992125984
0
LINE
8
BLACK
6
CONTINUOUS
10
0.4728376771653543
20
0.3745912992125984
11
0.4743736220472441
21
0.3730553543307086
0
LINE
8
BLACK
6
CONTINUOUS
10
0.4743736220472441
20
0.3730553543307086
11
0.4747408267716535
21
0.3726079133858268
0
LINE
8
BLACK
6
CONTINUOUS
10
0.4747408267716535
20
0.3726079133858268
11
0.4751817322834646
21
0.3715435039370079
0
LINE
8
BLACK
6
CONTINUOUS
10
0.4751817322834646
20
0.3715435039370079
11
0.4751817322834646
21
0.3703914173228346
0
LINE
8
BLACK
6
CONTINUOUS
10
0.4751817322834646
20
0.3703914173228346
11
0.4747408267716535
21
0.3693270078740157
0
LINE
8
BLACK
6
CONTINUOUS
10
0.4747408267716535
20
0.3693270078740157
11
0.4739261417322835
21
0.3685123228346456
0
LINE
8
BLACK
6
CONTINUOUS
10
0.4739261417322835
20
0.3685123228346456
11
0.4728617322834646
21
0.3680714173228347
0
LINE
8
BLACK
6
CONTINUOUS
10
0.4728617322834646
20
0.3680714173228347
11
0.4717096456692914
21
0.3680714173228347
0
LINE
8
BLACK
6
CONTINUOUS
10
0.4717096456692914
20
0.3680714173228347
11
0.4706452362204724
21
0.3685123228346456
0
LINE
8
BLACK
6
CONTINUOUS
10
0.4706452362204724
20
0.3685123228346456
11
0.4701977952755905
21
0.3688795275590551
0
LINE
8
BLACK
6
CONTINUOUS
10
0.4701977952755905
20
0.3688795275590551
11
0.468323031496063
21
0.3707542913385827
0
LINE
8
BLACK
6
CONTINUOUS
10
0.468323031496063
20
0.3707542913385827
11
0.4681372440944882
21
0.3709806692913385
0
LINE
8
BLACK
6
CONTINUOUS
10
0.4681372440944882
20
0.3709806692913385
11
0.4680782677165354
21
0.371031811023622
0
LINE
8
BLACK
6
CONTINUOUS
10
0.4680782677165354
20
0.371031811023622
11
0.4680222834645669
21
0.3711207874015748
0
LINE
8
BLACK
6
CONTINUOUS
10
0.4680222834645669
20
0.3711207874015748
11
0.4679558267716535
21
0.3712017322834645
0
LINE
8
BLACK
6
CONTINUOUS
10
0.4679558267716535
20
0.3712017322834645
11
0.4679259842519685
21
0.3712737007874016
0
LINE
8
BLACK
6
CONTINUOUS
10
0.4679259842519685
20
0.3712737007874016
11
0.4677699212598425
21
0.3715216929133858
0
LINE
8
BLACK
6
CONTINUOUS
10
0.4677699212598425
20
0.3715216929133858
11
0.465895157480315
21
0.3752712204724409
0
LINE
8
BLACK
6
CONTINUOUS
10
0.465895157480315
20
0.3752712204724409
11
0.4656882677165354
21
0.3758118503937008
0
LINE
8
BLACK
6
CONTINUOUS
10
0.4656882677165354
20
0.3758118503937008
11
0.4656807480314961
21
0.3759176771653543
0
LINE
8
BLACK
6
CONTINUOUS
10
0.4656807480314961
20
0.3759176771653543
11
0.465640157480315
21
0.3760156692913386
0
LINE
8
BLACK
6
CONTINUOUS
10
0.465640157480315
20
0.3760156692913386
11
0.4655834251968504
21
0.3765917322834645
0
LINE
8
BLACK
6
CONTINUOUS
10
0.4655834251968504
20
0.3765917322834645
11
0.4655834251968504
21
0.3859655511811024
0
LINE
8
BLACK
6
CONTINUOUS
10
0.4655834251968504
20
0.3859655511811024
11
0.465640157480315
21
0.3865416141732284
0
LINE
8
BLACK
6
CONTINUOUS
10
0.465640157480315
20
0.3865416141732284
11
0.4656807480314961
21
0.3866396456692913
0
LINE
8
BLACK
6
CONTINUOUS
10
0.4656807480314961
20
0.3866396456692913
11
0.4656882677165354
21
0.3867454330708661
0
LINE
8
BLACK
6
CONTINUOUS
10
0.4656882677165354
20
0.3867454330708661
11
0.465895157480315
21
0.387286062992126
0
LINE
8
BLACK
6
CONTINUOUS
10
0.465895157480315
20
0.387286062992126
11
0.4677699212598425
21
0.3910355905511811
0
LINE
8
BLACK
6
CONTINUOUS
10
0.4677699212598425
20
0.3910355905511811
11
0.4679259842519685
21
0.3912836220472441
0
LINE
8
BLACK
6
CONTINUOUS
10
0.4679259842519685
20
0.3912836220472441
11
0.4679558267716535
21
0.3913555511811024
0
LINE
8
BLACK
6
CONTINUOUS
10
0.4679558267716535
20
0.3913555511811024
11
0.4680222834645669
21
0.3914365354330708
0
LINE
8
BLACK
6
CONTINUOUS
10
0.4680222834645669
20
0.3914365354330708
11
0.4680782677165354
21
0.3915254724409449
0
LINE
8
BLACK
6
CONTINUOUS
10
0.4680782677165354
20
0.3915254724409449
11
0.4681372440944882
21
0.3915766535433071
0
LINE
8
BLACK
6
CONTINUOUS
10
0.4681372440944882
20
0.3915766535433071
11
0.468323031496063
21
0.3918029921259842
0
LINE
8
BLACK
6
CONTINUOUS
10
0.468323031496063
20
0.3918029921259842
11
0.4701977952755905
21
0.3936777559055118
0
LINE
8
BLACK
6
CONTINUOUS
10
0.4701977952755905
20
0.3936777559055118
11
0.4704241338582677
21
0.3938635433070866
0
LINE
8
BLACK
6
CONTINUOUS
10
0.4704241338582677
20
0.3938635433070866
11
0.4704753149606299
21
0.3939225196850394
0
LINE
8
BLACK
6
CONTINUOUS
10
0.4704753149606299
20
0.3939225196850394
11
0.4705642519685039
21
0.3939785039370078
0
LINE
8
BLACK
6
CONTINUOUS
10
0.4705642519685039
20
0.3939785039370078
11
0.4706452362204724
21
0.3940449606299212
0
LINE
8
BLACK
6
CONTINUOUS
10
0.4706452362204724
20
0.3940449606299212
11
0.4707171653543307
21
0.3940748031496063
0
LINE
8
BLACK
6
CONTINUOUS
10
0.4707171653543307
20
0.3940748031496063
11
0.4709651968503937
21
0.3942308661417323
0
LINE
8
BLACK
6
CONTINUOUS
10
0.4709651968503937
20
0.3942308661417323
11
0.4747147244094488
21
0.3961056299212599
0
LINE
8
BLACK
6
CONTINUOUS
10
0.4747147244094488
20
0.3961056299212599
11
0.4752553149606299
21
0.3963125196850394
0
LINE
8
BLACK
6
CONTINUOUS
10
0.4752553149606299
20
0.3963125196850394
11
0.4753611811023622
21
0.3963200787401575
0
LINE
8
BLACK
6
CONTINUOUS
10
0.4753611811023622
20
0.3963200787401575
11
0.4754591732283465
21
0.3963606299212598
0
LINE
8
BLACK
6
CONTINUOUS
10
0.4754591732283465
20
0.3963606299212598
11
0.4760352362204724
21
0.3964173622047244
0
LINE
8
BLACK
6
CONTINUOUS
10
0.4760352362204724
20
0.3964173622047244
11
0.4797847637795276
21
0.3964173622047244
0
LINE
8
BLACK
6
CONTINUOUS
10
0.4797847637795276
20
0.3964173622047244
11
0.4800762992125984
21
0.3963886614173228
0
LINE
8
BLACK
6
CONTINUOUS
10
0.6505895275590551
20
0.3963605511811024
11
0.6506875196850394
21
0.3963199606299213
0
LINE
8
BLACK
6
CONTINUOUS
10
0.6506875196850394
20
0.3963199606299213
11
0.6507933464566928
21
0.3963124409448819
0
LINE
8
BLACK
6
CONTINUOUS
10
0.6507933464566928
20
0.3963124409448819
11
0.6513339763779528
21
0.3961055511811024
0
LINE
8
BLACK
6
CONTINUOUS
10
0.6513339763779528
20
0.3961055511811024
11
0.6550835039370079
21
0.3942307874015748
0
LINE
8
BLACK
6
CONTINUOUS
10
0.6550835039370079
20
0.3942307874015748
11
0.6553313779527559
21
0.3940747637795275
0
LINE
8
BLACK
6
CONTINUOUS
10
0.6553313779527559
20
0.3940747637795275
11
0.6554034251968504
21
0.3940449212598425
0
LINE
8
BLACK
6
CONTINUOUS
10
0.6554034251968504
20
0.3940449212598425
11
0.6554844488188977
21
0.3939784251968504
0
LINE
8
BLACK
6
CONTINUOUS
10
0.6554844488188977
20
0.3939784251968504
11
0.6555733858267716
21
0.3939224409448819
0
LINE
8
BLACK
6
CONTINUOUS
10
0.6555733858267716
20
0.3939224409448819
11
0.6556245275590551
21
0.3938634645669291
0
LINE
8
BLACK
6
CONTINUOUS
10
0.6556245275590551
20
0.3938634645669291
11
0.6558508661417323
21
0.393677716535433
0
LINE
8
BLACK
6
CONTINUOUS
10
0.6558508661417323
20
0.393677716535433
11
0.6577256692913386
21
0.3918029527559055
0
LINE
8
BLACK
6
CONTINUOUS
10
0.6577256692913386
20
0.3918029527559055
11
0.6579114173228346
21
0.3915766141732283
0
LINE
8
BLACK
6
CONTINUOUS
10
0.6579114173228346
20
0.3915766141732283
11
0.6579704724409449
21
0.3915253937007874
0
LINE
8
BLACK
6
CONTINUOUS
10
0.6579704724409449
20
0.3915253937007874
11
0.6580264566929134
21
0.3914364566929134
0
LINE
8
BLACK
6
CONTINUOUS
10
0.6580264566929134
20
0.3914364566929134
11
0.6580929133858268
21
0.3913554724409449
0
LINE
8
BLACK
6
CONTINUOUS
10
0.6580929133858268
20
0.3913554724409449
11
0.6581227165354331
21
0.3912835433070866
0
LINE
8
BLACK
6
CONTINUOUS
10
0.6581227165354331
20
0.3912835433070866
11
0.6582788188976377
21
0.3910355118110236
0
LINE
8
BLACK
6
CONTINUOUS
10
0.6582788188976377
20
0.3910355118110236
11
0.6601535826771653
21
0.3872859842519685
0
LINE
8
BLACK
6
CONTINUOUS
10
0.6601535826771653
20
0.3872859842519685
11
0.6603604724409449
21
0.3867453937007874
0
LINE
8
BLACK
6
CONTINUOUS
10
0.6603604724409449
20
0.3867453937007874
11
0.6603679921259842
21
0.3866395275590551
0
LINE
8
BLACK
6
CONTINUOUS
10
0.6603679921259842
20
0.3866395275590551
11
0.6604085826771653
21
0.3865415354330708
0
LINE
8
BLACK
6
CONTINUOUS
10
0.6604085826771653
20
0.3865415354330708
11
0.6604653149606299
21
0.3859654724409449
0
LINE
8
BLACK
6
CONTINUOUS
10
0.6604653149606299
20
0.3859654724409449
11
0.6604653149606299
21
0.3803411811023622
0
LINE
8
BLACK
6
CONTINUOUS
10
0.6604653149606299
20
0.3803411811023622
11
0.6604085826771653
21
0.3797651181102362
0
LINE
8
BLACK
6
CONTINUOUS
10
0.6604085826771653
20
0.3797651181102362
11
0.6603679921259842
21
0.3796671653543307
0
LINE
8
BLACK
6
CONTINUOUS
10
0.6603679921259842
20
0.3796671653543307
11
0.6603604724409449
21
0.3795612598425196
0
LINE
8
BLACK
6
CONTINUOUS
10
0.6603604724409449
20
0.3795612598425196
11
0.6601535826771653
21
0.3790206692913386
0
LINE
8
BLACK
6
CONTINUOUS
10
0.6601535826771653
20
0.3790206692913386
11
0.6582788188976377
21
0.3752711417322834
0
LINE
8
BLACK
6
CONTINUOUS
10
0.6582788188976377
20
0.3752711417322834
11
0.6581227165354331
21
0.3750231496062992
0
LINE
8
BLACK
6
CONTINUOUS
10
0.6581227165354331
20
0.3750231496062992
11
0.6580929133858268
21
0.3749511811023622
0
LINE
8
BLACK
6
CONTINUOUS
10
0.6580929133858268
20
0.3749511811023622
11
0.6580264566929134
21
0.3748702362204724
0
LINE
8
BLACK
6
CONTINUOUS
10
0.6580264566929134
20
0.3748702362204724
11
0.6579704724409449
21
0.3747812598425197
0
LINE
8
BLACK
6
CONTINUOUS
10
0.6579704724409449
20
0.3747812598425197
11
0.6579114173228346
21
0.3747300787401575
0
LINE
8
BLACK
6
CONTINUOUS
10
0.6579114173228346
20
0.3747300787401575
11
0.6577256692913386
21
0.3745037007874016
0
LINE
8
BLACK
6
CONTINUOUS
10
0.6577256692913386
20
0.3745037007874016
11
0.6558508661417323
21
0.372628937007874
0
LINE
8
BLACK
6
CONTINUOUS
10
0.6558508661417323
20
0.372628937007874
11
0.6556245275590551
21
0.3724432283464567
0
LINE
8
BLACK
6
CONTINUOUS
10
0.6556245275590551
20
0.3724432283464567
11
0.6555733858267716
21
0.3723842125984252
0
LINE
8
BLACK
6
CONTINUOUS
10
0.6555733858267716
20
0.3723842125984252
11
0.6554844488188977
21
0.3723282677165354
0
LINE
8
BLACK
6
CONTINUOUS
10
0.6554844488188977
20
0.3723282677165354
11
0.6554034251968504
21
0.3722617322834645
0
LINE
8
BLACK
6
CONTINUOUS
10
0.6554034251968504
20
0.3722617322834645
11
0.6553313779527559
21
0.3722319291338583
0
LINE
8
BLACK
6
CONTINUOUS
10
0.6553313779527559
20
0.3722319291338583
11
0.6550835039370079
21
0.3720758661417323
0
LINE
8
BLACK
6
CONTINUOUS
10
0.6550835039370079
20
0.3720758661417323
11
0.6513339763779528
21
0.3702011023622047
0
LINE
8
BLACK
6
CONTINUOUS
10
0.6513339763779528
20
0.3702011023622047
11
0.6507933464566928
21
0.3699942125984252
0
LINE
8
BLACK
6
CONTINUOUS
10
0.6507933464566928
20
0.3699942125984252
11
0.6506875196850394
21
0.3699867322834646
0
LINE
8
BLACK
6
CONTINUOUS
10
0.6506875196850394
20
0.3699867322834646
11
0.6505895275590551
21
0.3699461023622047
0
LINE
8
BLACK
6
CONTINUOUS
10
0.6505895275590551
20
0.3699461023622047
11
0.6500134645669291
21
0.3698893700787402
0
LINE
8
BLACK
6
CONTINUOUS
10
0.6500134645669291
20
0.3698893700787402
11
0.6387648818897638
21
0.3698893700787402
0
LINE
8
BLACK
6
CONTINUOUS
10
0.6387648818897638
20
0.3698893700787402
11
0.6381888188976378
21
0.3699461023622047
0
LINE
8
BLACK
6
CONTINUOUS
10
0.6381888188976378
20
0.3699461023622047
11
0.6380908267716535
21
0.3699866929133858
0
LINE
8
BLACK
6
CONTINUOUS
10
0.6380908267716535
20
0.3699866929133858
11
0.6379849606299213
21
0.3699942125984252
0
LINE
8
BLACK
6
CONTINUOUS
10
0.6379849606299213
20
0.3699942125984252
11
0.6374443700787401
21
0.3702011023622047
0
LINE
8
BLACK
6
CONTINUOUS
10
0.6374443700787401
20
0.3702011023622047
11
0.633694842519685
21
0.3720758661417323
0
LINE
8
BLACK
6
CONTINUOUS
10
0.633694842519685
20
0.3720758661417323
11
0.633446811023622
21
0.372231968503937
0
LINE
8
BLACK
6
CONTINUOUS
10
0.633446811023622
20
0.372231968503937
11
0.6333748818897638
21
0.3722617716535433
0
LINE
8
BLACK
6
CONTINUOUS
10
0.6333748818897638
20
0.3722617716535433
11
0.6332938976377953
21
0.3723282677165354
0
LINE
8
BLACK
6
CONTINUOUS
10
0.6332938976377953
20
0.3723282677165354
11
0.6332049606299213
21
0.3723842125984252
0
LINE
8
BLACK
6
CONTINUOUS
10
0.6332049606299213
20
0.3723842125984252
11
0.633153779527559
21
0.3724432283464567
0
LINE
8
BLACK
6
CONTINUOUS
10
0.633153779527559
20
0.3724432283464567
11
0.6329274409448818
21
0.3726289763779527
0
LINE
8
BLACK
6
CONTINUOUS
10
0.6329274409448818
20
0.3726289763779527
11
0.6310526771653543
21
0.3745037401574803
0
LINE
8
BLACK
6
CONTINUOUS
10
0.6310526771653543
20
0.3745037401574803
11
0.6308668897637795
21
0.3747301181102362
0
LINE
8
BLACK
6
CONTINUOUS
10
0.6308668897637795
20
0.3747301181102362
11
0.6308079133858268
21
0.3747812598425197
0
LINE
8
BLACK
6
CONTINUOUS
10
0.6308079133858268
20
0.3747812598425197
11
0.6307519291338582
21
0.3748702362204724
0
LINE
8
BLACK
6
CONTINUOUS
10
0.6307519291338582
20
0.3748702362204724
11
0.6306854724409449
21
0.3749511811023622
0
LINE
8
BLACK
6
CONTINUOUS
10
0.6306854724409449
20
0.3749511811023622
11
0.6306556299212598
21
0.3750231496062992
0
LINE
8
BLACK
6
CONTINUOUS
10
0.6306556299212598
20
0.3750231496062992
11
0.6304995669291339
21
0.3752711417322834
0
LINE
8
BLACK
6
CONTINUOUS
10
0.6304995669291339
20
0.3752711417322834
11
0.6286248031496063
21
0.3790206692913386
0
LINE
8
BLACK
6
CONTINUOUS
10
0.6286248031496063
20
0.3790206692913386
11
0.6284179133858268
21
0.3795612992125984
0
LINE
8
BLACK
6
CONTINUOUS
10
0.6284179133858268
20
0.3795612992125984
11
0.6284103937007874
21
0.379667125984252
0
LINE
8
BLACK
6
CONTINUOUS
10
0.6284103937007874
20
0.379667125984252
11
0.6283698031496063
21
0.3797651181102362
0
LINE
8
BLACK
6
CONTINUOUS
10
0.6283698031496063
20
0.3797651181102362
11
0.6283130708661417
21
0.3803411811023622
0
LINE
8
BLACK
6
CONTINUOUS
10
0.6283130708661417
20
0.3803411811023622
11
0.6283130708661417
21
0.3859654724409449
0
LINE
8
BLACK
6
CONTINUOUS
10
0.6283130708661417
20
0.3859654724409449
11
0.6283698031496063
21
0.3865415354330708
0
LINE
8
BLACK
6
CONTINUOUS
10
0.6283698031496063
20
0.3865415354330708
11
0.6284103937007874
21
0.3866395669291339
0
LINE
8
BLACK
6
CONTINUOUS
10
0.6284103937007874
20
0.3866395669291339
11
0.6284179133858268
21
0.3867453543307087
0
LINE
8
BLACK
6
CONTINUOUS
10
0.6284179133858268
20
0.3867453543307087
11
0.6286248031496063
21
0.3872859842519685
0
LINE
8
BLACK
6
CONTINUOUS
10
0.6286248031496063
20
0.3872859842519685
11
0.6304995669291339
21
0.3910355118110236
0
LINE
8
BLACK
6
CONTINUOUS
10
0.6304995669291339
20
0.3910355118110236
11
0.6306556299212598
21
0.3912835433070866
0
LINE
8
BLACK
6
CONTINUOUS
10
0.6306556299212598
20
0.3912835433070866
11
0.6306854724409449
21
0.3913554724409449
0
LINE
8
BLACK
6
CONTINUOUS
10
0.6306854724409449
20
0.3913554724409449
11
0.6307519291338582
21
0.3914364566929134
0
LINE
8
BLACK
6
CONTINUOUS
10
0.6307519291338582
20
0.3914364566929134
11
0.6308079133858268
21
0.3915253937007874
0
LINE
8
BLACK
6
CONTINUOUS
10
0.6308079133858268
20
0.3915253937007874
11
0.6308668897637795
21
0.3915765748031496
0
LINE
8
BLACK
6
CONTINUOUS
10
0.6308668897637795
20
0.3915765748031496
11
0.6310526771653543
21
0.3918029133858268
0
LINE
8
BLACK
6
CONTINUOUS
10
0.6310526771653543
20
0.3918029133858268
11
0.6329274409448818
21
0.3936776771653543
0
LINE
8
BLACK
6
CONTINUOUS
10
0.6329274409448818
20
0.3936776771653543
11
0.633153779527559
21
0.3938634645669291
0
LINE
8
BLACK
6
CONTINUOUS
10
0.633153779527559
20
0.3938634645669291
11
0.6332049606299213
21
0.3939224409448819
0
LINE
8
BLACK
6
CONTINUOUS
10
0.6332049606299213
20
0.3939224409448819
11
0.6332938976377953
21
0.3939784251968504
0
LINE
8
BLACK
6
CONTINUOUS
10
0.6332938976377953
20
0.3939784251968504
11
0.6333748818897638
21
0.3940448818897638
0
LINE
8
BLACK
6
CONTINUOUS
10
0.6333748818897638
20
0.3940448818897638
11
0.633446811023622
21
0.3940747244094488
0
LINE
8
BLACK
6
CONTINUOUS
10
0.633446811023622
20
0.3940747244094488
11
0.633694842519685
21
0.3942307874015748
0
LINE
8
BLACK
6
CONTINUOUS
10
0.633694842519685
20
0.3942307874015748
11
0.6374443700787401
21
0.3961055511811024
0
LINE
8
BLACK
6
CONTINUOUS
10
0.6374443700787401
20
0.3961055511811024
11
0.6379849606299213
21
0.3963124409448819
0
LINE
8
BLACK
6
CONTINUOUS
10
0.6379849606299213
20
0.3963124409448819
11
0.6380908267716535
21
0.39632
0
LINE
8
BLACK
6
CONTINUOUS
10
0.6380908267716535
20
0.39632
11
0.6381888188976378
21
0.3963605511811024
0
LINE
8
BLACK
6
CONTINUOUS
10
0.6381888188976378
20
0.3963605511811024
11
0.6387648818897638
21
0.3964172834645669
0
LINE
8
BLACK
6
CONTINUOUS
10
0.6387648818897638
20
0.3964172834645669
11
0.6500134645669291
21
0.3964172834645669
0
LINE
8
BLACK
6
CONTINUOUS
10
0.6500134645669291
20
0.3964172834645669
11
0.6505895275590551
21
0.3963605511811024
0
LINE
8
BLACK
6
CONTINUOUS
10
0.6367644488188976
20
0.389163031496063
11
0.6355673228346457
21
0.387965905511811
0
LINE
8
BLACK
6
CONTINUOUS
10
0.6355673228346457
20
0.387965905511811
11
0.6342185826771654
21
0.3852684251968504
0
LINE
8
BLACK
6
CONTINUOUS
10
0.6342185826771654
20
0.3852684251968504
11
0.6342185826771654
21
0.3810382283464567
0
LINE
8
BLACK
6
CONTINUOUS
10
0.6342185826771654
20
0.3810382283464567
11
0.6355673228346457
21
0.378340748031496
0
LINE
8
BLACK
6
CONTINUOUS
10
0.6355673228346457
20
0.378340748031496
11
0.6367644488188976
21
0.3771436220472441
0
LINE
8
BLACK
6
CONTINUOUS
10
0.6367644488188976
20
0.3771436220472441
11
0.6394619291338582
21
0.3757948818897638
0
LINE
8
BLACK
6
CONTINUOUS
10
0.6394619291338582
20
0.3757948818897638
11
0.6493164173228346
21
0.3757948818897638
0
LINE
8
BLACK
6
CONTINUOUS
10
0.6493164173228346
20
0.3757948818897638
11
0.6520138976377953
21
0.3771436614173228
0
LINE
8
BLACK
6
CONTINUOUS
10
0.6520138976377953
20
0.3771436614173228
11
0.6532110629921259
21
0.3783407874015748
0
LINE
8
BLACK
6
CONTINUOUS
10
0.6532110629921259
20
0.3783407874015748
11
0.6545598031496063
21
0.3810382283464567
0
LINE
8
BLACK
6
CONTINUOUS
10
0.6545598031496063
20
0.3810382283464567
11
0.6545598031496063
21
0.3852684251968504
0
LINE
8
BLACK
6
CONTINUOUS
10
0.6545598031496063
20
0.3852684251968504
11
0.6532110629921259
21
0.387965905511811
0
LINE
8
BLACK
6
CONTINUOUS
10
0.6532110629921259
20
0.387965905511811
11
0.6520138976377953
21
0.389163031496063
0
LINE
8
BLACK
6
CONTINUOUS
10
0.6520138976377953
20
0.389163031496063
11
0.6493164173228346
21
0.3905117716535433
0
LINE
8
BLACK
6
CONTINUOUS
10
0.6493164173228346
20
0.3905117716535433
11
0.6394619291338582
21
0.3905117716535433
0
LINE
8
BLACK
6
CONTINUOUS
10
0.6394619291338582
20
0.3905117716535433
11
0.6367644488188976
21
0.389163031496063
0
LINE
8
BLACK
6
CONTINUOUS
10
0.5132962598425197
20
0.4334150393700787
11
0.514110905511811
21
0.4326003937007874
0
LINE
8
BLACK
6
CONTINUOUS
10
0.514110905511811
20
0.4326003937007874
11
0.514551811023622
21
0.4315359842519685
0
LINE
8
BLACK
6
CONTINUOUS
10
0.514551811023622
20
0.4315359842519685
11
0.5146085433070866
21
0.4309599212598425
0
LINE
8
BLACK
6
CONTINUOUS
10
0.5146085433070866
20
0.4309599212598425
11
0.5146085433070866
21
0.4009636614173228
0
LINE
8
BLACK
6
CONTINUOUS
10
0.5146085433070866
20
0.4009636614173228
11
0.514551811023622
21
0.4003875984251968
0
LINE
8
BLACK
6
CONTINUOUS
10
0.514551811023622
20
0.4003875984251968
11
0.514110905511811
21
0.3993231889763779
0
LINE
8
BLACK
6
CONTINUOUS
10
0.514110905511811
20
0.3993231889763779
11
0.5132962598425197
21
0.3985085433070866
0
LINE
8
BLACK
6
CONTINUOUS
10
0.5132962598425197
20
0.3985085433070866
11
0.5122318503937008
21
0.3980676377952756
0
LINE
8
BLACK
6
CONTINUOUS
10
0.5122318503937008
20
0.3980676377952756
11
0.5110797244094488
21
0.3980676377952756
0
LINE
8
BLACK
6
CONTINUOUS
10
0.5110797244094488
20
0.3980676377952756
11
0.5100153149606299
21
0.3985085433070866
0
LINE
8
BLACK
6
CONTINUOUS
10
0.5100153149606299
20
0.3985085433070866
11
0.5092006692913386
21
0.3993231889763779
0
LINE
8
BLACK
6
CONTINUOUS
10
0.5092006692913386
20
0.3993231889763779
11
0.5087597637795276
21
0.4003875984251968
0
LINE
8
BLACK
6
CONTINUOUS
10
0.5087597637795276
20
0.4003875984251968
11
0.508703031496063
21
0.4009636614173228
0
LINE
8
BLACK
6
CONTINUOUS
10
0.508703031496063
20
0.4009636614173228
11
0.508703031496063
21
0.4309599212598425
0
LINE
8
BLACK
6
CONTINUOUS
10
0.508703031496063
20
0.4309599212598425
11
0.5087597637795276
21
0.4315359842519685
0
LINE
8
BLACK
6
CONTINUOUS
10
0.5087597637795276
20
0.4315359842519685
11
0.5092006692913386
21
0.4326003937007874
0
LINE
8
BLACK
6
CONTINUOUS
10
0.5092006692913386
20
0.4326003937007874
11
0.5100153149606299
21
0.4334150393700787
0
LINE
8
BLACK
6
CONTINUOUS
10
0.5100153149606299
20
0.4334150393700787
11
0.5110797244094488
21
0.4338559448818898
0
LINE
8
BLACK
6
CONTINUOUS
10
0.5110797244094488
20
0.4338559448818898
11
0.5122318503937008
21
0.4338559448818898
0
LINE
8
BLACK
6
CONTINUOUS
10
0.5122318503937008
20
0.4338559448818898
11
0.5132962598425197
21
0.4334150393700787
0
LINE
8
BLACK
6
CONTINUOUS
10
0.6582924409448819
20
0.4188096456692914
11
0.6593229527559055
21
0.4182943700787402
0
LINE
8
BLACK
6
CONTINUOUS
10
0.6593229527559055
20
0.4182943700787402
11
0.6600777952755905
21
0.4174240157480315
0
LINE
8
BLACK
6
CONTINUOUS
10
0.6600777952755905
20
0.4174240157480315
11
0.660442125984252
21
0.4163310236220472
0
LINE
8
BLACK
6
CONTINUOUS
10
0.660442125984252
20
0.4163310236220472
11
0.6603604724409449
21
0.4151818110236221
0
LINE
8
BLACK
6
CONTINUOUS
10
0.6603604724409449
20
0.4151818110236221
11
0.6601535826771653
21
0.414641220472441
0
LINE
8
BLACK
6
CONTINUOUS
10
0.6601535826771653
20
0.414641220472441
11
0.6582788188976377
21
0.4108916929133858
0
LINE
8
BLACK
6
CONTINUOUS
10
0.6582788188976377
20
0.4108916929133858
11
0.6582181496062992
21
0.4107953543307086
0
LINE
8
BLACK
6
CONTINUOUS
10
0.6582181496062992
20
0.4107953543307086
11
0.658203031496063
21
0.4107499212598425
0
LINE
8
BLACK
6
CONTINUOUS
10
0.658203031496063
20
0.4107499212598425
11
0.6581539763779527
21
0.4106933858267716
0
LINE
8
BLACK
6
CONTINUOUS
10
0.6581539763779527
20
0.4106933858267716
11
0.6579704724409449
21
0.4104018110236221
0
LINE
8
BLACK
6
CONTINUOUS
10
0.6579704724409449
20
0.4104018110236221
11
0.6576906299212598
21
0.4101591732283464
0
LINE
8
BLACK
6
CONTINUOUS
10
0.6576906299212598
20
0.4101591732283464
11
0.6574481496062992
21
0.4098795275590551
0
LINE
8
BLACK
6
CONTINUOUS
10
0.6574481496062992
20
0.4098795275590551
11
0.6571566535433071
21
0.409696062992126
0
LINE
8
BLACK
6
CONTINUOUS
10
0.6571566535433071
20
0.409696062992126
11
0.6571000787401574
21
0.409646968503937
0
LINE
8
BLACK
6
CONTINUOUS
10
0.6571000787401574
20
0.409646968503937
11
0.6570546062992125
21
0.4096318503937008
0
LINE
8
BLACK
6
CONTINUOUS
10
0.6570546062992125
20
0.4096318503937008
11
0.6569583070866142
21
0.4095711811023622
0
LINE
8
BLACK
6
CONTINUOUS
10
0.6569583070866142
20
0.4095711811023622
11
0.6532087401574803
21
0.4076964173228346
0
LINE
8
BLACK
6
CONTINUOUS
10
0.6532087401574803
20
0.4076964173228346
11
0.6526681102362205
21
0.4074895275590551
0
LINE
8
BLACK
6
CONTINUOUS
10
0.6526681102362205
20
0.4074895275590551
11
0.6525622834645669
21
0.4074820472440945
0
LINE
8
BLACK
6
CONTINUOUS
10
0.6525622834645669
20
0.4074820472440945
11
0.6524642913385826
21
0.4074414173228346
0
LINE
8
BLACK
6
CONTINUOUS
10
0.6524642913385826
20
0.4074414173228346
11
0.6518882283464567
21
0.4073846850393701
0
LINE
8
BLACK
6
CONTINUOUS
10
0.6518882283464567
20
0.4073846850393701
11
0.6181424803149607
21
0.4073846850393701
0
LINE
8
BLACK
6
CONTINUOUS
10
0.6181424803149607
20
0.4073846850393701
11
0.6175664173228347
21
0.4074414173228346
0
LINE
8
BLACK
6
CONTINUOUS
10
0.6175664173228347
20
0.4074414173228346
11
0.6165020078740158
21
0.4078823228346456
0
LINE
8
BLACK
6
CONTINUOUS
10
0.6165020078740158
20
0.4078823228346456
11
0.6156873622047244
21
0.408696968503937
0
LINE
8
BLACK
6
CONTINUOUS
10
0.6156873622047244
20
0.408696968503937
11
0.6152464566929133
21
0.4097613779527559
0
LINE
8
BLACK
6
CONTINUOUS
10
0.6152464566929133
20
0.4097613779527559
11
0.6152464566929133
21
0.4109135039370079
0
LINE
8
BLACK
6
CONTINUOUS
10
0.6152464566929133
20
0.4109135039370079
11
0.6156873622047244
21
0.4119779133858268
0
LINE
8
BLACK
6
CONTINUOUS
10
0.6156873622047244
20
0.4119779133858268
11
0.6165020078740158
21
0.4127925590551181
0
LINE
8
BLACK
6
CONTINUOUS
10
0.6165020078740158
20
0.4127925590551181
11
0.6175664173228347
21
0.4132334645669291
0
LINE
8
BLACK
6
CONTINUOUS
10
0.6175664173228347
20
0.4132334645669291
11
0.6181424803149607
21
0.4132901968503937
0
LINE
8
BLACK
6
CONTINUOUS
10
0.6181424803149607
20
0.4132901968503937
11
0.6511911811023622
21
0.4132901968503937
0
LINE
8
BLACK
6
CONTINUOUS
10
0.6511911811023622
20
0.4132901968503937
11
0.6534369291338582
21
0.4144130708661417
0
LINE
8
BLACK
6
CONTINUOUS
10
0.6534369291338582
20
0.4144130708661417
11
0.6548715354330709
21
0.4172822440944882
0
LINE
8
BLACK
6
CONTINUOUS
10
0.6548715354330709
20
0.4172822440944882
11
0.6551798818897637
21
0.417772125984252
0
LINE
8
BLACK
6
CONTINUOUS
10
0.6551798818897637
20
0.417772125984252
11
0.6560502755905512
21
0.418526968503937
0
LINE
8
BLACK
6
CONTINUOUS
10
0.6560502755905512
20
0.418526968503937
11
0.6571432283464567
21
0.4188912992125984
0
LINE
8
BLACK
6
CONTINUOUS
10
0.6571432283464567
20
0.4188912992125984
11
0.6582924409448819
21
0.4188096456692914
0
LINE
8
BLACK
6
CONTINUOUS
10
1.0188572440944881
20
0.4415912204724409
11
1.0189552362204723
21
0.4415506299212598
0
LINE
8
BLACK
6
CONTINUOUS
10
1.0189552362204723
20
0.4415506299212598
11
1.019061062992126
21
0.4415431102362204
0
LINE
8
BLACK
6
CONTINUOUS
10
1.019061062992126
20
0.4415431102362204
11
1.0196016929133858
21
0.4413362204724409
0
LINE
8
BLACK
6
CONTINUOUS
10
1.0196016929133858
20
0.4413362204724409
11
1.0233512204724409
21
0.4394614566929134
0
LINE
8
BLACK
6
CONTINUOUS
10
1.0233512204724409
20
0.4394614566929134
11
1.023599094488189
21
0.4393054330708661
0
LINE
8
BLACK
6
CONTINUOUS
10
1.023599094488189
20
0.4393054330708661
11
1.0236711417322835
21
0.4392755905511811
0
LINE
8
BLACK
6
CONTINUOUS
10
1.0236711417322835
20
0.4392755905511811
11
1.0237521653543307
21
0.439209094488189
0
LINE
8
BLACK
6
CONTINUOUS
10
1.0237521653543307
20
0.439209094488189
11
1.0238411023622047
21
0.4391531102362204
0
LINE
8
BLACK
6
CONTINUOUS
10
1.0238411023622047
20
0.4391531102362204
11
1.0238922440944882
21
0.4390941338582677
0
LINE
8
BLACK
6
CONTINUOUS
10
1.0238922440944882
20
0.4390941338582677
11
1.0241185826771653
21
0.4389083858267717
0
LINE
8
BLACK
6
CONTINUOUS
10
1.0241185826771653
20
0.4389083858267717
11
1.0259933858267716
21
0.4370336220472441
0
LINE
8
BLACK
6
CONTINUOUS
10
1.0259933858267716
20
0.4370336220472441
11
1.0261791338582678
21
0.4368072834645669
0
LINE
8
BLACK
6
CONTINUOUS
10
1.0261791338582678
20
0.4368072834645669
11
1.0262381889763779
21
0.436756062992126
0
LINE
8
BLACK
6
CONTINUOUS
10
1.0262381889763779
20
0.436756062992126
11
1.0262941732283464
21
0.4366671259842519
0
LINE
8
BLACK
6
CONTINUOUS
10
1.0262941732283464
20
0.4366671259842519
11
1.0263606299212598
21
0.4365861417322834
0
LINE
8
BLACK
6
CONTINUOUS
10
1.0263606299212598
20
0.4365861417322834
11
1.0263904330708662
21
0.4365142125984252
0
LINE
8
BLACK
6
CONTINUOUS
10
1.0263904330708662
20
0.4365142125984252
11
1.026546535433071
21
0.4362661811023622
0
LINE
8
BLACK
6
CONTINUOUS
10
1.026546535433071
20
0.4362661811023622
11
1.0284212992125985
21
0.4325166535433071
0
LINE
8
BLACK
6
CONTINUOUS
10
1.0284212992125985
20
0.4325166535433071
11
1.028628188976378
21
0.431976062992126
0
LINE
8
BLACK
6
CONTINUOUS
10
1.028628188976378
20
0.431976062992126
11
1.0286357086614173
21
0.4318701968503937
0
LINE
8
BLACK
6
CONTINUOUS
10
1.0286357086614173
20
0.4318701968503937
11
1.0286762992125984
21
0.4317722047244094
0
LINE
8
BLACK
6
CONTINUOUS
10
1.0286762992125984
20
0.4317722047244094
11
1.028733031496063
21
0.4311961417322834
0
LINE
8
BLACK
6
CONTINUOUS
10
1.028733031496063
20
0.4311961417322834
11
1.028733031496063
21
0.4218223228346457
0
LINE
8
BLACK
6
CONTINUOUS
10
1.028733031496063
20
0.4218223228346457
11
1.0287042913385827
21
0.421530748031496
0
LINE
8
BLACK
6
CONTINUOUS
10
1.0287042913385827
20
0.421530748031496
11
1.028709842519685
21
0.4214529921259842
0
LINE
8
BLACK
6
CONTINUOUS
10
1.028709842519685
20
0.4214529921259842
11
1.0286865748031495
21
0.4213507480314961
0
LINE
8
BLACK
6
CONTINUOUS
10
1.0286865748031495
20
0.4213507480314961
11
1.0286762992125984
21
0.4212462598425197
0
LINE
8
BLACK
6
CONTINUOUS
10
1.0286762992125984
20
0.4212462598425197
11
1.0286464173228347
21
0.4211742125984252
0
LINE
8
BLACK
6
CONTINUOUS
10
1.0286464173228347
20
0.4211742125984252
11
1.0285814960629922
21
0.4208885433070866
0
LINE
8
BLACK
6
CONTINUOUS
10
1.0285814960629922
20
0.4208885433070866
11
1.0267067322834647
21
0.4152642913385827
0
LINE
8
BLACK
6
CONTINUOUS
10
1.0267067322834647
20
0.4152642913385827
11
1.0264707480314961
21
0.4147357086614173
0
LINE
8
BLACK
6
CONTINUOUS
10
1.0264707480314961
20
0.4147357086614173
11
1.0257158661417323
21
0.4138653543307086
0
LINE
8
BLACK
6
CONTINUOUS
10
1.0257158661417323
20
0.4138653543307086
11
1.0246854330708661
21
0.413350157480315
0
LINE
8
BLACK
6
CONTINUOUS
10
1.0246854330708661
20
0.413350157480315
11
1.023536220472441
21
0.4132684645669291
0
LINE
8
BLACK
6
CONTINUOUS
10
1.023536220472441
20
0.4132684645669291
11
1.0224431889763779
21
0.4136327952755905
0
LINE
8
BLACK
6
CONTINUOUS
10
1.0224431889763779
20
0.4136327952755905
11
1.0215728346456692
21
0.4143876771653543
0
LINE
8
BLACK
6
CONTINUOUS
10
1.0215728346456692
20
0.4143876771653543
11
1.0210576377952756
21
0.4154181102362204
0
LINE
8
BLACK
6
CONTINUOUS
10
1.0210576377952756
20
0.4154181102362204
11
1.0209759448818898
21
0.4165673228346456
0
LINE
8
BLACK
6
CONTINUOUS
10
1.0209759448818898
20
0.4165673228346456
11
1.0211042913385826
21
0.4171317716535433
0
LINE
8
BLACK
6
CONTINUOUS
10
1.0211042913385826
20
0.4171317716535433
11
1.0228275196850394
21
0.4223014566929134
0
LINE
8
BLACK
6
CONTINUOUS
10
1.0228275196850394
20
0.4223014566929134
11
1.0228275196850394
21
0.430499094488189
0
LINE
8
BLACK
6
CONTINUOUS
10
1.0228275196850394
20
0.430499094488189
11
1.0214787795275591
21
0.4331965748031496
0
LINE
8
BLACK
6
CONTINUOUS
10
1.0214787795275591
20
0.4331965748031496
11
1.0202816141732283
21
0.4343937007874016
0
LINE
8
BLACK
6
CONTINUOUS
10
1.0202816141732283
20
0.4343937007874016
11
1.0175841338582676
21
0.4357424409448819
0
LINE
8
BLACK
6
CONTINUOUS
10
1.0175841338582676
20
0.4357424409448819
11
1.0152287007874015
21
0.4357424409448819
0
LINE
8
BLACK
6
CONTINUOUS
10
1.0152287007874015
20
0.4357424409448819
11
1.0125312204724408
21
0.4343937007874016
0
LINE
8
BLACK
6
CONTINUOUS
10
1.0125312204724408
20
0.4343937007874016
11
1.011334094488189
21
0.4331965748031496
0
LINE
8
BLACK
6
CONTINUOUS
10
1.011334094488189
20
0.4331965748031496
11
1.0098185826771653
21
0.4301655905511811
0
LINE
8
BLACK
6
CONTINUOUS
10
1.0098185826771653
20
0.4301655905511811
11
1.0080224409448819
21
0.4229809448818898
0
LINE
8
BLACK
6
CONTINUOUS
10
1.0080224409448819
20
0.4229809448818898
11
1.0080072440944883
21
0.4229384645669291
0
LINE
8
BLACK
6
CONTINUOUS
10
1.0080072440944883
20
0.4229384645669291
11
1.0080057480314961
21
0.4229171653543307
0
LINE
8
BLACK
6
CONTINUOUS
10
1.0080057480314961
20
0.4229171653543307
11
1.0079139763779528
21
0.4226774409448819
0
LINE
8
BLACK
6
CONTINUOUS
10
1.0079139763779528
20
0.4226774409448819
11
1.0078276771653543
21
0.4224358267716535
0
LINE
8
BLACK
6
CONTINUOUS
10
1.0078276771653543
20
0.4224358267716535
11
1.0078149606299212
21
0.4224187007874016
0
LINE
8
BLACK
6
CONTINUOUS
10
1.0078149606299212
20
0.4224187007874016
11
1.0077988582677164
21
0.4223765748031496
0
LINE
8
BLACK
6
CONTINUOUS
10
1.0077988582677164
20
0.4223765748031496
11
1.0059240944881889
21
0.4186270472440945
0
LINE
8
BLACK
6
CONTINUOUS
10
1.0059240944881889
20
0.4186270472440945
11
1.0057679921259843
21
0.4183790551181102
0
LINE
8
BLACK
6
CONTINUOUS
10
1.0057679921259843
20
0.4183790551181102
11
1.0057381889763779
21
0.4183070866141732
0
LINE
8
BLACK
6
CONTINUOUS
10
1.0057381889763779
20
0.4183070866141732
11
1.0056716929133858
21
0.4182261417322835
0
LINE
8
BLACK
6
CONTINUOUS
10
1.0056716929133858
20
0.4182261417322835
11
1.005615748031496
21
0.4181371653543307
0
LINE
8
BLACK
6
CONTINUOUS
10
1.005615748031496
20
0.4181371653543307
11
1.0055567322834646
21
0.4180860236220472
0
LINE
8
BLACK
6
CONTINUOUS
10
1.0055567322834646
20
0.4180860236220472
11
1.0053709842519685
21
0.4178596456692913
0
LINE
8
BLACK
6
CONTINUOUS
10
1.0053709842519685
20
0.4178596456692913
11
1.0034962204724409
21
0.4159848818897638
0
LINE
8
BLACK
6
CONTINUOUS
10
1.0034962204724409
20
0.4159848818897638
11
1.0032698425196851
21
0.4157991338582677
0
LINE
8
BLACK
6
CONTINUOUS
10
1.0032698425196851
20
0.4157991338582677
11
1.0032187007874016
21
0.4157401181102362
0
LINE
8
BLACK
6
CONTINUOUS
10
1.0032187007874016
20
0.4157401181102362
11
1.0031297244094488
21
0.4156841732283464
0
LINE
8
BLACK
6
CONTINUOUS
10
1.0031297244094488
20
0.4156841732283464
11
1.0030487795275591
21
0.4156176771653543
0
LINE
8
BLACK
6
CONTINUOUS
10
1.0030487795275591
20
0.4156176771653543
11
1.0029768110236221
21
0.415587874015748
0
LINE
8
BLACK
6
CONTINUOUS
10
1.0029768110236221
20
0.415587874015748
11
1.0027288188976378
21
0.4154317716535433
0
LINE
8
BLACK
6
CONTINUOUS
10
1.0027288188976378
20
0.4154317716535433
11
0.9989792913385827
21
0.4135570078740157
0
LINE
8
BLACK
6
CONTINUOUS
10
0.9989792913385827
20
0.4135570078740157
11
0.9984386614173228
21
0.4133501181102362
0
LINE
8
BLACK
6
CONTINUOUS
10
0.9984386614173228
20
0.4133501181102362
11
0.9983328346456692
21
0.4133426377952756
0
LINE
8
BLACK
6
CONTINUOUS
10
0.9983328346456692
20
0.4133426377952756
11
0.998234842519685
21
0.4133020078740157
0
LINE
8
BLACK
6
CONTINUOUS
10
0.998234842519685
20
0.4133020078740157
11
0.997658779527559
21
0.4132452755905512
0
LINE
8
BLACK
6
CONTINUOUS
10
0.997658779527559
20
0.4132452755905512
11
0.9939092519685039
21
0.4132452755905512
0
LINE
8
BLACK
6
CONTINUOUS
10
0.9939092519685039
20
0.4132452755905512
11
0.9933331889763779
21
0.4133020078740157
0
LINE
8
BLACK
6
CONTINUOUS
10
0.9933331889763779
20
0.4133020078740157
11
0.9932351968503936
21
0.4133425984251968
0
LINE
8
BLACK
6
CONTINUOUS
10
0.9932351968503936
20
0.4133425984251968
11
0.9931293307086614
21
0.4133501181102362
0
LINE
8
BLACK
6
CONTINUOUS
10
0.9931293307086614
20
0.4133501181102362
11
0.9925887401574803
21
0.4135570078740157
0
LINE
8
BLACK
6
CONTINUOUS
10
0.9925887401574803
20
0.4135570078740157
11
0.9888392125984252
21
0.4154317716535433
0
LINE
8
BLACK
6
CONTINUOUS
10
0.9888392125984252
20
0.4154317716535433
11
0.9885911811023622
21
0.415587874015748
0
LINE
8
BLACK
6
CONTINUOUS
10
0.9885911811023622
20
0.415587874015748
11
0.9885192519685039
21
0.4156176771653543
0
LINE
8
BLACK
6
CONTINUOUS
10
0.9885192519685039
20
0.4156176771653543
11
0.9884382677165354
21
0.4156841732283464
0
LINE
8
BLACK
6
CONTINUOUS
10
0.9884382677165354
20
0.4156841732283464
11
0.9883493307086614
21
0.4157401181102362
0
LINE
8
BLACK
6
CONTINUOUS
10
0.9883493307086614
20
0.4157401181102362
11
0.9882981496062991
21
0.4157991338582677
0
LINE
8
BLACK
6
CONTINUOUS
10
0.9882981496062991
20
0.4157991338582677
11
0.9880718110236221
21
0.4159848818897638
0
LINE
8
BLACK
6
CONTINUOUS
10
0.9880718110236221
20
0.4159848818897638
11
0.9861970472440945
21
0.4178596456692913
0
LINE
8
BLACK
6
CONTINUOUS
10
0.9861970472440945
20
0.4178596456692913
11
0.9860112598425197
21
0.4180860236220472
0
LINE
8
BLACK
6
CONTINUOUS
10
0.9860112598425197
20
0.4180860236220472
11
0.9859522834645669
21
0.4181371653543307
0
LINE
8
BLACK
6
CONTINUOUS
10
0.9859522834645669
20
0.4181371653543307
11
0.9858962992125984
21
0.4182261417322835
0
LINE
8
BLACK
6
CONTINUOUS
10
0.9858962992125984
20
0.4182261417322835
11
0.985829842519685
21
0.4183070866141732
0
LINE
8
BLACK
6
CONTINUOUS
10
0.985829842519685
20
0.4183070866141732
11
0.9858
21
0.4183790551181102
0
LINE
8
BLACK
6
CONTINUOUS
10
0.9858
20
0.4183790551181102
11
0.985643937007874
21
0.4186270472440945
0
LINE
8
BLACK
6
CONTINUOUS
10
0.985643937007874
20
0.4186270472440945
11
0.9837691732283464
21
0.4223765748031496
0
LINE
8
BLACK
6
CONTINUOUS
10
0.9837691732283464
20
0.4223765748031496
11
0.9835622834645669
21
0.4229172047244094
0
LINE
8
BLACK
6
CONTINUOUS
10
0.9835622834645669
20
0.4229172047244094
11
0.9835547637795276
21
0.423023031496063
0
LINE
8
BLACK
6
CONTINUOUS
10
0.9835547637795276
20
0.423023031496063
11
0.9835141732283464
21
0.4231210236220472
0
LINE
8
BLACK
6
CONTINUOUS
10
0.9835141732283464
20
0.4231210236220472
11
0.9834574409448819
21
0.4236970866141732
0
LINE
8
BLACK
6
CONTINUOUS
10
0.9834574409448819
20
0.4236970866141732
11
0.9834574409448819
21
0.433070905511811
0
LINE
8
BLACK
6
CONTINUOUS
10
0.9834574409448819
20
0.433070905511811
11
0.9834861417322834
21
0.4333624803149606
0
LINE
8
BLACK
6
CONTINUOUS
10
0.9834861417322834
20
0.4333624803149606
11
0.9834806299212598
21
0.4334401968503937
0
LINE
8
BLACK
6
CONTINUOUS
10
0.9834806299212598
20
0.4334401968503937
11
0.9835038582677165
21
0.4335424803149606
0
LINE
8
BLACK
6
CONTINUOUS
10
0.9835038582677165
20
0.4335424803149606
11
0.9835141732283464
21
0.433646968503937
0
LINE
8
BLACK
6
CONTINUOUS
10
0.9835141732283464
20
0.433646968503937
11
0.9835440157480315
21
0.433719094488189
0
LINE
8
BLACK
6
CONTINUOUS
10
0.9835440157480315
20
0.433719094488189
11
0.9836089763779527
21
0.4340046456692913
0
LINE
8
BLACK
6
CONTINUOUS
10
0.9836089763779527
20
0.4340046456692913
11
0.9854837401574803
21
0.439628937007874
0
LINE
8
BLACK
6
CONTINUOUS
10
0.9854837401574803
20
0.439628937007874
11
0.9857197244094488
21
0.4401574803149606
0
LINE
8
BLACK
6
CONTINUOUS
10
0.9857197244094488
20
0.4401574803149606
11
0.9864746062992126
21
0.4410278346456693
0
LINE
8
BLACK
6
CONTINUOUS
10
0.9864746062992126
20
0.4410278346456693
11
0.9875050393700787
21
0.4415430708661417
0
LINE
8
BLACK
6
CONTINUOUS
10
0.9875050393700787
20
0.4415430708661417
11
0.9886542519685039
21
0.4416247637795275
0
LINE
8
BLACK
6
CONTINUOUS
10
0.9886542519685039
20
0.4416247637795275
11
0.9897472440944882
21
0.4412604330708662
0
LINE
8
BLACK
6
CONTINUOUS
10
0.9897472440944882
20
0.4412604330708662
11
0.9906176377952756
21
0.4405055511811024
0
LINE
8
BLACK
6
CONTINUOUS
10
0.9906176377952756
20
0.4405055511811024
11
0.9911328346456693
21
0.4394750787401575
0
LINE
8
BLACK
6
CONTINUOUS
10
0.9911328346456693
20
0.4394750787401575
11
0.9912145275590551
21
0.4383258661417323
0
LINE
8
BLACK
6
CONTINUOUS
10
0.9912145275590551
20
0.4383258661417323
11
0.9910861811023621
21
0.4377614173228346
0
LINE
8
BLACK
6
CONTINUOUS
10
0.9910861811023621
20
0.4377614173228346
11
0.9893629527559055
21
0.4325917716535433
0
LINE
8
BLACK
6
CONTINUOUS
10
0.9893629527559055
20
0.4325917716535433
11
0.9893629527559055
21
0.4243941338582677
0
LINE
8
BLACK
6
CONTINUOUS
10
0.9893629527559055
20
0.4243941338582677
11
0.9907116929133858
21
0.4216966535433071
0
LINE
8
BLACK
6
CONTINUOUS
10
0.9907116929133858
20
0.4216966535433071
11
0.9919088188976378
21
0.4204995275590551
0
LINE
8
BLACK
6
CONTINUOUS
10
0.9919088188976378
20
0.4204995275590551
11
0.9946062992125984
21
0.4191507874015748
0
LINE
8
BLACK
6
CONTINUOUS
10
0.9946062992125984
20
0.4191507874015748
11
0.9969617322834645
21
0.4191507874015748
0
LINE
8
BLACK
6
CONTINUOUS
10
0.9969617322834645
20
0.4191507874015748
11
0.9996592125984252
21
0.4204995275590551
0
LINE
8
BLACK
6
CONTINUOUS
10
0.9996592125984252
20
0.4204995275590551
11
1.0008563385826772
21
0.4216966535433071
0
LINE
8
BLACK
6
CONTINUOUS
10
1.0008563385826772
20
0.4216966535433071
11
1.0023718110236219
21
0.4247276377952756
0
LINE
8
BLACK
6
CONTINUOUS
10
1.0023718110236219
20
0.4247276377952756
11
1.0041679921259843
21
0.4319122834645669
0
LINE
8
BLACK
6
CONTINUOUS
10
1.0041679921259843
20
0.4319122834645669
11
1.0041831496062992
21
0.4319548031496063
0
LINE
8
BLACK
6
CONTINUOUS
10
1.0041831496062992
20
0.4319548031496063
11
1.0041846850393701
21
0.4319760236220472
0
LINE
8
BLACK
6
CONTINUOUS
10
1.0041846850393701
20
0.4319760236220472
11
1.0042762992125984
21
0.4322154724409449
0
LINE
8
BLACK
6
CONTINUOUS
10
1.0042762992125984
20
0.4322154724409449
11
1.0043627559055117
21
0.4324574015748031
0
LINE
8
BLACK
6
CONTINUOUS
10
1.0043627559055117
20
0.4324574015748031
11
1.0043754330708661
21
0.4324745669291338
0
LINE
8
BLACK
6
CONTINUOUS
10
1.0043754330708661
20
0.4324745669291338
11
1.0043915748031496
21
0.4325166535433071
0
LINE
8
BLACK
6
CONTINUOUS
10
1.0043915748031496
20
0.4325166535433071
11
1.0062663385826771
21
0.4362661811023622
0
LINE
8
BLACK
6
CONTINUOUS
10
1.0062663385826771
20
0.4362661811023622
11
1.0064224015748031
21
0.4365142125984252
0
LINE
8
BLACK
6
CONTINUOUS
10
1.0064224015748031
20
0.4365142125984252
11
1.0064522440944881
21
0.4365861417322834
0
LINE
8
BLACK
6
CONTINUOUS
10
1.0064522440944881
20
0.4365861417322834
11
1.0065187007874015
21
0.4366671259842519
0
LINE
8
BLACK
6
CONTINUOUS
10
1.0065187007874015
20
0.4366671259842519
11
1.00657468503937
21
0.436756062992126
0
LINE
8
BLACK
6
CONTINUOUS
10
1.00657468503937
20
0.436756062992126
11
1.0066336614173228
21
0.4368072440944882
0
LINE
8
BLACK
6
CONTINUOUS
10
1.0066336614173228
20
0.4368072440944882
11
1.0068194488188975
21
0.4370335826771654
0
LINE
8
BLACK
6
CONTINUOUS
10
1.0068194488188975
20
0.4370335826771654
11
1.0086942125984251
21
0.4389083464566929
0
LINE
8
BLACK
6
CONTINUOUS
10
1.0086942125984251
20
0.4389083464566929
11
1.0089205511811024
21
0.4390941338582677
0
LINE
8
BLACK
6
CONTINUOUS
10
1.0089205511811024
20
0.4390941338582677
11
1.0089717322834646
21
0.4391531102362204
0
LINE
8
BLACK
6
CONTINUOUS
10
1.0089717322834646
20
0.4391531102362204
11
1.0090606692913386
21
0.439209094488189
0
LINE
8
BLACK
6
CONTINUOUS
10
1.0090606692913386
20
0.439209094488189
11
1.0091416535433071
21
0.4392755511811023
0
LINE
8
BLACK
6
CONTINUOUS
10
1.0091416535433071
20
0.4392755511811023
11
1.0092135826771653
21
0.4393053937007874
0
LINE
8
BLACK
6
CONTINUOUS
10
1.0092135826771653
20
0.4393053937007874
11
1.0094616141732282
21
0.4394614566929134
0
LINE
8
BLACK
6
CONTINUOUS
10
1.0094616141732282
20
0.4394614566929134
11
1.0132111417322835
21
0.4413362204724409
0
LINE
8
BLACK
6
CONTINUOUS
10
1.0132111417322835
20
0.4413362204724409
11
1.0137517322834646
21
0.4415431102362204
0
LINE
8
BLACK
6
CONTINUOUS
10
1.0137517322834646
20
0.4415431102362204
11
1.0138575984251967
21
0.4415506692913386
0
LINE
8
BLACK
6
CONTINUOUS
10
1.0138575984251967
20
0.4415506692913386
11
1.013955590551181
21
0.4415912204724409
0
LINE
8
BLACK
6
CONTINUOUS
10
1.013955590551181
20
0.4415912204724409
11
1.0145316535433071
21
0.4416479527559055
0
LINE
8
BLACK
6
CONTINUOUS
10
1.0145316535433071
20
0.4416479527559055
11
1.0182811811023622
21
0.4416479527559055
0
LINE
8
BLACK
6
CONTINUOUS
10
1.0182811811023622
20
0.4416479527559055
11
1.0188572440944881
21
0.4415912204724409
0
LINE
8
BLACK
6
CONTINUOUS
10
0.6580886220472441
20
0.450728779527559
11
0.659153031496063
21
0.450287874015748
0
LINE
8
BLACK
6
CONTINUOUS
10
0.659153031496063
20
0.450287874015748
11
0.6599676771653543
21
0.4494732283464567
0
LINE
8
BLACK
6
CONTINUOUS
10
0.6599676771653543
20
0.4494732283464567
11
0.6604085826771653
21
0.4484088188976378
0
LINE
8
BLACK
6
CONTINUOUS
10
0.6604085826771653
20
0.4484088188976378
11
0.6604085826771653
21
0.4472566929133858
0
LINE
8
BLACK
6
CONTINUOUS
10
0.6604085826771653
20
0.4472566929133858
11
0.6599676771653543
21
0.4461922834645669
0
LINE
8
BLACK
6
CONTINUOUS
10
0.6599676771653543
20
0.4461922834645669
11
0.6598287401574803
21
0.4460533858267716
0
LINE
8
BLACK
6
CONTINUOUS
10
0.6598287401574803
20
0.4460533858267716
11
0.6601535826771653
21
0.4454037401574803
0
LINE
8
BLACK
6
CONTINUOUS
10
0.6601535826771653
20
0.4454037401574803
11
0.6603604724409449
21
0.4448631496062992
0
LINE
8
BLACK
6
CONTINUOUS
10
0.6603604724409449
20
0.4448631496062992
11
0.6603679921259842
21
0.4447572834645669
0
LINE
8
BLACK
6
CONTINUOUS
10
0.6603679921259842
20
0.4447572834645669
11
0.6604085826771653
21
0.4446592913385827
0
LINE
8
BLACK
6
CONTINUOUS
10
0.6604085826771653
20
0.4446592913385827
11
0.6604653149606299
21
0.4440832283464567
0
LINE
8
BLACK
6
CONTINUOUS
10
0.6604653149606299
20
0.4440832283464567
11
0.6604653149606299
21
0.4365841732283465
0
LINE
8
BLACK
6
CONTINUOUS
10
0.6604653149606299
20
0.4365841732283465
11
0.6604085826771653
21
0.4360081102362204
0
LINE
8
BLACK
6
CONTINUOUS
10
0.6604085826771653
20
0.4360081102362204
11
0.6603679921259842
21
0.435910157480315
0
LINE
8
BLACK
6
CONTINUOUS
10
0.6603679921259842
20
0.435910157480315
11
0.6603604724409449
21
0.4358042519685039
0
LINE
8
BLACK
6
CONTINUOUS
10
0.6603604724409449
20
0.4358042519685039
11
0.6601535826771653
21
0.4352636614173228
0
LINE
8
BLACK
6
CONTINUOUS
10
0.6601535826771653
20
0.4352636614173228
11
0.6582788188976377
21
0.4315141338582677
0
LINE
8
BLACK
6
CONTINUOUS
10
0.6582788188976377
20
0.4315141338582677
11
0.6581227165354331
21
0.4312661417322834
0
LINE
8
BLACK
6
CONTINUOUS
10
0.6581227165354331
20
0.4312661417322834
11
0.6580929133858268
21
0.4311941732283465
0
LINE
8
BLACK
6
CONTINUOUS
10
0.6580929133858268
20
0.4311941732283465
11
0.6580264566929134
21
0.4311132283464567
0
LINE
8
BLACK
6
CONTINUOUS
10
0.6580264566929134
20
0.4311132283464567
11
0.6579704724409449
21
0.4310242519685039
0
LINE
8
BLACK
6
CONTINUOUS
10
0.6579704724409449
20
0.4310242519685039
11
0.6579114173228346
21
0.4309730708661417
0
LINE
8
BLACK
6
CONTINUOUS
10
0.6579114173228346
20
0.4309730708661417
11
0.6577256692913386
21
0.4307466929133858
0
LINE
8
BLACK
6
CONTINUOUS
10
0.6577256692913386
20
0.4307466929133858
11
0.6558508661417323
21
0.4288719291338582
0
LINE
8
BLACK
6
CONTINUOUS
10
0.6558508661417323
20
0.4288719291338582
11
0.6556245275590551
21
0.4286862204724409
0
LINE
8
BLACK
6
CONTINUOUS
10
0.6556245275590551
20
0.4286862204724409
11
0.6555733858267716
21
0.4286272047244095
0
LINE
8
BLACK
6
CONTINUOUS
10
0.6555733858267716
20
0.4286272047244095
11
0.6554844488188977
21
0.4285712598425197
0
LINE
8
BLACK
6
CONTINUOUS
10
0.6554844488188977
20
0.4285712598425197
11
0.6554034251968504
21
0.4285047244094488
0
LINE
8
BLACK
6
CONTINUOUS
10
0.6554034251968504
20
0.4285047244094488
11
0.6553313779527559
21
0.4284749212598425
0
LINE
8
BLACK
6
CONTINUOUS
10
0.6553313779527559
20
0.4284749212598425
11
0.6550835039370079
21
0.4283188582677165
0
LINE
8
BLACK
6
CONTINUOUS
10
0.6550835039370079
20
0.4283188582677165
11
0.6513339763779528
21
0.426444094488189
0
LINE
8
BLACK
6
CONTINUOUS
10
0.6513339763779528
20
0.426444094488189
11
0.6507933464566928
21
0.4262372047244095
0
LINE
8
BLACK
6
CONTINUOUS
10
0.6507933464566928
20
0.4262372047244095
11
0.6506875196850394
21
0.4262297244094488
0
LINE
8
BLACK
6
CONTINUOUS
10
0.6506875196850394
20
0.4262297244094488
11
0.6505895275590551
21
0.426189094488189
0
LINE
8
BLACK
6
CONTINUOUS
10
0.6505895275590551
20
0.426189094488189
11
0.6500134645669291
21
0.4261323622047244
0
LINE
8
BLACK
6
CONTINUOUS
10
0.6500134645669291
20
0.4261323622047244
11
0.6387648818897638
21
0.4261323622047244
0
LINE
8
BLACK
6
CONTINUOUS
10
0.6387648818897638
20
0.4261323622047244
11
0.6381888188976378
21
0.426189094488189
0
LINE
8
BLACK
6
CONTINUOUS
10
0.6381888188976378
20
0.426189094488189
11
0.6380908267716535
21
0.4262296850393701
0
LINE
8
BLACK
6
CONTINUOUS
10
0.6380908267716535
20
0.4262296850393701
11
0.6379849606299213
21
0.4262372047244095
0
LINE
8
BLACK
6
CONTINUOUS
10
0.6379849606299213
20
0.4262372047244095
11
0.6374443700787401
21
0.426444094488189
0
LINE
8
BLACK
6
CONTINUOUS
10
0.6374443700787401
20
0.426444094488189
11
0.633694842519685
21
0.4283188582677165
0
LINE
8
BLACK
6
CONTINUOUS
10
0.633694842519685
20
0.4283188582677165
11
0.633446811023622
21
0.4284749606299212
0
LINE
8
BLACK
6
CONTINUOUS
10
0.633446811023622
20
0.4284749606299212
11
0.6333748818897638
21
0.4285047637795276
0
LINE
8
BLACK
6
CONTINUOUS
10
0.6333748818897638
20
0.4285047637795276
11
0.6332938976377953
21
0.4285712598425197
0
LINE
8
BLACK
6
CONTINUOUS
10
0.6332938976377953
20
0.4285712598425197
11
0.6332049606299213
21
0.4286272047244095
0
LINE
8
BLACK
6
CONTINUOUS
10
0.6332049606299213
20
0.4286272047244095
11
0.633153779527559
21
0.4286862204724409
0
LINE
8
BLACK
6
CONTINUOUS
10
0.633153779527559
20
0.4286862204724409
11
0.6329274409448818
21
0.428871968503937
0
LINE
8
BLACK
6
CONTINUOUS
10
0.6329274409448818
20
0.428871968503937
11
0.6310526771653543
21
0.4307467322834646
0
LINE
8
BLACK
6
CONTINUOUS
10
0.6310526771653543
20
0.4307467322834646
11
0.6308668897637795
21
0.4309731102362205
0
LINE
8
BLACK
6
CONTINUOUS
10
0.6308668897637795
20
0.4309731102362205
11
0.6308079133858268
21
0.4310242519685039
0
LINE
8
BLACK
6
CONTINUOUS
10
0.6308079133858268
20
0.4310242519685039
11
0.6307519291338582
21
0.4311132283464567
0
LINE
8
BLACK
6
CONTINUOUS
10
0.6307519291338582
20
0.4311132283464567
11
0.6306854724409449
21
0.4311941732283465
0
LINE
8
BLACK
6
CONTINUOUS
10
0.6306854724409449
20
0.4311941732283465
11
0.6306556299212598
21
0.4312661417322834
0
LINE
8
BLACK
6
CONTINUOUS
10
0.6306556299212598
20
0.4312661417322834
11
0.6304995669291339
21
0.4315141338582677
0
LINE
8
BLACK
6
CONTINUOUS
10
0.6304995669291339
20
0.4315141338582677
11
0.6286248031496063
21
0.4352636614173228
0
LINE
8
BLACK
6
CONTINUOUS
10
0.6286248031496063
20
0.4352636614173228
11
0.6284179133858268
21
0.4358042913385827
0
LINE
8
BLACK
6
CONTINUOUS
10
0.6284179133858268
20
0.4358042913385827
11
0.6284103937007874
21
0.4359101181102362
0
LINE
8
BLACK
6
CONTINUOUS
10
0.6284103937007874
20
0.4359101181102362
11
0.6283698031496063
21
0.4360081102362204
0
LINE
8
BLACK
6
CONTINUOUS
10
0.6283698031496063
20
0.4360081102362204
11
0.6283130708661417
21
0.4365841732283465
0
LINE
8
BLACK
6
CONTINUOUS
10
0.6283130708661417
20
0.4365841732283465
11
0.6283130708661417
21
0.4440832283464567
0
LINE
8
BLACK
6
CONTINUOUS
10
0.6283130708661417
20
0.4440832283464567
11
0.6283698031496063
21
0.4446592913385827
0
LINE
8
BLACK
6
CONTINUOUS
10
0.6283698031496063
20
0.4446592913385827
11
0.6284103937007874
21
0.4447573228346456
0
LINE
8
BLACK
6
CONTINUOUS
10
0.6284103937007874
20
0.4447573228346456
11
0.6284179133858268
21
0.4448631102362204
0
LINE
8
BLACK
6
CONTINUOUS
10
0.6284179133858268
20
0.4448631102362204
11
0.6284243700787402
21
0.44488
0
LINE
8
BLACK
6
CONTINUOUS
10
0.6284243700787402
20
0.44488
11
0.6181424803149607
21
0.44488
0
LINE
8
BLACK
6
CONTINUOUS
10
0.6181424803149607
20
0.44488
11
0.6175664173228347
21
0.4449367322834645
0
LINE
8
BLACK
6
CONTINUOUS
10
0.6175664173228347
20
0.4449367322834645
11
0.6165020078740158
21
0.4453776377952756
0
LINE
8
BLACK
6
CONTINUOUS
10
0.6165020078740158
20
0.4453776377952756
11
0.6156873622047244
21
0.4461922834645669
0
LINE
8
BLACK
6
CONTINUOUS
10
0.6156873622047244
20
0.4461922834645669
11
0.6152464566929133
21
0.4472566929133858
0
LINE
8
BLACK
6
CONTINUOUS
10
0.6152464566929133
20
0.4472566929133858
11
0.6152464566929133
21
0.4484088188976378
0
LINE
8
BLACK
6
CONTINUOUS
10
0.6152464566929133
20
0.4484088188976378
11
0.6156873622047244
21
0.4494732283464567
0
LINE
8
BLACK
6
CONTINUOUS
10
0.6156873622047244
20
0.4494732283464567
11
0.6165020078740158
21
0.450287874015748
0
LINE
8
BLACK
6
CONTINUOUS
10
0.6165020078740158
20
0.450287874015748
11
0.6175664173228347
21
0.450728779527559
0
LINE
8
BLACK
6
CONTINUOUS
10
0.6175664173228347
20
0.450728779527559
11
0.6181424803149607
21
0.4507855118110236
0
LINE
8
BLACK
6
CONTINUOUS
10
0.6181424803149607
20
0.4507855118110236
11
0.6575125590551181
21
0.4507855118110236
0
LINE
8
BLACK
6
CONTINUOUS
10
0.6575125590551181
20
0.4507855118110236
11
0.6580886220472441
21
0.450728779527559
0
LINE
8
BLACK
6
CONTINUOUS
10
0.6342185826771654
20
0.4433861811023622
11
0.6342185826771654
21
0.4372812204724409
0
LINE
8
BLACK
6
CONTINUOUS
10
0.6342185826771654
20
0.4372812204724409
11
0.6355673228346457
21
0.4345837401574803
0
LINE
8
BLACK
6
CONTINUOUS
10
0.6355673228346457
20
0.4345837401574803
11
0.6367644488188976
21
0.4333866141732283
0
LINE
8
BLACK
6
CONTINUOUS
10
0.6367644488188976
20
0.4333866141732283
11
0.6394619291338582
21
0.432037874015748
0
LINE
8
BLACK
6
CONTINUOUS
10
0.6394619291338582
20
0.432037874015748
11
0.6493164173228346
21
0.432037874015748
0
LINE
8
BLACK
6
CONTINUOUS
10
0.6493164173228346
20
0.432037874015748
11
0.6520138976377953
21
0.4333866535433071
0
LINE
8
BLACK
6
CONTINUOUS
10
0.6520138976377953
20
0.4333866535433071
11
0.6532110629921259
21
0.4345837795275591
0
LINE
8
BLACK
6
CONTINUOUS
10
0.6532110629921259
20
0.4345837795275591
11
0.6545598031496063
21
0.4372812204724409
0
LINE
8
BLACK
6
CONTINUOUS
10
0.6545598031496063
20
0.4372812204724409
11
0.6545598031496063
21
0.4433861811023622
0
LINE
8
BLACK
6
CONTINUOUS
10
0.6545598031496063
20
0.4433861811023622
11
0.6538128740157481
21
0.44488
0
LINE
8
BLACK
6
CONTINUOUS
10
0.6538128740157481
20
0.44488
11
0.6349655118110236
21
0.44488
0
LINE
8
BLACK
6
CONTINUOUS
10
0.6349655118110236
20
0.44488
11
0.6342185826771654
21
0.4433861811023622
0
LINE
8
BLACK
6
CONTINUOUS
10
0.4948833858267717
20
0.4676485826771654
11
0.4949264173228347
21
0.4676549606299212
0
LINE
8
BLACK
6
CONTINUOUS
10
0.4949264173228347
20
0.4676549606299212
11
0.4951418897637795
21
0.4676231102362204
0
LINE
8
BLACK
6
CONTINUOUS
10
0.4951418897637795
20
0.4676231102362204
11
0.495358937007874
21
0.4676017322834646
0
LINE
8
BLACK
6
CONTINUOUS
10
0.495358937007874
20
0.4676017322834646
11
0.4953991338582677
21
0.4675851181102362
0
LINE
8
BLACK
6
CONTINUOUS
10
0.4953991338582677
20
0.4675851181102362
11
0.4954990157480315
21
0.4675703149606299
0
LINE
8
BLACK
6
CONTINUOUS
10
0.4954990157480315
20
0.4675703149606299
11
0.5029980708661417
21
0.4656955511811023
0
LINE
8
BLACK
6
CONTINUOUS
10
0.5029980708661417
20
0.4656955511811023
11
0.503543188976378
21
0.4655007874015748
0
LINE
8
BLACK
6
CONTINUOUS
10
0.503543188976378
20
0.4655007874015748
11
0.5037195275590551
21
0.4653701181102362
0
LINE
8
BLACK
6
CONTINUOUS
10
0.5037195275590551
20
0.4653701181102362
11
0.5039223622047244
21
0.4652861023622047
0
LINE
8
BLACK
6
CONTINUOUS
10
0.5039223622047244
20
0.4652861023622047
11
0.504369842519685
21
0.4649188582677165
0
LINE
8
BLACK
6
CONTINUOUS
10
0.504369842519685
20
0.4649188582677165
11
0.5081194094488188
21
0.4611693307086614
0
LINE
8
BLACK
6
CONTINUOUS
10
0.5081194094488188
20
0.4611693307086614
11
0.5083052362204724
21
0.4609429527559055
0
LINE
8
BLACK
6
CONTINUOUS
10
0.5083052362204724
20
0.4609429527559055
11
0.5083641732283465
21
0.460891811023622
0
LINE
8
BLACK
6
CONTINUOUS
10
0.5083641732283465
20
0.460891811023622
11
0.5084200393700787
21
0.4608030708661417
0
LINE
8
BLACK
6
CONTINUOUS
10
0.5084200393700787
20
0.4608030708661417
11
0.508486653543307
21
0.4607218897637795
0
LINE
8
BLACK
6
CONTINUOUS
10
0.508486653543307
20
0.4607218897637795
11
0.5085164960629921
21
0.4606497637795275
0
LINE
8
BLACK
6
CONTINUOUS
10
0.5085164960629921
20
0.4606497637795275
11
0.5086725196850393
21
0.4604019291338582
0
LINE
8
BLACK
6
CONTINUOUS
10
0.5086725196850393
20
0.4604019291338582
11
0.5105472834645669
21
0.4566524015748031
0
LINE
8
BLACK
6
CONTINUOUS
10
0.5105472834645669
20
0.4566524015748031
11
0.5107541732283465
21
0.456111811023622
0
LINE
8
BLACK
6
CONTINUOUS
10
0.5107541732283465
20
0.456111811023622
11
0.5107616929133858
21
0.4560059448818898
0
LINE
8
BLACK
6
CONTINUOUS
10
0.5107616929133858
20
0.4560059448818898
11
0.5108022834645669
21
0.4559079527559055
0
LINE
8
BLACK
6
CONTINUOUS
10
0.5108022834645669
20
0.4559079527559055
11
0.5108590157480315
21
0.4553318897637795
0
LINE
8
BLACK
6
CONTINUOUS
10
0.5108590157480315
20
0.4553318897637795
11
0.5108590157480315
21
0.4478328346456693
0
LINE
8
BLACK
6
CONTINUOUS
10
0.5108590157480315
20
0.4478328346456693
11
0.5108022834645669
21
0.4472567716535433
0
LINE
8
BLACK
6
CONTINUOUS
10
0.5108022834645669
20
0.4472567716535433
11
0.5107616929133858
21
0.4471588188976378
0
LINE
8
BLACK
6
CONTINUOUS
10
0.5107616929133858
20
0.4471588188976378
11
0.5107541732283465
21
0.4470529133858268
0
LINE
8
BLACK
6
CONTINUOUS
10
0.5107541732283465
20
0.4470529133858268
11
0.5105472834645669
21
0.4465123228346456
0
LINE
8
BLACK
6
CONTINUOUS
10
0.5105472834645669
20
0.4465123228346456
11
0.5086725196850393
21
0.4427627952755905
0
LINE
8
BLACK
6
CONTINUOUS
10
0.5086725196850393
20
0.4427627952755905
11
0.5085164960629921
21
0.442515
0
LINE
8
BLACK
6
CONTINUOUS
10
0.5085164960629921
20
0.442515
11
0.508486653543307
21
0.4424428346456693
0
LINE
8
BLACK
6
CONTINUOUS
10
0.508486653543307
20
0.4424428346456693
11
0.5084200393700787
21
0.4423616929133858
0
LINE
8
BLACK
6
CONTINUOUS
10
0.5084200393700787
20
0.4423616929133858
11
0.5083641732283465
21
0.4422729133858267
0
LINE
8
BLACK
6
CONTINUOUS
10
0.5083641732283465
20
0.4422729133858267
11
0.5083052362204724
21
0.442221811023622
0
LINE
8
BLACK
6
CONTINUOUS
10
0.5083052362204724
20
0.442221811023622
11
0.5081194094488188
21
0.4419953937007874
0
LINE
8
BLACK
6
CONTINUOUS
10
0.5081194094488188
20
0.4419953937007874
11
0.504369842519685
21
0.4382458661417323
0
LINE
8
BLACK
6
CONTINUOUS
10
0.504369842519685
20
0.4382458661417323
11
0.5039223622047244
21
0.4378786220472441
0
LINE
8
BLACK
6
CONTINUOUS
10
0.5039223622047244
20
0.4378786220472441
11
0.5037195275590551
21
0.4377946456692913
0
LINE
8
BLACK
6
CONTINUOUS
10
0.5037195275590551
20
0.4377946456692913
11
0.503543188976378
21
0.437663937007874
0
LINE
8
BLACK
6
CONTINUOUS
10
0.503543188976378
20
0.437663937007874
11
0.5029980708661417
21
0.4374691732283464
0
LINE
8
BLACK
6
CONTINUOUS
10
0.5029980708661417
20
0.4374691732283464
11
0.4954990157480315
21
0.4355944094488189
0
LINE
8
BLACK
6
CONTINUOUS
10
0.4954990157480315
20
0.4355944094488189
11
0.4953991338582677
21
0.4355796456692913
0
LINE
8
BLACK
6
CONTINUOUS
10
0.4953991338582677
20
0.4355796456692913
11
0.495358937007874
21
0.4355629921259843
0
LINE
8
BLACK
6
CONTINUOUS
10
0.495358937007874
20
0.4355629921259843
11
0.4951418897637795
21
0.4355416535433071
0
LINE
8
BLACK
6
CONTINUOUS
10
0.4951418897637795
20
0.4355416535433071
11
0.4949264173228347
21
0.4355097637795275
0
LINE
8
BLACK
6
CONTINUOUS
10
0.4949264173228347
20
0.4355097637795275
11
0.4948833858267717
21
0.4355161811023622
0
LINE
8
BLACK
6
CONTINUOUS
10
0.4948833858267717
20
0.4355161811023622
11
0.494782874015748
21
0.4355062598425197
0
LINE
8
BLACK
6
CONTINUOUS
10
0.494782874015748
20
0.4355062598425197
11
0.4816595275590551
21
0.4355062598425197
0
LINE
8
BLACK
6
CONTINUOUS
10
0.4816595275590551
20
0.4355062598425197
11
0.4815589763779528
21
0.4355161811023622
0
LINE
8
BLACK
6
CONTINUOUS
10
0.4815589763779528
20
0.4355161811023622
11
0.4815159842519685
21
0.4355097637795275
0
LINE
8
BLACK
6
CONTINUOUS
10
0.4815159842519685
20
0.4355097637795275
11
0.4813004724409449
21
0.4355416535433071
0
LINE
8
BLACK
6
CONTINUOUS
10
0.4813004724409449
20
0.4355416535433071
11
0.4810834645669291
21
0.4355629921259843
0
LINE
8
BLACK
6
CONTINUOUS
10
0.4810834645669291
20
0.4355629921259843
11
0.4810432283464567
21
0.4355796456692913
0
LINE
8
BLACK
6
CONTINUOUS
10
0.4810432283464567
20
0.4355796456692913
11
0.4809433858267717
21
0.4355944094488189
0
LINE
8
BLACK
6
CONTINUOUS
10
0.4809433858267717
20
0.4355944094488189
11
0.4734443307086614
21
0.4374691732283464
0
LINE
8
BLACK
6
CONTINUOUS
10
0.4734443307086614
20
0.4374691732283464
11
0.4728992125984252
21
0.437663937007874
0
LINE
8
BLACK
6
CONTINUOUS
10
0.4728992125984252
20
0.437663937007874
11
0.472722874015748
21
0.4377946062992126
0
LINE
8
BLACK
6
CONTINUOUS
10
0.472722874015748
20
0.4377946062992126
11
0.47252
21
0.4378786220472441
0
LINE
8
BLACK
6
CONTINUOUS
10
0.47252
20
0.4378786220472441
11
0.4720725590551181
21
0.4382458661417323
0
LINE
8
BLACK
6
CONTINUOUS
10
0.4720725590551181
20
0.4382458661417323
11
0.468323031496063
21
0.4419953937007874
0
LINE
8
BLACK
6
CONTINUOUS
10
0.468323031496063
20
0.4419953937007874
11
0.4681372440944882
21
0.4422217716535433
0
LINE
8
BLACK
6
CONTINUOUS
10
0.4681372440944882
20
0.4422217716535433
11
0.4680782677165354
21
0.4422729133858267
0
LINE
8
BLACK
6
CONTINUOUS
10
0.4680782677165354
20
0.4422729133858267
11
0.4680222834645669
21
0.4423618897637795
0
LINE
8
BLACK
6
CONTINUOUS
10
0.4680222834645669
20
0.4423618897637795
11
0.4679558267716535
21
0.4424428346456693
0
LINE
8
BLACK
6
CONTINUOUS
10
0.4679558267716535
20
0.4424428346456693
11
0.4679259842519685
21
0.4425148031496063
0
LINE
8
BLACK
6
CONTINUOUS
10
0.4679259842519685
20
0.4425148031496063
11
0.4677699212598425
21
0.4427627952755905
0
LINE
8
BLACK
6
CONTINUOUS
10
0.4677699212598425
20
0.4427627952755905
11
0.465895157480315
21
0.4465123228346456
0
LINE
8
BLACK
6
CONTINUOUS
10
0.465895157480315
20
0.4465123228346456
11
0.4656882677165354
21
0.4470529527559055
0
LINE
8
BLACK
6
CONTINUOUS
10
0.4656882677165354
20
0.4470529527559055
11
0.4656807480314961
21
0.4471587795275591
0
LINE
8
BLACK
6
CONTINUOUS
10
0.4656807480314961
20
0.4471587795275591
11
0.465640157480315
21
0.4472567716535433
0
LINE
8
BLACK
6
CONTINUOUS
10
0.465640157480315
20
0.4472567716535433
11
0.4655834251968504
21
0.4478328346456693
0
LINE
8
BLACK
6
CONTINUOUS
10
0.4655834251968504
20
0.4478328346456693
11
0.4655834251968504
21
0.4553318897637795
0
LINE
8
BLACK
6
CONTINUOUS
10
0.4655834251968504
20
0.4553318897637795
11
0.465640157480315
21
0.4559079527559055
0
LINE
8
BLACK
6
CONTINUOUS
10
0.465640157480315
20
0.4559079527559055
11
0.4656807480314961
21
0.4560059842519685
0
LINE
8
BLACK
6
CONTINUOUS
10
0.4656807480314961
20
0.4560059842519685
11
0.4656882677165354
21
0.4561117716535433
0
LINE
8
BLACK
6
CONTINUOUS
10
0.4656882677165354
20
0.4561117716535433
11
0.465895157480315
21
0.4566524015748031
0
LINE
8
BLACK
6
CONTINUOUS
10
0.465895157480315
20
0.4566524015748031
11
0.4677699212598425
21
0.4604019291338582
0
LINE
8
BLACK
6
CONTINUOUS
10
0.4677699212598425
20
0.4604019291338582
11
0.4679259842519685
21
0.4606499606299213
0
LINE
8
BLACK
6
CONTINUOUS
10
0.4679259842519685
20
0.4606499606299213
11
0.4679558267716535
21
0.4607218897637795
0
LINE
8
BLACK
6
CONTINUOUS
10
0.4679558267716535
20
0.4607218897637795
11
0.4680222834645669
21
0.460802874015748
0
LINE
8
BLACK
6
CONTINUOUS
10
0.4680222834645669
20
0.460802874015748
11
0.4680782677165354
21
0.460891811023622
0
LINE
8
BLACK
6
CONTINUOUS
10
0.4680782677165354
20
0.460891811023622
11
0.4681372440944882
21
0.4609429921259842
0
LINE
8
BLACK
6
CONTINUOUS
10
0.4681372440944882
20
0.4609429921259842
11
0.468323031496063
21
0.4611693307086614
0
LINE
8
BLACK
6
CONTINUOUS
10
0.468323031496063
20
0.4611693307086614
11
0.4720725590551181
21
0.4649188582677165
0
LINE
8
BLACK
6
CONTINUOUS
10
0.4720725590551181
20
0.4649188582677165
11
0.47252
21
0.4652861023622047
0
LINE
8
BLACK
6
CONTINUOUS
10
0.47252
20
0.4652861023622047
11
0.472722874015748
21
0.465370157480315
0
LINE
8
BLACK
6
CONTINUOUS
10
0.472722874015748
20
0.465370157480315
11
0.4728992125984252
21
0.4655007874015748
0
LINE
8
BLACK
6
CONTINUOUS
10
0.4728992125984252
20
0.4655007874015748
11
0.4734443307086614
21
0.4656955511811023
0
LINE
8
BLACK
6
CONTINUOUS
10
0.4734443307086614
20
0.4656955511811023
11
0.4809433858267717
21
0.4675703149606299
0
LINE
8
BLACK
6
CONTINUOUS
10
0.4809433858267717
20
0.4675703149606299
11
0.4810432283464567
21
0.4675851181102362
0
LINE
8
BLACK
6
CONTINUOUS
10
0.4810432283464567
20
0.4675851181102362
11
0.4810834645669291
21
0.4676017322834646
0
LINE
8
BLACK
6
CONTINUOUS
10
0.4810834645669291
20
0.4676017322834646
11
0.4813004724409449
21
0.4676231102362204
0
LINE
8
BLACK
6
CONTINUOUS
10
0.4813004724409449
20
0.4676231102362204
11
0.4815159842519685
21
0.4676549606299212
0
LINE
8
BLACK
6
CONTINUOUS
10
0.4815159842519685
20
0.4676549606299212
11
0.4815589763779528
21
0.4676485826771654
0
LINE
8
BLACK
6
CONTINUOUS
10
0.4815589763779528
20
0.4676485826771654
11
0.4816595275590551
21
0.4676584645669291
0
LINE
8
BLACK
6
CONTINUOUS
10
0.4816595275590551
20
0.4676584645669291
11
0.494782874015748
21
0.4676584645669291
0
LINE
8
BLACK
6
CONTINUOUS
10
0.494782874015748
20
0.4676584645669291
11
0.4948833858267717
21
0.4676485826771654
0
LINE
8
BLACK
6
CONTINUOUS
10
0.4756700393700787
20
0.4601647244094488
11
0.4728376771653543
21
0.4573323228346456
0
LINE
8
BLACK
6
CONTINUOUS
10
0.4728376771653543
20
0.4573323228346456
11
0.471488937007874
21
0.4546348425196851
0
LINE
8
BLACK
6
CONTINUOUS
10
0.471488937007874
20
0.4546348425196851
11
0.471488937007874
21
0.4485298818897638
0
LINE
8
BLACK
6
CONTINUOUS
10
0.471488937007874
20
0.4485298818897638
11
0.4728376771653543
21
0.4458324015748031
0
LINE
8
BLACK
6
CONTINUOUS
10
0.4728376771653543
20
0.4458324015748031
11
0.4756700393700787
21
0.4430000393700788
0
LINE
8
BLACK
6
CONTINUOUS
10
0.4756700393700787
20
0.4430000393700788
11
0.4820230708661417
21
0.4414117716535433
0
LINE
8
BLACK
6
CONTINUOUS
10
0.4820230708661417
20
0.4414117716535433
11
0.4944193307086614
21
0.4414117716535433
0
LINE
8
BLACK
6
CONTINUOUS
10
0.4944193307086614
20
0.4414117716535433
11
0.5007723228346457
21
0.4430000393700788
0
LINE
8
BLACK
6
CONTINUOUS
10
0.5007723228346457
20
0.4430000393700788
11
0.5036047637795276
21
0.4458324409448819
0
LINE
8
BLACK
6
CONTINUOUS
10
0.5036047637795276
20
0.4458324409448819
11
0.5049535039370079
21
0.4485298818897638
0
LINE
8
BLACK
6
CONTINUOUS
10
0.5049535039370079
20
0.4485298818897638
11
0.5049535039370079
21
0.4546348425196851
0
LINE
8
BLACK
6
CONTINUOUS
10
0.5049535039370079
20
0.4546348425196851
11
0.5036047637795276
21
0.4573323228346456
0
LINE
8
BLACK
6
CONTINUOUS
10
0.5036047637795276
20
0.4573323228346456
11
0.5007723228346457
21
0.4601647244094488
0
LINE
8
BLACK
6
CONTINUOUS
10
0.5007723228346457
20
0.4601647244094488
11
0.4944193307086614
21
0.4617529527559055
0
LINE
8
BLACK
6
CONTINUOUS
10
0.4944193307086614
20
0.4617529527559055
11
0.4820230708661417
21
0.4617529527559055
0
LINE
8
BLACK
6
CONTINUOUS
10
0.4820230708661417
20
0.4617529527559055
11
0.4756700393700787
21
0.4601647244094488
0
LINE
8
BLACK
6
CONTINUOUS
10
1.0263563385826771
20
0.4847108267716536
11
1.0274207480314961
21
0.4842699212598425
0
LINE
8
BLACK
6
CONTINUOUS
10
1.0274207480314961
20
0.4842699212598425
11
1.0282353937007873
21
0.4834552755905512
0
LINE
8
BLACK
6
CONTINUOUS
10
1.0282353937007873
20
0.4834552755905512
11
1.0286762992125984
21
0.4823908661417323
0
LINE
8
BLACK
6
CONTINUOUS
10
1.0286762992125984
20
0.4823908661417323
11
1.0286762992125984
21
0.4812387401574803
0
LINE
8
BLACK
6
CONTINUOUS
10
1.0286762992125984
20
0.4812387401574803
11
1.0282353937007873
21
0.4801743307086614
0
LINE
8
BLACK
6
CONTINUOUS
10
1.0282353937007873
20
0.4801743307086614
11
1.0274207480314961
21
0.47935968503937
0
LINE
8
BLACK
6
CONTINUOUS
10
1.0274207480314961
20
0.47935968503937
11
1.0263563385826771
21
0.4789187795275591
0
LINE
8
BLACK
6
CONTINUOUS
10
1.0263563385826771
20
0.4789187795275591
11
1.0257802755905512
21
0.4788620472440945
0
LINE
8
BLACK
6
CONTINUOUS
10
1.0257802755905512
20
0.4788620472440945
11
0.9997199606299212
21
0.4788620472440945
0
LINE
8
BLACK
6
CONTINUOUS
10
0.9997199606299212
20
0.4788620472440945
11
1.0157803543307087
21
0.4713672047244095
0
LINE
8
BLACK
6
CONTINUOUS
10
1.0157803543307087
20
0.4713672047244095
11
1.0159913385826771
21
0.4712422440944882
0
LINE
8
BLACK
6
CONTINUOUS
10
1.0159913385826771
20
0.4712422440944882
11
1.016062716535433
21
0.4712162598425197
0
LINE
8
BLACK
6
CONTINUOUS
10
1.016062716535433
20
0.4712162598425197
11
1.0161131889763779
21
0.4711700393700787
0
LINE
8
BLACK
6
CONTINUOUS
10
1.0161131889763779
20
0.4711700393700787
11
1.0162783858267717
21
0.4710721653543307
0
LINE
8
BLACK
6
CONTINUOUS
10
1.0162783858267717
20
0.4710721653543307
11
1.0165814173228347
21
0.4707412598425197
0
LINE
8
BLACK
6
CONTINUOUS
10
1.0165814173228347
20
0.4707412598425197
11
1.0169124015748032
21
0.4704381496062992
0
LINE
8
BLACK
6
CONTINUOUS
10
1.0169124015748032
20
0.4704381496062992
11
1.016967874015748
21
0.4703192519685039
0
LINE
8
BLACK
6
CONTINUOUS
10
1.016967874015748
20
0.4703192519685039
11
1.0170564566929134
21
0.4702225196850394
0
LINE
8
BLACK
6
CONTINUOUS
10
1.0170564566929134
20
0.4702225196850394
11
1.0172097637795274
21
0.469800905511811
0
LINE
8
BLACK
6
CONTINUOUS
10
1.0172097637795274
20
0.469800905511811
11
1.0173996062992126
21
0.4693941338582677
0
LINE
8
BLACK
6
CONTINUOUS
10
1.0173996062992126
20
0.4693941338582677
11
1.0174053543307087
21
0.4692631102362205
0
LINE
8
BLACK
6
CONTINUOUS
10
1.0174053543307087
20
0.4692631102362205
11
1.0174501968503937
21
0.4691398031496063
0
LINE
8
BLACK
6
CONTINUOUS
10
1.0174501968503937
20
0.4691398031496063
11
1.0174304724409449
21
0.4686914566929134
0
LINE
8
BLACK
6
CONTINUOUS
10
1.0174304724409449
20
0.4686914566929134
11
1.0174501968503937
21
0.4682431102362205
0
LINE
8
BLACK
6
CONTINUOUS
10
1.0174501968503937
20
0.4682431102362205
11
1.0174053543307087
21
0.468119842519685
0
LINE
8
BLACK
6
CONTINUOUS
10
1.0174053543307087
20
0.468119842519685
11
1.0173996062992126
21
0.467988779527559
0
LINE
8
BLACK
6
CONTINUOUS
10
1.0173996062992126
20
0.467988779527559
11
1.0172097637795274
21
0.4675820472440945
0
LINE
8
BLACK
6
CONTINUOUS
10
1.0172097637795274
20
0.4675820472440945
11
1.0170564566929134
21
0.4671603937007874
0
LINE
8
BLACK
6
CONTINUOUS
10
1.0170564566929134
20
0.4671603937007874
11
1.016967874015748
21
0.4670637007874016
0
LINE
8
BLACK
6
CONTINUOUS
10
1.016967874015748
20
0.4670637007874016
11
1.0169124015748032
21
0.4669447637795275
0
LINE
8
BLACK
6
CONTINUOUS
10
1.0169124015748032
20
0.4669447637795275
11
1.0165814173228347
21
0.4666416929133858
0
LINE
8
BLACK
6
CONTINUOUS
10
1.0165814173228347
20
0.4666416929133858
11
1.0162783858267717
21
0.466310748031496
0
LINE
8
BLACK
6
CONTINUOUS
10
1.0162783858267717
20
0.466310748031496
11
1.0161131889763779
21
0.4662129133858268
0
LINE
8
BLACK
6
CONTINUOUS
10
1.0161131889763779
20
0.4662129133858268
11
1.016062716535433
21
0.4661666535433071
0
LINE
8
BLACK
6
CONTINUOUS
10
1.016062716535433
20
0.4661666535433071
11
1.0159913385826771
21
0.4661407086614173
0
LINE
8
BLACK
6
CONTINUOUS
10
1.0159913385826771
20
0.4661407086614173
11
1.0157803543307087
21
0.4660157086614173
0
LINE
8
BLACK
6
CONTINUOUS
10
1.0157803543307087
20
0.4660157086614173
11
0.9997199606299212
21
0.4585208661417323
0
LINE
8
BLACK
6
CONTINUOUS
10
0.9997199606299212
20
0.4585208661417323
11
1.0257802755905512
21
0.4585208661417323
0
LINE
8
BLACK
6
CONTINUOUS
10
1.0257802755905512
20
0.4585208661417323
11
1.0263563385826771
21
0.4584641338582677
0
LINE
8
BLACK
6
CONTINUOUS
10
1.0263563385826771
20
0.4584641338582677
11
1.0274207480314961
21
0.4580232283464567
0
LINE
8
BLACK
6
CONTINUOUS
10
1.0274207480314961
20
0.4580232283464567
11
1.0282353937007873
21
0.4572085826771654
0
LINE
8
BLACK
6
CONTINUOUS
10
1.0282353937007873
20
0.4572085826771654
11
1.0286762992125984
21
0.4561441732283464
0
LINE
8
BLACK
6
CONTINUOUS
10
1.0286762992125984
20
0.4561441732283464
11
1.0286762992125984
21
0.4549920472440945
0
LINE
8
BLACK
6
CONTINUOUS
10
1.0286762992125984
20
0.4549920472440945
11
1.0282353937007873
21
0.4539276377952756
0
LINE
8
BLACK
6
CONTINUOUS
10
1.0282353937007873
20
0.4539276377952756
11
1.0274207480314961
21
0.4531129921259842
0
LINE
8
BLACK
6
CONTINUOUS
10
1.0274207480314961
20
0.4531129921259842
11
1.0263563385826771
21
0.4526720866141732
0
LINE
8
BLACK
6
CONTINUOUS
10
1.0263563385826771
20
0.4526720866141732
11
1.0257802755905512
21
0.4526153543307087
0
LINE
8
BLACK
6
CONTINUOUS
10
1.0257802755905512
20
0.4526153543307087
11
0.9864101968503937
21
0.4526153543307087
0
LINE
8
BLACK
6
CONTINUOUS
10
0.9864101968503937
20
0.4526153543307087
11
0.9860313779527559
21
0.4526526771653543
0
LINE
8
BLACK
6
CONTINUOUS
10
0.9860313779527559
20
0.4526526771653543
11
0.9859618503937008
21
0.4526496062992126
0
LINE
8
BLACK
6
CONTINUOUS
10
0.9859618503937008
20
0.4526496062992126
11
0.9859244881889764
21
0.4526631889763779
0
LINE
8
BLACK
6
CONTINUOUS
10
0.9859244881889764
20
0.4526631889763779
11
0.9858341338582677
21
0.4526720866141732
0
LINE
8
BLACK
6
CONTINUOUS
10
0.9858341338582677
20
0.4526720866141732
11
0.9853606299212598
21
0.4528682283464567
0
LINE
8
BLACK
6
CONTINUOUS
10
0.9853606299212598
20
0.4528682283464567
11
0.9848791338582676
21
0.4530433070866142
0
LINE
8
BLACK
6
CONTINUOUS
10
0.9848791338582676
20
0.4530433070866142
11
0.9848305511811023
21
0.4530877952755906
0
LINE
8
BLACK
6
CONTINUOUS
10
0.9848305511811023
20
0.4530877952755906
11
0.9847697244094488
21
0.4531129921259842
0
LINE
8
BLACK
6
CONTINUOUS
10
0.9847697244094488
20
0.4531129921259842
11
0.9844072834645669
21
0.4534754330708661
0
LINE
8
BLACK
6
CONTINUOUS
10
0.9844072834645669
20
0.4534754330708661
11
0.9840294881889764
21
0.4538214173228347
0
LINE
8
BLACK
6
CONTINUOUS
10
0.9840294881889764
20
0.4538214173228347
11
0.9840016141732283
21
0.4538811023622047
0
LINE
8
BLACK
6
CONTINUOUS
10
0.9840016141732283
20
0.4538811023622047
11
0.9839550787401574
21
0.4539276377952756
0
LINE
8
BLACK
6
CONTINUOUS
10
0.9839550787401574
20
0.4539276377952756
11
0.9837590157480315
21
0.4544009448818898
0
LINE
8
BLACK
6
CONTINUOUS
10
0.9837590157480315
20
0.4544009448818898
11
0.9835422440944882
21
0.4548654330708661
0
LINE
8
BLACK
6
CONTINUOUS
10
0.9835422440944882
20
0.4548654330708661
11
0.9835393307086614
21
0.4549312598425197
0
LINE
8
BLACK
6
CONTINUOUS
10
0.9835393307086614
20
0.4549312598425197
11
0.9835141732283464
21
0.4549920472440945
0
LINE
8
BLACK
6
CONTINUOUS
10
0.9835141732283464
20
0.4549920472440945
11
0.9835141732283464
21
0.4555046062992126
0
LINE
8
BLACK
6
CONTINUOUS
10
0.9835141732283464
20
0.4555046062992126
11
0.9834916929133858
21
0.4560164566929134
0
LINE
8
BLACK
6
CONTINUOUS
10
0.9834916929133858
20
0.4560164566929134
11
0.9835141732283464
21
0.4560783070866142
0
LINE
8
BLACK
6
CONTINUOUS
10
0.9835141732283464
20
0.4560783070866142
11
0.9835141732283464
21
0.4561441732283464
0
LINE
8
BLACK
6
CONTINUOUS
10
0.9835141732283464
20
0.4561441732283464
11
0.9837102755905511
21
0.4566176771653543
0
LINE
8
BLACK
6
CONTINUOUS
10
0.9837102755905511
20
0.4566176771653543
11
0.9838853937007874
21
0.4570991732283464
0
LINE
8
BLACK
6
CONTINUOUS
10
0.9838853937007874
20
0.4570991732283464
11
0.9839298425196851
21
0.4571477559055118
0
LINE
8
BLACK
6
CONTINUOUS
10
0.9839298425196851
20
0.4571477559055118
11
0.9839550787401574
21
0.4572085826771654
0
LINE
8
BLACK
6
CONTINUOUS
10
0.9839550787401574
20
0.4572085826771654
11
0.9843174803149606
21
0.4575710236220472
0
LINE
8
BLACK
6
CONTINUOUS
10
0.9843174803149606
20
0.4575710236220472
11
0.9846635039370079
21
0.4579488188976378
0
LINE
8
BLACK
6
CONTINUOUS
10
0.9846635039370079
20
0.4579488188976378
11
0.9847415354330709
21
0.4579950787401575
0
LINE
8
BLACK
6
CONTINUOUS
10
0.9847415354330709
20
0.4579950787401575
11
0.9847697244094488
21
0.4580232283464567
0
LINE
8
BLACK
6
CONTINUOUS
10
0.9847697244094488
20
0.4580232283464567
11
0.9848341338582677
21
0.4580499606299213
0
LINE
8
BLACK
6
CONTINUOUS
10
0.9848341338582677
20
0.4580499606299213
11
0.9851615354330708
21
0.4582438582677165
0
LINE
8
BLACK
6
CONTINUOUS
10
0.9851615354330708
20
0.4582438582677165
11
1.0075492125984251
21
0.4686914566929134
0
LINE
8
BLACK
6
CONTINUOUS
10
1.0075492125984251
20
0.4686914566929134
11
0.9851615354330708
21
0.4791390551181102
0
LINE
8
BLACK
6
CONTINUOUS
10
0.9851615354330708
20
0.4791390551181102
11
0.9848341338582677
21
0.4793329921259842
0
LINE
8
BLACK
6
CONTINUOUS
10
0.9848341338582677
20
0.4793329921259842
11
0.9847697244094488
21
0.47935968503937
0
LINE
8
BLACK
6
CONTINUOUS
10
0.9847697244094488
20
0.47935968503937
11
0.9847415354330709
21
0.479387874015748
0
LINE
8
BLACK
6
CONTINUOUS
10
0.9847415354330709
20
0.479387874015748
11
0.9846635039370079
21
0.479434094488189
0
LINE
8
BLACK
6
CONTINUOUS
10
0.9846635039370079
20
0.479434094488189
11
0.9843174803149606
21
0.4798119291338583
0
LINE
8
BLACK
6
CONTINUOUS
10
0.9843174803149606
20
0.4798119291338583
11
0.9839550787401574
21
0.4801743307086614
0
LINE
8
BLACK
6
CONTINUOUS
10
0.9839550787401574
20
0.4801743307086614
11
0.9839298425196851
21
0.4802351968503937
0
LINE
8
BLACK
6
CONTINUOUS
10
0.9839298425196851
20
0.4802351968503937
11
0.9838853937007874
21
0.4802837401574803
0
LINE
8
BLACK
6
CONTINUOUS
10
0.9838853937007874
20
0.4802837401574803
11
0.9837102755905511
21
0.4807652755905512
0
LINE
8
BLACK
6
CONTINUOUS
10
0.9837102755905511
20
0.4807652755905512
11
0.9835141732283464
21
0.4812387401574803
0
LINE
8
BLACK
6
CONTINUOUS
10
0.9835141732283464
20
0.4812387401574803
11
0.9835141732283464
21
0.4813046456692913
0
LINE
8
BLACK
6
CONTINUOUS
10
0.9835141732283464
20
0.4813046456692913
11
0.9834916929133858
21
0.4813664566929134
0
LINE
8
BLACK
6
CONTINUOUS
10
0.9834916929133858
20
0.4813664566929134
11
0.9835141732283464
21
0.4818783464566929
0
LINE
8
BLACK
6
CONTINUOUS
10
0.9835141732283464
20
0.4818783464566929
11
0.9835141732283464
21
0.4823908661417323
0
LINE
8
BLACK
6
CONTINUOUS
10
0.9835141732283464
20
0.4823908661417323
11
0.9835393307086614
21
0.4824516929133858
0
LINE
8
BLACK
6
CONTINUOUS
10
0.9835393307086614
20
0.4824516929133858
11
0.9835422440944882
21
0.4825174803149606
0
LINE
8
BLACK
6
CONTINUOUS
10
0.9835422440944882
20
0.4825174803149606
11
0.9837590157480315
21
0.4829820078740157
0
LINE
8
BLACK
6
CONTINUOUS
10
0.9837590157480315
20
0.4829820078740157
11
0.9839550787401574
21
0.4834552755905512
0
LINE
8
BLACK
6
CONTINUOUS
10
0.9839550787401574
20
0.4834552755905512
11
0.9840016141732283
21
0.4835018503937007
0
LINE
8
BLACK
6
CONTINUOUS
10
0.9840016141732283
20
0.4835018503937007
11
0.9840294881889764
21
0.4835614960629921
0
LINE
8
BLACK
6
CONTINUOUS
10
0.9840294881889764
20
0.4835614960629921
11
0.9844072834645669
21
0.4839075196850394
0
LINE
8
BLACK
6
CONTINUOUS
10
0.9844072834645669
20
0.4839075196850394
11
0.9847697244094488
21
0.4842699212598425
0
LINE
8
BLACK
6
CONTINUOUS
10
0.9847697244094488
20
0.4842699212598425
11
0.9848305511811023
21
0.4842951574803149
0
LINE
8
BLACK
6
CONTINUOUS
10
0.9848305511811023
20
0.4842951574803149
11
0.9848791338582676
21
0.4843396062992126
0
LINE
8
BLACK
6
CONTINUOUS
10
0.9848791338582676
20
0.4843396062992126
11
0.9853606299212598
21
0.4845147244094488
0
LINE
8
BLACK
6
CONTINUOUS
10
0.9853606299212598
20
0.4845147244094488
11
0.9858341338582677
21
0.4847108267716536
0
LINE
8
BLACK
6
CONTINUOUS
10
0.9858341338582677
20
0.4847108267716536
11
0.9859244881889764
21
0.4847197637795275
0
LINE
8
BLACK
6
CONTINUOUS
10
0.9859244881889764
20
0.4847197637795275
11
0.9859618503937008
21
0.4847333070866142
0
LINE
8
BLACK
6
CONTINUOUS
10
0.9859618503937008
20
0.4847333070866142
11
0.9860313779527559
21
0.4847302755905512
0
LINE
8
BLACK
6
CONTINUOUS
10
0.9860313779527559
20
0.4847302755905512
11
0.9864101968503937
21
0.4847675590551181
0
LINE
8
BLACK
6
CONTINUOUS
10
0.9864101968503937
20
0.4847675590551181
11
1.0257802755905512
21
0.4847675590551181
0
LINE
8
BLACK
6
CONTINUOUS
10
1.0257802755905512
20
0.4847675590551181
11
1.0263563385826771
21
0.4847108267716536
0
LINE
8
BLACK
6
CONTINUOUS
10
0.6412157086614173
20
0.4863493307086614
11
0.6414829527559055
21
0.4862386614173228
0
LINE
8
BLACK
6
CONTINUOUS
10
0.6414829527559055
20
0.4862386614173228
11
0.6417667716535433
21
0.4861824803149606
0
LINE
8
BLACK
6
CONTINUOUS
10
0.6417667716535433
20
0.4861824803149606
11
0.6420100393700787
21
0.4860203149606299
0
LINE
8
BLACK
6
CONTINUOUS
10
0.6420100393700787
20
0.4860203149606299
11
0.6422801181102362
21
0.4859084251968504
0
LINE
8
BLACK
6
CONTINUOUS
10
0.6422801181102362
20
0.4859084251968504
11
0.6424846456692913
21
0.4857038976377953
0
LINE
8
BLACK
6
CONTINUOUS
10
0.6424846456692913
20
0.4857038976377953
11
0.6427253543307087
21
0.4855434251968504
0
LINE
8
BLACK
6
CONTINUOUS
10
0.6427253543307087
20
0.4855434251968504
11
0.642888031496063
21
0.4853005118110236
0
LINE
8
BLACK
6
CONTINUOUS
10
0.642888031496063
20
0.4853005118110236
11
0.6430947637795276
21
0.4850937795275591
0
LINE
8
BLACK
6
CONTINUOUS
10
0.6430947637795276
20
0.4850937795275591
11
0.6432054330708661
21
0.4848265354330709
0
LINE
8
BLACK
6
CONTINUOUS
10
0.6432054330708661
20
0.4848265354330709
11
0.6433664566929134
21
0.4845861417322834
0
LINE
8
BLACK
6
CONTINUOUS
10
0.6433664566929134
20
0.4845861417322834
11
0.6435350787401575
21
0.4840324015748032
0
LINE
8
BLACK
6
CONTINUOUS
10
0.6435350787401575
20
0.4840324015748032
11
0.646809842519685
21
0.4676584251968504
0
LINE
8
BLACK
6
CONTINUOUS
10
0.646809842519685
20
0.4676584251968504
11
0.6511911811023622
21
0.4676584251968504
0
LINE
8
BLACK
6
CONTINUOUS
10
0.6511911811023622
20
0.4676584251968504
11
0.6534369291338582
21
0.4687812992125984
0
LINE
8
BLACK
6
CONTINUOUS
10
0.6534369291338582
20
0.4687812992125984
11
0.6545598031496063
21
0.4710270078740157
0
LINE
8
BLACK
6
CONTINUOUS
10
0.6545598031496063
20
0.4710270078740157
11
0.6545598031496063
21
0.477131968503937
0
LINE
8
BLACK
6
CONTINUOUS
10
0.6545598031496063
20
0.477131968503937
11
0.6529967716535433
21
0.480258031496063
0
LINE
8
BLACK
6
CONTINUOUS
10
0.6529967716535433
20
0.480258031496063
11
0.6527898818897637
21
0.4807986614173228
0
LINE
8
BLACK
6
CONTINUOUS
10
0.6527898818897637
20
0.4807986614173228
11
0.6527082283464567
21
0.481947874015748
0
LINE
8
BLACK
6
CONTINUOUS
10
0.6527082283464567
20
0.481947874015748
11
0.6530725590551181
21
0.4830408267716536
0
LINE
8
BLACK
6
CONTINUOUS
10
0.6530725590551181
20
0.4830408267716536
11
0.6538274015748031
21
0.483911220472441
0
LINE
8
BLACK
6
CONTINUOUS
10
0.6538274015748031
20
0.483911220472441
11
0.6548579133858268
21
0.4844264566929134
0
LINE
8
BLACK
6
CONTINUOUS
10
0.6548579133858268
20
0.4844264566929134
11
0.6560071259842519
21
0.4845081102362205
0
LINE
8
BLACK
6
CONTINUOUS
10
0.6560071259842519
20
0.4845081102362205
11
0.6571000787401574
21
0.484143779527559
0
LINE
8
BLACK
6
CONTINUOUS
10
0.6571000787401574
20
0.484143779527559
11
0.6579704724409449
21
0.483388937007874
0
LINE
8
BLACK
6
CONTINUOUS
10
0.6579704724409449
20
0.483388937007874
11
0.6582788188976377
21
0.4828990551181102
0
LINE
8
BLACK
6
CONTINUOUS
10
0.6582788188976377
20
0.4828990551181102
11
0.6601535826771653
21
0.4791495275590551
0
LINE
8
BLACK
6
CONTINUOUS
10
0.6601535826771653
20
0.4791495275590551
11
0.6603604724409449
21
0.478608937007874
0
LINE
8
BLACK
6
CONTINUOUS
10
0.6603604724409449
20
0.478608937007874
11
0.6603679921259842
21
0.4785030708661417
0
LINE
8
BLACK
6
CONTINUOUS
10
0.6603679921259842
20
0.4785030708661417
11
0.6604085826771653
21
0.4784050787401575
0
LINE
8
BLACK
6
CONTINUOUS
10
0.6604085826771653
20
0.4784050787401575
11
0.6604653149606299
21
0.4778290157480315
0
LINE
8
BLACK
6
CONTINUOUS
10
0.6604653149606299
20
0.4778290157480315
11
0.6604653149606299
21
0.4703299606299213
0
LINE
8
BLACK
6
CONTINUOUS
10
0.6604653149606299
20
0.4703299606299213
11
0.6604085826771653
21
0.4697538976377953
0
LINE
8
BLACK
6
CONTINUOUS
10
0.6604085826771653
20
0.4697538976377953
11
0.6603679921259842
21
0.4696559448818898
0
LINE
8
BLACK
6
CONTINUOUS
10
0.6603679921259842
20
0.4696559448818898
11
0.6603604724409449
21
0.4695500393700787
0
LINE
8
BLACK
6
CONTINUOUS
10
0.6603604724409449
20
0.4695500393700787
11
0.6601535826771653
21
0.4690094488188976
0
LINE
8
BLACK
6
CONTINUOUS
10
0.6601535826771653
20
0.4690094488188976
11
0.6582788188976377
21
0.4652599212598425
0
LINE
8
BLACK
6
CONTINUOUS
10
0.6582788188976377
20
0.4652599212598425
11
0.6582181496062992
21
0.4651635826771653
0
LINE
8
BLACK
6
CONTINUOUS
10
0.6582181496062992
20
0.4651635826771653
11
0.658203031496063
21
0.4651181496062992
0
LINE
8
BLACK
6
CONTINUOUS
10
0.658203031496063
20
0.4651181496062992
11
0.6581539763779527
21
0.4650616141732283
0
LINE
8
BLACK
6
CONTINUOUS
10
0.6581539763779527
20
0.4650616141732283
11
0.6579704724409449
21
0.4647700393700787
0
LINE
8
BLACK
6
CONTINUOUS
10
0.6579704724409449
20
0.4647700393700787
11
0.6576906299212598
21
0.4645274015748032
0
LINE
8
BLACK
6
CONTINUOUS
10
0.6576906299212598
20
0.4645274015748032
11
0.6574481496062992
21
0.4642477559055118
0
LINE
8
BLACK
6
CONTINUOUS
10
0.6574481496062992
20
0.4642477559055118
11
0.6571566535433071
21
0.4640642913385827
0
LINE
8
BLACK
6
CONTINUOUS
10
0.6571566535433071
20
0.4640642913385827
11
0.6571000787401574
21
0.4640151968503937
0
LINE
8
BLACK
6
CONTINUOUS
10
0.6571000787401574
20
0.4640151968503937
11
0.6570546062992125
21
0.4640000787401575
0
LINE
8
BLACK
6
CONTINUOUS
10
0.6570546062992125
20
0.4640000787401575
11
0.6569583070866142
21
0.4639394094488189
0
LINE
8
BLACK
6
CONTINUOUS
10
0.6569583070866142
20
0.4639394094488189
11
0.6532087401574803
21
0.4620646456692913
0
LINE
8
BLACK
6
CONTINUOUS
10
0.6532087401574803
20
0.4620646456692913
11
0.6526681102362205
21
0.4618577559055118
0
LINE
8
BLACK
6
CONTINUOUS
10
0.6526681102362205
20
0.4618577559055118
11
0.6525622834645669
21
0.4618502755905512
0
LINE
8
BLACK
6
CONTINUOUS
10
0.6525622834645669
20
0.4618502755905512
11
0.6524642913385826
21
0.4618096456692913
0
LINE
8
BLACK
6
CONTINUOUS
10
0.6524642913385826
20
0.4618096456692913
11
0.6518882283464567
21
0.4617529133858267
0
LINE
8
BLACK
6
CONTINUOUS
10
0.6518882283464567
20
0.4617529133858267
11
0.6443922440944881
21
0.4617529133858267
0
LINE
8
BLACK
6
CONTINUOUS
10
0.6443922440944881
20
0.4617529133858267
11
0.6368901181102362
21
0.4617529133858267
0
LINE
8
BLACK
6
CONTINUOUS
10
0.6368901181102362
20
0.4617529133858267
11
0.6363140551181102
21
0.4618096456692913
0
LINE
8
BLACK
6
CONTINUOUS
10
0.6363140551181102
20
0.4618096456692913
11
0.636216062992126
21
0.4618502362204724
0
LINE
8
BLACK
6
CONTINUOUS
10
0.636216062992126
20
0.4618502362204724
11
0.6361101968503937
21
0.4618577559055118
0
LINE
8
BLACK
6
CONTINUOUS
10
0.6361101968503937
20
0.4618577559055118
11
0.6355696062992126
21
0.4620646456692913
0
LINE
8
BLACK
6
CONTINUOUS
10
0.6355696062992126
20
0.4620646456692913
11
0.6318200787401574
21
0.4639394094488189
0
LINE
8
BLACK
6
CONTINUOUS
10
0.6318200787401574
20
0.4639394094488189
11
0.6317237007874016
21
0.4640000787401575
0
LINE
8
BLACK
6
CONTINUOUS
10
0.6317237007874016
20
0.4640000787401575
11
0.6316783070866142
21
0.4640151968503937
0
LINE
8
BLACK
6
CONTINUOUS
10
0.6316783070866142
20
0.4640151968503937
11
0.6316217322834645
21
0.4640642519685039
0
LINE
8
BLACK
6
CONTINUOUS
10
0.6316217322834645
20
0.4640642519685039
11
0.6313301968503937
21
0.4642477559055118
0
LINE
8
BLACK
6
CONTINUOUS
10
0.6313301968503937
20
0.4642477559055118
11
0.6310875984251968
21
0.4645274803149606
0
LINE
8
BLACK
6
CONTINUOUS
10
0.6310875984251968
20
0.4645274803149606
11
0.6308079133858268
21
0.4647700393700787
0
LINE
8
BLACK
6
CONTINUOUS
10
0.6308079133858268
20
0.4647700393700787
11
0.6306243700787402
21
0.4650616141732283
0
LINE
8
BLACK
6
CONTINUOUS
10
0.6306243700787402
20
0.4650616141732283
11
0.6305753543307087
21
0.4651181496062992
0
LINE
8
BLACK
6
CONTINUOUS
10
0.6305753543307087
20
0.4651181496062992
11
0.6305601968503937
21
0.4651635826771653
0
LINE
8
BLACK
6
CONTINUOUS
10
0.6305601968503937
20
0.4651635826771653
11
0.6304995669291339
21
0.4652599212598425
0
LINE
8
BLACK
6
CONTINUOUS
10
0.6304995669291339
20
0.4652599212598425
11
0.6286248031496063
21
0.4690094488188976
0
LINE
8
BLACK
6
CONTINUOUS
10
0.6286248031496063
20
0.4690094488188976
11
0.6284179133858268
21
0.4695500787401575
0
LINE
8
BLACK
6
CONTINUOUS
10
0.6284179133858268
20
0.4695500787401575
11
0.6284103937007874
21
0.469655905511811
0
LINE
8
BLACK
6
CONTINUOUS
10
0.6284103937007874
20
0.469655905511811
11
0.6283698031496063
21
0.4697538976377953
0
LINE
8
BLACK
6
CONTINUOUS
10
0.6283698031496063
20
0.4697538976377953
11
0.6283130708661417
21
0.4703299606299213
0
LINE
8
BLACK
6
CONTINUOUS
10
0.6283130708661417
20
0.4703299606299213
11
0.6283130708661417
21
0.4778290157480315
0
LINE
8
BLACK
6
CONTINUOUS
10
0.6283130708661417
20
0.4778290157480315
11
0.6283698031496063
21
0.4784050787401575
0
LINE
8
BLACK
6
CONTINUOUS
10
0.6283698031496063
20
0.4784050787401575
11
0.6284103937007874
21
0.4785031102362204
0
LINE
8
BLACK
6
CONTINUOUS
10
0.6284103937007874
20
0.4785031102362204
11
0.6284179133858268
21
0.4786088976377952
0
LINE
8
BLACK
6
CONTINUOUS
10
0.6284179133858268
20
0.4786088976377952
11
0.6286248031496063
21
0.4791495275590551
0
LINE
8
BLACK
6
CONTINUOUS
10
0.6286248031496063
20
0.4791495275590551
11
0.6304995669291339
21
0.4828990551181102
0
LINE
8
BLACK
6
CONTINUOUS
10
0.6304995669291339
20
0.4828990551181102
11
0.6305601968503937
21
0.4829954330708661
0
LINE
8
BLACK
6
CONTINUOUS
10
0.6305601968503937
20
0.4829954330708661
11
0.6305753543307087
21
0.4830408267716536
0
LINE
8
BLACK
6
CONTINUOUS
10
0.6305753543307087
20
0.4830408267716536
11
0.6306243700787402
21
0.4830974015748031
0
LINE
8
BLACK
6
CONTINUOUS
10
0.6306243700787402
20
0.4830974015748031
11
0.6308079133858268
21
0.483388937007874
0
LINE
8
BLACK
6
CONTINUOUS
10
0.6308079133858268
20
0.483388937007874
11
0.6310875984251968
21
0.4836315354330709
0
LINE
8
BLACK
6
CONTINUOUS
10
0.6310875984251968
20
0.4836315354330709
11
0.6313301968503937
21
0.483911220472441
0
LINE
8
BLACK
6
CONTINUOUS
10
0.6313301968503937
20
0.483911220472441
11
0.6316217322834645
21
0.4840947637795275
0
LINE
8
BLACK
6
CONTINUOUS
10
0.6316217322834645
20
0.4840947637795275
11
0.6316783070866142
21
0.484143779527559
0
LINE
8
BLACK
6
CONTINUOUS
10
0.6316783070866142
20
0.484143779527559
11
0.6317237007874016
21
0.484158937007874
0
LINE
8
BLACK
6
CONTINUOUS
10
0.6317237007874016
20
0.484158937007874
11
0.6318200787401574
21
0.4842195669291339
0
LINE
8
BLACK
6
CONTINUOUS
10
0.6318200787401574
20
0.4842195669291339
11
0.6355696062992126
21
0.4860943307086614
0
LINE
8
BLACK
6
CONTINUOUS
10
0.6355696062992126
20
0.4860943307086614
11
0.6361101968503937
21
0.486301220472441
0
LINE
8
BLACK
6
CONTINUOUS
10
0.6361101968503937
20
0.486301220472441
11
0.636216062992126
21
0.486308779527559
0
LINE
8
BLACK
6
CONTINUOUS
10
0.636216062992126
20
0.486308779527559
11
0.6363140551181102
21
0.4863493307086614
0
LINE
8
BLACK
6
CONTINUOUS
10
0.6363140551181102
20
0.4863493307086614
11
0.6368901181102362
21
0.486406062992126
0
LINE
8
BLACK
6
CONTINUOUS
10
0.6368901181102362
20
0.486406062992126
11
0.6406396456692913
21
0.486406062992126
0
LINE
8
BLACK
6
CONTINUOUS
10
0.6406396456692913
20
0.486406062992126
11
0.6412157086614173
21
0.4863493307086614
0
LINE
8
BLACK
6
CONTINUOUS
10
0.6353414173228347
20
0.479377716535433
11
0.6342185826771654
21
0.477131968503937
0
LINE
8
BLACK
6
CONTINUOUS
10
0.6342185826771654
20
0.477131968503937
11
0.6342185826771654
21
0.4710270078740157
0
LINE
8
BLACK
6
CONTINUOUS
10
0.6342185826771654
20
0.4710270078740157
11
0.6353414173228347
21
0.4687812992125984
0
LINE
8
BLACK
6
CONTINUOUS
10
0.6353414173228347
20
0.4687812992125984
11
0.6375871653543307
21
0.4676584251968504
0
LINE
8
BLACK
6
CONTINUOUS
10
0.6375871653543307
20
0.4676584251968504
11
0.6407873622047244
21
0.4676584251968504
0
LINE
8
BLACK
6
CONTINUOUS
10
0.6407873622047244
20
0.4676584251968504
11
0.638218937007874
21
0.4805005511811024
0
LINE
8
BLACK
6
CONTINUOUS
10
0.638218937007874
20
0.4805005511811024
11
0.6375871653543307
21
0.4805005511811024
0
LINE
8
BLACK
6
CONTINUOUS
10
0.6375871653543307
20
0.4805005511811024
11
0.6353414173228347
21
0.479377716535433
0
LINE
8
BLACK
6
CONTINUOUS
10
0.5009832283464567
20
0.5032222834645669
11
0.501081220472441
21
0.5031816929133858
0
LINE
8
BLACK
6
CONTINUOUS
10
0.501081220472441
20
0.5031816929133858
11
0.5011870472440945
21
0.5031741732283465
0
LINE
8
BLACK
6
CONTINUOUS
10
0.5011870472440945
20
0.5031741732283465
11
0.5017276771653543
21
0.5029672834645669
0
LINE
8
BLACK
6
CONTINUOUS
10
0.5017276771653543
20
0.5029672834645669
11
0.5054772047244095
21
0.5010925196850393
0
LINE
8
BLACK
6
CONTINUOUS
10
0.5054772047244095
20
0.5010925196850393
11
0.5057250787401575
21
0.5009364960629921
0
LINE
8
BLACK
6
CONTINUOUS
10
0.5057250787401575
20
0.5009364960629921
11
0.505797125984252
21
0.5009066535433071
0
LINE
8
BLACK
6
CONTINUOUS
10
0.505797125984252
20
0.5009066535433071
11
0.5058781496062992
21
0.500840157480315
0
LINE
8
BLACK
6
CONTINUOUS
10
0.5058781496062992
20
0.500840157480315
11
0.5059670866141732
21
0.5007841732283465
0
LINE
8
BLACK
6
CONTINUOUS
10
0.5059670866141732
20
0.5007841732283465
11
0.5060182283464567
21
0.5007251968503937
0
LINE
8
BLACK
6
CONTINUOUS
10
0.5060182283464567
20
0.5007251968503937
11
0.5062445669291339
21
0.5005394488188977
0
LINE
8
BLACK
6
CONTINUOUS
10
0.5062445669291339
20
0.5005394488188977
11
0.5081193700787402
21
0.4986646850393701
0
LINE
8
BLACK
6
CONTINUOUS
10
0.5081193700787402
20
0.4986646850393701
11
0.5083051181102362
21
0.4984383464566929
0
LINE
8
BLACK
6
CONTINUOUS
10
0.5083051181102362
20
0.4984383464566929
11
0.5083641732283465
21
0.4983871259842519
0
LINE
8
BLACK
6
CONTINUOUS
10
0.5083641732283465
20
0.4983871259842519
11
0.508420157480315
21
0.498298188976378
0
LINE
8
BLACK
6
CONTINUOUS
10
0.508420157480315
20
0.498298188976378
11
0.5084866141732284
21
0.4982172047244094
0
LINE
8
BLACK
6
CONTINUOUS
10
0.5084866141732284
20
0.4982172047244094
11
0.5085164173228346
21
0.4981452755905512
0
LINE
8
BLACK
6
CONTINUOUS
10
0.5085164173228346
20
0.4981452755905512
11
0.5086725196850393
21
0.4978972440944882
0
LINE
8
BLACK
6
CONTINUOUS
10
0.5086725196850393
20
0.4978972440944882
11
0.5105472834645669
21
0.494147716535433
0
LINE
8
BLACK
6
CONTINUOUS
10
0.5105472834645669
20
0.494147716535433
11
0.5107541732283465
21
0.4936071259842519
0
LINE
8
BLACK
6
CONTINUOUS
10
0.5107541732283465
20
0.4936071259842519
11
0.5107616929133858
21
0.4935012598425197
0
LINE
8
BLACK
6
CONTINUOUS
10
0.5107616929133858
20
0.4935012598425197
11
0.5108022834645669
21
0.4934032677165354
0
LINE
8
BLACK
6
CONTINUOUS
10
0.5108022834645669
20
0.4934032677165354
11
0.5108590157480315
21
0.4928272047244094
0
LINE
8
BLACK
6
CONTINUOUS
10
0.5108590157480315
20
0.4928272047244094
11
0.5108590157480315
21
0.4853281496062992
0
LINE
8
BLACK
6
CONTINUOUS
10
0.5108590157480315
20
0.4853281496062992
11
0.5108022834645669
21
0.4847520866141732
0
LINE
8
BLACK
6
CONTINUOUS
10
0.5108022834645669
20
0.4847520866141732
11
0.5107616929133858
21
0.4846541338582677
0
LINE
8
BLACK
6
CONTINUOUS
10
0.5107616929133858
20
0.4846541338582677
11
0.5107541732283465
21
0.4845482283464567
0
LINE
8
BLACK
6
CONTINUOUS
10
0.5107541732283465
20
0.4845482283464567
11
0.510747716535433
21
0.4845313779527559
0
LINE
8
BLACK
6
CONTINUOUS
10
0.510747716535433
20
0.4845313779527559
11
0.5210296062992126
21
0.4845313779527559
0
LINE
8
BLACK
6
CONTINUOUS
10
0.5210296062992126
20
0.4845313779527559
11
0.5216056692913386
21
0.4844746456692913
0
LINE
8
BLACK
6
CONTINUOUS
10
0.5216056692913386
20
0.4844746456692913
11
0.5226700787401575
21
0.4840337401574803
0
LINE
8
BLACK
6
CONTINUOUS
10
0.5226700787401575
20
0.4840337401574803
11
0.5234847244094488
21
0.4832190944881889
0
LINE
8
BLACK
6
CONTINUOUS
10
0.5234847244094488
20
0.4832190944881889
11
0.5239256299212598
21
0.4821546850393701
0
LINE
8
BLACK
6
CONTINUOUS
10
0.5239256299212598
20
0.4821546850393701
11
0.5239256299212598
21
0.4810025590551181
0
LINE
8
BLACK
6
CONTINUOUS
10
0.5239256299212598
20
0.4810025590551181
11
0.5234847244094488
21
0.4799381496062992
0
LINE
8
BLACK
6
CONTINUOUS
10
0.5234847244094488
20
0.4799381496062992
11
0.5226700787401575
21
0.4791235039370079
0
LINE
8
BLACK
6
CONTINUOUS
10
0.5226700787401575
20
0.4791235039370079
11
0.5216056692913386
21
0.4786825984251968
0
LINE
8
BLACK
6
CONTINUOUS
10
0.5216056692913386
20
0.4786825984251968
11
0.5210296062992126
21
0.4786258661417322
0
LINE
8
BLACK
6
CONTINUOUS
10
0.5210296062992126
20
0.4786258661417322
11
0.4816595275590551
21
0.4786258661417322
0
LINE
8
BLACK
6
CONTINUOUS
10
0.4816595275590551
20
0.4786258661417322
11
0.4810834645669291
21
0.4786825984251968
0
LINE
8
BLACK
6
CONTINUOUS
10
0.4810834645669291
20
0.4786825984251968
11
0.4800190551181102
21
0.4791235039370079
0
LINE
8
BLACK
6
CONTINUOUS
10
0.4800190551181102
20
0.4791235039370079
11
0.4792044094488189
21
0.4799381496062992
0
LINE
8
BLACK
6
CONTINUOUS
10
0.4792044094488189
20
0.4799381496062992
11
0.4787635039370078
21
0.4810025590551181
0
LINE
8
BLACK
6
CONTINUOUS
10
0.4787635039370078
20
0.4810025590551181
11
0.4787635039370078
21
0.4821546850393701
0
LINE
8
BLACK
6
CONTINUOUS
10
0.4787635039370078
20
0.4821546850393701
11
0.4792044094488189
21
0.4832190944881889
0
LINE
8
BLACK
6
CONTINUOUS
10
0.4792044094488189
20
0.4832190944881889
11
0.4793433070866142
21
0.483358031496063
0
LINE
8
BLACK
6
CONTINUOUS
10
0.4793433070866142
20
0.483358031496063
11
0.4790185039370078
21
0.4840076377952756
0
LINE
8
BLACK
6
CONTINUOUS
10
0.4790185039370078
20
0.4840076377952756
11
0.4788116141732283
21
0.4845482677165354
0
LINE
8
BLACK
6
CONTINUOUS
10
0.4788116141732283
20
0.4845482677165354
11
0.4788040944881889
21
0.484654094488189
0
LINE
8
BLACK
6
CONTINUOUS
10
0.4788040944881889
20
0.484654094488189
11
0.4787635039370078
21
0.4847520866141732
0
LINE
8
BLACK
6
CONTINUOUS
10
0.4787635039370078
20
0.4847520866141732
11
0.4787067716535433
21
0.4853281496062992
0
LINE
8
BLACK
6
CONTINUOUS
10
0.4787067716535433
20
0.4853281496062992
11
0.4787067716535433
21
0.4928272047244094
0
LINE
8
BLACK
6
CONTINUOUS
10
0.4787067716535433
20
0.4928272047244094
11
0.4787635039370078
21
0.4934032677165354
0
LINE
8
BLACK
6
CONTINUOUS
10
0.4787635039370078
20
0.4934032677165354
11
0.4788040944881889
21
0.4935012992125984
0
LINE
8
BLACK
6
CONTINUOUS
10
0.4788040944881889
20
0.4935012992125984
11
0.4788116141732283
21
0.4936070866141732
0
LINE
8
BLACK
6
CONTINUOUS
10
0.4788116141732283
20
0.4936070866141732
11
0.4790185039370078
21
0.494147716535433
0
LINE
8
BLACK
6
CONTINUOUS
10
0.4790185039370078
20
0.494147716535433
11
0.4808932677165354
21
0.4978972440944882
0
LINE
8
BLACK
6
CONTINUOUS
10
0.4808932677165354
20
0.4978972440944882
11
0.4810493307086614
21
0.4981452755905512
0
LINE
8
BLACK
6
CONTINUOUS
10
0.4810493307086614
20
0.4981452755905512
11
0.4810791732283464
21
0.4982172047244094
0
LINE
8
BLACK
6
CONTINUOUS
10
0.4810791732283464
20
0.4982172047244094
11
0.4811456299212598
21
0.498298188976378
0
LINE
8
BLACK
6
CONTINUOUS
10
0.4811456299212598
20
0.498298188976378
11
0.4812016141732283
21
0.4983871259842519
0
LINE
8
BLACK
6
CONTINUOUS
10
0.4812016141732283
20
0.4983871259842519
11
0.4812605905511811
21
0.4984383070866142
0
LINE
8
BLACK
6
CONTINUOUS
10
0.4812605905511811
20
0.4984383070866142
11
0.4814463779527559
21
0.4986646456692913
0
LINE
8
BLACK
6
CONTINUOUS
10
0.4814463779527559
20
0.4986646456692913
11
0.4833211417322835
21
0.5005394094488189
0
LINE
8
BLACK
6
CONTINUOUS
10
0.4833211417322835
20
0.5005394094488189
11
0.4835474803149606
21
0.5007251968503937
0
LINE
8
BLACK
6
CONTINUOUS
10
0.4835474803149606
20
0.5007251968503937
11
0.4835986614173228
21
0.5007841732283465
0
LINE
8
BLACK
6
CONTINUOUS
10
0.4835986614173228
20
0.5007841732283465
11
0.4836875984251968
21
0.500840157480315
0
LINE
8
BLACK
6
CONTINUOUS
10
0.4836875984251968
20
0.500840157480315
11
0.4837685826771653
21
0.5009066141732283
0
LINE
8
BLACK
6
CONTINUOUS
10
0.4837685826771653
20
0.5009066141732283
11
0.4838405118110236
21
0.5009364566929134
0
LINE
8
BLACK
6
CONTINUOUS
10
0.4838405118110236
20
0.5009364566929134
11
0.4840885433070866
21
0.5010925196850393
0
LINE
8
BLACK
6
CONTINUOUS
10
0.4840885433070866
20
0.5010925196850393
11
0.4878380708661417
21
0.5029672834645669
0
LINE
8
BLACK
6
CONTINUOUS
10
0.4878380708661417
20
0.5029672834645669
11
0.4883786614173228
21
0.5031741732283465
0
LINE
8
BLACK
6
CONTINUOUS
10
0.4883786614173228
20
0.5031741732283465
11
0.4884845275590551
21
0.5031817322834645
0
LINE
8
BLACK
6
CONTINUOUS
10
0.4884845275590551
20
0.5031817322834645
11
0.4885825196850394
21
0.5032222834645669
0
LINE
8
BLACK
6
CONTINUOUS
10
0.4885825196850394
20
0.5032222834645669
11
0.4891585826771653
21
0.5032790157480315
0
LINE
8
BLACK
6
CONTINUOUS
10
0.4891585826771653
20
0.5032790157480315
11
0.5004071653543307
21
0.5032790157480315
0
LINE
8
BLACK
6
CONTINUOUS
10
0.5004071653543307
20
0.5032790157480315
11
0.5009832283464567
21
0.5032222834645669
0
LINE
8
BLACK
6
CONTINUOUS
10
0.4871581496062992
20
0.4960247637795275
11
0.4859610236220472
21
0.4948276377952756
0
LINE
8
BLACK
6
CONTINUOUS
10
0.4859610236220472
20
0.4948276377952756
11
0.4846122834645669
21
0.492130157480315
0
LINE
8
BLACK
6
CONTINUOUS
10
0.4846122834645669
20
0.492130157480315
11
0.4846122834645669
21
0.4860251968503937
0
LINE
8
BLACK
6
CONTINUOUS
10
0.4846122834645669
20
0.4860251968503937
11
0.4853591732283464
21
0.4845313779527559
0
LINE
8
BLACK
6
CONTINUOUS
10
0.4853591732283464
20
0.4845313779527559
11
0.5042066141732283
21
0.4845313779527559
0
LINE
8
BLACK
6
CONTINUOUS
10
0.5042066141732283
20
0.4845313779527559
11
0.5049535039370079
21
0.4860251968503937
0
LINE
8
BLACK
6
CONTINUOUS
10
0.5049535039370079
20
0.4860251968503937
11
0.5049535039370079
21
0.492130157480315
0
LINE
8
BLACK
6
CONTINUOUS
10
0.5049535039370079
20
0.492130157480315
11
0.5036047637795276
21
0.4948276377952756
0
LINE
8
BLACK
6
CONTINUOUS
10
0.5036047637795276
20
0.4948276377952756
11
0.5024075984251969
21
0.4960247637795275
0
LINE
8
BLACK
6
CONTINUOUS
10
0.5024075984251969
20
0.4960247637795275
11
0.4997101181102362
21
0.4973735039370079
0
LINE
8
BLACK
6
CONTINUOUS
10
0.4997101181102362
20
0.4973735039370079
11
0.4898556299212598
21
0.4973735039370079
0
LINE
8
BLACK
6
CONTINUOUS
10
0.4898556299212598
20
0.4973735039370079
11
0.4871581496062992
21
0.4960247637795275
0
LINE
8
BLACK
6
CONTINUOUS
10
0.8612798818897638
20
0.6394070078740157
11
0.8613576377952755
21
0.6394125196850393
0
LINE
8
BLACK
6
CONTINUOUS
10
0.8613576377952755
20
0.6394125196850393
11
0.8614598818897637
21
0.6393892913385827
0
LINE
8
BLACK
6
CONTINUOUS
10
0.8614598818897637
20
0.6393892913385827
11
0.8615644094488188
21
0.6393789763779527
0
LINE
8
BLACK
6
CONTINUOUS
10
0.8615644094488188
20
0.6393789763779527
11
0.8616364960629921
21
0.6393491338582677
0
LINE
8
BLACK
6
CONTINUOUS
10
0.8616364960629921
20
0.6393491338582677
11
0.8619220866141732
21
0.6392841732283464
0
LINE
8
BLACK
6
CONTINUOUS
10
0.8619220866141732
20
0.6392841732283464
11
0.8675463779527559
21
0.6374094094488189
0
LINE
8
BLACK
6
CONTINUOUS
10
0.8675463779527559
20
0.6374094094488189
11
0.8680749212598425
21
0.6371734251968504
0
LINE
8
BLACK
6
CONTINUOUS
10
0.8680749212598425
20
0.6371734251968504
11
0.868155
21
0.6371039763779528
0
LINE
8
BLACK
6
CONTINUOUS
10
0.868155
20
0.6371039763779528
11
0.8682530708661417
21
0.6370633464566929
0
LINE
8
BLACK
6
CONTINUOUS
10
0.8682530708661417
20
0.6370633464566929
11
0.8687005511811023
21
0.6366961023622048
0
LINE
8
BLACK
6
CONTINUOUS
10
0.8687005511811023
20
0.6366961023622048
11
0.8724501181102362
21
0.6329465748031496
0
LINE
8
BLACK
6
CONTINUOUS
10
0.8724501181102362
20
0.6329465748031496
11
0.8728173622047244
21
0.6324991338582677
0
LINE
8
BLACK
6
CONTINUOUS
10
0.8728173622047244
20
0.6324991338582677
11
0.8728579527559055
21
0.6324011023622047
0
LINE
8
BLACK
6
CONTINUOUS
10
0.8728579527559055
20
0.6324011023622047
11
0.8729274409448818
21
0.6323209842519685
0
LINE
8
BLACK
6
CONTINUOUS
10
0.8729274409448818
20
0.6323209842519685
11
0.8731634251968504
21
0.6317924015748031
0
LINE
8
BLACK
6
CONTINUOUS
10
0.8731634251968504
20
0.6317924015748031
11
0.875038188976378
21
0.6261681496062992
0
LINE
8
BLACK
6
CONTINUOUS
10
0.875038188976378
20
0.6261681496062992
11
0.8751031102362204
21
0.6258825196850394
0
LINE
8
BLACK
6
CONTINUOUS
10
0.8751031102362204
20
0.6258825196850394
11
0.8751329921259843
21
0.6258104330708661
0
LINE
8
BLACK
6
CONTINUOUS
10
0.8751329921259843
20
0.6258104330708661
11
0.8751432677165354
21
0.6257059842519684
0
LINE
8
BLACK
6
CONTINUOUS
10
0.8751432677165354
20
0.6257059842519684
11
0.8751665354330709
21
0.6256037007874016
0
LINE
8
BLACK
6
CONTINUOUS
10
0.8751665354330709
20
0.6256037007874016
11
0.8751609842519685
21
0.6255259842519685
0
LINE
8
BLACK
6
CONTINUOUS
10
0.8751609842519685
20
0.6255259842519685
11
0.8751897244094488
21
0.6252343700787402
0
LINE
8
BLACK
6
CONTINUOUS
10
0.8751897244094488
20
0.6252343700787402
11
0.8751897244094488
21
0.6214848425196851
0
LINE
8
BLACK
6
CONTINUOUS
10
0.8751897244094488
20
0.6214848425196851
11
0.8751329921259843
21
0.6209087795275591
0
LINE
8
BLACK
6
CONTINUOUS
10
0.8751329921259843
20
0.6209087795275591
11
0.8746920866141732
21
0.6198443700787402
0
LINE
8
BLACK
6
CONTINUOUS
10
0.8746920866141732
20
0.6198443700787402
11
0.8738774409448818
21
0.6190297244094488
0
LINE
8
BLACK
6
CONTINUOUS
10
0.8738774409448818
20
0.6190297244094488
11
0.8728130314960629
21
0.6185888188976377
0
LINE
8
BLACK
6
CONTINUOUS
10
0.8728130314960629
20
0.6185888188976377
11
0.871660905511811
21
0.6185888188976377
0
LINE
8
BLACK
6
CONTINUOUS
10
0.871660905511811
20
0.6185888188976377
11
0.8705964960629921
21
0.6190297244094488
0
LINE
8
BLACK
6
CONTINUOUS
10
0.8705964960629921
20
0.6190297244094488
11
0.8697818503937008
21
0.6198443700787402
0
LINE
8
BLACK
6
CONTINUOUS
10
0.8697818503937008
20
0.6198443700787402
11
0.8693409448818897
21
0.6209087795275591
0
LINE
8
BLACK
6
CONTINUOUS
10
0.8693409448818897
20
0.6209087795275591
11
0.8692842125984251
21
0.6214848425196851
0
LINE
8
BLACK
6
CONTINUOUS
10
0.8692842125984251
20
0.6214848425196851
11
0.8692842125984251
21
0.6247552362204725
0
LINE
8
BLACK
6
CONTINUOUS
10
0.8692842125984251
20
0.6247552362204725
11
0.8677814173228346
21
0.6292636220472441
0
LINE
8
BLACK
6
CONTINUOUS
10
0.8677814173228346
20
0.6292636220472441
11
0.8650175984251969
21
0.6320274015748031
0
LINE
8
BLACK
6
CONTINUOUS
10
0.8650175984251969
20
0.6320274015748031
11
0.8605092125984252
21
0.6335301968503937
0
LINE
8
BLACK
6
CONTINUOUS
10
0.8605092125984252
20
0.6335301968503937
11
0.8328668897637795
21
0.6335301968503937
0
LINE
8
BLACK
6
CONTINUOUS
10
0.8328668897637795
20
0.6335301968503937
11
0.8322908267716536
21
0.6335869291338583
0
LINE
8
BLACK
6
CONTINUOUS
10
0.8322908267716536
20
0.6335869291338583
11
0.8312264173228346
21
0.6340278346456693
0
LINE
8
BLACK
6
CONTINUOUS
10
0.8312264173228346
20
0.6340278346456693
11
0.8304117716535433
21
0.6348424803149606
0
LINE
8
BLACK
6
CONTINUOUS
10
0.8304117716535433
20
0.6348424803149606
11
0.8299708661417322
21
0.6359068897637795
0
LINE
8
BLACK
6
CONTINUOUS
10
0.8299708661417322
20
0.6359068897637795
11
0.8299708661417322
21
0.6370590157480315
0
LINE
8
BLACK
6
CONTINUOUS
10
0.8299708661417322
20
0.6370590157480315
11
0.8304117716535433
21
0.6381234251968504
0
LINE
8
BLACK
6
CONTINUOUS
10
0.8304117716535433
20
0.6381234251968504
11
0.8312264173228346
21
0.6389380708661417
0
LINE
8
BLACK
6
CONTINUOUS
10
0.8312264173228346
20
0.6389380708661417
11
0.8322908267716536
21
0.6393789763779527
0
LINE
8
BLACK
6
CONTINUOUS
10
0.8322908267716536
20
0.6393789763779527
11
0.8328668897637795
21
0.6394357086614173
0
LINE
8
BLACK
6
CONTINUOUS
10
0.8328668897637795
20
0.6394357086614173
11
0.8609883464566929
21
0.6394357086614173
0
LINE
8
BLACK
6
CONTINUOUS
10
0.8609883464566929
20
0.6394357086614173
11
0.8612798818897638
21
0.6394070078740157
0
LINE
8
BLACK
6
CONTINUOUS
10
0.865313937007874
20
0.6787490551181102
11
0.8654119291338582
21
0.6787084645669291
0
LINE
8
BLACK
6
CONTINUOUS
10
0.8654119291338582
20
0.6787084645669291
11
0.8655177559055118
21
0.6787009448818897
0
LINE
8
BLACK
6
CONTINUOUS
10
0.8655177559055118
20
0.6787009448818897
11
0.8660583858267716
21
0.6784940551181102
0
LINE
8
BLACK
6
CONTINUOUS
10
0.8660583858267716
20
0.6784940551181102
11
0.8698079133858267
21
0.6766192913385827
0
LINE
8
BLACK
6
CONTINUOUS
10
0.8698079133858267
20
0.6766192913385827
11
0.8700557874015747
21
0.6764632677165354
0
LINE
8
BLACK
6
CONTINUOUS
10
0.8700557874015747
20
0.6764632677165354
11
0.8701278346456692
21
0.6764334251968503
0
LINE
8
BLACK
6
CONTINUOUS
10
0.8701278346456692
20
0.6764334251968503
11
0.8702088582677165
21
0.6763669291338582
0
LINE
8
BLACK
6
CONTINUOUS
10
0.8702088582677165
20
0.6763669291338582
11
0.8702977952755905
21
0.6763109448818897
0
LINE
8
BLACK
6
CONTINUOUS
10
0.8702977952755905
20
0.6763109448818897
11
0.870348937007874
21
0.676251968503937
0
LINE
8
BLACK
6
CONTINUOUS
10
0.870348937007874
20
0.676251968503937
11
0.8705752755905511
21
0.6760662204724409
0
LINE
8
BLACK
6
CONTINUOUS
10
0.8705752755905511
20
0.6760662204724409
11
0.8724500787401575
21
0.6741914566929134
0
LINE
8
BLACK
6
CONTINUOUS
10
0.8724500787401575
20
0.6741914566929134
11
0.8726358267716535
21
0.6739651181102362
0
LINE
8
BLACK
6
CONTINUOUS
10
0.8726358267716535
20
0.6739651181102362
11
0.8726948818897637
21
0.6739138976377953
0
LINE
8
BLACK
6
CONTINUOUS
10
0.8726948818897637
20
0.6739138976377953
11
0.8727508661417323
21
0.6738249606299213
0
LINE
8
BLACK
6
CONTINUOUS
10
0.8727508661417323
20
0.6738249606299213
11
0.8728173228346456
21
0.6737439763779527
0
LINE
8
BLACK
6
CONTINUOUS
10
0.8728173228346456
20
0.6737439763779527
11
0.872847125984252
21
0.6736720472440945
0
LINE
8
BLACK
6
CONTINUOUS
10
0.872847125984252
20
0.6736720472440945
11
0.8730032283464567
21
0.6734240157480315
0
LINE
8
BLACK
6
CONTINUOUS
10
0.8730032283464567
20
0.6734240157480315
11
0.8748779921259843
21
0.6696744881889763
0
LINE
8
BLACK
6
CONTINUOUS
10
0.8748779921259843
20
0.6696744881889763
11
0.8750848818897637
21
0.6691338976377953
0
LINE
8
BLACK
6
CONTINUOUS
10
0.8750848818897637
20
0.6691338976377953
11
0.8750924015748032
21
0.6690280314960629
0
LINE
8
BLACK
6
CONTINUOUS
10
0.8750924015748032
20
0.6690280314960629
11
0.8751329921259843
21
0.6689300393700788
0
LINE
8
BLACK
6
CONTINUOUS
10
0.8751329921259843
20
0.6689300393700788
11
0.8751897244094488
21
0.6683539763779527
0
LINE
8
BLACK
6
CONTINUOUS
10
0.8751897244094488
20
0.6683539763779527
11
0.8751897244094488
21
0.6608549212598425
0
LINE
8
BLACK
6
CONTINUOUS
10
0.8751897244094488
20
0.6608549212598425
11
0.8751329921259843
21
0.6602788582677165
0
LINE
8
BLACK
6
CONTINUOUS
10
0.8751329921259843
20
0.6602788582677165
11
0.8750924015748032
21
0.660180905511811
0
LINE
8
BLACK
6
CONTINUOUS
10
0.8750924015748032
20
0.660180905511811
11
0.8750848818897637
21
0.660075
0
LINE
8
BLACK
6
CONTINUOUS
10
0.8750848818897637
20
0.660075
11
0.8748779921259843
21
0.6595344094488189
0
LINE
8
BLACK
6
CONTINUOUS
10
0.8748779921259843
20
0.6595344094488189
11
0.8730032283464567
21
0.6557848818897638
0
LINE
8
BLACK
6
CONTINUOUS
10
0.8730032283464567
20
0.6557848818897638
11
0.872847125984252
21
0.6555368897637796
0
LINE
8
BLACK
6
CONTINUOUS
10
0.872847125984252
20
0.6555368897637796
11
0.8728173228346456
21
0.6554649212598425
0
LINE
8
BLACK
6
CONTINUOUS
10
0.8728173228346456
20
0.6554649212598425
11
0.8727508661417323
21
0.6553839763779528
0
LINE
8
BLACK
6
CONTINUOUS
10
0.8727508661417323
20
0.6553839763779528
11
0.8726948818897637
21
0.655295
0
LINE
8
BLACK
6
CONTINUOUS
10
0.8726948818897637
20
0.655295
11
0.8726358267716535
21
0.6552438188976378
0
LINE
8
BLACK
6
CONTINUOUS
10
0.8726358267716535
20
0.6552438188976378
11
0.8724500787401575
21
0.6550174409448819
0
LINE
8
BLACK
6
CONTINUOUS
10
0.8724500787401575
20
0.6550174409448819
11
0.8705752755905511
21
0.6531426771653543
0
LINE
8
BLACK
6
CONTINUOUS
10
0.8705752755905511
20
0.6531426771653543
11
0.870348937007874
21
0.652956968503937
0
LINE
8
BLACK
6
CONTINUOUS
10
0.870348937007874
20
0.652956968503937
11
0.8702977952755905
21
0.6528979527559055
0
LINE
8
BLACK
6
CONTINUOUS
10
0.8702977952755905
20
0.6528979527559055
11
0.8702088582677165
21
0.6528420078740157
0
LINE
8
BLACK
6
CONTINUOUS
10
0.8702088582677165
20
0.6528420078740157
11
0.8701278346456692
21
0.6527754724409449
0
LINE
8
BLACK
6
CONTINUOUS
10
0.8701278346456692
20
0.6527754724409449
11
0.8700557874015747
21
0.6527456692913386
0
LINE
8
BLACK
6
CONTINUOUS
10
0.8700557874015747
20
0.6527456692913386
11
0.8698079133858267
21
0.6525896062992126
0
LINE
8
BLACK
6
CONTINUOUS
10
0.8698079133858267
20
0.6525896062992126
11
0.8660583858267716
21
0.650714842519685
0
LINE
8
BLACK
6
CONTINUOUS
10
0.8660583858267716
20
0.650714842519685
11
0.8655177559055118
21
0.6505079527559054
0
LINE
8
BLACK
6
CONTINUOUS
10
0.8655177559055118
20
0.6505079527559054
11
0.8654119291338582
21
0.6505004724409449
0
LINE
8
BLACK
6
CONTINUOUS
10
0.8654119291338582
20
0.6505004724409449
11
0.865313937007874
21
0.650459842519685
0
LINE
8
BLACK
6
CONTINUOUS
10
0.865313937007874
20
0.650459842519685
11
0.864737874015748
21
0.6504031102362204
0
LINE
8
BLACK
6
CONTINUOUS
10
0.864737874015748
20
0.6504031102362204
11
0.8497397637795275
21
0.6504031102362204
0
LINE
8
BLACK
6
CONTINUOUS
10
0.8497397637795275
20
0.6504031102362204
11
0.8496392125984252
21
0.650413031496063
0
LINE
8
BLACK
6
CONTINUOUS
10
0.8496392125984252
20
0.650413031496063
11
0.8495962204724409
21
0.6504066141732283
0
LINE
8
BLACK
6
CONTINUOUS
10
0.8495962204724409
20
0.6504066141732283
11
0.8493807086614173
21
0.6504385039370079
0
LINE
8
BLACK
6
CONTINUOUS
10
0.8493807086614173
20
0.6504385039370079
11
0.8491637007874016
21
0.650459842519685
0
LINE
8
BLACK
6
CONTINUOUS
10
0.8491637007874016
20
0.650459842519685
11
0.8491234645669291
21
0.6504764960629921
0
LINE
8
BLACK
6
CONTINUOUS
10
0.8491234645669291
20
0.6504764960629921
11
0.849023622047244
21
0.6504912598425197
0
LINE
8
BLACK
6
CONTINUOUS
10
0.849023622047244
20
0.6504912598425197
11
0.8415245669291338
21
0.6523660236220472
0
LINE
8
BLACK
6
CONTINUOUS
10
0.8415245669291338
20
0.6523660236220472
11
0.8411850393700787
21
0.6524873622047244
0
LINE
8
BLACK
6
CONTINUOUS
10
0.8411850393700787
20
0.6524873622047244
11
0.841113622047244
21
0.6525014566929134
0
LINE
8
BLACK
6
CONTINUOUS
10
0.841113622047244
20
0.6525014566929134
11
0.8410488188976378
21
0.6525360236220472
0
LINE
8
BLACK
6
CONTINUOUS
10
0.8410488188976378
20
0.6525360236220472
11
0.8409794488188976
21
0.6525607874015747
0
LINE
8
BLACK
6
CONTINUOUS
10
0.8409794488188976
20
0.6525607874015747
11
0.8409207086614173
21
0.6526043307086614
0
LINE
8
BLACK
6
CONTINUOUS
10
0.8409207086614173
20
0.6526043307086614
11
0.8406028346456693
21
0.652773779527559
0
LINE
8
BLACK
6
CONTINUOUS
10
0.8406028346456693
20
0.652773779527559
11
0.8349785039370079
21
0.6565233070866141
0
LINE
8
BLACK
6
CONTINUOUS
10
0.8349785039370079
20
0.6565233070866141
11
0.834976811023622
21
0.6565246850393701
0
LINE
8
BLACK
6
CONTINUOUS
10
0.834976811023622
20
0.6565246850393701
11
0.8349759448818898
21
0.6565250393700788
0
LINE
8
BLACK
6
CONTINUOUS
10
0.8349759448818898
20
0.6565250393700788
11
0.8347606299212599
21
0.6567017716535433
0
LINE
8
BLACK
6
CONTINUOUS
10
0.8347606299212599
20
0.6567017716535433
11
0.8345306692913386
21
0.6568900787401575
0
LINE
8
BLACK
6
CONTINUOUS
10
0.8345306692913386
20
0.6568900787401575
11
0.8345300787401575
21
0.6568909448818897
0
LINE
8
BLACK
6
CONTINUOUS
10
0.8345300787401575
20
0.6568909448818897
11
0.8345285039370078
21
0.6568922440944882
0
LINE
8
BLACK
6
CONTINUOUS
10
0.8345285039370078
20
0.6568922440944882
11
0.8326537401574803
21
0.6587670078740158
0
LINE
8
BLACK
6
CONTINUOUS
10
0.8326537401574803
20
0.6587670078740158
11
0.8324679527559055
21
0.6589933858267717
0
LINE
8
BLACK
6
CONTINUOUS
10
0.8324679527559055
20
0.6589933858267717
11
0.8324089763779527
21
0.6590445275590551
0
LINE
8
BLACK
6
CONTINUOUS
10
0.8324089763779527
20
0.6590445275590551
11
0.8323529921259842
21
0.6591335039370079
0
LINE
8
BLACK
6
CONTINUOUS
10
0.8323529921259842
20
0.6591335039370079
11
0.8322865354330709
21
0.6592144488188976
0
LINE
8
BLACK
6
CONTINUOUS
10
0.8322865354330709
20
0.6592144488188976
11
0.8322566929133858
21
0.6592864173228347
0
LINE
8
BLACK
6
CONTINUOUS
10
0.8322566929133858
20
0.6592864173228347
11
0.8321006299212598
21
0.6595344094488189
0
LINE
8
BLACK
6
CONTINUOUS
10
0.8321006299212598
20
0.6595344094488189
11
0.8302258661417322
21
0.663283937007874
0
LINE
8
BLACK
6
CONTINUOUS
10
0.8302258661417322
20
0.663283937007874
11
0.8300189763779527
21
0.6638245669291338
0
LINE
8
BLACK
6
CONTINUOUS
10
0.8300189763779527
20
0.6638245669291338
11
0.8300114566929133
21
0.6639303937007874
0
LINE
8
BLACK
6
CONTINUOUS
10
0.8300114566929133
20
0.6639303937007874
11
0.8299708661417322
21
0.6640283858267716
0
LINE
8
BLACK
6
CONTINUOUS
10
0.8299708661417322
20
0.6640283858267716
11
0.8299141338582677
21
0.6646044488188976
0
LINE
8
BLACK
6
CONTINUOUS
10
0.8299141338582677
20
0.6646044488188976
11
0.8299141338582677
21
0.6721035039370079
0
LINE
8
BLACK
6
CONTINUOUS
10
0.8299141338582677
20
0.6721035039370079
11
0.8299708661417322
21
0.6726795669291339
0
LINE
8
BLACK
6
CONTINUOUS
10
0.8299708661417322
20
0.6726795669291339
11
0.8304117716535433
21
0.6737439763779527
0
LINE
8
BLACK
6
CONTINUOUS
10
0.8304117716535433
20
0.6737439763779527
11
0.8312264173228346
21
0.674558622047244
0
LINE
8
BLACK
6
CONTINUOUS
10
0.8312264173228346
20
0.674558622047244
11
0.8322908267716536
21
0.6749995275590551
0
LINE
8
BLACK
6
CONTINUOUS
10
0.8322908267716536
20
0.6749995275590551
11
0.8334429527559055
21
0.6749995275590551
0
LINE
8
BLACK
6
CONTINUOUS
10
0.8334429527559055
20
0.6749995275590551
11
0.8345073622047244
21
0.674558622047244
0
LINE
8
BLACK
6
CONTINUOUS
10
0.8345073622047244
20
0.674558622047244
11
0.8353220078740158
21
0.6737439763779527
0
LINE
8
BLACK
6
CONTINUOUS
10
0.8353220078740158
20
0.6737439763779527
11
0.8357629133858268
21
0.6726795669291339
0
LINE
8
BLACK
6
CONTINUOUS
10
0.8357629133858268
20
0.6726795669291339
11
0.8358196456692913
21
0.6721035039370079
0
LINE
8
BLACK
6
CONTINUOUS
10
0.8358196456692913
20
0.6721035039370079
11
0.8358196456692913
21
0.6653014960629922
0
LINE
8
BLACK
6
CONTINUOUS
10
0.8358196456692913
20
0.6653014960629922
11
0.8371683858267717
21
0.6626040157480315
0
LINE
8
BLACK
6
CONTINUOUS
10
0.8371683858267717
20
0.6626040157480315
11
0.8384975196850394
21
0.6612748818897638
0
LINE
8
BLACK
6
CONTINUOUS
10
0.8384975196850394
20
0.6612748818897638
11
0.8434530708661417
21
0.6579711811023622
0
LINE
8
BLACK
6
CONTINUOUS
10
0.8434530708661417
20
0.6579711811023622
11
0.8463702362204725
21
0.6572418897637795
0
LINE
8
BLACK
6
CONTINUOUS
10
0.8463702362204725
20
0.6572418897637795
11
0.8452239763779528
21
0.6595344094488189
0
LINE
8
BLACK
6
CONTINUOUS
10
0.8452239763779528
20
0.6595344094488189
11
0.8450170866141732
21
0.6600750393700787
0
LINE
8
BLACK
6
CONTINUOUS
10
0.8450170866141732
20
0.6600750393700787
11
0.8450095669291339
21
0.6601808661417322
0
LINE
8
BLACK
6
CONTINUOUS
10
0.8450095669291339
20
0.6601808661417322
11
0.8449689763779528
21
0.6602788582677165
0
LINE
8
BLACK
6
CONTINUOUS
10
0.8449689763779528
20
0.6602788582677165
11
0.8449122440944882
21
0.6608549212598425
0
LINE
8
BLACK
6
CONTINUOUS
10
0.8449122440944882
20
0.6608549212598425
11
0.8449122440944882
21
0.6683539763779527
0
LINE
8
BLACK
6
CONTINUOUS
10
0.8449122440944882
20
0.6683539763779527
11
0.8449689763779528
21
0.6689300393700788
0
LINE
8
BLACK
6
CONTINUOUS
10
0.8449689763779528
20
0.6689300393700788
11
0.8450095669291339
21
0.6690280708661417
0
LINE
8
BLACK
6
CONTINUOUS
10
0.8450095669291339
20
0.6690280708661417
11
0.8450170866141732
21
0.6691338582677165
0
LINE
8
BLACK
6
CONTINUOUS
10
0.8450170866141732
20
0.6691338582677165
11
0.8452239763779528
21
0.6696744881889763
0
LINE
8
BLACK
6
CONTINUOUS
10
0.8452239763779528
20
0.6696744881889763
11
0.8470987401574803
21
0.6734240157480315
0
LINE
8
BLACK
6
CONTINUOUS
10
0.8470987401574803
20
0.6734240157480315
11
0.8472548031496063
21
0.6736720472440945
0
LINE
8
BLACK
6
CONTINUOUS
10
0.8472548031496063
20
0.6736720472440945
11
0.8472846456692913
21
0.6737439763779527
0
LINE
8
BLACK
6
CONTINUOUS
10
0.8472846456692913
20
0.6737439763779527
11
0.8473511023622047
21
0.6738249606299213
0
LINE
8
BLACK
6
CONTINUOUS
10
0.8473511023622047
20
0.6738249606299213
11
0.8474070866141732
21
0.6739138976377953
0
LINE
8
BLACK
6
CONTINUOUS
10
0.8474070866141732
20
0.6739138976377953
11
0.847466062992126
21
0.6739650787401574
0
LINE
8
BLACK
6
CONTINUOUS
10
0.847466062992126
20
0.6739650787401574
11
0.8476518503937007
21
0.6741914173228346
0
LINE
8
BLACK
6
CONTINUOUS
10
0.8476518503937007
20
0.6741914173228346
11
0.8495266141732283
21
0.6760661811023622
0
LINE
8
BLACK
6
CONTINUOUS
10
0.8495266141732283
20
0.6760661811023622
11
0.8497529527559055
21
0.676251968503937
0
LINE
8
BLACK
6
CONTINUOUS
10
0.8497529527559055
20
0.676251968503937
11
0.8498041338582677
21
0.6763109448818897
0
LINE
8
BLACK
6
CONTINUOUS
10
0.8498041338582677
20
0.6763109448818897
11
0.8498930708661417
21
0.6763669291338582
0
LINE
8
BLACK
6
CONTINUOUS
10
0.8498930708661417
20
0.6763669291338582
11
0.8499740551181102
21
0.6764333858267716
0
LINE
8
BLACK
6
CONTINUOUS
10
0.8499740551181102
20
0.6764333858267716
11
0.8500459842519685
21
0.6764632283464567
0
LINE
8
BLACK
6
CONTINUOUS
10
0.8500459842519685
20
0.6764632283464567
11
0.8502940157480314
21
0.6766192913385827
0
LINE
8
BLACK
6
CONTINUOUS
10
0.8502940157480314
20
0.6766192913385827
11
0.8540435433070866
21
0.6784940551181102
0
LINE
8
BLACK
6
CONTINUOUS
10
0.8540435433070866
20
0.6784940551181102
11
0.8545841338582677
21
0.6787009448818897
0
LINE
8
BLACK
6
CONTINUOUS
10
0.8545841338582677
20
0.6787009448818897
11
0.8546899999999999
21
0.6787085039370079
0
LINE
8
BLACK
6
CONTINUOUS
10
0.8546899999999999
20
0.6787085039370079
11
0.8547879921259842
21
0.6787490551181102
0
LINE
8
BLACK
6
CONTINUOUS
10
0.8547879921259842
20
0.6787490551181102
11
0.8553640551181102
21
0.6788057874015748
0
LINE
8
BLACK
6
CONTINUOUS
10
0.8553640551181102
20
0.6788057874015748
11
0.864737874015748
21
0.6788057874015748
0
LINE
8
BLACK
6
CONTINUOUS
10
0.864737874015748
20
0.6788057874015748
11
0.865313937007874
21
0.6787490551181102
0
LINE
8
BLACK
6
CONTINUOUS
10
0.853363622047244
20
0.6715515354330709
11
0.8521664960629921
21
0.6703544094488189
0
LINE
8
BLACK
6
CONTINUOUS
10
0.8521664960629921
20
0.6703544094488189
11
0.8508177559055118
21
0.6676569291338582
0
LINE
8
BLACK
6
CONTINUOUS
10
0.8508177559055118
20
0.6676569291338582
11
0.8508177559055118
21
0.6615519685039369
0
LINE
8
BLACK
6
CONTINUOUS
10
0.8508177559055118
20
0.6615519685039369
11
0.8521664960629921
21
0.6588544881889764
0
LINE
8
BLACK
6
CONTINUOUS
10
0.8521664960629921
20
0.6588544881889764
11
0.853363622047244
21
0.6576573622047244
0
LINE
8
BLACK
6
CONTINUOUS
10
0.853363622047244
20
0.6576573622047244
11
0.8560611023622047
21
0.6563086220472441
0
LINE
8
BLACK
6
CONTINUOUS
10
0.8560611023622047
20
0.6563086220472441
11
0.8640408267716535
21
0.6563086220472441
0
LINE
8
BLACK
6
CONTINUOUS
10
0.8640408267716535
20
0.6563086220472441
11
0.8667383070866141
21
0.6576574015748031
0
LINE
8
BLACK
6
CONTINUOUS
10
0.8667383070866141
20
0.6576574015748031
11
0.8679354724409448
21
0.658854527559055
0
LINE
8
BLACK
6
CONTINUOUS
10
0.8679354724409448
20
0.658854527559055
11
0.8692842125984251
21
0.6615519685039369
0
LINE
8
BLACK
6
CONTINUOUS
10
0.8692842125984251
20
0.6615519685039369
11
0.8692842125984251
21
0.6676569291338582
0
LINE
8
BLACK
6
CONTINUOUS
10
0.8692842125984251
20
0.6676569291338582
11
0.8679354724409448
21
0.6703544094488189
0
LINE
8
BLACK
6
CONTINUOUS
10
0.8679354724409448
20
0.6703544094488189
11
0.8667383070866141
21
0.6715515354330709
0
LINE
8
BLACK
6
CONTINUOUS
10
0.8667383070866141
20
0.6715515354330709
11
0.8640408267716535
21
0.6729002755905512
0
LINE
8
BLACK
6
CONTINUOUS
10
0.8640408267716535
20
0.6729002755905512
11
0.8560611023622047
21
0.6729002755905512
0
LINE
8
BLACK
6
CONTINUOUS
10
0.8560611023622047
20
0.6729002755905512
11
0.853363622047244
21
0.6715515354330709
0
LINE
8
BLACK
6
CONTINUOUS
10
0.9515407086614173
20
0.8138265354330708
11
0.9526060629921259
21
0.8127611811023622
0
LINE
8
BLACK
6
CONTINUOUS
10
0.9526060629921259
20
0.8127611811023622
11
0.952755905511811
21
0.812007874015748
0
LINE
8
BLACK
6
CONTINUOUS
10
0.952755905511811
20
0.812007874015748
11
0.952755905511811
21
0.4872047244094488
0
LINE
8
BLACK
6
CONTINUOUS
10
0.952755905511811
20
0.4872047244094488
11
0.9526060629921259
21
0.4864514173228346
0
LINE
8
BLACK
6
CONTINUOUS
10
0.9526060629921259
20
0.4864514173228346
11
0.9515407086614173
21
0.485386062992126
0
LINE
8
BLACK
6
CONTINUOUS
10
0.9515407086614173
20
0.485386062992126
11
0.9507874015748031
21
0.4852362204724409
0
LINE
8
BLACK
6
CONTINUOUS
10
0.9507874015748031
20
0.4852362204724409
11
0.7913385826771653
21
0.4852362204724409
0
LINE
8
BLACK
6
CONTINUOUS
10
0.7913385826771653
20
0.4852362204724409
11
0.7905852755905511
21
0.485386062992126
0
LINE
8
BLACK
6
CONTINUOUS
10
0.7905852755905511
20
0.485386062992126
11
0.7895199212598425
21
0.4864514173228346
0
LINE
8
BLACK
6
CONTINUOUS
10
0.7895199212598425
20
0.4864514173228346
11
0.7893700787401574
21
0.4872047244094488
0
LINE
8
BLACK
6
CONTINUOUS
10
0.7893700787401574
20
0.4872047244094488
11
0.7893700787401574
21
0.812007874015748
0
LINE
8
BLACK
6
CONTINUOUS
10
0.7893700787401574
20
0.812007874015748
11
0.7895199212598425
21
0.8127611811023622
0
LINE
8
BLACK
6
CONTINUOUS
10
0.7895199212598425
20
0.8127611811023622
11
0.7905852755905511
21
0.8138265354330708
0
LINE
8
BLACK
6
CONTINUOUS
10
0.7905852755905511
20
0.8138265354330708
11
0.7913385826771653
21
0.8139763779527559
0
LINE
8
BLACK
6
CONTINUOUS
10
0.7913385826771653
20
0.8139763779527559
11
0.9507874015748031
21
0.8139763779527559
0
LINE
8
BLACK
6
CONTINUOUS
10
0.9507874015748031
20
0.8139763779527559
11
0.9515407086614173
21
0.8138265354330708
0
LINE
8
BLACK
6
CONTINUOUS
10
0.7933070866141733
20
0.8100393700787402
11
0.7933070866141733
21
0.5964914566929134
0
LINE
8
BLACK
6
CONTINUOUS
10
0.7933070866141733
20
0.5964914566929134
11
0.8203139763779528
21
0.5773946850393701
0
LINE
8
BLACK
6
CONTINUOUS
10
0.8203139763779528
20
0.5773946850393701
11
0.8208425196850394
21
0.5768374015748031
0
LINE
8
BLACK
6
CONTINUOUS
10
0.8208425196850394
20
0.5768374015748031
11
0.8209001968503937
21
0.5765011023622048
0
LINE
8
BLACK
6
CONTINUOUS
10
0.8209001968503937
20
0.5765011023622048
11
0.8210973228346456
21
0.5762223622047244
0
LINE
8
BLACK
6
CONTINUOUS
10
0.8210973228346456
20
0.5762223622047244
11
0.8210226771653543
21
0.5757874015748031
0
LINE
8
BLACK
6
CONTINUOUS
10
0.8210226771653543
20
0.5757874015748031
11
0.8210973228346456
21
0.5753524409448819
0
LINE
8
BLACK
6
CONTINUOUS
10
0.8210973228346456
20
0.5753524409448819
11
0.8209001968503937
21
0.5750737401574803
0
LINE
8
BLACK
6
CONTINUOUS
10
0.8209001968503937
20
0.5750737401574803
11
0.8208425196850394
21
0.5747374015748031
0
LINE
8
BLACK
6
CONTINUOUS
10
0.8208425196850394
20
0.5747374015748031
11
0.8203139763779528
21
0.5741801181102362
0
LINE
8
BLACK
6
CONTINUOUS
10
0.8203139763779528
20
0.5741801181102362
11
0.7933070866141733
21
0.5550833858267716
0
LINE
8
BLACK
6
CONTINUOUS
10
0.7933070866141733
20
0.5550833858267716
11
0.7933070866141733
21
0.4891732283464567
0
LINE
8
BLACK
6
CONTINUOUS
10
0.7933070866141733
20
0.4891732283464567
11
0.9488188976377953
21
0.4891732283464567
0
LINE
8
BLACK
6
CONTINUOUS
10
0.9488188976377953
20
0.4891732283464567
11
0.9488188976377953
21
0.8100393700787402
0
LINE
8
BLACK
6
CONTINUOUS
10
0.9488188976377953
20
0.8100393700787402
11
0.7933070866141733
21
0.8100393700787402
0
LINE
8
BLACK
6
CONTINUOUS
10
0.7933070866141733
20
0.5599052755905511
11
0.815767874015748
21
0.5757874015748031
0
LINE
8
BLACK
6
CONTINUOUS
10
0.815767874015748
20
0.5757874015748031
11
0.7933070866141733
21
0.5916695669291339
0
LINE
8
BLACK
6
CONTINUOUS
10
0.7933070866141733
20
0.5916695669291339
11
0.7933070866141733
21
0.5599052755905511
0
LINE
8
BLACK
6
CONTINUOUS
10
1.0108826377952755
20
0.5241277559055117
11
1.0109256692913386
21
0.5241341338582677
0
LINE
8
BLACK
6
CONTINUOUS
10
1.0109256692913386
20
0.5241341338582677
11
1.0111411417322835
21
0.5241022834645669
0
LINE
8
BLACK
6
CONTINUOUS
10
1.0111411417322835
20
0.5241022834645669
11
1.0113581889763779
21
0.524080905511811
0
LINE
8
BLACK
6
CONTINUOUS
10
1.0113581889763779
20
0.524080905511811
11
1.0113983858267717
21
0.5240642913385827
0
LINE
8
BLACK
6
CONTINUOUS
10
1.0113983858267717
20
0.5240642913385827
11
1.0114982677165354
21
0.5240494881889763
0
LINE
8
BLACK
6
CONTINUOUS
10
1.0114982677165354
20
0.5240494881889763
11
1.0189973228346456
21
0.5221747244094488
0
LINE
8
BLACK
6
CONTINUOUS
10
1.0189973228346456
20
0.5221747244094488
11
1.0190398031496062
21
0.5221595669291339
0
LINE
8
BLACK
6
CONTINUOUS
10
1.0190398031496062
20
0.5221595669291339
11
1.019061062992126
21
0.522158031496063
0
LINE
8
BLACK
6
CONTINUOUS
10
1.019061062992126
20
0.522158031496063
11
1.0193004724409449
21
0.5220664173228347
0
LINE
8
BLACK
6
CONTINUOUS
10
1.0193004724409449
20
0.5220664173228347
11
1.0195424409448819
21
0.5219799606299212
0
LINE
8
BLACK
6
CONTINUOUS
10
1.0195424409448819
20
0.5219799606299212
11
1.0195595669291337
21
0.5219672834645669
0
LINE
8
BLACK
6
CONTINUOUS
10
1.0195595669291337
20
0.5219672834645669
11
1.0196016929133858
21
0.5219511417322834
0
LINE
8
BLACK
6
CONTINUOUS
10
1.0196016929133858
20
0.5219511417322834
11
1.0233512204724409
21
0.5200763779527559
0
LINE
8
BLACK
6
CONTINUOUS
10
1.0233512204724409
20
0.5200763779527559
11
1.023599094488189
21
0.5199203543307086
0
LINE
8
BLACK
6
CONTINUOUS
10
1.023599094488189
20
0.5199203543307086
11
1.0236711417322835
21
0.5198905118110236
0
LINE
8
BLACK
6
CONTINUOUS
10
1.0236711417322835
20
0.5198905118110236
11
1.0237521653543307
21
0.5198240157480315
0
LINE
8
BLACK
6
CONTINUOUS
10
1.0237521653543307
20
0.5198240157480315
11
1.0238411023622047
21
0.519768031496063
0
LINE
8
BLACK
6
CONTINUOUS
10
1.0238411023622047
20
0.519768031496063
11
1.0238922440944882
21
0.5197090551181103
0
LINE
8
BLACK
6
CONTINUOUS
10
1.0238922440944882
20
0.5197090551181103
11
1.0241185826771653
21
0.5195233070866142
0
LINE
8
BLACK
6
CONTINUOUS
10
1.0241185826771653
20
0.5195233070866142
11
1.0259933858267716
21
0.5176485433070867
0
LINE
8
BLACK
6
CONTINUOUS
10
1.0259933858267716
20
0.5176485433070867
11
1.0261791338582678
21
0.5174222047244095
0
LINE
8
BLACK
6
CONTINUOUS
10
1.0261791338582678
20
0.5174222047244095
11
1.0262381889763779
21
0.5173709842519685
0
LINE
8
BLACK
6
CONTINUOUS
10
1.0262381889763779
20
0.5173709842519685
11
1.0262941732283464
21
0.5172820472440944
0
LINE
8
BLACK
6
CONTINUOUS
10
1.0262941732283464
20
0.5172820472440944
11
1.0263606299212598
21
0.517201062992126
0
LINE
8
BLACK
6
CONTINUOUS
10
1.0263606299212598
20
0.517201062992126
11
1.0263904330708662
21
0.5171291338582678
0
LINE
8
BLACK
6
CONTINUOUS
10
1.0263904330708662
20
0.5171291338582678
11
1.026546535433071
21
0.5168811023622047
0
LINE
8
BLACK
6
CONTINUOUS
10
1.026546535433071
20
0.5168811023622047
11
1.0284212992125985
21
0.5131315748031496
0
LINE
8
BLACK
6
CONTINUOUS
10
1.0284212992125985
20
0.5131315748031496
11
1.028628188976378
21
0.5125909842519685
0
LINE
8
BLACK
6
CONTINUOUS
10
1.028628188976378
20
0.5125909842519685
11
1.0286357086614173
21
0.5124851181102362
0
LINE
8
BLACK
6
CONTINUOUS
10
1.0286357086614173
20
0.5124851181102362
11
1.0286762992125984
21
0.512387125984252
0
LINE
8
BLACK
6
CONTINUOUS
10
1.0286762992125984
20
0.512387125984252
11
1.028733031496063
21
0.511811062992126
0
LINE
8
BLACK
6
CONTINUOUS
10
1.028733031496063
20
0.511811062992126
11
1.028733031496063
21
0.5080615354330709
0
LINE
8
BLACK
6
CONTINUOUS
10
1.028733031496063
20
0.5080615354330709
11
1.0286762992125984
21
0.5074854724409449
0
LINE
8
BLACK
6
CONTINUOUS
10
1.0286762992125984
20
0.5074854724409449
11
1.0286357086614173
21
0.5073875196850394
0
LINE
8
BLACK
6
CONTINUOUS
10
1.0286357086614173
20
0.5073875196850394
11
1.028628188976378
21
0.5072816141732284
0
LINE
8
BLACK
6
CONTINUOUS
10
1.028628188976378
20
0.5072816141732284
11
1.0284212992125985
21
0.5067410236220472
0
LINE
8
BLACK
6
CONTINUOUS
10
1.0284212992125985
20
0.5067410236220472
11
1.026546535433071
21
0.5029914960629921
0
LINE
8
BLACK
6
CONTINUOUS
10
1.026546535433071
20
0.5029914960629921
11
1.0263904330708662
21
0.5027435039370078
0
LINE
8
BLACK
6
CONTINUOUS
10
1.0263904330708662
20
0.5027435039370078
11
1.0263606299212598
21
0.5026715354330709
0
LINE
8
BLACK
6
CONTINUOUS
10
1.0263606299212598
20
0.5026715354330709
11
1.0262941732283464
21
0.502590590551181
0
LINE
8
BLACK
6
CONTINUOUS
10
1.0262941732283464
20
0.502590590551181
11
1.0262381889763779
21
0.5025016141732284
0
LINE
8
BLACK
6
CONTINUOUS
10
1.0262381889763779
20
0.5025016141732284
11
1.0261791338582678
21
0.5024504330708661
0
LINE
8
BLACK
6
CONTINUOUS
10
1.0261791338582678
20
0.5024504330708661
11
1.0259933858267716
21
0.5022240551181102
0
LINE
8
BLACK
6
CONTINUOUS
10
1.0259933858267716
20
0.5022240551181102
11
1.0241185826771653
21
0.5003492913385826
0
LINE
8
BLACK
6
CONTINUOUS
10
1.0241185826771653
20
0.5003492913385826
11
1.0238922440944882
21
0.5001635826771653
0
LINE
8
BLACK
6
CONTINUOUS
10
1.0238922440944882
20
0.5001635826771653
11
1.0238411023622047
21
0.5001045669291339
0
LINE
8
BLACK
6
CONTINUOUS
10
1.0238411023622047
20
0.5001045669291339
11
1.0237521653543307
21
0.5000486220472441
0
LINE
8
BLACK
6
CONTINUOUS
10
1.0237521653543307
20
0.5000486220472441
11
1.0236711417322835
21
0.4999820866141732
0
LINE
8
BLACK
6
CONTINUOUS
10
1.0236711417322835
20
0.4999820866141732
11
1.023599094488189
21
0.4999522834645669
0
LINE
8
BLACK
6
CONTINUOUS
10
1.023599094488189
20
0.4999522834645669
11
1.0233512204724409
21
0.4997962204724409
0
LINE
8
BLACK
6
CONTINUOUS
10
1.0233512204724409
20
0.4997962204724409
11
1.0196016929133858
21
0.4979214566929134
0
LINE
8
BLACK
6
CONTINUOUS
10
1.0196016929133858
20
0.4979214566929134
11
1.0195595669291337
21
0.4979053543307086
0
LINE
8
BLACK
6
CONTINUOUS
10
1.0195595669291337
20
0.4979053543307086
11
1.0195424409448819
21
0.4978926377952756
0
LINE
8
BLACK
6
CONTINUOUS
10
1.0195424409448819
20
0.4978926377952756
11
1.0193004724409449
21
0.4978062204724409
0
LINE
8
BLACK
6
CONTINUOUS
10
1.0193004724409449
20
0.4978062204724409
11
1.019061062992126
21
0.4977145669291339
0
LINE
8
BLACK
6
CONTINUOUS
10
1.019061062992126
20
0.4977145669291339
11
1.0190398031496062
21
0.4977130708661417
0
LINE
8
BLACK
6
CONTINUOUS
10
1.0190398031496062
20
0.4977130708661417
11
1.0189973228346456
21
0.497697874015748
0
LINE
8
BLACK
6
CONTINUOUS
10
1.0189973228346456
20
0.497697874015748
11
1.0114982677165354
21
0.4958231102362204
0
LINE
8
BLACK
6
CONTINUOUS
10
1.0114982677165354
20
0.4958231102362204
11
1.0113983858267717
21
0.4958083464566929
0
LINE
8
BLACK
6
CONTINUOUS
10
1.0113983858267717
20
0.4958083464566929
11
1.0113581889763779
21
0.4957916929133858
0
LINE
8
BLACK
6
CONTINUOUS
10
1.0113581889763779
20
0.4957916929133858
11
1.0111411417322835
21
0.4957703543307087
0
LINE
8
BLACK
6
CONTINUOUS
10
1.0111411417322835
20
0.4957703543307087
11
1.0109256692913386
21
0.4957384645669291
0
LINE
8
BLACK
6
CONTINUOUS
10
1.0109256692913386
20
0.4957384645669291
11
1.0108826377952755
21
0.4957448818897638
0
LINE
8
BLACK
6
CONTINUOUS
10
1.0108826377952755
20
0.4957448818897638
11
1.010782125984252
21
0.4957349606299212
0
LINE
8
BLACK
6
CONTINUOUS
10
1.010782125984252
20
0.4957349606299212
11
1.0014083070866142
21
0.4957349606299212
0
LINE
8
BLACK
6
CONTINUOUS
10
1.0014083070866142
20
0.4957349606299212
11
1.0013077559055117
21
0.4957448818897638
0
LINE
8
BLACK
6
CONTINUOUS
10
1.0013077559055117
20
0.4957448818897638
11
1.0012647637795276
21
0.4957384645669291
0
LINE
8
BLACK
6
CONTINUOUS
10
1.0012647637795276
20
0.4957384645669291
11
1.0010492519685039
21
0.4957703543307087
0
LINE
8
BLACK
6
CONTINUOUS
10
1.0010492519685039
20
0.4957703543307087
11
1.0008322440944881
21
0.4957916929133858
0
LINE
8
BLACK
6
CONTINUOUS
10
1.0008322440944881
20
0.4957916929133858
11
1.0007920078740158
21
0.4958083464566929
0
LINE
8
BLACK
6
CONTINUOUS
10
1.0007920078740158
20
0.4958083464566929
11
1.0006921653543306
21
0.4958231102362204
0
LINE
8
BLACK
6
CONTINUOUS
10
1.0006921653543306
20
0.4958231102362204
11
0.9931931102362205
21
0.497697874015748
0
LINE
8
BLACK
6
CONTINUOUS
10
0.9931931102362205
20
0.497697874015748
11
0.993150590551181
21
0.4977130708661417
0
LINE
8
BLACK
6
CONTINUOUS
10
0.993150590551181
20
0.4977130708661417
11
0.9931293307086614
21
0.4977145669291339
0
LINE
8
BLACK
6
CONTINUOUS
10
0.9931293307086614
20
0.4977145669291339
11
0.9928895669291339
21
0.4978063385826771
0
LINE
8
BLACK
6
CONTINUOUS
10
0.9928895669291339
20
0.4978063385826771
11
0.9926479921259842
21
0.4978926377952756
0
LINE
8
BLACK
6
CONTINUOUS
10
0.9926479921259842
20
0.4978926377952756
11
0.9926308267716535
21
0.4979053543307086
0
LINE
8
BLACK
6
CONTINUOUS
10
0.9926308267716535
20
0.4979053543307086
11
0.9925887401574803
21
0.4979214566929134
0
LINE
8
BLACK
6
CONTINUOUS
10
0.9925887401574803
20
0.4979214566929134
11
0.9888392125984252
21
0.4997962204724409
0
LINE
8
BLACK
6
CONTINUOUS
10
0.9888392125984252
20
0.4997962204724409
11
0.9885911811023622
21
0.4999523228346456
0
LINE
8
BLACK
6
CONTINUOUS
10
0.9885911811023622
20
0.4999523228346456
11
0.9885192519685039
21
0.499982125984252
0
LINE
8
BLACK
6
CONTINUOUS
10
0.9885192519685039
20
0.499982125984252
11
0.9884382677165354
21
0.5000486220472441
0
LINE
8
BLACK
6
CONTINUOUS
10
0.9884382677165354
20
0.5000486220472441
11
0.9883493307086614
21
0.5001045669291339
0
LINE
8
BLACK
6
CONTINUOUS
10
0.9883493307086614
20
0.5001045669291339
11
0.9882981496062991
21
0.5001635826771653
0
LINE
8
BLACK
6
CONTINUOUS
10
0.9882981496062991
20
0.5001635826771653
11
0.9880718110236221
21
0.5003493307086614
0
LINE
8
BLACK
6
CONTINUOUS
10
0.9880718110236221
20
0.5003493307086614
11
0.9861970472440945
21
0.5022240944881889
0
LINE
8
BLACK
6
CONTINUOUS
10
0.9861970472440945
20
0.5022240944881889
11
0.9860112598425197
21
0.5024504724409449
0
LINE
8
BLACK
6
CONTINUOUS
10
0.9860112598425197
20
0.5024504724409449
11
0.9859522834645669
21
0.5025016141732284
0
LINE
8
BLACK
6
CONTINUOUS
10
0.9859522834645669
20
0.5025016141732284
11
0.9858962992125984
21
0.502590590551181
0
LINE
8
BLACK
6
CONTINUOUS
10
0.9858962992125984
20
0.502590590551181
11
0.985829842519685
21
0.5026715354330709
0
LINE
8
BLACK
6
CONTINUOUS
10
0.985829842519685
20
0.5026715354330709
11
0.9858
21
0.5027435039370078
0
LINE
8
BLACK
6
CONTINUOUS
10
0.9858
20
0.5027435039370078
11
0.985643937007874
21
0.5029914960629921
0
LINE
8
BLACK
6
CONTINUOUS
10
0.985643937007874
20
0.5029914960629921
11
0.9837691732283464
21
0.5067410236220472
0
LINE
8
BLACK
6
CONTINUOUS
10
0.9837691732283464
20
0.5067410236220472
11
0.9835622834645669
21
0.5072816535433071
0
LINE
8
BLACK
6
CONTINUOUS
10
0.9835622834645669
20
0.5072816535433071
11
0.9835547637795276
21
0.5073874803149606
0
LINE
8
BLACK
6
CONTINUOUS
10
0.9835547637795276
20
0.5073874803149606
11
0.9835141732283464
21
0.5074854724409449
0
LINE
8
BLACK
6
CONTINUOUS
10
0.9835141732283464
20
0.5074854724409449
11
0.9834574409448819
21
0.5080615354330709
0
LINE
8
BLACK
6
CONTINUOUS
10
0.9834574409448819
20
0.5080615354330709
11
0.9834574409448819
21
0.511811062992126
0
LINE
8
BLACK
6
CONTINUOUS
10
0.9834574409448819
20
0.511811062992126
11
0.9835141732283464
21
0.512387125984252
0
LINE
8
BLACK
6
CONTINUOUS
10
0.9835141732283464
20
0.512387125984252
11
0.9835547637795276
21
0.512485157480315
0
LINE
8
BLACK
6
CONTINUOUS
10
0.9835547637795276
20
0.512485157480315
11
0.9835622834645669
21
0.5125909448818897
0
LINE
8
BLACK
6
CONTINUOUS
10
0.9835622834645669
20
0.5125909448818897
11
0.9837691732283464
21
0.5131315748031496
0
LINE
8
BLACK
6
CONTINUOUS
10
0.9837691732283464
20
0.5131315748031496
11
0.985643937007874
21
0.5168811023622047
0
LINE
8
BLACK
6
CONTINUOUS
10
0.985643937007874
20
0.5168811023622047
11
0.9858
21
0.5171291338582678
0
LINE
8
BLACK
6
CONTINUOUS
10
0.9858
20
0.5171291338582678
11
0.985829842519685
21
0.517201062992126
0
LINE
8
BLACK
6
CONTINUOUS
10
0.985829842519685
20
0.517201062992126
11
0.9858962992125984
21
0.5172820472440944
0
LINE
8
BLACK
6
CONTINUOUS
10
0.9858962992125984
20
0.5172820472440944
11
0.9859522834645669
21
0.5173709842519685
0
LINE
8
BLACK
6
CONTINUOUS
10
0.9859522834645669
20
0.5173709842519685
11
0.9860112598425197
21
0.5174221653543307
0
LINE
8
BLACK
6
CONTINUOUS
10
0.9860112598425197
20
0.5174221653543307
11
0.9861970472440945
21
0.5176485039370079
0
LINE
8
BLACK
6
CONTINUOUS
10
0.9861970472440945
20
0.5176485039370079
11
0.9880718110236221
21
0.5195232677165355
0
LINE
8
BLACK
6
CONTINUOUS
10
0.9880718110236221
20
0.5195232677165355
11
0.9882981496062991
21
0.5197090551181103
0
LINE
8
BLACK
6
CONTINUOUS
10
0.9882981496062991
20
0.5197090551181103
11
0.9883493307086614
21
0.519768031496063
0
LINE
8
BLACK
6
CONTINUOUS
10
0.9883493307086614
20
0.519768031496063
11
0.9884382677165354
21
0.5198240157480315
0
LINE
8
BLACK
6
CONTINUOUS
10
0.9884382677165354
20
0.5198240157480315
11
0.9885192519685039
21
0.5198904724409449
0
LINE
8
BLACK
6
CONTINUOUS
10
0.9885192519685039
20
0.5198904724409449
11
0.9885911811023622
21
0.51992031496063
0
LINE
8
BLACK
6
CONTINUOUS
10
0.9885911811023622
20
0.51992031496063
11
0.9888392125984252
21
0.5200763779527559
0
LINE
8
BLACK
6
CONTINUOUS
10
0.9888392125984252
20
0.5200763779527559
11
0.9925887401574803
21
0.5219511417322834
0
LINE
8
BLACK
6
CONTINUOUS
10
0.9925887401574803
20
0.5219511417322834
11
0.9926308267716535
21
0.5219672834645669
0
LINE
8
BLACK
6
CONTINUOUS
10
0.9926308267716535
20
0.5219672834645669
11
0.9926479921259842
21
0.5219799606299212
0
LINE
8
BLACK
6
CONTINUOUS
10
0.9926479921259842
20
0.5219799606299212
11
0.9928895669291339
21
0.5220662992125984
0
LINE
8
BLACK
6
CONTINUOUS
10
0.9928895669291339
20
0.5220662992125984
11
0.9931293307086614
21
0.522158031496063
0
LINE
8
BLACK
6
CONTINUOUS
10
0.9931293307086614
20
0.522158031496063
11
0.993150590551181
21
0.5221595669291339
0
LINE
8
BLACK
6
CONTINUOUS
10
0.993150590551181
20
0.5221595669291339
11
0.9931931102362205
21
0.5221747244094488
0
LINE
8
BLACK
6
CONTINUOUS
10
0.9931931102362205
20
0.5221747244094488
11
1.0006921653543306
21
0.5240494881889763
0
LINE
8
BLACK
6
CONTINUOUS
10
1.0006921653543306
20
0.5240494881889763
11
1.0007920078740158
21
0.5240642913385827
0
LINE
8
BLACK
6
CONTINUOUS
10
1.0007920078740158
20
0.5240642913385827
11
1.0008322440944881
21
0.524080905511811
0
LINE
8
BLACK
6
CONTINUOUS
10
1.0008322440944881
20
0.524080905511811
11
1.0010492519685039
21
0.5241022834645669
0
LINE
8
BLACK
6
CONTINUOUS
10
1.0010492519685039
20
0.5241022834645669
11
1.0012647637795276
21
0.5241341338582677
0
LINE
8
BLACK
6
CONTINUOUS
10
1.0012647637795276
20
0.5241341338582677
11
1.0013077559055117
21
0.5241277559055117
0
LINE
8
BLACK
6
CONTINUOUS
10
1.0013077559055117
20
0.5241277559055117
11
1.0014083070866142
21
0.5241376377952756
0
LINE
8
BLACK
6
CONTINUOUS
10
1.0014083070866142
20
0.5241376377952756
11
1.010782125984252
21
0.5241376377952756
0
LINE
8
BLACK
6
CONTINUOUS
10
1.010782125984252
20
0.5241376377952756
11
1.0108826377952755
21
0.5241277559055117
0
LINE
8
BLACK
6
CONTINUOUS
10
0.9949398031496063
20
0.5165241338582677
11
0.9919088188976378
21
0.5150086220472441
0
LINE
8
BLACK
6
CONTINUOUS
10
0.9919088188976378
20
0.5150086220472441
11
0.9907116929133858
21
0.5138114960629921
0
LINE
8
BLACK
6
CONTINUOUS
10
0.9907116929133858
20
0.5138114960629921
11
0.9893629527559055
21
0.5111140157480315
0
LINE
8
BLACK
6
CONTINUOUS
10
0.9893629527559055
20
0.5111140157480315
11
0.9893629527559055
21
0.5087585826771653
0
LINE
8
BLACK
6
CONTINUOUS
10
0.9893629527559055
20
0.5087585826771653
11
0.9907116929133858
21
0.5060611023622047
0
LINE
8
BLACK
6
CONTINUOUS
10
0.9907116929133858
20
0.5060611023622047
11
0.9919088188976378
21
0.5048639763779528
0
LINE
8
BLACK
6
CONTINUOUS
10
0.9919088188976378
20
0.5048639763779528
11
0.9949398031496063
21
0.5033485039370078
0
LINE
8
BLACK
6
CONTINUOUS
10
0.9949398031496063
20
0.5033485039370078
11
1.0017718503937008
21
0.5016404724409449
0
LINE
8
BLACK
6
CONTINUOUS
10
1.0017718503937008
20
0.5016404724409449
11
1.0104185826771652
21
0.5016404724409449
0
LINE
8
BLACK
6
CONTINUOUS
10
1.0104185826771652
20
0.5016404724409449
11
1.0172506299212598
21
0.5033485039370078
0
LINE
8
BLACK
6
CONTINUOUS
10
1.0172506299212598
20
0.5033485039370078
11
1.0202816141732283
21
0.5048640157480315
0
LINE
8
BLACK
6
CONTINUOUS
10
1.0202816141732283
20
0.5048640157480315
11
1.0214787795275591
21
0.5060611417322834
0
LINE
8
BLACK
6
CONTINUOUS
10
1.0214787795275591
20
0.5060611417322834
11
1.0228275196850394
21
0.5087585826771653
0
LINE
8
BLACK
6
CONTINUOUS
10
1.0228275196850394
20
0.5087585826771653
11
1.0228275196850394
21
0.5111140157480315
0
LINE
8
BLACK
6
CONTINUOUS
10
1.0228275196850394
20
0.5111140157480315
11
1.0214787795275591
21
0.5138114960629921
0
LINE
8
BLACK
6
CONTINUOUS
10
1.0214787795275591
20
0.5138114960629921
11
1.0202816141732283
21
0.5150086220472441
0
LINE
8
BLACK
6
CONTINUOUS
10
1.0202816141732283
20
0.5150086220472441
11
1.0172506299212598
21
0.5165241338582677
0
LINE
8
BLACK
6
CONTINUOUS
10
1.0172506299212598
20
0.5165241338582677
11
1.0104185826771652
21
0.5182321259842519
0
LINE
8
BLACK
6
CONTINUOUS
10
1.0104185826771652
20
0.5182321259842519
11
1.0017718503937008
21
0.5182321259842519
0
LINE
8
BLACK
6
CONTINUOUS
10
1.0017718503937008
20
0.5182321259842519
11
0.9949398031496063
21
0.5165241338582677
0
LINE
8
BLACK
6
CONTINUOUS
10
0.6329062992125984
20
0.5140299212598425
11
0.6337209448818898
21
0.5132152755905511
0
LINE
8
BLACK
6
CONTINUOUS
10
0.6337209448818898
20
0.5132152755905511
11
0.6341618503937008
21
0.5121508661417322
0
LINE
8
BLACK
6
CONTINUOUS
10
0.6341618503937008
20
0.5121508661417322
11
0.6342185826771654
21
0.5115748031496062
0
LINE
8
BLACK
6
CONTINUOUS
10
0.6342185826771654
20
0.5115748031496062
11
0.6342185826771654
21
0.5085223228346457
0
LINE
8
BLACK
6
CONTINUOUS
10
0.6342185826771654
20
0.5085223228346457
11
0.6355673228346457
21
0.5058248425196851
0
LINE
8
BLACK
6
CONTINUOUS
10
0.6355673228346457
20
0.5058248425196851
11
0.6367644488188976
21
0.504627716535433
0
LINE
8
BLACK
6
CONTINUOUS
10
0.6367644488188976
20
0.504627716535433
11
0.6394619291338582
21
0.5032789763779527
0
LINE
8
BLACK
6
CONTINUOUS
10
0.6394619291338582
20
0.5032789763779527
11
0.6575125590551181
21
0.5032789763779527
0
LINE
8
BLACK
6
CONTINUOUS
10
0.6575125590551181
20
0.5032789763779527
11
0.6580886220472441
21
0.5032222440944881
0
LINE
8
BLACK
6
CONTINUOUS
10
0.6580886220472441
20
0.5032222440944881
11
0.659153031496063
21
0.5027813385826772
0
LINE
8
BLACK
6
CONTINUOUS
10
0.659153031496063
20
0.5027813385826772
11
0.6599676771653543
21
0.5019666929133858
0
LINE
8
BLACK
6
CONTINUOUS
10
0.6599676771653543
20
0.5019666929133858
11
0.6604085826771653
21
0.5009022834645669
0
LINE
8
BLACK
6
CONTINUOUS
10
0.6604085826771653
20
0.5009022834645669
11
0.6604085826771653
21
0.4997501574803149
0
LINE
8
BLACK
6
CONTINUOUS
10
0.6604085826771653
20
0.4997501574803149
11
0.6599676771653543
21
0.4986857480314961
0
LINE
8
BLACK
6
CONTINUOUS
10
0.6599676771653543
20
0.4986857480314961
11
0.659153031496063
21
0.4978711023622047
0
LINE
8
BLACK
6
CONTINUOUS
10
0.659153031496063
20
0.4978711023622047
11
0.6580886220472441
21
0.4974301968503937
0
LINE
8
BLACK
6
CONTINUOUS
10
0.6580886220472441
20
0.4974301968503937
11
0.6575125590551181
21
0.4973734645669291
0
LINE
8
BLACK
6
CONTINUOUS
10
0.6575125590551181
20
0.4973734645669291
11
0.6312658267716535
21
0.4973734645669291
0
LINE
8
BLACK
6
CONTINUOUS
10
0.6312658267716535
20
0.4973734645669291
11
0.6306897637795276
21
0.4974301968503937
0
LINE
8
BLACK
6
CONTINUOUS
10
0.6306897637795276
20
0.4974301968503937
11
0.6296253543307087
21
0.4978711023622047
0
LINE
8
BLACK
6
CONTINUOUS
10
0.6296253543307087
20
0.4978711023622047
11
0.6288107086614173
21
0.4986857480314961
0
LINE
8
BLACK
6
CONTINUOUS
10
0.6288107086614173
20
0.4986857480314961
11
0.6283698031496063
21
0.4997501574803149
0
LINE
8
BLACK
6
CONTINUOUS
10
0.6283698031496063
20
0.4997501574803149
11
0.6283698031496063
21
0.5009022834645669
0
LINE
8
BLACK
6
CONTINUOUS
10
0.6283698031496063
20
0.5009022834645669
11
0.6288107086614173
21
0.5019666929133858
0
LINE
8
BLACK
6
CONTINUOUS
10
0.6288107086614173
20
0.5019666929133858
11
0.6296253543307087
21
0.5027813385826772
0
LINE
8
BLACK
6
CONTINUOUS
10
0.6296253543307087
20
0.5027813385826772
11
0.6303387401574803
21
0.5030768503937008
0
LINE
8
BLACK
6
CONTINUOUS
10
0.6303387401574803
20
0.5030768503937008
11
0.6286248031496063
21
0.5065047637795276
0
LINE
8
BLACK
6
CONTINUOUS
10
0.6286248031496063
20
0.5065047637795276
11
0.6284179133858268
21
0.5070453937007874
0
LINE
8
BLACK
6
CONTINUOUS
10
0.6284179133858268
20
0.5070453937007874
11
0.6284103937007874
21
0.5071512204724409
0
LINE
8
BLACK
6
CONTINUOUS
10
0.6284103937007874
20
0.5071512204724409
11
0.6283698031496063
21
0.5072492125984251
0
LINE
8
BLACK
6
CONTINUOUS
10
0.6283698031496063
20
0.5072492125984251
11
0.6283130708661417
21
0.5078252755905511
0
LINE
8
BLACK
6
CONTINUOUS
10
0.6283130708661417
20
0.5078252755905511
11
0.6283130708661417
21
0.5115748031496062
0
LINE
8
BLACK
6
CONTINUOUS
10
0.6283130708661417
20
0.5115748031496062
11
0.6283698031496063
21
0.5121508661417322
0
LINE
8
BLACK
6
CONTINUOUS
10
0.6283698031496063
20
0.5121508661417322
11
0.6288107086614173
21
0.5132152755905511
0
LINE
8
BLACK
6
CONTINUOUS
10
0.6288107086614173
20
0.5132152755905511
11
0.6296253543307087
21
0.5140299212598425
0
LINE
8
BLACK
6
CONTINUOUS
10
0.6296253543307087
20
0.5140299212598425
11
0.6306897637795276
21
0.5144708267716536
0
LINE
8
BLACK
6
CONTINUOUS
10
0.6306897637795276
20
0.5144708267716536
11
0.6318418897637795
21
0.5144708267716536
0
LINE
8
BLACK
6
CONTINUOUS
10
0.6318418897637795
20
0.5144708267716536
11
0.6329062992125984
21
0.5140299212598425
0
LINE
8
BLACK
6
CONTINUOUS
10
0.4916094094488189
20
0.5369680708661417
11
0.4918766535433071
21
0.5368574015748031
0
LINE
8
BLACK
6
CONTINUOUS
10
0.4918766535433071
20
0.5368574015748031
11
0.4921604724409449
21
0.5368012204724409
0
LINE
8
BLACK
6
CONTINUOUS
10
0.4921604724409449
20
0.5368012204724409
11
0.4924037401574803
21
0.5366390551181103
0
LINE
8
BLACK
6
CONTINUOUS
10
0.4924037401574803
20
0.5366390551181103
11
0.4926738188976378
21
0.5365271653543306
0
LINE
8
BLACK
6
CONTINUOUS
10
0.4926738188976378
20
0.5365271653543306
11
0.4928783464566929
21
0.5363226377952756
0
LINE
8
BLACK
6
CONTINUOUS
10
0.4928783464566929
20
0.5363226377952756
11
0.4931190551181102
21
0.5361621653543307
0
LINE
8
BLACK
6
CONTINUOUS
10
0.4931190551181102
20
0.5361621653543307
11
0.4932817322834646
21
0.5359192519685039
0
LINE
8
BLACK
6
CONTINUOUS
10
0.4932817322834646
20
0.5359192519685039
11
0.4934884645669291
21
0.5357125196850394
0
LINE
8
BLACK
6
CONTINUOUS
10
0.4934884645669291
20
0.5357125196850394
11
0.4935991338582677
21
0.5354452755905512
0
LINE
8
BLACK
6
CONTINUOUS
10
0.4935991338582677
20
0.5354452755905512
11
0.4937601574803149
21
0.5352048818897638
0
LINE
8
BLACK
6
CONTINUOUS
10
0.4937601574803149
20
0.5352048818897638
11
0.493928779527559
21
0.5346511417322835
0
LINE
8
BLACK
6
CONTINUOUS
10
0.493928779527559
20
0.5346511417322835
11
0.4972035433070866
21
0.5182771653543307
0
LINE
8
BLACK
6
CONTINUOUS
10
0.4972035433070866
20
0.5182771653543307
11
0.5015848818897638
21
0.5182771653543307
0
LINE
8
BLACK
6
CONTINUOUS
10
0.5015848818897638
20
0.5182771653543307
11
0.5038306299212598
21
0.5194000393700787
0
LINE
8
BLACK
6
CONTINUOUS
10
0.5038306299212598
20
0.5194000393700787
11
0.5049535039370079
21
0.5216457480314961
0
LINE
8
BLACK
6
CONTINUOUS
10
0.5049535039370079
20
0.5216457480314961
11
0.5049535039370079
21
0.5277507086614173
0
LINE
8
BLACK
6
CONTINUOUS
10
0.5049535039370079
20
0.5277507086614173
11
0.5033904724409449
21
0.5308767716535433
0
LINE
8
BLACK
6
CONTINUOUS
10
0.5033904724409449
20
0.5308767716535433
11
0.5031835826771653
21
0.5314174015748031
0
LINE
8
BLACK
6
CONTINUOUS
10
0.5031835826771653
20
0.5314174015748031
11
0.5031019291338582
21
0.5325666141732284
0
LINE
8
BLACK
6
CONTINUOUS
10
0.5031019291338582
20
0.5325666141732284
11
0.5034662598425197
21
0.5336595669291339
0
LINE
8
BLACK
6
CONTINUOUS
10
0.5034662598425197
20
0.5336595669291339
11
0.5042211023622047
21
0.5345299606299212
0
LINE
8
BLACK
6
CONTINUOUS
10
0.5042211023622047
20
0.5345299606299212
11
0.5052516141732283
21
0.5350451968503936
0
LINE
8
BLACK
6
CONTINUOUS
10
0.5052516141732283
20
0.5350451968503936
11
0.5064008267716535
21
0.5351268503937008
0
LINE
8
BLACK
6
CONTINUOUS
10
0.5064008267716535
20
0.5351268503937008
11
0.507493779527559
21
0.5347625196850394
0
LINE
8
BLACK
6
CONTINUOUS
10
0.507493779527559
20
0.5347625196850394
11
0.5083641732283465
21
0.5340076771653544
0
LINE
8
BLACK
6
CONTINUOUS
10
0.5083641732283465
20
0.5340076771653544
11
0.5086725196850393
21
0.5335177952755905
0
LINE
8
BLACK
6
CONTINUOUS
10
0.5086725196850393
20
0.5335177952755905
11
0.5105472834645669
21
0.5297682677165354
0
LINE
8
BLACK
6
CONTINUOUS
10
0.5105472834645669
20
0.5297682677165354
11
0.5107541732283465
21
0.5292276771653543
0
LINE
8
BLACK
6
CONTINUOUS
10
0.5107541732283465
20
0.5292276771653543
11
0.5107616929133858
21
0.529121811023622
0
LINE
8
BLACK
6
CONTINUOUS
10
0.5107616929133858
20
0.529121811023622
11
0.5108022834645669
21
0.5290238188976378
0
LINE
8
BLACK
6
CONTINUOUS
10
0.5108022834645669
20
0.5290238188976378
11
0.5108590157480315
21
0.5284477559055119
0
LINE
8
BLACK
6
CONTINUOUS
10
0.5108590157480315
20
0.5284477559055119
11
0.5108590157480315
21
0.5209487007874015
0
LINE
8
BLACK
6
CONTINUOUS
10
0.5108590157480315
20
0.5209487007874015
11
0.5108022834645669
21
0.5203726377952755
0
LINE
8
BLACK
6
CONTINUOUS
10
0.5108022834645669
20
0.5203726377952755
11
0.5107616929133858
21
0.52027468503937
0
LINE
8
BLACK
6
CONTINUOUS
10
0.5107616929133858
20
0.52027468503937
11
0.5107541732283465
21
0.520168779527559
0
LINE
8
BLACK
6
CONTINUOUS
10
0.5107541732283465
20
0.520168779527559
11
0.5105472834645669
21
0.519628188976378
0
LINE
8
BLACK
6
CONTINUOUS
10
0.5105472834645669
20
0.519628188976378
11
0.5086725196850393
21
0.5158786614173229
0
LINE
8
BLACK
6
CONTINUOUS
10
0.5086725196850393
20
0.5158786614173229
11
0.5086118503937008
21
0.5157823228346456
0
LINE
8
BLACK
6
CONTINUOUS
10
0.5086118503937008
20
0.5157823228346456
11
0.5085967322834646
21
0.5157368897637795
0
LINE
8
BLACK
6
CONTINUOUS
10
0.5085967322834646
20
0.5157368897637795
11
0.5085476771653543
21
0.5156803543307087
0
LINE
8
BLACK
6
CONTINUOUS
10
0.5085476771653543
20
0.5156803543307087
11
0.5083641732283465
21
0.515388779527559
0
LINE
8
BLACK
6
CONTINUOUS
10
0.5083641732283465
20
0.515388779527559
11
0.5080843307086614
21
0.5151461417322835
0
LINE
8
BLACK
6
CONTINUOUS
10
0.5080843307086614
20
0.5151461417322835
11
0.5078418503937008
21
0.5148664960629921
0
LINE
8
BLACK
6
CONTINUOUS
10
0.5078418503937008
20
0.5148664960629921
11
0.5075503543307086
21
0.514683031496063
0
LINE
8
BLACK
6
CONTINUOUS
10
0.5075503543307086
20
0.514683031496063
11
0.507493779527559
21
0.514633937007874
0
LINE
8
BLACK
6
CONTINUOUS
10
0.507493779527559
20
0.514633937007874
11
0.5074483070866141
21
0.5146188188976378
0
LINE
8
BLACK
6
CONTINUOUS
10
0.5074483070866141
20
0.5146188188976378
11
0.5073520078740157
21
0.5145581496062992
0
LINE
8
BLACK
6
CONTINUOUS
10
0.5073520078740157
20
0.5145581496062992
11
0.5036024409448818
21
0.5126833858267716
0
LINE
8
BLACK
6
CONTINUOUS
10
0.5036024409448818
20
0.5126833858267716
11
0.503061811023622
21
0.5124764960629921
0
LINE
8
BLACK
6
CONTINUOUS
10
0.503061811023622
20
0.5124764960629921
11
0.5029559842519685
21
0.5124690157480315
0
LINE
8
BLACK
6
CONTINUOUS
10
0.5029559842519685
20
0.5124690157480315
11
0.5028579921259843
21
0.5124283858267716
0
LINE
8
BLACK
6
CONTINUOUS
10
0.5028579921259843
20
0.5124283858267716
11
0.5022819291338583
21
0.512371653543307
0
LINE
8
BLACK
6
CONTINUOUS
10
0.5022819291338583
20
0.512371653543307
11
0.4947859448818898
21
0.512371653543307
0
LINE
8
BLACK
6
CONTINUOUS
10
0.4947859448818898
20
0.512371653543307
11
0.4872838188976378
21
0.512371653543307
0
LINE
8
BLACK
6
CONTINUOUS
10
0.4872838188976378
20
0.512371653543307
11
0.4867077559055118
21
0.5124283858267716
0
LINE
8
BLACK
6
CONTINUOUS
10
0.4867077559055118
20
0.5124283858267716
11
0.4866097637795275
21
0.5124689763779527
0
LINE
8
BLACK
6
CONTINUOUS
10
0.4866097637795275
20
0.5124689763779527
11
0.4865038976377953
21
0.5124764960629921
0
LINE
8
BLACK
6
CONTINUOUS
10
0.4865038976377953
20
0.5124764960629921
11
0.4859633070866142
21
0.5126833858267716
0
LINE
8
BLACK
6
CONTINUOUS
10
0.4859633070866142
20
0.5126833858267716
11
0.4822137795275591
21
0.5145581496062992
0
LINE
8
BLACK
6
CONTINUOUS
10
0.4822137795275591
20
0.5145581496062992
11
0.4821174015748032
21
0.5146188188976378
0
LINE
8
BLACK
6
CONTINUOUS
10
0.4821174015748032
20
0.5146188188976378
11
0.4820720078740157
21
0.514633937007874
0
LINE
8
BLACK
6
CONTINUOUS
10
0.4820720078740157
20
0.514633937007874
11
0.4820154330708661
21
0.5146829921259842
0
LINE
8
BLACK
6
CONTINUOUS
10
0.4820154330708661
20
0.5146829921259842
11
0.4817238976377953
21
0.5148664960629921
0
LINE
8
BLACK
6
CONTINUOUS
10
0.4817238976377953
20
0.5148664960629921
11
0.4814812992125984
21
0.515146220472441
0
LINE
8
BLACK
6
CONTINUOUS
10
0.4814812992125984
20
0.515146220472441
11
0.4812016141732283
21
0.515388779527559
0
LINE
8
BLACK
6
CONTINUOUS
10
0.4812016141732283
20
0.515388779527559
11
0.4810180708661417
21
0.5156803543307087
0
LINE
8
BLACK
6
CONTINUOUS
10
0.4810180708661417
20
0.5156803543307087
11
0.4809690551181102
21
0.5157368897637795
0
LINE
8
BLACK
6
CONTINUOUS
10
0.4809690551181102
20
0.5157368897637795
11
0.4809538976377953
21
0.5157823228346456
0
LINE
8
BLACK
6
CONTINUOUS
10
0.4809538976377953
20
0.5157823228346456
11
0.4808932677165354
21
0.5158786614173229
0
LINE
8
BLACK
6
CONTINUOUS
10
0.4808932677165354
20
0.5158786614173229
11
0.4790185039370078
21
0.519628188976378
0
LINE
8
BLACK
6
CONTINUOUS
10
0.4790185039370078
20
0.519628188976378
11
0.4788116141732283
21
0.5201688188976378
0
LINE
8
BLACK
6
CONTINUOUS
10
0.4788116141732283
20
0.5201688188976378
11
0.4788040944881889
21
0.5202746456692914
0
LINE
8
BLACK
6
CONTINUOUS
10
0.4788040944881889
20
0.5202746456692914
11
0.4787635039370078
21
0.5203726377952755
0
LINE
8
BLACK
6
CONTINUOUS
10
0.4787635039370078
20
0.5203726377952755
11
0.4787067716535433
21
0.5209487007874015
0
LINE
8
BLACK
6
CONTINUOUS
10
0.4787067716535433
20
0.5209487007874015
11
0.4787067716535433
21
0.5284477559055119
0
LINE
8
BLACK
6
CONTINUOUS
10
0.4787067716535433
20
0.5284477559055119
11
0.4787635039370078
21
0.5290238188976378
0
LINE
8
BLACK
6
CONTINUOUS
10
0.4787635039370078
20
0.5290238188976378
11
0.4788040944881889
21
0.5291218503937007
0
LINE
8
BLACK
6
CONTINUOUS
10
0.4788040944881889
20
0.5291218503937007
11
0.4788116141732283
21
0.5292276377952756
0
LINE
8
BLACK
6
CONTINUOUS
10
0.4788116141732283
20
0.5292276377952756
11
0.4790185039370078
21
0.5297682677165354
0
LINE
8
BLACK
6
CONTINUOUS
10
0.4790185039370078
20
0.5297682677165354
11
0.4808932677165354
21
0.5335177952755905
0
LINE
8
BLACK
6
CONTINUOUS
10
0.4808932677165354
20
0.5335177952755905
11
0.4809538976377953
21
0.5336141732283465
0
LINE
8
BLACK
6
CONTINUOUS
10
0.4809538976377953
20
0.5336141732283465
11
0.4809690551181102
21
0.5336595669291339
0
LINE
8
BLACK
6
CONTINUOUS
10
0.4809690551181102
20
0.5336595669291339
11
0.4810180708661417
21
0.5337161417322834
0
LINE
8
BLACK
6
CONTINUOUS
10
0.4810180708661417
20
0.5337161417322834
11
0.4812016141732283
21
0.5340076771653544
0
LINE
8
BLACK
6
CONTINUOUS
10
0.4812016141732283
20
0.5340076771653544
11
0.4814812992125984
21
0.5342502755905512
0
LINE
8
BLACK
6
CONTINUOUS
10
0.4814812992125984
20
0.5342502755905512
11
0.4817238976377953
21
0.5345299606299212
0
LINE
8
BLACK
6
CONTINUOUS
10
0.4817238976377953
20
0.5345299606299212
11
0.4820154330708661
21
0.5347135039370079
0
LINE
8
BLACK
6
CONTINUOUS
10
0.4820154330708661
20
0.5347135039370079
11
0.4820720078740157
21
0.5347625196850394
0
LINE
8
BLACK
6
CONTINUOUS
10
0.4820720078740157
20
0.5347625196850394
11
0.4821174015748032
21
0.5347776771653543
0
LINE
8
BLACK
6
CONTINUOUS
10
0.4821174015748032
20
0.5347776771653543
11
0.4822137795275591
21
0.5348383070866142
0
LINE
8
BLACK
6
CONTINUOUS
10
0.4822137795275591
20
0.5348383070866142
11
0.4859633070866142
21
0.5367130708661417
0
LINE
8
BLACK
6
CONTINUOUS
10
0.4859633070866142
20
0.5367130708661417
11
0.4865038976377953
21
0.5369199606299212
0
LINE
8
BLACK
6
CONTINUOUS
10
0.4865038976377953
20
0.5369199606299212
11
0.4866097637795275
21
0.5369275196850394
0
LINE
8
BLACK
6
CONTINUOUS
10
0.4866097637795275
20
0.5369275196850394
11
0.4867077559055118
21
0.5369680708661417
0
LINE
8
BLACK
6
CONTINUOUS
10
0.4867077559055118
20
0.5369680708661417
11
0.4872838188976378
21
0.5370248031496063
0
LINE
8
BLACK
6
CONTINUOUS
10
0.4872838188976378
20
0.5370248031496063
11
0.4910333464566929
21
0.5370248031496063
0
LINE
8
BLACK
6
CONTINUOUS
10
0.4910333464566929
20
0.5370248031496063
11
0.4916094094488189
21
0.5369680708661417
0
LINE
8
BLACK
6
CONTINUOUS
10
0.4857351181102362
20
0.5299964566929134
11
0.4846122834645669
21
0.5277507086614173
0
LINE
8
BLACK
6
CONTINUOUS
10
0.4846122834645669
20
0.5277507086614173
11
0.4846122834645669
21
0.5216457480314961
0
LINE
8
BLACK
6
CONTINUOUS
10
0.4846122834645669
20
0.5216457480314961
11
0.4857351181102362
21
0.5194000393700787
0
LINE
8
BLACK
6
CONTINUOUS
10
0.4857351181102362
20
0.5194000393700787
11
0.4879808661417323
21
0.5182771653543307
0
LINE
8
BLACK
6
CONTINUOUS
10
0.4879808661417323
20
0.5182771653543307
11
0.491181062992126
21
0.5182771653543307
0
LINE
8
BLACK
6
CONTINUOUS
10
0.491181062992126
20
0.5182771653543307
11
0.4886126377952756
21
0.5311192913385827
0
LINE
8
BLACK
6
CONTINUOUS
10
0.4886126377952756
20
0.5311192913385827
11
0.4879808661417323
21
0.5311192913385827
0
LINE
8
BLACK
6
CONTINUOUS
10
0.4879808661417323
20
0.5311192913385827
11
0.4857351181102362
21
0.5299964566929134
0
LINE
8
BLACK
6
CONTINUOUS
10
0.6465554724409449
20
0.5388708267716535
11
0.6466332283464566
21
0.5388763385826771
0
LINE
8
BLACK
6
CONTINUOUS
10
0.6466332283464566
20
0.5388763385826771
11
0.6467354724409449
21
0.5388531102362205
0
LINE
8
BLACK
6
CONTINUOUS
10
0.6467354724409449
20
0.5388531102362205
11
0.64684
21
0.5388427952755905
0
LINE
8
BLACK
6
CONTINUOUS
10
0.64684
20
0.5388427952755905
11
0.6469120866141732
21
0.5388129527559055
0
LINE
8
BLACK
6
CONTINUOUS
10
0.6469120866141732
20
0.5388129527559055
11
0.6471976771653544
21
0.5387479921259842
0
LINE
8
BLACK
6
CONTINUOUS
10
0.6471976771653544
20
0.5387479921259842
11
0.652821968503937
21
0.5368732283464567
0
LINE
8
BLACK
6
CONTINUOUS
10
0.652821968503937
20
0.5368732283464567
11
0.6533505118110237
21
0.5366372440944882
0
LINE
8
BLACK
6
CONTINUOUS
10
0.6533505118110237
20
0.5366372440944882
11
0.6534305905511811
21
0.5365677952755905
0
LINE
8
BLACK
6
CONTINUOUS
10
0.6534305905511811
20
0.5365677952755905
11
0.6535286614173228
21
0.5365271653543306
0
LINE
8
BLACK
6
CONTINUOUS
10
0.6535286614173228
20
0.5365271653543306
11
0.6539761417322835
21
0.5361599212598425
0
LINE
8
BLACK
6
CONTINUOUS
10
0.6539761417322835
20
0.5361599212598425
11
0.6577257086614173
21
0.5324103937007874
0
LINE
8
BLACK
6
CONTINUOUS
10
0.6577257086614173
20
0.5324103937007874
11
0.6580929527559055
21
0.5319629527559055
0
LINE
8
BLACK
6
CONTINUOUS
10
0.6580929527559055
20
0.5319629527559055
11
0.6581335433070866
21
0.5318649212598425
0
LINE
8
BLACK
6
CONTINUOUS
10
0.6581335433070866
20
0.5318649212598425
11
0.658203031496063
21
0.5317848031496063
0
LINE
8
BLACK
6
CONTINUOUS
10
0.658203031496063
20
0.5317848031496063
11
0.6584390157480314
21
0.5312562204724409
0
LINE
8
BLACK
6
CONTINUOUS
10
0.6584390157480314
20
0.5312562204724409
11
0.660313779527559
21
0.525631968503937
0
LINE
8
BLACK
6
CONTINUOUS
10
0.660313779527559
20
0.525631968503937
11
0.6603787007874016
21
0.5253463385826772
0
LINE
8
BLACK
6
CONTINUOUS
10
0.6603787007874016
20
0.5253463385826772
11
0.6604085826771653
21
0.525274251968504
0
LINE
8
BLACK
6
CONTINUOUS
10
0.6604085826771653
20
0.525274251968504
11
0.6604188582677165
21
0.5251698031496063
0
LINE
8
BLACK
6
CONTINUOUS
10
0.6604188582677165
20
0.5251698031496063
11
0.660442125984252
21
0.5250675196850394
0
LINE
8
BLACK
6
CONTINUOUS
10
0.660442125984252
20
0.5250675196850394
11
0.6604365748031495
21
0.5249898031496063
0
LINE
8
BLACK
6
CONTINUOUS
10
0.6604365748031495
20
0.5249898031496063
11
0.6604653149606299
21
0.524698188976378
0
LINE
8
BLACK
6
CONTINUOUS
10
0.6604653149606299
20
0.524698188976378
11
0.6604653149606299
21
0.5209486614173229
0
LINE
8
BLACK
6
CONTINUOUS
10
0.6604653149606299
20
0.5209486614173229
11
0.6604085826771653
21
0.5203725984251968
0
LINE
8
BLACK
6
CONTINUOUS
10
0.6604085826771653
20
0.5203725984251968
11
0.6599676771653543
21
0.519308188976378
0
LINE
8
BLACK
6
CONTINUOUS
10
0.6599676771653543
20
0.519308188976378
11
0.659153031496063
21
0.5184935433070866
0
LINE
8
BLACK
6
CONTINUOUS
10
0.659153031496063
20
0.5184935433070866
11
0.6580886220472441
21
0.5180526377952756
0
LINE
8
BLACK
6
CONTINUOUS
10
0.6580886220472441
20
0.5180526377952756
11
0.6569364960629921
21
0.5180526377952756
0
LINE
8
BLACK
6
CONTINUOUS
10
0.6569364960629921
20
0.5180526377952756
11
0.6558720866141732
21
0.5184935433070866
0
LINE
8
BLACK
6
CONTINUOUS
10
0.6558720866141732
20
0.5184935433070866
11
0.6550574409448818
21
0.519308188976378
0
LINE
8
BLACK
6
CONTINUOUS
10
0.6550574409448818
20
0.519308188976378
11
0.6546165354330709
21
0.5203725984251968
0
LINE
8
BLACK
6
CONTINUOUS
10
0.6546165354330709
20
0.5203725984251968
11
0.6545598031496063
21
0.5209486614173229
0
LINE
8
BLACK
6
CONTINUOUS
10
0.6545598031496063
20
0.5209486614173229
11
0.6545598031496063
21
0.5242190551181102
0
LINE
8
BLACK
6
CONTINUOUS
10
0.6545598031496063
20
0.5242190551181102
11
0.6530570078740158
21
0.5287274409448819
0
LINE
8
BLACK
6
CONTINUOUS
10
0.6530570078740158
20
0.5287274409448819
11
0.6502931889763779
21
0.5314912204724409
0
LINE
8
BLACK
6
CONTINUOUS
10
0.6502931889763779
20
0.5314912204724409
11
0.6457848031496063
21
0.5329940157480315
0
LINE
8
BLACK
6
CONTINUOUS
10
0.6457848031496063
20
0.5329940157480315
11
0.6181424803149607
21
0.5329940157480315
0
LINE
8
BLACK
6
CONTINUOUS
10
0.6181424803149607
20
0.5329940157480315
11
0.6175664173228347
21
0.5330507480314961
0
LINE
8
BLACK
6
CONTINUOUS
10
0.6175664173228347
20
0.5330507480314961
11
0.6165020078740158
21
0.5334916535433071
0
LINE
8
BLACK
6
CONTINUOUS
10
0.6165020078740158
20
0.5334916535433071
11
0.6156873622047244
21
0.5343062992125984
0
LINE
8
BLACK
6
CONTINUOUS
10
0.6156873622047244
20
0.5343062992125984
11
0.6152464566929133
21
0.5353707086614173
0
LINE
8
BLACK
6
CONTINUOUS
10
0.6152464566929133
20
0.5353707086614173
11
0.6152464566929133
21
0.5365228346456693
0
LINE
8
BLACK
6
CONTINUOUS
10
0.6152464566929133
20
0.5365228346456693
11
0.6156873622047244
21
0.5375872440944882
0
LINE
8
BLACK
6
CONTINUOUS
10
0.6156873622047244
20
0.5375872440944882
11
0.6165020078740158
21
0.5384018897637796
0
LINE
8
BLACK
6
CONTINUOUS
10
0.6165020078740158
20
0.5384018897637796
11
0.6175664173228347
21
0.5388427952755905
0
LINE
8
BLACK
6
CONTINUOUS
10
0.6175664173228347
20
0.5388427952755905
11
0.6181424803149607
21
0.5388995275590551
0
LINE
8
BLACK
6
CONTINUOUS
10
0.6181424803149607
20
0.5388995275590551
11
0.646263937007874
21
0.5388995275590551
0
LINE
8
BLACK
6
CONTINUOUS
10
0.646263937007874
20
0.5388995275590551
11
0.6465554724409449
21
0.5388708267716535
0
LINE
8
BLACK
6
CONTINUOUS
10
1.0142973622047244
20
0.5630100787401575
11
1.0151120078740157
21
0.5621954330708662
0
LINE
8
BLACK
6
CONTINUOUS
10
1.0151120078740157
20
0.5621954330708662
11
1.0155529133858268
21
0.5611310236220473
0
LINE
8
BLACK
6
CONTINUOUS
10
1.0155529133858268
20
0.5611310236220473
11
1.0156096456692913
21
0.5605549606299213
0
LINE
8
BLACK
6
CONTINUOUS
10
1.0156096456692913
20
0.5605549606299213
11
1.0156096456692913
21
0.5578834251968504
0
LINE
8
BLACK
6
CONTINUOUS
10
1.0156096456692913
20
0.5578834251968504
11
1.0257802755905512
21
0.5578834251968504
0
LINE
8
BLACK
6
CONTINUOUS
10
1.0257802755905512
20
0.5578834251968504
11
1.0263563385826771
21
0.5578266929133858
0
LINE
8
BLACK
6
CONTINUOUS
10
1.0263563385826771
20
0.5578266929133858
11
1.0274207480314961
21
0.5573857874015747
0
LINE
8
BLACK
6
CONTINUOUS
10
1.0274207480314961
20
0.5573857874015747
11
1.0282353937007873
21
0.5565711417322835
0
LINE
8
BLACK
6
CONTINUOUS
10
1.0282353937007873
20
0.5565711417322835
11
1.0286762992125984
21
0.5555067322834646
0
LINE
8
BLACK
6
CONTINUOUS
10
1.0286762992125984
20
0.5555067322834646
11
1.0286762992125984
21
0.5543546062992126
0
LINE
8
BLACK
6
CONTINUOUS
10
1.0286762992125984
20
0.5543546062992126
11
1.0282353937007873
21
0.5532901968503937
0
LINE
8
BLACK
6
CONTINUOUS
10
1.0282353937007873
20
0.5532901968503937
11
1.0274207480314961
21
0.5524755511811024
0
LINE
8
BLACK
6
CONTINUOUS
10
1.0274207480314961
20
0.5524755511811024
11
1.0263563385826771
21
0.5520346456692913
0
LINE
8
BLACK
6
CONTINUOUS
10
1.0263563385826771
20
0.5520346456692913
11
1.0257802755905512
21
0.5519779133858268
0
LINE
8
BLACK
6
CONTINUOUS
10
1.0257802755905512
20
0.5519779133858268
11
1.0156096456692913
21
0.5519779133858268
0
LINE
8
BLACK
6
CONTINUOUS
10
1.0156096456692913
20
0.5519779133858268
11
1.0156096456692913
21
0.5361830314960629
0
LINE
8
BLACK
6
CONTINUOUS
10
1.0156096456692913
20
0.5361830314960629
11
1.015580905511811
21
0.5358914960629921
0
LINE
8
BLACK
6
CONTINUOUS
10
1.015580905511811
20
0.5358914960629921
11
1.0155864566929134
21
0.5358137401574803
0
LINE
8
BLACK
6
CONTINUOUS
10
1.0155864566929134
20
0.5358137401574803
11
1.0155677165354331
21
0.5357576377952756
0
LINE
8
BLACK
6
CONTINUOUS
10
1.0155677165354331
20
0.5357576377952756
11
1.0155529133858268
21
0.535606968503937
0
LINE
8
BLACK
6
CONTINUOUS
10
1.0155529133858268
20
0.535606968503937
11
1.0153717322834646
21
0.5351696062992126
0
LINE
8
BLACK
6
CONTINUOUS
10
1.0153717322834646
20
0.5351696062992126
11
1.015222125984252
21
0.5347207480314961
0
LINE
8
BLACK
6
CONTINUOUS
10
1.015222125984252
20
0.5347207480314961
11
1.0151525984251968
21
0.5346406299212598
0
LINE
8
BLACK
6
CONTINUOUS
10
1.0151525984251968
20
0.5346406299212598
11
1.0151120078740157
21
0.534542559055118
0
LINE
8
BLACK
6
CONTINUOUS
10
1.0151120078740157
20
0.534542559055118
11
1.0147772440944882
21
0.5342078346456692
0
LINE
8
BLACK
6
CONTINUOUS
10
1.0147772440944882
20
0.5342078346456692
11
1.0144672440944882
21
0.5338503543307086
0
LINE
8
BLACK
6
CONTINUOUS
10
1.0144672440944882
20
0.5338503543307086
11
1.0143723622047245
21
0.5338029527559055
0
LINE
8
BLACK
6
CONTINUOUS
10
1.0143723622047245
20
0.5338029527559055
11
1.0142973622047244
21
0.5337279133858268
0
LINE
8
BLACK
6
CONTINUOUS
10
1.0142973622047244
20
0.5337279133858268
11
1.0138598818897637
21
0.5335467322834646
0
LINE
8
BLACK
6
CONTINUOUS
10
1.0138598818897637
20
0.5335467322834646
11
1.0134367716535433
21
0.5333351574803149
0
LINE
8
BLACK
6
CONTINUOUS
10
1.0134367716535433
20
0.5333351574803149
11
1.0133310236220472
21
0.5333276771653543
0
LINE
8
BLACK
6
CONTINUOUS
10
1.0133310236220472
20
0.5333276771653543
11
1.0132329527559054
21
0.5332870078740157
0
LINE
8
BLACK
6
CONTINUOUS
10
1.0132329527559054
20
0.5332870078740157
11
1.0127594094488188
21
0.5332870078740157
0
LINE
8
BLACK
6
CONTINUOUS
10
1.0127594094488188
20
0.5332870078740157
11
1.0122875590551181
21
0.5332534645669291
0
LINE
8
BLACK
6
CONTINUOUS
10
1.0122875590551181
20
0.5332534645669291
11
1.0121400393700788
21
0.5332870078740157
0
LINE
8
BLACK
6
CONTINUOUS
10
1.0121400393700788
20
0.5332870078740157
11
1.0120808267716535
21
0.5332870078740157
0
LINE
8
BLACK
6
CONTINUOUS
10
1.0120808267716535
20
0.5332870078740157
11
1.0120087401574802
21
0.5333168897637796
0
LINE
8
BLACK
6
CONTINUOUS
10
1.0120087401574802
20
0.5333168897637796
11
1.0117231102362205
21
0.533381811023622
0
LINE
8
BLACK
6
CONTINUOUS
10
1.0117231102362205
20
0.533381811023622
11
0.9836016929133858
21
0.5427556299212598
0
LINE
8
BLACK
6
CONTINUOUS
10
0.9836016929133858
20
0.5427556299212598
11
0.9830731102362205
21
0.5429916141732284
0
LINE
8
BLACK
6
CONTINUOUS
10
0.9830731102362205
20
0.5429916141732284
11
0.9822027559055118
21
0.5437464960629921
0
LINE
8
BLACK
6
CONTINUOUS
10
0.9822027559055118
20
0.5437464960629921
11
0.9816875590551181
21
0.5447769291338582
0
LINE
8
BLACK
6
CONTINUOUS
10
0.9816875590551181
20
0.5447769291338582
11
0.9816058661417323
21
0.5459261417322835
0
LINE
8
BLACK
6
CONTINUOUS
10
0.9816058661417323
20
0.5459261417322835
11
0.9819701968503937
21
0.5470191732283465
0
LINE
8
BLACK
6
CONTINUOUS
10
0.9819701968503937
20
0.5470191732283465
11
0.9827250787401575
21
0.5478895275590551
0
LINE
8
BLACK
6
CONTINUOUS
10
0.9827250787401575
20
0.5478895275590551
11
0.9837555118110236
21
0.5484047244094488
0
LINE
8
BLACK
6
CONTINUOUS
10
0.9837555118110236
20
0.5484047244094488
11
0.9849047244094488
21
0.5484864173228347
0
LINE
8
BLACK
6
CONTINUOUS
10
0.9849047244094488
20
0.5484864173228347
11
0.9854691732283465
21
0.5483580708661417
0
LINE
8
BLACK
6
CONTINUOUS
10
0.9854691732283465
20
0.5483580708661417
11
1.0097041338582677
21
0.5402797637795276
0
LINE
8
BLACK
6
CONTINUOUS
10
1.0097041338582677
20
0.5402797637795276
11
1.0097041338582677
21
0.5519779133858268
0
LINE
8
BLACK
6
CONTINUOUS
10
1.0097041338582677
20
0.5519779133858268
11
0.9995335433070865
21
0.5519779133858268
0
LINE
8
BLACK
6
CONTINUOUS
10
0.9995335433070865
20
0.5519779133858268
11
0.9989574803149606
21
0.5520346456692913
0
LINE
8
BLACK
6
CONTINUOUS
10
0.9989574803149606
20
0.5520346456692913
11
0.9978930708661418
21
0.5524755511811024
0
LINE
8
BLACK
6
CONTINUOUS
10
0.9978930708661418
20
0.5524755511811024
11
0.9970784251968504
21
0.5532901968503937
0
LINE
8
BLACK
6
CONTINUOUS
10
0.9970784251968504
20
0.5532901968503937
11
0.9966375196850393
21
0.5543546062992126
0
LINE
8
BLACK
6
CONTINUOUS
10
0.9966375196850393
20
0.5543546062992126
11
0.9966375196850393
21
0.5555067322834646
0
LINE
8
BLACK
6
CONTINUOUS
10
0.9966375196850393
20
0.5555067322834646
11
0.9970784251968504
21
0.5565711417322835
0
LINE
8
BLACK
6
CONTINUOUS
10
0.9970784251968504
20
0.5565711417322835
11
0.9978930708661418
21
0.5573857874015747
0
LINE
8
BLACK
6
CONTINUOUS
10
0.9978930708661418
20
0.5573857874015747
11
0.9989574803149606
21
0.5578266929133858
0
LINE
8
BLACK
6
CONTINUOUS
10
0.9989574803149606
20
0.5578266929133858
11
0.9995335433070865
21
0.5578834251968504
0
LINE
8
BLACK
6
CONTINUOUS
10
0.9995335433070865
20
0.5578834251968504
11
1.0097041338582677
21
0.5578834251968504
0
LINE
8
BLACK
6
CONTINUOUS
10
1.0097041338582677
20
0.5578834251968504
11
1.0097041338582677
21
0.5605549606299213
0
LINE
8
BLACK
6
CONTINUOUS
10
1.0097041338582677
20
0.5605549606299213
11
1.0097608661417323
21
0.5611310236220473
0
LINE
8
BLACK
6
CONTINUOUS
10
1.0097608661417323
20
0.5611310236220473
11
1.0102017716535432
21
0.5621954330708662
0
LINE
8
BLACK
6
CONTINUOUS
10
1.0102017716535432
20
0.5621954330708662
11
1.0110164173228346
21
0.5630100787401575
0
LINE
8
BLACK
6
CONTINUOUS
10
1.0110164173228346
20
0.5630100787401575
11
1.0120808267716535
21
0.5634509842519685
0
LINE
8
BLACK
6
CONTINUOUS
10
1.0120808267716535
20
0.5634509842519685
11
1.0132329527559054
21
0.5634509842519685
0
LINE
8
BLACK
6
CONTINUOUS
10
1.0132329527559054
20
0.5634509842519685
11
1.0142973622047244
21
0.5630100787401575
0
LINE
8
BLACK
6
CONTINUOUS
10
0.5084823228346457
20
0.5707138582677165
11
0.5095467322834646
21
0.5702729527559055
0
LINE
8
BLACK
6
CONTINUOUS
10
0.5095467322834646
20
0.5702729527559055
11
0.5103613779527559
21
0.5694583070866142
0
LINE
8
BLACK
6
CONTINUOUS
10
0.5103613779527559
20
0.5694583070866142
11
0.5108022834645669
21
0.5683938976377952
0
LINE
8
BLACK
6
CONTINUOUS
10
0.5108022834645669
20
0.5683938976377952
11
0.5108022834645669
21
0.5672417716535433
0
LINE
8
BLACK
6
CONTINUOUS
10
0.5108022834645669
20
0.5672417716535433
11
0.5103613779527559
21
0.5661773622047244
0
LINE
8
BLACK
6
CONTINUOUS
10
0.5103613779527559
20
0.5661773622047244
11
0.5095467322834646
21
0.565362716535433
0
LINE
8
BLACK
6
CONTINUOUS
10
0.5095467322834646
20
0.565362716535433
11
0.5084823228346457
21
0.564921811023622
0
LINE
8
BLACK
6
CONTINUOUS
10
0.5084823228346457
20
0.564921811023622
11
0.5079062598425197
21
0.5648650787401575
0
LINE
8
BLACK
6
CONTINUOUS
10
0.5079062598425197
20
0.5648650787401575
11
0.4879808661417323
21
0.5648650787401575
0
LINE
8
BLACK
6
CONTINUOUS
10
0.4879808661417323
20
0.5648650787401575
11
0.4857351181102362
21
0.5637422440944881
0
LINE
8
BLACK
6
CONTINUOUS
10
0.4857351181102362
20
0.5637422440944881
11
0.4846122834645669
21
0.5614964960629921
0
LINE
8
BLACK
6
CONTINUOUS
10
0.4846122834645669
20
0.5614964960629921
11
0.4846122834645669
21
0.5572662992125984
0
LINE
8
BLACK
6
CONTINUOUS
10
0.4846122834645669
20
0.5572662992125984
11
0.4859610236220472
21
0.5545688188976378
0
LINE
8
BLACK
6
CONTINUOUS
10
0.4859610236220472
20
0.5545688188976378
11
0.486632125984252
21
0.5538977165354331
0
LINE
8
BLACK
6
CONTINUOUS
10
0.486632125984252
20
0.5538977165354331
11
0.5079062598425197
21
0.5538977165354331
0
LINE
8
BLACK
6
CONTINUOUS
10
0.5079062598425197
20
0.5538977165354331
11
0.5084823228346457
21
0.5538409842519685
0
LINE
8
BLACK
6
CONTINUOUS
10
0.5084823228346457
20
0.5538409842519685
11
0.5095467322834646
21
0.5534000787401575
0
LINE
8
BLACK
6
CONTINUOUS
10
0.5095467322834646
20
0.5534000787401575
11
0.5103613779527559
21
0.5525854330708662
0
LINE
8
BLACK
6
CONTINUOUS
10
0.5103613779527559
20
0.5525854330708662
11
0.5108022834645669
21
0.5515210236220472
0
LINE
8
BLACK
6
CONTINUOUS
10
0.5108022834645669
20
0.5515210236220472
11
0.5108022834645669
21
0.5503688976377953
0
LINE
8
BLACK
6
CONTINUOUS
10
0.5108022834645669
20
0.5503688976377953
11
0.5103613779527559
21
0.5493044881889764
0
LINE
8
BLACK
6
CONTINUOUS
10
0.5103613779527559
20
0.5493044881889764
11
0.5095467322834646
21
0.548489842519685
0
LINE
8
BLACK
6
CONTINUOUS
10
0.5095467322834646
20
0.548489842519685
11
0.5084823228346457
21
0.548048937007874
0
LINE
8
BLACK
6
CONTINUOUS
10
0.5084823228346457
20
0.548048937007874
11
0.5079062598425197
21
0.5479922047244095
0
LINE
8
BLACK
6
CONTINUOUS
10
0.5079062598425197
20
0.5479922047244095
11
0.4816595275590551
21
0.5479922047244095
0
LINE
8
BLACK
6
CONTINUOUS
10
0.4816595275590551
20
0.5479922047244095
11
0.4810834645669291
21
0.548048937007874
0
LINE
8
BLACK
6
CONTINUOUS
10
0.4810834645669291
20
0.548048937007874
11
0.4800190551181102
21
0.548489842519685
0
LINE
8
BLACK
6
CONTINUOUS
10
0.4800190551181102
20
0.548489842519685
11
0.4792044094488189
21
0.5493044881889764
0
LINE
8
BLACK
6
CONTINUOUS
10
0.4792044094488189
20
0.5493044881889764
11
0.4787635039370078
21
0.5503688976377953
0
LINE
8
BLACK
6
CONTINUOUS
10
0.4787635039370078
20
0.5503688976377953
11
0.4787635039370078
21
0.5515210236220472
0
LINE
8
BLACK
6
CONTINUOUS
10
0.4787635039370078
20
0.5515210236220472
11
0.4792044094488189
21
0.5525854330708662
0
LINE
8
BLACK
6
CONTINUOUS
10
0.4792044094488189
20
0.5525854330708662
11
0.4799682283464567
21
0.5533492913385827
0
LINE
8
BLACK
6
CONTINUOUS
10
0.4799682283464567
20
0.5533492913385827
11
0.4790185039370078
21
0.5552487401574803
0
LINE
8
BLACK
6
CONTINUOUS
10
0.4790185039370078
20
0.5552487401574803
11
0.4788116141732283
21
0.5557893700787402
0
LINE
8
BLACK
6
CONTINUOUS
10
0.4788116141732283
20
0.5557893700787402
11
0.4788040944881889
21
0.5558951968503937
0
LINE
8
BLACK
6
CONTINUOUS
10
0.4788040944881889
20
0.5558951968503937
11
0.4787635039370078
21
0.555993188976378
0
LINE
8
BLACK
6
CONTINUOUS
10
0.4787635039370078
20
0.555993188976378
11
0.4787067716535433
21
0.5565692519685039
0
LINE
8
BLACK
6
CONTINUOUS
10
0.4787067716535433
20
0.5565692519685039
11
0.4787067716535433
21
0.5621935433070866
0
LINE
8
BLACK
6
CONTINUOUS
10
0.4787067716535433
20
0.5621935433070866
11
0.4787635039370078
21
0.5627696062992126
0
LINE
8
BLACK
6
CONTINUOUS
10
0.4787635039370078
20
0.5627696062992126
11
0.4788040944881889
21
0.5628676377952756
0
LINE
8
BLACK
6
CONTINUOUS
10
0.4788040944881889
20
0.5628676377952756
11
0.4788116141732283
21
0.5629734251968503
0
LINE
8
BLACK
6
CONTINUOUS
10
0.4788116141732283
20
0.5629734251968503
11
0.4790185039370078
21
0.5635140551181103
0
LINE
8
BLACK
6
CONTINUOUS
10
0.4790185039370078
20
0.5635140551181103
11
0.4808932677165354
21
0.5672635826771654
0
LINE
8
BLACK
6
CONTINUOUS
10
0.4808932677165354
20
0.5672635826771654
11
0.4809538976377953
21
0.5673599606299212
0
LINE
8
BLACK
6
CONTINUOUS
10
0.4809538976377953
20
0.5673599606299212
11
0.4809690551181102
21
0.5674053543307086
0
LINE
8
BLACK
6
CONTINUOUS
10
0.4809690551181102
20
0.5674053543307086
11
0.4810180708661417
21
0.5674619291338583
0
LINE
8
BLACK
6
CONTINUOUS
10
0.4810180708661417
20
0.5674619291338583
11
0.4812016141732283
21
0.5677534645669291
0
LINE
8
BLACK
6
CONTINUOUS
10
0.4812016141732283
20
0.5677534645669291
11
0.4814812992125984
21
0.567996062992126
0
LINE
8
BLACK
6
CONTINUOUS
10
0.4814812992125984
20
0.567996062992126
11
0.4817238976377953
21
0.5682757480314961
0
LINE
8
BLACK
6
CONTINUOUS
10
0.4817238976377953
20
0.5682757480314961
11
0.4820154330708661
21
0.5684592913385826
0
LINE
8
BLACK
6
CONTINUOUS
10
0.4820154330708661
20
0.5684592913385826
11
0.4820720078740157
21
0.5685083070866142
0
LINE
8
BLACK
6
CONTINUOUS
10
0.4820720078740157
20
0.5685083070866142
11
0.4821174015748032
21
0.5685234645669291
0
LINE
8
BLACK
6
CONTINUOUS
10
0.4821174015748032
20
0.5685234645669291
11
0.4822137795275591
21
0.5685840944881889
0
LINE
8
BLACK
6
CONTINUOUS
10
0.4822137795275591
20
0.5685840944881889
11
0.4859633070866142
21
0.5704588582677165
0
LINE
8
BLACK
6
CONTINUOUS
10
0.4859633070866142
20
0.5704588582677165
11
0.4865038976377953
21
0.5706657480314961
0
LINE
8
BLACK
6
CONTINUOUS
10
0.4865038976377953
20
0.5706657480314961
11
0.4866097637795275
21
0.5706733070866141
0
LINE
8
BLACK
6
CONTINUOUS
10
0.4866097637795275
20
0.5706733070866141
11
0.4867077559055118
21
0.5707138582677165
0
LINE
8
BLACK
6
CONTINUOUS
10
0.4867077559055118
20
0.5707138582677165
11
0.4872838188976378
21
0.5707705905511811
0
LINE
8
BLACK
6
CONTINUOUS
10
0.4872838188976378
20
0.5707705905511811
11
0.5079062598425197
21
0.5707705905511811
0
LINE
8
BLACK
6
CONTINUOUS
10
0.5079062598425197
20
0.5707705905511811
11
0.5084823228346457
21
0.5707138582677165
0
LINE
8
BLACK
6
CONTINUOUS
10
0.6580886220472441
20
0.5744633464566929
11
0.659153031496063
21
0.5740224409448819
0
LINE
8
BLACK
6
CONTINUOUS
10
0.659153031496063
20
0.5740224409448819
11
0.6599676771653543
21
0.5732077952755905
0
LINE
8
BLACK
6
CONTINUOUS
10
0.6599676771653543
20
0.5732077952755905
11
0.6604085826771653
21
0.5721433858267716
0
LINE
8
BLACK
6
CONTINUOUS
10
0.6604085826771653
20
0.5721433858267716
11
0.6604085826771653
21
0.5709912598425196
0
LINE
8
BLACK
6
CONTINUOUS
10
0.6604085826771653
20
0.5709912598425196
11
0.6599676771653543
21
0.5699268503937007
0
LINE
8
BLACK
6
CONTINUOUS
10
0.6599676771653543
20
0.5699268503937007
11
0.6592038188976378
21
0.569163031496063
0
LINE
8
BLACK
6
CONTINUOUS
10
0.6592038188976378
20
0.569163031496063
11
0.6601535826771653
21
0.5672635433070866
0
LINE
8
BLACK
6
CONTINUOUS
10
0.6601535826771653
20
0.5672635433070866
11
0.6603604724409449
21
0.5667229527559055
0
LINE
8
BLACK
6
CONTINUOUS
10
0.6603604724409449
20
0.5667229527559055
11
0.6603679921259842
21
0.5666170866141732
0
LINE
8
BLACK
6
CONTINUOUS
10
0.6603679921259842
20
0.5666170866141732
11
0.6604085826771653
21
0.5665190944881889
0
LINE
8
BLACK
6
CONTINUOUS
10
0.6604085826771653
20
0.5665190944881889
11
0.6604653149606299
21
0.565943031496063
0
LINE
8
BLACK
6
CONTINUOUS
10
0.6604653149606299
20
0.565943031496063
11
0.6604653149606299
21
0.5603187401574803
0
LINE
8
BLACK
6
CONTINUOUS
10
0.6604653149606299
20
0.5603187401574803
11
0.6604085826771653
21
0.5597426771653543
0
LINE
8
BLACK
6
CONTINUOUS
10
0.6604085826771653
20
0.5597426771653543
11
0.6603679921259842
21
0.5596447244094488
0
LINE
8
BLACK
6
CONTINUOUS
10
0.6603679921259842
20
0.5596447244094488
11
0.6603604724409449
21
0.5595388188976378
0
LINE
8
BLACK
6
CONTINUOUS
10
0.6603604724409449
20
0.5595388188976378
11
0.6601535826771653
21
0.5589982283464566
0
LINE
8
BLACK
6
CONTINUOUS
10
0.6601535826771653
20
0.5589982283464566
11
0.6582788188976377
21
0.5552487007874015
0
LINE
8
BLACK
6
CONTINUOUS
10
0.6582788188976377
20
0.5552487007874015
11
0.6582181496062992
21
0.5551523622047244
0
LINE
8
BLACK
6
CONTINUOUS
10
0.6582181496062992
20
0.5551523622047244
11
0.658203031496063
21
0.5551069291338583
0
LINE
8
BLACK
6
CONTINUOUS
10
0.658203031496063
20
0.5551069291338583
11
0.6581539763779527
21
0.5550503937007873
0
LINE
8
BLACK
6
CONTINUOUS
10
0.6581539763779527
20
0.5550503937007873
11
0.6579704724409449
21
0.5547588188976378
0
LINE
8
BLACK
6
CONTINUOUS
10
0.6579704724409449
20
0.5547588188976378
11
0.6576906299212598
21
0.5545161811023622
0
LINE
8
BLACK
6
CONTINUOUS
10
0.6576906299212598
20
0.5545161811023622
11
0.6574481496062992
21
0.5542365354330708
0
LINE
8
BLACK
6
CONTINUOUS
10
0.6574481496062992
20
0.5542365354330708
11
0.6571566535433071
21
0.5540530708661418
0
LINE
8
BLACK
6
CONTINUOUS
10
0.6571566535433071
20
0.5540530708661418
11
0.6571000787401574
21
0.5540039763779527
0
LINE
8
BLACK
6
CONTINUOUS
10
0.6571000787401574
20
0.5540039763779527
11
0.6570546062992125
21
0.5539888582677165
0
LINE
8
BLACK
6
CONTINUOUS
10
0.6570546062992125
20
0.5539888582677165
11
0.6569583070866142
21
0.553928188976378
0
LINE
8
BLACK
6
CONTINUOUS
10
0.6569583070866142
20
0.553928188976378
11
0.6532087401574803
21
0.5520534251968504
0
LINE
8
BLACK
6
CONTINUOUS
10
0.6532087401574803
20
0.5520534251968504
11
0.6526681102362205
21
0.5518465354330708
0
LINE
8
BLACK
6
CONTINUOUS
10
0.6526681102362205
20
0.5518465354330708
11
0.6525622834645669
21
0.5518390551181103
0
LINE
8
BLACK
6
CONTINUOUS
10
0.6525622834645669
20
0.5518390551181103
11
0.6524642913385826
21
0.5517984251968504
0
LINE
8
BLACK
6
CONTINUOUS
10
0.6524642913385826
20
0.5517984251968504
11
0.6518882283464567
21
0.5517416929133858
0
LINE
8
BLACK
6
CONTINUOUS
10
0.6518882283464567
20
0.5517416929133858
11
0.6312658267716535
21
0.5517416929133858
0
LINE
8
BLACK
6
CONTINUOUS
10
0.6312658267716535
20
0.5517416929133858
11
0.6306897637795276
21
0.5517984251968504
0
LINE
8
BLACK
6
CONTINUOUS
10
0.6306897637795276
20
0.5517984251968504
11
0.6296253543307087
21
0.5522393307086614
0
LINE
8
BLACK
6
CONTINUOUS
10
0.6296253543307087
20
0.5522393307086614
11
0.6288107086614173
21
0.5530539763779527
0
LINE
8
BLACK
6
CONTINUOUS
10
0.6288107086614173
20
0.5530539763779527
11
0.6283698031496063
21
0.5541183858267716
0
LINE
8
BLACK
6
CONTINUOUS
10
0.6283698031496063
20
0.5541183858267716
11
0.6283698031496063
21
0.5552705118110236
0
LINE
8
BLACK
6
CONTINUOUS
10
0.6283698031496063
20
0.5552705118110236
11
0.6288107086614173
21
0.5563349212598425
0
LINE
8
BLACK
6
CONTINUOUS
10
0.6288107086614173
20
0.5563349212598425
11
0.6296253543307087
21
0.5571495669291339
0
LINE
8
BLACK
6
CONTINUOUS
10
0.6296253543307087
20
0.5571495669291339
11
0.6306897637795276
21
0.5575904724409448
0
LINE
8
BLACK
6
CONTINUOUS
10
0.6306897637795276
20
0.5575904724409448
11
0.6312658267716535
21
0.5576472047244094
0
LINE
8
BLACK
6
CONTINUOUS
10
0.6312658267716535
20
0.5576472047244094
11
0.6511911811023622
21
0.5576472047244094
0
LINE
8
BLACK
6
CONTINUOUS
10
0.6511911811023622
20
0.5576472047244094
11
0.6534369291338582
21
0.5587700787401575
0
LINE
8
BLACK
6
CONTINUOUS
10
0.6534369291338582
20
0.5587700787401575
11
0.6545598031496063
21
0.5610157874015748
0
LINE
8
BLACK
6
CONTINUOUS
10
0.6545598031496063
20
0.5610157874015748
11
0.6545598031496063
21
0.5652459842519685
0
LINE
8
BLACK
6
CONTINUOUS
10
0.6545598031496063
20
0.5652459842519685
11
0.6532110629921259
21
0.5679434645669291
0
LINE
8
BLACK
6
CONTINUOUS
10
0.6532110629921259
20
0.5679434645669291
11
0.6525399212598425
21
0.5686145669291338
0
LINE
8
BLACK
6
CONTINUOUS
10
0.6525399212598425
20
0.5686145669291338
11
0.6312658267716535
21
0.5686145669291338
0
LINE
8
BLACK
6
CONTINUOUS
10
0.6312658267716535
20
0.5686145669291338
11
0.6306897637795276
21
0.5686712992125984
0
LINE
8
BLACK
6
CONTINUOUS
10
0.6306897637795276
20
0.5686712992125984
11
0.6296253543307087
21
0.5691122047244095
0
LINE
8
BLACK
6
CONTINUOUS
10
0.6296253543307087
20
0.5691122047244095
11
0.6288107086614173
21
0.5699268503937007
0
LINE
8
BLACK
6
CONTINUOUS
10
0.6288107086614173
20
0.5699268503937007
11
0.6283698031496063
21
0.5709912598425196
0
LINE
8
BLACK
6
CONTINUOUS
10
0.6283698031496063
20
0.5709912598425196
11
0.6283698031496063
21
0.5721433858267716
0
LINE
8
BLACK
6
CONTINUOUS
10
0.6283698031496063
20
0.5721433858267716
11
0.6288107086614173
21
0.5732077952755905
0
LINE
8
BLACK
6
CONTINUOUS
10
0.6288107086614173
20
0.5732077952755905
11
0.6296253543307087
21
0.5740224409448819
0
LINE
8
BLACK
6
CONTINUOUS
10
0.6296253543307087
20
0.5740224409448819
11
0.6306897637795276
21
0.5744633464566929
0
LINE
8
BLACK
6
CONTINUOUS
10
0.6306897637795276
20
0.5744633464566929
11
0.6312658267716535
21
0.5745200787401574
0
LINE
8
BLACK
6
CONTINUOUS
10
0.6312658267716535
20
0.5745200787401574
11
0.6575125590551181
21
0.5745200787401574
0
LINE
8
BLACK
6
CONTINUOUS
10
0.6575125590551181
20
0.5745200787401574
11
0.6580886220472441
21
0.5744633464566929
0
LINE
8
BLACK
6
CONTINUOUS
10
1.0188572440944881
20
0.6009462992125985
11
1.0189552362204723
21
0.6009057086614173
0
LINE
8
BLACK
6
CONTINUOUS
10
1.0189552362204723
20
0.6009057086614173
11
1.019061062992126
21
0.6008981889763779
0
LINE
8
BLACK
6
CONTINUOUS
10
1.019061062992126
20
0.6008981889763779
11
1.0196016929133858
21
0.6006912992125985
0
LINE
8
BLACK
6
CONTINUOUS
10
1.0196016929133858
20
0.6006912992125985
11
1.0233512204724409
21
0.5988165354330709
0
LINE
8
BLACK
6
CONTINUOUS
10
1.0233512204724409
20
0.5988165354330709
11
1.023599094488189
21
0.5986605118110236
0
LINE
8
BLACK
6
CONTINUOUS
10
1.023599094488189
20
0.5986605118110236
11
1.0236711417322835
21
0.5986306692913386
0
LINE
8
BLACK
6
CONTINUOUS
10
1.0236711417322835
20
0.5986306692913386
11
1.0237521653543307
21
0.5985641732283464
0
LINE
8
BLACK
6
CONTINUOUS
10
1.0237521653543307
20
0.5985641732283464
11
1.0238411023622047
21
0.5985081889763779
0
LINE
8
BLACK
6
CONTINUOUS
10
1.0238411023622047
20
0.5985081889763779
11
1.0238922440944882
21
0.5984492125984252
0
LINE
8
BLACK
6
CONTINUOUS
10
1.0238922440944882
20
0.5984492125984252
11
1.0241185826771653
21
0.5982634645669291
0
LINE
8
BLACK
6
CONTINUOUS
10
1.0241185826771653
20
0.5982634645669291
11
1.0259933858267716
21
0.5963887007874016
0
LINE
8
BLACK
6
CONTINUOUS
10
1.0259933858267716
20
0.5963887007874016
11
1.0261791338582678
21
0.5961623622047244
0
LINE
8
BLACK
6
CONTINUOUS
10
1.0261791338582678
20
0.5961623622047244
11
1.0262381889763779
21
0.5961111417322834
0
LINE
8
BLACK
6
CONTINUOUS
10
1.0262381889763779
20
0.5961111417322834
11
1.0262941732283464
21
0.5960222047244095
0
LINE
8
BLACK
6
CONTINUOUS
10
1.0262941732283464
20
0.5960222047244095
11
1.0263606299212598
21
0.5959412204724409
0
LINE
8
BLACK
6
CONTINUOUS
10
1.0263606299212598
20
0.5959412204724409
11
1.0263904330708662
21
0.5958692913385827
0
LINE
8
BLACK
6
CONTINUOUS
10
1.0263904330708662
20
0.5958692913385827
11
1.026546535433071
21
0.5956212598425197
0
LINE
8
BLACK
6
CONTINUOUS
10
1.026546535433071
20
0.5956212598425197
11
1.0284212992125985
21
0.5918717322834646
0
LINE
8
BLACK
6
CONTINUOUS
10
1.0284212992125985
20
0.5918717322834646
11
1.028628188976378
21
0.5913311417322834
0
LINE
8
BLACK
6
CONTINUOUS
10
1.028628188976378
20
0.5913311417322834
11
1.0286357086614173
21
0.5912252755905512
0
LINE
8
BLACK
6
CONTINUOUS
10
1.0286357086614173
20
0.5912252755905512
11
1.0286762992125984
21
0.5911272834645669
0
LINE
8
BLACK
6
CONTINUOUS
10
1.0286762992125984
20
0.5911272834645669
11
1.028733031496063
21
0.5905512204724409
0
LINE
8
BLACK
6
CONTINUOUS
10
1.028733031496063
20
0.5905512204724409
11
1.028733031496063
21
0.5755531102362205
0
LINE
8
BLACK
6
CONTINUOUS
10
1.028733031496063
20
0.5755531102362205
11
1.0286762992125984
21
0.5749770472440945
0
LINE
8
BLACK
6
CONTINUOUS
10
1.0286762992125984
20
0.5749770472440945
11
1.0282353937007873
21
0.5739126377952756
0
LINE
8
BLACK
6
CONTINUOUS
10
1.0282353937007873
20
0.5739126377952756
11
1.0274207480314961
21
0.5730979921259842
0
LINE
8
BLACK
6
CONTINUOUS
10
1.0274207480314961
20
0.5730979921259842
11
1.0263563385826771
21
0.5726570866141732
0
LINE
8
BLACK
6
CONTINUOUS
10
1.0263563385826771
20
0.5726570866141732
11
1.0257802755905512
21
0.5726003543307087
0
LINE
8
BLACK
6
CONTINUOUS
10
1.0257802755905512
20
0.5726003543307087
11
0.9864101968503937
21
0.5726003543307087
0
LINE
8
BLACK
6
CONTINUOUS
10
0.9864101968503937
20
0.5726003543307087
11
0.9858341338582677
21
0.5726570866141732
0
LINE
8
BLACK
6
CONTINUOUS
10
0.9858341338582677
20
0.5726570866141732
11
0.9847697244094488
21
0.5730979921259842
0
LINE
8
BLACK
6
CONTINUOUS
10
0.9847697244094488
20
0.5730979921259842
11
0.9839550787401574
21
0.5739126377952756
0
LINE
8
BLACK
6
CONTINUOUS
10
0.9839550787401574
20
0.5739126377952756
11
0.9835141732283464
21
0.5749770472440945
0
LINE
8
BLACK
6
CONTINUOUS
10
0.9835141732283464
20
0.5749770472440945
11
0.9834574409448819
21
0.5755531102362205
0
LINE
8
BLACK
6
CONTINUOUS
10
0.9834574409448819
20
0.5755531102362205
11
0.9834574409448819
21
0.5886764566929134
0
LINE
8
BLACK
6
CONTINUOUS
10
0.9834574409448819
20
0.5886764566929134
11
0.9835141732283464
21
0.5892525196850393
0
LINE
8
BLACK
6
CONTINUOUS
10
0.9835141732283464
20
0.5892525196850393
11
0.9835547637795276
21
0.5893505511811024
0
LINE
8
BLACK
6
CONTINUOUS
10
0.9835547637795276
20
0.5893505511811024
11
0.9835622834645669
21
0.5894563385826771
0
LINE
8
BLACK
6
CONTINUOUS
10
0.9835622834645669
20
0.5894563385826771
11
0.9837691732283464
21
0.589996968503937
0
LINE
8
BLACK
6
CONTINUOUS
10
0.9837691732283464
20
0.589996968503937
11
0.985643937007874
21
0.5937464960629921
0
LINE
8
BLACK
6
CONTINUOUS
10
0.985643937007874
20
0.5937464960629921
11
0.9858
21
0.5939945275590551
0
LINE
8
BLACK
6
CONTINUOUS
10
0.9858
20
0.5939945275590551
11
0.985829842519685
21
0.5940664566929134
0
LINE
8
BLACK
6
CONTINUOUS
10
0.985829842519685
20
0.5940664566929134
11
0.9858962992125984
21
0.5941474409448819
0
LINE
8
BLACK
6
CONTINUOUS
10
0.9858962992125984
20
0.5941474409448819
11
0.9859522834645669
21
0.5942363779527559
0
LINE
8
BLACK
6
CONTINUOUS
10
0.9859522834645669
20
0.5942363779527559
11
0.9860112598425197
21
0.5942875590551181
0
LINE
8
BLACK
6
CONTINUOUS
10
0.9860112598425197
20
0.5942875590551181
11
0.9861970472440945
21
0.5945138976377953
0
LINE
8
BLACK
6
CONTINUOUS
10
0.9861970472440945
20
0.5945138976377953
11
0.9880718110236221
21
0.5963886614173228
0
LINE
8
BLACK
6
CONTINUOUS
10
0.9880718110236221
20
0.5963886614173228
11
0.9882981496062991
21
0.5965744488188977
0
LINE
8
BLACK
6
CONTINUOUS
10
0.9882981496062991
20
0.5965744488188977
11
0.9883493307086614
21
0.5966334251968504
0
LINE
8
BLACK
6
CONTINUOUS
10
0.9883493307086614
20
0.5966334251968504
11
0.9884382677165354
21
0.5966894094488189
0
LINE
8
BLACK
6
CONTINUOUS
10
0.9884382677165354
20
0.5966894094488189
11
0.9885192519685039
21
0.5967558661417323
0
LINE
8
BLACK
6
CONTINUOUS
10
0.9885192519685039
20
0.5967558661417323
11
0.9885911811023622
21
0.5967857086614173
0
LINE
8
BLACK
6
CONTINUOUS
10
0.9885911811023622
20
0.5967857086614173
11
0.9888392125984252
21
0.5969417716535433
0
LINE
8
BLACK
6
CONTINUOUS
10
0.9888392125984252
20
0.5969417716535433
11
0.9925887401574803
21
0.5988165354330709
0
LINE
8
BLACK
6
CONTINUOUS
10
0.9925887401574803
20
0.5988165354330709
11
0.9931293307086614
21
0.5990234251968504
0
LINE
8
BLACK
6
CONTINUOUS
10
0.9931293307086614
20
0.5990234251968504
11
0.9932351968503936
21
0.5990309842519685
0
LINE
8
BLACK
6
CONTINUOUS
10
0.9932351968503936
20
0.5990309842519685
11
0.9933331889763779
21
0.5990715354330709
0
LINE
8
BLACK
6
CONTINUOUS
10
0.9933331889763779
20
0.5990715354330709
11
0.9939092519685039
21
0.5991282677165354
0
LINE
8
BLACK
6
CONTINUOUS
10
0.9939092519685039
20
0.5991282677165354
11
0.997658779527559
21
0.5991282677165354
0
LINE
8
BLACK
6
CONTINUOUS
10
0.997658779527559
20
0.5991282677165354
11
0.998234842519685
21
0.5990715354330709
0
LINE
8
BLACK
6
CONTINUOUS
10
0.998234842519685
20
0.5990715354330709
11
0.9983328346456692
21
0.5990309448818898
0
LINE
8
BLACK
6
CONTINUOUS
10
0.9983328346456692
20
0.5990309448818898
11
0.9984386614173228
21
0.5990234251968504
0
LINE
8
BLACK
6
CONTINUOUS
10
0.9984386614173228
20
0.5990234251968504
11
0.9989792913385827
21
0.5988165354330709
0
LINE
8
BLACK
6
CONTINUOUS
10
0.9989792913385827
20
0.5988165354330709
11
1.0027288188976378
21
0.5969417716535433
0
LINE
8
BLACK
6
CONTINUOUS
10
1.0027288188976378
20
0.5969417716535433
11
1.0029768110236221
21
0.5967857086614173
0
LINE
8
BLACK
6
CONTINUOUS
10
1.0029768110236221
20
0.5967857086614173
11
1.0030487795275591
21
0.5967558661417323
0
LINE
8
BLACK
6
CONTINUOUS
10
1.0030487795275591
20
0.5967558661417323
11
1.0031297244094488
21
0.5966894094488189
0
LINE
8
BLACK
6
CONTINUOUS
10
1.0031297244094488
20
0.5966894094488189
11
1.0032187007874016
21
0.5966334251968504
0
LINE
8
BLACK
6
CONTINUOUS
10
1.0032187007874016
20
0.5966334251968504
11
1.0032698425196851
21
0.5965744488188977
0
LINE
8
BLACK
6
CONTINUOUS
10
1.0032698425196851
20
0.5965744488188977
11
1.0034962204724409
21
0.5963886614173228
0
LINE
8
BLACK
6
CONTINUOUS
10
1.0034962204724409
20
0.5963886614173228
11
1.0043607086614172
21
0.5955241732283465
0
LINE
8
BLACK
6
CONTINUOUS
10
1.0043607086614172
20
0.5955241732283465
11
1.0044673622047244
21
0.595763031496063
0
LINE
8
BLACK
6
CONTINUOUS
10
1.0044673622047244
20
0.595763031496063
11
1.0045368503937007
21
0.5958431889763779
0
LINE
8
BLACK
6
CONTINUOUS
10
1.0045368503937007
20
0.5958431889763779
11
1.0045774803149605
21
0.5959412204724409
0
LINE
8
BLACK
6
CONTINUOUS
10
1.0045774803149605
20
0.5959412204724409
11
1.00494468503937
21
0.5963886614173228
0
LINE
8
BLACK
6
CONTINUOUS
10
1.00494468503937
20
0.5963886614173228
11
1.0068194488188975
21
0.5982634251968504
0
LINE
8
BLACK
6
CONTINUOUS
10
1.0068194488188975
20
0.5982634251968504
11
1.0070457874015748
21
0.5984492125984252
0
LINE
8
BLACK
6
CONTINUOUS
10
1.0070457874015748
20
0.5984492125984252
11
1.007096968503937
21
0.5985081889763779
0
LINE
8
BLACK
6
CONTINUOUS
10
1.007096968503937
20
0.5985081889763779
11
1.0071859055118111
21
0.5985641732283464
0
LINE
8
BLACK
6
CONTINUOUS
10
1.0071859055118111
20
0.5985641732283464
11
1.0072668897637795
21
0.5986306299212598
0
LINE
8
BLACK
6
CONTINUOUS
10
1.0072668897637795
20
0.5986306299212598
11
1.0073388188976378
21
0.5986604724409449
0
LINE
8
BLACK
6
CONTINUOUS
10
1.0073388188976378
20
0.5986604724409449
11
1.0075868503937007
21
0.5988165354330709
0
LINE
8
BLACK
6
CONTINUOUS
10
1.0075868503937007
20
0.5988165354330709
11
1.0113363779527558
21
0.6006912992125985
0
LINE
8
BLACK
6
CONTINUOUS
10
1.0113363779527558
20
0.6006912992125985
11
1.011876968503937
21
0.6008981889763779
0
LINE
8
BLACK
6
CONTINUOUS
10
1.011876968503937
20
0.6008981889763779
11
1.0119828346456692
21
0.6009057480314961
0
LINE
8
BLACK
6
CONTINUOUS
10
1.0119828346456692
20
0.6009057480314961
11
1.0120808267716535
21
0.6009462992125985
0
LINE
8
BLACK
6
CONTINUOUS
10
1.0120808267716535
20
0.6009462992125985
11
1.0126568897637795
21
0.6010030314960629
0
LINE
8
BLACK
6
CONTINUOUS
10
1.0126568897637795
20
0.6010030314960629
11
1.0182811811023622
21
0.6010030314960629
0
LINE
8
BLACK
6
CONTINUOUS
10
1.0182811811023622
20
0.6010030314960629
11
1.0188572440944881
21
0.6009462992125985
0
LINE
8
BLACK
6
CONTINUOUS
10
0.9919088188976378
20
0.5918740157480314
11
0.9907116929133858
21
0.5906768897637795
0
LINE
8
BLACK
6
CONTINUOUS
10
0.9907116929133858
20
0.5906768897637795
11
0.9893629527559055
21
0.5879794094488189
0
LINE
8
BLACK
6
CONTINUOUS
10
0.9893629527559055
20
0.5879794094488189
11
0.9893629527559055
21
0.5785058661417323
0
LINE
8
BLACK
6
CONTINUOUS
10
0.9893629527559055
20
0.5785058661417323
11
1.0022050787401575
21
0.5785058661417323
0
LINE
8
BLACK
6
CONTINUOUS
10
1.0022050787401575
20
0.5785058661417323
11
1.0022050787401575
21
0.5879794094488189
0
LINE
8
BLACK
6
CONTINUOUS
10
1.0022050787401575
20
0.5879794094488189
11
1.0008563385826772
21
0.5906768897637795
0
LINE
8
BLACK
6
CONTINUOUS
10
1.0008563385826772
20
0.5906768897637795
11
0.9996592125984252
21
0.5918740157480314
0
LINE
8
BLACK
6
CONTINUOUS
10
0.9996592125984252
20
0.5918740157480314
11
0.9969617322834645
21
0.5932227559055118
0
LINE
8
BLACK
6
CONTINUOUS
10
0.9969617322834645
20
0.5932227559055118
11
0.9946062992125984
21
0.5932227559055118
0
LINE
8
BLACK
6
CONTINUOUS
10
0.9946062992125984
20
0.5932227559055118
11
0.9919088188976378
21
0.5918740157480314
0
LINE
8
BLACK
6
CONTINUOUS
10
1.0106564566929133
20
0.593748779527559
11
1.0096133858267717
21
0.592705748031496
0
LINE
8
BLACK
6
CONTINUOUS
10
1.0096133858267717
20
0.592705748031496
11
1.0081105905511811
21
0.5881973228346457
0
LINE
8
BLACK
6
CONTINUOUS
10
1.0081105905511811
20
0.5881973228346457
11
1.0081105905511811
21
0.5785058661417323
0
LINE
8
BLACK
6
CONTINUOUS
10
1.0081105905511811
20
0.5785058661417323
11
1.0228275196850394
21
0.5785058661417323
0
LINE
8
BLACK
6
CONTINUOUS
10
1.0228275196850394
20
0.5785058661417323
11
1.0228275196850394
21
0.5898541732283464
0
LINE
8
BLACK
6
CONTINUOUS
10
1.0228275196850394
20
0.5898541732283464
11
1.0214787795275591
21
0.5925516535433071
0
LINE
8
BLACK
6
CONTINUOUS
10
1.0214787795275591
20
0.5925516535433071
11
1.0202816141732283
21
0.593748779527559
0
LINE
8
BLACK
6
CONTINUOUS
10
1.0202816141732283
20
0.593748779527559
11
1.0175841338582676
21
0.5950975196850393
0
LINE
8
BLACK
6
CONTINUOUS
10
1.0175841338582676
20
0.5950975196850393
11
1.0133539370078739
21
0.5950975196850393
0
LINE
8
BLACK
6
CONTINUOUS
10
1.0133539370078739
20
0.5950975196850393
11
1.0106564566929133
21
0.593748779527559
0
LINE
8
BLACK
6
CONTINUOUS
10
0.6580886220472441
20
0.626956811023622
11
0.659153031496063
21
0.626515905511811
0
LINE
8
BLACK
6
CONTINUOUS
10
0.659153031496063
20
0.626515905511811
11
0.6599676771653543
21
0.6257012598425197
0
LINE
8
BLACK
6
CONTINUOUS
10
0.6599676771653543
20
0.6257012598425197
11
0.6604085826771653
21
0.6246368503937008
0
LINE
8
BLACK
6
CONTINUOUS
10
0.6604085826771653
20
0.6246368503937008
11
0.6604085826771653
21
0.6234847244094488
0
LINE
8
BLACK
6
CONTINUOUS
10
0.6604085826771653
20
0.6234847244094488
11
0.6599676771653543
21
0.6224203149606299
0
LINE
8
BLACK
6
CONTINUOUS
10
0.6599676771653543
20
0.6224203149606299
11
0.659153031496063
21
0.6216056692913385
0
LINE
8
BLACK
6
CONTINUOUS
10
0.659153031496063
20
0.6216056692913385
11
0.6580886220472441
21
0.6211647637795276
0
LINE
8
BLACK
6
CONTINUOUS
10
0.6580886220472441
20
0.6211647637795276
11
0.6575125590551181
21
0.621108031496063
0
LINE
8
BLACK
6
CONTINUOUS
10
0.6575125590551181
20
0.621108031496063
11
0.6375871653543307
21
0.621108031496063
0
LINE
8
BLACK
6
CONTINUOUS
10
0.6375871653543307
20
0.621108031496063
11
0.6353414173228347
21
0.6199851968503937
0
LINE
8
BLACK
6
CONTINUOUS
10
0.6353414173228347
20
0.6199851968503937
11
0.6342185826771654
21
0.6177394488188976
0
LINE
8
BLACK
6
CONTINUOUS
10
0.6342185826771654
20
0.6177394488188976
11
0.6342185826771654
21
0.6135092125984252
0
LINE
8
BLACK
6
CONTINUOUS
10
0.6342185826771654
20
0.6135092125984252
11
0.6353414173228347
21
0.6112635039370079
0
LINE
8
BLACK
6
CONTINUOUS
10
0.6353414173228347
20
0.6112635039370079
11
0.6375871653543307
21
0.6101406299212598
0
LINE
8
BLACK
6
CONTINUOUS
10
0.6375871653543307
20
0.6101406299212598
11
0.6575125590551181
21
0.6101406299212598
0
LINE
8
BLACK
6
CONTINUOUS
10
0.6575125590551181
20
0.6101406299212598
11
0.6580886220472441
21
0.6100838976377952
0
LINE
8
BLACK
6
CONTINUOUS
10
0.6580886220472441
20
0.6100838976377952
11
0.659153031496063
21
0.6096429921259843
0
LINE
8
BLACK
6
CONTINUOUS
10
0.659153031496063
20
0.6096429921259843
11
0.6599676771653543
21
0.6088283464566929
0
LINE
8
BLACK
6
CONTINUOUS
10
0.6599676771653543
20
0.6088283464566929
11
0.6604085826771653
21
0.607763937007874
0
LINE
8
BLACK
6
CONTINUOUS
10
0.6604085826771653
20
0.607763937007874
11
0.6604085826771653
21
0.606611811023622
0
LINE
8
BLACK
6
CONTINUOUS
10
0.6604085826771653
20
0.606611811023622
11
0.6599676771653543
21
0.6055474015748031
0
LINE
8
BLACK
6
CONTINUOUS
10
0.6599676771653543
20
0.6055474015748031
11
0.659153031496063
21
0.6047327559055118
0
LINE
8
BLACK
6
CONTINUOUS
10
0.659153031496063
20
0.6047327559055118
11
0.6580886220472441
21
0.6042918503937008
0
LINE
8
BLACK
6
CONTINUOUS
10
0.6580886220472441
20
0.6042918503937008
11
0.6575125590551181
21
0.6042351181102362
0
LINE
8
BLACK
6
CONTINUOUS
10
0.6575125590551181
20
0.6042351181102362
11
0.6375871653543307
21
0.6042351181102362
0
LINE
8
BLACK
6
CONTINUOUS
10
0.6375871653543307
20
0.6042351181102362
11
0.6353414173228347
21
0.6031122834645669
0
LINE
8
BLACK
6
CONTINUOUS
10
0.6353414173228347
20
0.6031122834645669
11
0.6342185826771654
21
0.6008665354330709
0
LINE
8
BLACK
6
CONTINUOUS
10
0.6342185826771654
20
0.6008665354330709
11
0.6342185826771654
21
0.5966363385826772
0
LINE
8
BLACK
6
CONTINUOUS
10
0.6342185826771654
20
0.5966363385826772
11
0.6355673228346457
21
0.5939388582677165
0
LINE
8
BLACK
6
CONTINUOUS
10
0.6355673228346457
20
0.5939388582677165
11
0.6362384251968504
21
0.5932677559055118
0
LINE
8
BLACK
6
CONTINUOUS
10
0.6362384251968504
20
0.5932677559055118
11
0.6575125590551181
21
0.5932677559055118
0
LINE
8
BLACK
6
CONTINUOUS
10
0.6575125590551181
20
0.5932677559055118
11
0.6580886220472441
21
0.5932110236220473
0
LINE
8
BLACK
6
CONTINUOUS
10
0.6580886220472441
20
0.5932110236220473
11
0.659153031496063
21
0.5927701181102362
0
LINE
8
BLACK
6
CONTINUOUS
10
0.659153031496063
20
0.5927701181102362
11
0.6599676771653543
21
0.5919554724409448
0
LINE
8
BLACK
6
CONTINUOUS
10
0.6599676771653543
20
0.5919554724409448
11
0.6604085826771653
21
0.590891062992126
0
LINE
8
BLACK
6
CONTINUOUS
10
0.6604085826771653
20
0.590891062992126
11
0.6604085826771653
21
0.5897389370078741
0
LINE
8
BLACK
6
CONTINUOUS
10
0.6604085826771653
20
0.5897389370078741
11
0.6599676771653543
21
0.5886745275590551
0
LINE
8
BLACK
6
CONTINUOUS
10
0.6599676771653543
20
0.5886745275590551
11
0.659153031496063
21
0.5878598818897638
0
LINE
8
BLACK
6
CONTINUOUS
10
0.659153031496063
20
0.5878598818897638
11
0.6580886220472441
21
0.5874189763779527
0
LINE
8
BLACK
6
CONTINUOUS
10
0.6580886220472441
20
0.5874189763779527
11
0.6575125590551181
21
0.5873622440944882
0
LINE
8
BLACK
6
CONTINUOUS
10
0.6575125590551181
20
0.5873622440944882
11
0.6312658267716535
21
0.5873622440944882
0
LINE
8
BLACK
6
CONTINUOUS
10
0.6312658267716535
20
0.5873622440944882
11
0.6306897637795276
21
0.5874189763779527
0
LINE
8
BLACK
6
CONTINUOUS
10
0.6306897637795276
20
0.5874189763779527
11
0.6296253543307087
21
0.5878598818897638
0
LINE
8
BLACK
6
CONTINUOUS
10
0.6296253543307087
20
0.5878598818897638
11
0.6288107086614173
21
0.5886745275590551
0
LINE
8
BLACK
6
CONTINUOUS
10
0.6288107086614173
20
0.5886745275590551
11
0.6283698031496063
21
0.5897389370078741
0
LINE
8
BLACK
6
CONTINUOUS
10
0.6283698031496063
20
0.5897389370078741
11
0.6283698031496063
21
0.590891062992126
0
LINE
8
BLACK
6
CONTINUOUS
10
0.6283698031496063
20
0.590891062992126
11
0.6288107086614173
21
0.5919554724409448
0
LINE
8
BLACK
6
CONTINUOUS
10
0.6288107086614173
20
0.5919554724409448
11
0.6295745275590551
21
0.5927193307086615
0
LINE
8
BLACK
6
CONTINUOUS
10
0.6295745275590551
20
0.5927193307086615
11
0.6286248031496063
21
0.594618779527559
0
LINE
8
BLACK
6
CONTINUOUS
10
0.6286248031496063
20
0.594618779527559
11
0.6284179133858268
21
0.5951594094488188
0
LINE
8
BLACK
6
CONTINUOUS
10
0.6284179133858268
20
0.5951594094488188
11
0.6284103937007874
21
0.5952652362204724
0
LINE
8
BLACK
6
CONTINUOUS
10
0.6284103937007874
20
0.5952652362204724
11
0.6283698031496063
21
0.5953632283464567
0
LINE
8
BLACK
6
CONTINUOUS
10
0.6283698031496063
20
0.5953632283464567
11
0.6283130708661417
21
0.5959392913385827
0
LINE
8
BLACK
6
CONTINUOUS
10
0.6283130708661417
20
0.5959392913385827
11
0.6283130708661417
21
0.6015635826771654
0
LINE
8
BLACK
6
CONTINUOUS
10
0.6283130708661417
20
0.6015635826771654
11
0.6283698031496063
21
0.6021396456692913
0
LINE
8
BLACK
6
CONTINUOUS
10
0.6283698031496063
20
0.6021396456692913
11
0.6284103937007874
21
0.6022376771653544
0
LINE
8
BLACK
6
CONTINUOUS
10
0.6284103937007874
20
0.6022376771653544
11
0.6284179133858268
21
0.6023434645669291
0
LINE
8
BLACK
6
CONTINUOUS
10
0.6284179133858268
20
0.6023434645669291
11
0.6286248031496063
21
0.6028840944881889
0
LINE
8
BLACK
6
CONTINUOUS
10
0.6286248031496063
20
0.6028840944881889
11
0.6304995669291339
21
0.606633622047244
0
LINE
8
BLACK
6
CONTINUOUS
10
0.6304995669291339
20
0.606633622047244
11
0.6305601968503937
21
0.60673
0
LINE
8
BLACK
6
CONTINUOUS
10
0.6305601968503937
20
0.60673
11
0.6305753543307087
21
0.6067753937007874
0
LINE
8
BLACK
6
CONTINUOUS
10
0.6305753543307087
20
0.6067753937007874
11
0.6306243700787402
21
0.6068319685039369
0
LINE
8
BLACK
6
CONTINUOUS
10
0.6306243700787402
20
0.6068319685039369
11
0.6308079133858268
21
0.6071235039370079
0
LINE
8
BLACK
6
CONTINUOUS
10
0.6308079133858268
20
0.6071235039370079
11
0.630882125984252
21
0.607187874015748
0
LINE
8
BLACK
6
CONTINUOUS
10
0.630882125984252
20
0.607187874015748
11
0.6308079133858268
21
0.6072522440944882
0
LINE
8
BLACK
6
CONTINUOUS
10
0.6308079133858268
20
0.6072522440944882
11
0.6306243700787402
21
0.6075438188976378
0
LINE
8
BLACK
6
CONTINUOUS
10
0.6306243700787402
20
0.6075438188976378
11
0.6305753543307087
21
0.6076003543307087
0
LINE
8
BLACK
6
CONTINUOUS
10
0.6305753543307087
20
0.6076003543307087
11
0.6305601968503937
21
0.6076457874015748
0
LINE
8
BLACK
6
CONTINUOUS
10
0.6305601968503937
20
0.6076457874015748
11
0.6304995669291339
21
0.6077421259842519
0
LINE
8
BLACK
6
CONTINUOUS
10
0.6304995669291339
20
0.6077421259842519
11
0.6286248031496063
21
0.611491653543307
0
LINE
8
BLACK
6
CONTINUOUS
10
0.6286248031496063
20
0.611491653543307
11
0.6284179133858268
21
0.612032283464567
0
LINE
8
BLACK
6
CONTINUOUS
10
0.6284179133858268
20
0.612032283464567
11
0.6284103937007874
21
0.6121381102362204
0
LINE
8
BLACK
6
CONTINUOUS
10
0.6284103937007874
20
0.6121381102362204
11
0.6283698031496063
21
0.6122361023622047
0
LINE
8
BLACK
6
CONTINUOUS
10
0.6283698031496063
20
0.6122361023622047
11
0.6283130708661417
21
0.6128121653543307
0
LINE
8
BLACK
6
CONTINUOUS
10
0.6283130708661417
20
0.6128121653543307
11
0.6283130708661417
21
0.6184364566929134
0
LINE
8
BLACK
6
CONTINUOUS
10
0.6283130708661417
20
0.6184364566929134
11
0.6283698031496063
21
0.6190125196850393
0
LINE
8
BLACK
6
CONTINUOUS
10
0.6283698031496063
20
0.6190125196850393
11
0.6284103937007874
21
0.6191105511811024
0
LINE
8
BLACK
6
CONTINUOUS
10
0.6284103937007874
20
0.6191105511811024
11
0.6284179133858268
21
0.6192163385826771
0
LINE
8
BLACK
6
CONTINUOUS
10
0.6284179133858268
20
0.6192163385826771
11
0.6286248031496063
21
0.619756968503937
0
LINE
8
BLACK
6
CONTINUOUS
10
0.6286248031496063
20
0.619756968503937
11
0.6304995669291339
21
0.6235065354330709
0
LINE
8
BLACK
6
CONTINUOUS
10
0.6304995669291339
20
0.6235065354330709
11
0.6305601968503937
21
0.623602874015748
0
LINE
8
BLACK
6
CONTINUOUS
10
0.6305601968503937
20
0.623602874015748
11
0.6305753543307087
21
0.6236483070866141
0
LINE
8
BLACK
6
CONTINUOUS
10
0.6305753543307087
20
0.6236483070866141
11
0.6306244094488189
21
0.6237049212598426
0
LINE
8
BLACK
6
CONTINUOUS
10
0.6306244094488189
20
0.6237049212598426
11
0.6308079133858268
21
0.6239963779527559
0
LINE
8
BLACK
6
CONTINUOUS
10
0.6308079133858268
20
0.6239963779527559
11
0.6310875196850394
21
0.6242388976377953
0
LINE
8
BLACK
6
CONTINUOUS
10
0.6310875196850394
20
0.6242388976377953
11
0.6313301968503937
21
0.6245187007874016
0
LINE
8
BLACK
6
CONTINUOUS
10
0.6313301968503937
20
0.6245187007874016
11
0.6316217322834645
21
0.6247022440944882
0
LINE
8
BLACK
6
CONTINUOUS
10
0.6316217322834645
20
0.6247022440944882
11
0.6316783070866142
21
0.6247512598425197
0
LINE
8
BLACK
6
CONTINUOUS
10
0.6316783070866142
20
0.6247512598425197
11
0.6317237007874016
21
0.6247664173228347
0
LINE
8
BLACK
6
CONTINUOUS
10
0.6317237007874016
20
0.6247664173228347
11
0.6318200787401574
21
0.6248270472440944
0
LINE
8
BLACK
6
CONTINUOUS
10
0.6318200787401574
20
0.6248270472440944
11
0.6355696062992126
21
0.626701811023622
0
LINE
8
BLACK
6
CONTINUOUS
10
0.6355696062992126
20
0.626701811023622
11
0.6361101968503937
21
0.6269087007874016
0
LINE
8
BLACK
6
CONTINUOUS
10
0.6361101968503937
20
0.6269087007874016
11
0.636216062992126
21
0.6269162598425196
0
LINE
8
BLACK
6
CONTINUOUS
10
0.636216062992126
20
0.6269162598425196
11
0.6363140551181102
21
0.626956811023622
0
LINE
8
BLACK
6
CONTINUOUS
10
0.6363140551181102
20
0.626956811023622
11
0.6368901181102362
21
0.6270135433070866
0
LINE
8
BLACK
6
CONTINUOUS
10
0.6368901181102362
20
0.6270135433070866
11
0.6575125590551181
21
0.6270135433070866
0
LINE
8
BLACK
6
CONTINUOUS
10
0.6575125590551181
20
0.6270135433070866
11
0.6580886220472441
21
0.626956811023622
0
LINE
8
BLACK
6
CONTINUOUS
10
1.0124225984251969
20
0.6473745275590551
11
1.0132372440944881
21
0.6465598818897638
0
LINE
8
BLACK
6
CONTINUOUS
10
1.0132372440944881
20
0.6465598818897638
11
1.0136781496062992
21
0.6454954724409449
0
LINE
8
BLACK
6
CONTINUOUS
10
1.0136781496062992
20
0.6454954724409449
11
1.0137348818897638
21
0.6449194094488189
0
LINE
8
BLACK
6
CONTINUOUS
10
1.0137348818897638
20
0.6449194094488189
11
1.0137348818897638
21
0.614923188976378
0
LINE
8
BLACK
6
CONTINUOUS
10
1.0137348818897638
20
0.614923188976378
11
1.0136781496062992
21
0.614347125984252
0
LINE
8
BLACK
6
CONTINUOUS
10
1.0136781496062992
20
0.614347125984252
11
1.0132372440944881
21
0.6132827165354331
0
LINE
8
BLACK
6
CONTINUOUS
10
1.0132372440944881
20
0.6132827165354331
11
1.0124225984251969
21
0.6124680708661417
0
LINE
8
BLACK
6
CONTINUOUS
10
1.0124225984251969
20
0.6124680708661417
11
1.0113581889763779
21
0.6120271653543307
0
LINE
8
BLACK
6
CONTINUOUS
10
1.0113581889763779
20
0.6120271653543307
11
1.0102060629921259
21
0.6120271653543307
0
LINE
8
BLACK
6
CONTINUOUS
10
1.0102060629921259
20
0.6120271653543307
11
1.0091416535433071
21
0.6124680708661417
0
LINE
8
BLACK
6
CONTINUOUS
10
1.0091416535433071
20
0.6124680708661417
11
1.0083270078740156
21
0.6132827165354331
0
LINE
8
BLACK
6
CONTINUOUS
10
1.0083270078740156
20
0.6132827165354331
11
1.0078861023622048
21
0.614347125984252
0
LINE
8
BLACK
6
CONTINUOUS
10
1.0078861023622048
20
0.614347125984252
11
1.0078293700787402
21
0.614923188976378
0
LINE
8
BLACK
6
CONTINUOUS
10
1.0078293700787402
20
0.614923188976378
11
1.0078293700787402
21
0.6449194094488189
0
LINE
8
BLACK
6
CONTINUOUS
10
1.0078293700787402
20
0.6449194094488189
11
1.0078861023622048
21
0.6454954724409449
0
LINE
8
BLACK
6
CONTINUOUS
10
1.0078861023622048
20
0.6454954724409449
11
1.0083270078740156
21
0.6465598818897638
0
LINE
8
BLACK
6
CONTINUOUS
10
1.0083270078740156
20
0.6465598818897638
11
1.0091416535433071
21
0.6473745275590551
0
LINE
8
BLACK
6
CONTINUOUS
10
1.0091416535433071
20
0.6473745275590551
11
1.0102060629921259
21
0.6478154330708661
0
LINE
8
BLACK
6
CONTINUOUS
10
1.0102060629921259
20
0.6478154330708661
11
1.0113581889763779
21
0.6478154330708661
0
LINE
8
BLACK
6
CONTINUOUS
10
1.0113581889763779
20
0.6478154330708661
11
1.0124225984251969
21
0.6473745275590551
0
LINE
8
BLACK
6
CONTINUOUS
10
0.6505895275590551
20
0.6644520866141732
11
0.6506875196850394
21
0.6644114960629921
0
LINE
8
BLACK
6
CONTINUOUS
10
0.6506875196850394
20
0.6644114960629921
11
0.6507933464566928
21
0.6644039763779528
0
LINE
8
BLACK
6
CONTINUOUS
10
0.6507933464566928
20
0.6644039763779528
11
0.6513339763779528
21
0.6641970866141732
0
LINE
8
BLACK
6
CONTINUOUS
10
0.6513339763779528
20
0.6641970866141732
11
0.6550835039370079
21
0.6623223228346456
0
LINE
8
BLACK
6
CONTINUOUS
10
0.6550835039370079
20
0.6623223228346456
11
0.6553313779527559
21
0.6621662992125984
0
LINE
8
BLACK
6
CONTINUOUS
10
0.6553313779527559
20
0.6621662992125984
11
0.6554034251968504
21
0.6621364566929133
0
LINE
8
BLACK
6
CONTINUOUS
10
0.6554034251968504
20
0.6621364566929133
11
0.6554844488188977
21
0.6620699606299213
0
LINE
8
BLACK
6
CONTINUOUS
10
0.6554844488188977
20
0.6620699606299213
11
0.6555733858267716
21
0.6620139763779528
0
LINE
8
BLACK
6
CONTINUOUS
10
0.6555733858267716
20
0.6620139763779528
11
0.6556245275590551
21
0.661955
0
LINE
8
BLACK
6
CONTINUOUS
10
0.6556245275590551
20
0.661955
11
0.6558508661417323
21
0.6617692519685039
0
LINE
8
BLACK
6
CONTINUOUS
10
0.6558508661417323
20
0.6617692519685039
11
0.6577256692913386
21
0.6598944881889763
0
LINE
8
BLACK
6
CONTINUOUS
10
0.6577256692913386
20
0.6598944881889763
11
0.6579114173228346
21
0.6596681496062992
0
LINE
8
BLACK
6
CONTINUOUS
10
0.6579114173228346
20
0.6596681496062992
11
0.6579704724409449
21
0.6596169291338583
0
LINE
8
BLACK
6
CONTINUOUS
10
0.6579704724409449
20
0.6596169291338583
11
0.6580264566929134
21
0.6595279921259842
0
LINE
8
BLACK
6
CONTINUOUS
10
0.6580264566929134
20
0.6595279921259842
11
0.6580929133858268
21
0.6594470078740158
0
LINE
8
BLACK
6
CONTINUOUS
10
0.6580929133858268
20
0.6594470078740158
11
0.6581227165354331
21
0.6593750787401574
0
LINE
8
BLACK
6
CONTINUOUS
10
0.6581227165354331
20
0.6593750787401574
11
0.6582788188976377
21
0.6591270472440944
0
LINE
8
BLACK
6
CONTINUOUS
10
0.6582788188976377
20
0.6591270472440944
11
0.6601535826771653
21
0.6553775196850393
0
LINE
8
BLACK
6
CONTINUOUS
10
0.6601535826771653
20
0.6553775196850393
11
0.6603604724409449
21
0.6548369291338583
0
LINE
8
BLACK
6
CONTINUOUS
10
0.6603604724409449
20
0.6548369291338583
11
0.6603679921259842
21
0.654731062992126
0
LINE
8
BLACK
6
CONTINUOUS
10
0.6603679921259842
20
0.654731062992126
11
0.6604085826771653
21
0.6546330708661418
0
LINE
8
BLACK
6
CONTINUOUS
10
0.6604085826771653
20
0.6546330708661418
11
0.6604653149606299
21
0.6540570078740158
0
LINE
8
BLACK
6
CONTINUOUS
10
0.6604653149606299
20
0.6540570078740158
11
0.6604653149606299
21
0.6465579527559056
0
LINE
8
BLACK
6
CONTINUOUS
10
0.6604653149606299
20
0.6465579527559056
11
0.6604085826771653
21
0.6459818897637795
0
LINE
8
BLACK
6
CONTINUOUS
10
0.6604085826771653
20
0.6459818897637795
11
0.6603679921259842
21
0.6458839370078741
0
LINE
8
BLACK
6
CONTINUOUS
10
0.6603679921259842
20
0.6458839370078741
11
0.6603604724409449
21
0.6457780314960629
0
LINE
8
BLACK
6
CONTINUOUS
10
0.6603604724409449
20
0.6457780314960629
11
0.6603540157480314
21
0.6457611811023621
0
LINE
8
BLACK
6
CONTINUOUS
10
0.6603540157480314
20
0.6457611811023621
11
0.670635905511811
21
0.6457611811023621
0
LINE
8
BLACK
6
CONTINUOUS
10
0.670635905511811
20
0.6457611811023621
11
0.6712119685039369
21
0.6457044488188977
0
LINE
8
BLACK
6
CONTINUOUS
10
0.6712119685039369
20
0.6457044488188977
11
0.6722763779527559
21
0.6452635433070866
0
LINE
8
BLACK
6
CONTINUOUS
10
0.6722763779527559
20
0.6452635433070866
11
0.6730910236220472
21
0.6444488976377952
0
LINE
8
BLACK
6
CONTINUOUS
10
0.6730910236220472
20
0.6444488976377952
11
0.6735319291338583
21
0.6433844881889763
0
LINE
8
BLACK
6
CONTINUOUS
10
0.6735319291338583
20
0.6433844881889763
11
0.6735319291338583
21
0.6422323622047243
0
LINE
8
BLACK
6
CONTINUOUS
10
0.6735319291338583
20
0.6422323622047243
11
0.6730910236220472
21
0.6411679527559055
0
LINE
8
BLACK
6
CONTINUOUS
10
0.6730910236220472
20
0.6411679527559055
11
0.6722763779527559
21
0.6403533070866142
0
LINE
8
BLACK
6
CONTINUOUS
10
0.6722763779527559
20
0.6403533070866142
11
0.6712119685039369
21
0.6399124015748031
0
LINE
8
BLACK
6
CONTINUOUS
10
0.6712119685039369
20
0.6399124015748031
11
0.670635905511811
21
0.6398556692913385
0
LINE
8
BLACK
6
CONTINUOUS
10
0.670635905511811
20
0.6398556692913385
11
0.6312658267716535
21
0.6398556692913385
0
LINE
8
BLACK
6
CONTINUOUS
10
0.6312658267716535
20
0.6398556692913385
11
0.6306897637795276
21
0.6399124015748031
0
LINE
8
BLACK
6
CONTINUOUS
10
0.6306897637795276
20
0.6399124015748031
11
0.6296253543307087
21
0.6403533070866142
0
LINE
8
BLACK
6
CONTINUOUS
10
0.6296253543307087
20
0.6403533070866142
11
0.6288107086614173
21
0.6411679527559055
0
LINE
8
BLACK
6
CONTINUOUS
10
0.6288107086614173
20
0.6411679527559055
11
0.6283698031496063
21
0.6422323622047243
0
LINE
8
BLACK
6
CONTINUOUS
10
0.6283698031496063
20
0.6422323622047243
11
0.6283698031496063
21
0.6433844881889763
0
LINE
8
BLACK
6
CONTINUOUS
10
0.6283698031496063
20
0.6433844881889763
11
0.6288107086614173
21
0.6444488976377952
0
LINE
8
BLACK
6
CONTINUOUS
10
0.6288107086614173
20
0.6444488976377952
11
0.6289496062992126
21
0.6445878346456693
0
LINE
8
BLACK
6
CONTINUOUS
10
0.6289496062992126
20
0.6445878346456693
11
0.6286248031496063
21
0.6452374409448819
0
LINE
8
BLACK
6
CONTINUOUS
10
0.6286248031496063
20
0.6452374409448819
11
0.6284179133858268
21
0.6457780708661417
0
LINE
8
BLACK
6
CONTINUOUS
10
0.6284179133858268
20
0.6457780708661417
11
0.6284103937007874
21
0.6458838976377953
0
LINE
8
BLACK
6
CONTINUOUS
10
0.6284103937007874
20
0.6458838976377953
11
0.6283698031496063
21
0.6459818897637795
0
LINE
8
BLACK
6
CONTINUOUS
10
0.6283698031496063
20
0.6459818897637795
11
0.6283130708661417
21
0.6465579527559056
0
LINE
8
BLACK
6
CONTINUOUS
10
0.6283130708661417
20
0.6465579527559056
11
0.6283130708661417
21
0.6540570078740158
0
LINE
8
BLACK
6
CONTINUOUS
10
0.6283130708661417
20
0.6540570078740158
11
0.6283698031496063
21
0.6546330708661418
0
LINE
8
BLACK
6
CONTINUOUS
10
0.6283698031496063
20
0.6546330708661418
11
0.6284103937007874
21
0.6547311023622047
0
LINE
8
BLACK
6
CONTINUOUS
10
0.6284103937007874
20
0.6547311023622047
11
0.6284179133858268
21
0.6548368897637795
0
LINE
8
BLACK
6
CONTINUOUS
10
0.6284179133858268
20
0.6548368897637795
11
0.6286248031496063
21
0.6553775196850393
0
LINE
8
BLACK
6
CONTINUOUS
10
0.6286248031496063
20
0.6553775196850393
11
0.6304995669291339
21
0.6591270472440944
0
LINE
8
BLACK
6
CONTINUOUS
10
0.6304995669291339
20
0.6591270472440944
11
0.6306556299212598
21
0.6593750787401574
0
LINE
8
BLACK
6
CONTINUOUS
10
0.6306556299212598
20
0.6593750787401574
11
0.6306854724409449
21
0.6594470078740158
0
LINE
8
BLACK
6
CONTINUOUS
10
0.6306854724409449
20
0.6594470078740158
11
0.6307519291338582
21
0.6595279921259842
0
LINE
8
BLACK
6
CONTINUOUS
10
0.6307519291338582
20
0.6595279921259842
11
0.6308079133858268
21
0.6596169291338583
0
LINE
8
BLACK
6
CONTINUOUS
10
0.6308079133858268
20
0.6596169291338583
11
0.6308668897637795
21
0.6596681102362204
0
LINE
8
BLACK
6
CONTINUOUS
10
0.6308668897637795
20
0.6596681102362204
11
0.6310526771653543
21
0.6598944488188976
0
LINE
8
BLACK
6
CONTINUOUS
10
0.6310526771653543
20
0.6598944488188976
11
0.6329274409448818
21
0.6617692125984251
0
LINE
8
BLACK
6
CONTINUOUS
10
0.6329274409448818
20
0.6617692125984251
11
0.633153779527559
21
0.661955
0
LINE
8
BLACK
6
CONTINUOUS
10
0.633153779527559
20
0.661955
11
0.6332049606299213
21
0.6620139763779528
0
LINE
8
BLACK
6
CONTINUOUS
10
0.6332049606299213
20
0.6620139763779528
11
0.6332938976377953
21
0.6620699606299213
0
LINE
8
BLACK
6
CONTINUOUS
10
0.6332938976377953
20
0.6620699606299213
11
0.6333748818897638
21
0.6621364173228347
0
LINE
8
BLACK
6
CONTINUOUS
10
0.6333748818897638
20
0.6621364173228347
11
0.633446811023622
21
0.6621662598425196
0
LINE
8
BLACK
6
CONTINUOUS
10
0.633446811023622
20
0.6621662598425196
11
0.633694842519685
21
0.6623223228346456
0
LINE
8
BLACK
6
CONTINUOUS
10
0.633694842519685
20
0.6623223228346456
11
0.6374443700787401
21
0.6641970866141732
0
LINE
8
BLACK
6
CONTINUOUS
10
0.6374443700787401
20
0.6641970866141732
11
0.6379849606299213
21
0.6644039763779528
0
LINE
8
BLACK
6
CONTINUOUS
10
0.6379849606299213
20
0.6644039763779528
11
0.6380908267716535
21
0.6644115354330709
0
LINE
8
BLACK
6
CONTINUOUS
10
0.6380908267716535
20
0.6644115354330709
11
0.6381888188976378
21
0.6644520866141732
0
LINE
8
BLACK
6
CONTINUOUS
10
0.6381888188976378
20
0.6644520866141732
11
0.6387648818897638
21
0.6645088188976378
0
LINE
8
BLACK
6
CONTINUOUS
10
0.6387648818897638
20
0.6645088188976378
11
0.6500134645669291
21
0.6645088188976378
0
LINE
8
BLACK
6
CONTINUOUS
10
0.6500134645669291
20
0.6645088188976378
11
0.6505895275590551
21
0.6644520866141732
0
LINE
8
BLACK
6
CONTINUOUS
10
0.6367644488188976
20
0.6572545669291339
11
0.6355673228346457
21
0.6560574409448818
0
LINE
8
BLACK
6
CONTINUOUS
10
0.6355673228346457
20
0.6560574409448818
11
0.6342185826771654
21
0.6533599606299213
0
LINE
8
BLACK
6
CONTINUOUS
10
0.6342185826771654
20
0.6533599606299213
11
0.6342185826771654
21
0.647255
0
LINE
8
BLACK
6
CONTINUOUS
10
0.6342185826771654
20
0.647255
11
0.6349654724409449
21
0.6457611811023621
0
LINE
8
BLACK
6
CONTINUOUS
10
0.6349654724409449
20
0.6457611811023621
11
0.6538129133858268
21
0.6457611811023621
0
LINE
8
BLACK
6
CONTINUOUS
10
0.6538129133858268
20
0.6457611811023621
11
0.6545598031496063
21
0.647255
0
LINE
8
BLACK
6
CONTINUOUS
10
0.6545598031496063
20
0.647255
11
0.6545598031496063
21
0.6533599606299213
0
LINE
8
BLACK
6
CONTINUOUS
10
0.6545598031496063
20
0.6533599606299213
11
0.6532110629921259
21
0.6560574409448818
0
LINE
8
BLACK
6
CONTINUOUS
10
0.6532110629921259
20
0.6560574409448818
11
0.6520138976377953
21
0.6572545669291339
0
LINE
8
BLACK
6
CONTINUOUS
10
0.6520138976377953
20
0.6572545669291339
11
0.6493164173228346
21
0.6586033070866142
0
LINE
8
BLACK
6
CONTINUOUS
10
0.6493164173228346
20
0.6586033070866142
11
0.6394619291338582
21
0.6586033070866142
0
LINE
8
BLACK
6
CONTINUOUS
10
0.6394619291338582
20
0.6586033070866142
11
0.6367644488188976
21
0.6572545669291339
0
LINE
8
BLACK
6
CONTINUOUS
10
1.0226067716535432
20
0.6890602755905512
11
1.0230476377952755
21
0.6888776771653543
0
LINE
8
BLACK
6
CONTINUOUS
10
1.0230476377952755
20
0.6888776771653543
11
1.0236711417322835
21
0.6886194094488188
0
LINE
8
BLACK
6
CONTINUOUS
10
1.0236711417322835
20
0.6886194094488188
11
1.0241185826771653
21
0.6882522047244094
0
LINE
8
BLACK
6
CONTINUOUS
10
1.0241185826771653
20
0.6882522047244094
11
1.0259933858267716
21
0.6863774409448818
0
LINE
8
BLACK
6
CONTINUOUS
10
1.0259933858267716
20
0.6863774409448818
11
1.0263606299212598
21
0.6859299606299213
0
LINE
8
BLACK
6
CONTINUOUS
10
1.0263606299212598
20
0.6859299606299213
11
1.0264011811023621
21
0.6858320078740158
0
LINE
8
BLACK
6
CONTINUOUS
10
1.0264011811023621
20
0.6858320078740158
11
1.0264707480314961
21
0.685751811023622
0
LINE
8
BLACK
6
CONTINUOUS
10
1.0264707480314961
20
0.685751811023622
11
1.0267067322834647
21
0.6852232283464567
0
LINE
8
BLACK
6
CONTINUOUS
10
1.0267067322834647
20
0.6852232283464567
11
1.0285814960629922
21
0.6795989763779527
0
LINE
8
BLACK
6
CONTINUOUS
10
1.0285814960629922
20
0.6795989763779527
11
1.0286464173228347
21
0.6793133464566929
0
LINE
8
BLACK
6
CONTINUOUS
10
1.0286464173228347
20
0.6793133464566929
11
1.0286762992125984
21
0.6792412598425197
0
LINE
8
BLACK
6
CONTINUOUS
10
1.0286762992125984
20
0.6792412598425197
11
1.0286865748031495
21
0.679136811023622
0
LINE
8
BLACK
6
CONTINUOUS
10
1.0286865748031495
20
0.679136811023622
11
1.028709842519685
21
0.6790345275590551
0
LINE
8
BLACK
6
CONTINUOUS
10
1.028709842519685
20
0.6790345275590551
11
1.0287042913385827
21
0.678956811023622
0
LINE
8
BLACK
6
CONTINUOUS
10
1.0287042913385827
20
0.678956811023622
11
1.028733031496063
21
0.6786651968503937
0
LINE
8
BLACK
6
CONTINUOUS
10
1.028733031496063
20
0.6786651968503937
11
1.028733031496063
21
0.6749156692913386
0
LINE
8
BLACK
6
CONTINUOUS
10
1.028733031496063
20
0.6749156692913386
11
1.0287042913385827
21
0.6746240944881889
0
LINE
8
BLACK
6
CONTINUOUS
10
1.0287042913385827
20
0.6746240944881889
11
1.028709842519685
21
0.6745463385826771
0
LINE
8
BLACK
6
CONTINUOUS
10
1.028709842519685
20
0.6745463385826771
11
1.0286865748031495
21
0.674444094488189
0
LINE
8
BLACK
6
CONTINUOUS
10
1.0286865748031495
20
0.674444094488189
11
1.0286762992125984
21
0.6743396062992126
0
LINE
8
BLACK
6
CONTINUOUS
10
1.0286762992125984
20
0.6743396062992126
11
1.0286464173228347
21
0.6742675590551181
0
LINE
8
BLACK
6
CONTINUOUS
10
1.0286464173228347
20
0.6742675590551181
11
1.0285814960629922
21
0.6739818897637795
0
LINE
8
BLACK
6
CONTINUOUS
10
1.0285814960629922
20
0.6739818897637795
11
1.0267067322834647
21
0.6683576377952756
0
LINE
8
BLACK
6
CONTINUOUS
10
1.0267067322834647
20
0.6683576377952756
11
1.0264707480314961
21
0.6678290551181102
0
LINE
8
BLACK
6
CONTINUOUS
10
1.0264707480314961
20
0.6678290551181102
11
1.0264012598425196
21
0.6677489763779527
0
LINE
8
BLACK
6
CONTINUOUS
10
1.0264012598425196
20
0.6677489763779527
11
1.0263606692913385
21
0.6676509055118111
0
LINE
8
BLACK
6
CONTINUOUS
10
1.0263606692913385
20
0.6676509055118111
11
1.0259934251968503
21
0.6672034645669291
0
LINE
8
BLACK
6
CONTINUOUS
10
1.0259934251968503
20
0.6672034645669291
11
1.0222438582677165
21
0.663453937007874
0
LINE
8
BLACK
6
CONTINUOUS
10
1.0222438582677165
20
0.663453937007874
11
1.0220174803149606
21
0.663268188976378
0
LINE
8
BLACK
6
CONTINUOUS
10
1.0220174803149606
20
0.663268188976378
11
1.0219663385826772
21
0.6632091732283465
0
LINE
8
BLACK
6
CONTINUOUS
10
1.0219663385826772
20
0.6632091732283465
11
1.0218774015748031
21
0.6631532283464566
0
LINE
8
BLACK
6
CONTINUOUS
10
1.0218774015748031
20
0.6631532283464566
11
1.0217963779527559
21
0.6630866929133858
0
LINE
8
BLACK
6
CONTINUOUS
10
1.0217963779527559
20
0.6630866929133858
11
1.0217243307086614
21
0.6630568897637795
0
LINE
8
BLACK
6
CONTINUOUS
10
1.0217243307086614
20
0.6630568897637795
11
1.0214764566929133
21
0.6629008267716535
0
LINE
8
BLACK
6
CONTINUOUS
10
1.0214764566929133
20
0.6629008267716535
11
1.0177269291338582
21
0.661026062992126
0
LINE
8
BLACK
6
CONTINUOUS
10
1.0177269291338582
20
0.661026062992126
11
1.0176848031496062
21
0.6610099606299212
0
LINE
8
BLACK
6
CONTINUOUS
10
1.0176848031496062
20
0.6610099606299212
11
1.0176676771653543
21
0.6609972440944881
0
LINE
8
BLACK
6
CONTINUOUS
10
1.0176676771653543
20
0.6609972440944881
11
1.0174257086614173
21
0.6609108267716536
0
LINE
8
BLACK
6
CONTINUOUS
10
1.0174257086614173
20
0.6609108267716536
11
1.0171862992125984
21
0.6608191732283465
0
LINE
8
BLACK
6
CONTINUOUS
10
1.0171862992125984
20
0.6608191732283465
11
1.0171650393700786
21
0.6608176771653543
0
LINE
8
BLACK
6
CONTINUOUS
10
1.0171650393700786
20
0.6608176771653543
11
1.0171225590551181
21
0.6608024803149606
0
LINE
8
BLACK
6
CONTINUOUS
10
1.0171225590551181
20
0.6608024803149606
11
1.0096235039370078
21
0.658927716535433
0
LINE
8
BLACK
6
CONTINUOUS
10
1.0096235039370078
20
0.658927716535433
11
1.0095236220472441
21
0.6589129527559054
0
LINE
8
BLACK
6
CONTINUOUS
10
1.0095236220472441
20
0.6589129527559054
11
1.0094834251968503
21
0.6588962992125984
0
LINE
8
BLACK
6
CONTINUOUS
10
1.0094834251968503
20
0.6588962992125984
11
1.009266377952756
21
0.6588749606299212
0
LINE
8
BLACK
6
CONTINUOUS
10
1.009266377952756
20
0.6588749606299212
11
1.0090509055118111
21
0.6588430708661417
0
LINE
8
BLACK
6
CONTINUOUS
10
1.0090509055118111
20
0.6588430708661417
11
1.009007874015748
21
0.6588494881889764
0
LINE
8
BLACK
6
CONTINUOUS
10
1.009007874015748
20
0.6588494881889764
11
1.0089073622047244
21
0.6588395669291338
0
LINE
8
BLACK
6
CONTINUOUS
10
1.0089073622047244
20
0.6588395669291338
11
1.0032830708661418
21
0.6588395669291338
0
LINE
8
BLACK
6
CONTINUOUS
10
1.0032830708661418
20
0.6588395669291338
11
1.0031825196850392
21
0.6588494881889764
0
LINE
8
BLACK
6
CONTINUOUS
10
1.0031825196850392
20
0.6588494881889764
11
1.0031395275590551
21
0.6588430708661417
0
LINE
8
BLACK
6
CONTINUOUS
10
1.0031395275590551
20
0.6588430708661417
11
1.0029240157480315
21
0.6588749606299212
0
LINE
8
BLACK
6
CONTINUOUS
10
1.0029240157480315
20
0.6588749606299212
11
1.0027070078740157
21
0.6588962992125984
0
LINE
8
BLACK
6
CONTINUOUS
10
1.0027070078740157
20
0.6588962992125984
11
1.0026667716535433
21
0.6589129527559054
0
LINE
8
BLACK
6
CONTINUOUS
10
1.0026667716535433
20
0.6589129527559054
11
1.0025669291338581
21
0.658927716535433
0
LINE
8
BLACK
6
CONTINUOUS
10
1.0025669291338581
20
0.658927716535433
11
0.995067874015748
21
0.6608024803149606
0
LINE
8
BLACK
6
CONTINUOUS
10
0.995067874015748
20
0.6608024803149606
11
0.9950253543307086
21
0.6608176771653543
0
LINE
8
BLACK
6
CONTINUOUS
10
0.9950253543307086
20
0.6608176771653543
11
0.9950040944881889
21
0.6608191732283465
0
LINE
8
BLACK
6
CONTINUOUS
10
0.9950040944881889
20
0.6608191732283465
11
0.9947643307086614
21
0.6609109448818897
0
LINE
8
BLACK
6
CONTINUOUS
10
0.9947643307086614
20
0.6609109448818897
11
0.9945227559055118
21
0.6609972440944881
0
LINE
8
BLACK
6
CONTINUOUS
10
0.9945227559055118
20
0.6609972440944881
11
0.994505590551181
21
0.6610099606299212
0
LINE
8
BLACK
6
CONTINUOUS
10
0.994505590551181
20
0.6610099606299212
11
0.9944635039370079
21
0.661026062992126
0
LINE
8
BLACK
6
CONTINUOUS
10
0.9944635039370079
20
0.661026062992126
11
0.9907139763779528
21
0.6629008267716535
0
LINE
8
BLACK
6
CONTINUOUS
10
0.9907139763779528
20
0.6629008267716535
11
0.9904661417322834
21
0.6630568503937008
0
LINE
8
BLACK
6
CONTINUOUS
10
0.9904661417322834
20
0.6630568503937008
11
0.9903940157480314
21
0.6630866929133858
0
LINE
8
BLACK
6
CONTINUOUS
10
0.9903940157480314
20
0.6630866929133858
11
0.9903128346456692
21
0.6631533070866141
0
LINE
8
BLACK
6
CONTINUOUS
10
0.9903128346456692
20
0.6631533070866141
11
0.9902240944881889
21
0.6632091732283465
0
LINE
8
BLACK
6
CONTINUOUS
10
0.9902240944881889
20
0.6632091732283465
11
0.9901729527559054
21
0.6632681102362205
0
LINE
8
BLACK
6
CONTINUOUS
10
0.9901729527559054
20
0.6632681102362205
11
0.9899465748031496
21
0.663453937007874
0
LINE
8
BLACK
6
CONTINUOUS
10
0.9899465748031496
20
0.663453937007874
11
0.9861970472440945
21
0.6672034645669291
0
LINE
8
BLACK
6
CONTINUOUS
10
0.9861970472440945
20
0.6672034645669291
11
0.985829842519685
21
0.6676509055118111
0
LINE
8
BLACK
6
CONTINUOUS
10
0.985829842519685
20
0.6676509055118111
11
0.9857892125984252
21
0.6677489763779527
0
LINE
8
BLACK
6
CONTINUOUS
10
0.9857892125984252
20
0.6677489763779527
11
0.9857197244094488
21
0.6678290944881889
0
LINE
8
BLACK
6
CONTINUOUS
10
0.9857197244094488
20
0.6678290944881889
11
0.9854837401574803
21
0.6683576377952756
0
LINE
8
BLACK
6
CONTINUOUS
10
0.9854837401574803
20
0.6683576377952756
11
0.9836089763779527
21
0.6739819291338582
0
LINE
8
BLACK
6
CONTINUOUS
10
0.9836089763779527
20
0.6739819291338582
11
0.9835440157480315
21
0.6742675196850394
0
LINE
8
BLACK
6
CONTINUOUS
10
0.9835440157480315
20
0.6742675196850394
11
0.9835141732283464
21
0.6743396062992126
0
LINE
8
BLACK
6
CONTINUOUS
10
0.9835141732283464
20
0.6743396062992126
11
0.9835038582677165
21
0.6744441338582677
0
LINE
8
BLACK
6
CONTINUOUS
10
0.9835038582677165
20
0.6744441338582677
11
0.9834806299212598
21
0.6745463779527558
0
LINE
8
BLACK
6
CONTINUOUS
10
0.9834806299212598
20
0.6745463779527558
11
0.9834861417322834
21
0.6746241338582677
0
LINE
8
BLACK
6
CONTINUOUS
10
0.9834861417322834
20
0.6746241338582677
11
0.9834574409448819
21
0.6749156692913386
0
LINE
8
BLACK
6
CONTINUOUS
10
0.9834574409448819
20
0.6749156692913386
11
0.9834574409448819
21
0.6805399606299213
0
LINE
8
BLACK
6
CONTINUOUS
10
0.9834574409448819
20
0.6805399606299213
11
0.9835141732283464
21
0.6811160236220473
0
LINE
8
BLACK
6
CONTINUOUS
10
0.9835141732283464
20
0.6811160236220473
11
0.9835547637795276
21
0.6812140551181102
0
LINE
8
BLACK
6
CONTINUOUS
10
0.9835547637795276
20
0.6812140551181102
11
0.9835622834645669
21
0.681319842519685
0
LINE
8
BLACK
6
CONTINUOUS
10
0.9835622834645669
20
0.681319842519685
11
0.9837691732283464
21
0.6818604724409448
0
LINE
8
BLACK
6
CONTINUOUS
10
0.9837691732283464
20
0.6818604724409448
11
0.985643937007874
21
0.6856099999999999
0
LINE
8
BLACK
6
CONTINUOUS
10
0.985643937007874
20
0.6856099999999999
11
0.9859522834645669
21
0.6860998818897638
0
LINE
8
BLACK
6
CONTINUOUS
10
0.9859522834645669
20
0.6860998818897638
11
0.9868226771653543
21
0.6868547244094488
0
LINE
8
BLACK
6
CONTINUOUS
10
0.9868226771653543
20
0.6868547244094488
11
0.9879156299212598
21
0.6872190551181102
0
LINE
8
BLACK
6
CONTINUOUS
10
0.9879156299212598
20
0.6872190551181102
11
0.9890648425196851
21
0.6871374015748032
0
LINE
8
BLACK
6
CONTINUOUS
10
0.9890648425196851
20
0.6871374015748032
11
0.9900953543307086
21
0.686622125984252
0
LINE
8
BLACK
6
CONTINUOUS
10
0.9900953543307086
20
0.686622125984252
11
0.9908501968503937
21
0.6857517716535433
0
LINE
8
BLACK
6
CONTINUOUS
10
0.9908501968503937
20
0.6857517716535433
11
0.9912145275590551
21
0.684658779527559
0
LINE
8
BLACK
6
CONTINUOUS
10
0.9912145275590551
20
0.684658779527559
11
0.991132874015748
21
0.6835095669291339
0
LINE
8
BLACK
6
CONTINUOUS
10
0.991132874015748
20
0.6835095669291339
11
0.9909259842519684
21
0.6829689763779527
0
LINE
8
BLACK
6
CONTINUOUS
10
0.9909259842519684
20
0.6829689763779527
11
0.9893629527559055
21
0.6798429133858268
0
LINE
8
BLACK
6
CONTINUOUS
10
0.9893629527559055
20
0.6798429133858268
11
0.9893629527559055
21
0.6753948425196851
0
LINE
8
BLACK
6
CONTINUOUS
10
0.9893629527559055
20
0.6753948425196851
11
0.9908657480314961
21
0.6708864173228346
0
LINE
8
BLACK
6
CONTINUOUS
10
0.9908657480314961
20
0.6708864173228346
11
0.9937835826771654
21
0.6679685826771653
0
LINE
8
BLACK
6
CONTINUOUS
10
0.9937835826771654
20
0.6679685826771653
11
0.9968145669291338
21
0.6664531102362204
0
LINE
8
BLACK
6
CONTINUOUS
10
0.9968145669291338
20
0.6664531102362204
11
1.0036466141732283
21
0.6647450787401574
0
LINE
8
BLACK
6
CONTINUOUS
10
1.0036466141732283
20
0.6647450787401574
11
1.0085438188976377
21
0.6647450787401574
0
LINE
8
BLACK
6
CONTINUOUS
10
1.0085438188976377
20
0.6647450787401574
11
1.0153758661417323
21
0.6664531102362204
0
LINE
8
BLACK
6
CONTINUOUS
10
1.0153758661417323
20
0.6664531102362204
11
1.0184068503937007
21
0.6679686220472441
0
LINE
8
BLACK
6
CONTINUOUS
10
1.0184068503937007
20
0.6679686220472441
11
1.0213247244094488
21
0.6708864566929134
0
LINE
8
BLACK
6
CONTINUOUS
10
1.0213247244094488
20
0.6708864566929134
11
1.0228275196850394
21
0.6753948031496063
0
LINE
8
BLACK
6
CONTINUOUS
10
1.0228275196850394
20
0.6753948031496063
11
1.0228275196850394
21
0.6781860629921259
0
LINE
8
BLACK
6
CONTINUOUS
10
1.0228275196850394
20
0.6781860629921259
11
1.0213247244094488
21
0.6826944488188976
0
LINE
8
BLACK
6
CONTINUOUS
10
1.0213247244094488
20
0.6826944488188976
11
1.0208076377952755
21
0.6832114960629921
0
LINE
8
BLACK
6
CONTINUOUS
10
1.0208076377952755
20
0.6832114960629921
11
1.0118601181102362
21
0.6832114960629921
0
LINE
8
BLACK
6
CONTINUOUS
10
1.0118601181102362
20
0.6832114960629921
11
1.0118601181102362
21
0.6786651968503937
0
LINE
8
BLACK
6
CONTINUOUS
10
1.0118601181102362
20
0.6786651968503937
11
1.0118033858267717
21
0.6780891338582677
0
LINE
8
BLACK
6
CONTINUOUS
10
1.0118033858267717
20
0.6780891338582677
11
1.0113624803149606
21
0.6770247244094488
0
LINE
8
BLACK
6
CONTINUOUS
10
1.0113624803149606
20
0.6770247244094488
11
1.0105478346456693
21
0.6762100787401575
0
LINE
8
BLACK
6
CONTINUOUS
10
1.0105478346456693
20
0.6762100787401575
11
1.0094834251968503
21
0.6757691732283464
0
LINE
8
BLACK
6
CONTINUOUS
10
1.0094834251968503
20
0.6757691732283464
11
1.0083312992125983
21
0.6757691732283464
0
LINE
8
BLACK
6
CONTINUOUS
10
1.0083312992125983
20
0.6757691732283464
11
1.0072668897637795
21
0.6762100787401575
0
LINE
8
BLACK
6
CONTINUOUS
10
1.0072668897637795
20
0.6762100787401575
11
1.0064522440944881
21
0.6770247244094488
0
LINE
8
BLACK
6
CONTINUOUS
10
1.0064522440944881
20
0.6770247244094488
11
1.0060113385826772
21
0.6780891338582677
0
LINE
8
BLACK
6
CONTINUOUS
10
1.0060113385826772
20
0.6780891338582677
11
1.0059546062992126
21
0.6786651968503937
0
LINE
8
BLACK
6
CONTINUOUS
10
1.0059546062992126
20
0.6786651968503937
11
1.0059546062992126
21
0.6861642519685039
0
LINE
8
BLACK
6
CONTINUOUS
10
1.0059546062992126
20
0.6861642519685039
11
1.0060113385826772
21
0.6867403149606299
0
LINE
8
BLACK
6
CONTINUOUS
10
1.0060113385826772
20
0.6867403149606299
11
1.0064522440944881
21
0.6878047244094488
0
LINE
8
BLACK
6
CONTINUOUS
10
1.0064522440944881
20
0.6878047244094488
11
1.0072668897637795
21
0.6886193700787402
0
LINE
8
BLACK
6
CONTINUOUS
10
1.0072668897637795
20
0.6886193700787402
11
1.0083312992125983
21
0.6890602755905512
0
LINE
8
BLACK
6
CONTINUOUS
10
1.0083312992125983
20
0.6890602755905512
11
1.0089073622047244
21
0.6891170078740158
0
LINE
8
BLACK
6
CONTINUOUS
10
1.0089073622047244
20
0.6891170078740158
11
1.0220307086614173
21
0.6891170078740158
0
LINE
8
BLACK
6
CONTINUOUS
10
1.0220307086614173
20
0.6891170078740158
11
1.0226067716535432
21
0.6890602755905512
0
LINE
8
BLACK
6
CONTINUOUS
10
0.6412157086614173
20
0.6981978740157481
11
0.6414829527559055
21
0.6980872047244094
0
LINE
8
BLACK
6
CONTINUOUS
10
0.6414829527559055
20
0.6980872047244094
11
0.6417667716535433
21
0.6980310236220473
0
LINE
8
BLACK
6
CONTINUOUS
10
0.6417667716535433
20
0.6980310236220473
11
0.6420100393700787
21
0.6978688582677165
0
LINE
8
BLACK
6
CONTINUOUS
10
0.6420100393700787
20
0.6978688582677165
11
0.6422801181102362
21
0.697756968503937
0
LINE
8
BLACK
6
CONTINUOUS
10
0.6422801181102362
20
0.697756968503937
11
0.6424846456692913
21
0.6975524409448819
0
LINE
8
BLACK
6
CONTINUOUS
10
0.6424846456692913
20
0.6975524409448819
11
0.6427253543307087
21
0.697391968503937
0
LINE
8
BLACK
6
CONTINUOUS
10
0.6427253543307087
20
0.697391968503937
11
0.642888031496063
21
0.6971490551181102
0
LINE
8
BLACK
6
CONTINUOUS
10
0.642888031496063
20
0.6971490551181102
11
0.6430947637795276
21
0.6969423228346456
0
LINE
8
BLACK
6
CONTINUOUS
10
0.6430947637795276
20
0.6969423228346456
11
0.6432054330708661
21
0.6966750787401574
0
LINE
8
BLACK
6
CONTINUOUS
10
0.6432054330708661
20
0.6966750787401574
11
0.6433664566929134
21
0.6964346850393701
0
LINE
8
BLACK
6
CONTINUOUS
10
0.6433664566929134
20
0.6964346850393701
11
0.6435350787401575
21
0.6958809448818898
0
LINE
8
BLACK
6
CONTINUOUS
10
0.6435350787401575
20
0.6958809448818898
11
0.646809842519685
21
0.679506968503937
0
LINE
8
BLACK
6
CONTINUOUS
10
0.646809842519685
20
0.679506968503937
11
0.6511911811023622
21
0.679506968503937
0
LINE
8
BLACK
6
CONTINUOUS
10
0.6511911811023622
20
0.679506968503937
11
0.6534369291338582
21
0.6806298425196851
0
LINE
8
BLACK
6
CONTINUOUS
10
0.6534369291338582
20
0.6806298425196851
11
0.6545598031496063
21
0.6828755511811023
0
LINE
8
BLACK
6
CONTINUOUS
10
0.6545598031496063
20
0.6828755511811023
11
0.6545598031496063
21
0.6889805118110236
0
LINE
8
BLACK
6
CONTINUOUS
10
0.6545598031496063
20
0.6889805118110236
11
0.6529967716535433
21
0.6921065748031496
0
LINE
8
BLACK
6
CONTINUOUS
10
0.6529967716535433
20
0.6921065748031496
11
0.6527898818897637
21
0.6926472047244094
0
LINE
8
BLACK
6
CONTINUOUS
10
0.6527898818897637
20
0.6926472047244094
11
0.6527082283464567
21
0.6937964173228346
0
LINE
8
BLACK
6
CONTINUOUS
10
0.6527082283464567
20
0.6937964173228346
11
0.6530725590551181
21
0.6948893700787402
0
LINE
8
BLACK
6
CONTINUOUS
10
0.6530725590551181
20
0.6948893700787402
11
0.6538274015748031
21
0.6957597637795275
0
LINE
8
BLACK
6
CONTINUOUS
10
0.6538274015748031
20
0.6957597637795275
11
0.6548579133858268
21
0.696275
0
LINE
8
BLACK
6
CONTINUOUS
10
0.6548579133858268
20
0.696275
11
0.6560071259842519
21
0.6963566535433071
0
LINE
8
BLACK
6
CONTINUOUS
10
0.6560071259842519
20
0.6963566535433071
11
0.6571000787401574
21
0.6959923228346456
0
LINE
8
BLACK
6
CONTINUOUS
10
0.6571000787401574
20
0.6959923228346456
11
0.6579704724409449
21
0.6952374803149606
0
LINE
8
BLACK
6
CONTINUOUS
10
0.6579704724409449
20
0.6952374803149606
11
0.6582788188976377
21
0.6947475984251968
0
LINE
8
BLACK
6
CONTINUOUS
10
0.6582788188976377
20
0.6947475984251968
11
0.6601535826771653
21
0.6909980708661417
0
LINE
8
BLACK
6
CONTINUOUS
10
0.6601535826771653
20
0.6909980708661417
11
0.6603604724409449
21
0.6904574803149606
0
LINE
8
BLACK
6
CONTINUOUS
10
0.6603604724409449
20
0.6904574803149606
11
0.6603679921259842
21
0.6903516141732283
0
LINE
8
BLACK
6
CONTINUOUS
10
0.6603679921259842
20
0.6903516141732283
11
0.6604085826771653
21
0.6902536220472441
0
LINE
8
BLACK
6
CONTINUOUS
10
0.6604085826771653
20
0.6902536220472441
11
0.6604653149606299
21
0.6896775590551181
0
LINE
8
BLACK
6
CONTINUOUS
10
0.6604653149606299
20
0.6896775590551181
11
0.6604653149606299
21
0.6821785039370079
0
LINE
8
BLACK
6
CONTINUOUS
10
0.6604653149606299
20
0.6821785039370079
11
0.6604085826771653
21
0.6816024409448819
0
LINE
8
BLACK
6
CONTINUOUS
10
0.6604085826771653
20
0.6816024409448819
11
0.6603679921259842
21
0.6815044881889764
0
LINE
8
BLACK
6
CONTINUOUS
10
0.6603679921259842
20
0.6815044881889764
11
0.6603604724409449
21
0.6813985826771654
0
LINE
8
BLACK
6
CONTINUOUS
10
0.6603604724409449
20
0.6813985826771654
11
0.6601535826771653
21
0.6808579921259842
0
LINE
8
BLACK
6
CONTINUOUS
10
0.6601535826771653
20
0.6808579921259842
11
0.6582788188976377
21
0.6771084645669291
0
LINE
8
BLACK
6
CONTINUOUS
10
0.6582788188976377
20
0.6771084645669291
11
0.6582181496062992
21
0.677012125984252
0
LINE
8
BLACK
6
CONTINUOUS
10
0.6582181496062992
20
0.677012125984252
11
0.658203031496063
21
0.6769666929133858
0
LINE
8
BLACK
6
CONTINUOUS
10
0.658203031496063
20
0.6769666929133858
11
0.6581539763779527
21
0.6769101574803149
0
LINE
8
BLACK
6
CONTINUOUS
10
0.6581539763779527
20
0.6769101574803149
11
0.6579704724409449
21
0.6766185826771653
0
LINE
8
BLACK
6
CONTINUOUS
10
0.6579704724409449
20
0.6766185826771653
11
0.6576906299212598
21
0.6763759448818898
0
LINE
8
BLACK
6
CONTINUOUS
10
0.6576906299212598
20
0.6763759448818898
11
0.6574481496062992
21
0.6760962992125984
0
LINE
8
BLACK
6
CONTINUOUS
10
0.6574481496062992
20
0.6760962992125984
11
0.6571566535433071
21
0.6759128346456693
0
LINE
8
BLACK
6
CONTINUOUS
10
0.6571566535433071
20
0.6759128346456693
11
0.6571000787401574
21
0.6758637401574803
0
LINE
8
BLACK
6
CONTINUOUS
10
0.6571000787401574
20
0.6758637401574803
11
0.6570546062992125
21
0.6758486220472441
0
LINE
8
BLACK
6
CONTINUOUS
10
0.6570546062992125
20
0.6758486220472441
11
0.6569583070866142
21
0.6757879527559055
0
LINE
8
BLACK
6
CONTINUOUS
10
0.6569583070866142
20
0.6757879527559055
11
0.6532087401574803
21
0.673913188976378
0
LINE
8
BLACK
6
CONTINUOUS
10
0.6532087401574803
20
0.673913188976378
11
0.6526681102362205
21
0.6737062992125984
0
LINE
8
BLACK
6
CONTINUOUS
10
0.6526681102362205
20
0.6737062992125984
11
0.6525622834645669
21
0.6736988188976378
0
LINE
8
BLACK
6
CONTINUOUS
10
0.6525622834645669
20
0.6736988188976378
11
0.6524642913385826
21
0.673658188976378
0
LINE
8
BLACK
6
CONTINUOUS
10
0.6524642913385826
20
0.673658188976378
11
0.6518882283464567
21
0.6736014566929134
0
LINE
8
BLACK
6
CONTINUOUS
10
0.6518882283464567
20
0.6736014566929134
11
0.6443922440944881
21
0.6736014566929134
0
LINE
8
BLACK
6
CONTINUOUS
10
0.6443922440944881
20
0.6736014566929134
11
0.6368901181102362
21
0.6736014566929134
0
LINE
8
BLACK
6
CONTINUOUS
10
0.6368901181102362
20
0.6736014566929134
11
0.6363140551181102
21
0.673658188976378
0
LINE
8
BLACK
6
CONTINUOUS
10
0.6363140551181102
20
0.673658188976378
11
0.636216062992126
21
0.6736987795275591
0
LINE
8
BLACK
6
CONTINUOUS
10
0.636216062992126
20
0.6736987795275591
11
0.6361101968503937
21
0.6737062992125984
0
LINE
8
BLACK
6
CONTINUOUS
10
0.6361101968503937
20
0.6737062992125984
11
0.6355696062992126
21
0.673913188976378
0
LINE
8
BLACK
6
CONTINUOUS
10
0.6355696062992126
20
0.673913188976378
11
0.6318200787401574
21
0.6757879527559055
0
LINE
8
BLACK
6
CONTINUOUS
10
0.6318200787401574
20
0.6757879527559055
11
0.6317237007874016
21
0.6758486220472441
0
LINE
8
BLACK
6
CONTINUOUS
10
0.6317237007874016
20
0.6758486220472441
11
0.6316783070866142
21
0.6758637401574803
0
LINE
8
BLACK
6
CONTINUOUS
10
0.6316783070866142
20
0.6758637401574803
11
0.6316217322834645
21
0.6759127952755906
0
LINE
8
BLACK
6
CONTINUOUS
10
0.6316217322834645
20
0.6759127952755906
11
0.6313301968503937
21
0.6760962992125984
0
LINE
8
BLACK
6
CONTINUOUS
10
0.6313301968503937
20
0.6760962992125984
11
0.6310875984251968
21
0.6763760236220472
0
LINE
8
BLACK
6
CONTINUOUS
10
0.6310875984251968
20
0.6763760236220472
11
0.6308079133858268
21
0.6766185826771653
0
LINE
8
BLACK
6
CONTINUOUS
10
0.6308079133858268
20
0.6766185826771653
11
0.6306243700787402
21
0.6769101574803149
0
LINE
8
BLACK
6
CONTINUOUS
10
0.6306243700787402
20
0.6769101574803149
11
0.6305753543307087
21
0.6769666929133858
0
LINE
8
BLACK
6
CONTINUOUS
10
0.6305753543307087
20
0.6769666929133858
11
0.6305601968503937
21
0.677012125984252
0
LINE
8
BLACK
6
CONTINUOUS
10
0.6305601968503937
20
0.677012125984252
11
0.6304995669291339
21
0.6771084645669291
0
LINE
8
BLACK
6
CONTINUOUS
10
0.6304995669291339
20
0.6771084645669291
11
0.6286248031496063
21
0.6808579921259842
0
LINE
8
BLACK
6
CONTINUOUS
10
0.6286248031496063
20
0.6808579921259842
11
0.6284179133858268
21
0.6813986220472441
0
LINE
8
BLACK
6
CONTINUOUS
10
0.6284179133858268
20
0.6813986220472441
11
0.6284103937007874
21
0.6815044488188976
0
LINE
8
BLACK
6
CONTINUOUS
10
0.6284103937007874
20
0.6815044488188976
11
0.6283698031496063
21
0.6816024409448819
0
LINE
8
BLACK
6
CONTINUOUS
10
0.6283698031496063
20
0.6816024409448819
11
0.6283130708661417
21
0.6821785039370079
0
LINE
8
BLACK
6
CONTINUOUS
10
0.6283130708661417
20
0.6821785039370079
11
0.6283130708661417
21
0.6896775590551181
0
LINE
8
BLACK
6
CONTINUOUS
10
0.6283130708661417
20
0.6896775590551181
11
0.6283698031496063
21
0.6902536220472441
0
LINE
8
BLACK
6
CONTINUOUS
10
0.6283698031496063
20
0.6902536220472441
11
0.6284103937007874
21
0.6903516535433071
0
LINE
8
BLACK
6
CONTINUOUS
10
0.6284103937007874
20
0.6903516535433071
11
0.6284179133858268
21
0.6904574409448819
0
LINE
8
BLACK
6
CONTINUOUS
10
0.6284179133858268
20
0.6904574409448819
11
0.6286248031496063
21
0.6909980708661417
0
LINE
8
BLACK
6
CONTINUOUS
10
0.6286248031496063
20
0.6909980708661417
11
0.6304995669291339
21
0.6947475984251968
0
LINE
8
BLACK
6
CONTINUOUS
10
0.6304995669291339
20
0.6947475984251968
11
0.6305601968503937
21
0.6948439763779527
0
LINE
8
BLACK
6
CONTINUOUS
10
0.6305601968503937
20
0.6948439763779527
11
0.6305753543307087
21
0.6948893700787402
0
LINE
8
BLACK
6
CONTINUOUS
10
0.6305753543307087
20
0.6948893700787402
11
0.6306243700787402
21
0.6949459448818898
0
LINE
8
BLACK
6
CONTINUOUS
10
0.6306243700787402
20
0.6949459448818898
11
0.6308079133858268
21
0.6952374803149606
0
LINE
8
BLACK
6
CONTINUOUS
10
0.6308079133858268
20
0.6952374803149606
11
0.6310875984251968
21
0.6954800787401575
0
LINE
8
BLACK
6
CONTINUOUS
10
0.6310875984251968
20
0.6954800787401575
11
0.6313301968503937
21
0.6957597637795275
0
LINE
8
BLACK
6
CONTINUOUS
10
0.6313301968503937
20
0.6957597637795275
11
0.6316217322834645
21
0.6959433070866141
0
LINE
8
BLACK
6
CONTINUOUS
10
0.6316217322834645
20
0.6959433070866141
11
0.6316783070866142
21
0.6959923228346456
0
LINE
8
BLACK
6
CONTINUOUS
10
0.6316783070866142
20
0.6959923228346456
11
0.6317237007874016
21
0.6960074803149606
0
LINE
8
BLACK
6
CONTINUOUS
10
0.6317237007874016
20
0.6960074803149606
11
0.6318200787401574
21
0.6960681102362205
0
LINE
8
BLACK
6
CONTINUOUS
10
0.6318200787401574
20
0.6960681102362205
11
0.6355696062992126
21
0.6979428740157481
0
LINE
8
BLACK
6
CONTINUOUS
10
0.6355696062992126
20
0.6979428740157481
11
0.6361101968503937
21
0.6981497637795275
0
LINE
8
BLACK
6
CONTINUOUS
10
0.6361101968503937
20
0.6981497637795275
11
0.636216062992126
21
0.6981573228346456
0
LINE
8
BLACK
6
CONTINUOUS
10
0.636216062992126
20
0.6981573228346456
11
0.6363140551181102
21
0.6981978740157481
0
LINE
8
BLACK
6
CONTINUOUS
10
0.6363140551181102
20
0.6981978740157481
11
0.6368901181102362
21
0.6982546062992125
0
LINE
8
BLACK
6
CONTINUOUS
10
0.6368901181102362
20
0.6982546062992125
11
0.6406396456692913
21
0.6982546062992125
0
LINE
8
BLACK
6
CONTINUOUS
10
0.6406396456692913
20
0.6982546062992125
11
0.6412157086614173
21
0.6981978740157481
0
LINE
8
BLACK
6
CONTINUOUS
10
0.6353414173228347
20
0.6912262598425196
11
0.6342185826771654
21
0.6889805118110236
0
LINE
8
BLACK
6
CONTINUOUS
10
0.6342185826771654
20
0.6889805118110236
11
0.6342185826771654
21
0.6828755511811023
0
LINE
8
BLACK
6
CONTINUOUS
10
0.6342185826771654
20
0.6828755511811023
11
0.6353414173228347
21
0.6806298425196851
0
LINE
8
BLACK
6
CONTINUOUS
10
0.6353414173228347
20
0.6806298425196851
11
0.6375871653543307
21
0.679506968503937
0
LINE
8
BLACK
6
CONTINUOUS
10
0.6375871653543307
20
0.679506968503937
11
0.6407873622047244
21
0.679506968503937
0
LINE
8
BLACK
6
CONTINUOUS
10
0.6407873622047244
20
0.679506968503937
11
0.638218937007874
21
0.6923490944881889
0
LINE
8
BLACK
6
CONTINUOUS
10
0.638218937007874
20
0.6923490944881889
11
0.6375871653543307
21
0.6923490944881889
0
LINE
8
BLACK
6
CONTINUOUS
10
0.6375871653543307
20
0.6923490944881889
11
0.6353414173228347
21
0.6912262598425196
0
LINE
8
BLACK
6
CONTINUOUS
10
1.0263563385826771
20
0.7284303543307087
11
1.0274207480314961
21
0.7279894488188976
0
LINE
8
BLACK
6
CONTINUOUS
10
1.0274207480314961
20
0.7279894488188976
11
1.0282353937007873
21
0.7271748031496063
0
LINE
8
BLACK
6
CONTINUOUS
10
1.0282353937007873
20
0.7271748031496063
11
1.0286762992125984
21
0.7261103937007873
0
LINE
8
BLACK
6
CONTINUOUS
10
1.0286762992125984
20
0.7261103937007873
11
1.0286762992125984
21
0.7249582677165354
0
LINE
8
BLACK
6
CONTINUOUS
10
1.0286762992125984
20
0.7249582677165354
11
1.0282353937007873
21
0.7238938582677166
0
LINE
8
BLACK
6
CONTINUOUS
10
1.0282353937007873
20
0.7238938582677166
11
1.0274207480314961
21
0.7230792125984252
0
LINE
8
BLACK
6
CONTINUOUS
10
1.0274207480314961
20
0.7230792125984252
11
1.0263563385826771
21
0.7226383070866141
0
LINE
8
BLACK
6
CONTINUOUS
10
1.0263563385826771
20
0.7226383070866141
11
1.0257802755905512
21
0.7225815748031496
0
LINE
8
BLACK
6
CONTINUOUS
10
1.0257802755905512
20
0.7225815748031496
11
1.0081105905511811
21
0.7225815748031496
0
LINE
8
BLACK
6
CONTINUOUS
10
1.0081105905511811
20
0.7225815748031496
11
1.0081105905511811
21
0.7059899212598425
0
LINE
8
BLACK
6
CONTINUOUS
10
1.0081105905511811
20
0.7059899212598425
11
1.0257802755905512
21
0.7059899212598425
0
LINE
8
BLACK
6
CONTINUOUS
10
1.0257802755905512
20
0.7059899212598425
11
1.0263563385826771
21
0.7059331889763779
0
LINE
8
BLACK
6
CONTINUOUS
10
1.0263563385826771
20
0.7059331889763779
11
1.0274207480314961
21
0.7054922834645669
0
LINE
8
BLACK
6
CONTINUOUS
10
1.0274207480314961
20
0.7054922834645669
11
1.0282353937007873
21
0.7046776377952756
0
LINE
8
BLACK
6
CONTINUOUS
10
1.0282353937007873
20
0.7046776377952756
11
1.0286762992125984
21
0.7036132283464567
0
LINE
8
BLACK
6
CONTINUOUS
10
1.0286762992125984
20
0.7036132283464567
11
1.0286762992125984
21
0.7024611023622047
0
LINE
8
BLACK
6
CONTINUOUS
10
1.0286762992125984
20
0.7024611023622047
11
1.0282353937007873
21
0.7013966929133858
0
LINE
8
BLACK
6
CONTINUOUS
10
1.0282353937007873
20
0.7013966929133858
11
1.0274207480314961
21
0.7005820472440945
0
LINE
8
BLACK
6
CONTINUOUS
10
1.0274207480314961
20
0.7005820472440945
11
1.0263563385826771
21
0.7001411417322835
0
LINE
8
BLACK
6
CONTINUOUS
10
1.0263563385826771
20
0.7001411417322835
11
1.0257802755905512
21
0.7000844094488189
0
LINE
8
BLACK
6
CONTINUOUS
10
1.0257802755905512
20
0.7000844094488189
11
0.9864101968503937
21
0.7000844094488189
0
LINE
8
BLACK
6
CONTINUOUS
10
0.9864101968503937
20
0.7000844094488189
11
0.9858341338582677
21
0.7001411417322835
0
LINE
8
BLACK
6
CONTINUOUS
10
0.9858341338582677
20
0.7001411417322835
11
0.9847697244094488
21
0.7005820472440945
0
LINE
8
BLACK
6
CONTINUOUS
10
0.9847697244094488
20
0.7005820472440945
11
0.9839550787401574
21
0.7013966929133858
0
LINE
8
BLACK
6
CONTINUOUS
10
0.9839550787401574
20
0.7013966929133858
11
0.9835141732283464
21
0.7024611023622047
0
LINE
8
BLACK
6
CONTINUOUS
10
0.9835141732283464
20
0.7024611023622047
11
0.9835141732283464
21
0.7036132283464567
0
LINE
8
BLACK
6
CONTINUOUS
10
0.9835141732283464
20
0.7036132283464567
11
0.9839550787401574
21
0.7046776377952756
0
LINE
8
BLACK
6
CONTINUOUS
10
0.9839550787401574
20
0.7046776377952756
11
0.9847697244094488
21
0.7054922834645669
0
LINE
8
BLACK
6
CONTINUOUS
10
0.9847697244094488
20
0.7054922834645669
11
0.9858341338582677
21
0.7059331889763779
0
LINE
8
BLACK
6
CONTINUOUS
10
0.9858341338582677
20
0.7059331889763779
11
0.9864101968503937
21
0.7059899212598425
0
LINE
8
BLACK
6
CONTINUOUS
10
0.9864101968503937
20
0.7059899212598425
11
1.0022050787401575
21
0.7059899212598425
0
LINE
8
BLACK
6
CONTINUOUS
10
1.0022050787401575
20
0.7059899212598425
11
1.0022050787401575
21
0.7225815748031496
0
LINE
8
BLACK
6
CONTINUOUS
10
1.0022050787401575
20
0.7225815748031496
11
0.9864101968503937
21
0.7225815748031496
0
LINE
8
BLACK
6
CONTINUOUS
10
0.9864101968503937
20
0.7225815748031496
11
0.9858341338582677
21
0.7226383070866141
0
LINE
8
BLACK
6
CONTINUOUS
10
0.9858341338582677
20
0.7226383070866141
11
0.9847697244094488
21
0.7230792125984252
0
LINE
8
BLACK
6
CONTINUOUS
10
0.9847697244094488
20
0.7230792125984252
11
0.9839550787401574
21
0.7238938582677166
0
LINE
8
BLACK
6
CONTINUOUS
10
0.9839550787401574
20
0.7238938582677166
11
0.9835141732283464
21
0.7249582677165354
0
LINE
8
BLACK
6
CONTINUOUS
10
0.9835141732283464
20
0.7249582677165354
11
0.9835141732283464
21
0.7261103937007873
0
LINE
8
BLACK
6
CONTINUOUS
10
0.9835141732283464
20
0.7261103937007873
11
0.9839550787401574
21
0.7271748031496063
0
LINE
8
BLACK
6
CONTINUOUS
10
0.9839550787401574
20
0.7271748031496063
11
0.9847697244094488
21
0.7279894488188976
0
LINE
8
BLACK
6
CONTINUOUS
10
0.9847697244094488
20
0.7279894488188976
11
0.9858341338582677
21
0.7284303543307087
0
LINE
8
BLACK
6
CONTINUOUS
10
0.9858341338582677
20
0.7284303543307087
11
0.9864101968503937
21
0.7284870866141732
0
LINE
8
BLACK
6
CONTINUOUS
10
0.9864101968503937
20
0.7284870866141732
11
1.0257802755905512
21
0.7284870866141732
0
LINE
8
BLACK
6
CONTINUOUS
10
1.0257802755905512
20
0.7284870866141732
11
1.0263563385826771
21
0.7284303543307087
0
LINE
8
BLACK
6
CONTINUOUS
10
0.6329062992125984
20
0.7258784645669292
11
0.6337209448818898
21
0.7250638188976378
0
LINE
8
BLACK
6
CONTINUOUS
10
0.6337209448818898
20
0.7250638188976378
11
0.6341618503937008
21
0.7239994094488189
0
LINE
8
BLACK
6
CONTINUOUS
10
0.6341618503937008
20
0.7239994094488189
11
0.6342185826771654
21
0.7234233464566929
0
LINE
8
BLACK
6
CONTINUOUS
10
0.6342185826771654
20
0.7234233464566929
11
0.6342185826771654
21
0.7203708661417323
0
LINE
8
BLACK
6
CONTINUOUS
10
0.6342185826771654
20
0.7203708661417323
11
0.6355673228346457
21
0.7176733858267716
0
LINE
8
BLACK
6
CONTINUOUS
10
0.6355673228346457
20
0.7176733858267716
11
0.6367644488188976
21
0.7164762598425196
0
LINE
8
BLACK
6
CONTINUOUS
10
0.6367644488188976
20
0.7164762598425196
11
0.6394619291338582
21
0.7151275196850394
0
LINE
8
BLACK
6
CONTINUOUS
10
0.6394619291338582
20
0.7151275196850394
11
0.6575125590551181
21
0.7151275196850394
0
LINE
8
BLACK
6
CONTINUOUS
10
0.6575125590551181
20
0.7151275196850394
11
0.6580886220472441
21
0.7150707874015748
0
LINE
8
BLACK
6
CONTINUOUS
10
0.6580886220472441
20
0.7150707874015748
11
0.659153031496063
21
0.7146298818897637
0
LINE
8
BLACK
6
CONTINUOUS
10
0.659153031496063
20
0.7146298818897637
11
0.6599676771653543
21
0.7138152362204724
0
LINE
8
BLACK
6
CONTINUOUS
10
0.6599676771653543
20
0.7138152362204724
11
0.6604085826771653
21
0.7127508267716536
0
LINE
8
BLACK
6
CONTINUOUS
10
0.6604085826771653
20
0.7127508267716536
11
0.6604085826771653
21
0.7115987007874015
0
LINE
8
BLACK
6
CONTINUOUS
10
0.6604085826771653
20
0.7115987007874015
11
0.6599676771653543
21
0.7105342913385827
0
LINE
8
BLACK
6
CONTINUOUS
10
0.6599676771653543
20
0.7105342913385827
11
0.659153031496063
21
0.7097196456692914
0
LINE
8
BLACK
6
CONTINUOUS
10
0.659153031496063
20
0.7097196456692914
11
0.6580886220472441
21
0.7092787401574803
0
LINE
8
BLACK
6
CONTINUOUS
10
0.6580886220472441
20
0.7092787401574803
11
0.6575125590551181
21
0.7092220078740157
0
LINE
8
BLACK
6
CONTINUOUS
10
0.6575125590551181
20
0.7092220078740157
11
0.6312658267716535
21
0.7092220078740157
0
LINE
8
BLACK
6
CONTINUOUS
10
0.6312658267716535
20
0.7092220078740157
11
0.6306897637795276
21
0.7092787401574803
0
LINE
8
BLACK
6
CONTINUOUS
10
0.6306897637795276
20
0.7092787401574803
11
0.6296253543307087
21
0.7097196456692914
0
LINE
8
BLACK
6
CONTINUOUS
10
0.6296253543307087
20
0.7097196456692914
11
0.6288107086614173
21
0.7105342913385827
0
LINE
8
BLACK
6
CONTINUOUS
10
0.6288107086614173
20
0.7105342913385827
11
0.6283698031496063
21
0.7115987007874015
0
LINE
8
BLACK
6
CONTINUOUS
10
0.6283698031496063
20
0.7115987007874015
11
0.6283698031496063
21
0.7127508267716536
0
LINE
8
BLACK
6
CONTINUOUS
10
0.6283698031496063
20
0.7127508267716536
11
0.6288107086614173
21
0.7138152362204724
0
LINE
8
BLACK
6
CONTINUOUS
10
0.6288107086614173
20
0.7138152362204724
11
0.6296253543307087
21
0.7146298818897637
0
LINE
8
BLACK
6
CONTINUOUS
10
0.6296253543307087
20
0.7146298818897637
11
0.6303387401574803
21
0.7149253937007873
0
LINE
8
BLACK
6
CONTINUOUS
10
0.6303387401574803
20
0.7149253937007873
11
0.6286248031496063
21
0.7183533070866142
0
LINE
8
BLACK
6
CONTINUOUS
10
0.6286248031496063
20
0.7183533070866142
11
0.6284179133858268
21
0.718893937007874
0
LINE
8
BLACK
6
CONTINUOUS
10
0.6284179133858268
20
0.718893937007874
11
0.6284103937007874
21
0.7189997637795276
0
LINE
8
BLACK
6
CONTINUOUS
10
0.6284103937007874
20
0.7189997637795276
11
0.6283698031496063
21
0.7190977559055118
0
LINE
8
BLACK
6
CONTINUOUS
10
0.6283698031496063
20
0.7190977559055118
11
0.6283130708661417
21
0.7196738188976378
0
LINE
8
BLACK
6
CONTINUOUS
10
0.6283130708661417
20
0.7196738188976378
11
0.6283130708661417
21
0.7234233464566929
0
LINE
8
BLACK
6
CONTINUOUS
10
0.6283130708661417
20
0.7234233464566929
11
0.6283698031496063
21
0.7239994094488189
0
LINE
8
BLACK
6
CONTINUOUS
10
0.6283698031496063
20
0.7239994094488189
11
0.6288107086614173
21
0.7250638188976378
0
LINE
8
BLACK
6
CONTINUOUS
10
0.6288107086614173
20
0.7250638188976378
11
0.6296253543307087
21
0.7258784645669292
0
LINE
8
BLACK
6
CONTINUOUS
10
0.6296253543307087
20
0.7258784645669292
11
0.6306897637795276
21
0.7263193700787401
0
LINE
8
BLACK
6
CONTINUOUS
10
0.6306897637795276
20
0.7263193700787401
11
0.6318418897637795
21
0.7263193700787401
0
LINE
8
BLACK
6
CONTINUOUS
10
0.6318418897637795
20
0.7263193700787401
11
0.6329062992125984
21
0.7258784645669292
0
LINE
8
BLACK
6
CONTINUOUS
10
0.6629025590551181
20
0.7596242519685039
11
0.6637172047244094
21
0.7588096062992126
0
LINE
8
BLACK
6
CONTINUOUS
10
0.6637172047244094
20
0.7588096062992126
11
0.6641581102362205
21
0.7577451968503937
0
LINE
8
BLACK
6
CONTINUOUS
10
0.6641581102362205
20
0.7577451968503937
11
0.664214842519685
21
0.7571691338582677
0
LINE
8
BLACK
6
CONTINUOUS
10
0.664214842519685
20
0.7571691338582677
11
0.664214842519685
21
0.727172874015748
0
LINE
8
BLACK
6
CONTINUOUS
10
0.664214842519685
20
0.727172874015748
11
0.6641581102362205
21
0.7265968110236221
0
LINE
8
BLACK
6
CONTINUOUS
10
0.6641581102362205
20
0.7265968110236221
11
0.6637172047244094
21
0.7255324015748031
0
LINE
8
BLACK
6
CONTINUOUS
10
0.6637172047244094
20
0.7255324015748031
11
0.6629025590551181
21
0.7247177559055118
0
LINE
8
BLACK
6
CONTINUOUS
10
0.6629025590551181
20
0.7247177559055118
11
0.6618381496062992
21
0.7242768503937008
0
LINE
8
BLACK
6
CONTINUOUS
10
0.6618381496062992
20
0.7242768503937008
11
0.6606860236220472
21
0.7242768503937008
0
LINE
8
BLACK
6
CONTINUOUS
10
0.6606860236220472
20
0.7242768503937008
11
0.6596216141732283
21
0.7247177559055118
0
LINE
8
BLACK
6
CONTINUOUS
10
0.6596216141732283
20
0.7247177559055118
11
0.6588069685039369
21
0.7255324015748031
0
LINE
8
BLACK
6
CONTINUOUS
10
0.6588069685039369
20
0.7255324015748031
11
0.658366062992126
21
0.7265968110236221
0
LINE
8
BLACK
6
CONTINUOUS
10
0.658366062992126
20
0.7265968110236221
11
0.6583093307086614
21
0.727172874015748
0
LINE
8
BLACK
6
CONTINUOUS
10
0.6583093307086614
20
0.727172874015748
11
0.6583093307086614
21
0.7571691338582677
0
LINE
8
BLACK
6
CONTINUOUS
10
0.6583093307086614
20
0.7571691338582677
11
0.658366062992126
21
0.7577451968503937
0
LINE
8
BLACK
6
CONTINUOUS
10
0.658366062992126
20
0.7577451968503937
11
0.6588069685039369
21
0.7588096062992126
0
LINE
8
BLACK
6
CONTINUOUS
10
0.6588069685039369
20
0.7588096062992126
11
0.6596216141732283
21
0.7596242519685039
0
LINE
8
BLACK
6
CONTINUOUS
10
0.6596216141732283
20
0.7596242519685039
11
0.6606860236220472
21
0.7600651574803149
0
LINE
8
BLACK
6
CONTINUOUS
10
0.6606860236220472
20
0.7600651574803149
11
0.6618381496062992
21
0.7600651574803149
0
LINE
8
BLACK
6
CONTINUOUS
10
0.6618381496062992
20
0.7600651574803149
11
0.6629025590551181
21
0.7596242519685039
0
LINE
8
BLACK
6
CONTINUOUS
10
1.0188572440944881
20
0.7678004330708661
11
1.0189552362204723
21
0.767759842519685
0
LINE
8
BLACK
6
CONTINUOUS
10
1.0189552362204723
20
0.767759842519685
11
1.019061062992126
21
0.7677523228346457
0
LINE
8
BLACK
6
CONTINUOUS
10
1.019061062992126
20
0.7677523228346457
11
1.0196016929133858
21
0.7675454330708661
0
LINE
8
BLACK
6
CONTINUOUS
10
1.0196016929133858
20
0.7675454330708661
11
1.0233512204724409
21
0.7656706692913385
0
LINE
8
BLACK
6
CONTINUOUS
10
1.0233512204724409
20
0.7656706692913385
11
1.023599094488189
21
0.7655146456692913
0
LINE
8
BLACK
6
CONTINUOUS
10
1.023599094488189
20
0.7655146456692913
11
1.0236711417322835
21
0.7654848031496063
0
LINE
8
BLACK
6
CONTINUOUS
10
1.0236711417322835
20
0.7654848031496063
11
1.0237521653543307
21
0.7654183070866142
0
LINE
8
BLACK
6
CONTINUOUS
10
1.0237521653543307
20
0.7654183070866142
11
1.0238411023622047
21
0.7653623228346457
0
LINE
8
BLACK
6
CONTINUOUS
10
1.0238411023622047
20
0.7653623228346457
11
1.0238922440944882
21
0.7653033464566928
0
LINE
8
BLACK
6
CONTINUOUS
10
1.0238922440944882
20
0.7653033464566928
11
1.0241185826771653
21
0.7651175984251969
0
LINE
8
BLACK
6
CONTINUOUS
10
1.0241185826771653
20
0.7651175984251969
11
1.0259933858267716
21
0.7632428346456692
0
LINE
8
BLACK
6
CONTINUOUS
10
1.0259933858267716
20
0.7632428346456692
11
1.0261791338582678
21
0.7630164960629922
0
LINE
8
BLACK
6
CONTINUOUS
10
1.0261791338582678
20
0.7630164960629922
11
1.0262381889763779
21
0.7629652755905512
0
LINE
8
BLACK
6
CONTINUOUS
10
1.0262381889763779
20
0.7629652755905512
11
1.0262941732283464
21
0.7628763385826771
0
LINE
8
BLACK
6
CONTINUOUS
10
1.0262941732283464
20
0.7628763385826771
11
1.0263606299212598
21
0.7627953543307087
0
LINE
8
BLACK
6
CONTINUOUS
10
1.0263606299212598
20
0.7627953543307087
11
1.0263904330708662
21
0.7627234251968503
0
LINE
8
BLACK
6
CONTINUOUS
10
1.0263904330708662
20
0.7627234251968503
11
1.026546535433071
21
0.7624753937007874
0
LINE
8
BLACK
6
CONTINUOUS
10
1.026546535433071
20
0.7624753937007874
11
1.0284212992125985
21
0.7587258661417323
0
LINE
8
BLACK
6
CONTINUOUS
10
1.0284212992125985
20
0.7587258661417323
11
1.028628188976378
21
0.7581852755905512
0
LINE
8
BLACK
6
CONTINUOUS
10
1.028628188976378
20
0.7581852755905512
11
1.0286357086614173
21
0.7580794094488189
0
LINE
8
BLACK
6
CONTINUOUS
10
1.0286357086614173
20
0.7580794094488189
11
1.0286762992125984
21
0.7579814173228346
0
LINE
8
BLACK
6
CONTINUOUS
10
1.0286762992125984
20
0.7579814173228346
11
1.028733031496063
21
0.7574053543307087
0
LINE
8
BLACK
6
CONTINUOUS
10
1.028733031496063
20
0.7574053543307087
11
1.028733031496063
21
0.7480315354330709
0
LINE
8
BLACK
6
CONTINUOUS
10
1.028733031496063
20
0.7480315354330709
11
1.0287042913385827
21
0.7477399606299212
0
LINE
8
BLACK
6
CONTINUOUS
10
1.0287042913385827
20
0.7477399606299212
11
1.028709842519685
21
0.7476622047244095
0
LINE
8
BLACK
6
CONTINUOUS
10
1.028709842519685
20
0.7476622047244095
11
1.0286865748031495
21
0.7475599606299212
0
LINE
8
BLACK
6
CONTINUOUS
10
1.0286865748031495
20
0.7475599606299212
11
1.0286762992125984
21
0.7474554724409449
0
LINE
8
BLACK
6
CONTINUOUS
10
1.0286762992125984
20
0.7474554724409449
11
1.0286464173228347
21
0.7473834251968504
0
LINE
8
BLACK
6
CONTINUOUS
10
1.0286464173228347
20
0.7473834251968504
11
1.0285814960629922
21
0.7470977559055118
0
LINE
8
BLACK
6
CONTINUOUS
10
1.0285814960629922
20
0.7470977559055118
11
1.0267067322834647
21
0.7414735039370078
0
LINE
8
BLACK
6
CONTINUOUS
10
1.0267067322834647
20
0.7414735039370078
11
1.0264707480314961
21
0.7409449212598425
0
LINE
8
BLACK
6
CONTINUOUS
10
1.0264707480314961
20
0.7409449212598425
11
1.0257158661417323
21
0.7400745669291339
0
LINE
8
BLACK
6
CONTINUOUS
10
1.0257158661417323
20
0.7400745669291339
11
1.0246854330708661
21
0.7395593700787402
0
LINE
8
BLACK
6
CONTINUOUS
10
1.0246854330708661
20
0.7395593700787402
11
1.023536220472441
21
0.7394776771653543
0
LINE
8
BLACK
6
CONTINUOUS
10
1.023536220472441
20
0.7394776771653543
11
1.0224431889763779
21
0.7398420078740158
0
LINE
8
BLACK
6
CONTINUOUS
10
1.0224431889763779
20
0.7398420078740158
11
1.0215728346456692
21
0.7405968897637795
0
LINE
8
BLACK
6
CONTINUOUS
10
1.0215728346456692
20
0.7405968897637795
11
1.0210576377952756
21
0.7416273228346456
0
LINE
8
BLACK
6
CONTINUOUS
10
1.0210576377952756
20
0.7416273228346456
11
1.0209759448818898
21
0.7427765354330709
0
LINE
8
BLACK
6
CONTINUOUS
10
1.0209759448818898
20
0.7427765354330709
11
1.0211042913385826
21
0.7433409842519685
0
LINE
8
BLACK
6
CONTINUOUS
10
1.0211042913385826
20
0.7433409842519685
11
1.0228275196850394
21
0.7485106692913386
0
LINE
8
BLACK
6
CONTINUOUS
10
1.0228275196850394
20
0.7485106692913386
11
1.0228275196850394
21
0.7567083070866142
0
LINE
8
BLACK
6
CONTINUOUS
10
1.0228275196850394
20
0.7567083070866142
11
1.0214787795275591
21
0.7594057874015748
0
LINE
8
BLACK
6
CONTINUOUS
10
1.0214787795275591
20
0.7594057874015748
11
1.0202816141732283
21
0.7606029133858268
0
LINE
8
BLACK
6
CONTINUOUS
10
1.0202816141732283
20
0.7606029133858268
11
1.0175841338582676
21
0.7619516535433071
0
LINE
8
BLACK
6
CONTINUOUS
10
1.0175841338582676
20
0.7619516535433071
11
1.0152287007874015
21
0.7619516535433071
0
LINE
8
BLACK
6
CONTINUOUS
10
1.0152287007874015
20
0.7619516535433071
11
1.0125312204724408
21
0.7606029133858268
0
LINE
8
BLACK
6
CONTINUOUS
10
1.0125312204724408
20
0.7606029133858268
11
1.011334094488189
21
0.7594057874015748
0
LINE
8
BLACK
6
CONTINUOUS
10
1.011334094488189
20
0.7594057874015748
11
1.0098185826771653
21
0.7563748031496063
0
LINE
8
BLACK
6
CONTINUOUS
10
1.0098185826771653
20
0.7563748031496063
11
1.0080224409448819
21
0.7491901574803149
0
LINE
8
BLACK
6
CONTINUOUS
10
1.0080224409448819
20
0.7491901574803149
11
1.0080072440944883
21
0.7491476771653544
0
LINE
8
BLACK
6
CONTINUOUS
10
1.0080072440944883
20
0.7491476771653544
11
1.0080057480314961
21
0.7491263779527559
0
LINE
8
BLACK
6
CONTINUOUS
10
1.0080057480314961
20
0.7491263779527559
11
1.0079139763779528
21
0.7488866535433071
0
LINE
8
BLACK
6
CONTINUOUS
10
1.0079139763779528
20
0.7488866535433071
11
1.0078276771653543
21
0.7486450393700788
0
LINE
8
BLACK
6
CONTINUOUS
10
1.0078276771653543
20
0.7486450393700788
11
1.0078149606299212
21
0.7486279133858268
0
LINE
8
BLACK
6
CONTINUOUS
10
1.0078149606299212
20
0.7486279133858268
11
1.0077988582677164
21
0.7485857874015748
0
LINE
8
BLACK
6
CONTINUOUS
10
1.0077988582677164
20
0.7485857874015748
11
1.0059240944881889
21
0.7448362598425197
0
LINE
8
BLACK
6
CONTINUOUS
10
1.0059240944881889
20
0.7448362598425197
11
1.0057679921259843
21
0.7445882677165354
0
LINE
8
BLACK
6
CONTINUOUS
10
1.0057679921259843
20
0.7445882677165354
11
1.0057381889763779
21
0.7445162992125984
0
LINE
8
BLACK
6
CONTINUOUS
10
1.0057381889763779
20
0.7445162992125984
11
1.0056716929133858
21
0.7444353543307086
0
LINE
8
BLACK
6
CONTINUOUS
10
1.0056716929133858
20
0.7444353543307086
11
1.005615748031496
21
0.7443463779527559
0
LINE
8
BLACK
6
CONTINUOUS
10
1.005615748031496
20
0.7443463779527559
11
1.0055567322834646
21
0.7442952362204724
0
LINE
8
BLACK
6
CONTINUOUS
10
1.0055567322834646
20
0.7442952362204724
11
1.0053709842519685
21
0.7440688582677165
0
LINE
8
BLACK
6
CONTINUOUS
10
1.0053709842519685
20
0.7440688582677165
11
1.0034962204724409
21
0.742194094488189
0
LINE
8
BLACK
6
CONTINUOUS
10
1.0034962204724409
20
0.742194094488189
11
1.0032698425196851
21
0.7420083464566929
0
LINE
8
BLACK
6
CONTINUOUS
10
1.0032698425196851
20
0.7420083464566929
11
1.0032187007874016
21
0.7419493307086614
0
LINE
8
BLACK
6
CONTINUOUS
10
1.0032187007874016
20
0.7419493307086614
11
1.0031297244094488
21
0.7418933858267717
0
LINE
8
BLACK
6
CONTINUOUS
10
1.0031297244094488
20
0.7418933858267717
11
1.0030487795275591
21
0.7418268897637795
0
LINE
8
BLACK
6
CONTINUOUS
10
1.0030487795275591
20
0.7418268897637795
11
1.0029768110236221
21
0.7417970866141732
0
LINE
8
BLACK
6
CONTINUOUS
10
1.0029768110236221
20
0.7417970866141732
11
1.0027288188976378
21
0.7416409842519684
0
LINE
8
BLACK
6
CONTINUOUS
10
1.0027288188976378
20
0.7416409842519684
11
0.9989792913385827
21
0.7397662204724409
0
LINE
8
BLACK
6
CONTINUOUS
10
0.9989792913385827
20
0.7397662204724409
11
0.9984386614173228
21
0.7395593307086614
0
LINE
8
BLACK
6
CONTINUOUS
10
0.9984386614173228
20
0.7395593307086614
11
0.9983328346456692
21
0.7395518503937007
0
LINE
8
BLACK
6
CONTINUOUS
10
0.9983328346456692
20
0.7395518503937007
11
0.998234842519685
21
0.7395112204724409
0
LINE
8
BLACK
6
CONTINUOUS
10
0.998234842519685
20
0.7395112204724409
11
0.997658779527559
21
0.7394544881889764
0
LINE
8
BLACK
6
CONTINUOUS
10
0.997658779527559
20
0.7394544881889764
11
0.9939092519685039
21
0.7394544881889764
0
LINE
8
BLACK
6
CONTINUOUS
10
0.9939092519685039
20
0.7394544881889764
11
0.9933331889763779
21
0.7395112204724409
0
LINE
8
BLACK
6
CONTINUOUS
10
0.9933331889763779
20
0.7395112204724409
11
0.9932351968503936
21
0.739551811023622
0
LINE
8
BLACK
6
CONTINUOUS
10
0.9932351968503936
20
0.739551811023622
11
0.9931293307086614
21
0.7395593307086614
0
LINE
8
BLACK
6
CONTINUOUS
10
0.9931293307086614
20
0.7395593307086614
11
0.9925887401574803
21
0.7397662204724409
0
LINE
8
BLACK
6
CONTINUOUS
10
0.9925887401574803
20
0.7397662204724409
11
0.9888392125984252
21
0.7416409842519684
0
LINE
8
BLACK
6
CONTINUOUS
10
0.9888392125984252
20
0.7416409842519684
11
0.9885911811023622
21
0.7417970866141732
0
LINE
8
BLACK
6
CONTINUOUS
10
0.9885911811023622
20
0.7417970866141732
11
0.9885192519685039
21
0.7418268897637795
0
LINE
8
BLACK
6
CONTINUOUS
10
0.9885192519685039
20
0.7418268897637795
11
0.9884382677165354
21
0.7418933858267717
0
LINE
8
BLACK
6
CONTINUOUS
10
0.9884382677165354
20
0.7418933858267717
11
0.9883493307086614
21
0.7419493307086614
0
LINE
8
BLACK
6
CONTINUOUS
10
0.9883493307086614
20
0.7419493307086614
11
0.9882981496062991
21
0.7420083464566929
0
LINE
8
BLACK
6
CONTINUOUS
10
0.9882981496062991
20
0.7420083464566929
11
0.9880718110236221
21
0.742194094488189
0
LINE
8
BLACK
6
CONTINUOUS
10
0.9880718110236221
20
0.742194094488189
11
0.9861970472440945
21
0.7440688582677165
0
LINE
8
BLACK
6
CONTINUOUS
10
0.9861970472440945
20
0.7440688582677165
11
0.9860112598425197
21
0.7442952362204724
0
LINE
8
BLACK
6
CONTINUOUS
10
0.9860112598425197
20
0.7442952362204724
11
0.9859522834645669
21
0.7443463779527559
0
LINE
8
BLACK
6
CONTINUOUS
10
0.9859522834645669
20
0.7443463779527559
11
0.9858962992125984
21
0.7444353543307086
0
LINE
8
BLACK
6
CONTINUOUS
10
0.9858962992125984
20
0.7444353543307086
11
0.985829842519685
21
0.7445162992125984
0
LINE
8
BLACK
6
CONTINUOUS
10
0.985829842519685
20
0.7445162992125984
11
0.9858
21
0.7445882677165354
0
LINE
8
BLACK
6
CONTINUOUS
10
0.9858
20
0.7445882677165354
11
0.985643937007874
21
0.7448362598425197
0
LINE
8
BLACK
6
CONTINUOUS
10
0.985643937007874
20
0.7448362598425197
11
0.9837691732283464
21
0.7485857874015748
0
LINE
8
BLACK
6
CONTINUOUS
10
0.9837691732283464
20
0.7485857874015748
11
0.9835622834645669
21
0.7491264173228346
0
LINE
8
BLACK
6
CONTINUOUS
10
0.9835622834645669
20
0.7491264173228346
11
0.9835547637795276
21
0.7492322440944882
0
LINE
8
BLACK
6
CONTINUOUS
10
0.9835547637795276
20
0.7492322440944882
11
0.9835141732283464
21
0.7493302362204725
0
LINE
8
BLACK
6
CONTINUOUS
10
0.9835141732283464
20
0.7493302362204725
11
0.9834574409448819
21
0.7499062992125984
0
LINE
8
BLACK
6
CONTINUOUS
10
0.9834574409448819
20
0.7499062992125984
11
0.9834574409448819
21
0.7592801181102362
0
LINE
8
BLACK
6
CONTINUOUS
10
0.9834574409448819
20
0.7592801181102362
11
0.9834861417322834
21
0.7595716929133858
0
LINE
8
BLACK
6
CONTINUOUS
10
0.9834861417322834
20
0.7595716929133858
11
0.9834806299212598
21
0.7596494094488189
0
LINE
8
BLACK
6
CONTINUOUS
10
0.9834806299212598
20
0.7596494094488189
11
0.9835038582677165
21
0.7597516929133858
0
LINE
8
BLACK
6
CONTINUOUS
10
0.9835038582677165
20
0.7597516929133858
11
0.9835141732283464
21
0.7598561811023622
0
LINE
8
BLACK
6
CONTINUOUS
10
0.9835141732283464
20
0.7598561811023622
11
0.9835440157480315
21
0.7599283070866142
0
LINE
8
BLACK
6
CONTINUOUS
10
0.9835440157480315
20
0.7599283070866142
11
0.9836089763779527
21
0.7602138582677165
0
LINE
8
BLACK
6
CONTINUOUS
10
0.9836089763779527
20
0.7602138582677165
11
0.9854837401574803
21
0.7658381496062991
0
LINE
8
BLACK
6
CONTINUOUS
10
0.9854837401574803
20
0.7658381496062991
11
0.9857197244094488
21
0.7663666929133858
0
LINE
8
BLACK
6
CONTINUOUS
10
0.9857197244094488
20
0.7663666929133858
11
0.9864746062992126
21
0.7672370472440945
0
LINE
8
BLACK
6
CONTINUOUS
10
0.9864746062992126
20
0.7672370472440945
11
0.9875050393700787
21
0.7677522834645669
0
LINE
8
BLACK
6
CONTINUOUS
10
0.9875050393700787
20
0.7677522834645669
11
0.9886542519685039
21
0.7678339763779527
0
LINE
8
BLACK
6
CONTINUOUS
10
0.9886542519685039
20
0.7678339763779527
11
0.9897472440944882
21
0.7674696456692913
0
LINE
8
BLACK
6
CONTINUOUS
10
0.9897472440944882
20
0.7674696456692913
11
0.9906176377952756
21
0.7667147637795275
0
LINE
8
BLACK
6
CONTINUOUS
10
0.9906176377952756
20
0.7667147637795275
11
0.9911328346456693
21
0.7656842913385826
0
LINE
8
BLACK
6
CONTINUOUS
10
0.9911328346456693
20
0.7656842913385826
11
0.9912145275590551
21
0.7645350787401575
0
LINE
8
BLACK
6
CONTINUOUS
10
0.9912145275590551
20
0.7645350787401575
11
0.9910861811023621
21
0.7639706299212599
0
LINE
8
BLACK
6
CONTINUOUS
10
0.9910861811023621
20
0.7639706299212599
11
0.9893629527559055
21
0.7588009842519685
0
LINE
8
BLACK
6
CONTINUOUS
10
0.9893629527559055
20
0.7588009842519685
11
0.9893629527559055
21
0.7506033464566929
0
LINE
8
BLACK
6
CONTINUOUS
10
0.9893629527559055
20
0.7506033464566929
11
0.9907116929133858
21
0.7479058661417323
0
LINE
8
BLACK
6
CONTINUOUS
10
0.9907116929133858
20
0.7479058661417323
11
0.9919088188976378
21
0.7467087401574803
0
LINE
8
BLACK
6
CONTINUOUS
10
0.9919088188976378
20
0.7467087401574803
11
0.9946062992125984
21
0.74536
0
LINE
8
BLACK
6
CONTINUOUS
10
0.9946062992125984
20
0.74536
11
0.9969617322834645
21
0.74536
0
LINE
8
BLACK
6
CONTINUOUS
10
0.9969617322834645
20
0.74536
11
0.9996592125984252
21
0.7467087401574803
0
LINE
8
BLACK
6
CONTINUOUS
10
0.9996592125984252
20
0.7467087401574803
11
1.0008563385826772
21
0.7479058661417323
0
LINE
8
BLACK
6
CONTINUOUS
10
1.0008563385826772
20
0.7479058661417323
11
1.0023718110236219
21
0.7509368503937007
0
LINE
8
BLACK
6
CONTINUOUS
10
1.0023718110236219
20
0.7509368503937007
11
1.0041679921259843
21
0.7581214960629921
0
LINE
8
BLACK
6
CONTINUOUS
10
1.0041679921259843
20
0.7581214960629921
11
1.0041831496062992
21
0.7581640157480315
0
LINE
8
BLACK
6
CONTINUOUS
10
1.0041831496062992
20
0.7581640157480315
11
1.0041846850393701
21
0.7581852362204724
0
LINE
8
BLACK
6
CONTINUOUS
10
1.0041846850393701
20
0.7581852362204724
11
1.0042762992125984
21
0.7584246850393701
0
LINE
8
BLACK
6
CONTINUOUS
10
1.0042762992125984
20
0.7584246850393701
11
1.0043627559055117
21
0.7586666141732283
0
LINE
8
BLACK
6
CONTINUOUS
10
1.0043627559055117
20
0.7586666141732283
11
1.0043754330708661
21
0.7586837795275591
0
LINE
8
BLACK
6
CONTINUOUS
10
1.0043754330708661
20
0.7586837795275591
11
1.0043915748031496
21
0.7587258661417323
0
LINE
8
BLACK
6
CONTINUOUS
10
1.0043915748031496
20
0.7587258661417323
11
1.0062663385826771
21
0.7624753937007874
0
LINE
8
BLACK
6
CONTINUOUS
10
1.0062663385826771
20
0.7624753937007874
11
1.0064224015748031
21
0.7627234251968503
0
LINE
8
BLACK
6
CONTINUOUS
10
1.0064224015748031
20
0.7627234251968503
11
1.0064522440944881
21
0.7627953543307087
0
LINE
8
BLACK
6
CONTINUOUS
10
1.0064522440944881
20
0.7627953543307087
11
1.0065187007874015
21
0.7628763385826771
0
LINE
8
BLACK
6
CONTINUOUS
10
1.0065187007874015
20
0.7628763385826771
11
1.00657468503937
21
0.7629652755905512
0
LINE
8
BLACK
6
CONTINUOUS
10
1.00657468503937
20
0.7629652755905512
11
1.0066336614173228
21
0.7630164566929134
0
LINE
8
BLACK
6
CONTINUOUS
10
1.0066336614173228
20
0.7630164566929134
11
1.0068194488188975
21
0.7632427952755906
0
LINE
8
BLACK
6
CONTINUOUS
10
1.0068194488188975
20
0.7632427952755906
11
1.0086942125984251
21
0.7651175590551181
0
LINE
8
BLACK
6
CONTINUOUS
10
1.0086942125984251
20
0.7651175590551181
11
1.0089205511811024
21
0.7653033464566928
0
LINE
8
BLACK
6
CONTINUOUS
10
1.0089205511811024
20
0.7653033464566928
11
1.0089717322834646
21
0.7653623228346457
0
LINE
8
BLACK
6
CONTINUOUS
10
1.0089717322834646
20
0.7653623228346457
11
1.0090606692913386
21
0.7654183070866142
0
LINE
8
BLACK
6
CONTINUOUS
10
1.0090606692913386
20
0.7654183070866142
11
1.0091416535433071
21
0.7654847637795276
0
LINE
8
BLACK
6
CONTINUOUS
10
1.0091416535433071
20
0.7654847637795276
11
1.0092135826771653
21
0.7655146062992125
0
LINE
8
BLACK
6
CONTINUOUS
10
1.0092135826771653
20
0.7655146062992125
11
1.0094616141732282
21
0.7656706692913385
0
LINE
8
BLACK
6
CONTINUOUS
10
1.0094616141732282
20
0.7656706692913385
11
1.0132111417322835
21
0.7675454330708661
0
LINE
8
BLACK
6
CONTINUOUS
10
1.0132111417322835
20
0.7675454330708661
11
1.0137517322834646
21
0.7677523228346457
0
LINE
8
BLACK
6
CONTINUOUS
10
1.0137517322834646
20
0.7677523228346457
11
1.0138575984251967
21
0.7677598818897637
0
LINE
8
BLACK
6
CONTINUOUS
10
1.0138575984251967
20
0.7677598818897637
11
1.013955590551181
21
0.7678004330708661
0
LINE
8
BLACK
6
CONTINUOUS
10
1.013955590551181
20
0.7678004330708661
11
1.0145316535433071
21
0.7678571653543307
0
LINE
8
BLACK
6
CONTINUOUS
10
1.0145316535433071
20
0.7678571653543307
11
1.0182811811023622
21
0.7678571653543307
0
LINE
8
BLACK
6
CONTINUOUS
10
1.0182811811023622
20
0.7678571653543307
11
1.0188572440944881
21
0.7678004330708661
0
LINE
8
BLACK
6
CONTINUOUS
10
0.6296825984251968
20
0.7900894488188976
11
0.6297603543307086
21
0.7900949606299212
0
LINE
8
BLACK
6
CONTINUOUS
10
0.6297603543307086
20
0.7900949606299212
11
0.6298625984251969
21
0.7900717322834645
0
LINE
8
BLACK
6
CONTINUOUS
10
0.6298625984251969
20
0.7900717322834645
11
0.629967125984252
21
0.7900614173228346
0
LINE
8
BLACK
6
CONTINUOUS
10
0.629967125984252
20
0.7900614173228346
11
0.6300392125984252
21
0.7900315748031496
0
LINE
8
BLACK
6
CONTINUOUS
10
0.6300392125984252
20
0.7900315748031496
11
0.6303248031496063
21
0.7899666141732283
0
LINE
8
BLACK
6
CONTINUOUS
10
0.6303248031496063
20
0.7899666141732283
11
0.6359490944881889
21
0.7880918503937008
0
LINE
8
BLACK
6
CONTINUOUS
10
0.6359490944881889
20
0.7880918503937008
11
0.6364776377952756
21
0.7878558661417323
0
LINE
8
BLACK
6
CONTINUOUS
10
0.6364776377952756
20
0.7878558661417323
11
0.6365577559055118
21
0.7877863779527559
0
LINE
8
BLACK
6
CONTINUOUS
10
0.6365577559055118
20
0.7877863779527559
11
0.6366558267716536
21
0.787745748031496
0
LINE
8
BLACK
6
CONTINUOUS
10
0.6366558267716536
20
0.787745748031496
11
0.6371032677165355
21
0.7873785433070866
0
LINE
8
BLACK
6
CONTINUOUS
10
0.6371032677165355
20
0.7873785433070866
11
0.6545598031496063
21
0.7699220472440945
0
LINE
8
BLACK
6
CONTINUOUS
10
0.6545598031496063
20
0.7699220472440945
11
0.6545598031496063
21
0.7871653937007874
0
LINE
8
BLACK
6
CONTINUOUS
10
0.6545598031496063
20
0.7871653937007874
11
0.6546165354330709
21
0.7877414566929134
0
LINE
8
BLACK
6
CONTINUOUS
10
0.6546165354330709
20
0.7877414566929134
11
0.6550574409448818
21
0.7888058661417323
0
LINE
8
BLACK
6
CONTINUOUS
10
0.6550574409448818
20
0.7888058661417323
11
0.6558720866141732
21
0.7896205118110236
0
LINE
8
BLACK
6
CONTINUOUS
10
0.6558720866141732
20
0.7896205118110236
11
0.6569364960629921
21
0.7900614173228346
0
LINE
8
BLACK
6
CONTINUOUS
10
0.6569364960629921
20
0.7900614173228346
11
0.6580886220472441
21
0.7900614173228346
0
LINE
8
BLACK
6
CONTINUOUS
10
0.6580886220472441
20
0.7900614173228346
11
0.659153031496063
21
0.7896205118110236
0
LINE
8
BLACK
6
CONTINUOUS
10
0.659153031496063
20
0.7896205118110236
11
0.6599676771653543
21
0.7888058661417323
0
LINE
8
BLACK
6
CONTINUOUS
10
0.6599676771653543
20
0.7888058661417323
11
0.6604085826771653
21
0.7877414566929134
0
LINE
8
BLACK
6
CONTINUOUS
10
0.6604085826771653
20
0.7877414566929134
11
0.6604653149606299
21
0.7871653937007874
0
LINE
8
BLACK
6
CONTINUOUS
10
0.6604653149606299
20
0.7871653937007874
11
0.6604653149606299
21
0.7627934645669291
0
LINE
8
BLACK
6
CONTINUOUS
10
0.6604653149606299
20
0.7627934645669291
11
0.6604085826771653
21
0.7622174015748031
0
LINE
8
BLACK
6
CONTINUOUS
10
0.6604085826771653
20
0.7622174015748031
11
0.6602794488188977
21
0.7619056692913385
0
LINE
8
BLACK
6
CONTINUOUS
10
0.6602794488188977
20
0.7619056692913385
11
0.6599677165354331
21
0.7611529921259842
0
LINE
8
BLACK
6
CONTINUOUS
10
0.6599677165354331
20
0.7611529921259842
11
0.659153031496063
21
0.7603383464566928
0
LINE
8
BLACK
6
CONTINUOUS
10
0.659153031496063
20
0.7603383464566928
11
0.6580886220472441
21
0.7598974409448819
0
LINE
8
BLACK
6
CONTINUOUS
10
0.6580886220472441
20
0.7598974409448819
11
0.6569365354330708
21
0.7598974409448819
0
LINE
8
BLACK
6
CONTINUOUS
10
0.6569365354330708
20
0.7598974409448819
11
0.6569364960629921
21
0.7598974409448819
0
LINE
8
BLACK
6
CONTINUOUS
10
0.6569364960629921
20
0.7598974409448819
11
0.6566247244094489
21
0.7600265748031496
0
LINE
8
BLACK
6
CONTINUOUS
10
0.6566247244094489
20
0.7600265748031496
11
0.6558720866141732
21
0.7603383070866142
0
LINE
8
BLACK
6
CONTINUOUS
10
0.6558720866141732
20
0.7603383070866142
11
0.6554246456692914
21
0.7607055511811024
0
LINE
8
BLACK
6
CONTINUOUS
10
0.6554246456692914
20
0.7607055511811024
11
0.6334203149606299
21
0.782709842519685
0
LINE
8
BLACK
6
CONTINUOUS
10
0.6334203149606299
20
0.782709842519685
11
0.6289119291338583
21
0.7842126377952756
0
LINE
8
BLACK
6
CONTINUOUS
10
0.6289119291338583
20
0.7842126377952756
11
0.6263385826771654
21
0.7842126377952756
0
LINE
8
BLACK
6
CONTINUOUS
10
0.6263385826771654
20
0.7842126377952756
11
0.6236411023622047
21
0.7828638976377953
0
LINE
8
BLACK
6
CONTINUOUS
10
0.6236411023622047
20
0.7828638976377953
11
0.6224439763779528
21
0.7816667716535433
0
LINE
8
BLACK
6
CONTINUOUS
10
0.6224439763779528
20
0.7816667716535433
11
0.6210952362204725
21
0.7789692913385826
0
LINE
8
BLACK
6
CONTINUOUS
10
0.6210952362204725
20
0.7789692913385826
11
0.6210952362204725
21
0.7709895669291339
0
LINE
8
BLACK
6
CONTINUOUS
10
0.6210952362204725
20
0.7709895669291339
11
0.6224439763779528
21
0.7682920866141733
0
LINE
8
BLACK
6
CONTINUOUS
10
0.6224439763779528
20
0.7682920866141733
11
0.6239799212598425
21
0.7667561417322835
0
LINE
8
BLACK
6
CONTINUOUS
10
0.6239799212598425
20
0.7667561417322835
11
0.6243471259842519
21
0.7663087007874015
0
LINE
8
BLACK
6
CONTINUOUS
10
0.6243471259842519
20
0.7663087007874015
11
0.624788031496063
21
0.7652442913385826
0
LINE
8
BLACK
6
CONTINUOUS
10
0.624788031496063
20
0.7652442913385826
11
0.624788031496063
21
0.7640922047244094
0
LINE
8
BLACK
6
CONTINUOUS
10
0.624788031496063
20
0.7640922047244094
11
0.6243471259842519
21
0.7630277952755905
0
LINE
8
BLACK
6
CONTINUOUS
10
0.6243471259842519
20
0.7630277952755905
11
0.6235324409448819
21
0.7622131102362204
0
LINE
8
BLACK
6
CONTINUOUS
10
0.6235324409448819
20
0.7622131102362204
11
0.622468031496063
21
0.7617722047244094
0
LINE
8
BLACK
6
CONTINUOUS
10
0.622468031496063
20
0.7617722047244094
11
0.6213159448818898
21
0.7617722047244094
0
LINE
8
BLACK
6
CONTINUOUS
10
0.6213159448818898
20
0.7617722047244094
11
0.6202515354330709
21
0.7622131102362204
0
LINE
8
BLACK
6
CONTINUOUS
10
0.6202515354330709
20
0.7622131102362204
11
0.619804094488189
21
0.7625803149606299
0
LINE
8
BLACK
6
CONTINUOUS
10
0.619804094488189
20
0.7625803149606299
11
0.6179293307086614
21
0.7644550787401575
0
LINE
8
BLACK
6
CONTINUOUS
10
0.6179293307086614
20
0.7644550787401575
11
0.6177435433070866
21
0.7646814566929133
0
LINE
8
BLACK
6
CONTINUOUS
10
0.6177435433070866
20
0.7646814566929133
11
0.6176845669291339
21
0.7647325984251968
0
LINE
8
BLACK
6
CONTINUOUS
10
0.6176845669291339
20
0.7647325984251968
11
0.6176285826771654
21
0.7648215748031496
0
LINE
8
BLACK
6
CONTINUOUS
10
0.6176285826771654
20
0.7648215748031496
11
0.617562125984252
21
0.7649025196850393
0
LINE
8
BLACK
6
CONTINUOUS
10
0.617562125984252
20
0.7649025196850393
11
0.6175322834645669
21
0.7649744881889764
0
LINE
8
BLACK
6
CONTINUOUS
10
0.6175322834645669
20
0.7649744881889764
11
0.6173762204724409
21
0.7652224803149607
0
LINE
8
BLACK
6
CONTINUOUS
10
0.6173762204724409
20
0.7652224803149607
11
0.6155014566929133
21
0.7689720078740158
0
LINE
8
BLACK
6
CONTINUOUS
10
0.6155014566929133
20
0.7689720078740158
11
0.6152945669291339
21
0.7695126377952756
0
LINE
8
BLACK
6
CONTINUOUS
10
0.6152945669291339
20
0.7695126377952756
11
0.6152870472440944
21
0.7696184645669291
0
LINE
8
BLACK
6
CONTINUOUS
10
0.6152870472440944
20
0.7696184645669291
11
0.6152464566929133
21
0.7697164566929133
0
LINE
8
BLACK
6
CONTINUOUS
10
0.6152464566929133
20
0.7697164566929133
11
0.6151897244094489
21
0.7702925196850393
0
LINE
8
BLACK
6
CONTINUOUS
10
0.6151897244094489
20
0.7702925196850393
11
0.6151897244094489
21
0.7796663385826772
0
LINE
8
BLACK
6
CONTINUOUS
10
0.6151897244094489
20
0.7796663385826772
11
0.6152464566929133
21
0.7802424015748032
0
LINE
8
BLACK
6
CONTINUOUS
10
0.6152464566929133
20
0.7802424015748032
11
0.6152870472440944
21
0.7803404330708661
0
LINE
8
BLACK
6
CONTINUOUS
10
0.6152870472440944
20
0.7803404330708661
11
0.6152945669291339
21
0.7804462204724409
0
LINE
8
BLACK
6
CONTINUOUS
10
0.6152945669291339
20
0.7804462204724409
11
0.6155014566929133
21
0.7809868503937007
0
LINE
8
BLACK
6
CONTINUOUS
10
0.6155014566929133
20
0.7809868503937007
11
0.6173762204724409
21
0.7847363779527559
0
LINE
8
BLACK
6
CONTINUOUS
10
0.6173762204724409
20
0.7847363779527559
11
0.6175322834645669
21
0.7849844094488189
0
LINE
8
BLACK
6
CONTINUOUS
10
0.6175322834645669
20
0.7849844094488189
11
0.617562125984252
21
0.7850563385826771
0
LINE
8
BLACK
6
CONTINUOUS
10
0.617562125984252
20
0.7850563385826771
11
0.6176285826771654
21
0.7851373228346457
0
LINE
8
BLACK
6
CONTINUOUS
10
0.6176285826771654
20
0.7851373228346457
11
0.6176845669291339
21
0.7852262598425197
0
LINE
8
BLACK
6
CONTINUOUS
10
0.6176845669291339
20
0.7852262598425197
11
0.6177435433070866
21
0.7852774409448818
0
LINE
8
BLACK
6
CONTINUOUS
10
0.6177435433070866
20
0.7852774409448818
11
0.6179293307086614
21
0.785503779527559
0
LINE
8
BLACK
6
CONTINUOUS
10
0.6179293307086614
20
0.785503779527559
11
0.619804094488189
21
0.7873785433070866
0
LINE
8
BLACK
6
CONTINUOUS
10
0.619804094488189
20
0.7873785433070866
11
0.6200304330708661
21
0.7875643307086614
0
LINE
8
BLACK
6
CONTINUOUS
10
0.6200304330708661
20
0.7875643307086614
11
0.6200816141732284
21
0.7876233070866142
0
LINE
8
BLACK
6
CONTINUOUS
10
0.6200816141732284
20
0.7876233070866142
11
0.6201705511811023
21
0.7876792913385826
0
LINE
8
BLACK
6
CONTINUOUS
10
0.6201705511811023
20
0.7876792913385826
11
0.6202515354330709
21
0.787745748031496
0
LINE
8
BLACK
6
CONTINUOUS
10
0.6202515354330709
20
0.787745748031496
11
0.6203234645669291
21
0.7877755905511811
0
LINE
8
BLACK
6
CONTINUOUS
10
0.6203234645669291
20
0.7877755905511811
11
0.6205714960629921
21
0.7879316535433071
0
LINE
8
BLACK
6
CONTINUOUS
10
0.6205714960629921
20
0.7879316535433071
11
0.6243210236220472
21
0.7898064173228346
0
LINE
8
BLACK
6
CONTINUOUS
10
0.6243210236220472
20
0.7898064173228346
11
0.6248616141732284
21
0.7900133070866141
0
LINE
8
BLACK
6
CONTINUOUS
10
0.6248616141732284
20
0.7900133070866141
11
0.6249674803149606
21
0.7900208661417323
0
LINE
8
BLACK
6
CONTINUOUS
10
0.6249674803149606
20
0.7900208661417323
11
0.6250654724409449
21
0.7900614173228346
0
LINE
8
BLACK
6
CONTINUOUS
10
0.6250654724409449
20
0.7900614173228346
11
0.6256415354330709
21
0.7901181496062992
0
LINE
8
BLACK
6
CONTINUOUS
10
0.6256415354330709
20
0.7901181496062992
11
0.629391062992126
21
0.7901181496062992
0
LINE
8
BLACK
6
CONTINUOUS
10
0.629391062992126
20
0.7901181496062992
11
0.6296825984251968
21
0.7900894488188976
0
LINE
8
BLACK
6
CONTINUOUS
10
1.0124225984251969
20
0.8142286614173229
11
1.0132372440944881
21
0.8134140157480315
0
LINE
8
BLACK
6
CONTINUOUS
10
1.0132372440944881
20
0.8134140157480315
11
1.0136781496062992
21
0.8123496062992126
0
LINE
8
BLACK
6
CONTINUOUS
10
1.0136781496062992
20
0.8123496062992126
11
1.0137348818897638
21
0.8117735433070866
0
LINE
8
BLACK
6
CONTINUOUS
10
1.0137348818897638
20
0.8117735433070866
11
1.0137348818897638
21
0.7817773228346456
0
LINE
8
BLACK
6
CONTINUOUS
10
1.0137348818897638
20
0.7817773228346456
11
1.0136781496062992
21
0.7812012598425196
0
LINE
8
BLACK
6
CONTINUOUS
10
1.0136781496062992
20
0.7812012598425196
11
1.0132372440944881
21
0.7801368503937007
0
LINE
8
BLACK
6
CONTINUOUS
10
1.0132372440944881
20
0.7801368503937007
11
1.0124225984251969
21
0.7793222047244094
0
LINE
8
BLACK
6
CONTINUOUS
10
1.0124225984251969
20
0.7793222047244094
11
1.0113581889763779
21
0.7788812992125984
0
LINE
8
BLACK
6
CONTINUOUS
10
1.0113581889763779
20
0.7788812992125984
11
1.0102060629921259
21
0.7788812992125984
0
LINE
8
BLACK
6
CONTINUOUS
10
1.0102060629921259
20
0.7788812992125984
11
1.0091416535433071
21
0.7793222047244094
0
LINE
8
BLACK
6
CONTINUOUS
10
1.0091416535433071
20
0.7793222047244094
11
1.0083270078740156
21
0.7801368503937007
0
LINE
8
BLACK
6
CONTINUOUS
10
1.0083270078740156
20
0.7801368503937007
11
1.0078861023622048
21
0.7812012598425196
0
LINE
8
BLACK
6
CONTINUOUS
10
1.0078861023622048
20
0.7812012598425196
11
1.0078293700787402
21
0.7817773228346456
0
LINE
8
BLACK
6
CONTINUOUS
10
1.0078293700787402
20
0.7817773228346456
11
1.0078293700787402
21
0.8117735433070866
0
LINE
8
BLACK
6
CONTINUOUS
10
1.0078293700787402
20
0.8117735433070866
11
1.0078861023622048
21
0.8123496062992126
0
LINE
8
BLACK
6
CONTINUOUS
10
1.0078861023622048
20
0.8123496062992126
11
1.0083270078740156
21
0.8134140157480315
0
LINE
8
BLACK
6
CONTINUOUS
10
1.0083270078740156
20
0.8134140157480315
11
1.0091416535433071
21
0.8142286614173229
0
LINE
8
BLACK
6
CONTINUOUS
10
1.0091416535433071
20
0.8142286614173229
11
1.0102060629921259
21
0.8146695669291338
0
LINE
8
BLACK
6
CONTINUOUS
10
1.0102060629921259
20
0.8146695669291338
11
1.0113581889763779
21
0.8146695669291338
0
LINE
8
BLACK
6
CONTINUOUS
10
1.0113581889763779
20
0.8146695669291338
11
1.0124225984251969
21
0.8142286614173229
0
LINE
8
BLACK
6
CONTINUOUS
10
0.6629025590551181
20
0.8271158267716535
11
0.6637172047244094
21
0.8263011811023622
0
LINE
8
BLACK
6
CONTINUOUS
10
0.6637172047244094
20
0.8263011811023622
11
0.6641581102362205
21
0.8252367716535433
0
LINE
8
BLACK
6
CONTINUOUS
10
0.6641581102362205
20
0.8252367716535433
11
0.664214842519685
21
0.8246607086614173
0
LINE
8
BLACK
6
CONTINUOUS
10
0.664214842519685
20
0.8246607086614173
11
0.664214842519685
21
0.7946644488188976
0
LINE
8
BLACK
6
CONTINUOUS
10
0.664214842519685
20
0.7946644488188976
11
0.6641581102362205
21
0.7940883858267717
0
LINE
8
BLACK
6
CONTINUOUS
10
0.6641581102362205
20
0.7940883858267717
11
0.6637172047244094
21
0.7930239763779527
0
LINE
8
BLACK
6
CONTINUOUS
10
0.6637172047244094
20
0.7930239763779527
11
0.6629025590551181
21
0.7922093307086614
0
LINE
8
BLACK
6
CONTINUOUS
10
0.6629025590551181
20
0.7922093307086614
11
0.6618381496062992
21
0.7917684251968504
0
LINE
8
BLACK
6
CONTINUOUS
10
0.6618381496062992
20
0.7917684251968504
11
0.6606860236220472
21
0.7917684251968504
0
LINE
8
BLACK
6
CONTINUOUS
10
0.6606860236220472
20
0.7917684251968504
11
0.6596216141732283
21
0.7922093307086614
0
LINE
8
BLACK
6
CONTINUOUS
10
0.6596216141732283
20
0.7922093307086614
11
0.6588069685039369
21
0.7930239763779527
0
LINE
8
BLACK
6
CONTINUOUS
10
0.6588069685039369
20
0.7930239763779527
11
0.658366062992126
21
0.7940883858267717
0
LINE
8
BLACK
6
CONTINUOUS
10
0.658366062992126
20
0.7940883858267717
11
0.6583093307086614
21
0.7946644488188976
0
LINE
8
BLACK
6
CONTINUOUS
10
0.6583093307086614
20
0.7946644488188976
11
0.6583093307086614
21
0.8246607086614173
0
LINE
8
BLACK
6
CONTINUOUS
10
0.6583093307086614
20
0.8246607086614173
11
0.658366062992126
21
0.8252367716535433
0
LINE
8
BLACK
6
CONTINUOUS
10
0.658366062992126
20
0.8252367716535433
11
0.6588069685039369
21
0.8263011811023622
0
LINE
8
BLACK
6
CONTINUOUS
10
0.6588069685039369
20
0.8263011811023622
11
0.6596216141732283
21
0.8271158267716535
0
LINE
8
BLACK
6
CONTINUOUS
10
0.6596216141732283
20
0.8271158267716535
11
0.6606860236220472
21
0.8275567322834646
0
LINE
8
BLACK
6
CONTINUOUS
10
0.6606860236220472
20
0.8275567322834646
11
0.6618381496062992
21
0.8275567322834646
0
LINE
8
BLACK
6
CONTINUOUS
10
0.6618381496062992
20
0.8275567322834646
11
0.6629025590551181
21
0.8271158267716535
0
LINE
8
BLACK
6
CONTINUOUS
10
0.9880506692913386
20
0.8498492125984252
11
0.9888653149606299
21
0.8490345669291338
0
LINE
8
BLACK
6
CONTINUOUS
10
0.9888653149606299
20
0.8490345669291338
11
0.9893062204724409
21
0.8479701574803149
0
LINE
8
BLACK
6
CONTINUOUS
10
0.9893062204724409
20
0.8479701574803149
11
0.9893629527559055
21
0.8473940944881889
0
LINE
8
BLACK
6
CONTINUOUS
10
0.9893629527559055
20
0.8473940944881889
11
0.9893629527559055
21
0.8390982677165354
0
LINE
8
BLACK
6
CONTINUOUS
10
0.9893629527559055
20
0.8390982677165354
11
1.0257802755905512
21
0.8390982677165354
0
LINE
8
BLACK
6
CONTINUOUS
10
1.0257802755905512
20
0.8390982677165354
11
1.0263563385826771
21
0.8390415354330708
0
LINE
8
BLACK
6
CONTINUOUS
10
1.0263563385826771
20
0.8390415354330708
11
1.0274207480314961
21
0.8386006299212598
0
LINE
8
BLACK
6
CONTINUOUS
10
1.0274207480314961
20
0.8386006299212598
11
1.0282353937007873
21
0.8377859842519685
0
LINE
8
BLACK
6
CONTINUOUS
10
1.0282353937007873
20
0.8377859842519685
11
1.0286762992125984
21
0.8367215748031496
0
LINE
8
BLACK
6
CONTINUOUS
10
1.0286762992125984
20
0.8367215748031496
11
1.0286762992125984
21
0.8355694488188976
0
LINE
8
BLACK
6
CONTINUOUS
10
1.0286762992125984
20
0.8355694488188976
11
1.0282353937007873
21
0.8345050393700787
0
LINE
8
BLACK
6
CONTINUOUS
10
1.0282353937007873
20
0.8345050393700787
11
1.0274207480314961
21
0.8336903937007873
0
LINE
8
BLACK
6
CONTINUOUS
10
1.0274207480314961
20
0.8336903937007873
11
1.0263563385826771
21
0.8332494881889764
0
LINE
8
BLACK
6
CONTINUOUS
10
1.0263563385826771
20
0.8332494881889764
11
1.0257802755905512
21
0.8331927559055118
0
LINE
8
BLACK
6
CONTINUOUS
10
1.0257802755905512
20
0.8331927559055118
11
0.9893629527559055
21
0.8331927559055118
0
LINE
8
BLACK
6
CONTINUOUS
10
0.9893629527559055
20
0.8331927559055118
11
0.9893629527559055
21
0.8248969291338583
0
LINE
8
BLACK
6
CONTINUOUS
10
0.9893629527559055
20
0.8248969291338583
11
0.9893062204724409
21
0.8243208661417323
0
LINE
8
BLACK
6
CONTINUOUS
10
0.9893062204724409
20
0.8243208661417323
11
0.9888653149606299
21
0.8232564566929134
0
LINE
8
BLACK
6
CONTINUOUS
10
0.9888653149606299
20
0.8232564566929134
11
0.9880506692913386
21
0.822441811023622
0
LINE
8
BLACK
6
CONTINUOUS
10
0.9880506692913386
20
0.822441811023622
11
0.9869862598425196
21
0.822000905511811
0
LINE
8
BLACK
6
CONTINUOUS
10
0.9869862598425196
20
0.822000905511811
11
0.9858341338582677
21
0.822000905511811
0
LINE
8
BLACK
6
CONTINUOUS
10
0.9858341338582677
20
0.822000905511811
11
0.9847697244094488
21
0.822441811023622
0
LINE
8
BLACK
6
CONTINUOUS
10
0.9847697244094488
20
0.822441811023622
11
0.9839550787401574
21
0.8232564566929134
0
LINE
8
BLACK
6
CONTINUOUS
10
0.9839550787401574
20
0.8232564566929134
11
0.9835141732283464
21
0.8243208661417323
0
LINE
8
BLACK
6
CONTINUOUS
10
0.9835141732283464
20
0.8243208661417323
11
0.9834574409448819
21
0.8248969291338583
0
LINE
8
BLACK
6
CONTINUOUS
10
0.9834574409448819
20
0.8248969291338583
11
0.9834574409448819
21
0.8473940944881889
0
LINE
8
BLACK
6
CONTINUOUS
10
0.9834574409448819
20
0.8473940944881889
11
0.9835141732283464
21
0.8479701574803149
0
LINE
8
BLACK
6
CONTINUOUS
10
0.9835141732283464
20
0.8479701574803149
11
0.9839550787401574
21
0.8490345669291338
0
LINE
8
BLACK
6
CONTINUOUS
10
0.9839550787401574
20
0.8490345669291338
11
0.9847697244094488
21
0.8498492125984252
0
LINE
8
BLACK
6
CONTINUOUS
10
0.9847697244094488
20
0.8498492125984252
11
0.9858341338582677
21
0.8502901181102362
0
LINE
8
BLACK
6
CONTINUOUS
10
0.9858341338582677
20
0.8502901181102362
11
0.9869862598425196
21
0.8502901181102362
0
LINE
8
BLACK
6
CONTINUOUS
10
0.9869862598425196
20
0.8502901181102362
11
0.9880506692913386
21
0.8498492125984252
0
LINE
8
BLACK
6
CONTINUOUS
10
0.6444896850393701
20
0.8613493700787401
11
0.6445327165354331
21
0.8613557480314961
0
LINE
8
BLACK
6
CONTINUOUS
10
0.6445327165354331
20
0.8613557480314961
11
0.644748188976378
21
0.8613238976377953
0
LINE
8
BLACK
6
CONTINUOUS
10
0.644748188976378
20
0.8613238976377953
11
0.6449652362204724
21
0.8613025196850393
0
LINE
8
BLACK
6
CONTINUOUS
10
0.6449652362204724
20
0.8613025196850393
11
0.6450054330708661
21
0.8612859055118111
0
LINE
8
BLACK
6
CONTINUOUS
10
0.6450054330708661
20
0.8612859055118111
11
0.6451053149606299
21
0.8612711023622047
0
LINE
8
BLACK
6
CONTINUOUS
10
0.6451053149606299
20
0.8612711023622047
11
0.6526043700787402
21
0.8593963385826772
0
LINE
8
BLACK
6
CONTINUOUS
10
0.6526043700787402
20
0.8593963385826772
11
0.6531494881889763
21
0.8592015748031496
0
LINE
8
BLACK
6
CONTINUOUS
10
0.6531494881889763
20
0.8592015748031496
11
0.6533258267716535
21
0.859070905511811
0
LINE
8
BLACK
6
CONTINUOUS
10
0.6533258267716535
20
0.859070905511811
11
0.6535286614173228
21
0.8589868897637795
0
LINE
8
BLACK
6
CONTINUOUS
10
0.6535286614173228
20
0.8589868897637795
11
0.6539761417322835
21
0.8586196456692913
0
LINE
8
BLACK
6
CONTINUOUS
10
0.6539761417322835
20
0.8586196456692913
11
0.6577257086614173
21
0.8548701181102362
0
LINE
8
BLACK
6
CONTINUOUS
10
0.6577257086614173
20
0.8548701181102362
11
0.6579115354330709
21
0.8546437401574803
0
LINE
8
BLACK
6
CONTINUOUS
10
0.6579115354330709
20
0.8546437401574803
11
0.6579704724409449
21
0.8545925984251969
0
LINE
8
BLACK
6
CONTINUOUS
10
0.6579704724409449
20
0.8545925984251969
11
0.6580263385826771
21
0.8545038582677165
0
LINE
8
BLACK
6
CONTINUOUS
10
0.6580263385826771
20
0.8545038582677165
11
0.6580929527559055
21
0.8544226771653544
0
LINE
8
BLACK
6
CONTINUOUS
10
0.6580929527559055
20
0.8544226771653544
11
0.6581227952755906
21
0.8543505511811024
0
LINE
8
BLACK
6
CONTINUOUS
10
0.6581227952755906
20
0.8543505511811024
11
0.6582788188976377
21
0.854102716535433
0
LINE
8
BLACK
6
CONTINUOUS
10
0.6582788188976377
20
0.854102716535433
11
0.6601535826771653
21
0.8503531889763779
0
LINE
8
BLACK
6
CONTINUOUS
10
0.6601535826771653
20
0.8503531889763779
11
0.6603604724409449
21
0.8498125984251969
0
LINE
8
BLACK
6
CONTINUOUS
10
0.6603604724409449
20
0.8498125984251969
11
0.6603679921259842
21
0.8497067322834645
0
LINE
8
BLACK
6
CONTINUOUS
10
0.6603679921259842
20
0.8497067322834645
11
0.6604085826771653
21
0.8496087401574803
0
LINE
8
BLACK
6
CONTINUOUS
10
0.6604085826771653
20
0.8496087401574803
11
0.6604653149606299
21
0.8490326771653544
0
LINE
8
BLACK
6
CONTINUOUS
10
0.6604653149606299
20
0.8490326771653544
11
0.6604653149606299
21
0.841533622047244
0
LINE
8
BLACK
6
CONTINUOUS
10
0.6604653149606299
20
0.841533622047244
11
0.6604085826771653
21
0.840957559055118
0
LINE
8
BLACK
6
CONTINUOUS
10
0.6604085826771653
20
0.840957559055118
11
0.6603679921259842
21
0.8408596062992125
0
LINE
8
BLACK
6
CONTINUOUS
10
0.6603679921259842
20
0.8408596062992125
11
0.6603604724409449
21
0.8407537007874015
0
LINE
8
BLACK
6
CONTINUOUS
10
0.6603604724409449
20
0.8407537007874015
11
0.6601535826771653
21
0.8402131102362205
0
LINE
8
BLACK
6
CONTINUOUS
10
0.6601535826771653
20
0.8402131102362205
11
0.6582788188976377
21
0.8364635826771654
0
LINE
8
BLACK
6
CONTINUOUS
10
0.6582788188976377
20
0.8364635826771654
11
0.6581227952755906
21
0.8362157874015748
0
LINE
8
BLACK
6
CONTINUOUS
10
0.6581227952755906
20
0.8362157874015748
11
0.6580929527559055
21
0.8361436220472441
0
LINE
8
BLACK
6
CONTINUOUS
10
0.6580929527559055
20
0.8361436220472441
11
0.6580263385826771
21
0.8360624803149607
0
LINE
8
BLACK
6
CONTINUOUS
10
0.6580263385826771
20
0.8360624803149607
11
0.6579704724409449
21
0.8359737007874015
0
LINE
8
BLACK
6
CONTINUOUS
10
0.6579704724409449
20
0.8359737007874015
11
0.6579115354330709
21
0.8359225984251968
0
LINE
8
BLACK
6
CONTINUOUS
10
0.6579115354330709
20
0.8359225984251968
11
0.6577257086614173
21
0.8356961811023622
0
LINE
8
BLACK
6
CONTINUOUS
10
0.6577257086614173
20
0.8356961811023622
11
0.6539761417322835
21
0.8319466535433071
0
LINE
8
BLACK
6
CONTINUOUS
10
0.6539761417322835
20
0.8319466535433071
11
0.6535286614173228
21
0.8315794094488189
0
LINE
8
BLACK
6
CONTINUOUS
10
0.6535286614173228
20
0.8315794094488189
11
0.6533258267716535
21
0.8314954330708662
0
LINE
8
BLACK
6
CONTINUOUS
10
0.6533258267716535
20
0.8314954330708662
11
0.6531494881889763
21
0.8313647244094488
0
LINE
8
BLACK
6
CONTINUOUS
10
0.6531494881889763
20
0.8313647244094488
11
0.6526043700787402
21
0.8311699606299212
0
LINE
8
BLACK
6
CONTINUOUS
10
0.6526043700787402
20
0.8311699606299212
11
0.6451053149606299
21
0.8292951968503937
0
LINE
8
BLACK
6
CONTINUOUS
10
0.6451053149606299
20
0.8292951968503937
11
0.6450054330708661
21
0.8292804330708661
0
LINE
8
BLACK
6
CONTINUOUS
10
0.6450054330708661
20
0.8292804330708661
11
0.6449652362204724
21
0.829263779527559
0
LINE
8
BLACK
6
CONTINUOUS
10
0.6449652362204724
20
0.829263779527559
11
0.644748188976378
21
0.8292424409448819
0
LINE
8
BLACK
6
CONTINUOUS
10
0.644748188976378
20
0.8292424409448819
11
0.6445327165354331
21
0.8292105511811023
0
LINE
8
BLACK
6
CONTINUOUS
10
0.6445327165354331
20
0.8292105511811023
11
0.6444896850393701
21
0.829216968503937
0
LINE
8
BLACK
6
CONTINUOUS
10
0.6444896850393701
20
0.829216968503937
11
0.6443891732283464
21
0.8292070472440944
0
LINE
8
BLACK
6
CONTINUOUS
10
0.6443891732283464
20
0.8292070472440944
11
0.6312658267716535
21
0.8292070472440944
0
LINE
8
BLACK
6
CONTINUOUS
10
0.6312658267716535
20
0.8292070472440944
11
0.6311652755905511
21
0.829216968503937
0
LINE
8
BLACK
6
CONTINUOUS
10
0.6311652755905511
20
0.829216968503937
11
0.6311222834645669
21
0.8292105511811023
0
LINE
8
BLACK
6
CONTINUOUS
10
0.6311222834645669
20
0.8292105511811023
11
0.6309067716535433
21
0.8292424409448819
0
LINE
8
BLACK
6
CONTINUOUS
10
0.6309067716535433
20
0.8292424409448819
11
0.6306897637795276
21
0.829263779527559
0
LINE
8
BLACK
6
CONTINUOUS
10
0.6306897637795276
20
0.829263779527559
11
0.6306495275590551
21
0.8292804330708661
0
LINE
8
BLACK
6
CONTINUOUS
10
0.6306495275590551
20
0.8292804330708661
11
0.63054968503937
21
0.8292951968503937
0
LINE
8
BLACK
6
CONTINUOUS
10
0.63054968503937
20
0.8292951968503937
11
0.6230506299212598
21
0.8311699606299212
0
LINE
8
BLACK
6
CONTINUOUS
10
0.6230506299212598
20
0.8311699606299212
11
0.6225055118110236
21
0.8313647244094488
0
LINE
8
BLACK
6
CONTINUOUS
10
0.6225055118110236
20
0.8313647244094488
11
0.6223291732283465
21
0.8314953937007874
0
LINE
8
BLACK
6
CONTINUOUS
10
0.6223291732283465
20
0.8314953937007874
11
0.6221262992125984
21
0.8315794094488189
0
LINE
8
BLACK
6
CONTINUOUS
10
0.6221262992125984
20
0.8315794094488189
11
0.6216788582677165
21
0.8319466535433071
0
LINE
8
BLACK
6
CONTINUOUS
10
0.6216788582677165
20
0.8319466535433071
11
0.6179293307086614
21
0.8356961811023622
0
LINE
8
BLACK
6
CONTINUOUS
10
0.6179293307086614
20
0.8356961811023622
11
0.6177435433070866
21
0.8359225590551181
0
LINE
8
BLACK
6
CONTINUOUS
10
0.6177435433070866
20
0.8359225590551181
11
0.6176845669291339
21
0.8359737007874015
0
LINE
8
BLACK
6
CONTINUOUS
10
0.6176845669291339
20
0.8359737007874015
11
0.6176285826771654
21
0.8360626771653543
0
LINE
8
BLACK
6
CONTINUOUS
10
0.6176285826771654
20
0.8360626771653543
11
0.617562125984252
21
0.8361436220472441
0
LINE
8
BLACK
6
CONTINUOUS
10
0.617562125984252
20
0.8361436220472441
11
0.6175322834645669
21
0.8362155905511811
0
LINE
8
BLACK
6
CONTINUOUS
10
0.6175322834645669
20
0.8362155905511811
11
0.6173762204724409
21
0.8364635826771654
0
LINE
8
BLACK
6
CONTINUOUS
10
0.6173762204724409
20
0.8364635826771654
11
0.6155014566929133
21
0.8402131102362205
0
LINE
8
BLACK
6
CONTINUOUS
10
0.6155014566929133
20
0.8402131102362205
11
0.6152945669291339
21
0.8407537401574803
0
LINE
8
BLACK
6
CONTINUOUS
10
0.6152945669291339
20
0.8407537401574803
11
0.6152870472440944
21
0.8408595669291339
0
LINE
8
BLACK
6
CONTINUOUS
10
0.6152870472440944
20
0.8408595669291339
11
0.6152464566929133
21
0.840957559055118
0
LINE
8
BLACK
6
CONTINUOUS
10
0.6152464566929133
20
0.840957559055118
11
0.6151897244094489
21
0.841533622047244
0
LINE
8
BLACK
6
CONTINUOUS
10
0.6151897244094489
20
0.841533622047244
11
0.6151897244094489
21
0.8490326771653544
0
LINE
8
BLACK
6
CONTINUOUS
10
0.6151897244094489
20
0.8490326771653544
11
0.6152464566929133
21
0.8496087401574803
0
LINE
8
BLACK
6
CONTINUOUS
10
0.6152464566929133
20
0.8496087401574803
11
0.6152870472440944
21
0.8497067716535432
0
LINE
8
BLACK
6
CONTINUOUS
10
0.6152870472440944
20
0.8497067716535432
11
0.6152945669291339
21
0.8498125590551181
0
LINE
8
BLACK
6
CONTINUOUS
10
0.6152945669291339
20
0.8498125590551181
11
0.6155014566929133
21
0.8503531889763779
0
LINE
8
BLACK
6
CONTINUOUS
10
0.6155014566929133
20
0.8503531889763779
11
0.6173762204724409
21
0.854102716535433
0
LINE
8
BLACK
6
CONTINUOUS
10
0.6173762204724409
20
0.854102716535433
11
0.6175322834645669
21
0.854350748031496
0
LINE
8
BLACK
6
CONTINUOUS
10
0.6175322834645669
20
0.854350748031496
11
0.617562125984252
21
0.8544226771653544
0
LINE
8
BLACK
6
CONTINUOUS
10
0.617562125984252
20
0.8544226771653544
11
0.6176285826771654
21
0.8545036614173228
0
LINE
8
BLACK
6
CONTINUOUS
10
0.6176285826771654
20
0.8545036614173228
11
0.6176845669291339
21
0.8545925984251969
0
LINE
8
BLACK
6
CONTINUOUS
10
0.6176845669291339
20
0.8545925984251969
11
0.6177435433070866
21
0.854643779527559
0
LINE
8
BLACK
6
CONTINUOUS
10
0.6177435433070866
20
0.854643779527559
11
0.6179293307086614
21
0.8548701181102362
0
LINE
8
BLACK
6
CONTINUOUS
10
0.6179293307086614
20
0.8548701181102362
11
0.6216788582677165
21
0.8586196456692913
0
LINE
8
BLACK
6
CONTINUOUS
10
0.6216788582677165
20
0.8586196456692913
11
0.6221262992125984
21
0.8589868897637795
0
LINE
8
BLACK
6
CONTINUOUS
10
0.6221262992125984
20
0.8589868897637795
11
0.6223291732283465
21
0.8590709448818897
0
LINE
8
BLACK
6
CONTINUOUS
10
0.6223291732283465
20
0.8590709448818897
11
0.6225055118110236
21
0.8592015748031496
0
LINE
8
BLACK
6
CONTINUOUS
10
0.6225055118110236
20
0.8592015748031496
11
0.6230506299212598
21
0.8593963385826772
0
LINE
8
BLACK
6
CONTINUOUS
10
0.6230506299212598
20
0.8593963385826772
11
0.63054968503937
21
0.8612711023622047
0
LINE
8
BLACK
6
CONTINUOUS
10
0.63054968503937
20
0.8612711023622047
11
0.6306495275590551
21
0.8612859055118111
0
LINE
8
BLACK
6
CONTINUOUS
10
0.6306495275590551
20
0.8612859055118111
11
0.6306897637795276
21
0.8613025196850393
0
LINE
8
BLACK
6
CONTINUOUS
10
0.6306897637795276
20
0.8613025196850393
11
0.6309067716535433
21
0.8613238976377953
0
LINE
8
BLACK
6
CONTINUOUS
10
0.6309067716535433
20
0.8613238976377953
11
0.6311222834645669
21
0.8613557480314961
0
LINE
8
BLACK
6
CONTINUOUS
10
0.6311222834645669
20
0.8613557480314961
11
0.6311652755905511
21
0.8613493700787401
0
LINE
8
BLACK
6
CONTINUOUS
10
0.6311652755905511
20
0.8613493700787401
11
0.6312658267716535
21
0.8613592519685039
0
LINE
8
BLACK
6
CONTINUOUS
10
0.6312658267716535
20
0.8613592519685039
11
0.6443891732283464
21
0.8613592519685039
0
LINE
8
BLACK
6
CONTINUOUS
10
0.6443891732283464
20
0.8613592519685039
11
0.6444896850393701
21
0.8613493700787401
0
LINE
8
BLACK
6
CONTINUOUS
10
0.6252763385826772
20
0.8538655118110235
11
0.6224439763779528
21
0.8510331102362204
0
LINE
8
BLACK
6
CONTINUOUS
10
0.6224439763779528
20
0.8510331102362204
11
0.6210952362204725
21
0.8483356299212598
0
LINE
8
BLACK
6
CONTINUOUS
10
0.6210952362204725
20
0.8483356299212598
11
0.6210952362204725
21
0.8422306692913386
0
LINE
8
BLACK
6
CONTINUOUS
10
0.6210952362204725
20
0.8422306692913386
11
0.6224439763779528
21
0.839533188976378
0
LINE
8
BLACK
6
CONTINUOUS
10
0.6224439763779528
20
0.839533188976378
11
0.6252763385826772
21
0.8367008267716535
0
LINE
8
BLACK
6
CONTINUOUS
10
0.6252763385826772
20
0.8367008267716535
11
0.6316293700787401
21
0.8351125590551181
0
LINE
8
BLACK
6
CONTINUOUS
10
0.6316293700787401
20
0.8351125590551181
11
0.6440256299212598
21
0.8351125590551181
0
LINE
8
BLACK
6
CONTINUOUS
10
0.6440256299212598
20
0.8351125590551181
11
0.6503786220472441
21
0.8367008267716535
0
LINE
8
BLACK
6
CONTINUOUS
10
0.6503786220472441
20
0.8367008267716535
11
0.6532110629921259
21
0.8395332283464567
0
LINE
8
BLACK
6
CONTINUOUS
10
0.6532110629921259
20
0.8395332283464567
11
0.6545598031496063
21
0.8422306692913386
0
LINE
8
BLACK
6
CONTINUOUS
10
0.6545598031496063
20
0.8422306692913386
11
0.6545598031496063
21
0.8483356299212598
0
LINE
8
BLACK
6
CONTINUOUS
10
0.6545598031496063
20
0.8483356299212598
11
0.6532110629921259
21
0.8510331102362204
0
LINE
8
BLACK
6
CONTINUOUS
10
0.6532110629921259
20
0.8510331102362204
11
0.6503786220472441
21
0.8538655118110235
0
LINE
8
BLACK
6
CONTINUOUS
10
0.6503786220472441
20
0.8538655118110235
11
0.6440256299212598
21
0.8554537401574803
0
LINE
8
BLACK
6
CONTINUOUS
10
0.6440256299212598
20
0.8554537401574803
11
0.6316293700787401
21
0.8554537401574803
0
LINE
8
BLACK
6
CONTINUOUS
10
0.6316293700787401
20
0.8554537401574803
11
0.6252763385826772
21
0.8538655118110235
0
LINE
8
BLACK
6
CONTINUOUS
10
1.0188572440944881
20
0.8859106692913385
11
1.0189552362204723
21
0.8858700787401574
0
LINE
8
BLACK
6
CONTINUOUS
10
1.0189552362204723
20
0.8858700787401574
11
1.019061062992126
21
0.8858625590551181
0
LINE
8
BLACK
6
CONTINUOUS
10
1.019061062992126
20
0.8858625590551181
11
1.0196016929133858
21
0.8856556692913385
0
LINE
8
BLACK
6
CONTINUOUS
10
1.0196016929133858
20
0.8856556692913385
11
1.0233512204724409
21
0.883780905511811
0
LINE
8
BLACK
6
CONTINUOUS
10
1.0233512204724409
20
0.883780905511811
11
1.023599094488189
21
0.8836248818897637
0
LINE
8
BLACK
6
CONTINUOUS
10
1.023599094488189
20
0.8836248818897637
11
1.0236711417322835
21
0.8835950393700788
0
LINE
8
BLACK
6
CONTINUOUS
10
1.0236711417322835
20
0.8835950393700788
11
1.0237521653543307
21
0.8835285433070866
0
LINE
8
BLACK
6
CONTINUOUS
10
1.0237521653543307
20
0.8835285433070866
11
1.0238411023622047
21
0.8834725590551181
0
LINE
8
BLACK
6
CONTINUOUS
10
1.0238411023622047
20
0.8834725590551181
11
1.0238922440944882
21
0.8834135826771653
0
LINE
8
BLACK
6
CONTINUOUS
10
1.0238922440944882
20
0.8834135826771653
11
1.0241185826771653
21
0.8832278346456692
0
LINE
8
BLACK
6
CONTINUOUS
10
1.0241185826771653
20
0.8832278346456692
11
1.0259933858267716
21
0.8813530708661417
0
LINE
8
BLACK
6
CONTINUOUS
10
1.0259933858267716
20
0.8813530708661417
11
1.0261791338582678
21
0.8811267322834645
0
LINE
8
BLACK
6
CONTINUOUS
10
1.0261791338582678
20
0.8811267322834645
11
1.0262381889763779
21
0.8810755118110236
0
LINE
8
BLACK
6
CONTINUOUS
10
1.0262381889763779
20
0.8810755118110236
11
1.0262941732283464
21
0.8809865748031496
0
LINE
8
BLACK
6
CONTINUOUS
10
1.0262941732283464
20
0.8809865748031496
11
1.0263606299212598
21
0.8809055905511811
0
LINE
8
BLACK
6
CONTINUOUS
10
1.0263606299212598
20
0.8809055905511811
11
1.0263904330708662
21
0.8808336614173228
0
LINE
8
BLACK
6
CONTINUOUS
10
1.0263904330708662
20
0.8808336614173228
11
1.026546535433071
21
0.8805856299212598
0
LINE
8
BLACK
6
CONTINUOUS
10
1.026546535433071
20
0.8805856299212598
11
1.0284212992125985
21
0.8768361023622047
0
LINE
8
BLACK
6
CONTINUOUS
10
1.0284212992125985
20
0.8768361023622047
11
1.028628188976378
21
0.8762955118110236
0
LINE
8
BLACK
6
CONTINUOUS
10
1.028628188976378
20
0.8762955118110236
11
1.0286357086614173
21
0.8761896456692914
0
LINE
8
BLACK
6
CONTINUOUS
10
1.0286357086614173
20
0.8761896456692914
11
1.0286762992125984
21
0.8760916535433071
0
LINE
8
BLACK
6
CONTINUOUS
10
1.0286762992125984
20
0.8760916535433071
11
1.028733031496063
21
0.8755155905511811
0
LINE
8
BLACK
6
CONTINUOUS
10
1.028733031496063
20
0.8755155905511811
11
1.028733031496063
21
0.8605174803149606
0
LINE
8
BLACK
6
CONTINUOUS
10
1.028733031496063
20
0.8605174803149606
11
1.0286762992125984
21
0.8599414173228346
0
LINE
8
BLACK
6
CONTINUOUS
10
1.0286762992125984
20
0.8599414173228346
11
1.0282353937007873
21
0.8588770078740158
0
LINE
8
BLACK
6
CONTINUOUS
10
1.0282353937007873
20
0.8588770078740158
11
1.0274207480314961
21
0.8580623622047244
0
LINE
8
BLACK
6
CONTINUOUS
10
1.0274207480314961
20
0.8580623622047244
11
1.0263563385826771
21
0.8576214566929133
0
LINE
8
BLACK
6
CONTINUOUS
10
1.0263563385826771
20
0.8576214566929133
11
1.0257802755905512
21
0.8575647244094488
0
LINE
8
BLACK
6
CONTINUOUS
10
1.0257802755905512
20
0.8575647244094488
11
0.9864101968503937
21
0.8575647244094488
0
LINE
8
BLACK
6
CONTINUOUS
10
0.9864101968503937
20
0.8575647244094488
11
0.9858341338582677
21
0.8576214566929133
0
LINE
8
BLACK
6
CONTINUOUS
10
0.9858341338582677
20
0.8576214566929133
11
0.9847697244094488
21
0.8580623622047244
0
LINE
8
BLACK
6
CONTINUOUS
10
0.9847697244094488
20
0.8580623622047244
11
0.9839550787401574
21
0.8588770078740158
0
LINE
8
BLACK
6
CONTINUOUS
10
0.9839550787401574
20
0.8588770078740158
11
0.9835141732283464
21
0.8599414173228346
0
LINE
8
BLACK
6
CONTINUOUS
10
0.9835141732283464
20
0.8599414173228346
11
0.9834574409448819
21
0.8605174803149606
0
LINE
8
BLACK
6
CONTINUOUS
10
0.9834574409448819
20
0.8605174803149606
11
0.9834574409448819
21
0.8736408267716536
0
LINE
8
BLACK
6
CONTINUOUS
10
0.9834574409448819
20
0.8736408267716536
11
0.9835141732283464
21
0.8742168897637795
0
LINE
8
BLACK
6
CONTINUOUS
10
0.9835141732283464
20
0.8742168897637795
11
0.9835547637795276
21
0.8743149212598424
0
LINE
8
BLACK
6
CONTINUOUS
10
0.9835547637795276
20
0.8743149212598424
11
0.9835622834645669
21
0.8744207086614173
0
LINE
8
BLACK
6
CONTINUOUS
10
0.9835622834645669
20
0.8744207086614173
11
0.9837691732283464
21
0.8749613385826771
0
LINE
8
BLACK
6
CONTINUOUS
10
0.9837691732283464
20
0.8749613385826771
11
0.985643937007874
21
0.8787108661417322
0
LINE
8
BLACK
6
CONTINUOUS
10
0.985643937007874
20
0.8787108661417322
11
0.9858
21
0.8789588976377952
0
LINE
8
BLACK
6
CONTINUOUS
10
0.9858
20
0.8789588976377952
11
0.985829842519685
21
0.8790308267716536
0
LINE
8
BLACK
6
CONTINUOUS
10
0.985829842519685
20
0.8790308267716536
11
0.9858962992125984
21
0.879111811023622
0
LINE
8
BLACK
6
CONTINUOUS
10
0.9858962992125984
20
0.879111811023622
11
0.9859522834645669
21
0.8792007480314961
0
LINE
8
BLACK
6
CONTINUOUS
10
0.9859522834645669
20
0.8792007480314961
11
0.9860112598425197
21
0.8792519291338583
0
LINE
8
BLACK
6
CONTINUOUS
10
0.9860112598425197
20
0.8792519291338583
11
0.9861970472440945
21
0.8794782677165354
0
LINE
8
BLACK
6
CONTINUOUS
10
0.9861970472440945
20
0.8794782677165354
11
0.9880718110236221
21
0.8813530314960629
0
LINE
8
BLACK
6
CONTINUOUS
10
0.9880718110236221
20
0.8813530314960629
11
0.9882981496062991
21
0.8815388188976377
0
LINE
8
BLACK
6
CONTINUOUS
10
0.9882981496062991
20
0.8815388188976377
11
0.9883493307086614
21
0.8815977952755906
0
LINE
8
BLACK
6
CONTINUOUS
10
0.9883493307086614
20
0.8815977952755906
11
0.9884382677165354
21
0.8816537795275591
0
LINE
8
BLACK
6
CONTINUOUS
10
0.9884382677165354
20
0.8816537795275591
11
0.9885192519685039
21
0.8817202362204725
0
LINE
8
BLACK
6
CONTINUOUS
10
0.9885192519685039
20
0.8817202362204725
11
0.9885911811023622
21
0.8817500787401574
0
LINE
8
BLACK
6
CONTINUOUS
10
0.9885911811023622
20
0.8817500787401574
11
0.9888392125984252
21
0.8819061417322834
0
LINE
8
BLACK
6
CONTINUOUS
10
0.9888392125984252
20
0.8819061417322834
11
0.9925887401574803
21
0.883780905511811
0
LINE
8
BLACK
6
CONTINUOUS
10
0.9925887401574803
20
0.883780905511811
11
0.9931293307086614
21
0.8839877952755906
0
LINE
8
BLACK
6
CONTINUOUS
10
0.9931293307086614
20
0.8839877952755906
11
0.9932351968503936
21
0.8839953543307086
0
LINE
8
BLACK
6
CONTINUOUS
10
0.9932351968503936
20
0.8839953543307086
11
0.9933331889763779
21
0.884035905511811
0
LINE
8
BLACK
6
CONTINUOUS
10
0.9933331889763779
20
0.884035905511811
11
0.9939092519685039
21
0.8840926377952756
0
LINE
8
BLACK
6
CONTINUOUS
10
0.9939092519685039
20
0.8840926377952756
11
0.997658779527559
21
0.8840926377952756
0
LINE
8
BLACK
6
CONTINUOUS
10
0.997658779527559
20
0.8840926377952756
11
0.998234842519685
21
0.884035905511811
0
LINE
8
BLACK
6
CONTINUOUS
10
0.998234842519685
20
0.884035905511811
11
0.9983328346456692
21
0.8839953149606299
0
LINE
8
BLACK
6
CONTINUOUS
10
0.9983328346456692
20
0.8839953149606299
11
0.9984386614173228
21
0.8839877952755906
0
LINE
8
BLACK
6
CONTINUOUS
10
0.9984386614173228
20
0.8839877952755906
11
0.9989792913385827
21
0.883780905511811
0
LINE
8
BLACK
6
CONTINUOUS
10
0.9989792913385827
20
0.883780905511811
11
1.0027288188976378
21
0.8819061417322834
0
LINE
8
BLACK
6
CONTINUOUS
10
1.0027288188976378
20
0.8819061417322834
11
1.0029768110236221
21
0.8817500787401574
0
LINE
8
BLACK
6
CONTINUOUS
10
1.0029768110236221
20
0.8817500787401574
11
1.0030487795275591
21
0.8817202362204725
0
LINE
8
BLACK
6
CONTINUOUS
10
1.0030487795275591
20
0.8817202362204725
11
1.0031297244094488
21
0.8816537795275591
0
LINE
8
BLACK
6
CONTINUOUS
10
1.0031297244094488
20
0.8816537795275591
11
1.0032187007874016
21
0.8815977952755906
0
LINE
8
BLACK
6
CONTINUOUS
10
1.0032187007874016
20
0.8815977952755906
11
1.0032698425196851
21
0.8815388188976377
0
LINE
8
BLACK
6
CONTINUOUS
10
1.0032698425196851
20
0.8815388188976377
11
1.0034962204724409
21
0.8813530314960629
0
LINE
8
BLACK
6
CONTINUOUS
10
1.0034962204724409
20
0.8813530314960629
11
1.0043607086614172
21
0.8804885433070866
0
LINE
8
BLACK
6
CONTINUOUS
10
1.0043607086614172
20
0.8804885433070866
11
1.0044673622047244
21
0.8807274015748031
0
LINE
8
BLACK
6
CONTINUOUS
10
1.0044673622047244
20
0.8807274015748031
11
1.0045368503937007
21
0.8808075590551181
0
LINE
8
BLACK
6
CONTINUOUS
10
1.0045368503937007
20
0.8808075590551181
11
1.0045774803149605
21
0.8809055905511811
0
LINE
8
BLACK
6
CONTINUOUS
10
1.0045774803149605
20
0.8809055905511811
11
1.00494468503937
21
0.8813530314960629
0
LINE
8
BLACK
6
CONTINUOUS
10
1.00494468503937
20
0.8813530314960629
11
1.0068194488188975
21
0.8832277952755905
0
LINE
8
BLACK
6
CONTINUOUS
10
1.0068194488188975
20
0.8832277952755905
11
1.0070457874015748
21
0.8834135826771653
0
LINE
8
BLACK
6
CONTINUOUS
10
1.0070457874015748
20
0.8834135826771653
11
1.007096968503937
21
0.8834725590551181
0
LINE
8
BLACK
6
CONTINUOUS
10
1.007096968503937
20
0.8834725590551181
11
1.0071859055118111
21
0.8835285433070866
0
LINE
8
BLACK
6
CONTINUOUS
10
1.0071859055118111
20
0.8835285433070866
11
1.0072668897637795
21
0.883595
0
LINE
8
BLACK
6
CONTINUOUS
10
1.0072668897637795
20
0.883595
11
1.0073388188976378
21
0.883624842519685
0
LINE
8
BLACK
6
CONTINUOUS
10
1.0073388188976378
20
0.883624842519685
11
1.0075868503937007
21
0.883780905511811
0
LINE
8
BLACK
6
CONTINUOUS
10
1.0075868503937007
20
0.883780905511811
11
1.0113363779527558
21
0.8856556692913385
0
LINE
8
BLACK
6
CONTINUOUS
10
1.0113363779527558
20
0.8856556692913385
11
1.011876968503937
21
0.8858625590551181
0
LINE
8
BLACK
6
CONTINUOUS
10
1.011876968503937
20
0.8858625590551181
11
1.0119828346456692
21
0.8858701181102362
0
LINE
8
BLACK
6
CONTINUOUS
10
1.0119828346456692
20
0.8858701181102362
11
1.0120808267716535
21
0.8859106692913385
0
LINE
8
BLACK
6
CONTINUOUS
10
1.0120808267716535
20
0.8859106692913385
11
1.0126568897637795
21
0.8859674015748031
0
LINE
8
BLACK
6
CONTINUOUS
10
1.0126568897637795
20
0.8859674015748031
11
1.0182811811023622
21
0.8859674015748031
0
LINE
8
BLACK
6
CONTINUOUS
10
1.0182811811023622
20
0.8859674015748031
11
1.0188572440944881
21
0.8859106692913385
0
LINE
8
BLACK
6
CONTINUOUS
10
0.9919088188976378
20
0.8768383858267716
11
0.9907116929133858
21
0.8756412598425196
0
LINE
8
BLACK
6
CONTINUOUS
10
0.9907116929133858
20
0.8756412598425196
11
0.9893629527559055
21
0.8729437795275591
0
LINE
8
BLACK
6
CONTINUOUS
10
0.9893629527559055
20
0.8729437795275591
11
0.9893629527559055
21
0.8634702362204725
0
LINE
8
BLACK
6
CONTINUOUS
10
0.9893629527559055
20
0.8634702362204725
11
1.0022050787401575
21
0.8634702362204725
0
LINE
8
BLACK
6
CONTINUOUS
10
1.0022050787401575
20
0.8634702362204725
11
1.0022050787401575
21
0.8729437795275591
0
LINE
8
BLACK
6
CONTINUOUS
10
1.0022050787401575
20
0.8729437795275591
11
1.0008563385826772
21
0.8756412598425196
0
LINE
8
BLACK
6
CONTINUOUS
10
1.0008563385826772
20
0.8756412598425196
11
0.9996592125984252
21
0.8768383858267716
0
LINE
8
BLACK
6
CONTINUOUS
10
0.9996592125984252
20
0.8768383858267716
11
0.9969617322834645
21
0.878187125984252
0
LINE
8
BLACK
6
CONTINUOUS
10
0.9969617322834645
20
0.878187125984252
11
0.9946062992125984
21
0.878187125984252
0
LINE
8
BLACK
6
CONTINUOUS
10
0.9946062992125984
20
0.878187125984252
11
0.9919088188976378
21
0.8768383858267716
0
LINE
8
BLACK
6
CONTINUOUS
10
1.0106564566929133
20
0.8787131496062992
11
1.0096133858267717
21
0.8776701181102362
0
LINE
8
BLACK
6
CONTINUOUS
10
1.0096133858267717
20
0.8776701181102362
11
1.0081105905511811
21
0.8731616929133859
0
LINE
8
BLACK
6
CONTINUOUS
10
1.0081105905511811
20
0.8731616929133859
11
1.0081105905511811
21
0.8634702362204725
0
LINE
8
BLACK
6
CONTINUOUS
10
1.0081105905511811
20
0.8634702362204725
11
1.0228275196850394
21
0.8634702362204725
0
LINE
8
BLACK
6
CONTINUOUS
10
1.0228275196850394
20
0.8634702362204725
11
1.0228275196850394
21
0.8748185433070866
0
LINE
8
BLACK
6
CONTINUOUS
10
1.0228275196850394
20
0.8748185433070866
11
1.0214787795275591
21
0.8775160236220472
0
LINE
8
BLACK
6
CONTINUOUS
10
1.0214787795275591
20
0.8775160236220472
11
1.0202816141732283
21
0.8787131496062992
0
LINE
8
BLACK
6
CONTINUOUS
10
1.0202816141732283
20
0.8787131496062992
11
1.0175841338582676
21
0.8800618897637795
0
LINE
8
BLACK
6
CONTINUOUS
10
1.0175841338582676
20
0.8800618897637795
11
1.0133539370078739
21
0.8800618897637795
0
LINE
8
BLACK
6
CONTINUOUS
10
1.0133539370078739
20
0.8800618897637795
11
1.0106564566929133
21
0.8787131496062992
0
LINE
8
BLACK
6
CONTINUOUS
10
0.6505895275590551
20
0.8969230708661418
11
0.6506875196850394
21
0.8968824803149607
0
LINE
8
BLACK
6
CONTINUOUS
10
0.6506875196850394
20
0.8968824803149607
11
0.6507933464566928
21
0.8968749606299212
0
LINE
8
BLACK
6
CONTINUOUS
10
0.6507933464566928
20
0.8968749606299212
11
0.6513339763779528
21
0.8966680708661418
0
LINE
8
BLACK
6
CONTINUOUS
10
0.6513339763779528
20
0.8966680708661418
11
0.6550835039370079
21
0.8947933070866142
0
LINE
8
BLACK
6
CONTINUOUS
10
0.6550835039370079
20
0.8947933070866142
11
0.6553313779527559
21
0.8946372834645669
0
LINE
8
BLACK
6
CONTINUOUS
10
0.6553313779527559
20
0.8946372834645669
11
0.6554034251968504
21
0.8946074409448819
0
LINE
8
BLACK
6
CONTINUOUS
10
0.6554034251968504
20
0.8946074409448819
11
0.6554844488188977
21
0.8945409448818897
0
LINE
8
BLACK
6
CONTINUOUS
10
0.6554844488188977
20
0.8945409448818897
11
0.6555733858267716
21
0.8944849606299212
0
LINE
8
BLACK
6
CONTINUOUS
10
0.6555733858267716
20
0.8944849606299212
11
0.6556245275590551
21
0.8944259842519685
0
LINE
8
BLACK
6
CONTINUOUS
10
0.6556245275590551
20
0.8944259842519685
11
0.6558508661417323
21
0.8942402362204724
0
LINE
8
BLACK
6
CONTINUOUS
10
0.6558508661417323
20
0.8942402362204724
11
0.6577256692913386
21
0.8923654724409449
0
LINE
8
BLACK
6
CONTINUOUS
10
0.6577256692913386
20
0.8923654724409449
11
0.6579114173228346
21
0.8921391338582677
0
LINE
8
BLACK
6
CONTINUOUS
10
0.6579114173228346
20
0.8921391338582677
11
0.6579704724409449
21
0.8920879133858267
0
LINE
8
BLACK
6
CONTINUOUS
10
0.6579704724409449
20
0.8920879133858267
11
0.6580264566929134
21
0.8919989763779528
0
LINE
8
BLACK
6
CONTINUOUS
10
0.6580264566929134
20
0.8919989763779528
11
0.6580929133858268
21
0.8919179921259842
0
LINE
8
BLACK
6
CONTINUOUS
10
0.6580929133858268
20
0.8919179921259842
11
0.6581227165354331
21
0.891846062992126
0
LINE
8
BLACK
6
CONTINUOUS
10
0.6581227165354331
20
0.891846062992126
11
0.6582788188976377
21
0.891598031496063
0
LINE
8
BLACK
6
CONTINUOUS
10
0.6582788188976377
20
0.891598031496063
11
0.6601535826771653
21
0.8878485039370079
0
LINE
8
BLACK
6
CONTINUOUS
10
0.6601535826771653
20
0.8878485039370079
11
0.6603604724409449
21
0.8873079133858267
0
LINE
8
BLACK
6
CONTINUOUS
10
0.6603604724409449
20
0.8873079133858267
11
0.6603679921259842
21
0.8872020472440945
0
LINE
8
BLACK
6
CONTINUOUS
10
0.6603679921259842
20
0.8872020472440945
11
0.6604085826771653
21
0.8871040551181102
0
LINE
8
BLACK
6
CONTINUOUS
10
0.6604085826771653
20
0.8871040551181102
11
0.6604653149606299
21
0.8865279921259842
0
LINE
8
BLACK
6
CONTINUOUS
10
0.6604653149606299
20
0.8865279921259842
11
0.6604653149606299
21
0.879028937007874
0
LINE
8
BLACK
6
CONTINUOUS
10
0.6604653149606299
20
0.879028937007874
11
0.6604085826771653
21
0.878452874015748
0
LINE
8
BLACK
6
CONTINUOUS
10
0.6604085826771653
20
0.878452874015748
11
0.6603679921259842
21
0.8783549212598425
0
LINE
8
BLACK
6
CONTINUOUS
10
0.6603679921259842
20
0.8783549212598425
11
0.6603604724409449
21
0.8782490157480315
0
LINE
8
BLACK
6
CONTINUOUS
10
0.6603604724409449
20
0.8782490157480315
11
0.6603540157480314
21
0.8782321653543307
0
LINE
8
BLACK
6
CONTINUOUS
10
0.6603540157480314
20
0.8782321653543307
11
0.670635905511811
21
0.8782321653543307
0
LINE
8
BLACK
6
CONTINUOUS
10
0.670635905511811
20
0.8782321653543307
11
0.6712119685039369
21
0.8781754330708661
0
LINE
8
BLACK
6
CONTINUOUS
10
0.6712119685039369
20
0.8781754330708661
11
0.6722763779527559
21
0.8777345275590551
0
LINE
8
BLACK
6
CONTINUOUS
10
0.6722763779527559
20
0.8777345275590551
11
0.6730910236220472
21
0.8769198818897638
0
LINE
8
BLACK
6
CONTINUOUS
10
0.6730910236220472
20
0.8769198818897638
11
0.6735319291338583
21
0.8758554724409449
0
LINE
8
BLACK
6
CONTINUOUS
10
0.6735319291338583
20
0.8758554724409449
11
0.6735319291338583
21
0.8747033464566929
0
LINE
8
BLACK
6
CONTINUOUS
10
0.6735319291338583
20
0.8747033464566929
11
0.6730910236220472
21
0.873638937007874
0
LINE
8
BLACK
6
CONTINUOUS
10
0.6730910236220472
20
0.873638937007874
11
0.6722763779527559
21
0.8728242913385826
0
LINE
8
BLACK
6
CONTINUOUS
10
0.6722763779527559
20
0.8728242913385826
11
0.6712119685039369
21
0.8723833858267717
0
LINE
8
BLACK
6
CONTINUOUS
10
0.6712119685039369
20
0.8723833858267717
11
0.670635905511811
21
0.8723266535433071
0
LINE
8
BLACK
6
CONTINUOUS
10
0.670635905511811
20
0.8723266535433071
11
0.6312658267716535
21
0.8723266535433071
0
LINE
8
BLACK
6
CONTINUOUS
10
0.6312658267716535
20
0.8723266535433071
11
0.6306897637795276
21
0.8723833858267717
0
LINE
8
BLACK
6
CONTINUOUS
10
0.6306897637795276
20
0.8723833858267717
11
0.6296253543307087
21
0.8728242913385826
0
LINE
8
BLACK
6
CONTINUOUS
10
0.6296253543307087
20
0.8728242913385826
11
0.6288107086614173
21
0.873638937007874
0
LINE
8
BLACK
6
CONTINUOUS
10
0.6288107086614173
20
0.873638937007874
11
0.6283698031496063
21
0.8747033464566929
0
LINE
8
BLACK
6
CONTINUOUS
10
0.6283698031496063
20
0.8747033464566929
11
0.6283698031496063
21
0.8758554724409449
0
LINE
8
BLACK
6
CONTINUOUS
10
0.6283698031496063
20
0.8758554724409449
11
0.6288107086614173
21
0.8769198818897638
0
LINE
8
BLACK
6
CONTINUOUS
10
0.6288107086614173
20
0.8769198818897638
11
0.6289496062992126
21
0.8770588188976378
0
LINE
8
BLACK
6
CONTINUOUS
10
0.6289496062992126
20
0.8770588188976378
11
0.6286248031496063
21
0.8777084251968503
0
LINE
8
BLACK
6
CONTINUOUS
10
0.6286248031496063
20
0.8777084251968503
11
0.6284179133858268
21
0.8782490551181102
0
LINE
8
BLACK
6
CONTINUOUS
10
0.6284179133858268
20
0.8782490551181102
11
0.6284103937007874
21
0.8783548818897637
0
LINE
8
BLACK
6
CONTINUOUS
10
0.6284103937007874
20
0.8783548818897637
11
0.6283698031496063
21
0.878452874015748
0
LINE
8
BLACK
6
CONTINUOUS
10
0.6283698031496063
20
0.878452874015748
11
0.6283130708661417
21
0.879028937007874
0
LINE
8
BLACK
6
CONTINUOUS
10
0.6283130708661417
20
0.879028937007874
11
0.6283130708661417
21
0.8865279921259842
0
LINE
8
BLACK
6
CONTINUOUS
10
0.6283130708661417
20
0.8865279921259842
11
0.6283698031496063
21
0.8871040551181102
0
LINE
8
BLACK
6
CONTINUOUS
10
0.6283698031496063
20
0.8871040551181102
11
0.6284103937007874
21
0.8872020866141732
0
LINE
8
BLACK
6
CONTINUOUS
10
0.6284103937007874
20
0.8872020866141732
11
0.6284179133858268
21
0.8873078740157481
0
LINE
8
BLACK
6
CONTINUOUS
10
0.6284179133858268
20
0.8873078740157481
11
0.6286248031496063
21
0.8878485039370079
0
LINE
8
BLACK
6
CONTINUOUS
10
0.6286248031496063
20
0.8878485039370079
11
0.6304995669291339
21
0.891598031496063
0
LINE
8
BLACK
6
CONTINUOUS
10
0.6304995669291339
20
0.891598031496063
11
0.6306556299212598
21
0.891846062992126
0
LINE
8
BLACK
6
CONTINUOUS
10
0.6306556299212598
20
0.891846062992126
11
0.6306854724409449
21
0.8919179921259842
0
LINE
8
BLACK
6
CONTINUOUS
10
0.6306854724409449
20
0.8919179921259842
11
0.6307519291338582
21
0.8919989763779528
0
LINE
8
BLACK
6
CONTINUOUS
10
0.6307519291338582
20
0.8919989763779528
11
0.6308079133858268
21
0.8920879133858267
0
LINE
8
BLACK
6
CONTINUOUS
10
0.6308079133858268
20
0.8920879133858267
11
0.6308668897637795
21
0.892139094488189
0
LINE
8
BLACK
6
CONTINUOUS
10
0.6308668897637795
20
0.892139094488189
11
0.6310526771653543
21
0.8923654330708661
0
LINE
8
BLACK
6
CONTINUOUS
10
0.6310526771653543
20
0.8923654330708661
11
0.6329274409448818
21
0.8942401968503937
0
LINE
8
BLACK
6
CONTINUOUS
10
0.6329274409448818
20
0.8942401968503937
11
0.633153779527559
21
0.8944259842519685
0
LINE
8
BLACK
6
CONTINUOUS
10
0.633153779527559
20
0.8944259842519685
11
0.6332049606299213
21
0.8944849606299212
0
LINE
8
BLACK
6
CONTINUOUS
10
0.6332049606299213
20
0.8944849606299212
11
0.6332938976377953
21
0.8945409448818897
0
LINE
8
BLACK
6
CONTINUOUS
10
0.6332938976377953
20
0.8945409448818897
11
0.6333748818897638
21
0.8946074015748031
0
LINE
8
BLACK
6
CONTINUOUS
10
0.6333748818897638
20
0.8946074015748031
11
0.633446811023622
21
0.8946372440944882
0
LINE
8
BLACK
6
CONTINUOUS
10
0.633446811023622
20
0.8946372440944882
11
0.633694842519685
21
0.8947933070866142
0
LINE
8
BLACK
6
CONTINUOUS
10
0.633694842519685
20
0.8947933070866142
11
0.6374443700787401
21
0.8966680708661418
0
LINE
8
BLACK
6
CONTINUOUS
10
0.6374443700787401
20
0.8966680708661418
11
0.6379849606299213
21
0.8968749606299212
0
LINE
8
BLACK
6
CONTINUOUS
10
0.6379849606299213
20
0.8968749606299212
11
0.6380908267716535
21
0.8968825196850394
0
LINE
8
BLACK
6
CONTINUOUS
10
0.6380908267716535
20
0.8968825196850394
11
0.6381888188976378
21
0.8969230708661418
0
LINE
8
BLACK
6
CONTINUOUS
10
0.6381888188976378
20
0.8969230708661418
11
0.6387648818897638
21
0.8969798031496062
0
LINE
8
BLACK
6
CONTINUOUS
10
0.6387648818897638
20
0.8969798031496062
11
0.6500134645669291
21
0.8969798031496062
0
LINE
8
BLACK
6
CONTINUOUS
10
0.6500134645669291
20
0.8969798031496062
11
0.6505895275590551
21
0.8969230708661418
0
LINE
8
BLACK
6
CONTINUOUS
10
0.6367644488188976
20
0.8897255511811023
11
0.6355673228346457
21
0.8885284251968504
0
LINE
8
BLACK
6
CONTINUOUS
10
0.6355673228346457
20
0.8885284251968504
11
0.6342185826771654
21
0.8858309448818897
0
LINE
8
BLACK
6
CONTINUOUS
10
0.6342185826771654
20
0.8858309448818897
11
0.6342185826771654
21
0.8797259842519685
0
LINE
8
BLACK
6
CONTINUOUS
10
0.6342185826771654
20
0.8797259842519685
11
0.6349654724409449
21
0.8782321653543307
0
LINE
8
BLACK
6
CONTINUOUS
10
0.6349654724409449
20
0.8782321653543307
11
0.6538129133858268
21
0.8782321653543307
0
LINE
8
BLACK
6
CONTINUOUS
10
0.6538129133858268
20
0.8782321653543307
11
0.6545598031496063
21
0.8797259842519685
0
LINE
8
BLACK
6
CONTINUOUS
10
0.6545598031496063
20
0.8797259842519685
11
0.6545598031496063
21
0.8858309448818897
0
LINE
8
BLACK
6
CONTINUOUS
10
0.6545598031496063
20
0.8858309448818897
11
0.6532110629921259
21
0.8885284251968504
0
LINE
8
BLACK
6
CONTINUOUS
10
0.6532110629921259
20
0.8885284251968504
11
0.6520138976377953
21
0.8897255511811023
0
LINE
8
BLACK
6
CONTINUOUS
10
0.6520138976377953
20
0.8897255511811023
11
0.6493164173228346
21
0.8910742913385826
0
LINE
8
BLACK
6
CONTINUOUS
10
0.6493164173228346
20
0.8910742913385826
11
0.6394619291338582
21
0.8910742913385826
0
LINE
8
BLACK
6
CONTINUOUS
10
0.6394619291338582
20
0.8910742913385826
11
0.6367644488188976
21
0.8897255511811023
0
LINE
8
BLACK
6
CONTINUOUS
10
0.6412157086614173
20
0.9306688582677165
11
0.6414829527559055
21
0.930558188976378
0
LINE
8
BLACK
6
CONTINUOUS
10
0.6414829527559055
20
0.930558188976378
11
0.6417667716535433
21
0.9305020078740157
0
LINE
8
BLACK
6
CONTINUOUS
10
0.6417667716535433
20
0.9305020078740157
11
0.6420100393700787
21
0.930339842519685
0
LINE
8
BLACK
6
CONTINUOUS
10
0.6420100393700787
20
0.930339842519685
11
0.6422801181102362
21
0.9302279527559055
0
LINE
8
BLACK
6
CONTINUOUS
10
0.6422801181102362
20
0.9302279527559055
11
0.6424846456692913
21
0.9300234251968503
0
LINE
8
BLACK
6
CONTINUOUS
10
0.6424846456692913
20
0.9300234251968503
11
0.6427253543307087
21
0.9298629527559055
0
LINE
8
BLACK
6
CONTINUOUS
10
0.6427253543307087
20
0.9298629527559055
11
0.642888031496063
21
0.9296200393700788
0
LINE
8
BLACK
6
CONTINUOUS
10
0.642888031496063
20
0.9296200393700788
11
0.6430947637795276
21
0.9294133070866142
0
LINE
8
BLACK
6
CONTINUOUS
10
0.6430947637795276
20
0.9294133070866142
11
0.6432054330708661
21
0.929146062992126
0
LINE
8
BLACK
6
CONTINUOUS
10
0.6432054330708661
20
0.929146062992126
11
0.6433664566929134
21
0.9289056692913386
0
LINE
8
BLACK
6
CONTINUOUS
10
0.6433664566929134
20
0.9289056692913386
11
0.6435350787401575
21
0.9283519291338582
0
LINE
8
BLACK
6
CONTINUOUS
10
0.6435350787401575
20
0.9283519291338582
11
0.646809842519685
21
0.9119779527559055
0
LINE
8
BLACK
6
CONTINUOUS
10
0.646809842519685
20
0.9119779527559055
11
0.6511911811023622
21
0.9119779527559055
0
LINE
8
BLACK
6
CONTINUOUS
10
0.6511911811023622
20
0.9119779527559055
11
0.6534369291338582
21
0.9131008267716535
0
LINE
8
BLACK
6
CONTINUOUS
10
0.6534369291338582
20
0.9131008267716535
11
0.6545598031496063
21
0.9153465354330709
0
LINE
8
BLACK
6
CONTINUOUS
10
0.6545598031496063
20
0.9153465354330709
11
0.6545598031496063
21
0.9214514960629921
0
LINE
8
BLACK
6
CONTINUOUS
10
0.6545598031496063
20
0.9214514960629921
11
0.6529967716535433
21
0.9245775590551181
0
LINE
8
BLACK
6
CONTINUOUS
10
0.6529967716535433
20
0.9245775590551181
11
0.6527898818897637
21
0.925118188976378
0
LINE
8
BLACK
6
CONTINUOUS
10
0.6527898818897637
20
0.925118188976378
11
0.6527082283464567
21
0.9262674015748031
0
LINE
8
BLACK
6
CONTINUOUS
10
0.6527082283464567
20
0.9262674015748031
11
0.6530725590551181
21
0.9273603543307086
0
LINE
8
BLACK
6
CONTINUOUS
10
0.6530725590551181
20
0.9273603543307086
11
0.6538274015748031
21
0.9282307480314961
0
LINE
8
BLACK
6
CONTINUOUS
10
0.6538274015748031
20
0.9282307480314961
11
0.6548579133858268
21
0.9287459842519685
0
LINE
8
BLACK
6
CONTINUOUS
10
0.6548579133858268
20
0.9287459842519685
11
0.6560071259842519
21
0.9288276377952756
0
LINE
8
BLACK
6
CONTINUOUS
10
0.6560071259842519
20
0.9288276377952756
11
0.6571000787401574
21
0.9284633070866142
0
LINE
8
BLACK
6
CONTINUOUS
10
0.6571000787401574
20
0.9284633070866142
11
0.6579704724409449
21
0.9277084645669291
0
LINE
8
BLACK
6
CONTINUOUS
10
0.6579704724409449
20
0.9277084645669291
11
0.6582788188976377
21
0.9272185826771653
0
LINE
8
BLACK
6
CONTINUOUS
10
0.6582788188976377
20
0.9272185826771653
11
0.6601535826771653
21
0.9234690551181102
0
LINE
8
BLACK
6
CONTINUOUS
10
0.6601535826771653
20
0.9234690551181102
11
0.6603604724409449
21
0.9229284645669291
0
LINE
8
BLACK
6
CONTINUOUS
10
0.6603604724409449
20
0.9229284645669291
11
0.6603679921259842
21
0.9228225984251969
0
LINE
8
BLACK
6
CONTINUOUS
10
0.6603679921259842
20
0.9228225984251969
11
0.6604085826771653
21
0.9227246062992126
0
LINE
8
BLACK
6
CONTINUOUS
10
0.6604085826771653
20
0.9227246062992126
11
0.6604653149606299
21
0.9221485433070866
0
LINE
8
BLACK
6
CONTINUOUS
10
0.6604653149606299
20
0.9221485433070866
11
0.6604653149606299
21
0.9146494881889764
0
LINE
8
BLACK
6
CONTINUOUS
10
0.6604653149606299
20
0.9146494881889764
11
0.6604085826771653
21
0.9140734251968504
0
LINE
8
BLACK
6
CONTINUOUS
10
0.6604085826771653
20
0.9140734251968504
11
0.6603679921259842
21
0.9139754724409449
0
LINE
8
BLACK
6
CONTINUOUS
10
0.6603679921259842
20
0.9139754724409449
11
0.6603604724409449
21
0.9138695669291338
0
LINE
8
BLACK
6
CONTINUOUS
10
0.6603604724409449
20
0.9138695669291338
11
0.6601535826771653
21
0.9133289763779527
0
LINE
8
BLACK
6
CONTINUOUS
10
0.6601535826771653
20
0.9133289763779527
11
0.6582788188976377
21
0.9095794488188976
0
LINE
8
BLACK
6
CONTINUOUS
10
0.6582788188976377
20
0.9095794488188976
11
0.6582181496062992
21
0.9094831102362204
0
LINE
8
BLACK
6
CONTINUOUS
10
0.6582181496062992
20
0.9094831102362204
11
0.658203031496063
21
0.9094376771653543
0
LINE
8
BLACK
6
CONTINUOUS
10
0.658203031496063
20
0.9094376771653543
11
0.6581539763779527
21
0.9093811417322835
0
LINE
8
BLACK
6
CONTINUOUS
10
0.6581539763779527
20
0.9093811417322835
11
0.6579704724409449
21
0.9090895669291338
0
LINE
8
BLACK
6
CONTINUOUS
10
0.6579704724409449
20
0.9090895669291338
11
0.6576906299212598
21
0.9088469291338582
0
LINE
8
BLACK
6
CONTINUOUS
10
0.6576906299212598
20
0.9088469291338582
11
0.6574481496062992
21
0.9085672834645669
0
LINE
8
BLACK
6
CONTINUOUS
10
0.6574481496062992
20
0.9085672834645669
11
0.6571566535433071
21
0.9083838188976378
0
LINE
8
BLACK
6
CONTINUOUS
10
0.6571566535433071
20
0.9083838188976378
11
0.6571000787401574
21
0.9083347244094488
0
LINE
8
BLACK
6
CONTINUOUS
10
0.6571000787401574
20
0.9083347244094488
11
0.6570546062992125
21
0.9083196062992126
0
LINE
8
BLACK
6
CONTINUOUS
10
0.6570546062992125
20
0.9083196062992126
11
0.6569583070866142
21
0.908258937007874
0
LINE
8
BLACK
6
CONTINUOUS
10
0.6569583070866142
20
0.908258937007874
11
0.6532087401574803
21
0.9063841732283464
0
LINE
8
BLACK
6
CONTINUOUS
10
0.6532087401574803
20
0.9063841732283464
11
0.6526681102362205
21
0.9061772834645669
0
LINE
8
BLACK
6
CONTINUOUS
10
0.6526681102362205
20
0.9061772834645669
11
0.6525622834645669
21
0.9061698031496063
0
LINE
8
BLACK
6
CONTINUOUS
10
0.6525622834645669
20
0.9061698031496063
11
0.6524642913385826
21
0.9061291732283464
0
LINE
8
BLACK
6
CONTINUOUS
10
0.6524642913385826
20
0.9061291732283464
11
0.6518882283464567
21
0.9060724409448818
0
LINE
8
BLACK
6
CONTINUOUS
10
0.6518882283464567
20
0.9060724409448818
11
0.6443922440944881
21
0.9060724409448818
0
LINE
8
BLACK
6
CONTINUOUS
10
0.6443922440944881
20
0.9060724409448818
11
0.6368901181102362
21
0.9060724409448818
0
LINE
8
BLACK
6
CONTINUOUS
10
0.6368901181102362
20
0.9060724409448818
11
0.6363140551181102
21
0.9061291732283464
0
LINE
8
BLACK
6
CONTINUOUS
10
0.6363140551181102
20
0.9061291732283464
11
0.636216062992126
21
0.9061697637795275
0
LINE
8
BLACK
6
CONTINUOUS
10
0.636216062992126
20
0.9061697637795275
11
0.6361101968503937
21
0.9061772834645669
0
LINE
8
BLACK
6
CONTINUOUS
10
0.6361101968503937
20
0.9061772834645669
11
0.6355696062992126
21
0.9063841732283464
0
LINE
8
BLACK
6
CONTINUOUS
10
0.6355696062992126
20
0.9063841732283464
11
0.6318200787401574
21
0.908258937007874
0
LINE
8
BLACK
6
CONTINUOUS
10
0.6318200787401574
20
0.908258937007874
11
0.6317237007874016
21
0.9083196062992126
0
LINE
8
BLACK
6
CONTINUOUS
10
0.6317237007874016
20
0.9083196062992126
11
0.6316783070866142
21
0.9083347244094488
0
LINE
8
BLACK
6
CONTINUOUS
10
0.6316783070866142
20
0.9083347244094488
11
0.6316217322834645
21
0.908383779527559
0
LINE
8
BLACK
6
CONTINUOUS
10
0.6316217322834645
20
0.908383779527559
11
0.6313301968503937
21
0.9085672834645669
0
LINE
8
BLACK
6
CONTINUOUS
10
0.6313301968503937
20
0.9085672834645669
11
0.6310875984251968
21
0.9088470078740157
0
LINE
8
BLACK
6
CONTINUOUS
10
0.6310875984251968
20
0.9088470078740157
11
0.6308079133858268
21
0.9090895669291338
0
LINE
8
BLACK
6
CONTINUOUS
10
0.6308079133858268
20
0.9090895669291338
11
0.6306243700787402
21
0.9093811417322835
0
LINE
8
BLACK
6
CONTINUOUS
10
0.6306243700787402
20
0.9093811417322835
11
0.6305753543307087
21
0.9094376771653543
0
LINE
8
BLACK
6
CONTINUOUS
10
0.6305753543307087
20
0.9094376771653543
11
0.6305601968503937
21
0.9094831102362204
0
LINE
8
BLACK
6
CONTINUOUS
10
0.6305601968503937
20
0.9094831102362204
11
0.6304995669291339
21
0.9095794488188976
0
LINE
8
BLACK
6
CONTINUOUS
10
0.6304995669291339
20
0.9095794488188976
11
0.6286248031496063
21
0.9133289763779527
0
LINE
8
BLACK
6
CONTINUOUS
10
0.6286248031496063
20
0.9133289763779527
11
0.6284179133858268
21
0.9138696062992125
0
LINE
8
BLACK
6
CONTINUOUS
10
0.6284179133858268
20
0.9138696062992125
11
0.6284103937007874
21
0.9139754330708662
0
LINE
8
BLACK
6
CONTINUOUS
10
0.6284103937007874
20
0.9139754330708662
11
0.6283698031496063
21
0.9140734251968504
0
LINE
8
BLACK
6
CONTINUOUS
10
0.6283698031496063
20
0.9140734251968504
11
0.6283130708661417
21
0.9146494881889764
0
LINE
8
BLACK
6
CONTINUOUS
10
0.6283130708661417
20
0.9146494881889764
11
0.6283130708661417
21
0.9221485433070866
0
LINE
8
BLACK
6
CONTINUOUS
10
0.6283130708661417
20
0.9221485433070866
11
0.6283698031496063
21
0.9227246062992126
0
LINE
8
BLACK
6
CONTINUOUS
10
0.6283698031496063
20
0.9227246062992126
11
0.6284103937007874
21
0.9228226377952756
0
LINE
8
BLACK
6
CONTINUOUS
10
0.6284103937007874
20
0.9228226377952756
11
0.6284179133858268
21
0.9229284251968504
0
LINE
8
BLACK
6
CONTINUOUS
10
0.6284179133858268
20
0.9229284251968504
11
0.6286248031496063
21
0.9234690551181102
0
LINE
8
BLACK
6
CONTINUOUS
10
0.6286248031496063
20
0.9234690551181102
11
0.6304995669291339
21
0.9272185826771653
0
LINE
8
BLACK
6
CONTINUOUS
10
0.6304995669291339
20
0.9272185826771653
11
0.6305601968503937
21
0.9273149606299212
0
LINE
8
BLACK
6
CONTINUOUS
10
0.6305601968503937
20
0.9273149606299212
11
0.6305753543307087
21
0.9273603543307086
0
LINE
8
BLACK
6
CONTINUOUS
10
0.6305753543307087
20
0.9273603543307086
11
0.6306243700787402
21
0.9274169291338582
0
LINE
8
BLACK
6
CONTINUOUS
10
0.6306243700787402
20
0.9274169291338582
11
0.6308079133858268
21
0.9277084645669291
0
LINE
8
BLACK
6
CONTINUOUS
10
0.6308079133858268
20
0.9277084645669291
11
0.6310875984251968
21
0.9279510629921259
0
LINE
8
BLACK
6
CONTINUOUS
10
0.6310875984251968
20
0.9279510629921259
11
0.6313301968503937
21
0.9282307480314961
0
LINE
8
BLACK
6
CONTINUOUS
10
0.6313301968503937
20
0.9282307480314961
11
0.6316217322834645
21
0.9284142913385827
0
LINE
8
BLACK
6
CONTINUOUS
10
0.6316217322834645
20
0.9284142913385827
11
0.6316783070866142
21
0.9284633070866142
0
LINE
8
BLACK
6
CONTINUOUS
10
0.6316783070866142
20
0.9284633070866142
11
0.6317237007874016
21
0.9284784645669291
0
LINE
8
BLACK
6
CONTINUOUS
10
0.6317237007874016
20
0.9284784645669291
11
0.6318200787401574
21
0.9285390944881889
0
LINE
8
BLACK
6
CONTINUOUS
10
0.6318200787401574
20
0.9285390944881889
11
0.6355696062992126
21
0.9304138582677165
0
LINE
8
BLACK
6
CONTINUOUS
10
0.6355696062992126
20
0.9304138582677165
11
0.6361101968503937
21
0.9306207480314961
0
LINE
8
BLACK
6
CONTINUOUS
10
0.6361101968503937
20
0.9306207480314961
11
0.636216062992126
21
0.9306283070866141
0
LINE
8
BLACK
6
CONTINUOUS
10
0.636216062992126
20
0.9306283070866141
11
0.6363140551181102
21
0.9306688582677165
0
LINE
8
BLACK
6
CONTINUOUS
10
0.6363140551181102
20
0.9306688582677165
11
0.6368901181102362
21
0.9307255905511811
0
LINE
8
BLACK
6
CONTINUOUS
10
0.6368901181102362
20
0.9307255905511811
11
0.6406396456692913
21
0.9307255905511811
0
LINE
8
BLACK
6
CONTINUOUS
10
0.6406396456692913
20
0.9307255905511811
11
0.6412157086614173
21
0.9306688582677165
0
LINE
8
BLACK
6
CONTINUOUS
10
0.6353414173228347
20
0.9236972440944882
11
0.6342185826771654
21
0.9214514960629921
0
LINE
8
BLACK
6
CONTINUOUS
10
0.6342185826771654
20
0.9214514960629921
11
0.6342185826771654
21
0.9153465354330709
0
LINE
8
BLACK
6
CONTINUOUS
10
0.6342185826771654
20
0.9153465354330709
11
0.6353414173228347
21
0.9131008267716535
0
LINE
8
BLACK
6
CONTINUOUS
10
0.6353414173228347
20
0.9131008267716535
11
0.6375871653543307
21
0.9119779527559055
0
LINE
8
BLACK
6
CONTINUOUS
10
0.6375871653543307
20
0.9119779527559055
11
0.6407873622047244
21
0.9119779527559055
0
LINE
8
BLACK
6
CONTINUOUS
10
0.6407873622047244
20
0.9119779527559055
11
0.638218937007874
21
0.9248200787401575
0
LINE
8
BLACK
6
CONTINUOUS
10
0.638218937007874
20
0.9248200787401575
11
0.6375871653543307
21
0.9248200787401575
0
LINE
8
BLACK
6
CONTINUOUS
10
0.6375871653543307
20
0.9248200787401575
11
0.6353414173228347
21
0.9236972440944882
0
LINE
8
BLACK
6
CONTINUOUS
10
0.6580886220472441
20
0.9644146456692914
11
0.659153031496063
21
0.9639737401574803
0
LINE
8
BLACK
6
CONTINUOUS
10
0.659153031496063
20
0.9639737401574803
11
0.6599676771653543
21
0.9631590944881889
0
LINE
8
BLACK
6
CONTINUOUS
10
0.6599676771653543
20
0.9631590944881889
11
0.6604085826771653
21
0.96209468503937
0
LINE
8
BLACK
6
CONTINUOUS
10
0.6604085826771653
20
0.96209468503937
11
0.6604085826771653
21
0.9609425590551181
0
LINE
8
BLACK
6
CONTINUOUS
10
0.6604085826771653
20
0.9609425590551181
11
0.6599676771653543
21
0.9598781496062991
0
LINE
8
BLACK
6
CONTINUOUS
10
0.6599676771653543
20
0.9598781496062991
11
0.659153031496063
21
0.9590635039370079
0
LINE
8
BLACK
6
CONTINUOUS
10
0.659153031496063
20
0.9590635039370079
11
0.6580886220472441
21
0.9586225984251968
0
LINE
8
BLACK
6
CONTINUOUS
10
0.6580886220472441
20
0.9586225984251968
11
0.6575125590551181
21
0.9585658661417322
0
LINE
8
BLACK
6
CONTINUOUS
10
0.6575125590551181
20
0.9585658661417322
11
0.6375871653543307
21
0.9585658661417322
0
LINE
8
BLACK
6
CONTINUOUS
10
0.6375871653543307
20
0.9585658661417322
11
0.6353414173228347
21
0.957443031496063
0
LINE
8
BLACK
6
CONTINUOUS
10
0.6353414173228347
20
0.957443031496063
11
0.6342185826771654
21
0.9551972834645669
0
LINE
8
BLACK
6
CONTINUOUS
10
0.6342185826771654
20
0.9551972834645669
11
0.6342185826771654
21
0.9509670866141732
0
LINE
8
BLACK
6
CONTINUOUS
10
0.6342185826771654
20
0.9509670866141732
11
0.6355673228346457
21
0.9482696062992125
0
LINE
8
BLACK
6
CONTINUOUS
10
0.6355673228346457
20
0.9482696062992125
11
0.6362384251968504
21
0.9475985039370078
0
LINE
8
BLACK
6
CONTINUOUS
10
0.6362384251968504
20
0.9475985039370078
11
0.6575125590551181
21
0.9475985039370078
0
LINE
8
BLACK
6
CONTINUOUS
10
0.6575125590551181
20
0.9475985039370078
11
0.6580886220472441
21
0.9475417716535433
0
LINE
8
BLACK
6
CONTINUOUS
10
0.6580886220472441
20
0.9475417716535433
11
0.659153031496063
21
0.9471008661417323
0
LINE
8
BLACK
6
CONTINUOUS
10
0.659153031496063
20
0.9471008661417323
11
0.6599676771653543
21
0.9462862204724409
0
LINE
8
BLACK
6
CONTINUOUS
10
0.6599676771653543
20
0.9462862204724409
11
0.6604085826771653
21
0.945221811023622
0
LINE
8
BLACK
6
CONTINUOUS
10
0.6604085826771653
20
0.945221811023622
11
0.6604085826771653
21
0.9440696850393701
0
LINE
8
BLACK
6
CONTINUOUS
10
0.6604085826771653
20
0.9440696850393701
11
0.6599676771653543
21
0.9430052755905511
0
LINE
8
BLACK
6
CONTINUOUS
10
0.6599676771653543
20
0.9430052755905511
11
0.659153031496063
21
0.9421906299212598
0
LINE
8
BLACK
6
CONTINUOUS
10
0.659153031496063
20
0.9421906299212598
11
0.6580886220472441
21
0.9417497244094488
0
LINE
8
BLACK
6
CONTINUOUS
10
0.6580886220472441
20
0.9417497244094488
11
0.6575125590551181
21
0.9416929921259842
0
LINE
8
BLACK
6
CONTINUOUS
10
0.6575125590551181
20
0.9416929921259842
11
0.6312658267716535
21
0.9416929921259842
0
LINE
8
BLACK
6
CONTINUOUS
10
0.6312658267716535
20
0.9416929921259842
11
0.6306897637795276
21
0.9417497244094488
0
LINE
8
BLACK
6
CONTINUOUS
10
0.6306897637795276
20
0.9417497244094488
11
0.6296253543307087
21
0.9421906299212598
0
LINE
8
BLACK
6
CONTINUOUS
10
0.6296253543307087
20
0.9421906299212598
11
0.6288107086614173
21
0.9430052755905511
0
LINE
8
BLACK
6
CONTINUOUS
10
0.6288107086614173
20
0.9430052755905511
11
0.6283698031496063
21
0.9440696850393701
0
LINE
8
BLACK
6
CONTINUOUS
10
0.6283698031496063
20
0.9440696850393701
11
0.6283698031496063
21
0.945221811023622
0
LINE
8
BLACK
6
CONTINUOUS
10
0.6283698031496063
20
0.945221811023622
11
0.6288107086614173
21
0.9462862204724409
0
LINE
8
BLACK
6
CONTINUOUS
10
0.6288107086614173
20
0.9462862204724409
11
0.6295745275590551
21
0.9470500787401575
0
LINE
8
BLACK
6
CONTINUOUS
10
0.6295745275590551
20
0.9470500787401575
11
0.6286248031496063
21
0.9489495275590552
0
LINE
8
BLACK
6
CONTINUOUS
10
0.6286248031496063
20
0.9489495275590552
11
0.6284179133858268
21
0.949490157480315
0
LINE
8
BLACK
6
CONTINUOUS
10
0.6284179133858268
20
0.949490157480315
11
0.6284103937007874
21
0.9495959842519685
0
LINE
8
BLACK
6
CONTINUOUS
10
0.6284103937007874
20
0.9495959842519685
11
0.6283698031496063
21
0.9496939763779527
0
LINE
8
BLACK
6
CONTINUOUS
10
0.6283698031496063
20
0.9496939763779527
11
0.6283130708661417
21
0.9502700393700787
0
LINE
8
BLACK
6
CONTINUOUS
10
0.6283130708661417
20
0.9502700393700787
11
0.6283130708661417
21
0.9558943307086614
0
LINE
8
BLACK
6
CONTINUOUS
10
0.6283130708661417
20
0.9558943307086614
11
0.6283698031496063
21
0.9564703937007873
0
LINE
8
BLACK
6
CONTINUOUS
10
0.6283698031496063
20
0.9564703937007873
11
0.6284103937007874
21
0.9565684251968504
0
LINE
8
BLACK
6
CONTINUOUS
10
0.6284103937007874
20
0.9565684251968504
11
0.6284179133858268
21
0.9566742125984252
0
LINE
8
BLACK
6
CONTINUOUS
10
0.6284179133858268
20
0.9566742125984252
11
0.6286248031496063
21
0.957214842519685
0
LINE
8
BLACK
6
CONTINUOUS
10
0.6286248031496063
20
0.957214842519685
11
0.6304995669291339
21
0.9609643700787401
0
LINE
8
BLACK
6
CONTINUOUS
10
0.6304995669291339
20
0.9609643700787401
11
0.6305601968503937
21
0.961060748031496
0
LINE
8
BLACK
6
CONTINUOUS
10
0.6305601968503937
20
0.961060748031496
11
0.6305753543307087
21
0.9611061417322835
0
LINE
8
BLACK
6
CONTINUOUS
10
0.6305753543307087
20
0.9611061417322835
11
0.6306243700787402
21
0.9611627165354331
0
LINE
8
BLACK
6
CONTINUOUS
10
0.6306243700787402
20
0.9611627165354331
11
0.6308079133858268
21
0.9614542519685039
0
LINE
8
BLACK
6
CONTINUOUS
10
0.6308079133858268
20
0.9614542519685039
11
0.6310875984251968
21
0.9616968503937008
0
LINE
8
BLACK
6
CONTINUOUS
10
0.6310875984251968
20
0.9616968503937008
11
0.6313301968503937
21
0.9619765354330708
0
LINE
8
BLACK
6
CONTINUOUS
10
0.6313301968503937
20
0.9619765354330708
11
0.6316217322834645
21
0.9621600787401574
0
LINE
8
BLACK
6
CONTINUOUS
10
0.6316217322834645
20
0.9621600787401574
11
0.6316783070866142
21
0.9622090944881889
0
LINE
8
BLACK
6
CONTINUOUS
10
0.6316783070866142
20
0.9622090944881889
11
0.6317237007874016
21
0.9622242519685039
0
LINE
8
BLACK
6
CONTINUOUS
10
0.6317237007874016
20
0.9622242519685039
11
0.6318200787401574
21
0.9622848818897638
0
LINE
8
BLACK
6
CONTINUOUS
10
0.6318200787401574
20
0.9622848818897638
11
0.6355696062992126
21
0.9641596456692914
0
LINE
8
BLACK
6
CONTINUOUS
10
0.6355696062992126
20
0.9641596456692914
11
0.6361101968503937
21
0.9643665354330708
0
LINE
8
BLACK
6
CONTINUOUS
10
0.6361101968503937
20
0.9643665354330708
11
0.636216062992126
21
0.964374094488189
0
LINE
8
BLACK
6
CONTINUOUS
10
0.636216062992126
20
0.964374094488189
11
0.6363140551181102
21
0.9644146456692914
0
LINE
8
BLACK
6
CONTINUOUS
10
0.6363140551181102
20
0.9644146456692914
11
0.6368901181102362
21
0.9644713779527558
0
LINE
8
BLACK
6
CONTINUOUS
10
0.6368901181102362
20
0.9644713779527558
11
0.6575125590551181
21
0.9644713779527558
0
LINE
8
BLACK
6
CONTINUOUS
10
0.6575125590551181
20
0.9644713779527558
11
0.6580886220472441
21
0.9644146456692914
0
CIRCLE
8
BLACK
10
0.0984251968503937
20
0.
40
0.0068897637795276
0
CIRCLE
8
BLACK
10
0.0984251968503937
20
0.905511811023622
40
0.0068897637795276
0
CIRCLE
8
BLACK
10
0.8858267716535433
20
0.905511811023622
40
0.0068897637795276
0
CIRCLE
8
BLACK
10
0.4921259842519685
20
0.905511811023622
40
0.0068897637795276
0
CIRCLE
8
BLACK
10
0.8858267716535433
20
0.
40
0.0068897637795276
0
CIRCLE
8
BLACK
10
0.4921259842519685
20
0.
40
0.0068897637795276
  0
ENDSEC
  0
EOF
