  0
SECTION
  2
HEADER
  9
$ANGBASE
  50
0.0
  9
$ANGDIR
  70
1
  9
$MEASUREMENT
  70
0
  0
ENDSEC
  0
SECTION
  2
TABLES
  0
TABLE
  2
LTYPE
  70
4
  0
LTYPE
  5
40F
  2
CONTINUOUS
  70
0
  3
Solid line
  72
65
  73
0
  40
0.0
  0
LTYPE
  5
410
  2
DASHDOT
 70
0
  3
Dash Dot ____ _ ____ _
 72
65
 73
4
 40
2.0
 49
1.25
 49
-0.25
 49
0.25
 49
-0.25
  0
LTYPE
  5
411
  2
DASHED
 70
0
  3
Dashed __ __ __ __ __
 72
65
 73
2
 40
0.75
 49
0.5
 49
-0.25
  0
LTYPE
  5
43B
  2
DOTTED
 70
0
  3
Dotted .  .  .  .
 72
65
 73
2
 40
0.2
 49
0.0
 49
-0.2
  0
ENDTAB
  0
TABLE
  2
STYLE
  70
4
  0
STYLE
  2
KICAD
  70
0
  40
0
  41
1
  42
1
  50
0
  71
0
  3
isocp.shx
  0
STYLE
  2
KICADB
  70
0
  40
0
  41
1
  42
1
  50
0
  71
0
  3
isocp.shx
  0
STYLE
  2
KICADI
  70
0
  40
0
  41
1
  42
1
  50
15
  71
0
  3
isocp.shx
  0
STYLE
  2
KICADBI
  70
0
  40
0
  41
1
  42
1
  50
15
  71
0
  3
isocp.shx
  0
ENDTAB
  0
TABLE
  2
LAYER
  70
1
  0
LAYER
  2
BLACK
  70
0
  62
7
  6
CONTINUOUS
  0
ENDTAB
  0
ENDSEC
  0
SECTION
  2
ENTITIES
0
LINE
8
BLACK
6
CONTINUOUS
10
0.7877611811023622
20
0.161858031496063
11
0.7888265354330708
21
0.1607926771653543
0
LINE
8
BLACK
6
CONTINUOUS
10
0.7888265354330708
20
0.1607926771653543
11
0.7889763779527559
21
0.1600393700787402
0
LINE
8
BLACK
6
CONTINUOUS
10
0.7889763779527559
20
0.1600393700787402
11
0.7889763779527559
21
0.0911417322834646
0
LINE
8
BLACK
6
CONTINUOUS
10
0.7889763779527559
20
0.0911417322834646
11
0.8440944881889764
21
0.0911417322834646
0
LINE
8
BLACK
6
CONTINUOUS
10
0.8440944881889764
20
0.0911417322834646
11
0.8448477952755905
21
0.0909918897637795
0
LINE
8
BLACK
6
CONTINUOUS
10
0.8448477952755905
20
0.0909918897637795
11
0.8459131496062992
21
0.0899265354330709
0
LINE
8
BLACK
6
CONTINUOUS
10
0.8459131496062992
20
0.0899265354330709
11
0.8459131496062992
21
0.0884199212598425
0
LINE
8
BLACK
6
CONTINUOUS
10
0.8459131496062992
20
0.0884199212598425
11
0.8448477952755905
21
0.0873545669291339
0
LINE
8
BLACK
6
CONTINUOUS
10
0.8448477952755905
20
0.0873545669291339
11
0.8440944881889764
21
0.0872047244094488
0
LINE
8
BLACK
6
CONTINUOUS
10
0.8440944881889764
20
0.0872047244094488
11
0.787007874015748
21
0.0872047244094488
0
LINE
8
BLACK
6
CONTINUOUS
10
0.787007874015748
20
0.0872047244094488
11
0.7862545669291339
21
0.0873545669291339
0
LINE
8
BLACK
6
CONTINUOUS
10
0.7862545669291339
20
0.0873545669291339
11
0.7851892125984252
21
0.0884199212598425
0
LINE
8
BLACK
6
CONTINUOUS
10
0.7851892125984252
20
0.0884199212598425
11
0.7850393700787401
21
0.0891732283464567
0
LINE
8
BLACK
6
CONTINUOUS
10
0.7850393700787401
20
0.0891732283464567
11
0.7850393700787401
21
0.1580708661417323
0
LINE
8
BLACK
6
CONTINUOUS
10
0.7850393700787401
20
0.1580708661417323
11
0.7480314960629921
21
0.1580708661417323
0
LINE
8
BLACK
6
CONTINUOUS
10
0.7480314960629921
20
0.1580708661417323
11
0.747278188976378
21
0.1582207086614173
0
LINE
8
BLACK
6
CONTINUOUS
10
0.747278188976378
20
0.1582207086614173
11
0.7462128346456692
21
0.159286062992126
0
LINE
8
BLACK
6
CONTINUOUS
10
0.7462128346456692
20
0.159286062992126
11
0.7462128346456692
21
0.1607926771653543
0
LINE
8
BLACK
6
CONTINUOUS
10
0.7462128346456692
20
0.1607926771653543
11
0.747278188976378
21
0.161858031496063
0
LINE
8
BLACK
6
CONTINUOUS
10
0.747278188976378
20
0.161858031496063
11
0.7480314960629921
21
0.162007874015748
0
LINE
8
BLACK
6
CONTINUOUS
10
0.7480314960629921
20
0.162007874015748
11
0.787007874015748
21
0.162007874015748
0
LINE
8
BLACK
6
CONTINUOUS
10
0.787007874015748
20
0.162007874015748
11
0.7877611811023622
21
0.161858031496063
0
LINE
8
BLACK
6
CONTINUOUS
10
0.9569367716535433
20
0.3733911023622047
11
0.9570866141732284
21
0.3726377952755905
0
LINE
8
BLACK
6
CONTINUOUS
10
0.9570866141732284
20
0.3726377952755905
11
0.9570866141732284
21
0.1391732283464567
0
LINE
8
BLACK
6
CONTINUOUS
10
0.9570866141732284
20
0.1391732283464567
11
0.9569367716535433
21
0.1384199212598425
0
LINE
8
BLACK
6
CONTINUOUS
10
0.9569367716535433
20
0.1384199212598425
11
0.9558714173228346
21
0.1373545669291339
0
LINE
8
BLACK
6
CONTINUOUS
10
0.9558714173228346
20
0.1373545669291339
11
0.9543648031496063
21
0.1373545669291339
0
LINE
8
BLACK
6
CONTINUOUS
10
0.9543648031496063
20
0.1373545669291339
11
0.9532994488188976
21
0.1384199212598425
0
LINE
8
BLACK
6
CONTINUOUS
10
0.9532994488188976
20
0.1384199212598425
11
0.9531496062992125
21
0.1391732283464567
0
LINE
8
BLACK
6
CONTINUOUS
10
0.9531496062992125
20
0.1391732283464567
11
0.9531496062992125
21
0.3726377952755905
0
LINE
8
BLACK
6
CONTINUOUS
10
0.9531496062992125
20
0.3726377952755905
11
0.9532994488188976
21
0.3733911023622047
0
LINE
8
BLACK
6
CONTINUOUS
10
0.9532994488188976
20
0.3733911023622047
11
0.9543648031496063
21
0.3744564566929134
0
LINE
8
BLACK
6
CONTINUOUS
10
0.9543648031496063
20
0.3744564566929134
11
0.9558714173228346
21
0.3744564566929134
0
LINE
8
BLACK
6
CONTINUOUS
10
0.9558714173228346
20
0.3744564566929134
11
0.9569367716535433
21
0.3733911023622047
0
LINE
8
BLACK
6
CONTINUOUS
10
0.7010601181102362
20
0.1873446456692913
11
0.7011158267716535
21
0.1873631889763779
0
LINE
8
BLACK
6
CONTINUOUS
10
0.7011158267716535
20
0.1873631889763779
11
0.7015114173228346
21
0.1872548818897638
0
LINE
8
BLACK
6
CONTINUOUS
10
0.7015114173228346
20
0.1872548818897638
11
0.7019137007874016
21
0.187174842519685
0
LINE
8
BLACK
6
CONTINUOUS
10
0.7019137007874016
20
0.187174842519685
11
0.7019551574803149
21
0.1871333858267716
0
LINE
8
BLACK
6
CONTINUOUS
10
0.7019551574803149
20
0.1871333858267716
11
0.7020788582677165
21
0.1870994881889764
0
LINE
8
BLACK
6
CONTINUOUS
10
0.7020788582677165
20
0.1870994881889764
11
0.7054534251968504
21
0.1854122047244094
0
LINE
8
BLACK
6
CONTINUOUS
10
0.7054534251968504
20
0.1854122047244094
11
0.7057773622047244
21
0.1851607874015748
0
LINE
8
BLACK
6
CONTINUOUS
10
0.7057773622047244
20
0.1851607874015748
11
0.7061185039370078
21
0.1849328346456693
0
LINE
8
BLACK
6
CONTINUOUS
10
0.7061185039370078
20
0.1849328346456693
11
0.7076835433070866
21
0.1833677952755906
0
LINE
8
BLACK
6
CONTINUOUS
10
0.7076835433070866
20
0.1833677952755906
11
0.7092485826771653
21
0.1849328346456693
0
LINE
8
BLACK
6
CONTINUOUS
10
0.7092485826771653
20
0.1849328346456693
11
0.70958968503937
21
0.1851607874015748
0
LINE
8
BLACK
6
CONTINUOUS
10
0.70958968503937
20
0.1851607874015748
11
0.7099136614173228
21
0.1854122047244094
0
LINE
8
BLACK
6
CONTINUOUS
10
0.7099136614173228
20
0.1854122047244094
11
0.7132882677165354
21
0.1870994881889764
0
LINE
8
BLACK
6
CONTINUOUS
10
0.7132882677165354
20
0.1870994881889764
11
0.7134119291338582
21
0.1871333858267716
0
LINE
8
BLACK
6
CONTINUOUS
10
0.7134119291338582
20
0.1871333858267716
11
0.7134534251968504
21
0.187174842519685
0
LINE
8
BLACK
6
CONTINUOUS
10
0.7134534251968504
20
0.187174842519685
11
0.7138556692913386
21
0.1872548818897638
0
LINE
8
BLACK
6
CONTINUOUS
10
0.7138556692913386
20
0.1872548818897638
11
0.7142512992125984
21
0.1873631889763779
0
LINE
8
BLACK
6
CONTINUOUS
10
0.7142512992125984
20
0.1873631889763779
11
0.714306968503937
21
0.1873446456692913
0
LINE
8
BLACK
6
CONTINUOUS
10
0.714306968503937
20
0.1873446456692913
11
0.7144327165354331
21
0.1873696456692913
0
LINE
8
BLACK
6
CONTINUOUS
10
0.7144327165354331
20
0.1873696456692913
11
0.71612
21
0.1873696456692913
0
LINE
8
BLACK
6
CONTINUOUS
10
0.71612
20
0.1873696456692913
11
0.7162457086614173
21
0.1873446456692913
0
LINE
8
BLACK
6
CONTINUOUS
10
0.7162457086614173
20
0.1873446456692913
11
0.7163014173228346
21
0.1873631889763779
0
LINE
8
BLACK
6
CONTINUOUS
10
0.7163014173228346
20
0.1873631889763779
11
0.7166970078740157
21
0.1872548818897638
0
LINE
8
BLACK
6
CONTINUOUS
10
0.7166970078740157
20
0.1872548818897638
11
0.7170992913385826
21
0.187174842519685
0
LINE
8
BLACK
6
CONTINUOUS
10
0.7170992913385826
20
0.187174842519685
11
0.7171407480314961
21
0.1871333858267716
0
LINE
8
BLACK
6
CONTINUOUS
10
0.7171407480314961
20
0.1871333858267716
11
0.7172644488188976
21
0.1870994881889764
0
LINE
8
BLACK
6
CONTINUOUS
10
0.7172644488188976
20
0.1870994881889764
11
0.7206390157480315
21
0.1854122047244094
0
LINE
8
BLACK
6
CONTINUOUS
10
0.7206390157480315
20
0.1854122047244094
11
0.7209629527559055
21
0.1851607874015748
0
LINE
8
BLACK
6
CONTINUOUS
10
0.7209629527559055
20
0.1851607874015748
11
0.721304094488189
21
0.1849328346456693
0
LINE
8
BLACK
6
CONTINUOUS
10
0.721304094488189
20
0.1849328346456693
11
0.7229913779527559
21
0.1832455511811024
0
LINE
8
BLACK
6
CONTINUOUS
10
0.7229913779527559
20
0.1832455511811024
11
0.7232192913385826
21
0.1829044488188976
0
LINE
8
BLACK
6
CONTINUOUS
10
0.7232192913385826
20
0.1829044488188976
11
0.723470748031496
21
0.1825804724409449
0
LINE
8
BLACK
6
CONTINUOUS
10
0.723470748031496
20
0.1825804724409449
11
0.7251580314960629
21
0.1792058661417323
0
LINE
8
BLACK
6
CONTINUOUS
10
0.7251580314960629
20
0.1792058661417323
11
0.7251918897637795
21
0.1790822047244094
0
LINE
8
BLACK
6
CONTINUOUS
10
0.7251918897637795
20
0.1790822047244094
11
0.7252333858267717
21
0.1790407086614173
0
LINE
8
BLACK
6
CONTINUOUS
10
0.7252333858267717
20
0.1790407086614173
11
0.7253133858267716
21
0.1786384645669291
0
LINE
8
BLACK
6
CONTINUOUS
10
0.7253133858267716
20
0.1786384645669291
11
0.7254217322834645
21
0.1782428346456693
0
LINE
8
BLACK
6
CONTINUOUS
10
0.7254217322834645
20
0.1782428346456693
11
0.7254031496062991
21
0.1781871653543307
0
LINE
8
BLACK
6
CONTINUOUS
10
0.7254031496062991
20
0.1781871653543307
11
0.725428188976378
21
0.1780614173228346
0
LINE
8
BLACK
6
CONTINUOUS
10
0.725428188976378
20
0.1780614173228346
11
0.725428188976378
21
0.1713122834645669
0
LINE
8
BLACK
6
CONTINUOUS
10
0.725428188976378
20
0.1713122834645669
11
0.7254031496062991
21
0.1711865748031496
0
LINE
8
BLACK
6
CONTINUOUS
10
0.7254031496062991
20
0.1711865748031496
11
0.7254217322834645
21
0.1711308661417323
0
LINE
8
BLACK
6
CONTINUOUS
10
0.7254217322834645
20
0.1711308661417323
11
0.7253133858267716
21
0.1707352755905512
0
LINE
8
BLACK
6
CONTINUOUS
10
0.7253133858267716
20
0.1707352755905512
11
0.7252333858267717
21
0.1703329921259842
0
LINE
8
BLACK
6
CONTINUOUS
10
0.7252333858267717
20
0.1703329921259842
11
0.7251918897637795
21
0.1702915354330709
0
LINE
8
BLACK
6
CONTINUOUS
10
0.7251918897637795
20
0.1702915354330709
11
0.7251580314960629
21
0.1701678346456693
0
LINE
8
BLACK
6
CONTINUOUS
10
0.7251580314960629
20
0.1701678346456693
11
0.723470748031496
21
0.1667932283464567
0
LINE
8
BLACK
6
CONTINUOUS
10
0.723470748031496
20
0.1667932283464567
11
0.7232192913385826
21
0.1664692913385827
0
LINE
8
BLACK
6
CONTINUOUS
10
0.7232192913385826
20
0.1664692913385827
11
0.7229913779527559
21
0.1661281496062992
0
LINE
8
BLACK
6
CONTINUOUS
10
0.7229913779527559
20
0.1661281496062992
11
0.721304094488189
21
0.1644408661417323
0
LINE
8
BLACK
6
CONTINUOUS
10
0.721304094488189
20
0.1644408661417323
11
0.7209629527559055
21
0.1642129527559055
0
LINE
8
BLACK
6
CONTINUOUS
10
0.7209629527559055
20
0.1642129527559055
11
0.7206390157480315
21
0.1639614960629921
0
LINE
8
BLACK
6
CONTINUOUS
10
0.7206390157480315
20
0.1639614960629921
11
0.7172644488188976
21
0.1622742125984252
0
LINE
8
BLACK
6
CONTINUOUS
10
0.7172644488188976
20
0.1622742125984252
11
0.7171407480314961
21
0.1622403543307087
0
LINE
8
BLACK
6
CONTINUOUS
10
0.7171407480314961
20
0.1622403543307087
11
0.7170992913385826
21
0.1621988582677165
0
LINE
8
BLACK
6
CONTINUOUS
10
0.7170992913385826
20
0.1621988582677165
11
0.7166970078740157
21
0.1621188582677165
0
LINE
8
BLACK
6
CONTINUOUS
10
0.7166970078740157
20
0.1621188582677165
11
0.7163014173228346
21
0.1620105118110236
0
LINE
8
BLACK
6
CONTINUOUS
10
0.7163014173228346
20
0.1620105118110236
11
0.7162457086614173
21
0.162029094488189
0
LINE
8
BLACK
6
CONTINUOUS
10
0.7162457086614173
20
0.162029094488189
11
0.71612
21
0.1620040551181102
0
LINE
8
BLACK
6
CONTINUOUS
10
0.71612
20
0.1620040551181102
11
0.7144327165354331
21
0.1620040551181102
0
LINE
8
BLACK
6
CONTINUOUS
10
0.7144327165354331
20
0.1620040551181102
11
0.714306968503937
21
0.162029094488189
0
LINE
8
BLACK
6
CONTINUOUS
10
0.714306968503937
20
0.162029094488189
11
0.7142512992125984
21
0.1620105118110236
0
LINE
8
BLACK
6
CONTINUOUS
10
0.7142512992125984
20
0.1620105118110236
11
0.7138556692913386
21
0.1621188582677165
0
LINE
8
BLACK
6
CONTINUOUS
10
0.7138556692913386
20
0.1621188582677165
11
0.7134534251968504
21
0.1621988582677165
0
LINE
8
BLACK
6
CONTINUOUS
10
0.7134534251968504
20
0.1621988582677165
11
0.7134119291338582
21
0.1622403543307087
0
LINE
8
BLACK
6
CONTINUOUS
10
0.7134119291338582
20
0.1622403543307087
11
0.7132882677165354
21
0.1622742125984252
0
LINE
8
BLACK
6
CONTINUOUS
10
0.7132882677165354
20
0.1622742125984252
11
0.7099136614173228
21
0.1639614960629921
0
LINE
8
BLACK
6
CONTINUOUS
10
0.7099136614173228
20
0.1639614960629921
11
0.70958968503937
21
0.1642129527559055
0
LINE
8
BLACK
6
CONTINUOUS
10
0.70958968503937
20
0.1642129527559055
11
0.7092485826771653
21
0.1644408661417323
0
LINE
8
BLACK
6
CONTINUOUS
10
0.7092485826771653
20
0.1644408661417323
11
0.7076835433070866
21
0.166005905511811
0
LINE
8
BLACK
6
CONTINUOUS
10
0.7076835433070866
20
0.166005905511811
11
0.7061185039370078
21
0.1644408661417323
0
LINE
8
BLACK
6
CONTINUOUS
10
0.7061185039370078
20
0.1644408661417323
11
0.7057773622047244
21
0.1642129527559055
0
LINE
8
BLACK
6
CONTINUOUS
10
0.7057773622047244
20
0.1642129527559055
11
0.7054534251968504
21
0.1639614960629921
0
LINE
8
BLACK
6
CONTINUOUS
10
0.7054534251968504
20
0.1639614960629921
11
0.7020788582677165
21
0.1622742125984252
0
LINE
8
BLACK
6
CONTINUOUS
10
0.7020788582677165
20
0.1622742125984252
11
0.7019551574803149
21
0.1622403543307087
0
LINE
8
BLACK
6
CONTINUOUS
10
0.7019551574803149
20
0.1622403543307087
11
0.7019137007874016
21
0.1621988582677165
0
LINE
8
BLACK
6
CONTINUOUS
10
0.7019137007874016
20
0.1621988582677165
11
0.7015114173228346
21
0.1621188582677165
0
LINE
8
BLACK
6
CONTINUOUS
10
0.7015114173228346
20
0.1621188582677165
11
0.7011158267716535
21
0.1620105118110236
0
LINE
8
BLACK
6
CONTINUOUS
10
0.7011158267716535
20
0.1620105118110236
11
0.7010601181102362
21
0.162029094488189
0
LINE
8
BLACK
6
CONTINUOUS
10
0.7010601181102362
20
0.162029094488189
11
0.7009344094488189
21
0.1620040551181102
0
LINE
8
BLACK
6
CONTINUOUS
10
0.7009344094488189
20
0.1620040551181102
11
0.6941852362204725
21
0.1620040551181102
0
LINE
8
BLACK
6
CONTINUOUS
10
0.6941852362204725
20
0.1620040551181102
11
0.6940594881889763
21
0.162029094488189
0
LINE
8
BLACK
6
CONTINUOUS
10
0.6940594881889763
20
0.162029094488189
11
0.6940038188976377
21
0.1620105118110236
0
LINE
8
BLACK
6
CONTINUOUS
10
0.6940038188976377
20
0.1620105118110236
11
0.6936081889763779
21
0.1621188582677165
0
LINE
8
BLACK
6
CONTINUOUS
10
0.6936081889763779
20
0.1621188582677165
11
0.6932059448818898
21
0.1621988582677165
0
LINE
8
BLACK
6
CONTINUOUS
10
0.6932059448818898
20
0.1621988582677165
11
0.6931644488188976
21
0.1622403543307087
0
LINE
8
BLACK
6
CONTINUOUS
10
0.6931644488188976
20
0.1622403543307087
11
0.6930407874015748
21
0.1622742125984252
0
LINE
8
BLACK
6
CONTINUOUS
10
0.6930407874015748
20
0.1622742125984252
11
0.689666220472441
21
0.1639614960629921
0
LINE
8
BLACK
6
CONTINUOUS
10
0.689666220472441
20
0.1639614960629921
11
0.6893422440944882
21
0.1642129527559055
0
LINE
8
BLACK
6
CONTINUOUS
10
0.6893422440944882
20
0.1642129527559055
11
0.6890011417322834
21
0.1644408661417323
0
LINE
8
BLACK
6
CONTINUOUS
10
0.6890011417322834
20
0.1644408661417323
11
0.6873138582677165
21
0.1661281496062992
0
LINE
8
BLACK
6
CONTINUOUS
10
0.6873138582677165
20
0.1661281496062992
11
0.6870859448818898
21
0.1664692125984252
0
LINE
8
BLACK
6
CONTINUOUS
10
0.6870859448818898
20
0.1664692125984252
11
0.6868345275590551
21
0.166793188976378
0
LINE
8
BLACK
6
CONTINUOUS
10
0.6868345275590551
20
0.166793188976378
11
0.6851471653543307
21
0.1701678346456693
0
LINE
8
BLACK
6
CONTINUOUS
10
0.6851471653543307
20
0.1701678346456693
11
0.6851132677165355
21
0.1702915354330709
0
LINE
8
BLACK
6
CONTINUOUS
10
0.6851132677165355
20
0.1702915354330709
11
0.685071811023622
21
0.1703329921259842
0
LINE
8
BLACK
6
CONTINUOUS
10
0.685071811023622
20
0.1703329921259842
11
0.6849917716535433
21
0.1707352755905512
0
LINE
8
BLACK
6
CONTINUOUS
10
0.6849917716535433
20
0.1707352755905512
11
0.6848834645669292
21
0.1711308661417323
0
LINE
8
BLACK
6
CONTINUOUS
10
0.6848834645669292
20
0.1711308661417323
11
0.6849020078740158
21
0.1711865748031496
0
LINE
8
BLACK
6
CONTINUOUS
10
0.6849020078740158
20
0.1711865748031496
11
0.6848770078740157
21
0.1713122834645669
0
LINE
8
BLACK
6
CONTINUOUS
10
0.6848770078740157
20
0.1713122834645669
11
0.6848770078740157
21
0.1780614173228346
0
LINE
8
BLACK
6
CONTINUOUS
10
0.6848770078740157
20
0.1780614173228346
11
0.6849020078740158
21
0.1781871653543307
0
LINE
8
BLACK
6
CONTINUOUS
10
0.6849020078740158
20
0.1781871653543307
11
0.6848834645669292
21
0.1782428346456693
0
LINE
8
BLACK
6
CONTINUOUS
10
0.6848834645669292
20
0.1782428346456693
11
0.6849917716535433
21
0.1786384645669291
0
LINE
8
BLACK
6
CONTINUOUS
10
0.6849917716535433
20
0.1786384645669291
11
0.685071811023622
21
0.1790407086614173
0
LINE
8
BLACK
6
CONTINUOUS
10
0.685071811023622
20
0.1790407086614173
11
0.6851132677165355
21
0.1790822047244094
0
LINE
8
BLACK
6
CONTINUOUS
10
0.6851132677165355
20
0.1790822047244094
11
0.6851471653543307
21
0.1792058661417323
0
LINE
8
BLACK
6
CONTINUOUS
10
0.6851471653543307
20
0.1792058661417323
11
0.6868345275590551
21
0.1825805118110236
0
LINE
8
BLACK
6
CONTINUOUS
10
0.6868345275590551
20
0.1825805118110236
11
0.6870859448818898
21
0.1829045275590551
0
LINE
8
BLACK
6
CONTINUOUS
10
0.6870859448818898
20
0.1829045275590551
11
0.6873138582677165
21
0.1832455511811024
0
LINE
8
BLACK
6
CONTINUOUS
10
0.6873138582677165
20
0.1832455511811024
11
0.6890011417322834
21
0.1849328346456693
0
LINE
8
BLACK
6
CONTINUOUS
10
0.6890011417322834
20
0.1849328346456693
11
0.6893422440944882
21
0.1851607874015748
0
LINE
8
BLACK
6
CONTINUOUS
10
0.6893422440944882
20
0.1851607874015748
11
0.689666220472441
21
0.1854122047244094
0
LINE
8
BLACK
6
CONTINUOUS
10
0.689666220472441
20
0.1854122047244094
11
0.6930407874015748
21
0.1870994881889764
0
LINE
8
BLACK
6
CONTINUOUS
10
0.6930407874015748
20
0.1870994881889764
11
0.6931644488188976
21
0.1871333858267716
0
LINE
8
BLACK
6
CONTINUOUS
10
0.6931644488188976
20
0.1871333858267716
11
0.6932059448818898
21
0.187174842519685
0
LINE
8
BLACK
6
CONTINUOUS
10
0.6932059448818898
20
0.187174842519685
11
0.6936081889763779
21
0.1872548818897638
0
LINE
8
BLACK
6
CONTINUOUS
10
0.6936081889763779
20
0.1872548818897638
11
0.6940038188976377
21
0.1873631889763779
0
LINE
8
BLACK
6
CONTINUOUS
10
0.6940038188976377
20
0.1873631889763779
11
0.6940594881889763
21
0.1873446456692913
0
LINE
8
BLACK
6
CONTINUOUS
10
0.6940594881889763
20
0.1873446456692913
11
0.6941852362204725
21
0.1873696456692913
0
LINE
8
BLACK
6
CONTINUOUS
10
0.6941852362204725
20
0.1873696456692913
11
0.7009344094488189
21
0.1873696456692913
0
LINE
8
BLACK
6
CONTINUOUS
10
0.7009344094488189
20
0.1873696456692913
11
0.7010601181102362
21
0.1873446456692913
0
LINE
8
BLACK
6
CONTINUOUS
10
0.6923265354330709
20
0.1810201181102362
11
0.6912265354330709
21
0.179920157480315
0
LINE
8
BLACK
6
CONTINUOUS
10
0.6912265354330709
20
0.179920157480315
11
0.6899951181102362
21
0.1774572834645669
0
LINE
8
BLACK
6
CONTINUOUS
10
0.6899951181102362
20
0.1774572834645669
11
0.6899951181102362
21
0.1719164566929134
0
LINE
8
BLACK
6
CONTINUOUS
10
0.6899951181102362
20
0.1719164566929134
11
0.6912265354330709
21
0.1694535826771653
0
LINE
8
BLACK
6
CONTINUOUS
10
0.6912265354330709
20
0.1694535826771653
11
0.6923265354330709
21
0.1683535826771654
0
LINE
8
BLACK
6
CONTINUOUS
10
0.6923265354330709
20
0.1683535826771654
11
0.6947893700787401
21
0.1671221653543307
0
LINE
8
BLACK
6
CONTINUOUS
10
0.6947893700787401
20
0.1671221653543307
11
0.7003302755905512
21
0.1671221653543307
0
LINE
8
BLACK
6
CONTINUOUS
10
0.7003302755905512
20
0.1671221653543307
11
0.7027931102362205
21
0.1683535826771654
0
LINE
8
BLACK
6
CONTINUOUS
10
0.7027931102362205
20
0.1683535826771654
11
0.703893031496063
21
0.1694535433070866
0
LINE
8
BLACK
6
CONTINUOUS
10
0.703893031496063
20
0.1694535433070866
11
0.7051244881889763
21
0.1719164173228346
0
LINE
8
BLACK
6
CONTINUOUS
10
0.7051244881889763
20
0.1719164173228346
11
0.7051244881889763
21
0.1774573228346457
0
LINE
8
BLACK
6
CONTINUOUS
10
0.7051244881889763
20
0.1774573228346457
11
0.703893031496063
21
0.1799201968503937
0
LINE
8
BLACK
6
CONTINUOUS
10
0.703893031496063
20
0.1799201968503937
11
0.7027931102362205
21
0.1810201181102362
0
LINE
8
BLACK
6
CONTINUOUS
10
0.7027931102362205
20
0.1810201181102362
11
0.7003302755905512
21
0.1822515354330708
0
LINE
8
BLACK
6
CONTINUOUS
10
0.7003302755905512
20
0.1822515354330708
11
0.6947893700787401
21
0.1822515354330708
0
LINE
8
BLACK
6
CONTINUOUS
10
0.6947893700787401
20
0.1822515354330708
11
0.6923265354330709
21
0.1810201181102362
0
LINE
8
BLACK
6
CONTINUOUS
10
0.712573937007874
20
0.1810201181102362
11
0.7114740157480315
21
0.1799201968503937
0
LINE
8
BLACK
6
CONTINUOUS
10
0.7114740157480315
20
0.1799201968503937
11
0.7102425984251969
21
0.1774573228346457
0
LINE
8
BLACK
6
CONTINUOUS
10
0.7102425984251969
20
0.1774573228346457
11
0.7102425984251969
21
0.1719164173228346
0
LINE
8
BLACK
6
CONTINUOUS
10
0.7102425984251969
20
0.1719164173228346
11
0.7114740157480315
21
0.1694535433070866
0
LINE
8
BLACK
6
CONTINUOUS
10
0.7114740157480315
20
0.1694535433070866
11
0.712573937007874
21
0.1683536220472441
0
LINE
8
BLACK
6
CONTINUOUS
10
0.712573937007874
20
0.1683536220472441
11
0.7150368503937008
21
0.1671221653543307
0
LINE
8
BLACK
6
CONTINUOUS
10
0.7150368503937008
20
0.1671221653543307
11
0.7155158661417322
21
0.1671221653543307
0
LINE
8
BLACK
6
CONTINUOUS
10
0.7155158661417322
20
0.1671221653543307
11
0.7179787007874016
21
0.1683535826771654
0
LINE
8
BLACK
6
CONTINUOUS
10
0.7179787007874016
20
0.1683535826771654
11
0.719078622047244
21
0.1694535433070866
0
LINE
8
BLACK
6
CONTINUOUS
10
0.719078622047244
20
0.1694535433070866
11
0.7203100787401575
21
0.1719164173228346
0
LINE
8
BLACK
6
CONTINUOUS
10
0.7203100787401575
20
0.1719164173228346
11
0.7203100787401575
21
0.1774573228346457
0
LINE
8
BLACK
6
CONTINUOUS
10
0.7203100787401575
20
0.1774573228346457
11
0.719078622047244
21
0.1799201968503937
0
LINE
8
BLACK
6
CONTINUOUS
10
0.719078622047244
20
0.1799201968503937
11
0.7179787007874016
21
0.1810201181102362
0
LINE
8
BLACK
6
CONTINUOUS
10
0.7179787007874016
20
0.1810201181102362
11
0.7155158661417322
21
0.1822515354330708
0
LINE
8
BLACK
6
CONTINUOUS
10
0.7155158661417322
20
0.1822515354330708
11
0.7150368503937008
21
0.1822515354330708
0
LINE
8
BLACK
6
CONTINUOUS
10
0.7150368503937008
20
0.1822515354330708
11
0.712573937007874
21
0.1810201181102362
0
LINE
8
BLACK
6
CONTINUOUS
10
0.6563771259842519
20
0.1891644488188976
11
0.6565719291338582
21
0.1881851574803149
0
LINE
8
BLACK
6
CONTINUOUS
10
0.6565719291338582
20
0.1881851574803149
11
0.6565719291338582
21
0.1856823622047244
0
LINE
8
BLACK
6
CONTINUOUS
10
0.6565719291338582
20
0.1856823622047244
11
0.6607620472440945
21
0.1856823622047244
0
LINE
8
BLACK
6
CONTINUOUS
10
0.6607620472440945
20
0.1856823622047244
11
0.6608877559055117
21
0.1856573622047244
0
LINE
8
BLACK
6
CONTINUOUS
10
0.6608877559055117
20
0.1856573622047244
11
0.6609434645669291
21
0.185675905511811
0
LINE
8
BLACK
6
CONTINUOUS
10
0.6609434645669291
20
0.185675905511811
11
0.6613390551181102
21
0.1855675984251969
0
LINE
8
BLACK
6
CONTINUOUS
10
0.6613390551181102
20
0.1855675984251969
11
0.6617413385826771
21
0.1854875590551181
0
LINE
8
BLACK
6
CONTINUOUS
10
0.6617413385826771
20
0.1854875590551181
11
0.6617827952755906
21
0.1854461023622047
0
LINE
8
BLACK
6
CONTINUOUS
10
0.6617827952755906
20
0.1854461023622047
11
0.6619064960629921
21
0.1854122047244094
0
LINE
8
BLACK
6
CONTINUOUS
10
0.6619064960629921
20
0.1854122047244094
11
0.665281062992126
21
0.1837249212598425
0
LINE
8
BLACK
6
CONTINUOUS
10
0.665281062992126
20
0.1837249212598425
11
0.6656835826771653
21
0.1834125196850394
0
LINE
8
BLACK
6
CONTINUOUS
10
0.6656835826771653
20
0.1834125196850394
11
0.6658133070866141
21
0.1833692519685039
0
LINE
8
BLACK
6
CONTINUOUS
10
0.6658133070866141
20
0.1833692519685039
11
0.6659253937007874
21
0.183224842519685
0
LINE
8
BLACK
6
CONTINUOUS
10
0.6659253937007874
20
0.183224842519685
11
0.666069842519685
21
0.1831127165354331
0
LINE
8
BLACK
6
CONTINUOUS
10
0.666069842519685
20
0.1831127165354331
11
0.6661130708661417
21
0.182983031496063
0
LINE
8
BLACK
6
CONTINUOUS
10
0.6661130708661417
20
0.182983031496063
11
0.6664255118110236
21
0.1825804724409449
0
LINE
8
BLACK
6
CONTINUOUS
10
0.6664255118110236
20
0.1825804724409449
11
0.6681127952755905
21
0.1792058661417323
0
LINE
8
BLACK
6
CONTINUOUS
10
0.6681127952755905
20
0.1792058661417323
11
0.668146653543307
21
0.1790822047244094
0
LINE
8
BLACK
6
CONTINUOUS
10
0.668146653543307
20
0.1790822047244094
11
0.6681881496062992
21
0.1790407086614173
0
LINE
8
BLACK
6
CONTINUOUS
10
0.6681881496062992
20
0.1790407086614173
11
0.6682681496062992
21
0.1786384645669291
0
LINE
8
BLACK
6
CONTINUOUS
10
0.6682681496062992
20
0.1786384645669291
11
0.6683764960629921
21
0.1782428346456693
0
LINE
8
BLACK
6
CONTINUOUS
10
0.6683764960629921
20
0.1782428346456693
11
0.6683579133858267
21
0.1781871653543307
0
LINE
8
BLACK
6
CONTINUOUS
10
0.6683579133858267
20
0.1781871653543307
11
0.6683829527559055
21
0.1780614173228346
0
LINE
8
BLACK
6
CONTINUOUS
10
0.6683829527559055
20
0.1780614173228346
11
0.6683829527559055
21
0.1746868503937008
0
LINE
8
BLACK
6
CONTINUOUS
10
0.6683829527559055
20
0.1746868503937008
11
0.6681881496062992
21
0.1737075590551181
0
LINE
8
BLACK
6
CONTINUOUS
10
0.6681881496062992
20
0.1737075590551181
11
0.6668031889763779
21
0.1723225984251968
0
LINE
8
BLACK
6
CONTINUOUS
10
0.6668031889763779
20
0.1723225984251968
11
0.6648446062992126
21
0.1723225984251968
0
LINE
8
BLACK
6
CONTINUOUS
10
0.6648446062992126
20
0.1723225984251968
11
0.6634596456692913
21
0.1737075590551181
0
LINE
8
BLACK
6
CONTINUOUS
10
0.6634596456692913
20
0.1737075590551181
11
0.663264842519685
21
0.1746868503937008
0
LINE
8
BLACK
6
CONTINUOUS
10
0.663264842519685
20
0.1746868503937008
11
0.663264842519685
21
0.1774573228346457
0
LINE
8
BLACK
6
CONTINUOUS
10
0.663264842519685
20
0.1774573228346457
11
0.6622291732283464
21
0.1795286220472441
0
LINE
8
BLACK
6
CONTINUOUS
10
0.6622291732283464
20
0.1795286220472441
11
0.6601579133858267
21
0.1805642519685039
0
LINE
8
BLACK
6
CONTINUOUS
10
0.6601579133858267
20
0.1805642519685039
11
0.6565719291338582
21
0.1805642519685039
0
LINE
8
BLACK
6
CONTINUOUS
10
0.6565719291338582
20
0.1805642519685039
11
0.6565719291338582
21
0.1746868503937008
0
LINE
8
BLACK
6
CONTINUOUS
10
0.6565719291338582
20
0.1746868503937008
11
0.6563771259842519
21
0.1737075590551181
0
LINE
8
BLACK
6
CONTINUOUS
10
0.6563771259842519
20
0.1737075590551181
11
0.6549921653543307
21
0.1723225984251968
0
LINE
8
BLACK
6
CONTINUOUS
10
0.6549921653543307
20
0.1723225984251968
11
0.6530335826771654
21
0.1723225984251968
0
LINE
8
BLACK
6
CONTINUOUS
10
0.6530335826771654
20
0.1723225984251968
11
0.6516486220472441
21
0.1737075590551181
0
LINE
8
BLACK
6
CONTINUOUS
10
0.6516486220472441
20
0.1737075590551181
11
0.6514538188976378
21
0.1746868503937008
0
LINE
8
BLACK
6
CONTINUOUS
10
0.6514538188976378
20
0.1746868503937008
11
0.6514538188976378
21
0.1805642519685039
0
LINE
8
BLACK
6
CONTINUOUS
10
0.6514538188976378
20
0.1805642519685039
11
0.6303908267716535
21
0.1805642519685039
0
LINE
8
BLACK
6
CONTINUOUS
10
0.6303908267716535
20
0.1805642519685039
11
0.6294115354330708
21
0.1807590551181102
0
LINE
8
BLACK
6
CONTINUOUS
10
0.6294115354330708
20
0.1807590551181102
11
0.6280265748031496
21
0.1821440157480315
0
LINE
8
BLACK
6
CONTINUOUS
10
0.6280265748031496
20
0.1821440157480315
11
0.6280265748031496
21
0.1841025984251969
0
LINE
8
BLACK
6
CONTINUOUS
10
0.6280265748031496
20
0.1841025984251969
11
0.6294115354330708
21
0.1854875590551181
0
LINE
8
BLACK
6
CONTINUOUS
10
0.6294115354330708
20
0.1854875590551181
11
0.6303908267716535
21
0.1856823622047244
0
LINE
8
BLACK
6
CONTINUOUS
10
0.6303908267716535
20
0.1856823622047244
11
0.6514538188976378
21
0.1856823622047244
0
LINE
8
BLACK
6
CONTINUOUS
10
0.6514538188976378
20
0.1856823622047244
11
0.6514538188976378
21
0.1881851574803149
0
LINE
8
BLACK
6
CONTINUOUS
10
0.6514538188976378
20
0.1881851574803149
11
0.6516486220472441
21
0.1891644488188976
0
LINE
8
BLACK
6
CONTINUOUS
10
0.6516486220472441
20
0.1891644488188976
11
0.6530335826771654
21
0.1905494094488189
0
LINE
8
BLACK
6
CONTINUOUS
10
0.6530335826771654
20
0.1905494094488189
11
0.6549921653543307
21
0.1905494094488189
0
LINE
8
BLACK
6
CONTINUOUS
10
0.6549921653543307
20
0.1905494094488189
11
0.6563771259842519
21
0.1891644488188976
0
LINE
8
BLACK
6
CONTINUOUS
10
0.465860157480315
20
0.2150048031496063
11
0.4663075984251969
21
0.2146375984251968
0
LINE
8
BLACK
6
CONTINUOUS
10
0.4663075984251969
20
0.2146375984251968
11
0.4883118897637795
21
0.1926333464566929
0
LINE
8
BLACK
6
CONTINUOUS
10
0.4883118897637795
20
0.1926333464566929
11
0.4928203149606299
21
0.1911305118110236
0
LINE
8
BLACK
6
CONTINUOUS
10
0.4928203149606299
20
0.1911305118110236
11
0.4953936614173228
21
0.1911305118110236
0
LINE
8
BLACK
6
CONTINUOUS
10
0.4953936614173228
20
0.1911305118110236
11
0.4980911417322835
21
0.1924792519685039
0
LINE
8
BLACK
6
CONTINUOUS
10
0.4980911417322835
20
0.1924792519685039
11
0.4992882677165354
21
0.1936763779527559
0
LINE
8
BLACK
6
CONTINUOUS
10
0.4992882677165354
20
0.1936763779527559
11
0.5006370078740158
21
0.1963738582677165
0
LINE
8
BLACK
6
CONTINUOUS
10
0.5006370078740158
20
0.1963738582677165
11
0.5006370078740158
21
0.2043535826771654
0
LINE
8
BLACK
6
CONTINUOUS
10
0.5006370078740158
20
0.2043535826771654
11
0.4992882677165354
21
0.207051062992126
0
LINE
8
BLACK
6
CONTINUOUS
10
0.4992882677165354
20
0.207051062992126
11
0.4977523228346457
21
0.2085870078740157
0
LINE
8
BLACK
6
CONTINUOUS
10
0.4977523228346457
20
0.2085870078740157
11
0.4973851181102362
21
0.2090344488188976
0
LINE
8
BLACK
6
CONTINUOUS
10
0.4973851181102362
20
0.2090344488188976
11
0.4969442125984252
21
0.2100988976377953
0
LINE
8
BLACK
6
CONTINUOUS
10
0.4969442125984252
20
0.2100988976377953
11
0.4969442125984252
21
0.2112509448818898
0
LINE
8
BLACK
6
CONTINUOUS
10
0.4969442125984252
20
0.2112509448818898
11
0.4973851181102362
21
0.2123153937007874
0
LINE
8
BLACK
6
CONTINUOUS
10
0.4973851181102362
20
0.2123153937007874
11
0.4981997637795276
21
0.2131300393700787
0
LINE
8
BLACK
6
CONTINUOUS
10
0.4981997637795276
20
0.2131300393700787
11
0.4992642125984252
21
0.2135709448818898
0
LINE
8
BLACK
6
CONTINUOUS
10
0.4992642125984252
20
0.2135709448818898
11
0.5004162598425197
21
0.2135709448818898
0
LINE
8
BLACK
6
CONTINUOUS
10
0.5004162598425197
20
0.2135709448818898
11
0.5014807086614174
21
0.2131300393700787
0
LINE
8
BLACK
6
CONTINUOUS
10
0.5014807086614174
20
0.2131300393700787
11
0.5019281496062992
21
0.2127628346456693
0
LINE
8
BLACK
6
CONTINUOUS
10
0.5019281496062992
20
0.2127628346456693
11
0.5038029133858267
21
0.2108880708661417
0
LINE
8
BLACK
6
CONTINUOUS
10
0.5038029133858267
20
0.2108880708661417
11
0.5039886614173228
21
0.2106617322834646
0
LINE
8
BLACK
6
CONTINUOUS
10
0.5039886614173228
20
0.2106617322834646
11
0.5040476771653544
21
0.2106105511811024
0
LINE
8
BLACK
6
CONTINUOUS
10
0.5040476771653544
20
0.2106105511811024
11
0.5041036220472441
21
0.2105216141732283
0
LINE
8
BLACK
6
CONTINUOUS
10
0.5041036220472441
20
0.2105216141732283
11
0.5041701181102362
21
0.2104406299212598
0
LINE
8
BLACK
6
CONTINUOUS
10
0.5041701181102362
20
0.2104406299212598
11
0.5041999212598425
21
0.2103687007874016
0
LINE
8
BLACK
6
CONTINUOUS
10
0.5041999212598425
20
0.2103687007874016
11
0.5043560236220472
21
0.2101206692913386
0
LINE
8
BLACK
6
CONTINUOUS
10
0.5043560236220472
20
0.2101206692913386
11
0.5062307874015748
21
0.2063711417322835
0
LINE
8
BLACK
6
CONTINUOUS
10
0.5062307874015748
20
0.2063711417322835
11
0.5064376771653544
21
0.2058305511811024
0
LINE
8
BLACK
6
CONTINUOUS
10
0.5064376771653544
20
0.2058305511811024
11
0.5064451968503937
21
0.2057246850393701
0
LINE
8
BLACK
6
CONTINUOUS
10
0.5064451968503937
20
0.2057246850393701
11
0.5064857874015748
21
0.2056266929133858
0
LINE
8
BLACK
6
CONTINUOUS
10
0.5064857874015748
20
0.2056266929133858
11
0.5065425196850394
21
0.2050506299212598
0
LINE
8
BLACK
6
CONTINUOUS
10
0.5065425196850394
20
0.2050506299212598
11
0.5065425196850394
21
0.1956768110236221
0
LINE
8
BLACK
6
CONTINUOUS
10
0.5065425196850394
20
0.1956768110236221
11
0.5064857874015748
21
0.195100748031496
0
LINE
8
BLACK
6
CONTINUOUS
10
0.5064857874015748
20
0.195100748031496
11
0.5064451968503937
21
0.1950027952755906
0
LINE
8
BLACK
6
CONTINUOUS
10
0.5064451968503937
20
0.1950027952755906
11
0.5064376771653544
21
0.1948968897637795
0
LINE
8
BLACK
6
CONTINUOUS
10
0.5064376771653544
20
0.1948968897637795
11
0.5062307874015748
21
0.1943562992125984
0
LINE
8
BLACK
6
CONTINUOUS
10
0.5062307874015748
20
0.1943562992125984
11
0.5043560236220472
21
0.1906067716535433
0
LINE
8
BLACK
6
CONTINUOUS
10
0.5043560236220472
20
0.1906067716535433
11
0.5041999212598425
21
0.1903587795275591
0
LINE
8
BLACK
6
CONTINUOUS
10
0.5041999212598425
20
0.1903587795275591
11
0.5041701181102362
21
0.190286811023622
0
LINE
8
BLACK
6
CONTINUOUS
10
0.5041701181102362
20
0.190286811023622
11
0.5041036220472441
21
0.1902058661417323
0
LINE
8
BLACK
6
CONTINUOUS
10
0.5041036220472441
20
0.1902058661417323
11
0.5040476771653544
21
0.1901168897637795
0
LINE
8
BLACK
6
CONTINUOUS
10
0.5040476771653544
20
0.1901168897637795
11
0.5039886614173228
21
0.1900657480314961
0
LINE
8
BLACK
6
CONTINUOUS
10
0.5039886614173228
20
0.1900657480314961
11
0.5038029133858267
21
0.1898393700787402
0
LINE
8
BLACK
6
CONTINUOUS
10
0.5038029133858267
20
0.1898393700787402
11
0.5019281496062992
21
0.1879646062992126
0
LINE
8
BLACK
6
CONTINUOUS
10
0.5019281496062992
20
0.1879646062992126
11
0.5017017716535433
21
0.1877788582677165
0
LINE
8
BLACK
6
CONTINUOUS
10
0.5017017716535433
20
0.1877788582677165
11
0.5016506299212599
21
0.187719842519685
0
LINE
8
BLACK
6
CONTINUOUS
10
0.5016506299212599
20
0.187719842519685
11
0.5015616535433071
21
0.1876638976377953
0
LINE
8
BLACK
6
CONTINUOUS
10
0.5015616535433071
20
0.1876638976377953
11
0.5014807086614174
21
0.1875974015748031
0
LINE
8
BLACK
6
CONTINUOUS
10
0.5014807086614174
20
0.1875974015748031
11
0.5014087401574803
21
0.1875675984251969
0
LINE
8
BLACK
6
CONTINUOUS
10
0.5014087401574803
20
0.1875675984251969
11
0.501160748031496
21
0.1874114960629921
0
LINE
8
BLACK
6
CONTINUOUS
10
0.501160748031496
20
0.1874114960629921
11
0.4974112204724409
21
0.1855367322834646
0
LINE
8
BLACK
6
CONTINUOUS
10
0.4974112204724409
20
0.1855367322834646
11
0.4968705905511811
21
0.185329842519685
0
LINE
8
BLACK
6
CONTINUOUS
10
0.4968705905511811
20
0.185329842519685
11
0.4967647637795276
21
0.1853223622047244
0
LINE
8
BLACK
6
CONTINUOUS
10
0.4967647637795276
20
0.1853223622047244
11
0.4966667716535433
21
0.1852817322834646
0
LINE
8
BLACK
6
CONTINUOUS
10
0.4966667716535433
20
0.1852817322834646
11
0.4960907086614173
21
0.185225
0
LINE
8
BLACK
6
CONTINUOUS
10
0.4960907086614173
20
0.185225
11
0.4923411811023622
21
0.185225
0
LINE
8
BLACK
6
CONTINUOUS
10
0.4923411811023622
20
0.185225
11
0.4920495669291339
21
0.1852537401574803
0
LINE
8
BLACK
6
CONTINUOUS
10
0.4920495669291339
20
0.1852537401574803
11
0.4919718503937008
21
0.185248188976378
0
LINE
8
BLACK
6
CONTINUOUS
10
0.4919718503937008
20
0.185248188976378
11
0.4918695669291339
21
0.1852714566929134
0
LINE
8
BLACK
6
CONTINUOUS
10
0.4918695669291339
20
0.1852714566929134
11
0.4917651181102362
21
0.1852817322834646
0
LINE
8
BLACK
6
CONTINUOUS
10
0.4917651181102362
20
0.1852817322834646
11
0.491693031496063
21
0.1853116141732283
0
LINE
8
BLACK
6
CONTINUOUS
10
0.491693031496063
20
0.1853116141732283
11
0.4914074015748031
21
0.1853765354330709
0
LINE
8
BLACK
6
CONTINUOUS
10
0.4914074015748031
20
0.1853765354330709
11
0.4857831496062992
21
0.1872512992125984
0
LINE
8
BLACK
6
CONTINUOUS
10
0.4857831496062992
20
0.1872512992125984
11
0.4852545669291338
21
0.1874872834645669
0
LINE
8
BLACK
6
CONTINUOUS
10
0.4852545669291338
20
0.1874872834645669
11
0.4851744488188977
21
0.1875567716535433
0
LINE
8
BLACK
6
CONTINUOUS
10
0.4851744488188977
20
0.1875567716535433
11
0.4850764173228346
21
0.1875973622047244
0
LINE
8
BLACK
6
CONTINUOUS
10
0.4850764173228346
20
0.1875973622047244
11
0.4846289763779528
21
0.1879646062992126
0
LINE
8
BLACK
6
CONTINUOUS
10
0.4846289763779528
20
0.1879646062992126
11
0.4671724409448819
21
0.2054211417322835
0
LINE
8
BLACK
6
CONTINUOUS
10
0.4671724409448819
20
0.2054211417322835
11
0.4671724409448819
21
0.1881777559055118
0
LINE
8
BLACK
6
CONTINUOUS
10
0.4671724409448819
20
0.1881777559055118
11
0.4671157086614173
21
0.1876016929133858
0
LINE
8
BLACK
6
CONTINUOUS
10
0.4671157086614173
20
0.1876016929133858
11
0.4666748031496063
21
0.1865372834645669
0
LINE
8
BLACK
6
CONTINUOUS
10
0.4666748031496063
20
0.1865372834645669
11
0.465860157480315
21
0.1857226377952756
0
LINE
8
BLACK
6
CONTINUOUS
10
0.465860157480315
20
0.1857226377952756
11
0.464795748031496
21
0.1852817322834646
0
LINE
8
BLACK
6
CONTINUOUS
10
0.464795748031496
20
0.1852817322834646
11
0.4636436220472441
21
0.1852817322834646
0
LINE
8
BLACK
6
CONTINUOUS
10
0.4636436220472441
20
0.1852817322834646
11
0.4625792125984252
21
0.1857226377952756
0
LINE
8
BLACK
6
CONTINUOUS
10
0.4625792125984252
20
0.1857226377952756
11
0.4617645669291339
21
0.1865372834645669
0
LINE
8
BLACK
6
CONTINUOUS
10
0.4617645669291339
20
0.1865372834645669
11
0.4613236614173228
21
0.1876016929133858
0
LINE
8
BLACK
6
CONTINUOUS
10
0.4613236614173228
20
0.1876016929133858
11
0.4612669291338583
21
0.1881777559055118
0
LINE
8
BLACK
6
CONTINUOUS
10
0.4612669291338583
20
0.1881777559055118
11
0.4612669291338583
21
0.2125496850393701
0
LINE
8
BLACK
6
CONTINUOUS
10
0.4612669291338583
20
0.2125496850393701
11
0.4613236614173228
21
0.2131257480314961
0
LINE
8
BLACK
6
CONTINUOUS
10
0.4613236614173228
20
0.2131257480314961
11
0.4617645669291339
21
0.2141901574803149
0
LINE
8
BLACK
6
CONTINUOUS
10
0.4617645669291339
20
0.2141901574803149
11
0.4625792125984252
21
0.2150048031496063
0
LINE
8
BLACK
6
CONTINUOUS
10
0.4625792125984252
20
0.2150048031496063
11
0.4636436220472441
21
0.2154457086614173
0
LINE
8
BLACK
6
CONTINUOUS
10
0.4636436220472441
20
0.2154457086614173
11
0.464795748031496
21
0.2154457086614173
0
LINE
8
BLACK
6
CONTINUOUS
10
0.464795748031496
20
0.2154457086614173
11
0.465860157480315
21
0.2150048031496063
0
LINE
8
BLACK
6
CONTINUOUS
10
0.6681881496062992
20
0.2212229527559055
11
0.6683829527559055
21
0.2202436614173228
0
LINE
8
BLACK
6
CONTINUOUS
10
0.6683829527559055
20
0.2202436614173228
11
0.6683829527559055
21
0.1966216141732283
0
LINE
8
BLACK
6
CONTINUOUS
10
0.6683829527559055
20
0.1966216141732283
11
0.6683787007874016
21
0.1966004724409449
0
LINE
8
BLACK
6
CONTINUOUS
10
0.6683787007874016
20
0.1966004724409449
11
0.6683827559055118
21
0.1965903937007874
0
LINE
8
BLACK
6
CONTINUOUS
10
0.6683827559055118
20
0.1965903937007874
11
0.6683714960629921
21
0.1965642125984252
0
LINE
8
BLACK
6
CONTINUOUS
10
0.6683714960629921
20
0.1965642125984252
11
0.6681881496062992
21
0.1956423228346457
0
LINE
8
BLACK
6
CONTINUOUS
10
0.6681881496062992
20
0.1956423228346457
11
0.6678176377952756
21
0.1952718503937008
0
LINE
8
BLACK
6
CONTINUOUS
10
0.6678176377952756
20
0.1952718503937008
11
0.6676112204724409
21
0.1947901574803149
0
LINE
8
BLACK
6
CONTINUOUS
10
0.6676112204724409
20
0.1947901574803149
11
0.6671524803149607
21
0.1946066929133858
0
LINE
8
BLACK
6
CONTINUOUS
10
0.6671524803149607
20
0.1946066929133858
11
0.6668031889763779
21
0.1942573622047244
0
LINE
8
BLACK
6
CONTINUOUS
10
0.6668031889763779
20
0.1942573622047244
11
0.6662792125984252
21
0.1942573622047244
0
LINE
8
BLACK
6
CONTINUOUS
10
0.6662792125984252
20
0.1942573622047244
11
0.6657926771653543
21
0.1940627559055118
0
LINE
8
BLACK
6
CONTINUOUS
10
0.6657926771653543
20
0.1940627559055118
11
0.6648729921259843
21
0.1942573622047244
0
LINE
8
BLACK
6
CONTINUOUS
10
0.6648729921259843
20
0.1942573622047244
11
0.6648446062992126
21
0.1942573622047244
0
LINE
8
BLACK
6
CONTINUOUS
10
0.6648446062992126
20
0.1942573622047244
11
0.664836968503937
21
0.194265
0
LINE
8
BLACK
6
CONTINUOUS
10
0.664836968503937
20
0.194265
11
0.6648158661417323
21
0.1942694488188976
0
LINE
8
BLACK
6
CONTINUOUS
10
0.6648158661417323
20
0.1942694488188976
11
0.6293827559055118
21
0.2094550787401575
0
LINE
8
BLACK
6
CONTINUOUS
10
0.6293827559055118
20
0.2094550787401575
11
0.6285594094488188
21
0.2100198818897638
0
LINE
8
BLACK
6
CONTINUOUS
10
0.6285594094488188
20
0.2100198818897638
11
0.627831968503937
21
0.2118384251968504
0
LINE
8
BLACK
6
CONTINUOUS
10
0.627831968503937
20
0.2118384251968504
11
0.6286035039370078
21
0.2136386220472441
0
LINE
8
BLACK
6
CONTINUOUS
10
0.6286035039370078
20
0.2136386220472441
11
0.6304220472440945
21
0.214366062992126
0
LINE
8
BLACK
6
CONTINUOUS
10
0.6304220472440945
20
0.214366062992126
11
0.6313988976377952
21
0.2141593307086614
0
LINE
8
BLACK
6
CONTINUOUS
10
0.6313988976377952
20
0.2141593307086614
11
0.663264842519685
21
0.2005025196850394
0
LINE
8
BLACK
6
CONTINUOUS
10
0.663264842519685
20
0.2005025196850394
11
0.663264842519685
21
0.2202436614173228
0
LINE
8
BLACK
6
CONTINUOUS
10
0.663264842519685
20
0.2202436614173228
11
0.6634596456692913
21
0.2212229527559055
0
LINE
8
BLACK
6
CONTINUOUS
10
0.6634596456692913
20
0.2212229527559055
11
0.6648446062992126
21
0.2226079133858268
0
LINE
8
BLACK
6
CONTINUOUS
10
0.6648446062992126
20
0.2226079133858268
11
0.6668031889763779
21
0.2226079133858268
0
LINE
8
BLACK
6
CONTINUOUS
10
0.6668031889763779
20
0.2226079133858268
11
0.6681881496062992
21
0.2212229527559055
0
LINE
8
BLACK
6
CONTINUOUS
10
0.7252333858267717
20
0.2212229527559055
11
0.725428188976378
21
0.2202436614173228
0
LINE
8
BLACK
6
CONTINUOUS
10
0.725428188976378
20
0.2202436614173228
11
0.725428188976378
21
0.1966216141732283
0
LINE
8
BLACK
6
CONTINUOUS
10
0.725428188976378
20
0.1966216141732283
11
0.725423937007874
21
0.1966004724409449
0
LINE
8
BLACK
6
CONTINUOUS
10
0.725423937007874
20
0.1966004724409449
11
0.7254279921259842
21
0.1965903937007874
0
LINE
8
BLACK
6
CONTINUOUS
10
0.7254279921259842
20
0.1965903937007874
11
0.7254167322834646
21
0.1965642125984252
0
LINE
8
BLACK
6
CONTINUOUS
10
0.7254167322834646
20
0.1965642125984252
11
0.7252333858267717
21
0.1956423228346457
0
LINE
8
BLACK
6
CONTINUOUS
10
0.7252333858267717
20
0.1956423228346457
11
0.724862874015748
21
0.1952718503937008
0
LINE
8
BLACK
6
CONTINUOUS
10
0.724862874015748
20
0.1952718503937008
11
0.7246564566929133
21
0.1947901574803149
0
LINE
8
BLACK
6
CONTINUOUS
10
0.7246564566929133
20
0.1947901574803149
11
0.7241977165354331
21
0.1946066929133858
0
LINE
8
BLACK
6
CONTINUOUS
10
0.7241977165354331
20
0.1946066929133858
11
0.7238484251968503
21
0.1942573622047244
0
LINE
8
BLACK
6
CONTINUOUS
10
0.7238484251968503
20
0.1942573622047244
11
0.7233244488188976
21
0.1942573622047244
0
LINE
8
BLACK
6
CONTINUOUS
10
0.7233244488188976
20
0.1942573622047244
11
0.7228379133858267
21
0.1940627559055118
0
LINE
8
BLACK
6
CONTINUOUS
10
0.7228379133858267
20
0.1940627559055118
11
0.7219182283464567
21
0.1942573622047244
0
LINE
8
BLACK
6
CONTINUOUS
10
0.7219182283464567
20
0.1942573622047244
11
0.721889842519685
21
0.1942573622047244
0
LINE
8
BLACK
6
CONTINUOUS
10
0.721889842519685
20
0.1942573622047244
11
0.7218822047244094
21
0.194265
0
LINE
8
BLACK
6
CONTINUOUS
10
0.7218822047244094
20
0.194265
11
0.7218611023622047
21
0.1942694488188976
0
LINE
8
BLACK
6
CONTINUOUS
10
0.7218611023622047
20
0.1942694488188976
11
0.6864279921259843
21
0.2094550787401575
0
LINE
8
BLACK
6
CONTINUOUS
10
0.6864279921259843
20
0.2094550787401575
11
0.6856046456692914
21
0.2100198818897638
0
LINE
8
BLACK
6
CONTINUOUS
10
0.6856046456692914
20
0.2100198818897638
11
0.6848772047244094
21
0.2118384251968504
0
LINE
8
BLACK
6
CONTINUOUS
10
0.6848772047244094
20
0.2118384251968504
11
0.6856487401574803
21
0.2136386220472441
0
LINE
8
BLACK
6
CONTINUOUS
10
0.6856487401574803
20
0.2136386220472441
11
0.6874672834645669
21
0.214366062992126
0
LINE
8
BLACK
6
CONTINUOUS
10
0.6874672834645669
20
0.214366062992126
11
0.6884441338582677
21
0.2141593307086614
0
LINE
8
BLACK
6
CONTINUOUS
10
0.6884441338582677
20
0.2141593307086614
11
0.7203100787401575
21
0.2005025196850394
0
LINE
8
BLACK
6
CONTINUOUS
10
0.7203100787401575
20
0.2005025196850394
11
0.7203100787401575
21
0.2202436614173228
0
LINE
8
BLACK
6
CONTINUOUS
10
0.7203100787401575
20
0.2202436614173228
11
0.7205048818897638
21
0.2212229527559055
0
LINE
8
BLACK
6
CONTINUOUS
10
0.7205048818897638
20
0.2212229527559055
11
0.721889842519685
21
0.2226079133858268
0
LINE
8
BLACK
6
CONTINUOUS
10
0.721889842519685
20
0.2226079133858268
11
0.7238484251968503
21
0.2226079133858268
0
LINE
8
BLACK
6
CONTINUOUS
10
0.7238484251968503
20
0.2226079133858268
11
0.7252333858267717
21
0.2212229527559055
0
LINE
8
BLACK
6
CONTINUOUS
10
0.5766141732283464
20
0.312755905511811
11
0.5823747244094488
21
0.3121885433070866
0
LINE
8
BLACK
6
CONTINUOUS
10
0.5823747244094488
20
0.3121885433070866
11
0.5879138976377952
21
0.3105082677165354
0
LINE
8
BLACK
6
CONTINUOUS
10
0.5879138976377952
20
0.3105082677165354
11
0.5930188188976377
21
0.3077796062992126
0
LINE
8
BLACK
6
CONTINUOUS
10
0.5930188188976377
20
0.3077796062992126
11
0.5974933070866142
21
0.3041074803149606
0
LINE
8
BLACK
6
CONTINUOUS
10
0.5974933070866142
20
0.3041074803149606
11
0.6011654330708661
21
0.2996329921259843
0
LINE
8
BLACK
6
CONTINUOUS
10
0.6011654330708661
20
0.2996329921259843
11
0.603894094488189
21
0.2945280708661417
0
LINE
8
BLACK
6
CONTINUOUS
10
0.603894094488189
20
0.2945280708661417
11
0.6055743700787402
21
0.2889888976377953
0
LINE
8
BLACK
6
CONTINUOUS
10
0.6055743700787402
20
0.2889888976377953
11
0.6061417322834646
21
0.2832283464566929
0
LINE
8
BLACK
6
CONTINUOUS
10
0.6061417322834646
20
0.2832283464566929
11
0.6061417322834646
21
0.2281102362204724
0
LINE
8
BLACK
6
CONTINUOUS
10
0.6061417322834646
20
0.2281102362204724
11
0.6055743700787402
21
0.2223496850393701
0
LINE
8
BLACK
6
CONTINUOUS
10
0.6055743700787402
20
0.2223496850393701
11
0.603894094488189
21
0.2168105118110236
0
LINE
8
BLACK
6
CONTINUOUS
10
0.603894094488189
20
0.2168105118110236
11
0.6011654330708661
21
0.2117055905511811
0
LINE
8
BLACK
6
CONTINUOUS
10
0.6011654330708661
20
0.2117055905511811
11
0.5974933070866142
21
0.2072311023622047
0
LINE
8
BLACK
6
CONTINUOUS
10
0.5974933070866142
20
0.2072311023622047
11
0.5930188188976377
21
0.2035589763779528
0
LINE
8
BLACK
6
CONTINUOUS
10
0.5930188188976377
20
0.2035589763779528
11
0.5879138976377952
21
0.2008303149606299
0
LINE
8
BLACK
6
CONTINUOUS
10
0.5879138976377952
20
0.2008303149606299
11
0.5823747244094488
21
0.1991500393700787
0
LINE
8
BLACK
6
CONTINUOUS
10
0.5823747244094488
20
0.1991500393700787
11
0.5766141732283464
21
0.1985826771653543
0
LINE
8
BLACK
6
CONTINUOUS
10
0.5766141732283464
20
0.1985826771653543
11
0.552992125984252
21
0.1985826771653543
0
LINE
8
BLACK
6
CONTINUOUS
10
0.552992125984252
20
0.1985826771653543
11
0.5472315748031495
21
0.1991500393700787
0
LINE
8
BLACK
6
CONTINUOUS
10
0.5472315748031495
20
0.1991500393700787
11
0.5416924015748031
21
0.2008303149606299
0
LINE
8
BLACK
6
CONTINUOUS
10
0.5416924015748031
20
0.2008303149606299
11
0.5365874803149606
21
0.2035589763779528
0
LINE
8
BLACK
6
CONTINUOUS
10
0.5365874803149606
20
0.2035589763779528
11
0.5321129921259843
21
0.2072311023622047
0
LINE
8
BLACK
6
CONTINUOUS
10
0.5321129921259843
20
0.2072311023622047
11
0.5284408661417322
21
0.2117055905511811
0
LINE
8
BLACK
6
CONTINUOUS
10
0.5284408661417322
20
0.2117055905511811
11
0.5257122047244094
21
0.2168105118110236
0
LINE
8
BLACK
6
CONTINUOUS
10
0.5257122047244094
20
0.2168105118110236
11
0.5240319291338582
21
0.2223496850393701
0
LINE
8
BLACK
6
CONTINUOUS
10
0.5240319291338582
20
0.2223496850393701
11
0.5234645669291339
21
0.2281102362204724
0
LINE
8
BLACK
6
CONTINUOUS
10
0.5234645669291339
20
0.2281102362204724
11
0.5234645669291339
21
0.2832283464566929
0
LINE
8
BLACK
6
CONTINUOUS
10
0.5234645669291339
20
0.2832283464566929
11
0.5240319291338582
21
0.2889888976377953
0
LINE
8
BLACK
6
CONTINUOUS
10
0.5240319291338582
20
0.2889888976377953
11
0.5257122047244094
21
0.2945280708661417
0
LINE
8
BLACK
6
CONTINUOUS
10
0.5257122047244094
20
0.2945280708661417
11
0.5284408661417322
21
0.2996329921259843
0
LINE
8
BLACK
6
CONTINUOUS
10
0.5284408661417322
20
0.2996329921259843
11
0.5321129921259843
21
0.3041074803149606
0
LINE
8
BLACK
6
CONTINUOUS
10
0.5321129921259843
20
0.3041074803149606
11
0.5365874803149606
21
0.3077796062992126
0
LINE
8
BLACK
6
CONTINUOUS
10
0.5365874803149606
20
0.3077796062992126
11
0.5416924015748031
21
0.3105082677165354
0
LINE
8
BLACK
6
CONTINUOUS
10
0.5416924015748031
20
0.3105082677165354
11
0.5472315748031495
21
0.3121885433070866
0
LINE
8
BLACK
6
CONTINUOUS
10
0.5472315748031495
20
0.3121885433070866
11
0.552992125984252
21
0.312755905511811
0
LINE
8
BLACK
6
CONTINUOUS
10
0.552992125984252
20
0.312755905511811
11
0.5766141732283464
21
0.312755905511811
0
LINE
8
BLACK
6
CONTINUOUS
10
0.552992125984252
20
0.3088188976377952
11
0.550108779527559
21
0.3088188976377952
0
LINE
8
BLACK
6
CONTINUOUS
10
0.550108779527559
20
0.3088188976377952
11
0.5444866141732283
21
0.3075356692913386
0
LINE
8
BLACK
6
CONTINUOUS
10
0.5444866141732283
20
0.3075356692913386
11
0.5392909842519685
21
0.3050335826771653
0
LINE
8
BLACK
6
CONTINUOUS
10
0.5392909842519685
20
0.3050335826771653
11
0.5347823622047244
21
0.3014381102362205
0
LINE
8
BLACK
6
CONTINUOUS
10
0.5347823622047244
20
0.3014381102362205
11
0.5311868897637795
21
0.2969294881889764
0
LINE
8
BLACK
6
CONTINUOUS
10
0.5311868897637795
20
0.2969294881889764
11
0.5286848031496063
21
0.2917338582677165
0
LINE
8
BLACK
6
CONTINUOUS
10
0.5286848031496063
20
0.2917338582677165
11
0.5274015748031496
21
0.2861116929133858
0
LINE
8
BLACK
6
CONTINUOUS
10
0.5274015748031496
20
0.2861116929133858
11
0.5274015748031496
21
0.2832283464566929
0
LINE
8
BLACK
6
CONTINUOUS
10
0.5274015748031496
20
0.2832283464566929
11
0.5274015748031496
21
0.2281102362204724
0
LINE
8
BLACK
6
CONTINUOUS
10
0.5274015748031496
20
0.2281102362204724
11
0.5274015748031496
21
0.2252268897637795
0
LINE
8
BLACK
6
CONTINUOUS
10
0.5274015748031496
20
0.2252268897637795
11
0.5286848031496063
21
0.2196047244094488
0
LINE
8
BLACK
6
CONTINUOUS
10
0.5286848031496063
20
0.2196047244094488
11
0.5311868897637795
21
0.214409094488189
0
LINE
8
BLACK
6
CONTINUOUS
10
0.5311868897637795
20
0.214409094488189
11
0.5347823622047244
21
0.2099004724409449
0
LINE
8
BLACK
6
CONTINUOUS
10
0.5347823622047244
20
0.2099004724409449
11
0.5392909842519685
21
0.206305
0
LINE
8
BLACK
6
CONTINUOUS
10
0.5392909842519685
20
0.206305
11
0.5444866141732283
21
0.2038029133858268
0
LINE
8
BLACK
6
CONTINUOUS
10
0.5444866141732283
20
0.2038029133858268
11
0.550108779527559
21
0.2025196850393701
0
LINE
8
BLACK
6
CONTINUOUS
10
0.550108779527559
20
0.2025196850393701
11
0.552992125984252
21
0.2025196850393701
0
LINE
8
BLACK
6
CONTINUOUS
10
0.552992125984252
20
0.2025196850393701
11
0.5766141732283464
21
0.2025196850393701
0
LINE
8
BLACK
6
CONTINUOUS
10
0.5766141732283464
20
0.2025196850393701
11
0.5794975196850394
21
0.2025196850393701
0
LINE
8
BLACK
6
CONTINUOUS
10
0.5794975196850394
20
0.2025196850393701
11
0.5851196850393701
21
0.2038029133858268
0
LINE
8
BLACK
6
CONTINUOUS
10
0.5851196850393701
20
0.2038029133858268
11
0.5903153149606299
21
0.206305
0
LINE
8
BLACK
6
CONTINUOUS
10
0.5903153149606299
20
0.206305
11
0.5948239370078739
21
0.2099004724409449
0
LINE
8
BLACK
6
CONTINUOUS
10
0.5948239370078739
20
0.2099004724409449
11
0.5984194094488189
21
0.214409094488189
0
LINE
8
BLACK
6
CONTINUOUS
10
0.5984194094488189
20
0.214409094488189
11
0.6009214960629922
21
0.2196047244094488
0
LINE
8
BLACK
6
CONTINUOUS
10
0.6009214960629922
20
0.2196047244094488
11
0.6022047244094488
21
0.2252268897637795
0
LINE
8
BLACK
6
CONTINUOUS
10
0.6022047244094488
20
0.2252268897637795
11
0.6022047244094488
21
0.2281102362204724
0
LINE
8
BLACK
6
CONTINUOUS
10
0.6022047244094488
20
0.2281102362204724
11
0.6022047244094488
21
0.2832283464566929
0
LINE
8
BLACK
6
CONTINUOUS
10
0.6022047244094488
20
0.2832283464566929
11
0.6022047244094488
21
0.2861116929133858
0
LINE
8
BLACK
6
CONTINUOUS
10
0.6022047244094488
20
0.2861116929133858
11
0.6009214960629922
21
0.2917338582677165
0
LINE
8
BLACK
6
CONTINUOUS
10
0.6009214960629922
20
0.2917338582677165
11
0.5984194094488189
21
0.2969294881889764
0
LINE
8
BLACK
6
CONTINUOUS
10
0.5984194094488189
20
0.2969294881889764
11
0.5948239370078739
21
0.3014381102362205
0
LINE
8
BLACK
6
CONTINUOUS
10
0.5948239370078739
20
0.3014381102362205
11
0.5903153149606299
21
0.3050335826771653
0
LINE
8
BLACK
6
CONTINUOUS
10
0.5903153149606299
20
0.3050335826771653
11
0.5851196850393701
21
0.3075356692913386
0
LINE
8
BLACK
6
CONTINUOUS
10
0.5851196850393701
20
0.3075356692913386
11
0.5794975196850394
21
0.3088188976377952
0
LINE
8
BLACK
6
CONTINUOUS
10
0.5794975196850394
20
0.3088188976377952
11
0.5766141732283464
21
0.3088188976377952
0
LINE
8
BLACK
6
CONTINUOUS
10
0.5766141732283464
20
0.3088188976377952
11
0.552992125984252
21
0.3088188976377952
0
LINE
8
BLACK
6
CONTINUOUS
10
0.2588387401574803
20
0.2504380708661417
11
0.2602579527559055
21
0.2498501968503937
0
LINE
8
BLACK
6
CONTINUOUS
10
0.2602579527559055
20
0.2498501968503937
11
0.2613441732283465
21
0.2487639763779528
0
LINE
8
BLACK
6
CONTINUOUS
10
0.2613441732283465
20
0.2487639763779528
11
0.2619320472440945
21
0.2473447637795275
0
LINE
8
BLACK
6
CONTINUOUS
10
0.2619320472440945
20
0.2473447637795275
11
0.2620076771653543
21
0.2465766929133858
0
LINE
8
BLACK
6
CONTINUOUS
10
0.2620076771653543
20
0.2465766929133858
11
0.2620076771653543
21
0.2295162992125984
0
LINE
8
BLACK
6
CONTINUOUS
10
0.2620076771653543
20
0.2295162992125984
11
0.2619320472440945
21
0.2287482283464567
0
LINE
8
BLACK
6
CONTINUOUS
10
0.2619320472440945
20
0.2287482283464567
11
0.261877874015748
21
0.2286175196850394
0
LINE
8
BLACK
6
CONTINUOUS
10
0.261877874015748
20
0.2286175196850394
11
0.261867874015748
21
0.2284764173228346
0
LINE
8
BLACK
6
CONTINUOUS
10
0.261867874015748
20
0.2284764173228346
11
0.2615920472440945
21
0.2277555905511811
0
LINE
8
BLACK
6
CONTINUOUS
10
0.2615920472440945
20
0.2277555905511811
11
0.259154842519685
21
0.2228812204724409
0
LINE
8
BLACK
6
CONTINUOUS
10
0.259154842519685
20
0.2228812204724409
11
0.2589466929133858
21
0.2225505905511811
0
LINE
8
BLACK
6
CONTINUOUS
10
0.2589466929133858
20
0.2225505905511811
11
0.258906968503937
21
0.2224546456692913
0
LINE
8
BLACK
6
CONTINUOUS
10
0.258906968503937
20
0.2224546456692913
11
0.2588183070866142
21
0.2223466535433071
0
LINE
8
BLACK
6
CONTINUOUS
10
0.2588183070866142
20
0.2223466535433071
11
0.2587437007874016
21
0.2222280708661417
0
LINE
8
BLACK
6
CONTINUOUS
10
0.2587437007874016
20
0.2222280708661417
11
0.2586650393700787
21
0.2221598818897638
0
LINE
8
BLACK
6
CONTINUOUS
10
0.2586650393700787
20
0.2221598818897638
11
0.2584173622047244
21
0.221858031496063
0
LINE
8
BLACK
6
CONTINUOUS
10
0.2584173622047244
20
0.221858031496063
11
0.2559801574803149
21
0.2194208267716535
0
LINE
8
BLACK
6
CONTINUOUS
10
0.2559801574803149
20
0.2194208267716535
11
0.2556783070866142
21
0.2191731496062992
0
LINE
8
BLACK
6
CONTINUOUS
10
0.2556783070866142
20
0.2191731496062992
11
0.2556101181102362
21
0.2190944881889764
0
LINE
8
BLACK
6
CONTINUOUS
10
0.2556101181102362
20
0.2190944881889764
11
0.2554915354330708
21
0.2190198818897638
0
LINE
8
BLACK
6
CONTINUOUS
10
0.2554915354330708
20
0.2190198818897638
11
0.2553835433070866
21
0.2189312204724409
0
LINE
8
BLACK
6
CONTINUOUS
10
0.2553835433070866
20
0.2189312204724409
11
0.2552875984251968
21
0.2188914960629921
0
LINE
8
BLACK
6
CONTINUOUS
10
0.2552875984251968
20
0.2188914960629921
11
0.254956968503937
21
0.2186833464566929
0
LINE
8
BLACK
6
CONTINUOUS
10
0.254956968503937
20
0.2186833464566929
11
0.2500825984251969
21
0.2162461417322835
0
LINE
8
BLACK
6
CONTINUOUS
10
0.2500825984251969
20
0.2162461417322835
11
0.2493617716535433
21
0.2159703149606299
0
LINE
8
BLACK
6
CONTINUOUS
10
0.2493617716535433
20
0.2159703149606299
11
0.2492206692913386
21
0.2159603149606299
0
LINE
8
BLACK
6
CONTINUOUS
10
0.2492206692913386
20
0.2159603149606299
11
0.2490899606299213
21
0.2159061417322835
0
LINE
8
BLACK
6
CONTINUOUS
10
0.2490899606299213
20
0.2159061417322835
11
0.2483218897637795
21
0.2158305118110236
0
LINE
8
BLACK
6
CONTINUOUS
10
0.2483218897637795
20
0.2158305118110236
11
0.2434474803149606
21
0.2158305118110236
0
LINE
8
BLACK
6
CONTINUOUS
10
0.2434474803149606
20
0.2158305118110236
11
0.2426794094488189
21
0.2159061417322835
0
LINE
8
BLACK
6
CONTINUOUS
10
0.2426794094488189
20
0.2159061417322835
11
0.2425486614173228
21
0.2159603149606299
0
LINE
8
BLACK
6
CONTINUOUS
10
0.2425486614173228
20
0.2159603149606299
11
0.2424075984251969
21
0.2159703149606299
0
LINE
8
BLACK
6
CONTINUOUS
10
0.2424075984251969
20
0.2159703149606299
11
0.2416867716535433
21
0.2162461417322835
0
LINE
8
BLACK
6
CONTINUOUS
10
0.2416867716535433
20
0.2162461417322835
11
0.2368124015748032
21
0.2186833464566929
0
LINE
8
BLACK
6
CONTINUOUS
10
0.2368124015748032
20
0.2186833464566929
11
0.2364817322834646
21
0.2188914960629921
0
LINE
8
BLACK
6
CONTINUOUS
10
0.2364817322834646
20
0.2188914960629921
11
0.2363858267716535
21
0.2189312204724409
0
LINE
8
BLACK
6
CONTINUOUS
10
0.2363858267716535
20
0.2189312204724409
11
0.2362777952755905
21
0.2190198818897638
0
LINE
8
BLACK
6
CONTINUOUS
10
0.2362777952755905
20
0.2190198818897638
11
0.2361592519685039
21
0.2190944881889764
0
LINE
8
BLACK
6
CONTINUOUS
10
0.2361592519685039
20
0.2190944881889764
11
0.2360910236220472
21
0.2191731496062992
0
LINE
8
BLACK
6
CONTINUOUS
10
0.2360910236220472
20
0.2191731496062992
11
0.2357892125984252
21
0.2194208267716535
0
LINE
8
BLACK
6
CONTINUOUS
10
0.2357892125984252
20
0.2194208267716535
11
0.2347661417322835
21
0.2204438976377953
0
LINE
8
BLACK
6
CONTINUOUS
10
0.2347661417322835
20
0.2204438976377953
11
0.2346818503937008
21
0.220255
0
LINE
8
BLACK
6
CONTINUOUS
10
0.2346818503937008
20
0.220255
11
0.2345891732283465
21
0.2201481889763779
0
LINE
8
BLACK
6
CONTINUOUS
10
0.2345891732283465
20
0.2201481889763779
11
0.2345350393700787
21
0.2200174409448819
0
LINE
8
BLACK
6
CONTINUOUS
10
0.2345350393700787
20
0.2200174409448819
11
0.2340453937007874
21
0.2194208661417323
0
LINE
8
BLACK
6
CONTINUOUS
10
0.2340453937007874
20
0.2194208661417323
11
0.2316082283464567
21
0.2169836614173228
0
LINE
8
BLACK
6
CONTINUOUS
10
0.2316082283464567
20
0.2169836614173228
11
0.2313062598425197
21
0.2167358661417323
0
LINE
8
BLACK
6
CONTINUOUS
10
0.2313062598425197
20
0.2167358661417323
11
0.2312381496062992
21
0.2166572834645669
0
LINE
8
BLACK
6
CONTINUOUS
10
0.2312381496062992
20
0.2166572834645669
11
0.231119842519685
21
0.2165828346456693
0
LINE
8
BLACK
6
CONTINUOUS
10
0.231119842519685
20
0.2165828346456693
11
0.2310116535433071
21
0.2164940157480315
0
LINE
8
BLACK
6
CONTINUOUS
10
0.2310116535433071
20
0.2164940157480315
11
0.2309154330708661
21
0.2164542125984252
0
LINE
8
BLACK
6
CONTINUOUS
10
0.2309154330708661
20
0.2164542125984252
11
0.2305849606299213
21
0.2162461417322835
0
LINE
8
BLACK
6
CONTINUOUS
10
0.2305849606299213
20
0.2162461417322835
11
0.2257105905511811
21
0.2138089763779528
0
LINE
8
BLACK
6
CONTINUOUS
10
0.2257105905511811
20
0.2138089763779528
11
0.2249897637795276
21
0.2135331496062992
0
LINE
8
BLACK
6
CONTINUOUS
10
0.2249897637795276
20
0.2135331496062992
11
0.2248487007874016
21
0.2135231496062992
0
LINE
8
BLACK
6
CONTINUOUS
10
0.2248487007874016
20
0.2135231496062992
11
0.2247179921259843
21
0.2134689763779528
0
LINE
8
BLACK
6
CONTINUOUS
10
0.2247179921259843
20
0.2134689763779528
11
0.2239499212598425
21
0.2133933464566929
0
LINE
8
BLACK
6
CONTINUOUS
10
0.2239499212598425
20
0.2133933464566929
11
0.2166383464566929
21
0.2133933464566929
0
LINE
8
BLACK
6
CONTINUOUS
10
0.2166383464566929
20
0.2133933464566929
11
0.2158702755905512
21
0.2134689763779528
0
LINE
8
BLACK
6
CONTINUOUS
10
0.2158702755905512
20
0.2134689763779528
11
0.2157395275590551
21
0.2135231496062992
0
LINE
8
BLACK
6
CONTINUOUS
10
0.2157395275590551
20
0.2135231496062992
11
0.2155984645669291
21
0.2135331496062992
0
LINE
8
BLACK
6
CONTINUOUS
10
0.2155984645669291
20
0.2135331496062992
11
0.2148776771653543
21
0.2138089763779528
0
LINE
8
BLACK
6
CONTINUOUS
10
0.2148776771653543
20
0.2138089763779528
11
0.2100032677165354
21
0.2162461417322835
0
LINE
8
BLACK
6
CONTINUOUS
10
0.2100032677165354
20
0.2162461417322835
11
0.2096727165354331
21
0.2164542125984252
0
LINE
8
BLACK
6
CONTINUOUS
10
0.2096727165354331
20
0.2164542125984252
11
0.2095766141732283
21
0.2164940157480315
0
LINE
8
BLACK
6
CONTINUOUS
10
0.2095766141732283
20
0.2164940157480315
11
0.2094684251968504
21
0.2165828346456693
0
LINE
8
BLACK
6
CONTINUOUS
10
0.2094684251968504
20
0.2165828346456693
11
0.2093501181102362
21
0.2166572834645669
0
LINE
8
BLACK
6
CONTINUOUS
10
0.2093501181102362
20
0.2166572834645669
11
0.209281968503937
21
0.2167358661417323
0
LINE
8
BLACK
6
CONTINUOUS
10
0.209281968503937
20
0.2167358661417323
11
0.2089800393700787
21
0.2169836614173228
0
LINE
8
BLACK
6
CONTINUOUS
10
0.2089800393700787
20
0.2169836614173228
11
0.206542874015748
21
0.2194208661417323
0
LINE
8
BLACK
6
CONTINUOUS
10
0.206542874015748
20
0.2194208661417323
11
0.2062951181102362
21
0.2197227165354331
0
LINE
8
BLACK
6
CONTINUOUS
10
0.2062951181102362
20
0.2197227165354331
11
0.2062165354330709
21
0.2197908661417323
0
LINE
8
BLACK
6
CONTINUOUS
10
0.2062165354330709
20
0.2197908661417323
11
0.206141968503937
21
0.2199093307086614
0
LINE
8
BLACK
6
CONTINUOUS
10
0.206141968503937
20
0.2199093307086614
11
0.2060532283464567
21
0.2200174409448819
0
LINE
8
BLACK
6
CONTINUOUS
10
0.2060532283464567
20
0.2200174409448819
11
0.2060134251968504
21
0.2201135433070866
0
LINE
8
BLACK
6
CONTINUOUS
10
0.2060134251968504
20
0.2201135433070866
11
0.2058053937007874
21
0.2204440157480315
0
LINE
8
BLACK
6
CONTINUOUS
10
0.2058053937007874
20
0.2204440157480315
11
0.203368188976378
21
0.2253184645669291
0
LINE
8
BLACK
6
CONTINUOUS
10
0.203368188976378
20
0.2253184645669291
11
0.2030923622047244
21
0.2260392519685039
0
LINE
8
BLACK
6
CONTINUOUS
10
0.2030923622047244
20
0.2260392519685039
11
0.2030823228346457
21
0.2261803543307087
0
LINE
8
BLACK
6
CONTINUOUS
10
0.2030823228346457
20
0.2261803543307087
11
0.2030281889763779
21
0.226311062992126
0
LINE
8
BLACK
6
CONTINUOUS
10
0.2030281889763779
20
0.226311062992126
11
0.2029525590551181
21
0.2270791338582677
0
LINE
8
BLACK
6
CONTINUOUS
10
0.2029525590551181
20
0.2270791338582677
11
0.2029525590551181
21
0.2465766929133858
0
LINE
8
BLACK
6
CONTINUOUS
10
0.2029525590551181
20
0.2465766929133858
11
0.2030281889763779
21
0.2473447637795275
0
LINE
8
BLACK
6
CONTINUOUS
10
0.2030281889763779
20
0.2473447637795275
11
0.203616062992126
21
0.2487639763779528
0
LINE
8
BLACK
6
CONTINUOUS
10
0.203616062992126
20
0.2487639763779528
11
0.2047022834645669
21
0.2498501968503937
0
LINE
8
BLACK
6
CONTINUOUS
10
0.2047022834645669
20
0.2498501968503937
11
0.2061214960629921
21
0.2504380708661417
0
LINE
8
BLACK
6
CONTINUOUS
10
0.2061214960629921
20
0.2504380708661417
11
0.2068895669291339
21
0.2505137007874016
0
LINE
8
BLACK
6
CONTINUOUS
10
0.2068895669291339
20
0.2505137007874016
11
0.2580706692913386
21
0.2505137007874016
0
LINE
8
BLACK
6
CONTINUOUS
10
0.2580706692913386
20
0.2505137007874016
11
0.2588387401574803
21
0.2504380708661417
0
LINE
8
BLACK
6
CONTINUOUS
10
0.2108265748031496
20
0.2280085433070866
11
0.2125624409448819
21
0.2245368110236221
0
LINE
8
BLACK
6
CONTINUOUS
10
0.2125624409448819
20
0.2245368110236221
11
0.2140960236220472
21
0.2230031889763779
0
LINE
8
BLACK
6
CONTINUOUS
10
0.2140960236220472
20
0.2230031889763779
11
0.2175677165354331
21
0.2212673622047244
0
LINE
8
BLACK
6
CONTINUOUS
10
0.2175677165354331
20
0.2212673622047244
11
0.2230205118110236
21
0.2212673622047244
0
LINE
8
BLACK
6
CONTINUOUS
10
0.2230205118110236
20
0.2212673622047244
11
0.2264922047244095
21
0.2230032283464567
0
LINE
8
BLACK
6
CONTINUOUS
10
0.2264922047244095
20
0.2230032283464567
11
0.2278203937007874
21
0.2243314173228347
0
LINE
8
BLACK
6
CONTINUOUS
10
0.2278203937007874
20
0.2243314173228347
11
0.2297616929133858
21
0.2301551968503937
0
LINE
8
BLACK
6
CONTINUOUS
10
0.2297616929133858
20
0.2301551968503937
11
0.2297616929133858
21
0.2426396850393701
0
LINE
8
BLACK
6
CONTINUOUS
10
0.2297616929133858
20
0.2426396850393701
11
0.2108265748031496
21
0.2426396850393701
0
LINE
8
BLACK
6
CONTINUOUS
10
0.2108265748031496
20
0.2426396850393701
11
0.2108265748031496
21
0.2280085433070866
0
LINE
8
BLACK
6
CONTINUOUS
10
0.2376357086614173
20
0.2304457874015748
11
0.2393715354330709
21
0.226974094488189
0
LINE
8
BLACK
6
CONTINUOUS
10
0.2393715354330709
20
0.226974094488189
11
0.2409052362204724
21
0.2254403937007874
0
LINE
8
BLACK
6
CONTINUOUS
10
0.2409052362204724
20
0.2254403937007874
11
0.2443769291338583
21
0.2237045275590551
0
LINE
8
BLACK
6
CONTINUOUS
10
0.2443769291338583
20
0.2237045275590551
11
0.2473924409448819
21
0.2237045275590551
0
LINE
8
BLACK
6
CONTINUOUS
10
0.2473924409448819
20
0.2237045275590551
11
0.250864094488189
21
0.2254403937007874
0
LINE
8
BLACK
6
CONTINUOUS
10
0.250864094488189
20
0.2254403937007874
11
0.2523977952755905
21
0.226974094488189
0
LINE
8
BLACK
6
CONTINUOUS
10
0.2523977952755905
20
0.226974094488189
11
0.2541336614173229
21
0.2304457874015748
0
LINE
8
BLACK
6
CONTINUOUS
10
0.2541336614173229
20
0.2304457874015748
11
0.2541336614173229
21
0.2426396850393701
0
LINE
8
BLACK
6
CONTINUOUS
10
0.2541336614173229
20
0.2426396850393701
11
0.2376357086614173
21
0.2426396850393701
0
LINE
8
BLACK
6
CONTINUOUS
10
0.2376357086614173
20
0.2426396850393701
11
0.2376357086614173
21
0.2304457874015748
0
LINE
8
BLACK
6
CONTINUOUS
10
0.5052302362204725
20
0.2468758267716535
11
0.5060448818897638
21
0.2460611811023622
0
LINE
8
BLACK
6
CONTINUOUS
10
0.5060448818897638
20
0.2460611811023622
11
0.5064857874015748
21
0.2449967716535433
0
LINE
8
BLACK
6
CONTINUOUS
10
0.5064857874015748
20
0.2449967716535433
11
0.5065425196850394
21
0.2444207086614173
0
LINE
8
BLACK
6
CONTINUOUS
10
0.5065425196850394
20
0.2444207086614173
11
0.5065425196850394
21
0.2219235433070866
0
LINE
8
BLACK
6
CONTINUOUS
10
0.5065425196850394
20
0.2219235433070866
11
0.5064857874015748
21
0.2213474803149606
0
LINE
8
BLACK
6
CONTINUOUS
10
0.5064857874015748
20
0.2213474803149606
11
0.5060448818897638
21
0.2202830708661417
0
LINE
8
BLACK
6
CONTINUOUS
10
0.5060448818897638
20
0.2202830708661417
11
0.5052302362204725
21
0.2194684251968504
0
LINE
8
BLACK
6
CONTINUOUS
10
0.5052302362204725
20
0.2194684251968504
11
0.5041658267716536
21
0.2190275196850394
0
LINE
8
BLACK
6
CONTINUOUS
10
0.5041658267716536
20
0.2190275196850394
11
0.5030137007874016
21
0.2190275196850394
0
LINE
8
BLACK
6
CONTINUOUS
10
0.5030137007874016
20
0.2190275196850394
11
0.5019492913385827
21
0.2194684251968504
0
LINE
8
BLACK
6
CONTINUOUS
10
0.5019492913385827
20
0.2194684251968504
11
0.5011346456692913
21
0.2202830708661417
0
LINE
8
BLACK
6
CONTINUOUS
10
0.5011346456692913
20
0.2202830708661417
11
0.5006937401574802
21
0.2213474803149606
0
LINE
8
BLACK
6
CONTINUOUS
10
0.5006937401574802
20
0.2213474803149606
11
0.5006370078740158
21
0.2219235433070866
0
LINE
8
BLACK
6
CONTINUOUS
10
0.5006370078740158
20
0.2219235433070866
11
0.5006370078740158
21
0.2302193700787402
0
LINE
8
BLACK
6
CONTINUOUS
10
0.5006370078740158
20
0.2302193700787402
11
0.4642196850393701
21
0.2302193700787402
0
LINE
8
BLACK
6
CONTINUOUS
10
0.4642196850393701
20
0.2302193700787402
11
0.4636436220472441
21
0.2302761023622047
0
LINE
8
BLACK
6
CONTINUOUS
10
0.4636436220472441
20
0.2302761023622047
11
0.4625792125984252
21
0.2307170078740158
0
LINE
8
BLACK
6
CONTINUOUS
10
0.4625792125984252
20
0.2307170078740158
11
0.4617645669291339
21
0.2315316535433071
0
LINE
8
BLACK
6
CONTINUOUS
10
0.4617645669291339
20
0.2315316535433071
11
0.4613236614173228
21
0.232596062992126
0
LINE
8
BLACK
6
CONTINUOUS
10
0.4613236614173228
20
0.232596062992126
11
0.4613236614173228
21
0.2337481889763779
0
LINE
8
BLACK
6
CONTINUOUS
10
0.4613236614173228
20
0.2337481889763779
11
0.4617645669291339
21
0.2348125984251968
0
LINE
8
BLACK
6
CONTINUOUS
10
0.4617645669291339
20
0.2348125984251968
11
0.4625792125984252
21
0.2356272440944882
0
LINE
8
BLACK
6
CONTINUOUS
10
0.4625792125984252
20
0.2356272440944882
11
0.4636436220472441
21
0.2360681496062992
0
LINE
8
BLACK
6
CONTINUOUS
10
0.4636436220472441
20
0.2360681496062992
11
0.4642196850393701
21
0.2361248818897638
0
LINE
8
BLACK
6
CONTINUOUS
10
0.4642196850393701
20
0.2361248818897638
11
0.5006370078740158
21
0.2361248818897638
0
LINE
8
BLACK
6
CONTINUOUS
10
0.5006370078740158
20
0.2361248818897638
11
0.5006370078740158
21
0.2444207086614173
0
LINE
8
BLACK
6
CONTINUOUS
10
0.5006370078740158
20
0.2444207086614173
11
0.5006937401574802
21
0.2449967716535433
0
LINE
8
BLACK
6
CONTINUOUS
10
0.5006937401574802
20
0.2449967716535433
11
0.5011346456692913
21
0.2460611811023622
0
LINE
8
BLACK
6
CONTINUOUS
10
0.5011346456692913
20
0.2460611811023622
11
0.5019492913385827
21
0.2468758267716535
0
LINE
8
BLACK
6
CONTINUOUS
10
0.5019492913385827
20
0.2468758267716535
11
0.5030137007874016
21
0.2473167322834646
0
LINE
8
BLACK
6
CONTINUOUS
10
0.5030137007874016
20
0.2473167322834646
11
0.5041658267716536
21
0.2473167322834646
0
LINE
8
BLACK
6
CONTINUOUS
10
0.5041658267716536
20
0.2473167322834646
11
0.5052302362204725
21
0.2468758267716535
0
LINE
8
BLACK
6
CONTINUOUS
10
0.6552668897637796
20
0.2511582677165354
11
0.656476968503937
21
0.2496182283464567
0
LINE
8
BLACK
6
CONTINUOUS
10
0.656476968503937
20
0.2496182283464567
11
0.6562435826771653
21
0.2476735433070866
0
LINE
8
BLACK
6
CONTINUOUS
10
0.6562435826771653
20
0.2476735433070866
11
0.6555938976377953
21
0.2469153149606299
0
LINE
8
BLACK
6
CONTINUOUS
10
0.6555938976377953
20
0.2469153149606299
11
0.6463438976377952
21
0.2396474803149606
0
LINE
8
BLACK
6
CONTINUOUS
10
0.6463438976377952
20
0.2396474803149606
11
0.6555938976377953
21
0.2323796062992126
0
LINE
8
BLACK
6
CONTINUOUS
10
0.6555938976377953
20
0.2323796062992126
11
0.6562435826771653
21
0.2316213779527559
0
LINE
8
BLACK
6
CONTINUOUS
10
0.6562435826771653
20
0.2316213779527559
11
0.656476968503937
21
0.2296766929133858
0
LINE
8
BLACK
6
CONTINUOUS
10
0.656476968503937
20
0.2296766929133858
11
0.6552668897637796
21
0.2281366535433071
0
LINE
8
BLACK
6
CONTINUOUS
10
0.6552668897637796
20
0.2281366535433071
11
0.6533222047244094
21
0.2279032677165354
0
LINE
8
BLACK
6
CONTINUOUS
10
0.6533222047244094
20
0.2279032677165354
11
0.6524318503937008
21
0.2283551181102362
0
LINE
8
BLACK
6
CONTINUOUS
10
0.6524318503937008
20
0.2283551181102362
11
0.6422018503937008
21
0.2363929921259842
0
LINE
8
BLACK
6
CONTINUOUS
10
0.6422018503937008
20
0.2363929921259842
11
0.6319718503937007
21
0.2283551181102362
0
LINE
8
BLACK
6
CONTINUOUS
10
0.6319718503937007
20
0.2283551181102362
11
0.6310814960629921
21
0.2279032677165354
0
LINE
8
BLACK
6
CONTINUOUS
10
0.6310814960629921
20
0.2279032677165354
11
0.6291368110236221
21
0.2281366535433071
0
LINE
8
BLACK
6
CONTINUOUS
10
0.6291368110236221
20
0.2281366535433071
11
0.6279267322834645
21
0.2296766929133858
0
LINE
8
BLACK
6
CONTINUOUS
10
0.6279267322834645
20
0.2296766929133858
11
0.6281601181102362
21
0.2316213779527559
0
LINE
8
BLACK
6
CONTINUOUS
10
0.6281601181102362
20
0.2316213779527559
11
0.6288098031496063
21
0.2323796062992126
0
LINE
8
BLACK
6
CONTINUOUS
10
0.6288098031496063
20
0.2323796062992126
11
0.6380597637795276
21
0.2396474803149606
0
LINE
8
BLACK
6
CONTINUOUS
10
0.6380597637795276
20
0.2396474803149606
11
0.6288098031496063
21
0.2469153149606299
0
LINE
8
BLACK
6
CONTINUOUS
10
0.6288098031496063
20
0.2469153149606299
11
0.6281601181102362
21
0.2476735433070866
0
LINE
8
BLACK
6
CONTINUOUS
10
0.6281601181102362
20
0.2476735433070866
11
0.6279267322834645
21
0.2496182283464567
0
LINE
8
BLACK
6
CONTINUOUS
10
0.6279267322834645
20
0.2496182283464567
11
0.6291368110236221
21
0.2511582677165354
0
LINE
8
BLACK
6
CONTINUOUS
10
0.6291368110236221
20
0.2511582677165354
11
0.6310814960629921
21
0.2513916535433071
0
LINE
8
BLACK
6
CONTINUOUS
10
0.6310814960629921
20
0.2513916535433071
11
0.6319718503937007
21
0.2509398031496063
0
LINE
8
BLACK
6
CONTINUOUS
10
0.6319718503937007
20
0.2509398031496063
11
0.6422018503937008
21
0.242901968503937
0
LINE
8
BLACK
6
CONTINUOUS
10
0.6422018503937008
20
0.242901968503937
11
0.6524318503937008
21
0.2509398031496063
0
LINE
8
BLACK
6
CONTINUOUS
10
0.6524318503937008
20
0.2509398031496063
11
0.6533222047244094
21
0.2513916535433071
0
LINE
8
BLACK
6
CONTINUOUS
10
0.6533222047244094
20
0.2513916535433071
11
0.6552668897637796
21
0.2511582677165354
0
LINE
8
BLACK
6
CONTINUOUS
10
0.712312125984252
20
0.2511582677165354
11
0.7135222047244094
21
0.2496182283464567
0
LINE
8
BLACK
6
CONTINUOUS
10
0.7135222047244094
20
0.2496182283464567
11
0.7132888188976377
21
0.2476735433070866
0
LINE
8
BLACK
6
CONTINUOUS
10
0.7132888188976377
20
0.2476735433070866
11
0.7126391338582677
21
0.2469153149606299
0
LINE
8
BLACK
6
CONTINUOUS
10
0.7126391338582677
20
0.2469153149606299
11
0.7033891338582677
21
0.2396474803149606
0
LINE
8
BLACK
6
CONTINUOUS
10
0.7033891338582677
20
0.2396474803149606
11
0.7126391338582677
21
0.2323796062992126
0
LINE
8
BLACK
6
CONTINUOUS
10
0.7126391338582677
20
0.2323796062992126
11
0.7132888188976377
21
0.2316213779527559
0
LINE
8
BLACK
6
CONTINUOUS
10
0.7132888188976377
20
0.2316213779527559
11
0.7135222047244094
21
0.2296766929133858
0
LINE
8
BLACK
6
CONTINUOUS
10
0.7135222047244094
20
0.2296766929133858
11
0.712312125984252
21
0.2281366535433071
0
LINE
8
BLACK
6
CONTINUOUS
10
0.712312125984252
20
0.2281366535433071
11
0.7103674409448819
21
0.2279032677165354
0
LINE
8
BLACK
6
CONTINUOUS
10
0.7103674409448819
20
0.2279032677165354
11
0.7094770866141732
21
0.2283551181102362
0
LINE
8
BLACK
6
CONTINUOUS
10
0.7094770866141732
20
0.2283551181102362
11
0.6992470866141732
21
0.2363929921259842
0
LINE
8
BLACK
6
CONTINUOUS
10
0.6992470866141732
20
0.2363929921259842
11
0.6890170866141732
21
0.2283551181102362
0
LINE
8
BLACK
6
CONTINUOUS
10
0.6890170866141732
20
0.2283551181102362
11
0.6881267322834645
21
0.2279032677165354
0
LINE
8
BLACK
6
CONTINUOUS
10
0.6881267322834645
20
0.2279032677165354
11
0.6861820472440945
21
0.2281366535433071
0
LINE
8
BLACK
6
CONTINUOUS
10
0.6861820472440945
20
0.2281366535433071
11
0.684971968503937
21
0.2296766929133858
0
LINE
8
BLACK
6
CONTINUOUS
10
0.684971968503937
20
0.2296766929133858
11
0.6852053543307086
21
0.2316213779527559
0
LINE
8
BLACK
6
CONTINUOUS
10
0.6852053543307086
20
0.2316213779527559
11
0.6858550393700787
21
0.2323796062992126
0
LINE
8
BLACK
6
CONTINUOUS
10
0.6858550393700787
20
0.2323796062992126
11
0.695105
21
0.2396474803149606
0
LINE
8
BLACK
6
CONTINUOUS
10
0.695105
20
0.2396474803149606
11
0.6858550393700787
21
0.2469153149606299
0
LINE
8
BLACK
6
CONTINUOUS
10
0.6858550393700787
20
0.2469153149606299
11
0.6852053543307086
21
0.2476735433070866
0
LINE
8
BLACK
6
CONTINUOUS
10
0.6852053543307086
20
0.2476735433070866
11
0.684971968503937
21
0.2496182283464567
0
LINE
8
BLACK
6
CONTINUOUS
10
0.684971968503937
20
0.2496182283464567
11
0.6861820472440945
21
0.2511582677165354
0
LINE
8
BLACK
6
CONTINUOUS
10
0.6861820472440945
20
0.2511582677165354
11
0.6881267322834645
21
0.2513916535433071
0
LINE
8
BLACK
6
CONTINUOUS
10
0.6881267322834645
20
0.2513916535433071
11
0.6890170866141732
21
0.2509398031496063
0
LINE
8
BLACK
6
CONTINUOUS
10
0.6890170866141732
20
0.2509398031496063
11
0.6992470866141732
21
0.242901968503937
0
LINE
8
BLACK
6
CONTINUOUS
10
0.6992470866141732
20
0.242901968503937
11
0.7094770866141732
21
0.2509398031496063
0
LINE
8
BLACK
6
CONTINUOUS
10
0.7094770866141732
20
0.2509398031496063
11
0.7103674409448819
21
0.2513916535433071
0
LINE
8
BLACK
6
CONTINUOUS
10
0.7103674409448819
20
0.2513916535433071
11
0.712312125984252
21
0.2511582677165354
0
LINE
8
BLACK
6
CONTINUOUS
10
0.0950228346456693
20
0.6506481102362205
11
0.1053771653543307
21
0.6485885039370078
0
LINE
8
BLACK
6
CONTINUOUS
10
0.1053771653543307
20
0.6485885039370078
11
0.115374094488189
21
0.645195
0
LINE
8
BLACK
6
CONTINUOUS
10
0.115374094488189
20
0.645195
11
0.1248425590551181
21
0.6405256692913386
0
LINE
8
BLACK
6
CONTINUOUS
10
0.1248425590551181
20
0.6405256692913386
11
0.1336205118110236
21
0.6346603937007874
0
LINE
8
BLACK
6
CONTINUOUS
10
0.1336205118110236
20
0.6346603937007874
11
0.1415578346456693
21
0.6276995669291339
0
LINE
8
BLACK
6
CONTINUOUS
10
0.1415578346456693
20
0.6276995669291339
11
0.1485187007874016
21
0.6197622440944882
0
LINE
8
BLACK
6
CONTINUOUS
10
0.1485187007874016
20
0.6197622440944882
11
0.154383937007874
21
0.6109842519685039
0
LINE
8
BLACK
6
CONTINUOUS
10
0.154383937007874
20
0.6109842519685039
11
0.1590532677165354
21
0.6015157874015747
0
LINE
8
BLACK
6
CONTINUOUS
10
0.1590532677165354
20
0.6015157874015747
11
0.1624467716535433
21
0.5915188582677166
0
LINE
8
BLACK
6
CONTINUOUS
10
0.1624467716535433
20
0.5915188582677166
11
0.1645063779527559
21
0.5811645275590551
0
LINE
8
BLACK
6
CONTINUOUS
10
0.1645063779527559
20
0.5811645275590551
11
0.1651968503937008
21
0.5706299212598425
0
LINE
8
BLACK
6
CONTINUOUS
10
0.1651968503937008
20
0.5706299212598425
11
0.1651968897637795
21
0.5706299212598425
0
LINE
8
BLACK
6
CONTINUOUS
10
0.1651968897637795
20
0.5706299212598425
11
0.1651278346456693
21
0.5704174409448819
0
LINE
8
BLACK
6
CONTINUOUS
10
0.1651278346456693
20
0.5704174409448819
11
0.1651968897637795
21
0.5700703543307086
0
LINE
8
BLACK
6
CONTINUOUS
10
0.1651968897637795
20
0.5700703543307086
11
0.1651968503937008
21
0.3349690551181102
0
LINE
8
BLACK
6
CONTINUOUS
10
0.1651968503937008
20
0.3349690551181102
11
0.1650470078740157
21
0.3342157480314961
0
LINE
8
BLACK
6
CONTINUOUS
10
0.1650470078740157
20
0.3342157480314961
11
0.1645556692913386
21
0.3337244488188976
0
LINE
8
BLACK
6
CONTINUOUS
10
0.1645556692913386
20
0.3337244488188976
11
0.1639468503937008
21
0.3244344094488189
0
LINE
8
BLACK
6
CONTINUOUS
10
0.1639468503937008
20
0.3244344094488189
11
0.1618872834645669
21
0.3140800393700787
0
LINE
8
BLACK
6
CONTINUOUS
10
0.1618872834645669
20
0.3140800393700787
11
0.1584938188976378
21
0.3040830708661417
0
LINE
8
BLACK
6
CONTINUOUS
10
0.1584938188976378
20
0.3040830708661417
11
0.1538244881889764
21
0.2946146062992126
0
LINE
8
BLACK
6
CONTINUOUS
10
0.1538244881889764
20
0.2946146062992126
11
0.1479592125984252
21
0.2858365748031496
0
LINE
8
BLACK
6
CONTINUOUS
10
0.1479592125984252
20
0.2858365748031496
11
0.1409983858267717
21
0.277899251968504
0
LINE
8
BLACK
6
CONTINUOUS
10
0.1409983858267717
20
0.277899251968504
11
0.1330610236220472
21
0.2709383858267717
0
LINE
8
BLACK
6
CONTINUOUS
10
0.1330610236220472
20
0.2709383858267717
11
0.124283031496063
21
0.2650731102362205
0
LINE
8
BLACK
6
CONTINUOUS
10
0.124283031496063
20
0.2650731102362205
11
0.1148145275590551
21
0.2604038188976378
0
LINE
8
BLACK
6
CONTINUOUS
10
0.1148145275590551
20
0.2604038188976378
11
0.1048175590551181
21
0.2570103543307087
0
LINE
8
BLACK
6
CONTINUOUS
10
0.1048175590551181
20
0.2570103543307087
11
0.094463188976378
21
0.2549507874015748
0
LINE
8
BLACK
6
CONTINUOUS
10
0.094463188976378
20
0.2549507874015748
11
0.0839285826771654
21
0.2542603937007874
0
LINE
8
BLACK
6
CONTINUOUS
10
0.0839285826771654
20
0.2542603937007874
11
0.0839285826771654
21
0.2542603543307086
0
LINE
8
BLACK
6
CONTINUOUS
10
0.0839285826771654
20
0.2542603543307086
11
0.0827714960629921
21
0.2546362992125984
0
LINE
8
BLACK
6
CONTINUOUS
10
0.0827714960629921
20
0.2546362992125984
11
0.0820564173228346
21
0.2556205511811023
0
LINE
8
BLACK
6
CONTINUOUS
10
0.0820564173228346
20
0.2556205511811023
11
0.0820564173228346
21
0.2568371653543307
0
LINE
8
BLACK
6
CONTINUOUS
10
0.0820564173228346
20
0.2568371653543307
11
0.0827715354330709
21
0.2578214173228346
0
LINE
8
BLACK
6
CONTINUOUS
10
0.0827715354330709
20
0.2578214173228346
11
0.0839285826771654
21
0.2581973622047244
0
LINE
8
BLACK
6
CONTINUOUS
10
0.0839285826771654
20
0.2581973622047244
11
0.0839285826771654
21
0.2581974015748031
0
LINE
8
BLACK
6
CONTINUOUS
10
0.0839285826771654
20
0.2581974015748031
11
0.0889604724409449
21
0.2581973622047244
0
LINE
8
BLACK
6
CONTINUOUS
10
0.0889604724409449
20
0.2581973622047244
11
0.0989381496062992
21
0.259510905511811
0
LINE
8
BLACK
6
CONTINUOUS
10
0.0989381496062992
20
0.259510905511811
11
0.1086590551181102
21
0.2621155511811024
0
LINE
8
BLACK
6
CONTINUOUS
10
0.1086590551181102
20
0.2621155511811024
11
0.1179567716535433
21
0.2659667716535433
0
LINE
8
BLACK
6
CONTINUOUS
10
0.1179567716535433
20
0.2659667716535433
11
0.1266722834645669
21
0.2709986220472441
0
LINE
8
BLACK
6
CONTINUOUS
10
0.1266722834645669
20
0.2709986220472441
11
0.1346564173228346
21
0.2771250393700787
0
LINE
8
BLACK
6
CONTINUOUS
10
0.1346564173228346
20
0.2771250393700787
11
0.1417725590551181
21
0.2842412204724409
0
LINE
8
BLACK
6
CONTINUOUS
10
0.1417725590551181
20
0.2842412204724409
11
0.1478990157480315
21
0.2922253543307087
0
LINE
8
BLACK
6
CONTINUOUS
10
0.1478990157480315
20
0.2922253543307087
11
0.1529308661417323
21
0.3009408267716535
0
LINE
8
BLACK
6
CONTINUOUS
10
0.1529308661417323
20
0.3009408267716535
11
0.1567820866141732
21
0.3102385433070866
0
LINE
8
BLACK
6
CONTINUOUS
10
0.1567820866141732
20
0.3102385433070866
11
0.1593867322834646
21
0.3199594488188977
0
LINE
8
BLACK
6
CONTINUOUS
10
0.1593867322834646
20
0.3199594488188977
11
0.1607002755905512
21
0.329937125984252
0
LINE
8
BLACK
6
CONTINUOUS
10
0.1607002755905512
20
0.329937125984252
11
0.1607002362204724
21
0.3349690157480315
0
LINE
8
BLACK
6
CONTINUOUS
10
0.1607002362204724
20
0.3349690157480315
11
0.1610761811023622
21
0.336126062992126
0
LINE
8
BLACK
6
CONTINUOUS
10
0.1610761811023622
20
0.336126062992126
11
0.161259842519685
21
0.3362595275590551
0
LINE
8
BLACK
6
CONTINUOUS
10
0.161259842519685
20
0.3362595275590551
11
0.1612598818897638
21
0.5700703543307086
0
LINE
8
BLACK
6
CONTINUOUS
10
0.1612598818897638
20
0.5700703543307086
11
0.1613288976377953
21
0.5704174409448819
0
LINE
8
BLACK
6
CONTINUOUS
10
0.1613288976377953
20
0.5704174409448819
11
0.1612598818897638
21
0.5706299212598425
0
LINE
8
BLACK
6
CONTINUOUS
10
0.1612598818897638
20
0.5706299212598425
11
0.161259842519685
21
0.5706299212598425
0
LINE
8
BLACK
6
CONTINUOUS
10
0.161259842519685
20
0.5706299212598425
11
0.161259842519685
21
0.575661811023622
0
LINE
8
BLACK
6
CONTINUOUS
10
0.161259842519685
20
0.575661811023622
11
0.1599462598425197
21
0.5856394488188976
0
LINE
8
BLACK
6
CONTINUOUS
10
0.1599462598425197
20
0.5856394488188976
11
0.1573415748031496
21
0.5953603149606299
0
LINE
8
BLACK
6
CONTINUOUS
10
0.1573415748031496
20
0.5953603149606299
11
0.1534903149606299
21
0.6046579921259843
0
LINE
8
BLACK
6
CONTINUOUS
10
0.1534903149606299
20
0.6046579921259843
11
0.1484584645669291
21
0.6133734645669291
0
LINE
8
BLACK
6
CONTINUOUS
10
0.1484584645669291
20
0.6133734645669291
11
0.1423320472440945
21
0.6213575984251969
0
LINE
8
BLACK
6
CONTINUOUS
10
0.1423320472440945
20
0.6213575984251969
11
0.1352158661417323
21
0.6284737401574803
0
LINE
8
BLACK
6
CONTINUOUS
10
0.1352158661417323
20
0.6284737401574803
11
0.1272317716535433
21
0.634600157480315
0
LINE
8
BLACK
6
CONTINUOUS
10
0.1272317716535433
20
0.634600157480315
11
0.1185162992125984
21
0.6396320472440945
0
LINE
8
BLACK
6
CONTINUOUS
10
0.1185162992125984
20
0.6396320472440945
11
0.1092186220472441
21
0.6434832677165354
0
LINE
8
BLACK
6
CONTINUOUS
10
0.1092186220472441
20
0.6434832677165354
11
0.0994977559055118
21
0.6460879921259842
0
LINE
8
BLACK
6
CONTINUOUS
10
0.0994977559055118
20
0.6460879921259842
11
0.0895201181102362
21
0.6474015748031496
0
LINE
8
BLACK
6
CONTINUOUS
10
0.0895201181102362
20
0.6474015748031496
11
0.0844882283464567
21
0.6474015748031496
0
LINE
8
BLACK
6
CONTINUOUS
10
0.0844882283464567
20
0.6474015748031496
11
0.0833311811023622
21
0.6477775196850394
0
LINE
8
BLACK
6
CONTINUOUS
10
0.0833311811023622
20
0.6477775196850394
11
0.082616062992126
21
0.6487617716535433
0
LINE
8
BLACK
6
CONTINUOUS
10
0.082616062992126
20
0.6487617716535433
11
0.082616062992126
21
0.6499783858267716
0
LINE
8
BLACK
6
CONTINUOUS
10
0.082616062992126
20
0.6499783858267716
11
0.0833311811023622
21
0.6509626377952755
0
LINE
8
BLACK
6
CONTINUOUS
10
0.0833311811023622
20
0.6509626377952755
11
0.0844882283464567
21
0.6513385826771654
0
LINE
8
BLACK
6
CONTINUOUS
10
0.0844882283464567
20
0.6513385826771654
11
0.0950228346456693
21
0.6506481102362205
0
LINE
8
BLACK
6
CONTINUOUS
10
0.5041658267716536
20
0.2829372834645669
11
0.5052302362204725
21
0.2824963779527559
0
LINE
8
BLACK
6
CONTINUOUS
10
0.5052302362204725
20
0.2824963779527559
11
0.5060448818897638
21
0.2816817322834645
0
LINE
8
BLACK
6
CONTINUOUS
10
0.5060448818897638
20
0.2816817322834645
11
0.5064857874015748
21
0.2806173228346457
0
LINE
8
BLACK
6
CONTINUOUS
10
0.5064857874015748
20
0.2806173228346457
11
0.5064857874015748
21
0.2794651968503937
0
LINE
8
BLACK
6
CONTINUOUS
10
0.5064857874015748
20
0.2794651968503937
11
0.5060448818897638
21
0.2784007874015748
0
LINE
8
BLACK
6
CONTINUOUS
10
0.5060448818897638
20
0.2784007874015748
11
0.5052302362204725
21
0.2775861417322835
0
LINE
8
BLACK
6
CONTINUOUS
10
0.5052302362204725
20
0.2775861417322835
11
0.5041658267716536
21
0.2771452362204724
0
LINE
8
BLACK
6
CONTINUOUS
10
0.5041658267716536
20
0.2771452362204724
11
0.5035897637795276
21
0.2770885039370078
0
LINE
8
BLACK
6
CONTINUOUS
10
0.5035897637795276
20
0.2770885039370078
11
0.4724158267716536
21
0.2770885039370078
0
LINE
8
BLACK
6
CONTINUOUS
10
0.4724158267716536
20
0.2770885039370078
11
0.4697183464566929
21
0.2757397637795276
0
LINE
8
BLACK
6
CONTINUOUS
10
0.4697183464566929
20
0.2757397637795276
11
0.4685211811023622
21
0.2745426377952756
0
LINE
8
BLACK
6
CONTINUOUS
10
0.4685211811023622
20
0.2745426377952756
11
0.4671724409448819
21
0.2718451181102362
0
LINE
8
BLACK
6
CONTINUOUS
10
0.4671724409448819
20
0.2718451181102362
11
0.4671724409448819
21
0.2657402755905512
0
LINE
8
BLACK
6
CONTINUOUS
10
0.4671724409448819
20
0.2657402755905512
11
0.4685211811023622
21
0.2630427559055118
0
LINE
8
BLACK
6
CONTINUOUS
10
0.4685211811023622
20
0.2630427559055118
11
0.4697183464566929
21
0.2618455905511811
0
LINE
8
BLACK
6
CONTINUOUS
10
0.4697183464566929
20
0.2618455905511811
11
0.4724158267716536
21
0.2604968503937008
0
LINE
8
BLACK
6
CONTINUOUS
10
0.4724158267716536
20
0.2604968503937008
11
0.5035897637795276
21
0.2604968503937008
0
LINE
8
BLACK
6
CONTINUOUS
10
0.5035897637795276
20
0.2604968503937008
11
0.5041658267716536
21
0.2604401181102362
0
LINE
8
BLACK
6
CONTINUOUS
10
0.5041658267716536
20
0.2604401181102362
11
0.5052302362204725
21
0.2599992125984252
0
LINE
8
BLACK
6
CONTINUOUS
10
0.5052302362204725
20
0.2599992125984252
11
0.5060448818897638
21
0.2591845669291338
0
LINE
8
BLACK
6
CONTINUOUS
10
0.5060448818897638
20
0.2591845669291338
11
0.5064857874015748
21
0.258120157480315
0
LINE
8
BLACK
6
CONTINUOUS
10
0.5064857874015748
20
0.258120157480315
11
0.5064857874015748
21
0.256968031496063
0
LINE
8
BLACK
6
CONTINUOUS
10
0.5064857874015748
20
0.256968031496063
11
0.5060448818897638
21
0.2559036220472441
0
LINE
8
BLACK
6
CONTINUOUS
10
0.5060448818897638
20
0.2559036220472441
11
0.5052302362204725
21
0.2550889763779527
0
LINE
8
BLACK
6
CONTINUOUS
10
0.5052302362204725
20
0.2550889763779527
11
0.5041658267716536
21
0.2546480708661417
0
LINE
8
BLACK
6
CONTINUOUS
10
0.5041658267716536
20
0.2546480708661417
11
0.5035897637795276
21
0.2545913385826772
0
LINE
8
BLACK
6
CONTINUOUS
10
0.5035897637795276
20
0.2545913385826772
11
0.471718779527559
21
0.2545913385826772
0
LINE
8
BLACK
6
CONTINUOUS
10
0.471718779527559
20
0.2545913385826772
11
0.471142716535433
21
0.2546480708661417
0
LINE
8
BLACK
6
CONTINUOUS
10
0.471142716535433
20
0.2546480708661417
11
0.4710447244094488
21
0.2546886614173228
0
LINE
8
BLACK
6
CONTINUOUS
10
0.4710447244094488
20
0.2546886614173228
11
0.4709388582677165
21
0.2546961811023622
0
LINE
8
BLACK
6
CONTINUOUS
10
0.4709388582677165
20
0.2546961811023622
11
0.4703982677165354
21
0.2549030708661417
0
LINE
8
BLACK
6
CONTINUOUS
10
0.4703982677165354
20
0.2549030708661417
11
0.4666487401574803
21
0.2567778346456693
0
LINE
8
BLACK
6
CONTINUOUS
10
0.4666487401574803
20
0.2567778346456693
11
0.4664007086614173
21
0.256933937007874
0
LINE
8
BLACK
6
CONTINUOUS
10
0.4664007086614173
20
0.256933937007874
11
0.466328779527559
21
0.2569637401574803
0
LINE
8
BLACK
6
CONTINUOUS
10
0.466328779527559
20
0.2569637401574803
11
0.4662477952755905
21
0.2570302362204724
0
LINE
8
BLACK
6
CONTINUOUS
10
0.4662477952755905
20
0.2570302362204724
11
0.4661588582677165
21
0.2570861811023622
0
LINE
8
BLACK
6
CONTINUOUS
10
0.4661588582677165
20
0.2570861811023622
11
0.4661076771653543
21
0.2571451968503937
0
LINE
8
BLACK
6
CONTINUOUS
10
0.4661076771653543
20
0.2571451968503937
11
0.4658813385826772
21
0.2573309448818897
0
LINE
8
BLACK
6
CONTINUOUS
10
0.4658813385826772
20
0.2573309448818897
11
0.4640065748031496
21
0.2592057086614173
0
LINE
8
BLACK
6
CONTINUOUS
10
0.4640065748031496
20
0.2592057086614173
11
0.4638208267716535
21
0.2594320472440945
0
LINE
8
BLACK
6
CONTINUOUS
10
0.4638208267716535
20
0.2594320472440945
11
0.4637618503937008
21
0.259483188976378
0
LINE
8
BLACK
6
CONTINUOUS
10
0.4637618503937008
20
0.259483188976378
11
0.4637058267716535
21
0.2595721653543307
0
LINE
8
BLACK
6
CONTINUOUS
10
0.4637058267716535
20
0.2595721653543307
11
0.4636393700787401
21
0.2596531496062992
0
LINE
8
BLACK
6
CONTINUOUS
10
0.4636393700787401
20
0.2596531496062992
11
0.4636095669291339
21
0.2597251181102362
0
LINE
8
BLACK
6
CONTINUOUS
10
0.4636095669291339
20
0.2597251181102362
11
0.4634534645669291
21
0.2599730708661417
0
LINE
8
BLACK
6
CONTINUOUS
10
0.4634534645669291
20
0.2599730708661417
11
0.4615786614173228
21
0.2637225984251969
0
LINE
8
BLACK
6
CONTINUOUS
10
0.4615786614173228
20
0.2637225984251969
11
0.4613717716535433
21
0.2642632283464567
0
LINE
8
BLACK
6
CONTINUOUS
10
0.4613717716535433
20
0.2642632283464567
11
0.4613642125984252
21
0.2643691338582677
0
LINE
8
BLACK
6
CONTINUOUS
10
0.4613642125984252
20
0.2643691338582677
11
0.4613236614173228
21
0.2644670866141732
0
LINE
8
BLACK
6
CONTINUOUS
10
0.4613236614173228
20
0.2644670866141732
11
0.4612669291338583
21
0.2650431496062992
0
LINE
8
BLACK
6
CONTINUOUS
10
0.4612669291338583
20
0.2650431496062992
11
0.4612669291338583
21
0.2725422047244094
0
LINE
8
BLACK
6
CONTINUOUS
10
0.4612669291338583
20
0.2725422047244094
11
0.4613236614173228
21
0.2731182677165354
0
LINE
8
BLACK
6
CONTINUOUS
10
0.4613236614173228
20
0.2731182677165354
11
0.4613642125984252
21
0.2732162598425197
0
LINE
8
BLACK
6
CONTINUOUS
10
0.4613642125984252
20
0.2732162598425197
11
0.4613717716535433
21
0.273322125984252
0
LINE
8
BLACK
6
CONTINUOUS
10
0.4613717716535433
20
0.273322125984252
11
0.4615786614173228
21
0.2738627559055118
0
LINE
8
BLACK
6
CONTINUOUS
10
0.4615786614173228
20
0.2738627559055118
11
0.4634534645669291
21
0.2776122834645669
0
LINE
8
BLACK
6
CONTINUOUS
10
0.4634534645669291
20
0.2776122834645669
11
0.4636095669291339
21
0.2778602755905512
0
LINE
8
BLACK
6
CONTINUOUS
10
0.4636095669291339
20
0.2778602755905512
11
0.4636393700787401
21
0.2779322047244094
0
LINE
8
BLACK
6
CONTINUOUS
10
0.4636393700787401
20
0.2779322047244094
11
0.4637058267716535
21
0.2780132283464567
0
LINE
8
BLACK
6
CONTINUOUS
10
0.4637058267716535
20
0.2780132283464567
11
0.4637618503937008
21
0.2781021653543307
0
LINE
8
BLACK
6
CONTINUOUS
10
0.4637618503937008
20
0.2781021653543307
11
0.4638208267716535
21
0.2781533464566929
0
LINE
8
BLACK
6
CONTINUOUS
10
0.4638208267716535
20
0.2781533464566929
11
0.4640065748031496
21
0.2783796456692914
0
LINE
8
BLACK
6
CONTINUOUS
10
0.4640065748031496
20
0.2783796456692914
11
0.4658813385826772
21
0.2802544094488189
0
LINE
8
BLACK
6
CONTINUOUS
10
0.4658813385826772
20
0.2802544094488189
11
0.4661076771653543
21
0.2804401968503937
0
LINE
8
BLACK
6
CONTINUOUS
10
0.4661076771653543
20
0.2804401968503937
11
0.4661588582677165
21
0.2804991732283464
0
LINE
8
BLACK
6
CONTINUOUS
10
0.4661588582677165
20
0.2804991732283464
11
0.4662477952755905
21
0.280555157480315
0
LINE
8
BLACK
6
CONTINUOUS
10
0.4662477952755905
20
0.280555157480315
11
0.466328779527559
21
0.2806216141732283
0
LINE
8
BLACK
6
CONTINUOUS
10
0.466328779527559
20
0.2806216141732283
11
0.4664007086614173
21
0.2806514566929134
0
LINE
8
BLACK
6
CONTINUOUS
10
0.4664007086614173
20
0.2806514566929134
11
0.4666487401574803
21
0.2808075196850394
0
LINE
8
BLACK
6
CONTINUOUS
10
0.4666487401574803
20
0.2808075196850394
11
0.4703982677165354
21
0.2826822834645669
0
LINE
8
BLACK
6
CONTINUOUS
10
0.4703982677165354
20
0.2826822834645669
11
0.4709388582677165
21
0.2828891732283464
0
LINE
8
BLACK
6
CONTINUOUS
10
0.4709388582677165
20
0.2828891732283464
11
0.4710447244094488
21
0.2828967322834646
0
LINE
8
BLACK
6
CONTINUOUS
10
0.4710447244094488
20
0.2828967322834646
11
0.471142716535433
21
0.2829372834645669
0
LINE
8
BLACK
6
CONTINUOUS
10
0.471142716535433
20
0.2829372834645669
11
0.471718779527559
21
0.2829940157480315
0
LINE
8
BLACK
6
CONTINUOUS
10
0.471718779527559
20
0.2829940157480315
11
0.5035897637795276
21
0.2829940157480315
0
LINE
8
BLACK
6
CONTINUOUS
10
0.5035897637795276
20
0.2829940157480315
11
0.5041658267716536
21
0.2829372834645669
0
LINE
8
BLACK
6
CONTINUOUS
10
0.6526331102362205
20
0.2834839763779528
11
0.6529462598425196
21
0.2834687007874016
0
LINE
8
BLACK
6
CONTINUOUS
10
0.6529462598425196
20
0.2834687007874016
11
0.6596954330708661
21
0.2817814173228346
0
LINE
8
BLACK
6
CONTINUOUS
10
0.6596954330708661
20
0.2817814173228346
11
0.659948779527559
21
0.2816617322834646
0
LINE
8
BLACK
6
CONTINUOUS
10
0.659948779527559
20
0.2816617322834646
11
0.6602192125984252
21
0.2815876771653543
0
LINE
8
BLACK
6
CONTINUOUS
10
0.6602192125984252
20
0.2815876771653543
11
0.663593779527559
21
0.2799003937007874
0
LINE
8
BLACK
6
CONTINUOUS
10
0.663593779527559
20
0.2799003937007874
11
0.6639181102362205
21
0.2796487007874016
0
LINE
8
BLACK
6
CONTINUOUS
10
0.6639181102362205
20
0.2796487007874016
11
0.6642588582677165
21
0.2794209842519685
0
LINE
8
BLACK
6
CONTINUOUS
10
0.6642588582677165
20
0.2794209842519685
11
0.6659461811023621
21
0.2777336614173228
0
LINE
8
BLACK
6
CONTINUOUS
10
0.6659461811023621
20
0.2777336614173228
11
0.6661740157480315
21
0.2773926377952756
0
LINE
8
BLACK
6
CONTINUOUS
10
0.6661740157480315
20
0.2773926377952756
11
0.6664255118110236
21
0.2770686220472441
0
LINE
8
BLACK
6
CONTINUOUS
10
0.6664255118110236
20
0.2770686220472441
11
0.6681127952755905
21
0.2736940551181102
0
LINE
8
BLACK
6
CONTINUOUS
10
0.6681127952755905
20
0.2736940551181102
11
0.668146653543307
21
0.2735703937007874
0
LINE
8
BLACK
6
CONTINUOUS
10
0.668146653543307
20
0.2735703937007874
11
0.6681881496062992
21
0.2735288976377953
0
LINE
8
BLACK
6
CONTINUOUS
10
0.6681881496062992
20
0.2735288976377953
11
0.6682681496062992
21
0.2731266535433071
0
LINE
8
BLACK
6
CONTINUOUS
10
0.6682681496062992
20
0.2731266535433071
11
0.6683764960629921
21
0.2727310236220473
0
LINE
8
BLACK
6
CONTINUOUS
10
0.6683764960629921
20
0.2727310236220473
11
0.6683579133858267
21
0.2726753543307087
0
LINE
8
BLACK
6
CONTINUOUS
10
0.6683579133858267
20
0.2726753543307087
11
0.6683829527559055
21
0.2725496062992126
0
LINE
8
BLACK
6
CONTINUOUS
10
0.6683829527559055
20
0.2725496062992126
11
0.6683829527559055
21
0.2691750393700788
0
LINE
8
BLACK
6
CONTINUOUS
10
0.6683829527559055
20
0.2691750393700788
11
0.6683579133858267
21
0.2690493307086614
0
LINE
8
BLACK
6
CONTINUOUS
10
0.6683579133858267
20
0.2690493307086614
11
0.6683764960629921
21
0.2689936220472441
0
LINE
8
BLACK
6
CONTINUOUS
10
0.6683764960629921
20
0.2689936220472441
11
0.6682681496062992
21
0.268598031496063
0
LINE
8
BLACK
6
CONTINUOUS
10
0.6682681496062992
20
0.268598031496063
11
0.6681881496062992
21
0.268195748031496
0
LINE
8
BLACK
6
CONTINUOUS
10
0.6681881496062992
20
0.268195748031496
11
0.668146653543307
21
0.2681542913385827
0
LINE
8
BLACK
6
CONTINUOUS
10
0.668146653543307
20
0.2681542913385827
11
0.6681127952755905
21
0.2680305905511811
0
LINE
8
BLACK
6
CONTINUOUS
10
0.6681127952755905
20
0.2680305905511811
11
0.6664255118110236
21
0.2646560236220473
0
LINE
8
BLACK
6
CONTINUOUS
10
0.6664255118110236
20
0.2646560236220473
11
0.6661740157480315
21
0.2643320472440945
0
LINE
8
BLACK
6
CONTINUOUS
10
0.6661740157480315
20
0.2643320472440945
11
0.6659461811023621
21
0.2639909842519685
0
LINE
8
BLACK
6
CONTINUOUS
10
0.6659461811023621
20
0.2639909842519685
11
0.6642588582677165
21
0.2623036614173228
0
LINE
8
BLACK
6
CONTINUOUS
10
0.6642588582677165
20
0.2623036614173228
11
0.6639181102362205
21
0.2620759842519685
0
LINE
8
BLACK
6
CONTINUOUS
10
0.6639181102362205
20
0.2620759842519685
11
0.663593779527559
21
0.261824251968504
0
LINE
8
BLACK
6
CONTINUOUS
10
0.663593779527559
20
0.261824251968504
11
0.6602192125984252
21
0.260136968503937
0
LINE
8
BLACK
6
CONTINUOUS
10
0.6602192125984252
20
0.260136968503937
11
0.659948779527559
21
0.2600629527559055
0
LINE
8
BLACK
6
CONTINUOUS
10
0.659948779527559
20
0.2600629527559055
11
0.6596954330708661
21
0.2599432283464567
0
LINE
8
BLACK
6
CONTINUOUS
10
0.6596954330708661
20
0.2599432283464567
11
0.6529462598425196
21
0.2582559448818897
0
LINE
8
BLACK
6
CONTINUOUS
10
0.6529462598425196
20
0.2582559448818897
11
0.6526331102362205
21
0.2582407086614173
0
LINE
8
BLACK
6
CONTINUOUS
10
0.6526331102362205
20
0.2582407086614173
11
0.6523255905511811
21
0.2581795275590551
0
LINE
8
BLACK
6
CONTINUOUS
10
0.6523255905511811
20
0.2581795275590551
11
0.6438891732283465
21
0.2581795275590551
0
LINE
8
BLACK
6
CONTINUOUS
10
0.6438891732283465
20
0.2581795275590551
11
0.6435816141732283
21
0.2582407086614173
0
LINE
8
BLACK
6
CONTINUOUS
10
0.6435816141732283
20
0.2582407086614173
11
0.6432685039370079
21
0.2582559448818897
0
LINE
8
BLACK
6
CONTINUOUS
10
0.6432685039370079
20
0.2582559448818897
11
0.6365193307086614
21
0.2599432283464567
0
LINE
8
BLACK
6
CONTINUOUS
10
0.6365193307086614
20
0.2599432283464567
11
0.6362659448818897
21
0.2600629527559055
0
LINE
8
BLACK
6
CONTINUOUS
10
0.6362659448818897
20
0.2600629527559055
11
0.6359955511811024
21
0.260136968503937
0
LINE
8
BLACK
6
CONTINUOUS
10
0.6359955511811024
20
0.260136968503937
11
0.6326209842519684
21
0.261824251968504
0
LINE
8
BLACK
6
CONTINUOUS
10
0.6326209842519684
20
0.261824251968504
11
0.6322970078740158
21
0.2620757086614173
0
LINE
8
BLACK
6
CONTINUOUS
10
0.6322970078740158
20
0.2620757086614173
11
0.631955905511811
21
0.2623036220472441
0
LINE
8
BLACK
6
CONTINUOUS
10
0.631955905511811
20
0.2623036220472441
11
0.6302686220472441
21
0.2639909842519685
0
LINE
8
BLACK
6
CONTINUOUS
10
0.6302686220472441
20
0.2639909842519685
11
0.630040905511811
21
0.2643317716535433
0
LINE
8
BLACK
6
CONTINUOUS
10
0.630040905511811
20
0.2643317716535433
11
0.6297892913385826
21
0.2646559842519685
0
LINE
8
BLACK
6
CONTINUOUS
10
0.6297892913385826
20
0.2646559842519685
11
0.628101968503937
21
0.2680305905511811
0
LINE
8
BLACK
6
CONTINUOUS
10
0.628101968503937
20
0.2680305905511811
11
0.6280681102362204
21
0.2681542125984252
0
LINE
8
BLACK
6
CONTINUOUS
10
0.6280681102362204
20
0.2681542125984252
11
0.6280265748031496
21
0.268195748031496
0
LINE
8
BLACK
6
CONTINUOUS
10
0.6280265748031496
20
0.268195748031496
11
0.6279464960629921
21
0.2685981496062992
0
LINE
8
BLACK
6
CONTINUOUS
10
0.6279464960629921
20
0.2685981496062992
11
0.6278382283464566
21
0.2689935826771653
0
LINE
8
BLACK
6
CONTINUOUS
10
0.6278382283464566
20
0.2689935826771653
11
0.6278567716535433
21
0.2690492913385827
0
LINE
8
BLACK
6
CONTINUOUS
10
0.6278567716535433
20
0.2690492913385827
11
0.6278317716535433
21
0.2691750393700788
0
LINE
8
BLACK
6
CONTINUOUS
10
0.6278317716535433
20
0.2691750393700788
11
0.6278317716535433
21
0.2725496062992126
0
LINE
8
BLACK
6
CONTINUOUS
10
0.6278317716535433
20
0.2725496062992126
11
0.6278567716535433
21
0.2726753937007874
0
LINE
8
BLACK
6
CONTINUOUS
10
0.6278567716535433
20
0.2726753937007874
11
0.6278382283464566
21
0.272731062992126
0
LINE
8
BLACK
6
CONTINUOUS
10
0.6278382283464566
20
0.272731062992126
11
0.6279464960629921
21
0.2731265354330709
0
LINE
8
BLACK
6
CONTINUOUS
10
0.6279464960629921
20
0.2731265354330709
11
0.6280265748031496
21
0.2735288976377953
0
LINE
8
BLACK
6
CONTINUOUS
10
0.6280265748031496
20
0.2735288976377953
11
0.6280681102362204
21
0.2735704724409449
0
LINE
8
BLACK
6
CONTINUOUS
10
0.6280681102362204
20
0.2735704724409449
11
0.628101968503937
21
0.2736940551181102
0
LINE
8
BLACK
6
CONTINUOUS
10
0.628101968503937
20
0.2736940551181102
11
0.6297892913385826
21
0.2770686614173228
0
LINE
8
BLACK
6
CONTINUOUS
10
0.6297892913385826
20
0.2770686614173228
11
0.630040905511811
21
0.2773929133858268
0
LINE
8
BLACK
6
CONTINUOUS
10
0.630040905511811
20
0.2773929133858268
11
0.6302686220472441
21
0.2777336614173228
0
LINE
8
BLACK
6
CONTINUOUS
10
0.6302686220472441
20
0.2777336614173228
11
0.631955905511811
21
0.2794210236220472
0
LINE
8
BLACK
6
CONTINUOUS
10
0.631955905511811
20
0.2794210236220472
11
0.6322970078740158
21
0.2796489763779528
0
LINE
8
BLACK
6
CONTINUOUS
10
0.6322970078740158
20
0.2796489763779528
11
0.6326209842519684
21
0.2799003937007874
0
LINE
8
BLACK
6
CONTINUOUS
10
0.6326209842519684
20
0.2799003937007874
11
0.6359955511811024
21
0.2815876771653543
0
LINE
8
BLACK
6
CONTINUOUS
10
0.6359955511811024
20
0.2815876771653543
11
0.6362659448818897
21
0.2816617322834646
0
LINE
8
BLACK
6
CONTINUOUS
10
0.6362659448818897
20
0.2816617322834646
11
0.6365193307086614
21
0.2817814173228346
0
LINE
8
BLACK
6
CONTINUOUS
10
0.6365193307086614
20
0.2817814173228346
11
0.6432685039370079
21
0.2834687007874016
0
LINE
8
BLACK
6
CONTINUOUS
10
0.6432685039370079
20
0.2834687007874016
11
0.6435816141732283
21
0.2834839763779528
0
LINE
8
BLACK
6
CONTINUOUS
10
0.6435816141732283
20
0.2834839763779528
11
0.6438891732283465
21
0.2835451181102362
0
LINE
8
BLACK
6
CONTINUOUS
10
0.6438891732283465
20
0.2835451181102362
11
0.6523255905511811
21
0.2835451181102362
0
LINE
8
BLACK
6
CONTINUOUS
10
0.6523255905511811
20
0.2835451181102362
11
0.6526331102362205
21
0.2834839763779528
0
LINE
8
BLACK
6
CONTINUOUS
10
0.6380332283464567
20
0.2768842913385827
11
0.6352812992125985
21
0.2755083070866142
0
LINE
8
BLACK
6
CONTINUOUS
10
0.6352812992125985
20
0.2755083070866142
11
0.6341813385826771
21
0.2744083858267716
0
LINE
8
BLACK
6
CONTINUOUS
10
0.6341813385826771
20
0.2744083858267716
11
0.6329498818897638
21
0.2719455511811024
0
LINE
8
BLACK
6
CONTINUOUS
10
0.6329498818897638
20
0.2719455511811024
11
0.6329498818897638
21
0.2697791338582677
0
LINE
8
BLACK
6
CONTINUOUS
10
0.6329498818897638
20
0.2697791338582677
11
0.6341813385826771
21
0.2673162992125984
0
LINE
8
BLACK
6
CONTINUOUS
10
0.6341813385826771
20
0.2673162992125984
11
0.6352812992125985
21
0.2662163385826772
0
LINE
8
BLACK
6
CONTINUOUS
10
0.6352812992125985
20
0.2662163385826772
11
0.6380332283464567
21
0.2648403937007874
0
LINE
8
BLACK
6
CONTINUOUS
10
0.6380332283464567
20
0.2648403937007874
11
0.6442041732283464
21
0.2632976377952756
0
LINE
8
BLACK
6
CONTINUOUS
10
0.6442041732283464
20
0.2632976377952756
11
0.652010590551181
21
0.2632976377952756
0
LINE
8
BLACK
6
CONTINUOUS
10
0.652010590551181
20
0.2632976377952756
11
0.6581814960629921
21
0.2648403937007874
0
LINE
8
BLACK
6
CONTINUOUS
10
0.6581814960629921
20
0.2648403937007874
11
0.6609335039370079
21
0.2662163779527559
0
LINE
8
BLACK
6
CONTINUOUS
10
0.6609335039370079
20
0.2662163779527559
11
0.6620333858267716
21
0.2673163385826772
0
LINE
8
BLACK
6
CONTINUOUS
10
0.6620333858267716
20
0.2673163385826772
11
0.663264842519685
21
0.2697791732283464
0
LINE
8
BLACK
6
CONTINUOUS
10
0.663264842519685
20
0.2697791732283464
11
0.663264842519685
21
0.2719454724409449
0
LINE
8
BLACK
6
CONTINUOUS
10
0.663264842519685
20
0.2719454724409449
11
0.6620333858267716
21
0.2744083464566929
0
LINE
8
BLACK
6
CONTINUOUS
10
0.6620333858267716
20
0.2744083464566929
11
0.6609335039370079
21
0.2755083070866142
0
LINE
8
BLACK
6
CONTINUOUS
10
0.6609335039370079
20
0.2755083070866142
11
0.6581814960629921
21
0.2768842913385827
0
LINE
8
BLACK
6
CONTINUOUS
10
0.6581814960629921
20
0.2768842913385827
11
0.652010590551181
21
0.2784270078740158
0
LINE
8
BLACK
6
CONTINUOUS
10
0.652010590551181
20
0.2784270078740158
11
0.6442041732283464
21
0.2784270078740158
0
LINE
8
BLACK
6
CONTINUOUS
10
0.6442041732283464
20
0.2784270078740158
11
0.6380332283464567
21
0.2768842913385827
0
LINE
8
BLACK
6
CONTINUOUS
10
0.7096783464566929
20
0.2834839763779528
11
0.7099914960629921
21
0.2834687007874016
0
LINE
8
BLACK
6
CONTINUOUS
10
0.7099914960629921
20
0.2834687007874016
11
0.7167406692913386
21
0.2817814173228346
0
LINE
8
BLACK
6
CONTINUOUS
10
0.7167406692913386
20
0.2817814173228346
11
0.7169940157480315
21
0.2816617322834646
0
LINE
8
BLACK
6
CONTINUOUS
10
0.7169940157480315
20
0.2816617322834646
11
0.7172644488188976
21
0.2815876771653543
0
LINE
8
BLACK
6
CONTINUOUS
10
0.7172644488188976
20
0.2815876771653543
11
0.7206390157480315
21
0.2799003937007874
0
LINE
8
BLACK
6
CONTINUOUS
10
0.7206390157480315
20
0.2799003937007874
11
0.7209633464566929
21
0.2796487007874016
0
LINE
8
BLACK
6
CONTINUOUS
10
0.7209633464566929
20
0.2796487007874016
11
0.721304094488189
21
0.2794209842519685
0
LINE
8
BLACK
6
CONTINUOUS
10
0.721304094488189
20
0.2794209842519685
11
0.7229914173228347
21
0.2777336614173228
0
LINE
8
BLACK
6
CONTINUOUS
10
0.7229914173228347
20
0.2777336614173228
11
0.7232192519685039
21
0.2773926377952756
0
LINE
8
BLACK
6
CONTINUOUS
10
0.7232192519685039
20
0.2773926377952756
11
0.723470748031496
21
0.2770686220472441
0
LINE
8
BLACK
6
CONTINUOUS
10
0.723470748031496
20
0.2770686220472441
11
0.7251580314960629
21
0.2736940551181102
0
LINE
8
BLACK
6
CONTINUOUS
10
0.7251580314960629
20
0.2736940551181102
11
0.7251918897637795
21
0.2735703937007874
0
LINE
8
BLACK
6
CONTINUOUS
10
0.7251918897637795
20
0.2735703937007874
11
0.7252333858267717
21
0.2735288976377953
0
LINE
8
BLACK
6
CONTINUOUS
10
0.7252333858267717
20
0.2735288976377953
11
0.7253133858267716
21
0.2731266535433071
0
LINE
8
BLACK
6
CONTINUOUS
10
0.7253133858267716
20
0.2731266535433071
11
0.7254217322834645
21
0.2727310236220473
0
LINE
8
BLACK
6
CONTINUOUS
10
0.7254217322834645
20
0.2727310236220473
11
0.7254031496062991
21
0.2726753543307087
0
LINE
8
BLACK
6
CONTINUOUS
10
0.7254031496062991
20
0.2726753543307087
11
0.725428188976378
21
0.2725496062992126
0
LINE
8
BLACK
6
CONTINUOUS
10
0.725428188976378
20
0.2725496062992126
11
0.725428188976378
21
0.2691750393700788
0
LINE
8
BLACK
6
CONTINUOUS
10
0.725428188976378
20
0.2691750393700788
11
0.7254031496062991
21
0.2690493307086614
0
LINE
8
BLACK
6
CONTINUOUS
10
0.7254031496062991
20
0.2690493307086614
11
0.7254217322834645
21
0.2689936220472441
0
LINE
8
BLACK
6
CONTINUOUS
10
0.7254217322834645
20
0.2689936220472441
11
0.7253133858267716
21
0.268598031496063
0
LINE
8
BLACK
6
CONTINUOUS
10
0.7253133858267716
20
0.268598031496063
11
0.7252333858267717
21
0.268195748031496
0
LINE
8
BLACK
6
CONTINUOUS
10
0.7252333858267717
20
0.268195748031496
11
0.7251918897637795
21
0.2681542913385827
0
LINE
8
BLACK
6
CONTINUOUS
10
0.7251918897637795
20
0.2681542913385827
11
0.7251580314960629
21
0.2680305905511811
0
LINE
8
BLACK
6
CONTINUOUS
10
0.7251580314960629
20
0.2680305905511811
11
0.723470748031496
21
0.2646560236220473
0
LINE
8
BLACK
6
CONTINUOUS
10
0.723470748031496
20
0.2646560236220473
11
0.7232192519685039
21
0.2643320472440945
0
LINE
8
BLACK
6
CONTINUOUS
10
0.7232192519685039
20
0.2643320472440945
11
0.7229914173228347
21
0.2639909842519685
0
LINE
8
BLACK
6
CONTINUOUS
10
0.7229914173228347
20
0.2639909842519685
11
0.721304094488189
21
0.2623036614173228
0
LINE
8
BLACK
6
CONTINUOUS
10
0.721304094488189
20
0.2623036614173228
11
0.7209633464566929
21
0.2620759842519685
0
LINE
8
BLACK
6
CONTINUOUS
10
0.7209633464566929
20
0.2620759842519685
11
0.7206390157480315
21
0.261824251968504
0
LINE
8
BLACK
6
CONTINUOUS
10
0.7206390157480315
20
0.261824251968504
11
0.7172644488188976
21
0.260136968503937
0
LINE
8
BLACK
6
CONTINUOUS
10
0.7172644488188976
20
0.260136968503937
11
0.7169940157480315
21
0.2600629527559055
0
LINE
8
BLACK
6
CONTINUOUS
10
0.7169940157480315
20
0.2600629527559055
11
0.7167406692913386
21
0.2599432283464567
0
LINE
8
BLACK
6
CONTINUOUS
10
0.7167406692913386
20
0.2599432283464567
11
0.7099914960629921
21
0.2582559448818897
0
LINE
8
BLACK
6
CONTINUOUS
10
0.7099914960629921
20
0.2582559448818897
11
0.7096783464566929
21
0.2582407086614173
0
LINE
8
BLACK
6
CONTINUOUS
10
0.7096783464566929
20
0.2582407086614173
11
0.7093708267716535
21
0.2581795275590551
0
LINE
8
BLACK
6
CONTINUOUS
10
0.7093708267716535
20
0.2581795275590551
11
0.7009344094488189
21
0.2581795275590551
0
LINE
8
BLACK
6
CONTINUOUS
10
0.7009344094488189
20
0.2581795275590551
11
0.7006268503937008
21
0.2582407086614173
0
LINE
8
BLACK
6
CONTINUOUS
10
0.7006268503937008
20
0.2582407086614173
11
0.7003137401574803
21
0.2582559448818897
0
LINE
8
BLACK
6
CONTINUOUS
10
0.7003137401574803
20
0.2582559448818897
11
0.6935645669291338
21
0.2599432283464567
0
LINE
8
BLACK
6
CONTINUOUS
10
0.6935645669291338
20
0.2599432283464567
11
0.6933111811023622
21
0.2600629527559055
0
LINE
8
BLACK
6
CONTINUOUS
10
0.6933111811023622
20
0.2600629527559055
11
0.6930407874015748
21
0.260136968503937
0
LINE
8
BLACK
6
CONTINUOUS
10
0.6930407874015748
20
0.260136968503937
11
0.689666220472441
21
0.261824251968504
0
LINE
8
BLACK
6
CONTINUOUS
10
0.689666220472441
20
0.261824251968504
11
0.6893422440944882
21
0.2620757086614173
0
LINE
8
BLACK
6
CONTINUOUS
10
0.6893422440944882
20
0.2620757086614173
11
0.6890011417322834
21
0.2623036220472441
0
LINE
8
BLACK
6
CONTINUOUS
10
0.6890011417322834
20
0.2623036220472441
11
0.6873138582677165
21
0.2639909842519685
0
LINE
8
BLACK
6
CONTINUOUS
10
0.6873138582677165
20
0.2639909842519685
11
0.6870861417322834
21
0.2643317716535433
0
LINE
8
BLACK
6
CONTINUOUS
10
0.6870861417322834
20
0.2643317716535433
11
0.6868345275590551
21
0.2646559842519685
0
LINE
8
BLACK
6
CONTINUOUS
10
0.6868345275590551
20
0.2646559842519685
11
0.6851472047244095
21
0.2680305905511811
0
LINE
8
BLACK
6
CONTINUOUS
10
0.6851472047244095
20
0.2680305905511811
11
0.6851133464566929
21
0.2681542125984252
0
LINE
8
BLACK
6
CONTINUOUS
10
0.6851133464566929
20
0.2681542125984252
11
0.685071811023622
21
0.268195748031496
0
LINE
8
BLACK
6
CONTINUOUS
10
0.685071811023622
20
0.268195748031496
11
0.6849917322834645
21
0.2685981496062992
0
LINE
8
BLACK
6
CONTINUOUS
10
0.6849917322834645
20
0.2685981496062992
11
0.6848834645669292
21
0.2689935826771653
0
LINE
8
BLACK
6
CONTINUOUS
10
0.6848834645669292
20
0.2689935826771653
11
0.6849020078740158
21
0.2690492913385827
0
LINE
8
BLACK
6
CONTINUOUS
10
0.6849020078740158
20
0.2690492913385827
11
0.6848770078740157
21
0.2691750393700788
0
LINE
8
BLACK
6
CONTINUOUS
10
0.6848770078740157
20
0.2691750393700788
11
0.6848770078740157
21
0.2725496062992126
0
LINE
8
BLACK
6
CONTINUOUS
10
0.6848770078740157
20
0.2725496062992126
11
0.6849020078740158
21
0.2726753937007874
0
LINE
8
BLACK
6
CONTINUOUS
10
0.6849020078740158
20
0.2726753937007874
11
0.6848834645669292
21
0.272731062992126
0
LINE
8
BLACK
6
CONTINUOUS
10
0.6848834645669292
20
0.272731062992126
11
0.6849917322834645
21
0.2731265354330709
0
LINE
8
BLACK
6
CONTINUOUS
10
0.6849917322834645
20
0.2731265354330709
11
0.685071811023622
21
0.2735288976377953
0
LINE
8
BLACK
6
CONTINUOUS
10
0.685071811023622
20
0.2735288976377953
11
0.6851133464566929
21
0.2735704724409449
0
LINE
8
BLACK
6
CONTINUOUS
10
0.6851133464566929
20
0.2735704724409449
11
0.6851472047244095
21
0.2736940551181102
0
LINE
8
BLACK
6
CONTINUOUS
10
0.6851472047244095
20
0.2736940551181102
11
0.6868345275590551
21
0.2770686614173228
0
LINE
8
BLACK
6
CONTINUOUS
10
0.6868345275590551
20
0.2770686614173228
11
0.6870861417322834
21
0.2773929133858268
0
LINE
8
BLACK
6
CONTINUOUS
10
0.6870861417322834
20
0.2773929133858268
11
0.6873138582677165
21
0.2777336614173228
0
LINE
8
BLACK
6
CONTINUOUS
10
0.6873138582677165
20
0.2777336614173228
11
0.6890011417322834
21
0.2794210236220472
0
LINE
8
BLACK
6
CONTINUOUS
10
0.6890011417322834
20
0.2794210236220472
11
0.6893422440944882
21
0.2796489763779528
0
LINE
8
BLACK
6
CONTINUOUS
10
0.6893422440944882
20
0.2796489763779528
11
0.689666220472441
21
0.2799003937007874
0
LINE
8
BLACK
6
CONTINUOUS
10
0.689666220472441
20
0.2799003937007874
11
0.6930407874015748
21
0.2815876771653543
0
LINE
8
BLACK
6
CONTINUOUS
10
0.6930407874015748
20
0.2815876771653543
11
0.6933111811023622
21
0.2816617322834646
0
LINE
8
BLACK
6
CONTINUOUS
10
0.6933111811023622
20
0.2816617322834646
11
0.6935645669291338
21
0.2817814173228346
0
LINE
8
BLACK
6
CONTINUOUS
10
0.6935645669291338
20
0.2817814173228346
11
0.7003137401574803
21
0.2834687007874016
0
LINE
8
BLACK
6
CONTINUOUS
10
0.7003137401574803
20
0.2834687007874016
11
0.7006268503937008
21
0.2834839763779528
0
LINE
8
BLACK
6
CONTINUOUS
10
0.7006268503937008
20
0.2834839763779528
11
0.7009344094488189
21
0.2835451181102362
0
LINE
8
BLACK
6
CONTINUOUS
10
0.7009344094488189
20
0.2835451181102362
11
0.7093708267716535
21
0.2835451181102362
0
LINE
8
BLACK
6
CONTINUOUS
10
0.7093708267716535
20
0.2835451181102362
11
0.7096783464566929
21
0.2834839763779528
0
LINE
8
BLACK
6
CONTINUOUS
10
0.6950784645669291
20
0.2768842913385827
11
0.6923265354330709
21
0.2755083070866142
0
LINE
8
BLACK
6
CONTINUOUS
10
0.6923265354330709
20
0.2755083070866142
11
0.6912265748031496
21
0.2744083858267716
0
LINE
8
BLACK
6
CONTINUOUS
10
0.6912265748031496
20
0.2744083858267716
11
0.6899951181102362
21
0.2719455511811024
0
LINE
8
BLACK
6
CONTINUOUS
10
0.6899951181102362
20
0.2719455511811024
11
0.6899951181102362
21
0.2697791338582677
0
LINE
8
BLACK
6
CONTINUOUS
10
0.6899951181102362
20
0.2697791338582677
11
0.6912265748031496
21
0.2673162992125984
0
LINE
8
BLACK
6
CONTINUOUS
10
0.6912265748031496
20
0.2673162992125984
11
0.6923265354330709
21
0.2662163385826772
0
LINE
8
BLACK
6
CONTINUOUS
10
0.6923265354330709
20
0.2662163385826772
11
0.6950784645669291
21
0.2648403937007874
0
LINE
8
BLACK
6
CONTINUOUS
10
0.6950784645669291
20
0.2648403937007874
11
0.7012494094488189
21
0.2632976377952756
0
LINE
8
BLACK
6
CONTINUOUS
10
0.7012494094488189
20
0.2632976377952756
11
0.7090558267716536
21
0.2632976377952756
0
LINE
8
BLACK
6
CONTINUOUS
10
0.7090558267716536
20
0.2632976377952756
11
0.7152267322834646
21
0.2648403937007874
0
LINE
8
BLACK
6
CONTINUOUS
10
0.7152267322834646
20
0.2648403937007874
11
0.7179787401574803
21
0.2662163779527559
0
LINE
8
BLACK
6
CONTINUOUS
10
0.7179787401574803
20
0.2662163779527559
11
0.719078622047244
21
0.2673163385826772
0
LINE
8
BLACK
6
CONTINUOUS
10
0.719078622047244
20
0.2673163385826772
11
0.7203100787401575
21
0.2697791732283464
0
LINE
8
BLACK
6
CONTINUOUS
10
0.7203100787401575
20
0.2697791732283464
11
0.7203100787401575
21
0.2719454724409449
0
LINE
8
BLACK
6
CONTINUOUS
10
0.7203100787401575
20
0.2719454724409449
11
0.719078622047244
21
0.2744083464566929
0
LINE
8
BLACK
6
CONTINUOUS
10
0.719078622047244
20
0.2744083464566929
11
0.7179787401574803
21
0.2755083070866142
0
LINE
8
BLACK
6
CONTINUOUS
10
0.7179787401574803
20
0.2755083070866142
11
0.7152267322834646
21
0.2768842913385827
0
LINE
8
BLACK
6
CONTINUOUS
10
0.7152267322834646
20
0.2768842913385827
11
0.7090558267716536
21
0.2784270078740158
0
LINE
8
BLACK
6
CONTINUOUS
10
0.7090558267716536
20
0.2784270078740158
11
0.7012494094488189
21
0.2784270078740158
0
LINE
8
BLACK
6
CONTINUOUS
10
0.7012494094488189
20
0.2784270078740158
11
0.6950784645669291
21
0.2768842913385827
0
LINE
8
BLACK
6
CONTINUOUS
10
0.2453972047244095
20
0.3011780708661417
11
0.2465577165354331
21
0.3001716141732284
0
LINE
8
BLACK
6
CONTINUOUS
10
0.2465577165354331
20
0.3001716141732284
11
0.2469688582677165
21
0.2995184645669292
0
LINE
8
BLACK
6
CONTINUOUS
10
0.2469688582677165
20
0.2995184645669292
11
0.2491203543307086
21
0.2952154330708661
0
LINE
8
BLACK
6
CONTINUOUS
10
0.2491203543307086
20
0.2952154330708661
11
0.2532672440944882
21
0.2910685826771653
0
LINE
8
BLACK
6
CONTINUOUS
10
0.2532672440944882
20
0.2910685826771653
11
0.2602545275590551
21
0.2864103937007874
0
LINE
8
BLACK
6
CONTINUOUS
10
0.2602545275590551
20
0.2864103937007874
11
0.2602566535433071
21
0.2864086614173229
0
LINE
8
BLACK
6
CONTINUOUS
10
0.2602566535433071
20
0.2864086614173229
11
0.2602579527559055
21
0.2864081102362205
0
LINE
8
BLACK
6
CONTINUOUS
10
0.2602579527559055
20
0.2864081102362205
11
0.2602608267716535
21
0.2864052362204724
0
LINE
8
BLACK
6
CONTINUOUS
10
0.2602608267716535
20
0.2864052362204724
11
0.2608516535433071
21
0.2859214173228347
0
LINE
8
BLACK
6
CONTINUOUS
10
0.2608516535433071
20
0.2859214173228347
11
0.2610685826771654
21
0.2855974803149606
0
LINE
8
BLACK
6
CONTINUOUS
10
0.2610685826771654
20
0.2855974803149606
11
0.2613441732283465
21
0.2853218897637795
0
LINE
8
BLACK
6
CONTINUOUS
10
0.2613441732283465
20
0.2853218897637795
11
0.2614917716535433
21
0.2849655511811023
0
LINE
8
BLACK
6
CONTINUOUS
10
0.2614917716535433
20
0.2849655511811023
11
0.2617064173228346
21
0.2846450393700787
0
LINE
8
BLACK
6
CONTINUOUS
10
0.2617064173228346
20
0.2846450393700787
11
0.2617828346456693
21
0.284262874015748
0
LINE
8
BLACK
6
CONTINUOUS
10
0.2617828346456693
20
0.284262874015748
11
0.2619320472440945
21
0.2839026771653543
0
LINE
8
BLACK
6
CONTINUOUS
10
0.2619320472440945
20
0.2839026771653543
11
0.2619320472440945
21
0.2835168897637795
0
LINE
8
BLACK
6
CONTINUOUS
10
0.2619320472440945
20
0.2835168897637795
11
0.2620076771653543
21
0.2831387401574803
0
LINE
8
BLACK
6
CONTINUOUS
10
0.2620076771653543
20
0.2831387401574803
11
0.2619320472440945
21
0.2827564566929134
0
LINE
8
BLACK
6
CONTINUOUS
10
0.2619320472440945
20
0.2827564566929134
11
0.2619320472440945
21
0.2823665354330709
0
LINE
8
BLACK
6
CONTINUOUS
10
0.2619320472440945
20
0.2823665354330709
11
0.2617844094488189
21
0.2820101574803149
0
LINE
8
BLACK
6
CONTINUOUS
10
0.2617844094488189
20
0.2820101574803149
11
0.2617095669291338
21
0.2816317716535433
0
LINE
8
BLACK
6
CONTINUOUS
10
0.2617095669291338
20
0.2816317716535433
11
0.2614933070866142
21
0.2813074409448819
0
LINE
8
BLACK
6
CONTINUOUS
10
0.2614933070866142
20
0.2813074409448819
11
0.2613441732283465
21
0.2809473228346457
0
LINE
8
BLACK
6
CONTINUOUS
10
0.2613441732283465
20
0.2809473228346457
11
0.2610714566929134
21
0.2806746456692913
0
LINE
8
BLACK
6
CONTINUOUS
10
0.2610714566929134
20
0.2806746456692913
11
0.2608574803149606
21
0.2803536220472441
0
LINE
8
BLACK
6
CONTINUOUS
10
0.2608574803149606
20
0.2803536220472441
11
0.2605335039370079
21
0.2801366929133858
0
LINE
8
BLACK
6
CONTINUOUS
10
0.2605335039370079
20
0.2801366929133858
11
0.2602579527559055
21
0.2798611023622047
0
LINE
8
BLACK
6
CONTINUOUS
10
0.2602579527559055
20
0.2798611023622047
11
0.2599015748031496
21
0.2797135039370079
0
LINE
8
BLACK
6
CONTINUOUS
10
0.2599015748031496
20
0.2797135039370079
11
0.2595811023622047
21
0.2794988582677165
0
LINE
8
BLACK
6
CONTINUOUS
10
0.2595811023622047
20
0.2794988582677165
11
0.2591988976377952
21
0.2794224409448819
0
LINE
8
BLACK
6
CONTINUOUS
10
0.2591988976377952
20
0.2794224409448819
11
0.2588387401574803
21
0.2792732283464567
0
LINE
8
BLACK
6
CONTINUOUS
10
0.2588387401574803
20
0.2792732283464567
11
0.258078779527559
21
0.2791984251968504
0
LINE
8
BLACK
6
CONTINUOUS
10
0.258078779527559
20
0.2791984251968504
11
0.2580748031496063
21
0.2791975984251969
0
LINE
8
BLACK
6
CONTINUOUS
10
0.2580748031496063
20
0.2791975984251969
11
0.2580734251968504
21
0.279197874015748
0
LINE
8
BLACK
6
CONTINUOUS
10
0.2580734251968504
20
0.279197874015748
11
0.2580706692913386
21
0.2791975984251969
0
LINE
8
BLACK
6
CONTINUOUS
10
0.2580706692913386
20
0.2791975984251969
11
0.2108265748031496
21
0.2791975984251969
0
LINE
8
BLACK
6
CONTINUOUS
10
0.2108265748031496
20
0.2791975984251969
11
0.2108265748031496
21
0.2685114173228346
0
LINE
8
BLACK
6
CONTINUOUS
10
0.2108265748031496
20
0.2685114173228346
11
0.2107509448818898
21
0.2677433464566929
0
LINE
8
BLACK
6
CONTINUOUS
10
0.2107509448818898
20
0.2677433464566929
11
0.2101630708661417
21
0.2663241338582677
0
LINE
8
BLACK
6
CONTINUOUS
10
0.2101630708661417
20
0.2663241338582677
11
0.2090768503937008
21
0.2652379133858268
0
LINE
8
BLACK
6
CONTINUOUS
10
0.2090768503937008
20
0.2652379133858268
11
0.2076576377952756
21
0.2646500393700787
0
LINE
8
BLACK
6
CONTINUOUS
10
0.2076576377952756
20
0.2646500393700787
11
0.2061214960629921
21
0.2646500393700787
0
LINE
8
BLACK
6
CONTINUOUS
10
0.2061214960629921
20
0.2646500393700787
11
0.2047022834645669
21
0.2652379133858268
0
LINE
8
BLACK
6
CONTINUOUS
10
0.2047022834645669
20
0.2652379133858268
11
0.203616062992126
21
0.2663241338582677
0
LINE
8
BLACK
6
CONTINUOUS
10
0.203616062992126
20
0.2663241338582677
11
0.2030281889763779
21
0.2677433464566929
0
LINE
8
BLACK
6
CONTINUOUS
10
0.2030281889763779
20
0.2677433464566929
11
0.2029525590551181
21
0.2685114173228346
0
LINE
8
BLACK
6
CONTINUOUS
10
0.2029525590551181
20
0.2685114173228346
11
0.2029525590551181
21
0.2977577559055118
0
LINE
8
BLACK
6
CONTINUOUS
10
0.2029525590551181
20
0.2977577559055118
11
0.2030281889763779
21
0.2985258267716535
0
LINE
8
BLACK
6
CONTINUOUS
10
0.2030281889763779
20
0.2985258267716535
11
0.203616062992126
21
0.2999450393700787
0
LINE
8
BLACK
6
CONTINUOUS
10
0.203616062992126
20
0.2999450393700787
11
0.2047022834645669
21
0.3010312598425197
0
LINE
8
BLACK
6
CONTINUOUS
10
0.2047022834645669
20
0.3010312598425197
11
0.2061214960629921
21
0.3016191338582677
0
LINE
8
BLACK
6
CONTINUOUS
10
0.2061214960629921
20
0.3016191338582677
11
0.2076576377952756
21
0.3016191338582677
0
LINE
8
BLACK
6
CONTINUOUS
10
0.2076576377952756
20
0.3016191338582677
11
0.2090768503937008
21
0.3010312598425197
0
LINE
8
BLACK
6
CONTINUOUS
10
0.2090768503937008
20
0.3010312598425197
11
0.2101630708661417
21
0.2999450393700787
0
LINE
8
BLACK
6
CONTINUOUS
10
0.2101630708661417
20
0.2999450393700787
11
0.2107509448818898
21
0.2985258267716535
0
LINE
8
BLACK
6
CONTINUOUS
10
0.2107509448818898
20
0.2985258267716535
11
0.2108265748031496
21
0.2977577559055118
0
LINE
8
BLACK
6
CONTINUOUS
10
0.2108265748031496
20
0.2977577559055118
11
0.2108265748031496
21
0.2870716141732284
0
LINE
8
BLACK
6
CONTINUOUS
10
0.2108265748031496
20
0.2870716141732284
11
0.2461286614173228
21
0.2870716141732284
0
LINE
8
BLACK
6
CONTINUOUS
10
0.2461286614173228
20
0.2870716141732284
11
0.2431007874015748
21
0.2900995275590551
0
LINE
8
BLACK
6
CONTINUOUS
10
0.2431007874015748
20
0.2900995275590551
11
0.2428531102362205
21
0.2904012992125984
0
LINE
8
BLACK
6
CONTINUOUS
10
0.2428531102362205
20
0.2904012992125984
11
0.2427744488188976
21
0.2904695275590551
0
LINE
8
BLACK
6
CONTINUOUS
10
0.2427744488188976
20
0.2904695275590551
11
0.2426997637795276
21
0.2905881496062992
0
LINE
8
BLACK
6
CONTINUOUS
10
0.2426997637795276
20
0.2905881496062992
11
0.2426111811023622
21
0.2906961023622047
0
LINE
8
BLACK
6
CONTINUOUS
10
0.2426111811023622
20
0.2906961023622047
11
0.2425714173228346
21
0.2907920472440945
0
LINE
8
BLACK
6
CONTINUOUS
10
0.2425714173228346
20
0.2907920472440945
11
0.2423633070866142
21
0.2911226771653543
0
LINE
8
BLACK
6
CONTINUOUS
10
0.2423633070866142
20
0.2911226771653543
11
0.2399261023622047
21
0.2959970472440945
0
LINE
8
BLACK
6
CONTINUOUS
10
0.2399261023622047
20
0.2959970472440945
11
0.2396502755905512
21
0.296717874015748
0
LINE
8
BLACK
6
CONTINUOUS
10
0.2396502755905512
20
0.296717874015748
11
0.2395413779527559
21
0.298250157480315
0
LINE
8
BLACK
6
CONTINUOUS
10
0.2395413779527559
20
0.298250157480315
11
0.2400271653543307
21
0.2997074803149606
0
LINE
8
BLACK
6
CONTINUOUS
10
0.2400271653543307
20
0.2997074803149606
11
0.2410336220472441
21
0.3008679921259843
0
LINE
8
BLACK
6
CONTINUOUS
10
0.2410336220472441
20
0.3008679921259843
11
0.2424075984251969
21
0.3015549606299213
0
LINE
8
BLACK
6
CONTINUOUS
10
0.2424075984251969
20
0.3015549606299213
11
0.2439398818897638
21
0.3016638582677165
0
LINE
8
BLACK
6
CONTINUOUS
10
0.2439398818897638
20
0.3016638582677165
11
0.2453972047244095
21
0.3011780708661417
0
LINE
8
BLACK
6
CONTINUOUS
10
0.3756989763779527
20
0.3096312598425197
11
0.3757923228346456
21
0.3095486614173228
0
LINE
8
BLACK
6
CONTINUOUS
10
0.3757923228346456
20
0.3095486614173228
11
0.3759135826771653
21
0.3094343700787401
0
LINE
8
BLACK
6
CONTINUOUS
10
0.3759135826771653
20
0.3094343700787401
11
0.3764787401574803
21
0.3084563779527559
0
LINE
8
BLACK
6
CONTINUOUS
10
0.3764787401574803
20
0.3084563779527559
11
0.3765541338582677
21
0.3081386614173228
0
LINE
8
BLACK
6
CONTINUOUS
10
0.3765541338582677
20
0.3081386614173228
11
0.3766035433070866
21
0.307806062992126
0
LINE
8
BLACK
6
CONTINUOUS
10
0.3766035433070866
20
0.307806062992126
11
0.3766403937007874
21
0.3072120472440945
0
LINE
8
BLACK
6
CONTINUOUS
10
0.3766403937007874
20
0.3072120472440945
11
0.3766441338582677
21
0.3071023228346457
0
LINE
8
BLACK
6
CONTINUOUS
10
0.3766441338582677
20
0.3071023228346457
11
0.3766499606299212
21
0.3061592519685039
0
LINE
8
BLACK
6
CONTINUOUS
10
0.3766499606299212
20
0.3061592519685039
11
0.376649842519685
21
0.3061212992125984
0
LINE
8
BLACK
6
CONTINUOUS
10
0.376649842519685
20
0.3061212992125984
11
0.376631968503937
21
0.3047562992125984
0
LINE
8
BLACK
6
CONTINUOUS
10
0.376631968503937
20
0.3047562992125984
11
0.376631811023622
21
0.3047473622047244
0
LINE
8
BLACK
6
CONTINUOUS
10
0.376631811023622
20
0.3047473622047244
11
0.3766231102362205
21
0.3042543700787402
0
LINE
8
BLACK
6
CONTINUOUS
10
0.3766231102362205
20
0.3042543700787402
11
0.3766231102362205
21
0.3042533858267716
0
LINE
8
BLACK
6
CONTINUOUS
10
0.3766231102362205
20
0.3042533858267716
11
0.3765516535433071
21
0.3003135039370078
0
LINE
8
BLACK
6
CONTINUOUS
10
0.3765516535433071
20
0.3003135039370078
11
0.3759499212598425
21
0.2989322440944882
0
LINE
8
BLACK
6
CONTINUOUS
10
0.3759499212598425
20
0.2989322440944882
11
0.3753243700787401
21
0.2985254724409449
0
LINE
8
BLACK
6
CONTINUOUS
10
0.3753243700787401
20
0.2985254724409449
11
0.3673848031496063
21
0.2953
0
LINE
8
BLACK
6
CONTINUOUS
10
0.3673848031496063
20
0.2953
11
0.3654999212598425
21
0.2945292913385827
0
LINE
8
BLACK
6
CONTINUOUS
10
0.3654999212598425
20
0.2945292913385827
11
0.3637696850393701
21
0.2938120866141732
0
LINE
8
BLACK
6
CONTINUOUS
10
0.3637696850393701
20
0.2938120866141732
11
0.3624634251968504
21
0.2932621259842519
0
LINE
8
BLACK
6
CONTINUOUS
10
0.3624634251968504
20
0.2932621259842519
11
0.3627391732283464
21
0.2930514960629921
0
LINE
8
BLACK
6
CONTINUOUS
10
0.3627391732283464
20
0.2930514960629921
11
0.3641505905511811
21
0.2919847637795275
0
LINE
8
BLACK
6
CONTINUOUS
10
0.3641505905511811
20
0.2919847637795275
11
0.3657525984251969
21
0.2907836220472441
0
LINE
8
BLACK
6
CONTINUOUS
10
0.3657525984251969
20
0.2907836220472441
11
0.3674988976377953
21
0.2894833858267716
0
LINE
8
BLACK
6
CONTINUOUS
10
0.3674988976377953
20
0.2894833858267716
11
0.3678724409448819
21
0.2892063779527559
0
LINE
8
BLACK
6
CONTINUOUS
10
0.3678724409448819
20
0.2892063779527559
11
0.3678724015748032
21
0.2892063779527559
0
LINE
8
BLACK
6
CONTINUOUS
10
0.3678724015748032
20
0.2892063779527559
11
0.3758674803149606
21
0.2832814173228346
0
LINE
8
BLACK
6
CONTINUOUS
10
0.3758674803149606
20
0.2832814173228346
11
0.3766425196850394
21
0.2819894488188976
0
LINE
8
BLACK
6
CONTINUOUS
10
0.3766425196850394
20
0.2819894488188976
11
0.376663937007874
21
0.2817041732283465
0
LINE
8
BLACK
6
CONTINUOUS
10
0.376663937007874
20
0.2817041732283465
11
0.3766725196850393
21
0.2777514173228346
0
LINE
8
BLACK
6
CONTINUOUS
10
0.3766725196850393
20
0.2777514173228346
11
0.3766725196850393
21
0.2777383464566929
0
LINE
8
BLACK
6
CONTINUOUS
10
0.3766725196850393
20
0.2777383464566929
11
0.3766654330708661
21
0.276151062992126
0
LINE
8
BLACK
6
CONTINUOUS
10
0.3766654330708661
20
0.276151062992126
11
0.3766646456692913
21
0.2761042125984252
0
LINE
8
BLACK
6
CONTINUOUS
10
0.3766646456692913
20
0.2761042125984252
11
0.3766329921259842
21
0.2749844094488189
0
LINE
8
BLACK
6
CONTINUOUS
10
0.3766329921259842
20
0.2749844094488189
11
0.3766265748031496
21
0.2748720078740157
0
LINE
8
BLACK
6
CONTINUOUS
10
0.3766265748031496
20
0.2748720078740157
11
0.3765665354330708
21
0.2741712598425197
0
LINE
8
BLACK
6
CONTINUOUS
10
0.3765665354330708
20
0.2741712598425197
11
0.3765011811023622
21
0.2738098031496063
0
LINE
8
BLACK
6
CONTINUOUS
10
0.3765011811023622
20
0.2738098031496063
11
0.3764089763779527
21
0.2734796456692913
0
LINE
8
BLACK
6
CONTINUOUS
10
0.3764089763779527
20
0.2734796456692913
11
0.3754792519685039
21
0.272294094488189
0
LINE
8
BLACK
6
CONTINUOUS
10
0.3754792519685039
20
0.272294094488189
11
0.3750377952755906
21
0.2721118503937008
0
LINE
8
BLACK
6
CONTINUOUS
10
0.3750377952755906
20
0.2721118503937008
11
0.3749355905511811
21
0.2720835826771654
0
LINE
8
BLACK
6
CONTINUOUS
10
0.3749355905511811
20
0.2720835826771654
11
0.3734403149606299
21
0.2722682283464567
0
LINE
8
BLACK
6
CONTINUOUS
10
0.3734403149606299
20
0.2722682283464567
11
0.37324
21
0.2723983858267717
0
LINE
8
BLACK
6
CONTINUOUS
10
0.37324
20
0.2723983858267717
11
0.3729836220472441
21
0.2725880708661417
0
LINE
8
BLACK
6
CONTINUOUS
10
0.3729836220472441
20
0.2725880708661417
11
0.3729619291338583
21
0.2726043700787402
0
LINE
8
BLACK
6
CONTINUOUS
10
0.3729619291338583
20
0.2726043700787402
11
0.3723363385826772
21
0.2730807086614173
0
LINE
8
BLACK
6
CONTINUOUS
10
0.3723363385826772
20
0.2730807086614173
11
0.3723309448818898
21
0.2730848031496063
0
LINE
8
BLACK
6
CONTINUOUS
10
0.3723309448818898
20
0.2730848031496063
11
0.3713749606299213
21
0.2738179133858268
0
LINE
8
BLACK
6
CONTINUOUS
10
0.3713749606299213
20
0.2738179133858268
11
0.3713724409448819
21
0.2738198818897637
0
LINE
8
BLACK
6
CONTINUOUS
10
0.3713724409448819
20
0.2738198818897637
11
0.3701247637795276
21
0.2747799212598425
0
LINE
8
BLACK
6
CONTINUOUS
10
0.3701247637795276
20
0.2747799212598425
11
0.370123188976378
21
0.2747811417322835
0
LINE
8
BLACK
6
CONTINUOUS
10
0.370123188976378
20
0.2747811417322835
11
0.3686226771653543
21
0.2759381496062992
0
LINE
8
BLACK
6
CONTINUOUS
10
0.3686226771653543
20
0.2759381496062992
11
0.3686214566929134
21
0.2759390551181102
0
LINE
8
BLACK
6
CONTINUOUS
10
0.3686214566929134
20
0.2759390551181102
11
0.3669068503937008
21
0.2772632283464567
0
LINE
8
BLACK
6
CONTINUOUS
10
0.3669068503937008
20
0.2772632283464567
11
0.3669059448818898
21
0.2772639763779527
0
LINE
8
BLACK
6
CONTINUOUS
10
0.3669059448818898
20
0.2772639763779527
11
0.3650160236220472
21
0.2787253543307087
0
LINE
8
BLACK
6
CONTINUOUS
10
0.3650160236220472
20
0.2787253543307087
11
0.3650151574803149
21
0.2787260236220472
0
LINE
8
BLACK
6
CONTINUOUS
10
0.3650151574803149
20
0.2787260236220472
11
0.3629887007874016
21
0.2802947637795276
0
LINE
8
BLACK
6
CONTINUOUS
10
0.3629887007874016
20
0.2802947637795276
11
0.3629880708661417
21
0.2802952362204724
0
LINE
8
BLACK
6
CONTINUOUS
10
0.3629880708661417
20
0.2802952362204724
11
0.362017125984252
21
0.2810474803149606
0
LINE
8
BLACK
6
CONTINUOUS
10
0.362017125984252
20
0.2810474803149606
11
0.362017125984252
21
0.2810475196850394
0
LINE
8
BLACK
6
CONTINUOUS
10
0.362017125984252
20
0.2810475196850394
11
0.3599432283464567
21
0.282653937007874
0
LINE
8
BLACK
6
CONTINUOUS
10
0.3599432283464567
20
0.282653937007874
11
0.3599432283464567
21
0.2826539763779528
0
LINE
8
BLACK
6
CONTINUOUS
10
0.3599432283464567
20
0.2826539763779528
11
0.3579911023622047
21
0.2841647637795275
0
LINE
8
BLACK
6
CONTINUOUS
10
0.3579911023622047
20
0.2841647637795275
11
0.3561975590551181
21
0.2855515354330709
0
LINE
8
BLACK
6
CONTINUOUS
10
0.3561975590551181
20
0.2855515354330709
11
0.3546017716535433
21
0.2867839763779528
0
LINE
8
BLACK
6
CONTINUOUS
10
0.3546017716535433
20
0.2867839763779528
11
0.3532410236220472
21
0.2878334251968504
0
LINE
8
BLACK
6
CONTINUOUS
10
0.3532410236220472
20
0.2878334251968504
11
0.3532410236220472
21
0.2878334645669292
0
LINE
8
BLACK
6
CONTINUOUS
10
0.3532410236220472
20
0.2878334645669292
11
0.3521593700787402
21
0.2886658661417323
0
LINE
8
BLACK
6
CONTINUOUS
10
0.3521593700787402
20
0.2886658661417323
11
0.3513943700787401
21
0.2892523228346456
0
LINE
8
BLACK
6
CONTINUOUS
10
0.3513943700787401
20
0.2892523228346456
11
0.351250157480315
21
0.2893617322834646
0
LINE
8
BLACK
6
CONTINUOUS
10
0.351250157480315
20
0.2893617322834646
11
0.3507096456692913
21
0.2894708267716535
0
LINE
8
BLACK
6
CONTINUOUS
10
0.3507096456692913
20
0.2894708267716535
11
0.3496393307086614
21
0.2896774803149606
0
LINE
8
BLACK
6
CONTINUOUS
10
0.3496393307086614
20
0.2896774803149606
11
0.3482557086614173
21
0.2899390157480315
0
LINE
8
BLACK
6
CONTINUOUS
10
0.3482557086614173
20
0.2899390157480315
11
0.3482557086614173
21
0.2899390551181102
0
LINE
8
BLACK
6
CONTINUOUS
10
0.3482557086614173
20
0.2899390551181102
11
0.3466549212598425
21
0.2902376377952756
0
LINE
8
BLACK
6
CONTINUOUS
10
0.3466549212598425
20
0.2902376377952756
11
0.3466549212598425
21
0.2902375984251969
0
LINE
8
BLACK
6
CONTINUOUS
10
0.3466549212598425
20
0.2902375984251969
11
0.3448946456692913
21
0.2905628346456693
0
LINE
8
BLACK
6
CONTINUOUS
10
0.3448946456692913
20
0.2905628346456693
11
0.3430481102362204
21
0.2909012992125984
0
LINE
8
BLACK
6
CONTINUOUS
10
0.3430481102362204
20
0.2909012992125984
11
0.3430481102362204
21
0.2909013385826771
0
LINE
8
BLACK
6
CONTINUOUS
10
0.3430481102362204
20
0.2909013385826771
11
0.3411914566929134
21
0.2912391732283465
0
LINE
8
BLACK
6
CONTINUOUS
10
0.3411914566929134
20
0.2912391732283465
11
0.3411914566929134
21
0.2912392125984252
0
LINE
8
BLACK
6
CONTINUOUS
10
0.3411914566929134
20
0.2912392125984252
11
0.3393961811023622
21
0.2915633070866142
0
LINE
8
BLACK
6
CONTINUOUS
10
0.3393961811023622
20
0.2915633070866142
11
0.3393961811023622
21
0.2915632677165354
0
LINE
8
BLACK
6
CONTINUOUS
10
0.3393961811023622
20
0.2915632677165354
11
0.3377241732283465
21
0.2918624015748031
0
LINE
8
BLACK
6
CONTINUOUS
10
0.3377241732283465
20
0.2918624015748031
11
0.3377241732283465
21
0.2918624409448819
0
LINE
8
BLACK
6
CONTINUOUS
10
0.3377241732283465
20
0.2918624409448819
11
0.3362561023622047
21
0.2921218897637795
0
LINE
8
BLACK
6
CONTINUOUS
10
0.3362561023622047
20
0.2921218897637795
11
0.3362561023622047
21
0.2921219291338583
0
LINE
8
BLACK
6
CONTINUOUS
10
0.3362561023622047
20
0.2921219291338583
11
0.3350646850393701
21
0.2923284645669291
0
LINE
8
BLACK
6
CONTINUOUS
10
0.3350646850393701
20
0.2923284645669291
11
0.3342324803149606
21
0.2924672834645669
0
LINE
8
BLACK
6
CONTINUOUS
10
0.3342324803149606
20
0.2924672834645669
11
0.3338035433070866
21
0.2925302755905512
0
LINE
8
BLACK
6
CONTINUOUS
10
0.3338035433070866
20
0.2925302755905512
11
0.3338089763779528
21
0.2925674409448819
0
LINE
8
BLACK
6
CONTINUOUS
10
0.3338089763779528
20
0.2925674409448819
11
0.3325622047244094
21
0.2931927165354331
0
LINE
8
BLACK
6
CONTINUOUS
10
0.3325622047244094
20
0.2931927165354331
11
0.3321185039370079
21
0.2941053937007874
0
LINE
8
BLACK
6
CONTINUOUS
10
0.3321185039370079
20
0.2941053937007874
11
0.3320712992125984
21
0.2943484645669291
0
LINE
8
BLACK
6
CONTINUOUS
10
0.3320712992125984
20
0.2943484645669291
11
0.3320387007874016
21
0.2946065354330709
0
LINE
8
BLACK
6
CONTINUOUS
10
0.3320387007874016
20
0.2946065354330709
11
0.3319988188976378
21
0.2952752755905512
0
LINE
8
BLACK
6
CONTINUOUS
10
0.3319988188976378
20
0.2952752755905512
11
0.3319961417322835
21
0.2953349606299213
0
LINE
8
BLACK
6
CONTINUOUS
10
0.3319961417322835
20
0.2953349606299213
11
0.331966811023622
21
0.2963386220472441
0
LINE
8
BLACK
6
CONTINUOUS
10
0.331966811023622
20
0.2963386220472441
11
0.3319661417322834
21
0.2963716929133858
0
LINE
8
BLACK
6
CONTINUOUS
10
0.3319661417322834
20
0.2963716929133858
11
0.3319506299212598
21
0.2976196062992126
0
LINE
8
BLACK
6
CONTINUOUS
10
0.3319506299212598
20
0.2976196062992126
11
0.3319504724409449
21
0.2976385039370079
0
LINE
8
BLACK
6
CONTINUOUS
10
0.3319504724409449
20
0.2976385039370079
11
0.3319488188976378
21
0.2982238976377953
0
LINE
8
BLACK
6
CONTINUOUS
10
0.3319488188976378
20
0.2982238976377953
11
0.3319488188976378
21
0.3019782283464567
0
LINE
8
BLACK
6
CONTINUOUS
10
0.3319488188976378
20
0.3019782283464567
11
0.3325253937007874
21
0.3033701574803149
0
LINE
8
BLACK
6
CONTINUOUS
10
0.3325253937007874
20
0.3033701574803149
11
0.3339173228346456
21
0.3039467322834646
0
LINE
8
BLACK
6
CONTINUOUS
10
0.3339173228346456
20
0.3039467322834646
11
0.334363031496063
21
0.3038956299212598
0
LINE
8
BLACK
6
CONTINUOUS
10
0.334363031496063
20
0.3038956299212598
11
0.3349158661417323
21
0.303767125984252
0
LINE
8
BLACK
6
CONTINUOUS
10
0.3349158661417323
20
0.303767125984252
11
0.3353442913385827
21
0.3036812204724409
0
LINE
8
BLACK
6
CONTINUOUS
10
0.3353442913385827
20
0.3036812204724409
11
0.3362087401574803
21
0.3035215354330709
0
LINE
8
BLACK
6
CONTINUOUS
10
0.3362087401574803
20
0.3035215354330709
11
0.3374264566929134
21
0.3033031889763779
0
LINE
8
BLACK
6
CONTINUOUS
10
0.3374264566929134
20
0.3033031889763779
11
0.338908031496063
21
0.3030416929133858
0
LINE
8
BLACK
6
CONTINUOUS
10
0.338908031496063
20
0.3030416929133858
11
0.3389080708661417
21
0.3030416929133858
0
LINE
8
BLACK
6
CONTINUOUS
10
0.3389080708661417
20
0.3030416929133858
11
0.3405868503937008
21
0.3027485433070866
0
LINE
8
BLACK
6
CONTINUOUS
10
0.3405868503937008
20
0.3027485433070866
11
0.340586811023622
21
0.3027485433070866
0
LINE
8
BLACK
6
CONTINUOUS
10
0.340586811023622
20
0.3027485433070866
11
0.3423777165354331
21
0.3024383070866142
0
LINE
8
BLACK
6
CONTINUOUS
10
0.3423777165354331
20
0.3024383070866142
11
0.3423777559055118
21
0.3024383070866142
0
LINE
8
BLACK
6
CONTINUOUS
10
0.3423777559055118
20
0.3024383070866142
11
0.344217125984252
21
0.302121968503937
0
LINE
8
BLACK
6
CONTINUOUS
10
0.344217125984252
20
0.302121968503937
11
0.3442170866141732
21
0.302121968503937
0
LINE
8
BLACK
6
CONTINUOUS
10
0.3442170866141732
20
0.302121968503937
11
0.346024094488189
21
0.3018133070866142
0
LINE
8
BLACK
6
CONTINUOUS
10
0.346024094488189
20
0.3018133070866142
11
0.3477238188976378
21
0.3015253149606299
0
LINE
8
BLACK
6
CONTINUOUS
10
0.3477238188976378
20
0.3015253149606299
11
0.3477238582677165
21
0.3015253149606299
0
LINE
8
BLACK
6
CONTINUOUS
10
0.3477238582677165
20
0.3015253149606299
11
0.3492472834645669
21
0.3012697637795276
0
LINE
8
BLACK
6
CONTINUOUS
10
0.3492472834645669
20
0.3012697637795276
11
0.3505233464566929
21
0.3010588976377953
0
LINE
8
BLACK
6
CONTINUOUS
10
0.3505233464566929
20
0.3010588976377953
11
0.3514555511811023
21
0.3009090157480315
0
LINE
8
BLACK
6
CONTINUOUS
10
0.3514555511811023
20
0.3009090157480315
11
0.3516269291338582
21
0.3008835039370079
0
LINE
8
BLACK
6
CONTINUOUS
10
0.3516269291338582
20
0.3008835039370079
11
0.3521524409448819
21
0.3010825590551181
0
LINE
8
BLACK
6
CONTINUOUS
10
0.3521524409448819
20
0.3010825590551181
11
0.353243937007874
21
0.3015146456692913
0
LINE
8
BLACK
6
CONTINUOUS
10
0.353243937007874
20
0.3015146456692913
11
0.3546779921259842
21
0.3020943307086614
0
LINE
8
BLACK
6
CONTINUOUS
10
0.3546779921259842
20
0.3020943307086614
11
0.3563893307086614
21
0.3027952755905512
0
LINE
8
BLACK
6
CONTINUOUS
10
0.3563893307086614
20
0.3027952755905512
11
0.3583254330708661
21
0.3035961417322834
0
LINE
8
BLACK
6
CONTINUOUS
10
0.3583254330708661
20
0.3035961417322834
11
0.3604434645669291
21
0.3044794881889764
0
LINE
8
BLACK
6
CONTINUOUS
10
0.3604434645669291
20
0.3044794881889764
11
0.3622434645669291
21
0.3052353937007874
0
LINE
8
BLACK
6
CONTINUOUS
10
0.3622434645669291
20
0.3052353937007874
11
0.3644781496062992
21
0.3061752755905512
0
LINE
8
BLACK
6
CONTINUOUS
10
0.3644781496062992
20
0.3061752755905512
11
0.3644801181102362
21
0.3061761023622047
0
LINE
8
BLACK
6
CONTINUOUS
10
0.3644801181102362
20
0.3061761023622047
11
0.3665794881889763
21
0.3070564173228346
0
LINE
8
BLACK
6
CONTINUOUS
10
0.3665794881889763
20
0.3070564173228346
11
0.3665816141732283
21
0.3070573228346457
0
LINE
8
BLACK
6
CONTINUOUS
10
0.3665816141732283
20
0.3070573228346457
11
0.3684947637795276
21
0.3078569291338583
0
LINE
8
BLACK
6
CONTINUOUS
10
0.3684947637795276
20
0.3078569291338583
11
0.3684973228346456
21
0.3078579921259842
0
LINE
8
BLACK
6
CONTINUOUS
10
0.3684973228346456
20
0.3078579921259842
11
0.370174251968504
21
0.3085561023622047
0
LINE
8
BLACK
6
CONTINUOUS
10
0.370174251968504
20
0.3085561023622047
11
0.3701777165354331
21
0.3085575590551181
0
LINE
8
BLACK
6
CONTINUOUS
10
0.3701777165354331
20
0.3085575590551181
11
0.3715685039370079
21
0.3091334251968504
0
LINE
8
BLACK
6
CONTINUOUS
10
0.3715685039370079
20
0.3091334251968504
11
0.3715741338582677
21
0.3091357480314961
0
LINE
8
BLACK
6
CONTINUOUS
10
0.3715741338582677
20
0.3091357480314961
11
0.3726288188976378
21
0.3095686220472441
0
LINE
8
BLACK
6
CONTINUOUS
10
0.3726288188976378
20
0.3095686220472441
11
0.3726412204724409
21
0.3095736220472441
0
LINE
8
BLACK
6
CONTINUOUS
10
0.3726412204724409
20
0.3095736220472441
11
0.373309842519685
21
0.3098427559055118
0
LINE
8
BLACK
6
CONTINUOUS
10
0.373309842519685
20
0.3098427559055118
11
0.3733556299212598
21
0.3098605511811023
0
LINE
8
BLACK
6
CONTINUOUS
10
0.3733556299212598
20
0.3098605511811023
11
0.3735783858267717
21
0.3099438188976378
0
LINE
8
BLACK
6
CONTINUOUS
10
0.3735783858267717
20
0.3099438188976378
11
0.3740850393700788
21
0.3100599212598425
0
LINE
8
BLACK
6
CONTINUOUS
10
0.3740850393700788
20
0.3100599212598425
11
0.3742595669291339
21
0.3100761811023622
0
LINE
8
BLACK
6
CONTINUOUS
10
0.3742595669291339
20
0.3100761811023622
11
0.3756989763779527
21
0.3096312598425197
0
LINE
8
BLACK
6
CONTINUOUS
10
0.3849984645669291
20
0.2950042125984252
11
0.3853392519685039
21
0.2949651574803149
0
LINE
8
BLACK
6
CONTINUOUS
10
0.3853392519685039
20
0.2949651574803149
11
0.3853401968503937
21
0.2949700393700787
0
LINE
8
BLACK
6
CONTINUOUS
10
0.3853401968503937
20
0.2949700393700787
11
0.3856557874015748
21
0.2949106299212598
0
LINE
8
BLACK
6
CONTINUOUS
10
0.3856557874015748
20
0.2949106299212598
11
0.3864323228346457
21
0.2947708267716536
0
LINE
8
BLACK
6
CONTINUOUS
10
0.3864323228346457
20
0.2947708267716536
11
0.3864323622047244
21
0.2947708267716536
0
LINE
8
BLACK
6
CONTINUOUS
10
0.3864323622047244
20
0.2947708267716536
11
0.3876501968503937
21
0.294554094488189
0
LINE
8
BLACK
6
CONTINUOUS
10
0.3876501968503937
20
0.294554094488189
11
0.3876501574803149
21
0.294554094488189
0
LINE
8
BLACK
6
CONTINUOUS
10
0.3876501574803149
20
0.294554094488189
11
0.3892537401574803
21
0.2942702362204724
0
LINE
8
BLACK
6
CONTINUOUS
10
0.3892537401574803
20
0.2942702362204724
11
0.3892537007874016
21
0.2942702362204724
0
LINE
8
BLACK
6
CONTINUOUS
10
0.3892537007874016
20
0.2942702362204724
11
0.3912043307086614
21
0.293926062992126
0
LINE
8
BLACK
6
CONTINUOUS
10
0.3912043307086614
20
0.293926062992126
11
0.3912043700787401
21
0.293926062992126
0
LINE
8
BLACK
6
CONTINUOUS
10
0.3912043700787401
20
0.293926062992126
11
0.3934629921259842
21
0.2935285039370079
0
LINE
8
BLACK
6
CONTINUOUS
10
0.3934629921259842
20
0.2935285039370079
11
0.393463031496063
21
0.2935285039370079
0
LINE
8
BLACK
6
CONTINUOUS
10
0.393463031496063
20
0.2935285039370079
11
0.3959885826771654
21
0.2930847244094488
0
LINE
8
BLACK
6
CONTINUOUS
10
0.3959885826771654
20
0.2930847244094488
11
0.3959885433070866
21
0.2930847244094488
0
LINE
8
BLACK
6
CONTINUOUS
10
0.3959885433070866
20
0.2930847244094488
11
0.3987396062992126
21
0.2926020866141732
0
LINE
8
BLACK
6
CONTINUOUS
10
0.3987396062992126
20
0.2926020866141732
11
0.3987395669291339
21
0.2926020866141732
0
LINE
8
BLACK
6
CONTINUOUS
10
0.3987395669291339
20
0.2926020866141732
11
0.4016757874015748
21
0.2920876771653543
0
LINE
8
BLACK
6
CONTINUOUS
10
0.4016757874015748
20
0.2920876771653543
11
0.4047578346456693
21
0.2915484645669291
0
LINE
8
BLACK
6
CONTINUOUS
10
0.4047578346456693
20
0.2915484645669291
11
0.404757874015748
21
0.2915484645669291
0
LINE
8
BLACK
6
CONTINUOUS
10
0.404757874015748
20
0.2915484645669291
11
0.4050025984251968
21
0.2915056692913386
0
LINE
8
BLACK
6
CONTINUOUS
10
0.4050025984251968
20
0.2915056692913386
11
0.4050025590551181
21
0.2915056692913386
0
LINE
8
BLACK
6
CONTINUOUS
10
0.4050025590551181
20
0.2915056692913386
11
0.4081062204724409
21
0.2909629921259843
0
LINE
8
BLACK
6
CONTINUOUS
10
0.4081062204724409
20
0.2909629921259843
11
0.4081062992125984
21
0.2909629527559055
0
LINE
8
BLACK
6
CONTINUOUS
10
0.4081062992125984
20
0.2909629527559055
11
0.4110767322834645
21
0.2904434645669292
0
LINE
8
BLACK
6
CONTINUOUS
10
0.4110767322834645
20
0.2904434645669292
11
0.4110767716535433
21
0.2904434645669292
0
LINE
8
BLACK
6
CONTINUOUS
10
0.4110767716535433
20
0.2904434645669292
11
0.4138725590551181
21
0.2899544488188976
0
LINE
8
BLACK
6
CONTINUOUS
10
0.4138725590551181
20
0.2899544488188976
11
0.4138726377952756
21
0.2899544488188976
0
LINE
8
BLACK
6
CONTINUOUS
10
0.4138726377952756
20
0.2899544488188976
11
0.4164522834645669
21
0.2895031102362204
0
LINE
8
BLACK
6
CONTINUOUS
10
0.4164522834645669
20
0.2895031102362204
11
0.4164523622047244
21
0.2895031102362204
0
LINE
8
BLACK
6
CONTINUOUS
10
0.4164523622047244
20
0.2895031102362204
11
0.4187743700787401
21
0.2890967716535433
0
LINE
8
BLACK
6
CONTINUOUS
10
0.4187743700787401
20
0.2890967716535433
11
0.4187744488188976
21
0.2890967322834646
0
LINE
8
BLACK
6
CONTINUOUS
10
0.4187744488188976
20
0.2890967322834646
11
0.4207974409448819
21
0.2887426377952756
0
LINE
8
BLACK
6
CONTINUOUS
10
0.4207974409448819
20
0.2887426377952756
11
0.4207975984251968
21
0.2887425984251968
0
LINE
8
BLACK
6
CONTINUOUS
10
0.4207975984251968
20
0.2887425984251968
11
0.4224800393700787
21
0.2884479527559055
0
LINE
8
BLACK
6
CONTINUOUS
10
0.4224800393700787
20
0.2884479527559055
11
0.4224802362204724
21
0.2884479527559055
0
LINE
8
BLACK
6
CONTINUOUS
10
0.4224802362204724
20
0.2884479527559055
11
0.4237807086614173
21
0.2882200787401575
0
LINE
8
BLACK
6
CONTINUOUS
10
0.4237807086614173
20
0.2882200787401575
11
0.4237811811023622
21
0.2882199606299213
0
LINE
8
BLACK
6
CONTINUOUS
10
0.4237811811023622
20
0.2882199606299213
11
0.4246581496062992
21
0.288066062992126
0
LINE
8
BLACK
6
CONTINUOUS
10
0.4246581496062992
20
0.288066062992126
11
0.4246596456692913
21
0.2880658267716535
0
LINE
8
BLACK
6
CONTINUOUS
10
0.4246596456692913
20
0.2880658267716535
11
0.4250717322834646
21
0.2879931889763779
0
LINE
8
BLACK
6
CONTINUOUS
10
0.4250717322834646
20
0.2879931889763779
11
0.4250757480314961
21
0.2879924803149606
0
LINE
8
BLACK
6
CONTINUOUS
10
0.4250757480314961
20
0.2879924803149606
11
0.4250841338582677
21
0.2879909842519685
0
LINE
8
BLACK
6
CONTINUOUS
10
0.4250841338582677
20
0.2879909842519685
11
0.4250856692913386
21
0.2879907086614173
0
LINE
8
BLACK
6
CONTINUOUS
10
0.4250856692913386
20
0.2879907086614173
11
0.4259248031496063
21
0.2878403149606299
0
LINE
8
BLACK
6
CONTINUOUS
10
0.4259248031496063
20
0.2878403149606299
11
0.4271931889763779
21
0.2870272440944882
0
LINE
8
BLACK
6
CONTINUOUS
10
0.4271931889763779
20
0.2870272440944882
11
0.4275460236220472
21
0.2859026771653543
0
LINE
8
BLACK
6
CONTINUOUS
10
0.4275460236220472
20
0.2859026771653543
11
0.4275460236220472
21
0.2821875590551181
0
LINE
8
BLACK
6
CONTINUOUS
10
0.4275460236220472
20
0.2821875590551181
11
0.4275459842519685
21
0.2821770866141732
0
LINE
8
BLACK
6
CONTINUOUS
10
0.4275459842519685
20
0.2821770866141732
11
0.4275389763779527
21
0.2808587795275591
0
LINE
8
BLACK
6
CONTINUOUS
10
0.4275389763779527
20
0.2808587795275591
11
0.4275387007874016
21
0.2808350393700788
0
LINE
8
BLACK
6
CONTINUOUS
10
0.4275387007874016
20
0.2808350393700788
11
0.4275193700787401
21
0.2797226771653543
0
LINE
8
BLACK
6
CONTINUOUS
10
0.4275193700787401
20
0.2797226771653543
11
0.4275184251968504
21
0.279686968503937
0
LINE
8
BLACK
6
CONTINUOUS
10
0.4275184251968504
20
0.279686968503937
11
0.4274894488188976
21
0.2788715748031496
0
LINE
8
BLACK
6
CONTINUOUS
10
0.4274894488188976
20
0.2788715748031496
11
0.4274837401574803
21
0.2787761023622047
0
LINE
8
BLACK
6
CONTINUOUS
10
0.4274837401574803
20
0.2787761023622047
11
0.4274477165354331
21
0.2783488582677165
0
LINE
8
BLACK
6
CONTINUOUS
10
0.4274477165354331
20
0.2783488582677165
11
0.4273239763779527
21
0.2778088582677165
0
LINE
8
BLACK
6
CONTINUOUS
10
0.4273239763779527
20
0.2778088582677165
11
0.4273079133858267
21
0.2777670078740158
0
LINE
8
BLACK
6
CONTINUOUS
10
0.4273079133858267
20
0.2777670078740158
11
0.4262708661417323
21
0.2766741338582677
0
LINE
8
BLACK
6
CONTINUOUS
10
0.4262708661417323
20
0.2766741338582677
11
0.4251617716535433
21
0.2765281889763779
0
LINE
8
BLACK
6
CONTINUOUS
10
0.4251617716535433
20
0.2765281889763779
11
0.424886968503937
21
0.2765717716535433
0
LINE
8
BLACK
6
CONTINUOUS
10
0.424886968503937
20
0.2765717716535433
11
0.4248652362204725
21
0.2765753543307087
0
LINE
8
BLACK
6
CONTINUOUS
10
0.4248652362204725
20
0.2765753543307087
11
0.4241288976377953
21
0.2767005905511811
0
LINE
8
BLACK
6
CONTINUOUS
10
0.4241288976377953
20
0.2767005905511811
11
0.4241241338582677
21
0.2767014173228347
0
LINE
8
BLACK
6
CONTINUOUS
10
0.4241241338582677
20
0.2767014173228347
11
0.4229732283464567
21
0.2769000787401575
0
LINE
8
BLACK
6
CONTINUOUS
10
0.4229732283464567
20
0.2769000787401575
11
0.4229711811023622
21
0.2769004330708661
0
LINE
8
BLACK
6
CONTINUOUS
10
0.4229711811023622
20
0.2769004330708661
11
0.4214525984251968
21
0.2771642125984252
0
LINE
8
BLACK
6
CONTINUOUS
10
0.4214525984251968
20
0.2771642125984252
11
0.4214513779527559
21
0.2771644094488189
0
LINE
8
BLACK
6
CONTINUOUS
10
0.4214513779527559
20
0.2771644094488189
11
0.4196121653543307
21
0.2774850787401575
0
LINE
8
BLACK
6
CONTINUOUS
10
0.4196121653543307
20
0.2774850787401575
11
0.4196113779527559
21
0.2774852362204724
0
LINE
8
BLACK
6
CONTINUOUS
10
0.4196113779527559
20
0.2774852362204724
11
0.4174983858267716
21
0.2778545275590551
0
LINE
8
BLACK
6
CONTINUOUS
10
0.4174983858267716
20
0.2778545275590551
11
0.4174977952755906
21
0.2778546062992126
0
LINE
8
BLACK
6
CONTINUOUS
10
0.4174977952755906
20
0.2778546062992126
11
0.4151580708661417
21
0.2782642519685039
0
LINE
8
BLACK
6
CONTINUOUS
10
0.4151580708661417
20
0.2782642519685039
11
0.4151576377952756
21
0.2782643307086614
0
LINE
8
BLACK
6
CONTINUOUS
10
0.4151576377952756
20
0.2782643307086614
11
0.4126380708661417
21
0.278706062992126
0
LINE
8
BLACK
6
CONTINUOUS
10
0.4126380708661417
20
0.278706062992126
11
0.4126376771653543
21
0.2787061417322835
0
LINE
8
BLACK
6
CONTINUOUS
10
0.4126376771653543
20
0.2787061417322835
11
0.4099852755905511
21
0.2791716929133858
0
LINE
8
BLACK
6
CONTINUOUS
10
0.4099852755905511
20
0.2791716929133858
11
0.4099849212598425
21
0.2791717322834645
0
LINE
8
BLACK
6
CONTINUOUS
10
0.4099849212598425
20
0.2791717322834645
11
0.4072466141732283
21
0.279652874015748
0
LINE
8
BLACK
6
CONTINUOUS
10
0.4072466141732283
20
0.279652874015748
11
0.4072462992125984
21
0.2796529527559055
0
LINE
8
BLACK
6
CONTINUOUS
10
0.4072462992125984
20
0.2796529527559055
11
0.4044690551181102
21
0.2801414173228347
0
LINE
8
BLACK
6
CONTINUOUS
10
0.4044690551181102
20
0.2801414173228347
11
0.4044687401574803
21
0.2801414566929134
0
LINE
8
BLACK
6
CONTINUOUS
10
0.4044687401574803
20
0.2801414566929134
11
0.4016995275590551
21
0.2806289763779528
0
LINE
8
BLACK
6
CONTINUOUS
10
0.4016995275590551
20
0.2806289763779528
11
0.4016992125984252
21
0.2806290551181102
0
LINE
8
BLACK
6
CONTINUOUS
10
0.4016992125984252
20
0.2806290551181102
11
0.3989849606299212
21
0.2811073622047244
0
LINE
8
BLACK
6
CONTINUOUS
10
0.3989849606299212
20
0.2811073622047244
11
0.3989846062992126
21
0.2811074015748031
0
LINE
8
BLACK
6
CONTINUOUS
10
0.3989846062992126
20
0.2811074015748031
11
0.3963722440944882
21
0.2815682283464567
0
LINE
8
BLACK
6
CONTINUOUS
10
0.3963722440944882
20
0.2815682283464567
11
0.396371811023622
21
0.2815683070866142
0
LINE
8
BLACK
6
CONTINUOUS
10
0.396371811023622
20
0.2815683070866142
11
0.3939083858267716
21
0.2820034251968504
0
LINE
8
BLACK
6
CONTINUOUS
10
0.3939083858267716
20
0.2820034251968504
11
0.393907874015748
21
0.2820035039370078
0
LINE
8
BLACK
6
CONTINUOUS
10
0.393907874015748
20
0.2820035039370078
11
0.3916402362204724
21
0.2824046456692914
0
LINE
8
BLACK
6
CONTINUOUS
10
0.3916402362204724
20
0.2824046456692914
11
0.3916396062992126
21
0.2824047637795276
0
LINE
8
BLACK
6
CONTINUOUS
10
0.3916396062992126
20
0.2824047637795276
11
0.3896148031496063
21
0.2827636220472441
0
LINE
8
BLACK
6
CONTINUOUS
10
0.3896148031496063
20
0.2827636220472441
11
0.3896138976377952
21
0.282763779527559
0
LINE
8
BLACK
6
CONTINUOUS
10
0.3896138976377952
20
0.282763779527559
11
0.3878788188976378
21
0.283072125984252
0
LINE
8
BLACK
6
CONTINUOUS
10
0.3878788188976378
20
0.283072125984252
11
0.3878774015748032
21
0.2830724015748031
0
LINE
8
BLACK
6
CONTINUOUS
10
0.3878774015748032
20
0.2830724015748031
11
0.3864790551181102
21
0.283321968503937
0
LINE
8
BLACK
6
CONTINUOUS
10
0.3864790551181102
20
0.283321968503937
11
0.3864763385826772
21
0.2833224409448819
0
LINE
8
BLACK
6
CONTINUOUS
10
0.3864763385826772
20
0.2833224409448819
11
0.3854616535433071
21
0.283505
0
LINE
8
BLACK
6
CONTINUOUS
10
0.3854616535433071
20
0.283505
11
0.3854547637795275
21
0.2835062598425197
0
LINE
8
BLACK
6
CONTINUOUS
10
0.3854547637795275
20
0.2835062598425197
11
0.3848706692913386
21
0.2836135039370078
0
LINE
8
BLACK
6
CONTINUOUS
10
0.3848706692913386
20
0.2836135039370078
11
0.3848432283464567
21
0.2836187401574803
0
LINE
8
BLACK
6
CONTINUOUS
10
0.3848432283464567
20
0.2836187401574803
11
0.384722125984252
21
0.2836427559055118
0
LINE
8
BLACK
6
CONTINUOUS
10
0.384722125984252
20
0.2836427559055118
11
0.384505905511811
21
0.2836985433070866
0
LINE
8
BLACK
6
CONTINUOUS
10
0.384505905511811
20
0.2836985433070866
11
0.3842788188976378
21
0.2837711023622047
0
LINE
8
BLACK
6
CONTINUOUS
10
0.3842788188976378
20
0.2837711023622047
11
0.3835451181102362
21
0.2841975590551181
0
LINE
8
BLACK
6
CONTINUOUS
10
0.3835451181102362
20
0.2841975590551181
11
0.3833865748031496
21
0.2843434251968504
0
LINE
8
BLACK
6
CONTINUOUS
10
0.3833865748031496
20
0.2843434251968504
11
0.382855905511811
21
0.2851578346456693
0
LINE
8
BLACK
6
CONTINUOUS
10
0.382855905511811
20
0.2851578346456693
11
0.3827535433070866
21
0.2854585826771653
0
LINE
8
BLACK
6
CONTINUOUS
10
0.3827535433070866
20
0.2854585826771653
11
0.3826600787401574
21
0.2858801181102362
0
LINE
8
BLACK
6
CONTINUOUS
10
0.3826600787401574
20
0.2858801181102362
11
0.3826016929133858
21
0.2864172440944882
0
LINE
8
BLACK
6
CONTINUOUS
10
0.3826016929133858
20
0.2864172440944882
11
0.3825911023622047
21
0.2865683464566929
0
LINE
8
BLACK
6
CONTINUOUS
10
0.3825911023622047
20
0.2865683464566929
11
0.3825643307086614
21
0.2874235039370079
0
LINE
8
BLACK
6
CONTINUOUS
10
0.3825643307086614
20
0.2874235039370079
11
0.3825634251968504
21
0.2874733858267716
0
LINE
8
BLACK
6
CONTINUOUS
10
0.3825634251968504
20
0.2874733858267716
11
0.3825559448818898
21
0.2887280708661417
0
LINE
8
BLACK
6
CONTINUOUS
10
0.3825559448818898
20
0.2887280708661417
11
0.382555905511811
21
0.2887388976377953
0
LINE
8
BLACK
6
CONTINUOUS
10
0.382555905511811
20
0.2887388976377953
11
0.3825555905511811
21
0.2894256692913386
0
LINE
8
BLACK
6
CONTINUOUS
10
0.3825555905511811
20
0.2894256692913386
11
0.3825555905511811
21
0.2894329133858268
0
LINE
8
BLACK
6
CONTINUOUS
10
0.3825555905511811
20
0.2894329133858268
11
0.3825602755905512
21
0.2908880708661417
0
LINE
8
BLACK
6
CONTINUOUS
10
0.3825602755905512
20
0.2908880708661417
11
0.3825606692913386
21
0.2909211811023622
0
LINE
8
BLACK
6
CONTINUOUS
10
0.3825606692913386
20
0.2909211811023622
11
0.3825809842519685
21
0.2919349212598425
0
LINE
8
BLACK
6
CONTINUOUS
10
0.3825809842519685
20
0.2919349212598425
11
0.3825853937007874
21
0.2920329527559055
0
LINE
8
BLACK
6
CONTINUOUS
10
0.3825853937007874
20
0.2920329527559055
11
0.3826307086614173
21
0.2926802755905512
0
LINE
8
BLACK
6
CONTINUOUS
10
0.3826307086614173
20
0.2926802755905512
11
0.3826735039370079
21
0.2929731496062992
0
LINE
8
BLACK
6
CONTINUOUS
10
0.3826735039370079
20
0.2929731496062992
11
0.3827532283464567
21
0.2933290157480315
0
LINE
8
BLACK
6
CONTINUOUS
10
0.3827532283464567
20
0.2933290157480315
11
0.3832008661417323
21
0.2942042125984252
0
LINE
8
BLACK
6
CONTINUOUS
10
0.3832008661417323
20
0.2942042125984252
11
0.3833243700787402
21
0.2943435826771654
0
LINE
8
BLACK
6
CONTINUOUS
10
0.3833243700787402
20
0.2943435826771654
11
0.3846790551181102
21
0.2950029527559055
0
LINE
8
BLACK
6
CONTINUOUS
10
0.3846790551181102
20
0.2950029527559055
11
0.3848217716535433
21
0.2950063779527559
0
LINE
8
BLACK
6
CONTINUOUS
10
0.3848217716535433
20
0.2950063779527559
11
0.3849984645669291
21
0.2950042125984252
0
LINE
8
BLACK
6
CONTINUOUS
10
0.0384500393700787
20
0.3012440157480315
11
0.0388974803149606
21
0.300876811023622
0
LINE
8
BLACK
6
CONTINUOUS
10
0.0388974803149606
20
0.300876811023622
11
0.0401905118110236
21
0.2995838188976378
0
LINE
8
BLACK
6
CONTINUOUS
10
0.0401905118110236
20
0.2995838188976378
11
0.044293937007874
21
0.2968481889763779
0
LINE
8
BLACK
6
CONTINUOUS
10
0.044293937007874
20
0.2968481889763779
11
0.0469413385826772
21
0.2955244881889764
0
LINE
8
BLACK
6
CONTINUOUS
10
0.0469413385826772
20
0.2955244881889764
11
0.0510673228346457
21
0.2941491732283464
0
LINE
8
BLACK
6
CONTINUOUS
10
0.0510673228346457
20
0.2941491732283464
11
0.0580994881889764
21
0.292742716535433
0
LINE
8
BLACK
6
CONTINUOUS
10
0.0580994881889764
20
0.292742716535433
11
0.0635139763779528
21
0.292742716535433
0
LINE
8
BLACK
6
CONTINUOUS
10
0.0635139763779528
20
0.292742716535433
11
0.0705458661417323
21
0.2941491338582677
0
LINE
8
BLACK
6
CONTINUOUS
10
0.0705458661417323
20
0.2941491338582677
11
0.0746718897637795
21
0.2955244881889764
0
LINE
8
BLACK
6
CONTINUOUS
10
0.0746718897637795
20
0.2955244881889764
11
0.0773192519685039
21
0.2968481496062992
0
LINE
8
BLACK
6
CONTINUOUS
10
0.0773192519685039
20
0.2968481496062992
11
0.0814226771653543
21
0.299583779527559
0
LINE
8
BLACK
6
CONTINUOUS
10
0.0814226771653543
20
0.299583779527559
11
0.0827157086614173
21
0.3008767716535433
0
LINE
8
BLACK
6
CONTINUOUS
10
0.0827157086614173
20
0.3008767716535433
11
0.0831631496062992
21
0.3012439763779527
0
LINE
8
BLACK
6
CONTINUOUS
10
0.0831631496062992
20
0.3012439763779527
11
0.0842275590551181
21
0.3016848818897638
0
LINE
8
BLACK
6
CONTINUOUS
10
0.0842275590551181
20
0.3016848818897638
11
0.0853796456692913
21
0.3016848818897638
0
LINE
8
BLACK
6
CONTINUOUS
10
0.0853796456692913
20
0.3016848818897638
11
0.0864440551181102
21
0.3012439763779527
0
LINE
8
BLACK
6
CONTINUOUS
10
0.0864440551181102
20
0.3012439763779527
11
0.0872587401574803
21
0.3004292913385826
0
LINE
8
BLACK
6
CONTINUOUS
10
0.0872587401574803
20
0.3004292913385826
11
0.0876996456692913
21
0.2993648818897638
0
LINE
8
BLACK
6
CONTINUOUS
10
0.0876996456692913
20
0.2993648818897638
11
0.0876996456692913
21
0.2982127952755905
0
LINE
8
BLACK
6
CONTINUOUS
10
0.0876996456692913
20
0.2982127952755905
11
0.0872587401574803
21
0.2971483858267717
0
LINE
8
BLACK
6
CONTINUOUS
10
0.0872587401574803
20
0.2971483858267717
11
0.0868915354330709
21
0.2967009448818897
0
LINE
8
BLACK
6
CONTINUOUS
10
0.0868915354330709
20
0.2967009448818897
11
0.0853917322834646
21
0.2952011417322835
0
LINE
8
BLACK
6
CONTINUOUS
10
0.0853917322834646
20
0.2952011417322835
11
0.0853901181102362
21
0.295199842519685
0
LINE
8
BLACK
6
CONTINUOUS
10
0.0853901181102362
20
0.295199842519685
11
0.0853895669291339
21
0.2951989763779527
0
LINE
8
BLACK
6
CONTINUOUS
10
0.0853895669291339
20
0.2951989763779527
11
0.0851595669291339
21
0.2950106692913386
0
LINE
8
BLACK
6
CONTINUOUS
10
0.0851595669291339
20
0.2950106692913386
11
0.0849442913385827
21
0.294833937007874
0
LINE
8
BLACK
6
CONTINUOUS
10
0.0849442913385827
20
0.294833937007874
11
0.0849433858267716
21
0.2948335826771654
0
LINE
8
BLACK
6
CONTINUOUS
10
0.0849433858267716
20
0.2948335826771654
11
0.0849417322834646
21
0.2948322047244095
0
LINE
8
BLACK
6
CONTINUOUS
10
0.0849417322834646
20
0.2948322047244095
11
0.0804422834645669
21
0.2918325590551181
0
LINE
8
BLACK
6
CONTINUOUS
10
0.0804422834645669
20
0.2918325590551181
11
0.080280157480315
21
0.2917461417322835
0
LINE
8
BLACK
6
CONTINUOUS
10
0.080280157480315
20
0.2917461417322835
11
0.0801248818897638
21
0.2916483858267717
0
LINE
8
BLACK
6
CONTINUOUS
10
0.0801248818897638
20
0.2916483858267717
11
0.0771252755905512
21
0.2901485826771654
0
LINE
8
BLACK
6
CONTINUOUS
10
0.0771252755905512
20
0.2901485826771654
11
0.0769294881889764
21
0.2900737007874016
0
LINE
8
BLACK
6
CONTINUOUS
10
0.0769294881889764
20
0.2900737007874016
11
0.0767385039370079
21
0.2899883858267717
0
LINE
8
BLACK
6
CONTINUOUS
10
0.0767385039370079
20
0.2899883858267717
11
0.0722390551181102
21
0.2884885826771654
0
LINE
8
BLACK
6
CONTINUOUS
10
0.0722390551181102
20
0.2884885826771654
11
0.0720603543307087
21
0.2884479527559055
0
LINE
8
BLACK
6
CONTINUOUS
10
0.0720603543307087
20
0.2884479527559055
11
0.0718844094488189
21
0.2883943700787401
0
LINE
8
BLACK
6
CONTINUOUS
10
0.0718844094488189
20
0.2883943700787401
11
0.0643853543307087
21
0.2868945669291338
0
LINE
8
BLACK
6
CONTINUOUS
10
0.0643853543307087
20
0.2868945669291338
11
0.0643833464566929
21
0.2868943700787401
0
LINE
8
BLACK
6
CONTINUOUS
10
0.0643833464566929
20
0.2868943700787401
11
0.0643823228346457
21
0.286893937007874
0
LINE
8
BLACK
6
CONTINUOUS
10
0.0643823228346457
20
0.286893937007874
11
0.0640860236220472
21
0.2868647637795276
0
LINE
8
BLACK
6
CONTINUOUS
10
0.0640860236220472
20
0.2868647637795276
11
0.0638093700787402
21
0.2868372047244094
0
LINE
8
BLACK
6
CONTINUOUS
10
0.0638093700787402
20
0.2868372047244094
11
0.0638083070866142
21
0.2868374409448819
0
LINE
8
BLACK
6
CONTINUOUS
10
0.0638083070866142
20
0.2868374409448819
11
0.0638062598425197
21
0.2868372047244094
0
LINE
8
BLACK
6
CONTINUOUS
10
0.0638062598425197
20
0.2868372047244094
11
0.0578070078740157
21
0.2868372047244094
0
LINE
8
BLACK
6
CONTINUOUS
10
0.0578070078740157
20
0.2868372047244094
11
0.0578049212598425
21
0.2868374409448819
0
LINE
8
BLACK
6
CONTINUOUS
10
0.0578049212598425
20
0.2868374409448819
11
0.0578038976377953
21
0.2868372047244094
0
LINE
8
BLACK
6
CONTINUOUS
10
0.0578038976377953
20
0.2868372047244094
11
0.0575272047244094
21
0.2868647637795276
0
LINE
8
BLACK
6
CONTINUOUS
10
0.0575272047244094
20
0.2868647637795276
11
0.0572309448818898
21
0.286893937007874
0
LINE
8
BLACK
6
CONTINUOUS
10
0.0572309448818898
20
0.286893937007874
11
0.0572298818897638
21
0.2868943700787401
0
LINE
8
BLACK
6
CONTINUOUS
10
0.0572298818897638
20
0.2868943700787401
11
0.0572279133858268
21
0.2868945669291338
0
LINE
8
BLACK
6
CONTINUOUS
10
0.0572279133858268
20
0.2868945669291338
11
0.0497288582677165
21
0.2883944094488189
0
LINE
8
BLACK
6
CONTINUOUS
10
0.0497288582677165
20
0.2883944094488189
11
0.0495532283464567
21
0.288447874015748
0
LINE
8
BLACK
6
CONTINUOUS
10
0.0495532283464567
20
0.288447874015748
11
0.0493742125984252
21
0.2884885826771654
0
LINE
8
BLACK
6
CONTINUOUS
10
0.0493742125984252
20
0.2884885826771654
11
0.0448747637795276
21
0.2899883858267717
0
LINE
8
BLACK
6
CONTINUOUS
10
0.0448747637795276
20
0.2899883858267717
11
0.0446837401574803
21
0.2900737007874016
0
LINE
8
BLACK
6
CONTINUOUS
10
0.0446837401574803
20
0.2900737007874016
11
0.0444879921259842
21
0.2901485826771654
0
LINE
8
BLACK
6
CONTINUOUS
10
0.0444879921259842
20
0.2901485826771654
11
0.0414883464566929
21
0.2916483858267717
0
LINE
8
BLACK
6
CONTINUOUS
10
0.0414883464566929
20
0.2916483858267717
11
0.041333031496063
21
0.2917461417322835
0
LINE
8
BLACK
6
CONTINUOUS
10
0.041333031496063
20
0.2917461417322835
11
0.0411709448818898
21
0.2918325590551181
0
LINE
8
BLACK
6
CONTINUOUS
10
0.0411709448818898
20
0.2918325590551181
11
0.0366715354330709
21
0.2948322047244095
0
LINE
8
BLACK
6
CONTINUOUS
10
0.0366715354330709
20
0.2948322047244095
11
0.0366699212598425
21
0.2948335433070866
0
LINE
8
BLACK
6
CONTINUOUS
10
0.0366699212598425
20
0.2948335433070866
11
0.0366690157480315
21
0.2948338976377953
0
LINE
8
BLACK
6
CONTINUOUS
10
0.0366690157480315
20
0.2948338976377953
11
0.0364494488188976
21
0.295014094488189
0
LINE
8
BLACK
6
CONTINUOUS
10
0.0364494488188976
20
0.295014094488189
11
0.0362237007874016
21
0.2951989763779527
0
LINE
8
BLACK
6
CONTINUOUS
10
0.0362237007874016
20
0.2951989763779527
11
0.0362231102362205
21
0.295199842519685
0
LINE
8
BLACK
6
CONTINUOUS
10
0.0362231102362205
20
0.295199842519685
11
0.0362215748031496
21
0.2952011023622047
0
LINE
8
BLACK
6
CONTINUOUS
10
0.0362215748031496
20
0.2952011023622047
11
0.0347217322834646
21
0.296700905511811
0
LINE
8
BLACK
6
CONTINUOUS
10
0.0347217322834646
20
0.296700905511811
11
0.0343544881889764
21
0.2971483858267717
0
LINE
8
BLACK
6
CONTINUOUS
10
0.0343544881889764
20
0.2971483858267717
11
0.0339135826771654
21
0.2982127952755905
0
LINE
8
BLACK
6
CONTINUOUS
10
0.0339135826771654
20
0.2982127952755905
11
0.0339135826771654
21
0.299364842519685
0
LINE
8
BLACK
6
CONTINUOUS
10
0.0339135826771654
20
0.299364842519685
11
0.0343544488188976
21
0.3004292913385826
0
LINE
8
BLACK
6
CONTINUOUS
10
0.0343544488188976
20
0.3004292913385826
11
0.0351691338582677
21
0.3012439763779527
0
LINE
8
BLACK
6
CONTINUOUS
10
0.0351691338582677
20
0.3012439763779527
11
0.0362335433070866
21
0.3016848818897638
0
LINE
8
BLACK
6
CONTINUOUS
10
0.0362335433070866
20
0.3016848818897638
11
0.0373855905511811
21
0.3016848818897638
0
LINE
8
BLACK
6
CONTINUOUS
10
0.0373855905511811
20
0.3016848818897638
11
0.0384500393700787
21
0.3012440157480315
0
LINE
8
BLACK
6
CONTINUOUS
10
0.4905669291338582
20
0.3261037401574803
11
0.4906099606299212
21
0.3261101181102362
0
LINE
8
BLACK
6
CONTINUOUS
10
0.4906099606299212
20
0.3261101181102362
11
0.4908254330708661
21
0.3260782677165354
0
LINE
8
BLACK
6
CONTINUOUS
10
0.4908254330708661
20
0.3260782677165354
11
0.4910424803149606
21
0.3260568897637795
0
LINE
8
BLACK
6
CONTINUOUS
10
0.4910424803149606
20
0.3260568897637795
11
0.4910826771653543
21
0.3260402755905512
0
LINE
8
BLACK
6
CONTINUOUS
10
0.4910826771653543
20
0.3260402755905512
11
0.4911825590551181
21
0.3260254724409449
0
LINE
8
BLACK
6
CONTINUOUS
10
0.4911825590551181
20
0.3260254724409449
11
0.4986816141732283
21
0.3241507086614173
0
LINE
8
BLACK
6
CONTINUOUS
10
0.4986816141732283
20
0.3241507086614173
11
0.4992267322834645
21
0.3239559448818898
0
LINE
8
BLACK
6
CONTINUOUS
10
0.4992267322834645
20
0.3239559448818898
11
0.4994031496062992
21
0.3238252362204724
0
LINE
8
BLACK
6
CONTINUOUS
10
0.4994031496062992
20
0.3238252362204724
11
0.4996059448818898
21
0.3237412204724409
0
LINE
8
BLACK
6
CONTINUOUS
10
0.4996059448818898
20
0.3237412204724409
11
0.5000533858267716
21
0.3233740157480315
0
LINE
8
BLACK
6
CONTINUOUS
10
0.5000533858267716
20
0.3233740157480315
11
0.5038029133858267
21
0.3196244881889764
0
LINE
8
BLACK
6
CONTINUOUS
10
0.5038029133858267
20
0.3196244881889764
11
0.5039887401574803
21
0.3193981102362204
0
LINE
8
BLACK
6
CONTINUOUS
10
0.5039887401574803
20
0.3193981102362204
11
0.5040476771653544
21
0.319346968503937
0
LINE
8
BLACK
6
CONTINUOUS
10
0.5040476771653544
20
0.319346968503937
11
0.5041035433070866
21
0.3192582283464567
0
LINE
8
BLACK
6
CONTINUOUS
10
0.5041035433070866
20
0.3192582283464567
11
0.5041701574803149
21
0.3191770472440945
0
LINE
8
BLACK
6
CONTINUOUS
10
0.5041701574803149
20
0.3191770472440945
11
0.5042
21
0.3191049212598425
0
LINE
8
BLACK
6
CONTINUOUS
10
0.5042
20
0.3191049212598425
11
0.5043560236220472
21
0.3188570866141732
0
LINE
8
BLACK
6
CONTINUOUS
10
0.5043560236220472
20
0.3188570866141732
11
0.5062307874015748
21
0.3151075590551181
0
LINE
8
BLACK
6
CONTINUOUS
10
0.5062307874015748
20
0.3151075590551181
11
0.5064376771653544
21
0.314566968503937
0
LINE
8
BLACK
6
CONTINUOUS
10
0.5064376771653544
20
0.314566968503937
11
0.5064451968503937
21
0.3144611023622047
0
LINE
8
BLACK
6
CONTINUOUS
10
0.5064451968503937
20
0.3144611023622047
11
0.5064857874015748
21
0.3143631102362205
0
LINE
8
BLACK
6
CONTINUOUS
10
0.5064857874015748
20
0.3143631102362205
11
0.5065425196850394
21
0.3137870472440945
0
LINE
8
BLACK
6
CONTINUOUS
10
0.5065425196850394
20
0.3137870472440945
11
0.5065425196850394
21
0.3062879921259842
0
LINE
8
BLACK
6
CONTINUOUS
10
0.5065425196850394
20
0.3062879921259842
11
0.5064857874015748
21
0.3057119291338583
0
LINE
8
BLACK
6
CONTINUOUS
10
0.5064857874015748
20
0.3057119291338583
11
0.5064451968503937
21
0.3056139763779527
0
LINE
8
BLACK
6
CONTINUOUS
10
0.5064451968503937
20
0.3056139763779527
11
0.5064376771653544
21
0.3055080708661417
0
LINE
8
BLACK
6
CONTINUOUS
10
0.5064376771653544
20
0.3055080708661417
11
0.5062307874015748
21
0.3049674803149606
0
LINE
8
BLACK
6
CONTINUOUS
10
0.5062307874015748
20
0.3049674803149606
11
0.5043560236220472
21
0.3012179527559055
0
LINE
8
BLACK
6
CONTINUOUS
10
0.5043560236220472
20
0.3012179527559055
11
0.5042
21
0.300970157480315
0
LINE
8
BLACK
6
CONTINUOUS
10
0.5042
20
0.300970157480315
11
0.5041701574803149
21
0.3008979921259842
0
LINE
8
BLACK
6
CONTINUOUS
10
0.5041701574803149
20
0.3008979921259842
11
0.5041035433070866
21
0.3008168503937008
0
LINE
8
BLACK
6
CONTINUOUS
10
0.5041035433070866
20
0.3008168503937008
11
0.5040476771653544
21
0.3007280708661417
0
LINE
8
BLACK
6
CONTINUOUS
10
0.5040476771653544
20
0.3007280708661417
11
0.5039887401574803
21
0.300676968503937
0
LINE
8
BLACK
6
CONTINUOUS
10
0.5039887401574803
20
0.300676968503937
11
0.5038029133858267
21
0.3004505511811024
0
LINE
8
BLACK
6
CONTINUOUS
10
0.5038029133858267
20
0.3004505511811024
11
0.5000533858267716
21
0.2967010236220473
0
LINE
8
BLACK
6
CONTINUOUS
10
0.5000533858267716
20
0.2967010236220473
11
0.4996059448818898
21
0.2963338188976378
0
LINE
8
BLACK
6
CONTINUOUS
10
0.4996059448818898
20
0.2963338188976378
11
0.4994031496062992
21
0.2962498425196851
0
LINE
8
BLACK
6
CONTINUOUS
10
0.4994031496062992
20
0.2962498425196851
11
0.4992267322834645
21
0.296119094488189
0
LINE
8
BLACK
6
CONTINUOUS
10
0.4992267322834645
20
0.296119094488189
11
0.4986816141732283
21
0.2959243307086614
0
LINE
8
BLACK
6
CONTINUOUS
10
0.4986816141732283
20
0.2959243307086614
11
0.4911825590551181
21
0.2940495669291339
0
LINE
8
BLACK
6
CONTINUOUS
10
0.4911825590551181
20
0.2940495669291339
11
0.4910826771653543
21
0.2940348031496063
0
LINE
8
BLACK
6
CONTINUOUS
10
0.4910826771653543
20
0.2940348031496063
11
0.4910424803149606
21
0.2940181496062992
0
LINE
8
BLACK
6
CONTINUOUS
10
0.4910424803149606
20
0.2940181496062992
11
0.4908254330708661
21
0.293996811023622
0
LINE
8
BLACK
6
CONTINUOUS
10
0.4908254330708661
20
0.293996811023622
11
0.4906099606299212
21
0.2939649212598425
0
LINE
8
BLACK
6
CONTINUOUS
10
0.4906099606299212
20
0.2939649212598425
11
0.4905669291338582
21
0.2939713385826772
0
LINE
8
BLACK
6
CONTINUOUS
10
0.4905669291338582
20
0.2939713385826772
11
0.4904664173228346
21
0.2939614173228347
0
LINE
8
BLACK
6
CONTINUOUS
10
0.4904664173228346
20
0.2939614173228347
11
0.4773430708661417
21
0.2939614173228347
0
LINE
8
BLACK
6
CONTINUOUS
10
0.4773430708661417
20
0.2939614173228347
11
0.4772425196850393
21
0.2939713385826772
0
LINE
8
BLACK
6
CONTINUOUS
10
0.4772425196850393
20
0.2939713385826772
11
0.4771995275590551
21
0.2939649212598425
0
LINE
8
BLACK
6
CONTINUOUS
10
0.4771995275590551
20
0.2939649212598425
11
0.4769840157480315
21
0.293996811023622
0
LINE
8
BLACK
6
CONTINUOUS
10
0.4769840157480315
20
0.293996811023622
11
0.4767670078740157
21
0.2940181496062992
0
LINE
8
BLACK
6
CONTINUOUS
10
0.4767670078740157
20
0.2940181496062992
11
0.4767267716535433
21
0.2940348031496063
0
LINE
8
BLACK
6
CONTINUOUS
10
0.4767267716535433
20
0.2940348031496063
11
0.4766269291338582
21
0.2940495669291339
0
LINE
8
BLACK
6
CONTINUOUS
10
0.4766269291338582
20
0.2940495669291339
11
0.469127874015748
21
0.2959243307086614
0
LINE
8
BLACK
6
CONTINUOUS
10
0.469127874015748
20
0.2959243307086614
11
0.4685827559055118
21
0.296119094488189
0
LINE
8
BLACK
6
CONTINUOUS
10
0.4685827559055118
20
0.296119094488189
11
0.4684064173228346
21
0.2962497637795276
0
LINE
8
BLACK
6
CONTINUOUS
10
0.4684064173228346
20
0.2962497637795276
11
0.4682035433070866
21
0.2963337795275591
0
LINE
8
BLACK
6
CONTINUOUS
10
0.4682035433070866
20
0.2963337795275591
11
0.4677561023622047
21
0.2967010236220473
0
LINE
8
BLACK
6
CONTINUOUS
10
0.4677561023622047
20
0.2967010236220473
11
0.4640065748031496
21
0.3004505511811024
0
LINE
8
BLACK
6
CONTINUOUS
10
0.4640065748031496
20
0.3004505511811024
11
0.4638208267716535
21
0.3006768897637795
0
LINE
8
BLACK
6
CONTINUOUS
10
0.4638208267716535
20
0.3006768897637795
11
0.4637618503937008
21
0.300728031496063
0
LINE
8
BLACK
6
CONTINUOUS
10
0.4637618503937008
20
0.300728031496063
11
0.4637058267716535
21
0.3008170078740157
0
LINE
8
BLACK
6
CONTINUOUS
10
0.4637058267716535
20
0.3008170078740157
11
0.4636393700787401
21
0.3008979921259842
0
LINE
8
BLACK
6
CONTINUOUS
10
0.4636393700787401
20
0.3008979921259842
11
0.4636095669291339
21
0.3009699606299213
0
LINE
8
BLACK
6
CONTINUOUS
10
0.4636095669291339
20
0.3009699606299213
11
0.4634534645669291
21
0.3012179133858268
0
LINE
8
BLACK
6
CONTINUOUS
10
0.4634534645669291
20
0.3012179133858268
11
0.4615786614173228
21
0.3049674409448819
0
LINE
8
BLACK
6
CONTINUOUS
10
0.4615786614173228
20
0.3049674409448819
11
0.4613717716535433
21
0.3055080708661417
0
LINE
8
BLACK
6
CONTINUOUS
10
0.4613717716535433
20
0.3055080708661417
11
0.4613642125984252
21
0.3056139763779527
0
LINE
8
BLACK
6
CONTINUOUS
10
0.4613642125984252
20
0.3056139763779527
11
0.4613236614173228
21
0.3057119291338583
0
LINE
8
BLACK
6
CONTINUOUS
10
0.4613236614173228
20
0.3057119291338583
11
0.4612669291338583
21
0.3062879921259842
0
LINE
8
BLACK
6
CONTINUOUS
10
0.4612669291338583
20
0.3062879921259842
11
0.4612669291338583
21
0.3137870472440945
0
LINE
8
BLACK
6
CONTINUOUS
10
0.4612669291338583
20
0.3137870472440945
11
0.4613236614173228
21
0.3143631102362205
0
LINE
8
BLACK
6
CONTINUOUS
10
0.4613236614173228
20
0.3143631102362205
11
0.4613642125984252
21
0.3144611023622047
0
LINE
8
BLACK
6
CONTINUOUS
10
0.4613642125984252
20
0.3144611023622047
11
0.4613717716535433
21
0.314566968503937
0
LINE
8
BLACK
6
CONTINUOUS
10
0.4613717716535433
20
0.314566968503937
11
0.4615786614173228
21
0.3151075984251969
0
LINE
8
BLACK
6
CONTINUOUS
10
0.4615786614173228
20
0.3151075984251969
11
0.4634534645669291
21
0.318857125984252
0
LINE
8
BLACK
6
CONTINUOUS
10
0.4634534645669291
20
0.318857125984252
11
0.4636095669291339
21
0.3191051181102362
0
LINE
8
BLACK
6
CONTINUOUS
10
0.4636095669291339
20
0.3191051181102362
11
0.4636393700787401
21
0.3191770472440945
0
LINE
8
BLACK
6
CONTINUOUS
10
0.4636393700787401
20
0.3191770472440945
11
0.4637058267716535
21
0.3192580708661417
0
LINE
8
BLACK
6
CONTINUOUS
10
0.4637058267716535
20
0.3192580708661417
11
0.4637618503937008
21
0.3193470078740158
0
LINE
8
BLACK
6
CONTINUOUS
10
0.4637618503937008
20
0.3193470078740158
11
0.4638208267716535
21
0.319398188976378
0
LINE
8
BLACK
6
CONTINUOUS
10
0.4638208267716535
20
0.319398188976378
11
0.4640065748031496
21
0.3196244881889764
0
LINE
8
BLACK
6
CONTINUOUS
10
0.4640065748031496
20
0.3196244881889764
11
0.4677561023622047
21
0.3233740157480315
0
LINE
8
BLACK
6
CONTINUOUS
10
0.4677561023622047
20
0.3233740157480315
11
0.4682035433070866
21
0.3237412598425197
0
LINE
8
BLACK
6
CONTINUOUS
10
0.4682035433070866
20
0.3237412598425197
11
0.4684064173228346
21
0.3238253149606299
0
LINE
8
BLACK
6
CONTINUOUS
10
0.4684064173228346
20
0.3238253149606299
11
0.4685827559055118
21
0.3239559448818898
0
LINE
8
BLACK
6
CONTINUOUS
10
0.4685827559055118
20
0.3239559448818898
11
0.469127874015748
21
0.3241507086614173
0
LINE
8
BLACK
6
CONTINUOUS
10
0.469127874015748
20
0.3241507086614173
11
0.4766269291338582
21
0.3260254724409449
0
LINE
8
BLACK
6
CONTINUOUS
10
0.4766269291338582
20
0.3260254724409449
11
0.4767267716535433
21
0.3260402755905512
0
LINE
8
BLACK
6
CONTINUOUS
10
0.4767267716535433
20
0.3260402755905512
11
0.4767670078740157
21
0.3260568897637795
0
LINE
8
BLACK
6
CONTINUOUS
10
0.4767670078740157
20
0.3260568897637795
11
0.4769840157480315
21
0.3260782677165354
0
LINE
8
BLACK
6
CONTINUOUS
10
0.4769840157480315
20
0.3260782677165354
11
0.4771995275590551
21
0.3261101181102362
0
LINE
8
BLACK
6
CONTINUOUS
10
0.4771995275590551
20
0.3261101181102362
11
0.4772425196850393
21
0.3261037401574803
0
LINE
8
BLACK
6
CONTINUOUS
10
0.4772425196850393
20
0.3261037401574803
11
0.4773430708661417
21
0.3261136220472441
0
LINE
8
BLACK
6
CONTINUOUS
10
0.4773430708661417
20
0.3261136220472441
11
0.4904664173228346
21
0.3261136220472441
0
LINE
8
BLACK
6
CONTINUOUS
10
0.4904664173228346
20
0.3261136220472441
11
0.4905669291338582
21
0.3261037401574803
0
LINE
8
BLACK
6
CONTINUOUS
10
0.4713535826771653
20
0.3186198818897638
11
0.4685211811023622
21
0.3157874803149606
0
LINE
8
BLACK
6
CONTINUOUS
10
0.4685211811023622
20
0.3157874803149606
11
0.4671724409448819
21
0.3130899606299212
0
LINE
8
BLACK
6
CONTINUOUS
10
0.4671724409448819
20
0.3130899606299212
11
0.4671724409448819
21
0.3069851181102362
0
LINE
8
BLACK
6
CONTINUOUS
10
0.4671724409448819
20
0.3069851181102362
11
0.4685211811023622
21
0.3042875984251969
0
LINE
8
BLACK
6
CONTINUOUS
10
0.4685211811023622
20
0.3042875984251969
11
0.4713535826771653
21
0.3014551968503937
0
LINE
8
BLACK
6
CONTINUOUS
10
0.4713535826771653
20
0.3014551968503937
11
0.4777066141732283
21
0.2998669291338583
0
LINE
8
BLACK
6
CONTINUOUS
10
0.4777066141732283
20
0.2998669291338583
11
0.490102874015748
21
0.2998669291338583
0
LINE
8
BLACK
6
CONTINUOUS
10
0.490102874015748
20
0.2998669291338583
11
0.4964558661417323
21
0.3014551968503937
0
LINE
8
BLACK
6
CONTINUOUS
10
0.4964558661417323
20
0.3014551968503937
11
0.4992882677165354
21
0.3042875590551181
0
LINE
8
BLACK
6
CONTINUOUS
10
0.4992882677165354
20
0.3042875590551181
11
0.5006370078740158
21
0.3069850393700788
0
LINE
8
BLACK
6
CONTINUOUS
10
0.5006370078740158
20
0.3069850393700788
11
0.5006370078740158
21
0.31309
0
LINE
8
BLACK
6
CONTINUOUS
10
0.5006370078740158
20
0.31309
11
0.4992882677165354
21
0.3157874803149606
0
LINE
8
BLACK
6
CONTINUOUS
10
0.4992882677165354
20
0.3157874803149606
11
0.4964558661417323
21
0.3186198818897638
0
LINE
8
BLACK
6
CONTINUOUS
10
0.4964558661417323
20
0.3186198818897638
11
0.490102874015748
21
0.3202081102362205
0
LINE
8
BLACK
6
CONTINUOUS
10
0.490102874015748
20
0.3202081102362205
11
0.4777066141732283
21
0.3202081102362205
0
LINE
8
BLACK
6
CONTINUOUS
10
0.4777066141732283
20
0.3202081102362205
11
0.4713535826771653
21
0.3186198818897638
0
LINE
8
BLACK
6
CONTINUOUS
10
0.2841020472440945
20
0.3126311811023622
11
0.2841166141732284
21
0.3126287401574803
0
LINE
8
BLACK
6
CONTINUOUS
10
0.2841166141732284
20
0.3126287401574803
11
0.2848651574803149
21
0.3125
0
LINE
8
BLACK
6
CONTINUOUS
10
0.2848651574803149
20
0.3125
11
0.2848684251968504
21
0.3124994094488189
0
LINE
8
BLACK
6
CONTINUOUS
10
0.2848684251968504
20
0.3124994094488189
11
0.2860479921259843
21
0.3122944881889764
0
LINE
8
BLACK
6
CONTINUOUS
10
0.2860479921259843
20
0.3122944881889764
11
0.2860494488188977
21
0.3122942519685039
0
LINE
8
BLACK
6
CONTINUOUS
10
0.2860494488188977
20
0.3122942519685039
11
0.2876213779527559
21
0.3120199606299213
0
LINE
8
BLACK
6
CONTINUOUS
10
0.2876213779527559
20
0.3120199606299213
11
0.2876222440944882
21
0.3120198031496063
0
LINE
8
BLACK
6
CONTINUOUS
10
0.2876222440944882
20
0.3120198031496063
11
0.289547716535433
21
0.3116829133858268
0
LINE
8
BLACK
6
CONTINUOUS
10
0.289547716535433
20
0.3116829133858268
11
0.2895483464566929
21
0.3116827952755906
0
LINE
8
BLACK
6
CONTINUOUS
10
0.2895483464566929
20
0.3116827952755906
11
0.2917886220472441
21
0.3112900787401575
0
LINE
8
BLACK
6
CONTINUOUS
10
0.2917886220472441
20
0.3112900787401575
11
0.2917891338582677
21
0.31129
0
LINE
8
BLACK
6
CONTINUOUS
10
0.2917891338582677
20
0.31129
11
0.2943055118110236
21
0.3108482283464567
0
LINE
8
BLACK
6
CONTINUOUS
10
0.2943055118110236
20
0.3108482283464567
11
0.2943058661417323
21
0.3108481496062992
0
LINE
8
BLACK
6
CONTINUOUS
10
0.2943058661417323
20
0.3108481496062992
11
0.2970595669291339
21
0.3103641732283465
0
LINE
8
BLACK
6
CONTINUOUS
10
0.2970595669291339
20
0.3103641732283465
11
0.2970599212598425
21
0.3103641338582677
0
LINE
8
BLACK
6
CONTINUOUS
10
0.2970599212598425
20
0.3103641338582677
11
0.3000122440944882
21
0.3098446850393701
0
LINE
8
BLACK
6
CONTINUOUS
10
0.3000122440944882
20
0.3098446850393701
11
0.3000125590551181
21
0.3098446062992126
0
LINE
8
BLACK
6
CONTINUOUS
10
0.3000125590551181
20
0.3098446062992126
11
0.3031247637795276
21
0.3092965354330708
0
LINE
8
BLACK
6
CONTINUOUS
10
0.3031247637795276
20
0.3092965354330708
11
0.303125
21
0.3092964960629921
0
LINE
8
BLACK
6
CONTINUOUS
10
0.303125
20
0.3092964960629921
11
0.304178937007874
21
0.3091107480314961
0
LINE
8
BLACK
6
CONTINUOUS
10
0.304178937007874
20
0.3091107480314961
11
0.3041789763779528
21
0.3091107480314961
0
LINE
8
BLACK
6
CONTINUOUS
10
0.3041789763779528
20
0.3091107480314961
11
0.3243184251968504
21
0.305561062992126
0
LINE
8
BLACK
6
CONTINUOUS
10
0.3243184251968504
20
0.305561062992126
11
0.3255891732283465
21
0.3047516535433071
0
LINE
8
BLACK
6
CONTINUOUS
10
0.3255891732283465
20
0.3047516535433071
11
0.325944842519685
21
0.3036608661417323
0
LINE
8
BLACK
6
CONTINUOUS
10
0.325944842519685
20
0.3036608661417323
11
0.3260164566929134
21
0.2999936614173228
0
LINE
8
BLACK
6
CONTINUOUS
10
0.3260164566929134
20
0.2999936614173228
11
0.3260166141732284
21
0.2999868503937008
0
LINE
8
BLACK
6
CONTINUOUS
10
0.3260166141732284
20
0.2999868503937008
11
0.3260398818897638
21
0.2985387401574803
0
LINE
8
BLACK
6
CONTINUOUS
10
0.3260398818897638
20
0.2985387401574803
11
0.3260401181102362
21
0.2985036614173228
0
LINE
8
BLACK
6
CONTINUOUS
10
0.3260401181102362
20
0.2985036614173228
11
0.3260383464566929
21
0.297493937007874
0
LINE
8
BLACK
6
CONTINUOUS
10
0.3260383464566929
20
0.297493937007874
11
0.3260355511811023
21
0.2973922440944882
0
LINE
8
BLACK
6
CONTINUOUS
10
0.3260355511811023
20
0.2973922440944882
11
0.3260008267716535
21
0.296743188976378
0
LINE
8
BLACK
6
CONTINUOUS
10
0.3260008267716535
20
0.296743188976378
11
0.325962874015748
21
0.296449842519685
0
LINE
8
BLACK
6
CONTINUOUS
10
0.325962874015748
20
0.296449842519685
11
0.3258872047244095
21
0.296083779527559
0
LINE
8
BLACK
6
CONTINUOUS
10
0.3258872047244095
20
0.296083779527559
11
0.3255153937007874
21
0.2952764566929134
0
LINE
8
BLACK
6
CONTINUOUS
10
0.3255153937007874
20
0.2952764566929134
11
0.3253907874015748
21
0.2951156692913386
0
LINE
8
BLACK
6
CONTINUOUS
10
0.3253907874015748
20
0.2951156692913386
11
0.3242295669291339
21
0.2943929921259842
0
LINE
8
BLACK
6
CONTINUOUS
10
0.3242295669291339
20
0.2943929921259842
11
0.3240662598425197
21
0.2943595669291338
0
LINE
8
BLACK
6
CONTINUOUS
10
0.3240662598425197
20
0.2943595669291338
11
0.3234044488188976
21
0.2943377559055118
0
LINE
8
BLACK
6
CONTINUOUS
10
0.3234044488188976
20
0.2943377559055118
11
0.3230844881889764
21
0.2943815748031496
0
LINE
8
BLACK
6
CONTINUOUS
10
0.3230844881889764
20
0.2943815748031496
11
0.3230388976377953
21
0.2943883858267716
0
LINE
8
BLACK
6
CONTINUOUS
10
0.3230388976377953
20
0.2943883858267716
11
0.3222501574803149
21
0.2945152755905512
0
LINE
8
BLACK
6
CONTINUOUS
10
0.3222501574803149
20
0.2945152755905512
11
0.322238937007874
21
0.2945171259842519
0
LINE
8
BLACK
6
CONTINUOUS
10
0.322238937007874
20
0.2945171259842519
11
0.3210211811023622
21
0.2947202755905512
0
LINE
8
BLACK
6
CONTINUOUS
10
0.3210211811023622
20
0.2947202755905512
11
0.3210158661417323
21
0.2947211417322835
0
LINE
8
BLACK
6
CONTINUOUS
10
0.3210158661417323
20
0.2947211417322835
11
0.319408779527559
21
0.2949937401574803
0
LINE
8
BLACK
6
CONTINUOUS
10
0.319408779527559
20
0.2949937401574803
11
0.3194056692913386
21
0.2949942913385827
0
LINE
8
BLACK
6
CONTINUOUS
10
0.3194056692913386
20
0.2949942913385827
11
0.3174490551181102
21
0.2953294094488189
0
LINE
8
BLACK
6
CONTINUOUS
10
0.3174490551181102
20
0.2953294094488189
11
0.317446811023622
21
0.2953297637795276
0
LINE
8
BLACK
6
CONTINUOUS
10
0.317446811023622
20
0.2953297637795276
11
0.3151803149606299
21
0.2957206692913386
0
LINE
8
BLACK
6
CONTINUOUS
10
0.3151803149606299
20
0.2957206692913386
11
0.3151786220472441
21
0.2957209842519685
0
LINE
8
BLACK
6
CONTINUOUS
10
0.3151786220472441
20
0.2957209842519685
11
0.3126420866141732
21
0.2961607480314961
0
LINE
8
BLACK
6
CONTINUOUS
10
0.3126420866141732
20
0.2961607480314961
11
0.3126406299212598
21
0.2961609842519685
0
LINE
8
BLACK
6
CONTINUOUS
10
0.3126406299212598
20
0.2961609842519685
11
0.3098737007874016
21
0.2966428346456693
0
LINE
8
BLACK
6
CONTINUOUS
10
0.3098737007874016
20
0.2966428346456693
11
0.3098724015748032
21
0.2966430708661417
0
LINE
8
BLACK
6
CONTINUOUS
10
0.3098724015748032
20
0.2966430708661417
11
0.306914842519685
21
0.2971601574803149
0
LINE
8
BLACK
6
CONTINUOUS
10
0.306914842519685
20
0.2971601574803149
11
0.3069135826771653
21
0.2971603937007874
0
LINE
8
BLACK
6
CONTINUOUS
10
0.3069135826771653
20
0.2971603937007874
11
0.3038051181102362
21
0.297705905511811
0
LINE
8
BLACK
6
CONTINUOUS
10
0.3038051181102362
20
0.297705905511811
11
0.3038044094488189
21
0.2977060236220472
0
LINE
8
BLACK
6
CONTINUOUS
10
0.3038044094488189
20
0.2977060236220472
11
0.303071062992126
21
0.297835
0
LINE
8
BLACK
6
CONTINUOUS
10
0.303071062992126
20
0.297835
11
0.303071062992126
21
0.2978350393700787
0
LINE
8
BLACK
6
CONTINUOUS
10
0.303071062992126
20
0.2978350393700787
11
0.2999428346456693
21
0.2983851181102362
0
LINE
8
BLACK
6
CONTINUOUS
10
0.2999428346456693
20
0.2983851181102362
11
0.2999428346456693
21
0.2983850787401575
0
LINE
8
BLACK
6
CONTINUOUS
10
0.2999428346456693
20
0.2983850787401575
11
0.2969629527559055
21
0.2989084645669291
0
LINE
8
BLACK
6
CONTINUOUS
10
0.2969629527559055
20
0.2989084645669291
11
0.2969629527559055
21
0.2989084251968504
0
LINE
8
BLACK
6
CONTINUOUS
10
0.2969629527559055
20
0.2989084251968504
11
0.2941700393700787
21
0.2993983464566929
0
LINE
8
BLACK
6
CONTINUOUS
10
0.2941700393700787
20
0.2993983464566929
11
0.2941700393700787
21
0.2993983858267716
0
LINE
8
BLACK
6
CONTINUOUS
10
0.2941700393700787
20
0.2993983858267716
11
0.2916038582677165
21
0.299847874015748
0
LINE
8
BLACK
6
CONTINUOUS
10
0.2916038582677165
20
0.299847874015748
11
0.2916038582677165
21
0.2998479133858268
0
LINE
8
BLACK
6
CONTINUOUS
10
0.2916038582677165
20
0.2998479133858268
11
0.2893037007874016
21
0.300250157480315
0
LINE
8
BLACK
6
CONTINUOUS
10
0.2893037007874016
20
0.300250157480315
11
0.2893037007874016
21
0.3002501181102362
0
LINE
8
BLACK
6
CONTINUOUS
10
0.2893037007874016
20
0.3002501181102362
11
0.2873064960629921
21
0.3005986614173228
0
LINE
8
BLACK
6
CONTINUOUS
10
0.2873064960629921
20
0.3005986614173228
11
0.2873064960629921
21
0.3005987007874016
0
LINE
8
BLACK
6
CONTINUOUS
10
0.2873064960629921
20
0.3005987007874016
11
0.285655
21
0.300886062992126
0
LINE
8
BLACK
6
CONTINUOUS
10
0.285655
20
0.300886062992126
11
0.285655
21
0.3008860236220472
0
LINE
8
BLACK
6
CONTINUOUS
10
0.285655
20
0.3008860236220472
11
0.284383031496063
21
0.3011062992125984
0
LINE
8
BLACK
6
CONTINUOUS
10
0.284383031496063
20
0.3011062992125984
11
0.284383031496063
21
0.3011063385826772
0
LINE
8
BLACK
6
CONTINUOUS
10
0.284383031496063
20
0.3011063385826772
11
0.2835462598425197
21
0.301249842519685
0
LINE
8
BLACK
6
CONTINUOUS
10
0.2835462598425197
20
0.301249842519685
11
0.2831553149606299
21
0.3013146062992126
0
LINE
8
BLACK
6
CONTINUOUS
10
0.2831553149606299
20
0.3013146062992126
11
0.2831582677165354
21
0.3013326377952756
0
LINE
8
BLACK
6
CONTINUOUS
10
0.2831582677165354
20
0.3013326377952756
11
0.281896220472441
21
0.3020583070866142
0
LINE
8
BLACK
6
CONTINUOUS
10
0.281896220472441
20
0.3020583070866142
11
0.2815298818897638
21
0.3028522440944882
0
LINE
8
BLACK
6
CONTINUOUS
10
0.2815298818897638
20
0.3028522440944882
11
0.2814785039370079
21
0.3030952755905512
0
LINE
8
BLACK
6
CONTINUOUS
10
0.2814785039370079
20
0.3030952755905512
11
0.2814400787401575
21
0.303375
0
LINE
8
BLACK
6
CONTINUOUS
10
0.2814400787401575
20
0.303375
11
0.2813966929133858
21
0.3040436614173228
0
LINE
8
BLACK
6
CONTINUOUS
10
0.2813966929133858
20
0.3040436614173228
11
0.2813935433070866
21
0.3041085826771653
0
LINE
8
BLACK
6
CONTINUOUS
10
0.2813935433070866
20
0.3041085826771653
11
0.2813616535433071
21
0.3051120866141732
0
LINE
8
BLACK
6
CONTINUOUS
10
0.2813616535433071
20
0.3051120866141732
11
0.2813608661417323
21
0.305148031496063
0
LINE
8
BLACK
6
CONTINUOUS
10
0.2813608661417323
20
0.305148031496063
11
0.2813440157480315
21
0.3063955905511811
0
LINE
8
BLACK
6
CONTINUOUS
10
0.2813440157480315
20
0.3063955905511811
11
0.2813438188976378
21
0.3064161811023622
0
LINE
8
BLACK
6
CONTINUOUS
10
0.2813438188976378
20
0.3064161811023622
11
0.2813420472440945
21
0.3069972834645669
0
LINE
8
BLACK
6
CONTINUOUS
10
0.2813420472440945
20
0.3069972834645669
11
0.281342125984252
21
0.307021968503937
0
LINE
8
BLACK
6
CONTINUOUS
10
0.281342125984252
20
0.307021968503937
11
0.2813546850393701
21
0.3083443307086614
0
LINE
8
BLACK
6
CONTINUOUS
10
0.2813546850393701
20
0.3083443307086614
11
0.2813555511811023
21
0.3083865748031496
0
LINE
8
BLACK
6
CONTINUOUS
10
0.2813555511811023
20
0.3083865748031496
11
0.2813901181102362
21
0.3095022047244094
0
LINE
8
BLACK
6
CONTINUOUS
10
0.2813901181102362
20
0.3095022047244094
11
0.2813931102362205
21
0.3095657874015748
0
LINE
8
BLACK
6
CONTINUOUS
10
0.2813931102362205
20
0.3095657874015748
11
0.281445
21
0.3103842913385827
0
LINE
8
BLACK
6
CONTINUOUS
10
0.281445
20
0.3103842913385827
11
0.2814627559055118
21
0.310551062992126
0
LINE
8
BLACK
6
CONTINUOUS
10
0.2814627559055118
20
0.310551062992126
11
0.2815272440944882
21
0.3109820472440945
0
LINE
8
BLACK
6
CONTINUOUS
10
0.2815272440944882
20
0.3109820472440945
11
0.2818534251968504
21
0.3118081102362205
0
LINE
8
BLACK
6
CONTINUOUS
10
0.2818534251968504
20
0.3118081102362205
11
0.2818835826771653
21
0.3118518503937008
0
LINE
8
BLACK
6
CONTINUOUS
10
0.2818835826771653
20
0.3118518503937008
11
0.2831483464566929
21
0.3126705511811024
0
LINE
8
BLACK
6
CONTINUOUS
10
0.2831483464566929
20
0.3126705511811024
11
0.2838233070866142
21
0.312676968503937
0
LINE
8
BLACK
6
CONTINUOUS
10
0.2838233070866142
20
0.312676968503937
11
0.2841020472440945
21
0.3126311811023622
0
LINE
8
BLACK
6
CONTINUOUS
10
0.6583083858267716
20
0.3664668897637795
11
0.6629305511811023
21
0.3640409842519685
0
LINE
8
BLACK
6
CONTINUOUS
10
0.6629305511811023
20
0.3640409842519685
11
0.6668378346456693
21
0.3605794094488189
0
LINE
8
BLACK
6
CONTINUOUS
10
0.6668378346456693
20
0.3605794094488189
11
0.6698031889763779
21
0.3562833858267717
0
LINE
8
BLACK
6
CONTINUOUS
10
0.6698031889763779
20
0.3562833858267717
11
0.6716542519685039
21
0.3514025196850394
0
LINE
8
BLACK
6
CONTINUOUS
10
0.6716542519685039
20
0.3514025196850394
11
0.6722834645669291
21
0.3462204724409449
0
LINE
8
BLACK
6
CONTINUOUS
10
0.6722834645669291
20
0.3462204724409449
11
0.6719075196850394
21
0.3450634251968504
0
LINE
8
BLACK
6
CONTINUOUS
10
0.6719075196850394
20
0.3450634251968504
11
0.6709232677165354
21
0.3443483070866142
0
LINE
8
BLACK
6
CONTINUOUS
10
0.6709232677165354
20
0.3443483070866142
11
0.6697066535433071
21
0.3443483070866142
0
LINE
8
BLACK
6
CONTINUOUS
10
0.6697066535433071
20
0.3443483070866142
11
0.6687224015748031
21
0.3450634251968504
0
LINE
8
BLACK
6
CONTINUOUS
10
0.6687224015748031
20
0.3450634251968504
11
0.6683464566929134
21
0.3462204724409449
0
LINE
8
BLACK
6
CONTINUOUS
10
0.6683464566929134
20
0.3462204724409449
11
0.6683464566929134
21
0.3485529133858268
0
LINE
8
BLACK
6
CONTINUOUS
10
0.6683464566929134
20
0.3485529133858268
11
0.667139094488189
21
0.3530588188976378
0
LINE
8
BLACK
6
CONTINUOUS
10
0.667139094488189
20
0.3530588188976378
11
0.6648066929133858
21
0.3570986614173228
0
LINE
8
BLACK
6
CONTINUOUS
10
0.6648066929133858
20
0.3570986614173228
11
0.6644094488188976
21
0.357495905511811
0
LINE
8
BLACK
6
CONTINUOUS
10
0.6644094488188976
20
0.357495905511811
11
0.6644094488188976
21
0.31526
0
LINE
8
BLACK
6
CONTINUOUS
10
0.6644094488188976
20
0.31526
11
0.6648066929133858
21
0.3156572440944882
0
LINE
8
BLACK
6
CONTINUOUS
10
0.6648066929133858
20
0.3156572440944882
11
0.667139094488189
21
0.3196970866141732
0
LINE
8
BLACK
6
CONTINUOUS
10
0.667139094488189
20
0.3196970866141732
11
0.6683464566929134
21
0.3242029921259842
0
LINE
8
BLACK
6
CONTINUOUS
10
0.6683464566929134
20
0.3242029921259842
11
0.6683464566929134
21
0.3265354330708661
0
LINE
8
BLACK
6
CONTINUOUS
10
0.6683464566929134
20
0.3265354330708661
11
0.6687224015748031
21
0.3276924803149606
0
LINE
8
BLACK
6
CONTINUOUS
10
0.6687224015748031
20
0.3276924803149606
11
0.6697066535433071
21
0.3284075984251968
0
LINE
8
BLACK
6
CONTINUOUS
10
0.6697066535433071
20
0.3284075984251968
11
0.6709232677165354
21
0.3284075984251968
0
LINE
8
BLACK
6
CONTINUOUS
10
0.6709232677165354
20
0.3284075984251968
11
0.6719075196850394
21
0.3276924803149606
0
LINE
8
BLACK
6
CONTINUOUS
10
0.6719075196850394
20
0.3276924803149606
11
0.6722834645669291
21
0.3265354330708661
0
LINE
8
BLACK
6
CONTINUOUS
10
0.6722834645669291
20
0.3265354330708661
11
0.6716542519685039
21
0.3213533858267716
0
LINE
8
BLACK
6
CONTINUOUS
10
0.6716542519685039
20
0.3213533858267716
11
0.6698031889763779
21
0.3164725196850394
0
LINE
8
BLACK
6
CONTINUOUS
10
0.6698031889763779
20
0.3164725196850394
11
0.6668378346456693
21
0.3121764960629921
0
LINE
8
BLACK
6
CONTINUOUS
10
0.6668378346456693
20
0.3121764960629921
11
0.6629305511811023
21
0.3087149212598425
0
LINE
8
BLACK
6
CONTINUOUS
10
0.6629305511811023
20
0.3087149212598425
11
0.6583083858267716
21
0.3062890157480315
0
LINE
8
BLACK
6
CONTINUOUS
10
0.6583083858267716
20
0.3062890157480315
11
0.6532399606299213
21
0.3050397637795276
0
LINE
8
BLACK
6
CONTINUOUS
10
0.6532399606299213
20
0.3050397637795276
11
0.6480198818897638
21
0.3050397637795276
0
LINE
8
BLACK
6
CONTINUOUS
10
0.6480198818897638
20
0.3050397637795276
11
0.6429514566929134
21
0.3062890157480315
0
LINE
8
BLACK
6
CONTINUOUS
10
0.6429514566929134
20
0.3062890157480315
11
0.6383292913385826
21
0.3087149212598425
0
LINE
8
BLACK
6
CONTINUOUS
10
0.6383292913385826
20
0.3087149212598425
11
0.6344220078740157
21
0.3121764960629921
0
LINE
8
BLACK
6
CONTINUOUS
10
0.6344220078740157
20
0.3121764960629921
11
0.631456653543307
21
0.3164725196850394
0
LINE
8
BLACK
6
CONTINUOUS
10
0.631456653543307
20
0.3164725196850394
11
0.629605590551181
21
0.3213533858267716
0
LINE
8
BLACK
6
CONTINUOUS
10
0.629605590551181
20
0.3213533858267716
11
0.6289763779527558
21
0.3265354330708661
0
LINE
8
BLACK
6
CONTINUOUS
10
0.6289763779527558
20
0.3265354330708661
11
0.6293523228346457
21
0.3276924803149606
0
LINE
8
BLACK
6
CONTINUOUS
10
0.6293523228346457
20
0.3276924803149606
11
0.6303365748031496
21
0.3284075984251968
0
LINE
8
BLACK
6
CONTINUOUS
10
0.6303365748031496
20
0.3284075984251968
11
0.6315531889763779
21
0.3284075984251968
0
LINE
8
BLACK
6
CONTINUOUS
10
0.6315531889763779
20
0.3284075984251968
11
0.6325374409448818
21
0.3276924803149606
0
LINE
8
BLACK
6
CONTINUOUS
10
0.6325374409448818
20
0.3276924803149606
11
0.6329133858267716
21
0.3265354330708661
0
LINE
8
BLACK
6
CONTINUOUS
10
0.6329133858267716
20
0.3265354330708661
11
0.6329133858267716
21
0.3242029921259842
0
LINE
8
BLACK
6
CONTINUOUS
10
0.6329133858267716
20
0.3242029921259842
11
0.6341207480314961
21
0.3196970866141732
0
LINE
8
BLACK
6
CONTINUOUS
10
0.6341207480314961
20
0.3196970866141732
11
0.6364531496062992
21
0.3156572440944882
0
LINE
8
BLACK
6
CONTINUOUS
10
0.6364531496062992
20
0.3156572440944882
11
0.6368503937007873
21
0.31526
0
LINE
8
BLACK
6
CONTINUOUS
10
0.6368503937007873
20
0.31526
11
0.6368503937007873
21
0.357495905511811
0
LINE
8
BLACK
6
CONTINUOUS
10
0.6368503937007873
20
0.357495905511811
11
0.6364531496062992
21
0.3570986614173228
0
LINE
8
BLACK
6
CONTINUOUS
10
0.6364531496062992
20
0.3570986614173228
11
0.6341207480314961
21
0.3530588188976378
0
LINE
8
BLACK
6
CONTINUOUS
10
0.6341207480314961
20
0.3530588188976378
11
0.6329133858267716
21
0.3485529133858268
0
LINE
8
BLACK
6
CONTINUOUS
10
0.6329133858267716
20
0.3485529133858268
11
0.6329133858267716
21
0.3462204724409449
0
LINE
8
BLACK
6
CONTINUOUS
10
0.6329133858267716
20
0.3462204724409449
11
0.6325374409448818
21
0.3450634251968504
0
LINE
8
BLACK
6
CONTINUOUS
10
0.6325374409448818
20
0.3450634251968504
11
0.6315531889763779
21
0.3443483070866142
0
LINE
8
BLACK
6
CONTINUOUS
10
0.6315531889763779
20
0.3443483070866142
11
0.6303365748031496
21
0.3443483070866142
0
LINE
8
BLACK
6
CONTINUOUS
10
0.6303365748031496
20
0.3443483070866142
11
0.6293523228346457
21
0.3450634251968504
0
LINE
8
BLACK
6
CONTINUOUS
10
0.6293523228346457
20
0.3450634251968504
11
0.6289763779527558
21
0.3462204724409449
0
LINE
8
BLACK
6
CONTINUOUS
10
0.6289763779527558
20
0.3462204724409449
11
0.629605590551181
21
0.3514025196850394
0
LINE
8
BLACK
6
CONTINUOUS
10
0.629605590551181
20
0.3514025196850394
11
0.631456653543307
21
0.3562833858267717
0
LINE
8
BLACK
6
CONTINUOUS
10
0.631456653543307
20
0.3562833858267717
11
0.6344220078740157
21
0.3605794094488189
0
LINE
8
BLACK
6
CONTINUOUS
10
0.6344220078740157
20
0.3605794094488189
11
0.6383292913385826
21
0.3640409842519685
0
LINE
8
BLACK
6
CONTINUOUS
10
0.6383292913385826
20
0.3640409842519685
11
0.6429514566929134
21
0.3664668897637795
0
LINE
8
BLACK
6
CONTINUOUS
10
0.6429514566929134
20
0.3664668897637795
11
0.6480198818897638
21
0.3677161417322835
0
LINE
8
BLACK
6
CONTINUOUS
10
0.6480198818897638
20
0.3677161417322835
11
0.6532399606299213
21
0.3677161417322835
0
LINE
8
BLACK
6
CONTINUOUS
10
0.6532399606299213
20
0.3677161417322835
11
0.6583083858267716
21
0.3664668897637795
0
LINE
8
BLACK
6
CONTINUOUS
10
0.6915925590551181
20
0.3276924803149606
11
0.6919685039370078
21
0.3265354330708661
0
LINE
8
BLACK
6
CONTINUOUS
10
0.6919685039370078
20
0.3265354330708661
11
0.6919685039370078
21
0.3242029921259842
0
LINE
8
BLACK
6
CONTINUOUS
10
0.6919685039370078
20
0.3242029921259842
11
0.6931758661417323
21
0.3196970866141732
0
LINE
8
BLACK
6
CONTINUOUS
10
0.6931758661417323
20
0.3196970866141732
11
0.6955082677165354
21
0.3156572440944882
0
LINE
8
BLACK
6
CONTINUOUS
10
0.6955082677165354
20
0.3156572440944882
11
0.6988068503937007
21
0.3123586614173228
0
LINE
8
BLACK
6
CONTINUOUS
10
0.6988068503937007
20
0.3123586614173228
11
0.7028466929133859
21
0.3100262598425197
0
LINE
8
BLACK
6
CONTINUOUS
10
0.7028466929133859
20
0.3100262598425197
11
0.7073525984251968
21
0.3088188976377952
0
LINE
8
BLACK
6
CONTINUOUS
10
0.7073525984251968
20
0.3088188976377952
11
0.7120174803149606
21
0.3088188976377952
0
LINE
8
BLACK
6
CONTINUOUS
10
0.7120174803149606
20
0.3088188976377952
11
0.7165233858267717
21
0.3100262598425197
0
LINE
8
BLACK
6
CONTINUOUS
10
0.7165233858267717
20
0.3100262598425197
11
0.7205632283464567
21
0.3123586614173228
0
LINE
8
BLACK
6
CONTINUOUS
10
0.7205632283464567
20
0.3123586614173228
11
0.723861811023622
21
0.3156572440944882
0
LINE
8
BLACK
6
CONTINUOUS
10
0.723861811023622
20
0.3156572440944882
11
0.7261942125984252
21
0.3196970866141732
0
LINE
8
BLACK
6
CONTINUOUS
10
0.7261942125984252
20
0.3196970866141732
11
0.7274015748031496
21
0.3242029921259842
0
LINE
8
BLACK
6
CONTINUOUS
10
0.7274015748031496
20
0.3242029921259842
11
0.7274015748031496
21
0.3265354330708661
0
LINE
8
BLACK
6
CONTINUOUS
10
0.7274015748031496
20
0.3265354330708661
11
0.7277775196850393
21
0.3276924803149606
0
LINE
8
BLACK
6
CONTINUOUS
10
0.7277775196850393
20
0.3276924803149606
11
0.7287617716535433
21
0.3284075984251968
0
LINE
8
BLACK
6
CONTINUOUS
10
0.7287617716535433
20
0.3284075984251968
11
0.7299783858267717
21
0.3284075984251968
0
LINE
8
BLACK
6
CONTINUOUS
10
0.7299783858267717
20
0.3284075984251968
11
0.7309626377952756
21
0.3276924803149606
0
LINE
8
BLACK
6
CONTINUOUS
10
0.7309626377952756
20
0.3276924803149606
11
0.7313385826771653
21
0.3265354330708661
0
LINE
8
BLACK
6
CONTINUOUS
10
0.7313385826771653
20
0.3265354330708661
11
0.7307093700787402
21
0.3213533858267716
0
LINE
8
BLACK
6
CONTINUOUS
10
0.7307093700787402
20
0.3213533858267716
11
0.7288583070866141
21
0.3164725196850394
0
LINE
8
BLACK
6
CONTINUOUS
10
0.7288583070866141
20
0.3164725196850394
11
0.7258929527559055
21
0.3121764960629921
0
LINE
8
BLACK
6
CONTINUOUS
10
0.7258929527559055
20
0.3121764960629921
11
0.7219856692913386
21
0.3087149212598425
0
LINE
8
BLACK
6
CONTINUOUS
10
0.7219856692913386
20
0.3087149212598425
11
0.7173635039370079
21
0.3062890157480315
0
LINE
8
BLACK
6
CONTINUOUS
10
0.7173635039370079
20
0.3062890157480315
11
0.7122950787401575
21
0.3050397637795276
0
LINE
8
BLACK
6
CONTINUOUS
10
0.7122950787401575
20
0.3050397637795276
11
0.707075
21
0.3050397637795276
0
LINE
8
BLACK
6
CONTINUOUS
10
0.707075
20
0.3050397637795276
11
0.7020065748031495
21
0.3062890157480315
0
LINE
8
BLACK
6
CONTINUOUS
10
0.7020065748031495
20
0.3062890157480315
11
0.6973844094488189
21
0.3087149212598425
0
LINE
8
BLACK
6
CONTINUOUS
10
0.6973844094488189
20
0.3087149212598425
11
0.6934771259842519
21
0.3121764960629921
0
LINE
8
BLACK
6
CONTINUOUS
10
0.6934771259842519
20
0.3121764960629921
11
0.6905117716535433
21
0.3164725196850394
0
LINE
8
BLACK
6
CONTINUOUS
10
0.6905117716535433
20
0.3164725196850394
11
0.6886607086614173
21
0.3213533858267716
0
LINE
8
BLACK
6
CONTINUOUS
10
0.6886607086614173
20
0.3213533858267716
11
0.6880314960629921
21
0.3265354330708661
0
LINE
8
BLACK
6
CONTINUOUS
10
0.6880314960629921
20
0.3265354330708661
11
0.6884074409448818
21
0.3276924803149606
0
LINE
8
BLACK
6
CONTINUOUS
10
0.6884074409448818
20
0.3276924803149606
11
0.6893916929133858
21
0.3284075984251968
0
LINE
8
BLACK
6
CONTINUOUS
10
0.6893916929133858
20
0.3284075984251968
11
0.6906083070866141
21
0.3284075984251968
0
LINE
8
BLACK
6
CONTINUOUS
10
0.6906083070866141
20
0.3284075984251968
11
0.6915925590551181
21
0.3276924803149606
0
LINE
8
BLACK
6
CONTINUOUS
10
0.3854510629921259
20
0.3245295275590551
11
0.3854924803149606
21
0.3245232283464567
0
LINE
8
BLACK
6
CONTINUOUS
10
0.3854924803149606
20
0.3245232283464567
11
0.3862629527559055
21
0.3243974803149606
0
LINE
8
BLACK
6
CONTINUOUS
10
0.3862629527559055
20
0.3243974803149606
11
0.3862729133858268
21
0.3243958267716535
0
LINE
8
BLACK
6
CONTINUOUS
10
0.3862729133858268
20
0.3243958267716535
11
0.3874569291338583
21
0.3241963385826772
0
LINE
8
BLACK
6
CONTINUOUS
10
0.3874569291338583
20
0.3241963385826772
11
0.3874613779527559
21
0.3241955905511811
0
LINE
8
BLACK
6
CONTINUOUS
10
0.3874613779527559
20
0.3241955905511811
11
0.3890116535433071
21
0.3239307480314961
0
LINE
8
BLACK
6
CONTINUOUS
10
0.3890116535433071
20
0.3239307480314961
11
0.3890142519685039
21
0.3239303149606299
0
LINE
8
BLACK
6
CONTINUOUS
10
0.3890142519685039
20
0.3239303149606299
11
0.3908833464566929
21
0.3236084251968504
0
LINE
8
BLACK
6
CONTINUOUS
10
0.3908833464566929
20
0.3236084251968504
11
0.3908850393700787
21
0.3236081102362205
0
LINE
8
BLACK
6
CONTINUOUS
10
0.3908850393700787
20
0.3236081102362205
11
0.3930256299212598
21
0.3232375196850394
0
LINE
8
BLACK
6
CONTINUOUS
10
0.3930256299212598
20
0.3232375196850394
11
0.3930269291338583
21
0.3232372834645669
0
LINE
8
BLACK
6
CONTINUOUS
10
0.3930269291338583
20
0.3232372834645669
11
0.3953916929133858
21
0.3228262598425197
0
LINE
8
BLACK
6
CONTINUOUS
10
0.3953916929133858
20
0.3228262598425197
11
0.3953927165354331
21
0.3228261023622047
0
LINE
8
BLACK
6
CONTINUOUS
10
0.3953927165354331
20
0.3228261023622047
11
0.3979342125984252
21
0.3223829921259843
0
LINE
8
BLACK
6
CONTINUOUS
10
0.3979342125984252
20
0.3223829921259843
11
0.3979350393700787
21
0.3223828346456693
0
LINE
8
BLACK
6
CONTINUOUS
10
0.3979350393700787
20
0.3223828346456693
11
0.400605905511811
21
0.3219159842519685
0
LINE
8
BLACK
6
CONTINUOUS
10
0.400605905511811
20
0.3219159842519685
11
0.4006066929133858
21
0.3219158661417323
0
LINE
8
BLACK
6
CONTINUOUS
10
0.4006066929133858
20
0.3219158661417323
11
0.4033596456692913
21
0.3214335433070866
0
LINE
8
BLACK
6
CONTINUOUS
10
0.4033596456692913
20
0.3214335433070866
11
0.4033603543307087
21
0.3214334251968504
0
LINE
8
BLACK
6
CONTINUOUS
10
0.4033603543307087
20
0.3214334251968504
11
0.4061479527559055
21
0.3209439763779527
0
LINE
8
BLACK
6
CONTINUOUS
10
0.4061479527559055
20
0.3209439763779527
11
0.4061486614173228
21
0.3209438188976378
0
LINE
8
BLACK
6
CONTINUOUS
10
0.4061486614173228
20
0.3209438188976378
11
0.4089235826771653
21
0.3204555511811024
0
LINE
8
BLACK
6
CONTINUOUS
10
0.4089235826771653
20
0.3204555511811024
11
0.4089242519685039
21
0.3204554330708662
0
LINE
8
BLACK
6
CONTINUOUS
10
0.4089242519685039
20
0.3204554330708662
11
0.4116391338582677
21
0.3199767322834646
0
LINE
8
BLACK
6
CONTINUOUS
10
0.4116391338582677
20
0.3199767322834646
11
0.4116399606299213
21
0.3199766141732283
0
LINE
8
BLACK
6
CONTINUOUS
10
0.4116399606299213
20
0.3199766141732283
11
0.4142474015748032
21
0.3195157086614173
0
LINE
8
BLACK
6
CONTINUOUS
10
0.4142474015748032
20
0.3195157086614173
11
0.4142483464566929
21
0.3195155511811024
0
LINE
8
BLACK
6
CONTINUOUS
10
0.4142483464566929
20
0.3195155511811024
11
0.4167010236220473
21
0.3190807874015748
0
LINE
8
BLACK
6
CONTINUOUS
10
0.4167010236220473
20
0.3190807874015748
11
0.4167021259842519
21
0.3190805511811023
0
LINE
8
BLACK
6
CONTINUOUS
10
0.4167021259842519
20
0.3190805511811023
11
0.4189526771653543
21
0.3186802755905512
0
LINE
8
BLACK
6
CONTINUOUS
10
0.4189526771653543
20
0.3186802755905512
11
0.4189541732283464
21
0.3186800393700787
0
LINE
8
BLACK
6
CONTINUOUS
10
0.4189541732283464
20
0.3186800393700787
11
0.4209551968503937
21
0.3183225590551181
0
LINE
8
BLACK
6
CONTINUOUS
10
0.4209551968503937
20
0.3183225590551181
11
0.4209572834645669
21
0.3183221653543307
0
LINE
8
BLACK
6
CONTINUOUS
10
0.4209572834645669
20
0.3183221653543307
11
0.4226614566929134
21
0.3180158267716535
0
LINE
8
BLACK
6
CONTINUOUS
10
0.4226614566929134
20
0.3180158267716535
11
0.4226648818897638
21
0.3180152362204725
0
LINE
8
BLACK
6
CONTINUOUS
10
0.4226648818897638
20
0.3180152362204725
11
0.4240248031496063
21
0.3177683070866142
0
LINE
8
BLACK
6
CONTINUOUS
10
0.4240248031496063
20
0.3177683070866142
11
0.4240312598425197
21
0.3177670866141732
0
LINE
8
BLACK
6
CONTINUOUS
10
0.4240312598425197
20
0.3177670866141732
11
0.4249996062992126
21
0.3175879133858268
0
LINE
8
BLACK
6
CONTINUOUS
10
0.4249996062992126
20
0.3175879133858268
11
0.4250177952755905
21
0.3175844881889764
0
LINE
8
BLACK
6
CONTINUOUS
10
0.4250177952755905
20
0.3175844881889764
11
0.4255471653543307
21
0.3174813779527559
0
LINE
8
BLACK
6
CONTINUOUS
10
0.4255471653543307
20
0.3174813779527559
11
0.4256243307086614
21
0.3174647244094488
0
LINE
8
BLACK
6
CONTINUOUS
10
0.4256243307086614
20
0.3174647244094488
11
0.4257083070866142
21
0.317444842519685
0
LINE
8
BLACK
6
CONTINUOUS
10
0.4257083070866142
20
0.317444842519685
11
0.4268914566929134
21
0.3166230708661417
0
LINE
8
BLACK
6
CONTINUOUS
10
0.4268914566929134
20
0.3166230708661417
11
0.4270296456692913
21
0.3164162992125984
0
LINE
8
BLACK
6
CONTINUOUS
10
0.4270296456692913
20
0.3164162992125984
11
0.4273306692913386
21
0.3156695275590551
0
LINE
8
BLACK
6
CONTINUOUS
10
0.4273306692913386
20
0.3156695275590551
11
0.4274270472440945
21
0.3151313385826772
0
LINE
8
BLACK
6
CONTINUOUS
10
0.4274270472440945
20
0.3151313385826772
11
0.4274538582677165
21
0.314910157480315
0
LINE
8
BLACK
6
CONTINUOUS
10
0.4274538582677165
20
0.314910157480315
11
0.4275129921259843
21
0.3139868503937008
0
LINE
8
BLACK
6
CONTINUOUS
10
0.4275129921259843
20
0.3139868503937008
11
0.4275166535433071
21
0.3138993700787401
0
LINE
8
BLACK
6
CONTINUOUS
10
0.4275166535433071
20
0.3138993700787401
11
0.4275431889763779
21
0.3125372440944882
0
LINE
8
BLACK
6
CONTINUOUS
10
0.4275431889763779
20
0.3125372440944882
11
0.4275435433070866
21
0.3125055118110236
0
LINE
8
BLACK
6
CONTINUOUS
10
0.4275435433070866
20
0.3125055118110236
11
0.4275460236220472
21
0.3117653543307087
0
LINE
8
BLACK
6
CONTINUOUS
10
0.4275460236220472
20
0.3117653543307087
11
0.4275460236220472
21
0.3081065354330709
0
LINE
8
BLACK
6
CONTINUOUS
10
0.4275460236220472
20
0.3081065354330709
11
0.4269694488188976
21
0.3067146062992126
0
LINE
8
BLACK
6
CONTINUOUS
10
0.4269694488188976
20
0.3067146062992126
11
0.4255775196850394
21
0.306138031496063
0
LINE
8
BLACK
6
CONTINUOUS
10
0.4255775196850394
20
0.306138031496063
11
0.4252853149606299
21
0.306159842519685
0
LINE
8
BLACK
6
CONTINUOUS
10
0.4252853149606299
20
0.306159842519685
11
0.4245752755905512
21
0.3062664173228347
0
LINE
8
BLACK
6
CONTINUOUS
10
0.4245752755905512
20
0.3062664173228347
11
0.4245423228346457
21
0.3062716535433071
0
LINE
8
BLACK
6
CONTINUOUS
10
0.4245423228346457
20
0.3062716535433071
11
0.4241800787401575
21
0.3063323228346457
0
LINE
8
BLACK
6
CONTINUOUS
10
0.4241800787401575
20
0.3063323228346457
11
0.4241715748031496
21
0.306333779527559
0
LINE
8
BLACK
6
CONTINUOUS
10
0.4241715748031496
20
0.306333779527559
11
0.4233411023622047
21
0.3064766141732284
0
LINE
8
BLACK
6
CONTINUOUS
10
0.4233411023622047
20
0.3064766141732284
11
0.4233386614173228
21
0.3064770078740157
0
LINE
8
BLACK
6
CONTINUOUS
10
0.4233386614173228
20
0.3064770078740157
11
0.4220804724409449
21
0.3066950393700787
0
LINE
8
BLACK
6
CONTINUOUS
10
0.4220804724409449
20
0.3066950393700787
11
0.4220794094488189
21
0.3066952362204725
0
LINE
8
BLACK
6
CONTINUOUS
10
0.4220794094488189
20
0.3066952362204725
11
0.4204338976377953
21
0.3069812992125984
0
LINE
8
BLACK
6
CONTINUOUS
10
0.4204338976377953
20
0.3069812992125984
11
0.4204331889763779
21
0.3069814173228346
0
LINE
8
BLACK
6
CONTINUOUS
10
0.4204331889763779
20
0.3069814173228346
11
0.4184407874015748
21
0.3073285433070866
0
LINE
8
BLACK
6
CONTINUOUS
10
0.4184407874015748
20
0.3073285433070866
11
0.4184402755905512
21
0.3073286220472441
0
LINE
8
BLACK
6
CONTINUOUS
10
0.4184402755905512
20
0.3073286220472441
11
0.4161414173228347
21
0.3077297637795275
0
LINE
8
BLACK
6
CONTINUOUS
10
0.4161414173228347
20
0.3077297637795275
11
0.416141062992126
21
0.307729842519685
0
LINE
8
BLACK
6
CONTINUOUS
10
0.416141062992126
20
0.307729842519685
11
0.4135761811023622
21
0.308177874015748
0
LINE
8
BLACK
6
CONTINUOUS
10
0.4135761811023622
20
0.308177874015748
11
0.4135758267716536
21
0.3081779133858268
0
LINE
8
BLACK
6
CONTINUOUS
10
0.4135758267716536
20
0.3081779133858268
11
0.4107853937007874
21
0.3086658661417323
0
LINE
8
BLACK
6
CONTINUOUS
10
0.4107853937007874
20
0.3086658661417323
11
0.410785157480315
21
0.3086659448818898
0
LINE
8
BLACK
6
CONTINUOUS
10
0.410785157480315
20
0.3086659448818898
11
0.4078095669291338
21
0.3091866929133858
0
LINE
8
BLACK
6
CONTINUOUS
10
0.4078095669291338
20
0.3091866929133858
11
0.4078092913385827
21
0.3091867322834645
0
LINE
8
BLACK
6
CONTINUOUS
10
0.4078092913385827
20
0.3091867322834645
11
0.4046890157480315
21
0.3097332677165354
0
LINE
8
BLACK
6
CONTINUOUS
10
0.4046890157480315
20
0.3097332677165354
11
0.4046887795275591
21
0.3097333070866142
0
LINE
8
BLACK
6
CONTINUOUS
10
0.4046887795275591
20
0.3097333070866142
11
0.4040018503937008
21
0.3098537007874015
0
LINE
8
BLACK
6
CONTINUOUS
10
0.4040018503937008
20
0.3098537007874015
11
0.3841861023622047
21
0.3133266535433071
0
LINE
8
BLACK
6
CONTINUOUS
10
0.3841861023622047
20
0.3133266535433071
11
0.3829146062992126
21
0.314134842519685
0
LINE
8
BLACK
6
CONTINUOUS
10
0.3829146062992126
20
0.314134842519685
11
0.3825574409448819
21
0.3152650787401575
0
LINE
8
BLACK
6
CONTINUOUS
10
0.3825574409448819
20
0.3152650787401575
11
0.3825564960629921
21
0.3189444094488189
0
LINE
8
BLACK
6
CONTINUOUS
10
0.3825564960629921
20
0.3189444094488189
11
0.3825565354330708
21
0.3189577559055118
0
LINE
8
BLACK
6
CONTINUOUS
10
0.3825565354330708
20
0.3189577559055118
11
0.3825663779527559
21
0.3204668897637795
0
LINE
8
BLACK
6
CONTINUOUS
10
0.3825663779527559
20
0.3204668897637795
11
0.3825673622047244
21
0.3205178346456693
0
LINE
8
BLACK
6
CONTINUOUS
10
0.3825673622047244
20
0.3205178346456693
11
0.3826016535433071
21
0.3215755905511811
0
LINE
8
BLACK
6
CONTINUOUS
10
0.3826016535433071
20
0.3215755905511811
11
0.3826097244094488
21
0.321700905511811
0
LINE
8
BLACK
6
CONTINUOUS
10
0.3826097244094488
20
0.321700905511811
11
0.3826744881889764
21
0.322371968503937
0
LINE
8
BLACK
6
CONTINUOUS
10
0.3826744881889764
20
0.322371968503937
11
0.3827433858267716
21
0.3227315354330709
0
LINE
8
BLACK
6
CONTINUOUS
10
0.3827433858267716
20
0.3227315354330709
11
0.3828446850393701
21
0.3230805905511811
0
LINE
8
BLACK
6
CONTINUOUS
10
0.3828446850393701
20
0.3230805905511811
11
0.3835996062992126
21
0.3241398818897638
0
LINE
8
BLACK
6
CONTINUOUS
10
0.3835996062992126
20
0.3241398818897638
11
0.3837302755905512
21
0.3242321653543307
0
LINE
8
BLACK
6
CONTINUOUS
10
0.3837302755905512
20
0.3242321653543307
11
0.3851415354330708
21
0.3245733070866142
0
LINE
8
BLACK
6
CONTINUOUS
10
0.3851415354330708
20
0.3245733070866142
11
0.3854510629921259
21
0.3245295275590551
0
LINE
8
BLACK
6
CONTINUOUS
10
0.3342824015748032
20
0.3335986614173228
11
0.3347187401574803
21
0.3335312598425197
0
LINE
8
BLACK
6
CONTINUOUS
10
0.3347187401574803
20
0.3335312598425197
11
0.3347444094488189
21
0.3335271259842519
0
LINE
8
BLACK
6
CONTINUOUS
10
0.3347444094488189
20
0.3335271259842519
11
0.3356253937007874
21
0.333379094488189
0
LINE
8
BLACK
6
CONTINUOUS
10
0.3356253937007874
20
0.333379094488189
11
0.3356333070866142
21
0.3333777559055118
0
LINE
8
BLACK
6
CONTINUOUS
10
0.3356333070866142
20
0.3333777559055118
11
0.3369123228346457
21
0.3331574803149606
0
LINE
8
BLACK
6
CONTINUOUS
10
0.3369123228346457
20
0.3331574803149606
11
0.3369162598425197
21
0.3331567716535433
0
LINE
8
BLACK
6
CONTINUOUS
10
0.3369162598425197
20
0.3331567716535433
11
0.3385467322834645
21
0.3328725590551181
0
LINE
8
BLACK
6
CONTINUOUS
10
0.3385467322834645
20
0.3328725590551181
11
0.338549094488189
21
0.3328721653543307
0
LINE
8
BLACK
6
CONTINUOUS
10
0.338549094488189
20
0.3328721653543307
11
0.3404843700787402
21
0.3325324015748031
0
LINE
8
BLACK
6
CONTINUOUS
10
0.3404843700787402
20
0.3325324015748031
11
0.340486062992126
21
0.3325320866141732
0
LINE
8
BLACK
6
CONTINUOUS
10
0.340486062992126
20
0.3325320866141732
11
0.3426795275590551
21
0.3321450393700787
0
LINE
8
BLACK
6
CONTINUOUS
10
0.3426795275590551
20
0.3321450393700787
11
0.3426807086614173
21
0.332144842519685
0
LINE
8
BLACK
6
CONTINUOUS
10
0.3426807086614173
20
0.332144842519685
11
0.3450857874015748
21
0.3317188976377953
0
LINE
8
BLACK
6
CONTINUOUS
10
0.3450857874015748
20
0.3317188976377953
11
0.3450867716535433
21
0.3317187007874016
0
LINE
8
BLACK
6
CONTINUOUS
10
0.3450867716535433
20
0.3317187007874016
11
0.3476568110236221
21
0.3312622047244094
0
LINE
8
BLACK
6
CONTINUOUS
10
0.3476568110236221
20
0.3312622047244094
11
0.3476576771653543
21
0.3312620866141732
0
LINE
8
BLACK
6
CONTINUOUS
10
0.3476576771653543
20
0.3312620866141732
11
0.3503461023622047
21
0.3307833464566929
0
LINE
8
BLACK
6
CONTINUOUS
10
0.3503461023622047
20
0.3307833464566929
11
0.3503468503937008
21
0.3307831889763779
0
LINE
8
BLACK
6
CONTINUOUS
10
0.3503468503937008
20
0.3307831889763779
11
0.3531070078740157
21
0.3302905905511811
0
LINE
8
BLACK
6
CONTINUOUS
10
0.3531070078740157
20
0.3302905905511811
11
0.353107716535433
21
0.3302904724409449
0
LINE
8
BLACK
6
CONTINUOUS
10
0.353107716535433
20
0.3302904724409449
11
0.355893031496063
21
0.3297923228346457
0
LINE
8
BLACK
6
CONTINUOUS
10
0.355893031496063
20
0.3297923228346457
11
0.3558937401574803
21
0.3297922047244095
0
LINE
8
BLACK
6
CONTINUOUS
10
0.3558937401574803
20
0.3297922047244095
11
0.3586575590551181
21
0.3292968503937008
0
LINE
8
BLACK
6
CONTINUOUS
10
0.3586575590551181
20
0.3292968503937008
11
0.3586583070866142
21
0.3292966929133858
0
LINE
8
BLACK
6
CONTINUOUS
10
0.3586583070866142
20
0.3292966929133858
11
0.3613540551181103
21
0.3288124803149606
0
LINE
8
BLACK
6
CONTINUOUS
10
0.3613540551181103
20
0.3288124803149606
11
0.361354842519685
21
0.3288123622047244
0
LINE
8
BLACK
6
CONTINUOUS
10
0.361354842519685
20
0.3288123622047244
11
0.3639358661417323
21
0.3283476377952756
0
LINE
8
BLACK
6
CONTINUOUS
10
0.3639358661417323
20
0.3283476377952756
11
0.363936811023622
21
0.3283474409448819
0
LINE
8
BLACK
6
CONTINUOUS
10
0.363936811023622
20
0.3283474409448819
11
0.3663565354330708
21
0.3279105511811023
0
LINE
8
BLACK
6
CONTINUOUS
10
0.3663565354330708
20
0.3279105511811023
11
0.3663577165354331
21
0.3279103543307086
0
LINE
8
BLACK
6
CONTINUOUS
10
0.3663577165354331
20
0.3279103543307086
11
0.3685695275590551
21
0.3275096062992126
0
LINE
8
BLACK
6
CONTINUOUS
10
0.3685695275590551
20
0.3275096062992126
11
0.3685711023622047
21
0.3275093307086614
0
LINE
8
BLACK
6
CONTINUOUS
10
0.3685711023622047
20
0.3275093307086614
11
0.3705283858267717
21
0.3271530708661417
0
LINE
8
BLACK
6
CONTINUOUS
10
0.3705283858267717
20
0.3271530708661417
11
0.3705305905511811
21
0.3271526771653543
0
LINE
8
BLACK
6
CONTINUOUS
10
0.3705305905511811
20
0.3271526771653543
11
0.3721866929133858
21
0.3268492913385826
0
LINE
8
BLACK
6
CONTINUOUS
10
0.3721866929133858
20
0.3268492913385826
11
0.3721903543307086
21
0.3268485826771653
0
LINE
8
BLACK
6
CONTINUOUS
10
0.3721903543307086
20
0.3268485826771653
11
0.3734987401574803
21
0.3266063385826772
0
LINE
8
BLACK
6
CONTINUOUS
10
0.3734987401574803
20
0.3266063385826772
11
0.3735057874015748
21
0.3266050393700787
0
LINE
8
BLACK
6
CONTINUOUS
10
0.3735057874015748
20
0.3266050393700787
11
0.3744197637795276
21
0.3264323622047244
0
LINE
8
BLACK
6
CONTINUOUS
10
0.3744197637795276
20
0.3264323622047244
11
0.3744413385826771
21
0.3264281496062992
0
LINE
8
BLACK
6
CONTINUOUS
10
0.3744413385826771
20
0.3264281496062992
11
0.3749143307086614
21
0.3263333070866142
0
LINE
8
BLACK
6
CONTINUOUS
10
0.3749143307086614
20
0.3263333070866142
11
0.3750333858267716
21
0.3263055905511811
0
LINE
8
BLACK
6
CONTINUOUS
10
0.3750333858267716
20
0.3263055905511811
11
0.3750899212598425
21
0.3262905511811023
0
LINE
8
BLACK
6
CONTINUOUS
10
0.3750899212598425
20
0.3262905511811023
11
0.3762868503937008
21
0.3253755118110236
0
LINE
8
BLACK
6
CONTINUOUS
10
0.3762868503937008
20
0.3253755118110236
11
0.376528188976378
21
0.3246958661417323
0
LINE
8
BLACK
6
CONTINUOUS
10
0.376528188976378
20
0.3246958661417323
11
0.3765751181102362
21
0.3243992913385827
0
LINE
8
BLACK
6
CONTINUOUS
10
0.3765751181102362
20
0.3243992913385827
11
0.3765975590551181
21
0.3241743307086614
0
LINE
8
BLACK
6
CONTINUOUS
10
0.3765975590551181
20
0.3241743307086614
11
0.3766276377952756
21
0.323459094488189
0
LINE
8
BLACK
6
CONTINUOUS
10
0.3766276377952756
20
0.323459094488189
11
0.3766292519685039
21
0.3233979133858267
0
LINE
8
BLACK
6
CONTINUOUS
10
0.3766292519685039
20
0.3233979133858267
11
0.3766405905511811
21
0.3223615354330708
0
LINE
8
BLACK
6
CONTINUOUS
10
0.3766405905511811
20
0.3223615354330708
11
0.3766406692913385
21
0.3223254724409449
0
LINE
8
BLACK
6
CONTINUOUS
10
0.3766406692913385
20
0.3223254724409449
11
0.3766313779527559
21
0.3210655118110236
0
LINE
8
BLACK
6
CONTINUOUS
10
0.3766313779527559
20
0.3210655118110236
11
0.3766311023622047
21
0.3210454724409449
0
LINE
8
BLACK
6
CONTINUOUS
10
0.3766311023622047
20
0.3210454724409449
11
0.3766235039370079
21
0.3206126771653543
0
LINE
8
BLACK
6
CONTINUOUS
10
0.3766235039370079
20
0.3206126771653543
11
0.3766234251968504
21
0.3206079527559055
0
LINE
8
BLACK
6
CONTINUOUS
10
0.3766234251968504
20
0.3206079527559055
11
0.3765515748031496
21
0.3170103149606299
0
LINE
8
BLACK
6
CONTINUOUS
10
0.3765515748031496
20
0.3170103149606299
11
0.3759473228346457
21
0.315630157480315
0
LINE
8
BLACK
6
CONTINUOUS
10
0.3759473228346457
20
0.315630157480315
11
0.3745441732283464
21
0.3150814960629921
0
LINE
8
BLACK
6
CONTINUOUS
10
0.3745441732283464
20
0.3150814960629921
11
0.3742433070866142
21
0.3151107086614173
0
LINE
8
BLACK
6
CONTINUOUS
10
0.3742433070866142
20
0.3151107086614173
11
0.3584934251968504
21
0.3178737795275591
0
LINE
8
BLACK
6
CONTINUOUS
10
0.3584934251968504
20
0.3178737795275591
11
0.3584934251968504
21
0.3178737401574803
0
LINE
8
BLACK
6
CONTINUOUS
10
0.3584934251968504
20
0.3178737401574803
11
0.3556809842519685
21
0.3183669291338583
0
LINE
8
BLACK
6
CONTINUOUS
10
0.3556809842519685
20
0.3183669291338583
11
0.3556809842519685
21
0.318366968503937
0
LINE
8
BLACK
6
CONTINUOUS
10
0.3556809842519685
20
0.318366968503937
11
0.3529986220472441
21
0.3188368897637795
0
LINE
8
BLACK
6
CONTINUOUS
10
0.3529986220472441
20
0.3188368897637795
11
0.3529986220472441
21
0.3188369291338582
0
LINE
8
BLACK
6
CONTINUOUS
10
0.3529986220472441
20
0.3188369291338582
11
0.3504931889763779
21
0.3192754724409449
0
LINE
8
BLACK
6
CONTINUOUS
10
0.3504931889763779
20
0.3192754724409449
11
0.3504931889763779
21
0.3192754330708661
0
LINE
8
BLACK
6
CONTINUOUS
10
0.3504931889763779
20
0.3192754330708661
11
0.3482111417322835
21
0.3196744881889764
0
LINE
8
BLACK
6
CONTINUOUS
10
0.3482111417322835
20
0.3196744881889764
11
0.3461990551181102
21
0.3200258661417323
0
LINE
8
BLACK
6
CONTINUOUS
10
0.3461990551181102
20
0.3200258661417323
11
0.3461990551181102
21
0.320025905511811
0
LINE
8
BLACK
6
CONTINUOUS
10
0.3461990551181102
20
0.320025905511811
11
0.3445056692913386
21
0.3203211417322834
0
LINE
8
BLACK
6
CONTINUOUS
10
0.3445056692913386
20
0.3203211417322834
11
0.3445056692913386
21
0.3203211023622047
0
LINE
8
BLACK
6
CONTINUOUS
10
0.3445056692913386
20
0.3203211023622047
11
0.3431750393700787
21
0.3205524803149606
0
LINE
8
BLACK
6
CONTINUOUS
10
0.3431750393700787
20
0.3205524803149606
11
0.3431750393700787
21
0.3205525196850393
0
LINE
8
BLACK
6
CONTINUOUS
10
0.3431750393700787
20
0.3205525196850393
11
0.3431153543307087
21
0.3205628346456693
0
LINE
8
BLACK
6
CONTINUOUS
10
0.3431153543307087
20
0.3205628346456693
11
0.3431153543307087
21
0.315911811023622
0
LINE
8
BLACK
6
CONTINUOUS
10
0.3431153543307087
20
0.315911811023622
11
0.343112874015748
21
0.313821968503937
0
LINE
8
BLACK
6
CONTINUOUS
10
0.343112874015748
20
0.313821968503937
11
0.3431128346456693
21
0.3138124409448819
0
LINE
8
BLACK
6
CONTINUOUS
10
0.3431128346456693
20
0.3138124409448819
11
0.343103031496063
21
0.312182874015748
0
LINE
8
BLACK
6
CONTINUOUS
10
0.343103031496063
20
0.312182874015748
11
0.3431027952755906
21
0.3121618503937008
0
LINE
8
BLACK
6
CONTINUOUS
10
0.3431027952755906
20
0.3121618503937008
11
0.3430823228346457
21
0.3109364173228346
0
LINE
8
BLACK
6
CONTINUOUS
10
0.3430823228346457
20
0.3109364173228346
11
0.343081062992126
21
0.3108918897637795
0
LINE
8
BLACK
6
CONTINUOUS
10
0.343081062992126
20
0.3108918897637795
11
0.3430465354330708
21
0.3100144488188976
0
LINE
8
BLACK
6
CONTINUOUS
10
0.3430465354330708
20
0.3100144488188976
11
0.3430403543307087
21
0.3099178346456693
0
LINE
8
BLACK
6
CONTINUOUS
10
0.3430403543307087
20
0.3099178346456693
11
0.3429883858267717
21
0.3093322834645669
0
LINE
8
BLACK
6
CONTINUOUS
10
0.3429883858267717
20
0.3093322834645669
11
0.3429547637795275
21
0.309105
0
LINE
8
BLACK
6
CONTINUOUS
10
0.3429547637795275
20
0.309105
11
0.3428819291338583
21
0.3087552362204724
0
LINE
8
BLACK
6
CONTINUOUS
10
0.3428819291338583
20
0.3087552362204724
11
0.3426644488188976
21
0.3081808267716535
0
LINE
8
BLACK
6
CONTINUOUS
10
0.3426644488188976
20
0.3081808267716535
11
0.3425673622047244
21
0.3080107086614173
0
LINE
8
BLACK
6
CONTINUOUS
10
0.3425673622047244
20
0.3080107086614173
11
0.3415464960629921
21
0.3071423622047244
0
LINE
8
BLACK
6
CONTINUOUS
10
0.3415464960629921
20
0.3071423622047244
11
0.341421811023622
21
0.3070957874015748
0
LINE
8
BLACK
6
CONTINUOUS
10
0.341421811023622
20
0.3070957874015748
11
0.3407536220472441
21
0.3069714566929134
0
LINE
8
BLACK
6
CONTINUOUS
10
0.3407536220472441
20
0.3069714566929134
11
0.3407461023622047
21
0.3069713779527559
0
LINE
8
BLACK
6
CONTINUOUS
10
0.3407461023622047
20
0.3069713779527559
11
0.3405174803149606
21
0.3069822834645669
0
LINE
8
BLACK
6
CONTINUOUS
10
0.3405174803149606
20
0.3069822834645669
11
0.3401110236220473
21
0.3070254724409449
0
LINE
8
BLACK
6
CONTINUOUS
10
0.3401110236220473
20
0.3070254724409449
11
0.3400326771653543
21
0.3070353937007874
0
LINE
8
BLACK
6
CONTINUOUS
10
0.3400326771653543
20
0.3070353937007874
11
0.3392316929133858
21
0.3071531496062992
0
LINE
8
BLACK
6
CONTINUOUS
10
0.3392316929133858
20
0.3071531496062992
11
0.3392042913385827
21
0.3071573622047244
0
LINE
8
BLACK
6
CONTINUOUS
10
0.3392042913385827
20
0.3071573622047244
11
0.3381223228346457
21
0.3073320472440945
0
LINE
8
BLACK
6
CONTINUOUS
10
0.3381223228346457
20
0.3073320472440945
11
0.3381038976377952
21
0.3073351181102362
0
LINE
8
BLACK
6
CONTINUOUS
10
0.3381038976377952
20
0.3073351181102362
11
0.3368544881889764
21
0.3075490157480315
0
LINE
8
BLACK
6
CONTINUOUS
10
0.3368544881889764
20
0.3075490157480315
11
0.3368461023622047
21
0.3075504724409449
0
LINE
8
BLACK
6
CONTINUOUS
10
0.3368461023622047
20
0.3075504724409449
11
0.3367701181102362
21
0.3075638188976378
0
LINE
8
BLACK
6
CONTINUOUS
10
0.3367701181102362
20
0.3075638188976378
11
0.336768937007874
21
0.3075640157480315
0
LINE
8
BLACK
6
CONTINUOUS
10
0.336768937007874
20
0.3075640157480315
11
0.3335755905511811
21
0.3081269291338583
0
LINE
8
BLACK
6
CONTINUOUS
10
0.3335755905511811
20
0.3081269291338583
11
0.3323048818897638
21
0.3089363779527559
0
LINE
8
BLACK
6
CONTINUOUS
10
0.3323048818897638
20
0.3089363779527559
11
0.3319488188976378
21
0.3100655511811024
0
LINE
8
BLACK
6
CONTINUOUS
10
0.3319488188976378
20
0.3100655511811024
11
0.3319488188976378
21
0.3208646062992126
0
LINE
8
BLACK
6
CONTINUOUS
10
0.3319488188976378
20
0.3208646062992126
11
0.3319503149606299
21
0.3231691338582677
0
LINE
8
BLACK
6
CONTINUOUS
10
0.3319503149606299
20
0.3231691338582677
11
0.3319503149606299
21
0.323171811023622
0
LINE
8
BLACK
6
CONTINUOUS
10
0.3319503149606299
20
0.323171811023622
11
0.3319545669291338
21
0.3253077952755906
0
LINE
8
BLACK
6
CONTINUOUS
10
0.3319545669291338
20
0.3253077952755906
11
0.3319545669291338
21
0.3253107480314961
0
LINE
8
BLACK
6
CONTINUOUS
10
0.3319545669291338
20
0.3253107480314961
11
0.3319612598425197
21
0.3272248031496063
0
LINE
8
BLACK
6
CONTINUOUS
10
0.3319612598425197
20
0.3272248031496063
11
0.3319612992125984
21
0.3272285433070866
0
LINE
8
BLACK
6
CONTINUOUS
10
0.3319612992125984
20
0.3272285433070866
11
0.3319701574803149
21
0.3288673228346456
0
LINE
8
BLACK
6
CONTINUOUS
10
0.3319701574803149
20
0.3288673228346456
11
0.3319701968503937
21
0.3288726771653543
0
LINE
8
BLACK
6
CONTINUOUS
10
0.3319701968503937
20
0.3288726771653543
11
0.3319808267716535
21
0.3301827165354331
0
LINE
8
BLACK
6
CONTINUOUS
10
0.3319808267716535
20
0.3301827165354331
11
0.331980905511811
21
0.3301924409448819
0
LINE
8
BLACK
6
CONTINUOUS
10
0.331980905511811
20
0.3301924409448819
11
0.331993031496063
21
0.3311203543307086
0
LINE
8
BLACK
6
CONTINUOUS
10
0.331993031496063
20
0.3311203543307086
11
0.3319935826771653
21
0.3311478346456693
0
LINE
8
BLACK
6
CONTINUOUS
10
0.3319935826771653
20
0.3311478346456693
11
0.3320068897637795
21
0.3316401968503937
0
LINE
8
BLACK
6
CONTINUOUS
10
0.3320068897637795
20
0.3316401968503937
11
0.332017716535433
21
0.3317999212598425
0
LINE
8
BLACK
6
CONTINUOUS
10
0.332017716535433
20
0.3317999212598425
11
0.3320249212598425
21
0.3318661417322835
0
LINE
8
BLACK
6
CONTINUOUS
10
0.3320249212598425
20
0.3318661417322835
11
0.3327486614173228
21
0.3331875590551181
0
LINE
8
BLACK
6
CONTINUOUS
10
0.3327486614173228
20
0.3331875590551181
11
0.3341948031496063
21
0.3336101968503937
0
LINE
8
BLACK
6
CONTINUOUS
10
0.3341948031496063
20
0.3336101968503937
11
0.3342824015748032
21
0.3335986614173228
0
LINE
8
BLACK
6
CONTINUOUS
10
0.0808802362204724
20
0.3271816929133858
11
0.0819446456692913
21
0.3267407874015748
0
LINE
8
BLACK
6
CONTINUOUS
10
0.0819446456692913
20
0.3267407874015748
11
0.0827592913385827
21
0.3259261417322835
0
LINE
8
BLACK
6
CONTINUOUS
10
0.0827592913385827
20
0.3259261417322835
11
0.0832001968503937
21
0.3248617322834645
0
LINE
8
BLACK
6
CONTINUOUS
10
0.0832001968503937
20
0.3248617322834645
11
0.0832001968503937
21
0.3237096062992126
0
LINE
8
BLACK
6
CONTINUOUS
10
0.0832001968503937
20
0.3237096062992126
11
0.0827592913385827
21
0.3226451968503937
0
LINE
8
BLACK
6
CONTINUOUS
10
0.0827592913385827
20
0.3226451968503937
11
0.0819446456692913
21
0.3218305511811024
0
LINE
8
BLACK
6
CONTINUOUS
10
0.0819446456692913
20
0.3218305511811024
11
0.0808802362204724
21
0.3213896456692913
0
LINE
8
BLACK
6
CONTINUOUS
10
0.0808802362204724
20
0.3213896456692913
11
0.0803041732283465
21
0.3213329133858268
0
LINE
8
BLACK
6
CONTINUOUS
10
0.0803041732283465
20
0.3213329133858268
11
0.0723334251968504
21
0.3213329133858268
0
LINE
8
BLACK
6
CONTINUOUS
10
0.0723334251968504
20
0.3213329133858268
11
0.0724464960629921
21
0.321106811023622
0
LINE
8
BLACK
6
CONTINUOUS
10
0.0724464960629921
20
0.321106811023622
11
0.0726533858267717
21
0.3205661811023622
0
LINE
8
BLACK
6
CONTINUOUS
10
0.0726533858267717
20
0.3205661811023622
11
0.0726608661417323
21
0.3204604330708661
0
LINE
8
BLACK
6
CONTINUOUS
10
0.0726608661417323
20
0.3204604330708661
11
0.0727015354330709
21
0.3203623228346457
0
LINE
8
BLACK
6
CONTINUOUS
10
0.0727015354330709
20
0.3203623228346457
11
0.0727582677165354
21
0.3197862598425197
0
LINE
8
BLACK
6
CONTINUOUS
10
0.0727582677165354
20
0.3197862598425197
11
0.0727582677165354
21
0.315286811023622
0
LINE
8
BLACK
6
CONTINUOUS
10
0.0727582677165354
20
0.315286811023622
11
0.0727015354330709
21
0.3147107480314961
0
LINE
8
BLACK
6
CONTINUOUS
10
0.0727015354330709
20
0.3147107480314961
11
0.0726609448818898
21
0.3146127952755906
0
LINE
8
BLACK
6
CONTINUOUS
10
0.0726609448818898
20
0.3146127952755906
11
0.0726534251968504
21
0.3145068897637795
0
LINE
8
BLACK
6
CONTINUOUS
10
0.0726534251968504
20
0.3145068897637795
11
0.0724465354330709
21
0.3139662598425197
0
LINE
8
BLACK
6
CONTINUOUS
10
0.0724465354330709
20
0.3139662598425197
11
0.0709466929133858
21
0.3109666535433071
0
LINE
8
BLACK
6
CONTINUOUS
10
0.0709466929133858
20
0.3109666535433071
11
0.0708860236220472
21
0.3108703543307086
0
LINE
8
BLACK
6
CONTINUOUS
10
0.0708860236220472
20
0.3108703543307086
11
0.070870905511811
21
0.3108248818897638
0
LINE
8
BLACK
6
CONTINUOUS
10
0.070870905511811
20
0.3108248818897638
11
0.0708217716535433
21
0.3107682677165354
0
LINE
8
BLACK
6
CONTINUOUS
10
0.0708217716535433
20
0.3107682677165354
11
0.0706383070866142
21
0.3104767716535433
0
LINE
8
BLACK
6
CONTINUOUS
10
0.0706383070866142
20
0.3104767716535433
11
0.0703587007874016
21
0.3102342913385827
0
LINE
8
BLACK
6
CONTINUOUS
10
0.0703587007874016
20
0.3102342913385827
11
0.070116062992126
21
0.3099544881889764
0
LINE
8
BLACK
6
CONTINUOUS
10
0.070116062992126
20
0.3099544881889764
11
0.0698244881889764
21
0.3097709842519685
0
LINE
8
BLACK
6
CONTINUOUS
10
0.0698244881889764
20
0.3097709842519685
11
0.0697679527559055
21
0.3097219291338583
0
LINE
8
BLACK
6
CONTINUOUS
10
0.0697679527559055
20
0.3097219291338583
11
0.0697225196850394
21
0.309706811023622
0
LINE
8
BLACK
6
CONTINUOUS
10
0.0697225196850394
20
0.309706811023622
11
0.0696261811023622
21
0.3096461417322834
0
LINE
8
BLACK
6
CONTINUOUS
10
0.0696261811023622
20
0.3096461417322834
11
0.0666265748031496
21
0.3081463385826771
0
LINE
8
BLACK
6
CONTINUOUS
10
0.0666265748031496
20
0.3081463385826771
11
0.0660859448818898
21
0.3079394488188976
0
LINE
8
BLACK
6
CONTINUOUS
10
0.0660859448818898
20
0.3079394488188976
11
0.0659801181102362
21
0.307931968503937
0
LINE
8
BLACK
6
CONTINUOUS
10
0.0659801181102362
20
0.307931968503937
11
0.065882125984252
21
0.3078913385826771
0
LINE
8
BLACK
6
CONTINUOUS
10
0.065882125984252
20
0.3078913385826771
11
0.065306062992126
21
0.3078346062992126
0
LINE
8
BLACK
6
CONTINUOUS
10
0.065306062992126
20
0.3078346062992126
11
0.0488081102362205
21
0.3078346062992126
0
LINE
8
BLACK
6
CONTINUOUS
10
0.0488081102362205
20
0.3078346062992126
11
0.0482320472440945
21
0.3078913385826771
0
LINE
8
BLACK
6
CONTINUOUS
10
0.0482320472440945
20
0.3078913385826771
11
0.0471676377952756
21
0.3083322440944882
0
LINE
8
BLACK
6
CONTINUOUS
10
0.0471676377952756
20
0.3083322440944882
11
0.0463529921259843
21
0.3091468897637795
0
LINE
8
BLACK
6
CONTINUOUS
10
0.0463529921259843
20
0.3091468897637795
11
0.0459120866141732
21
0.3102112992125984
0
LINE
8
BLACK
6
CONTINUOUS
10
0.0459120866141732
20
0.3102112992125984
11
0.0459120866141732
21
0.3113634251968504
0
LINE
8
BLACK
6
CONTINUOUS
10
0.0459120866141732
20
0.3113634251968504
11
0.0463529921259843
21
0.3124278346456693
0
LINE
8
BLACK
6
CONTINUOUS
10
0.0463529921259843
20
0.3124278346456693
11
0.0471676377952756
21
0.3132424803149606
0
LINE
8
BLACK
6
CONTINUOUS
10
0.0471676377952756
20
0.3132424803149606
11
0.0482320472440945
21
0.3136833858267716
0
LINE
8
BLACK
6
CONTINUOUS
10
0.0482320472440945
20
0.3136833858267716
11
0.0488081102362205
21
0.3137401181102362
0
LINE
8
BLACK
6
CONTINUOUS
10
0.0488081102362205
20
0.3137401181102362
11
0.0646090157480315
21
0.3137401181102362
0
LINE
8
BLACK
6
CONTINUOUS
10
0.0646090157480315
20
0.3137401181102362
11
0.0661048031496063
21
0.314488031496063
0
LINE
8
BLACK
6
CONTINUOUS
10
0.0661048031496063
20
0.314488031496063
11
0.0668527559055118
21
0.3159838976377953
0
LINE
8
BLACK
6
CONTINUOUS
10
0.0668527559055118
20
0.3159838976377953
11
0.0668527559055118
21
0.3190892125984252
0
LINE
8
BLACK
6
CONTINUOUS
10
0.0668527559055118
20
0.3190892125984252
11
0.0658788976377953
21
0.321036811023622
0
LINE
8
BLACK
6
CONTINUOUS
10
0.0658788976377953
20
0.321036811023622
11
0.0655827952755905
21
0.3213329133858268
0
LINE
8
BLACK
6
CONTINUOUS
10
0.0655827952755905
20
0.3213329133858268
11
0.0488081102362205
21
0.3213329133858268
0
LINE
8
BLACK
6
CONTINUOUS
10
0.0488081102362205
20
0.3213329133858268
11
0.0482320472440945
21
0.3213896456692913
0
LINE
8
BLACK
6
CONTINUOUS
10
0.0482320472440945
20
0.3213896456692913
11
0.0471676377952756
21
0.3218305511811024
0
LINE
8
BLACK
6
CONTINUOUS
10
0.0471676377952756
20
0.3218305511811024
11
0.0463529921259843
21
0.3226451968503937
0
LINE
8
BLACK
6
CONTINUOUS
10
0.0463529921259843
20
0.3226451968503937
11
0.0459120866141732
21
0.3237096062992126
0
LINE
8
BLACK
6
CONTINUOUS
10
0.0459120866141732
20
0.3237096062992126
11
0.0459120866141732
21
0.3248617322834645
0
LINE
8
BLACK
6
CONTINUOUS
10
0.0459120866141732
20
0.3248617322834645
11
0.0463529921259843
21
0.3259261417322835
0
LINE
8
BLACK
6
CONTINUOUS
10
0.0463529921259843
20
0.3259261417322835
11
0.0471676377952756
21
0.3267407874015748
0
LINE
8
BLACK
6
CONTINUOUS
10
0.0471676377952756
20
0.3267407874015748
11
0.0482320472440945
21
0.3271816929133858
0
LINE
8
BLACK
6
CONTINUOUS
10
0.0482320472440945
20
0.3271816929133858
11
0.0488081102362205
21
0.3272384251968504
0
LINE
8
BLACK
6
CONTINUOUS
10
0.0488081102362205
20
0.3272384251968504
11
0.0803041732283465
21
0.3272384251968504
0
LINE
8
BLACK
6
CONTINUOUS
10
0.0803041732283465
20
0.3272384251968504
11
0.0808802362204724
21
0.3271816929133858
0
LINE
8
BLACK
6
CONTINUOUS
10
0.2387070472440945
20
0.3504254724409449
11
0.2387644881889764
21
0.3504340157480315
0
LINE
8
BLACK
6
CONTINUOUS
10
0.2387644881889764
20
0.3504340157480315
11
0.2390517322834646
21
0.3503915354330708
0
LINE
8
BLACK
6
CONTINUOUS
10
0.2390517322834646
20
0.3503915354330708
11
0.2393411811023622
21
0.350363031496063
0
LINE
8
BLACK
6
CONTINUOUS
10
0.2393411811023622
20
0.350363031496063
11
0.2393948818897638
21
0.3503407874015748
0
LINE
8
BLACK
6
CONTINUOUS
10
0.2393948818897638
20
0.3503407874015748
11
0.2395279527559055
21
0.3503211023622047
0
LINE
8
BLACK
6
CONTINUOUS
10
0.2395279527559055
20
0.3503211023622047
11
0.2492767716535433
21
0.347883937007874
0
LINE
8
BLACK
6
CONTINUOUS
10
0.2492767716535433
20
0.347883937007874
11
0.2493333858267716
21
0.3478637401574803
0
LINE
8
BLACK
6
CONTINUOUS
10
0.2493333858267716
20
0.3478637401574803
11
0.2493617716535433
21
0.3478616929133858
0
LINE
8
BLACK
6
CONTINUOUS
10
0.2493617716535433
20
0.3478616929133858
11
0.2496816141732283
21
0.3477393307086614
0
LINE
8
BLACK
6
CONTINUOUS
10
0.2496816141732283
20
0.3477393307086614
11
0.2500035433070866
21
0.3476242913385827
0
LINE
8
BLACK
6
CONTINUOUS
10
0.2500035433070866
20
0.3476242913385827
11
0.2500263385826771
21
0.3476074015748031
0
LINE
8
BLACK
6
CONTINUOUS
10
0.2500263385826771
20
0.3476074015748031
11
0.2500825984251969
21
0.3475858661417323
0
LINE
8
BLACK
6
CONTINUOUS
10
0.2500825984251969
20
0.3475858661417323
11
0.254956968503937
21
0.3451486614173228
0
LINE
8
BLACK
6
CONTINUOUS
10
0.254956968503937
20
0.3451486614173228
11
0.2552875984251968
21
0.3449405511811023
0
LINE
8
BLACK
6
CONTINUOUS
10
0.2552875984251968
20
0.3449405511811023
11
0.2553835433070866
21
0.3449007874015748
0
LINE
8
BLACK
6
CONTINUOUS
10
0.2553835433070866
20
0.3449007874015748
11
0.2554915354330708
21
0.3448121653543307
0
LINE
8
BLACK
6
CONTINUOUS
10
0.2554915354330708
20
0.3448121653543307
11
0.2556101181102362
21
0.3447375196850394
0
LINE
8
BLACK
6
CONTINUOUS
10
0.2556101181102362
20
0.3447375196850394
11
0.2556783070866142
21
0.3446588976377953
0
LINE
8
BLACK
6
CONTINUOUS
10
0.2556783070866142
20
0.3446588976377953
11
0.2559801574803149
21
0.3444111811023622
0
LINE
8
BLACK
6
CONTINUOUS
10
0.2559801574803149
20
0.3444111811023622
11
0.2584173622047244
21
0.3419739763779527
0
LINE
8
BLACK
6
CONTINUOUS
10
0.2584173622047244
20
0.3419739763779527
11
0.2586650393700787
21
0.3416721653543307
0
LINE
8
BLACK
6
CONTINUOUS
10
0.2586650393700787
20
0.3416721653543307
11
0.2587437007874016
21
0.341603937007874
0
LINE
8
BLACK
6
CONTINUOUS
10
0.2587437007874016
20
0.341603937007874
11
0.2588183070866142
21
0.3414853937007874
0
LINE
8
BLACK
6
CONTINUOUS
10
0.2588183070866142
20
0.3414853937007874
11
0.258906968503937
21
0.3413773622047244
0
LINE
8
BLACK
6
CONTINUOUS
10
0.258906968503937
20
0.3413773622047244
11
0.2589466929133858
21
0.3412814566929134
0
LINE
8
BLACK
6
CONTINUOUS
10
0.2589466929133858
20
0.3412814566929134
11
0.259154842519685
21
0.3409507874015748
0
LINE
8
BLACK
6
CONTINUOUS
10
0.259154842519685
20
0.3409507874015748
11
0.2615920472440945
21
0.3360764173228347
0
LINE
8
BLACK
6
CONTINUOUS
10
0.2615920472440945
20
0.3360764173228347
11
0.261867874015748
21
0.3353555905511811
0
LINE
8
BLACK
6
CONTINUOUS
10
0.261867874015748
20
0.3353555905511811
11
0.261877874015748
21
0.3352145275590551
0
LINE
8
BLACK
6
CONTINUOUS
10
0.261877874015748
20
0.3352145275590551
11
0.2619320472440945
21
0.335083779527559
0
LINE
8
BLACK
6
CONTINUOUS
10
0.2619320472440945
20
0.335083779527559
11
0.2620076771653543
21
0.3343157086614173
0
LINE
8
BLACK
6
CONTINUOUS
10
0.2620076771653543
20
0.3343157086614173
11
0.2620076771653543
21
0.3294412992125984
0
LINE
8
BLACK
6
CONTINUOUS
10
0.2620076771653543
20
0.3294412992125984
11
0.2619320472440945
21
0.3286732283464567
0
LINE
8
BLACK
6
CONTINUOUS
10
0.2619320472440945
20
0.3286732283464567
11
0.261877874015748
21
0.3285425196850393
0
LINE
8
BLACK
6
CONTINUOUS
10
0.261877874015748
20
0.3285425196850393
11
0.261867874015748
21
0.3284014173228346
0
LINE
8
BLACK
6
CONTINUOUS
10
0.261867874015748
20
0.3284014173228346
11
0.2615920472440945
21
0.3276805905511811
0
LINE
8
BLACK
6
CONTINUOUS
10
0.2615920472440945
20
0.3276805905511811
11
0.259154842519685
21
0.322806220472441
0
LINE
8
BLACK
6
CONTINUOUS
10
0.259154842519685
20
0.322806220472441
11
0.2589466929133858
21
0.3224755905511811
0
LINE
8
BLACK
6
CONTINUOUS
10
0.2589466929133858
20
0.3224755905511811
11
0.258906968503937
21
0.3223796456692913
0
LINE
8
BLACK
6
CONTINUOUS
10
0.258906968503937
20
0.3223796456692913
11
0.2588183070866142
21
0.3222716535433071
0
LINE
8
BLACK
6
CONTINUOUS
10
0.2588183070866142
20
0.3222716535433071
11
0.2587437007874016
21
0.3221530708661417
0
LINE
8
BLACK
6
CONTINUOUS
10
0.2587437007874016
20
0.3221530708661417
11
0.2586650393700787
21
0.3220848818897638
0
LINE
8
BLACK
6
CONTINUOUS
10
0.2586650393700787
20
0.3220848818897638
11
0.2584173622047244
21
0.321783031496063
0
LINE
8
BLACK
6
CONTINUOUS
10
0.2584173622047244
20
0.321783031496063
11
0.2559801574803149
21
0.3193458267716535
0
LINE
8
BLACK
6
CONTINUOUS
10
0.2559801574803149
20
0.3193458267716535
11
0.2556783070866142
21
0.3190981496062992
0
LINE
8
BLACK
6
CONTINUOUS
10
0.2556783070866142
20
0.3190981496062992
11
0.2556101181102362
21
0.3190194881889764
0
LINE
8
BLACK
6
CONTINUOUS
10
0.2556101181102362
20
0.3190194881889764
11
0.2554915354330708
21
0.3189448818897638
0
LINE
8
BLACK
6
CONTINUOUS
10
0.2554915354330708
20
0.3189448818897638
11
0.2553835433070866
21
0.3188562204724409
0
LINE
8
BLACK
6
CONTINUOUS
10
0.2553835433070866
20
0.3188562204724409
11
0.2552875984251968
21
0.3188164960629921
0
LINE
8
BLACK
6
CONTINUOUS
10
0.2552875984251968
20
0.3188164960629921
11
0.254956968503937
21
0.3186083464566929
0
LINE
8
BLACK
6
CONTINUOUS
10
0.254956968503937
20
0.3186083464566929
11
0.2500825984251969
21
0.3161711417322834
0
LINE
8
BLACK
6
CONTINUOUS
10
0.2500825984251969
20
0.3161711417322834
11
0.2500263385826771
21
0.3161496456692913
0
LINE
8
BLACK
6
CONTINUOUS
10
0.2500263385826771
20
0.3161496456692913
11
0.2500035433070866
21
0.3161327165354331
0
LINE
8
BLACK
6
CONTINUOUS
10
0.2500035433070866
20
0.3161327165354331
11
0.2496816141732283
21
0.3160177165354331
0
LINE
8
BLACK
6
CONTINUOUS
10
0.2496816141732283
20
0.3160177165354331
11
0.2493617716535433
21
0.3158953149606299
0
LINE
8
BLACK
6
CONTINUOUS
10
0.2493617716535433
20
0.3158953149606299
11
0.2493333858267716
21
0.3158933070866142
0
LINE
8
BLACK
6
CONTINUOUS
10
0.2493333858267716
20
0.3158933070866142
11
0.2492767716535433
21
0.3158730708661417
0
LINE
8
BLACK
6
CONTINUOUS
10
0.2492767716535433
20
0.3158730708661417
11
0.2395279921259842
21
0.3134358661417323
0
LINE
8
BLACK
6
CONTINUOUS
10
0.2395279921259842
20
0.3134358661417323
11
0.239394842519685
21
0.3134161811023622
0
LINE
8
BLACK
6
CONTINUOUS
10
0.239394842519685
20
0.3134161811023622
11
0.2393411811023622
21
0.313393937007874
0
LINE
8
BLACK
6
CONTINUOUS
10
0.2393411811023622
20
0.313393937007874
11
0.2390517716535433
21
0.3133654724409449
0
LINE
8
BLACK
6
CONTINUOUS
10
0.2390517716535433
20
0.3133654724409449
11
0.2387644881889764
21
0.3133229527559055
0
LINE
8
BLACK
6
CONTINUOUS
10
0.2387644881889764
20
0.3133229527559055
11
0.2387070472440945
21
0.3133315354330709
0
LINE
8
BLACK
6
CONTINUOUS
10
0.2387070472440945
20
0.3133315354330709
11
0.2385731102362205
21
0.3133183070866142
0
LINE
8
BLACK
6
CONTINUOUS
10
0.2385731102362205
20
0.3133183070866142
11
0.226387125984252
21
0.3133183070866142
0
LINE
8
BLACK
6
CONTINUOUS
10
0.226387125984252
20
0.3133183070866142
11
0.2262531496062992
21
0.3133315354330709
0
LINE
8
BLACK
6
CONTINUOUS
10
0.2262531496062992
20
0.3133315354330709
11
0.2261957480314961
21
0.3133229527559055
0
LINE
8
BLACK
6
CONTINUOUS
10
0.2261957480314961
20
0.3133229527559055
11
0.2259084251968504
21
0.3133654724409449
0
LINE
8
BLACK
6
CONTINUOUS
10
0.2259084251968504
20
0.3133654724409449
11
0.2256190551181102
21
0.313393937007874
0
LINE
8
BLACK
6
CONTINUOUS
10
0.2256190551181102
20
0.313393937007874
11
0.2255653543307087
21
0.3134161811023622
0
LINE
8
BLACK
6
CONTINUOUS
10
0.2255653543307087
20
0.3134161811023622
11
0.2254322440944882
21
0.3134358661417323
0
LINE
8
BLACK
6
CONTINUOUS
10
0.2254322440944882
20
0.3134358661417323
11
0.2156834645669291
21
0.3158730708661417
0
LINE
8
BLACK
6
CONTINUOUS
10
0.2156834645669291
20
0.3158730708661417
11
0.2156268110236221
21
0.3158933070866142
0
LINE
8
BLACK
6
CONTINUOUS
10
0.2156268110236221
20
0.3158933070866142
11
0.2155984645669291
21
0.3158953149606299
0
LINE
8
BLACK
6
CONTINUOUS
10
0.2155984645669291
20
0.3158953149606299
11
0.2152788188976378
21
0.3160176377952756
0
LINE
8
BLACK
6
CONTINUOUS
10
0.2152788188976378
20
0.3160176377952756
11
0.2149566929133858
21
0.3161327165354331
0
LINE
8
BLACK
6
CONTINUOUS
10
0.2149566929133858
20
0.3161327165354331
11
0.2149338188976378
21
0.3161496850393701
0
LINE
8
BLACK
6
CONTINUOUS
10
0.2149338188976378
20
0.3161496850393701
11
0.2148776771653543
21
0.3161711417322834
0
LINE
8
BLACK
6
CONTINUOUS
10
0.2148776771653543
20
0.3161711417322834
11
0.2100032677165354
21
0.3186083464566929
0
LINE
8
BLACK
6
CONTINUOUS
10
0.2100032677165354
20
0.3186083464566929
11
0.2096726771653543
21
0.3188164566929134
0
LINE
8
BLACK
6
CONTINUOUS
10
0.2096726771653543
20
0.3188164566929134
11
0.2095766141732283
21
0.3188562204724409
0
LINE
8
BLACK
6
CONTINUOUS
10
0.2095766141732283
20
0.3188562204724409
11
0.2094685039370079
21
0.3189449606299212
0
LINE
8
BLACK
6
CONTINUOUS
10
0.2094685039370079
20
0.3189449606299212
11
0.2093500787401575
21
0.3190194881889764
0
LINE
8
BLACK
6
CONTINUOUS
10
0.2093500787401575
20
0.3190194881889764
11
0.2092818503937008
21
0.3190981496062992
0
LINE
8
BLACK
6
CONTINUOUS
10
0.2092818503937008
20
0.3190981496062992
11
0.2089800393700787
21
0.3193458661417323
0
LINE
8
BLACK
6
CONTINUOUS
10
0.2089800393700787
20
0.3193458661417323
11
0.206542874015748
21
0.3217830708661417
0
LINE
8
BLACK
6
CONTINUOUS
10
0.206542874015748
20
0.3217830708661417
11
0.2062951181102362
21
0.3220849212598425
0
LINE
8
BLACK
6
CONTINUOUS
10
0.2062951181102362
20
0.3220849212598425
11
0.2062165354330709
21
0.3221530708661417
0
LINE
8
BLACK
6
CONTINUOUS
10
0.2062165354330709
20
0.3221530708661417
11
0.206141968503937
21
0.3222715354330709
0
LINE
8
BLACK
6
CONTINUOUS
10
0.206141968503937
20
0.3222715354330709
11
0.2060532283464567
21
0.3223796456692913
0
LINE
8
BLACK
6
CONTINUOUS
10
0.2060532283464567
20
0.3223796456692913
11
0.2060134251968504
21
0.322475748031496
0
LINE
8
BLACK
6
CONTINUOUS
10
0.2060134251968504
20
0.322475748031496
11
0.2058053937007874
21
0.322806220472441
0
LINE
8
BLACK
6
CONTINUOUS
10
0.2058053937007874
20
0.322806220472441
11
0.203368188976378
21
0.3276805905511811
0
LINE
8
BLACK
6
CONTINUOUS
10
0.203368188976378
20
0.3276805905511811
11
0.2030923622047244
21
0.3284014173228346
0
LINE
8
BLACK
6
CONTINUOUS
10
0.2030923622047244
20
0.3284014173228346
11
0.2030823228346457
21
0.3285425196850393
0
LINE
8
BLACK
6
CONTINUOUS
10
0.2030823228346457
20
0.3285425196850393
11
0.2030281889763779
21
0.3286732283464567
0
LINE
8
BLACK
6
CONTINUOUS
10
0.2030281889763779
20
0.3286732283464567
11
0.2029525590551181
21
0.3294412992125984
0
LINE
8
BLACK
6
CONTINUOUS
10
0.2029525590551181
20
0.3294412992125984
11
0.2029525590551181
21
0.3343157086614173
0
LINE
8
BLACK
6
CONTINUOUS
10
0.2029525590551181
20
0.3343157086614173
11
0.2030281889763779
21
0.335083779527559
0
LINE
8
BLACK
6
CONTINUOUS
10
0.2030281889763779
20
0.335083779527559
11
0.2030823228346457
21
0.3352145275590551
0
LINE
8
BLACK
6
CONTINUOUS
10
0.2030823228346457
20
0.3352145275590551
11
0.2030923622047244
21
0.3353555905511811
0
LINE
8
BLACK
6
CONTINUOUS
10
0.2030923622047244
20
0.3353555905511811
11
0.203368188976378
21
0.3360764173228347
0
LINE
8
BLACK
6
CONTINUOUS
10
0.203368188976378
20
0.3360764173228347
11
0.2058053937007874
21
0.3409507874015748
0
LINE
8
BLACK
6
CONTINUOUS
10
0.2058053937007874
20
0.3409507874015748
11
0.2060134251968504
21
0.3412812992125984
0
LINE
8
BLACK
6
CONTINUOUS
10
0.2060134251968504
20
0.3412812992125984
11
0.2060532283464567
21
0.3413773622047244
0
LINE
8
BLACK
6
CONTINUOUS
10
0.2060532283464567
20
0.3413773622047244
11
0.206141968503937
21
0.3414855118110236
0
LINE
8
BLACK
6
CONTINUOUS
10
0.206141968503937
20
0.3414855118110236
11
0.2062165354330709
21
0.341603937007874
0
LINE
8
BLACK
6
CONTINUOUS
10
0.2062165354330709
20
0.341603937007874
11
0.2062951181102362
21
0.341672125984252
0
LINE
8
BLACK
6
CONTINUOUS
10
0.2062951181102362
20
0.341672125984252
11
0.206542874015748
21
0.341973937007874
0
LINE
8
BLACK
6
CONTINUOUS
10
0.206542874015748
20
0.341973937007874
11
0.2089800393700787
21
0.3444111417322834
0
LINE
8
BLACK
6
CONTINUOUS
10
0.2089800393700787
20
0.3444111417322834
11
0.2092818503937008
21
0.3446588976377953
0
LINE
8
BLACK
6
CONTINUOUS
10
0.2092818503937008
20
0.3446588976377953
11
0.2093500787401575
21
0.3447375196850394
0
LINE
8
BLACK
6
CONTINUOUS
10
0.2093500787401575
20
0.3447375196850394
11
0.2094685039370079
21
0.3448120866141732
0
LINE
8
BLACK
6
CONTINUOUS
10
0.2094685039370079
20
0.3448120866141732
11
0.2095766141732283
21
0.3449007874015748
0
LINE
8
BLACK
6
CONTINUOUS
10
0.2095766141732283
20
0.3449007874015748
11
0.2096726771653543
21
0.3449405905511811
0
LINE
8
BLACK
6
CONTINUOUS
10
0.2096726771653543
20
0.3449405905511811
11
0.2100032677165354
21
0.3451486614173228
0
LINE
8
BLACK
6
CONTINUOUS
10
0.2100032677165354
20
0.3451486614173228
11
0.2148776771653543
21
0.3475858661417323
0
LINE
8
BLACK
6
CONTINUOUS
10
0.2148776771653543
20
0.3475858661417323
11
0.2149338188976378
21
0.3476073622047244
0
LINE
8
BLACK
6
CONTINUOUS
10
0.2149338188976378
20
0.3476073622047244
11
0.2149566929133858
21
0.3476242913385827
0
LINE
8
BLACK
6
CONTINUOUS
10
0.2149566929133858
20
0.3476242913385827
11
0.2152785826771653
21
0.3477393307086614
0
LINE
8
BLACK
6
CONTINUOUS
10
0.2152785826771653
20
0.3477393307086614
11
0.2155984645669291
21
0.3478616929133858
0
LINE
8
BLACK
6
CONTINUOUS
10
0.2155984645669291
20
0.3478616929133858
11
0.2156268897637795
21
0.3478637401574803
0
LINE
8
BLACK
6
CONTINUOUS
10
0.2156268897637795
20
0.3478637401574803
11
0.2156835039370079
21
0.347883937007874
0
LINE
8
BLACK
6
CONTINUOUS
10
0.2156835039370079
20
0.347883937007874
11
0.2254322834645669
21
0.3503211023622047
0
LINE
8
BLACK
6
CONTINUOUS
10
0.2254322834645669
20
0.3503211023622047
11
0.2255653149606299
21
0.3503407874015748
0
LINE
8
BLACK
6
CONTINUOUS
10
0.2255653149606299
20
0.3503407874015748
11
0.2256190551181102
21
0.350363031496063
0
LINE
8
BLACK
6
CONTINUOUS
10
0.2256190551181102
20
0.350363031496063
11
0.2259084645669291
21
0.3503915354330708
0
LINE
8
BLACK
6
CONTINUOUS
10
0.2259084645669291
20
0.3503915354330708
11
0.2261957480314961
21
0.3504340157480315
0
LINE
8
BLACK
6
CONTINUOUS
10
0.2261957480314961
20
0.3504340157480315
11
0.2262531496062992
21
0.3504254724409449
0
LINE
8
BLACK
6
CONTINUOUS
10
0.2262531496062992
20
0.3504254724409449
11
0.226387125984252
21
0.3504386614173228
0
LINE
8
BLACK
6
CONTINUOUS
10
0.226387125984252
20
0.3504386614173228
11
0.2385731102362205
21
0.3504386614173228
0
LINE
8
BLACK
6
CONTINUOUS
10
0.2385731102362205
20
0.3504386614173228
11
0.2387070472440945
21
0.3504254724409449
0
LINE
8
BLACK
6
CONTINUOUS
10
0.2180125984251969
20
0.3403499212598425
11
0.2140960236220472
21
0.3383916535433071
0
LINE
8
BLACK
6
CONTINUOUS
10
0.2140960236220472
20
0.3383916535433071
11
0.2125624803149606
21
0.3368580708661417
0
LINE
8
BLACK
6
CONTINUOUS
10
0.2125624803149606
20
0.3368580708661417
11
0.2108265748031496
21
0.3333862598425197
0
LINE
8
BLACK
6
CONTINUOUS
10
0.2108265748031496
20
0.3333862598425197
11
0.2108265748031496
21
0.3303707874015748
0
LINE
8
BLACK
6
CONTINUOUS
10
0.2108265748031496
20
0.3303707874015748
11
0.2125624803149606
21
0.3268989763779527
0
LINE
8
BLACK
6
CONTINUOUS
10
0.2125624803149606
20
0.3268989763779527
11
0.2140960236220472
21
0.3253653937007874
0
LINE
8
BLACK
6
CONTINUOUS
10
0.2140960236220472
20
0.3253653937007874
11
0.2180125590551181
21
0.3234071653543307
0
LINE
8
BLACK
6
CONTINUOUS
10
0.2180125590551181
20
0.3234071653543307
11
0.2268717716535433
21
0.3211923228346457
0
LINE
8
BLACK
6
CONTINUOUS
10
0.2268717716535433
20
0.3211923228346457
11
0.2380884645669291
21
0.3211923228346457
0
LINE
8
BLACK
6
CONTINUOUS
10
0.2380884645669291
20
0.3211923228346457
11
0.2469475984251968
21
0.323407125984252
0
LINE
8
BLACK
6
CONTINUOUS
10
0.2469475984251968
20
0.323407125984252
11
0.250864094488189
21
0.3253653937007874
0
LINE
8
BLACK
6
CONTINUOUS
10
0.250864094488189
20
0.3253653937007874
11
0.2523977952755905
21
0.326899094488189
0
LINE
8
BLACK
6
CONTINUOUS
10
0.2523977952755905
20
0.326899094488189
11
0.2541336614173229
21
0.3303707874015748
0
LINE
8
BLACK
6
CONTINUOUS
10
0.2541336614173229
20
0.3303707874015748
11
0.2541336614173229
21
0.3333862598425197
0
LINE
8
BLACK
6
CONTINUOUS
10
0.2541336614173229
20
0.3333862598425197
11
0.2523977952755905
21
0.3368579527559055
0
LINE
8
BLACK
6
CONTINUOUS
10
0.2523977952755905
20
0.3368579527559055
11
0.250864094488189
21
0.3383916535433071
0
LINE
8
BLACK
6
CONTINUOUS
10
0.250864094488189
20
0.3383916535433071
11
0.2469475590551181
21
0.3403499212598425
0
LINE
8
BLACK
6
CONTINUOUS
10
0.2469475590551181
20
0.3403499212598425
11
0.2380885039370079
21
0.3425646456692913
0
LINE
8
BLACK
6
CONTINUOUS
10
0.2380885039370079
20
0.3425646456692913
11
0.2268717716535433
21
0.3425646456692913
0
LINE
8
BLACK
6
CONTINUOUS
10
0.2268717716535433
20
0.3425646456692913
11
0.2180125984251969
21
0.3403499212598425
0
LINE
8
BLACK
6
CONTINUOUS
10
0.2837974409448819
20
0.3422538976377953
11
0.2841263779527559
21
0.3422202755905512
0
LINE
8
BLACK
6
CONTINUOUS
10
0.2841263779527559
20
0.3422202755905512
11
0.2844417322834646
21
0.3421609448818898
0
LINE
8
BLACK
6
CONTINUOUS
10
0.2844417322834646
20
0.3421609448818898
11
0.2852224409448819
21
0.3420205118110236
0
LINE
8
BLACK
6
CONTINUOUS
10
0.2852224409448819
20
0.3420205118110236
11
0.2864346456692913
21
0.3418049212598425
0
LINE
8
BLACK
6
CONTINUOUS
10
0.2864346456692913
20
0.3418049212598425
11
0.2864346850393701
21
0.3418049212598425
0
LINE
8
BLACK
6
CONTINUOUS
10
0.2864346850393701
20
0.3418049212598425
11
0.2880389763779527
21
0.3415211417322835
0
LINE
8
BLACK
6
CONTINUOUS
10
0.2880389763779527
20
0.3415211417322835
11
0.2880390157480315
21
0.3415211417322835
0
LINE
8
BLACK
6
CONTINUOUS
10
0.2880390157480315
20
0.3415211417322835
11
0.2899915354330709
21
0.3411768897637795
0
LINE
8
BLACK
6
CONTINUOUS
10
0.2899915354330709
20
0.3411768897637795
11
0.2899914960629921
21
0.3411768897637795
0
LINE
8
BLACK
6
CONTINUOUS
10
0.2899914960629921
20
0.3411768897637795
11
0.2922493700787401
21
0.3407796850393701
0
LINE
8
BLACK
6
CONTINUOUS
10
0.2922493700787401
20
0.3407796850393701
11
0.294775
21
0.3403362598425197
0
LINE
8
BLACK
6
CONTINUOUS
10
0.294775
20
0.3403362598425197
11
0.2947749606299213
21
0.3403362598425197
0
LINE
8
BLACK
6
CONTINUOUS
10
0.2947749606299213
20
0.3403362598425197
11
0.2975256692913386
21
0.3398540157480315
0
LINE
8
BLACK
6
CONTINUOUS
10
0.2975256692913386
20
0.3398540157480315
11
0.3004627952755906
21
0.3393398031496063
0
LINE
8
BLACK
6
CONTINUOUS
10
0.3004627952755906
20
0.3393398031496063
11
0.3004627559055118
21
0.3393398031496063
0
LINE
8
BLACK
6
CONTINUOUS
10
0.3004627559055118
20
0.3393398031496063
11
0.3035446062992126
21
0.3388009842519685
0
LINE
8
BLACK
6
CONTINUOUS
10
0.3035446062992126
20
0.3388009842519685
11
0.3035445669291338
21
0.3388009842519685
0
LINE
8
BLACK
6
CONTINUOUS
10
0.3035445669291338
20
0.3388009842519685
11
0.3037888976377953
21
0.3387582677165354
0
LINE
8
BLACK
6
CONTINUOUS
10
0.3037888976377953
20
0.3387582677165354
11
0.303788937007874
21
0.3387582677165354
0
LINE
8
BLACK
6
CONTINUOUS
10
0.303788937007874
20
0.3387582677165354
11
0.3068887007874015
21
0.3382164566929134
0
LINE
8
BLACK
6
CONTINUOUS
10
0.3068887007874015
20
0.3382164566929134
11
0.3068890551181102
21
0.3382164173228346
0
LINE
8
BLACK
6
CONTINUOUS
10
0.3068890551181102
20
0.3382164173228346
11
0.3098526377952756
21
0.337697874015748
0
LINE
8
BLACK
6
CONTINUOUS
10
0.3098526377952756
20
0.337697874015748
11
0.3098529921259843
21
0.3376977952755905
0
LINE
8
BLACK
6
CONTINUOUS
10
0.3098529921259843
20
0.3376977952755905
11
0.3126393307086614
21
0.3372097244094488
0
LINE
8
BLACK
6
CONTINUOUS
10
0.3126393307086614
20
0.3372097244094488
11
0.3126396456692913
21
0.33720968503937
0
LINE
8
BLACK
6
CONTINUOUS
10
0.3126396456692913
20
0.33720968503937
11
0.3152075984251969
21
0.3367594094488189
0
LINE
8
BLACK
6
CONTINUOUS
10
0.3152075984251969
20
0.3367594094488189
11
0.3152080708661417
21
0.3367593307086614
0
LINE
8
BLACK
6
CONTINUOUS
10
0.3152080708661417
20
0.3367593307086614
11
0.3175165748031496
21
0.3363539763779527
0
LINE
8
BLACK
6
CONTINUOUS
10
0.3175165748031496
20
0.3363539763779527
11
0.3175171653543307
21
0.3363538582677165
0
LINE
8
BLACK
6
CONTINUOUS
10
0.3175171653543307
20
0.3363538582677165
11
0.3195250393700788
21
0.3360006692913386
0
LINE
8
BLACK
6
CONTINUOUS
10
0.3195250393700788
20
0.3360006692913386
11
0.3195257874015748
21
0.3360005511811023
0
LINE
8
BLACK
6
CONTINUOUS
10
0.3195257874015748
20
0.3360005511811023
11
0.321191968503937
21
0.335706811023622
0
LINE
8
BLACK
6
CONTINUOUS
10
0.321191968503937
20
0.335706811023622
11
0.3211933070866141
21
0.3357065748031496
0
LINE
8
BLACK
6
CONTINUOUS
10
0.3211933070866141
20
0.3357065748031496
11
0.3224766929133858
21
0.3354794094488189
0
LINE
8
BLACK
6
CONTINUOUS
10
0.3224766929133858
20
0.3354794094488189
11
0.3224791732283465
21
0.335478937007874
0
LINE
8
BLACK
6
CONTINUOUS
10
0.3224791732283465
20
0.335478937007874
11
0.3233386220472441
21
0.3353256692913386
0
LINE
8
BLACK
6
CONTINUOUS
10
0.3233386220472441
20
0.3353256692913386
11
0.3233474803149606
21
0.335324094488189
0
LINE
8
BLACK
6
CONTINUOUS
10
0.3233474803149606
20
0.335324094488189
11
0.3237419291338582
21
0.3352518897637795
0
LINE
8
BLACK
6
CONTINUOUS
10
0.3237419291338582
20
0.3352518897637795
11
0.3237717716535433
21
0.3352461811023622
0
LINE
8
BLACK
6
CONTINUOUS
10
0.3237717716535433
20
0.3352461811023622
11
0.3237800787401575
21
0.3352445275590551
0
LINE
8
BLACK
6
CONTINUOUS
10
0.3237800787401575
20
0.3352445275590551
11
0.3237886220472441
21
0.3352427952755905
0
LINE
8
BLACK
6
CONTINUOUS
10
0.3237886220472441
20
0.3352427952755905
11
0.3244986614173228
21
0.3350981889763779
0
LINE
8
BLACK
6
CONTINUOUS
10
0.3244986614173228
20
0.3350981889763779
11
0.3257475590551181
21
0.3342554724409449
0
LINE
8
BLACK
6
CONTINUOUS
10
0.3257475590551181
20
0.3342554724409449
11
0.3260743307086614
21
0.3331692913385827
0
LINE
8
BLACK
6
CONTINUOUS
10
0.3260743307086614
20
0.3331692913385827
11
0.3260743307086614
21
0.3256666141732283
0
LINE
8
BLACK
6
CONTINUOUS
10
0.3260743307086614
20
0.3256666141732283
11
0.3254977559055118
21
0.3242746850393701
0
LINE
8
BLACK
6
CONTINUOUS
10
0.3254977559055118
20
0.3242746850393701
11
0.3241058267716536
21
0.3236981102362205
0
LINE
8
BLACK
6
CONTINUOUS
10
0.3241058267716536
20
0.3236981102362205
11
0.3236445275590551
21
0.3237529133858268
0
LINE
8
BLACK
6
CONTINUOUS
10
0.3236445275590551
20
0.3237529133858268
11
0.3231074803149606
21
0.3238824015748031
0
LINE
8
BLACK
6
CONTINUOUS
10
0.3231074803149606
20
0.3238824015748031
11
0.322820905511811
21
0.3239376377952756
0
LINE
8
BLACK
6
CONTINUOUS
10
0.322820905511811
20
0.3239376377952756
11
0.322019094488189
21
0.3240836614173228
0
LINE
8
BLACK
6
CONTINUOUS
10
0.322019094488189
20
0.3240836614173228
11
0.322019094488189
21
0.3240837007874016
0
LINE
8
BLACK
6
CONTINUOUS
10
0.322019094488189
20
0.3240837007874016
11
0.3207863779527559
21
0.32430468503937
0
LINE
8
BLACK
6
CONTINUOUS
10
0.3207863779527559
20
0.32430468503937
11
0.3207863779527559
21
0.3243047244094488
0
LINE
8
BLACK
6
CONTINUOUS
10
0.3207863779527559
20
0.3243047244094488
11
0.3191653937007874
21
0.3245932283464567
0
LINE
8
BLACK
6
CONTINUOUS
10
0.3191653937007874
20
0.3245932283464567
11
0.3191653937007874
21
0.324593188976378
0
LINE
8
BLACK
6
CONTINUOUS
10
0.3191653937007874
20
0.324593188976378
11
0.317194094488189
21
0.3249424409448819
0
LINE
8
BLACK
6
CONTINUOUS
10
0.317194094488189
20
0.3249424409448819
11
0.317194094488189
21
0.3249424803149606
0
LINE
8
BLACK
6
CONTINUOUS
10
0.317194094488189
20
0.3249424803149606
11
0.3149191338582677
21
0.3253441732283465
0
LINE
8
BLACK
6
CONTINUOUS
10
0.3149191338582677
20
0.3253441732283465
11
0.3149191338582677
21
0.3253441338582677
0
LINE
8
BLACK
6
CONTINUOUS
10
0.3149191338582677
20
0.3253441338582677
11
0.3123770866141732
21
0.3257918897637795
0
LINE
8
BLACK
6
CONTINUOUS
10
0.3123770866141732
20
0.3257918897637795
11
0.3123770866141732
21
0.3257919291338582
0
LINE
8
BLACK
6
CONTINUOUS
10
0.3123770866141732
20
0.3257919291338582
11
0.3096118897637795
21
0.3262779133858268
0
LINE
8
BLACK
6
CONTINUOUS
10
0.3096118897637795
20
0.3262779133858268
11
0.3096118897637795
21
0.326277874015748
0
LINE
8
BLACK
6
CONTINUOUS
10
0.3096118897637795
20
0.326277874015748
11
0.306662125984252
21
0.3267953543307087
0
LINE
8
BLACK
6
CONTINUOUS
10
0.306662125984252
20
0.3267953543307087
11
0.306662125984252
21
0.3267953149606299
0
LINE
8
BLACK
6
CONTINUOUS
10
0.306662125984252
20
0.3267953149606299
11
0.3035684251968504
21
0.327336968503937
0
LINE
8
BLACK
6
CONTINUOUS
10
0.3035684251968504
20
0.327336968503937
11
0.3035684251968504
21
0.3273370078740158
0
LINE
8
BLACK
6
CONTINUOUS
10
0.3035684251968504
20
0.3273370078740158
11
0.3032398818897638
21
0.3273944488188976
0
LINE
8
BLACK
6
CONTINUOUS
10
0.3032398818897638
20
0.3273944488188976
11
0.3032395275590551
21
0.3273945275590551
0
LINE
8
BLACK
6
CONTINUOUS
10
0.3032395275590551
20
0.3273945275590551
11
0.300137125984252
21
0.3279378346456693
0
LINE
8
BLACK
6
CONTINUOUS
10
0.300137125984252
20
0.3279378346456693
11
0.3001362992125984
21
0.3279379527559055
0
LINE
8
BLACK
6
CONTINUOUS
10
0.3001362992125984
20
0.3279379527559055
11
0.2971758661417323
21
0.328457716535433
0
LINE
8
BLACK
6
CONTINUOUS
10
0.2971758661417323
20
0.328457716535433
11
0.2971749212598425
21
0.328457874015748
0
LINE
8
BLACK
6
CONTINUOUS
10
0.2971749212598425
20
0.328457874015748
11
0.2943966929133858
21
0.3289470078740158
0
LINE
8
BLACK
6
CONTINUOUS
10
0.2943966929133858
20
0.3289470078740158
11
0.2943957086614173
21
0.3289472047244094
0
LINE
8
BLACK
6
CONTINUOUS
10
0.2943957086614173
20
0.3289472047244094
11
0.2918399606299212
21
0.3293985433070866
0
LINE
8
BLACK
6
CONTINUOUS
10
0.2918399606299212
20
0.3293985433070866
11
0.291838779527559
21
0.3293987401574803
0
LINE
8
BLACK
6
CONTINUOUS
10
0.291838779527559
20
0.3293987401574803
11
0.2895457480314961
21
0.3298051181102362
0
LINE
8
BLACK
6
CONTINUOUS
10
0.2895457480314961
20
0.3298051181102362
11
0.2895442519685039
21
0.3298053937007874
0
LINE
8
BLACK
6
CONTINUOUS
10
0.2895442519685039
20
0.3298053937007874
11
0.2875542125984252
21
0.3301596456692913
0
LINE
8
BLACK
6
CONTINUOUS
10
0.2875542125984252
20
0.3301596456692913
11
0.2875521259842519
21
0.33016
0
LINE
8
BLACK
6
CONTINUOUS
10
0.2875521259842519
20
0.33016
11
0.2859053149606299
21
0.330455
0
LINE
8
BLACK
6
CONTINUOUS
10
0.2859053149606299
20
0.330455
11
0.2859018503937008
21
0.3304556299212598
0
LINE
8
BLACK
6
CONTINUOUS
10
0.2859018503937008
20
0.3304556299212598
11
0.2846385039370078
21
0.3306842519685039
0
LINE
8
BLACK
6
CONTINUOUS
10
0.2846385039370078
20
0.3306842519685039
11
0.2846316141732284
21
0.3306855118110236
0
LINE
8
BLACK
6
CONTINUOUS
10
0.2846316141732284
20
0.3306855118110236
11
0.283791968503937
21
0.3308405511811023
0
LINE
8
BLACK
6
CONTINUOUS
10
0.283791968503937
20
0.3308405511811023
11
0.2837672834645669
21
0.3308452755905512
0
LINE
8
BLACK
6
CONTINUOUS
10
0.2837672834645669
20
0.3308452755905512
11
0.2833916535433071
21
0.3309196062992126
0
LINE
8
BLACK
6
CONTINUOUS
10
0.2833916535433071
20
0.3309196062992126
11
0.2832792913385827
21
0.3309452755905511
0
LINE
8
BLACK
6
CONTINUOUS
10
0.2832792913385827
20
0.3309452755905511
11
0.2832679133858267
21
0.3309482283464567
0
LINE
8
BLACK
6
CONTINUOUS
10
0.2832679133858267
20
0.3309482283464567
11
0.2827916141732283
21
0.3311411417322835
0
LINE
8
BLACK
6
CONTINUOUS
10
0.2827916141732283
20
0.3311411417322835
11
0.2826129921259842
21
0.3312424015748032
0
LINE
8
BLACK
6
CONTINUOUS
10
0.2826129921259842
20
0.3312424015748032
11
0.2818466929133858
21
0.3320288582677166
0
LINE
8
BLACK
6
CONTINUOUS
10
0.2818466929133858
20
0.3320288582677166
11
0.2817220078740157
21
0.3322627559055118
0
LINE
8
BLACK
6
CONTINUOUS
10
0.2817220078740157
20
0.3322627559055118
11
0.2815216141732284
21
0.3328406692913386
0
LINE
8
BLACK
6
CONTINUOUS
10
0.2815216141732284
20
0.3328406692913386
11
0.2814413779527559
21
0.3332872440944882
0
LINE
8
BLACK
6
CONTINUOUS
10
0.2814413779527559
20
0.3332872440944882
11
0.2814140157480315
21
0.3335152362204724
0
LINE
8
BLACK
6
CONTINUOUS
10
0.2814140157480315
20
0.3335152362204724
11
0.2813688188976378
21
0.3342545275590551
0
LINE
8
BLACK
6
CONTINUOUS
10
0.2813688188976378
20
0.3342545275590551
11
0.2813654724409449
21
0.33434
0
LINE
8
BLACK
6
CONTINUOUS
10
0.2813654724409449
20
0.33434
11
0.281345905511811
21
0.3354520078740157
0
LINE
8
BLACK
6
CONTINUOUS
10
0.281345905511811
20
0.3354520078740157
11
0.2813455905511811
21
0.3354808661417323
0
LINE
8
BLACK
6
CONTINUOUS
10
0.2813455905511811
20
0.3354808661417323
11
0.2813420472440945
21
0.3366834645669291
0
LINE
8
BLACK
6
CONTINUOUS
10
0.2813420472440945
20
0.3366834645669291
11
0.2813420472440945
21
0.3366956692913386
0
LINE
8
BLACK
6
CONTINUOUS
10
0.2813420472440945
20
0.3366956692913386
11
0.2813467716535433
21
0.3381479921259842
0
LINE
8
BLACK
6
CONTINUOUS
10
0.2813467716535433
20
0.3381479921259842
11
0.2813471653543307
21
0.3381812598425197
0
LINE
8
BLACK
6
CONTINUOUS
10
0.2813471653543307
20
0.3381812598425197
11
0.2813675590551181
21
0.3391922834645669
0
LINE
8
BLACK
6
CONTINUOUS
10
0.2813675590551181
20
0.3391922834645669
11
0.2813720472440945
21
0.3392914173228346
0
LINE
8
BLACK
6
CONTINUOUS
10
0.2813720472440945
20
0.3392914173228346
11
0.2814176377952756
21
0.3399362598425197
0
LINE
8
BLACK
6
CONTINUOUS
10
0.2814176377952756
20
0.3399362598425197
11
0.2814613779527559
21
0.3402322834645669
0
LINE
8
BLACK
6
CONTINUOUS
10
0.2814613779527559
20
0.3402322834645669
11
0.2815414960629921
21
0.3405860236220473
0
LINE
8
BLACK
6
CONTINUOUS
10
0.2815414960629921
20
0.3405860236220473
11
0.2819993700787402
21
0.3414693700787402
0
LINE
8
BLACK
6
CONTINUOUS
10
0.2819993700787402
20
0.3414693700787402
11
0.2821235039370079
21
0.3416070472440945
0
LINE
8
BLACK
6
CONTINUOUS
10
0.2821235039370079
20
0.3416070472440945
11
0.2834838188976378
21
0.3422547244094488
0
LINE
8
BLACK
6
CONTINUOUS
10
0.2834838188976378
20
0.3422547244094488
11
0.2836205511811024
21
0.3422570472440945
0
LINE
8
BLACK
6
CONTINUOUS
10
0.2836205511811024
20
0.3422570472440945
11
0.2837974409448819
21
0.3422538976377953
0
LINE
8
BLACK
6
CONTINUOUS
10
0.3761044881889763
20
0.3963115354330708
11
0.376681062992126
21
0.3949196062992126
0
LINE
8
BLACK
6
CONTINUOUS
10
0.376681062992126
20
0.3949196062992126
11
0.376681062992126
21
0.3860512204724409
0
LINE
8
BLACK
6
CONTINUOUS
10
0.376681062992126
20
0.3860512204724409
11
0.3766787795275591
21
0.3836288976377953
0
LINE
8
BLACK
6
CONTINUOUS
10
0.3766787795275591
20
0.3836288976377953
11
0.3766787401574803
21
0.3836218503937008
0
LINE
8
BLACK
6
CONTINUOUS
10
0.3766787401574803
20
0.3836218503937008
11
0.376669842519685
21
0.3816519291338583
0
LINE
8
BLACK
6
CONTINUOUS
10
0.376669842519685
20
0.3816519291338583
11
0.3766697637795275
21
0.3816377559055118
0
LINE
8
BLACK
6
CONTINUOUS
10
0.3766697637795275
20
0.3816377559055118
11
0.3766512204724409
21
0.3800562598425197
0
LINE
8
BLACK
6
CONTINUOUS
10
0.3766512204724409
20
0.3800562598425197
11
0.3766507480314961
21
0.3800303937007874
0
LINE
8
BLACK
6
CONTINUOUS
10
0.3766507480314961
20
0.3800303937007874
11
0.3766194881889764
21
0.3787734645669291
0
LINE
8
BLACK
6
CONTINUOUS
10
0.3766194881889764
20
0.3787734645669291
11
0.376617874015748
21
0.3787296456692913
0
LINE
8
BLACK
6
CONTINUOUS
10
0.376617874015748
20
0.3787296456692913
11
0.3765708661417323
21
0.3777332283464567
0
LINE
8
BLACK
6
CONTINUOUS
10
0.3765708661417323
20
0.3777332283464567
11
0.3765664173228346
21
0.3776644094488189
0
LINE
8
BLACK
6
CONTINUOUS
10
0.3765664173228346
20
0.3776644094488189
11
0.3765005511811024
21
0.3768645669291338
0
LINE
8
BLACK
6
CONTINUOUS
10
0.3765005511811024
20
0.3768645669291338
11
0.3764904330708662
21
0.3767696456692913
0
LINE
8
BLACK
6
CONTINUOUS
10
0.3764904330708662
20
0.3767696456692913
11
0.3764027559055118
21
0.3761024803149606
0
LINE
8
BLACK
6
CONTINUOUS
10
0.3764027559055118
20
0.3761024803149606
11
0.3763855511811023
21
0.3759949212598425
0
LINE
8
BLACK
6
CONTINUOUS
10
0.3763855511811023
20
0.3759949212598425
11
0.3762729133858267
21
0.3753963779527559
0
LINE
8
BLACK
6
CONTINUOUS
10
0.3762729133858267
20
0.3753963779527559
11
0.376253937007874
21
0.3753069291338583
0
LINE
8
BLACK
6
CONTINUOUS
10
0.376253937007874
20
0.3753069291338583
11
0.3761133464566929
21
0.3747131102362204
0
LINE
8
BLACK
6
CONTINUOUS
10
0.3761133464566929
20
0.3747131102362204
11
0.3761053543307086
21
0.3746805118110236
0
LINE
8
BLACK
6
CONTINUOUS
10
0.3761053543307086
20
0.3746805118110236
11
0.3760996456692913
21
0.3746581102362205
0
LINE
8
BLACK
6
CONTINUOUS
10
0.3760996456692913
20
0.3746581102362205
11
0.3760582677165354
21
0.3745177952755905
0
LINE
8
BLACK
6
CONTINUOUS
10
0.3760582677165354
20
0.3745177952755905
11
0.3752085433070866
21
0.3719862992125984
0
LINE
8
BLACK
6
CONTINUOUS
10
0.3752085433070866
20
0.3719862992125984
11
0.3750699606299213
21
0.3716691338582677
0
LINE
8
BLACK
6
CONTINUOUS
10
0.3750699606299213
20
0.3716691338582677
11
0.3739142519685039
21
0.3695531496062992
0
LINE
8
BLACK
6
CONTINUOUS
10
0.3739142519685039
20
0.3695531496062992
11
0.3736787401574803
21
0.3692127559055118
0
LINE
8
BLACK
6
CONTINUOUS
10
0.3736787401574803
20
0.3692127559055118
11
0.3722120866141732
21
0.3675083858267716
0
LINE
8
BLACK
6
CONTINUOUS
10
0.3722120866141732
20
0.3675083858267716
11
0.3718779133858268
21
0.3672004330708661
0
LINE
8
BLACK
6
CONTINUOUS
10
0.3718779133858268
20
0.3672004330708661
11
0.3700953543307087
21
0.3659038582677165
0
LINE
8
BLACK
6
CONTINUOUS
10
0.3700953543307087
20
0.3659038582677165
11
0.3697063779527559
21
0.3656837007874016
0
LINE
8
BLACK
6
CONTINUOUS
10
0.3697063779527559
20
0.3656837007874016
11
0.367602874015748
21
0.3647911023622047
0
LINE
8
BLACK
6
CONTINUOUS
10
0.367602874015748
20
0.3647911023622047
11
0.3672251181102362
21
0.364673937007874
0
LINE
8
BLACK
6
CONTINUOUS
10
0.3672251181102362
20
0.364673937007874
11
0.3647957874015748
21
0.3641813779527559
0
LINE
8
BLACK
6
CONTINUOUS
10
0.3647957874015748
20
0.3641813779527559
11
0.3645107086614173
21
0.364145
0
LINE
8
BLACK
6
CONTINUOUS
10
0.3645107086614173
20
0.364145
11
0.3624885433070866
21
0.3640358267716535
0
LINE
8
BLACK
6
CONTINUOUS
10
0.3624885433070866
20
0.3640358267716535
11
0.3622409842519685
21
0.364038031496063
0
LINE
8
BLACK
6
CONTINUOUS
10
0.3622409842519685
20
0.364038031496063
11
0.3596415354330709
21
0.3642253149606299
0
LINE
8
BLACK
6
CONTINUOUS
10
0.3596415354330709
20
0.3642253149606299
11
0.3593016535433071
21
0.36428
0
LINE
8
BLACK
6
CONTINUOUS
10
0.3593016535433071
20
0.36428
11
0.3570281102362204
21
0.3648533070866142
0
LINE
8
BLACK
6
CONTINUOUS
10
0.3570281102362204
20
0.3648533070866142
11
0.3566398425196851
21
0.3649960236220472
0
LINE
8
BLACK
6
CONTINUOUS
10
0.3566398425196851
20
0.3649960236220472
11
0.3546568503937008
21
0.3659724803149606
0
LINE
8
BLACK
6
CONTINUOUS
10
0.3546568503937008
20
0.3659724803149606
11
0.354288937007874
21
0.3662076377952756
0
LINE
8
BLACK
6
CONTINUOUS
10
0.354288937007874
20
0.3662076377952756
11
0.3525610236220472
21
0.3676044094488189
0
LINE
8
BLACK
6
CONTINUOUS
10
0.3525610236220472
20
0.3676044094488189
11
0.3522852755905512
21
0.3678762992125984
0
LINE
8
BLACK
6
CONTINUOUS
10
0.3522852755905512
20
0.3678762992125984
11
0.3508651968503937
21
0.3695831889763779
0
LINE
8
BLACK
6
CONTINUOUS
10
0.3508651968503937
20
0.3695831889763779
11
0.3507835433070866
21
0.3696883858267717
0
LINE
8
BLACK
6
CONTINUOUS
10
0.3507835433070866
20
0.3696883858267717
11
0.3503796850393701
21
0.3702466535433071
0
LINE
8
BLACK
6
CONTINUOUS
10
0.3503796850393701
20
0.3702466535433071
11
0.349913188976378
21
0.3700061023622047
0
LINE
8
BLACK
6
CONTINUOUS
10
0.349913188976378
20
0.3700061023622047
11
0.3486616929133858
21
0.3693524015748031
0
LINE
8
BLACK
6
CONTINUOUS
10
0.3486616929133858
20
0.3693524015748031
11
0.347209094488189
21
0.368587716535433
0
LINE
8
BLACK
6
CONTINUOUS
10
0.347209094488189
20
0.368587716535433
11
0.3472091338582677
21
0.3685876771653543
0
LINE
8
BLACK
6
CONTINUOUS
10
0.3472091338582677
20
0.3685876771653543
11
0.3455993307086614
21
0.3677352755905512
0
LINE
8
BLACK
6
CONTINUOUS
10
0.3455993307086614
20
0.3677352755905512
11
0.3439103937007874
21
0.3668366141732283
0
LINE
8
BLACK
6
CONTINUOUS
10
0.3439103937007874
20
0.3668366141732283
11
0.3439104330708662
21
0.3668365748031496
0
LINE
8
BLACK
6
CONTINUOUS
10
0.3439104330708662
20
0.3668365748031496
11
0.3421900787401575
21
0.3659168897637795
0
LINE
8
BLACK
6
CONTINUOUS
10
0.3421900787401575
20
0.3659168897637795
11
0.3421900393700787
21
0.3659169291338583
0
LINE
8
BLACK
6
CONTINUOUS
10
0.3421900393700787
20
0.3659169291338583
11
0.3405142519685039
21
0.3650166535433071
0
LINE
8
BLACK
6
CONTINUOUS
10
0.3405142519685039
20
0.3650166535433071
11
0.3405142913385827
21
0.3650166141732283
0
LINE
8
BLACK
6
CONTINUOUS
10
0.3405142913385827
20
0.3650166141732283
11
0.338928937007874
21
0.3641599606299212
0
LINE
8
BLACK
6
CONTINUOUS
10
0.338928937007874
20
0.3641599606299212
11
0.3389288976377953
21
0.36416
0
LINE
8
BLACK
6
CONTINUOUS
10
0.3389288976377953
20
0.36416
11
0.3375107874015748
21
0.363387874015748
0
LINE
8
BLACK
6
CONTINUOUS
10
0.3375107874015748
20
0.363387874015748
11
0.3364843307086614
21
0.3628233070866141
0
LINE
8
BLACK
6
CONTINUOUS
10
0.3364843307086614
20
0.3628233070866141
11
0.335955157480315
21
0.3625304330708661
0
LINE
8
BLACK
6
CONTINUOUS
10
0.335955157480315
20
0.3625304330708661
11
0.3359907874015748
21
0.3625241338582677
0
LINE
8
BLACK
6
CONTINUOUS
10
0.3359907874015748
20
0.3625241338582677
11
0.3359908267716535
21
0.3625241338582677
0
LINE
8
BLACK
6
CONTINUOUS
10
0.3359908267716535
20
0.3625241338582677
11
0.337229251968504
21
0.3623061811023622
0
LINE
8
BLACK
6
CONTINUOUS
10
0.337229251968504
20
0.3623061811023622
11
0.3372292125984252
21
0.3623061811023622
0
LINE
8
BLACK
6
CONTINUOUS
10
0.3372292125984252
20
0.3623061811023622
11
0.3388552755905512
21
0.3620204724409449
0
LINE
8
BLACK
6
CONTINUOUS
10
0.3388552755905512
20
0.3620204724409449
11
0.3388553149606299
21
0.3620204724409449
0
LINE
8
BLACK
6
CONTINUOUS
10
0.3388553149606299
20
0.3620204724409449
11
0.3408303937007874
21
0.3616736614173228
0
LINE
8
BLACK
6
CONTINUOUS
10
0.3408303937007874
20
0.3616736614173228
11
0.3408303543307086
21
0.3616736614173228
0
LINE
8
BLACK
6
CONTINUOUS
10
0.3408303543307086
20
0.3616736614173228
11
0.3431132677165354
21
0.3612729921259842
0
LINE
8
BLACK
6
CONTINUOUS
10
0.3431132677165354
20
0.3612729921259842
11
0.3431133070866141
21
0.3612729921259842
0
LINE
8
BLACK
6
CONTINUOUS
10
0.3431133070866141
20
0.3612729921259842
11
0.3456644488188976
21
0.3608254724409449
0
LINE
8
BLACK
6
CONTINUOUS
10
0.3456644488188976
20
0.3608254724409449
11
0.3456644881889764
21
0.3608254724409449
0
LINE
8
BLACK
6
CONTINUOUS
10
0.3456644881889764
20
0.3608254724409449
11
0.3484437795275591
21
0.3603381102362205
0
LINE
8
BLACK
6
CONTINUOUS
10
0.3484437795275591
20
0.3603381102362205
11
0.3484437401574803
21
0.3603381102362205
0
LINE
8
BLACK
6
CONTINUOUS
10
0.3484437401574803
20
0.3603381102362205
11
0.3514106692913386
21
0.3598179921259843
0
LINE
8
BLACK
6
CONTINUOUS
10
0.3514106692913386
20
0.3598179921259843
11
0.3514107086614173
21
0.3598179921259843
0
LINE
8
BLACK
6
CONTINUOUS
10
0.3514107086614173
20
0.3598179921259843
11
0.3545256692913386
21
0.359272125984252
0
LINE
8
BLACK
6
CONTINUOUS
10
0.3545256692913386
20
0.359272125984252
11
0.3545256299212599
21
0.359272125984252
0
LINE
8
BLACK
6
CONTINUOUS
10
0.3545256299212599
20
0.359272125984252
11
0.355234842519685
21
0.359147874015748
0
LINE
8
BLACK
6
CONTINUOUS
10
0.355234842519685
20
0.359147874015748
11
0.3552348818897638
21
0.359147874015748
0
LINE
8
BLACK
6
CONTINUOUS
10
0.3552348818897638
20
0.359147874015748
11
0.3750508661417323
21
0.3556760236220473
0
LINE
8
BLACK
6
CONTINUOUS
10
0.3750508661417323
20
0.3556760236220473
11
0.3763224015748031
21
0.354867874015748
0
LINE
8
BLACK
6
CONTINUOUS
10
0.3763224015748031
20
0.354867874015748
11
0.3766796456692914
21
0.3537371653543307
0
LINE
8
BLACK
6
CONTINUOUS
10
0.3766796456692914
20
0.3537371653543307
11
0.3766803543307087
21
0.3416664173228346
0
LINE
8
BLACK
6
CONTINUOUS
10
0.3766803543307087
20
0.3416664173228346
11
0.3766803543307087
21
0.3416631889763779
0
LINE
8
BLACK
6
CONTINUOUS
10
0.3766803543307087
20
0.3416631889763779
11
0.3766764960629921
21
0.3392217716535433
0
LINE
8
BLACK
6
CONTINUOUS
10
0.3766764960629921
20
0.3392217716535433
11
0.3766764566929134
21
0.3392150787401575
0
LINE
8
BLACK
6
CONTINUOUS
10
0.3766764566929134
20
0.3392150787401575
11
0.3766651181102362
21
0.3369387795275591
0
LINE
8
BLACK
6
CONTINUOUS
10
0.3766651181102362
20
0.3369387795275591
11
0.3766650787401575
21
0.3369313385826772
0
LINE
8
BLACK
6
CONTINUOUS
10
0.3766650787401575
20
0.3369313385826772
11
0.3766470472440945
21
0.3348707480314961
0
LINE
8
BLACK
6
CONTINUOUS
10
0.3766470472440945
20
0.3348707480314961
11
0.376646968503937
21
0.3348617716535433
0
LINE
8
BLACK
6
CONTINUOUS
10
0.376646968503937
20
0.3348617716535433
11
0.3766230708661417
21
0.3330675196850393
0
LINE
8
BLACK
6
CONTINUOUS
10
0.3766230708661417
20
0.3330675196850393
11
0.3766228346456693
21
0.3330551968503937
0
LINE
8
BLACK
6
CONTINUOUS
10
0.3766228346456693
20
0.3330551968503937
11
0.3765938976377953
21
0.3315777952755906
0
LINE
8
BLACK
6
CONTINUOUS
10
0.3765938976377953
20
0.3315777952755906
11
0.3765934251968504
21
0.3315575196850394
0
LINE
8
BLACK
6
CONTINUOUS
10
0.3765934251968504
20
0.3315575196850394
11
0.3765602362204724
21
0.3304475984251968
0
LINE
8
BLACK
6
CONTINUOUS
10
0.3765602362204724
20
0.3304475984251968
11
0.3765583464566929
21
0.3304022834645669
0
LINE
8
BLACK
6
CONTINUOUS
10
0.3765583464566929
20
0.3304022834645669
11
0.3765216929133858
21
0.3297104330708661
0
LINE
8
BLACK
6
CONTINUOUS
10
0.3765216929133858
20
0.3297104330708661
11
0.3764981102362205
21
0.3294936614173228
0
LINE
8
BLACK
6
CONTINUOUS
10
0.3764981102362205
20
0.3294936614173228
11
0.3764611023622047
21
0.3292696850393701
0
LINE
8
BLACK
6
CONTINUOUS
10
0.3764611023622047
20
0.3292696850393701
11
0.3756653543307086
21
0.3279903543307087
0
LINE
8
BLACK
6
CONTINUOUS
10
0.3756653543307086
20
0.3279903543307087
11
0.3742744881889764
21
0.3276373228346456
0
LINE
8
BLACK
6
CONTINUOUS
10
0.3742744881889764
20
0.3276373228346456
11
0.3739611811023622
21
0.3276765354330708
0
LINE
8
BLACK
6
CONTINUOUS
10
0.3739611811023622
20
0.3276765354330708
11
0.3739068897637795
21
0.327684094488189
0
LINE
8
BLACK
6
CONTINUOUS
10
0.3739068897637795
20
0.327684094488189
11
0.3731848031496063
21
0.3277949606299213
0
LINE
8
BLACK
6
CONTINUOUS
10
0.3731848031496063
20
0.3277949606299213
11
0.3731695275590551
21
0.3277973622047244
0
LINE
8
BLACK
6
CONTINUOUS
10
0.3731695275590551
20
0.3277973622047244
11
0.3721387401574803
21
0.327963937007874
0
LINE
8
BLACK
6
CONTINUOUS
10
0.3721387401574803
20
0.327963937007874
11
0.3721294094488189
21
0.3279654724409449
0
LINE
8
BLACK
6
CONTINUOUS
10
0.3721294094488189
20
0.3279654724409449
11
0.3708900393700788
21
0.3281718503937008
0
LINE
8
BLACK
6
CONTINUOUS
10
0.3708900393700788
20
0.3281718503937008
11
0.3708852755905512
21
0.3281726377952756
0
LINE
8
BLACK
6
CONTINUOUS
10
0.3708852755905512
20
0.3281726377952756
11
0.3705794881889763
21
0.3282243307086614
0
LINE
8
BLACK
6
CONTINUOUS
10
0.3705794881889763
20
0.3282243307086614
11
0.3705784251968504
21
0.3282245275590551
0
LINE
8
BLACK
6
CONTINUOUS
10
0.3705784251968504
20
0.3282245275590551
11
0.3671607874015748
21
0.3288042125984252
0
LINE
8
BLACK
6
CONTINUOUS
10
0.3671607874015748
20
0.3288042125984252
11
0.365884842519685
21
0.3296054330708661
0
LINE
8
BLACK
6
CONTINUOUS
10
0.365884842519685
20
0.3296054330708661
11
0.3655215354330709
21
0.3307290157480315
0
LINE
8
BLACK
6
CONTINUOUS
10
0.3655215354330709
20
0.3307290157480315
11
0.3654535039370079
21
0.3391129921259842
0
LINE
8
BLACK
6
CONTINUOUS
10
0.3654535039370079
20
0.3391129921259842
11
0.3654535039370079
21
0.339113031496063
0
LINE
8
BLACK
6
CONTINUOUS
10
0.3654535039370079
20
0.339113031496063
11
0.3653987007874016
21
0.3458705905511811
0
LINE
8
BLACK
6
CONTINUOUS
10
0.3653987007874016
20
0.3458705905511811
11
0.3631302362204724
21
0.3462871653543307
0
LINE
8
BLACK
6
CONTINUOUS
10
0.3631302362204724
20
0.3462871653543307
11
0.3617506692913386
21
0.346536062992126
0
LINE
8
BLACK
6
CONTINUOUS
10
0.3617506692913386
20
0.346536062992126
11
0.3606974803149606
21
0.3467188976377953
0
LINE
8
BLACK
6
CONTINUOUS
10
0.3606974803149606
20
0.3467188976377953
11
0.3606844881889764
21
0.3460131496062992
0
LINE
8
BLACK
6
CONTINUOUS
10
0.3606844881889764
20
0.3460131496062992
11
0.3606750787401575
21
0.3444967716535433
0
LINE
8
BLACK
6
CONTINUOUS
10
0.3606750787401575
20
0.3444967716535433
11
0.3606728346456693
21
0.3425085826771653
0
LINE
8
BLACK
6
CONTINUOUS
10
0.3606728346456693
20
0.3425085826771653
11
0.3606728346456693
21
0.3424860236220472
0
LINE
8
BLACK
6
CONTINUOUS
10
0.3606728346456693
20
0.3424860236220472
11
0.3606707480314961
21
0.3404916141732283
0
LINE
8
BLACK
6
CONTINUOUS
10
0.3606707480314961
20
0.3404916141732283
11
0.3606707086614173
21
0.3404822047244094
0
LINE
8
BLACK
6
CONTINUOUS
10
0.3606707086614173
20
0.3404822047244094
11
0.3606617716535433
21
0.3389464566929134
0
LINE
8
BLACK
6
CONTINUOUS
10
0.3606617716535433
20
0.3389464566929134
11
0.3606614960629921
21
0.3389233464566929
0
LINE
8
BLACK
6
CONTINUOUS
10
0.3606614960629921
20
0.3389233464566929
11
0.3606415748031496
21
0.3377886220472441
0
LINE
8
BLACK
6
CONTINUOUS
10
0.3606415748031496
20
0.3377886220472441
11
0.3606399606299213
21
0.337736220472441
0
LINE
8
BLACK
6
CONTINUOUS
10
0.3606399606299213
20
0.337736220472441
11
0.3606049606299213
21
0.3369447244094488
0
LINE
8
BLACK
6
CONTINUOUS
10
0.3606049606299213
20
0.3369447244094488
11
0.3605956692913386
21
0.336821968503937
0
LINE
8
BLACK
6
CONTINUOUS
10
0.3605956692913386
20
0.336821968503937
11
0.3605414566929134
21
0.336316062992126
0
LINE
8
BLACK
6
CONTINUOUS
10
0.3605414566929134
20
0.336316062992126
11
0.3604802755905512
21
0.3359968503937008
0
LINE
8
BLACK
6
CONTINUOUS
10
0.3604802755905512
20
0.3359968503937008
11
0.360402716535433
21
0.3357188188976378
0
LINE
8
BLACK
6
CONTINUOUS
10
0.360402716535433
20
0.3357188188976378
11
0.3599174803149606
21
0.334875
0
LINE
8
BLACK
6
CONTINUOUS
10
0.3599174803149606
20
0.334875
11
0.3598125196850394
21
0.334767125984252
0
LINE
8
BLACK
6
CONTINUOUS
10
0.3598125196850394
20
0.334767125984252
11
0.3584285826771653
21
0.3341715748031496
0
LINE
8
BLACK
6
CONTINUOUS
10
0.3584285826771653
20
0.3341715748031496
11
0.3583358267716535
21
0.3341724803149606
0
LINE
8
BLACK
6
CONTINUOUS
10
0.3583358267716535
20
0.3341724803149606
11
0.3581993307086614
21
0.3341770472440945
0
LINE
8
BLACK
6
CONTINUOUS
10
0.3581993307086614
20
0.3341770472440945
11
0.3578290157480315
21
0.3342347244094488
0
LINE
8
BLACK
6
CONTINUOUS
10
0.3578290157480315
20
0.3342347244094488
11
0.357827125984252
21
0.3342260236220472
0
LINE
8
BLACK
6
CONTINUOUS
10
0.357827125984252
20
0.3342260236220472
11
0.3574622440944882
21
0.3343067716535433
0
LINE
8
BLACK
6
CONTINUOUS
10
0.3574622440944882
20
0.3343067716535433
11
0.3567355511811023
21
0.3344486220472441
0
LINE
8
BLACK
6
CONTINUOUS
10
0.3567355511811023
20
0.3344486220472441
11
0.3557404330708661
21
0.3346346062992126
0
LINE
8
BLACK
6
CONTINUOUS
10
0.3557404330708661
20
0.3346346062992126
11
0.3546205905511811
21
0.3348386220472441
0
LINE
8
BLACK
6
CONTINUOUS
10
0.3546205905511811
20
0.3348386220472441
11
0.3534894094488189
21
0.3350401181102362
0
LINE
8
BLACK
6
CONTINUOUS
10
0.3534894094488189
20
0.3350401181102362
11
0.3524907086614173
21
0.3352134645669291
0
LINE
8
BLACK
6
CONTINUOUS
10
0.3524907086614173
20
0.3352134645669291
11
0.3517483070866141
21
0.3353364960629921
0
LINE
8
BLACK
6
CONTINUOUS
10
0.3517483070866141
20
0.3353364960629921
11
0.3513626377952756
21
0.3353912992125984
0
LINE
8
BLACK
6
CONTINUOUS
10
0.3513626377952756
20
0.3353912992125984
11
0.35137
21
0.3354432677165354
0
LINE
8
BLACK
6
CONTINUOUS
10
0.35137
20
0.3354432677165354
11
0.3501518897637795
21
0.3360256692913386
0
LINE
8
BLACK
6
CONTINUOUS
10
0.3501518897637795
20
0.3360256692913386
11
0.3496709448818898
21
0.3370385826771654
0
LINE
8
BLACK
6
CONTINUOUS
10
0.3496709448818898
20
0.3370385826771654
11
0.3496325196850394
21
0.3372853149606299
0
LINE
8
BLACK
6
CONTINUOUS
10
0.3496325196850394
20
0.3372853149606299
11
0.3496114960629921
21
0.3374905905511811
0
LINE
8
BLACK
6
CONTINUOUS
10
0.3496114960629921
20
0.3374905905511811
11
0.3495770078740157
21
0.3381849212598425
0
LINE
8
BLACK
6
CONTINUOUS
10
0.3495770078740157
20
0.3381849212598425
11
0.3495752755905512
21
0.3382292913385826
0
LINE
8
BLACK
6
CONTINUOUS
10
0.3495752755905512
20
0.3382292913385826
11
0.3495462204724409
21
0.3393024409448819
0
LINE
8
BLACK
6
CONTINUOUS
10
0.3495462204724409
20
0.3393024409448819
11
0.3495457480314961
21
0.3393242913385827
0
LINE
8
BLACK
6
CONTINUOUS
10
0.3495457480314961
20
0.3393242913385827
11
0.3495236614173228
21
0.3407074409448819
0
LINE
8
BLACK
6
CONTINUOUS
10
0.3495236614173228
20
0.3407074409448819
11
0.3495235039370079
21
0.3407222440944882
0
LINE
8
BLACK
6
CONTINUOUS
10
0.3495235039370079
20
0.3407222440944882
11
0.3495098031496063
21
0.3423466141732283
0
LINE
8
BLACK
6
CONTINUOUS
10
0.3495098031496063
20
0.3423466141732283
11
0.3495097244094488
21
0.3423581496062992
0
LINE
8
BLACK
6
CONTINUOUS
10
0.3495097244094488
20
0.3423581496062992
11
0.3495058661417323
21
0.343855905511811
0
LINE
8
BLACK
6
CONTINUOUS
10
0.3495058661417323
20
0.343855905511811
11
0.3495058661417323
21
0.3438608661417323
0
LINE
8
BLACK
6
CONTINUOUS
10
0.3495058661417323
20
0.3438608661417323
11
0.3495055511811024
21
0.3487231102362205
0
LINE
8
BLACK
6
CONTINUOUS
10
0.3495055511811024
20
0.3487231102362205
11
0.345394094488189
21
0.349433937007874
0
LINE
8
BLACK
6
CONTINUOUS
10
0.345394094488189
20
0.349433937007874
11
0.3453937401574803
21
0.3494339763779528
0
LINE
8
BLACK
6
CONTINUOUS
10
0.3453937401574803
20
0.3494339763779528
11
0.3435001574803149
21
0.3497616929133858
0
LINE
8
BLACK
6
CONTINUOUS
10
0.3435001574803149
20
0.3497616929133858
11
0.3434996456692913
21
0.349761811023622
0
LINE
8
BLACK
6
CONTINUOUS
10
0.3434996456692913
20
0.349761811023622
11
0.341561811023622
21
0.3500977165354331
0
LINE
8
BLACK
6
CONTINUOUS
10
0.341561811023622
20
0.3500977165354331
11
0.3415613385826772
21
0.3500977952755905
0
LINE
8
BLACK
6
CONTINUOUS
10
0.3415613385826772
20
0.3500977952755905
11
0.3397113385826772
21
0.350418937007874
0
LINE
8
BLACK
6
CONTINUOUS
10
0.3397113385826772
20
0.350418937007874
11
0.3397107086614173
21
0.3504190551181102
0
LINE
8
BLACK
6
CONTINUOUS
10
0.3397107086614173
20
0.3504190551181102
11
0.3380807086614173
21
0.3507025590551181
0
LINE
8
BLACK
6
CONTINUOUS
10
0.3380807086614173
20
0.3507025590551181
11
0.3380797637795275
21
0.3507027165354331
0
LINE
8
BLACK
6
CONTINUOUS
10
0.3380797637795275
20
0.3507027165354331
11
0.3368018503937008
21
0.3509256299212598
0
LINE
8
BLACK
6
CONTINUOUS
10
0.3368018503937008
20
0.3509256299212598
11
0.3368011811023622
21
0.3509257480314961
0
LINE
8
BLACK
6
CONTINUOUS
10
0.3368011811023622
20
0.3509257480314961
11
0.3366122047244094
21
0.3509587795275591
0
LINE
8
BLACK
6
CONTINUOUS
10
0.3366122047244094
20
0.3509587795275591
11
0.3366117322834646
21
0.3509588582677165
0
LINE
8
BLACK
6
CONTINUOUS
10
0.3366117322834646
20
0.3509588582677165
11
0.3335779133858268
21
0.3514899212598425
0
LINE
8
BLACK
6
CONTINUOUS
10
0.3335779133858268
20
0.3514899212598425
11
0.332306220472441
21
0.3522978346456693
0
LINE
8
BLACK
6
CONTINUOUS
10
0.332306220472441
20
0.3522978346456693
11
0.3319488188976378
21
0.353428937007874
0
LINE
8
BLACK
6
CONTINUOUS
10
0.3319488188976378
20
0.353428937007874
11
0.3319488188976378
21
0.357166062992126
0
LINE
8
BLACK
6
CONTINUOUS
10
0.3319488188976378
20
0.357166062992126
11
0.3319508661417323
21
0.3586213385826771
0
LINE
8
BLACK
6
CONTINUOUS
10
0.3319508661417323
20
0.3586213385826771
11
0.331951062992126
21
0.3586462992125984
0
LINE
8
BLACK
6
CONTINUOUS
10
0.331951062992126
20
0.3586462992125984
11
0.3319653543307087
21
0.3596612598425197
0
LINE
8
BLACK
6
CONTINUOUS
10
0.3319653543307087
20
0.3596612598425197
11
0.3319686220472441
21
0.3597503937007874
0
LINE
8
BLACK
6
CONTINUOUS
10
0.3319686220472441
20
0.3597503937007874
11
0.3320073228346457
21
0.3604011811023622
0
LINE
8
BLACK
6
CONTINUOUS
10
0.3320073228346457
20
0.3604011811023622
11
0.332045
21
0.3606846850393701
0
LINE
8
BLACK
6
CONTINUOUS
10
0.332045
20
0.3606846850393701
11
0.3321203543307086
21
0.3610474409448819
0
LINE
8
BLACK
6
CONTINUOUS
10
0.3321203543307086
20
0.3610474409448819
11
0.3325276377952756
21
0.3618978346456693
0
LINE
8
BLACK
6
CONTINUOUS
10
0.3325276377952756
20
0.3618978346456693
11
0.3326517716535433
21
0.3620487007874016
0
LINE
8
BLACK
6
CONTINUOUS
10
0.3326517716535433
20
0.3620487007874016
11
0.3328674015748032
21
0.3621636220472441
0
LINE
8
BLACK
6
CONTINUOUS
10
0.3328674015748032
20
0.3621636220472441
11
0.3321950393700787
21
0.3626991338582677
0
LINE
8
BLACK
6
CONTINUOUS
10
0.3321950393700787
20
0.3626991338582677
11
0.3319488188976378
21
0.3636549606299213
0
LINE
8
BLACK
6
CONTINUOUS
10
0.3319488188976378
20
0.3636549606299213
11
0.3319542913385827
21
0.3678633070866142
0
LINE
8
BLACK
6
CONTINUOUS
10
0.3319542913385827
20
0.3678633070866142
11
0.3319597244094488
21
0.3720716535433071
0
LINE
8
BLACK
6
CONTINUOUS
10
0.3319597244094488
20
0.3720716535433071
11
0.3325380708661417
21
0.3734628346456693
0
LINE
8
BLACK
6
CONTINUOUS
10
0.3325380708661417
20
0.3734628346456693
11
0.333021811023622
21
0.3738164960629921
0
LINE
8
BLACK
6
CONTINUOUS
10
0.333021811023622
20
0.3738164960629921
11
0.3405686614173228
21
0.377731220472441
0
LINE
8
BLACK
6
CONTINUOUS
10
0.3405686614173228
20
0.377731220472441
11
0.3470759448818898
21
0.3811066929133858
0
LINE
8
BLACK
6
CONTINUOUS
10
0.3470759448818898
20
0.3811066929133858
11
0.3471585826771654
21
0.3854633858267716
0
LINE
8
BLACK
6
CONTINUOUS
10
0.3471585826771654
20
0.3854633858267716
11
0.3339173228346456
21
0.3854633858267716
0
LINE
8
BLACK
6
CONTINUOUS
10
0.3339173228346456
20
0.3854633858267716
11
0.3325253937007874
21
0.3860399606299212
0
LINE
8
BLACK
6
CONTINUOUS
10
0.3325253937007874
20
0.3860399606299212
11
0.3319488188976378
21
0.3874318897637795
0
LINE
8
BLACK
6
CONTINUOUS
10
0.3319488188976378
20
0.3874318897637795
11
0.3319488188976378
21
0.3949196062992126
0
LINE
8
BLACK
6
CONTINUOUS
10
0.3319488188976378
20
0.3949196062992126
11
0.3325253937007874
21
0.3963115354330708
0
LINE
8
BLACK
6
CONTINUOUS
10
0.3325253937007874
20
0.3963115354330708
11
0.3339173228346456
21
0.3968881102362204
0
LINE
8
BLACK
6
CONTINUOUS
10
0.3339173228346456
20
0.3968881102362204
11
0.3747125590551181
21
0.3968881102362204
0
LINE
8
BLACK
6
CONTINUOUS
10
0.3747125590551181
20
0.3968881102362204
11
0.3761044881889763
21
0.3963115354330708
0
LINE
8
BLACK
6
CONTINUOUS
10
0.357354251968504
20
0.3831524409448819
11
0.3573908661417323
21
0.3815653543307087
0
LINE
8
BLACK
6
CONTINUOUS
10
0.3573908661417323
20
0.3815653543307087
11
0.3574323622047244
21
0.3804354330708661
0
LINE
8
BLACK
6
CONTINUOUS
10
0.3574323622047244
20
0.3804354330708661
11
0.3574886220472441
21
0.3796831889763779
0
LINE
8
BLACK
6
CONTINUOUS
10
0.3574886220472441
20
0.3796831889763779
11
0.357559094488189
21
0.3792286614173228
0
LINE
8
BLACK
6
CONTINUOUS
10
0.357559094488189
20
0.3792286614173228
11
0.3576455511811024
21
0.3789237795275591
0
LINE
8
BLACK
6
CONTINUOUS
10
0.3576455511811024
20
0.3789237795275591
11
0.3577948031496063
21
0.3785672440944882
0
LINE
8
BLACK
6
CONTINUOUS
10
0.3577948031496063
20
0.3785672440944882
11
0.3579695669291338
21
0.3782113385826771
0
LINE
8
BLACK
6
CONTINUOUS
10
0.3579695669291338
20
0.3782113385826771
11
0.3587136614173228
21
0.3770470472440945
0
LINE
8
BLACK
6
CONTINUOUS
10
0.3587136614173228
20
0.3770470472440945
11
0.3594354724409449
21
0.3763962204724409
0
LINE
8
BLACK
6
CONTINUOUS
10
0.3594354724409449
20
0.3763962204724409
11
0.3604024409448819
21
0.3759587401574803
0
LINE
8
BLACK
6
CONTINUOUS
10
0.3604024409448819
20
0.3759587401574803
11
0.3606049606299213
21
0.3759083070866142
0
LINE
8
BLACK
6
CONTINUOUS
10
0.3606049606299213
20
0.3759083070866142
11
0.3621714566929134
21
0.3757485433070866
0
LINE
8
BLACK
6
CONTINUOUS
10
0.3621714566929134
20
0.3757485433070866
11
0.3634522440944882
21
0.375914842519685
0
LINE
8
BLACK
6
CONTINUOUS
10
0.3634522440944882
20
0.375914842519685
11
0.3644864173228347
21
0.3763399606299213
0
LINE
8
BLACK
6
CONTINUOUS
10
0.3644864173228347
20
0.3763399606299213
11
0.3652867322834645
21
0.376984842519685
0
LINE
8
BLACK
6
CONTINUOUS
10
0.3652867322834645
20
0.376984842519685
11
0.365945157480315
21
0.3779663779527559
0
LINE
8
BLACK
6
CONTINUOUS
10
0.365945157480315
20
0.3779663779527559
11
0.3661107480314961
21
0.3783403937007874
0
LINE
8
BLACK
6
CONTINUOUS
10
0.3661107480314961
20
0.3783403937007874
11
0.3662311417322834
21
0.378685905511811
0
LINE
8
BLACK
6
CONTINUOUS
10
0.3662311417322834
20
0.378685905511811
11
0.3663150393700788
21
0.3790659448818898
0
LINE
8
BLACK
6
CONTINUOUS
10
0.3663150393700788
20
0.3790659448818898
11
0.3663845669291338
21
0.3796549606299213
0
LINE
8
BLACK
6
CONTINUOUS
10
0.3663845669291338
20
0.3796549606299213
11
0.3664383858267716
21
0.3805705118110236
0
LINE
8
BLACK
6
CONTINUOUS
10
0.3664383858267716
20
0.3805705118110236
11
0.366479842519685
21
0.3818862992125984
0
LINE
8
BLACK
6
CONTINUOUS
10
0.366479842519685
20
0.3818862992125984
11
0.3665054330708661
21
0.3830222440944882
0
LINE
8
BLACK
6
CONTINUOUS
10
0.3665054330708661
20
0.3830222440944882
11
0.3665566535433071
21
0.3854633858267716
0
LINE
8
BLACK
6
CONTINUOUS
10
0.3665566535433071
20
0.3854633858267716
11
0.3573058267716535
21
0.3854633858267716
0
LINE
8
BLACK
6
CONTINUOUS
10
0.3573058267716535
20
0.3854633858267716
11
0.357354251968504
21
0.3831524409448819
0
LINE
8
BLACK
6
CONTINUOUS
10
0.3849852755905512
20
0.3540284645669291
11
0.3855218503937008
21
0.3538991732283465
0
LINE
8
BLACK
6
CONTINUOUS
10
0.3855218503937008
20
0.3538991732283465
11
0.385812125984252
21
0.3538431496062992
0
LINE
8
BLACK
6
CONTINUOUS
10
0.385812125984252
20
0.3538431496062992
11
0.3866135433070866
21
0.3536971653543307
0
LINE
8
BLACK
6
CONTINUOUS
10
0.3866135433070866
20
0.3536971653543307
11
0.3866135039370079
21
0.3536971653543307
0
LINE
8
BLACK
6
CONTINUOUS
10
0.3866135039370079
20
0.3536971653543307
11
0.3878427559055118
21
0.3534767716535433
0
LINE
8
BLACK
6
CONTINUOUS
10
0.3878427559055118
20
0.3534767716535433
11
0.3878427952755906
21
0.3534767716535433
0
LINE
8
BLACK
6
CONTINUOUS
10
0.3878427952755906
20
0.3534767716535433
11
0.3894626771653543
21
0.3531885826771654
0
LINE
8
BLACK
6
CONTINUOUS
10
0.3894626771653543
20
0.3531885826771654
11
0.3914267322834646
21
0.3528407480314961
0
LINE
8
BLACK
6
CONTINUOUS
10
0.3914267322834646
20
0.3528407480314961
11
0.3914266929133858
21
0.3528407480314961
0
LINE
8
BLACK
6
CONTINUOUS
10
0.3914266929133858
20
0.3528407480314961
11
0.3936899212598425
21
0.3524412992125984
0
LINE
8
BLACK
6
CONTINUOUS
10
0.3936899212598425
20
0.3524412992125984
11
0.3936899606299212
21
0.3524412992125984
0
LINE
8
BLACK
6
CONTINUOUS
10
0.3936899606299212
20
0.3524412992125984
11
0.3962148818897638
21
0.3519968503937008
0
LINE
8
BLACK
6
CONTINUOUS
10
0.3962148818897638
20
0.3519968503937008
11
0.396214842519685
21
0.3519968503937008
0
LINE
8
BLACK
6
CONTINUOUS
10
0.396214842519685
20
0.3519968503937008
11
0.3989564960629921
21
0.3515153149606299
0
LINE
8
BLACK
6
CONTINUOUS
10
0.3989564960629921
20
0.3515153149606299
11
0.3989565354330709
21
0.3515153149606299
0
LINE
8
BLACK
6
CONTINUOUS
10
0.3989565354330709
20
0.3515153149606299
11
0.4018755511811024
21
0.3510036614173228
0
LINE
8
BLACK
6
CONTINUOUS
10
0.4018755511811024
20
0.3510036614173228
11
0.4046154330708661
21
0.3505243307086614
0
LINE
8
BLACK
6
CONTINUOUS
10
0.4046154330708661
20
0.3505243307086614
11
0.4046154724409449
21
0.3505243307086614
0
LINE
8
BLACK
6
CONTINUOUS
10
0.4046154724409449
20
0.3505243307086614
11
0.4076829527559055
21
0.3499876771653543
0
LINE
8
BLACK
6
CONTINUOUS
10
0.4076829527559055
20
0.3499876771653543
11
0.4076835039370079
21
0.3499875590551181
0
LINE
8
BLACK
6
CONTINUOUS
10
0.4076835039370079
20
0.3499875590551181
11
0.4106299606299212
21
0.3494711811023622
0
LINE
8
BLACK
6
CONTINUOUS
10
0.4106299606299212
20
0.3494711811023622
11
0.4106305905511811
21
0.3494711023622047
0
LINE
8
BLACK
6
CONTINUOUS
10
0.4106305905511811
20
0.3494711023622047
11
0.4134122440944882
21
0.3489826771653543
0
LINE
8
BLACK
6
CONTINUOUS
10
0.4134122440944882
20
0.3489826771653543
11
0.413412874015748
21
0.3489825590551181
0
LINE
8
BLACK
6
CONTINUOUS
10
0.413412874015748
20
0.3489825590551181
11
0.4159859448818898
21
0.3485299212598425
0
LINE
8
BLACK
6
CONTINUOUS
10
0.4159859448818898
20
0.3485299212598425
11
0.4159867322834646
21
0.3485297637795275
0
LINE
8
BLACK
6
CONTINUOUS
10
0.4159867322834646
20
0.3485297637795275
11
0.4183074015748031
21
0.3481205511811024
0
LINE
8
BLACK
6
CONTINUOUS
10
0.4183074015748031
20
0.3481205511811024
11
0.4183083858267717
21
0.3481203937007874
0
LINE
8
BLACK
6
CONTINUOUS
10
0.4183083858267717
20
0.3481203937007874
11
0.4203328346456693
21
0.3477623622047244
0
LINE
8
BLACK
6
CONTINUOUS
10
0.4203328346456693
20
0.3477623622047244
11
0.4203341338582677
21
0.3477621259842519
0
LINE
8
BLACK
6
CONTINUOUS
10
0.4203341338582677
20
0.3477621259842519
11
0.4220186220472441
21
0.347463031496063
0
LINE
8
BLACK
6
CONTINUOUS
10
0.4220186220472441
20
0.347463031496063
11
0.422020748031496
21
0.3474626377952756
0
LINE
8
BLACK
6
CONTINUOUS
10
0.422020748031496
20
0.3474626377952756
11
0.4233214173228346
21
0.3472302362204724
0
LINE
8
BLACK
6
CONTINUOUS
10
0.4233214173228346
20
0.3472302362204724
11
0.4233258267716535
21
0.3472294488188976
0
LINE
8
BLACK
6
CONTINUOUS
10
0.4233258267716535
20
0.3472294488188976
11
0.424198937007874
21
0.3470713779527559
0
LINE
8
BLACK
6
CONTINUOUS
10
0.424198937007874
20
0.3470713779527559
11
0.4242116535433071
21
0.3470690551181102
0
LINE
8
BLACK
6
CONTINUOUS
10
0.4242116535433071
20
0.3470690551181102
11
0.4245853937007874
21
0.3469988582677165
0
LINE
8
BLACK
6
CONTINUOUS
10
0.4245853937007874
20
0.3469988582677165
11
0.4246086614173228
21
0.3469943307086614
0
LINE
8
BLACK
6
CONTINUOUS
10
0.4246086614173228
20
0.3469943307086614
11
0.4259641732283465
21
0.3467227952755905
0
LINE
8
BLACK
6
CONTINUOUS
10
0.4259641732283465
20
0.3467227952755905
11
0.427215748031496
21
0.3458840551181102
0
LINE
8
BLACK
6
CONTINUOUS
10
0.427215748031496
20
0.3458840551181102
11
0.4275460236220472
21
0.3447926377952756
0
LINE
8
BLACK
6
CONTINUOUS
10
0.4275460236220472
20
0.3447926377952756
11
0.4275460236220472
21
0.3373316535433071
0
LINE
8
BLACK
6
CONTINUOUS
10
0.4275460236220472
20
0.3373316535433071
11
0.4269694488188976
21
0.3359397244094488
0
LINE
8
BLACK
6
CONTINUOUS
10
0.4269694488188976
20
0.3359397244094488
11
0.4255775196850394
21
0.3353631496062992
0
LINE
8
BLACK
6
CONTINUOUS
10
0.4255775196850394
20
0.3353631496062992
11
0.425131220472441
21
0.3354144094488189
0
LINE
8
BLACK
6
CONTINUOUS
10
0.425131220472441
20
0.3354144094488189
11
0.4245887401574803
21
0.3355407086614173
0
LINE
8
BLACK
6
CONTINUOUS
10
0.4245887401574803
20
0.3355407086614173
11
0.4242965354330708
21
0.3355963779527559
0
LINE
8
BLACK
6
CONTINUOUS
10
0.4242965354330708
20
0.3355963779527559
11
0.4234923228346457
21
0.3357420078740158
0
LINE
8
BLACK
6
CONTINUOUS
10
0.4234923228346457
20
0.3357420078740158
11
0.4234923228346457
21
0.3357420472440945
0
LINE
8
BLACK
6
CONTINUOUS
10
0.4234923228346457
20
0.3357420472440945
11
0.4222612598425197
21
0.3359618897637795
0
LINE
8
BLACK
6
CONTINUOUS
10
0.4222612598425197
20
0.3359618897637795
11
0.4206381496062992
21
0.3362499212598425
0
LINE
8
BLACK
6
CONTINUOUS
10
0.4206381496062992
20
0.3362499212598425
11
0.4206381496062992
21
0.3362498818897638
0
LINE
8
BLACK
6
CONTINUOUS
10
0.4206381496062992
20
0.3362498818897638
11
0.418668031496063
21
0.3365980708661417
0
LINE
8
BLACK
6
CONTINUOUS
10
0.418668031496063
20
0.3365980708661417
11
0.418668031496063
21
0.3365981102362204
0
LINE
8
BLACK
6
CONTINUOUS
10
0.418668031496063
20
0.3365981102362204
11
0.41639468503937
21
0.3369987007874016
0
LINE
8
BLACK
6
CONTINUOUS
10
0.41639468503937
20
0.3369987007874016
11
0.41639468503937
21
0.3369986614173228
0
LINE
8
BLACK
6
CONTINUOUS
10
0.41639468503937
20
0.3369986614173228
11
0.4138553937007874
21
0.3374451181102362
0
LINE
8
BLACK
6
CONTINUOUS
10
0.4138553937007874
20
0.3374451181102362
11
0.4138553937007874
21
0.337445157480315
0
LINE
8
BLACK
6
CONTINUOUS
10
0.4138553937007874
20
0.337445157480315
11
0.4110938188976378
21
0.3379298031496063
0
LINE
8
BLACK
6
CONTINUOUS
10
0.4110938188976378
20
0.3379298031496063
11
0.4110938188976378
21
0.3379297637795275
0
LINE
8
BLACK
6
CONTINUOUS
10
0.4110938188976378
20
0.3379297637795275
11
0.4081483464566929
21
0.3384457480314961
0
LINE
8
BLACK
6
CONTINUOUS
10
0.4081483464566929
20
0.3384457480314961
11
0.4081483464566929
21
0.3384457874015748
0
LINE
8
BLACK
6
CONTINUOUS
10
0.4081483464566929
20
0.3384457874015748
11
0.4050618897637795
21
0.3389855905511811
0
LINE
8
BLACK
6
CONTINUOUS
10
0.4050618897637795
20
0.3389855905511811
11
0.4048412204724409
21
0.3390241338582677
0
LINE
8
BLACK
6
CONTINUOUS
10
0.4048412204724409
20
0.3390241338582677
11
0.4048409448818898
21
0.3390241732283464
0
LINE
8
BLACK
6
CONTINUOUS
10
0.4048409448818898
20
0.3390241732283464
11
0.4017411811023622
21
0.339566062992126
0
LINE
8
BLACK
6
CONTINUOUS
10
0.4017411811023622
20
0.339566062992126
11
0.4017408661417323
21
0.3395661023622047
0
LINE
8
BLACK
6
CONTINUOUS
10
0.4017408661417323
20
0.3395661023622047
11
0.3987772834645669
21
0.3400846850393701
0
LINE
8
BLACK
6
CONTINUOUS
10
0.3987772834645669
20
0.3400846850393701
11
0.3987769291338583
21
0.3400847637795276
0
LINE
8
BLACK
6
CONTINUOUS
10
0.3987769291338583
20
0.3400847637795276
11
0.3959905905511811
21
0.3405728346456693
0
LINE
8
BLACK
6
CONTINUOUS
10
0.3959905905511811
20
0.3405728346456693
11
0.3959902362204724
21
0.340572874015748
0
LINE
8
BLACK
6
CONTINUOUS
10
0.3959902362204724
20
0.340572874015748
11
0.3934222834645669
21
0.341023188976378
0
LINE
8
BLACK
6
CONTINUOUS
10
0.3934222834645669
20
0.341023188976378
11
0.3934218503937008
21
0.3410232677165354
0
LINE
8
BLACK
6
CONTINUOUS
10
0.3934218503937008
20
0.3410232677165354
11
0.3911133858267716
21
0.3414285826771654
0
LINE
8
BLACK
6
CONTINUOUS
10
0.3911133858267716
20
0.3414285826771654
11
0.3911128346456693
21
0.3414287007874016
0
LINE
8
BLACK
6
CONTINUOUS
10
0.3911128346456693
20
0.3414287007874016
11
0.3891049212598425
21
0.3417818503937008
0
LINE
8
BLACK
6
CONTINUOUS
10
0.3891049212598425
20
0.3417818503937008
11
0.3891041732283465
21
0.341781968503937
0
LINE
8
BLACK
6
CONTINUOUS
10
0.3891041732283465
20
0.341781968503937
11
0.3874379921259842
21
0.3420756692913386
0
LINE
8
BLACK
6
CONTINUOUS
10
0.3874379921259842
20
0.3420756692913386
11
0.387436811023622
21
0.342075905511811
0
LINE
8
BLACK
6
CONTINUOUS
10
0.387436811023622
20
0.342075905511811
11
0.3861534251968504
21
0.3423029527559055
0
LINE
8
BLACK
6
CONTINUOUS
10
0.3861534251968504
20
0.3423029527559055
11
0.386150905511811
21
0.3423033858267717
0
LINE
8
BLACK
6
CONTINUOUS
10
0.386150905511811
20
0.3423033858267717
11
0.3852914566929134
21
0.3424565748031496
0
LINE
8
BLACK
6
CONTINUOUS
10
0.3852914566929134
20
0.3424565748031496
11
0.3852829921259843
21
0.3424581102362205
0
LINE
8
BLACK
6
CONTINUOUS
10
0.3852829921259843
20
0.3424581102362205
11
0.3848885433070866
21
0.3425301968503937
0
LINE
8
BLACK
6
CONTINUOUS
10
0.3848885433070866
20
0.3425301968503937
11
0.3848581496062992
21
0.3425359842519685
0
LINE
8
BLACK
6
CONTINUOUS
10
0.3848581496062992
20
0.3425359842519685
11
0.384849842519685
21
0.3425376377952756
0
LINE
8
BLACK
6
CONTINUOUS
10
0.384849842519685
20
0.3425376377952756
11
0.3848433464566929
21
0.342538937007874
0
LINE
8
BLACK
6
CONTINUOUS
10
0.3848433464566929
20
0.342538937007874
11
0.3841333070866141
21
0.3426827559055118
0
LINE
8
BLACK
6
CONTINUOUS
10
0.3841333070866141
20
0.3426827559055118
11
0.3828835433070866
21
0.3435241732283464
0
LINE
8
BLACK
6
CONTINUOUS
10
0.3828835433070866
20
0.3435241732283464
11
0.3825555905511811
21
0.3446120866141732
0
LINE
8
BLACK
6
CONTINUOUS
10
0.3825555905511811
20
0.3446120866141732
11
0.3825555905511811
21
0.3521147637795276
0
LINE
8
BLACK
6
CONTINUOUS
10
0.3825555905511811
20
0.3521147637795276
11
0.3831321653543307
21
0.3535066929133858
0
LINE
8
BLACK
6
CONTINUOUS
10
0.3831321653543307
20
0.3535066929133858
11
0.384524094488189
21
0.3540832677165354
0
LINE
8
BLACK
6
CONTINUOUS
10
0.384524094488189
20
0.3540832677165354
11
0.3849852755905512
21
0.3540284645669291
0
LINE
8
BLACK
6
CONTINUOUS
10
0.0643823228346457
20
0.3571779921259842
11
0.0644802755905512
21
0.3571374409448819
0
LINE
8
BLACK
6
CONTINUOUS
10
0.0644802755905512
20
0.3571374409448819
11
0.0645861811023622
21
0.3571298818897637
0
LINE
8
BLACK
6
CONTINUOUS
10
0.0645861811023622
20
0.3571298818897637
11
0.065126811023622
21
0.3569229921259842
0
LINE
8
BLACK
6
CONTINUOUS
10
0.065126811023622
20
0.3569229921259842
11
0.0681263779527559
21
0.3554231496062992
0
LINE
8
BLACK
6
CONTINUOUS
10
0.0681263779527559
20
0.3554231496062992
11
0.0683742519685039
21
0.355267125984252
0
LINE
8
BLACK
6
CONTINUOUS
10
0.0683742519685039
20
0.355267125984252
11
0.0684463385826772
21
0.3552372440944882
0
LINE
8
BLACK
6
CONTINUOUS
10
0.0684463385826772
20
0.3552372440944882
11
0.0685274803149606
21
0.3551706692913386
0
LINE
8
BLACK
6
CONTINUOUS
10
0.0685274803149606
20
0.3551706692913386
11
0.0686162598425197
21
0.3551147637795276
0
LINE
8
BLACK
6
CONTINUOUS
10
0.0686162598425197
20
0.3551147637795276
11
0.0686672834645669
21
0.355055905511811
0
LINE
8
BLACK
6
CONTINUOUS
10
0.0686672834645669
20
0.355055905511811
11
0.0688937795275591
21
0.3548700393700787
0
LINE
8
BLACK
6
CONTINUOUS
10
0.0688937795275591
20
0.3548700393700787
11
0.0703935826771653
21
0.3533702362204724
0
LINE
8
BLACK
6
CONTINUOUS
10
0.0703935826771653
20
0.3533702362204724
11
0.0705794094488189
21
0.353143779527559
0
LINE
8
BLACK
6
CONTINUOUS
10
0.0705794094488189
20
0.353143779527559
11
0.0706383070866142
21
0.3530927165354331
0
LINE
8
BLACK
6
CONTINUOUS
10
0.0706383070866142
20
0.3530927165354331
11
0.0706941732283465
21
0.353003937007874
0
LINE
8
BLACK
6
CONTINUOUS
10
0.0706941732283465
20
0.353003937007874
11
0.0707607874015748
21
0.3529227952755906
0
LINE
8
BLACK
6
CONTINUOUS
10
0.0707607874015748
20
0.3529227952755906
11
0.0707905905511811
21
0.3528508267716535
0
LINE
8
BLACK
6
CONTINUOUS
10
0.0707905905511811
20
0.3528508267716535
11
0.0709466929133858
21
0.352602874015748
0
LINE
8
BLACK
6
CONTINUOUS
10
0.0709466929133858
20
0.352602874015748
11
0.0724464960629921
21
0.3496032677165354
0
LINE
8
BLACK
6
CONTINUOUS
10
0.0724464960629921
20
0.3496032677165354
11
0.0726533858267717
21
0.3490626377952756
0
LINE
8
BLACK
6
CONTINUOUS
10
0.0726533858267717
20
0.3490626377952756
11
0.0726608661417323
21
0.3489568897637795
0
LINE
8
BLACK
6
CONTINUOUS
10
0.0726608661417323
20
0.3489568897637795
11
0.0727015354330709
21
0.3488587795275591
0
LINE
8
BLACK
6
CONTINUOUS
10
0.0727015354330709
20
0.3488587795275591
11
0.0727582677165354
21
0.3482827165354331
0
LINE
8
BLACK
6
CONTINUOUS
10
0.0727582677165354
20
0.3482827165354331
11
0.0727582677165354
21
0.3422834645669292
0
LINE
8
BLACK
6
CONTINUOUS
10
0.0727582677165354
20
0.3422834645669292
11
0.0727015354330709
21
0.3417074015748031
0
LINE
8
BLACK
6
CONTINUOUS
10
0.0727015354330709
20
0.3417074015748031
11
0.0726609448818898
21
0.3416094488188977
0
LINE
8
BLACK
6
CONTINUOUS
10
0.0726609448818898
20
0.3416094488188977
11
0.0726534251968504
21
0.3415035433070866
0
LINE
8
BLACK
6
CONTINUOUS
10
0.0726534251968504
20
0.3415035433070866
11
0.0724465354330709
21
0.3409629133858267
0
LINE
8
BLACK
6
CONTINUOUS
10
0.0724465354330709
20
0.3409629133858267
11
0.0723361023622047
21
0.3407420866141732
0
LINE
8
BLACK
6
CONTINUOUS
10
0.0723361023622047
20
0.3407420866141732
11
0.0727015354330709
21
0.3398598818897638
0
LINE
8
BLACK
6
CONTINUOUS
10
0.0727015354330709
20
0.3398598818897638
11
0.0727015354330709
21
0.3387077559055118
0
LINE
8
BLACK
6
CONTINUOUS
10
0.0727015354330709
20
0.3387077559055118
11
0.0722606299212598
21
0.3376433464566929
0
LINE
8
BLACK
6
CONTINUOUS
10
0.0722606299212598
20
0.3376433464566929
11
0.0714459842519685
21
0.3368287007874016
0
LINE
8
BLACK
6
CONTINUOUS
10
0.0714459842519685
20
0.3368287007874016
11
0.0703815748031496
21
0.3363877952755905
0
LINE
8
BLACK
6
CONTINUOUS
10
0.0703815748031496
20
0.3363877952755905
11
0.0698055118110236
21
0.336331062992126
0
LINE
8
BLACK
6
CONTINUOUS
10
0.0698055118110236
20
0.336331062992126
11
0.0443087007874016
21
0.336331062992126
0
LINE
8
BLACK
6
CONTINUOUS
10
0.0443087007874016
20
0.336331062992126
11
0.0437326377952756
21
0.3363877952755905
0
LINE
8
BLACK
6
CONTINUOUS
10
0.0437326377952756
20
0.3363877952755905
11
0.0436346062992126
21
0.3364284251968504
0
LINE
8
BLACK
6
CONTINUOUS
10
0.0436346062992126
20
0.3364284251968504
11
0.0435288188976378
21
0.336435905511811
0
LINE
8
BLACK
6
CONTINUOUS
10
0.0435288188976378
20
0.336435905511811
11
0.042988188976378
21
0.3366427952755905
0
LINE
8
BLACK
6
CONTINUOUS
10
0.042988188976378
20
0.3366427952755905
11
0.0399885433070866
21
0.3381425984251968
0
LINE
8
BLACK
6
CONTINUOUS
10
0.0399885433070866
20
0.3381425984251968
11
0.0397405905511811
21
0.3382986614173228
0
LINE
8
BLACK
6
CONTINUOUS
10
0.0397405905511811
20
0.3382986614173228
11
0.0396685433070866
21
0.3383285039370079
0
LINE
8
BLACK
6
CONTINUOUS
10
0.0396685433070866
20
0.3383285039370079
11
0.0395874409448819
21
0.3383950787401575
0
LINE
8
BLACK
6
CONTINUOUS
10
0.0395874409448819
20
0.3383950787401575
11
0.0394986614173228
21
0.3384509448818898
0
LINE
8
BLACK
6
CONTINUOUS
10
0.0394986614173228
20
0.3384509448818898
11
0.0394475196850394
21
0.3385099212598425
0
LINE
8
BLACK
6
CONTINUOUS
10
0.0394475196850394
20
0.3385099212598425
11
0.0392211023622047
21
0.338695748031496
0
LINE
8
BLACK
6
CONTINUOUS
10
0.0392211023622047
20
0.338695748031496
11
0.0377212992125984
21
0.3401955905511811
0
LINE
8
BLACK
6
CONTINUOUS
10
0.0377212992125984
20
0.3401955905511811
11
0.0375355511811024
21
0.3404219291338583
0
LINE
8
BLACK
6
CONTINUOUS
10
0.0375355511811024
20
0.3404219291338583
11
0.0374765748031496
21
0.3404730708661417
0
LINE
8
BLACK
6
CONTINUOUS
10
0.0374765748031496
20
0.3404730708661417
11
0.0374205905511811
21
0.3405620078740157
0
LINE
8
BLACK
6
CONTINUOUS
10
0.0374205905511811
20
0.3405620078740157
11
0.037354094488189
21
0.340643031496063
0
LINE
8
BLACK
6
CONTINUOUS
10
0.037354094488189
20
0.340643031496063
11
0.0373242519685039
21
0.3407150787401575
0
LINE
8
BLACK
6
CONTINUOUS
10
0.0373242519685039
20
0.3407150787401575
11
0.0371682283464567
21
0.3409629527559055
0
LINE
8
BLACK
6
CONTINUOUS
10
0.0371682283464567
20
0.3409629527559055
11
0.0356684251968504
21
0.3439625590551181
0
LINE
8
BLACK
6
CONTINUOUS
10
0.0356684251968504
20
0.3439625590551181
11
0.0354615354330709
21
0.3445031889763779
0
LINE
8
BLACK
6
CONTINUOUS
10
0.0354615354330709
20
0.3445031889763779
11
0.0354540157480315
21
0.3446090157480315
0
LINE
8
BLACK
6
CONTINUOUS
10
0.0354540157480315
20
0.3446090157480315
11
0.0354134251968504
21
0.3447070078740158
0
LINE
8
BLACK
6
CONTINUOUS
10
0.0354134251968504
20
0.3447070078740158
11
0.0353566929133858
21
0.3452830708661417
0
LINE
8
BLACK
6
CONTINUOUS
10
0.0353566929133858
20
0.3452830708661417
11
0.0353566929133858
21
0.3497825196850394
0
LINE
8
BLACK
6
CONTINUOUS
10
0.0353566929133858
20
0.3497825196850394
11
0.0354134251968504
21
0.3503585826771654
0
LINE
8
BLACK
6
CONTINUOUS
10
0.0354134251968504
20
0.3503585826771654
11
0.0354540157480315
21
0.3504566141732283
0
LINE
8
BLACK
6
CONTINUOUS
10
0.0354540157480315
20
0.3504566141732283
11
0.0354615354330709
21
0.3505624015748031
0
LINE
8
BLACK
6
CONTINUOUS
10
0.0354615354330709
20
0.3505624015748031
11
0.0356684251968504
21
0.351103031496063
0
LINE
8
BLACK
6
CONTINUOUS
10
0.0356684251968504
20
0.351103031496063
11
0.0371682283464567
21
0.3541026377952756
0
LINE
8
BLACK
6
CONTINUOUS
10
0.0371682283464567
20
0.3541026377952756
11
0.0374765748031496
21
0.3545925196850394
0
LINE
8
BLACK
6
CONTINUOUS
10
0.0374765748031496
20
0.3545925196850394
11
0.038346968503937
21
0.3553473622047244
0
LINE
8
BLACK
6
CONTINUOUS
10
0.038346968503937
20
0.3553473622047244
11
0.0394399212598425
21
0.3557116929133858
0
LINE
8
BLACK
6
CONTINUOUS
10
0.0394399212598425
20
0.3557116929133858
11
0.0405891338582677
21
0.3556300393700788
0
LINE
8
BLACK
6
CONTINUOUS
10
0.0405891338582677
20
0.3556300393700788
11
0.0416196456692913
21
0.3551148031496063
0
LINE
8
BLACK
6
CONTINUOUS
10
0.0416196456692913
20
0.3551148031496063
11
0.0423744881889764
21
0.3542444094488189
0
LINE
8
BLACK
6
CONTINUOUS
10
0.0423744881889764
20
0.3542444094488189
11
0.0427388188976378
21
0.3531514566929134
0
LINE
8
BLACK
6
CONTINUOUS
10
0.0427388188976378
20
0.3531514566929134
11
0.0426571653543307
21
0.3520022440944882
0
LINE
8
BLACK
6
CONTINUOUS
10
0.0426571653543307
20
0.3520022440944882
11
0.0424502755905512
21
0.3514616141732284
0
LINE
8
BLACK
6
CONTINUOUS
10
0.0424502755905512
20
0.3514616141732284
11
0.0412622047244094
21
0.3490854724409449
0
LINE
8
BLACK
6
CONTINUOUS
10
0.0412622047244094
20
0.3490854724409449
11
0.0412622047244094
21
0.3459801181102362
0
LINE
8
BLACK
6
CONTINUOUS
10
0.0412622047244094
20
0.3459801181102362
11
0.0422359842519685
21
0.3440325590551181
0
LINE
8
BLACK
6
CONTINUOUS
10
0.0422359842519685
20
0.3440325590551181
11
0.0430581496062992
21
0.3432103543307087
0
LINE
8
BLACK
6
CONTINUOUS
10
0.0430581496062992
20
0.3432103543307087
11
0.0450057480314961
21
0.3422365748031496
0
LINE
8
BLACK
6
CONTINUOUS
10
0.0450057480314961
20
0.3422365748031496
11
0.0458599606299213
21
0.3422365748031496
0
LINE
8
BLACK
6
CONTINUOUS
10
0.0458599606299213
20
0.3422365748031496
11
0.0458553543307087
21
0.3422834645669292
0
LINE
8
BLACK
6
CONTINUOUS
10
0.0458553543307087
20
0.3422834645669292
11
0.0458553543307087
21
0.3482827165354331
0
LINE
8
BLACK
6
CONTINUOUS
10
0.0458553543307087
20
0.3482827165354331
11
0.0459120866141732
21
0.3488587795275591
0
LINE
8
BLACK
6
CONTINUOUS
10
0.0459120866141732
20
0.3488587795275591
11
0.0459526377952756
21
0.3489567716535433
0
LINE
8
BLACK
6
CONTINUOUS
10
0.0459526377952756
20
0.3489567716535433
11
0.0459601968503937
21
0.3490626377952756
0
LINE
8
BLACK
6
CONTINUOUS
10
0.0459601968503937
20
0.3490626377952756
11
0.0461670866141732
21
0.3496032677165354
0
LINE
8
BLACK
6
CONTINUOUS
10
0.0461670866141732
20
0.3496032677165354
11
0.0476669291338583
21
0.3526028346456693
0
LINE
8
BLACK
6
CONTINUOUS
10
0.0476669291338583
20
0.3526028346456693
11
0.0478229527559055
21
0.3528507480314961
0
LINE
8
BLACK
6
CONTINUOUS
10
0.0478229527559055
20
0.3528507480314961
11
0.0478528346456693
21
0.3529227952755906
0
LINE
8
BLACK
6
CONTINUOUS
10
0.0478528346456693
20
0.3529227952755906
11
0.0479194094488189
21
0.3530039763779527
0
LINE
8
BLACK
6
CONTINUOUS
10
0.0479194094488189
20
0.3530039763779527
11
0.0479753149606299
21
0.3530927165354331
0
LINE
8
BLACK
6
CONTINUOUS
10
0.0479753149606299
20
0.3530927165354331
11
0.0480341732283465
21
0.353143779527559
0
LINE
8
BLACK
6
CONTINUOUS
10
0.0480341732283465
20
0.353143779527559
11
0.0482200393700787
21
0.3533702362204724
0
LINE
8
BLACK
6
CONTINUOUS
10
0.0482200393700787
20
0.3533702362204724
11
0.049719842519685
21
0.3548700393700787
0
LINE
8
BLACK
6
CONTINUOUS
10
0.049719842519685
20
0.3548700393700787
11
0.0499462992125984
21
0.355055905511811
0
LINE
8
BLACK
6
CONTINUOUS
10
0.0499462992125984
20
0.355055905511811
11
0.0499973622047244
21
0.3551147637795276
0
LINE
8
BLACK
6
CONTINUOUS
10
0.0499973622047244
20
0.3551147637795276
11
0.0500861417322835
21
0.3551706692913386
0
LINE
8
BLACK
6
CONTINUOUS
10
0.0500861417322835
20
0.3551706692913386
11
0.0501672834645669
21
0.3552372440944882
0
LINE
8
BLACK
6
CONTINUOUS
10
0.0501672834645669
20
0.3552372440944882
11
0.0502392519685039
21
0.3552670866141732
0
LINE
8
BLACK
6
CONTINUOUS
10
0.0502392519685039
20
0.3552670866141732
11
0.0504872047244094
21
0.3554231496062992
0
LINE
8
BLACK
6
CONTINUOUS
10
0.0504872047244094
20
0.3554231496062992
11
0.053486811023622
21
0.3569229527559055
0
LINE
8
BLACK
6
CONTINUOUS
10
0.053486811023622
20
0.3569229527559055
11
0.0540274409448819
21
0.357129842519685
0
LINE
8
BLACK
6
CONTINUOUS
10
0.0540274409448819
20
0.357129842519685
11
0.0541331889763779
21
0.3571373622047244
0
LINE
8
BLACK
6
CONTINUOUS
10
0.0541331889763779
20
0.3571373622047244
11
0.0542312992125984
21
0.3571779921259842
0
LINE
8
BLACK
6
CONTINUOUS
10
0.0542312992125984
20
0.3571779921259842
11
0.0548073622047244
21
0.3572347244094488
0
LINE
8
BLACK
6
CONTINUOUS
10
0.0548073622047244
20
0.3572347244094488
11
0.0638062598425197
21
0.3572347244094488
0
LINE
8
BLACK
6
CONTINUOUS
10
0.0638062598425197
20
0.3572347244094488
11
0.0643823228346457
21
0.3571779921259842
0
LINE
8
BLACK
6
CONTINUOUS
10
0.053556811023622
20
0.3503553937007874
11
0.0527346456692913
21
0.3495331889763779
0
LINE
8
BLACK
6
CONTINUOUS
10
0.0527346456692913
20
0.3495331889763779
11
0.0517608661417323
21
0.3475856299212599
0
LINE
8
BLACK
6
CONTINUOUS
10
0.0517608661417323
20
0.3475856299212599
11
0.0517608661417323
21
0.3429805511811024
0
LINE
8
BLACK
6
CONTINUOUS
10
0.0517608661417323
20
0.3429805511811024
11
0.0521328346456693
21
0.3422365748031496
0
LINE
8
BLACK
6
CONTINUOUS
10
0.0521328346456693
20
0.3422365748031496
11
0.0664807874015748
21
0.3422365748031496
0
LINE
8
BLACK
6
CONTINUOUS
10
0.0664807874015748
20
0.3422365748031496
11
0.0668527559055118
21
0.3429805511811024
0
LINE
8
BLACK
6
CONTINUOUS
10
0.0668527559055118
20
0.3429805511811024
11
0.0668527559055118
21
0.3475856692913386
0
LINE
8
BLACK
6
CONTINUOUS
10
0.0668527559055118
20
0.3475856692913386
11
0.0658788976377953
21
0.3495332677165354
0
LINE
8
BLACK
6
CONTINUOUS
10
0.0658788976377953
20
0.3495332677165354
11
0.0650567322834646
21
0.3503554330708661
0
LINE
8
BLACK
6
CONTINUOUS
10
0.0650567322834646
20
0.3503554330708661
11
0.0631091732283465
21
0.3513292125984252
0
LINE
8
BLACK
6
CONTINUOUS
10
0.0631091732283465
20
0.3513292125984252
11
0.0555044488188976
21
0.3513292125984252
0
LINE
8
BLACK
6
CONTINUOUS
10
0.0555044488188976
20
0.3513292125984252
11
0.053556811023622
21
0.3503553937007874
0
LINE
8
BLACK
6
CONTINUOUS
10
0.122152874015748
20
0.3604866141732284
11
0.1229675196850394
21
0.359671968503937
0
LINE
8
BLACK
6
CONTINUOUS
10
0.1229675196850394
20
0.359671968503937
11
0.1234084251968504
21
0.3586075590551181
0
LINE
8
BLACK
6
CONTINUOUS
10
0.1234084251968504
20
0.3586075590551181
11
0.123465157480315
21
0.3580314960629921
0
LINE
8
BLACK
6
CONTINUOUS
10
0.123465157480315
20
0.3580314960629921
11
0.123465157480315
21
0.3564848031496063
0
LINE
8
BLACK
6
CONTINUOUS
10
0.123465157480315
20
0.3564848031496063
11
0.131011062992126
21
0.3564848031496063
0
LINE
8
BLACK
6
CONTINUOUS
10
0.131011062992126
20
0.3564848031496063
11
0.131587125984252
21
0.3564280708661417
0
LINE
8
BLACK
6
CONTINUOUS
10
0.131587125984252
20
0.3564280708661417
11
0.1326515354330709
21
0.3559871653543307
0
LINE
8
BLACK
6
CONTINUOUS
10
0.1326515354330709
20
0.3559871653543307
11
0.1334661811023622
21
0.3551725196850394
0
LINE
8
BLACK
6
CONTINUOUS
10
0.1334661811023622
20
0.3551725196850394
11
0.1339070866141732
21
0.3541081102362205
0
LINE
8
BLACK
6
CONTINUOUS
10
0.1339070866141732
20
0.3541081102362205
11
0.1339070866141732
21
0.3529559842519685
0
LINE
8
BLACK
6
CONTINUOUS
10
0.1339070866141732
20
0.3529559842519685
11
0.1334661811023622
21
0.3518915748031496
0
LINE
8
BLACK
6
CONTINUOUS
10
0.1334661811023622
20
0.3518915748031496
11
0.1326515354330709
21
0.3510769291338582
0
LINE
8
BLACK
6
CONTINUOUS
10
0.1326515354330709
20
0.3510769291338582
11
0.131587125984252
21
0.3506360236220472
0
LINE
8
BLACK
6
CONTINUOUS
10
0.131587125984252
20
0.3506360236220472
11
0.131011062992126
21
0.3505792913385827
0
LINE
8
BLACK
6
CONTINUOUS
10
0.131011062992126
20
0.3505792913385827
11
0.123465157480315
21
0.3505792913385827
0
LINE
8
BLACK
6
CONTINUOUS
10
0.123465157480315
20
0.3505792913385827
11
0.123465157480315
21
0.3460329921259843
0
LINE
8
BLACK
6
CONTINUOUS
10
0.123465157480315
20
0.3460329921259843
11
0.1234084251968504
21
0.3454569291338583
0
LINE
8
BLACK
6
CONTINUOUS
10
0.1234084251968504
20
0.3454569291338583
11
0.1229675196850394
21
0.3443925196850394
0
LINE
8
BLACK
6
CONTINUOUS
10
0.1229675196850394
20
0.3443925196850394
11
0.122152874015748
21
0.343577874015748
0
LINE
8
BLACK
6
CONTINUOUS
10
0.122152874015748
20
0.343577874015748
11
0.1210884645669291
21
0.343136968503937
0
LINE
8
BLACK
6
CONTINUOUS
10
0.1210884645669291
20
0.343136968503937
11
0.1199363385826772
21
0.343136968503937
0
LINE
8
BLACK
6
CONTINUOUS
10
0.1199363385826772
20
0.343136968503937
11
0.1188719291338583
21
0.343577874015748
0
LINE
8
BLACK
6
CONTINUOUS
10
0.1188719291338583
20
0.343577874015748
11
0.1180572834645669
21
0.3443925196850394
0
LINE
8
BLACK
6
CONTINUOUS
10
0.1180572834645669
20
0.3443925196850394
11
0.1176163779527559
21
0.3454569291338583
0
LINE
8
BLACK
6
CONTINUOUS
10
0.1176163779527559
20
0.3454569291338583
11
0.1175596456692913
21
0.3460329921259843
0
LINE
8
BLACK
6
CONTINUOUS
10
0.1175596456692913
20
0.3460329921259843
11
0.1175596456692913
21
0.3505792913385827
0
LINE
8
BLACK
6
CONTINUOUS
10
0.1175596456692913
20
0.3505792913385827
11
0.1047114960629921
21
0.3505792913385827
0
LINE
8
BLACK
6
CONTINUOUS
10
0.1047114960629921
20
0.3505792913385827
11
0.1032156692913386
21
0.3498313779527559
0
LINE
8
BLACK
6
CONTINUOUS
10
0.1032156692913386
20
0.3498313779527559
11
0.1024677559055118
21
0.3483355511811024
0
LINE
8
BLACK
6
CONTINUOUS
10
0.1024677559055118
20
0.3483355511811024
11
0.1024677559055118
21
0.3460329921259843
0
LINE
8
BLACK
6
CONTINUOUS
10
0.1024677559055118
20
0.3460329921259843
11
0.1024110236220472
21
0.3454569291338583
0
LINE
8
BLACK
6
CONTINUOUS
10
0.1024110236220472
20
0.3454569291338583
11
0.1019701181102362
21
0.3443925196850394
0
LINE
8
BLACK
6
CONTINUOUS
10
0.1019701181102362
20
0.3443925196850394
11
0.1011554724409449
21
0.343577874015748
0
LINE
8
BLACK
6
CONTINUOUS
10
0.1011554724409449
20
0.343577874015748
11
0.100091062992126
21
0.343136968503937
0
LINE
8
BLACK
6
CONTINUOUS
10
0.100091062992126
20
0.343136968503937
11
0.098938937007874
21
0.343136968503937
0
LINE
8
BLACK
6
CONTINUOUS
10
0.098938937007874
20
0.343136968503937
11
0.0978745275590551
21
0.343577874015748
0
LINE
8
BLACK
6
CONTINUOUS
10
0.0978745275590551
20
0.343577874015748
11
0.0970598818897638
21
0.3443925196850394
0
LINE
8
BLACK
6
CONTINUOUS
10
0.0970598818897638
20
0.3443925196850394
11
0.0966189763779527
21
0.3454569291338583
0
LINE
8
BLACK
6
CONTINUOUS
10
0.0966189763779527
20
0.3454569291338583
11
0.0965622440944882
21
0.3460329921259843
0
LINE
8
BLACK
6
CONTINUOUS
10
0.0965622440944882
20
0.3460329921259843
11
0.0965622440944882
21
0.3490326377952756
0
LINE
8
BLACK
6
CONTINUOUS
10
0.0965622440944882
20
0.3490326377952756
11
0.0966189763779527
21
0.3496087007874016
0
LINE
8
BLACK
6
CONTINUOUS
10
0.0966189763779527
20
0.3496087007874016
11
0.0966595275590551
21
0.3497066929133858
0
LINE
8
BLACK
6
CONTINUOUS
10
0.0966595275590551
20
0.3497066929133858
11
0.0966670866141732
21
0.3498125590551181
0
LINE
8
BLACK
6
CONTINUOUS
10
0.0966670866141732
20
0.3498125590551181
11
0.0968739763779528
21
0.350353188976378
0
LINE
8
BLACK
6
CONTINUOUS
10
0.0968739763779528
20
0.350353188976378
11
0.0983738188976378
21
0.3533527559055118
0
LINE
8
BLACK
6
CONTINUOUS
10
0.0983738188976378
20
0.3533527559055118
11
0.0984344488188976
21
0.353449094488189
0
LINE
8
BLACK
6
CONTINUOUS
10
0.0984344488188976
20
0.353449094488189
11
0.0984496062992126
21
0.3534945275590551
0
LINE
8
BLACK
6
CONTINUOUS
10
0.0984496062992126
20
0.3534945275590551
11
0.0984987007874016
21
0.3535511811023622
0
LINE
8
BLACK
6
CONTINUOUS
10
0.0984987007874016
20
0.3535511811023622
11
0.0986822047244094
21
0.3538426377952756
0
LINE
8
BLACK
6
CONTINUOUS
10
0.0986822047244094
20
0.3538426377952756
11
0.0989617716535433
21
0.3540851574803149
0
LINE
8
BLACK
6
CONTINUOUS
10
0.0989617716535433
20
0.3540851574803149
11
0.0992044488188976
21
0.3543649212598425
0
LINE
8
BLACK
6
CONTINUOUS
10
0.0992044488188976
20
0.3543649212598425
11
0.0994959842519685
21
0.3545484645669291
0
LINE
8
BLACK
6
CONTINUOUS
10
0.0994959842519685
20
0.3545484645669291
11
0.0995525590551181
21
0.3545974803149606
0
LINE
8
BLACK
6
CONTINUOUS
10
0.0995525590551181
20
0.3545974803149606
11
0.0995979527559055
21
0.3546126377952756
0
LINE
8
BLACK
6
CONTINUOUS
10
0.0995979527559055
20
0.3546126377952756
11
0.0996943307086614
21
0.3546732677165354
0
LINE
8
BLACK
6
CONTINUOUS
10
0.0996943307086614
20
0.3546732677165354
11
0.102693937007874
21
0.3561730708661417
0
LINE
8
BLACK
6
CONTINUOUS
10
0.102693937007874
20
0.3561730708661417
11
0.1032345669291339
21
0.3563799606299213
0
LINE
8
BLACK
6
CONTINUOUS
10
0.1032345669291339
20
0.3563799606299213
11
0.1033403543307087
21
0.3563874803149606
0
LINE
8
BLACK
6
CONTINUOUS
10
0.1033403543307087
20
0.3563874803149606
11
0.1034383858267716
21
0.3564280708661417
0
LINE
8
BLACK
6
CONTINUOUS
10
0.1034383858267716
20
0.3564280708661417
11
0.1040144488188976
21
0.3564848031496063
0
LINE
8
BLACK
6
CONTINUOUS
10
0.1040144488188976
20
0.3564848031496063
11
0.1175596456692913
21
0.3564848031496063
0
LINE
8
BLACK
6
CONTINUOUS
10
0.1175596456692913
20
0.3564848031496063
11
0.1175596456692913
21
0.3580314960629921
0
LINE
8
BLACK
6
CONTINUOUS
10
0.1175596456692913
20
0.3580314960629921
11
0.1176163779527559
21
0.3586075590551181
0
LINE
8
BLACK
6
CONTINUOUS
10
0.1176163779527559
20
0.3586075590551181
11
0.1180572834645669
21
0.359671968503937
0
LINE
8
BLACK
6
CONTINUOUS
10
0.1180572834645669
20
0.359671968503937
11
0.1188719291338583
21
0.3604866141732284
0
LINE
8
BLACK
6
CONTINUOUS
10
0.1188719291338583
20
0.3604866141732284
11
0.1199363385826772
21
0.3609275196850394
0
LINE
8
BLACK
6
CONTINUOUS
10
0.1199363385826772
20
0.3609275196850394
11
0.1210884645669291
21
0.3609275196850394
0
LINE
8
BLACK
6
CONTINUOUS
10
0.1210884645669291
20
0.3609275196850394
11
0.122152874015748
21
0.3604866141732284
0
LINE
8
BLACK
6
CONTINUOUS
10
0.7173635039370079
20
0.3664668897637795
11
0.7219856692913386
21
0.3640409842519685
0
LINE
8
BLACK
6
CONTINUOUS
10
0.7219856692913386
20
0.3640409842519685
11
0.7258929527559055
21
0.3605794094488189
0
LINE
8
BLACK
6
CONTINUOUS
10
0.7258929527559055
20
0.3605794094488189
11
0.7288583070866141
21
0.3562833858267717
0
LINE
8
BLACK
6
CONTINUOUS
10
0.7288583070866141
20
0.3562833858267717
11
0.7307093700787402
21
0.3514025196850394
0
LINE
8
BLACK
6
CONTINUOUS
10
0.7307093700787402
20
0.3514025196850394
11
0.7313385826771653
21
0.3462204724409449
0
LINE
8
BLACK
6
CONTINUOUS
10
0.7313385826771653
20
0.3462204724409449
11
0.7309626377952756
21
0.3450634251968504
0
LINE
8
BLACK
6
CONTINUOUS
10
0.7309626377952756
20
0.3450634251968504
11
0.7299783858267717
21
0.3443483070866142
0
LINE
8
BLACK
6
CONTINUOUS
10
0.7299783858267717
20
0.3443483070866142
11
0.7287617716535433
21
0.3443483070866142
0
LINE
8
BLACK
6
CONTINUOUS
10
0.7287617716535433
20
0.3443483070866142
11
0.7277775196850393
21
0.3450634251968504
0
LINE
8
BLACK
6
CONTINUOUS
10
0.7277775196850393
20
0.3450634251968504
11
0.7274015748031496
21
0.3462204724409449
0
LINE
8
BLACK
6
CONTINUOUS
10
0.7274015748031496
20
0.3462204724409449
11
0.7274015748031496
21
0.3485529133858268
0
LINE
8
BLACK
6
CONTINUOUS
10
0.7274015748031496
20
0.3485529133858268
11
0.7261942125984252
21
0.3530588188976378
0
LINE
8
BLACK
6
CONTINUOUS
10
0.7261942125984252
20
0.3530588188976378
11
0.723861811023622
21
0.3570986614173228
0
LINE
8
BLACK
6
CONTINUOUS
10
0.723861811023622
20
0.3570986614173228
11
0.7205632283464567
21
0.3603972440944882
0
LINE
8
BLACK
6
CONTINUOUS
10
0.7205632283464567
20
0.3603972440944882
11
0.7165233858267717
21
0.3627296456692913
0
LINE
8
BLACK
6
CONTINUOUS
10
0.7165233858267717
20
0.3627296456692913
11
0.7120174803149606
21
0.3639370078740157
0
LINE
8
BLACK
6
CONTINUOUS
10
0.7120174803149606
20
0.3639370078740157
11
0.7073525984251968
21
0.3639370078740157
0
LINE
8
BLACK
6
CONTINUOUS
10
0.7073525984251968
20
0.3639370078740157
11
0.7028466929133859
21
0.3627296456692913
0
LINE
8
BLACK
6
CONTINUOUS
10
0.7028466929133859
20
0.3627296456692913
11
0.6988068503937007
21
0.3603972440944882
0
LINE
8
BLACK
6
CONTINUOUS
10
0.6988068503937007
20
0.3603972440944882
11
0.6955082677165354
21
0.3570986614173228
0
LINE
8
BLACK
6
CONTINUOUS
10
0.6955082677165354
20
0.3570986614173228
11
0.6931758661417323
21
0.3530588188976378
0
LINE
8
BLACK
6
CONTINUOUS
10
0.6931758661417323
20
0.3530588188976378
11
0.6919685039370078
21
0.3485529133858268
0
LINE
8
BLACK
6
CONTINUOUS
10
0.6919685039370078
20
0.3485529133858268
11
0.6919685039370078
21
0.3462204724409449
0
LINE
8
BLACK
6
CONTINUOUS
10
0.6919685039370078
20
0.3462204724409449
11
0.6915925590551181
21
0.3450634251968504
0
LINE
8
BLACK
6
CONTINUOUS
10
0.6915925590551181
20
0.3450634251968504
11
0.6906083070866141
21
0.3443483070866142
0
LINE
8
BLACK
6
CONTINUOUS
10
0.6906083070866141
20
0.3443483070866142
11
0.6893916929133858
21
0.3443483070866142
0
LINE
8
BLACK
6
CONTINUOUS
10
0.6893916929133858
20
0.3443483070866142
11
0.6884074409448818
21
0.3450634251968504
0
LINE
8
BLACK
6
CONTINUOUS
10
0.6884074409448818
20
0.3450634251968504
11
0.6880314960629921
21
0.3462204724409449
0
LINE
8
BLACK
6
CONTINUOUS
10
0.6880314960629921
20
0.3462204724409449
11
0.6886607086614173
21
0.3514025196850394
0
LINE
8
BLACK
6
CONTINUOUS
10
0.6886607086614173
20
0.3514025196850394
11
0.6905117716535433
21
0.3562833858267717
0
LINE
8
BLACK
6
CONTINUOUS
10
0.6905117716535433
20
0.3562833858267717
11
0.6934771259842519
21
0.3605794094488189
0
LINE
8
BLACK
6
CONTINUOUS
10
0.6934771259842519
20
0.3605794094488189
11
0.6973844094488189
21
0.3640409842519685
0
LINE
8
BLACK
6
CONTINUOUS
10
0.6973844094488189
20
0.3640409842519685
11
0.7020065748031495
21
0.3664668897637795
0
LINE
8
BLACK
6
CONTINUOUS
10
0.7020065748031495
20
0.3664668897637795
11
0.707075
21
0.3677161417322835
0
LINE
8
BLACK
6
CONTINUOUS
10
0.707075
20
0.3677161417322835
11
0.7122950787401575
21
0.3677161417322835
0
LINE
8
BLACK
6
CONTINUOUS
10
0.7122950787401575
20
0.3677161417322835
11
0.7173635039370079
21
0.3664668897637795
0
LINE
8
BLACK
6
CONTINUOUS
10
0.8448477952755905
20
0.4244564566929134
11
0.8459131496062992
21
0.4233911023622047
0
LINE
8
BLACK
6
CONTINUOUS
10
0.8459131496062992
20
0.4233911023622047
11
0.8459131496062992
21
0.4218844881889764
0
LINE
8
BLACK
6
CONTINUOUS
10
0.8459131496062992
20
0.4218844881889764
11
0.8448477952755905
21
0.4208191338582677
0
LINE
8
BLACK
6
CONTINUOUS
10
0.8448477952755905
20
0.4208191338582677
11
0.8440944881889764
21
0.4206692913385827
0
LINE
8
BLACK
6
CONTINUOUS
10
0.8440944881889764
20
0.4206692913385827
11
0.7889763779527559
21
0.4206692913385827
0
LINE
8
BLACK
6
CONTINUOUS
10
0.7889763779527559
20
0.4206692913385827
11
0.7889763779527559
21
0.3517716535433071
0
LINE
8
BLACK
6
CONTINUOUS
10
0.7889763779527559
20
0.3517716535433071
11
0.7888265354330708
21
0.3510183464566929
0
LINE
8
BLACK
6
CONTINUOUS
10
0.7888265354330708
20
0.3510183464566929
11
0.7877611811023622
21
0.3499529921259842
0
LINE
8
BLACK
6
CONTINUOUS
10
0.7877611811023622
20
0.3499529921259842
11
0.7862545669291339
21
0.3499529921259842
0
LINE
8
BLACK
6
CONTINUOUS
10
0.7862545669291339
20
0.3499529921259842
11
0.7851892125984252
21
0.3510183464566929
0
LINE
8
BLACK
6
CONTINUOUS
10
0.7851892125984252
20
0.3510183464566929
11
0.7850393700787401
21
0.3517716535433071
0
LINE
8
BLACK
6
CONTINUOUS
10
0.7850393700787401
20
0.3517716535433071
11
0.7850393700787401
21
0.4226377952755905
0
LINE
8
BLACK
6
CONTINUOUS
10
0.7850393700787401
20
0.4226377952755905
11
0.7851892125984252
21
0.4233911023622047
0
LINE
8
BLACK
6
CONTINUOUS
10
0.7851892125984252
20
0.4233911023622047
11
0.7862545669291339
21
0.4244564566929134
0
LINE
8
BLACK
6
CONTINUOUS
10
0.7862545669291339
20
0.4244564566929134
11
0.787007874015748
21
0.4246062992125984
0
LINE
8
BLACK
6
CONTINUOUS
10
0.787007874015748
20
0.4246062992125984
11
0.8440944881889764
21
0.4246062992125984
0
LINE
8
BLACK
6
CONTINUOUS
10
0.8440944881889764
20
0.4246062992125984
11
0.8448477952755905
21
0.4244564566929134
0
LINE
8
BLACK
6
CONTINUOUS
10
0.283675748031496
20
0.3716151181102362
11
0.2843754724409449
21
0.371483031496063
0
LINE
8
BLACK
6
CONTINUOUS
10
0.2843754724409449
20
0.371483031496063
11
0.2847307480314961
21
0.3714192913385826
0
LINE
8
BLACK
6
CONTINUOUS
10
0.2847307480314961
20
0.3714192913385826
11
0.2847307086614173
21
0.3714192913385826
0
LINE
8
BLACK
6
CONTINUOUS
10
0.2847307086614173
20
0.3714192913385826
11
0.2855555905511811
21
0.3712733464566929
0
LINE
8
BLACK
6
CONTINUOUS
10
0.2855555905511811
20
0.3712733464566929
11
0.2855556299212598
21
0.3712733464566929
0
LINE
8
BLACK
6
CONTINUOUS
10
0.2855556299212598
20
0.3712733464566929
11
0.2868131889763779
21
0.3710516929133858
0
LINE
8
BLACK
6
CONTINUOUS
10
0.2868131889763779
20
0.3710516929133858
11
0.2868132283464567
21
0.3710516929133858
0
LINE
8
BLACK
6
CONTINUOUS
10
0.2868132283464567
20
0.3710516929133858
11
0.2884583464566929
21
0.3707622834645669
0
LINE
8
BLACK
6
CONTINUOUS
10
0.2884583464566929
20
0.3707622834645669
11
0.2884583070866142
21
0.3707622834645669
0
LINE
8
BLACK
6
CONTINUOUS
10
0.2884583070866142
20
0.3707622834645669
11
0.290449094488189
21
0.3704124409448819
0
LINE
8
BLACK
6
CONTINUOUS
10
0.290449094488189
20
0.3704124409448819
11
0.2904491338582677
21
0.3704124409448819
0
LINE
8
BLACK
6
CONTINUOUS
10
0.2904491338582677
20
0.3704124409448819
11
0.2927461023622047
21
0.3700091338582677
0
LINE
8
BLACK
6
CONTINUOUS
10
0.2927461023622047
20
0.3700091338582677
11
0.2953084251968504
21
0.3695595275590551
0
LINE
8
BLACK
6
CONTINUOUS
10
0.2953084251968504
20
0.3695595275590551
11
0.2953083858267717
21
0.3695595275590551
0
LINE
8
BLACK
6
CONTINUOUS
10
0.2953083858267717
20
0.3695595275590551
11
0.2980949606299212
21
0.3690707874015748
0
LINE
8
BLACK
6
CONTINUOUS
10
0.2980949606299212
20
0.3690707874015748
11
0.298095
21
0.3690707874015748
0
LINE
8
BLACK
6
CONTINUOUS
10
0.298095
20
0.3690707874015748
11
0.301065748031496
21
0.3685500393700787
0
LINE
8
BLACK
6
CONTINUOUS
10
0.301065748031496
20
0.3685500393700787
11
0.3010657874015748
21
0.3685500393700787
0
LINE
8
BLACK
6
CONTINUOUS
10
0.3010657874015748
20
0.3685500393700787
11
0.3041798425196851
21
0.3680043700787402
0
LINE
8
BLACK
6
CONTINUOUS
10
0.3041798425196851
20
0.3680043700787402
11
0.3047572047244094
21
0.3679032677165354
0
LINE
8
BLACK
6
CONTINUOUS
10
0.3047572047244094
20
0.3679032677165354
11
0.3047573228346457
21
0.3679032283464567
0
LINE
8
BLACK
6
CONTINUOUS
10
0.3047573228346457
20
0.3679032283464567
11
0.3244443307086614
21
0.3644547637795276
0
LINE
8
BLACK
6
CONTINUOUS
10
0.3244443307086614
20
0.3644547637795276
11
0.325715905511811
21
0.3636466929133858
0
LINE
8
BLACK
6
CONTINUOUS
10
0.325715905511811
20
0.3636466929133858
11
0.3260731889763779
21
0.362516062992126
0
LINE
8
BLACK
6
CONTINUOUS
10
0.3260731889763779
20
0.362516062992126
11
0.3260737401574803
21
0.3588367322834646
0
LINE
8
BLACK
6
CONTINUOUS
10
0.3260737401574803
20
0.3588367322834646
11
0.3260736614173228
21
0.3588201181102362
0
LINE
8
BLACK
6
CONTINUOUS
10
0.3260736614173228
20
0.3588201181102362
11
0.3260606692913386
21
0.3572566929133858
0
LINE
8
BLACK
6
CONTINUOUS
10
0.3260606692913386
20
0.3572566929133858
11
0.3260592913385827
21
0.3571970472440945
0
LINE
8
BLACK
6
CONTINUOUS
10
0.3260592913385827
20
0.3571970472440945
11
0.3260169291338583
21
0.3561005118110236
0
LINE
8
BLACK
6
CONTINUOUS
10
0.3260169291338583
20
0.3561005118110236
11
0.3260062204724409
21
0.3559579527559055
0
LINE
8
BLACK
6
CONTINUOUS
10
0.3260062204724409
20
0.3559579527559055
11
0.3259304330708661
21
0.3552795275590551
0
LINE
8
BLACK
6
CONTINUOUS
10
0.3259304330708661
20
0.3552795275590551
11
0.3258222440944882
21
0.3548203543307086
0
LINE
8
BLACK
6
CONTINUOUS
10
0.3258222440944882
20
0.3548203543307086
11
0.3257088582677165
21
0.3545111417322834
0
LINE
8
BLACK
6
CONTINUOUS
10
0.3257088582677165
20
0.3545111417322834
11
0.3247213385826772
21
0.3534184645669291
0
LINE
8
BLACK
6
CONTINUOUS
10
0.3247213385826772
20
0.3534184645669291
11
0.3246561417322835
21
0.3533867716535433
0
LINE
8
BLACK
6
CONTINUOUS
10
0.3246561417322835
20
0.3533867716535433
11
0.3235096062992126
21
0.3532095275590551
0
LINE
8
BLACK
6
CONTINUOUS
10
0.3235096062992126
20
0.3532095275590551
11
0.3232119291338583
21
0.3532532283464567
0
LINE
8
BLACK
6
CONTINUOUS
10
0.3232119291338583
20
0.3532532283464567
11
0.3231772834645669
21
0.3532586220472441
0
LINE
8
BLACK
6
CONTINUOUS
10
0.3231772834645669
20
0.3532586220472441
11
0.3224103937007874
21
0.3533851968503937
0
LINE
8
BLACK
6
CONTINUOUS
10
0.3224103937007874
20
0.3533851968503937
11
0.3224023228346456
21
0.3533865748031496
0
LINE
8
BLACK
6
CONTINUOUS
10
0.3224023228346456
20
0.3533865748031496
11
0.3212055905511811
21
0.3535892125984252
0
LINE
8
BLACK
6
CONTINUOUS
10
0.3212055905511811
20
0.3535892125984252
11
0.3212018110236221
21
0.353589842519685
0
LINE
8
BLACK
6
CONTINUOUS
10
0.3212018110236221
20
0.353589842519685
11
0.3196145669291339
21
0.3538617716535433
0
LINE
8
BLACK
6
CONTINUOUS
10
0.3196145669291339
20
0.3538617716535433
11
0.3196123622047244
21
0.3538621653543307
0
LINE
8
BLACK
6
CONTINUOUS
10
0.3196123622047244
20
0.3538621653543307
11
0.3176740157480315
21
0.3541964960629921
0
LINE
8
BLACK
6
CONTINUOUS
10
0.3176740157480315
20
0.3541964960629921
11
0.3176724409448819
21
0.3541967322834645
0
LINE
8
BLACK
6
CONTINUOUS
10
0.3176724409448819
20
0.3541967322834645
11
0.3154222834645669
21
0.3545867322834645
0
LINE
8
BLACK
6
CONTINUOUS
10
0.3154222834645669
20
0.3545867322834645
11
0.3154211023622047
21
0.354586968503937
0
LINE
8
BLACK
6
CONTINUOUS
10
0.3154211023622047
20
0.354586968503937
11
0.3128985433070866
21
0.3550257874015748
0
LINE
8
BLACK
6
CONTINUOUS
10
0.3128985433070866
20
0.3550257874015748
11
0.3128975196850394
21
0.3550259448818898
0
LINE
8
BLACK
6
CONTINUOUS
10
0.3128975196850394
20
0.3550259448818898
11
0.3101418897637795
21
0.3555067716535433
0
LINE
8
BLACK
6
CONTINUOUS
10
0.3101418897637795
20
0.3555067716535433
11
0.3101409842519685
21
0.3555069291338583
0
LINE
8
BLACK
6
CONTINUOUS
10
0.3101409842519685
20
0.3555069291338583
11
0.3071915748031496
21
0.3560229921259843
0
LINE
8
BLACK
6
CONTINUOUS
10
0.3071915748031496
20
0.3560229921259843
11
0.307190748031496
21
0.3560231496062992
0
LINE
8
BLACK
6
CONTINUOUS
10
0.307190748031496
20
0.3560231496062992
11
0.3040870078740157
21
0.3565675984251969
0
LINE
8
BLACK
6
CONTINUOUS
10
0.3040870078740157
20
0.3565675984251969
11
0.3040864173228346
21
0.3565677165354331
0
LINE
8
BLACK
6
CONTINUOUS
10
0.3040864173228346
20
0.3565677165354331
11
0.3033108661417322
21
0.3567040157480315
0
LINE
8
BLACK
6
CONTINUOUS
10
0.3033108661417322
20
0.3567040157480315
11
0.3033108661417322
21
0.3567039763779528
0
LINE
8
BLACK
6
CONTINUOUS
10
0.3033108661417322
20
0.3567039763779528
11
0.3001777559055118
21
0.3572540157480315
0
LINE
8
BLACK
6
CONTINUOUS
10
0.3001777559055118
20
0.3572540157480315
11
0.2971900393700787
21
0.3577774803149606
0
LINE
8
BLACK
6
CONTINUOUS
10
0.2971900393700787
20
0.3577774803149606
11
0.2971900393700787
21
0.3577775196850393
0
LINE
8
BLACK
6
CONTINUOUS
10
0.2971900393700787
20
0.3577775196850393
11
0.2943890551181103
21
0.3582671653543307
0
LINE
8
BLACK
6
CONTINUOUS
10
0.2943890551181103
20
0.3582671653543307
11
0.2943890551181103
21
0.358267125984252
0
LINE
8
BLACK
6
CONTINUOUS
10
0.2943890551181103
20
0.358267125984252
11
0.2918118897637795
21
0.3587165748031496
0
LINE
8
BLACK
6
CONTINUOUS
10
0.2918118897637795
20
0.3587165748031496
11
0.2894974803149606
21
0.3591190551181102
0
LINE
8
BLACK
6
CONTINUOUS
10
0.2894974803149606
20
0.3591190551181102
11
0.2894974803149606
21
0.359119094488189
0
LINE
8
BLACK
6
CONTINUOUS
10
0.2894974803149606
20
0.359119094488189
11
0.287487125984252
21
0.3594674015748031
0
LINE
8
BLACK
6
CONTINUOUS
10
0.287487125984252
20
0.3594674015748031
11
0.287487125984252
21
0.3594674409448819
0
LINE
8
BLACK
6
CONTINUOUS
10
0.287487125984252
20
0.3594674409448819
11
0.2858218897637795
21
0.3597544881889764
0
LINE
8
BLACK
6
CONTINUOUS
10
0.2858218897637795
20
0.3597544881889764
11
0.2858218897637795
21
0.3597544488188976
0
LINE
8
BLACK
6
CONTINUOUS
10
0.2858218897637795
20
0.3597544488188976
11
0.2845335826771653
21
0.3599747244094488
0
LINE
8
BLACK
6
CONTINUOUS
10
0.2845335826771653
20
0.3599747244094488
11
0.2845335826771653
21
0.3599747637795275
0
LINE
8
BLACK
6
CONTINUOUS
10
0.2845335826771653
20
0.3599747637795275
11
0.2836776771653543
21
0.3601186614173228
0
LINE
8
BLACK
6
CONTINUOUS
10
0.2836776771653543
20
0.3601186614173228
11
0.2832807480314961
21
0.3601816535433071
0
LINE
8
BLACK
6
CONTINUOUS
10
0.2832807480314961
20
0.3601816535433071
11
0.2832851181102362
21
0.3602094094488189
0
LINE
8
BLACK
6
CONTINUOUS
10
0.2832851181102362
20
0.3602094094488189
11
0.2820324015748031
21
0.3608917716535433
0
LINE
8
BLACK
6
CONTINUOUS
10
0.2820324015748031
20
0.3608917716535433
11
0.2817407874015748
21
0.3613860236220472
0
LINE
8
BLACK
6
CONTINUOUS
10
0.2817407874015748
20
0.3613860236220472
11
0.2816394881889764
21
0.3616347637795275
0
LINE
8
BLACK
6
CONTINUOUS
10
0.2816394881889764
20
0.3616347637795275
11
0.2815060236220472
21
0.3621609842519685
0
LINE
8
BLACK
6
CONTINUOUS
10
0.2815060236220472
20
0.3621609842519685
11
0.2814276377952756
21
0.3628701574803149
0
LINE
8
BLACK
6
CONTINUOUS
10
0.2814276377952756
20
0.3628701574803149
11
0.2814178346456693
21
0.3629949606299213
0
LINE
8
BLACK
6
CONTINUOUS
10
0.2814178346456693
20
0.3629949606299213
11
0.2813660236220472
21
0.3641089763779528
0
LINE
8
BLACK
6
CONTINUOUS
10
0.2813660236220472
20
0.3641089763779528
11
0.2813640944881889
21
0.3641715748031496
0
LINE
8
BLACK
6
CONTINUOUS
10
0.2813640944881889
20
0.3641715748031496
11
0.2813426377952756
21
0.365634842519685
0
LINE
8
BLACK
6
CONTINUOUS
10
0.2813426377952756
20
0.365634842519685
11
0.2813424409448819
21
0.3656604724409449
0
LINE
8
BLACK
6
CONTINUOUS
10
0.2813424409448819
20
0.3656604724409449
11
0.2813420472440945
21
0.3659014173228347
0
LINE
8
BLACK
6
CONTINUOUS
10
0.2813420472440945
20
0.3659014173228347
11
0.2813420472440945
21
0.3696807874015748
0
LINE
8
BLACK
6
CONTINUOUS
10
0.2813420472440945
20
0.3696807874015748
11
0.2819186220472441
21
0.3710727165354331
0
LINE
8
BLACK
6
CONTINUOUS
10
0.2819186220472441
20
0.3710727165354331
11
0.2833105511811024
21
0.3716492913385827
0
LINE
8
BLACK
6
CONTINUOUS
10
0.2833105511811024
20
0.3716492913385827
11
0.283675748031496
21
0.3716151181102362
0
LINE
8
BLACK
6
CONTINUOUS
10
0.2602579527559055
20
0.3936446850393701
11
0.2613441732283465
21
0.3925584645669291
0
LINE
8
BLACK
6
CONTINUOUS
10
0.2613441732283465
20
0.3925584645669291
11
0.2619320472440945
21
0.3911392519685039
0
LINE
8
BLACK
6
CONTINUOUS
10
0.2619320472440945
20
0.3911392519685039
11
0.2620076771653543
21
0.3903711811023622
0
LINE
8
BLACK
6
CONTINUOUS
10
0.2620076771653543
20
0.3903711811023622
11
0.2620076771653543
21
0.361124842519685
0
LINE
8
BLACK
6
CONTINUOUS
10
0.2620076771653543
20
0.361124842519685
11
0.2619320472440945
21
0.3603567716535433
0
LINE
8
BLACK
6
CONTINUOUS
10
0.2619320472440945
20
0.3603567716535433
11
0.2613441732283465
21
0.3589375590551181
0
LINE
8
BLACK
6
CONTINUOUS
10
0.2613441732283465
20
0.3589375590551181
11
0.2602579527559055
21
0.3578513385826771
0
LINE
8
BLACK
6
CONTINUOUS
10
0.2602579527559055
20
0.3578513385826771
11
0.2588387401574803
21
0.3572634645669291
0
LINE
8
BLACK
6
CONTINUOUS
10
0.2588387401574803
20
0.3572634645669291
11
0.2573025984251969
21
0.3572634645669291
0
LINE
8
BLACK
6
CONTINUOUS
10
0.2573025984251969
20
0.3572634645669291
11
0.2558833858267717
21
0.3578513385826771
0
LINE
8
BLACK
6
CONTINUOUS
10
0.2558833858267717
20
0.3578513385826771
11
0.2547971653543307
21
0.3589375590551181
0
LINE
8
BLACK
6
CONTINUOUS
10
0.2547971653543307
20
0.3589375590551181
11
0.2542092913385827
21
0.3603567716535433
0
LINE
8
BLACK
6
CONTINUOUS
10
0.2542092913385827
20
0.3603567716535433
11
0.2541336614173229
21
0.361124842519685
0
LINE
8
BLACK
6
CONTINUOUS
10
0.2541336614173229
20
0.361124842519685
11
0.2541336614173229
21
0.3718109842519685
0
LINE
8
BLACK
6
CONTINUOUS
10
0.2541336614173229
20
0.3718109842519685
11
0.2068895669291339
21
0.3718109842519685
0
LINE
8
BLACK
6
CONTINUOUS
10
0.2068895669291339
20
0.3718109842519685
11
0.2061214960629921
21
0.3718866141732283
0
LINE
8
BLACK
6
CONTINUOUS
10
0.2061214960629921
20
0.3718866141732283
11
0.2047022834645669
21
0.3724744881889764
0
LINE
8
BLACK
6
CONTINUOUS
10
0.2047022834645669
20
0.3724744881889764
11
0.203616062992126
21
0.3735607086614173
0
LINE
8
BLACK
6
CONTINUOUS
10
0.203616062992126
20
0.3735607086614173
11
0.2030281889763779
21
0.3749799212598425
0
LINE
8
BLACK
6
CONTINUOUS
10
0.2030281889763779
20
0.3749799212598425
11
0.2030281889763779
21
0.376516062992126
0
LINE
8
BLACK
6
CONTINUOUS
10
0.2030281889763779
20
0.376516062992126
11
0.203616062992126
21
0.3779352755905512
0
LINE
8
BLACK
6
CONTINUOUS
10
0.203616062992126
20
0.3779352755905512
11
0.2047022834645669
21
0.3790214960629921
0
LINE
8
BLACK
6
CONTINUOUS
10
0.2047022834645669
20
0.3790214960629921
11
0.2061214960629921
21
0.3796093700787401
0
LINE
8
BLACK
6
CONTINUOUS
10
0.2061214960629921
20
0.3796093700787401
11
0.2068895669291339
21
0.379685
0
LINE
8
BLACK
6
CONTINUOUS
10
0.2068895669291339
20
0.379685
11
0.2541336614173229
21
0.379685
0
LINE
8
BLACK
6
CONTINUOUS
10
0.2541336614173229
20
0.379685
11
0.2541336614173229
21
0.3903711811023622
0
LINE
8
BLACK
6
CONTINUOUS
10
0.2541336614173229
20
0.3903711811023622
11
0.2542092913385827
21
0.3911392519685039
0
LINE
8
BLACK
6
CONTINUOUS
10
0.2542092913385827
20
0.3911392519685039
11
0.2547971653543307
21
0.3925584645669291
0
LINE
8
BLACK
6
CONTINUOUS
10
0.2547971653543307
20
0.3925584645669291
11
0.2558833858267717
21
0.3936446850393701
0
LINE
8
BLACK
6
CONTINUOUS
10
0.2558833858267717
20
0.3936446850393701
11
0.2573025984251969
21
0.3942325590551181
0
LINE
8
BLACK
6
CONTINUOUS
10
0.2573025984251969
20
0.3942325590551181
11
0.2588387401574803
21
0.3942325590551181
0
LINE
8
BLACK
6
CONTINUOUS
10
0.2588387401574803
20
0.3942325590551181
11
0.2602579527559055
21
0.3936446850393701
0
LINE
8
BLACK
6
CONTINUOUS
10
0.0703815748031496
20
0.3841746062992126
11
0.0714459842519685
21
0.3837337007874015
0
LINE
8
BLACK
6
CONTINUOUS
10
0.0714459842519685
20
0.3837337007874015
11
0.0722606299212598
21
0.3829190551181103
0
LINE
8
BLACK
6
CONTINUOUS
10
0.0722606299212598
20
0.3829190551181103
11
0.0727015354330709
21
0.3818546456692913
0
LINE
8
BLACK
6
CONTINUOUS
10
0.0727015354330709
20
0.3818546456692913
11
0.0727015354330709
21
0.3807025196850394
0
LINE
8
BLACK
6
CONTINUOUS
10
0.0727015354330709
20
0.3807025196850394
11
0.0722606299212598
21
0.3796381102362205
0
LINE
8
BLACK
6
CONTINUOUS
10
0.0722606299212598
20
0.3796381102362205
11
0.0714459842519685
21
0.3788234645669291
0
LINE
8
BLACK
6
CONTINUOUS
10
0.0714459842519685
20
0.3788234645669291
11
0.0703815748031496
21
0.3783825590551181
0
LINE
8
BLACK
6
CONTINUOUS
10
0.0703815748031496
20
0.3783825590551181
11
0.0698055118110236
21
0.3783258267716536
0
LINE
8
BLACK
6
CONTINUOUS
10
0.0698055118110236
20
0.3783258267716536
11
0.0540046062992126
21
0.3783258267716536
0
LINE
8
BLACK
6
CONTINUOUS
10
0.0540046062992126
20
0.3783258267716536
11
0.0525087795275591
21
0.3775779133858267
0
LINE
8
BLACK
6
CONTINUOUS
10
0.0525087795275591
20
0.3775779133858267
11
0.0517608661417323
21
0.3760820866141732
0
LINE
8
BLACK
6
CONTINUOUS
10
0.0517608661417323
20
0.3760820866141732
11
0.0517608661417323
21
0.372976811023622
0
LINE
8
BLACK
6
CONTINUOUS
10
0.0517608661417323
20
0.372976811023622
11
0.0527346850393701
21
0.3710291732283464
0
LINE
8
BLACK
6
CONTINUOUS
10
0.0527346850393701
20
0.3710291732283464
11
0.0530308267716535
21
0.370733031496063
0
LINE
8
BLACK
6
CONTINUOUS
10
0.0530308267716535
20
0.370733031496063
11
0.0698055118110236
21
0.370733031496063
0
LINE
8
BLACK
6
CONTINUOUS
10
0.0698055118110236
20
0.370733031496063
11
0.0703815748031496
21
0.3706762992125984
0
LINE
8
BLACK
6
CONTINUOUS
10
0.0703815748031496
20
0.3706762992125984
11
0.0714459842519685
21
0.3702353937007874
0
LINE
8
BLACK
6
CONTINUOUS
10
0.0714459842519685
20
0.3702353937007874
11
0.0722606299212598
21
0.369420748031496
0
LINE
8
BLACK
6
CONTINUOUS
10
0.0722606299212598
20
0.369420748031496
11
0.0727015354330709
21
0.3683563385826771
0
LINE
8
BLACK
6
CONTINUOUS
10
0.0727015354330709
20
0.3683563385826771
11
0.0727015354330709
21
0.3672042125984252
0
LINE
8
BLACK
6
CONTINUOUS
10
0.0727015354330709
20
0.3672042125984252
11
0.0722606299212598
21
0.3661398031496063
0
LINE
8
BLACK
6
CONTINUOUS
10
0.0722606299212598
20
0.3661398031496063
11
0.0714459842519685
21
0.365325157480315
0
LINE
8
BLACK
6
CONTINUOUS
10
0.0714459842519685
20
0.365325157480315
11
0.0703815748031496
21
0.3648842519685039
0
LINE
8
BLACK
6
CONTINUOUS
10
0.0703815748031496
20
0.3648842519685039
11
0.0698055118110236
21
0.3648275196850393
0
LINE
8
BLACK
6
CONTINUOUS
10
0.0698055118110236
20
0.3648275196850393
11
0.0488081102362205
21
0.3648275196850393
0
LINE
8
BLACK
6
CONTINUOUS
10
0.0488081102362205
20
0.3648275196850393
11
0.0482320472440945
21
0.3648842519685039
0
LINE
8
BLACK
6
CONTINUOUS
10
0.0482320472440945
20
0.3648842519685039
11
0.0471676377952756
21
0.365325157480315
0
LINE
8
BLACK
6
CONTINUOUS
10
0.0471676377952756
20
0.365325157480315
11
0.0463529921259843
21
0.3661398031496063
0
LINE
8
BLACK
6
CONTINUOUS
10
0.0463529921259843
20
0.3661398031496063
11
0.0459120866141732
21
0.3672042125984252
0
LINE
8
BLACK
6
CONTINUOUS
10
0.0459120866141732
20
0.3672042125984252
11
0.0459120866141732
21
0.3683563385826771
0
LINE
8
BLACK
6
CONTINUOUS
10
0.0459120866141732
20
0.3683563385826771
11
0.0463529921259843
21
0.369420748031496
0
LINE
8
BLACK
6
CONTINUOUS
10
0.0463529921259843
20
0.369420748031496
11
0.0467418503937008
21
0.3698096456692913
0
LINE
8
BLACK
6
CONTINUOUS
10
0.0467418503937008
20
0.3698096456692913
11
0.0461670866141732
21
0.3709592125984252
0
LINE
8
BLACK
6
CONTINUOUS
10
0.0461670866141732
20
0.3709592125984252
11
0.0459601968503937
21
0.3714998031496063
0
LINE
8
BLACK
6
CONTINUOUS
10
0.0459601968503937
20
0.3714998031496063
11
0.0459526377952756
21
0.3716057086614173
0
LINE
8
BLACK
6
CONTINUOUS
10
0.0459526377952756
20
0.3716057086614173
11
0.0459120866141732
21
0.3717036614173228
0
LINE
8
BLACK
6
CONTINUOUS
10
0.0459120866141732
20
0.3717036614173228
11
0.0458553543307087
21
0.3722797244094488
0
LINE
8
BLACK
6
CONTINUOUS
10
0.0458553543307087
20
0.3722797244094488
11
0.0458553543307087
21
0.3767791732283465
0
LINE
8
BLACK
6
CONTINUOUS
10
0.0458553543307087
20
0.3767791732283465
11
0.0459120866141732
21
0.3773552362204725
0
LINE
8
BLACK
6
CONTINUOUS
10
0.0459120866141732
20
0.3773552362204725
11
0.0459526377952756
21
0.3774532283464567
0
LINE
8
BLACK
6
CONTINUOUS
10
0.0459526377952756
20
0.3774532283464567
11
0.0459601968503937
21
0.377559094488189
0
LINE
8
BLACK
6
CONTINUOUS
10
0.0459601968503937
20
0.377559094488189
11
0.0461670866141732
21
0.3780997244094488
0
LINE
8
BLACK
6
CONTINUOUS
10
0.0461670866141732
20
0.3780997244094488
11
0.0476669291338583
21
0.3810992913385827
0
LINE
8
BLACK
6
CONTINUOUS
10
0.0476669291338583
20
0.3810992913385827
11
0.0477275590551181
21
0.3811956299212598
0
LINE
8
BLACK
6
CONTINUOUS
10
0.0477275590551181
20
0.3811956299212598
11
0.0477427165354331
21
0.381241062992126
0
LINE
8
BLACK
6
CONTINUOUS
10
0.0477427165354331
20
0.381241062992126
11
0.047791811023622
21
0.381297716535433
0
LINE
8
BLACK
6
CONTINUOUS
10
0.047791811023622
20
0.381297716535433
11
0.0479753149606299
21
0.3815891732283465
0
LINE
8
BLACK
6
CONTINUOUS
10
0.0479753149606299
20
0.3815891732283465
11
0.0482548818897638
21
0.3818316929133858
0
LINE
8
BLACK
6
CONTINUOUS
10
0.0482548818897638
20
0.3818316929133858
11
0.0484975590551181
21
0.3821114566929134
0
LINE
8
BLACK
6
CONTINUOUS
10
0.0484975590551181
20
0.3821114566929134
11
0.048789094488189
21
0.382295
0
LINE
8
BLACK
6
CONTINUOUS
10
0.048789094488189
20
0.382295
11
0.0488456692913386
21
0.3823440157480315
0
LINE
8
BLACK
6
CONTINUOUS
10
0.0488456692913386
20
0.3823440157480315
11
0.048891062992126
21
0.3823591732283464
0
LINE
8
BLACK
6
CONTINUOUS
10
0.048891062992126
20
0.3823591732283464
11
0.0489874409448819
21
0.3824198031496063
0
LINE
8
BLACK
6
CONTINUOUS
10
0.0489874409448819
20
0.3824198031496063
11
0.0519870472440945
21
0.3839196062992126
0
LINE
8
BLACK
6
CONTINUOUS
10
0.0519870472440945
20
0.3839196062992126
11
0.0525276771653543
21
0.3841264960629921
0
LINE
8
BLACK
6
CONTINUOUS
10
0.0525276771653543
20
0.3841264960629921
11
0.0526334645669291
21
0.3841340157480315
0
LINE
8
BLACK
6
CONTINUOUS
10
0.0526334645669291
20
0.3841340157480315
11
0.0527314960629921
21
0.3841746062992126
0
LINE
8
BLACK
6
CONTINUOUS
10
0.0527314960629921
20
0.3841746062992126
11
0.0533075590551181
21
0.3842313385826772
0
LINE
8
BLACK
6
CONTINUOUS
10
0.0533075590551181
20
0.3842313385826772
11
0.0698055118110236
21
0.3842313385826772
0
LINE
8
BLACK
6
CONTINUOUS
10
0.0698055118110236
20
0.3842313385826772
11
0.0703815748031496
21
0.3841746062992126
0
LINE
8
BLACK
6
CONTINUOUS
10
0.1210884645669291
20
0.3849245275590551
11
0.122152874015748
21
0.3844836220472441
0
LINE
8
BLACK
6
CONTINUOUS
10
0.122152874015748
20
0.3844836220472441
11
0.1229675196850394
21
0.3836689763779527
0
LINE
8
BLACK
6
CONTINUOUS
10
0.1229675196850394
20
0.3836689763779527
11
0.1234084251968504
21
0.3826045669291339
0
LINE
8
BLACK
6
CONTINUOUS
10
0.1234084251968504
20
0.3826045669291339
11
0.1234084251968504
21
0.3814524409448819
0
LINE
8
BLACK
6
CONTINUOUS
10
0.1234084251968504
20
0.3814524409448819
11
0.1229675196850394
21
0.380388031496063
0
LINE
8
BLACK
6
CONTINUOUS
10
0.1229675196850394
20
0.380388031496063
11
0.122152874015748
21
0.3795733858267716
0
LINE
8
BLACK
6
CONTINUOUS
10
0.122152874015748
20
0.3795733858267716
11
0.1210884645669291
21
0.3791324803149606
0
LINE
8
BLACK
6
CONTINUOUS
10
0.1210884645669291
20
0.3791324803149606
11
0.1205124015748031
21
0.3790757480314961
0
LINE
8
BLACK
6
CONTINUOUS
10
0.1205124015748031
20
0.3790757480314961
11
0.1047114960629921
21
0.3790757480314961
0
LINE
8
BLACK
6
CONTINUOUS
10
0.1047114960629921
20
0.3790757480314961
11
0.1032156692913386
21
0.3783278346456693
0
LINE
8
BLACK
6
CONTINUOUS
10
0.1032156692913386
20
0.3783278346456693
11
0.1024677559055118
21
0.3768320078740157
0
LINE
8
BLACK
6
CONTINUOUS
10
0.1024677559055118
20
0.3768320078740157
11
0.1024677559055118
21
0.3737267322834645
0
LINE
8
BLACK
6
CONTINUOUS
10
0.1024677559055118
20
0.3737267322834645
11
0.1034415748031496
21
0.371779094488189
0
LINE
8
BLACK
6
CONTINUOUS
10
0.1034415748031496
20
0.371779094488189
11
0.1037377165354331
21
0.3714829527559055
0
LINE
8
BLACK
6
CONTINUOUS
10
0.1037377165354331
20
0.3714829527559055
11
0.1205124015748031
21
0.3714829527559055
0
LINE
8
BLACK
6
CONTINUOUS
10
0.1205124015748031
20
0.3714829527559055
11
0.1210884645669291
21
0.3714262204724409
0
LINE
8
BLACK
6
CONTINUOUS
10
0.1210884645669291
20
0.3714262204724409
11
0.122152874015748
21
0.3709853149606299
0
LINE
8
BLACK
6
CONTINUOUS
10
0.122152874015748
20
0.3709853149606299
11
0.1229675196850394
21
0.3701706692913386
0
LINE
8
BLACK
6
CONTINUOUS
10
0.1229675196850394
20
0.3701706692913386
11
0.1234084251968504
21
0.3691062598425197
0
LINE
8
BLACK
6
CONTINUOUS
10
0.1234084251968504
20
0.3691062598425197
11
0.1234084251968504
21
0.3679541338582677
0
LINE
8
BLACK
6
CONTINUOUS
10
0.1234084251968504
20
0.3679541338582677
11
0.1229675196850394
21
0.3668897244094488
0
LINE
8
BLACK
6
CONTINUOUS
10
0.1229675196850394
20
0.3668897244094488
11
0.122152874015748
21
0.3660750787401575
0
LINE
8
BLACK
6
CONTINUOUS
10
0.122152874015748
20
0.3660750787401575
11
0.1210884645669291
21
0.3656341732283465
0
LINE
8
BLACK
6
CONTINUOUS
10
0.1210884645669291
20
0.3656341732283465
11
0.1205124015748031
21
0.3655774409448819
0
LINE
8
BLACK
6
CONTINUOUS
10
0.1205124015748031
20
0.3655774409448819
11
0.099515
21
0.3655774409448819
0
LINE
8
BLACK
6
CONTINUOUS
10
0.099515
20
0.3655774409448819
11
0.098938937007874
21
0.3656341732283465
0
LINE
8
BLACK
6
CONTINUOUS
10
0.098938937007874
20
0.3656341732283465
11
0.0978745275590551
21
0.3660750787401575
0
LINE
8
BLACK
6
CONTINUOUS
10
0.0978745275590551
20
0.3660750787401575
11
0.0970598818897638
21
0.3668897244094488
0
LINE
8
BLACK
6
CONTINUOUS
10
0.0970598818897638
20
0.3668897244094488
11
0.0966189763779527
21
0.3679541338582677
0
LINE
8
BLACK
6
CONTINUOUS
10
0.0966189763779527
20
0.3679541338582677
11
0.0966189763779527
21
0.3691062598425197
0
LINE
8
BLACK
6
CONTINUOUS
10
0.0966189763779527
20
0.3691062598425197
11
0.0970598818897638
21
0.3701706692913386
0
LINE
8
BLACK
6
CONTINUOUS
10
0.0970598818897638
20
0.3701706692913386
11
0.0974487401574803
21
0.3705595669291338
0
LINE
8
BLACK
6
CONTINUOUS
10
0.0974487401574803
20
0.3705595669291338
11
0.0968739763779528
21
0.3717091338582677
0
LINE
8
BLACK
6
CONTINUOUS
10
0.0968739763779528
20
0.3717091338582677
11
0.0966670866141732
21
0.3722497244094488
0
LINE
8
BLACK
6
CONTINUOUS
10
0.0966670866141732
20
0.3722497244094488
11
0.0966595275590551
21
0.3723556299212598
0
LINE
8
BLACK
6
CONTINUOUS
10
0.0966595275590551
20
0.3723556299212598
11
0.0966189763779527
21
0.3724535826771653
0
LINE
8
BLACK
6
CONTINUOUS
10
0.0966189763779527
20
0.3724535826771653
11
0.0965622440944882
21
0.3730296456692913
0
LINE
8
BLACK
6
CONTINUOUS
10
0.0965622440944882
20
0.3730296456692913
11
0.0965622440944882
21
0.3775290944881889
0
LINE
8
BLACK
6
CONTINUOUS
10
0.0965622440944882
20
0.3775290944881889
11
0.0966189763779527
21
0.378105157480315
0
LINE
8
BLACK
6
CONTINUOUS
10
0.0966189763779527
20
0.378105157480315
11
0.0966595275590551
21
0.3782031496062992
0
LINE
8
BLACK
6
CONTINUOUS
10
0.0966595275590551
20
0.3782031496062992
11
0.0966670866141732
21
0.3783090157480315
0
LINE
8
BLACK
6
CONTINUOUS
10
0.0966670866141732
20
0.3783090157480315
11
0.0968739763779528
21
0.3788496456692914
0
LINE
8
BLACK
6
CONTINUOUS
10
0.0968739763779528
20
0.3788496456692914
11
0.0983738188976378
21
0.3818492125984252
0
LINE
8
BLACK
6
CONTINUOUS
10
0.0983738188976378
20
0.3818492125984252
11
0.0984344488188976
21
0.3819455511811023
0
LINE
8
BLACK
6
CONTINUOUS
10
0.0984344488188976
20
0.3819455511811023
11
0.0984496062992126
21
0.3819909842519685
0
LINE
8
BLACK
6
CONTINUOUS
10
0.0984496062992126
20
0.3819909842519685
11
0.0984987007874016
21
0.3820476377952756
0
LINE
8
BLACK
6
CONTINUOUS
10
0.0984987007874016
20
0.3820476377952756
11
0.0986822047244094
21
0.382339094488189
0
LINE
8
BLACK
6
CONTINUOUS
10
0.0986822047244094
20
0.382339094488189
11
0.0989617716535433
21
0.3825816141732283
0
LINE
8
BLACK
6
CONTINUOUS
10
0.0989617716535433
20
0.3825816141732283
11
0.0992044488188976
21
0.3828613779527559
0
LINE
8
BLACK
6
CONTINUOUS
10
0.0992044488188976
20
0.3828613779527559
11
0.0994959842519685
21
0.3830449212598425
0
LINE
8
BLACK
6
CONTINUOUS
10
0.0994959842519685
20
0.3830449212598425
11
0.0995525590551181
21
0.383093937007874
0
LINE
8
BLACK
6
CONTINUOUS
10
0.0995525590551181
20
0.383093937007874
11
0.0995979527559055
21
0.383109094488189
0
LINE
8
BLACK
6
CONTINUOUS
10
0.0995979527559055
20
0.383109094488189
11
0.0996943307086614
21
0.3831697244094488
0
LINE
8
BLACK
6
CONTINUOUS
10
0.0996943307086614
20
0.3831697244094488
11
0.102693937007874
21
0.3846695275590551
0
LINE
8
BLACK
6
CONTINUOUS
10
0.102693937007874
20
0.3846695275590551
11
0.1032345669291339
21
0.3848764173228346
0
LINE
8
BLACK
6
CONTINUOUS
10
0.1032345669291339
20
0.3848764173228346
11
0.1033403543307087
21
0.384883937007874
0
LINE
8
BLACK
6
CONTINUOUS
10
0.1033403543307087
20
0.384883937007874
11
0.1034383858267716
21
0.3849245275590551
0
LINE
8
BLACK
6
CONTINUOUS
10
0.1034383858267716
20
0.3849245275590551
11
0.1040144488188976
21
0.3849812598425197
0
LINE
8
BLACK
6
CONTINUOUS
10
0.1040144488188976
20
0.3849812598425197
11
0.1205124015748031
21
0.3849812598425197
0
LINE
8
BLACK
6
CONTINUOUS
10
0.1205124015748031
20
0.3849812598425197
11
0.1210884645669291
21
0.3849245275590551
0
LINE
8
BLACK
6
CONTINUOUS
10
0.0643823228346457
20
0.414170905511811
11
0.0644802755905512
21
0.4141303543307087
0
LINE
8
BLACK
6
CONTINUOUS
10
0.0644802755905512
20
0.4141303543307087
11
0.0645861811023622
21
0.4141227952755905
0
LINE
8
BLACK
6
CONTINUOUS
10
0.0645861811023622
20
0.4141227952755905
11
0.065126811023622
21
0.413915905511811
0
LINE
8
BLACK
6
CONTINUOUS
10
0.065126811023622
20
0.413915905511811
11
0.0681263779527559
21
0.412416062992126
0
LINE
8
BLACK
6
CONTINUOUS
10
0.0681263779527559
20
0.412416062992126
11
0.0683742519685039
21
0.4122600393700787
0
LINE
8
BLACK
6
CONTINUOUS
10
0.0683742519685039
20
0.4122600393700787
11
0.0684463385826772
21
0.4122301574803149
0
LINE
8
BLACK
6
CONTINUOUS
10
0.0684463385826772
20
0.4122301574803149
11
0.0685274803149606
21
0.4121635826771654
0
LINE
8
BLACK
6
CONTINUOUS
10
0.0685274803149606
20
0.4121635826771654
11
0.0686162598425197
21
0.4121076771653543
0
LINE
8
BLACK
6
CONTINUOUS
10
0.0686162598425197
20
0.4121076771653543
11
0.0686672834645669
21
0.4120488188976378
0
LINE
8
BLACK
6
CONTINUOUS
10
0.0686672834645669
20
0.4120488188976378
11
0.0688937795275591
21
0.4118629527559055
0
LINE
8
BLACK
6
CONTINUOUS
10
0.0688937795275591
20
0.4118629527559055
11
0.0703935826771653
21
0.4103631496062992
0
LINE
8
BLACK
6
CONTINUOUS
10
0.0703935826771653
20
0.4103631496062992
11
0.0705794094488189
21
0.4101366929133858
0
LINE
8
BLACK
6
CONTINUOUS
10
0.0705794094488189
20
0.4101366929133858
11
0.0706383070866142
21
0.4100856299212599
0
LINE
8
BLACK
6
CONTINUOUS
10
0.0706383070866142
20
0.4100856299212599
11
0.0706941732283465
21
0.4099968503937008
0
LINE
8
BLACK
6
CONTINUOUS
10
0.0706941732283465
20
0.4099968503937008
11
0.0707607874015748
21
0.4099157086614173
0
LINE
8
BLACK
6
CONTINUOUS
10
0.0707607874015748
20
0.4099157086614173
11
0.0707905905511811
21
0.4098437401574803
0
LINE
8
BLACK
6
CONTINUOUS
10
0.0707905905511811
20
0.4098437401574803
11
0.0709466929133858
21
0.4095957874015748
0
LINE
8
BLACK
6
CONTINUOUS
10
0.0709466929133858
20
0.4095957874015748
11
0.0724464960629921
21
0.4065961811023622
0
LINE
8
BLACK
6
CONTINUOUS
10
0.0724464960629921
20
0.4065961811023622
11
0.0726533858267717
21
0.4060555511811024
0
LINE
8
BLACK
6
CONTINUOUS
10
0.0726533858267717
20
0.4060555511811024
11
0.0726608661417323
21
0.4059498031496063
0
LINE
8
BLACK
6
CONTINUOUS
10
0.0726608661417323
20
0.4059498031496063
11
0.0727015354330709
21
0.4058516929133858
0
LINE
8
BLACK
6
CONTINUOUS
10
0.0727015354330709
20
0.4058516929133858
11
0.0727582677165354
21
0.4052756299212598
0
LINE
8
BLACK
6
CONTINUOUS
10
0.0727582677165354
20
0.4052756299212598
11
0.0727582677165354
21
0.4007761811023622
0
LINE
8
BLACK
6
CONTINUOUS
10
0.0727582677165354
20
0.4007761811023622
11
0.0727015354330709
21
0.4002001181102362
0
LINE
8
BLACK
6
CONTINUOUS
10
0.0727015354330709
20
0.4002001181102362
11
0.0726609448818898
21
0.4001021653543307
0
LINE
8
BLACK
6
CONTINUOUS
10
0.0726609448818898
20
0.4001021653543307
11
0.0726534251968504
21
0.3999962598425197
0
LINE
8
BLACK
6
CONTINUOUS
10
0.0726534251968504
20
0.3999962598425197
11
0.0724465354330709
21
0.3994556299212598
0
LINE
8
BLACK
6
CONTINUOUS
10
0.0724465354330709
20
0.3994556299212598
11
0.0709466929133858
21
0.3964560236220472
0
LINE
8
BLACK
6
CONTINUOUS
10
0.0709466929133858
20
0.3964560236220472
11
0.0707906299212598
21
0.3962081496062992
0
LINE
8
BLACK
6
CONTINUOUS
10
0.0707906299212598
20
0.3962081496062992
11
0.0707607874015748
21
0.3961360629921259
0
LINE
8
BLACK
6
CONTINUOUS
10
0.0707607874015748
20
0.3961360629921259
11
0.0706941732283465
21
0.3960549212598425
0
LINE
8
BLACK
6
CONTINUOUS
10
0.0706941732283465
20
0.3960549212598425
11
0.0706383070866142
21
0.3959661417322834
0
LINE
8
BLACK
6
CONTINUOUS
10
0.0706383070866142
20
0.3959661417322834
11
0.0705794094488189
21
0.3959151181102362
0
LINE
8
BLACK
6
CONTINUOUS
10
0.0705794094488189
20
0.3959151181102362
11
0.0703935826771653
21
0.3956886220472441
0
LINE
8
BLACK
6
CONTINUOUS
10
0.0703935826771653
20
0.3956886220472441
11
0.0688937795275591
21
0.3941888188976378
0
LINE
8
BLACK
6
CONTINUOUS
10
0.0688937795275591
20
0.3941888188976378
11
0.0686674015748032
21
0.3940030708661417
0
LINE
8
BLACK
6
CONTINUOUS
10
0.0686674015748032
20
0.3940030708661417
11
0.0686162598425197
21
0.3939440551181102
0
LINE
8
BLACK
6
CONTINUOUS
10
0.0686162598425197
20
0.3939440551181102
11
0.0685272834645669
21
0.3938881102362204
0
LINE
8
BLACK
6
CONTINUOUS
10
0.0685272834645669
20
0.3938881102362204
11
0.0684463385826772
21
0.3938216141732284
0
LINE
8
BLACK
6
CONTINUOUS
10
0.0684463385826772
20
0.3938216141732284
11
0.0683743700787402
21
0.393791811023622
0
LINE
8
BLACK
6
CONTINUOUS
10
0.0683743700787402
20
0.393791811023622
11
0.0681263779527559
21
0.3936357086614173
0
LINE
8
BLACK
6
CONTINUOUS
10
0.0681263779527559
20
0.3936357086614173
11
0.0651267716535433
21
0.392135905511811
0
LINE
8
BLACK
6
CONTINUOUS
10
0.0651267716535433
20
0.392135905511811
11
0.0645861417322835
21
0.3919290157480315
0
LINE
8
BLACK
6
CONTINUOUS
10
0.0645861417322835
20
0.3919290157480315
11
0.0644803149606299
21
0.3919215354330708
0
LINE
8
BLACK
6
CONTINUOUS
10
0.0644803149606299
20
0.3919215354330708
11
0.0643823228346457
21
0.391880905511811
0
LINE
8
BLACK
6
CONTINUOUS
10
0.0643823228346457
20
0.391880905511811
11
0.0638062598425197
21
0.3918241732283465
0
LINE
8
BLACK
6
CONTINUOUS
10
0.0638062598425197
20
0.3918241732283465
11
0.0548073622047244
21
0.3918241732283465
0
LINE
8
BLACK
6
CONTINUOUS
10
0.0548073622047244
20
0.3918241732283465
11
0.0542312992125984
21
0.391880905511811
0
LINE
8
BLACK
6
CONTINUOUS
10
0.0542312992125984
20
0.391880905511811
11
0.0541332677165354
21
0.3919215354330708
0
LINE
8
BLACK
6
CONTINUOUS
10
0.0541332677165354
20
0.3919215354330708
11
0.0540274803149606
21
0.3919290157480315
0
LINE
8
BLACK
6
CONTINUOUS
10
0.0540274803149606
20
0.3919290157480315
11
0.0534868503937008
21
0.392135905511811
0
LINE
8
BLACK
6
CONTINUOUS
10
0.0534868503937008
20
0.392135905511811
11
0.0504872440944882
21
0.3936357086614173
0
LINE
8
BLACK
6
CONTINUOUS
10
0.0504872440944882
20
0.3936357086614173
11
0.0502392125984252
21
0.393791811023622
0
LINE
8
BLACK
6
CONTINUOUS
10
0.0502392125984252
20
0.393791811023622
11
0.0501672834645669
21
0.3938216141732284
0
LINE
8
BLACK
6
CONTINUOUS
10
0.0501672834645669
20
0.3938216141732284
11
0.0500862992125984
21
0.3938881102362204
0
LINE
8
BLACK
6
CONTINUOUS
10
0.0500862992125984
20
0.3938881102362204
11
0.0499973622047244
21
0.3939440551181102
0
LINE
8
BLACK
6
CONTINUOUS
10
0.0499973622047244
20
0.3939440551181102
11
0.0499461811023622
21
0.3940030708661417
0
LINE
8
BLACK
6
CONTINUOUS
10
0.0499461811023622
20
0.3940030708661417
11
0.049719842519685
21
0.3941888188976378
0
LINE
8
BLACK
6
CONTINUOUS
10
0.049719842519685
20
0.3941888188976378
11
0.0482200393700787
21
0.3956886220472441
0
LINE
8
BLACK
6
CONTINUOUS
10
0.0482200393700787
20
0.3956886220472441
11
0.0480341732283465
21
0.3959151181102362
0
LINE
8
BLACK
6
CONTINUOUS
10
0.0480341732283465
20
0.3959151181102362
11
0.0479753149606299
21
0.3959661417322834
0
LINE
8
BLACK
6
CONTINUOUS
10
0.0479753149606299
20
0.3959661417322834
11
0.0479194094488189
21
0.3960549212598425
0
LINE
8
BLACK
6
CONTINUOUS
10
0.0479194094488189
20
0.3960549212598425
11
0.0478528346456693
21
0.3961360629921259
0
LINE
8
BLACK
6
CONTINUOUS
10
0.0478528346456693
20
0.3961360629921259
11
0.0478229527559055
21
0.3962081496062992
0
LINE
8
BLACK
6
CONTINUOUS
10
0.0478229527559055
20
0.3962081496062992
11
0.0476669291338583
21
0.3964560236220472
0
LINE
8
BLACK
6
CONTINUOUS
10
0.0476669291338583
20
0.3964560236220472
11
0.0461670866141732
21
0.3994556692913386
0
LINE
8
BLACK
6
CONTINUOUS
10
0.0461670866141732
20
0.3994556692913386
11
0.0459601968503937
21
0.3999962598425197
0
LINE
8
BLACK
6
CONTINUOUS
10
0.0459601968503937
20
0.3999962598425197
11
0.0459526377952756
21
0.4001021653543307
0
LINE
8
BLACK
6
CONTINUOUS
10
0.0459526377952756
20
0.4001021653543307
11
0.0459120866141732
21
0.4002001181102362
0
LINE
8
BLACK
6
CONTINUOUS
10
0.0459120866141732
20
0.4002001181102362
11
0.0458553543307087
21
0.4007761811023622
0
LINE
8
BLACK
6
CONTINUOUS
10
0.0458553543307087
20
0.4007761811023622
11
0.0458553543307087
21
0.4052756299212598
0
LINE
8
BLACK
6
CONTINUOUS
10
0.0458553543307087
20
0.4052756299212598
11
0.0459120866141732
21
0.4058516929133858
0
LINE
8
BLACK
6
CONTINUOUS
10
0.0459120866141732
20
0.4058516929133858
11
0.0459526377952756
21
0.4059496850393701
0
LINE
8
BLACK
6
CONTINUOUS
10
0.0459526377952756
20
0.4059496850393701
11
0.0459601968503937
21
0.4060555511811024
0
LINE
8
BLACK
6
CONTINUOUS
10
0.0459601968503937
20
0.4060555511811024
11
0.0461670866141732
21
0.4065961811023622
0
LINE
8
BLACK
6
CONTINUOUS
10
0.0461670866141732
20
0.4065961811023622
11
0.0476669291338583
21
0.4095957480314961
0
LINE
8
BLACK
6
CONTINUOUS
10
0.0476669291338583
20
0.4095957480314961
11
0.0478229527559055
21
0.4098436614173228
0
LINE
8
BLACK
6
CONTINUOUS
10
0.0478229527559055
20
0.4098436614173228
11
0.0478528346456693
21
0.4099157086614173
0
LINE
8
BLACK
6
CONTINUOUS
10
0.0478528346456693
20
0.4099157086614173
11
0.0479194094488189
21
0.4099968897637795
0
LINE
8
BLACK
6
CONTINUOUS
10
0.0479194094488189
20
0.4099968897637795
11
0.0479753149606299
21
0.4100856299212599
0
LINE
8
BLACK
6
CONTINUOUS
10
0.0479753149606299
20
0.4100856299212599
11
0.0480341732283465
21
0.4101366929133858
0
LINE
8
BLACK
6
CONTINUOUS
10
0.0480341732283465
20
0.4101366929133858
11
0.0482200393700787
21
0.4103631496062992
0
LINE
8
BLACK
6
CONTINUOUS
10
0.0482200393700787
20
0.4103631496062992
11
0.049719842519685
21
0.4118629527559055
0
LINE
8
BLACK
6
CONTINUOUS
10
0.049719842519685
20
0.4118629527559055
11
0.0499462992125984
21
0.4120488188976378
0
LINE
8
BLACK
6
CONTINUOUS
10
0.0499462992125984
20
0.4120488188976378
11
0.0499973622047244
21
0.4121076771653543
0
LINE
8
BLACK
6
CONTINUOUS
10
0.0499973622047244
20
0.4121076771653543
11
0.0500861417322835
21
0.4121635826771654
0
LINE
8
BLACK
6
CONTINUOUS
10
0.0500861417322835
20
0.4121635826771654
11
0.0501672834645669
21
0.4122301574803149
0
LINE
8
BLACK
6
CONTINUOUS
10
0.0501672834645669
20
0.4122301574803149
11
0.0502392519685039
21
0.41226
0
LINE
8
BLACK
6
CONTINUOUS
10
0.0502392519685039
20
0.41226
11
0.0504872047244094
21
0.412416062992126
0
LINE
8
BLACK
6
CONTINUOUS
10
0.0504872047244094
20
0.412416062992126
11
0.053486811023622
21
0.4139158661417323
0
LINE
8
BLACK
6
CONTINUOUS
10
0.053486811023622
20
0.4139158661417323
11
0.0540274409448819
21
0.4141227559055118
0
LINE
8
BLACK
6
CONTINUOUS
10
0.0540274409448819
20
0.4141227559055118
11
0.0541331889763779
21
0.4141302755905512
0
LINE
8
BLACK
6
CONTINUOUS
10
0.0541331889763779
20
0.4141302755905512
11
0.0542312992125984
21
0.414170905511811
0
LINE
8
BLACK
6
CONTINUOUS
10
0.0542312992125984
20
0.414170905511811
11
0.0548073622047244
21
0.4142276377952756
0
LINE
8
BLACK
6
CONTINUOUS
10
0.0548073622047244
20
0.4142276377952756
11
0.0638062598425197
21
0.4142276377952756
0
LINE
8
BLACK
6
CONTINUOUS
10
0.0638062598425197
20
0.4142276377952756
11
0.0643823228346457
21
0.414170905511811
0
LINE
8
BLACK
6
CONTINUOUS
10
0.053556811023622
20
0.4073483070866142
11
0.0527346456692913
21
0.4065261023622047
0
LINE
8
BLACK
6
CONTINUOUS
10
0.0527346456692913
20
0.4065261023622047
11
0.0517608661417323
21
0.4045785433070866
0
LINE
8
BLACK
6
CONTINUOUS
10
0.0517608661417323
20
0.4045785433070866
11
0.0517608661417323
21
0.4014732677165354
0
LINE
8
BLACK
6
CONTINUOUS
10
0.0517608661417323
20
0.4014732677165354
11
0.0527346850393701
21
0.3995256299212598
0
LINE
8
BLACK
6
CONTINUOUS
10
0.0527346850393701
20
0.3995256299212598
11
0.0535568503937008
21
0.3987034645669291
0
LINE
8
BLACK
6
CONTINUOUS
10
0.0535568503937008
20
0.3987034645669291
11
0.0555044094488189
21
0.3977296850393701
0
LINE
8
BLACK
6
CONTINUOUS
10
0.0555044094488189
20
0.3977296850393701
11
0.0631092125984252
21
0.3977296850393701
0
LINE
8
BLACK
6
CONTINUOUS
10
0.0631092125984252
20
0.3977296850393701
11
0.0650567716535433
21
0.3987034645669291
0
LINE
8
BLACK
6
CONTINUOUS
10
0.0650567716535433
20
0.3987034645669291
11
0.065878937007874
21
0.3995256692913386
0
LINE
8
BLACK
6
CONTINUOUS
10
0.065878937007874
20
0.3995256692913386
11
0.0668527559055118
21
0.4014732677165354
0
LINE
8
BLACK
6
CONTINUOUS
10
0.0668527559055118
20
0.4014732677165354
11
0.0668527559055118
21
0.4045785826771653
0
LINE
8
BLACK
6
CONTINUOUS
10
0.0668527559055118
20
0.4045785826771653
11
0.0658788976377953
21
0.4065261811023622
0
LINE
8
BLACK
6
CONTINUOUS
10
0.0658788976377953
20
0.4065261811023622
11
0.0650567322834646
21
0.4073483464566929
0
LINE
8
BLACK
6
CONTINUOUS
10
0.0650567322834646
20
0.4073483464566929
11
0.0631091732283465
21
0.4083221259842519
0
LINE
8
BLACK
6
CONTINUOUS
10
0.0631091732283465
20
0.4083221259842519
11
0.0555044488188976
21
0.4083221259842519
0
LINE
8
BLACK
6
CONTINUOUS
10
0.0555044488188976
20
0.4083221259842519
11
0.053556811023622
21
0.4073483070866142
0
LINE
8
BLACK
6
CONTINUOUS
10
0.1210884645669291
20
0.4134209842519685
11
0.122152874015748
21
0.4129800787401575
0
LINE
8
BLACK
6
CONTINUOUS
10
0.122152874015748
20
0.4129800787401575
11
0.1229675196850394
21
0.4121654330708661
0
LINE
8
BLACK
6
CONTINUOUS
10
0.1229675196850394
20
0.4121654330708661
11
0.1234084251968504
21
0.4111010236220473
0
LINE
8
BLACK
6
CONTINUOUS
10
0.1234084251968504
20
0.4111010236220473
11
0.1234084251968504
21
0.4099488976377952
0
LINE
8
BLACK
6
CONTINUOUS
10
0.1234084251968504
20
0.4099488976377952
11
0.1230429921259843
21
0.4090666929133858
0
LINE
8
BLACK
6
CONTINUOUS
10
0.1230429921259843
20
0.4090666929133858
11
0.1231533858267717
21
0.408845905511811
0
LINE
8
BLACK
6
CONTINUOUS
10
0.1231533858267717
20
0.408845905511811
11
0.1233602755905512
21
0.4083052755905512
0
LINE
8
BLACK
6
CONTINUOUS
10
0.1233602755905512
20
0.4083052755905512
11
0.1233677559055118
21
0.4081995275590551
0
LINE
8
BLACK
6
CONTINUOUS
10
0.1233677559055118
20
0.4081995275590551
11
0.1234084251968504
21
0.4081014173228346
0
LINE
8
BLACK
6
CONTINUOUS
10
0.1234084251968504
20
0.4081014173228346
11
0.123465157480315
21
0.4075253543307086
0
LINE
8
BLACK
6
CONTINUOUS
10
0.123465157480315
20
0.4075253543307086
11
0.123465157480315
21
0.4015261023622047
0
LINE
8
BLACK
6
CONTINUOUS
10
0.123465157480315
20
0.4015261023622047
11
0.1234084251968504
21
0.4009500393700787
0
LINE
8
BLACK
6
CONTINUOUS
10
0.1234084251968504
20
0.4009500393700787
11
0.1233678346456693
21
0.4008520866141732
0
LINE
8
BLACK
6
CONTINUOUS
10
0.1233678346456693
20
0.4008520866141732
11
0.1233603149606299
21
0.4007461811023622
0
LINE
8
BLACK
6
CONTINUOUS
10
0.1233603149606299
20
0.4007461811023622
11
0.1231534251968504
21
0.4002055511811023
0
LINE
8
BLACK
6
CONTINUOUS
10
0.1231534251968504
20
0.4002055511811023
11
0.1216535826771653
21
0.3972059448818898
0
LINE
8
BLACK
6
CONTINUOUS
10
0.1216535826771653
20
0.3972059448818898
11
0.1214975196850394
21
0.3969580708661417
0
LINE
8
BLACK
6
CONTINUOUS
10
0.1214975196850394
20
0.3969580708661417
11
0.1214676771653543
21
0.3968859842519685
0
LINE
8
BLACK
6
CONTINUOUS
10
0.1214676771653543
20
0.3968859842519685
11
0.121401062992126
21
0.396804842519685
0
LINE
8
BLACK
6
CONTINUOUS
10
0.121401062992126
20
0.396804842519685
11
0.1213451968503937
21
0.396716062992126
0
LINE
8
BLACK
6
CONTINUOUS
10
0.1213451968503937
20
0.396716062992126
11
0.1212862992125984
21
0.3966650393700787
0
LINE
8
BLACK
6
CONTINUOUS
10
0.1212862992125984
20
0.3966650393700787
11
0.1211004724409449
21
0.3964385433070866
0
LINE
8
BLACK
6
CONTINUOUS
10
0.1211004724409449
20
0.3964385433070866
11
0.1196006692913386
21
0.3949387401574803
0
LINE
8
BLACK
6
CONTINUOUS
10
0.1196006692913386
20
0.3949387401574803
11
0.1193742913385827
21
0.3947529921259842
0
LINE
8
BLACK
6
CONTINUOUS
10
0.1193742913385827
20
0.3947529921259842
11
0.1193231496062992
21
0.3946939763779527
0
LINE
8
BLACK
6
CONTINUOUS
10
0.1193231496062992
20
0.3946939763779527
11
0.1192341732283465
21
0.394638031496063
0
LINE
8
BLACK
6
CONTINUOUS
10
0.1192341732283465
20
0.394638031496063
11
0.1191532283464567
21
0.3945715354330708
0
LINE
8
BLACK
6
CONTINUOUS
10
0.1191532283464567
20
0.3945715354330708
11
0.1190812598425197
21
0.3945417322834646
0
LINE
8
BLACK
6
CONTINUOUS
10
0.1190812598425197
20
0.3945417322834646
11
0.1188332677165354
21
0.3943856299212598
0
LINE
8
BLACK
6
CONTINUOUS
10
0.1188332677165354
20
0.3943856299212598
11
0.1158336614173228
21
0.3928858267716535
0
LINE
8
BLACK
6
CONTINUOUS
10
0.1158336614173228
20
0.3928858267716535
11
0.115293031496063
21
0.392678937007874
0
LINE
8
BLACK
6
CONTINUOUS
10
0.115293031496063
20
0.392678937007874
11
0.1151872047244095
21
0.3926714566929134
0
LINE
8
BLACK
6
CONTINUOUS
10
0.1151872047244095
20
0.3926714566929134
11
0.1150892125984252
21
0.3926308267716535
0
LINE
8
BLACK
6
CONTINUOUS
10
0.1150892125984252
20
0.3926308267716535
11
0.1145131496062992
21
0.392574094488189
0
LINE
8
BLACK
6
CONTINUOUS
10
0.1145131496062992
20
0.392574094488189
11
0.1055142519685039
21
0.392574094488189
0
LINE
8
BLACK
6
CONTINUOUS
10
0.1055142519685039
20
0.392574094488189
11
0.104938188976378
21
0.3926308267716535
0
LINE
8
BLACK
6
CONTINUOUS
10
0.104938188976378
20
0.3926308267716535
11
0.104840157480315
21
0.3926714566929134
0
LINE
8
BLACK
6
CONTINUOUS
10
0.104840157480315
20
0.3926714566929134
11
0.1047343700787402
21
0.392678937007874
0
LINE
8
BLACK
6
CONTINUOUS
10
0.1047343700787402
20
0.392678937007874
11
0.1041937401574803
21
0.3928858267716535
0
LINE
8
BLACK
6
CONTINUOUS
10
0.1041937401574803
20
0.3928858267716535
11
0.1011941338582677
21
0.3943856299212598
0
LINE
8
BLACK
6
CONTINUOUS
10
0.1011941338582677
20
0.3943856299212598
11
0.1009461023622047
21
0.3945417322834646
0
LINE
8
BLACK
6
CONTINUOUS
10
0.1009461023622047
20
0.3945417322834646
11
0.1008741732283465
21
0.3945715354330708
0
LINE
8
BLACK
6
CONTINUOUS
10
0.1008741732283465
20
0.3945715354330708
11
0.100793188976378
21
0.394638031496063
0
LINE
8
BLACK
6
CONTINUOUS
10
0.100793188976378
20
0.394638031496063
11
0.1007042519685039
21
0.3946939763779527
0
LINE
8
BLACK
6
CONTINUOUS
10
0.1007042519685039
20
0.3946939763779527
11
0.1006530708661417
21
0.3947529921259842
0
LINE
8
BLACK
6
CONTINUOUS
10
0.1006530708661417
20
0.3947529921259842
11
0.1004267322834646
21
0.3949387401574803
0
LINE
8
BLACK
6
CONTINUOUS
10
0.1004267322834646
20
0.3949387401574803
11
0.0989269291338583
21
0.3964385433070866
0
LINE
8
BLACK
6
CONTINUOUS
10
0.0989269291338583
20
0.3964385433070866
11
0.098741062992126
21
0.3966650393700787
0
LINE
8
BLACK
6
CONTINUOUS
10
0.098741062992126
20
0.3966650393700787
11
0.0986822047244094
21
0.396716062992126
0
LINE
8
BLACK
6
CONTINUOUS
10
0.0986822047244094
20
0.396716062992126
11
0.0986262992125984
21
0.396804842519685
0
LINE
8
BLACK
6
CONTINUOUS
10
0.0986262992125984
20
0.396804842519685
11
0.0985597244094488
21
0.3968859842519685
0
LINE
8
BLACK
6
CONTINUOUS
10
0.0985597244094488
20
0.3968859842519685
11
0.098529842519685
21
0.3969580708661417
0
LINE
8
BLACK
6
CONTINUOUS
10
0.098529842519685
20
0.3969580708661417
11
0.0983738188976378
21
0.3972059448818898
0
LINE
8
BLACK
6
CONTINUOUS
10
0.0983738188976378
20
0.3972059448818898
11
0.0968739763779528
21
0.4002055905511811
0
LINE
8
BLACK
6
CONTINUOUS
10
0.0968739763779528
20
0.4002055905511811
11
0.0966670866141732
21
0.4007461811023622
0
LINE
8
BLACK
6
CONTINUOUS
10
0.0966670866141732
20
0.4007461811023622
11
0.0966595275590551
21
0.4008520866141732
0
LINE
8
BLACK
6
CONTINUOUS
10
0.0966595275590551
20
0.4008520866141732
11
0.0966189763779527
21
0.4009500393700787
0
LINE
8
BLACK
6
CONTINUOUS
10
0.0966189763779527
20
0.4009500393700787
11
0.0965622440944882
21
0.4015261023622047
0
LINE
8
BLACK
6
CONTINUOUS
10
0.0965622440944882
20
0.4015261023622047
11
0.0965622440944882
21
0.4075253543307086
0
LINE
8
BLACK
6
CONTINUOUS
10
0.0965622440944882
20
0.4075253543307086
11
0.0965668503937008
21
0.4075722047244094
0
LINE
8
BLACK
6
CONTINUOUS
10
0.0965668503937008
20
0.4075722047244094
11
0.0890163385826772
21
0.4075722047244094
0
LINE
8
BLACK
6
CONTINUOUS
10
0.0890163385826772
20
0.4075722047244094
11
0.0884402755905512
21
0.407628937007874
0
LINE
8
BLACK
6
CONTINUOUS
10
0.0884402755905512
20
0.407628937007874
11
0.0873758661417323
21
0.408069842519685
0
LINE
8
BLACK
6
CONTINUOUS
10
0.0873758661417323
20
0.408069842519685
11
0.0865612204724409
21
0.4088844881889764
0
LINE
8
BLACK
6
CONTINUOUS
10
0.0865612204724409
20
0.4088844881889764
11
0.0861203149606299
21
0.4099488976377952
0
LINE
8
BLACK
6
CONTINUOUS
10
0.0861203149606299
20
0.4099488976377952
11
0.0861203149606299
21
0.4111010236220473
0
LINE
8
BLACK
6
CONTINUOUS
10
0.0861203149606299
20
0.4111010236220473
11
0.0865612204724409
21
0.4121654330708661
0
LINE
8
BLACK
6
CONTINUOUS
10
0.0865612204724409
20
0.4121654330708661
11
0.0873758661417323
21
0.4129800787401575
0
LINE
8
BLACK
6
CONTINUOUS
10
0.0873758661417323
20
0.4129800787401575
11
0.0884402755905512
21
0.4134209842519685
0
LINE
8
BLACK
6
CONTINUOUS
10
0.0884402755905512
20
0.4134209842519685
11
0.0890163385826772
21
0.4134777165354331
0
LINE
8
BLACK
6
CONTINUOUS
10
0.0890163385826772
20
0.4134777165354331
11
0.1205124015748031
21
0.4134777165354331
0
LINE
8
BLACK
6
CONTINUOUS
10
0.1205124015748031
20
0.4134777165354331
11
0.1210884645669291
21
0.4134209842519685
0
LINE
8
BLACK
6
CONTINUOUS
10
0.1024677559055118
20
0.4068282677165354
11
0.1024677559055118
21
0.4022231889763779
0
LINE
8
BLACK
6
CONTINUOUS
10
0.1024677559055118
20
0.4022231889763779
11
0.1034415748031496
21
0.4002755511811024
0
LINE
8
BLACK
6
CONTINUOUS
10
0.1034415748031496
20
0.4002755511811024
11
0.1042637401574803
21
0.3994533858267716
0
LINE
8
BLACK
6
CONTINUOUS
10
0.1042637401574803
20
0.3994533858267716
11
0.1062112992125984
21
0.3984796062992126
0
LINE
8
BLACK
6
CONTINUOUS
10
0.1062112992125984
20
0.3984796062992126
11
0.1138161023622047
21
0.3984796062992126
0
LINE
8
BLACK
6
CONTINUOUS
10
0.1138161023622047
20
0.3984796062992126
11
0.1157636614173228
21
0.3994533858267716
0
LINE
8
BLACK
6
CONTINUOUS
10
0.1157636614173228
20
0.3994533858267716
11
0.1165858267716535
21
0.4002755905511811
0
LINE
8
BLACK
6
CONTINUOUS
10
0.1165858267716535
20
0.4002755905511811
11
0.1175596456692913
21
0.4022231889763779
0
LINE
8
BLACK
6
CONTINUOUS
10
0.1175596456692913
20
0.4022231889763779
11
0.1175596456692913
21
0.4068283070866142
0
LINE
8
BLACK
6
CONTINUOUS
10
0.1175596456692913
20
0.4068283070866142
11
0.1171876771653543
21
0.4075722047244094
0
LINE
8
BLACK
6
CONTINUOUS
10
0.1171876771653543
20
0.4075722047244094
11
0.1028397244094488
21
0.4075722047244094
0
LINE
8
BLACK
6
CONTINUOUS
10
0.1028397244094488
20
0.4075722047244094
11
0.1024677559055118
21
0.4068282677165354
0
LINE
8
BLACK
6
CONTINUOUS
10
0.3761044881889763
20
0.4291026377952756
11
0.376681062992126
21
0.4277107086614173
0
LINE
8
BLACK
6
CONTINUOUS
10
0.376681062992126
20
0.4277107086614173
11
0.376681062992126
21
0.4013745669291339
0
LINE
8
BLACK
6
CONTINUOUS
10
0.376681062992126
20
0.4013745669291339
11
0.3761044881889763
21
0.3999826377952756
0
LINE
8
BLACK
6
CONTINUOUS
10
0.3761044881889763
20
0.3999826377952756
11
0.3747125590551181
21
0.399406062992126
0
LINE
8
BLACK
6
CONTINUOUS
10
0.3747125590551181
20
0.399406062992126
11
0.367483031496063
21
0.399406062992126
0
LINE
8
BLACK
6
CONTINUOUS
10
0.367483031496063
20
0.399406062992126
11
0.3660911023622047
21
0.3999826377952756
0
LINE
8
BLACK
6
CONTINUOUS
10
0.3660911023622047
20
0.3999826377952756
11
0.3655145275590551
21
0.4013745669291339
0
LINE
8
BLACK
6
CONTINUOUS
10
0.3655145275590551
20
0.4013745669291339
11
0.3655145275590551
21
0.4179962992125984
0
LINE
8
BLACK
6
CONTINUOUS
10
0.3655145275590551
20
0.4179962992125984
11
0.3606728346456693
21
0.4179962992125984
0
LINE
8
BLACK
6
CONTINUOUS
10
0.3606728346456693
20
0.4179962992125984
11
0.3606728346456693
21
0.4057638976377952
0
LINE
8
BLACK
6
CONTINUOUS
10
0.3606728346456693
20
0.4057638976377952
11
0.3600962598425197
21
0.404371968503937
0
LINE
8
BLACK
6
CONTINUOUS
10
0.3600962598425197
20
0.404371968503937
11
0.3587043307086614
21
0.4037953937007874
0
LINE
8
BLACK
6
CONTINUOUS
10
0.3587043307086614
20
0.4037953937007874
11
0.3514747637795276
21
0.4037953937007874
0
LINE
8
BLACK
6
CONTINUOUS
10
0.3514747637795276
20
0.4037953937007874
11
0.3500828346456693
21
0.404371968503937
0
LINE
8
BLACK
6
CONTINUOUS
10
0.3500828346456693
20
0.404371968503937
11
0.3495062598425197
21
0.4057638976377952
0
LINE
8
BLACK
6
CONTINUOUS
10
0.3495062598425197
20
0.4057638976377952
11
0.3495062598425197
21
0.4179962992125984
0
LINE
8
BLACK
6
CONTINUOUS
10
0.3495062598425197
20
0.4179962992125984
11
0.3431153543307087
21
0.4179962992125984
0
LINE
8
BLACK
6
CONTINUOUS
10
0.3431153543307087
20
0.4179962992125984
11
0.3431153543307087
21
0.4008581496062992
0
LINE
8
BLACK
6
CONTINUOUS
10
0.3431153543307087
20
0.4008581496062992
11
0.3425387795275591
21
0.399466220472441
0
LINE
8
BLACK
6
CONTINUOUS
10
0.3425387795275591
20
0.399466220472441
11
0.3411468503937008
21
0.3988896456692913
0
LINE
8
BLACK
6
CONTINUOUS
10
0.3411468503937008
20
0.3988896456692913
11
0.3339173228346456
21
0.3988896456692913
0
LINE
8
BLACK
6
CONTINUOUS
10
0.3339173228346456
20
0.3988896456692913
11
0.3325253937007874
21
0.399466220472441
0
LINE
8
BLACK
6
CONTINUOUS
10
0.3325253937007874
20
0.399466220472441
11
0.3319488188976378
21
0.4008581496062992
0
LINE
8
BLACK
6
CONTINUOUS
10
0.3319488188976378
20
0.4008581496062992
11
0.3319488188976378
21
0.4277107086614173
0
LINE
8
BLACK
6
CONTINUOUS
10
0.3319488188976378
20
0.4277107086614173
11
0.3325253937007874
21
0.4291026377952756
0
LINE
8
BLACK
6
CONTINUOUS
10
0.3325253937007874
20
0.4291026377952756
11
0.3339173228346456
21
0.4296792125984252
0
LINE
8
BLACK
6
CONTINUOUS
10
0.3339173228346456
20
0.4296792125984252
11
0.3747125590551181
21
0.4296792125984252
0
LINE
8
BLACK
6
CONTINUOUS
10
0.3747125590551181
20
0.4296792125984252
11
0.3761044881889763
21
0.4291026377952756
0
LINE
8
BLACK
6
CONTINUOUS
10
0.2588387401574803
20
0.4381020866141732
11
0.2602579527559055
21
0.4375142125984252
0
LINE
8
BLACK
6
CONTINUOUS
10
0.2602579527559055
20
0.4375142125984252
11
0.2613441732283465
21
0.4364279921259843
0
LINE
8
BLACK
6
CONTINUOUS
10
0.2613441732283465
20
0.4364279921259843
11
0.2619320472440945
21
0.4350087795275591
0
LINE
8
BLACK
6
CONTINUOUS
10
0.2619320472440945
20
0.4350087795275591
11
0.2620076771653543
21
0.4342407086614173
0
LINE
8
BLACK
6
CONTINUOUS
10
0.2620076771653543
20
0.4342407086614173
11
0.2620076771653543
21
0.4220547244094488
0
LINE
8
BLACK
6
CONTINUOUS
10
0.2620076771653543
20
0.4220547244094488
11
0.2619693700787402
21
0.4216660236220472
0
LINE
8
BLACK
6
CONTINUOUS
10
0.2619693700787402
20
0.4216660236220472
11
0.2619767716535433
21
0.4215623228346457
0
LINE
8
BLACK
6
CONTINUOUS
10
0.2619767716535433
20
0.4215623228346457
11
0.2619457480314961
21
0.4214259842519685
0
LINE
8
BLACK
6
CONTINUOUS
10
0.2619457480314961
20
0.4214259842519685
11
0.2619320472440945
21
0.4212866535433071
0
LINE
8
BLACK
6
CONTINUOUS
10
0.2619320472440945
20
0.4212866535433071
11
0.2618922047244094
21
0.4211905118110236
0
LINE
8
BLACK
6
CONTINUOUS
10
0.2618922047244094
20
0.4211905118110236
11
0.2618056299212598
21
0.4208097244094488
0
LINE
8
BLACK
6
CONTINUOUS
10
0.2618056299212598
20
0.4208097244094488
11
0.2593684251968504
21
0.4134981496062992
0
LINE
8
BLACK
6
CONTINUOUS
10
0.2593684251968504
20
0.4134981496062992
11
0.2590538188976378
21
0.4127934251968504
0
LINE
8
BLACK
6
CONTINUOUS
10
0.2590538188976378
20
0.4127934251968504
11
0.258961062992126
21
0.4126865354330709
0
LINE
8
BLACK
6
CONTINUOUS
10
0.258961062992126
20
0.4126865354330709
11
0.258906968503937
21
0.4125558661417323
0
LINE
8
BLACK
6
CONTINUOUS
10
0.258906968503937
20
0.4125558661417323
11
0.2584173622047244
21
0.4119592519685039
0
LINE
8
BLACK
6
CONTINUOUS
10
0.2584173622047244
20
0.4119592519685039
11
0.2535429527559055
21
0.407084842519685
0
LINE
8
BLACK
6
CONTINUOUS
10
0.2535429527559055
20
0.407084842519685
11
0.2532411023622047
21
0.4068371653543307
0
LINE
8
BLACK
6
CONTINUOUS
10
0.2532411023622047
20
0.4068371653543307
11
0.2531729133858268
21
0.4067585039370079
0
LINE
8
BLACK
6
CONTINUOUS
10
0.2531729133858268
20
0.4067585039370079
11
0.2530543307086614
21
0.4066838976377953
0
LINE
8
BLACK
6
CONTINUOUS
10
0.2530543307086614
20
0.4066838976377953
11
0.2529463385826772
21
0.4065952362204724
0
LINE
8
BLACK
6
CONTINUOUS
10
0.2529463385826772
20
0.4065952362204724
11
0.2528503937007874
21
0.4065555118110236
0
LINE
8
BLACK
6
CONTINUOUS
10
0.2528503937007874
20
0.4065555118110236
11
0.2525197637795276
21
0.4063473622047244
0
LINE
8
BLACK
6
CONTINUOUS
10
0.2525197637795276
20
0.4063473622047244
11
0.2476453937007874
21
0.4039101574803149
0
LINE
8
BLACK
6
CONTINUOUS
10
0.2476453937007874
20
0.4039101574803149
11
0.2475891338582677
21
0.4038886614173228
0
LINE
8
BLACK
6
CONTINUOUS
10
0.2475891338582677
20
0.4038886614173228
11
0.2475663385826772
21
0.4038717322834646
0
LINE
8
BLACK
6
CONTINUOUS
10
0.2475663385826772
20
0.4038717322834646
11
0.2472444094488189
21
0.4037567322834645
0
LINE
8
BLACK
6
CONTINUOUS
10
0.2472444094488189
20
0.4037567322834645
11
0.2469245669291339
21
0.4036343307086614
0
LINE
8
BLACK
6
CONTINUOUS
10
0.2469245669291339
20
0.4036343307086614
11
0.2468961811023622
21
0.4036323228346457
0
LINE
8
BLACK
6
CONTINUOUS
10
0.2468961811023622
20
0.4036323228346457
11
0.2468395669291339
21
0.4036120866141732
0
LINE
8
BLACK
6
CONTINUOUS
10
0.2468395669291339
20
0.4036120866141732
11
0.237090748031496
21
0.4011749212598425
0
LINE
8
BLACK
6
CONTINUOUS
10
0.237090748031496
20
0.4011749212598425
11
0.2369576771653543
21
0.4011552755905512
0
LINE
8
BLACK
6
CONTINUOUS
10
0.2369576771653543
20
0.4011552755905512
11
0.2369039763779527
21
0.4011329921259842
0
LINE
8
BLACK
6
CONTINUOUS
10
0.2369039763779527
20
0.4011329921259842
11
0.2366145275590551
21
0.4011045275590551
0
LINE
8
BLACK
6
CONTINUOUS
10
0.2366145275590551
20
0.4011045275590551
11
0.2363272834645669
21
0.4010620078740157
0
LINE
8
BLACK
6
CONTINUOUS
10
0.2363272834645669
20
0.4010620078740157
11
0.236269842519685
21
0.4010705905511811
0
LINE
8
BLACK
6
CONTINUOUS
10
0.236269842519685
20
0.4010705905511811
11
0.236135905511811
21
0.4010573622047244
0
LINE
8
BLACK
6
CONTINUOUS
10
0.236135905511811
20
0.4010573622047244
11
0.2288243307086614
21
0.4010573622047244
0
LINE
8
BLACK
6
CONTINUOUS
10
0.2288243307086614
20
0.4010573622047244
11
0.2286903543307087
21
0.4010705905511811
0
LINE
8
BLACK
6
CONTINUOUS
10
0.2286903543307087
20
0.4010705905511811
11
0.2286329527559055
21
0.4010620078740157
0
LINE
8
BLACK
6
CONTINUOUS
10
0.2286329527559055
20
0.4010620078740157
11
0.2283456692913386
21
0.4011045275590551
0
LINE
8
BLACK
6
CONTINUOUS
10
0.2283456692913386
20
0.4011045275590551
11
0.2280562598425197
21
0.4011329921259842
0
LINE
8
BLACK
6
CONTINUOUS
10
0.2280562598425197
20
0.4011329921259842
11
0.2280025196850394
21
0.4011552755905512
0
LINE
8
BLACK
6
CONTINUOUS
10
0.2280025196850394
20
0.4011552755905512
11
0.2278694881889764
21
0.4011749212598425
0
LINE
8
BLACK
6
CONTINUOUS
10
0.2278694881889764
20
0.4011749212598425
11
0.2181207086614173
21
0.4036120866141732
0
LINE
8
BLACK
6
CONTINUOUS
10
0.2181207086614173
20
0.4036120866141732
11
0.218064094488189
21
0.4036323228346457
0
LINE
8
BLACK
6
CONTINUOUS
10
0.218064094488189
20
0.4036323228346457
11
0.2180356692913386
21
0.4036343307086614
0
LINE
8
BLACK
6
CONTINUOUS
10
0.2180356692913386
20
0.4036343307086614
11
0.2177157874015748
21
0.4037567322834645
0
LINE
8
BLACK
6
CONTINUOUS
10
0.2177157874015748
20
0.4037567322834645
11
0.2173938976377953
21
0.4038717322834646
0
LINE
8
BLACK
6
CONTINUOUS
10
0.2173938976377953
20
0.4038717322834646
11
0.2173710236220472
21
0.4038887007874016
0
LINE
8
BLACK
6
CONTINUOUS
10
0.2173710236220472
20
0.4038887007874016
11
0.2173148818897638
21
0.4039101574803149
0
LINE
8
BLACK
6
CONTINUOUS
10
0.2173148818897638
20
0.4039101574803149
11
0.2124404724409449
21
0.4063473622047244
0
LINE
8
BLACK
6
CONTINUOUS
10
0.2124404724409449
20
0.4063473622047244
11
0.2121098818897638
21
0.4065554724409449
0
LINE
8
BLACK
6
CONTINUOUS
10
0.2121098818897638
20
0.4065554724409449
11
0.2120138188976378
21
0.4065952362204724
0
LINE
8
BLACK
6
CONTINUOUS
10
0.2120138188976378
20
0.4065952362204724
11
0.2119057086614173
21
0.4066839763779527
0
LINE
8
BLACK
6
CONTINUOUS
10
0.2119057086614173
20
0.4066839763779527
11
0.2117872834645669
21
0.4067585039370079
0
LINE
8
BLACK
6
CONTINUOUS
10
0.2117872834645669
20
0.4067585039370079
11
0.2117190551181102
21
0.4068371653543307
0
LINE
8
BLACK
6
CONTINUOUS
10
0.2117190551181102
20
0.4068371653543307
11
0.2114172440944882
21
0.4070848818897638
0
LINE
8
BLACK
6
CONTINUOUS
10
0.2114172440944882
20
0.4070848818897638
11
0.206542874015748
21
0.4119592913385827
0
LINE
8
BLACK
6
CONTINUOUS
10
0.206542874015748
20
0.4119592913385827
11
0.2060532677165354
21
0.4125558661417323
0
LINE
8
BLACK
6
CONTINUOUS
10
0.2060532677165354
20
0.4125558661417323
11
0.205999094488189
21
0.4126866141732283
0
LINE
8
BLACK
6
CONTINUOUS
10
0.205999094488189
20
0.4126866141732283
11
0.2059064566929134
21
0.4127934251968504
0
LINE
8
BLACK
6
CONTINUOUS
10
0.2059064566929134
20
0.4127934251968504
11
0.205591811023622
21
0.4134981496062992
0
LINE
8
BLACK
6
CONTINUOUS
10
0.205591811023622
20
0.4134981496062992
11
0.2031546062992126
21
0.4208097244094488
0
LINE
8
BLACK
6
CONTINUOUS
10
0.2031546062992126
20
0.4208097244094488
11
0.2030679921259843
21
0.4211905511811024
0
LINE
8
BLACK
6
CONTINUOUS
10
0.2030679921259843
20
0.4211905511811024
11
0.2030281889763779
21
0.4212866535433071
0
LINE
8
BLACK
6
CONTINUOUS
10
0.2030281889763779
20
0.4212866535433071
11
0.2030144488188976
21
0.4214259448818898
0
LINE
8
BLACK
6
CONTINUOUS
10
0.2030144488188976
20
0.4214259448818898
11
0.2029834645669291
21
0.4215622834645669
0
LINE
8
BLACK
6
CONTINUOUS
10
0.2029834645669291
20
0.4215622834645669
11
0.2029908267716535
21
0.4216660236220472
0
LINE
8
BLACK
6
CONTINUOUS
10
0.2029908267716535
20
0.4216660236220472
11
0.2029525590551181
21
0.4220547244094488
0
LINE
8
BLACK
6
CONTINUOUS
10
0.2029525590551181
20
0.4220547244094488
11
0.2029525590551181
21
0.4342407086614173
0
LINE
8
BLACK
6
CONTINUOUS
10
0.2029525590551181
20
0.4342407086614173
11
0.2030281889763779
21
0.4350087795275591
0
LINE
8
BLACK
6
CONTINUOUS
10
0.2030281889763779
20
0.4350087795275591
11
0.203616062992126
21
0.4364279921259843
0
LINE
8
BLACK
6
CONTINUOUS
10
0.203616062992126
20
0.4364279921259843
11
0.2047022834645669
21
0.4375142125984252
0
LINE
8
BLACK
6
CONTINUOUS
10
0.2047022834645669
20
0.4375142125984252
11
0.2061214960629921
21
0.4381020866141732
0
LINE
8
BLACK
6
CONTINUOUS
10
0.2061214960629921
20
0.4381020866141732
11
0.2068895669291339
21
0.4381777165354331
0
LINE
8
BLACK
6
CONTINUOUS
10
0.2068895669291339
20
0.4381777165354331
11
0.2580706692913386
21
0.4381777165354331
0
LINE
8
BLACK
6
CONTINUOUS
10
0.2580706692913386
20
0.4381777165354331
11
0.2588387401574803
21
0.4381020866141732
0
LINE
8
BLACK
6
CONTINUOUS
10
0.2108265748031496
20
0.4226936220472441
11
0.2127678346456693
21
0.416869842519685
0
LINE
8
BLACK
6
CONTINUOUS
10
0.2127678346456693
20
0.416869842519685
11
0.2165332283464567
21
0.4131044488188976
0
LINE
8
BLACK
6
CONTINUOUS
10
0.2165332283464567
20
0.4131044488188976
11
0.2204498031496063
21
0.4111461417322835
0
LINE
8
BLACK
6
CONTINUOUS
10
0.2204498031496063
20
0.4111461417322835
11
0.2293089763779528
21
0.4089313779527559
0
LINE
8
BLACK
6
CONTINUOUS
10
0.2293089763779528
20
0.4089313779527559
11
0.2356512992125984
21
0.4089313779527559
0
LINE
8
BLACK
6
CONTINUOUS
10
0.2356512992125984
20
0.4089313779527559
11
0.2445103543307087
21
0.4111461417322835
0
LINE
8
BLACK
6
CONTINUOUS
10
0.2445103543307087
20
0.4111461417322835
11
0.2484268897637795
21
0.4131044094488189
0
LINE
8
BLACK
6
CONTINUOUS
10
0.2484268897637795
20
0.4131044094488189
11
0.2521924015748032
21
0.4168699212598425
0
LINE
8
BLACK
6
CONTINUOUS
10
0.2521924015748032
20
0.4168699212598425
11
0.2541336614173229
21
0.4226936220472441
0
LINE
8
BLACK
6
CONTINUOUS
10
0.2541336614173229
20
0.4226936220472441
11
0.2541336614173229
21
0.4303037007874015
0
LINE
8
BLACK
6
CONTINUOUS
10
0.2541336614173229
20
0.4303037007874015
11
0.2108265748031496
21
0.4303037007874015
0
LINE
8
BLACK
6
CONTINUOUS
10
0.2108265748031496
20
0.4303037007874015
11
0.2108265748031496
21
0.4226936220472441
0
LINE
8
BLACK
6
CONTINUOUS
10
0.0703815748031496
20
0.4321686220472441
11
0.0714459842519685
21
0.4317277165354331
0
LINE
8
BLACK
6
CONTINUOUS
10
0.0714459842519685
20
0.4317277165354331
11
0.0722606299212598
21
0.4309130708661417
0
LINE
8
BLACK
6
CONTINUOUS
10
0.0722606299212598
20
0.4309130708661417
11
0.0727015354330709
21
0.4298486614173228
0
LINE
8
BLACK
6
CONTINUOUS
10
0.0727015354330709
20
0.4298486614173228
11
0.0727015354330709
21
0.4286965354330708
0
LINE
8
BLACK
6
CONTINUOUS
10
0.0727015354330709
20
0.4286965354330708
11
0.0722606299212598
21
0.4276321259842519
0
LINE
8
BLACK
6
CONTINUOUS
10
0.0722606299212598
20
0.4276321259842519
11
0.0714459842519685
21
0.4268174803149606
0
LINE
8
BLACK
6
CONTINUOUS
10
0.0714459842519685
20
0.4268174803149606
11
0.0713537795275591
21
0.4267793307086614
0
LINE
8
BLACK
6
CONTINUOUS
10
0.0713537795275591
20
0.4267793307086614
11
0.0724465354330709
21
0.4245938976377953
0
LINE
8
BLACK
6
CONTINUOUS
10
0.0724465354330709
20
0.4245938976377953
11
0.0726534251968504
21
0.4240532677165354
0
LINE
8
BLACK
6
CONTINUOUS
10
0.0726534251968504
20
0.4240532677165354
11
0.0726609448818898
21
0.4239474015748032
0
LINE
8
BLACK
6
CONTINUOUS
10
0.0726609448818898
20
0.4239474015748032
11
0.0727015354330709
21
0.4238494094488189
0
LINE
8
BLACK
6
CONTINUOUS
10
0.0727015354330709
20
0.4238494094488189
11
0.0727582677165354
21
0.4232733464566929
0
LINE
8
BLACK
6
CONTINUOUS
10
0.0727582677165354
20
0.4232733464566929
11
0.0727582677165354
21
0.4202737401574803
0
LINE
8
BLACK
6
CONTINUOUS
10
0.0727582677165354
20
0.4202737401574803
11
0.0727015354330709
21
0.4196976771653543
0
LINE
8
BLACK
6
CONTINUOUS
10
0.0727015354330709
20
0.4196976771653543
11
0.0722606299212598
21
0.4186332677165354
0
LINE
8
BLACK
6
CONTINUOUS
10
0.0722606299212598
20
0.4186332677165354
11
0.0714459842519685
21
0.4178186220472441
0
LINE
8
BLACK
6
CONTINUOUS
10
0.0714459842519685
20
0.4178186220472441
11
0.0703815748031496
21
0.417377716535433
0
LINE
8
BLACK
6
CONTINUOUS
10
0.0703815748031496
20
0.417377716535433
11
0.0692294488188976
21
0.417377716535433
0
LINE
8
BLACK
6
CONTINUOUS
10
0.0692294488188976
20
0.417377716535433
11
0.0681650393700787
21
0.4178186220472441
0
LINE
8
BLACK
6
CONTINUOUS
10
0.0681650393700787
20
0.4178186220472441
11
0.0673503937007874
21
0.4186332677165354
0
LINE
8
BLACK
6
CONTINUOUS
10
0.0673503937007874
20
0.4186332677165354
11
0.0669094881889764
21
0.4196976771653543
0
LINE
8
BLACK
6
CONTINUOUS
10
0.0669094881889764
20
0.4196976771653543
11
0.0668527559055118
21
0.4202737401574803
0
LINE
8
BLACK
6
CONTINUOUS
10
0.0668527559055118
20
0.4202737401574803
11
0.0668527559055118
21
0.4225762992125984
0
LINE
8
BLACK
6
CONTINUOUS
10
0.0668527559055118
20
0.4225762992125984
11
0.065878937007874
21
0.4245238976377952
0
LINE
8
BLACK
6
CONTINUOUS
10
0.065878937007874
20
0.4245238976377952
11
0.0650567716535433
21
0.425346062992126
0
LINE
8
BLACK
6
CONTINUOUS
10
0.0650567716535433
20
0.425346062992126
11
0.0631092125984252
21
0.426319842519685
0
LINE
8
BLACK
6
CONTINUOUS
10
0.0631092125984252
20
0.426319842519685
11
0.0488081102362205
21
0.426319842519685
0
LINE
8
BLACK
6
CONTINUOUS
10
0.0488081102362205
20
0.426319842519685
11
0.0482320472440945
21
0.4263765748031496
0
LINE
8
BLACK
6
CONTINUOUS
10
0.0482320472440945
20
0.4263765748031496
11
0.0471676377952756
21
0.4268174803149606
0
LINE
8
BLACK
6
CONTINUOUS
10
0.0471676377952756
20
0.4268174803149606
11
0.0463529921259843
21
0.4276321259842519
0
LINE
8
BLACK
6
CONTINUOUS
10
0.0463529921259843
20
0.4276321259842519
11
0.0459120866141732
21
0.4286965354330708
0
LINE
8
BLACK
6
CONTINUOUS
10
0.0459120866141732
20
0.4286965354330708
11
0.0459120866141732
21
0.4298486614173228
0
LINE
8
BLACK
6
CONTINUOUS
10
0.0459120866141732
20
0.4298486614173228
11
0.0463529921259843
21
0.4309130708661417
0
LINE
8
BLACK
6
CONTINUOUS
10
0.0463529921259843
20
0.4309130708661417
11
0.0471676377952756
21
0.4317277165354331
0
LINE
8
BLACK
6
CONTINUOUS
10
0.0471676377952756
20
0.4317277165354331
11
0.0482320472440945
21
0.4321686220472441
0
LINE
8
BLACK
6
CONTINUOUS
10
0.0482320472440945
20
0.4321686220472441
11
0.0488081102362205
21
0.4322253543307086
0
LINE
8
BLACK
6
CONTINUOUS
10
0.0488081102362205
20
0.4322253543307086
11
0.0698055118110236
21
0.4322253543307086
0
LINE
8
BLACK
6
CONTINUOUS
10
0.0698055118110236
20
0.4322253543307086
11
0.0703815748031496
21
0.4321686220472441
0
LINE
8
BLACK
6
CONTINUOUS
10
0.1210884645669291
20
0.4419174409448819
11
0.122152874015748
21
0.4414765354330709
0
LINE
8
BLACK
6
CONTINUOUS
10
0.122152874015748
20
0.4414765354330709
11
0.1229675196850394
21
0.4406618897637795
0
LINE
8
BLACK
6
CONTINUOUS
10
0.1229675196850394
20
0.4406618897637795
11
0.1234084251968504
21
0.4395974803149606
0
LINE
8
BLACK
6
CONTINUOUS
10
0.1234084251968504
20
0.4395974803149606
11
0.1234084251968504
21
0.4384453543307086
0
LINE
8
BLACK
6
CONTINUOUS
10
0.1234084251968504
20
0.4384453543307086
11
0.1229675196850394
21
0.4373809448818898
0
LINE
8
BLACK
6
CONTINUOUS
10
0.1229675196850394
20
0.4373809448818898
11
0.1225786220472441
21
0.4369920866141732
0
LINE
8
BLACK
6
CONTINUOUS
10
0.1225786220472441
20
0.4369920866141732
11
0.1231533858267717
21
0.4358425590551181
0
LINE
8
BLACK
6
CONTINUOUS
10
0.1231533858267717
20
0.4358425590551181
11
0.1233602755905512
21
0.4353019291338582
0
LINE
8
BLACK
6
CONTINUOUS
10
0.1233602755905512
20
0.4353019291338582
11
0.1233677559055118
21
0.4351961811023622
0
LINE
8
BLACK
6
CONTINUOUS
10
0.1233677559055118
20
0.4351961811023622
11
0.1234084251968504
21
0.4350980708661417
0
LINE
8
BLACK
6
CONTINUOUS
10
0.1234084251968504
20
0.4350980708661417
11
0.123465157480315
21
0.4345220078740157
0
LINE
8
BLACK
6
CONTINUOUS
10
0.123465157480315
20
0.4345220078740157
11
0.123465157480315
21
0.4300225590551181
0
LINE
8
BLACK
6
CONTINUOUS
10
0.123465157480315
20
0.4300225590551181
11
0.1234084251968504
21
0.4294464960629921
0
LINE
8
BLACK
6
CONTINUOUS
10
0.1234084251968504
20
0.4294464960629921
11
0.1233678346456693
21
0.4293485433070866
0
LINE
8
BLACK
6
CONTINUOUS
10
0.1233678346456693
20
0.4293485433070866
11
0.1233603149606299
21
0.4292426377952756
0
LINE
8
BLACK
6
CONTINUOUS
10
0.1233603149606299
20
0.4292426377952756
11
0.1231534251968504
21
0.4287020078740157
0
LINE
8
BLACK
6
CONTINUOUS
10
0.1231534251968504
20
0.4287020078740157
11
0.1216535826771653
21
0.4257024015748032
0
LINE
8
BLACK
6
CONTINUOUS
10
0.1216535826771653
20
0.4257024015748032
11
0.1215929133858268
21
0.4256061023622047
0
LINE
8
BLACK
6
CONTINUOUS
10
0.1215929133858268
20
0.4256061023622047
11
0.1215777952755906
21
0.4255606299212598
0
LINE
8
BLACK
6
CONTINUOUS
10
0.1215777952755906
20
0.4255606299212598
11
0.1215286614173228
21
0.4255040157480315
0
LINE
8
BLACK
6
CONTINUOUS
10
0.1215286614173228
20
0.4255040157480315
11
0.1213451968503937
21
0.4252125196850394
0
LINE
8
BLACK
6
CONTINUOUS
10
0.1213451968503937
20
0.4252125196850394
11
0.1210655905511811
21
0.4249700393700787
0
LINE
8
BLACK
6
CONTINUOUS
10
0.1210655905511811
20
0.4249700393700787
11
0.1208229527559055
21
0.4246902362204724
0
LINE
8
BLACK
6
CONTINUOUS
10
0.1208229527559055
20
0.4246902362204724
11
0.1205313779527559
21
0.4245067322834646
0
LINE
8
BLACK
6
CONTINUOUS
10
0.1205313779527559
20
0.4245067322834646
11
0.120474842519685
21
0.4244576771653543
0
LINE
8
BLACK
6
CONTINUOUS
10
0.120474842519685
20
0.4244576771653543
11
0.1204294094488189
21
0.4244425590551181
0
LINE
8
BLACK
6
CONTINUOUS
10
0.1204294094488189
20
0.4244425590551181
11
0.1203330708661417
21
0.4243818897637795
0
LINE
8
BLACK
6
CONTINUOUS
10
0.1203330708661417
20
0.4243818897637795
11
0.1173334645669291
21
0.4228820866141732
0
LINE
8
BLACK
6
CONTINUOUS
10
0.1173334645669291
20
0.4228820866141732
11
0.1167928346456693
21
0.4226751968503937
0
LINE
8
BLACK
6
CONTINUOUS
10
0.1167928346456693
20
0.4226751968503937
11
0.1166870078740157
21
0.4226677165354331
0
LINE
8
BLACK
6
CONTINUOUS
10
0.1166870078740157
20
0.4226677165354331
11
0.1165890157480315
21
0.4226270866141732
0
LINE
8
BLACK
6
CONTINUOUS
10
0.1165890157480315
20
0.4226270866141732
11
0.1160129527559055
21
0.4225703543307087
0
LINE
8
BLACK
6
CONTINUOUS
10
0.1160129527559055
20
0.4225703543307087
11
0.099515
21
0.4225703543307087
0
LINE
8
BLACK
6
CONTINUOUS
10
0.099515
20
0.4225703543307087
11
0.098938937007874
21
0.4226270866141732
0
LINE
8
BLACK
6
CONTINUOUS
10
0.098938937007874
20
0.4226270866141732
11
0.0978745275590551
21
0.4230679921259842
0
LINE
8
BLACK
6
CONTINUOUS
10
0.0978745275590551
20
0.4230679921259842
11
0.0970598818897638
21
0.4238826377952756
0
LINE
8
BLACK
6
CONTINUOUS
10
0.0970598818897638
20
0.4238826377952756
11
0.0966189763779527
21
0.4249470472440945
0
LINE
8
BLACK
6
CONTINUOUS
10
0.0966189763779527
20
0.4249470472440945
11
0.0966189763779527
21
0.4260991732283465
0
LINE
8
BLACK
6
CONTINUOUS
10
0.0966189763779527
20
0.4260991732283465
11
0.0970598818897638
21
0.4271635826771654
0
LINE
8
BLACK
6
CONTINUOUS
10
0.0970598818897638
20
0.4271635826771654
11
0.0978745275590551
21
0.4279782283464567
0
LINE
8
BLACK
6
CONTINUOUS
10
0.0978745275590551
20
0.4279782283464567
11
0.098938937007874
21
0.4284191338582677
0
LINE
8
BLACK
6
CONTINUOUS
10
0.098938937007874
20
0.4284191338582677
11
0.099515
21
0.4284758661417323
0
LINE
8
BLACK
6
CONTINUOUS
10
0.099515
20
0.4284758661417323
11
0.115315905511811
21
0.4284758661417323
0
LINE
8
BLACK
6
CONTINUOUS
10
0.115315905511811
20
0.4284758661417323
11
0.1168116929133858
21
0.429223779527559
0
LINE
8
BLACK
6
CONTINUOUS
10
0.1168116929133858
20
0.429223779527559
11
0.1175596456692913
21
0.4307196456692913
0
LINE
8
BLACK
6
CONTINUOUS
10
0.1175596456692913
20
0.4307196456692913
11
0.1175596456692913
21
0.4338249606299213
0
LINE
8
BLACK
6
CONTINUOUS
10
0.1175596456692913
20
0.4338249606299213
11
0.1165857874015748
21
0.4357725590551181
0
LINE
8
BLACK
6
CONTINUOUS
10
0.1165857874015748
20
0.4357725590551181
11
0.1162896850393701
21
0.4360686614173228
0
LINE
8
BLACK
6
CONTINUOUS
10
0.1162896850393701
20
0.4360686614173228
11
0.099515
21
0.4360686614173228
0
LINE
8
BLACK
6
CONTINUOUS
10
0.099515
20
0.4360686614173228
11
0.098938937007874
21
0.4361253937007874
0
LINE
8
BLACK
6
CONTINUOUS
10
0.098938937007874
20
0.4361253937007874
11
0.0978745275590551
21
0.4365662992125984
0
LINE
8
BLACK
6
CONTINUOUS
10
0.0978745275590551
20
0.4365662992125984
11
0.0970598818897638
21
0.4373809448818898
0
LINE
8
BLACK
6
CONTINUOUS
10
0.0970598818897638
20
0.4373809448818898
11
0.0966189763779527
21
0.4384453543307086
0
LINE
8
BLACK
6
CONTINUOUS
10
0.0966189763779527
20
0.4384453543307086
11
0.0966189763779527
21
0.4395974803149606
0
LINE
8
BLACK
6
CONTINUOUS
10
0.0966189763779527
20
0.4395974803149606
11
0.0970598818897638
21
0.4406618897637795
0
LINE
8
BLACK
6
CONTINUOUS
10
0.0970598818897638
20
0.4406618897637795
11
0.0978745275590551
21
0.4414765354330709
0
LINE
8
BLACK
6
CONTINUOUS
10
0.0978745275590551
20
0.4414765354330709
11
0.098938937007874
21
0.4419174409448819
0
LINE
8
BLACK
6
CONTINUOUS
10
0.098938937007874
20
0.4419174409448819
11
0.099515
21
0.4419741732283464
0
LINE
8
BLACK
6
CONTINUOUS
10
0.099515
20
0.4419741732283464
11
0.1205124015748031
21
0.4419741732283464
0
LINE
8
BLACK
6
CONTINUOUS
10
0.1205124015748031
20
0.4419741732283464
11
0.1210884645669291
21
0.4419174409448819
0
LINE
8
BLACK
6
CONTINUOUS
10
0.3761424409448819
20
0.4704142913385826
11
0.3767190157480315
21
0.4690223622047244
0
LINE
8
BLACK
6
CONTINUOUS
10
0.3767190157480315
20
0.4690223622047244
11
0.3767188976377953
21
0.4690011811023622
0
LINE
8
BLACK
6
CONTINUOUS
10
0.3767188976377953
20
0.4690011811023622
11
0.376612716535433
21
0.4591251181102362
0
LINE
8
BLACK
6
CONTINUOUS
10
0.376612716535433
20
0.4591251181102362
11
0.376612716535433
21
0.459124094488189
0
LINE
8
BLACK
6
CONTINUOUS
10
0.376612716535433
20
0.459124094488189
11
0.3765823622047244
21
0.4564313779527559
0
LINE
8
BLACK
6
CONTINUOUS
10
0.3765823622047244
20
0.4564313779527559
11
0.3765822440944882
21
0.4564238582677165
0
LINE
8
BLACK
6
CONTINUOUS
10
0.3765822440944882
20
0.4564238582677165
11
0.3765484251968504
21
0.4541848031496063
0
LINE
8
BLACK
6
CONTINUOUS
10
0.3765484251968504
20
0.4541848031496063
11
0.376548031496063
21
0.4541654724409449
0
LINE
8
BLACK
6
CONTINUOUS
10
0.376548031496063
20
0.4541654724409449
11
0.376501968503937
21
0.4523173622047244
0
LINE
8
BLACK
6
CONTINUOUS
10
0.376501968503937
20
0.4523173622047244
11
0.3765006692913386
21
0.4522794881889763
0
LINE
8
BLACK
6
CONTINUOUS
10
0.3765006692913386
20
0.4522794881889763
11
0.3764335039370079
21
0.4507596850393701
0
LINE
8
BLACK
6
CONTINUOUS
10
0.3764335039370079
20
0.4507596850393701
11
0.3764295669291339
21
0.4506947637795276
0
LINE
8
BLACK
6
CONTINUOUS
10
0.3764295669291339
20
0.4506947637795276
11
0.3763325196850393
21
0.4494405118110236
0
LINE
8
BLACK
6
CONTINUOUS
10
0.3763325196850393
20
0.4494405118110236
11
0.3763221653543307
21
0.4493400787401575
0
LINE
8
BLACK
6
CONTINUOUS
10
0.3763221653543307
20
0.4493400787401575
11
0.3761862992125984
21
0.4482887401574803
0
LINE
8
BLACK
6
CONTINUOUS
10
0.3761862992125984
20
0.4482887401574803
11
0.3761638188976378
21
0.4481525590551181
0
LINE
8
BLACK
6
CONTINUOUS
10
0.3761638188976378
20
0.4481525590551181
11
0.3759803937007874
21
0.4472413779527559
0
LINE
8
BLACK
6
CONTINUOUS
10
0.3759803937007874
20
0.4472413779527559
11
0.3759423622047244
21
0.4470855905511811
0
LINE
8
BLACK
6
CONTINUOUS
10
0.3759423622047244
20
0.4470855905511811
11
0.3757025196850394
21
0.4462519291338582
0
LINE
8
BLACK
6
CONTINUOUS
10
0.3757025196850394
20
0.4462519291338582
11
0.3756553543307087
21
0.4461088976377953
0
LINE
8
BLACK
6
CONTINUOUS
10
0.3756553543307087
20
0.4461088976377953
11
0.3753502362204724
21
0.44529
0
LINE
8
BLACK
6
CONTINUOUS
10
0.3753502362204724
20
0.44529
11
0.3753090944881889
21
0.4451882677165354
0
LINE
8
BLACK
6
CONTINUOUS
10
0.3753090944881889
20
0.4451882677165354
11
0.3749298818897638
21
0.4443214960629921
0
LINE
8
BLACK
6
CONTINUOUS
10
0.3749298818897638
20
0.4443214960629921
11
0.3749059842519685
21
0.4442690157480315
0
LINE
8
BLACK
6
CONTINUOUS
10
0.3749059842519685
20
0.4442690157480315
11
0.3744438188976378
21
0.4432916141732283
0
LINE
8
BLACK
6
CONTINUOUS
10
0.3744438188976378
20
0.4432916141732283
11
0.3744377165354331
21
0.4432787795275591
0
LINE
8
BLACK
6
CONTINUOUS
10
0.3744377165354331
20
0.4432787795275591
11
0.3742466141732284
21
0.4428820866141732
0
LINE
8
BLACK
6
CONTINUOUS
10
0.3742466141732284
20
0.4428820866141732
11
0.3742244488188976
21
0.4428375590551181
0
LINE
8
BLACK
6
CONTINUOUS
10
0.3742244488188976
20
0.4428375590551181
11
0.3735802362204724
21
0.4415824015748032
0
LINE
8
BLACK
6
CONTINUOUS
10
0.3735802362204724
20
0.4415824015748032
11
0.3734983070866142
21
0.4414380708661417
0
LINE
8
BLACK
6
CONTINUOUS
10
0.3734983070866142
20
0.4414380708661417
11
0.3728634251968504
21
0.4404220866141732
0
LINE
8
BLACK
6
CONTINUOUS
10
0.3728634251968504
20
0.4404220866141732
11
0.3727385433070866
21
0.4402447637795275
0
LINE
8
BLACK
6
CONTINUOUS
10
0.3727385433070866
20
0.4402447637795275
11
0.3719858267716535
21
0.4392922440944882
0
LINE
8
BLACK
6
CONTINUOUS
10
0.3719858267716535
20
0.4392922440944882
11
0.3718779133858268
21
0.4391669291338582
0
LINE
8
BLACK
6
CONTINUOUS
10
0.3718779133858268
20
0.4391669291338582
11
0.3708802755905511
21
0.4381020472440945
0
LINE
8
BLACK
6
CONTINUOUS
10
0.3708802755905511
20
0.4381020472440945
11
0.3708405118110236
21
0.4380607874015748
0
LINE
8
BLACK
6
CONTINUOUS
10
0.3708405118110236
20
0.4380607874015748
11
0.3705765748031496
21
0.437795
0
LINE
8
BLACK
6
CONTINUOUS
10
0.3705765748031496
20
0.437795
11
0.3705428346456693
21
0.4377618503937008
0
LINE
8
BLACK
6
CONTINUOUS
10
0.3705428346456693
20
0.4377618503937008
11
0.3694291732283465
21
0.436693031496063
0
LINE
8
BLACK
6
CONTINUOUS
10
0.3694291732283465
20
0.436693031496063
11
0.3693203543307086
21
0.436596062992126
0
LINE
8
BLACK
6
CONTINUOUS
10
0.3693203543307086
20
0.436596062992126
11
0.3683574015748031
21
0.4358
0
LINE
8
BLACK
6
CONTINUOUS
10
0.3683574015748031
20
0.4358
11
0.3681855118110236
21
0.4356729921259843
0
LINE
8
BLACK
6
CONTINUOUS
10
0.3681855118110236
20
0.4356729921259843
11
0.3671973228346457
21
0.4350224803149606
0
LINE
8
BLACK
6
CONTINUOUS
10
0.3671973228346457
20
0.4350224803149606
11
0.367038937007874
21
0.4349285039370079
0
LINE
8
BLACK
6
CONTINUOUS
10
0.367038937007874
20
0.4349285039370079
11
0.3658496062992126
21
0.4342962992125984
0
LINE
8
BLACK
6
CONTINUOUS
10
0.3658496062992126
20
0.4342962992125984
11
0.3657883858267716
21
0.4342651181102362
0
LINE
8
BLACK
6
CONTINUOUS
10
0.3657883858267716
20
0.4342651181102362
11
0.365488188976378
21
0.4341187401574803
0
LINE
8
BLACK
6
CONTINUOUS
10
0.365488188976378
20
0.4341187401574803
11
0.365454251968504
21
0.4341025984251968
0
LINE
8
BLACK
6
CONTINUOUS
10
0.365454251968504
20
0.4341025984251968
11
0.363921062992126
21
0.433390905511811
0
LINE
8
BLACK
6
CONTINUOUS
10
0.363921062992126
20
0.433390905511811
11
0.363825748031496
21
0.43334968503937
0
LINE
8
BLACK
6
CONTINUOUS
10
0.363825748031496
20
0.43334968503937
11
0.3625001968503937
21
0.4328174409448819
0
LINE
8
BLACK
6
CONTINUOUS
10
0.3625001968503937
20
0.4328174409448819
11
0.362339842519685
21
0.4327609448818898
0
LINE
8
BLACK
6
CONTINUOUS
10
0.362339842519685
20
0.4327609448818898
11
0.3610979527559055
21
0.4323829921259842
0
LINE
8
BLACK
6
CONTINUOUS
10
0.3610979527559055
20
0.4323829921259842
11
0.3608998818897638
21
0.432333779527559
0
LINE
8
BLACK
6
CONTINUOUS
10
0.3608998818897638
20
0.432333779527559
11
0.3596175984251969
21
0.4320848818897638
0
LINE
8
BLACK
6
CONTINUOUS
10
0.3596175984251969
20
0.4320848818897638
11
0.3594389763779527
21
0.4320586614173228
0
LINE
8
BLACK
6
CONTINUOUS
10
0.3594389763779527
20
0.4320586614173228
11
0.3579922047244095
21
0.4319135433070866
0
LINE
8
BLACK
6
CONTINUOUS
10
0.3579922047244095
20
0.4319135433070866
11
0.3578711417322835
21
0.4319051574803149
0
LINE
8
BLACK
6
CONTINUOUS
10
0.3578711417322835
20
0.4319051574803149
11
0.3561358661417323
21
0.4318386614173228
0
LINE
8
BLACK
6
CONTINUOUS
10
0.3561358661417323
20
0.4318386614173228
11
0.3560757480314961
21
0.4318372834645669
0
LINE
8
BLACK
6
CONTINUOUS
10
0.3560757480314961
20
0.4318372834645669
11
0.3543302362204724
21
0.4318237401574803
0
LINE
8
BLACK
6
CONTINUOUS
10
0.3543302362204724
20
0.4318237401574803
11
0.3542952755905512
21
0.4318237795275591
0
LINE
8
BLACK
6
CONTINUOUS
10
0.3542952755905512
20
0.4318237795275591
11
0.3522181102362205
21
0.4318445669291339
0
LINE
8
BLACK
6
CONTINUOUS
10
0.3522181102362205
20
0.4318445669291339
11
0.3521454330708662
21
0.4318466141732283
0
LINE
8
BLACK
6
CONTINUOUS
10
0.3521454330708662
20
0.4318466141732283
11
0.3504607480314961
21
0.431925748031496
0
LINE
8
BLACK
6
CONTINUOUS
10
0.3504607480314961
20
0.431925748031496
11
0.350328188976378
21
0.4319364566929134
0
LINE
8
BLACK
6
CONTINUOUS
10
0.350328188976378
20
0.4319364566929134
11
0.3489131102362205
21
0.4320992125984252
0
LINE
8
BLACK
6
CONTINUOUS
10
0.3489131102362205
20
0.4320992125984252
11
0.3487258661417323
21
0.4321299606299213
0
LINE
8
BLACK
6
CONTINUOUS
10
0.3487258661417323
20
0.4321299606299213
11
0.3474575984251969
21
0.4324015354330709
0
LINE
8
BLACK
6
CONTINUOUS
10
0.3474575984251969
20
0.4324015354330709
11
0.34725968503937
21
0.432454842519685
0
LINE
8
BLACK
6
CONTINUOUS
10
0.34725968503937
20
0.432454842519685
11
0.3460153149606299
21
0.4328604724409449
0
LINE
8
BLACK
6
CONTINUOUS
10
0.3460153149606299
20
0.4328604724409449
11
0.3458622440944882
21
0.4329174803149606
0
LINE
8
BLACK
6
CONTINUOUS
10
0.3458622440944882
20
0.4329174803149606
11
0.344518937007874
21
0.4334824409448819
0
LINE
8
BLACK
6
CONTINUOUS
10
0.344518937007874
20
0.4334824409448819
11
0.3444362204724409
21
0.4335194881889763
0
LINE
8
BLACK
6
CONTINUOUS
10
0.3444362204724409
20
0.4335194881889763
11
0.3431411811023622
21
0.4341357480314961
0
LINE
8
BLACK
6
CONTINUOUS
10
0.3431411811023622
20
0.4341357480314961
11
0.3429703937007874
21
0.4342275984251968
0
LINE
8
BLACK
6
CONTINUOUS
10
0.3429703937007874
20
0.4342275984251968
11
0.3404495275590551
21
0.4357479527559055
0
LINE
8
BLACK
6
CONTINUOUS
10
0.3404495275590551
20
0.4357479527559055
11
0.3401775196850393
21
0.4359455511811023
0
LINE
8
BLACK
6
CONTINUOUS
10
0.3401775196850393
20
0.4359455511811023
11
0.3379636614173228
21
0.4378627165354331
0
LINE
8
BLACK
6
CONTINUOUS
10
0.3379636614173228
20
0.4378627165354331
11
0.3377323622047244
21
0.4380998818897638
0
LINE
8
BLACK
6
CONTINUOUS
10
0.3377323622047244
20
0.4380998818897638
11
0.3358648031496063
21
0.4403691338582677
0
LINE
8
BLACK
6
CONTINUOUS
10
0.3358648031496063
20
0.4403691338582677
11
0.3356784251968504
21
0.4406385433070866
0
LINE
8
BLACK
6
CONTINUOUS
10
0.3356784251968504
20
0.4406385433070866
11
0.3341963385826772
21
0.4432151574803149
0
LINE
8
BLACK
6
CONTINUOUS
10
0.3341963385826772
20
0.4432151574803149
11
0.3340803149606299
21
0.4434523622047244
0
LINE
8
BLACK
6
CONTINUOUS
10
0.3340803149606299
20
0.4434523622047244
11
0.3333684645669291
21
0.4451952755905512
0
LINE
8
BLACK
6
CONTINUOUS
10
0.3333684645669291
20
0.4451952755905512
11
0.3333228346456693
21
0.4453186220472441
0
LINE
8
BLACK
6
CONTINUOUS
10
0.3333228346456693
20
0.4453186220472441
11
0.3329976771653543
21
0.4462967716535433
0
LINE
8
BLACK
6
CONTINUOUS
10
0.3329976771653543
20
0.4462967716535433
11
0.3329718110236221
21
0.4463807086614173
0
LINE
8
BLACK
6
CONTINUOUS
10
0.3329718110236221
20
0.4463807086614173
11
0.3327063385826772
21
0.447316968503937
0
LINE
8
BLACK
6
CONTINUOUS
10
0.3327063385826772
20
0.447316968503937
11
0.3326778346456693
21
0.4474303149606299
0
LINE
8
BLACK
6
CONTINUOUS
10
0.3326778346456693
20
0.4474303149606299
11
0.332466220472441
21
0.4483905118110236
0
LINE
8
BLACK
6
CONTINUOUS
10
0.332466220472441
20
0.4483905118110236
11
0.3324435826771653
21
0.4485108267716535
0
LINE
8
BLACK
6
CONTINUOUS
10
0.3324435826771653
20
0.4485108267716535
11
0.332279842519685
21
0.449560748031496
0
LINE
8
BLACK
6
CONTINUOUS
10
0.332279842519685
20
0.449560748031496
11
0.3322662992125984
21
0.4496663779527559
0
LINE
8
BLACK
6
CONTINUOUS
10
0.3322662992125984
20
0.4496663779527559
11
0.3321446062992126
21
0.4508717716535433
0
LINE
8
BLACK
6
CONTINUOUS
10
0.3321446062992126
20
0.4508717716535433
11
0.3321381889763779
21
0.4509516535433071
0
LINE
8
BLACK
6
CONTINUOUS
10
0.3321381889763779
20
0.4509516535433071
11
0.3320526377952756
21
0.4523783070866141
0
LINE
8
BLACK
6
CONTINUOUS
10
0.3320526377952756
20
0.4523783070866141
11
0.3320501181102362
21
0.4524325984251968
0
LINE
8
BLACK
6
CONTINUOUS
10
0.3320501181102362
20
0.4524325984251968
11
0.3319947637795275
21
0.4541463385826772
0
LINE
8
BLACK
6
CONTINUOUS
10
0.3319947637795275
20
0.4541463385826772
11
0.3319939763779527
21
0.4541803149606299
0
LINE
8
BLACK
6
CONTINUOUS
10
0.3319939763779527
20
0.4541803149606299
11
0.3319629133858268
21
0.4562468503937008
0
LINE
8
BLACK
6
CONTINUOUS
10
0.3319629133858268
20
0.4562468503937008
11
0.3319627165354331
21
0.4562664566929134
0
LINE
8
BLACK
6
CONTINUOUS
10
0.3319627165354331
20
0.4562664566929134
11
0.3319501181102362
21
0.4587516535433071
0
LINE
8
BLACK
6
CONTINUOUS
10
0.3319501181102362
20
0.4587516535433071
11
0.3319500787401575
21
0.4587598031496063
0
LINE
8
BLACK
6
CONTINUOUS
10
0.3319500787401575
20
0.4587598031496063
11
0.3319488188976378
21
0.4601354330708661
0
LINE
8
BLACK
6
CONTINUOUS
10
0.3319488188976378
20
0.4601354330708661
11
0.3319488188976378
21
0.4690223622047244
0
LINE
8
BLACK
6
CONTINUOUS
10
0.3319488188976378
20
0.4690223622047244
11
0.3325253937007874
21
0.4704142913385826
0
LINE
8
BLACK
6
CONTINUOUS
10
0.3325253937007874
20
0.4704142913385826
11
0.3339173228346456
21
0.4709908661417322
0
LINE
8
BLACK
6
CONTINUOUS
10
0.3339173228346456
20
0.4709908661417322
11
0.3747505118110236
21
0.4709908661417322
0
LINE
8
BLACK
6
CONTINUOUS
10
0.3747505118110236
20
0.4709908661417322
11
0.3761424409448819
21
0.4704142913385826
0
LINE
8
BLACK
6
CONTINUOUS
10
0.3426418110236221
20
0.4558192125984252
11
0.3427214173228346
21
0.4505015354330709
0
LINE
8
BLACK
6
CONTINUOUS
10
0.3427214173228346
20
0.4505015354330709
11
0.3433150787401575
21
0.4492483858267716
0
LINE
8
BLACK
6
CONTINUOUS
10
0.3433150787401575
20
0.4492483858267716
11
0.344350905511811
21
0.4475375984251969
0
LINE
8
BLACK
6
CONTINUOUS
10
0.344350905511811
20
0.4475375984251969
11
0.3456001968503937
21
0.4462354724409449
0
LINE
8
BLACK
6
CONTINUOUS
10
0.3456001968503937
20
0.4462354724409449
11
0.3471568110236221
21
0.4452110236220472
0
LINE
8
BLACK
6
CONTINUOUS
10
0.3471568110236221
20
0.4452110236220472
11
0.3490833464566929
21
0.4444493307086614
0
LINE
8
BLACK
6
CONTINUOUS
10
0.3490833464566929
20
0.4444493307086614
11
0.3514233464566929
21
0.4439681102362205
0
LINE
8
BLACK
6
CONTINUOUS
10
0.3514233464566929
20
0.4439681102362205
11
0.3542435433070866
21
0.4437901181102362
0
LINE
8
BLACK
6
CONTINUOUS
10
0.3542435433070866
20
0.4437901181102362
11
0.3542606299212598
21
0.4437900787401575
0
LINE
8
BLACK
6
CONTINUOUS
10
0.3542606299212598
20
0.4437900787401575
11
0.3570979527559055
21
0.4439543307086614
0
LINE
8
BLACK
6
CONTINUOUS
10
0.3570979527559055
20
0.4439543307086614
11
0.3594561811023622
21
0.4444231102362204
0
LINE
8
BLACK
6
CONTINUOUS
10
0.3594561811023622
20
0.4444231102362204
11
0.3613995669291338
21
0.4451735039370079
0
LINE
8
BLACK
6
CONTINUOUS
10
0.3613995669291338
20
0.4451735039370079
11
0.3629704724409449
21
0.4461866929133858
0
LINE
8
BLACK
6
CONTINUOUS
10
0.3629704724409449
20
0.4461866929133858
11
0.3642316535433071
21
0.4474763779527559
0
LINE
8
BLACK
6
CONTINUOUS
10
0.3642316535433071
20
0.4474763779527559
11
0.3652767322834646
21
0.4491681102362204
0
LINE
8
BLACK
6
CONTINUOUS
10
0.3652767322834646
20
0.4491681102362204
11
0.3659081496062992
21
0.4505009448818897
0
LINE
8
BLACK
6
CONTINUOUS
10
0.3659081496062992
20
0.4505009448818897
11
0.3659843307086614
21
0.4558179133858268
0
LINE
8
BLACK
6
CONTINUOUS
10
0.3659843307086614
20
0.4558179133858268
11
0.366038031496063
21
0.4595661417322834
0
LINE
8
BLACK
6
CONTINUOUS
10
0.366038031496063
20
0.4595661417322834
11
0.3425857086614173
21
0.4595661417322834
0
LINE
8
BLACK
6
CONTINUOUS
10
0.3425857086614173
20
0.4595661417322834
11
0.3426418110236221
21
0.4558192125984252
0
LINE
8
BLACK
6
CONTINUOUS
10
0.0714459842519685
20
0.4542249212598425
11
0.0722606299212598
21
0.4534102755905512
0
LINE
8
BLACK
6
CONTINUOUS
10
0.0722606299212598
20
0.4534102755905512
11
0.0727015354330709
21
0.4523458661417323
0
LINE
8
BLACK
6
CONTINUOUS
10
0.0727015354330709
20
0.4523458661417323
11
0.0727582677165354
21
0.4517698031496063
0
LINE
8
BLACK
6
CONTINUOUS
10
0.0727582677165354
20
0.4517698031496063
11
0.0727582677165354
21
0.4502231102362205
0
LINE
8
BLACK
6
CONTINUOUS
10
0.0727582677165354
20
0.4502231102362205
11
0.0803041732283465
21
0.4502231102362205
0
LINE
8
BLACK
6
CONTINUOUS
10
0.0803041732283465
20
0.4502231102362205
11
0.0808802362204724
21
0.4501663779527559
0
LINE
8
BLACK
6
CONTINUOUS
10
0.0808802362204724
20
0.4501663779527559
11
0.0819446456692913
21
0.4497254724409449
0
LINE
8
BLACK
6
CONTINUOUS
10
0.0819446456692913
20
0.4497254724409449
11
0.0827592913385827
21
0.4489108267716536
0
LINE
8
BLACK
6
CONTINUOUS
10
0.0827592913385827
20
0.4489108267716536
11
0.0832001968503937
21
0.4478464173228346
0
LINE
8
BLACK
6
CONTINUOUS
10
0.0832001968503937
20
0.4478464173228346
11
0.0832001968503937
21
0.4466942913385827
0
LINE
8
BLACK
6
CONTINUOUS
10
0.0832001968503937
20
0.4466942913385827
11
0.0827592913385827
21
0.4456298818897638
0
LINE
8
BLACK
6
CONTINUOUS
10
0.0827592913385827
20
0.4456298818897638
11
0.0819446456692913
21
0.4448152362204724
0
LINE
8
BLACK
6
CONTINUOUS
10
0.0819446456692913
20
0.4448152362204724
11
0.0808802362204724
21
0.4443743307086614
0
LINE
8
BLACK
6
CONTINUOUS
10
0.0808802362204724
20
0.4443743307086614
11
0.0803041732283465
21
0.4443175984251969
0
LINE
8
BLACK
6
CONTINUOUS
10
0.0803041732283465
20
0.4443175984251969
11
0.0727582677165354
21
0.4443175984251969
0
LINE
8
BLACK
6
CONTINUOUS
10
0.0727582677165354
20
0.4443175984251969
11
0.0727582677165354
21
0.4397712992125984
0
LINE
8
BLACK
6
CONTINUOUS
10
0.0727582677165354
20
0.4397712992125984
11
0.0727015354330709
21
0.4391952362204724
0
LINE
8
BLACK
6
CONTINUOUS
10
0.0727015354330709
20
0.4391952362204724
11
0.0722606299212598
21
0.4381308267716535
0
LINE
8
BLACK
6
CONTINUOUS
10
0.0722606299212598
20
0.4381308267716535
11
0.0714459842519685
21
0.4373161811023622
0
LINE
8
BLACK
6
CONTINUOUS
10
0.0714459842519685
20
0.4373161811023622
11
0.0703815748031496
21
0.4368752755905512
0
LINE
8
BLACK
6
CONTINUOUS
10
0.0703815748031496
20
0.4368752755905512
11
0.0692294488188976
21
0.4368752755905512
0
LINE
8
BLACK
6
CONTINUOUS
10
0.0692294488188976
20
0.4368752755905512
11
0.0681650393700787
21
0.4373161811023622
0
LINE
8
BLACK
6
CONTINUOUS
10
0.0681650393700787
20
0.4373161811023622
11
0.0673503937007874
21
0.4381308267716535
0
LINE
8
BLACK
6
CONTINUOUS
10
0.0673503937007874
20
0.4381308267716535
11
0.0669094881889764
21
0.4391952362204724
0
LINE
8
BLACK
6
CONTINUOUS
10
0.0669094881889764
20
0.4391952362204724
11
0.0668527559055118
21
0.4397712992125984
0
LINE
8
BLACK
6
CONTINUOUS
10
0.0668527559055118
20
0.4397712992125984
11
0.0668527559055118
21
0.4443175984251969
0
LINE
8
BLACK
6
CONTINUOUS
10
0.0668527559055118
20
0.4443175984251969
11
0.0540046062992126
21
0.4443175984251969
0
LINE
8
BLACK
6
CONTINUOUS
10
0.0540046062992126
20
0.4443175984251969
11
0.0525087795275591
21
0.4435696850393701
0
LINE
8
BLACK
6
CONTINUOUS
10
0.0525087795275591
20
0.4435696850393701
11
0.0517608661417323
21
0.4420738582677165
0
LINE
8
BLACK
6
CONTINUOUS
10
0.0517608661417323
20
0.4420738582677165
11
0.0517608661417323
21
0.4397712992125984
0
LINE
8
BLACK
6
CONTINUOUS
10
0.0517608661417323
20
0.4397712992125984
11
0.0517041338582677
21
0.4391952362204724
0
LINE
8
BLACK
6
CONTINUOUS
10
0.0517041338582677
20
0.4391952362204724
11
0.0512632283464567
21
0.4381308267716535
0
LINE
8
BLACK
6
CONTINUOUS
10
0.0512632283464567
20
0.4381308267716535
11
0.0504485826771654
21
0.4373161811023622
0
LINE
8
BLACK
6
CONTINUOUS
10
0.0504485826771654
20
0.4373161811023622
11
0.0493841732283465
21
0.4368752755905512
0
LINE
8
BLACK
6
CONTINUOUS
10
0.0493841732283465
20
0.4368752755905512
11
0.0482320472440945
21
0.4368752755905512
0
LINE
8
BLACK
6
CONTINUOUS
10
0.0482320472440945
20
0.4368752755905512
11
0.0471676377952756
21
0.4373161811023622
0
LINE
8
BLACK
6
CONTINUOUS
10
0.0471676377952756
20
0.4373161811023622
11
0.0463529921259843
21
0.4381308267716535
0
LINE
8
BLACK
6
CONTINUOUS
10
0.0463529921259843
20
0.4381308267716535
11
0.0459120866141732
21
0.4391952362204724
0
LINE
8
BLACK
6
CONTINUOUS
10
0.0459120866141732
20
0.4391952362204724
11
0.0458553543307087
21
0.4397712992125984
0
LINE
8
BLACK
6
CONTINUOUS
10
0.0458553543307087
20
0.4397712992125984
11
0.0458553543307087
21
0.4427709448818897
0
LINE
8
BLACK
6
CONTINUOUS
10
0.0458553543307087
20
0.4427709448818897
11
0.0459120866141732
21
0.4433470078740158
0
LINE
8
BLACK
6
CONTINUOUS
10
0.0459120866141732
20
0.4433470078740158
11
0.0459526377952756
21
0.443445
0
LINE
8
BLACK
6
CONTINUOUS
10
0.0459526377952756
20
0.443445
11
0.0459601968503937
21
0.4435508661417323
0
LINE
8
BLACK
6
CONTINUOUS
10
0.0459601968503937
20
0.4435508661417323
11
0.0461670866141732
21
0.4440914960629921
0
LINE
8
BLACK
6
CONTINUOUS
10
0.0461670866141732
20
0.4440914960629921
11
0.0476669291338583
21
0.447091062992126
0
LINE
8
BLACK
6
CONTINUOUS
10
0.0476669291338583
20
0.447091062992126
11
0.0477275590551181
21
0.4471874015748031
0
LINE
8
BLACK
6
CONTINUOUS
10
0.0477275590551181
20
0.4471874015748031
11
0.0477427165354331
21
0.4472328346456693
0
LINE
8
BLACK
6
CONTINUOUS
10
0.0477427165354331
20
0.4472328346456693
11
0.047791811023622
21
0.4472894881889763
0
LINE
8
BLACK
6
CONTINUOUS
10
0.047791811023622
20
0.4472894881889763
11
0.0479753149606299
21
0.4475809448818898
0
LINE
8
BLACK
6
CONTINUOUS
10
0.0479753149606299
20
0.4475809448818898
11
0.0482548818897638
21
0.4478234645669291
0
LINE
8
BLACK
6
CONTINUOUS
10
0.0482548818897638
20
0.4478234645669291
11
0.0484975590551181
21
0.4481032283464567
0
LINE
8
BLACK
6
CONTINUOUS
10
0.0484975590551181
20
0.4481032283464567
11
0.048789094488189
21
0.4482867716535433
0
LINE
8
BLACK
6
CONTINUOUS
10
0.048789094488189
20
0.4482867716535433
11
0.0488456692913386
21
0.4483357874015748
0
LINE
8
BLACK
6
CONTINUOUS
10
0.0488456692913386
20
0.4483357874015748
11
0.048891062992126
21
0.4483509448818898
0
LINE
8
BLACK
6
CONTINUOUS
10
0.048891062992126
20
0.4483509448818898
11
0.0489874409448819
21
0.4484115748031496
0
LINE
8
BLACK
6
CONTINUOUS
10
0.0489874409448819
20
0.4484115748031496
11
0.0519870472440945
21
0.4499113779527559
0
LINE
8
BLACK
6
CONTINUOUS
10
0.0519870472440945
20
0.4499113779527559
11
0.0525276771653543
21
0.4501182677165354
0
LINE
8
BLACK
6
CONTINUOUS
10
0.0525276771653543
20
0.4501182677165354
11
0.0526334645669291
21
0.4501257874015748
0
LINE
8
BLACK
6
CONTINUOUS
10
0.0526334645669291
20
0.4501257874015748
11
0.0527314960629921
21
0.4501663779527559
0
LINE
8
BLACK
6
CONTINUOUS
10
0.0527314960629921
20
0.4501663779527559
11
0.0533075590551181
21
0.4502231102362205
0
LINE
8
BLACK
6
CONTINUOUS
10
0.0533075590551181
20
0.4502231102362205
11
0.0668527559055118
21
0.4502231102362205
0
LINE
8
BLACK
6
CONTINUOUS
10
0.0668527559055118
20
0.4502231102362205
11
0.0668527559055118
21
0.4517698031496063
0
LINE
8
BLACK
6
CONTINUOUS
10
0.0668527559055118
20
0.4517698031496063
11
0.0669094881889764
21
0.4523458661417323
0
LINE
8
BLACK
6
CONTINUOUS
10
0.0669094881889764
20
0.4523458661417323
11
0.0673503937007874
21
0.4534102755905512
0
LINE
8
BLACK
6
CONTINUOUS
10
0.0673503937007874
20
0.4534102755905512
11
0.0681650393700787
21
0.4542249212598425
0
LINE
8
BLACK
6
CONTINUOUS
10
0.0681650393700787
20
0.4542249212598425
11
0.0692294488188976
21
0.4546658267716535
0
LINE
8
BLACK
6
CONTINUOUS
10
0.0692294488188976
20
0.4546658267716535
11
0.0703815748031496
21
0.4546658267716535
0
LINE
8
BLACK
6
CONTINUOUS
10
0.0703815748031496
20
0.4546658267716535
11
0.0714459842519685
21
0.4542249212598425
0
LINE
8
BLACK
6
CONTINUOUS
10
0.2081345669291338
20
0.4891567716535433
11
0.2593156692913386
21
0.4720964173228346
0
LINE
8
BLACK
6
CONTINUOUS
10
0.2593156692913386
20
0.4720964173228346
11
0.2600203937007874
21
0.471781811023622
0
LINE
8
BLACK
6
CONTINUOUS
10
0.2600203937007874
20
0.471781811023622
11
0.260232874015748
21
0.4715975196850394
0
LINE
8
BLACK
6
CONTINUOUS
10
0.260232874015748
20
0.4715975196850394
11
0.2604845275590551
21
0.4714716929133858
0
LINE
8
BLACK
6
CONTINUOUS
10
0.2604845275590551
20
0.4714716929133858
11
0.260808031496063
21
0.4710987007874016
0
LINE
8
BLACK
6
CONTINUOUS
10
0.260808031496063
20
0.4710987007874016
11
0.2611808661417323
21
0.4707753149606299
0
LINE
8
BLACK
6
CONTINUOUS
10
0.2611808661417323
20
0.4707753149606299
11
0.2613066141732283
21
0.4705238188976378
0
LINE
8
BLACK
6
CONTINUOUS
10
0.2613066141732283
20
0.4705238188976378
11
0.2614910236220472
21
0.4703111811023622
0
LINE
8
BLACK
6
CONTINUOUS
10
0.2614910236220472
20
0.4703111811023622
11
0.2616471653543307
21
0.4698426771653543
0
LINE
8
BLACK
6
CONTINUOUS
10
0.2616471653543307
20
0.4698426771653543
11
0.261867874015748
21
0.4694013385826771
0
LINE
8
BLACK
6
CONTINUOUS
10
0.261867874015748
20
0.4694013385826771
11
0.2618877952755905
21
0.469120905511811
0
LINE
8
BLACK
6
CONTINUOUS
10
0.2618877952755905
20
0.469120905511811
11
0.261976811023622
21
0.4688538976377953
0
LINE
8
BLACK
6
CONTINUOUS
10
0.261976811023622
20
0.4688538976377953
11
0.2619417716535433
21
0.4683612992125984
0
LINE
8
BLACK
6
CONTINUOUS
10
0.2619417716535433
20
0.4683612992125984
11
0.2619767716535433
21
0.4678690551181102
0
LINE
8
BLACK
6
CONTINUOUS
10
0.2619767716535433
20
0.4678690551181102
11
0.2618877952755905
21
0.4676022440944882
0
LINE
8
BLACK
6
CONTINUOUS
10
0.2618877952755905
20
0.4676022440944882
11
0.261867874015748
21
0.4673216141732283
0
LINE
8
BLACK
6
CONTINUOUS
10
0.261867874015748
20
0.4673216141732283
11
0.2616470472440945
21
0.4668800393700787
0
LINE
8
BLACK
6
CONTINUOUS
10
0.2616470472440945
20
0.4668800393700787
11
0.2614909842519685
21
0.4664117322834646
0
LINE
8
BLACK
6
CONTINUOUS
10
0.2614909842519685
20
0.4664117322834646
11
0.2613066929133858
21
0.4661992913385827
0
LINE
8
BLACK
6
CONTINUOUS
10
0.2613066929133858
20
0.4661992913385827
11
0.261180905511811
21
0.4659476377952756
0
LINE
8
BLACK
6
CONTINUOUS
10
0.261180905511811
20
0.4659476377952756
11
0.2608077952755906
21
0.4656240551181102
0
LINE
8
BLACK
6
CONTINUOUS
10
0.2608077952755906
20
0.4656240551181102
11
0.2604844881889763
21
0.4652512598425197
0
LINE
8
BLACK
6
CONTINUOUS
10
0.2604844881889763
20
0.4652512598425197
11
0.2602329921259842
21
0.4651255511811023
0
LINE
8
BLACK
6
CONTINUOUS
10
0.2602329921259842
20
0.4651255511811023
11
0.2600204330708661
21
0.4649411417322835
0
LINE
8
BLACK
6
CONTINUOUS
10
0.2600204330708661
20
0.4649411417322835
11
0.2593156692913386
21
0.4646264960629921
0
LINE
8
BLACK
6
CONTINUOUS
10
0.2593156692913386
20
0.4646264960629921
11
0.2081345669291338
21
0.4475661023622047
0
LINE
8
BLACK
6
CONTINUOUS
10
0.2081345669291338
20
0.4475661023622047
11
0.207381968503937
21
0.4473949606299212
0
LINE
8
BLACK
6
CONTINUOUS
10
0.207381968503937
20
0.4473949606299212
11
0.2058496850393701
21
0.4475038582677165
0
LINE
8
BLACK
6
CONTINUOUS
10
0.2058496850393701
20
0.4475038582677165
11
0.2044757480314961
21
0.4481908661417323
0
LINE
8
BLACK
6
CONTINUOUS
10
0.2044757480314961
20
0.4481908661417323
11
0.2034692125984252
21
0.4493513385826772
0
LINE
8
BLACK
6
CONTINUOUS
10
0.2034692125984252
20
0.4493513385826772
11
0.2029834645669291
21
0.4508086614173228
0
LINE
8
BLACK
6
CONTINUOUS
10
0.2029834645669291
20
0.4508086614173228
11
0.2030923622047244
21
0.4523409448818898
0
LINE
8
BLACK
6
CONTINUOUS
10
0.2030923622047244
20
0.4523409448818898
11
0.2037793700787401
21
0.4537148818897638
0
LINE
8
BLACK
6
CONTINUOUS
10
0.2037793700787401
20
0.4537148818897638
11
0.204939842519685
21
0.4547214173228346
0
LINE
8
BLACK
6
CONTINUOUS
10
0.204939842519685
20
0.4547214173228346
11
0.2056445669291339
21
0.4550360236220473
0
LINE
8
BLACK
6
CONTINUOUS
10
0.2056445669291339
20
0.4550360236220473
11
0.2175757086614173
21
0.4590131102362205
0
LINE
8
BLACK
6
CONTINUOUS
10
0.2175757086614173
20
0.4590131102362205
11
0.2175757086614173
21
0.477709842519685
0
LINE
8
BLACK
6
CONTINUOUS
10
0.2175757086614173
20
0.477709842519685
11
0.2056445669291339
21
0.4816868503937008
0
LINE
8
BLACK
6
CONTINUOUS
10
0.2056445669291339
20
0.4816868503937008
11
0.204939842519685
21
0.4820014566929134
0
LINE
8
BLACK
6
CONTINUOUS
10
0.204939842519685
20
0.4820014566929134
11
0.2037793700787401
21
0.4830079527559055
0
LINE
8
BLACK
6
CONTINUOUS
10
0.2037793700787401
20
0.4830079527559055
11
0.2030923622047244
21
0.4843819291338582
0
LINE
8
BLACK
6
CONTINUOUS
10
0.2030923622047244
20
0.4843819291338582
11
0.2029834645669291
21
0.4859142125984252
0
LINE
8
BLACK
6
CONTINUOUS
10
0.2029834645669291
20
0.4859142125984252
11
0.2034692125984252
21
0.4873715354330709
0
LINE
8
BLACK
6
CONTINUOUS
10
0.2034692125984252
20
0.4873715354330709
11
0.2044757086614173
21
0.4885320078740157
0
LINE
8
BLACK
6
CONTINUOUS
10
0.2044757086614173
20
0.4885320078740157
11
0.2058496850393701
21
0.4892190157480315
0
LINE
8
BLACK
6
CONTINUOUS
10
0.2058496850393701
20
0.4892190157480315
11
0.207381968503937
21
0.4893279133858268
0
LINE
8
BLACK
6
CONTINUOUS
10
0.207381968503937
20
0.4893279133858268
11
0.2081345669291338
21
0.4891567716535433
0
LINE
8
BLACK
6
CONTINUOUS
10
0.2254497244094488
20
0.4616377559055118
11
0.2456207874015748
21
0.4683614566929134
0
LINE
8
BLACK
6
CONTINUOUS
10
0.2456207874015748
20
0.4683614566929134
11
0.2254497244094488
21
0.4750851574803149
0
LINE
8
BLACK
6
CONTINUOUS
10
0.2254497244094488
20
0.4750851574803149
11
0.2254497244094488
21
0.4616377559055118
0
LINE
8
BLACK
6
CONTINUOUS
10
0.1307107874015748
20
0.4581571653543307
11
0.1311516929133858
21
0.4579745275590551
0
LINE
8
BLACK
6
CONTINUOUS
10
0.1311516929133858
20
0.4579745275590551
11
0.1311517322834646
21
0.4579744881889763
0
LINE
8
BLACK
6
CONTINUOUS
10
0.1311517322834646
20
0.4579744881889763
11
0.1315992125984252
21
0.4576072440944882
0
LINE
8
BLACK
6
CONTINUOUS
10
0.1315992125984252
20
0.4576072440944882
11
0.1330990157480315
21
0.4561074015748031
0
LINE
8
BLACK
6
CONTINUOUS
10
0.1330990157480315
20
0.4561074015748031
11
0.1334662204724409
21
0.4556599606299213
0
LINE
8
BLACK
6
CONTINUOUS
10
0.1334662204724409
20
0.4556599606299213
11
0.133763031496063
21
0.4549433464566929
0
LINE
8
BLACK
6
CONTINUOUS
10
0.133763031496063
20
0.4549433464566929
11
0.1339070866141732
21
0.4545955511811023
0
LINE
8
BLACK
6
CONTINUOUS
10
0.1339070866141732
20
0.4545955511811023
11
0.1339070866141732
21
0.4534434645669291
0
LINE
8
BLACK
6
CONTINUOUS
10
0.1339070866141732
20
0.4534434645669291
11
0.1334661811023622
21
0.4523790551181102
0
LINE
8
BLACK
6
CONTINUOUS
10
0.1334661811023622
20
0.4523790551181102
11
0.1330989763779528
21
0.4519316141732284
0
LINE
8
BLACK
6
CONTINUOUS
10
0.1330989763779528
20
0.4519316141732284
11
0.1315991732283465
21
0.4504318110236221
0
LINE
8
BLACK
6
CONTINUOUS
10
0.1315991732283465
20
0.4504318110236221
11
0.1311517322834646
21
0.4500646062992126
0
LINE
8
BLACK
6
CONTINUOUS
10
0.1311517322834646
20
0.4500646062992126
11
0.1300872834645669
21
0.4496237007874015
0
LINE
8
BLACK
6
CONTINUOUS
10
0.1300872834645669
20
0.4496237007874015
11
0.1289352362204724
21
0.4496237007874015
0
LINE
8
BLACK
6
CONTINUOUS
10
0.1289352362204724
20
0.4496237007874015
11
0.1289351968503937
21
0.4496237007874015
0
LINE
8
BLACK
6
CONTINUOUS
10
0.1289351968503937
20
0.4496237007874015
11
0.1278707874015748
21
0.4500646062992126
0
LINE
8
BLACK
6
CONTINUOUS
10
0.1278707874015748
20
0.4500646062992126
11
0.1274233464566929
21
0.4504318110236221
0
LINE
8
BLACK
6
CONTINUOUS
10
0.1274233464566929
20
0.4504318110236221
11
0.1259235433070866
21
0.4519316141732284
0
LINE
8
BLACK
6
CONTINUOUS
10
0.1259235433070866
20
0.4519316141732284
11
0.1255563385826772
21
0.4523790551181102
0
LINE
8
BLACK
6
CONTINUOUS
10
0.1255563385826772
20
0.4523790551181102
11
0.1251154330708661
21
0.4534434645669291
0
LINE
8
BLACK
6
CONTINUOUS
10
0.1251154330708661
20
0.4534434645669291
11
0.1251154330708661
21
0.4545955118110236
0
LINE
8
BLACK
6
CONTINUOUS
10
0.1251154330708661
20
0.4545955118110236
11
0.1251154330708661
21
0.4545955511811023
0
LINE
8
BLACK
6
CONTINUOUS
10
0.1251154330708661
20
0.4545955511811023
11
0.1251154330708661
21
0.4545955905511811
0
LINE
8
BLACK
6
CONTINUOUS
10
0.1251154330708661
20
0.4545955905511811
11
0.1253736614173228
21
0.455219094488189
0
LINE
8
BLACK
6
CONTINUOUS
10
0.1253736614173228
20
0.455219094488189
11
0.1255562992125984
21
0.4556599606299213
0
LINE
8
BLACK
6
CONTINUOUS
10
0.1255562992125984
20
0.4556599606299213
11
0.1259235039370079
21
0.4561074015748031
0
LINE
8
BLACK
6
CONTINUOUS
10
0.1259235039370079
20
0.4561074015748031
11
0.1274233070866142
21
0.4576072440944882
0
LINE
8
BLACK
6
CONTINUOUS
10
0.1274233070866142
20
0.4576072440944882
11
0.1278707480314961
21
0.4579744881889763
0
LINE
8
BLACK
6
CONTINUOUS
10
0.1278707480314961
20
0.4579744881889763
11
0.1289351574803149
21
0.4584153937007874
0
LINE
8
BLACK
6
CONTINUOUS
10
0.1289351574803149
20
0.4584153937007874
11
0.1300872440944882
21
0.4584153937007874
0
LINE
8
BLACK
6
CONTINUOUS
10
0.1300872440944882
20
0.4584153937007874
11
0.1300873228346457
21
0.4584153937007874
0
LINE
8
BLACK
6
CONTINUOUS
10
0.1300873228346457
20
0.4584153937007874
11
0.1307107874015748
21
0.4581571653543307
0
LINE
8
BLACK
6
CONTINUOUS
10
0.1210884645669291
20
0.4569155511811023
11
0.122152874015748
21
0.4564746456692913
0
LINE
8
BLACK
6
CONTINUOUS
10
0.122152874015748
20
0.4564746456692913
11
0.1229675196850394
21
0.45566
0
LINE
8
BLACK
6
CONTINUOUS
10
0.1229675196850394
20
0.45566
11
0.1234084251968504
21
0.4545955905511811
0
LINE
8
BLACK
6
CONTINUOUS
10
0.1234084251968504
20
0.4545955905511811
11
0.1234084251968504
21
0.4534434645669291
0
LINE
8
BLACK
6
CONTINUOUS
10
0.1234084251968504
20
0.4534434645669291
11
0.1229675196850394
21
0.4523790551181102
0
LINE
8
BLACK
6
CONTINUOUS
10
0.1229675196850394
20
0.4523790551181102
11
0.122152874015748
21
0.4515644094488189
0
LINE
8
BLACK
6
CONTINUOUS
10
0.122152874015748
20
0.4515644094488189
11
0.1210884645669291
21
0.4511235039370078
0
LINE
8
BLACK
6
CONTINUOUS
10
0.1210884645669291
20
0.4511235039370078
11
0.1205124015748031
21
0.4510667716535433
0
LINE
8
BLACK
6
CONTINUOUS
10
0.1205124015748031
20
0.4510667716535433
11
0.099515
21
0.4510667716535433
0
LINE
8
BLACK
6
CONTINUOUS
10
0.099515
20
0.4510667716535433
11
0.098938937007874
21
0.4511235039370078
0
LINE
8
BLACK
6
CONTINUOUS
10
0.098938937007874
20
0.4511235039370078
11
0.0978745275590551
21
0.4515644094488189
0
LINE
8
BLACK
6
CONTINUOUS
10
0.0978745275590551
20
0.4515644094488189
11
0.0970598818897638
21
0.4523790551181102
0
LINE
8
BLACK
6
CONTINUOUS
10
0.0970598818897638
20
0.4523790551181102
11
0.0966189763779527
21
0.4534434645669291
0
LINE
8
BLACK
6
CONTINUOUS
10
0.0966189763779527
20
0.4534434645669291
11
0.0966189763779527
21
0.4545955905511811
0
LINE
8
BLACK
6
CONTINUOUS
10
0.0966189763779527
20
0.4545955905511811
11
0.0970598818897638
21
0.45566
0
LINE
8
BLACK
6
CONTINUOUS
10
0.0970598818897638
20
0.45566
11
0.0978745275590551
21
0.4564746456692913
0
LINE
8
BLACK
6
CONTINUOUS
10
0.0978745275590551
20
0.4564746456692913
11
0.098938937007874
21
0.4569155511811023
0
LINE
8
BLACK
6
CONTINUOUS
10
0.098938937007874
20
0.4569155511811023
11
0.099515
21
0.4569722834645669
0
LINE
8
BLACK
6
CONTINUOUS
10
0.099515
20
0.4569722834645669
11
0.1205124015748031
21
0.4569722834645669
0
LINE
8
BLACK
6
CONTINUOUS
10
0.1205124015748031
20
0.4569722834645669
11
0.1210884645669291
21
0.4569155511811023
0
LINE
8
BLACK
6
CONTINUOUS
10
0.0624470866141732
20
0.4887205905511811
11
0.0632617322834646
21
0.4879059448818898
0
LINE
8
BLACK
6
CONTINUOUS
10
0.0632617322834646
20
0.4879059448818898
11
0.0637026377952756
21
0.4868415354330708
0
LINE
8
BLACK
6
CONTINUOUS
10
0.0637026377952756
20
0.4868415354330708
11
0.0637593700787402
21
0.4862654724409449
0
LINE
8
BLACK
6
CONTINUOUS
10
0.0637593700787402
20
0.4862654724409449
11
0.0637593700787402
21
0.4622684645669291
0
LINE
8
BLACK
6
CONTINUOUS
10
0.0637593700787402
20
0.4622684645669291
11
0.0637026377952756
21
0.4616924015748031
0
LINE
8
BLACK
6
CONTINUOUS
10
0.0637026377952756
20
0.4616924015748031
11
0.0632617322834646
21
0.4606279921259843
0
LINE
8
BLACK
6
CONTINUOUS
10
0.0632617322834646
20
0.4606279921259843
11
0.0624470866141732
21
0.4598133464566929
0
LINE
8
BLACK
6
CONTINUOUS
10
0.0624470866141732
20
0.4598133464566929
11
0.0613826771653543
21
0.4593724409448819
0
LINE
8
BLACK
6
CONTINUOUS
10
0.0613826771653543
20
0.4593724409448819
11
0.0602305511811024
21
0.4593724409448819
0
LINE
8
BLACK
6
CONTINUOUS
10
0.0602305511811024
20
0.4593724409448819
11
0.0591661417322835
21
0.4598133464566929
0
LINE
8
BLACK
6
CONTINUOUS
10
0.0591661417322835
20
0.4598133464566929
11
0.0583514960629921
21
0.4606279921259843
0
LINE
8
BLACK
6
CONTINUOUS
10
0.0583514960629921
20
0.4606279921259843
11
0.0579105905511811
21
0.4616924015748031
0
LINE
8
BLACK
6
CONTINUOUS
10
0.0579105905511811
20
0.4616924015748031
11
0.0578538582677165
21
0.4622684645669291
0
LINE
8
BLACK
6
CONTINUOUS
10
0.0578538582677165
20
0.4622684645669291
11
0.0578538582677165
21
0.4862654724409449
0
LINE
8
BLACK
6
CONTINUOUS
10
0.0578538582677165
20
0.4862654724409449
11
0.0579105905511811
21
0.4868415354330708
0
LINE
8
BLACK
6
CONTINUOUS
10
0.0579105905511811
20
0.4868415354330708
11
0.0583514960629921
21
0.4879059448818898
0
LINE
8
BLACK
6
CONTINUOUS
10
0.0583514960629921
20
0.4879059448818898
11
0.0591661417322835
21
0.4887205905511811
0
LINE
8
BLACK
6
CONTINUOUS
10
0.0591661417322835
20
0.4887205905511811
11
0.0602305511811024
21
0.4891614960629921
0
LINE
8
BLACK
6
CONTINUOUS
10
0.0602305511811024
20
0.4891614960629921
11
0.0613826771653543
21
0.4891614960629921
0
LINE
8
BLACK
6
CONTINUOUS
10
0.0613826771653543
20
0.4891614960629921
11
0.0624470866141732
21
0.4887205905511811
0
LINE
8
BLACK
6
CONTINUOUS
10
0.3761044881889763
20
0.5109513385826772
11
0.376681062992126
21
0.5095594094488188
0
LINE
8
BLACK
6
CONTINUOUS
10
0.376681062992126
20
0.5095594094488188
11
0.376681062992126
21
0.502126811023622
0
LINE
8
BLACK
6
CONTINUOUS
10
0.376681062992126
20
0.502126811023622
11
0.3761044881889763
21
0.5007348818897638
0
LINE
8
BLACK
6
CONTINUOUS
10
0.3761044881889763
20
0.5007348818897638
11
0.3757993307086614
21
0.5004855118110236
0
LINE
8
BLACK
6
CONTINUOUS
10
0.3757993307086614
20
0.5004855118110236
11
0.3626958267716535
21
0.4918091732283464
0
LINE
8
BLACK
6
CONTINUOUS
10
0.3626958267716535
20
0.4918091732283464
11
0.3550433858267716
21
0.4867422440944882
0
LINE
8
BLACK
6
CONTINUOUS
10
0.3550433858267716
20
0.4867422440944882
11
0.3616091732283465
21
0.486741811023622
0
LINE
8
BLACK
6
CONTINUOUS
10
0.3616091732283465
20
0.486741811023622
11
0.3747126771653543
21
0.4867409448818897
0
LINE
8
BLACK
6
CONTINUOUS
10
0.3747126771653543
20
0.4867409448818897
11
0.3761046062992126
21
0.4861642913385827
0
LINE
8
BLACK
6
CONTINUOUS
10
0.3761046062992126
20
0.4861642913385827
11
0.376681062992126
21
0.4847724409448819
0
LINE
8
BLACK
6
CONTINUOUS
10
0.376681062992126
20
0.4847724409448819
11
0.376681062992126
21
0.47728468503937
0
LINE
8
BLACK
6
CONTINUOUS
10
0.376681062992126
20
0.47728468503937
11
0.3761044881889763
21
0.4758927559055118
0
LINE
8
BLACK
6
CONTINUOUS
10
0.3761044881889763
20
0.4758927559055118
11
0.3747125590551181
21
0.4753161811023622
0
LINE
8
BLACK
6
CONTINUOUS
10
0.3747125590551181
20
0.4753161811023622
11
0.3339173228346456
21
0.4753161811023622
0
LINE
8
BLACK
6
CONTINUOUS
10
0.3339173228346456
20
0.4753161811023622
11
0.3325253937007874
21
0.4758927559055118
0
LINE
8
BLACK
6
CONTINUOUS
10
0.3325253937007874
20
0.4758927559055118
11
0.3319488188976378
21
0.47728468503937
0
LINE
8
BLACK
6
CONTINUOUS
10
0.3319488188976378
20
0.47728468503937
11
0.3319488188976378
21
0.4833977165354331
0
LINE
8
BLACK
6
CONTINUOUS
10
0.3319488188976378
20
0.4833977165354331
11
0.3325253937007874
21
0.4847896456692913
0
LINE
8
BLACK
6
CONTINUOUS
10
0.3325253937007874
20
0.4847896456692913
11
0.3328255118110236
21
0.4850357086614173
0
LINE
8
BLACK
6
CONTINUOUS
10
0.3328255118110236
20
0.4850357086614173
11
0.3468327559055118
21
0.4943724015748031
0
LINE
8
BLACK
6
CONTINUOUS
10
0.3468327559055118
20
0.4943724015748031
11
0.3554296456692913
21
0.5001027559055118
0
LINE
8
BLACK
6
CONTINUOUS
10
0.3554296456692913
20
0.5001027559055118
11
0.3479245275590551
21
0.5001029133858268
0
LINE
8
BLACK
6
CONTINUOUS
10
0.3479245275590551
20
0.5001029133858268
11
0.3339172834645669
21
0.500103188976378
0
LINE
8
BLACK
6
CONTINUOUS
10
0.3339172834645669
20
0.500103188976378
11
0.3325253543307087
21
0.5006797637795275
0
LINE
8
BLACK
6
CONTINUOUS
10
0.3325253543307087
20
0.5006797637795275
11
0.3319488188976378
21
0.5020716929133858
0
LINE
8
BLACK
6
CONTINUOUS
10
0.3319488188976378
20
0.5020716929133858
11
0.3319488188976378
21
0.5095594094488188
0
LINE
8
BLACK
6
CONTINUOUS
10
0.3319488188976378
20
0.5095594094488188
11
0.3325253937007874
21
0.5109513385826772
0
LINE
8
BLACK
6
CONTINUOUS
10
0.3325253937007874
20
0.5109513385826772
11
0.3339173228346456
21
0.5115279133858267
0
LINE
8
BLACK
6
CONTINUOUS
10
0.3339173228346456
20
0.5115279133858267
11
0.3747125590551181
21
0.5115279133858267
0
LINE
8
BLACK
6
CONTINUOUS
10
0.3747125590551181
20
0.5115279133858267
11
0.3761044881889763
21
0.5109513385826772
0
LINE
8
BLACK
6
CONTINUOUS
10
0.7877611811023622
20
0.5555588188976378
11
0.7888265354330708
21
0.5544934645669292
0
LINE
8
BLACK
6
CONTINUOUS
10
0.7888265354330708
20
0.5544934645669292
11
0.7889763779527559
21
0.5537401574803149
0
LINE
8
BLACK
6
CONTINUOUS
10
0.7889763779527559
20
0.5537401574803149
11
0.7889763779527559
21
0.4848425196850394
0
LINE
8
BLACK
6
CONTINUOUS
10
0.7889763779527559
20
0.4848425196850394
11
0.8440944881889764
21
0.4848425196850394
0
LINE
8
BLACK
6
CONTINUOUS
10
0.8440944881889764
20
0.4848425196850394
11
0.8448477952755905
21
0.4846926771653543
0
LINE
8
BLACK
6
CONTINUOUS
10
0.8448477952755905
20
0.4846926771653543
11
0.8459131496062992
21
0.4836273228346457
0
LINE
8
BLACK
6
CONTINUOUS
10
0.8459131496062992
20
0.4836273228346457
11
0.8459131496062992
21
0.4821207086614173
0
LINE
8
BLACK
6
CONTINUOUS
10
0.8459131496062992
20
0.4821207086614173
11
0.8448477952755905
21
0.4810553543307087
0
LINE
8
BLACK
6
CONTINUOUS
10
0.8448477952755905
20
0.4810553543307087
11
0.8440944881889764
21
0.4809055118110236
0
LINE
8
BLACK
6
CONTINUOUS
10
0.8440944881889764
20
0.4809055118110236
11
0.787007874015748
21
0.4809055118110236
0
LINE
8
BLACK
6
CONTINUOUS
10
0.787007874015748
20
0.4809055118110236
11
0.7862545669291339
21
0.4810553543307087
0
LINE
8
BLACK
6
CONTINUOUS
10
0.7862545669291339
20
0.4810553543307087
11
0.7851892125984252
21
0.4821207086614173
0
LINE
8
BLACK
6
CONTINUOUS
10
0.7851892125984252
20
0.4821207086614173
11
0.7850393700787401
21
0.4828740157480315
0
LINE
8
BLACK
6
CONTINUOUS
10
0.7850393700787401
20
0.4828740157480315
11
0.7850393700787401
21
0.551771653543307
0
LINE
8
BLACK
6
CONTINUOUS
10
0.7850393700787401
20
0.551771653543307
11
0.7480314960629921
21
0.551771653543307
0
LINE
8
BLACK
6
CONTINUOUS
10
0.7480314960629921
20
0.551771653543307
11
0.747278188976378
21
0.5519214960629921
0
LINE
8
BLACK
6
CONTINUOUS
10
0.747278188976378
20
0.5519214960629921
11
0.7462128346456692
21
0.5529868503937008
0
LINE
8
BLACK
6
CONTINUOUS
10
0.7462128346456692
20
0.5529868503937008
11
0.7462128346456692
21
0.5544934645669292
0
LINE
8
BLACK
6
CONTINUOUS
10
0.7462128346456692
20
0.5544934645669292
11
0.747278188976378
21
0.5555588188976378
0
LINE
8
BLACK
6
CONTINUOUS
10
0.747278188976378
20
0.5555588188976378
11
0.7480314960629921
21
0.5557086614173228
0
LINE
8
BLACK
6
CONTINUOUS
10
0.7480314960629921
20
0.5557086614173228
11
0.787007874015748
21
0.5557086614173228
0
LINE
8
BLACK
6
CONTINUOUS
10
0.787007874015748
20
0.5557086614173228
11
0.7877611811023622
21
0.5555588188976378
0
LINE
8
BLACK
6
CONTINUOUS
10
0.1176132677165354
20
0.51395531496063
11
0.1176562992125984
21
0.5139616929133858
0
LINE
8
BLACK
6
CONTINUOUS
10
0.1176562992125984
20
0.5139616929133858
11
0.117871811023622
21
0.513929842519685
0
LINE
8
BLACK
6
CONTINUOUS
10
0.117871811023622
20
0.513929842519685
11
0.1180888188976378
21
0.5139084645669291
0
LINE
8
BLACK
6
CONTINUOUS
10
0.1180888188976378
20
0.5139084645669291
11
0.1181289763779527
21
0.5138918503937008
0
LINE
8
BLACK
6
CONTINUOUS
10
0.1181289763779527
20
0.5138918503937008
11
0.118228937007874
21
0.5138770472440944
0
LINE
8
BLACK
6
CONTINUOUS
10
0.118228937007874
20
0.5138770472440944
11
0.124228188976378
21
0.5123772047244094
0
LINE
8
BLACK
6
CONTINUOUS
10
0.124228188976378
20
0.5123772047244094
11
0.1242706692913386
21
0.5123620472440945
0
LINE
8
BLACK
6
CONTINUOUS
10
0.1242706692913386
20
0.5123620472440945
11
0.1242918897637795
21
0.5123605118110236
0
LINE
8
BLACK
6
CONTINUOUS
10
0.1242918897637795
20
0.5123605118110236
11
0.124531062992126
21
0.5122690157480315
0
LINE
8
BLACK
6
CONTINUOUS
10
0.124531062992126
20
0.5122690157480315
11
0.1247732677165354
21
0.5121824409448819
0
LINE
8
BLACK
6
CONTINUOUS
10
0.1247732677165354
20
0.5121824409448819
11
0.1247903937007874
21
0.5121697637795275
0
LINE
8
BLACK
6
CONTINUOUS
10
0.1247903937007874
20
0.5121697637795275
11
0.1248325196850394
21
0.5121536220472441
0
LINE
8
BLACK
6
CONTINUOUS
10
0.1248325196850394
20
0.5121536220472441
11
0.1278321653543307
21
0.5106538188976378
0
LINE
8
BLACK
6
CONTINUOUS
10
0.1278321653543307
20
0.5106538188976378
11
0.128080157480315
21
0.5104977559055118
0
LINE
8
BLACK
6
CONTINUOUS
10
0.128080157480315
20
0.5104977559055118
11
0.128152125984252
21
0.5104679133858268
0
LINE
8
BLACK
6
CONTINUOUS
10
0.128152125984252
20
0.5104679133858268
11
0.1282330708661417
21
0.5104014566929134
0
LINE
8
BLACK
6
CONTINUOUS
10
0.1282330708661417
20
0.5104014566929134
11
0.1283220472440945
21
0.5103454724409449
0
LINE
8
BLACK
6
CONTINUOUS
10
0.1283220472440945
20
0.5103454724409449
11
0.1283731889763779
21
0.5102864960629921
0
LINE
8
BLACK
6
CONTINUOUS
10
0.1283731889763779
20
0.5102864960629921
11
0.1285995669291339
21
0.5101007086614173
0
LINE
8
BLACK
6
CONTINUOUS
10
0.1285995669291339
20
0.5101007086614173
11
0.1315991732283465
21
0.5071011023622047
0
LINE
8
BLACK
6
CONTINUOUS
10
0.1315991732283465
20
0.5071011023622047
11
0.1319664173228347
21
0.5066536614173228
0
LINE
8
BLACK
6
CONTINUOUS
10
0.1319664173228347
20
0.5066536614173228
11
0.1320070472440945
21
0.5065555511811024
0
LINE
8
BLACK
6
CONTINUOUS
10
0.1320070472440945
20
0.5065555511811024
11
0.1320764960629921
21
0.5064754724409448
0
LINE
8
BLACK
6
CONTINUOUS
10
0.1320764960629921
20
0.5064754724409448
11
0.1323124803149606
21
0.5059469291338583
0
LINE
8
BLACK
6
CONTINUOUS
10
0.1323124803149606
20
0.5059469291338583
11
0.1338122834645669
21
0.5014474803149607
0
LINE
8
BLACK
6
CONTINUOUS
10
0.1338122834645669
20
0.5014474803149607
11
0.1338772047244094
21
0.5011619291338583
0
LINE
8
BLACK
6
CONTINUOUS
10
0.1338772047244094
20
0.5011619291338583
11
0.1339070866141732
21
0.5010898031496063
0
LINE
8
BLACK
6
CONTINUOUS
10
0.1339070866141732
20
0.5010898031496063
11
0.1339173622047244
21
0.5009853149606299
0
LINE
8
BLACK
6
CONTINUOUS
10
0.1339173622047244
20
0.5009853149606299
11
0.1339406299212599
21
0.5008830314960629
0
LINE
8
BLACK
6
CONTINUOUS
10
0.1339406299212599
20
0.5008830314960629
11
0.1339350787401575
21
0.5008053149606299
0
LINE
8
BLACK
6
CONTINUOUS
10
0.1339350787401575
20
0.5008053149606299
11
0.1339638188976378
21
0.5005137401574803
0
LINE
8
BLACK
6
CONTINUOUS
10
0.1339638188976378
20
0.5005137401574803
11
0.1339638188976378
21
0.497514094488189
0
LINE
8
BLACK
6
CONTINUOUS
10
0.1339638188976378
20
0.497514094488189
11
0.1339350787401575
21
0.4972225590551181
0
LINE
8
BLACK
6
CONTINUOUS
10
0.1339350787401575
20
0.4972225590551181
11
0.1339406299212599
21
0.4971448031496063
0
LINE
8
BLACK
6
CONTINUOUS
10
0.1339406299212599
20
0.4971448031496063
11
0.1339173622047244
21
0.4970425590551181
0
LINE
8
BLACK
6
CONTINUOUS
10
0.1339173622047244
20
0.4970425590551181
11
0.1339070866141732
21
0.496938031496063
0
LINE
8
BLACK
6
CONTINUOUS
10
0.1339070866141732
20
0.496938031496063
11
0.1338772047244094
21
0.4968659448818897
0
LINE
8
BLACK
6
CONTINUOUS
10
0.1338772047244094
20
0.4968659448818897
11
0.1338122834645669
21
0.4965803543307086
0
LINE
8
BLACK
6
CONTINUOUS
10
0.1338122834645669
20
0.4965803543307086
11
0.1323124803149606
21
0.4920809448818897
0
LINE
8
BLACK
6
CONTINUOUS
10
0.1323124803149606
20
0.4920809448818897
11
0.1320764960629921
21
0.4915523622047244
0
LINE
8
BLACK
6
CONTINUOUS
10
0.1320764960629921
20
0.4915523622047244
11
0.132006968503937
21
0.4914722440944882
0
LINE
8
BLACK
6
CONTINUOUS
10
0.132006968503937
20
0.4914722440944882
11
0.1319664173228347
21
0.4913742519685039
0
LINE
8
BLACK
6
CONTINUOUS
10
0.1319664173228347
20
0.4913742519685039
11
0.1315992125984252
21
0.490926811023622
0
LINE
8
BLACK
6
CONTINUOUS
10
0.1315992125984252
20
0.490926811023622
11
0.1300994094488189
21
0.489426968503937
0
LINE
8
BLACK
6
CONTINUOUS
10
0.1300994094488189
20
0.489426968503937
11
0.1296519291338583
21
0.4890597244094488
0
LINE
8
BLACK
6
CONTINUOUS
10
0.1296519291338583
20
0.4890597244094488
11
0.1285875196850394
21
0.4886188188976378
0
LINE
8
BLACK
6
CONTINUOUS
10
0.1285875196850394
20
0.4886188188976378
11
0.1274354724409449
21
0.4886188188976378
0
LINE
8
BLACK
6
CONTINUOUS
10
0.1274354724409449
20
0.4886188188976378
11
0.1263710236220472
21
0.4890596850393701
0
LINE
8
BLACK
6
CONTINUOUS
10
0.1263710236220472
20
0.4890596850393701
11
0.1255563385826772
21
0.4898743700787401
0
LINE
8
BLACK
6
CONTINUOUS
10
0.1255563385826772
20
0.4898743700787401
11
0.1251154330708661
21
0.490938779527559
0
LINE
8
BLACK
6
CONTINUOUS
10
0.1251154330708661
20
0.490938779527559
11
0.1251154330708661
21
0.4920908267716536
0
LINE
8
BLACK
6
CONTINUOUS
10
0.1251154330708661
20
0.4920908267716536
11
0.1255562992125984
21
0.4931552755905512
0
LINE
8
BLACK
6
CONTINUOUS
10
0.1255562992125984
20
0.4931552755905512
11
0.1259235039370079
21
0.4936027165354331
0
LINE
8
BLACK
6
CONTINUOUS
10
0.1259235039370079
20
0.4936027165354331
11
0.1269304330708661
21
0.4946097244094488
0
LINE
8
BLACK
6
CONTINUOUS
10
0.1269304330708661
20
0.4946097244094488
11
0.1280583070866142
21
0.4979932283464567
0
LINE
8
BLACK
6
CONTINUOUS
10
0.1280583070866142
20
0.4979932283464567
11
0.1280583070866142
21
0.5000346456692913
0
LINE
8
BLACK
6
CONTINUOUS
10
0.1280583070866142
20
0.5000346456692913
11
0.1269304330708661
21
0.5034181889763779
0
LINE
8
BLACK
6
CONTINUOUS
10
0.1269304330708661
20
0.5034181889763779
11
0.1247625590551181
21
0.5055860629921259
0
LINE
8
BLACK
6
CONTINUOUS
10
0.1247625590551181
20
0.5055860629921259
11
0.1224814566929134
21
0.5067266141732283
0
LINE
8
BLACK
6
CONTINUOUS
10
0.1224814566929134
20
0.5067266141732283
11
0.1171491732283464
21
0.50805968503937
0
LINE
8
BLACK
6
CONTINUOUS
10
0.1171491732283464
20
0.50805968503937
11
0.1133768897637795
21
0.50805968503937
0
LINE
8
BLACK
6
CONTINUOUS
10
0.1133768897637795
20
0.50805968503937
11
0.1080445669291339
21
0.5067266141732283
0
LINE
8
BLACK
6
CONTINUOUS
10
0.1080445669291339
20
0.5067266141732283
11
0.1057635433070866
21
0.5055860629921259
0
LINE
8
BLACK
6
CONTINUOUS
10
0.1057635433070866
20
0.5055860629921259
11
0.1035956299212598
21
0.5034181889763779
0
LINE
8
BLACK
6
CONTINUOUS
10
0.1035956299212598
20
0.5034181889763779
11
0.1024677559055118
21
0.5000346062992126
0
LINE
8
BLACK
6
CONTINUOUS
10
0.1024677559055118
20
0.5000346062992126
11
0.1024677559055118
21
0.4979933070866142
0
LINE
8
BLACK
6
CONTINUOUS
10
0.1024677559055118
20
0.4979933070866142
11
0.1035956299212598
21
0.4946097244094488
0
LINE
8
BLACK
6
CONTINUOUS
10
0.1035956299212598
20
0.4946097244094488
11
0.1046025984251969
21
0.4936027165354331
0
LINE
8
BLACK
6
CONTINUOUS
10
0.1046025984251969
20
0.4936027165354331
11
0.1049698031496063
21
0.4931552755905512
0
LINE
8
BLACK
6
CONTINUOUS
10
0.1049698031496063
20
0.4931552755905512
11
0.1054106692913386
21
0.4920908661417323
0
LINE
8
BLACK
6
CONTINUOUS
10
0.1054106692913386
20
0.4920908661417323
11
0.1054106692913386
21
0.490938779527559
0
LINE
8
BLACK
6
CONTINUOUS
10
0.1054106692913386
20
0.490938779527559
11
0.1049697637795276
21
0.4898743700787401
0
LINE
8
BLACK
6
CONTINUOUS
10
0.1049697637795276
20
0.4898743700787401
11
0.1041550787401575
21
0.4890596850393701
0
LINE
8
BLACK
6
CONTINUOUS
10
0.1041550787401575
20
0.4890596850393701
11
0.1030906299212598
21
0.4886188188976378
0
LINE
8
BLACK
6
CONTINUOUS
10
0.1030906299212598
20
0.4886188188976378
11
0.1019385433070866
21
0.4886188188976378
0
LINE
8
BLACK
6
CONTINUOUS
10
0.1019385433070866
20
0.4886188188976378
11
0.1008741338582677
21
0.4890597244094488
0
LINE
8
BLACK
6
CONTINUOUS
10
0.1008741338582677
20
0.4890597244094488
11
0.1004266929133858
21
0.489426968503937
0
LINE
8
BLACK
6
CONTINUOUS
10
0.1004266929133858
20
0.489426968503937
11
0.0989268897637795
21
0.490926811023622
0
LINE
8
BLACK
6
CONTINUOUS
10
0.0989268897637795
20
0.490926811023622
11
0.0985596850393701
21
0.4913742519685039
0
LINE
8
BLACK
6
CONTINUOUS
10
0.0985596850393701
20
0.4913742519685039
11
0.098519094488189
21
0.4914722440944882
0
LINE
8
BLACK
6
CONTINUOUS
10
0.098519094488189
20
0.4914722440944882
11
0.0984496062992126
21
0.4915523622047244
0
LINE
8
BLACK
6
CONTINUOUS
10
0.0984496062992126
20
0.4915523622047244
11
0.0982136220472441
21
0.4920809448818897
0
LINE
8
BLACK
6
CONTINUOUS
10
0.0982136220472441
20
0.4920809448818897
11
0.0967137795275591
21
0.4965803149606299
0
LINE
8
BLACK
6
CONTINUOUS
10
0.0967137795275591
20
0.4965803149606299
11
0.0966488188976378
21
0.4968659842519685
0
LINE
8
BLACK
6
CONTINUOUS
10
0.0966488188976378
20
0.4968659842519685
11
0.0966189763779527
21
0.496938031496063
0
LINE
8
BLACK
6
CONTINUOUS
10
0.0966189763779527
20
0.496938031496063
11
0.0966086614173228
21
0.4970425196850394
0
LINE
8
BLACK
6
CONTINUOUS
10
0.0966086614173228
20
0.4970425196850394
11
0.0965854330708661
21
0.4971447637795275
0
LINE
8
BLACK
6
CONTINUOUS
10
0.0965854330708661
20
0.4971447637795275
11
0.0965909448818898
21
0.4972225590551181
0
LINE
8
BLACK
6
CONTINUOUS
10
0.0965909448818898
20
0.4972225590551181
11
0.0965622440944882
21
0.497514094488189
0
LINE
8
BLACK
6
CONTINUOUS
10
0.0965622440944882
20
0.497514094488189
11
0.0965622440944882
21
0.5005137401574803
0
LINE
8
BLACK
6
CONTINUOUS
10
0.0965622440944882
20
0.5005137401574803
11
0.0965909448818898
21
0.5008053149606299
0
LINE
8
BLACK
6
CONTINUOUS
10
0.0965909448818898
20
0.5008053149606299
11
0.0965854330708661
21
0.5008830708661417
0
LINE
8
BLACK
6
CONTINUOUS
10
0.0965854330708661
20
0.5008830708661417
11
0.0966086614173228
21
0.5009853543307087
0
LINE
8
BLACK
6
CONTINUOUS
10
0.0966086614173228
20
0.5009853543307087
11
0.0966189763779527
21
0.5010898031496063
0
LINE
8
BLACK
6
CONTINUOUS
10
0.0966189763779527
20
0.5010898031496063
11
0.0966488188976378
21
0.5011618897637795
0
LINE
8
BLACK
6
CONTINUOUS
10
0.0966488188976378
20
0.5011618897637795
11
0.0967137795275591
21
0.5014474803149607
0
LINE
8
BLACK
6
CONTINUOUS
10
0.0967137795275591
20
0.5014474803149607
11
0.0982136220472441
21
0.5059469291338583
0
LINE
8
BLACK
6
CONTINUOUS
10
0.0982136220472441
20
0.5059469291338583
11
0.0984496062992126
21
0.5064755118110236
0
LINE
8
BLACK
6
CONTINUOUS
10
0.0984496062992126
20
0.5064755118110236
11
0.0985191338582677
21
0.5065557086614173
0
LINE
8
BLACK
6
CONTINUOUS
10
0.0985191338582677
20
0.5065557086614173
11
0.0985597244094488
21
0.5066536614173228
0
LINE
8
BLACK
6
CONTINUOUS
10
0.0985597244094488
20
0.5066536614173228
11
0.0989269291338583
21
0.5071011023622047
0
LINE
8
BLACK
6
CONTINUOUS
10
0.0989269291338583
20
0.5071011023622047
11
0.1019265354330709
21
0.5101007086614173
0
LINE
8
BLACK
6
CONTINUOUS
10
0.1019265354330709
20
0.5101007086614173
11
0.1021529133858268
21
0.5102865748031495
0
LINE
8
BLACK
6
CONTINUOUS
10
0.1021529133858268
20
0.5102865748031495
11
0.1022040551181102
21
0.5103454724409449
0
LINE
8
BLACK
6
CONTINUOUS
10
0.1022040551181102
20
0.5103454724409449
11
0.1022927952755905
21
0.5104013779527559
0
LINE
8
BLACK
6
CONTINUOUS
10
0.1022927952755905
20
0.5104013779527559
11
0.1023739763779528
21
0.5104679527559055
0
LINE
8
BLACK
6
CONTINUOUS
10
0.1023739763779528
20
0.5104679527559055
11
0.1024461023622047
21
0.5104978346456693
0
LINE
8
BLACK
6
CONTINUOUS
10
0.1024461023622047
20
0.5104978346456693
11
0.102693937007874
21
0.5106538188976378
0
LINE
8
BLACK
6
CONTINUOUS
10
0.102693937007874
20
0.5106538188976378
11
0.1056935433070866
21
0.5121536220472441
0
LINE
8
BLACK
6
CONTINUOUS
10
0.1056935433070866
20
0.5121536220472441
11
0.1057356299212598
21
0.5121697637795275
0
LINE
8
BLACK
6
CONTINUOUS
10
0.1057356299212598
20
0.5121697637795275
11
0.1057527952755905
21
0.5121824409448819
0
LINE
8
BLACK
6
CONTINUOUS
10
0.1057527952755905
20
0.5121824409448819
11
0.1059949606299213
21
0.5122690157480315
0
LINE
8
BLACK
6
CONTINUOUS
10
0.1059949606299213
20
0.5122690157480315
11
0.1062341732283465
21
0.5123605118110236
0
LINE
8
BLACK
6
CONTINUOUS
10
0.1062341732283465
20
0.5123605118110236
11
0.1062553543307087
21
0.5123620472440945
0
LINE
8
BLACK
6
CONTINUOUS
10
0.1062553543307087
20
0.5123620472440945
11
0.106297874015748
21
0.5123772047244094
0
LINE
8
BLACK
6
CONTINUOUS
10
0.106297874015748
20
0.5123772047244094
11
0.1122971653543307
21
0.5138770472440944
0
LINE
8
BLACK
6
CONTINUOUS
10
0.1122971653543307
20
0.5138770472440944
11
0.1123970078740157
21
0.5138918503937008
0
LINE
8
BLACK
6
CONTINUOUS
10
0.1123970078740157
20
0.5138918503937008
11
0.1124372440944882
21
0.5139084645669291
0
LINE
8
BLACK
6
CONTINUOUS
10
0.1124372440944882
20
0.5139084645669291
11
0.1126542519685039
21
0.513929842519685
0
LINE
8
BLACK
6
CONTINUOUS
10
0.1126542519685039
20
0.513929842519685
11
0.1128697637795276
21
0.5139616929133858
0
LINE
8
BLACK
6
CONTINUOUS
10
0.1128697637795276
20
0.5139616929133858
11
0.1129127559055118
21
0.51395531496063
0
LINE
8
BLACK
6
CONTINUOUS
10
0.1129127559055118
20
0.51395531496063
11
0.1130133070866142
21
0.5139651968503937
0
LINE
8
BLACK
6
CONTINUOUS
10
0.1130133070866142
20
0.5139651968503937
11
0.1175127559055118
21
0.5139651968503937
0
LINE
8
BLACK
6
CONTINUOUS
10
0.1175127559055118
20
0.5139651968503937
11
0.1176132677165354
21
0.51395531496063
0
LINE
8
BLACK
6
CONTINUOUS
10
0.236269842519685
20
0.5356523228346457
11
0.2363272834645669
21
0.5356608661417323
0
LINE
8
BLACK
6
CONTINUOUS
10
0.2363272834645669
20
0.5356608661417323
11
0.2366145275590551
21
0.5356183858267717
0
LINE
8
BLACK
6
CONTINUOUS
10
0.2366145275590551
20
0.5356183858267717
11
0.2369039763779527
21
0.5355898818897638
0
LINE
8
BLACK
6
CONTINUOUS
10
0.2369039763779527
20
0.5355898818897638
11
0.2369576771653543
21
0.5355676377952756
0
LINE
8
BLACK
6
CONTINUOUS
10
0.2369576771653543
20
0.5355676377952756
11
0.237090748031496
21
0.5355479527559055
0
LINE
8
BLACK
6
CONTINUOUS
10
0.237090748031496
20
0.5355479527559055
11
0.2468395669291339
21
0.5331107874015748
0
LINE
8
BLACK
6
CONTINUOUS
10
0.2468395669291339
20
0.5331107874015748
11
0.2468961811023622
21
0.5330905905511811
0
LINE
8
BLACK
6
CONTINUOUS
10
0.2468961811023622
20
0.5330905905511811
11
0.2469245669291339
21
0.5330885433070865
0
LINE
8
BLACK
6
CONTINUOUS
10
0.2469245669291339
20
0.5330885433070865
11
0.2472444094488189
21
0.5329661811023622
0
LINE
8
BLACK
6
CONTINUOUS
10
0.2472444094488189
20
0.5329661811023622
11
0.2475663385826772
21
0.5328511417322834
0
LINE
8
BLACK
6
CONTINUOUS
10
0.2475663385826772
20
0.5328511417322834
11
0.2475891338582677
21
0.532834251968504
0
LINE
8
BLACK
6
CONTINUOUS
10
0.2475891338582677
20
0.532834251968504
11
0.2476453937007874
21
0.5328127165354331
0
LINE
8
BLACK
6
CONTINUOUS
10
0.2476453937007874
20
0.5328127165354331
11
0.2525197637795276
21
0.5303755118110236
0
LINE
8
BLACK
6
CONTINUOUS
10
0.2525197637795276
20
0.5303755118110236
11
0.2528503937007874
21
0.5301674015748031
0
LINE
8
BLACK
6
CONTINUOUS
10
0.2528503937007874
20
0.5301674015748031
11
0.2529463385826772
21
0.5301276377952756
0
LINE
8
BLACK
6
CONTINUOUS
10
0.2529463385826772
20
0.5301276377952756
11
0.2530543307086614
21
0.5300390157480315
0
LINE
8
BLACK
6
CONTINUOUS
10
0.2530543307086614
20
0.5300390157480315
11
0.2531729133858268
21
0.5299643700787402
0
LINE
8
BLACK
6
CONTINUOUS
10
0.2531729133858268
20
0.5299643700787402
11
0.2532411023622047
21
0.529885748031496
0
LINE
8
BLACK
6
CONTINUOUS
10
0.2532411023622047
20
0.529885748031496
11
0.2535429527559055
21
0.529638031496063
0
LINE
8
BLACK
6
CONTINUOUS
10
0.2535429527559055
20
0.529638031496063
11
0.2584173622047244
21
0.524763622047244
0
LINE
8
BLACK
6
CONTINUOUS
10
0.2584173622047244
20
0.524763622047244
11
0.258906968503937
21
0.5241670078740157
0
LINE
8
BLACK
6
CONTINUOUS
10
0.258906968503937
20
0.5241670078740157
11
0.258961062992126
21
0.5240363779527559
0
LINE
8
BLACK
6
CONTINUOUS
10
0.258961062992126
20
0.5240363779527559
11
0.2590538188976378
21
0.5239294488188976
0
LINE
8
BLACK
6
CONTINUOUS
10
0.2590538188976378
20
0.5239294488188976
11
0.2593684251968504
21
0.5232247244094488
0
LINE
8
BLACK
6
CONTINUOUS
10
0.2593684251968504
20
0.5232247244094488
11
0.2618056299212598
21
0.5159131496062992
0
LINE
8
BLACK
6
CONTINUOUS
10
0.2618056299212598
20
0.5159131496062992
11
0.2618922047244094
21
0.5155324015748032
0
LINE
8
BLACK
6
CONTINUOUS
10
0.2618922047244094
20
0.5155324015748032
11
0.2619320472440945
21
0.515436220472441
0
LINE
8
BLACK
6
CONTINUOUS
10
0.2619320472440945
20
0.515436220472441
11
0.2619457480314961
21
0.5152969291338583
0
LINE
8
BLACK
6
CONTINUOUS
10
0.2619457480314961
20
0.5152969291338583
11
0.2619767716535433
21
0.5151605511811024
0
LINE
8
BLACK
6
CONTINUOUS
10
0.2619767716535433
20
0.5151605511811024
11
0.2619693700787402
21
0.5150568897637795
0
LINE
8
BLACK
6
CONTINUOUS
10
0.2619693700787402
20
0.5150568897637795
11
0.2620076771653543
21
0.5146681496062993
0
LINE
8
BLACK
6
CONTINUOUS
10
0.2620076771653543
20
0.5146681496062993
11
0.2620076771653543
21
0.509793779527559
0
LINE
8
BLACK
6
CONTINUOUS
10
0.2620076771653543
20
0.509793779527559
11
0.2619693700787402
21
0.5094050787401575
0
LINE
8
BLACK
6
CONTINUOUS
10
0.2619693700787402
20
0.5094050787401575
11
0.2619767716535433
21
0.5093013779527559
0
LINE
8
BLACK
6
CONTINUOUS
10
0.2619767716535433
20
0.5093013779527559
11
0.2619457480314961
21
0.5091650393700787
0
LINE
8
BLACK
6
CONTINUOUS
10
0.2619457480314961
20
0.5091650393700787
11
0.2619320472440945
21
0.5090257086614173
0
LINE
8
BLACK
6
CONTINUOUS
10
0.2619320472440945
20
0.5090257086614173
11
0.2618922047244094
21
0.5089295669291338
0
LINE
8
BLACK
6
CONTINUOUS
10
0.2618922047244094
20
0.5089295669291338
11
0.2618056299212598
21
0.5085487795275591
0
LINE
8
BLACK
6
CONTINUOUS
10
0.2618056299212598
20
0.5085487795275591
11
0.2593684251968504
21
0.5012371653543307
0
LINE
8
BLACK
6
CONTINUOUS
10
0.2593684251968504
20
0.5012371653543307
11
0.2590538188976378
21
0.5005324409448819
0
LINE
8
BLACK
6
CONTINUOUS
10
0.2590538188976378
20
0.5005324409448819
11
0.2589611023622047
21
0.5004255511811023
0
LINE
8
BLACK
6
CONTINUOUS
10
0.2589611023622047
20
0.5004255511811023
11
0.258906968503937
21
0.500294842519685
0
LINE
8
BLACK
6
CONTINUOUS
10
0.258906968503937
20
0.500294842519685
11
0.2584173228346457
21
0.4996982677165354
0
LINE
8
BLACK
6
CONTINUOUS
10
0.2584173228346457
20
0.4996982677165354
11
0.2559801181102362
21
0.4972611023622047
0
LINE
8
BLACK
6
CONTINUOUS
10
0.2559801181102362
20
0.4972611023622047
11
0.2553835433070866
21
0.4967714566929134
0
LINE
8
BLACK
6
CONTINUOUS
10
0.2553835433070866
20
0.4967714566929134
11
0.2539642913385827
21
0.4961836220472441
0
LINE
8
BLACK
6
CONTINUOUS
10
0.2539642913385827
20
0.4961836220472441
11
0.2524281496062992
21
0.4961836614173228
0
LINE
8
BLACK
6
CONTINUOUS
10
0.2524281496062992
20
0.4961836614173228
11
0.251008937007874
21
0.4967714960629921
0
LINE
8
BLACK
6
CONTINUOUS
10
0.251008937007874
20
0.4967714960629921
11
0.2499227165354331
21
0.497857716535433
0
LINE
8
BLACK
6
CONTINUOUS
10
0.2499227165354331
20
0.497857716535433
11
0.2493348818897638
21
0.499276968503937
0
LINE
8
BLACK
6
CONTINUOUS
10
0.2493348818897638
20
0.499276968503937
11
0.2493349212598425
21
0.5008131102362204
0
LINE
8
BLACK
6
CONTINUOUS
10
0.2493349212598425
20
0.5008131102362204
11
0.2499227559055118
21
0.5022323228346457
0
LINE
8
BLACK
6
CONTINUOUS
10
0.2499227559055118
20
0.5022323228346457
11
0.2504124015748032
21
0.5028288976377953
0
LINE
8
BLACK
6
CONTINUOUS
10
0.2504124015748032
20
0.5028288976377953
11
0.2521924015748032
21
0.5046088976377953
0
LINE
8
BLACK
6
CONTINUOUS
10
0.2521924015748032
20
0.5046088976377953
11
0.2541336614173229
21
0.5104326377952756
0
LINE
8
BLACK
6
CONTINUOUS
10
0.2541336614173229
20
0.5104326377952756
11
0.2541336614173229
21
0.5140292913385827
0
LINE
8
BLACK
6
CONTINUOUS
10
0.2541336614173229
20
0.5140292913385827
11
0.2521924015748032
21
0.5198529921259842
0
LINE
8
BLACK
6
CONTINUOUS
10
0.2521924015748032
20
0.5198529921259842
11
0.2484268897637795
21
0.5236185039370078
0
LINE
8
BLACK
6
CONTINUOUS
10
0.2484268897637795
20
0.5236185039370078
11
0.2445103543307087
21
0.5255767716535433
0
LINE
8
BLACK
6
CONTINUOUS
10
0.2445103543307087
20
0.5255767716535433
11
0.2356512992125984
21
0.5277914960629921
0
LINE
8
BLACK
6
CONTINUOUS
10
0.2356512992125984
20
0.5277914960629921
11
0.2293089763779528
21
0.5277914960629921
0
LINE
8
BLACK
6
CONTINUOUS
10
0.2293089763779528
20
0.5277914960629921
11
0.2204498031496063
21
0.5255767716535433
0
LINE
8
BLACK
6
CONTINUOUS
10
0.2204498031496063
20
0.5255767716535433
11
0.2165332283464567
21
0.5236184645669292
0
LINE
8
BLACK
6
CONTINUOUS
10
0.2165332283464567
20
0.5236184645669292
11
0.2127678346456693
21
0.5198530708661417
0
LINE
8
BLACK
6
CONTINUOUS
10
0.2127678346456693
20
0.5198530708661417
11
0.2108265748031496
21
0.5140292913385827
0
LINE
8
BLACK
6
CONTINUOUS
10
0.2108265748031496
20
0.5140292913385827
11
0.2108265748031496
21
0.5104326377952756
0
LINE
8
BLACK
6
CONTINUOUS
10
0.2108265748031496
20
0.5104326377952756
11
0.2127677952755906
21
0.504608937007874
0
LINE
8
BLACK
6
CONTINUOUS
10
0.2127677952755906
20
0.504608937007874
11
0.2145477952755905
21
0.5028288976377953
0
LINE
8
BLACK
6
CONTINUOUS
10
0.2145477952755905
20
0.5028288976377953
11
0.2150374409448819
21
0.5022323228346457
0
LINE
8
BLACK
6
CONTINUOUS
10
0.2150374409448819
20
0.5022323228346457
11
0.2156252755905512
21
0.5008130708661417
0
LINE
8
BLACK
6
CONTINUOUS
10
0.2156252755905512
20
0.5008130708661417
11
0.2156252755905512
21
0.4992769291338582
0
LINE
8
BLACK
6
CONTINUOUS
10
0.2156252755905512
20
0.4992769291338582
11
0.2150374409448819
21
0.497857716535433
0
LINE
8
BLACK
6
CONTINUOUS
10
0.2150374409448819
20
0.497857716535433
11
0.2139512204724409
21
0.4967714960629921
0
LINE
8
BLACK
6
CONTINUOUS
10
0.2139512204724409
20
0.4967714960629921
11
0.2125320078740157
21
0.4961836614173228
0
LINE
8
BLACK
6
CONTINUOUS
10
0.2125320078740157
20
0.4961836614173228
11
0.2109958661417323
21
0.4961836614173228
0
LINE
8
BLACK
6
CONTINUOUS
10
0.2109958661417323
20
0.4961836614173228
11
0.2095766141732283
21
0.4967714960629921
0
LINE
8
BLACK
6
CONTINUOUS
10
0.2095766141732283
20
0.4967714960629921
11
0.2089800393700787
21
0.4972611417322835
0
LINE
8
BLACK
6
CONTINUOUS
10
0.2089800393700787
20
0.4972611417322835
11
0.206542874015748
21
0.4996982677165354
0
LINE
8
BLACK
6
CONTINUOUS
10
0.206542874015748
20
0.4996982677165354
11
0.2060532677165354
21
0.5002948818897638
0
LINE
8
BLACK
6
CONTINUOUS
10
0.2060532677165354
20
0.5002948818897638
11
0.2059991338582677
21
0.5004255511811023
0
LINE
8
BLACK
6
CONTINUOUS
10
0.2059991338582677
20
0.5004255511811023
11
0.2059064173228346
21
0.5005324409448819
0
LINE
8
BLACK
6
CONTINUOUS
10
0.2059064173228346
20
0.5005324409448819
11
0.205591811023622
21
0.5012371653543307
0
LINE
8
BLACK
6
CONTINUOUS
10
0.205591811023622
20
0.5012371653543307
11
0.2031546062992126
21
0.5085487795275591
0
LINE
8
BLACK
6
CONTINUOUS
10
0.2031546062992126
20
0.5085487795275591
11
0.2030679921259843
21
0.5089295669291338
0
LINE
8
BLACK
6
CONTINUOUS
10
0.2030679921259843
20
0.5089295669291338
11
0.2030281889763779
21
0.5090257086614173
0
LINE
8
BLACK
6
CONTINUOUS
10
0.2030281889763779
20
0.5090257086614173
11
0.2030144488188976
21
0.5091650393700787
0
LINE
8
BLACK
6
CONTINUOUS
10
0.2030144488188976
20
0.5091650393700787
11
0.2029834645669291
21
0.5093013779527559
0
LINE
8
BLACK
6
CONTINUOUS
10
0.2029834645669291
20
0.5093013779527559
11
0.2029908267716535
21
0.5094050787401575
0
LINE
8
BLACK
6
CONTINUOUS
10
0.2029908267716535
20
0.5094050787401575
11
0.2029525590551181
21
0.509793779527559
0
LINE
8
BLACK
6
CONTINUOUS
10
0.2029525590551181
20
0.509793779527559
11
0.2029525590551181
21
0.5146681496062993
0
LINE
8
BLACK
6
CONTINUOUS
10
0.2029525590551181
20
0.5146681496062993
11
0.2029908267716535
21
0.5150568897637795
0
LINE
8
BLACK
6
CONTINUOUS
10
0.2029908267716535
20
0.5150568897637795
11
0.2029834645669291
21
0.5151605905511811
0
LINE
8
BLACK
6
CONTINUOUS
10
0.2029834645669291
20
0.5151605905511811
11
0.2030144488188976
21
0.515296968503937
0
LINE
8
BLACK
6
CONTINUOUS
10
0.2030144488188976
20
0.515296968503937
11
0.2030281889763779
21
0.515436220472441
0
LINE
8
BLACK
6
CONTINUOUS
10
0.2030281889763779
20
0.515436220472441
11
0.2030679921259843
21
0.5155323622047244
0
LINE
8
BLACK
6
CONTINUOUS
10
0.2030679921259843
20
0.5155323622047244
11
0.2031546062992126
21
0.5159131496062992
0
LINE
8
BLACK
6
CONTINUOUS
10
0.2031546062992126
20
0.5159131496062992
11
0.205591811023622
21
0.5232247244094488
0
LINE
8
BLACK
6
CONTINUOUS
10
0.205591811023622
20
0.5232247244094488
11
0.2059064566929134
21
0.5239294488188976
0
LINE
8
BLACK
6
CONTINUOUS
10
0.2059064566929134
20
0.5239294488188976
11
0.205999094488189
21
0.5240362992125984
0
LINE
8
BLACK
6
CONTINUOUS
10
0.205999094488189
20
0.5240362992125984
11
0.2060532677165354
21
0.5241670078740157
0
LINE
8
BLACK
6
CONTINUOUS
10
0.2060532677165354
20
0.5241670078740157
11
0.206542874015748
21
0.5247635826771654
0
LINE
8
BLACK
6
CONTINUOUS
10
0.206542874015748
20
0.5247635826771654
11
0.2114172440944882
21
0.5296379921259843
0
LINE
8
BLACK
6
CONTINUOUS
10
0.2114172440944882
20
0.5296379921259843
11
0.2117190551181102
21
0.529885748031496
0
LINE
8
BLACK
6
CONTINUOUS
10
0.2117190551181102
20
0.529885748031496
11
0.2117872834645669
21
0.5299643700787402
0
LINE
8
BLACK
6
CONTINUOUS
10
0.2117872834645669
20
0.5299643700787402
11
0.2119057086614173
21
0.530038937007874
0
LINE
8
BLACK
6
CONTINUOUS
10
0.2119057086614173
20
0.530038937007874
11
0.2120138188976378
21
0.5301276377952756
0
LINE
8
BLACK
6
CONTINUOUS
10
0.2120138188976378
20
0.5301276377952756
11
0.2121098818897638
21
0.5301674409448819
0
LINE
8
BLACK
6
CONTINUOUS
10
0.2121098818897638
20
0.5301674409448819
11
0.2124404724409449
21
0.5303755118110236
0
LINE
8
BLACK
6
CONTINUOUS
10
0.2124404724409449
20
0.5303755118110236
11
0.2173148818897638
21
0.5328127165354331
0
LINE
8
BLACK
6
CONTINUOUS
10
0.2173148818897638
20
0.5328127165354331
11
0.2173710236220472
21
0.5328342125984252
0
LINE
8
BLACK
6
CONTINUOUS
10
0.2173710236220472
20
0.5328342125984252
11
0.2173938976377953
21
0.5328511417322834
0
LINE
8
BLACK
6
CONTINUOUS
10
0.2173938976377953
20
0.5328511417322834
11
0.2177157874015748
21
0.5329661811023622
0
LINE
8
BLACK
6
CONTINUOUS
10
0.2177157874015748
20
0.5329661811023622
11
0.2180356692913386
21
0.5330885433070865
0
LINE
8
BLACK
6
CONTINUOUS
10
0.2180356692913386
20
0.5330885433070865
11
0.218064094488189
21
0.5330905905511811
0
LINE
8
BLACK
6
CONTINUOUS
10
0.218064094488189
20
0.5330905905511811
11
0.2181207086614173
21
0.5331107874015748
0
LINE
8
BLACK
6
CONTINUOUS
10
0.2181207086614173
20
0.5331107874015748
11
0.2278694881889764
21
0.5355479527559055
0
LINE
8
BLACK
6
CONTINUOUS
10
0.2278694881889764
20
0.5355479527559055
11
0.2280025196850394
21
0.5355676377952756
0
LINE
8
BLACK
6
CONTINUOUS
10
0.2280025196850394
20
0.5355676377952756
11
0.2280562598425197
21
0.5355898818897638
0
LINE
8
BLACK
6
CONTINUOUS
10
0.2280562598425197
20
0.5355898818897638
11
0.2283456692913386
21
0.5356183858267717
0
LINE
8
BLACK
6
CONTINUOUS
10
0.2283456692913386
20
0.5356183858267717
11
0.2286329527559055
21
0.5356608661417323
0
LINE
8
BLACK
6
CONTINUOUS
10
0.2286329527559055
20
0.5356608661417323
11
0.2286903543307087
21
0.5356523228346457
0
LINE
8
BLACK
6
CONTINUOUS
10
0.2286903543307087
20
0.5356523228346457
11
0.2288243307086614
21
0.5356655118110236
0
LINE
8
BLACK
6
CONTINUOUS
10
0.2288243307086614
20
0.5356655118110236
11
0.236135905511811
21
0.5356655118110236
0
LINE
8
BLACK
6
CONTINUOUS
10
0.236135905511811
20
0.5356655118110236
11
0.236269842519685
21
0.5356523228346457
0
LINE
8
BLACK
6
CONTINUOUS
10
0.065882125984252
20
0.5161581496062992
11
0.0659800787401575
21
0.5161175984251969
0
LINE
8
BLACK
6
CONTINUOUS
10
0.0659800787401575
20
0.5161175984251969
11
0.0660859842519685
21
0.5161100393700787
0
LINE
8
BLACK
6
CONTINUOUS
10
0.0660859842519685
20
0.5161100393700787
11
0.0666266141732283
21
0.5159031496062992
0
LINE
8
BLACK
6
CONTINUOUS
10
0.0666266141732283
20
0.5159031496062992
11
0.0696261811023622
21
0.5144033070866142
0
LINE
8
BLACK
6
CONTINUOUS
10
0.0696261811023622
20
0.5144033070866142
11
0.0697224015748032
21
0.5143427559055118
0
LINE
8
BLACK
6
CONTINUOUS
10
0.0697224015748032
20
0.5143427559055118
11
0.0697679133858268
21
0.5143275590551181
0
LINE
8
BLACK
6
CONTINUOUS
10
0.0697679133858268
20
0.5143275590551181
11
0.0698245669291339
21
0.5142784251968504
0
LINE
8
BLACK
6
CONTINUOUS
10
0.0698245669291339
20
0.5142784251968504
11
0.070116062992126
21
0.5140949212598425
0
LINE
8
BLACK
6
CONTINUOUS
10
0.070116062992126
20
0.5140949212598425
11
0.0703585826771654
21
0.5138152755905512
0
LINE
8
BLACK
6
CONTINUOUS
10
0.0703585826771654
20
0.5138152755905512
11
0.0706383070866142
21
0.5135726771653544
0
LINE
8
BLACK
6
CONTINUOUS
10
0.0706383070866142
20
0.5135726771653544
11
0.0708218503937008
21
0.5132811417322835
0
LINE
8
BLACK
6
CONTINUOUS
10
0.0708218503937008
20
0.5132811417322835
11
0.070870905511811
21
0.5132245669291339
0
LINE
8
BLACK
6
CONTINUOUS
10
0.070870905511811
20
0.5132245669291339
11
0.0708860236220472
21
0.5131792125984251
0
LINE
8
BLACK
6
CONTINUOUS
10
0.0708860236220472
20
0.5131792125984251
11
0.0709466929133858
21
0.5130828346456693
0
LINE
8
BLACK
6
CONTINUOUS
10
0.0709466929133858
20
0.5130828346456693
11
0.0724464960629921
21
0.5100832283464567
0
LINE
8
BLACK
6
CONTINUOUS
10
0.0724464960629921
20
0.5100832283464567
11
0.0726533858267717
21
0.5095425984251969
0
LINE
8
BLACK
6
CONTINUOUS
10
0.0726533858267717
20
0.5095425984251969
11
0.0726608661417323
21
0.5094368503937008
0
LINE
8
BLACK
6
CONTINUOUS
10
0.0726608661417323
20
0.5094368503937008
11
0.0727015354330709
21
0.5093387401574803
0
LINE
8
BLACK
6
CONTINUOUS
10
0.0727015354330709
20
0.5093387401574803
11
0.0727582677165354
21
0.5087626771653543
0
LINE
8
BLACK
6
CONTINUOUS
10
0.0727582677165354
20
0.5087626771653543
11
0.0727582677165354
21
0.5042632283464566
0
LINE
8
BLACK
6
CONTINUOUS
10
0.0727582677165354
20
0.5042632283464566
11
0.0727015354330709
21
0.5036871653543307
0
LINE
8
BLACK
6
CONTINUOUS
10
0.0727015354330709
20
0.5036871653543307
11
0.0726608661417323
21
0.503589094488189
0
LINE
8
BLACK
6
CONTINUOUS
10
0.0726608661417323
20
0.503589094488189
11
0.0726533858267717
21
0.5034833070866142
0
LINE
8
BLACK
6
CONTINUOUS
10
0.0726533858267717
20
0.5034833070866142
11
0.0724464960629921
21
0.5029426771653543
0
LINE
8
BLACK
6
CONTINUOUS
10
0.0724464960629921
20
0.5029426771653543
11
0.0709466929133858
21
0.4999430708661417
0
LINE
8
BLACK
6
CONTINUOUS
10
0.0709466929133858
20
0.4999430708661417
11
0.0706383070866142
21
0.4994532283464567
0
LINE
8
BLACK
6
CONTINUOUS
10
0.0706383070866142
20
0.4994532283464567
11
0.0697679133858268
21
0.4986983464566929
0
LINE
8
BLACK
6
CONTINUOUS
10
0.0697679133858268
20
0.4986983464566929
11
0.0686749606299213
21
0.4983340551181102
0
LINE
8
BLACK
6
CONTINUOUS
10
0.0686749606299213
20
0.4983340551181102
11
0.0675257480314961
21
0.4984157086614173
0
LINE
8
BLACK
6
CONTINUOUS
10
0.0675257480314961
20
0.4984157086614173
11
0.0664952755905512
21
0.4989309842519685
0
LINE
8
BLACK
6
CONTINUOUS
10
0.0664952755905512
20
0.4989309842519685
11
0.0657403937007874
21
0.4998013779527559
0
LINE
8
BLACK
6
CONTINUOUS
10
0.0657403937007874
20
0.4998013779527559
11
0.0653761023622047
21
0.5008943307086614
0
LINE
8
BLACK
6
CONTINUOUS
10
0.0653761023622047
20
0.5008943307086614
11
0.0654577559055118
21
0.5020435433070866
0
LINE
8
BLACK
6
CONTINUOUS
10
0.0654577559055118
20
0.5020435433070866
11
0.0656646456692913
21
0.5025841732283465
0
LINE
8
BLACK
6
CONTINUOUS
10
0.0656646456692913
20
0.5025841732283465
11
0.0668527559055118
21
0.5049603149606299
0
LINE
8
BLACK
6
CONTINUOUS
10
0.0668527559055118
20
0.5049603149606299
11
0.0668527559055118
21
0.5080656299212598
0
LINE
8
BLACK
6
CONTINUOUS
10
0.0668527559055118
20
0.5080656299212598
11
0.0661047637795276
21
0.5095614960629922
0
LINE
8
BLACK
6
CONTINUOUS
10
0.0661047637795276
20
0.5095614960629922
11
0.0646089763779528
21
0.5103093700787401
0
LINE
8
BLACK
6
CONTINUOUS
10
0.0646089763779528
20
0.5103093700787401
11
0.0645033070866142
21
0.5103093700787401
0
LINE
8
BLACK
6
CONTINUOUS
10
0.0645033070866142
20
0.5103093700787401
11
0.0630074409448819
21
0.5095614566929134
0
LINE
8
BLACK
6
CONTINUOUS
10
0.0630074409448819
20
0.5095614566929134
11
0.0622595669291339
21
0.5080656299212598
0
LINE
8
BLACK
6
CONTINUOUS
10
0.0622595669291339
20
0.5080656299212598
11
0.0622595669291339
21
0.5042632283464566
0
LINE
8
BLACK
6
CONTINUOUS
10
0.0622595669291339
20
0.5042632283464566
11
0.0622028346456693
21
0.5036871653543307
0
LINE
8
BLACK
6
CONTINUOUS
10
0.0622028346456693
20
0.5036871653543307
11
0.0621622047244094
21
0.5035891732283464
0
LINE
8
BLACK
6
CONTINUOUS
10
0.0621622047244094
20
0.5035891732283464
11
0.0621547244094488
21
0.5034833464566929
0
LINE
8
BLACK
6
CONTINUOUS
10
0.0621547244094488
20
0.5034833464566929
11
0.0619478346456693
21
0.5029427165354331
0
LINE
8
BLACK
6
CONTINUOUS
10
0.0619478346456693
20
0.5029427165354331
11
0.060448031496063
21
0.4999431102362205
0
LINE
8
BLACK
6
CONTINUOUS
10
0.060448031496063
20
0.4999431102362205
11
0.0603873622047244
21
0.4998467716535433
0
LINE
8
BLACK
6
CONTINUOUS
10
0.0603873622047244
20
0.4998467716535433
11
0.0603722440944882
21
0.4998013385826772
0
LINE
8
BLACK
6
CONTINUOUS
10
0.0603722440944882
20
0.4998013385826772
11
0.060323188976378
21
0.4997448031496063
0
LINE
8
BLACK
6
CONTINUOUS
10
0.060323188976378
20
0.4997448031496063
11
0.0601396850393701
21
0.4994532283464567
0
LINE
8
BLACK
6
CONTINUOUS
10
0.0601396850393701
20
0.4994532283464567
11
0.0598598818897638
21
0.4992105905511811
0
LINE
8
BLACK
6
CONTINUOUS
10
0.0598598818897638
20
0.4992105905511811
11
0.0596174015748031
21
0.4989309842519685
0
LINE
8
BLACK
6
CONTINUOUS
10
0.0596174015748031
20
0.4989309842519685
11
0.059325905511811
21
0.4987475196850393
0
LINE
8
BLACK
6
CONTINUOUS
10
0.059325905511811
20
0.4987475196850393
11
0.0592692913385827
21
0.4986983858267716
0
LINE
8
BLACK
6
CONTINUOUS
10
0.0592692913385827
20
0.4986983858267716
11
0.0592238188976378
21
0.4986832677165354
0
LINE
8
BLACK
6
CONTINUOUS
10
0.0592238188976378
20
0.4986832677165354
11
0.0591275196850394
21
0.4986225984251969
0
LINE
8
BLACK
6
CONTINUOUS
10
0.0591275196850394
20
0.4986225984251969
11
0.056127874015748
21
0.4971227559055118
0
LINE
8
BLACK
6
CONTINUOUS
10
0.056127874015748
20
0.4971227559055118
11
0.0555872834645669
21
0.4969158661417323
0
LINE
8
BLACK
6
CONTINUOUS
10
0.0555872834645669
20
0.4969158661417323
11
0.0554813779527559
21
0.4969083464566929
0
LINE
8
BLACK
6
CONTINUOUS
10
0.0554813779527559
20
0.4969083464566929
11
0.0553834251968504
21
0.4968677559055118
0
LINE
8
BLACK
6
CONTINUOUS
10
0.0553834251968504
20
0.4968677559055118
11
0.0548073622047244
21
0.4968110236220472
0
LINE
8
BLACK
6
CONTINUOUS
10
0.0548073622047244
20
0.4968110236220472
11
0.0533075590551181
21
0.4968110236220472
0
LINE
8
BLACK
6
CONTINUOUS
10
0.0533075590551181
20
0.4968110236220472
11
0.0527314960629921
21
0.4968677559055118
0
LINE
8
BLACK
6
CONTINUOUS
10
0.0527314960629921
20
0.4968677559055118
11
0.0526333858267716
21
0.4969084251968504
0
LINE
8
BLACK
6
CONTINUOUS
10
0.0526333858267716
20
0.4969084251968504
11
0.0525276377952756
21
0.496915905511811
0
LINE
8
BLACK
6
CONTINUOUS
10
0.0525276377952756
20
0.496915905511811
11
0.0519870078740157
21
0.4971227952755906
0
LINE
8
BLACK
6
CONTINUOUS
10
0.0519870078740157
20
0.4971227952755906
11
0.0489874015748031
21
0.4986225984251969
0
LINE
8
BLACK
6
CONTINUOUS
10
0.0489874015748031
20
0.4986225984251969
11
0.0488910236220472
21
0.4986832677165354
0
LINE
8
BLACK
6
CONTINUOUS
10
0.0488910236220472
20
0.4986832677165354
11
0.0488456692913386
21
0.4986983858267716
0
LINE
8
BLACK
6
CONTINUOUS
10
0.0488456692913386
20
0.4986983858267716
11
0.048789094488189
21
0.4987474409448819
0
LINE
8
BLACK
6
CONTINUOUS
10
0.048789094488189
20
0.4987474409448819
11
0.0484975590551181
21
0.4989309842519685
0
LINE
8
BLACK
6
CONTINUOUS
10
0.0484975590551181
20
0.4989309842519685
11
0.0482549606299213
21
0.4992107086614173
0
LINE
8
BLACK
6
CONTINUOUS
10
0.0482549606299213
20
0.4992107086614173
11
0.0479753149606299
21
0.4994532283464567
0
LINE
8
BLACK
6
CONTINUOUS
10
0.0479753149606299
20
0.4994532283464567
11
0.047791811023622
21
0.4997447244094488
0
LINE
8
BLACK
6
CONTINUOUS
10
0.047791811023622
20
0.4997447244094488
11
0.0477426771653543
21
0.4998013779527559
0
LINE
8
BLACK
6
CONTINUOUS
10
0.0477426771653543
20
0.4998013779527559
11
0.0477274803149606
21
0.4998468897637795
0
LINE
8
BLACK
6
CONTINUOUS
10
0.0477274803149606
20
0.4998468897637795
11
0.0476669291338583
21
0.4999431102362205
0
LINE
8
BLACK
6
CONTINUOUS
10
0.0476669291338583
20
0.4999431102362205
11
0.0461670866141732
21
0.5029426771653543
0
LINE
8
BLACK
6
CONTINUOUS
10
0.0461670866141732
20
0.5029426771653543
11
0.0459601968503937
21
0.5034833070866142
0
LINE
8
BLACK
6
CONTINUOUS
10
0.0459601968503937
20
0.5034833070866142
11
0.0459526377952756
21
0.5035892125984252
0
LINE
8
BLACK
6
CONTINUOUS
10
0.0459526377952756
20
0.5035892125984252
11
0.0459120866141732
21
0.5036871653543307
0
LINE
8
BLACK
6
CONTINUOUS
10
0.0459120866141732
20
0.5036871653543307
11
0.0458553543307087
21
0.5042632283464566
0
LINE
8
BLACK
6
CONTINUOUS
10
0.0458553543307087
20
0.5042632283464566
11
0.0458553543307087
21
0.5102624803149606
0
LINE
8
BLACK
6
CONTINUOUS
10
0.0458553543307087
20
0.5102624803149606
11
0.0459120866141732
21
0.5108385433070866
0
LINE
8
BLACK
6
CONTINUOUS
10
0.0459120866141732
20
0.5108385433070866
11
0.0459526377952756
21
0.5109365354330708
0
LINE
8
BLACK
6
CONTINUOUS
10
0.0459526377952756
20
0.5109365354330708
11
0.0459601968503937
21
0.5110424015748032
0
LINE
8
BLACK
6
CONTINUOUS
10
0.0459601968503937
20
0.5110424015748032
11
0.0461670866141732
21
0.5115829921259842
0
LINE
8
BLACK
6
CONTINUOUS
10
0.0461670866141732
20
0.5115829921259842
11
0.0476669291338583
21
0.5145826377952756
0
LINE
8
BLACK
6
CONTINUOUS
10
0.0476669291338583
20
0.5145826377952756
11
0.0479753149606299
21
0.5150725196850393
0
LINE
8
BLACK
6
CONTINUOUS
10
0.0479753149606299
20
0.5150725196850393
11
0.0488456692913386
21
0.5158273622047244
0
LINE
8
BLACK
6
CONTINUOUS
10
0.0488456692913386
20
0.5158273622047244
11
0.0499386220472441
21
0.5161916929133858
0
LINE
8
BLACK
6
CONTINUOUS
10
0.0499386220472441
20
0.5161916929133858
11
0.051087874015748
21
0.51611
0
LINE
8
BLACK
6
CONTINUOUS
10
0.051087874015748
20
0.51611
11
0.0521183464566929
21
0.5155947637795275
0
LINE
8
BLACK
6
CONTINUOUS
10
0.0521183464566929
20
0.5155947637795275
11
0.052873188976378
21
0.5147243700787402
0
LINE
8
BLACK
6
CONTINUOUS
10
0.052873188976378
20
0.5147243700787402
11
0.0532375196850394
21
0.5136314173228347
0
LINE
8
BLACK
6
CONTINUOUS
10
0.0532375196850394
20
0.5136314173228347
11
0.0531558661417323
21
0.5124822047244094
0
LINE
8
BLACK
6
CONTINUOUS
10
0.0531558661417323
20
0.5124822047244094
11
0.0529489763779528
21
0.5119415748031496
0
LINE
8
BLACK
6
CONTINUOUS
10
0.0529489763779528
20
0.5119415748031496
11
0.0517608661417323
21
0.5095654330708661
0
LINE
8
BLACK
6
CONTINUOUS
10
0.0517608661417323
20
0.5095654330708661
11
0.0517608661417323
21
0.5049603149606299
0
LINE
8
BLACK
6
CONTINUOUS
10
0.0517608661417323
20
0.5049603149606299
11
0.0525087401574803
21
0.5034645275590551
0
LINE
8
BLACK
6
CONTINUOUS
10
0.0525087401574803
20
0.5034645275590551
11
0.0540046456692913
21
0.5027165354330708
0
LINE
8
BLACK
6
CONTINUOUS
10
0.0540046456692913
20
0.5027165354330708
11
0.0541103149606299
21
0.5027165354330708
0
LINE
8
BLACK
6
CONTINUOUS
10
0.0541103149606299
20
0.5027165354330708
11
0.0556061417322835
21
0.5034644881889764
0
LINE
8
BLACK
6
CONTINUOUS
10
0.0556061417322835
20
0.5034644881889764
11
0.0563540551181102
21
0.5049602755905511
0
LINE
8
BLACK
6
CONTINUOUS
10
0.0563540551181102
20
0.5049602755905511
11
0.0563540551181102
21
0.5087626771653543
0
LINE
8
BLACK
6
CONTINUOUS
10
0.0563540551181102
20
0.5087626771653543
11
0.0564107874015748
21
0.5093387401574803
0
LINE
8
BLACK
6
CONTINUOUS
10
0.0564107874015748
20
0.5093387401574803
11
0.0564513779527559
21
0.5094367716535433
0
LINE
8
BLACK
6
CONTINUOUS
10
0.0564513779527559
20
0.5094367716535433
11
0.0564588976377953
21
0.5095425590551181
0
LINE
8
BLACK
6
CONTINUOUS
10
0.0564588976377953
20
0.5095425590551181
11
0.0566657874015748
21
0.5100831889763779
0
LINE
8
BLACK
6
CONTINUOUS
10
0.0566657874015748
20
0.5100831889763779
11
0.0581655905511811
21
0.5130827952755905
0
LINE
8
BLACK
6
CONTINUOUS
10
0.0581655905511811
20
0.5130827952755905
11
0.0582262204724409
21
0.5131791732283465
0
LINE
8
BLACK
6
CONTINUOUS
10
0.0582262204724409
20
0.5131791732283465
11
0.0582413779527559
21
0.5132245669291339
0
LINE
8
BLACK
6
CONTINUOUS
10
0.0582413779527559
20
0.5132245669291339
11
0.0582903937007874
21
0.5132811417322835
0
LINE
8
BLACK
6
CONTINUOUS
10
0.0582903937007874
20
0.5132811417322835
11
0.058473937007874
21
0.5135726771653544
0
LINE
8
BLACK
6
CONTINUOUS
10
0.058473937007874
20
0.5135726771653544
11
0.0587537007874016
21
0.5138153543307087
0
LINE
8
BLACK
6
CONTINUOUS
10
0.0587537007874016
20
0.5138153543307087
11
0.0589962204724409
21
0.5140949212598425
0
LINE
8
BLACK
6
CONTINUOUS
10
0.0589962204724409
20
0.5140949212598425
11
0.0592876771653543
21
0.5142784251968504
0
LINE
8
BLACK
6
CONTINUOUS
10
0.0592876771653543
20
0.5142784251968504
11
0.0593443307086614
21
0.5143275196850393
0
LINE
8
BLACK
6
CONTINUOUS
10
0.0593443307086614
20
0.5143275196850393
11
0.0593897637795276
21
0.5143426771653543
0
LINE
8
BLACK
6
CONTINUOUS
10
0.0593897637795276
20
0.5143426771653543
11
0.0594861023622047
21
0.5144033070866142
0
LINE
8
BLACK
6
CONTINUOUS
10
0.0594861023622047
20
0.5144033070866142
11
0.0624857086614173
21
0.5159031496062992
0
LINE
8
BLACK
6
CONTINUOUS
10
0.0624857086614173
20
0.5159031496062992
11
0.0630263385826772
21
0.5161100393700787
0
LINE
8
BLACK
6
CONTINUOUS
10
0.0630263385826772
20
0.5161100393700787
11
0.0631322047244094
21
0.5161175984251969
0
LINE
8
BLACK
6
CONTINUOUS
10
0.0631322047244094
20
0.5161175984251969
11
0.0632301968503937
21
0.5161581496062992
0
LINE
8
BLACK
6
CONTINUOUS
10
0.0632301968503937
20
0.5161581496062992
11
0.0638062598425197
21
0.5162148818897637
0
LINE
8
BLACK
6
CONTINUOUS
10
0.0638062598425197
20
0.5162148818897637
11
0.065306062992126
21
0.5162148818897637
0
LINE
8
BLACK
6
CONTINUOUS
10
0.065306062992126
20
0.5162148818897637
11
0.065882125984252
21
0.5161581496062992
0
LINE
8
BLACK
6
CONTINUOUS
10
0.3760955118110236
20
0.5525583858267716
11
0.3766810236220473
21
0.5511701968503937
0
LINE
8
BLACK
6
CONTINUOUS
10
0.3766810236220473
20
0.5511701968503937
11
0.376681062992126
21
0.5511575196850393
0
LINE
8
BLACK
6
CONTINUOUS
10
0.376681062992126
20
0.5511575196850393
11
0.376681062992126
21
0.5436709448818897
0
LINE
8
BLACK
6
CONTINUOUS
10
0.376681062992126
20
0.5436709448818897
11
0.3761044881889763
21
0.5422790157480315
0
LINE
8
BLACK
6
CONTINUOUS
10
0.3761044881889763
20
0.5422790157480315
11
0.3747252362204724
21
0.5417024803149606
0
LINE
8
BLACK
6
CONTINUOUS
10
0.3747252362204724
20
0.5417024803149606
11
0.3612348031496063
21
0.5416155118110236
0
LINE
8
BLACK
6
CONTINUOUS
10
0.3612348031496063
20
0.5416155118110236
11
0.361234842519685
21
0.5416154724409449
0
LINE
8
BLACK
6
CONTINUOUS
10
0.361234842519685
20
0.5416154724409449
11
0.3582472047244095
21
0.5415956299212599
0
LINE
8
BLACK
6
CONTINUOUS
10
0.3582472047244095
20
0.5415956299212599
11
0.3582472440944882
21
0.5415955905511811
0
LINE
8
BLACK
6
CONTINUOUS
10
0.3582472440944882
20
0.5415955905511811
11
0.3557287401574803
21
0.5415764173228347
0
LINE
8
BLACK
6
CONTINUOUS
10
0.3557287401574803
20
0.5415764173228347
11
0.3536351574803149
21
0.5415558661417322
0
LINE
8
BLACK
6
CONTINUOUS
10
0.3536351574803149
20
0.5415558661417322
11
0.3536351181102362
21
0.541555905511811
0
LINE
8
BLACK
6
CONTINUOUS
10
0.3536351181102362
20
0.541555905511811
11
0.3519314173228346
21
0.5415322047244094
0
LINE
8
BLACK
6
CONTINUOUS
10
0.3519314173228346
20
0.5415322047244094
11
0.3505596062992126
21
0.5415033070866142
0
LINE
8
BLACK
6
CONTINUOUS
10
0.3505596062992126
20
0.5415033070866142
11
0.3494816929133858
21
0.5414675984251969
0
LINE
8
BLACK
6
CONTINUOUS
10
0.3494816929133858
20
0.5414675984251969
11
0.3486615354330709
21
0.5414241338582677
0
LINE
8
BLACK
6
CONTINUOUS
10
0.3486615354330709
20
0.5414241338582677
11
0.348058031496063
21
0.5413731496062992
0
LINE
8
BLACK
6
CONTINUOUS
10
0.348058031496063
20
0.5413731496062992
11
0.3476271653543307
21
0.5413162204724409
0
LINE
8
BLACK
6
CONTINUOUS
10
0.3476271653543307
20
0.5413162204724409
11
0.3473094094488189
21
0.5412538976377953
0
LINE
8
BLACK
6
CONTINUOUS
10
0.3473094094488189
20
0.5412538976377953
11
0.3470266929133858
21
0.5411787401574804
0
LINE
8
BLACK
6
CONTINUOUS
10
0.3470266929133858
20
0.5411787401574804
11
0.3467414566929134
21
0.5410879527559055
0
LINE
8
BLACK
6
CONTINUOUS
10
0.3467414566929134
20
0.5410879527559055
11
0.345094094488189
21
0.5403427952755906
0
LINE
8
BLACK
6
CONTINUOUS
10
0.345094094488189
20
0.5403427952755906
11
0.3439324015748031
21
0.5394401181102362
0
LINE
8
BLACK
6
CONTINUOUS
10
0.3439324015748031
20
0.5394401181102362
11
0.3430964960629921
21
0.5383285039370078
0
LINE
8
BLACK
6
CONTINUOUS
10
0.3430964960629921
20
0.5383285039370078
11
0.3425319291338583
21
0.5369275196850394
0
LINE
8
BLACK
6
CONTINUOUS
10
0.3425319291338583
20
0.5369275196850394
11
0.3422537007874016
21
0.5351564566929133
0
LINE
8
BLACK
6
CONTINUOUS
10
0.3422537007874016
20
0.5351564566929133
11
0.342310905511811
21
0.5329230708661418
0
LINE
8
BLACK
6
CONTINUOUS
10
0.342310905511811
20
0.5329230708661418
11
0.3423114566929134
21
0.5329176377952756
0
LINE
8
BLACK
6
CONTINUOUS
10
0.3423114566929134
20
0.5329176377952756
11
0.3426665748031496
21
0.5311811417322835
0
LINE
8
BLACK
6
CONTINUOUS
10
0.3426665748031496
20
0.5311811417322835
11
0.3432444488188977
21
0.5299135433070866
0
LINE
8
BLACK
6
CONTINUOUS
10
0.3432444488188977
20
0.5299135433070866
11
0.3440633858267717
21
0.5289313385826772
0
LINE
8
BLACK
6
CONTINUOUS
10
0.3440633858267717
20
0.5289313385826772
11
0.3452149212598425
21
0.5281292913385827
0
LINE
8
BLACK
6
CONTINUOUS
10
0.3452149212598425
20
0.5281292913385827
11
0.3468134251968504
21
0.5274873622047244
0
LINE
8
BLACK
6
CONTINUOUS
10
0.3468134251968504
20
0.5274873622047244
11
0.3489685826771654
21
0.527026968503937
0
LINE
8
BLACK
6
CONTINUOUS
10
0.3489685826771654
20
0.527026968503937
11
0.3496204330708662
21
0.5269695275590551
0
LINE
8
BLACK
6
CONTINUOUS
10
0.3496204330708662
20
0.5269695275590551
11
0.3507811811023622
21
0.5269135039370079
0
LINE
8
BLACK
6
CONTINUOUS
10
0.3507811811023622
20
0.5269135039370079
11
0.3523916535433071
21
0.5268637007874015
0
LINE
8
BLACK
6
CONTINUOUS
10
0.3523916535433071
20
0.5268637007874015
11
0.3543853543307087
21
0.5268225196850393
0
LINE
8
BLACK
6
CONTINUOUS
10
0.3543853543307087
20
0.5268225196850393
11
0.3567096456692913
21
0.5267911023622047
0
LINE
8
BLACK
6
CONTINUOUS
10
0.3567096456692913
20
0.5267911023622047
11
0.3593106299212598
21
0.5267705905511811
0
LINE
8
BLACK
6
CONTINUOUS
10
0.3593106299212598
20
0.5267705905511811
11
0.3593106692913386
21
0.5267705905511811
0
LINE
8
BLACK
6
CONTINUOUS
10
0.3593106692913386
20
0.5267705905511811
11
0.3621579133858268
21
0.5267618503937008
0
LINE
8
BLACK
6
CONTINUOUS
10
0.3621579133858268
20
0.5267618503937008
11
0.362157874015748
21
0.5267618503937008
0
LINE
8
BLACK
6
CONTINUOUS
10
0.362157874015748
20
0.5267618503937008
11
0.362725905511811
21
0.5267616141732283
0
LINE
8
BLACK
6
CONTINUOUS
10
0.362725905511811
20
0.5267616141732283
11
0.3747125590551181
21
0.5267616141732283
0
LINE
8
BLACK
6
CONTINUOUS
10
0.3747125590551181
20
0.5267616141732283
11
0.3761044881889763
21
0.5261850393700788
0
LINE
8
BLACK
6
CONTINUOUS
10
0.3761044881889763
20
0.5261850393700788
11
0.376681062992126
21
0.5247931102362204
0
LINE
8
BLACK
6
CONTINUOUS
10
0.376681062992126
20
0.5247931102362204
11
0.376681062992126
21
0.5173053543307087
0
LINE
8
BLACK
6
CONTINUOUS
10
0.376681062992126
20
0.5173053543307087
11
0.3761044881889763
21
0.5159134251968504
0
LINE
8
BLACK
6
CONTINUOUS
10
0.3761044881889763
20
0.5159134251968504
11
0.3747125590551181
21
0.5153368503937008
0
LINE
8
BLACK
6
CONTINUOUS
10
0.3747125590551181
20
0.5153368503937008
11
0.3620774803149606
21
0.5153368503937008
0
LINE
8
BLACK
6
CONTINUOUS
10
0.3620774803149606
20
0.5153368503937008
11
0.3588366535433071
21
0.5153402755905512
0
LINE
8
BLACK
6
CONTINUOUS
10
0.3588366535433071
20
0.5153402755905512
11
0.35883
21
0.5153402755905512
0
LINE
8
BLACK
6
CONTINUOUS
10
0.35883
20
0.5153402755905512
11
0.356055905511811
21
0.5153525984251969
0
LINE
8
BLACK
6
CONTINUOUS
10
0.356055905511811
20
0.5153525984251969
11
0.3560441732283465
21
0.515352716535433
0
LINE
8
BLACK
6
CONTINUOUS
10
0.3560441732283465
20
0.515352716535433
11
0.3536871653543307
21
0.5153772440944882
0
LINE
8
BLACK
6
CONTINUOUS
10
0.3536871653543307
20
0.5153772440944882
11
0.3536682283464567
21
0.5153775196850393
0
LINE
8
BLACK
6
CONTINUOUS
10
0.3536682283464567
20
0.5153775196850393
11
0.3516786614173228
21
0.5154173622047244
0
LINE
8
BLACK
6
CONTINUOUS
10
0.3516786614173228
20
0.5154173622047244
11
0.3516493700787401
21
0.5154181496062992
0
LINE
8
BLACK
6
CONTINUOUS
10
0.3516493700787401
20
0.5154181496062992
11
0.3499776377952756
21
0.5154765354330708
0
LINE
8
BLACK
6
CONTINUOUS
10
0.3499776377952756
20
0.5154765354330708
11
0.349934094488189
21
0.5154785433070866
0
LINE
8
BLACK
6
CONTINUOUS
10
0.349934094488189
20
0.5154785433070866
11
0.3485305905511811
21
0.5155587007874015
0
LINE
8
BLACK
6
CONTINUOUS
10
0.3485305905511811
20
0.5155587007874015
11
0.3484688976377953
21
0.5155632283464566
0
LINE
8
BLACK
6
CONTINUOUS
10
0.3484688976377953
20
0.5155632283464566
11
0.3472838976377953
21
0.5156683464566929
0
LINE
8
BLACK
6
CONTINUOUS
10
0.3472838976377953
20
0.5156683464566929
11
0.3472018503937008
21
0.5156773622047244
0
LINE
8
BLACK
6
CONTINUOUS
10
0.3472018503937008
20
0.5156773622047244
11
0.3461857874015748
21
0.5158106299212598
0
LINE
8
BLACK
6
CONTINUOUS
10
0.3461857874015748
20
0.5158106299212598
11
0.3460863779527559
21
0.5158262598425196
0
LINE
8
BLACK
6
CONTINUOUS
10
0.3460863779527559
20
0.5158262598425196
11
0.3451896062992126
21
0.5159908661417323
0
LINE
8
BLACK
6
CONTINUOUS
10
0.3451896062992126
20
0.5159908661417323
11
0.3450841732283464
21
0.5160131889763779
0
LINE
8
BLACK
6
CONTINUOUS
10
0.3450841732283464
20
0.5160131889763779
11
0.3442570472440945
21
0.5162123622047244
0
LINE
8
BLACK
6
CONTINUOUS
10
0.3442570472440945
20
0.5162123622047244
11
0.3441634251968504
21
0.5162373622047244
0
LINE
8
BLACK
6
CONTINUOUS
10
0.3441634251968504
20
0.5162373622047244
11
0.3433562992125984
21
0.5164742913385827
0
LINE
8
BLACK
6
CONTINUOUS
10
0.3433562992125984
20
0.5164742913385827
11
0.343301968503937
21
0.5164911023622047
0
LINE
8
BLACK
6
CONTINUOUS
10
0.343301968503937
20
0.5164911023622047
11
0.3428643307086614
21
0.5166334251968504
0
LINE
8
BLACK
6
CONTINUOUS
10
0.3428643307086614
20
0.5166334251968504
11
0.342707874015748
21
0.5166917716535433
0
LINE
8
BLACK
6
CONTINUOUS
10
0.342707874015748
20
0.5166917716535433
11
0.3400611023622047
21
0.5178085039370078
0
LINE
8
BLACK
6
CONTINUOUS
10
0.3400611023622047
20
0.5178085039370078
11
0.3397594881889764
21
0.5179678346456693
0
LINE
8
BLACK
6
CONTINUOUS
10
0.3397594881889764
20
0.5179678346456693
11
0.3375007874015748
21
0.5194244094488188
0
LINE
8
BLACK
6
CONTINUOUS
10
0.3375007874015748
20
0.5194244094488188
11
0.3372040551181102
21
0.5196589763779528
0
LINE
8
BLACK
6
CONTINUOUS
10
0.3372040551181102
20
0.5196589763779528
11
0.3353283070866142
21
0.5214605118110236
0
LINE
8
BLACK
6
CONTINUOUS
10
0.3353283070866142
20
0.5214605118110236
11
0.3350763385826772
21
0.5217555511811024
0
LINE
8
BLACK
6
CONTINUOUS
10
0.3350763385826772
20
0.5217555511811024
11
0.3335785039370079
21
0.5239070472440944
0
LINE
8
BLACK
6
CONTINUOUS
10
0.3335785039370079
20
0.5239070472440944
11
0.3333981496062992
21
0.5242257086614173
0
LINE
8
BLACK
6
CONTINUOUS
10
0.3333981496062992
20
0.5242257086614173
11
0.3322731496062992
21
0.5267322440944882
0
LINE
8
BLACK
6
CONTINUOUS
10
0.3322731496062992
20
0.5267322440944882
11
0.332201968503937
21
0.5269145669291339
0
LINE
8
BLACK
6
CONTINUOUS
10
0.332201968503937
20
0.5269145669291339
11
0.3320408661417323
21
0.527396811023622
0
LINE
8
BLACK
6
CONTINUOUS
10
0.3320408661417323
20
0.527396811023622
11
0.3319908267716535
21
0.527573779527559
0
LINE
8
BLACK
6
CONTINUOUS
10
0.3319908267716535
20
0.527573779527559
11
0.3316613779527559
21
0.5289874409448819
0
LINE
8
BLACK
6
CONTINUOUS
10
0.3316613779527559
20
0.5289874409448819
11
0.3316266141732284
21
0.5291788582677165
0
LINE
8
BLACK
6
CONTINUOUS
10
0.3316266141732284
20
0.5291788582677165
11
0.3313953149606299
21
0.5309469291338582
0
LINE
8
BLACK
6
CONTINUOUS
10
0.3313953149606299
20
0.5309469291338582
11
0.3313829133858268
21
0.5310732677165354
0
LINE
8
BLACK
6
CONTINUOUS
10
0.3313829133858268
20
0.5310732677165354
11
0.3312535826771654
21
0.5330425590551181
0
LINE
8
BLACK
6
CONTINUOUS
10
0.3312535826771654
20
0.5330425590551181
11
0.3312494881889764
21
0.5331485826771654
0
LINE
8
BLACK
6
CONTINUOUS
10
0.3312494881889764
20
0.5331485826771654
11
0.331225905511811
21
0.5351658267716536
0
LINE
8
BLACK
6
CONTINUOUS
10
0.331225905511811
20
0.5351658267716536
11
0.3312277559055118
21
0.5352772440944882
0
LINE
8
BLACK
6
CONTINUOUS
10
0.3312277559055118
20
0.5352772440944882
11
0.3313137401574803
21
0.5371891732283465
0
LINE
8
BLACK
6
CONTINUOUS
10
0.3313137401574803
20
0.5371891732283465
11
0.3313259448818898
21
0.5373364566929134
0
LINE
8
BLACK
6
CONTINUOUS
10
0.3313259448818898
20
0.5373364566929134
11
0.3315253543307087
21
0.5389898425196851
0
LINE
8
BLACK
6
CONTINUOUS
10
0.3315253543307087
20
0.5389898425196851
11
0.3315533858267716
21
0.5391595669291338
0
LINE
8
BLACK
6
CONTINUOUS
10
0.3315533858267716
20
0.5391595669291338
11
0.3316973228346456
21
0.5398434645669291
0
LINE
8
BLACK
6
CONTINUOUS
10
0.3316973228346456
20
0.5398434645669291
11
0.331759842519685
21
0.5400714960629921
0
LINE
8
BLACK
6
CONTINUOUS
10
0.331759842519685
20
0.5400714960629921
11
0.3326714960629921
21
0.5427538188976377
0
LINE
8
BLACK
6
CONTINUOUS
10
0.3326714960629921
20
0.5427538188976377
11
0.3328115748031496
21
0.5430710236220472
0
LINE
8
BLACK
6
CONTINUOUS
10
0.3328115748031496
20
0.5430710236220472
11
0.3341005118110236
21
0.545408031496063
0
LINE
8
BLACK
6
CONTINUOUS
10
0.3341005118110236
20
0.545408031496063
11
0.334314842519685
21
0.5457210236220472
0
LINE
8
BLACK
6
CONTINUOUS
10
0.334314842519685
20
0.5457210236220472
11
0.3359887795275591
21
0.5477204330708662
0
LINE
8
BLACK
6
CONTINUOUS
10
0.3359887795275591
20
0.5477204330708662
11
0.3362611023622047
21
0.547988031496063
0
LINE
8
BLACK
6
CONTINUOUS
10
0.3362611023622047
20
0.547988031496063
11
0.3383276771653543
21
0.5496575196850394
0
LINE
8
BLACK
6
CONTINUOUS
10
0.3383276771653543
20
0.5496575196850394
11
0.3386211417322835
21
0.5498538582677165
0
LINE
8
BLACK
6
CONTINUOUS
10
0.3386211417322835
20
0.5498538582677165
11
0.3410880708661417
21
0.5512012598425197
0
LINE
8
BLACK
6
CONTINUOUS
10
0.3410880708661417
20
0.5512012598425197
11
0.3413488976377952
21
0.5513199606299213
0
LINE
8
BLACK
6
CONTINUOUS
10
0.3413488976377952
20
0.5513199606299213
11
0.3438248818897638
21
0.5522355511811023
0
LINE
8
BLACK
6
CONTINUOUS
10
0.3438248818897638
20
0.5522355511811023
11
0.3439511811023622
21
0.5522774803149606
0
LINE
8
BLACK
6
CONTINUOUS
10
0.3439511811023622
20
0.5522774803149606
11
0.3443825590551181
21
0.5524046062992126
0
LINE
8
BLACK
6
CONTINUOUS
10
0.3443825590551181
20
0.5524046062992126
11
0.3444488188976378
21
0.552422874015748
0
LINE
8
BLACK
6
CONTINUOUS
10
0.3444488188976378
20
0.552422874015748
11
0.3448672834645669
21
0.5525304724409449
0
LINE
8
BLACK
6
CONTINUOUS
10
0.3448672834645669
20
0.5525304724409449
11
0.3449722440944882
21
0.5525544094488188
0
LINE
8
BLACK
6
CONTINUOUS
10
0.3449722440944882
20
0.5525544094488188
11
0.3454238188976378
21
0.5526445275590551
0
LINE
8
BLACK
6
CONTINUOUS
10
0.3454238188976378
20
0.5526445275590551
11
0.3455352755905512
21
0.5526634645669292
0
LINE
8
BLACK
6
CONTINUOUS
10
0.3455352755905512
20
0.5526634645669292
11
0.3460659448818897
21
0.5527379921259843
0
LINE
8
BLACK
6
CONTINUOUS
10
0.3460659448818897
20
0.5527379921259843
11
0.346157874015748
21
0.5527487007874016
0
LINE
8
BLACK
6
CONTINUOUS
10
0.346157874015748
20
0.5527487007874016
11
0.3468135433070866
21
0.5528095275590551
0
LINE
8
BLACK
6
CONTINUOUS
10
0.3468135433070866
20
0.5528095275590551
11
0.3468786220472441
21
0.5528144881889764
0
LINE
8
BLACK
6
CONTINUOUS
10
0.3468786220472441
20
0.5528144881889764
11
0.3477053543307086
21
0.552863622047244
0
LINE
8
BLACK
6
CONTINUOUS
10
0.3477053543307086
20
0.552863622047244
11
0.3477479133858268
21
0.5528656692913386
0
LINE
8
BLACK
6
CONTINUOUS
10
0.3477479133858268
20
0.5528656692913386
11
0.3487916535433071
21
0.5529050393700787
0
LINE
8
BLACK
6
CONTINUOUS
10
0.3487916535433071
20
0.5529050393700787
11
0.3488183858267717
21
0.5529058661417323
0
LINE
8
BLACK
6
CONTINUOUS
10
0.3488183858267717
20
0.5529058661417323
11
0.350125157480315
21
0.5529374015748031
0
LINE
8
BLACK
6
CONTINUOUS
10
0.350125157480315
20
0.5529374015748031
11
0.3501414173228347
21
0.5529377559055118
0
LINE
8
BLACK
6
CONTINUOUS
10
0.3501414173228347
20
0.5529377559055118
11
0.351757125984252
21
0.5529633858267716
0
LINE
8
BLACK
6
CONTINUOUS
10
0.351757125984252
20
0.5529633858267716
11
0.3517667322834646
21
0.5529635039370079
0
LINE
8
BLACK
6
CONTINUOUS
10
0.3517667322834646
20
0.5529635039370079
11
0.3537374015748032
21
0.552985157480315
0
LINE
8
BLACK
6
CONTINUOUS
10
0.3537374015748032
20
0.552985157480315
11
0.353742716535433
21
0.5529851968503937
0
LINE
8
BLACK
6
CONTINUOUS
10
0.353742716535433
20
0.5529851968503937
11
0.3561143307086614
21
0.5530048425196851
0
LINE
8
BLACK
6
CONTINUOUS
10
0.3561143307086614
20
0.5530048425196851
11
0.3561170078740157
21
0.5530048818897638
0
LINE
8
BLACK
6
CONTINUOUS
10
0.3561170078740157
20
0.5530048818897638
11
0.3589355511811024
21
0.5530244094488189
0
LINE
8
BLACK
6
CONTINUOUS
10
0.3589355511811024
20
0.5530244094488189
11
0.3589363779527559
21
0.5530244094488189
0
LINE
8
BLACK
6
CONTINUOUS
10
0.3589363779527559
20
0.5530244094488189
11
0.3605634645669291
21
0.5530349999999999
0
LINE
8
BLACK
6
CONTINUOUS
10
0.3605634645669291
20
0.5530349999999999
11
0.3605635826771654
21
0.5530349999999999
0
LINE
8
BLACK
6
CONTINUOUS
10
0.3605635826771654
20
0.5530349999999999
11
0.3746998818897638
21
0.5531259842519685
0
LINE
8
BLACK
6
CONTINUOUS
10
0.3746998818897638
20
0.5531259842519685
11
0.3760955118110236
21
0.5525583858267716
0
LINE
8
BLACK
6
CONTINUOUS
10
0.1011554724409449
20
0.5449636220472441
11
0.1016029133858268
21
0.5445964173228346
0
LINE
8
BLACK
6
CONTINUOUS
10
0.1016029133858268
20
0.5445964173228346
11
0.1191077559055118
21
0.5270915748031496
0
LINE
8
BLACK
6
CONTINUOUS
10
0.1191077559055118
20
0.5270915748031496
11
0.1224913385826772
21
0.5259637007874015
0
LINE
8
BLACK
6
CONTINUOUS
10
0.1224913385826772
20
0.5259637007874015
11
0.1243147637795276
21
0.5259637007874015
0
LINE
8
BLACK
6
CONTINUOUS
10
0.1243147637795276
20
0.5259637007874015
11
0.1262623622047244
21
0.5269375196850393
0
LINE
8
BLACK
6
CONTINUOUS
10
0.1262623622047244
20
0.5269375196850393
11
0.1270844881889764
21
0.5277596456692913
0
LINE
8
BLACK
6
CONTINUOUS
10
0.1270844881889764
20
0.5277596456692913
11
0.1280583070866142
21
0.5297072440944882
0
LINE
8
BLACK
6
CONTINUOUS
10
0.1280583070866142
20
0.5297072440944882
11
0.1280583070866142
21
0.5358122047244095
0
LINE
8
BLACK
6
CONTINUOUS
10
0.1280583070866142
20
0.5358122047244095
11
0.1270844881889764
21
0.5377598031496063
0
LINE
8
BLACK
6
CONTINUOUS
10
0.1270844881889764
20
0.5377598031496063
11
0.1259235039370079
21
0.5389208267716535
0
LINE
8
BLACK
6
CONTINUOUS
10
0.1259235039370079
20
0.5389208267716535
11
0.1255562992125984
21
0.5393682677165355
0
LINE
8
BLACK
6
CONTINUOUS
10
0.1255562992125984
20
0.5393682677165355
11
0.1251154330708661
21
0.540432716535433
0
LINE
8
BLACK
6
CONTINUOUS
10
0.1251154330708661
20
0.540432716535433
11
0.1251154330708661
21
0.5415847637795276
0
LINE
8
BLACK
6
CONTINUOUS
10
0.1251154330708661
20
0.5415847637795276
11
0.1255563385826772
21
0.5426491732283465
0
LINE
8
BLACK
6
CONTINUOUS
10
0.1255563385826772
20
0.5426491732283465
11
0.1263710236220472
21
0.5434638582677165
0
LINE
8
BLACK
6
CONTINUOUS
10
0.1263710236220472
20
0.5434638582677165
11
0.1274354724409449
21
0.5439047244094488
0
LINE
8
BLACK
6
CONTINUOUS
10
0.1274354724409449
20
0.5439047244094488
11
0.1285875196850394
21
0.5439047244094488
0
LINE
8
BLACK
6
CONTINUOUS
10
0.1285875196850394
20
0.5439047244094488
11
0.1296519291338583
21
0.5434638188976377
0
LINE
8
BLACK
6
CONTINUOUS
10
0.1296519291338583
20
0.5434638188976377
11
0.1300994094488189
21
0.5430965748031495
0
LINE
8
BLACK
6
CONTINUOUS
10
0.1300994094488189
20
0.5430965748031495
11
0.1315992125984252
21
0.5415967322834645
0
LINE
8
BLACK
6
CONTINUOUS
10
0.1315992125984252
20
0.5415967322834645
11
0.1317849212598425
21
0.5413704330708661
0
LINE
8
BLACK
6
CONTINUOUS
10
0.1317849212598425
20
0.5413704330708661
11
0.131843937007874
21
0.5413192519685039
0
LINE
8
BLACK
6
CONTINUOUS
10
0.131843937007874
20
0.5413192519685039
11
0.1318998818897638
21
0.5412303543307087
0
LINE
8
BLACK
6
CONTINUOUS
10
0.1318998818897638
20
0.5412303543307087
11
0.1319664173228347
21
0.5411492913385827
0
LINE
8
BLACK
6
CONTINUOUS
10
0.1319664173228347
20
0.5411492913385827
11
0.1319962204724409
21
0.541077283464567
0
LINE
8
BLACK
6
CONTINUOUS
10
0.1319962204724409
20
0.541077283464567
11
0.1321522834645669
21
0.5408293700787401
0
LINE
8
BLACK
6
CONTINUOUS
10
0.1321522834645669
20
0.5408293700787401
11
0.1336520866141732
21
0.5378297637795275
0
LINE
8
BLACK
6
CONTINUOUS
10
0.1336520866141732
20
0.5378297637795275
11
0.1338589763779527
21
0.5372891338582677
0
LINE
8
BLACK
6
CONTINUOUS
10
0.1338589763779527
20
0.5372891338582677
11
0.1338664566929134
21
0.5371833464566929
0
LINE
8
BLACK
6
CONTINUOUS
10
0.1338664566929134
20
0.5371833464566929
11
0.1339070866141732
21
0.5370853149606299
0
LINE
8
BLACK
6
CONTINUOUS
10
0.1339070866141732
20
0.5370853149606299
11
0.1339638188976378
21
0.536509251968504
0
LINE
8
BLACK
6
CONTINUOUS
10
0.1339638188976378
20
0.536509251968504
11
0.1339638188976378
21
0.5290101968503937
0
LINE
8
BLACK
6
CONTINUOUS
10
0.1339638188976378
20
0.5290101968503937
11
0.1339070866141732
21
0.5284341338582677
0
LINE
8
BLACK
6
CONTINUOUS
10
0.1339070866141732
20
0.5284341338582677
11
0.1338664566929134
21
0.5283361417322835
0
LINE
8
BLACK
6
CONTINUOUS
10
0.1338664566929134
20
0.5283361417322835
11
0.1338589763779527
21
0.5282303149606299
0
LINE
8
BLACK
6
CONTINUOUS
10
0.1338589763779527
20
0.5282303149606299
11
0.1336520866141732
21
0.5276896850393701
0
LINE
8
BLACK
6
CONTINUOUS
10
0.1336520866141732
20
0.5276896850393701
11
0.1321522834645669
21
0.5246900393700787
0
LINE
8
BLACK
6
CONTINUOUS
10
0.1321522834645669
20
0.5246900393700787
11
0.1319961811023622
21
0.5244420472440945
0
LINE
8
BLACK
6
CONTINUOUS
10
0.1319961811023622
20
0.5244420472440945
11
0.1319663779527559
21
0.5243700787401575
0
LINE
8
BLACK
6
CONTINUOUS
10
0.1319663779527559
20
0.5243700787401575
11
0.1318998818897638
21
0.5242891338582677
0
LINE
8
BLACK
6
CONTINUOUS
10
0.1318998818897638
20
0.5242891338582677
11
0.131843937007874
21
0.5242001574803149
0
LINE
8
BLACK
6
CONTINUOUS
10
0.131843937007874
20
0.5242001574803149
11
0.1317849212598425
21
0.5241490157480315
0
LINE
8
BLACK
6
CONTINUOUS
10
0.1317849212598425
20
0.5241490157480315
11
0.1315991732283465
21
0.5239226377952756
0
LINE
8
BLACK
6
CONTINUOUS
10
0.1315991732283465
20
0.5239226377952756
11
0.1300993700787401
21
0.5224228346456693
0
LINE
8
BLACK
6
CONTINUOUS
10
0.1300993700787401
20
0.5224228346456693
11
0.1298729921259842
21
0.5222370866141732
0
LINE
8
BLACK
6
CONTINUOUS
10
0.1298729921259842
20
0.5222370866141732
11
0.1298218503937008
21
0.5221780708661418
0
LINE
8
BLACK
6
CONTINUOUS
10
0.1298218503937008
20
0.5221780708661418
11
0.129732874015748
21
0.522122125984252
0
LINE
8
BLACK
6
CONTINUOUS
10
0.129732874015748
20
0.522122125984252
11
0.1296519291338583
21
0.5220556299212599
0
LINE
8
BLACK
6
CONTINUOUS
10
0.1296519291338583
20
0.5220556299212599
11
0.1295799606299212
21
0.5220258267716535
0
LINE
8
BLACK
6
CONTINUOUS
10
0.1295799606299212
20
0.5220258267716535
11
0.129331968503937
21
0.5218697244094488
0
LINE
8
BLACK
6
CONTINUOUS
10
0.129331968503937
20
0.5218697244094488
11
0.1263323228346457
21
0.5203699212598425
0
LINE
8
BLACK
6
CONTINUOUS
10
0.1263323228346457
20
0.5203699212598425
11
0.1257916929133858
21
0.520163031496063
0
LINE
8
BLACK
6
CONTINUOUS
10
0.1257916929133858
20
0.520163031496063
11
0.1256858661417323
21
0.5201555511811023
0
LINE
8
BLACK
6
CONTINUOUS
10
0.1256858661417323
20
0.5201555511811023
11
0.125587874015748
21
0.5201149212598425
0
LINE
8
BLACK
6
CONTINUOUS
10
0.125587874015748
20
0.5201149212598425
11
0.125011811023622
21
0.5200581889763779
0
LINE
8
BLACK
6
CONTINUOUS
10
0.125011811023622
20
0.5200581889763779
11
0.1220122047244094
21
0.5200581889763779
0
LINE
8
BLACK
6
CONTINUOUS
10
0.1220122047244094
20
0.5200581889763779
11
0.1217206299212598
21
0.5200869291338582
0
LINE
8
BLACK
6
CONTINUOUS
10
0.1217206299212598
20
0.5200869291338582
11
0.1216429133858268
21
0.5200813779527559
0
LINE
8
BLACK
6
CONTINUOUS
10
0.1216429133858268
20
0.5200813779527559
11
0.1215406299212598
21
0.5201046456692914
0
LINE
8
BLACK
6
CONTINUOUS
10
0.1215406299212598
20
0.5201046456692914
11
0.1214361417322835
21
0.5201149212598425
0
LINE
8
BLACK
6
CONTINUOUS
10
0.1214361417322835
20
0.5201149212598425
11
0.1213640157480315
21
0.5201448031496063
0
LINE
8
BLACK
6
CONTINUOUS
10
0.1213640157480315
20
0.5201448031496063
11
0.1210784645669291
21
0.5202097244094488
0
LINE
8
BLACK
6
CONTINUOUS
10
0.1210784645669291
20
0.5202097244094488
11
0.1165790157480315
21
0.5217095275590551
0
LINE
8
BLACK
6
CONTINUOUS
10
0.1165790157480315
20
0.5217095275590551
11
0.1160504724409449
21
0.5219455118110236
0
LINE
8
BLACK
6
CONTINUOUS
10
0.1160504724409449
20
0.5219455118110236
11
0.1159703937007874
21
0.5220149606299213
0
LINE
8
BLACK
6
CONTINUOUS
10
0.1159703937007874
20
0.5220149606299213
11
0.1158722834645669
21
0.5220555905511811
0
LINE
8
BLACK
6
CONTINUOUS
10
0.1158722834645669
20
0.5220555905511811
11
0.115424842519685
21
0.5224228346456693
0
LINE
8
BLACK
6
CONTINUOUS
10
0.115424842519685
20
0.5224228346456693
11
0.1024677559055118
21
0.5353799212598425
0
LINE
8
BLACK
6
CONTINUOUS
10
0.1024677559055118
20
0.5353799212598425
11
0.1024677559055118
21
0.5230109448818897
0
LINE
8
BLACK
6
CONTINUOUS
10
0.1024677559055118
20
0.5230109448818897
11
0.1024110236220472
21
0.5224348818897637
0
LINE
8
BLACK
6
CONTINUOUS
10
0.1024110236220472
20
0.5224348818897637
11
0.1019701181102362
21
0.5213704724409449
0
LINE
8
BLACK
6
CONTINUOUS
10
0.1019701181102362
20
0.5213704724409449
11
0.1011554724409449
21
0.5205558267716536
0
LINE
8
BLACK
6
CONTINUOUS
10
0.1011554724409449
20
0.5205558267716536
11
0.100091062992126
21
0.5201149212598425
0
LINE
8
BLACK
6
CONTINUOUS
10
0.100091062992126
20
0.5201149212598425
11
0.098938937007874
21
0.5201149212598425
0
LINE
8
BLACK
6
CONTINUOUS
10
0.098938937007874
20
0.5201149212598425
11
0.0978745275590551
21
0.5205558267716536
0
LINE
8
BLACK
6
CONTINUOUS
10
0.0978745275590551
20
0.5205558267716536
11
0.0970598818897638
21
0.5213704724409449
0
LINE
8
BLACK
6
CONTINUOUS
10
0.0970598818897638
20
0.5213704724409449
11
0.0966189763779527
21
0.5224348818897637
0
LINE
8
BLACK
6
CONTINUOUS
10
0.0966189763779527
20
0.5224348818897637
11
0.0965622440944882
21
0.5230109448818897
0
LINE
8
BLACK
6
CONTINUOUS
10
0.0965622440944882
20
0.5230109448818897
11
0.0965622440944882
21
0.5425085039370079
0
LINE
8
BLACK
6
CONTINUOUS
10
0.0965622440944882
20
0.5425085039370079
11
0.0966189763779527
21
0.5430845669291339
0
LINE
8
BLACK
6
CONTINUOUS
10
0.0966189763779527
20
0.5430845669291339
11
0.0970598818897638
21
0.5441489763779528
0
LINE
8
BLACK
6
CONTINUOUS
10
0.0970598818897638
20
0.5441489763779528
11
0.0978745275590551
21
0.5449636220472441
0
LINE
8
BLACK
6
CONTINUOUS
10
0.0978745275590551
20
0.5449636220472441
11
0.098938937007874
21
0.5454045275590551
0
LINE
8
BLACK
6
CONTINUOUS
10
0.098938937007874
20
0.5454045275590551
11
0.100091062992126
21
0.5454045275590551
0
LINE
8
BLACK
6
CONTINUOUS
10
0.100091062992126
20
0.5454045275590551
11
0.1011554724409449
21
0.5449636220472441
0
LINE
8
BLACK
6
CONTINUOUS
10
0.065882125984252
20
0.5416549606299212
11
0.0659800787401575
21
0.5416144094488189
0
LINE
8
BLACK
6
CONTINUOUS
10
0.0659800787401575
20
0.5416144094488189
11
0.0660859842519685
21
0.5416068503937008
0
LINE
8
BLACK
6
CONTINUOUS
10
0.0660859842519685
20
0.5416068503937008
11
0.0666266141732283
21
0.5413999606299212
0
LINE
8
BLACK
6
CONTINUOUS
10
0.0666266141732283
20
0.5413999606299212
11
0.0696261811023622
21
0.5399001181102362
0
LINE
8
BLACK
6
CONTINUOUS
10
0.0696261811023622
20
0.5399001181102362
11
0.0697224015748032
21
0.5398395669291338
0
LINE
8
BLACK
6
CONTINUOUS
10
0.0697224015748032
20
0.5398395669291338
11
0.0697679133858268
21
0.5398243700787402
0
LINE
8
BLACK
6
CONTINUOUS
10
0.0697679133858268
20
0.5398243700787402
11
0.0698245669291339
21
0.5397752362204724
0
LINE
8
BLACK
6
CONTINUOUS
10
0.0698245669291339
20
0.5397752362204724
11
0.070116062992126
21
0.5395917322834646
0
LINE
8
BLACK
6
CONTINUOUS
10
0.070116062992126
20
0.5395917322834646
11
0.0703585826771654
21
0.5393120866141732
0
LINE
8
BLACK
6
CONTINUOUS
10
0.0703585826771654
20
0.5393120866141732
11
0.0706383070866142
21
0.5390694881889764
0
LINE
8
BLACK
6
CONTINUOUS
10
0.0706383070866142
20
0.5390694881889764
11
0.0708218503937008
21
0.5387779527559055
0
LINE
8
BLACK
6
CONTINUOUS
10
0.0708218503937008
20
0.5387779527559055
11
0.070870905511811
21
0.5387213779527559
0
LINE
8
BLACK
6
CONTINUOUS
10
0.070870905511811
20
0.5387213779527559
11
0.0708860236220472
21
0.5386760236220473
0
LINE
8
BLACK
6
CONTINUOUS
10
0.0708860236220472
20
0.5386760236220473
11
0.0709466929133858
21
0.5385796456692913
0
LINE
8
BLACK
6
CONTINUOUS
10
0.0709466929133858
20
0.5385796456692913
11
0.0724464960629921
21
0.5355800393700787
0
LINE
8
BLACK
6
CONTINUOUS
10
0.0724464960629921
20
0.5355800393700787
11
0.0726533858267717
21
0.5350394094488189
0
LINE
8
BLACK
6
CONTINUOUS
10
0.0726533858267717
20
0.5350394094488189
11
0.0726608661417323
21
0.5349336614173228
0
LINE
8
BLACK
6
CONTINUOUS
10
0.0726608661417323
20
0.5349336614173228
11
0.0727015354330709
21
0.5348355511811024
0
LINE
8
BLACK
6
CONTINUOUS
10
0.0727015354330709
20
0.5348355511811024
11
0.0727582677165354
21
0.5342594881889764
0
LINE
8
BLACK
6
CONTINUOUS
10
0.0727582677165354
20
0.5342594881889764
11
0.0727582677165354
21
0.5297600393700788
0
LINE
8
BLACK
6
CONTINUOUS
10
0.0727582677165354
20
0.5297600393700788
11
0.0727015354330709
21
0.5291839763779528
0
LINE
8
BLACK
6
CONTINUOUS
10
0.0727015354330709
20
0.5291839763779528
11
0.0726608661417323
21
0.529085905511811
0
LINE
8
BLACK
6
CONTINUOUS
10
0.0726608661417323
20
0.529085905511811
11
0.0726533858267717
21
0.5289801181102363
0
LINE
8
BLACK
6
CONTINUOUS
10
0.0726533858267717
20
0.5289801181102363
11
0.0724464960629921
21
0.5284394881889763
0
LINE
8
BLACK
6
CONTINUOUS
10
0.0724464960629921
20
0.5284394881889763
11
0.0709466929133858
21
0.5254398818897638
0
LINE
8
BLACK
6
CONTINUOUS
10
0.0709466929133858
20
0.5254398818897638
11
0.0706383070866142
21
0.5249500393700788
0
LINE
8
BLACK
6
CONTINUOUS
10
0.0706383070866142
20
0.5249500393700788
11
0.0697679133858268
21
0.524195157480315
0
LINE
8
BLACK
6
CONTINUOUS
10
0.0697679133858268
20
0.524195157480315
11
0.0686749606299213
21
0.5238308661417322
0
LINE
8
BLACK
6
CONTINUOUS
10
0.0686749606299213
20
0.5238308661417322
11
0.0675257480314961
21
0.5239125196850394
0
LINE
8
BLACK
6
CONTINUOUS
10
0.0675257480314961
20
0.5239125196850394
11
0.0664952755905512
21
0.5244277952755906
0
LINE
8
BLACK
6
CONTINUOUS
10
0.0664952755905512
20
0.5244277952755906
11
0.0657403937007874
21
0.5252981889763779
0
LINE
8
BLACK
6
CONTINUOUS
10
0.0657403937007874
20
0.5252981889763779
11
0.0653761023622047
21
0.5263911417322834
0
LINE
8
BLACK
6
CONTINUOUS
10
0.0653761023622047
20
0.5263911417322834
11
0.0654577559055118
21
0.5275403543307087
0
LINE
8
BLACK
6
CONTINUOUS
10
0.0654577559055118
20
0.5275403543307087
11
0.0656646456692913
21
0.5280809842519685
0
LINE
8
BLACK
6
CONTINUOUS
10
0.0656646456692913
20
0.5280809842519685
11
0.0668527559055118
21
0.530457125984252
0
LINE
8
BLACK
6
CONTINUOUS
10
0.0668527559055118
20
0.530457125984252
11
0.0668527559055118
21
0.5335624409448819
0
LINE
8
BLACK
6
CONTINUOUS
10
0.0668527559055118
20
0.5335624409448819
11
0.0661047637795276
21
0.5350583070866142
0
LINE
8
BLACK
6
CONTINUOUS
10
0.0661047637795276
20
0.5350583070866142
11
0.0646089763779528
21
0.5358061811023622
0
LINE
8
BLACK
6
CONTINUOUS
10
0.0646089763779528
20
0.5358061811023622
11
0.0645033070866142
21
0.5358061811023622
0
LINE
8
BLACK
6
CONTINUOUS
10
0.0645033070866142
20
0.5358061811023622
11
0.0630074409448819
21
0.5350582677165354
0
LINE
8
BLACK
6
CONTINUOUS
10
0.0630074409448819
20
0.5350582677165354
11
0.0622595669291339
21
0.5335624409448819
0
LINE
8
BLACK
6
CONTINUOUS
10
0.0622595669291339
20
0.5335624409448819
11
0.0622595669291339
21
0.5297600393700788
0
LINE
8
BLACK
6
CONTINUOUS
10
0.0622595669291339
20
0.5297600393700788
11
0.0622028346456693
21
0.5291839763779528
0
LINE
8
BLACK
6
CONTINUOUS
10
0.0622028346456693
20
0.5291839763779528
11
0.0621622047244094
21
0.5290859842519685
0
LINE
8
BLACK
6
CONTINUOUS
10
0.0621622047244094
20
0.5290859842519685
11
0.0621547244094488
21
0.5289801574803149
0
LINE
8
BLACK
6
CONTINUOUS
10
0.0621547244094488
20
0.5289801574803149
11
0.0619478346456693
21
0.5284395275590551
0
LINE
8
BLACK
6
CONTINUOUS
10
0.0619478346456693
20
0.5284395275590551
11
0.060448031496063
21
0.5254399212598425
0
LINE
8
BLACK
6
CONTINUOUS
10
0.060448031496063
20
0.5254399212598425
11
0.0603874015748031
21
0.5253436220472441
0
LINE
8
BLACK
6
CONTINUOUS
10
0.0603874015748031
20
0.5253436220472441
11
0.0603722440944882
21
0.5252981496062992
0
LINE
8
BLACK
6
CONTINUOUS
10
0.0603722440944882
20
0.5252981496062992
11
0.060323188976378
21
0.5252416141732283
0
LINE
8
BLACK
6
CONTINUOUS
10
0.060323188976378
20
0.5252416141732283
11
0.0601396850393701
21
0.5249500393700788
0
LINE
8
BLACK
6
CONTINUOUS
10
0.0601396850393701
20
0.5249500393700788
11
0.0598598818897638
21
0.5247074015748031
0
LINE
8
BLACK
6
CONTINUOUS
10
0.0598598818897638
20
0.5247074015748031
11
0.0596174015748031
21
0.5244277952755906
0
LINE
8
BLACK
6
CONTINUOUS
10
0.0596174015748031
20
0.5244277952755906
11
0.059325905511811
21
0.5242443307086614
0
LINE
8
BLACK
6
CONTINUOUS
10
0.059325905511811
20
0.5242443307086614
11
0.0592692913385827
21
0.5241951968503937
0
LINE
8
BLACK
6
CONTINUOUS
10
0.0592692913385827
20
0.5241951968503937
11
0.0592238188976378
21
0.5241800787401575
0
LINE
8
BLACK
6
CONTINUOUS
10
0.0592238188976378
20
0.5241800787401575
11
0.0591275196850394
21
0.5241194094488189
0
LINE
8
BLACK
6
CONTINUOUS
10
0.0591275196850394
20
0.5241194094488189
11
0.056127874015748
21
0.5226195669291338
0
LINE
8
BLACK
6
CONTINUOUS
10
0.056127874015748
20
0.5226195669291338
11
0.0555872834645669
21
0.5224126771653543
0
LINE
8
BLACK
6
CONTINUOUS
10
0.0555872834645669
20
0.5224126771653543
11
0.0554813779527559
21
0.5224051574803149
0
LINE
8
BLACK
6
CONTINUOUS
10
0.0554813779527559
20
0.5224051574803149
11
0.0553834251968504
21
0.5223645669291338
0
LINE
8
BLACK
6
CONTINUOUS
10
0.0553834251968504
20
0.5223645669291338
11
0.0548073622047244
21
0.5223078346456693
0
LINE
8
BLACK
6
CONTINUOUS
10
0.0548073622047244
20
0.5223078346456693
11
0.0533075590551181
21
0.5223078346456693
0
LINE
8
BLACK
6
CONTINUOUS
10
0.0533075590551181
20
0.5223078346456693
11
0.0527314960629921
21
0.5223645669291338
0
LINE
8
BLACK
6
CONTINUOUS
10
0.0527314960629921
20
0.5223645669291338
11
0.0526333858267716
21
0.5224052362204724
0
LINE
8
BLACK
6
CONTINUOUS
10
0.0526333858267716
20
0.5224052362204724
11
0.0525276377952756
21
0.5224127165354331
0
LINE
8
BLACK
6
CONTINUOUS
10
0.0525276377952756
20
0.5224127165354331
11
0.0519870078740157
21
0.5226196062992126
0
LINE
8
BLACK
6
CONTINUOUS
10
0.0519870078740157
20
0.5226196062992126
11
0.0489874015748031
21
0.5241194094488189
0
LINE
8
BLACK
6
CONTINUOUS
10
0.0489874015748031
20
0.5241194094488189
11
0.0488910236220472
21
0.5241800787401575
0
LINE
8
BLACK
6
CONTINUOUS
10
0.0488910236220472
20
0.5241800787401575
11
0.0488456692913386
21
0.5241951968503937
0
LINE
8
BLACK
6
CONTINUOUS
10
0.0488456692913386
20
0.5241951968503937
11
0.048789094488189
21
0.5242442519685039
0
LINE
8
BLACK
6
CONTINUOUS
10
0.048789094488189
20
0.5242442519685039
11
0.0484975590551181
21
0.5244277952755906
0
LINE
8
BLACK
6
CONTINUOUS
10
0.0484975590551181
20
0.5244277952755906
11
0.0482549606299213
21
0.5247075196850394
0
LINE
8
BLACK
6
CONTINUOUS
10
0.0482549606299213
20
0.5247075196850394
11
0.0479753149606299
21
0.5249500393700788
0
LINE
8
BLACK
6
CONTINUOUS
10
0.0479753149606299
20
0.5249500393700788
11
0.047791811023622
21
0.5252415354330708
0
LINE
8
BLACK
6
CONTINUOUS
10
0.047791811023622
20
0.5252415354330708
11
0.0477426771653543
21
0.5252981889763779
0
LINE
8
BLACK
6
CONTINUOUS
10
0.0477426771653543
20
0.5252981889763779
11
0.0477274803149606
21
0.5253437007874016
0
LINE
8
BLACK
6
CONTINUOUS
10
0.0477274803149606
20
0.5253437007874016
11
0.0476669291338583
21
0.5254399212598425
0
LINE
8
BLACK
6
CONTINUOUS
10
0.0476669291338583
20
0.5254399212598425
11
0.0461670866141732
21
0.5284394881889763
0
LINE
8
BLACK
6
CONTINUOUS
10
0.0461670866141732
20
0.5284394881889763
11
0.0459601968503937
21
0.5289801181102363
0
LINE
8
BLACK
6
CONTINUOUS
10
0.0459601968503937
20
0.5289801181102363
11
0.0459526377952756
21
0.5290860236220473
0
LINE
8
BLACK
6
CONTINUOUS
10
0.0459526377952756
20
0.5290860236220473
11
0.0459120866141732
21
0.5291839763779528
0
LINE
8
BLACK
6
CONTINUOUS
10
0.0459120866141732
20
0.5291839763779528
11
0.0458553543307087
21
0.5297600393700788
0
LINE
8
BLACK
6
CONTINUOUS
10
0.0458553543307087
20
0.5297600393700788
11
0.0458553543307087
21
0.5357592913385827
0
LINE
8
BLACK
6
CONTINUOUS
10
0.0458553543307087
20
0.5357592913385827
11
0.0459120866141732
21
0.5363353543307087
0
LINE
8
BLACK
6
CONTINUOUS
10
0.0459120866141732
20
0.5363353543307087
11
0.0459526377952756
21
0.5364333464566929
0
LINE
8
BLACK
6
CONTINUOUS
10
0.0459526377952756
20
0.5364333464566929
11
0.0459601968503937
21
0.5365392125984252
0
LINE
8
BLACK
6
CONTINUOUS
10
0.0459601968503937
20
0.5365392125984252
11
0.0461670866141732
21
0.5370798031496062
0
LINE
8
BLACK
6
CONTINUOUS
10
0.0461670866141732
20
0.5370798031496062
11
0.0476669291338583
21
0.5400794488188976
0
LINE
8
BLACK
6
CONTINUOUS
10
0.0476669291338583
20
0.5400794488188976
11
0.0479753149606299
21
0.5405693307086614
0
LINE
8
BLACK
6
CONTINUOUS
10
0.0479753149606299
20
0.5405693307086614
11
0.0488456692913386
21
0.5413241732283465
0
LINE
8
BLACK
6
CONTINUOUS
10
0.0488456692913386
20
0.5413241732283465
11
0.0499386220472441
21
0.5416885039370078
0
LINE
8
BLACK
6
CONTINUOUS
10
0.0499386220472441
20
0.5416885039370078
11
0.051087874015748
21
0.5416068110236221
0
LINE
8
BLACK
6
CONTINUOUS
10
0.051087874015748
20
0.5416068110236221
11
0.0521183464566929
21
0.5410915748031496
0
LINE
8
BLACK
6
CONTINUOUS
10
0.0521183464566929
20
0.5410915748031496
11
0.052873188976378
21
0.5402211811023622
0
LINE
8
BLACK
6
CONTINUOUS
10
0.052873188976378
20
0.5402211811023622
11
0.0532375196850394
21
0.5391282283464567
0
LINE
8
BLACK
6
CONTINUOUS
10
0.0532375196850394
20
0.5391282283464567
11
0.0531558661417323
21
0.5379790157480315
0
LINE
8
BLACK
6
CONTINUOUS
10
0.0531558661417323
20
0.5379790157480315
11
0.0529489763779528
21
0.5374383858267716
0
LINE
8
BLACK
6
CONTINUOUS
10
0.0529489763779528
20
0.5374383858267716
11
0.0517608661417323
21
0.5350622440944882
0
LINE
8
BLACK
6
CONTINUOUS
10
0.0517608661417323
20
0.5350622440944882
11
0.0517608661417323
21
0.530457125984252
0
LINE
8
BLACK
6
CONTINUOUS
10
0.0517608661417323
20
0.530457125984252
11
0.0525087401574803
21
0.5289613385826771
0
LINE
8
BLACK
6
CONTINUOUS
10
0.0525087401574803
20
0.5289613385826771
11
0.0540046456692913
21
0.5282133464566929
0
LINE
8
BLACK
6
CONTINUOUS
10
0.0540046456692913
20
0.5282133464566929
11
0.0541103149606299
21
0.5282133464566929
0
LINE
8
BLACK
6
CONTINUOUS
10
0.0541103149606299
20
0.5282133464566929
11
0.0556061417322835
21
0.5289612992125984
0
LINE
8
BLACK
6
CONTINUOUS
10
0.0556061417322835
20
0.5289612992125984
11
0.0563540551181102
21
0.5304570866141732
0
LINE
8
BLACK
6
CONTINUOUS
10
0.0563540551181102
20
0.5304570866141732
11
0.0563540551181102
21
0.5342594881889764
0
LINE
8
BLACK
6
CONTINUOUS
10
0.0563540551181102
20
0.5342594881889764
11
0.0564107874015748
21
0.5348355511811024
0
LINE
8
BLACK
6
CONTINUOUS
10
0.0564107874015748
20
0.5348355511811024
11
0.0564513779527559
21
0.5349335826771653
0
LINE
8
BLACK
6
CONTINUOUS
10
0.0564513779527559
20
0.5349335826771653
11
0.0564588976377953
21
0.5350393700787401
0
LINE
8
BLACK
6
CONTINUOUS
10
0.0564588976377953
20
0.5350393700787401
11
0.0566657874015748
21
0.5355799999999999
0
LINE
8
BLACK
6
CONTINUOUS
10
0.0566657874015748
20
0.5355799999999999
11
0.0581655905511811
21
0.5385796062992125
0
LINE
8
BLACK
6
CONTINUOUS
10
0.0581655905511811
20
0.5385796062992125
11
0.0582262204724409
21
0.5386759842519685
0
LINE
8
BLACK
6
CONTINUOUS
10
0.0582262204724409
20
0.5386759842519685
11
0.0582413779527559
21
0.5387213779527559
0
LINE
8
BLACK
6
CONTINUOUS
10
0.0582413779527559
20
0.5387213779527559
11
0.0582903937007874
21
0.5387779527559055
0
LINE
8
BLACK
6
CONTINUOUS
10
0.0582903937007874
20
0.5387779527559055
11
0.058473937007874
21
0.5390694881889764
0
LINE
8
BLACK
6
CONTINUOUS
10
0.058473937007874
20
0.5390694881889764
11
0.0587537007874016
21
0.5393121653543307
0
LINE
8
BLACK
6
CONTINUOUS
10
0.0587537007874016
20
0.5393121653543307
11
0.0589962204724409
21
0.5395917322834646
0
LINE
8
BLACK
6
CONTINUOUS
10
0.0589962204724409
20
0.5395917322834646
11
0.0592876771653543
21
0.5397752362204724
0
LINE
8
BLACK
6
CONTINUOUS
10
0.0592876771653543
20
0.5397752362204724
11
0.0593443307086614
21
0.5398243307086614
0
LINE
8
BLACK
6
CONTINUOUS
10
0.0593443307086614
20
0.5398243307086614
11
0.0593897637795276
21
0.5398394881889763
0
LINE
8
BLACK
6
CONTINUOUS
10
0.0593897637795276
20
0.5398394881889763
11
0.0594861023622047
21
0.5399001181102362
0
LINE
8
BLACK
6
CONTINUOUS
10
0.0594861023622047
20
0.5399001181102362
11
0.0624857086614173
21
0.5413999606299212
0
LINE
8
BLACK
6
CONTINUOUS
10
0.0624857086614173
20
0.5413999606299212
11
0.0630263385826772
21
0.5416068503937008
0
LINE
8
BLACK
6
CONTINUOUS
10
0.0630263385826772
20
0.5416068503937008
11
0.0631322047244094
21
0.5416144094488189
0
LINE
8
BLACK
6
CONTINUOUS
10
0.0631322047244094
20
0.5416144094488189
11
0.0632301968503937
21
0.5416549606299212
0
LINE
8
BLACK
6
CONTINUOUS
10
0.0632301968503937
20
0.5416549606299212
11
0.0638062598425197
21
0.5417116929133858
0
LINE
8
BLACK
6
CONTINUOUS
10
0.0638062598425197
20
0.5417116929133858
11
0.065306062992126
21
0.5417116929133858
0
LINE
8
BLACK
6
CONTINUOUS
10
0.065306062992126
20
0.5417116929133858
11
0.065882125984252
21
0.5416549606299212
0
LINE
8
BLACK
6
CONTINUOUS
10
0.9569367716535433
20
0.7670918897637795
11
0.9570866141732284
21
0.7663385826771654
0
LINE
8
BLACK
6
CONTINUOUS
10
0.9570866141732284
20
0.7663385826771654
11
0.9570866141732284
21
0.5328740157480315
0
LINE
8
BLACK
6
CONTINUOUS
10
0.9570866141732284
20
0.5328740157480315
11
0.9569367716535433
21
0.5321207086614174
0
LINE
8
BLACK
6
CONTINUOUS
10
0.9569367716535433
20
0.5321207086614174
11
0.9558714173228346
21
0.5310553543307086
0
LINE
8
BLACK
6
CONTINUOUS
10
0.9558714173228346
20
0.5310553543307086
11
0.9543648031496063
21
0.5310553543307086
0
LINE
8
BLACK
6
CONTINUOUS
10
0.9543648031496063
20
0.5310553543307086
11
0.9532994488188976
21
0.5321207086614174
0
LINE
8
BLACK
6
CONTINUOUS
10
0.9532994488188976
20
0.5321207086614174
11
0.9531496062992125
21
0.5328740157480315
0
LINE
8
BLACK
6
CONTINUOUS
10
0.9531496062992125
20
0.5328740157480315
11
0.9531496062992125
21
0.7663385826771654
0
LINE
8
BLACK
6
CONTINUOUS
10
0.9531496062992125
20
0.7663385826771654
11
0.9532994488188976
21
0.7670918897637795
0
LINE
8
BLACK
6
CONTINUOUS
10
0.9532994488188976
20
0.7670918897637795
11
0.9543648031496063
21
0.7681572440944882
0
LINE
8
BLACK
6
CONTINUOUS
10
0.9543648031496063
20
0.7681572440944882
11
0.9558714173228346
21
0.7681572440944882
0
LINE
8
BLACK
6
CONTINUOUS
10
0.9558714173228346
20
0.7681572440944882
11
0.9569367716535433
21
0.7670918897637795
0
LINE
8
BLACK
6
CONTINUOUS
10
0.2090768503937008
20
0.5861831102362205
11
0.2096734645669291
21
0.5856935039370078
0
LINE
8
BLACK
6
CONTINUOUS
10
0.2096734645669291
20
0.5856935039370078
11
0.2382625984251968
21
0.5571043307086614
0
LINE
8
BLACK
6
CONTINUOUS
10
0.2382625984251968
20
0.5571043307086614
11
0.2440863385826772
21
0.5551630708661417
0
LINE
8
BLACK
6
CONTINUOUS
10
0.2440863385826772
20
0.5551630708661417
11
0.2473924409448819
21
0.5551630708661417
0
LINE
8
BLACK
6
CONTINUOUS
10
0.2473924409448819
20
0.5551630708661417
11
0.250864094488189
21
0.556898937007874
0
LINE
8
BLACK
6
CONTINUOUS
10
0.250864094488189
20
0.556898937007874
11
0.2523977952755905
21
0.5584326377952756
0
LINE
8
BLACK
6
CONTINUOUS
10
0.2523977952755905
20
0.5584326377952756
11
0.2541336614173229
21
0.5619043307086614
0
LINE
8
BLACK
6
CONTINUOUS
10
0.2541336614173229
20
0.5619043307086614
11
0.2541336614173229
21
0.5722314173228347
0
LINE
8
BLACK
6
CONTINUOUS
10
0.2541336614173229
20
0.5722314173228347
11
0.2523977952755905
21
0.5757031496062992
0
LINE
8
BLACK
6
CONTINUOUS
10
0.2523977952755905
20
0.5757031496062992
11
0.2504124015748032
21
0.5776885039370079
0
LINE
8
BLACK
6
CONTINUOUS
10
0.2504124015748032
20
0.5776885039370079
11
0.2499227559055118
21
0.5782850787401574
0
LINE
8
BLACK
6
CONTINUOUS
10
0.2499227559055118
20
0.5782850787401574
11
0.2493349212598425
21
0.5797042913385827
0
LINE
8
BLACK
6
CONTINUOUS
10
0.2493349212598425
20
0.5797042913385827
11
0.2493348818897638
21
0.5812404330708661
0
LINE
8
BLACK
6
CONTINUOUS
10
0.2493348818897638
20
0.5812404330708661
11
0.2499227165354331
21
0.58265968503937
0
LINE
8
BLACK
6
CONTINUOUS
10
0.2499227165354331
20
0.58265968503937
11
0.251008937007874
21
0.583745905511811
0
LINE
8
BLACK
6
CONTINUOUS
10
0.251008937007874
20
0.583745905511811
11
0.2524281496062992
21
0.5843337401574803
0
LINE
8
BLACK
6
CONTINUOUS
10
0.2524281496062992
20
0.5843337401574803
11
0.2539642913385827
21
0.584333779527559
0
LINE
8
BLACK
6
CONTINUOUS
10
0.2539642913385827
20
0.584333779527559
11
0.2553835433070866
21
0.5837459448818898
0
LINE
8
BLACK
6
CONTINUOUS
10
0.2553835433070866
20
0.5837459448818898
11
0.2559801181102362
21
0.5832562992125984
0
LINE
8
BLACK
6
CONTINUOUS
10
0.2559801181102362
20
0.5832562992125984
11
0.2584173228346457
21
0.5808191338582677
0
LINE
8
BLACK
6
CONTINUOUS
10
0.2584173228346457
20
0.5808191338582677
11
0.2586650393700787
21
0.5805173228346456
0
LINE
8
BLACK
6
CONTINUOUS
10
0.2586650393700787
20
0.5805173228346456
11
0.2587437007874016
21
0.5804490944881889
0
LINE
8
BLACK
6
CONTINUOUS
10
0.2587437007874016
20
0.5804490944881889
11
0.2588182283464567
21
0.5803306692913386
0
LINE
8
BLACK
6
CONTINUOUS
10
0.2588182283464567
20
0.5803306692913386
11
0.258906968503937
21
0.5802225590551181
0
LINE
8
BLACK
6
CONTINUOUS
10
0.258906968503937
20
0.5802225590551181
11
0.2589467322834645
21
0.5801264960629922
0
LINE
8
BLACK
6
CONTINUOUS
10
0.2589467322834645
20
0.5801264960629922
11
0.259154842519685
21
0.579795905511811
0
LINE
8
BLACK
6
CONTINUOUS
10
0.259154842519685
20
0.579795905511811
11
0.2615920472440945
21
0.5749214960629921
0
LINE
8
BLACK
6
CONTINUOUS
10
0.2615920472440945
20
0.5749214960629921
11
0.261867874015748
21
0.5742007086614173
0
LINE
8
BLACK
6
CONTINUOUS
10
0.261867874015748
20
0.5742007086614173
11
0.261877874015748
21
0.5740596456692914
0
LINE
8
BLACK
6
CONTINUOUS
10
0.261877874015748
20
0.5740596456692914
11
0.2619320472440945
21
0.5739288976377953
0
LINE
8
BLACK
6
CONTINUOUS
10
0.2619320472440945
20
0.5739288976377953
11
0.2620076771653543
21
0.5731608267716535
0
LINE
8
BLACK
6
CONTINUOUS
10
0.2620076771653543
20
0.5731608267716535
11
0.2620076771653543
21
0.560974842519685
0
LINE
8
BLACK
6
CONTINUOUS
10
0.2620076771653543
20
0.560974842519685
11
0.2619320472440945
21
0.5602067716535433
0
LINE
8
BLACK
6
CONTINUOUS
10
0.2619320472440945
20
0.5602067716535433
11
0.261877874015748
21
0.560076062992126
0
LINE
8
BLACK
6
CONTINUOUS
10
0.261877874015748
20
0.560076062992126
11
0.261867874015748
21
0.5599349606299212
0
LINE
8
BLACK
6
CONTINUOUS
10
0.261867874015748
20
0.5599349606299212
11
0.2615920472440945
21
0.5592141338582677
0
LINE
8
BLACK
6
CONTINUOUS
10
0.2615920472440945
20
0.5592141338582677
11
0.259154842519685
21
0.5543397637795275
0
LINE
8
BLACK
6
CONTINUOUS
10
0.259154842519685
20
0.5543397637795275
11
0.2589466929133858
21
0.5540091338582677
0
LINE
8
BLACK
6
CONTINUOUS
10
0.2589466929133858
20
0.5540091338582677
11
0.258906968503937
21
0.553913188976378
0
LINE
8
BLACK
6
CONTINUOUS
10
0.258906968503937
20
0.553913188976378
11
0.2588183070866142
21
0.5538051968503936
0
LINE
8
BLACK
6
CONTINUOUS
10
0.2588183070866142
20
0.5538051968503936
11
0.2587437007874016
21
0.5536866141732283
0
LINE
8
BLACK
6
CONTINUOUS
10
0.2587437007874016
20
0.5536866141732283
11
0.2586650393700787
21
0.5536184251968503
0
LINE
8
BLACK
6
CONTINUOUS
10
0.2586650393700787
20
0.5536184251968503
11
0.2584173622047244
21
0.5533165748031496
0
LINE
8
BLACK
6
CONTINUOUS
10
0.2584173622047244
20
0.5533165748031496
11
0.2559801574803149
21
0.5508793700787401
0
LINE
8
BLACK
6
CONTINUOUS
10
0.2559801574803149
20
0.5508793700787401
11
0.2556783070866142
21
0.5506316929133858
0
LINE
8
BLACK
6
CONTINUOUS
10
0.2556783070866142
20
0.5506316929133858
11
0.2556101181102362
21
0.5505530314960629
0
LINE
8
BLACK
6
CONTINUOUS
10
0.2556101181102362
20
0.5505530314960629
11
0.2554915354330708
21
0.5504784251968504
0
LINE
8
BLACK
6
CONTINUOUS
10
0.2554915354330708
20
0.5504784251968504
11
0.2553835433070866
21
0.5503897637795275
0
LINE
8
BLACK
6
CONTINUOUS
10
0.2553835433070866
20
0.5503897637795275
11
0.2552875984251968
21
0.5503500393700788
0
LINE
8
BLACK
6
CONTINUOUS
10
0.2552875984251968
20
0.5503500393700788
11
0.254956968503937
21
0.5501418897637795
0
LINE
8
BLACK
6
CONTINUOUS
10
0.254956968503937
20
0.5501418897637795
11
0.2500825984251969
21
0.5477046850393701
0
LINE
8
BLACK
6
CONTINUOUS
10
0.2500825984251969
20
0.5477046850393701
11
0.2493617716535433
21
0.5474288582677165
0
LINE
8
BLACK
6
CONTINUOUS
10
0.2493617716535433
20
0.5474288582677165
11
0.2492206692913386
21
0.5474188582677165
0
LINE
8
BLACK
6
CONTINUOUS
10
0.2492206692913386
20
0.5474188582677165
11
0.2490899606299213
21
0.5473646850393701
0
LINE
8
BLACK
6
CONTINUOUS
10
0.2490899606299213
20
0.5473646850393701
11
0.2483218897637795
21
0.5472890551181102
0
LINE
8
BLACK
6
CONTINUOUS
10
0.2483218897637795
20
0.5472890551181102
11
0.2434474803149606
21
0.5472890551181102
0
LINE
8
BLACK
6
CONTINUOUS
10
0.2434474803149606
20
0.5472890551181102
11
0.2430587401574803
21
0.5473273622047244
0
LINE
8
BLACK
6
CONTINUOUS
10
0.2430587401574803
20
0.5473273622047244
11
0.2429550787401575
21
0.5473199606299213
0
LINE
8
BLACK
6
CONTINUOUS
10
0.2429550787401575
20
0.5473199606299213
11
0.2428187007874016
21
0.5473509842519685
0
LINE
8
BLACK
6
CONTINUOUS
10
0.2428187007874016
20
0.5473509842519685
11
0.2426794094488189
21
0.5473646850393701
0
LINE
8
BLACK
6
CONTINUOUS
10
0.2426794094488189
20
0.5473646850393701
11
0.2425832283464567
21
0.5474045275590551
0
LINE
8
BLACK
6
CONTINUOUS
10
0.2425832283464567
20
0.5474045275590551
11
0.2422024803149606
21
0.5474911023622047
0
LINE
8
BLACK
6
CONTINUOUS
10
0.2422024803149606
20
0.5474911023622047
11
0.234890905511811
21
0.5499283070866141
0
LINE
8
BLACK
6
CONTINUOUS
10
0.234890905511811
20
0.5499283070866141
11
0.2341861811023622
21
0.5502429133858268
0
LINE
8
BLACK
6
CONTINUOUS
10
0.2341861811023622
20
0.5502429133858268
11
0.2340792519685039
21
0.5503356299212598
0
LINE
8
BLACK
6
CONTINUOUS
10
0.2340792519685039
20
0.5503356299212598
11
0.2339485826771653
21
0.5503897637795275
0
LINE
8
BLACK
6
CONTINUOUS
10
0.2339485826771653
20
0.5503897637795275
11
0.2333520078740157
21
0.5508794094488189
0
LINE
8
BLACK
6
CONTINUOUS
10
0.2333520078740157
20
0.5508794094488189
11
0.2108265748031496
21
0.573404842519685
0
LINE
8
BLACK
6
CONTINUOUS
10
0.2108265748031496
20
0.573404842519685
11
0.2108265748031496
21
0.551226062992126
0
LINE
8
BLACK
6
CONTINUOUS
10
0.2108265748031496
20
0.551226062992126
11
0.2107509448818898
21
0.5504579921259842
0
LINE
8
BLACK
6
CONTINUOUS
10
0.2107509448818898
20
0.5504579921259842
11
0.2101630708661417
21
0.5490387795275591
0
LINE
8
BLACK
6
CONTINUOUS
10
0.2101630708661417
20
0.5490387795275591
11
0.2090768503937008
21
0.5479525590551181
0
LINE
8
BLACK
6
CONTINUOUS
10
0.2090768503937008
20
0.5479525590551181
11
0.2076576377952756
21
0.5473646850393701
0
LINE
8
BLACK
6
CONTINUOUS
10
0.2076576377952756
20
0.5473646850393701
11
0.2061214960629921
21
0.5473646850393701
0
LINE
8
BLACK
6
CONTINUOUS
10
0.2061214960629921
20
0.5473646850393701
11
0.2047022834645669
21
0.5479525590551181
0
LINE
8
BLACK
6
CONTINUOUS
10
0.2047022834645669
20
0.5479525590551181
11
0.203616062992126
21
0.5490387795275591
0
LINE
8
BLACK
6
CONTINUOUS
10
0.203616062992126
20
0.5490387795275591
11
0.2030281889763779
21
0.5504579921259842
0
LINE
8
BLACK
6
CONTINUOUS
10
0.2030281889763779
20
0.5504579921259842
11
0.2029525590551181
21
0.551226062992126
0
LINE
8
BLACK
6
CONTINUOUS
10
0.2029525590551181
20
0.551226062992126
11
0.2029525590551181
21
0.5829096062992126
0
LINE
8
BLACK
6
CONTINUOUS
10
0.2029525590551181
20
0.5829096062992126
11
0.2030281889763779
21
0.5836776771653543
0
LINE
8
BLACK
6
CONTINUOUS
10
0.2030281889763779
20
0.5836776771653543
11
0.203616062992126
21
0.5850968897637795
0
LINE
8
BLACK
6
CONTINUOUS
10
0.203616062992126
20
0.5850968897637795
11
0.2047022834645669
21
0.5861831102362205
0
LINE
8
BLACK
6
CONTINUOUS
10
0.2047022834645669
20
0.5861831102362205
11
0.2061214960629921
21
0.5867709842519685
0
LINE
8
BLACK
6
CONTINUOUS
10
0.2061214960629921
20
0.5867709842519685
11
0.2076576377952756
21
0.5867709842519685
0
LINE
8
BLACK
6
CONTINUOUS
10
0.2076576377952756
20
0.5867709842519685
11
0.2090768503937008
21
0.5861831102362205
0
LINE
8
BLACK
6
CONTINUOUS
10
0.0568832283464567
20
0.5701514173228346
11
0.0569811811023622
21
0.5701108661417322
0
LINE
8
BLACK
6
CONTINUOUS
10
0.0569811811023622
20
0.5701108661417322
11
0.0570870866141732
21
0.5701033070866142
0
LINE
8
BLACK
6
CONTINUOUS
10
0.0570870866141732
20
0.5701033070866142
11
0.0576276771653543
21
0.5698964173228346
0
LINE
8
BLACK
6
CONTINUOUS
10
0.0576276771653543
20
0.5698964173228346
11
0.0606273228346457
21
0.5683965748031496
0
LINE
8
BLACK
6
CONTINUOUS
10
0.0606273228346457
20
0.5683965748031496
11
0.0607236220472441
21
0.5683359448818898
0
LINE
8
BLACK
6
CONTINUOUS
10
0.0607236220472441
20
0.5683359448818898
11
0.060769094488189
21
0.5683207874015748
0
LINE
8
BLACK
6
CONTINUOUS
10
0.060769094488189
20
0.5683207874015748
11
0.0608257086614173
21
0.5682716929133859
0
LINE
8
BLACK
6
CONTINUOUS
10
0.0608257086614173
20
0.5682716929133859
11
0.0611172047244095
21
0.5680881889763779
0
LINE
8
BLACK
6
CONTINUOUS
10
0.0611172047244095
20
0.5680881889763779
11
0.0613596850393701
21
0.567808622047244
0
LINE
8
BLACK
6
CONTINUOUS
10
0.0613596850393701
20
0.567808622047244
11
0.0616394881889764
21
0.5675659448818897
0
LINE
8
BLACK
6
CONTINUOUS
10
0.0616394881889764
20
0.5675659448818897
11
0.0618229921259843
21
0.5672744094488189
0
LINE
8
BLACK
6
CONTINUOUS
10
0.0618229921259843
20
0.5672744094488189
11
0.0618720472440945
21
0.5672178346456693
0
LINE
8
BLACK
6
CONTINUOUS
10
0.0618720472440945
20
0.5672178346456693
11
0.0618871653543307
21
0.5671724409448818
0
LINE
8
BLACK
6
CONTINUOUS
10
0.0618871653543307
20
0.5671724409448818
11
0.0619478346456693
21
0.567076062992126
0
LINE
8
BLACK
6
CONTINUOUS
10
0.0619478346456693
20
0.567076062992126
11
0.0634476377952756
21
0.5640764566929134
0
LINE
8
BLACK
6
CONTINUOUS
10
0.0634476377952756
20
0.5640764566929134
11
0.0636545275590551
21
0.5635358267716535
0
LINE
8
BLACK
6
CONTINUOUS
10
0.0636545275590551
20
0.5635358267716535
11
0.0636620078740157
21
0.5634300393700787
0
LINE
8
BLACK
6
CONTINUOUS
10
0.0636620078740157
20
0.5634300393700787
11
0.0637026377952756
21
0.5633320078740157
0
LINE
8
BLACK
6
CONTINUOUS
10
0.0637026377952756
20
0.5633320078740157
11
0.0637593700787402
21
0.5627559448818897
0
LINE
8
BLACK
6
CONTINUOUS
10
0.0637593700787402
20
0.5627559448818897
11
0.0637593700787402
21
0.555953937007874
0
LINE
8
BLACK
6
CONTINUOUS
10
0.0637593700787402
20
0.555953937007874
11
0.0641313385826772
21
0.55521
0
LINE
8
BLACK
6
CONTINUOUS
10
0.0641313385826772
20
0.55521
11
0.0646090157480315
21
0.55521
0
LINE
8
BLACK
6
CONTINUOUS
10
0.0646090157480315
20
0.55521
11
0.0661048031496063
21
0.5559579133858268
0
LINE
8
BLACK
6
CONTINUOUS
10
0.0661048031496063
20
0.5559579133858268
11
0.0668527559055118
21
0.557453779527559
0
LINE
8
BLACK
6
CONTINUOUS
10
0.0668527559055118
20
0.557453779527559
11
0.0668527559055118
21
0.5620588976377953
0
LINE
8
BLACK
6
CONTINUOUS
10
0.0668527559055118
20
0.5620588976377953
11
0.0656646456692913
21
0.564435
0
LINE
8
BLACK
6
CONTINUOUS
10
0.0656646456692913
20
0.564435
11
0.0654577559055118
21
0.5649756299212598
0
LINE
8
BLACK
6
CONTINUOUS
10
0.0654577559055118
20
0.5649756299212598
11
0.0653761023622047
21
0.566124842519685
0
LINE
8
BLACK
6
CONTINUOUS
10
0.0653761023622047
20
0.566124842519685
11
0.0657403937007874
21
0.5672177952755906
0
LINE
8
BLACK
6
CONTINUOUS
10
0.0657403937007874
20
0.5672177952755906
11
0.0664952755905512
21
0.5680881889763779
0
LINE
8
BLACK
6
CONTINUOUS
10
0.0664952755905512
20
0.5680881889763779
11
0.0675257480314961
21
0.5686034645669291
0
LINE
8
BLACK
6
CONTINUOUS
10
0.0675257480314961
20
0.5686034645669291
11
0.0686749606299213
21
0.5686851181102363
0
LINE
8
BLACK
6
CONTINUOUS
10
0.0686749606299213
20
0.5686851181102363
11
0.0697679133858268
21
0.5683208267716535
0
LINE
8
BLACK
6
CONTINUOUS
10
0.0697679133858268
20
0.5683208267716535
11
0.0706383070866142
21
0.5675659448818897
0
LINE
8
BLACK
6
CONTINUOUS
10
0.0706383070866142
20
0.5675659448818897
11
0.0709466929133858
21
0.5670761023622047
0
LINE
8
BLACK
6
CONTINUOUS
10
0.0709466929133858
20
0.5670761023622047
11
0.0724464960629921
21
0.5640764960629921
0
LINE
8
BLACK
6
CONTINUOUS
10
0.0724464960629921
20
0.5640764960629921
11
0.0726533858267717
21
0.5635358661417322
0
LINE
8
BLACK
6
CONTINUOUS
10
0.0726533858267717
20
0.5635358661417322
11
0.0726608661417323
21
0.5634301181102362
0
LINE
8
BLACK
6
CONTINUOUS
10
0.0726608661417323
20
0.5634301181102362
11
0.0727015354330709
21
0.5633320078740157
0
LINE
8
BLACK
6
CONTINUOUS
10
0.0727015354330709
20
0.5633320078740157
11
0.0727582677165354
21
0.5627559448818897
0
LINE
8
BLACK
6
CONTINUOUS
10
0.0727582677165354
20
0.5627559448818897
11
0.0727582677165354
21
0.5567566929133858
0
LINE
8
BLACK
6
CONTINUOUS
10
0.0727582677165354
20
0.5567566929133858
11
0.0727015354330709
21
0.5561806299212598
0
LINE
8
BLACK
6
CONTINUOUS
10
0.0727015354330709
20
0.5561806299212598
11
0.0726609448818898
21
0.5560826771653543
0
LINE
8
BLACK
6
CONTINUOUS
10
0.0726609448818898
20
0.5560826771653543
11
0.0726534251968504
21
0.5559767716535433
0
LINE
8
BLACK
6
CONTINUOUS
10
0.0726534251968504
20
0.5559767716535433
11
0.0724465354330709
21
0.5554361417322835
0
LINE
8
BLACK
6
CONTINUOUS
10
0.0724465354330709
20
0.5554361417322835
11
0.0709466929133858
21
0.5524365354330708
0
LINE
8
BLACK
6
CONTINUOUS
10
0.0709466929133858
20
0.5524365354330708
11
0.0708860236220472
21
0.5523402362204725
0
LINE
8
BLACK
6
CONTINUOUS
10
0.0708860236220472
20
0.5523402362204725
11
0.070870905511811
21
0.5522947637795276
0
LINE
8
BLACK
6
CONTINUOUS
10
0.070870905511811
20
0.5522947637795276
11
0.0708217716535433
21
0.5522381496062992
0
LINE
8
BLACK
6
CONTINUOUS
10
0.0708217716535433
20
0.5522381496062992
11
0.0706383070866142
21
0.5519466535433071
0
LINE
8
BLACK
6
CONTINUOUS
10
0.0706383070866142
20
0.5519466535433071
11
0.0703587007874016
21
0.5517041732283464
0
LINE
8
BLACK
6
CONTINUOUS
10
0.0703587007874016
20
0.5517041732283464
11
0.070116062992126
21
0.5514243700787401
0
LINE
8
BLACK
6
CONTINUOUS
10
0.070116062992126
20
0.5514243700787401
11
0.0698244881889764
21
0.5512408661417323
0
LINE
8
BLACK
6
CONTINUOUS
10
0.0698244881889764
20
0.5512408661417323
11
0.0697679527559055
21
0.551191811023622
0
LINE
8
BLACK
6
CONTINUOUS
10
0.0697679527559055
20
0.551191811023622
11
0.0697225196850394
21
0.5511766929133858
0
LINE
8
BLACK
6
CONTINUOUS
10
0.0697225196850394
20
0.5511766929133858
11
0.0696261811023622
21
0.5511160236220473
0
LINE
8
BLACK
6
CONTINUOUS
10
0.0696261811023622
20
0.5511160236220473
11
0.0666265748031496
21
0.549616220472441
0
LINE
8
BLACK
6
CONTINUOUS
10
0.0666265748031496
20
0.549616220472441
11
0.0660859448818898
21
0.5494093307086614
0
LINE
8
BLACK
6
CONTINUOUS
10
0.0660859448818898
20
0.5494093307086614
11
0.0659801181102362
21
0.5494018503937008
0
LINE
8
BLACK
6
CONTINUOUS
10
0.0659801181102362
20
0.5494018503937008
11
0.065882125984252
21
0.549361220472441
0
LINE
8
BLACK
6
CONTINUOUS
10
0.065882125984252
20
0.549361220472441
11
0.065306062992126
21
0.5493044881889764
0
LINE
8
BLACK
6
CONTINUOUS
10
0.065306062992126
20
0.5493044881889764
11
0.0488081102362205
21
0.5493044881889764
0
LINE
8
BLACK
6
CONTINUOUS
10
0.0488081102362205
20
0.5493044881889764
11
0.0482320472440945
21
0.549361220472441
0
LINE
8
BLACK
6
CONTINUOUS
10
0.0482320472440945
20
0.549361220472441
11
0.0471676377952756
21
0.5498021259842519
0
LINE
8
BLACK
6
CONTINUOUS
10
0.0471676377952756
20
0.5498021259842519
11
0.0463529921259843
21
0.5506167716535433
0
LINE
8
BLACK
6
CONTINUOUS
10
0.0463529921259843
20
0.5506167716535433
11
0.0459120866141732
21
0.5516811811023622
0
LINE
8
BLACK
6
CONTINUOUS
10
0.0459120866141732
20
0.5516811811023622
11
0.0459120866141732
21
0.5528333070866142
0
LINE
8
BLACK
6
CONTINUOUS
10
0.0459120866141732
20
0.5528333070866142
11
0.0462774803149606
21
0.5537155511811024
0
LINE
8
BLACK
6
CONTINUOUS
10
0.0462774803149606
20
0.5537155511811024
11
0.0461670866141732
21
0.5539363779527559
0
LINE
8
BLACK
6
CONTINUOUS
10
0.0461670866141732
20
0.5539363779527559
11
0.0459601968503937
21
0.554476968503937
0
LINE
8
BLACK
6
CONTINUOUS
10
0.0459601968503937
20
0.554476968503937
11
0.0459526377952756
21
0.554582874015748
0
LINE
8
BLACK
6
CONTINUOUS
10
0.0459526377952756
20
0.554582874015748
11
0.0459120866141732
21
0.5546808267716535
0
LINE
8
BLACK
6
CONTINUOUS
10
0.0459120866141732
20
0.5546808267716535
11
0.0458553543307087
21
0.5552568897637795
0
LINE
8
BLACK
6
CONTINUOUS
10
0.0458553543307087
20
0.5552568897637795
11
0.0458553543307087
21
0.5627559448818897
0
LINE
8
BLACK
6
CONTINUOUS
10
0.0458553543307087
20
0.5627559448818897
11
0.0459120866141732
21
0.5633320078740157
0
LINE
8
BLACK
6
CONTINUOUS
10
0.0459120866141732
20
0.5633320078740157
11
0.0459526377952756
21
0.56343
0
LINE
8
BLACK
6
CONTINUOUS
10
0.0459526377952756
20
0.56343
11
0.0459601968503937
21
0.5635358661417322
0
LINE
8
BLACK
6
CONTINUOUS
10
0.0459601968503937
20
0.5635358661417322
11
0.0461670866141732
21
0.5640764960629921
0
LINE
8
BLACK
6
CONTINUOUS
10
0.0461670866141732
20
0.5640764960629921
11
0.0476669291338583
21
0.567076062992126
0
LINE
8
BLACK
6
CONTINUOUS
10
0.0476669291338583
20
0.567076062992126
11
0.0477274803149606
21
0.5671723228346457
0
LINE
8
BLACK
6
CONTINUOUS
10
0.0477274803149606
20
0.5671723228346457
11
0.0477426771653543
21
0.5672177952755906
0
LINE
8
BLACK
6
CONTINUOUS
10
0.0477426771653543
20
0.5672177952755906
11
0.047791811023622
21
0.5672744881889764
0
LINE
8
BLACK
6
CONTINUOUS
10
0.047791811023622
20
0.5672744881889764
11
0.0479753149606299
21
0.5675659448818897
0
LINE
8
BLACK
6
CONTINUOUS
10
0.0479753149606299
20
0.5675659448818897
11
0.0482549606299213
21
0.5678085039370079
0
LINE
8
BLACK
6
CONTINUOUS
10
0.0482549606299213
20
0.5678085039370079
11
0.0484975590551181
21
0.5680881889763779
0
LINE
8
BLACK
6
CONTINUOUS
10
0.0484975590551181
20
0.5680881889763779
11
0.048789094488189
21
0.5682717716535433
0
LINE
8
BLACK
6
CONTINUOUS
10
0.048789094488189
20
0.5682717716535433
11
0.0488456692913386
21
0.5683207874015748
0
LINE
8
BLACK
6
CONTINUOUS
10
0.0488456692913386
20
0.5683207874015748
11
0.0488910236220472
21
0.5683359448818898
0
LINE
8
BLACK
6
CONTINUOUS
10
0.0488910236220472
20
0.5683359448818898
11
0.0489874015748031
21
0.5683965748031496
0
LINE
8
BLACK
6
CONTINUOUS
10
0.0489874015748031
20
0.5683965748031496
11
0.0519870078740157
21
0.5698963779527559
0
LINE
8
BLACK
6
CONTINUOUS
10
0.0519870078740157
20
0.5698963779527559
11
0.0525276377952756
21
0.5701032677165354
0
LINE
8
BLACK
6
CONTINUOUS
10
0.0525276377952756
20
0.5701032677165354
11
0.0526333858267716
21
0.5701107874015748
0
LINE
8
BLACK
6
CONTINUOUS
10
0.0526333858267716
20
0.5701107874015748
11
0.0527314960629921
21
0.5701514173228346
0
LINE
8
BLACK
6
CONTINUOUS
10
0.0527314960629921
20
0.5701514173228346
11
0.0533075590551181
21
0.5702081496062992
0
LINE
8
BLACK
6
CONTINUOUS
10
0.0533075590551181
20
0.5702081496062992
11
0.0563071653543307
21
0.5702081496062992
0
LINE
8
BLACK
6
CONTINUOUS
10
0.0563071653543307
20
0.5702081496062992
11
0.0568832283464567
21
0.5701514173228346
0
LINE
8
BLACK
6
CONTINUOUS
10
0.0525087401574803
20
0.5635546850393701
11
0.0517608661417323
21
0.5620588582677165
0
LINE
8
BLACK
6
CONTINUOUS
10
0.0517608661417323
20
0.5620588582677165
11
0.0517608661417323
21
0.5559539763779527
0
LINE
8
BLACK
6
CONTINUOUS
10
0.0517608661417323
20
0.5559539763779527
11
0.0521328346456693
21
0.55521
0
LINE
8
BLACK
6
CONTINUOUS
10
0.0521328346456693
20
0.55521
11
0.0578584645669291
21
0.55521
0
LINE
8
BLACK
6
CONTINUOUS
10
0.0578584645669291
20
0.55521
11
0.0578538582677165
21
0.5552568897637795
0
LINE
8
BLACK
6
CONTINUOUS
10
0.0578538582677165
20
0.5552568897637795
11
0.0578538582677165
21
0.5620588976377953
0
LINE
8
BLACK
6
CONTINUOUS
10
0.0578538582677165
20
0.5620588976377953
11
0.0571059448818898
21
0.5635547244094488
0
LINE
8
BLACK
6
CONTINUOUS
10
0.0571059448818898
20
0.5635547244094488
11
0.0556101181102362
21
0.5643026377952756
0
LINE
8
BLACK
6
CONTINUOUS
10
0.0556101181102362
20
0.5643026377952756
11
0.0540046456692913
21
0.5643026377952756
0
LINE
8
BLACK
6
CONTINUOUS
10
0.0540046456692913
20
0.5643026377952756
11
0.0525087401574803
21
0.5635546850393701
0
LINE
8
BLACK
6
CONTINUOUS
10
0.131587125984252
20
0.5574029921259842
11
0.1326515354330709
21
0.5569620866141732
0
LINE
8
BLACK
6
CONTINUOUS
10
0.1326515354330709
20
0.5569620866141732
11
0.1334661811023622
21
0.5561474409448819
0
LINE
8
BLACK
6
CONTINUOUS
10
0.1334661811023622
20
0.5561474409448819
11
0.1339070866141732
21
0.555083031496063
0
LINE
8
BLACK
6
CONTINUOUS
10
0.1339070866141732
20
0.555083031496063
11
0.1339070866141732
21
0.553930905511811
0
LINE
8
BLACK
6
CONTINUOUS
10
0.1339070866141732
20
0.553930905511811
11
0.1334661811023622
21
0.5528664960629921
0
LINE
8
BLACK
6
CONTINUOUS
10
0.1334661811023622
20
0.5528664960629921
11
0.1326515354330709
21
0.5520518503937007
0
LINE
8
BLACK
6
CONTINUOUS
10
0.1326515354330709
20
0.5520518503937007
11
0.131587125984252
21
0.5516109448818898
0
LINE
8
BLACK
6
CONTINUOUS
10
0.131587125984252
20
0.5516109448818898
11
0.131011062992126
21
0.5515542125984252
0
LINE
8
BLACK
6
CONTINUOUS
10
0.131011062992126
20
0.5515542125984252
11
0.099515
21
0.5515542125984252
0
LINE
8
BLACK
6
CONTINUOUS
10
0.099515
20
0.5515542125984252
11
0.098938937007874
21
0.5516109448818898
0
LINE
8
BLACK
6
CONTINUOUS
10
0.098938937007874
20
0.5516109448818898
11
0.0978745275590551
21
0.5520518503937007
0
LINE
8
BLACK
6
CONTINUOUS
10
0.0978745275590551
20
0.5520518503937007
11
0.0970598818897638
21
0.5528664960629921
0
LINE
8
BLACK
6
CONTINUOUS
10
0.0970598818897638
20
0.5528664960629921
11
0.0966189763779527
21
0.553930905511811
0
LINE
8
BLACK
6
CONTINUOUS
10
0.0966189763779527
20
0.553930905511811
11
0.0966189763779527
21
0.555083031496063
0
LINE
8
BLACK
6
CONTINUOUS
10
0.0966189763779527
20
0.555083031496063
11
0.0970598818897638
21
0.5561474409448819
0
LINE
8
BLACK
6
CONTINUOUS
10
0.0970598818897638
20
0.5561474409448819
11
0.0978745275590551
21
0.5569620866141732
0
LINE
8
BLACK
6
CONTINUOUS
10
0.0978745275590551
20
0.5569620866141732
11
0.098938937007874
21
0.5574029921259842
0
LINE
8
BLACK
6
CONTINUOUS
10
0.098938937007874
20
0.5574029921259842
11
0.099515
21
0.5574597244094488
0
LINE
8
BLACK
6
CONTINUOUS
10
0.099515
20
0.5574597244094488
11
0.131011062992126
21
0.5574597244094488
0
LINE
8
BLACK
6
CONTINUOUS
10
0.131011062992126
20
0.5574597244094488
11
0.131587125984252
21
0.5574029921259842
0
LINE
8
BLACK
6
CONTINUOUS
10
0.7010601181102362
20
0.5771084251968503
11
0.7011158267716535
21
0.577126968503937
0
LINE
8
BLACK
6
CONTINUOUS
10
0.7011158267716535
20
0.577126968503937
11
0.7015114173228346
21
0.5770186614173228
0
LINE
8
BLACK
6
CONTINUOUS
10
0.7015114173228346
20
0.5770186614173228
11
0.7019137007874016
21
0.5769386220472441
0
LINE
8
BLACK
6
CONTINUOUS
10
0.7019137007874016
20
0.5769386220472441
11
0.7019551574803149
21
0.5768971653543307
0
LINE
8
BLACK
6
CONTINUOUS
10
0.7019551574803149
20
0.5768971653543307
11
0.7020788582677165
21
0.5768632677165354
0
LINE
8
BLACK
6
CONTINUOUS
10
0.7020788582677165
20
0.5768632677165354
11
0.7054534251968504
21
0.5751759842519685
0
LINE
8
BLACK
6
CONTINUOUS
10
0.7054534251968504
20
0.5751759842519685
11
0.7057773622047244
21
0.5749245669291339
0
LINE
8
BLACK
6
CONTINUOUS
10
0.7057773622047244
20
0.5749245669291339
11
0.7061185039370078
21
0.5746966141732284
0
LINE
8
BLACK
6
CONTINUOUS
10
0.7061185039370078
20
0.5746966141732284
11
0.7076835433070866
21
0.5731315748031496
0
LINE
8
BLACK
6
CONTINUOUS
10
0.7076835433070866
20
0.5731315748031496
11
0.7092485826771653
21
0.5746966141732284
0
LINE
8
BLACK
6
CONTINUOUS
10
0.7092485826771653
20
0.5746966141732284
11
0.70958968503937
21
0.5749245669291339
0
LINE
8
BLACK
6
CONTINUOUS
10
0.70958968503937
20
0.5749245669291339
11
0.7099136614173228
21
0.5751759842519685
0
LINE
8
BLACK
6
CONTINUOUS
10
0.7099136614173228
20
0.5751759842519685
11
0.7132882677165354
21
0.5768632677165354
0
LINE
8
BLACK
6
CONTINUOUS
10
0.7132882677165354
20
0.5768632677165354
11
0.7134119291338582
21
0.5768971653543307
0
LINE
8
BLACK
6
CONTINUOUS
10
0.7134119291338582
20
0.5768971653543307
11
0.7134534251968504
21
0.5769386220472441
0
LINE
8
BLACK
6
CONTINUOUS
10
0.7134534251968504
20
0.5769386220472441
11
0.7138556692913386
21
0.5770186614173228
0
LINE
8
BLACK
6
CONTINUOUS
10
0.7138556692913386
20
0.5770186614173228
11
0.7142512992125984
21
0.577126968503937
0
LINE
8
BLACK
6
CONTINUOUS
10
0.7142512992125984
20
0.577126968503937
11
0.714306968503937
21
0.5771084251968503
0
LINE
8
BLACK
6
CONTINUOUS
10
0.714306968503937
20
0.5771084251968503
11
0.7144327165354331
21
0.5771334251968504
0
LINE
8
BLACK
6
CONTINUOUS
10
0.7144327165354331
20
0.5771334251968504
11
0.71612
21
0.5771334251968504
0
LINE
8
BLACK
6
CONTINUOUS
10
0.71612
20
0.5771334251968504
11
0.7162457086614173
21
0.5771084251968503
0
LINE
8
BLACK
6
CONTINUOUS
10
0.7162457086614173
20
0.5771084251968503
11
0.7163014173228346
21
0.577126968503937
0
LINE
8
BLACK
6
CONTINUOUS
10
0.7163014173228346
20
0.577126968503937
11
0.7166970078740157
21
0.5770186614173228
0
LINE
8
BLACK
6
CONTINUOUS
10
0.7166970078740157
20
0.5770186614173228
11
0.7170992913385826
21
0.5769386220472441
0
LINE
8
BLACK
6
CONTINUOUS
10
0.7170992913385826
20
0.5769386220472441
11
0.7171407480314961
21
0.5768971653543307
0
LINE
8
BLACK
6
CONTINUOUS
10
0.7171407480314961
20
0.5768971653543307
11
0.7172644488188976
21
0.5768632677165354
0
LINE
8
BLACK
6
CONTINUOUS
10
0.7172644488188976
20
0.5768632677165354
11
0.7206390157480315
21
0.5751759842519685
0
LINE
8
BLACK
6
CONTINUOUS
10
0.7206390157480315
20
0.5751759842519685
11
0.7209629527559055
21
0.5749245669291339
0
LINE
8
BLACK
6
CONTINUOUS
10
0.7209629527559055
20
0.5749245669291339
11
0.721304094488189
21
0.5746966141732284
0
LINE
8
BLACK
6
CONTINUOUS
10
0.721304094488189
20
0.5746966141732284
11
0.7229913779527559
21
0.5730093307086614
0
LINE
8
BLACK
6
CONTINUOUS
10
0.7229913779527559
20
0.5730093307086614
11
0.7232192913385826
21
0.5726682283464567
0
LINE
8
BLACK
6
CONTINUOUS
10
0.7232192913385826
20
0.5726682283464567
11
0.723470748031496
21
0.5723442519685039
0
LINE
8
BLACK
6
CONTINUOUS
10
0.723470748031496
20
0.5723442519685039
11
0.7251580314960629
21
0.5689696456692913
0
LINE
8
BLACK
6
CONTINUOUS
10
0.7251580314960629
20
0.5689696456692913
11
0.7251918897637795
21
0.5688459842519685
0
LINE
8
BLACK
6
CONTINUOUS
10
0.7251918897637795
20
0.5688459842519685
11
0.7252333858267717
21
0.5688044881889763
0
LINE
8
BLACK
6
CONTINUOUS
10
0.7252333858267717
20
0.5688044881889763
11
0.7253133858267716
21
0.5684022440944881
0
LINE
8
BLACK
6
CONTINUOUS
10
0.7253133858267716
20
0.5684022440944881
11
0.7254217322834645
21
0.5680066141732283
0
LINE
8
BLACK
6
CONTINUOUS
10
0.7254217322834645
20
0.5680066141732283
11
0.7254031496062991
21
0.5679509448818898
0
LINE
8
BLACK
6
CONTINUOUS
10
0.7254031496062991
20
0.5679509448818898
11
0.725428188976378
21
0.5678251968503937
0
LINE
8
BLACK
6
CONTINUOUS
10
0.725428188976378
20
0.5678251968503937
11
0.725428188976378
21
0.561076062992126
0
LINE
8
BLACK
6
CONTINUOUS
10
0.725428188976378
20
0.561076062992126
11
0.7254031496062991
21
0.5609503543307086
0
LINE
8
BLACK
6
CONTINUOUS
10
0.7254031496062991
20
0.5609503543307086
11
0.7254217322834645
21
0.5608946456692914
0
LINE
8
BLACK
6
CONTINUOUS
10
0.7254217322834645
20
0.5608946456692914
11
0.7253133858267716
21
0.5604990551181103
0
LINE
8
BLACK
6
CONTINUOUS
10
0.7253133858267716
20
0.5604990551181103
11
0.7252333858267717
21
0.5600967716535433
0
LINE
8
BLACK
6
CONTINUOUS
10
0.7252333858267717
20
0.5600967716535433
11
0.7251918897637795
21
0.5600553149606299
0
LINE
8
BLACK
6
CONTINUOUS
10
0.7251918897637795
20
0.5600553149606299
11
0.7251580314960629
21
0.5599316141732283
0
LINE
8
BLACK
6
CONTINUOUS
10
0.7251580314960629
20
0.5599316141732283
11
0.723470748031496
21
0.5565570078740157
0
LINE
8
BLACK
6
CONTINUOUS
10
0.723470748031496
20
0.5565570078740157
11
0.7232192913385826
21
0.5562330708661417
0
LINE
8
BLACK
6
CONTINUOUS
10
0.7232192913385826
20
0.5562330708661417
11
0.7229913779527559
21
0.5558919291338582
0
LINE
8
BLACK
6
CONTINUOUS
10
0.7229913779527559
20
0.5558919291338582
11
0.721304094488189
21
0.5542046456692913
0
LINE
8
BLACK
6
CONTINUOUS
10
0.721304094488189
20
0.5542046456692913
11
0.7209629527559055
21
0.5539767322834646
0
LINE
8
BLACK
6
CONTINUOUS
10
0.7209629527559055
20
0.5539767322834646
11
0.7206390157480315
21
0.5537252755905512
0
LINE
8
BLACK
6
CONTINUOUS
10
0.7206390157480315
20
0.5537252755905512
11
0.7172644488188976
21
0.5520379921259843
0
LINE
8
BLACK
6
CONTINUOUS
10
0.7172644488188976
20
0.5520379921259843
11
0.7171407480314961
21
0.5520041338582677
0
LINE
8
BLACK
6
CONTINUOUS
10
0.7171407480314961
20
0.5520041338582677
11
0.7170992913385826
21
0.5519626377952755
0
LINE
8
BLACK
6
CONTINUOUS
10
0.7170992913385826
20
0.5519626377952755
11
0.7166970078740157
21
0.5518826377952756
0
LINE
8
BLACK
6
CONTINUOUS
10
0.7166970078740157
20
0.5518826377952756
11
0.7163014173228346
21
0.5517742913385827
0
LINE
8
BLACK
6
CONTINUOUS
10
0.7163014173228346
20
0.5517742913385827
11
0.7162457086614173
21
0.5517928740157481
0
LINE
8
BLACK
6
CONTINUOUS
10
0.7162457086614173
20
0.5517928740157481
11
0.71612
21
0.5517678346456693
0
LINE
8
BLACK
6
CONTINUOUS
10
0.71612
20
0.5517678346456693
11
0.7144327165354331
21
0.5517678346456693
0
LINE
8
BLACK
6
CONTINUOUS
10
0.7144327165354331
20
0.5517678346456693
11
0.714306968503937
21
0.5517928740157481
0
LINE
8
BLACK
6
CONTINUOUS
10
0.714306968503937
20
0.5517928740157481
11
0.7142512992125984
21
0.5517742913385827
0
LINE
8
BLACK
6
CONTINUOUS
10
0.7142512992125984
20
0.5517742913385827
11
0.7138556692913386
21
0.5518826377952756
0
LINE
8
BLACK
6
CONTINUOUS
10
0.7138556692913386
20
0.5518826377952756
11
0.7134534251968504
21
0.5519626377952755
0
LINE
8
BLACK
6
CONTINUOUS
10
0.7134534251968504
20
0.5519626377952755
11
0.7134119291338582
21
0.5520041338582677
0
LINE
8
BLACK
6
CONTINUOUS
10
0.7134119291338582
20
0.5520041338582677
11
0.7132882677165354
21
0.5520379921259843
0
LINE
8
BLACK
6
CONTINUOUS
10
0.7132882677165354
20
0.5520379921259843
11
0.7099136614173228
21
0.5537252755905512
0
LINE
8
BLACK
6
CONTINUOUS
10
0.7099136614173228
20
0.5537252755905512
11
0.70958968503937
21
0.5539767322834646
0
LINE
8
BLACK
6
CONTINUOUS
10
0.70958968503937
20
0.5539767322834646
11
0.7092485826771653
21
0.5542046456692913
0
LINE
8
BLACK
6
CONTINUOUS
10
0.7092485826771653
20
0.5542046456692913
11
0.7076835433070866
21
0.5557696850393701
0
LINE
8
BLACK
6
CONTINUOUS
10
0.7076835433070866
20
0.5557696850393701
11
0.7061185039370078
21
0.5542046456692913
0
LINE
8
BLACK
6
CONTINUOUS
10
0.7061185039370078
20
0.5542046456692913
11
0.7057773622047244
21
0.5539767322834646
0
LINE
8
BLACK
6
CONTINUOUS
10
0.7057773622047244
20
0.5539767322834646
11
0.7054534251968504
21
0.5537252755905512
0
LINE
8
BLACK
6
CONTINUOUS
10
0.7054534251968504
20
0.5537252755905512
11
0.7020788582677165
21
0.5520379921259843
0
LINE
8
BLACK
6
CONTINUOUS
10
0.7020788582677165
20
0.5520379921259843
11
0.7019551574803149
21
0.5520041338582677
0
LINE
8
BLACK
6
CONTINUOUS
10
0.7019551574803149
20
0.5520041338582677
11
0.7019137007874016
21
0.5519626377952755
0
LINE
8
BLACK
6
CONTINUOUS
10
0.7019137007874016
20
0.5519626377952755
11
0.7015114173228346
21
0.5518826377952756
0
LINE
8
BLACK
6
CONTINUOUS
10
0.7015114173228346
20
0.5518826377952756
11
0.7011158267716535
21
0.5517742913385827
0
LINE
8
BLACK
6
CONTINUOUS
10
0.7011158267716535
20
0.5517742913385827
11
0.7010601181102362
21
0.5517928740157481
0
LINE
8
BLACK
6
CONTINUOUS
10
0.7010601181102362
20
0.5517928740157481
11
0.7009344094488189
21
0.5517678346456693
0
LINE
8
BLACK
6
CONTINUOUS
10
0.7009344094488189
20
0.5517678346456693
11
0.6941852362204725
21
0.5517678346456693
0
LINE
8
BLACK
6
CONTINUOUS
10
0.6941852362204725
20
0.5517678346456693
11
0.6940594881889763
21
0.5517928740157481
0
LINE
8
BLACK
6
CONTINUOUS
10
0.6940594881889763
20
0.5517928740157481
11
0.6940038188976377
21
0.5517742913385827
0
LINE
8
BLACK
6
CONTINUOUS
10
0.6940038188976377
20
0.5517742913385827
11
0.6936081889763779
21
0.5518826377952756
0
LINE
8
BLACK
6
CONTINUOUS
10
0.6936081889763779
20
0.5518826377952756
11
0.6932059448818898
21
0.5519626377952755
0
LINE
8
BLACK
6
CONTINUOUS
10
0.6932059448818898
20
0.5519626377952755
11
0.6931644488188976
21
0.5520041338582677
0
LINE
8
BLACK
6
CONTINUOUS
10
0.6931644488188976
20
0.5520041338582677
11
0.6930407874015748
21
0.5520379921259843
0
LINE
8
BLACK
6
CONTINUOUS
10
0.6930407874015748
20
0.5520379921259843
11
0.689666220472441
21
0.5537252755905512
0
LINE
8
BLACK
6
CONTINUOUS
10
0.689666220472441
20
0.5537252755905512
11
0.6893422440944882
21
0.5539767322834646
0
LINE
8
BLACK
6
CONTINUOUS
10
0.6893422440944882
20
0.5539767322834646
11
0.6890011417322834
21
0.5542046456692913
0
LINE
8
BLACK
6
CONTINUOUS
10
0.6890011417322834
20
0.5542046456692913
11
0.6873138582677165
21
0.5558919291338582
0
LINE
8
BLACK
6
CONTINUOUS
10
0.6873138582677165
20
0.5558919291338582
11
0.6870859448818898
21
0.5562329921259842
0
LINE
8
BLACK
6
CONTINUOUS
10
0.6870859448818898
20
0.5562329921259842
11
0.6868345275590551
21
0.556556968503937
0
LINE
8
BLACK
6
CONTINUOUS
10
0.6868345275590551
20
0.556556968503937
11
0.6851471653543307
21
0.5599316141732283
0
LINE
8
BLACK
6
CONTINUOUS
10
0.6851471653543307
20
0.5599316141732283
11
0.6851132677165355
21
0.5600553149606299
0
LINE
8
BLACK
6
CONTINUOUS
10
0.6851132677165355
20
0.5600553149606299
11
0.685071811023622
21
0.5600967716535433
0
LINE
8
BLACK
6
CONTINUOUS
10
0.685071811023622
20
0.5600967716535433
11
0.6849917716535433
21
0.5604990551181103
0
LINE
8
BLACK
6
CONTINUOUS
10
0.6849917716535433
20
0.5604990551181103
11
0.6848834645669292
21
0.5608946456692914
0
LINE
8
BLACK
6
CONTINUOUS
10
0.6848834645669292
20
0.5608946456692914
11
0.6849020078740158
21
0.5609503543307086
0
LINE
8
BLACK
6
CONTINUOUS
10
0.6849020078740158
20
0.5609503543307086
11
0.6848770078740157
21
0.561076062992126
0
LINE
8
BLACK
6
CONTINUOUS
10
0.6848770078740157
20
0.561076062992126
11
0.6848770078740157
21
0.5678251968503937
0
LINE
8
BLACK
6
CONTINUOUS
10
0.6848770078740157
20
0.5678251968503937
11
0.6849020078740158
21
0.5679509448818898
0
LINE
8
BLACK
6
CONTINUOUS
10
0.6849020078740158
20
0.5679509448818898
11
0.6848834645669292
21
0.5680066141732283
0
LINE
8
BLACK
6
CONTINUOUS
10
0.6848834645669292
20
0.5680066141732283
11
0.6849917716535433
21
0.5684022440944881
0
LINE
8
BLACK
6
CONTINUOUS
10
0.6849917716535433
20
0.5684022440944881
11
0.685071811023622
21
0.5688044881889763
0
LINE
8
BLACK
6
CONTINUOUS
10
0.685071811023622
20
0.5688044881889763
11
0.6851132677165355
21
0.5688459842519685
0
LINE
8
BLACK
6
CONTINUOUS
10
0.6851132677165355
20
0.5688459842519685
11
0.6851471653543307
21
0.5689696456692913
0
LINE
8
BLACK
6
CONTINUOUS
10
0.6851471653543307
20
0.5689696456692913
11
0.6868345275590551
21
0.5723442913385827
0
LINE
8
BLACK
6
CONTINUOUS
10
0.6868345275590551
20
0.5723442913385827
11
0.6870859448818898
21
0.5726683070866142
0
LINE
8
BLACK
6
CONTINUOUS
10
0.6870859448818898
20
0.5726683070866142
11
0.6873138582677165
21
0.5730093307086614
0
LINE
8
BLACK
6
CONTINUOUS
10
0.6873138582677165
20
0.5730093307086614
11
0.6890011417322834
21
0.5746966141732284
0
LINE
8
BLACK
6
CONTINUOUS
10
0.6890011417322834
20
0.5746966141732284
11
0.6893422440944882
21
0.5749245669291339
0
LINE
8
BLACK
6
CONTINUOUS
10
0.6893422440944882
20
0.5749245669291339
11
0.689666220472441
21
0.5751759842519685
0
LINE
8
BLACK
6
CONTINUOUS
10
0.689666220472441
20
0.5751759842519685
11
0.6930407874015748
21
0.5768632677165354
0
LINE
8
BLACK
6
CONTINUOUS
10
0.6930407874015748
20
0.5768632677165354
11
0.6931644488188976
21
0.5768971653543307
0
LINE
8
BLACK
6
CONTINUOUS
10
0.6931644488188976
20
0.5768971653543307
11
0.6932059448818898
21
0.5769386220472441
0
LINE
8
BLACK
6
CONTINUOUS
10
0.6932059448818898
20
0.5769386220472441
11
0.6936081889763779
21
0.5770186614173228
0
LINE
8
BLACK
6
CONTINUOUS
10
0.6936081889763779
20
0.5770186614173228
11
0.6940038188976377
21
0.577126968503937
0
LINE
8
BLACK
6
CONTINUOUS
10
0.6940038188976377
20
0.577126968503937
11
0.6940594881889763
21
0.5771084251968503
0
LINE
8
BLACK
6
CONTINUOUS
10
0.6940594881889763
20
0.5771084251968503
11
0.6941852362204725
21
0.5771334251968504
0
LINE
8
BLACK
6
CONTINUOUS
10
0.6941852362204725
20
0.5771334251968504
11
0.7009344094488189
21
0.5771334251968504
0
LINE
8
BLACK
6
CONTINUOUS
10
0.7009344094488189
20
0.5771334251968504
11
0.7010601181102362
21
0.5771084251968503
0
LINE
8
BLACK
6
CONTINUOUS
10
0.6923265354330709
20
0.5707838976377952
11
0.6912265354330709
21
0.569683937007874
0
LINE
8
BLACK
6
CONTINUOUS
10
0.6912265354330709
20
0.569683937007874
11
0.6899951181102362
21
0.5672210629921259
0
LINE
8
BLACK
6
CONTINUOUS
10
0.6899951181102362
20
0.5672210629921259
11
0.6899951181102362
21
0.5616802362204725
0
LINE
8
BLACK
6
CONTINUOUS
10
0.6899951181102362
20
0.5616802362204725
11
0.6912265354330709
21
0.5592173622047244
0
LINE
8
BLACK
6
CONTINUOUS
10
0.6912265354330709
20
0.5592173622047244
11
0.6923265354330709
21
0.5581173622047244
0
LINE
8
BLACK
6
CONTINUOUS
10
0.6923265354330709
20
0.5581173622047244
11
0.6947893700787401
21
0.5568859448818898
0
LINE
8
BLACK
6
CONTINUOUS
10
0.6947893700787401
20
0.5568859448818898
11
0.7003302755905512
21
0.5568859448818898
0
LINE
8
BLACK
6
CONTINUOUS
10
0.7003302755905512
20
0.5568859448818898
11
0.7027931102362205
21
0.5581173622047244
0
LINE
8
BLACK
6
CONTINUOUS
10
0.7027931102362205
20
0.5581173622047244
11
0.703893031496063
21
0.5592173228346456
0
LINE
8
BLACK
6
CONTINUOUS
10
0.703893031496063
20
0.5592173228346456
11
0.7051244881889763
21
0.5616801968503937
0
LINE
8
BLACK
6
CONTINUOUS
10
0.7051244881889763
20
0.5616801968503937
11
0.7051244881889763
21
0.5672211023622047
0
LINE
8
BLACK
6
CONTINUOUS
10
0.7051244881889763
20
0.5672211023622047
11
0.703893031496063
21
0.5696839763779528
0
LINE
8
BLACK
6
CONTINUOUS
10
0.703893031496063
20
0.5696839763779528
11
0.7027931102362205
21
0.5707838976377952
0
LINE
8
BLACK
6
CONTINUOUS
10
0.7027931102362205
20
0.5707838976377952
11
0.7003302755905512
21
0.57201531496063
0
LINE
8
BLACK
6
CONTINUOUS
10
0.7003302755905512
20
0.57201531496063
11
0.6947893700787401
21
0.57201531496063
0
LINE
8
BLACK
6
CONTINUOUS
10
0.6947893700787401
20
0.57201531496063
11
0.6923265354330709
21
0.5707838976377952
0
LINE
8
BLACK
6
CONTINUOUS
10
0.712573937007874
20
0.5707838976377952
11
0.7114740157480315
21
0.5696839763779528
0
LINE
8
BLACK
6
CONTINUOUS
10
0.7114740157480315
20
0.5696839763779528
11
0.7102425984251969
21
0.5672211023622047
0
LINE
8
BLACK
6
CONTINUOUS
10
0.7102425984251969
20
0.5672211023622047
11
0.7102425984251969
21
0.5616801968503937
0
LINE
8
BLACK
6
CONTINUOUS
10
0.7102425984251969
20
0.5616801968503937
11
0.7114740157480315
21
0.5592173228346456
0
LINE
8
BLACK
6
CONTINUOUS
10
0.7114740157480315
20
0.5592173228346456
11
0.712573937007874
21
0.5581174015748032
0
LINE
8
BLACK
6
CONTINUOUS
10
0.712573937007874
20
0.5581174015748032
11
0.7150368503937008
21
0.5568859448818898
0
LINE
8
BLACK
6
CONTINUOUS
10
0.7150368503937008
20
0.5568859448818898
11
0.7155158661417322
21
0.5568859448818898
0
LINE
8
BLACK
6
CONTINUOUS
10
0.7155158661417322
20
0.5568859448818898
11
0.7179787007874016
21
0.5581173622047244
0
LINE
8
BLACK
6
CONTINUOUS
10
0.7179787007874016
20
0.5581173622047244
11
0.719078622047244
21
0.5592173228346456
0
LINE
8
BLACK
6
CONTINUOUS
10
0.719078622047244
20
0.5592173228346456
11
0.7203100787401575
21
0.5616801968503937
0
LINE
8
BLACK
6
CONTINUOUS
10
0.7203100787401575
20
0.5616801968503937
11
0.7203100787401575
21
0.5672211023622047
0
LINE
8
BLACK
6
CONTINUOUS
10
0.7203100787401575
20
0.5672211023622047
11
0.719078622047244
21
0.5696839763779528
0
LINE
8
BLACK
6
CONTINUOUS
10
0.719078622047244
20
0.5696839763779528
11
0.7179787007874016
21
0.5707838976377952
0
LINE
8
BLACK
6
CONTINUOUS
10
0.7179787007874016
20
0.5707838976377952
11
0.7155158661417322
21
0.57201531496063
0
LINE
8
BLACK
6
CONTINUOUS
10
0.7155158661417322
20
0.57201531496063
11
0.7150368503937008
21
0.57201531496063
0
LINE
8
BLACK
6
CONTINUOUS
10
0.7150368503937008
20
0.57201531496063
11
0.712573937007874
21
0.5707838976377952
0
LINE
8
BLACK
6
CONTINUOUS
10
0.3761044881889763
20
0.5940910236220472
11
0.376681062992126
21
0.5926990944881889
0
LINE
8
BLACK
6
CONTINUOUS
10
0.376681062992126
20
0.5926990944881889
11
0.376681062992126
21
0.5852113779527559
0
LINE
8
BLACK
6
CONTINUOUS
10
0.376681062992126
20
0.5852113779527559
11
0.3761044881889763
21
0.5838194488188976
0
LINE
8
BLACK
6
CONTINUOUS
10
0.3761044881889763
20
0.5838194488188976
11
0.3747125590551181
21
0.583242874015748
0
LINE
8
BLACK
6
CONTINUOUS
10
0.3747125590551181
20
0.583242874015748
11
0.3606728346456693
21
0.583242874015748
0
LINE
8
BLACK
6
CONTINUOUS
10
0.3606728346456693
20
0.583242874015748
11
0.3606728346456693
21
0.5683314566929134
0
LINE
8
BLACK
6
CONTINUOUS
10
0.3606728346456693
20
0.5683314566929134
11
0.3747125590551181
21
0.5683314566929134
0
LINE
8
BLACK
6
CONTINUOUS
10
0.3747125590551181
20
0.5683314566929134
11
0.3761044881889763
21
0.5677548818897638
0
LINE
8
BLACK
6
CONTINUOUS
10
0.3761044881889763
20
0.5677548818897638
11
0.376681062992126
21
0.5663629527559055
0
LINE
8
BLACK
6
CONTINUOUS
10
0.376681062992126
20
0.5663629527559055
11
0.376681062992126
21
0.5588751968503937
0
LINE
8
BLACK
6
CONTINUOUS
10
0.376681062992126
20
0.5588751968503937
11
0.3761044881889763
21
0.5574832677165354
0
LINE
8
BLACK
6
CONTINUOUS
10
0.3761044881889763
20
0.5574832677165354
11
0.3747125590551181
21
0.5569066929133858
0
LINE
8
BLACK
6
CONTINUOUS
10
0.3747125590551181
20
0.5569066929133858
11
0.3339173228346456
21
0.5569066929133858
0
LINE
8
BLACK
6
CONTINUOUS
10
0.3339173228346456
20
0.5569066929133858
11
0.3325253937007874
21
0.5574832677165354
0
LINE
8
BLACK
6
CONTINUOUS
10
0.3325253937007874
20
0.5574832677165354
11
0.3319488188976378
21
0.5588751968503937
0
LINE
8
BLACK
6
CONTINUOUS
10
0.3319488188976378
20
0.5588751968503937
11
0.3319488188976378
21
0.5663629527559055
0
LINE
8
BLACK
6
CONTINUOUS
10
0.3319488188976378
20
0.5663629527559055
11
0.3325253937007874
21
0.5677548818897638
0
LINE
8
BLACK
6
CONTINUOUS
10
0.3325253937007874
20
0.5677548818897638
11
0.3339173228346456
21
0.5683314566929134
0
LINE
8
BLACK
6
CONTINUOUS
10
0.3339173228346456
20
0.5683314566929134
11
0.3495062598425197
21
0.5683314566929134
0
LINE
8
BLACK
6
CONTINUOUS
10
0.3495062598425197
20
0.5683314566929134
11
0.3495062598425197
21
0.583242874015748
0
LINE
8
BLACK
6
CONTINUOUS
10
0.3495062598425197
20
0.583242874015748
11
0.3339173228346456
21
0.583242874015748
0
LINE
8
BLACK
6
CONTINUOUS
10
0.3339173228346456
20
0.583242874015748
11
0.3325253937007874
21
0.5838194488188976
0
LINE
8
BLACK
6
CONTINUOUS
10
0.3325253937007874
20
0.5838194488188976
11
0.3319488188976378
21
0.5852113779527559
0
LINE
8
BLACK
6
CONTINUOUS
10
0.3319488188976378
20
0.5852113779527559
11
0.3319488188976378
21
0.5926990944881889
0
LINE
8
BLACK
6
CONTINUOUS
10
0.3319488188976378
20
0.5926990944881889
11
0.3325253937007874
21
0.5940910236220472
0
LINE
8
BLACK
6
CONTINUOUS
10
0.3325253937007874
20
0.5940910236220472
11
0.3339173228346456
21
0.5946675984251968
0
LINE
8
BLACK
6
CONTINUOUS
10
0.3339173228346456
20
0.5946675984251968
11
0.3747125590551181
21
0.5946675984251968
0
LINE
8
BLACK
6
CONTINUOUS
10
0.3747125590551181
20
0.5946675984251968
11
0.3761044881889763
21
0.5940910236220472
0
LINE
8
BLACK
6
CONTINUOUS
10
0.6563771259842519
20
0.5789282283464566
11
0.6565719291338582
21
0.577948937007874
0
LINE
8
BLACK
6
CONTINUOUS
10
0.6565719291338582
20
0.577948937007874
11
0.6565719291338582
21
0.5754461417322835
0
LINE
8
BLACK
6
CONTINUOUS
10
0.6565719291338582
20
0.5754461417322835
11
0.6607620472440945
21
0.5754461417322835
0
LINE
8
BLACK
6
CONTINUOUS
10
0.6607620472440945
20
0.5754461417322835
11
0.6608877559055117
21
0.5754211417322834
0
LINE
8
BLACK
6
CONTINUOUS
10
0.6608877559055117
20
0.5754211417322834
11
0.6609434645669291
21
0.57543968503937
0
LINE
8
BLACK
6
CONTINUOUS
10
0.6609434645669291
20
0.57543968503937
11
0.6613390551181102
21
0.5753313779527559
0
LINE
8
BLACK
6
CONTINUOUS
10
0.6613390551181102
20
0.5753313779527559
11
0.6617413385826771
21
0.5752513385826772
0
LINE
8
BLACK
6
CONTINUOUS
10
0.6617413385826771
20
0.5752513385826772
11
0.6617827952755906
21
0.5752098818897637
0
LINE
8
BLACK
6
CONTINUOUS
10
0.6617827952755906
20
0.5752098818897637
11
0.6619064960629921
21
0.5751759842519685
0
LINE
8
BLACK
6
CONTINUOUS
10
0.6619064960629921
20
0.5751759842519685
11
0.665281062992126
21
0.5734887007874016
0
LINE
8
BLACK
6
CONTINUOUS
10
0.665281062992126
20
0.5734887007874016
11
0.6656835826771653
21
0.5731762992125984
0
LINE
8
BLACK
6
CONTINUOUS
10
0.6656835826771653
20
0.5731762992125984
11
0.6658133070866141
21
0.573133031496063
0
LINE
8
BLACK
6
CONTINUOUS
10
0.6658133070866141
20
0.573133031496063
11
0.6659253937007874
21
0.5729886220472441
0
LINE
8
BLACK
6
CONTINUOUS
10
0.6659253937007874
20
0.5729886220472441
11
0.666069842519685
21
0.5728764960629921
0
LINE
8
BLACK
6
CONTINUOUS
10
0.666069842519685
20
0.5728764960629921
11
0.6661130708661417
21
0.572746811023622
0
LINE
8
BLACK
6
CONTINUOUS
10
0.6661130708661417
20
0.572746811023622
11
0.6664255118110236
21
0.5723442519685039
0
LINE
8
BLACK
6
CONTINUOUS
10
0.6664255118110236
20
0.5723442519685039
11
0.6681127952755905
21
0.5689696456692913
0
LINE
8
BLACK
6
CONTINUOUS
10
0.6681127952755905
20
0.5689696456692913
11
0.668146653543307
21
0.5688459842519685
0
LINE
8
BLACK
6
CONTINUOUS
10
0.668146653543307
20
0.5688459842519685
11
0.6681881496062992
21
0.5688044881889763
0
LINE
8
BLACK
6
CONTINUOUS
10
0.6681881496062992
20
0.5688044881889763
11
0.6682681496062992
21
0.5684022440944881
0
LINE
8
BLACK
6
CONTINUOUS
10
0.6682681496062992
20
0.5684022440944881
11
0.6683764960629921
21
0.5680066141732283
0
LINE
8
BLACK
6
CONTINUOUS
10
0.6683764960629921
20
0.5680066141732283
11
0.6683579133858267
21
0.5679509448818898
0
LINE
8
BLACK
6
CONTINUOUS
10
0.6683579133858267
20
0.5679509448818898
11
0.6683829527559055
21
0.5678251968503937
0
LINE
8
BLACK
6
CONTINUOUS
10
0.6683829527559055
20
0.5678251968503937
11
0.6683829527559055
21
0.5644506299212598
0
LINE
8
BLACK
6
CONTINUOUS
10
0.6683829527559055
20
0.5644506299212598
11
0.6681881496062992
21
0.5634713385826772
0
LINE
8
BLACK
6
CONTINUOUS
10
0.6681881496062992
20
0.5634713385826772
11
0.6668031889763779
21
0.5620863779527558
0
LINE
8
BLACK
6
CONTINUOUS
10
0.6668031889763779
20
0.5620863779527558
11
0.6648446062992126
21
0.5620863779527558
0
LINE
8
BLACK
6
CONTINUOUS
10
0.6648446062992126
20
0.5620863779527558
11
0.6634596456692913
21
0.5634713385826772
0
LINE
8
BLACK
6
CONTINUOUS
10
0.6634596456692913
20
0.5634713385826772
11
0.663264842519685
21
0.5644506299212598
0
LINE
8
BLACK
6
CONTINUOUS
10
0.663264842519685
20
0.5644506299212598
11
0.663264842519685
21
0.5672211023622047
0
LINE
8
BLACK
6
CONTINUOUS
10
0.663264842519685
20
0.5672211023622047
11
0.6622291732283464
21
0.5692924015748031
0
LINE
8
BLACK
6
CONTINUOUS
10
0.6622291732283464
20
0.5692924015748031
11
0.6601579133858267
21
0.5703280314960629
0
LINE
8
BLACK
6
CONTINUOUS
10
0.6601579133858267
20
0.5703280314960629
11
0.6565719291338582
21
0.5703280314960629
0
LINE
8
BLACK
6
CONTINUOUS
10
0.6565719291338582
20
0.5703280314960629
11
0.6565719291338582
21
0.5644506299212598
0
LINE
8
BLACK
6
CONTINUOUS
10
0.6565719291338582
20
0.5644506299212598
11
0.6563771259842519
21
0.5634713385826772
0
LINE
8
BLACK
6
CONTINUOUS
10
0.6563771259842519
20
0.5634713385826772
11
0.6549921653543307
21
0.5620863779527558
0
LINE
8
BLACK
6
CONTINUOUS
10
0.6549921653543307
20
0.5620863779527558
11
0.6530335826771654
21
0.5620863779527558
0
LINE
8
BLACK
6
CONTINUOUS
10
0.6530335826771654
20
0.5620863779527558
11
0.6516486220472441
21
0.5634713385826772
0
LINE
8
BLACK
6
CONTINUOUS
10
0.6516486220472441
20
0.5634713385826772
11
0.6514538188976378
21
0.5644506299212598
0
LINE
8
BLACK
6
CONTINUOUS
10
0.6514538188976378
20
0.5644506299212598
11
0.6514538188976378
21
0.5703280314960629
0
LINE
8
BLACK
6
CONTINUOUS
10
0.6514538188976378
20
0.5703280314960629
11
0.6303908267716535
21
0.5703280314960629
0
LINE
8
BLACK
6
CONTINUOUS
10
0.6303908267716535
20
0.5703280314960629
11
0.6294115354330708
21
0.5705228346456693
0
LINE
8
BLACK
6
CONTINUOUS
10
0.6294115354330708
20
0.5705228346456693
11
0.6280265748031496
21
0.5719077952755905
0
LINE
8
BLACK
6
CONTINUOUS
10
0.6280265748031496
20
0.5719077952755905
11
0.6280265748031496
21
0.5738663779527559
0
LINE
8
BLACK
6
CONTINUOUS
10
0.6280265748031496
20
0.5738663779527559
11
0.6294115354330708
21
0.5752513385826772
0
LINE
8
BLACK
6
CONTINUOUS
10
0.6294115354330708
20
0.5752513385826772
11
0.6303908267716535
21
0.5754461417322835
0
LINE
8
BLACK
6
CONTINUOUS
10
0.6303908267716535
20
0.5754461417322835
11
0.6514538188976378
21
0.5754461417322835
0
LINE
8
BLACK
6
CONTINUOUS
10
0.6514538188976378
20
0.5754461417322835
11
0.6514538188976378
21
0.577948937007874
0
LINE
8
BLACK
6
CONTINUOUS
10
0.6514538188976378
20
0.577948937007874
11
0.6516486220472441
21
0.5789282283464566
0
LINE
8
BLACK
6
CONTINUOUS
10
0.6516486220472441
20
0.5789282283464566
11
0.6530335826771654
21
0.580313188976378
0
LINE
8
BLACK
6
CONTINUOUS
10
0.6530335826771654
20
0.580313188976378
11
0.6549921653543307
21
0.580313188976378
0
LINE
8
BLACK
6
CONTINUOUS
10
0.6549921653543307
20
0.580313188976378
11
0.6563771259842519
21
0.5789282283464566
0
LINE
8
BLACK
6
CONTINUOUS
10
0.4938034645669291
20
0.603003937007874
11
0.4946738582677165
21
0.602249094488189
0
LINE
8
BLACK
6
CONTINUOUS
10
0.4946738582677165
20
0.602249094488189
11
0.4949822047244095
21
0.6017592125984251
0
LINE
8
BLACK
6
CONTINUOUS
10
0.4949822047244095
20
0.6017592125984251
11
0.4966426771653543
21
0.5984382677165354
0
LINE
8
BLACK
6
CONTINUOUS
10
0.4966426771653543
20
0.5984382677165354
11
0.4998465748031496
21
0.5952343700787401
0
LINE
8
BLACK
6
CONTINUOUS
10
0.4998465748031496
20
0.5952343700787401
11
0.5052276771653543
21
0.5916469685039369
0
LINE
8
BLACK
6
CONTINUOUS
10
0.5052276771653543
20
0.5916469685039369
11
0.5052293307086614
21
0.5916456299212598
0
LINE
8
BLACK
6
CONTINUOUS
10
0.5052293307086614
20
0.5916456299212598
11
0.5052302362204725
21
0.5916452362204724
0
LINE
8
BLACK
6
CONTINUOUS
10
0.5052302362204725
20
0.5916452362204724
11
0.5052322440944882
21
0.5916432283464567
0
LINE
8
BLACK
6
CONTINUOUS
10
0.5052322440944882
20
0.5916432283464567
11
0.5056755118110237
21
0.5912801968503937
0
LINE
8
BLACK
6
CONTINUOUS
10
0.5056755118110237
20
0.5912801968503937
11
0.5058381496062992
21
0.5910373228346456
0
LINE
8
BLACK
6
CONTINUOUS
10
0.5058381496062992
20
0.5910373228346456
11
0.5060448818897638
21
0.590830590551181
0
LINE
8
BLACK
6
CONTINUOUS
10
0.5060448818897638
20
0.590830590551181
11
0.5061555905511811
21
0.5905633070866142
0
LINE
8
BLACK
6
CONTINUOUS
10
0.5061555905511811
20
0.5905633070866142
11
0.5063165748031496
21
0.5903229133858268
0
LINE
8
BLACK
6
CONTINUOUS
10
0.5063165748031496
20
0.5903229133858268
11
0.5063738976377953
21
0.5900362992125984
0
LINE
8
BLACK
6
CONTINUOUS
10
0.5063738976377953
20
0.5900362992125984
11
0.5064857874015748
21
0.5897661811023622
0
LINE
8
BLACK
6
CONTINUOUS
10
0.5064857874015748
20
0.5897661811023622
11
0.5064857874015748
21
0.5894768897637795
0
LINE
8
BLACK
6
CONTINUOUS
10
0.5064857874015748
20
0.5894768897637795
11
0.5065425196850394
21
0.5891932283464567
0
LINE
8
BLACK
6
CONTINUOUS
10
0.5065425196850394
20
0.5891932283464567
11
0.5064857874015748
21
0.5889064566929134
0
LINE
8
BLACK
6
CONTINUOUS
10
0.5064857874015748
20
0.5889064566929134
11
0.5064857874015748
21
0.5886140551181103
0
LINE
8
BLACK
6
CONTINUOUS
10
0.5064857874015748
20
0.5886140551181103
11
0.5063750393700788
21
0.5883468110236221
0
LINE
8
BLACK
6
CONTINUOUS
10
0.5063750393700788
20
0.5883468110236221
11
0.506318937007874
21
0.5880629921259842
0
LINE
8
BLACK
6
CONTINUOUS
10
0.506318937007874
20
0.5880629921259842
11
0.5061567322834646
21
0.5878197244094489
0
LINE
8
BLACK
6
CONTINUOUS
10
0.5061567322834646
20
0.5878197244094489
11
0.5060448818897638
21
0.5875496456692914
0
LINE
8
BLACK
6
CONTINUOUS
10
0.5060448818897638
20
0.5875496456692914
11
0.5058403937007874
21
0.5873451968503937
0
LINE
8
BLACK
6
CONTINUOUS
10
0.5058403937007874
20
0.5873451968503937
11
0.5056798818897638
21
0.5871043700787402
0
LINE
8
BLACK
6
CONTINUOUS
10
0.5056798818897638
20
0.5871043700787402
11
0.5054368503937008
21
0.5869416535433071
0
LINE
8
BLACK
6
CONTINUOUS
10
0.5054368503937008
20
0.5869416535433071
11
0.5052302362204725
21
0.586735
0
LINE
8
BLACK
6
CONTINUOUS
10
0.5052302362204725
20
0.586735
11
0.5049629921259843
21
0.5866243307086614
0
LINE
8
BLACK
6
CONTINUOUS
10
0.5049629921259843
20
0.5866243307086614
11
0.5047225984251968
21
0.5864633070866142
0
LINE
8
BLACK
6
CONTINUOUS
10
0.5047225984251968
20
0.5864633070866142
11
0.5044359055118111
21
0.5864059842519684
0
LINE
8
BLACK
6
CONTINUOUS
10
0.5044359055118111
20
0.5864059842519684
11
0.5041658267716536
21
0.5862940944881889
0
LINE
8
BLACK
6
CONTINUOUS
10
0.5041658267716536
20
0.5862940944881889
11
0.5035958661417322
21
0.5862379921259843
0
LINE
8
BLACK
6
CONTINUOUS
10
0.5035958661417322
20
0.5862379921259843
11
0.503592874015748
21
0.5862373622047244
0
LINE
8
BLACK
6
CONTINUOUS
10
0.503592874015748
20
0.5862373622047244
11
0.503591811023622
21
0.5862375984251968
0
LINE
8
BLACK
6
CONTINUOUS
10
0.503591811023622
20
0.5862375984251968
11
0.5035897637795276
21
0.5862373622047244
0
LINE
8
BLACK
6
CONTINUOUS
10
0.5035897637795276
20
0.5862373622047244
11
0.4671724409448819
21
0.5862373622047244
0
LINE
8
BLACK
6
CONTINUOUS
10
0.4671724409448819
20
0.5862373622047244
11
0.4671724409448819
21
0.5779415354330708
0
LINE
8
BLACK
6
CONTINUOUS
10
0.4671724409448819
20
0.5779415354330708
11
0.4671157086614173
21
0.5773654724409448
0
LINE
8
BLACK
6
CONTINUOUS
10
0.4671157086614173
20
0.5773654724409448
11
0.4666748031496063
21
0.576301062992126
0
LINE
8
BLACK
6
CONTINUOUS
10
0.4666748031496063
20
0.576301062992126
11
0.465860157480315
21
0.5754864173228347
0
LINE
8
BLACK
6
CONTINUOUS
10
0.465860157480315
20
0.5754864173228347
11
0.464795748031496
21
0.5750455118110236
0
LINE
8
BLACK
6
CONTINUOUS
10
0.464795748031496
20
0.5750455118110236
11
0.4636436220472441
21
0.5750455118110236
0
LINE
8
BLACK
6
CONTINUOUS
10
0.4636436220472441
20
0.5750455118110236
11
0.4625792125984252
21
0.5754864173228347
0
LINE
8
BLACK
6
CONTINUOUS
10
0.4625792125984252
20
0.5754864173228347
11
0.4617645669291339
21
0.576301062992126
0
LINE
8
BLACK
6
CONTINUOUS
10
0.4617645669291339
20
0.576301062992126
11
0.4613236614173228
21
0.5773654724409448
0
LINE
8
BLACK
6
CONTINUOUS
10
0.4613236614173228
20
0.5773654724409448
11
0.4612669291338583
21
0.5779415354330708
0
LINE
8
BLACK
6
CONTINUOUS
10
0.4612669291338583
20
0.5779415354330708
11
0.4612669291338583
21
0.6004387007874016
0
LINE
8
BLACK
6
CONTINUOUS
10
0.4612669291338583
20
0.6004387007874016
11
0.4613236614173228
21
0.6010147637795276
0
LINE
8
BLACK
6
CONTINUOUS
10
0.4613236614173228
20
0.6010147637795276
11
0.4617645669291339
21
0.6020791732283465
0
LINE
8
BLACK
6
CONTINUOUS
10
0.4617645669291339
20
0.6020791732283465
11
0.4625792125984252
21
0.6028938188976378
0
LINE
8
BLACK
6
CONTINUOUS
10
0.4625792125984252
20
0.6028938188976378
11
0.4636436220472441
21
0.6033347244094488
0
LINE
8
BLACK
6
CONTINUOUS
10
0.4636436220472441
20
0.6033347244094488
11
0.464795748031496
21
0.6033347244094488
0
LINE
8
BLACK
6
CONTINUOUS
10
0.464795748031496
20
0.6033347244094488
11
0.465860157480315
21
0.6028938188976378
0
LINE
8
BLACK
6
CONTINUOUS
10
0.465860157480315
20
0.6028938188976378
11
0.4666748031496063
21
0.6020791732283465
0
LINE
8
BLACK
6
CONTINUOUS
10
0.4666748031496063
20
0.6020791732283465
11
0.4671157086614173
21
0.6010147637795276
0
LINE
8
BLACK
6
CONTINUOUS
10
0.4671157086614173
20
0.6010147637795276
11
0.4671724409448819
21
0.6004387007874016
0
LINE
8
BLACK
6
CONTINUOUS
10
0.4671724409448819
20
0.6004387007874016
11
0.4671724409448819
21
0.5921428740157481
0
LINE
8
BLACK
6
CONTINUOUS
10
0.4671724409448819
20
0.5921428740157481
11
0.4945864173228346
21
0.5921428740157481
0
LINE
8
BLACK
6
CONTINUOUS
10
0.4945864173228346
20
0.5921428740157481
11
0.492128031496063
21
0.5946012598425197
0
LINE
8
BLACK
6
CONTINUOUS
10
0.492128031496063
20
0.5946012598425197
11
0.4919422440944882
21
0.5948276377952756
0
LINE
8
BLACK
6
CONTINUOUS
10
0.4919422440944882
20
0.5948276377952756
11
0.4918832677165354
21
0.5948787795275591
0
LINE
8
BLACK
6
CONTINUOUS
10
0.4918832677165354
20
0.5948787795275591
11
0.4918272834645669
21
0.5949677559055118
0
LINE
8
BLACK
6
CONTINUOUS
10
0.4918272834645669
20
0.5949677559055118
11
0.4917608267716536
21
0.5950487007874016
0
LINE
8
BLACK
6
CONTINUOUS
10
0.4917608267716536
20
0.5950487007874016
11
0.4917309842519685
21
0.5951206692913386
0
LINE
8
BLACK
6
CONTINUOUS
10
0.4917309842519685
20
0.5951206692913386
11
0.4915749212598425
21
0.5953686614173228
0
LINE
8
BLACK
6
CONTINUOUS
10
0.4915749212598425
20
0.5953686614173228
11
0.4897001574803149
21
0.5991181889763779
0
LINE
8
BLACK
6
CONTINUOUS
10
0.4897001574803149
20
0.5991181889763779
11
0.4894932677165354
21
0.5996588188976378
0
LINE
8
BLACK
6
CONTINUOUS
10
0.4894932677165354
20
0.5996588188976378
11
0.4894116141732283
21
0.600808031496063
0
LINE
8
BLACK
6
CONTINUOUS
10
0.4894116141732283
20
0.600808031496063
11
0.4897759448818897
21
0.6019009842519685
0
LINE
8
BLACK
6
CONTINUOUS
10
0.4897759448818897
20
0.6019009842519685
11
0.4905307874015748
21
0.6027713779527559
0
LINE
8
BLACK
6
CONTINUOUS
10
0.4905307874015748
20
0.6027713779527559
11
0.4915612992125984
21
0.6032866141732284
0
LINE
8
BLACK
6
CONTINUOUS
10
0.4915612992125984
20
0.6032866141732284
11
0.4927105118110236
21
0.6033682677165354
0
LINE
8
BLACK
6
CONTINUOUS
10
0.4927105118110236
20
0.6033682677165354
11
0.4938034645669291
21
0.603003937007874
0
LINE
8
BLACK
6
CONTINUOUS
10
0.0703815748031496
20
0.597148031496063
11
0.0714459842519685
21
0.5967071259842519
0
LINE
8
BLACK
6
CONTINUOUS
10
0.0714459842519685
20
0.5967071259842519
11
0.0722606299212598
21
0.5958924803149607
0
LINE
8
BLACK
6
CONTINUOUS
10
0.0722606299212598
20
0.5958924803149607
11
0.0727015354330709
21
0.5948280708661418
0
LINE
8
BLACK
6
CONTINUOUS
10
0.0727015354330709
20
0.5948280708661418
11
0.0727015354330709
21
0.5936759448818898
0
LINE
8
BLACK
6
CONTINUOUS
10
0.0727015354330709
20
0.5936759448818898
11
0.0723361023622047
21
0.5927937401574803
0
LINE
8
BLACK
6
CONTINUOUS
10
0.0723361023622047
20
0.5927937401574803
11
0.0724464960629921
21
0.5925729527559055
0
LINE
8
BLACK
6
CONTINUOUS
10
0.0724464960629921
20
0.5925729527559055
11
0.0726533858267717
21
0.5920323228346457
0
LINE
8
BLACK
6
CONTINUOUS
10
0.0726533858267717
20
0.5920323228346457
11
0.0726608661417323
21
0.5919265748031496
0
LINE
8
BLACK
6
CONTINUOUS
10
0.0726608661417323
20
0.5919265748031496
11
0.0727015354330709
21
0.5918284645669292
0
LINE
8
BLACK
6
CONTINUOUS
10
0.0727015354330709
20
0.5918284645669292
11
0.0727582677165354
21
0.5912524015748032
0
LINE
8
BLACK
6
CONTINUOUS
10
0.0727582677165354
20
0.5912524015748032
11
0.0727582677165354
21
0.5852531496062992
0
LINE
8
BLACK
6
CONTINUOUS
10
0.0727582677165354
20
0.5852531496062992
11
0.0727015354330709
21
0.5846770866141732
0
LINE
8
BLACK
6
CONTINUOUS
10
0.0727015354330709
20
0.5846770866141732
11
0.0726609448818898
21
0.5845791338582677
0
LINE
8
BLACK
6
CONTINUOUS
10
0.0726609448818898
20
0.5845791338582677
11
0.0726534251968504
21
0.5844732283464567
0
LINE
8
BLACK
6
CONTINUOUS
10
0.0726534251968504
20
0.5844732283464567
11
0.0724465354330709
21
0.5839325984251968
0
LINE
8
BLACK
6
CONTINUOUS
10
0.0724465354330709
20
0.5839325984251968
11
0.0709466929133858
21
0.5809329921259843
0
LINE
8
BLACK
6
CONTINUOUS
10
0.0709466929133858
20
0.5809329921259843
11
0.0707906299212598
21
0.5806851181102362
0
LINE
8
BLACK
6
CONTINUOUS
10
0.0707906299212598
20
0.5806851181102362
11
0.0707607874015748
21
0.580613031496063
0
LINE
8
BLACK
6
CONTINUOUS
10
0.0707607874015748
20
0.580613031496063
11
0.0706941732283465
21
0.5805318897637796
0
LINE
8
BLACK
6
CONTINUOUS
10
0.0706941732283465
20
0.5805318897637796
11
0.0706383070866142
21
0.5804431102362204
0
LINE
8
BLACK
6
CONTINUOUS
10
0.0706383070866142
20
0.5804431102362204
11
0.0705794094488189
21
0.5803920866141732
0
LINE
8
BLACK
6
CONTINUOUS
10
0.0705794094488189
20
0.5803920866141732
11
0.0703935826771653
21
0.5801655905511811
0
LINE
8
BLACK
6
CONTINUOUS
10
0.0703935826771653
20
0.5801655905511811
11
0.0688937795275591
21
0.5786657874015748
0
LINE
8
BLACK
6
CONTINUOUS
10
0.0688937795275591
20
0.5786657874015748
11
0.0686674015748032
21
0.5784800393700787
0
LINE
8
BLACK
6
CONTINUOUS
10
0.0686674015748032
20
0.5784800393700787
11
0.0686162598425197
21
0.5784210236220473
0
LINE
8
BLACK
6
CONTINUOUS
10
0.0686162598425197
20
0.5784210236220473
11
0.0685272834645669
21
0.5783650787401574
0
LINE
8
BLACK
6
CONTINUOUS
10
0.0685272834645669
20
0.5783650787401574
11
0.0684463385826772
21
0.5782985826771654
0
LINE
8
BLACK
6
CONTINUOUS
10
0.0684463385826772
20
0.5782985826771654
11
0.0683743700787402
21
0.5782687795275591
0
LINE
8
BLACK
6
CONTINUOUS
10
0.0683743700787402
20
0.5782687795275591
11
0.0681263779527559
21
0.5781126771653543
0
LINE
8
BLACK
6
CONTINUOUS
10
0.0681263779527559
20
0.5781126771653543
11
0.0651267716535433
21
0.576612874015748
0
LINE
8
BLACK
6
CONTINUOUS
10
0.0651267716535433
20
0.576612874015748
11
0.0645861417322835
21
0.5764059842519685
0
LINE
8
BLACK
6
CONTINUOUS
10
0.0645861417322835
20
0.5764059842519685
11
0.0644803149606299
21
0.5763985039370079
0
LINE
8
BLACK
6
CONTINUOUS
10
0.0644803149606299
20
0.5763985039370079
11
0.0643823228346457
21
0.576357874015748
0
LINE
8
BLACK
6
CONTINUOUS
10
0.0643823228346457
20
0.576357874015748
11
0.0638062598425197
21
0.5763011417322834
0
LINE
8
BLACK
6
CONTINUOUS
10
0.0638062598425197
20
0.5763011417322834
11
0.0548073622047244
21
0.5763011417322834
0
LINE
8
BLACK
6
CONTINUOUS
10
0.0548073622047244
20
0.5763011417322834
11
0.0542312992125984
21
0.576357874015748
0
LINE
8
BLACK
6
CONTINUOUS
10
0.0542312992125984
20
0.576357874015748
11
0.0541332677165354
21
0.5763985039370079
0
LINE
8
BLACK
6
CONTINUOUS
10
0.0541332677165354
20
0.5763985039370079
11
0.0540274803149606
21
0.5764059842519685
0
LINE
8
BLACK
6
CONTINUOUS
10
0.0540274803149606
20
0.5764059842519685
11
0.0534868503937008
21
0.576612874015748
0
LINE
8
BLACK
6
CONTINUOUS
10
0.0534868503937008
20
0.576612874015748
11
0.0504872440944882
21
0.5781126771653543
0
LINE
8
BLACK
6
CONTINUOUS
10
0.0504872440944882
20
0.5781126771653543
11
0.0502392125984252
21
0.5782687795275591
0
LINE
8
BLACK
6
CONTINUOUS
10
0.0502392125984252
20
0.5782687795275591
11
0.0501672834645669
21
0.5782985826771654
0
LINE
8
BLACK
6
CONTINUOUS
10
0.0501672834645669
20
0.5782985826771654
11
0.0500862992125984
21
0.5783650787401574
0
LINE
8
BLACK
6
CONTINUOUS
10
0.0500862992125984
20
0.5783650787401574
11
0.0499973622047244
21
0.5784210236220473
0
LINE
8
BLACK
6
CONTINUOUS
10
0.0499973622047244
20
0.5784210236220473
11
0.0499461811023622
21
0.5784800393700787
0
LINE
8
BLACK
6
CONTINUOUS
10
0.0499461811023622
20
0.5784800393700787
11
0.049719842519685
21
0.5786657874015748
0
LINE
8
BLACK
6
CONTINUOUS
10
0.049719842519685
20
0.5786657874015748
11
0.0482200393700787
21
0.5801655905511811
0
LINE
8
BLACK
6
CONTINUOUS
10
0.0482200393700787
20
0.5801655905511811
11
0.0480341732283465
21
0.5803920866141732
0
LINE
8
BLACK
6
CONTINUOUS
10
0.0480341732283465
20
0.5803920866141732
11
0.0479753149606299
21
0.5804431102362204
0
LINE
8
BLACK
6
CONTINUOUS
10
0.0479753149606299
20
0.5804431102362204
11
0.0479194094488189
21
0.5805318897637796
0
LINE
8
BLACK
6
CONTINUOUS
10
0.0479194094488189
20
0.5805318897637796
11
0.0478528346456693
21
0.580613031496063
0
LINE
8
BLACK
6
CONTINUOUS
10
0.0478528346456693
20
0.580613031496063
11
0.0478229527559055
21
0.5806851181102362
0
LINE
8
BLACK
6
CONTINUOUS
10
0.0478229527559055
20
0.5806851181102362
11
0.0476669291338583
21
0.5809329921259843
0
LINE
8
BLACK
6
CONTINUOUS
10
0.0476669291338583
20
0.5809329921259843
11
0.0461670866141732
21
0.5839326377952756
0
LINE
8
BLACK
6
CONTINUOUS
10
0.0461670866141732
20
0.5839326377952756
11
0.0459601968503937
21
0.5844732283464567
0
LINE
8
BLACK
6
CONTINUOUS
10
0.0459601968503937
20
0.5844732283464567
11
0.0459526377952756
21
0.5845791338582677
0
LINE
8
BLACK
6
CONTINUOUS
10
0.0459526377952756
20
0.5845791338582677
11
0.0459120866141732
21
0.5846770866141732
0
LINE
8
BLACK
6
CONTINUOUS
10
0.0459120866141732
20
0.5846770866141732
11
0.0458553543307087
21
0.5852531496062992
0
LINE
8
BLACK
6
CONTINUOUS
10
0.0458553543307087
20
0.5852531496062992
11
0.0458553543307087
21
0.5912524015748032
0
LINE
8
BLACK
6
CONTINUOUS
10
0.0458553543307087
20
0.5912524015748032
11
0.0458599606299213
21
0.591299251968504
0
LINE
8
BLACK
6
CONTINUOUS
10
0.0458599606299213
20
0.591299251968504
11
0.0383094488188976
21
0.591299251968504
0
LINE
8
BLACK
6
CONTINUOUS
10
0.0383094488188976
20
0.591299251968504
11
0.0377333858267717
21
0.5913559842519684
0
LINE
8
BLACK
6
CONTINUOUS
10
0.0377333858267717
20
0.5913559842519684
11
0.0366689763779528
21
0.5917968897637795
0
LINE
8
BLACK
6
CONTINUOUS
10
0.0366689763779528
20
0.5917968897637795
11
0.0358543307086614
21
0.5926115354330709
0
LINE
8
BLACK
6
CONTINUOUS
10
0.0358543307086614
20
0.5926115354330709
11
0.0354134251968504
21
0.5936759448818898
0
LINE
8
BLACK
6
CONTINUOUS
10
0.0354134251968504
20
0.5936759448818898
11
0.0354134251968504
21
0.5948280708661418
0
LINE
8
BLACK
6
CONTINUOUS
10
0.0354134251968504
20
0.5948280708661418
11
0.0358543307086614
21
0.5958924803149607
0
LINE
8
BLACK
6
CONTINUOUS
10
0.0358543307086614
20
0.5958924803149607
11
0.0366689763779528
21
0.5967071259842519
0
LINE
8
BLACK
6
CONTINUOUS
10
0.0366689763779528
20
0.5967071259842519
11
0.0377333858267717
21
0.597148031496063
0
LINE
8
BLACK
6
CONTINUOUS
10
0.0377333858267717
20
0.597148031496063
11
0.0383094488188976
21
0.5972047637795276
0
LINE
8
BLACK
6
CONTINUOUS
10
0.0383094488188976
20
0.5972047637795276
11
0.0698055118110236
21
0.5972047637795276
0
LINE
8
BLACK
6
CONTINUOUS
10
0.0698055118110236
20
0.5972047637795276
11
0.0703815748031496
21
0.597148031496063
0
LINE
8
BLACK
6
CONTINUOUS
10
0.0517608661417323
20
0.59055531496063
11
0.0517608661417323
21
0.5859502362204724
0
LINE
8
BLACK
6
CONTINUOUS
10
0.0517608661417323
20
0.5859502362204724
11
0.0527346850393701
21
0.5840025984251969
0
LINE
8
BLACK
6
CONTINUOUS
10
0.0527346850393701
20
0.5840025984251969
11
0.0535568503937008
21
0.5831804330708661
0
LINE
8
BLACK
6
CONTINUOUS
10
0.0535568503937008
20
0.5831804330708661
11
0.0555044094488189
21
0.582206653543307
0
LINE
8
BLACK
6
CONTINUOUS
10
0.0555044094488189
20
0.582206653543307
11
0.0631092125984252
21
0.582206653543307
0
LINE
8
BLACK
6
CONTINUOUS
10
0.0631092125984252
20
0.582206653543307
11
0.0650567716535433
21
0.5831804330708661
0
LINE
8
BLACK
6
CONTINUOUS
10
0.0650567716535433
20
0.5831804330708661
11
0.065878937007874
21
0.5840026377952756
0
LINE
8
BLACK
6
CONTINUOUS
10
0.065878937007874
20
0.5840026377952756
11
0.0668527559055118
21
0.5859502362204724
0
LINE
8
BLACK
6
CONTINUOUS
10
0.0668527559055118
20
0.5859502362204724
11
0.0668527559055118
21
0.5905553543307086
0
LINE
8
BLACK
6
CONTINUOUS
10
0.0668527559055118
20
0.5905553543307086
11
0.0664807874015748
21
0.591299251968504
0
LINE
8
BLACK
6
CONTINUOUS
10
0.0664807874015748
20
0.591299251968504
11
0.0521328346456693
21
0.591299251968504
0
LINE
8
BLACK
6
CONTINUOUS
10
0.0521328346456693
20
0.591299251968504
11
0.0517608661417323
21
0.59055531496063
0
LINE
8
BLACK
6
CONTINUOUS
10
0.6526331102362205
20
0.6108180708661417
11
0.6529462598425196
21
0.6108027952755906
0
LINE
8
BLACK
6
CONTINUOUS
10
0.6529462598425196
20
0.6108027952755906
11
0.6596954330708661
21
0.6091155118110236
0
LINE
8
BLACK
6
CONTINUOUS
10
0.6596954330708661
20
0.6091155118110236
11
0.659948779527559
21
0.6089958267716535
0
LINE
8
BLACK
6
CONTINUOUS
10
0.659948779527559
20
0.6089958267716535
11
0.6602192125984252
21
0.6089217716535433
0
LINE
8
BLACK
6
CONTINUOUS
10
0.6602192125984252
20
0.6089217716535433
11
0.663593779527559
21
0.6072344881889764
0
LINE
8
BLACK
6
CONTINUOUS
10
0.663593779527559
20
0.6072344881889764
11
0.6639181102362205
21
0.6069827952755905
0
LINE
8
BLACK
6
CONTINUOUS
10
0.6639181102362205
20
0.6069827952755905
11
0.6642588582677165
21
0.6067550787401574
0
LINE
8
BLACK
6
CONTINUOUS
10
0.6642588582677165
20
0.6067550787401574
11
0.6659461811023621
21
0.6050677559055118
0
LINE
8
BLACK
6
CONTINUOUS
10
0.6659461811023621
20
0.6050677559055118
11
0.6661740157480315
21
0.6047267322834645
0
LINE
8
BLACK
6
CONTINUOUS
10
0.6661740157480315
20
0.6047267322834645
11
0.6664255118110236
21
0.6044027165354331
0
LINE
8
BLACK
6
CONTINUOUS
10
0.6664255118110236
20
0.6044027165354331
11
0.6681127952755905
21
0.6010281496062992
0
LINE
8
BLACK
6
CONTINUOUS
10
0.6681127952755905
20
0.6010281496062992
11
0.668146653543307
21
0.6009044881889763
0
LINE
8
BLACK
6
CONTINUOUS
10
0.668146653543307
20
0.6009044881889763
11
0.6681881496062992
21
0.6008629921259843
0
LINE
8
BLACK
6
CONTINUOUS
10
0.6681881496062992
20
0.6008629921259843
11
0.6682681496062992
21
0.6004607480314961
0
LINE
8
BLACK
6
CONTINUOUS
10
0.6682681496062992
20
0.6004607480314961
11
0.6683764960629921
21
0.6000651181102362
0
LINE
8
BLACK
6
CONTINUOUS
10
0.6683764960629921
20
0.6000651181102362
11
0.6683579133858267
21
0.6000094488188976
0
LINE
8
BLACK
6
CONTINUOUS
10
0.6683579133858267
20
0.6000094488188976
11
0.6683829527559055
21
0.5998837007874016
0
LINE
8
BLACK
6
CONTINUOUS
10
0.6683829527559055
20
0.5998837007874016
11
0.6683829527559055
21
0.5965091338582676
0
LINE
8
BLACK
6
CONTINUOUS
10
0.6683829527559055
20
0.5965091338582676
11
0.6683579133858267
21
0.5963834251968504
0
LINE
8
BLACK
6
CONTINUOUS
10
0.6683579133858267
20
0.5963834251968504
11
0.6683764960629921
21
0.596327716535433
0
LINE
8
BLACK
6
CONTINUOUS
10
0.6683764960629921
20
0.596327716535433
11
0.6682681496062992
21
0.5959321259842519
0
LINE
8
BLACK
6
CONTINUOUS
10
0.6682681496062992
20
0.5959321259842519
11
0.6681881496062992
21
0.595529842519685
0
LINE
8
BLACK
6
CONTINUOUS
10
0.6681881496062992
20
0.595529842519685
11
0.668146653543307
21
0.5954883858267717
0
LINE
8
BLACK
6
CONTINUOUS
10
0.668146653543307
20
0.5954883858267717
11
0.6681127952755905
21
0.59536468503937
0
LINE
8
BLACK
6
CONTINUOUS
10
0.6681127952755905
20
0.59536468503937
11
0.6664255118110236
21
0.5919901181102362
0
LINE
8
BLACK
6
CONTINUOUS
10
0.6664255118110236
20
0.5919901181102362
11
0.6661740157480315
21
0.5916661417322835
0
LINE
8
BLACK
6
CONTINUOUS
10
0.6661740157480315
20
0.5916661417322835
11
0.6659461811023621
21
0.5913250787401575
0
LINE
8
BLACK
6
CONTINUOUS
10
0.6659461811023621
20
0.5913250787401575
11
0.6642588582677165
21
0.5896377559055118
0
LINE
8
BLACK
6
CONTINUOUS
10
0.6642588582677165
20
0.5896377559055118
11
0.6639181102362205
21
0.5894100787401575
0
LINE
8
BLACK
6
CONTINUOUS
10
0.6639181102362205
20
0.5894100787401575
11
0.663593779527559
21
0.5891583464566928
0
LINE
8
BLACK
6
CONTINUOUS
10
0.663593779527559
20
0.5891583464566928
11
0.6602192125984252
21
0.5874710629921259
0
LINE
8
BLACK
6
CONTINUOUS
10
0.6602192125984252
20
0.5874710629921259
11
0.659948779527559
21
0.5873970472440945
0
LINE
8
BLACK
6
CONTINUOUS
10
0.659948779527559
20
0.5873970472440945
11
0.6596954330708661
21
0.5872773228346456
0
LINE
8
BLACK
6
CONTINUOUS
10
0.6596954330708661
20
0.5872773228346456
11
0.6529462598425196
21
0.5855900393700787
0
LINE
8
BLACK
6
CONTINUOUS
10
0.6529462598425196
20
0.5855900393700787
11
0.6526331102362205
21
0.5855748031496063
0
LINE
8
BLACK
6
CONTINUOUS
10
0.6526331102362205
20
0.5855748031496063
11
0.6523255905511811
21
0.5855136220472441
0
LINE
8
BLACK
6
CONTINUOUS
10
0.6523255905511811
20
0.5855136220472441
11
0.6438891732283465
21
0.5855136220472441
0
LINE
8
BLACK
6
CONTINUOUS
10
0.6438891732283465
20
0.5855136220472441
11
0.6435816141732283
21
0.5855748031496063
0
LINE
8
BLACK
6
CONTINUOUS
10
0.6435816141732283
20
0.5855748031496063
11
0.6432685039370079
21
0.5855900393700787
0
LINE
8
BLACK
6
CONTINUOUS
10
0.6432685039370079
20
0.5855900393700787
11
0.6365193307086614
21
0.5872773228346456
0
LINE
8
BLACK
6
CONTINUOUS
10
0.6365193307086614
20
0.5872773228346456
11
0.6362659448818897
21
0.5873970472440945
0
LINE
8
BLACK
6
CONTINUOUS
10
0.6362659448818897
20
0.5873970472440945
11
0.6359955511811024
21
0.5874710629921259
0
LINE
8
BLACK
6
CONTINUOUS
10
0.6359955511811024
20
0.5874710629921259
11
0.6326209842519684
21
0.5891583464566928
0
LINE
8
BLACK
6
CONTINUOUS
10
0.6326209842519684
20
0.5891583464566928
11
0.6322970078740158
21
0.5894098031496063
0
LINE
8
BLACK
6
CONTINUOUS
10
0.6322970078740158
20
0.5894098031496063
11
0.631955905511811
21
0.5896377165354331
0
LINE
8
BLACK
6
CONTINUOUS
10
0.631955905511811
20
0.5896377165354331
11
0.6302686220472441
21
0.5913250787401575
0
LINE
8
BLACK
6
CONTINUOUS
10
0.6302686220472441
20
0.5913250787401575
11
0.630040905511811
21
0.5916658661417322
0
LINE
8
BLACK
6
CONTINUOUS
10
0.630040905511811
20
0.5916658661417322
11
0.6297892913385826
21
0.5919900787401575
0
LINE
8
BLACK
6
CONTINUOUS
10
0.6297892913385826
20
0.5919900787401575
11
0.628101968503937
21
0.59536468503937
0
LINE
8
BLACK
6
CONTINUOUS
10
0.628101968503937
20
0.59536468503937
11
0.6280681102362204
21
0.5954883070866142
0
LINE
8
BLACK
6
CONTINUOUS
10
0.6280681102362204
20
0.5954883070866142
11
0.6280265748031496
21
0.595529842519685
0
LINE
8
BLACK
6
CONTINUOUS
10
0.6280265748031496
20
0.595529842519685
11
0.6279464960629921
21
0.5959322440944882
0
LINE
8
BLACK
6
CONTINUOUS
10
0.6279464960629921
20
0.5959322440944882
11
0.6278382283464566
21
0.5963276771653543
0
LINE
8
BLACK
6
CONTINUOUS
10
0.6278382283464566
20
0.5963276771653543
11
0.6278567716535433
21
0.5963833858267716
0
LINE
8
BLACK
6
CONTINUOUS
10
0.6278567716535433
20
0.5963833858267716
11
0.6278317716535433
21
0.5965091338582676
0
LINE
8
BLACK
6
CONTINUOUS
10
0.6278317716535433
20
0.5965091338582676
11
0.6278317716535433
21
0.5998837007874016
0
LINE
8
BLACK
6
CONTINUOUS
10
0.6278317716535433
20
0.5998837007874016
11
0.6278567716535433
21
0.6000094881889764
0
LINE
8
BLACK
6
CONTINUOUS
10
0.6278567716535433
20
0.6000094881889764
11
0.6278382283464566
21
0.600065157480315
0
LINE
8
BLACK
6
CONTINUOUS
10
0.6278382283464566
20
0.600065157480315
11
0.6279464960629921
21
0.6004606299212598
0
LINE
8
BLACK
6
CONTINUOUS
10
0.6279464960629921
20
0.6004606299212598
11
0.6280265748031496
21
0.6008629921259843
0
LINE
8
BLACK
6
CONTINUOUS
10
0.6280265748031496
20
0.6008629921259843
11
0.6280681102362204
21
0.6009045669291339
0
LINE
8
BLACK
6
CONTINUOUS
10
0.6280681102362204
20
0.6009045669291339
11
0.628101968503937
21
0.6010281496062992
0
LINE
8
BLACK
6
CONTINUOUS
10
0.628101968503937
20
0.6010281496062992
11
0.6297892913385826
21
0.6044027559055118
0
LINE
8
BLACK
6
CONTINUOUS
10
0.6297892913385826
20
0.6044027559055118
11
0.630040905511811
21
0.6047270078740158
0
LINE
8
BLACK
6
CONTINUOUS
10
0.630040905511811
20
0.6047270078740158
11
0.6302686220472441
21
0.6050677559055118
0
LINE
8
BLACK
6
CONTINUOUS
10
0.6302686220472441
20
0.6050677559055118
11
0.631955905511811
21
0.6067551181102362
0
LINE
8
BLACK
6
CONTINUOUS
10
0.631955905511811
20
0.6067551181102362
11
0.6322970078740158
21
0.6069830708661417
0
LINE
8
BLACK
6
CONTINUOUS
10
0.6322970078740158
20
0.6069830708661417
11
0.6326209842519684
21
0.6072344881889764
0
LINE
8
BLACK
6
CONTINUOUS
10
0.6326209842519684
20
0.6072344881889764
11
0.6359955511811024
21
0.6089217716535433
0
LINE
8
BLACK
6
CONTINUOUS
10
0.6359955511811024
20
0.6089217716535433
11
0.6362659448818897
21
0.6089958267716535
0
LINE
8
BLACK
6
CONTINUOUS
10
0.6362659448818897
20
0.6089958267716535
11
0.6365193307086614
21
0.6091155118110236
0
LINE
8
BLACK
6
CONTINUOUS
10
0.6365193307086614
20
0.6091155118110236
11
0.6432685039370079
21
0.6108027952755906
0
LINE
8
BLACK
6
CONTINUOUS
10
0.6432685039370079
20
0.6108027952755906
11
0.6435816141732283
21
0.6108180708661417
0
LINE
8
BLACK
6
CONTINUOUS
10
0.6435816141732283
20
0.6108180708661417
11
0.6438891732283465
21
0.6108792125984251
0
LINE
8
BLACK
6
CONTINUOUS
10
0.6438891732283465
20
0.6108792125984251
11
0.6523255905511811
21
0.6108792125984251
0
LINE
8
BLACK
6
CONTINUOUS
10
0.6523255905511811
20
0.6108792125984251
11
0.6526331102362205
21
0.6108180708661417
0
LINE
8
BLACK
6
CONTINUOUS
10
0.6380332283464567
20
0.6042183858267717
11
0.6352812992125985
21
0.6028424015748032
0
LINE
8
BLACK
6
CONTINUOUS
10
0.6352812992125985
20
0.6028424015748032
11
0.6341813385826771
21
0.6017424803149606
0
LINE
8
BLACK
6
CONTINUOUS
10
0.6341813385826771
20
0.6017424803149606
11
0.6329498818897638
21
0.5992796456692914
0
LINE
8
BLACK
6
CONTINUOUS
10
0.6329498818897638
20
0.5992796456692914
11
0.6329498818897638
21
0.5971132283464566
0
LINE
8
BLACK
6
CONTINUOUS
10
0.6329498818897638
20
0.5971132283464566
11
0.6341813385826771
21
0.5946503937007874
0
LINE
8
BLACK
6
CONTINUOUS
10
0.6341813385826771
20
0.5946503937007874
11
0.6352812992125985
21
0.5935504330708661
0
LINE
8
BLACK
6
CONTINUOUS
10
0.6352812992125985
20
0.5935504330708661
11
0.6380332283464567
21
0.5921744881889763
0
LINE
8
BLACK
6
CONTINUOUS
10
0.6380332283464567
20
0.5921744881889763
11
0.6442041732283464
21
0.5906317322834646
0
LINE
8
BLACK
6
CONTINUOUS
10
0.6442041732283464
20
0.5906317322834646
11
0.652010590551181
21
0.5906317322834646
0
LINE
8
BLACK
6
CONTINUOUS
10
0.652010590551181
20
0.5906317322834646
11
0.6581814960629921
21
0.5921744881889763
0
LINE
8
BLACK
6
CONTINUOUS
10
0.6581814960629921
20
0.5921744881889763
11
0.6609335039370079
21
0.5935504724409448
0
LINE
8
BLACK
6
CONTINUOUS
10
0.6609335039370079
20
0.5935504724409448
11
0.6620333858267716
21
0.5946504330708662
0
LINE
8
BLACK
6
CONTINUOUS
10
0.6620333858267716
20
0.5946504330708662
11
0.663264842519685
21
0.5971132677165354
0
LINE
8
BLACK
6
CONTINUOUS
10
0.663264842519685
20
0.5971132677165354
11
0.663264842519685
21
0.5992795669291339
0
LINE
8
BLACK
6
CONTINUOUS
10
0.663264842519685
20
0.5992795669291339
11
0.6620333858267716
21
0.6017424409448818
0
LINE
8
BLACK
6
CONTINUOUS
10
0.6620333858267716
20
0.6017424409448818
11
0.6609335039370079
21
0.6028424015748032
0
LINE
8
BLACK
6
CONTINUOUS
10
0.6609335039370079
20
0.6028424015748032
11
0.6581814960629921
21
0.6042183858267717
0
LINE
8
BLACK
6
CONTINUOUS
10
0.6581814960629921
20
0.6042183858267717
11
0.652010590551181
21
0.6057611023622047
0
LINE
8
BLACK
6
CONTINUOUS
10
0.652010590551181
20
0.6057611023622047
11
0.6442041732283464
21
0.6057611023622047
0
LINE
8
BLACK
6
CONTINUOUS
10
0.6442041732283464
20
0.6057611023622047
11
0.6380332283464567
21
0.6042183858267717
0
LINE
8
BLACK
6
CONTINUOUS
10
0.7096783464566929
20
0.6108180708661417
11
0.7099914960629921
21
0.6108027952755906
0
LINE
8
BLACK
6
CONTINUOUS
10
0.7099914960629921
20
0.6108027952755906
11
0.7167406692913386
21
0.6091155118110236
0
LINE
8
BLACK
6
CONTINUOUS
10
0.7167406692913386
20
0.6091155118110236
11
0.7169940157480315
21
0.6089958267716535
0
LINE
8
BLACK
6
CONTINUOUS
10
0.7169940157480315
20
0.6089958267716535
11
0.7172644488188976
21
0.6089217716535433
0
LINE
8
BLACK
6
CONTINUOUS
10
0.7172644488188976
20
0.6089217716535433
11
0.7206390157480315
21
0.6072344881889764
0
LINE
8
BLACK
6
CONTINUOUS
10
0.7206390157480315
20
0.6072344881889764
11
0.7209633464566929
21
0.6069827952755905
0
LINE
8
BLACK
6
CONTINUOUS
10
0.7209633464566929
20
0.6069827952755905
11
0.721304094488189
21
0.6067550787401574
0
LINE
8
BLACK
6
CONTINUOUS
10
0.721304094488189
20
0.6067550787401574
11
0.7229914173228347
21
0.6050677559055118
0
LINE
8
BLACK
6
CONTINUOUS
10
0.7229914173228347
20
0.6050677559055118
11
0.7232192519685039
21
0.6047267322834645
0
LINE
8
BLACK
6
CONTINUOUS
10
0.7232192519685039
20
0.6047267322834645
11
0.723470748031496
21
0.6044027165354331
0
LINE
8
BLACK
6
CONTINUOUS
10
0.723470748031496
20
0.6044027165354331
11
0.7251580314960629
21
0.6010281496062992
0
LINE
8
BLACK
6
CONTINUOUS
10
0.7251580314960629
20
0.6010281496062992
11
0.7251918897637795
21
0.6009044881889763
0
LINE
8
BLACK
6
CONTINUOUS
10
0.7251918897637795
20
0.6009044881889763
11
0.7252333858267717
21
0.6008629921259843
0
LINE
8
BLACK
6
CONTINUOUS
10
0.7252333858267717
20
0.6008629921259843
11
0.7253133858267716
21
0.6004607480314961
0
LINE
8
BLACK
6
CONTINUOUS
10
0.7253133858267716
20
0.6004607480314961
11
0.7254217322834645
21
0.6000651181102362
0
LINE
8
BLACK
6
CONTINUOUS
10
0.7254217322834645
20
0.6000651181102362
11
0.7254031496062991
21
0.6000094488188976
0
LINE
8
BLACK
6
CONTINUOUS
10
0.7254031496062991
20
0.6000094488188976
11
0.725428188976378
21
0.5998837007874016
0
LINE
8
BLACK
6
CONTINUOUS
10
0.725428188976378
20
0.5998837007874016
11
0.725428188976378
21
0.5965091338582676
0
LINE
8
BLACK
6
CONTINUOUS
10
0.725428188976378
20
0.5965091338582676
11
0.7254031496062991
21
0.5963834251968504
0
LINE
8
BLACK
6
CONTINUOUS
10
0.7254031496062991
20
0.5963834251968504
11
0.7254217322834645
21
0.596327716535433
0
LINE
8
BLACK
6
CONTINUOUS
10
0.7254217322834645
20
0.596327716535433
11
0.7253133858267716
21
0.5959321259842519
0
LINE
8
BLACK
6
CONTINUOUS
10
0.7253133858267716
20
0.5959321259842519
11
0.7252333858267717
21
0.595529842519685
0
LINE
8
BLACK
6
CONTINUOUS
10
0.7252333858267717
20
0.595529842519685
11
0.7251918897637795
21
0.5954883858267717
0
LINE
8
BLACK
6
CONTINUOUS
10
0.7251918897637795
20
0.5954883858267717
11
0.7251580314960629
21
0.59536468503937
0
LINE
8
BLACK
6
CONTINUOUS
10
0.7251580314960629
20
0.59536468503937
11
0.723470748031496
21
0.5919901181102362
0
LINE
8
BLACK
6
CONTINUOUS
10
0.723470748031496
20
0.5919901181102362
11
0.7232192519685039
21
0.5916661417322835
0
LINE
8
BLACK
6
CONTINUOUS
10
0.7232192519685039
20
0.5916661417322835
11
0.7229914173228347
21
0.5913250787401575
0
LINE
8
BLACK
6
CONTINUOUS
10
0.7229914173228347
20
0.5913250787401575
11
0.721304094488189
21
0.5896377559055118
0
LINE
8
BLACK
6
CONTINUOUS
10
0.721304094488189
20
0.5896377559055118
11
0.7209633464566929
21
0.5894100787401575
0
LINE
8
BLACK
6
CONTINUOUS
10
0.7209633464566929
20
0.5894100787401575
11
0.7206390157480315
21
0.5891583464566928
0
LINE
8
BLACK
6
CONTINUOUS
10
0.7206390157480315
20
0.5891583464566928
11
0.7172644488188976
21
0.5874710629921259
0
LINE
8
BLACK
6
CONTINUOUS
10
0.7172644488188976
20
0.5874710629921259
11
0.7169940157480315
21
0.5873970472440945
0
LINE
8
BLACK
6
CONTINUOUS
10
0.7169940157480315
20
0.5873970472440945
11
0.7167406692913386
21
0.5872773228346456
0
LINE
8
BLACK
6
CONTINUOUS
10
0.7167406692913386
20
0.5872773228346456
11
0.7099914960629921
21
0.5855900393700787
0
LINE
8
BLACK
6
CONTINUOUS
10
0.7099914960629921
20
0.5855900393700787
11
0.7096783464566929
21
0.5855748031496063
0
LINE
8
BLACK
6
CONTINUOUS
10
0.7096783464566929
20
0.5855748031496063
11
0.7093708267716535
21
0.5855136220472441
0
LINE
8
BLACK
6
CONTINUOUS
10
0.7093708267716535
20
0.5855136220472441
11
0.7009344094488189
21
0.5855136220472441
0
LINE
8
BLACK
6
CONTINUOUS
10
0.7009344094488189
20
0.5855136220472441
11
0.7006268503937008
21
0.5855748031496063
0
LINE
8
BLACK
6
CONTINUOUS
10
0.7006268503937008
20
0.5855748031496063
11
0.7003137401574803
21
0.5855900393700787
0
LINE
8
BLACK
6
CONTINUOUS
10
0.7003137401574803
20
0.5855900393700787
11
0.6935645669291338
21
0.5872773228346456
0
LINE
8
BLACK
6
CONTINUOUS
10
0.6935645669291338
20
0.5872773228346456
11
0.6933111811023622
21
0.5873970472440945
0
LINE
8
BLACK
6
CONTINUOUS
10
0.6933111811023622
20
0.5873970472440945
11
0.6930407874015748
21
0.5874710629921259
0
LINE
8
BLACK
6
CONTINUOUS
10
0.6930407874015748
20
0.5874710629921259
11
0.689666220472441
21
0.5891583464566928
0
LINE
8
BLACK
6
CONTINUOUS
10
0.689666220472441
20
0.5891583464566928
11
0.6893422440944882
21
0.5894098031496063
0
LINE
8
BLACK
6
CONTINUOUS
10
0.6893422440944882
20
0.5894098031496063
11
0.6890011417322834
21
0.5896377165354331
0
LINE
8
BLACK
6
CONTINUOUS
10
0.6890011417322834
20
0.5896377165354331
11
0.6873138582677165
21
0.5913250787401575
0
LINE
8
BLACK
6
CONTINUOUS
10
0.6873138582677165
20
0.5913250787401575
11
0.6870861417322834
21
0.5916658661417322
0
LINE
8
BLACK
6
CONTINUOUS
10
0.6870861417322834
20
0.5916658661417322
11
0.6868345275590551
21
0.5919900787401575
0
LINE
8
BLACK
6
CONTINUOUS
10
0.6868345275590551
20
0.5919900787401575
11
0.6851472047244095
21
0.59536468503937
0
LINE
8
BLACK
6
CONTINUOUS
10
0.6851472047244095
20
0.59536468503937
11
0.6851133464566929
21
0.5954883070866142
0
LINE
8
BLACK
6
CONTINUOUS
10
0.6851133464566929
20
0.5954883070866142
11
0.685071811023622
21
0.595529842519685
0
LINE
8
BLACK
6
CONTINUOUS
10
0.685071811023622
20
0.595529842519685
11
0.6849917322834645
21
0.5959322440944882
0
LINE
8
BLACK
6
CONTINUOUS
10
0.6849917322834645
20
0.5959322440944882
11
0.6848834645669292
21
0.5963276771653543
0
LINE
8
BLACK
6
CONTINUOUS
10
0.6848834645669292
20
0.5963276771653543
11
0.6849020078740158
21
0.5963833858267716
0
LINE
8
BLACK
6
CONTINUOUS
10
0.6849020078740158
20
0.5963833858267716
11
0.6848770078740157
21
0.5965091338582676
0
LINE
8
BLACK
6
CONTINUOUS
10
0.6848770078740157
20
0.5965091338582676
11
0.6848770078740157
21
0.5998837007874016
0
LINE
8
BLACK
6
CONTINUOUS
10
0.6848770078740157
20
0.5998837007874016
11
0.6849020078740158
21
0.6000094881889764
0
LINE
8
BLACK
6
CONTINUOUS
10
0.6849020078740158
20
0.6000094881889764
11
0.6848834645669292
21
0.600065157480315
0
LINE
8
BLACK
6
CONTINUOUS
10
0.6848834645669292
20
0.600065157480315
11
0.6849917322834645
21
0.6004606299212598
0
LINE
8
BLACK
6
CONTINUOUS
10
0.6849917322834645
20
0.6004606299212598
11
0.685071811023622
21
0.6008629921259843
0
LINE
8
BLACK
6
CONTINUOUS
10
0.685071811023622
20
0.6008629921259843
11
0.6851133464566929
21
0.6009045669291339
0
LINE
8
BLACK
6
CONTINUOUS
10
0.6851133464566929
20
0.6009045669291339
11
0.6851472047244095
21
0.6010281496062992
0
LINE
8
BLACK
6
CONTINUOUS
10
0.6851472047244095
20
0.6010281496062992
11
0.6868345275590551
21
0.6044027559055118
0
LINE
8
BLACK
6
CONTINUOUS
10
0.6868345275590551
20
0.6044027559055118
11
0.6870861417322834
21
0.6047270078740158
0
LINE
8
BLACK
6
CONTINUOUS
10
0.6870861417322834
20
0.6047270078740158
11
0.6873138582677165
21
0.6050677559055118
0
LINE
8
BLACK
6
CONTINUOUS
10
0.6873138582677165
20
0.6050677559055118
11
0.6890011417322834
21
0.6067551181102362
0
LINE
8
BLACK
6
CONTINUOUS
10
0.6890011417322834
20
0.6067551181102362
11
0.6893422440944882
21
0.6069830708661417
0
LINE
8
BLACK
6
CONTINUOUS
10
0.6893422440944882
20
0.6069830708661417
11
0.689666220472441
21
0.6072344881889764
0
LINE
8
BLACK
6
CONTINUOUS
10
0.689666220472441
20
0.6072344881889764
11
0.6930407874015748
21
0.6089217716535433
0
LINE
8
BLACK
6
CONTINUOUS
10
0.6930407874015748
20
0.6089217716535433
11
0.6933111811023622
21
0.6089958267716535
0
LINE
8
BLACK
6
CONTINUOUS
10
0.6933111811023622
20
0.6089958267716535
11
0.6935645669291338
21
0.6091155118110236
0
LINE
8
BLACK
6
CONTINUOUS
10
0.6935645669291338
20
0.6091155118110236
11
0.7003137401574803
21
0.6108027952755906
0
LINE
8
BLACK
6
CONTINUOUS
10
0.7003137401574803
20
0.6108027952755906
11
0.7006268503937008
21
0.6108180708661417
0
LINE
8
BLACK
6
CONTINUOUS
10
0.7006268503937008
20
0.6108180708661417
11
0.7009344094488189
21
0.6108792125984251
0
LINE
8
BLACK
6
CONTINUOUS
10
0.7009344094488189
20
0.6108792125984251
11
0.7093708267716535
21
0.6108792125984251
0
LINE
8
BLACK
6
CONTINUOUS
10
0.7093708267716535
20
0.6108792125984251
11
0.7096783464566929
21
0.6108180708661417
0
LINE
8
BLACK
6
CONTINUOUS
10
0.6950784645669291
20
0.6042183858267717
11
0.6923265354330709
21
0.6028424015748032
0
LINE
8
BLACK
6
CONTINUOUS
10
0.6923265354330709
20
0.6028424015748032
11
0.6912265748031496
21
0.6017424803149606
0
LINE
8
BLACK
6
CONTINUOUS
10
0.6912265748031496
20
0.6017424803149606
11
0.6899951181102362
21
0.5992796456692914
0
LINE
8
BLACK
6
CONTINUOUS
10
0.6899951181102362
20
0.5992796456692914
11
0.6899951181102362
21
0.5971132283464566
0
LINE
8
BLACK
6
CONTINUOUS
10
0.6899951181102362
20
0.5971132283464566
11
0.6912265748031496
21
0.5946503937007874
0
LINE
8
BLACK
6
CONTINUOUS
10
0.6912265748031496
20
0.5946503937007874
11
0.6923265354330709
21
0.5935504330708661
0
LINE
8
BLACK
6
CONTINUOUS
10
0.6923265354330709
20
0.5935504330708661
11
0.6950784645669291
21
0.5921744881889763
0
LINE
8
BLACK
6
CONTINUOUS
10
0.6950784645669291
20
0.5921744881889763
11
0.7012494094488189
21
0.5906317322834646
0
LINE
8
BLACK
6
CONTINUOUS
10
0.7012494094488189
20
0.5906317322834646
11
0.7090558267716536
21
0.5906317322834646
0
LINE
8
BLACK
6
CONTINUOUS
10
0.7090558267716536
20
0.5906317322834646
11
0.7152267322834646
21
0.5921744881889763
0
LINE
8
BLACK
6
CONTINUOUS
10
0.7152267322834646
20
0.5921744881889763
11
0.7179787401574803
21
0.5935504724409448
0
LINE
8
BLACK
6
CONTINUOUS
10
0.7179787401574803
20
0.5935504724409448
11
0.719078622047244
21
0.5946504330708662
0
LINE
8
BLACK
6
CONTINUOUS
10
0.719078622047244
20
0.5946504330708662
11
0.7203100787401575
21
0.5971132677165354
0
LINE
8
BLACK
6
CONTINUOUS
10
0.7203100787401575
20
0.5971132677165354
11
0.7203100787401575
21
0.5992795669291339
0
LINE
8
BLACK
6
CONTINUOUS
10
0.7203100787401575
20
0.5992795669291339
11
0.719078622047244
21
0.6017424409448818
0
LINE
8
BLACK
6
CONTINUOUS
10
0.719078622047244
20
0.6017424409448818
11
0.7179787401574803
21
0.6028424015748032
0
LINE
8
BLACK
6
CONTINUOUS
10
0.7179787401574803
20
0.6028424015748032
11
0.7152267322834646
21
0.6042183858267717
0
LINE
8
BLACK
6
CONTINUOUS
10
0.7152267322834646
20
0.6042183858267717
11
0.7090558267716536
21
0.6057611023622047
0
LINE
8
BLACK
6
CONTINUOUS
10
0.7090558267716536
20
0.6057611023622047
11
0.7012494094488189
21
0.6057611023622047
0
LINE
8
BLACK
6
CONTINUOUS
10
0.7012494094488189
20
0.6057611023622047
11
0.6950784645669291
21
0.6042183858267717
0
LINE
8
BLACK
6
CONTINUOUS
10
0.5766141732283464
20
0.7064566929133859
11
0.5823747244094488
21
0.7058893307086614
0
LINE
8
BLACK
6
CONTINUOUS
10
0.5823747244094488
20
0.7058893307086614
11
0.5879138976377952
21
0.7042090551181103
0
LINE
8
BLACK
6
CONTINUOUS
10
0.5879138976377952
20
0.7042090551181103
11
0.5930188188976377
21
0.7014803937007874
0
LINE
8
BLACK
6
CONTINUOUS
10
0.5930188188976377
20
0.7014803937007874
11
0.5974933070866142
21
0.6978082677165354
0
LINE
8
BLACK
6
CONTINUOUS
10
0.5974933070866142
20
0.6978082677165354
11
0.6011654330708661
21
0.693333779527559
0
LINE
8
BLACK
6
CONTINUOUS
10
0.6011654330708661
20
0.693333779527559
11
0.603894094488189
21
0.6882288582677165
0
LINE
8
BLACK
6
CONTINUOUS
10
0.603894094488189
20
0.6882288582677165
11
0.6055743700787402
21
0.6826896850393701
0
LINE
8
BLACK
6
CONTINUOUS
10
0.6055743700787402
20
0.6826896850393701
11
0.6061417322834646
21
0.6769291338582677
0
LINE
8
BLACK
6
CONTINUOUS
10
0.6061417322834646
20
0.6769291338582677
11
0.6061417322834646
21
0.6218110236220472
0
LINE
8
BLACK
6
CONTINUOUS
10
0.6061417322834646
20
0.6218110236220472
11
0.6055743700787402
21
0.6160504724409449
0
LINE
8
BLACK
6
CONTINUOUS
10
0.6055743700787402
20
0.6160504724409449
11
0.603894094488189
21
0.6105112992125984
0
LINE
8
BLACK
6
CONTINUOUS
10
0.603894094488189
20
0.6105112992125984
11
0.6011654330708661
21
0.6054063779527559
0
LINE
8
BLACK
6
CONTINUOUS
10
0.6011654330708661
20
0.6054063779527559
11
0.5974933070866142
21
0.6009318897637795
0
LINE
8
BLACK
6
CONTINUOUS
10
0.5974933070866142
20
0.6009318897637795
11
0.5930188188976377
21
0.5972597637795275
0
LINE
8
BLACK
6
CONTINUOUS
10
0.5930188188976377
20
0.5972597637795275
11
0.5879138976377952
21
0.5945311023622047
0
LINE
8
BLACK
6
CONTINUOUS
10
0.5879138976377952
20
0.5945311023622047
11
0.5823747244094488
21
0.5928508267716536
0
LINE
8
BLACK
6
CONTINUOUS
10
0.5823747244094488
20
0.5928508267716536
11
0.5766141732283464
21
0.5922834645669292
0
LINE
8
BLACK
6
CONTINUOUS
10
0.5766141732283464
20
0.5922834645669292
11
0.552992125984252
21
0.5922834645669292
0
LINE
8
BLACK
6
CONTINUOUS
10
0.552992125984252
20
0.5922834645669292
11
0.5472315748031495
21
0.5928508267716536
0
LINE
8
BLACK
6
CONTINUOUS
10
0.5472315748031495
20
0.5928508267716536
11
0.5416924015748031
21
0.5945311023622047
0
LINE
8
BLACK
6
CONTINUOUS
10
0.5416924015748031
20
0.5945311023622047
11
0.5365874803149606
21
0.5972597637795275
0
LINE
8
BLACK
6
CONTINUOUS
10
0.5365874803149606
20
0.5972597637795275
11
0.5321129921259843
21
0.6009318897637795
0
LINE
8
BLACK
6
CONTINUOUS
10
0.5321129921259843
20
0.6009318897637795
11
0.5284408661417322
21
0.6054063779527559
0
LINE
8
BLACK
6
CONTINUOUS
10
0.5284408661417322
20
0.6054063779527559
11
0.5257122047244094
21
0.6105112992125984
0
LINE
8
BLACK
6
CONTINUOUS
10
0.5257122047244094
20
0.6105112992125984
11
0.5240319291338582
21
0.6160504724409449
0
LINE
8
BLACK
6
CONTINUOUS
10
0.5240319291338582
20
0.6160504724409449
11
0.5234645669291339
21
0.6218110236220472
0
LINE
8
BLACK
6
CONTINUOUS
10
0.5234645669291339
20
0.6218110236220472
11
0.5234645669291339
21
0.6769291338582677
0
LINE
8
BLACK
6
CONTINUOUS
10
0.5234645669291339
20
0.6769291338582677
11
0.5240319291338582
21
0.6826896850393701
0
LINE
8
BLACK
6
CONTINUOUS
10
0.5240319291338582
20
0.6826896850393701
11
0.5257122047244094
21
0.6882288582677165
0
LINE
8
BLACK
6
CONTINUOUS
10
0.5257122047244094
20
0.6882288582677165
11
0.5284408661417322
21
0.693333779527559
0
LINE
8
BLACK
6
CONTINUOUS
10
0.5284408661417322
20
0.693333779527559
11
0.5321129921259843
21
0.6978082677165354
0
LINE
8
BLACK
6
CONTINUOUS
10
0.5321129921259843
20
0.6978082677165354
11
0.5365874803149606
21
0.7014803937007874
0
LINE
8
BLACK
6
CONTINUOUS
10
0.5365874803149606
20
0.7014803937007874
11
0.5416924015748031
21
0.7042090551181103
0
LINE
8
BLACK
6
CONTINUOUS
10
0.5416924015748031
20
0.7042090551181103
11
0.5472315748031495
21
0.7058893307086614
0
LINE
8
BLACK
6
CONTINUOUS
10
0.5472315748031495
20
0.7058893307086614
11
0.552992125984252
21
0.7064566929133859
0
LINE
8
BLACK
6
CONTINUOUS
10
0.552992125984252
20
0.7064566929133859
11
0.5766141732283464
21
0.7064566929133859
0
LINE
8
BLACK
6
CONTINUOUS
10
0.552992125984252
20
0.70251968503937
11
0.550108779527559
21
0.70251968503937
0
LINE
8
BLACK
6
CONTINUOUS
10
0.550108779527559
20
0.70251968503937
11
0.5444866141732283
21
0.7012364566929133
0
LINE
8
BLACK
6
CONTINUOUS
10
0.5444866141732283
20
0.7012364566929133
11
0.5392909842519685
21
0.6987343700787402
0
LINE
8
BLACK
6
CONTINUOUS
10
0.5392909842519685
20
0.6987343700787402
11
0.5347823622047244
21
0.6951388976377952
0
LINE
8
BLACK
6
CONTINUOUS
10
0.5347823622047244
20
0.6951388976377952
11
0.5311868897637795
21
0.6906302755905511
0
LINE
8
BLACK
6
CONTINUOUS
10
0.5311868897637795
20
0.6906302755905511
11
0.5286848031496063
21
0.6854346456692914
0
LINE
8
BLACK
6
CONTINUOUS
10
0.5286848031496063
20
0.6854346456692914
11
0.5274015748031496
21
0.6798124803149607
0
LINE
8
BLACK
6
CONTINUOUS
10
0.5274015748031496
20
0.6798124803149607
11
0.5274015748031496
21
0.6769291338582677
0
LINE
8
BLACK
6
CONTINUOUS
10
0.5274015748031496
20
0.6769291338582677
11
0.5274015748031496
21
0.6218110236220472
0
LINE
8
BLACK
6
CONTINUOUS
10
0.5274015748031496
20
0.6218110236220472
11
0.5274015748031496
21
0.6189276771653544
0
LINE
8
BLACK
6
CONTINUOUS
10
0.5274015748031496
20
0.6189276771653544
11
0.5286848031496063
21
0.6133055118110237
0
LINE
8
BLACK
6
CONTINUOUS
10
0.5286848031496063
20
0.6133055118110237
11
0.5311868897637795
21
0.6081098818897638
0
LINE
8
BLACK
6
CONTINUOUS
10
0.5311868897637795
20
0.6081098818897638
11
0.5347823622047244
21
0.6036012598425197
0
LINE
8
BLACK
6
CONTINUOUS
10
0.5347823622047244
20
0.6036012598425197
11
0.5392909842519685
21
0.6000057874015748
0
LINE
8
BLACK
6
CONTINUOUS
10
0.5392909842519685
20
0.6000057874015748
11
0.5444866141732283
21
0.5975037007874016
0
LINE
8
BLACK
6
CONTINUOUS
10
0.5444866141732283
20
0.5975037007874016
11
0.550108779527559
21
0.5962204724409449
0
LINE
8
BLACK
6
CONTINUOUS
10
0.550108779527559
20
0.5962204724409449
11
0.552992125984252
21
0.5962204724409449
0
LINE
8
BLACK
6
CONTINUOUS
10
0.552992125984252
20
0.5962204724409449
11
0.5766141732283464
21
0.5962204724409449
0
LINE
8
BLACK
6
CONTINUOUS
10
0.5766141732283464
20
0.5962204724409449
11
0.5794975196850394
21
0.5962204724409449
0
LINE
8
BLACK
6
CONTINUOUS
10
0.5794975196850394
20
0.5962204724409449
11
0.5851196850393701
21
0.5975037007874016
0
LINE
8
BLACK
6
CONTINUOUS
10
0.5851196850393701
20
0.5975037007874016
11
0.5903153149606299
21
0.6000057874015748
0
LINE
8
BLACK
6
CONTINUOUS
10
0.5903153149606299
20
0.6000057874015748
11
0.5948239370078739
21
0.6036012598425197
0
LINE
8
BLACK
6
CONTINUOUS
10
0.5948239370078739
20
0.6036012598425197
11
0.5984194094488189
21
0.6081098818897638
0
LINE
8
BLACK
6
CONTINUOUS
10
0.5984194094488189
20
0.6081098818897638
11
0.6009214960629922
21
0.6133055118110237
0
LINE
8
BLACK
6
CONTINUOUS
10
0.6009214960629922
20
0.6133055118110237
11
0.6022047244094488
21
0.6189276771653544
0
LINE
8
BLACK
6
CONTINUOUS
10
0.6022047244094488
20
0.6189276771653544
11
0.6022047244094488
21
0.6218110236220472
0
LINE
8
BLACK
6
CONTINUOUS
10
0.6022047244094488
20
0.6218110236220472
11
0.6022047244094488
21
0.6769291338582677
0
LINE
8
BLACK
6
CONTINUOUS
10
0.6022047244094488
20
0.6769291338582677
11
0.6022047244094488
21
0.6798124803149607
0
LINE
8
BLACK
6
CONTINUOUS
10
0.6022047244094488
20
0.6798124803149607
11
0.6009214960629922
21
0.6854346456692914
0
LINE
8
BLACK
6
CONTINUOUS
10
0.6009214960629922
20
0.6854346456692914
11
0.5984194094488189
21
0.6906302755905511
0
LINE
8
BLACK
6
CONTINUOUS
10
0.5984194094488189
20
0.6906302755905511
11
0.5948239370078739
21
0.6951388976377952
0
LINE
8
BLACK
6
CONTINUOUS
10
0.5948239370078739
20
0.6951388976377952
11
0.5903153149606299
21
0.6987343700787402
0
LINE
8
BLACK
6
CONTINUOUS
10
0.5903153149606299
20
0.6987343700787402
11
0.5851196850393701
21
0.7012364566929133
0
LINE
8
BLACK
6
CONTINUOUS
10
0.5851196850393701
20
0.7012364566929133
11
0.5794975196850394
21
0.70251968503937
0
LINE
8
BLACK
6
CONTINUOUS
10
0.5794975196850394
20
0.70251968503937
11
0.5766141732283464
21
0.70251968503937
0
LINE
8
BLACK
6
CONTINUOUS
10
0.5766141732283464
20
0.70251968503937
11
0.552992125984252
21
0.70251968503937
0
LINE
8
BLACK
6
CONTINUOUS
10
0.3761044881889763
20
0.628947716535433
11
0.376681062992126
21
0.6275557874015748
0
LINE
8
BLACK
6
CONTINUOUS
10
0.376681062992126
20
0.6275557874015748
11
0.376681062992126
21
0.5968302755905511
0
LINE
8
BLACK
6
CONTINUOUS
10
0.376681062992126
20
0.5968302755905511
11
0.3761044881889763
21
0.5954383464566929
0
LINE
8
BLACK
6
CONTINUOUS
10
0.3761044881889763
20
0.5954383464566929
11
0.3747125590551181
21
0.5948617716535433
0
LINE
8
BLACK
6
CONTINUOUS
10
0.3747125590551181
20
0.5948617716535433
11
0.367483031496063
21
0.5948617716535433
0
LINE
8
BLACK
6
CONTINUOUS
10
0.367483031496063
20
0.5948617716535433
11
0.3660911023622047
21
0.5954383464566929
0
LINE
8
BLACK
6
CONTINUOUS
10
0.3660911023622047
20
0.5954383464566929
11
0.3655145275590551
21
0.5968302755905511
0
LINE
8
BLACK
6
CONTINUOUS
10
0.3655145275590551
20
0.5968302755905511
11
0.3655145275590551
21
0.6064806692913386
0
LINE
8
BLACK
6
CONTINUOUS
10
0.3655145275590551
20
0.6064806692913386
11
0.3339173228346456
21
0.6064806692913386
0
LINE
8
BLACK
6
CONTINUOUS
10
0.3339173228346456
20
0.6064806692913386
11
0.3325253937007874
21
0.6070572440944881
0
LINE
8
BLACK
6
CONTINUOUS
10
0.3325253937007874
20
0.6070572440944881
11
0.3319488188976378
21
0.6084491732283465
0
LINE
8
BLACK
6
CONTINUOUS
10
0.3319488188976378
20
0.6084491732283465
11
0.3319488188976378
21
0.6159368897637795
0
LINE
8
BLACK
6
CONTINUOUS
10
0.3319488188976378
20
0.6159368897637795
11
0.3325253937007874
21
0.6173288188976378
0
LINE
8
BLACK
6
CONTINUOUS
10
0.3325253937007874
20
0.6173288188976378
11
0.3339173228346456
21
0.6179053937007873
0
LINE
8
BLACK
6
CONTINUOUS
10
0.3339173228346456
20
0.6179053937007873
11
0.3655145275590551
21
0.6179053937007873
0
LINE
8
BLACK
6
CONTINUOUS
10
0.3655145275590551
20
0.6179053937007873
11
0.3655145275590551
21
0.6275557874015748
0
LINE
8
BLACK
6
CONTINUOUS
10
0.3655145275590551
20
0.6275557874015748
11
0.3660911023622047
21
0.628947716535433
0
LINE
8
BLACK
6
CONTINUOUS
10
0.3660911023622047
20
0.628947716535433
11
0.367483031496063
21
0.6295242913385827
0
LINE
8
BLACK
6
CONTINUOUS
10
0.367483031496063
20
0.6295242913385827
11
0.3747125590551181
21
0.6295242913385827
0
LINE
8
BLACK
6
CONTINUOUS
10
0.3747125590551181
20
0.6295242913385827
11
0.3761044881889763
21
0.628947716535433
0
LINE
8
BLACK
6
CONTINUOUS
10
0.2588387401574803
20
0.6062685826771653
11
0.2602579527559055
21
0.6056807086614173
0
LINE
8
BLACK
6
CONTINUOUS
10
0.2602579527559055
20
0.6056807086614173
11
0.2613441732283465
21
0.6045944881889763
0
LINE
8
BLACK
6
CONTINUOUS
10
0.2613441732283465
20
0.6045944881889763
11
0.2619320472440945
21
0.6031752755905512
0
LINE
8
BLACK
6
CONTINUOUS
10
0.2619320472440945
20
0.6031752755905512
11
0.2619320472440945
21
0.6016391338582677
0
LINE
8
BLACK
6
CONTINUOUS
10
0.2619320472440945
20
0.6016391338582677
11
0.2613441732283465
21
0.6002199212598425
0
LINE
8
BLACK
6
CONTINUOUS
10
0.2613441732283465
20
0.6002199212598425
11
0.2602579527559055
21
0.5991337007874016
0
LINE
8
BLACK
6
CONTINUOUS
10
0.2602579527559055
20
0.5991337007874016
11
0.2588387401574803
21
0.5985458267716536
0
LINE
8
BLACK
6
CONTINUOUS
10
0.2588387401574803
20
0.5985458267716536
11
0.2580706692913386
21
0.5984701968503937
0
LINE
8
BLACK
6
CONTINUOUS
10
0.2580706692913386
20
0.5984701968503937
11
0.2068895669291339
21
0.5984701968503937
0
LINE
8
BLACK
6
CONTINUOUS
10
0.2068895669291339
20
0.5984701968503937
11
0.2061214960629921
21
0.5985458267716536
0
LINE
8
BLACK
6
CONTINUOUS
10
0.2061214960629921
20
0.5985458267716536
11
0.2047022834645669
21
0.5991337007874016
0
LINE
8
BLACK
6
CONTINUOUS
10
0.2047022834645669
20
0.5991337007874016
11
0.203616062992126
21
0.6002199212598425
0
LINE
8
BLACK
6
CONTINUOUS
10
0.203616062992126
20
0.6002199212598425
11
0.2030281889763779
21
0.6016391338582677
0
LINE
8
BLACK
6
CONTINUOUS
10
0.2030281889763779
20
0.6016391338582677
11
0.2030281889763779
21
0.6031752755905512
0
LINE
8
BLACK
6
CONTINUOUS
10
0.2030281889763779
20
0.6031752755905512
11
0.203616062992126
21
0.6045944881889763
0
LINE
8
BLACK
6
CONTINUOUS
10
0.203616062992126
20
0.6045944881889763
11
0.2047022834645669
21
0.6056807086614173
0
LINE
8
BLACK
6
CONTINUOUS
10
0.2047022834645669
20
0.6056807086614173
11
0.2061214960629921
21
0.6062685826771653
0
LINE
8
BLACK
6
CONTINUOUS
10
0.2061214960629921
20
0.6062685826771653
11
0.2068895669291339
21
0.6063442125984252
0
LINE
8
BLACK
6
CONTINUOUS
10
0.2068895669291339
20
0.6063442125984252
11
0.2580706692913386
21
0.6063442125984252
0
LINE
8
BLACK
6
CONTINUOUS
10
0.2580706692913386
20
0.6063442125984252
11
0.2588387401574803
21
0.6062685826771653
0
LINE
8
BLACK
6
CONTINUOUS
10
0.0638083070866142
20
0.6182019291338583
11
0.0638093307086614
21
0.6182021259842519
0
LINE
8
BLACK
6
CONTINUOUS
10
0.0638093307086614
20
0.6182021259842519
11
0.0641023622047244
21
0.6181729921259842
0
LINE
8
BLACK
6
CONTINUOUS
10
0.0641023622047244
20
0.6181729921259842
11
0.0643823228346457
21
0.6181453937007874
0
LINE
8
BLACK
6
CONTINUOUS
10
0.0643823228346457
20
0.6181453937007874
11
0.0643832283464567
21
0.6181450393700787
0
LINE
8
BLACK
6
CONTINUOUS
10
0.0643832283464567
20
0.6181450393700787
11
0.0643853543307087
21
0.6181448031496063
0
LINE
8
BLACK
6
CONTINUOUS
10
0.0643853543307087
20
0.6181448031496063
11
0.0718844094488189
21
0.616645
0
LINE
8
BLACK
6
CONTINUOUS
10
0.0718844094488189
20
0.616645
11
0.0720603543307087
21
0.6165914566929134
0
LINE
8
BLACK
6
CONTINUOUS
10
0.0720603543307087
20
0.6165914566929134
11
0.0722390551181102
21
0.6165507874015748
0
LINE
8
BLACK
6
CONTINUOUS
10
0.0722390551181102
20
0.6165507874015748
11
0.0767385039370079
21
0.6150509842519685
0
LINE
8
BLACK
6
CONTINUOUS
10
0.0767385039370079
20
0.6150509842519685
11
0.0769294881889764
21
0.6149657086614173
0
LINE
8
BLACK
6
CONTINUOUS
10
0.0769294881889764
20
0.6149657086614173
11
0.0771252755905512
21
0.6148907874015748
0
LINE
8
BLACK
6
CONTINUOUS
10
0.0771252755905512
20
0.6148907874015748
11
0.0801248818897638
21
0.6133909842519685
0
LINE
8
BLACK
6
CONTINUOUS
10
0.0801248818897638
20
0.6133909842519685
11
0.080280157480315
21
0.6132932677165355
0
LINE
8
BLACK
6
CONTINUOUS
10
0.080280157480315
20
0.6132932677165355
11
0.0804422834645669
21
0.6132068110236221
0
LINE
8
BLACK
6
CONTINUOUS
10
0.0804422834645669
20
0.6132068110236221
11
0.0849417322834646
21
0.6102071653543307
0
LINE
8
BLACK
6
CONTINUOUS
10
0.0849417322834646
20
0.6102071653543307
11
0.0849433858267716
21
0.6102058267716536
0
LINE
8
BLACK
6
CONTINUOUS
10
0.0849433858267716
20
0.6102058267716536
11
0.0849442913385827
21
0.6102054330708662
0
LINE
8
BLACK
6
CONTINUOUS
10
0.0849442913385827
20
0.6102054330708662
11
0.0851595669291339
21
0.6100287401574803
0
LINE
8
BLACK
6
CONTINUOUS
10
0.0851595669291339
20
0.6100287401574803
11
0.0853895669291339
21
0.6098403937007874
0
LINE
8
BLACK
6
CONTINUOUS
10
0.0853895669291339
20
0.6098403937007874
11
0.0853901181102362
21
0.6098395669291339
0
LINE
8
BLACK
6
CONTINUOUS
10
0.0853901181102362
20
0.6098395669291339
11
0.0853917322834646
21
0.6098382283464567
0
LINE
8
BLACK
6
CONTINUOUS
10
0.0853917322834646
20
0.6098382283464567
11
0.0868915354330709
21
0.6083384251968503
0
LINE
8
BLACK
6
CONTINUOUS
10
0.0868915354330709
20
0.6083384251968503
11
0.0872587401574803
21
0.6078909842519685
0
LINE
8
BLACK
6
CONTINUOUS
10
0.0872587401574803
20
0.6078909842519685
11
0.0876996456692913
21
0.6068265748031496
0
LINE
8
BLACK
6
CONTINUOUS
10
0.0876996456692913
20
0.6068265748031496
11
0.0876996456692913
21
0.6056744881889764
0
LINE
8
BLACK
6
CONTINUOUS
10
0.0876996456692913
20
0.6056744881889764
11
0.0872587401574803
21
0.6046100787401575
0
LINE
8
BLACK
6
CONTINUOUS
10
0.0872587401574803
20
0.6046100787401575
11
0.0864440551181102
21
0.6037953937007874
0
LINE
8
BLACK
6
CONTINUOUS
10
0.0864440551181102
20
0.6037953937007874
11
0.0853796456692913
21
0.6033544881889764
0
LINE
8
BLACK
6
CONTINUOUS
10
0.0853796456692913
20
0.6033544881889764
11
0.0842275590551181
21
0.6033544881889764
0
LINE
8
BLACK
6
CONTINUOUS
10
0.0842275590551181
20
0.6033544881889764
11
0.0831631496062992
21
0.6037953937007874
0
LINE
8
BLACK
6
CONTINUOUS
10
0.0831631496062992
20
0.6037953937007874
11
0.0827157086614173
21
0.6041625984251968
0
LINE
8
BLACK
6
CONTINUOUS
10
0.0827157086614173
20
0.6041625984251968
11
0.0814226771653543
21
0.6054556299212598
0
LINE
8
BLACK
6
CONTINUOUS
10
0.0814226771653543
20
0.6054556299212598
11
0.0773192519685039
21
0.6081912598425196
0
LINE
8
BLACK
6
CONTINUOUS
10
0.0773192519685039
20
0.6081912598425196
11
0.0746718897637795
21
0.6095149212598425
0
LINE
8
BLACK
6
CONTINUOUS
10
0.0746718897637795
20
0.6095149212598425
11
0.0705461811023622
21
0.6108901574803149
0
LINE
8
BLACK
6
CONTINUOUS
10
0.0705461811023622
20
0.6108901574803149
11
0.0635137795275591
21
0.6122966141732283
0
LINE
8
BLACK
6
CONTINUOUS
10
0.0635137795275591
20
0.6122966141732283
11
0.0580994881889764
21
0.6122966141732283
0
LINE
8
BLACK
6
CONTINUOUS
10
0.0580994881889764
20
0.6122966141732283
11
0.0510670472440945
21
0.6108901574803149
0
LINE
8
BLACK
6
CONTINUOUS
10
0.0510670472440945
20
0.6108901574803149
11
0.0469413385826772
21
0.6095149212598425
0
LINE
8
BLACK
6
CONTINUOUS
10
0.0469413385826772
20
0.6095149212598425
11
0.044293937007874
21
0.6081912204724409
0
LINE
8
BLACK
6
CONTINUOUS
10
0.044293937007874
20
0.6081912204724409
11
0.0401905118110236
21
0.605455590551181
0
LINE
8
BLACK
6
CONTINUOUS
10
0.0401905118110236
20
0.605455590551181
11
0.0388974803149606
21
0.6041625590551181
0
LINE
8
BLACK
6
CONTINUOUS
10
0.0388974803149606
20
0.6041625590551181
11
0.0384500393700787
21
0.6037953543307086
0
LINE
8
BLACK
6
CONTINUOUS
10
0.0384500393700787
20
0.6037953543307086
11
0.0373855905511811
21
0.6033544881889764
0
LINE
8
BLACK
6
CONTINUOUS
10
0.0373855905511811
20
0.6033544881889764
11
0.0362335433070866
21
0.6033544881889764
0
LINE
8
BLACK
6
CONTINUOUS
10
0.0362335433070866
20
0.6033544881889764
11
0.0351691338582677
21
0.6037953937007874
0
LINE
8
BLACK
6
CONTINUOUS
10
0.0351691338582677
20
0.6037953937007874
11
0.0343544488188976
21
0.6046100787401575
0
LINE
8
BLACK
6
CONTINUOUS
10
0.0343544488188976
20
0.6046100787401575
11
0.0339135826771654
21
0.6056745275590552
0
LINE
8
BLACK
6
CONTINUOUS
10
0.0339135826771654
20
0.6056745275590552
11
0.0339135826771654
21
0.6068265748031496
0
LINE
8
BLACK
6
CONTINUOUS
10
0.0339135826771654
20
0.6068265748031496
11
0.0343544881889764
21
0.6078909842519685
0
LINE
8
BLACK
6
CONTINUOUS
10
0.0343544881889764
20
0.6078909842519685
11
0.0347217322834646
21
0.6083384645669291
0
LINE
8
BLACK
6
CONTINUOUS
10
0.0347217322834646
20
0.6083384645669291
11
0.0362215748031496
21
0.6098382677165354
0
LINE
8
BLACK
6
CONTINUOUS
10
0.0362215748031496
20
0.6098382677165354
11
0.0362231102362205
21
0.6098395669291339
0
LINE
8
BLACK
6
CONTINUOUS
10
0.0362231102362205
20
0.6098395669291339
11
0.0362237007874016
21
0.6098403937007874
0
LINE
8
BLACK
6
CONTINUOUS
10
0.0362237007874016
20
0.6098403937007874
11
0.0364494488188976
21
0.6100253149606299
0
LINE
8
BLACK
6
CONTINUOUS
10
0.0364494488188976
20
0.6100253149606299
11
0.0366690157480315
21
0.6102054724409449
0
LINE
8
BLACK
6
CONTINUOUS
10
0.0366690157480315
20
0.6102054724409449
11
0.0366699212598425
21
0.6102058661417322
0
LINE
8
BLACK
6
CONTINUOUS
10
0.0366699212598425
20
0.6102058661417322
11
0.0366715354330709
21
0.6102071653543307
0
LINE
8
BLACK
6
CONTINUOUS
10
0.0366715354330709
20
0.6102071653543307
11
0.0411709448818898
21
0.6132068110236221
0
LINE
8
BLACK
6
CONTINUOUS
10
0.0411709448818898
20
0.6132068110236221
11
0.041333031496063
21
0.6132932677165355
0
LINE
8
BLACK
6
CONTINUOUS
10
0.041333031496063
20
0.6132932677165355
11
0.0414883464566929
21
0.6133909842519685
0
LINE
8
BLACK
6
CONTINUOUS
10
0.0414883464566929
20
0.6133909842519685
11
0.0444879921259842
21
0.6148907874015748
0
LINE
8
BLACK
6
CONTINUOUS
10
0.0444879921259842
20
0.6148907874015748
11
0.0446837401574803
21
0.6149657086614173
0
LINE
8
BLACK
6
CONTINUOUS
10
0.0446837401574803
20
0.6149657086614173
11
0.0448747637795276
21
0.6150509842519685
0
LINE
8
BLACK
6
CONTINUOUS
10
0.0448747637795276
20
0.6150509842519685
11
0.0493742125984252
21
0.6165507874015748
0
LINE
8
BLACK
6
CONTINUOUS
10
0.0493742125984252
20
0.6165507874015748
11
0.049552874015748
21
0.6165914566929134
0
LINE
8
BLACK
6
CONTINUOUS
10
0.049552874015748
20
0.6165914566929134
11
0.0497288582677165
21
0.616645
0
LINE
8
BLACK
6
CONTINUOUS
10
0.0497288582677165
20
0.616645
11
0.0572279133858268
21
0.6181448031496063
0
LINE
8
BLACK
6
CONTINUOUS
10
0.0572279133858268
20
0.6181448031496063
11
0.05723
21
0.6181450393700787
0
LINE
8
BLACK
6
CONTINUOUS
10
0.05723
20
0.6181450393700787
11
0.0572309448818898
21
0.6181453937007874
0
LINE
8
BLACK
6
CONTINUOUS
10
0.0572309448818898
20
0.6181453937007874
11
0.0575108661417323
21
0.6181729921259842
0
LINE
8
BLACK
6
CONTINUOUS
10
0.0575108661417323
20
0.6181729921259842
11
0.057803937007874
21
0.6182021259842519
0
LINE
8
BLACK
6
CONTINUOUS
10
0.057803937007874
20
0.6182021259842519
11
0.0578049212598425
21
0.6182019291338583
0
LINE
8
BLACK
6
CONTINUOUS
10
0.0578049212598425
20
0.6182019291338583
11
0.0578070078740157
21
0.6182021259842519
0
LINE
8
BLACK
6
CONTINUOUS
10
0.0578070078740157
20
0.6182021259842519
11
0.0638062598425197
21
0.6182021259842519
0
LINE
8
BLACK
6
CONTINUOUS
10
0.0638062598425197
20
0.6182021259842519
11
0.0638083070866142
21
0.6182019291338583
0
LINE
8
BLACK
6
CONTINUOUS
10
0.5052302362204725
20
0.6366396062992126
11
0.5060448818897638
21
0.6358249606299212
0
LINE
8
BLACK
6
CONTINUOUS
10
0.5060448818897638
20
0.6358249606299212
11
0.5064857874015748
21
0.6347605511811023
0
LINE
8
BLACK
6
CONTINUOUS
10
0.5064857874015748
20
0.6347605511811023
11
0.5065425196850394
21
0.6341844881889763
0
LINE
8
BLACK
6
CONTINUOUS
10
0.5065425196850394
20
0.6341844881889763
11
0.5065425196850394
21
0.6116873228346457
0
LINE
8
BLACK
6
CONTINUOUS
10
0.5065425196850394
20
0.6116873228346457
11
0.5064857874015748
21
0.6111112598425197
0
LINE
8
BLACK
6
CONTINUOUS
10
0.5064857874015748
20
0.6111112598425197
11
0.5060448818897638
21
0.6100468503937008
0
LINE
8
BLACK
6
CONTINUOUS
10
0.5060448818897638
20
0.6100468503937008
11
0.5052302362204725
21
0.6092322047244094
0
LINE
8
BLACK
6
CONTINUOUS
10
0.5052302362204725
20
0.6092322047244094
11
0.5041658267716536
21
0.6087912992125984
0
LINE
8
BLACK
6
CONTINUOUS
10
0.5041658267716536
20
0.6087912992125984
11
0.5030137007874016
21
0.6087912992125984
0
LINE
8
BLACK
6
CONTINUOUS
10
0.5030137007874016
20
0.6087912992125984
11
0.5019492913385827
21
0.6092322047244094
0
LINE
8
BLACK
6
CONTINUOUS
10
0.5019492913385827
20
0.6092322047244094
11
0.5011346456692913
21
0.6100468503937008
0
LINE
8
BLACK
6
CONTINUOUS
10
0.5011346456692913
20
0.6100468503937008
11
0.5006937401574802
21
0.6111112598425197
0
LINE
8
BLACK
6
CONTINUOUS
10
0.5006937401574802
20
0.6111112598425197
11
0.5006370078740158
21
0.6116873228346457
0
LINE
8
BLACK
6
CONTINUOUS
10
0.5006370078740158
20
0.6116873228346457
11
0.5006370078740158
21
0.6199831496062992
0
LINE
8
BLACK
6
CONTINUOUS
10
0.5006370078740158
20
0.6199831496062992
11
0.4642196850393701
21
0.6199831496062992
0
LINE
8
BLACK
6
CONTINUOUS
10
0.4642196850393701
20
0.6199831496062992
11
0.4636436220472441
21
0.6200398818897638
0
LINE
8
BLACK
6
CONTINUOUS
10
0.4636436220472441
20
0.6200398818897638
11
0.4625792125984252
21
0.6204807874015748
0
LINE
8
BLACK
6
CONTINUOUS
10
0.4625792125984252
20
0.6204807874015748
11
0.4617645669291339
21
0.6212954330708661
0
LINE
8
BLACK
6
CONTINUOUS
10
0.4617645669291339
20
0.6212954330708661
11
0.4613236614173228
21
0.622359842519685
0
LINE
8
BLACK
6
CONTINUOUS
10
0.4613236614173228
20
0.622359842519685
11
0.4613236614173228
21
0.623511968503937
0
LINE
8
BLACK
6
CONTINUOUS
10
0.4613236614173228
20
0.623511968503937
11
0.4617645669291339
21
0.6245763779527559
0
LINE
8
BLACK
6
CONTINUOUS
10
0.4617645669291339
20
0.6245763779527559
11
0.4625792125984252
21
0.6253910236220472
0
LINE
8
BLACK
6
CONTINUOUS
10
0.4625792125984252
20
0.6253910236220472
11
0.4636436220472441
21
0.6258319291338582
0
LINE
8
BLACK
6
CONTINUOUS
10
0.4636436220472441
20
0.6258319291338582
11
0.4642196850393701
21
0.6258886614173228
0
LINE
8
BLACK
6
CONTINUOUS
10
0.4642196850393701
20
0.6258886614173228
11
0.5006370078740158
21
0.6258886614173228
0
LINE
8
BLACK
6
CONTINUOUS
10
0.5006370078740158
20
0.6258886614173228
11
0.5006370078740158
21
0.6341844881889763
0
LINE
8
BLACK
6
CONTINUOUS
10
0.5006370078740158
20
0.6341844881889763
11
0.5006937401574802
21
0.6347605511811023
0
LINE
8
BLACK
6
CONTINUOUS
10
0.5006937401574802
20
0.6347605511811023
11
0.5011346456692913
21
0.6358249606299212
0
LINE
8
BLACK
6
CONTINUOUS
10
0.5011346456692913
20
0.6358249606299212
11
0.5019492913385827
21
0.6366396062992126
0
LINE
8
BLACK
6
CONTINUOUS
10
0.5019492913385827
20
0.6366396062992126
11
0.5030137007874016
21
0.6370805118110237
0
LINE
8
BLACK
6
CONTINUOUS
10
0.5030137007874016
20
0.6370805118110237
11
0.5041658267716536
21
0.6370805118110237
0
LINE
8
BLACK
6
CONTINUOUS
10
0.5041658267716536
20
0.6370805118110237
11
0.5052302362204725
21
0.6366396062992126
0
LINE
8
BLACK
6
CONTINUOUS
10
0.6552668897637796
20
0.6409220472440945
11
0.656476968503937
21
0.6393820078740158
0
LINE
8
BLACK
6
CONTINUOUS
10
0.656476968503937
20
0.6393820078740158
11
0.6562435826771653
21
0.6374373228346456
0
LINE
8
BLACK
6
CONTINUOUS
10
0.6562435826771653
20
0.6374373228346456
11
0.6555938976377953
21
0.6366790944881889
0
LINE
8
BLACK
6
CONTINUOUS
10
0.6555938976377953
20
0.6366790944881889
11
0.6463438976377952
21
0.6294112598425197
0
LINE
8
BLACK
6
CONTINUOUS
10
0.6463438976377952
20
0.6294112598425197
11
0.6555938976377953
21
0.6221433858267716
0
LINE
8
BLACK
6
CONTINUOUS
10
0.6555938976377953
20
0.6221433858267716
11
0.6562435826771653
21
0.621385157480315
0
LINE
8
BLACK
6
CONTINUOUS
10
0.6562435826771653
20
0.621385157480315
11
0.656476968503937
21
0.6194404724409449
0
LINE
8
BLACK
6
CONTINUOUS
10
0.656476968503937
20
0.6194404724409449
11
0.6552668897637796
21
0.6179004330708662
0
LINE
8
BLACK
6
CONTINUOUS
10
0.6552668897637796
20
0.6179004330708662
11
0.6533222047244094
21
0.6176670472440945
0
LINE
8
BLACK
6
CONTINUOUS
10
0.6533222047244094
20
0.6176670472440945
11
0.6524318503937008
21
0.6181188976377953
0
LINE
8
BLACK
6
CONTINUOUS
10
0.6524318503937008
20
0.6181188976377953
11
0.6422018503937008
21
0.6261567716535433
0
LINE
8
BLACK
6
CONTINUOUS
10
0.6422018503937008
20
0.6261567716535433
11
0.6319718503937007
21
0.6181188976377953
0
LINE
8
BLACK
6
CONTINUOUS
10
0.6319718503937007
20
0.6181188976377953
11
0.6310814960629921
21
0.6176670472440945
0
LINE
8
BLACK
6
CONTINUOUS
10
0.6310814960629921
20
0.6176670472440945
11
0.6291368110236221
21
0.6179004330708662
0
LINE
8
BLACK
6
CONTINUOUS
10
0.6291368110236221
20
0.6179004330708662
11
0.6279267322834645
21
0.6194404724409449
0
LINE
8
BLACK
6
CONTINUOUS
10
0.6279267322834645
20
0.6194404724409449
11
0.6281601181102362
21
0.621385157480315
0
LINE
8
BLACK
6
CONTINUOUS
10
0.6281601181102362
20
0.621385157480315
11
0.6288098031496063
21
0.6221433858267716
0
LINE
8
BLACK
6
CONTINUOUS
10
0.6288098031496063
20
0.6221433858267716
11
0.6380597637795276
21
0.6294112598425197
0
LINE
8
BLACK
6
CONTINUOUS
10
0.6380597637795276
20
0.6294112598425197
11
0.6288098031496063
21
0.6366790944881889
0
LINE
8
BLACK
6
CONTINUOUS
10
0.6288098031496063
20
0.6366790944881889
11
0.6281601181102362
21
0.6374373228346456
0
LINE
8
BLACK
6
CONTINUOUS
10
0.6281601181102362
20
0.6374373228346456
11
0.6279267322834645
21
0.6393820078740158
0
LINE
8
BLACK
6
CONTINUOUS
10
0.6279267322834645
20
0.6393820078740158
11
0.6291368110236221
21
0.6409220472440945
0
LINE
8
BLACK
6
CONTINUOUS
10
0.6291368110236221
20
0.6409220472440945
11
0.6310814960629921
21
0.6411554330708661
0
LINE
8
BLACK
6
CONTINUOUS
10
0.6310814960629921
20
0.6411554330708661
11
0.6319718503937007
21
0.6407035826771653
0
LINE
8
BLACK
6
CONTINUOUS
10
0.6319718503937007
20
0.6407035826771653
11
0.6422018503937008
21
0.632665748031496
0
LINE
8
BLACK
6
CONTINUOUS
10
0.6422018503937008
20
0.632665748031496
11
0.6524318503937008
21
0.6407035826771653
0
LINE
8
BLACK
6
CONTINUOUS
10
0.6524318503937008
20
0.6407035826771653
11
0.6533222047244094
21
0.6411554330708661
0
LINE
8
BLACK
6
CONTINUOUS
10
0.6533222047244094
20
0.6411554330708661
11
0.6552668897637796
21
0.6409220472440945
0
LINE
8
BLACK
6
CONTINUOUS
10
0.712312125984252
20
0.6409220472440945
11
0.7135222047244094
21
0.6393820078740158
0
LINE
8
BLACK
6
CONTINUOUS
10
0.7135222047244094
20
0.6393820078740158
11
0.7132888188976377
21
0.6374373228346456
0
LINE
8
BLACK
6
CONTINUOUS
10
0.7132888188976377
20
0.6374373228346456
11
0.7126391338582677
21
0.6366790944881889
0
LINE
8
BLACK
6
CONTINUOUS
10
0.7126391338582677
20
0.6366790944881889
11
0.7033891338582677
21
0.6294112598425197
0
LINE
8
BLACK
6
CONTINUOUS
10
0.7033891338582677
20
0.6294112598425197
11
0.7126391338582677
21
0.6221433858267716
0
LINE
8
BLACK
6
CONTINUOUS
10
0.7126391338582677
20
0.6221433858267716
11
0.7132888188976377
21
0.621385157480315
0
LINE
8
BLACK
6
CONTINUOUS
10
0.7132888188976377
20
0.621385157480315
11
0.7135222047244094
21
0.6194404724409449
0
LINE
8
BLACK
6
CONTINUOUS
10
0.7135222047244094
20
0.6194404724409449
11
0.712312125984252
21
0.6179004330708662
0
LINE
8
BLACK
6
CONTINUOUS
10
0.712312125984252
20
0.6179004330708662
11
0.7103674409448819
21
0.6176670472440945
0
LINE
8
BLACK
6
CONTINUOUS
10
0.7103674409448819
20
0.6176670472440945
11
0.7094770866141732
21
0.6181188976377953
0
LINE
8
BLACK
6
CONTINUOUS
10
0.7094770866141732
20
0.6181188976377953
11
0.6992470866141732
21
0.6261567716535433
0
LINE
8
BLACK
6
CONTINUOUS
10
0.6992470866141732
20
0.6261567716535433
11
0.6890170866141732
21
0.6181188976377953
0
LINE
8
BLACK
6
CONTINUOUS
10
0.6890170866141732
20
0.6181188976377953
11
0.6881267322834645
21
0.6176670472440945
0
LINE
8
BLACK
6
CONTINUOUS
10
0.6881267322834645
20
0.6176670472440945
11
0.6861820472440945
21
0.6179004330708662
0
LINE
8
BLACK
6
CONTINUOUS
10
0.6861820472440945
20
0.6179004330708662
11
0.684971968503937
21
0.6194404724409449
0
LINE
8
BLACK
6
CONTINUOUS
10
0.684971968503937
20
0.6194404724409449
11
0.6852053543307086
21
0.621385157480315
0
LINE
8
BLACK
6
CONTINUOUS
10
0.6852053543307086
20
0.621385157480315
11
0.6858550393700787
21
0.6221433858267716
0
LINE
8
BLACK
6
CONTINUOUS
10
0.6858550393700787
20
0.6221433858267716
11
0.695105
21
0.6294112598425197
0
LINE
8
BLACK
6
CONTINUOUS
10
0.695105
20
0.6294112598425197
11
0.6858550393700787
21
0.6366790944881889
0
LINE
8
BLACK
6
CONTINUOUS
10
0.6858550393700787
20
0.6366790944881889
11
0.6852053543307086
21
0.6374373228346456
0
LINE
8
BLACK
6
CONTINUOUS
10
0.6852053543307086
20
0.6374373228346456
11
0.684971968503937
21
0.6393820078740158
0
LINE
8
BLACK
6
CONTINUOUS
10
0.684971968503937
20
0.6393820078740158
11
0.6861820472440945
21
0.6409220472440945
0
LINE
8
BLACK
6
CONTINUOUS
10
0.6861820472440945
20
0.6409220472440945
11
0.6881267322834645
21
0.6411554330708661
0
LINE
8
BLACK
6
CONTINUOUS
10
0.6881267322834645
20
0.6411554330708661
11
0.6890170866141732
21
0.6407035826771653
0
LINE
8
BLACK
6
CONTINUOUS
10
0.6890170866141732
20
0.6407035826771653
11
0.6992470866141732
21
0.632665748031496
0
LINE
8
BLACK
6
CONTINUOUS
10
0.6992470866141732
20
0.632665748031496
11
0.7094770866141732
21
0.6407035826771653
0
LINE
8
BLACK
6
CONTINUOUS
10
0.7094770866141732
20
0.6407035826771653
11
0.7103674409448819
21
0.6411554330708661
0
LINE
8
BLACK
6
CONTINUOUS
10
0.7103674409448819
20
0.6411554330708661
11
0.712312125984252
21
0.6409220472440945
0
LINE
8
BLACK
6
CONTINUOUS
10
0.2588387401574803
20
0.6501381102362205
11
0.2602579527559055
21
0.6495502362204725
0
LINE
8
BLACK
6
CONTINUOUS
10
0.2602579527559055
20
0.6495502362204725
11
0.2613441732283465
21
0.6484640157480315
0
LINE
8
BLACK
6
CONTINUOUS
10
0.2613441732283465
20
0.6484640157480315
11
0.2619320472440945
21
0.6470448031496063
0
LINE
8
BLACK
6
CONTINUOUS
10
0.2619320472440945
20
0.6470448031496063
11
0.2620076771653543
21
0.6462767322834646
0
LINE
8
BLACK
6
CONTINUOUS
10
0.2620076771653543
20
0.6462767322834646
11
0.2620076771653543
21
0.6219047637795275
0
LINE
8
BLACK
6
CONTINUOUS
10
0.2620076771653543
20
0.6219047637795275
11
0.2619320472440945
21
0.6211366929133858
0
LINE
8
BLACK
6
CONTINUOUS
10
0.2619320472440945
20
0.6211366929133858
11
0.2613441732283465
21
0.6197174803149607
0
LINE
8
BLACK
6
CONTINUOUS
10
0.2613441732283465
20
0.6197174803149607
11
0.2602579527559055
21
0.6186312598425197
0
LINE
8
BLACK
6
CONTINUOUS
10
0.2602579527559055
20
0.6186312598425197
11
0.2588387401574803
21
0.6180433858267717
0
LINE
8
BLACK
6
CONTINUOUS
10
0.2588387401574803
20
0.6180433858267717
11
0.2573025984251969
21
0.6180433858267717
0
LINE
8
BLACK
6
CONTINUOUS
10
0.2573025984251969
20
0.6180433858267717
11
0.2558833858267717
21
0.6186312598425197
0
LINE
8
BLACK
6
CONTINUOUS
10
0.2558833858267717
20
0.6186312598425197
11
0.2547971653543307
21
0.6197174803149607
0
LINE
8
BLACK
6
CONTINUOUS
10
0.2547971653543307
20
0.6197174803149607
11
0.2542092913385827
21
0.6211366929133858
0
LINE
8
BLACK
6
CONTINUOUS
10
0.2542092913385827
20
0.6211366929133858
11
0.2541336614173229
21
0.6219047637795275
0
LINE
8
BLACK
6
CONTINUOUS
10
0.2541336614173229
20
0.6219047637795275
11
0.2541336614173229
21
0.6423397244094488
0
LINE
8
BLACK
6
CONTINUOUS
10
0.2541336614173229
20
0.6423397244094488
11
0.2376357086614173
21
0.6423397244094488
0
LINE
8
BLACK
6
CONTINUOUS
10
0.2376357086614173
20
0.6423397244094488
11
0.2376357086614173
21
0.6292163385826771
0
LINE
8
BLACK
6
CONTINUOUS
10
0.2376357086614173
20
0.6292163385826771
11
0.2375600787401575
21
0.6284482677165354
0
LINE
8
BLACK
6
CONTINUOUS
10
0.2375600787401575
20
0.6284482677165354
11
0.2369722047244094
21
0.6270290551181102
0
LINE
8
BLACK
6
CONTINUOUS
10
0.2369722047244094
20
0.6270290551181102
11
0.2358859842519685
21
0.6259428346456692
0
LINE
8
BLACK
6
CONTINUOUS
10
0.2358859842519685
20
0.6259428346456692
11
0.2344667716535433
21
0.6253549606299212
0
LINE
8
BLACK
6
CONTINUOUS
10
0.2344667716535433
20
0.6253549606299212
11
0.2329306299212598
21
0.6253549606299212
0
LINE
8
BLACK
6
CONTINUOUS
10
0.2329306299212598
20
0.6253549606299212
11
0.2315114173228346
21
0.6259428346456692
0
LINE
8
BLACK
6
CONTINUOUS
10
0.2315114173228346
20
0.6259428346456692
11
0.2304251968503937
21
0.6270290551181102
0
LINE
8
BLACK
6
CONTINUOUS
10
0.2304251968503937
20
0.6270290551181102
11
0.2298373228346457
21
0.6284482677165354
0
LINE
8
BLACK
6
CONTINUOUS
10
0.2298373228346457
20
0.6284482677165354
11
0.2297616929133858
21
0.6292163385826771
0
LINE
8
BLACK
6
CONTINUOUS
10
0.2297616929133858
20
0.6292163385826771
11
0.2297616929133858
21
0.6423397244094488
0
LINE
8
BLACK
6
CONTINUOUS
10
0.2297616929133858
20
0.6423397244094488
11
0.2068895669291339
21
0.6423397244094488
0
LINE
8
BLACK
6
CONTINUOUS
10
0.2068895669291339
20
0.6423397244094488
11
0.2061214960629921
21
0.6424153543307086
0
LINE
8
BLACK
6
CONTINUOUS
10
0.2061214960629921
20
0.6424153543307086
11
0.2047022834645669
21
0.6430032283464566
0
LINE
8
BLACK
6
CONTINUOUS
10
0.2047022834645669
20
0.6430032283464566
11
0.203616062992126
21
0.6440894488188976
0
LINE
8
BLACK
6
CONTINUOUS
10
0.203616062992126
20
0.6440894488188976
11
0.2030281889763779
21
0.6455086614173228
0
LINE
8
BLACK
6
CONTINUOUS
10
0.2030281889763779
20
0.6455086614173228
11
0.2030281889763779
21
0.6470448031496063
0
LINE
8
BLACK
6
CONTINUOUS
10
0.2030281889763779
20
0.6470448031496063
11
0.203616062992126
21
0.6484640157480315
0
LINE
8
BLACK
6
CONTINUOUS
10
0.203616062992126
20
0.6484640157480315
11
0.2047022834645669
21
0.6495502362204725
0
LINE
8
BLACK
6
CONTINUOUS
10
0.2047022834645669
20
0.6495502362204725
11
0.2061214960629921
21
0.6501381102362205
0
LINE
8
BLACK
6
CONTINUOUS
10
0.2061214960629921
20
0.6501381102362205
11
0.2068895669291339
21
0.6502137401574803
0
LINE
8
BLACK
6
CONTINUOUS
10
0.2068895669291339
20
0.6502137401574803
11
0.2580706692913386
21
0.6502137401574803
0
LINE
8
BLACK
6
CONTINUOUS
10
0.2580706692913386
20
0.6502137401574803
11
0.2588387401574803
21
0.6501381102362205
0
LINE
8
BLACK
6
CONTINUOUS
10
0.5041658267716536
20
0.672701062992126
11
0.5052302362204725
21
0.672260157480315
0
LINE
8
BLACK
6
CONTINUOUS
10
0.5052302362204725
20
0.672260157480315
11
0.5060448818897638
21
0.6714455118110236
0
LINE
8
BLACK
6
CONTINUOUS
10
0.5060448818897638
20
0.6714455118110236
11
0.5064857874015748
21
0.6703811023622047
0
LINE
8
BLACK
6
CONTINUOUS
10
0.5064857874015748
20
0.6703811023622047
11
0.5064857874015748
21
0.6692289763779528
0
LINE
8
BLACK
6
CONTINUOUS
10
0.5064857874015748
20
0.6692289763779528
11
0.5060448818897638
21
0.6681645669291338
0
LINE
8
BLACK
6
CONTINUOUS
10
0.5060448818897638
20
0.6681645669291338
11
0.5052302362204725
21
0.6673499212598425
0
LINE
8
BLACK
6
CONTINUOUS
10
0.5052302362204725
20
0.6673499212598425
11
0.5041658267716536
21
0.6669090157480315
0
LINE
8
BLACK
6
CONTINUOUS
10
0.5041658267716536
20
0.6669090157480315
11
0.5035897637795276
21
0.6668522834645669
0
LINE
8
BLACK
6
CONTINUOUS
10
0.5035897637795276
20
0.6668522834645669
11
0.4724158267716536
21
0.6668522834645669
0
LINE
8
BLACK
6
CONTINUOUS
10
0.4724158267716536
20
0.6668522834645669
11
0.4697183464566929
21
0.6655035433070866
0
LINE
8
BLACK
6
CONTINUOUS
10
0.4697183464566929
20
0.6655035433070866
11
0.4685211811023622
21
0.6643064173228347
0
LINE
8
BLACK
6
CONTINUOUS
10
0.4685211811023622
20
0.6643064173228347
11
0.4671724409448819
21
0.6616088976377953
0
LINE
8
BLACK
6
CONTINUOUS
10
0.4671724409448819
20
0.6616088976377953
11
0.4671724409448819
21
0.6555040551181103
0
LINE
8
BLACK
6
CONTINUOUS
10
0.4671724409448819
20
0.6555040551181103
11
0.4685211811023622
21
0.6528065354330709
0
LINE
8
BLACK
6
CONTINUOUS
10
0.4685211811023622
20
0.6528065354330709
11
0.4697183464566929
21
0.6516093700787401
0
LINE
8
BLACK
6
CONTINUOUS
10
0.4697183464566929
20
0.6516093700787401
11
0.4724158267716536
21
0.6502606299212599
0
LINE
8
BLACK
6
CONTINUOUS
10
0.4724158267716536
20
0.6502606299212599
11
0.5035897637795276
21
0.6502606299212599
0
LINE
8
BLACK
6
CONTINUOUS
10
0.5035897637795276
20
0.6502606299212599
11
0.5041658267716536
21
0.6502038976377953
0
LINE
8
BLACK
6
CONTINUOUS
10
0.5041658267716536
20
0.6502038976377953
11
0.5052302362204725
21
0.6497629921259842
0
LINE
8
BLACK
6
CONTINUOUS
10
0.5052302362204725
20
0.6497629921259842
11
0.5060448818897638
21
0.6489483464566929
0
LINE
8
BLACK
6
CONTINUOUS
10
0.5060448818897638
20
0.6489483464566929
11
0.5064857874015748
21
0.6478839370078741
0
LINE
8
BLACK
6
CONTINUOUS
10
0.5064857874015748
20
0.6478839370078741
11
0.5064857874015748
21
0.646731811023622
0
LINE
8
BLACK
6
CONTINUOUS
10
0.5064857874015748
20
0.646731811023622
11
0.5060448818897638
21
0.6456674015748032
0
LINE
8
BLACK
6
CONTINUOUS
10
0.5060448818897638
20
0.6456674015748032
11
0.5052302362204725
21
0.6448527559055118
0
LINE
8
BLACK
6
CONTINUOUS
10
0.5052302362204725
20
0.6448527559055118
11
0.5041658267716536
21
0.6444118503937007
0
LINE
8
BLACK
6
CONTINUOUS
10
0.5041658267716536
20
0.6444118503937007
11
0.5035897637795276
21
0.6443551181102362
0
LINE
8
BLACK
6
CONTINUOUS
10
0.5035897637795276
20
0.6443551181102362
11
0.471718779527559
21
0.6443551181102362
0
LINE
8
BLACK
6
CONTINUOUS
10
0.471718779527559
20
0.6443551181102362
11
0.471142716535433
21
0.6444118503937007
0
LINE
8
BLACK
6
CONTINUOUS
10
0.471142716535433
20
0.6444118503937007
11
0.4710447244094488
21
0.6444524409448819
0
LINE
8
BLACK
6
CONTINUOUS
10
0.4710447244094488
20
0.6444524409448819
11
0.4709388582677165
21
0.6444599606299213
0
LINE
8
BLACK
6
CONTINUOUS
10
0.4709388582677165
20
0.6444599606299213
11
0.4703982677165354
21
0.6446668503937008
0
LINE
8
BLACK
6
CONTINUOUS
10
0.4703982677165354
20
0.6446668503937008
11
0.4666487401574803
21
0.6465416141732283
0
LINE
8
BLACK
6
CONTINUOUS
10
0.4666487401574803
20
0.6465416141732283
11
0.4664007086614173
21
0.6466977165354331
0
LINE
8
BLACK
6
CONTINUOUS
10
0.4664007086614173
20
0.6466977165354331
11
0.466328779527559
21
0.6467275196850394
0
LINE
8
BLACK
6
CONTINUOUS
10
0.466328779527559
20
0.6467275196850394
11
0.4662477952755905
21
0.6467940157480315
0
LINE
8
BLACK
6
CONTINUOUS
10
0.4662477952755905
20
0.6467940157480315
11
0.4661588582677165
21
0.6468499606299213
0
LINE
8
BLACK
6
CONTINUOUS
10
0.4661588582677165
20
0.6468499606299213
11
0.4661076771653543
21
0.6469089763779527
0
LINE
8
BLACK
6
CONTINUOUS
10
0.4661076771653543
20
0.6469089763779527
11
0.4658813385826772
21
0.6470947244094488
0
LINE
8
BLACK
6
CONTINUOUS
10
0.4658813385826772
20
0.6470947244094488
11
0.4640065748031496
21
0.6489694881889764
0
LINE
8
BLACK
6
CONTINUOUS
10
0.4640065748031496
20
0.6489694881889764
11
0.4638208267716535
21
0.6491958267716536
0
LINE
8
BLACK
6
CONTINUOUS
10
0.4638208267716535
20
0.6491958267716536
11
0.4637618503937008
21
0.649246968503937
0
LINE
8
BLACK
6
CONTINUOUS
10
0.4637618503937008
20
0.649246968503937
11
0.4637058267716535
21
0.6493359448818897
0
LINE
8
BLACK
6
CONTINUOUS
10
0.4637058267716535
20
0.6493359448818897
11
0.4636393700787401
21
0.6494169291338583
0
LINE
8
BLACK
6
CONTINUOUS
10
0.4636393700787401
20
0.6494169291338583
11
0.4636095669291339
21
0.6494888976377953
0
LINE
8
BLACK
6
CONTINUOUS
10
0.4636095669291339
20
0.6494888976377953
11
0.4634534645669291
21
0.6497368503937008
0
LINE
8
BLACK
6
CONTINUOUS
10
0.4634534645669291
20
0.6497368503937008
11
0.4615786614173228
21
0.6534863779527559
0
LINE
8
BLACK
6
CONTINUOUS
10
0.4615786614173228
20
0.6534863779527559
11
0.4613717716535433
21
0.6540270078740157
0
LINE
8
BLACK
6
CONTINUOUS
10
0.4613717716535433
20
0.6540270078740157
11
0.4613642125984252
21
0.6541329133858268
0
LINE
8
BLACK
6
CONTINUOUS
10
0.4613642125984252
20
0.6541329133858268
11
0.4613236614173228
21
0.6542308661417323
0
LINE
8
BLACK
6
CONTINUOUS
10
0.4613236614173228
20
0.6542308661417323
11
0.4612669291338583
21
0.6548069291338583
0
LINE
8
BLACK
6
CONTINUOUS
10
0.4612669291338583
20
0.6548069291338583
11
0.4612669291338583
21
0.6623059842519685
0
LINE
8
BLACK
6
CONTINUOUS
10
0.4612669291338583
20
0.6623059842519685
11
0.4613236614173228
21
0.6628820472440945
0
LINE
8
BLACK
6
CONTINUOUS
10
0.4613236614173228
20
0.6628820472440945
11
0.4613642125984252
21
0.6629800393700788
0
LINE
8
BLACK
6
CONTINUOUS
10
0.4613642125984252
20
0.6629800393700788
11
0.4613717716535433
21
0.663085905511811
0
LINE
8
BLACK
6
CONTINUOUS
10
0.4613717716535433
20
0.663085905511811
11
0.4615786614173228
21
0.6636265354330708
0
LINE
8
BLACK
6
CONTINUOUS
10
0.4615786614173228
20
0.6636265354330708
11
0.4634534645669291
21
0.6673760629921259
0
LINE
8
BLACK
6
CONTINUOUS
10
0.4634534645669291
20
0.6673760629921259
11
0.4636095669291339
21
0.6676240551181102
0
LINE
8
BLACK
6
CONTINUOUS
10
0.4636095669291339
20
0.6676240551181102
11
0.4636393700787401
21
0.6676959842519685
0
LINE
8
BLACK
6
CONTINUOUS
10
0.4636393700787401
20
0.6676959842519685
11
0.4637058267716535
21
0.6677770078740157
0
LINE
8
BLACK
6
CONTINUOUS
10
0.4637058267716535
20
0.6677770078740157
11
0.4637618503937008
21
0.6678659448818898
0
LINE
8
BLACK
6
CONTINUOUS
10
0.4637618503937008
20
0.6678659448818898
11
0.4638208267716535
21
0.6679171259842519
0
LINE
8
BLACK
6
CONTINUOUS
10
0.4638208267716535
20
0.6679171259842519
11
0.4640065748031496
21
0.6681434251968503
0
LINE
8
BLACK
6
CONTINUOUS
10
0.4640065748031496
20
0.6681434251968503
11
0.4658813385826772
21
0.670018188976378
0
LINE
8
BLACK
6
CONTINUOUS
10
0.4658813385826772
20
0.670018188976378
11
0.4661076771653543
21
0.6702039763779527
0
LINE
8
BLACK
6
CONTINUOUS
10
0.4661076771653543
20
0.6702039763779527
11
0.4661588582677165
21
0.6702629527559055
0
LINE
8
BLACK
6
CONTINUOUS
10
0.4661588582677165
20
0.6702629527559055
11
0.4662477952755905
21
0.670318937007874
0
LINE
8
BLACK
6
CONTINUOUS
10
0.4662477952755905
20
0.670318937007874
11
0.466328779527559
21
0.6703853937007874
0
LINE
8
BLACK
6
CONTINUOUS
10
0.466328779527559
20
0.6703853937007874
11
0.4664007086614173
21
0.6704152362204724
0
LINE
8
BLACK
6
CONTINUOUS
10
0.4664007086614173
20
0.6704152362204724
11
0.4666487401574803
21
0.6705712992125984
0
LINE
8
BLACK
6
CONTINUOUS
10
0.4666487401574803
20
0.6705712992125984
11
0.4703982677165354
21
0.6724460629921259
0
LINE
8
BLACK
6
CONTINUOUS
10
0.4703982677165354
20
0.6724460629921259
11
0.4709388582677165
21
0.6726529527559055
0
LINE
8
BLACK
6
CONTINUOUS
10
0.4709388582677165
20
0.6726529527559055
11
0.4710447244094488
21
0.6726605118110236
0
LINE
8
BLACK
6
CONTINUOUS
10
0.4710447244094488
20
0.6726605118110236
11
0.471142716535433
21
0.672701062992126
0
LINE
8
BLACK
6
CONTINUOUS
10
0.471142716535433
20
0.672701062992126
11
0.471718779527559
21
0.6727577952755905
0
LINE
8
BLACK
6
CONTINUOUS
10
0.471718779527559
20
0.6727577952755905
11
0.5035897637795276
21
0.6727577952755905
0
LINE
8
BLACK
6
CONTINUOUS
10
0.5035897637795276
20
0.6727577952755905
11
0.5041658267716536
21
0.672701062992126
0
LINE
8
BLACK
6
CONTINUOUS
10
0.6526331102362205
20
0.6732477559055118
11
0.6529462598425196
21
0.6732324803149606
0
LINE
8
BLACK
6
CONTINUOUS
10
0.6529462598425196
20
0.6732324803149606
11
0.6596954330708661
21
0.6715451968503937
0
LINE
8
BLACK
6
CONTINUOUS
10
0.6596954330708661
20
0.6715451968503937
11
0.659948779527559
21
0.6714255118110236
0
LINE
8
BLACK
6
CONTINUOUS
10
0.659948779527559
20
0.6714255118110236
11
0.6602192125984252
21
0.6713514566929134
0
LINE
8
BLACK
6
CONTINUOUS
10
0.6602192125984252
20
0.6713514566929134
11
0.663593779527559
21
0.6696641732283465
0
LINE
8
BLACK
6
CONTINUOUS
10
0.663593779527559
20
0.6696641732283465
11
0.6639181102362205
21
0.6694124803149606
0
LINE
8
BLACK
6
CONTINUOUS
10
0.6639181102362205
20
0.6694124803149606
11
0.6642588582677165
21
0.6691847637795275
0
LINE
8
BLACK
6
CONTINUOUS
10
0.6642588582677165
20
0.6691847637795275
11
0.6659461811023621
21
0.6674974409448818
0
LINE
8
BLACK
6
CONTINUOUS
10
0.6659461811023621
20
0.6674974409448818
11
0.6661740157480315
21
0.6671564173228346
0
LINE
8
BLACK
6
CONTINUOUS
10
0.6661740157480315
20
0.6671564173228346
11
0.6664255118110236
21
0.6668324015748032
0
LINE
8
BLACK
6
CONTINUOUS
10
0.6664255118110236
20
0.6668324015748032
11
0.6681127952755905
21
0.6634578346456693
0
LINE
8
BLACK
6
CONTINUOUS
10
0.6681127952755905
20
0.6634578346456693
11
0.668146653543307
21
0.6633341732283464
0
LINE
8
BLACK
6
CONTINUOUS
10
0.668146653543307
20
0.6633341732283464
11
0.6681881496062992
21
0.6632926771653543
0
LINE
8
BLACK
6
CONTINUOUS
10
0.6681881496062992
20
0.6632926771653543
11
0.6682681496062992
21
0.6628904330708661
0
LINE
8
BLACK
6
CONTINUOUS
10
0.6682681496062992
20
0.6628904330708661
11
0.6683764960629921
21
0.6624948031496063
0
LINE
8
BLACK
6
CONTINUOUS
10
0.6683764960629921
20
0.6624948031496063
11
0.6683579133858267
21
0.6624391338582677
0
LINE
8
BLACK
6
CONTINUOUS
10
0.6683579133858267
20
0.6624391338582677
11
0.6683829527559055
21
0.6623133858267717
0
LINE
8
BLACK
6
CONTINUOUS
10
0.6683829527559055
20
0.6623133858267717
11
0.6683829527559055
21
0.6589388188976378
0
LINE
8
BLACK
6
CONTINUOUS
10
0.6683829527559055
20
0.6589388188976378
11
0.6683579133858267
21
0.6588131102362205
0
LINE
8
BLACK
6
CONTINUOUS
10
0.6683579133858267
20
0.6588131102362205
11
0.6683764960629921
21
0.6587574015748031
0
LINE
8
BLACK
6
CONTINUOUS
10
0.6683764960629921
20
0.6587574015748031
11
0.6682681496062992
21
0.658361811023622
0
LINE
8
BLACK
6
CONTINUOUS
10
0.6682681496062992
20
0.658361811023622
11
0.6681881496062992
21
0.6579595275590551
0
LINE
8
BLACK
6
CONTINUOUS
10
0.6681881496062992
20
0.6579595275590551
11
0.668146653543307
21
0.6579180708661417
0
LINE
8
BLACK
6
CONTINUOUS
10
0.668146653543307
20
0.6579180708661417
11
0.6681127952755905
21
0.6577943700787401
0
LINE
8
BLACK
6
CONTINUOUS
10
0.6681127952755905
20
0.6577943700787401
11
0.6664255118110236
21
0.6544198031496062
0
LINE
8
BLACK
6
CONTINUOUS
10
0.6664255118110236
20
0.6544198031496062
11
0.6661740157480315
21
0.6540958267716536
0
LINE
8
BLACK
6
CONTINUOUS
10
0.6661740157480315
20
0.6540958267716536
11
0.6659461811023621
21
0.6537547637795276
0
LINE
8
BLACK
6
CONTINUOUS
10
0.6659461811023621
20
0.6537547637795276
11
0.6642588582677165
21
0.6520674409448819
0
LINE
8
BLACK
6
CONTINUOUS
10
0.6642588582677165
20
0.6520674409448819
11
0.6639181102362205
21
0.6518397637795276
0
LINE
8
BLACK
6
CONTINUOUS
10
0.6639181102362205
20
0.6518397637795276
11
0.663593779527559
21
0.6515880314960629
0
LINE
8
BLACK
6
CONTINUOUS
10
0.663593779527559
20
0.6515880314960629
11
0.6602192125984252
21
0.649900748031496
0
LINE
8
BLACK
6
CONTINUOUS
10
0.6602192125984252
20
0.649900748031496
11
0.659948779527559
21
0.6498267322834645
0
LINE
8
BLACK
6
CONTINUOUS
10
0.659948779527559
20
0.6498267322834645
11
0.6596954330708661
21
0.6497070078740157
0
LINE
8
BLACK
6
CONTINUOUS
10
0.6596954330708661
20
0.6497070078740157
11
0.6529462598425196
21
0.6480197244094488
0
LINE
8
BLACK
6
CONTINUOUS
10
0.6529462598425196
20
0.6480197244094488
11
0.6526331102362205
21
0.6480044881889764
0
LINE
8
BLACK
6
CONTINUOUS
10
0.6526331102362205
20
0.6480044881889764
11
0.6523255905511811
21
0.6479433070866142
0
LINE
8
BLACK
6
CONTINUOUS
10
0.6523255905511811
20
0.6479433070866142
11
0.6438891732283465
21
0.6479433070866142
0
LINE
8
BLACK
6
CONTINUOUS
10
0.6438891732283465
20
0.6479433070866142
11
0.6435816141732283
21
0.6480044881889764
0
LINE
8
BLACK
6
CONTINUOUS
10
0.6435816141732283
20
0.6480044881889764
11
0.6432685039370079
21
0.6480197244094488
0
LINE
8
BLACK
6
CONTINUOUS
10
0.6432685039370079
20
0.6480197244094488
11
0.6365193307086614
21
0.6497070078740157
0
LINE
8
BLACK
6
CONTINUOUS
10
0.6365193307086614
20
0.6497070078740157
11
0.6362659448818897
21
0.6498267322834645
0
LINE
8
BLACK
6
CONTINUOUS
10
0.6362659448818897
20
0.6498267322834645
11
0.6359955511811024
21
0.649900748031496
0
LINE
8
BLACK
6
CONTINUOUS
10
0.6359955511811024
20
0.649900748031496
11
0.6326209842519684
21
0.6515880314960629
0
LINE
8
BLACK
6
CONTINUOUS
10
0.6326209842519684
20
0.6515880314960629
11
0.6322970078740158
21
0.6518394881889764
0
LINE
8
BLACK
6
CONTINUOUS
10
0.6322970078740158
20
0.6518394881889764
11
0.631955905511811
21
0.6520674015748031
0
LINE
8
BLACK
6
CONTINUOUS
10
0.631955905511811
20
0.6520674015748031
11
0.6302686220472441
21
0.6537547637795276
0
LINE
8
BLACK
6
CONTINUOUS
10
0.6302686220472441
20
0.6537547637795276
11
0.630040905511811
21
0.6540955511811023
0
LINE
8
BLACK
6
CONTINUOUS
10
0.630040905511811
20
0.6540955511811023
11
0.6297892913385826
21
0.6544197637795276
0
LINE
8
BLACK
6
CONTINUOUS
10
0.6297892913385826
20
0.6544197637795276
11
0.628101968503937
21
0.6577943700787401
0
LINE
8
BLACK
6
CONTINUOUS
10
0.628101968503937
20
0.6577943700787401
11
0.6280681102362204
21
0.6579179921259842
0
LINE
8
BLACK
6
CONTINUOUS
10
0.6280681102362204
20
0.6579179921259842
11
0.6280265748031496
21
0.6579595275590551
0
LINE
8
BLACK
6
CONTINUOUS
10
0.6280265748031496
20
0.6579595275590551
11
0.6279464960629921
21
0.6583619291338583
0
LINE
8
BLACK
6
CONTINUOUS
10
0.6279464960629921
20
0.6583619291338583
11
0.6278382283464566
21
0.6587573622047244
0
LINE
8
BLACK
6
CONTINUOUS
10
0.6278382283464566
20
0.6587573622047244
11
0.6278567716535433
21
0.6588130708661417
0
LINE
8
BLACK
6
CONTINUOUS
10
0.6278567716535433
20
0.6588130708661417
11
0.6278317716535433
21
0.6589388188976378
0
LINE
8
BLACK
6
CONTINUOUS
10
0.6278317716535433
20
0.6589388188976378
11
0.6278317716535433
21
0.6623133858267717
0
LINE
8
BLACK
6
CONTINUOUS
10
0.6278317716535433
20
0.6623133858267717
11
0.6278567716535433
21
0.6624391732283464
0
LINE
8
BLACK
6
CONTINUOUS
10
0.6278567716535433
20
0.6624391732283464
11
0.6278382283464566
21
0.662494842519685
0
LINE
8
BLACK
6
CONTINUOUS
10
0.6278382283464566
20
0.662494842519685
11
0.6279464960629921
21
0.6628903149606299
0
LINE
8
BLACK
6
CONTINUOUS
10
0.6279464960629921
20
0.6628903149606299
11
0.6280265748031496
21
0.6632926771653543
0
LINE
8
BLACK
6
CONTINUOUS
10
0.6280265748031496
20
0.6632926771653543
11
0.6280681102362204
21
0.6633342519685039
0
LINE
8
BLACK
6
CONTINUOUS
10
0.6280681102362204
20
0.6633342519685039
11
0.628101968503937
21
0.6634578346456693
0
LINE
8
BLACK
6
CONTINUOUS
10
0.628101968503937
20
0.6634578346456693
11
0.6297892913385826
21
0.6668324409448819
0
LINE
8
BLACK
6
CONTINUOUS
10
0.6297892913385826
20
0.6668324409448819
11
0.630040905511811
21
0.6671566929133859
0
LINE
8
BLACK
6
CONTINUOUS
10
0.630040905511811
20
0.6671566929133859
11
0.6302686220472441
21
0.6674974409448818
0
LINE
8
BLACK
6
CONTINUOUS
10
0.6302686220472441
20
0.6674974409448818
11
0.631955905511811
21
0.6691848031496063
0
LINE
8
BLACK
6
CONTINUOUS
10
0.631955905511811
20
0.6691848031496063
11
0.6322970078740158
21
0.6694127559055117
0
LINE
8
BLACK
6
CONTINUOUS
10
0.6322970078740158
20
0.6694127559055117
11
0.6326209842519684
21
0.6696641732283465
0
LINE
8
BLACK
6
CONTINUOUS
10
0.6326209842519684
20
0.6696641732283465
11
0.6359955511811024
21
0.6713514566929134
0
LINE
8
BLACK
6
CONTINUOUS
10
0.6359955511811024
20
0.6713514566929134
11
0.6362659448818897
21
0.6714255118110236
0
LINE
8
BLACK
6
CONTINUOUS
10
0.6362659448818897
20
0.6714255118110236
11
0.6365193307086614
21
0.6715451968503937
0
LINE
8
BLACK
6
CONTINUOUS
10
0.6365193307086614
20
0.6715451968503937
11
0.6432685039370079
21
0.6732324803149606
0
LINE
8
BLACK
6
CONTINUOUS
10
0.6432685039370079
20
0.6732324803149606
11
0.6435816141732283
21
0.6732477559055118
0
LINE
8
BLACK
6
CONTINUOUS
10
0.6435816141732283
20
0.6732477559055118
11
0.6438891732283465
21
0.6733088976377952
0
LINE
8
BLACK
6
CONTINUOUS
10
0.6438891732283465
20
0.6733088976377952
11
0.6523255905511811
21
0.6733088976377952
0
LINE
8
BLACK
6
CONTINUOUS
10
0.6523255905511811
20
0.6733088976377952
11
0.6526331102362205
21
0.6732477559055118
0
LINE
8
BLACK
6
CONTINUOUS
10
0.6380332283464567
20
0.6666480708661418
11
0.6352812992125985
21
0.6652720866141733
0
LINE
8
BLACK
6
CONTINUOUS
10
0.6352812992125985
20
0.6652720866141733
11
0.6341813385826771
21
0.6641721653543307
0
LINE
8
BLACK
6
CONTINUOUS
10
0.6341813385826771
20
0.6641721653543307
11
0.6329498818897638
21
0.6617093307086614
0
LINE
8
BLACK
6
CONTINUOUS
10
0.6329498818897638
20
0.6617093307086614
11
0.6329498818897638
21
0.6595429133858267
0
LINE
8
BLACK
6
CONTINUOUS
10
0.6329498818897638
20
0.6595429133858267
11
0.6341813385826771
21
0.6570800787401575
0
LINE
8
BLACK
6
CONTINUOUS
10
0.6341813385826771
20
0.6570800787401575
11
0.6352812992125985
21
0.6559801181102362
0
LINE
8
BLACK
6
CONTINUOUS
10
0.6352812992125985
20
0.6559801181102362
11
0.6380332283464567
21
0.6546041732283464
0
LINE
8
BLACK
6
CONTINUOUS
10
0.6380332283464567
20
0.6546041732283464
11
0.6442041732283464
21
0.6530614173228346
0
LINE
8
BLACK
6
CONTINUOUS
10
0.6442041732283464
20
0.6530614173228346
11
0.652010590551181
21
0.6530614173228346
0
LINE
8
BLACK
6
CONTINUOUS
10
0.652010590551181
20
0.6530614173228346
11
0.6581814960629921
21
0.6546041732283464
0
LINE
8
BLACK
6
CONTINUOUS
10
0.6581814960629921
20
0.6546041732283464
11
0.6609335039370079
21
0.6559801574803149
0
LINE
8
BLACK
6
CONTINUOUS
10
0.6609335039370079
20
0.6559801574803149
11
0.6620333858267716
21
0.6570801181102363
0
LINE
8
BLACK
6
CONTINUOUS
10
0.6620333858267716
20
0.6570801181102363
11
0.663264842519685
21
0.6595429527559055
0
LINE
8
BLACK
6
CONTINUOUS
10
0.663264842519685
20
0.6595429527559055
11
0.663264842519685
21
0.6617092519685039
0
LINE
8
BLACK
6
CONTINUOUS
10
0.663264842519685
20
0.6617092519685039
11
0.6620333858267716
21
0.6641721259842519
0
LINE
8
BLACK
6
CONTINUOUS
10
0.6620333858267716
20
0.6641721259842519
11
0.6609335039370079
21
0.6652720866141733
0
LINE
8
BLACK
6
CONTINUOUS
10
0.6609335039370079
20
0.6652720866141733
11
0.6581814960629921
21
0.6666480708661418
0
LINE
8
BLACK
6
CONTINUOUS
10
0.6581814960629921
20
0.6666480708661418
11
0.652010590551181
21
0.6681907874015748
0
LINE
8
BLACK
6
CONTINUOUS
10
0.652010590551181
20
0.6681907874015748
11
0.6442041732283464
21
0.6681907874015748
0
LINE
8
BLACK
6
CONTINUOUS
10
0.6442041732283464
20
0.6681907874015748
11
0.6380332283464567
21
0.6666480708661418
0
LINE
8
BLACK
6
CONTINUOUS
10
0.7096783464566929
20
0.6732477559055118
11
0.7099914960629921
21
0.6732324803149606
0
LINE
8
BLACK
6
CONTINUOUS
10
0.7099914960629921
20
0.6732324803149606
11
0.7167406692913386
21
0.6715451968503937
0
LINE
8
BLACK
6
CONTINUOUS
10
0.7167406692913386
20
0.6715451968503937
11
0.7169940157480315
21
0.6714255118110236
0
LINE
8
BLACK
6
CONTINUOUS
10
0.7169940157480315
20
0.6714255118110236
11
0.7172644488188976
21
0.6713514566929134
0
LINE
8
BLACK
6
CONTINUOUS
10
0.7172644488188976
20
0.6713514566929134
11
0.7206390157480315
21
0.6696641732283465
0
LINE
8
BLACK
6
CONTINUOUS
10
0.7206390157480315
20
0.6696641732283465
11
0.7209633464566929
21
0.6694124803149606
0
LINE
8
BLACK
6
CONTINUOUS
10
0.7209633464566929
20
0.6694124803149606
11
0.721304094488189
21
0.6691847637795275
0
LINE
8
BLACK
6
CONTINUOUS
10
0.721304094488189
20
0.6691847637795275
11
0.7229914173228347
21
0.6674974409448818
0
LINE
8
BLACK
6
CONTINUOUS
10
0.7229914173228347
20
0.6674974409448818
11
0.7232192519685039
21
0.6671564173228346
0
LINE
8
BLACK
6
CONTINUOUS
10
0.7232192519685039
20
0.6671564173228346
11
0.723470748031496
21
0.6668324015748032
0
LINE
8
BLACK
6
CONTINUOUS
10
0.723470748031496
20
0.6668324015748032
11
0.7251580314960629
21
0.6634578346456693
0
LINE
8
BLACK
6
CONTINUOUS
10
0.7251580314960629
20
0.6634578346456693
11
0.7251918897637795
21
0.6633341732283464
0
LINE
8
BLACK
6
CONTINUOUS
10
0.7251918897637795
20
0.6633341732283464
11
0.7252333858267717
21
0.6632926771653543
0
LINE
8
BLACK
6
CONTINUOUS
10
0.7252333858267717
20
0.6632926771653543
11
0.7253133858267716
21
0.6628904330708661
0
LINE
8
BLACK
6
CONTINUOUS
10
0.7253133858267716
20
0.6628904330708661
11
0.7254217322834645
21
0.6624948031496063
0
LINE
8
BLACK
6
CONTINUOUS
10
0.7254217322834645
20
0.6624948031496063
11
0.7254031496062991
21
0.6624391338582677
0
LINE
8
BLACK
6
CONTINUOUS
10
0.7254031496062991
20
0.6624391338582677
11
0.725428188976378
21
0.6623133858267717
0
LINE
8
BLACK
6
CONTINUOUS
10
0.725428188976378
20
0.6623133858267717
11
0.725428188976378
21
0.6589388188976378
0
LINE
8
BLACK
6
CONTINUOUS
10
0.725428188976378
20
0.6589388188976378
11
0.7254031496062991
21
0.6588131102362205
0
LINE
8
BLACK
6
CONTINUOUS
10
0.7254031496062991
20
0.6588131102362205
11
0.7254217322834645
21
0.6587574015748031
0
LINE
8
BLACK
6
CONTINUOUS
10
0.7254217322834645
20
0.6587574015748031
11
0.7253133858267716
21
0.658361811023622
0
LINE
8
BLACK
6
CONTINUOUS
10
0.7253133858267716
20
0.658361811023622
11
0.7252333858267717
21
0.6579595275590551
0
LINE
8
BLACK
6
CONTINUOUS
10
0.7252333858267717
20
0.6579595275590551
11
0.7251918897637795
21
0.6579180708661417
0
LINE
8
BLACK
6
CONTINUOUS
10
0.7251918897637795
20
0.6579180708661417
11
0.7251580314960629
21
0.6577943700787401
0
LINE
8
BLACK
6
CONTINUOUS
10
0.7251580314960629
20
0.6577943700787401
11
0.723470748031496
21
0.6544198031496062
0
LINE
8
BLACK
6
CONTINUOUS
10
0.723470748031496
20
0.6544198031496062
11
0.7232192519685039
21
0.6540958267716536
0
LINE
8
BLACK
6
CONTINUOUS
10
0.7232192519685039
20
0.6540958267716536
11
0.7229914173228347
21
0.6537547637795276
0
LINE
8
BLACK
6
CONTINUOUS
10
0.7229914173228347
20
0.6537547637795276
11
0.721304094488189
21
0.6520674409448819
0
LINE
8
BLACK
6
CONTINUOUS
10
0.721304094488189
20
0.6520674409448819
11
0.7209633464566929
21
0.6518397637795276
0
LINE
8
BLACK
6
CONTINUOUS
10
0.7209633464566929
20
0.6518397637795276
11
0.7206390157480315
21
0.6515880314960629
0
LINE
8
BLACK
6
CONTINUOUS
10
0.7206390157480315
20
0.6515880314960629
11
0.7172644488188976
21
0.649900748031496
0
LINE
8
BLACK
6
CONTINUOUS
10
0.7172644488188976
20
0.649900748031496
11
0.7169940157480315
21
0.6498267322834645
0
LINE
8
BLACK
6
CONTINUOUS
10
0.7169940157480315
20
0.6498267322834645
11
0.7167406692913386
21
0.6497070078740157
0
LINE
8
BLACK
6
CONTINUOUS
10
0.7167406692913386
20
0.6497070078740157
11
0.7099914960629921
21
0.6480197244094488
0
LINE
8
BLACK
6
CONTINUOUS
10
0.7099914960629921
20
0.6480197244094488
11
0.7096783464566929
21
0.6480044881889764
0
LINE
8
BLACK
6
CONTINUOUS
10
0.7096783464566929
20
0.6480044881889764
11
0.7093708267716535
21
0.6479433070866142
0
LINE
8
BLACK
6
CONTINUOUS
10
0.7093708267716535
20
0.6479433070866142
11
0.7009344094488189
21
0.6479433070866142
0
LINE
8
BLACK
6
CONTINUOUS
10
0.7009344094488189
20
0.6479433070866142
11
0.7006268503937008
21
0.6480044881889764
0
LINE
8
BLACK
6
CONTINUOUS
10
0.7006268503937008
20
0.6480044881889764
11
0.7003137401574803
21
0.6480197244094488
0
LINE
8
BLACK
6
CONTINUOUS
10
0.7003137401574803
20
0.6480197244094488
11
0.6935645669291338
21
0.6497070078740157
0
LINE
8
BLACK
6
CONTINUOUS
10
0.6935645669291338
20
0.6497070078740157
11
0.6933111811023622
21
0.6498267322834645
0
LINE
8
BLACK
6
CONTINUOUS
10
0.6933111811023622
20
0.6498267322834645
11
0.6930407874015748
21
0.649900748031496
0
LINE
8
BLACK
6
CONTINUOUS
10
0.6930407874015748
20
0.649900748031496
11
0.689666220472441
21
0.6515880314960629
0
LINE
8
BLACK
6
CONTINUOUS
10
0.689666220472441
20
0.6515880314960629
11
0.6893422440944882
21
0.6518394881889764
0
LINE
8
BLACK
6
CONTINUOUS
10
0.6893422440944882
20
0.6518394881889764
11
0.6890011417322834
21
0.6520674015748031
0
LINE
8
BLACK
6
CONTINUOUS
10
0.6890011417322834
20
0.6520674015748031
11
0.6873138582677165
21
0.6537547637795276
0
LINE
8
BLACK
6
CONTINUOUS
10
0.6873138582677165
20
0.6537547637795276
11
0.6870861417322834
21
0.6540955511811023
0
LINE
8
BLACK
6
CONTINUOUS
10
0.6870861417322834
20
0.6540955511811023
11
0.6868345275590551
21
0.6544197637795276
0
LINE
8
BLACK
6
CONTINUOUS
10
0.6868345275590551
20
0.6544197637795276
11
0.6851472047244095
21
0.6577943700787401
0
LINE
8
BLACK
6
CONTINUOUS
10
0.6851472047244095
20
0.6577943700787401
11
0.6851133464566929
21
0.6579179921259842
0
LINE
8
BLACK
6
CONTINUOUS
10
0.6851133464566929
20
0.6579179921259842
11
0.685071811023622
21
0.6579595275590551
0
LINE
8
BLACK
6
CONTINUOUS
10
0.685071811023622
20
0.6579595275590551
11
0.6849917322834645
21
0.6583619291338583
0
LINE
8
BLACK
6
CONTINUOUS
10
0.6849917322834645
20
0.6583619291338583
11
0.6848834645669292
21
0.6587573622047244
0
LINE
8
BLACK
6
CONTINUOUS
10
0.6848834645669292
20
0.6587573622047244
11
0.6849020078740158
21
0.6588130708661417
0
LINE
8
BLACK
6
CONTINUOUS
10
0.6849020078740158
20
0.6588130708661417
11
0.6848770078740157
21
0.6589388188976378
0
LINE
8
BLACK
6
CONTINUOUS
10
0.6848770078740157
20
0.6589388188976378
11
0.6848770078740157
21
0.6623133858267717
0
LINE
8
BLACK
6
CONTINUOUS
10
0.6848770078740157
20
0.6623133858267717
11
0.6849020078740158
21
0.6624391732283464
0
LINE
8
BLACK
6
CONTINUOUS
10
0.6849020078740158
20
0.6624391732283464
11
0.6848834645669292
21
0.662494842519685
0
LINE
8
BLACK
6
CONTINUOUS
10
0.6848834645669292
20
0.662494842519685
11
0.6849917322834645
21
0.6628903149606299
0
LINE
8
BLACK
6
CONTINUOUS
10
0.6849917322834645
20
0.6628903149606299
11
0.685071811023622
21
0.6632926771653543
0
LINE
8
BLACK
6
CONTINUOUS
10
0.685071811023622
20
0.6632926771653543
11
0.6851133464566929
21
0.6633342519685039
0
LINE
8
BLACK
6
CONTINUOUS
10
0.6851133464566929
20
0.6633342519685039
11
0.6851472047244095
21
0.6634578346456693
0
LINE
8
BLACK
6
CONTINUOUS
10
0.6851472047244095
20
0.6634578346456693
11
0.6868345275590551
21
0.6668324409448819
0
LINE
8
BLACK
6
CONTINUOUS
10
0.6868345275590551
20
0.6668324409448819
11
0.6870861417322834
21
0.6671566929133859
0
LINE
8
BLACK
6
CONTINUOUS
10
0.6870861417322834
20
0.6671566929133859
11
0.6873138582677165
21
0.6674974409448818
0
LINE
8
BLACK
6
CONTINUOUS
10
0.6873138582677165
20
0.6674974409448818
11
0.6890011417322834
21
0.6691848031496063
0
LINE
8
BLACK
6
CONTINUOUS
10
0.6890011417322834
20
0.6691848031496063
11
0.6893422440944882
21
0.6694127559055117
0
LINE
8
BLACK
6
CONTINUOUS
10
0.6893422440944882
20
0.6694127559055117
11
0.689666220472441
21
0.6696641732283465
0
LINE
8
BLACK
6
CONTINUOUS
10
0.689666220472441
20
0.6696641732283465
11
0.6930407874015748
21
0.6713514566929134
0
LINE
8
BLACK
6
CONTINUOUS
10
0.6930407874015748
20
0.6713514566929134
11
0.6933111811023622
21
0.6714255118110236
0
LINE
8
BLACK
6
CONTINUOUS
10
0.6933111811023622
20
0.6714255118110236
11
0.6935645669291338
21
0.6715451968503937
0
LINE
8
BLACK
6
CONTINUOUS
10
0.6935645669291338
20
0.6715451968503937
11
0.7003137401574803
21
0.6732324803149606
0
LINE
8
BLACK
6
CONTINUOUS
10
0.7003137401574803
20
0.6732324803149606
11
0.7006268503937008
21
0.6732477559055118
0
LINE
8
BLACK
6
CONTINUOUS
10
0.7006268503937008
20
0.6732477559055118
11
0.7009344094488189
21
0.6733088976377952
0
LINE
8
BLACK
6
CONTINUOUS
10
0.7009344094488189
20
0.6733088976377952
11
0.7093708267716535
21
0.6733088976377952
0
LINE
8
BLACK
6
CONTINUOUS
10
0.7093708267716535
20
0.6733088976377952
11
0.7096783464566929
21
0.6732477559055118
0
LINE
8
BLACK
6
CONTINUOUS
10
0.6950784645669291
20
0.6666480708661418
11
0.6923265354330709
21
0.6652720866141733
0
LINE
8
BLACK
6
CONTINUOUS
10
0.6923265354330709
20
0.6652720866141733
11
0.6912265748031496
21
0.6641721653543307
0
LINE
8
BLACK
6
CONTINUOUS
10
0.6912265748031496
20
0.6641721653543307
11
0.6899951181102362
21
0.6617093307086614
0
LINE
8
BLACK
6
CONTINUOUS
10
0.6899951181102362
20
0.6617093307086614
11
0.6899951181102362
21
0.6595429133858267
0
LINE
8
BLACK
6
CONTINUOUS
10
0.6899951181102362
20
0.6595429133858267
11
0.6912265748031496
21
0.6570800787401575
0
LINE
8
BLACK
6
CONTINUOUS
10
0.6912265748031496
20
0.6570800787401575
11
0.6923265354330709
21
0.6559801181102362
0
LINE
8
BLACK
6
CONTINUOUS
10
0.6923265354330709
20
0.6559801181102362
11
0.6950784645669291
21
0.6546041732283464
0
LINE
8
BLACK
6
CONTINUOUS
10
0.6950784645669291
20
0.6546041732283464
11
0.7012494094488189
21
0.6530614173228346
0
LINE
8
BLACK
6
CONTINUOUS
10
0.7012494094488189
20
0.6530614173228346
11
0.7090558267716536
21
0.6530614173228346
0
LINE
8
BLACK
6
CONTINUOUS
10
0.7090558267716536
20
0.6530614173228346
11
0.7152267322834646
21
0.6546041732283464
0
LINE
8
BLACK
6
CONTINUOUS
10
0.7152267322834646
20
0.6546041732283464
11
0.7179787401574803
21
0.6559801574803149
0
LINE
8
BLACK
6
CONTINUOUS
10
0.7179787401574803
20
0.6559801574803149
11
0.719078622047244
21
0.6570801181102363
0
LINE
8
BLACK
6
CONTINUOUS
10
0.719078622047244
20
0.6570801181102363
11
0.7203100787401575
21
0.6595429527559055
0
LINE
8
BLACK
6
CONTINUOUS
10
0.7203100787401575
20
0.6595429527559055
11
0.7203100787401575
21
0.6617092519685039
0
LINE
8
BLACK
6
CONTINUOUS
10
0.7203100787401575
20
0.6617092519685039
11
0.719078622047244
21
0.6641721259842519
0
LINE
8
BLACK
6
CONTINUOUS
10
0.719078622047244
20
0.6641721259842519
11
0.7179787401574803
21
0.6652720866141733
0
LINE
8
BLACK
6
CONTINUOUS
10
0.7179787401574803
20
0.6652720866141733
11
0.7152267322834646
21
0.6666480708661418
0
LINE
8
BLACK
6
CONTINUOUS
10
0.7152267322834646
20
0.6666480708661418
11
0.7090558267716536
21
0.6681907874015748
0
LINE
8
BLACK
6
CONTINUOUS
10
0.7090558267716536
20
0.6681907874015748
11
0.7012494094488189
21
0.6681907874015748
0
LINE
8
BLACK
6
CONTINUOUS
10
0.7012494094488189
20
0.6681907874015748
11
0.6950784645669291
21
0.6666480708661418
0
LINE
8
BLACK
6
CONTINUOUS
10
0.2602579527559055
20
0.6958569291338582
11
0.2613441732283465
21
0.6947707086614173
0
LINE
8
BLACK
6
CONTINUOUS
10
0.2613441732283465
20
0.6947707086614173
11
0.2619320472440945
21
0.6933514960629921
0
LINE
8
BLACK
6
CONTINUOUS
10
0.2619320472440945
20
0.6933514960629921
11
0.2620076771653543
21
0.6925834251968503
0
LINE
8
BLACK
6
CONTINUOUS
10
0.2620076771653543
20
0.6925834251968503
11
0.2620076771653543
21
0.6633370866141732
0
LINE
8
BLACK
6
CONTINUOUS
10
0.2620076771653543
20
0.6633370866141732
11
0.2619320472440945
21
0.6625690157480315
0
LINE
8
BLACK
6
CONTINUOUS
10
0.2619320472440945
20
0.6625690157480315
11
0.2613441732283465
21
0.6611498031496063
0
LINE
8
BLACK
6
CONTINUOUS
10
0.2613441732283465
20
0.6611498031496063
11
0.2602579527559055
21
0.6600635826771654
0
LINE
8
BLACK
6
CONTINUOUS
10
0.2602579527559055
20
0.6600635826771654
11
0.2588387401574803
21
0.6594757086614174
0
LINE
8
BLACK
6
CONTINUOUS
10
0.2588387401574803
20
0.6594757086614174
11
0.2573025984251969
21
0.6594757086614174
0
LINE
8
BLACK
6
CONTINUOUS
10
0.2573025984251969
20
0.6594757086614174
11
0.2558833858267717
21
0.6600635826771654
0
LINE
8
BLACK
6
CONTINUOUS
10
0.2558833858267717
20
0.6600635826771654
11
0.2547971653543307
21
0.6611498031496063
0
LINE
8
BLACK
6
CONTINUOUS
10
0.2547971653543307
20
0.6611498031496063
11
0.2542092913385827
21
0.6625690157480315
0
LINE
8
BLACK
6
CONTINUOUS
10
0.2542092913385827
20
0.6625690157480315
11
0.2541336614173229
21
0.6633370866141732
0
LINE
8
BLACK
6
CONTINUOUS
10
0.2541336614173229
20
0.6633370866141732
11
0.2541336614173229
21
0.6740232283464567
0
LINE
8
BLACK
6
CONTINUOUS
10
0.2541336614173229
20
0.6740232283464567
11
0.2068895669291339
21
0.6740232283464567
0
LINE
8
BLACK
6
CONTINUOUS
10
0.2068895669291339
20
0.6740232283464567
11
0.2061214960629921
21
0.6740988582677165
0
LINE
8
BLACK
6
CONTINUOUS
10
0.2061214960629921
20
0.6740988582677165
11
0.2047022834645669
21
0.6746867322834645
0
LINE
8
BLACK
6
CONTINUOUS
10
0.2047022834645669
20
0.6746867322834645
11
0.203616062992126
21
0.6757729527559055
0
LINE
8
BLACK
6
CONTINUOUS
10
0.203616062992126
20
0.6757729527559055
11
0.2030281889763779
21
0.6771921653543307
0
LINE
8
BLACK
6
CONTINUOUS
10
0.2030281889763779
20
0.6771921653543307
11
0.2030281889763779
21
0.6787283070866141
0
LINE
8
BLACK
6
CONTINUOUS
10
0.2030281889763779
20
0.6787283070866141
11
0.203616062992126
21
0.6801475196850394
0
LINE
8
BLACK
6
CONTINUOUS
10
0.203616062992126
20
0.6801475196850394
11
0.2047022834645669
21
0.6812337401574803
0
LINE
8
BLACK
6
CONTINUOUS
10
0.2047022834645669
20
0.6812337401574803
11
0.2061214960629921
21
0.6818216141732283
0
LINE
8
BLACK
6
CONTINUOUS
10
0.2061214960629921
20
0.6818216141732283
11
0.2068895669291339
21
0.6818972440944882
0
LINE
8
BLACK
6
CONTINUOUS
10
0.2068895669291339
20
0.6818972440944882
11
0.2541336614173229
21
0.6818972440944882
0
LINE
8
BLACK
6
CONTINUOUS
10
0.2541336614173229
20
0.6818972440944882
11
0.2541336614173229
21
0.6925834251968503
0
LINE
8
BLACK
6
CONTINUOUS
10
0.2541336614173229
20
0.6925834251968503
11
0.2542092913385827
21
0.6933514960629921
0
LINE
8
BLACK
6
CONTINUOUS
10
0.2542092913385827
20
0.6933514960629921
11
0.2547971653543307
21
0.6947707086614173
0
LINE
8
BLACK
6
CONTINUOUS
10
0.2547971653543307
20
0.6947707086614173
11
0.2558833858267717
21
0.6958569291338582
0
LINE
8
BLACK
6
CONTINUOUS
10
0.2558833858267717
20
0.6958569291338582
11
0.2573025984251969
21
0.6964448031496063
0
LINE
8
BLACK
6
CONTINUOUS
10
0.2573025984251969
20
0.6964448031496063
11
0.2588387401574803
21
0.6964448031496063
0
LINE
8
BLACK
6
CONTINUOUS
10
0.2588387401574803
20
0.6964448031496063
11
0.2602579527559055
21
0.6958569291338582
0
LINE
8
BLACK
6
CONTINUOUS
10
0.4905669291338582
20
0.7158675196850394
11
0.4906099606299212
21
0.7158738976377953
0
LINE
8
BLACK
6
CONTINUOUS
10
0.4906099606299212
20
0.7158738976377953
11
0.4908254330708661
21
0.7158420472440945
0
LINE
8
BLACK
6
CONTINUOUS
10
0.4908254330708661
20
0.7158420472440945
11
0.4910424803149606
21
0.7158206692913386
0
LINE
8
BLACK
6
CONTINUOUS
10
0.4910424803149606
20
0.7158206692913386
11
0.4910826771653543
21
0.7158040551181102
0
LINE
8
BLACK
6
CONTINUOUS
10
0.4910826771653543
20
0.7158040551181102
11
0.4911825590551181
21
0.715789251968504
0
LINE
8
BLACK
6
CONTINUOUS
10
0.4911825590551181
20
0.715789251968504
11
0.4986816141732283
21
0.7139144881889764
0
LINE
8
BLACK
6
CONTINUOUS
10
0.4986816141732283
20
0.7139144881889764
11
0.4992267322834645
21
0.7137197244094488
0
LINE
8
BLACK
6
CONTINUOUS
10
0.4992267322834645
20
0.7137197244094488
11
0.4994031496062992
21
0.7135890157480315
0
LINE
8
BLACK
6
CONTINUOUS
10
0.4994031496062992
20
0.7135890157480315
11
0.4996059448818898
21
0.7135049999999999
0
LINE
8
BLACK
6
CONTINUOUS
10
0.4996059448818898
20
0.7135049999999999
11
0.5000533858267716
21
0.7131377952755905
0
LINE
8
BLACK
6
CONTINUOUS
10
0.5000533858267716
20
0.7131377952755905
11
0.5038029133858267
21
0.7093882677165354
0
LINE
8
BLACK
6
CONTINUOUS
10
0.5038029133858267
20
0.7093882677165354
11
0.5039887401574803
21
0.7091618897637795
0
LINE
8
BLACK
6
CONTINUOUS
10
0.5039887401574803
20
0.7091618897637795
11
0.5040476771653544
21
0.7091107480314961
0
LINE
8
BLACK
6
CONTINUOUS
10
0.5040476771653544
20
0.7091107480314961
11
0.5041035433070866
21
0.7090220078740157
0
LINE
8
BLACK
6
CONTINUOUS
10
0.5041035433070866
20
0.7090220078740157
11
0.5041701574803149
21
0.7089408267716535
0
LINE
8
BLACK
6
CONTINUOUS
10
0.5041701574803149
20
0.7089408267716535
11
0.5042
21
0.7088687007874016
0
LINE
8
BLACK
6
CONTINUOUS
10
0.5042
20
0.7088687007874016
11
0.5043560236220472
21
0.7086208661417323
0
LINE
8
BLACK
6
CONTINUOUS
10
0.5043560236220472
20
0.7086208661417323
11
0.5062307874015748
21
0.7048713385826771
0
LINE
8
BLACK
6
CONTINUOUS
10
0.5062307874015748
20
0.7048713385826771
11
0.5064376771653544
21
0.7043307480314961
0
LINE
8
BLACK
6
CONTINUOUS
10
0.5064376771653544
20
0.7043307480314961
11
0.5064451968503937
21
0.7042248818897637
0
LINE
8
BLACK
6
CONTINUOUS
10
0.5064451968503937
20
0.7042248818897637
11
0.5064857874015748
21
0.7041268897637795
0
LINE
8
BLACK
6
CONTINUOUS
10
0.5064857874015748
20
0.7041268897637795
11
0.5065425196850394
21
0.7035508267716535
0
LINE
8
BLACK
6
CONTINUOUS
10
0.5065425196850394
20
0.7035508267716535
11
0.5065425196850394
21
0.6960517716535433
0
LINE
8
BLACK
6
CONTINUOUS
10
0.5065425196850394
20
0.6960517716535433
11
0.5064857874015748
21
0.6954757086614173
0
LINE
8
BLACK
6
CONTINUOUS
10
0.5064857874015748
20
0.6954757086614173
11
0.5064451968503937
21
0.6953777559055118
0
LINE
8
BLACK
6
CONTINUOUS
10
0.5064451968503937
20
0.6953777559055118
11
0.5064376771653544
21
0.6952718503937008
0
LINE
8
BLACK
6
CONTINUOUS
10
0.5064376771653544
20
0.6952718503937008
11
0.5062307874015748
21
0.6947312598425197
0
LINE
8
BLACK
6
CONTINUOUS
10
0.5062307874015748
20
0.6947312598425197
11
0.5043560236220472
21
0.6909817322834646
0
LINE
8
BLACK
6
CONTINUOUS
10
0.5043560236220472
20
0.6909817322834646
11
0.5042
21
0.690733937007874
0
LINE
8
BLACK
6
CONTINUOUS
10
0.5042
20
0.690733937007874
11
0.5041701574803149
21
0.6906617716535433
0
LINE
8
BLACK
6
CONTINUOUS
10
0.5041701574803149
20
0.6906617716535433
11
0.5041035433070866
21
0.6905806299212598
0
LINE
8
BLACK
6
CONTINUOUS
10
0.5041035433070866
20
0.6905806299212598
11
0.5040476771653544
21
0.6904918503937008
0
LINE
8
BLACK
6
CONTINUOUS
10
0.5040476771653544
20
0.6904918503937008
11
0.5039887401574803
21
0.690440748031496
0
LINE
8
BLACK
6
CONTINUOUS
10
0.5039887401574803
20
0.690440748031496
11
0.5038029133858267
21
0.6902143307086614
0
LINE
8
BLACK
6
CONTINUOUS
10
0.5038029133858267
20
0.6902143307086614
11
0.5000533858267716
21
0.6864648031496062
0
LINE
8
BLACK
6
CONTINUOUS
10
0.5000533858267716
20
0.6864648031496062
11
0.4996059448818898
21
0.6860975984251968
0
LINE
8
BLACK
6
CONTINUOUS
10
0.4996059448818898
20
0.6860975984251968
11
0.4994031496062992
21
0.686013622047244
0
LINE
8
BLACK
6
CONTINUOUS
10
0.4994031496062992
20
0.686013622047244
11
0.4992267322834645
21
0.685882874015748
0
LINE
8
BLACK
6
CONTINUOUS
10
0.4992267322834645
20
0.685882874015748
11
0.4986816141732283
21
0.6856881102362204
0
LINE
8
BLACK
6
CONTINUOUS
10
0.4986816141732283
20
0.6856881102362204
11
0.4911825590551181
21
0.6838133464566929
0
LINE
8
BLACK
6
CONTINUOUS
10
0.4911825590551181
20
0.6838133464566929
11
0.4910826771653543
21
0.6837985826771653
0
LINE
8
BLACK
6
CONTINUOUS
10
0.4910826771653543
20
0.6837985826771653
11
0.4910424803149606
21
0.6837819291338583
0
LINE
8
BLACK
6
CONTINUOUS
10
0.4910424803149606
20
0.6837819291338583
11
0.4908254330708661
21
0.6837605905511811
0
LINE
8
BLACK
6
CONTINUOUS
10
0.4908254330708661
20
0.6837605905511811
11
0.4906099606299212
21
0.6837287007874016
0
LINE
8
BLACK
6
CONTINUOUS
10
0.4906099606299212
20
0.6837287007874016
11
0.4905669291338582
21
0.6837351181102362
0
LINE
8
BLACK
6
CONTINUOUS
10
0.4905669291338582
20
0.6837351181102362
11
0.4904664173228346
21
0.6837251968503937
0
LINE
8
BLACK
6
CONTINUOUS
10
0.4904664173228346
20
0.6837251968503937
11
0.4773430708661417
21
0.6837251968503937
0
LINE
8
BLACK
6
CONTINUOUS
10
0.4773430708661417
20
0.6837251968503937
11
0.4772425196850393
21
0.6837351181102362
0
LINE
8
BLACK
6
CONTINUOUS
10
0.4772425196850393
20
0.6837351181102362
11
0.4771995275590551
21
0.6837287007874016
0
LINE
8
BLACK
6
CONTINUOUS
10
0.4771995275590551
20
0.6837287007874016
11
0.4769840157480315
21
0.6837605905511811
0
LINE
8
BLACK
6
CONTINUOUS
10
0.4769840157480315
20
0.6837605905511811
11
0.4767670078740157
21
0.6837819291338583
0
LINE
8
BLACK
6
CONTINUOUS
10
0.4767670078740157
20
0.6837819291338583
11
0.4767267716535433
21
0.6837985826771653
0
LINE
8
BLACK
6
CONTINUOUS
10
0.4767267716535433
20
0.6837985826771653
11
0.4766269291338582
21
0.6838133464566929
0
LINE
8
BLACK
6
CONTINUOUS
10
0.4766269291338582
20
0.6838133464566929
11
0.469127874015748
21
0.6856881102362204
0
LINE
8
BLACK
6
CONTINUOUS
10
0.469127874015748
20
0.6856881102362204
11
0.4685827559055118
21
0.685882874015748
0
LINE
8
BLACK
6
CONTINUOUS
10
0.4685827559055118
20
0.685882874015748
11
0.4684064173228346
21
0.6860135433070866
0
LINE
8
BLACK
6
CONTINUOUS
10
0.4684064173228346
20
0.6860135433070866
11
0.4682035433070866
21
0.686097559055118
0
LINE
8
BLACK
6
CONTINUOUS
10
0.4682035433070866
20
0.686097559055118
11
0.4677561023622047
21
0.6864648031496062
0
LINE
8
BLACK
6
CONTINUOUS
10
0.4677561023622047
20
0.6864648031496062
11
0.4640065748031496
21
0.6902143307086614
0
LINE
8
BLACK
6
CONTINUOUS
10
0.4640065748031496
20
0.6902143307086614
11
0.4638208267716535
21
0.6904406692913385
0
LINE
8
BLACK
6
CONTINUOUS
10
0.4638208267716535
20
0.6904406692913385
11
0.4637618503937008
21
0.690491811023622
0
LINE
8
BLACK
6
CONTINUOUS
10
0.4637618503937008
20
0.690491811023622
11
0.4637058267716535
21
0.6905807874015748
0
LINE
8
BLACK
6
CONTINUOUS
10
0.4637058267716535
20
0.6905807874015748
11
0.4636393700787401
21
0.6906617716535433
0
LINE
8
BLACK
6
CONTINUOUS
10
0.4636393700787401
20
0.6906617716535433
11
0.4636095669291339
21
0.6907337401574803
0
LINE
8
BLACK
6
CONTINUOUS
10
0.4636095669291339
20
0.6907337401574803
11
0.4634534645669291
21
0.6909816929133858
0
LINE
8
BLACK
6
CONTINUOUS
10
0.4634534645669291
20
0.6909816929133858
11
0.4615786614173228
21
0.694731220472441
0
LINE
8
BLACK
6
CONTINUOUS
10
0.4615786614173228
20
0.694731220472441
11
0.4613717716535433
21
0.6952718503937008
0
LINE
8
BLACK
6
CONTINUOUS
10
0.4613717716535433
20
0.6952718503937008
11
0.4613642125984252
21
0.6953777559055118
0
LINE
8
BLACK
6
CONTINUOUS
10
0.4613642125984252
20
0.6953777559055118
11
0.4613236614173228
21
0.6954757086614173
0
LINE
8
BLACK
6
CONTINUOUS
10
0.4613236614173228
20
0.6954757086614173
11
0.4612669291338583
21
0.6960517716535433
0
LINE
8
BLACK
6
CONTINUOUS
10
0.4612669291338583
20
0.6960517716535433
11
0.4612669291338583
21
0.7035508267716535
0
LINE
8
BLACK
6
CONTINUOUS
10
0.4612669291338583
20
0.7035508267716535
11
0.4613236614173228
21
0.7041268897637795
0
LINE
8
BLACK
6
CONTINUOUS
10
0.4613236614173228
20
0.7041268897637795
11
0.4613642125984252
21
0.7042248818897637
0
LINE
8
BLACK
6
CONTINUOUS
10
0.4613642125984252
20
0.7042248818897637
11
0.4613717716535433
21
0.7043307480314961
0
LINE
8
BLACK
6
CONTINUOUS
10
0.4613717716535433
20
0.7043307480314961
11
0.4615786614173228
21
0.7048713779527559
0
LINE
8
BLACK
6
CONTINUOUS
10
0.4615786614173228
20
0.7048713779527559
11
0.4634534645669291
21
0.708620905511811
0
LINE
8
BLACK
6
CONTINUOUS
10
0.4634534645669291
20
0.708620905511811
11
0.4636095669291339
21
0.7088688976377953
0
LINE
8
BLACK
6
CONTINUOUS
10
0.4636095669291339
20
0.7088688976377953
11
0.4636393700787401
21
0.7089408267716535
0
LINE
8
BLACK
6
CONTINUOUS
10
0.4636393700787401
20
0.7089408267716535
11
0.4637058267716535
21
0.7090218503937008
0
LINE
8
BLACK
6
CONTINUOUS
10
0.4637058267716535
20
0.7090218503937008
11
0.4637618503937008
21
0.7091107874015747
0
LINE
8
BLACK
6
CONTINUOUS
10
0.4637618503937008
20
0.7091107874015747
11
0.4638208267716535
21
0.709161968503937
0
LINE
8
BLACK
6
CONTINUOUS
10
0.4638208267716535
20
0.709161968503937
11
0.4640065748031496
21
0.7093882677165354
0
LINE
8
BLACK
6
CONTINUOUS
10
0.4640065748031496
20
0.7093882677165354
11
0.4677561023622047
21
0.7131377952755905
0
LINE
8
BLACK
6
CONTINUOUS
10
0.4677561023622047
20
0.7131377952755905
11
0.4682035433070866
21
0.7135050393700787
0
LINE
8
BLACK
6
CONTINUOUS
10
0.4682035433070866
20
0.7135050393700787
11
0.4684064173228346
21
0.713589094488189
0
LINE
8
BLACK
6
CONTINUOUS
10
0.4684064173228346
20
0.713589094488189
11
0.4685827559055118
21
0.7137197244094488
0
LINE
8
BLACK
6
CONTINUOUS
10
0.4685827559055118
20
0.7137197244094488
11
0.469127874015748
21
0.7139144881889764
0
LINE
8
BLACK
6
CONTINUOUS
10
0.469127874015748
20
0.7139144881889764
11
0.4766269291338582
21
0.715789251968504
0
LINE
8
BLACK
6
CONTINUOUS
10
0.4766269291338582
20
0.715789251968504
11
0.4767267716535433
21
0.7158040551181102
0
LINE
8
BLACK
6
CONTINUOUS
10
0.4767267716535433
20
0.7158040551181102
11
0.4767670078740157
21
0.7158206692913386
0
LINE
8
BLACK
6
CONTINUOUS
10
0.4767670078740157
20
0.7158206692913386
11
0.4769840157480315
21
0.7158420472440945
0
LINE
8
BLACK
6
CONTINUOUS
10
0.4769840157480315
20
0.7158420472440945
11
0.4771995275590551
21
0.7158738976377953
0
LINE
8
BLACK
6
CONTINUOUS
10
0.4771995275590551
20
0.7158738976377953
11
0.4772425196850393
21
0.7158675196850394
0
LINE
8
BLACK
6
CONTINUOUS
10
0.4772425196850393
20
0.7158675196850394
11
0.4773430708661417
21
0.7158774015748032
0
LINE
8
BLACK
6
CONTINUOUS
10
0.4773430708661417
20
0.7158774015748032
11
0.4904664173228346
21
0.7158774015748032
0
LINE
8
BLACK
6
CONTINUOUS
10
0.4904664173228346
20
0.7158774015748032
11
0.4905669291338582
21
0.7158675196850394
0
LINE
8
BLACK
6
CONTINUOUS
10
0.4713535826771653
20
0.7083836614173228
11
0.4685211811023622
21
0.7055512598425197
0
LINE
8
BLACK
6
CONTINUOUS
10
0.4685211811023622
20
0.7055512598425197
11
0.4671724409448819
21
0.7028537401574803
0
LINE
8
BLACK
6
CONTINUOUS
10
0.4671724409448819
20
0.7028537401574803
11
0.4671724409448819
21
0.6967488976377952
0
LINE
8
BLACK
6
CONTINUOUS
10
0.4671724409448819
20
0.6967488976377952
11
0.4685211811023622
21
0.6940513779527558
0
LINE
8
BLACK
6
CONTINUOUS
10
0.4685211811023622
20
0.6940513779527558
11
0.4713535826771653
21
0.6912189763779527
0
LINE
8
BLACK
6
CONTINUOUS
10
0.4713535826771653
20
0.6912189763779527
11
0.4777066141732283
21
0.6896307086614173
0
LINE
8
BLACK
6
CONTINUOUS
10
0.4777066141732283
20
0.6896307086614173
11
0.490102874015748
21
0.6896307086614173
0
LINE
8
BLACK
6
CONTINUOUS
10
0.490102874015748
20
0.6896307086614173
11
0.4964558661417323
21
0.6912189763779527
0
LINE
8
BLACK
6
CONTINUOUS
10
0.4964558661417323
20
0.6912189763779527
11
0.4992882677165354
21
0.6940513385826772
0
LINE
8
BLACK
6
CONTINUOUS
10
0.4992882677165354
20
0.6940513385826772
11
0.5006370078740158
21
0.6967488188976377
0
LINE
8
BLACK
6
CONTINUOUS
10
0.5006370078740158
20
0.6967488188976377
11
0.5006370078740158
21
0.702853779527559
0
LINE
8
BLACK
6
CONTINUOUS
10
0.5006370078740158
20
0.702853779527559
11
0.4992882677165354
21
0.7055512598425197
0
LINE
8
BLACK
6
CONTINUOUS
10
0.4992882677165354
20
0.7055512598425197
11
0.4964558661417323
21
0.7083836614173228
0
LINE
8
BLACK
6
CONTINUOUS
10
0.4964558661417323
20
0.7083836614173228
11
0.490102874015748
21
0.7099718897637796
0
LINE
8
BLACK
6
CONTINUOUS
10
0.490102874015748
20
0.7099718897637796
11
0.4777066141732283
21
0.7099718897637796
0
LINE
8
BLACK
6
CONTINUOUS
10
0.4777066141732283
20
0.7099718897637796
11
0.4713535826771653
21
0.7083836614173228
0
LINE
8
BLACK
6
CONTINUOUS
10
0.6529934251968503
20
0.7649314566929134
11
0.6576155905511811
21
0.7625055511811023
0
LINE
8
BLACK
6
CONTINUOUS
10
0.6576155905511811
20
0.7625055511811023
11
0.6615228740157481
21
0.7590439763779527
0
LINE
8
BLACK
6
CONTINUOUS
10
0.6615228740157481
20
0.7590439763779527
11
0.6644882283464567
21
0.7547479527559054
0
LINE
8
BLACK
6
CONTINUOUS
10
0.6644882283464567
20
0.7547479527559054
11
0.6663392913385826
21
0.7498670866141732
0
LINE
8
BLACK
6
CONTINUOUS
10
0.6663392913385826
20
0.7498670866141732
11
0.6669685039370079
21
0.7446850393700787
0
LINE
8
BLACK
6
CONTINUOUS
10
0.6669685039370079
20
0.7446850393700787
11
0.6665925590551181
21
0.7435279921259842
0
LINE
8
BLACK
6
CONTINUOUS
10
0.6665925590551181
20
0.7435279921259842
11
0.6656083070866141
21
0.742812874015748
0
LINE
8
BLACK
6
CONTINUOUS
10
0.6656083070866141
20
0.742812874015748
11
0.6643916929133858
21
0.742812874015748
0
LINE
8
BLACK
6
CONTINUOUS
10
0.6643916929133858
20
0.742812874015748
11
0.6634074409448819
21
0.7435279921259842
0
LINE
8
BLACK
6
CONTINUOUS
10
0.6634074409448819
20
0.7435279921259842
11
0.6630314960629922
21
0.7446850393700787
0
LINE
8
BLACK
6
CONTINUOUS
10
0.6630314960629922
20
0.7446850393700787
11
0.6630314960629922
21
0.7470174803149606
0
LINE
8
BLACK
6
CONTINUOUS
10
0.6630314960629922
20
0.7470174803149606
11
0.6618241338582677
21
0.7515233858267716
0
LINE
8
BLACK
6
CONTINUOUS
10
0.6618241338582677
20
0.7515233858267716
11
0.6594917322834646
21
0.7555632283464567
0
LINE
8
BLACK
6
CONTINUOUS
10
0.6594917322834646
20
0.7555632283464567
11
0.6590944881889763
21
0.7559604724409449
0
LINE
8
BLACK
6
CONTINUOUS
10
0.6590944881889763
20
0.7559604724409449
11
0.6590944881889763
21
0.7137245669291339
0
LINE
8
BLACK
6
CONTINUOUS
10
0.6590944881889763
20
0.7137245669291339
11
0.6594917322834646
21
0.714121811023622
0
LINE
8
BLACK
6
CONTINUOUS
10
0.6594917322834646
20
0.714121811023622
11
0.6618241338582677
21
0.7181616535433071
0
LINE
8
BLACK
6
CONTINUOUS
10
0.6618241338582677
20
0.7181616535433071
11
0.6630314960629922
21
0.7226675590551181
0
LINE
8
BLACK
6
CONTINUOUS
10
0.6630314960629922
20
0.7226675590551181
11
0.6630314960629922
21
0.725
0
LINE
8
BLACK
6
CONTINUOUS
10
0.6630314960629922
20
0.725
11
0.6634074409448819
21
0.7261570472440945
0
LINE
8
BLACK
6
CONTINUOUS
10
0.6634074409448819
20
0.7261570472440945
11
0.6643916929133858
21
0.7268721653543307
0
LINE
8
BLACK
6
CONTINUOUS
10
0.6643916929133858
20
0.7268721653543307
11
0.6656083070866141
21
0.7268721653543307
0
LINE
8
BLACK
6
CONTINUOUS
10
0.6656083070866141
20
0.7268721653543307
11
0.6665925590551181
21
0.7261570472440945
0
LINE
8
BLACK
6
CONTINUOUS
10
0.6665925590551181
20
0.7261570472440945
11
0.6669685039370079
21
0.725
0
LINE
8
BLACK
6
CONTINUOUS
10
0.6669685039370079
20
0.725
11
0.6663392913385826
21
0.7198179527559055
0
LINE
8
BLACK
6
CONTINUOUS
10
0.6663392913385826
20
0.7198179527559055
11
0.6644882283464567
21
0.7149370866141732
0
LINE
8
BLACK
6
CONTINUOUS
10
0.6644882283464567
20
0.7149370866141732
11
0.6615228740157481
21
0.7106410629921259
0
LINE
8
BLACK
6
CONTINUOUS
10
0.6615228740157481
20
0.7106410629921259
11
0.6576155905511811
21
0.7071794881889764
0
LINE
8
BLACK
6
CONTINUOUS
10
0.6576155905511811
20
0.7071794881889764
11
0.6529934251968503
21
0.7047535826771654
0
LINE
8
BLACK
6
CONTINUOUS
10
0.6529934251968503
20
0.7047535826771654
11
0.647925
21
0.7035043307086614
0
LINE
8
BLACK
6
CONTINUOUS
10
0.647925
20
0.7035043307086614
11
0.6427049212598425
21
0.7035043307086614
0
LINE
8
BLACK
6
CONTINUOUS
10
0.6427049212598425
20
0.7035043307086614
11
0.6376364960629921
21
0.7047535826771654
0
LINE
8
BLACK
6
CONTINUOUS
10
0.6376364960629921
20
0.7047535826771654
11
0.6330143307086614
21
0.7071794881889764
0
LINE
8
BLACK
6
CONTINUOUS
10
0.6330143307086614
20
0.7071794881889764
11
0.6291070472440945
21
0.7106410629921259
0
LINE
8
BLACK
6
CONTINUOUS
10
0.6291070472440945
20
0.7106410629921259
11
0.6261416929133858
21
0.7149370866141732
0
LINE
8
BLACK
6
CONTINUOUS
10
0.6261416929133858
20
0.7149370866141732
11
0.6242906299212598
21
0.7198179527559055
0
LINE
8
BLACK
6
CONTINUOUS
10
0.6242906299212598
20
0.7198179527559055
11
0.6236614173228346
21
0.725
0
LINE
8
BLACK
6
CONTINUOUS
10
0.6236614173228346
20
0.725
11
0.6240373622047244
21
0.7261570472440945
0
LINE
8
BLACK
6
CONTINUOUS
10
0.6240373622047244
20
0.7261570472440945
11
0.6250216141732283
21
0.7268721653543307
0
LINE
8
BLACK
6
CONTINUOUS
10
0.6250216141732283
20
0.7268721653543307
11
0.6262382283464567
21
0.7268721653543307
0
LINE
8
BLACK
6
CONTINUOUS
10
0.6262382283464567
20
0.7268721653543307
11
0.6272224803149606
21
0.7261570472440945
0
LINE
8
BLACK
6
CONTINUOUS
10
0.6272224803149606
20
0.7261570472440945
11
0.6275984251968504
21
0.725
0
LINE
8
BLACK
6
CONTINUOUS
10
0.6275984251968504
20
0.725
11
0.6275984251968504
21
0.7226675590551181
0
LINE
8
BLACK
6
CONTINUOUS
10
0.6275984251968504
20
0.7226675590551181
11
0.6288057874015748
21
0.7181616535433071
0
LINE
8
BLACK
6
CONTINUOUS
10
0.6288057874015748
20
0.7181616535433071
11
0.631138188976378
21
0.714121811023622
0
LINE
8
BLACK
6
CONTINUOUS
10
0.631138188976378
20
0.714121811023622
11
0.6315354330708661
21
0.7137245669291339
0
LINE
8
BLACK
6
CONTINUOUS
10
0.6315354330708661
20
0.7137245669291339
11
0.6315354330708661
21
0.7559604724409449
0
LINE
8
BLACK
6
CONTINUOUS
10
0.6315354330708661
20
0.7559604724409449
11
0.631138188976378
21
0.7555632283464567
0
LINE
8
BLACK
6
CONTINUOUS
10
0.631138188976378
20
0.7555632283464567
11
0.6288057874015748
21
0.7515233858267716
0
LINE
8
BLACK
6
CONTINUOUS
10
0.6288057874015748
20
0.7515233858267716
11
0.6275984251968504
21
0.7470174803149606
0
LINE
8
BLACK
6
CONTINUOUS
10
0.6275984251968504
20
0.7470174803149606
11
0.6275984251968504
21
0.7446850393700787
0
LINE
8
BLACK
6
CONTINUOUS
10
0.6275984251968504
20
0.7446850393700787
11
0.6272224803149606
21
0.7435279921259842
0
LINE
8
BLACK
6
CONTINUOUS
10
0.6272224803149606
20
0.7435279921259842
11
0.6262382283464567
21
0.742812874015748
0
LINE
8
BLACK
6
CONTINUOUS
10
0.6262382283464567
20
0.742812874015748
11
0.6250216141732283
21
0.742812874015748
0
LINE
8
BLACK
6
CONTINUOUS
10
0.6250216141732283
20
0.742812874015748
11
0.6240373622047244
21
0.7435279921259842
0
LINE
8
BLACK
6
CONTINUOUS
10
0.6240373622047244
20
0.7435279921259842
11
0.6236614173228346
21
0.7446850393700787
0
LINE
8
BLACK
6
CONTINUOUS
10
0.6236614173228346
20
0.7446850393700787
11
0.6242906299212598
21
0.7498670866141732
0
LINE
8
BLACK
6
CONTINUOUS
10
0.6242906299212598
20
0.7498670866141732
11
0.6261416929133858
21
0.7547479527559054
0
LINE
8
BLACK
6
CONTINUOUS
10
0.6261416929133858
20
0.7547479527559054
11
0.6291070472440945
21
0.7590439763779527
0
LINE
8
BLACK
6
CONTINUOUS
10
0.6291070472440945
20
0.7590439763779527
11
0.6330143307086614
21
0.7625055511811023
0
LINE
8
BLACK
6
CONTINUOUS
10
0.6330143307086614
20
0.7625055511811023
11
0.6376364960629921
21
0.7649314566929134
0
LINE
8
BLACK
6
CONTINUOUS
10
0.6376364960629921
20
0.7649314566929134
11
0.6427049212598425
21
0.7661807086614173
0
LINE
8
BLACK
6
CONTINUOUS
10
0.6427049212598425
20
0.7661807086614173
11
0.647925
21
0.7661807086614173
0
LINE
8
BLACK
6
CONTINUOUS
10
0.647925
20
0.7661807086614173
11
0.6529934251968503
21
0.7649314566929134
0
LINE
8
BLACK
6
CONTINUOUS
10
0.6862775984251969
20
0.7261570472440945
11
0.6866535433070866
21
0.725
0
LINE
8
BLACK
6
CONTINUOUS
10
0.6866535433070866
20
0.725
11
0.6866535433070866
21
0.7226675590551181
0
LINE
8
BLACK
6
CONTINUOUS
10
0.6866535433070866
20
0.7226675590551181
11
0.687860905511811
21
0.7181616535433071
0
LINE
8
BLACK
6
CONTINUOUS
10
0.687860905511811
20
0.7181616535433071
11
0.6901933070866142
21
0.714121811023622
0
LINE
8
BLACK
6
CONTINUOUS
10
0.6901933070866142
20
0.714121811023622
11
0.6934918897637795
21
0.7108232283464567
0
LINE
8
BLACK
6
CONTINUOUS
10
0.6934918897637795
20
0.7108232283464567
11
0.6975317322834645
21
0.7084908267716535
0
LINE
8
BLACK
6
CONTINUOUS
10
0.6975317322834645
20
0.7084908267716535
11
0.7020376377952756
21
0.7072834645669291
0
LINE
8
BLACK
6
CONTINUOUS
10
0.7020376377952756
20
0.7072834645669291
11
0.7067025196850394
21
0.7072834645669291
0
LINE
8
BLACK
6
CONTINUOUS
10
0.7067025196850394
20
0.7072834645669291
11
0.7112084251968503
21
0.7084908267716535
0
LINE
8
BLACK
6
CONTINUOUS
10
0.7112084251968503
20
0.7084908267716535
11
0.7152482677165354
21
0.7108232283464567
0
LINE
8
BLACK
6
CONTINUOUS
10
0.7152482677165354
20
0.7108232283464567
11
0.7185468503937008
21
0.714121811023622
0
LINE
8
BLACK
6
CONTINUOUS
10
0.7185468503937008
20
0.714121811023622
11
0.7208792519685039
21
0.7181616535433071
0
LINE
8
BLACK
6
CONTINUOUS
10
0.7208792519685039
20
0.7181616535433071
11
0.7220866141732283
21
0.7226675590551181
0
LINE
8
BLACK
6
CONTINUOUS
10
0.7220866141732283
20
0.7226675590551181
11
0.7220866141732283
21
0.725
0
LINE
8
BLACK
6
CONTINUOUS
10
0.7220866141732283
20
0.725
11
0.7224625590551181
21
0.7261570472440945
0
LINE
8
BLACK
6
CONTINUOUS
10
0.7224625590551181
20
0.7261570472440945
11
0.7234468110236221
21
0.7268721653543307
0
LINE
8
BLACK
6
CONTINUOUS
10
0.7234468110236221
20
0.7268721653543307
11
0.7246634251968503
21
0.7268721653543307
0
LINE
8
BLACK
6
CONTINUOUS
10
0.7246634251968503
20
0.7268721653543307
11
0.7256476771653543
21
0.7261570472440945
0
LINE
8
BLACK
6
CONTINUOUS
10
0.7256476771653543
20
0.7261570472440945
11
0.7260236220472441
21
0.725
0
LINE
8
BLACK
6
CONTINUOUS
10
0.7260236220472441
20
0.725
11
0.7253944094488188
21
0.7198179527559055
0
LINE
8
BLACK
6
CONTINUOUS
10
0.7253944094488188
20
0.7198179527559055
11
0.7235433464566929
21
0.7149370866141732
0
LINE
8
BLACK
6
CONTINUOUS
10
0.7235433464566929
20
0.7149370866141732
11
0.7205779921259843
21
0.7106410629921259
0
LINE
8
BLACK
6
CONTINUOUS
10
0.7205779921259843
20
0.7106410629921259
11
0.7166707086614174
21
0.7071794881889764
0
LINE
8
BLACK
6
CONTINUOUS
10
0.7166707086614174
20
0.7071794881889764
11
0.7120485433070866
21
0.7047535826771654
0
LINE
8
BLACK
6
CONTINUOUS
10
0.7120485433070866
20
0.7047535826771654
11
0.7069801181102362
21
0.7035043307086614
0
LINE
8
BLACK
6
CONTINUOUS
10
0.7069801181102362
20
0.7035043307086614
11
0.7017600393700787
21
0.7035043307086614
0
LINE
8
BLACK
6
CONTINUOUS
10
0.7017600393700787
20
0.7035043307086614
11
0.6966916141732283
21
0.7047535826771654
0
LINE
8
BLACK
6
CONTINUOUS
10
0.6966916141732283
20
0.7047535826771654
11
0.6920694488188976
21
0.7071794881889764
0
LINE
8
BLACK
6
CONTINUOUS
10
0.6920694488188976
20
0.7071794881889764
11
0.6881621653543307
21
0.7106410629921259
0
LINE
8
BLACK
6
CONTINUOUS
10
0.6881621653543307
20
0.7106410629921259
11
0.6851968110236221
21
0.7149370866141732
0
LINE
8
BLACK
6
CONTINUOUS
10
0.6851968110236221
20
0.7149370866141732
11
0.6833457480314961
21
0.7198179527559055
0
LINE
8
BLACK
6
CONTINUOUS
10
0.6833457480314961
20
0.7198179527559055
11
0.6827165354330709
21
0.725
0
LINE
8
BLACK
6
CONTINUOUS
10
0.6827165354330709
20
0.725
11
0.6830924803149606
21
0.7261570472440945
0
LINE
8
BLACK
6
CONTINUOUS
10
0.6830924803149606
20
0.7261570472440945
11
0.6840767322834646
21
0.7268721653543307
0
LINE
8
BLACK
6
CONTINUOUS
10
0.6840767322834646
20
0.7268721653543307
11
0.6852933464566929
21
0.7268721653543307
0
LINE
8
BLACK
6
CONTINUOUS
10
0.6852933464566929
20
0.7268721653543307
11
0.6862775984251969
21
0.7261570472440945
0
LINE
8
BLACK
6
CONTINUOUS
10
0.7120485433070866
20
0.7649314566929134
11
0.7166707086614174
21
0.7625055511811023
0
LINE
8
BLACK
6
CONTINUOUS
10
0.7166707086614174
20
0.7625055511811023
11
0.7205779921259843
21
0.7590439763779527
0
LINE
8
BLACK
6
CONTINUOUS
10
0.7205779921259843
20
0.7590439763779527
11
0.7235433464566929
21
0.7547479527559054
0
LINE
8
BLACK
6
CONTINUOUS
10
0.7235433464566929
20
0.7547479527559054
11
0.7253944094488188
21
0.7498670866141732
0
LINE
8
BLACK
6
CONTINUOUS
10
0.7253944094488188
20
0.7498670866141732
11
0.7260236220472441
21
0.7446850393700787
0
LINE
8
BLACK
6
CONTINUOUS
10
0.7260236220472441
20
0.7446850393700787
11
0.7256476771653543
21
0.7435279921259842
0
LINE
8
BLACK
6
CONTINUOUS
10
0.7256476771653543
20
0.7435279921259842
11
0.7246634251968503
21
0.742812874015748
0
LINE
8
BLACK
6
CONTINUOUS
10
0.7246634251968503
20
0.742812874015748
11
0.7234468110236221
21
0.742812874015748
0
LINE
8
BLACK
6
CONTINUOUS
10
0.7234468110236221
20
0.742812874015748
11
0.7224625590551181
21
0.7435279921259842
0
LINE
8
BLACK
6
CONTINUOUS
10
0.7224625590551181
20
0.7435279921259842
11
0.7220866141732283
21
0.7446850393700787
0
LINE
8
BLACK
6
CONTINUOUS
10
0.7220866141732283
20
0.7446850393700787
11
0.7220866141732283
21
0.7470174803149606
0
LINE
8
BLACK
6
CONTINUOUS
10
0.7220866141732283
20
0.7470174803149606
11
0.7208792519685039
21
0.7515233858267716
0
LINE
8
BLACK
6
CONTINUOUS
10
0.7208792519685039
20
0.7515233858267716
11
0.7185468503937008
21
0.7555632283464567
0
LINE
8
BLACK
6
CONTINUOUS
10
0.7185468503937008
20
0.7555632283464567
11
0.7152482677165354
21
0.758861811023622
0
LINE
8
BLACK
6
CONTINUOUS
10
0.7152482677165354
20
0.758861811023622
11
0.7112084251968503
21
0.7611942125984252
0
LINE
8
BLACK
6
CONTINUOUS
10
0.7112084251968503
20
0.7611942125984252
11
0.7067025196850394
21
0.7624015748031496
0
LINE
8
BLACK
6
CONTINUOUS
10
0.7067025196850394
20
0.7624015748031496
11
0.7020376377952756
21
0.7624015748031496
0
LINE
8
BLACK
6
CONTINUOUS
10
0.7020376377952756
20
0.7624015748031496
11
0.6975317322834645
21
0.7611942125984252
0
LINE
8
BLACK
6
CONTINUOUS
10
0.6975317322834645
20
0.7611942125984252
11
0.6934918897637795
21
0.758861811023622
0
LINE
8
BLACK
6
CONTINUOUS
10
0.6934918897637795
20
0.758861811023622
11
0.6901933070866142
21
0.7555632283464567
0
LINE
8
BLACK
6
CONTINUOUS
10
0.6901933070866142
20
0.7555632283464567
11
0.687860905511811
21
0.7515233858267716
0
LINE
8
BLACK
6
CONTINUOUS
10
0.687860905511811
20
0.7515233858267716
11
0.6866535433070866
21
0.7470174803149606
0
LINE
8
BLACK
6
CONTINUOUS
10
0.6866535433070866
20
0.7470174803149606
11
0.6866535433070866
21
0.7446850393700787
0
LINE
8
BLACK
6
CONTINUOUS
10
0.6866535433070866
20
0.7446850393700787
11
0.6862775984251969
21
0.7435279921259842
0
LINE
8
BLACK
6
CONTINUOUS
10
0.6862775984251969
20
0.7435279921259842
11
0.6852933464566929
21
0.742812874015748
0
LINE
8
BLACK
6
CONTINUOUS
10
0.6852933464566929
20
0.742812874015748
11
0.6840767322834646
21
0.742812874015748
0
LINE
8
BLACK
6
CONTINUOUS
10
0.6840767322834646
20
0.742812874015748
11
0.6830924803149606
21
0.7435279921259842
0
LINE
8
BLACK
6
CONTINUOUS
10
0.6830924803149606
20
0.7435279921259842
11
0.6827165354330709
21
0.7446850393700787
0
LINE
8
BLACK
6
CONTINUOUS
10
0.6827165354330709
20
0.7446850393700787
11
0.6833457480314961
21
0.7498670866141732
0
LINE
8
BLACK
6
CONTINUOUS
10
0.6833457480314961
20
0.7498670866141732
11
0.6851968110236221
21
0.7547479527559054
0
LINE
8
BLACK
6
CONTINUOUS
10
0.6851968110236221
20
0.7547479527559054
11
0.6881621653543307
21
0.7590439763779527
0
LINE
8
BLACK
6
CONTINUOUS
10
0.6881621653543307
20
0.7590439763779527
11
0.6920694488188976
21
0.7625055511811023
0
LINE
8
BLACK
6
CONTINUOUS
10
0.6920694488188976
20
0.7625055511811023
11
0.6966916141732283
21
0.7649314566929134
0
LINE
8
BLACK
6
CONTINUOUS
10
0.6966916141732283
20
0.7649314566929134
11
0.7017600393700787
21
0.7661807086614173
0
LINE
8
BLACK
6
CONTINUOUS
10
0.7017600393700787
20
0.7661807086614173
11
0.7069801181102362
21
0.7661807086614173
0
LINE
8
BLACK
6
CONTINUOUS
10
0.7069801181102362
20
0.7661807086614173
11
0.7120485433070866
21
0.7649314566929134
0
LINE
8
BLACK
6
CONTINUOUS
10
0.8448477952755905
20
0.8181572440944882
11
0.8459131496062992
21
0.8170918897637796
0
LINE
8
BLACK
6
CONTINUOUS
10
0.8459131496062992
20
0.8170918897637796
11
0.8459131496062992
21
0.8155852755905512
0
LINE
8
BLACK
6
CONTINUOUS
10
0.8459131496062992
20
0.8155852755905512
11
0.8448477952755905
21
0.8145199212598425
0
LINE
8
BLACK
6
CONTINUOUS
10
0.8448477952755905
20
0.8145199212598425
11
0.8440944881889764
21
0.8143700787401574
0
LINE
8
BLACK
6
CONTINUOUS
10
0.8440944881889764
20
0.8143700787401574
11
0.7889763779527559
21
0.8143700787401574
0
LINE
8
BLACK
6
CONTINUOUS
10
0.7889763779527559
20
0.8143700787401574
11
0.7889763779527559
21
0.7454724409448819
0
LINE
8
BLACK
6
CONTINUOUS
10
0.7889763779527559
20
0.7454724409448819
11
0.7888265354330708
21
0.7447191338582677
0
LINE
8
BLACK
6
CONTINUOUS
10
0.7888265354330708
20
0.7447191338582677
11
0.7877611811023622
21
0.7436537795275591
0
LINE
8
BLACK
6
CONTINUOUS
10
0.7877611811023622
20
0.7436537795275591
11
0.7862545669291339
21
0.7436537795275591
0
LINE
8
BLACK
6
CONTINUOUS
10
0.7862545669291339
20
0.7436537795275591
11
0.7851892125984252
21
0.7447191338582677
0
LINE
8
BLACK
6
CONTINUOUS
10
0.7851892125984252
20
0.7447191338582677
11
0.7850393700787401
21
0.7454724409448819
0
LINE
8
BLACK
6
CONTINUOUS
10
0.7850393700787401
20
0.7454724409448819
11
0.7850393700787401
21
0.8163385826771653
0
LINE
8
BLACK
6
CONTINUOUS
10
0.7850393700787401
20
0.8163385826771653
11
0.7851892125984252
21
0.8170918897637796
0
LINE
8
BLACK
6
CONTINUOUS
10
0.7851892125984252
20
0.8170918897637796
11
0.7862545669291339
21
0.8181572440944882
0
LINE
8
BLACK
6
CONTINUOUS
10
0.7862545669291339
20
0.8181572440944882
11
0.787007874015748
21
0.8183070866141732
0
LINE
8
BLACK
6
CONTINUOUS
10
0.787007874015748
20
0.8183070866141732
11
0.8440944881889764
21
0.8183070866141732
0
LINE
8
BLACK
6
CONTINUOUS
10
0.8440944881889764
20
0.8183070866141732
11
0.8448477952755905
21
0.8181572440944882
0
CIRCLE
8
BLACK
10
0.0984251968503937
20
0.
40
0.0068897637795276
0
CIRCLE
8
BLACK
10
0.0984251968503937
20
0.905511811023622
40
0.0068897637795276
0
CIRCLE
8
BLACK
10
0.8858267716535433
20
0.905511811023622
40
0.0068897637795276
0
CIRCLE
8
BLACK
10
0.4921259842519685
20
0.905511811023622
40
0.0068897637795276
0
CIRCLE
8
BLACK
10
0.8858267716535433
20
0.
40
0.0068897637795276
0
CIRCLE
8
BLACK
10
0.4921259842519685
20
0.
40
0.0068897637795276
  0
ENDSEC
  0
EOF
