ISO-10303-21;
HEADER;
FILE_DESCRIPTION(('KiCad electronic assembly'),'2;1');
FILE_NAME('TFI2CADT01.step','2025-09-26T19:02:53',('Pcbnew'),('Kicad'),
  'Open CASCADE STEP processor 7.6','KiCad to STEP converter','Unknown'
  );
FILE_SCHEMA(('AUTOMOTIVE_DESIGN { 1 0 10303 214 1 1 1 1 }'));
ENDSEC;
DATA;
#1 = APPLICATION_PROTOCOL_DEFINITION('international standard',
  'automotive_design',2000,#2);
#2 = APPLICATION_CONTEXT(
  'core data for automotive mechanical design processes');
#3 = SHAPE_DEFINITION_REPRESENTATION(#4,#10);
#4 = PRODUCT_DEFINITION_SHAPE('','',#5);
#5 = PRODUCT_DEFINITION('design','',#6,#9);
#6 = PRODUCT_DEFINITION_FORMATION('','',#7);
#7 = PRODUCT('TFI2CADT01 1','TFI2CADT01 1','',(#8));
#8 = PRODUCT_CONTEXT('',#2,'mechanical');
#9 = PRODUCT_DEFINITION_CONTEXT('part definition',#2,'design');
#10 = SHAPE_REPRESENTATION('',(#11,#15,#19,#23,#27,#31,#35,#39,#43,#47,
    #51,#55,#59,#63,#67,#71,#75,#79,#83,#87,#91,#95,#99,#103,#107,#111,
    #115,#119,#123),#127);
#11 = AXIS2_PLACEMENT_3D('',#12,#13,#14);
#12 = CARTESIAN_POINT('',(0.,0.,0.));
#13 = DIRECTION('',(0.,0.,1.));
#14 = DIRECTION('',(1.,0.,-0.));
#15 = AXIS2_PLACEMENT_3D('',#16,#17,#18);
#16 = CARTESIAN_POINT('',(14.2,20.2692,-8.5E-02));
#17 = DIRECTION('',(1.499759782662E-32,1.224646799147E-16,-1.));
#18 = DIRECTION('',(-1.,1.224646799147E-16,0.));
#19 = AXIS2_PLACEMENT_3D('',#20,#21,#22);
#20 = CARTESIAN_POINT('',(8.,7.,-8.5E-02));
#21 = DIRECTION('',(-1.224646799147E-16,-1.359631073447E-32,-1.));
#22 = DIRECTION('',(1.110223024625E-16,-1.,0.));
#23 = AXIS2_PLACEMENT_3D('',#24,#25,#26);
#24 = CARTESIAN_POINT('',(16.2052,2.032,-8.5E-02));
#25 = DIRECTION('',(0.,-1.224646799147E-16,-1.));
#26 = DIRECTION('',(1.,0.,0.));
#27 = AXIS2_PLACEMENT_3D('',#28,#29,#30);
#28 = CARTESIAN_POINT('',(7.366,3.937,-8.5E-02));
#29 = DIRECTION('',(-1.224646799147E-16,-1.359631073447E-32,-1.));
#30 = DIRECTION('',(1.110223024625E-16,-1.,0.));
#31 = AXIS2_PLACEMENT_3D('',#32,#33,#34);
#32 = CARTESIAN_POINT('',(17.78,6.4638,-8.5E-02));
#33 = DIRECTION('',(-1.224646799147E-16,-1.359631073447E-32,-1.));
#34 = DIRECTION('',(1.110223024625E-16,-1.,0.));
#35 = AXIS2_PLACEMENT_3D('',#36,#37,#38);
#36 = CARTESIAN_POINT('',(16.129,9.715,-8.5E-02));
#37 = DIRECTION('',(1.224646799147E-16,-1.359631073447E-32,-1.));
#38 = DIRECTION('',(1.110223024625E-16,1.,0.));
#39 = AXIS2_PLACEMENT_3D('',#40,#41,#42);
#40 = CARTESIAN_POINT('',(16.2052,3.694,-8.5E-02));
#41 = DIRECTION('',(0.,-1.224646799147E-16,-1.));
#42 = DIRECTION('',(1.,0.,0.));
#43 = AXIS2_PLACEMENT_3D('',#44,#45,#46);
#44 = CARTESIAN_POINT('',(8.255,19.7226,-8.5E-02));
#45 = DIRECTION('',(-1.224646799147E-16,-1.359631073447E-32,-1.));
#46 = DIRECTION('',(1.110223024625E-16,-1.,0.));
#47 = AXIS2_PLACEMENT_3D('',#48,#49,#50);
#48 = CARTESIAN_POINT('',(10.8,17.907,-8.5E-02));
#49 = DIRECTION('',(0.,-1.224646799147E-16,-1.));
#50 = DIRECTION('',(1.,0.,0.));
#51 = AXIS2_PLACEMENT_3D('',#52,#53,#54);
#52 = CARTESIAN_POINT('',(21.7,16.5,-8.5E-02));
#53 = DIRECTION('',(-1.224646799147E-16,-1.359631073447E-32,-1.));
#54 = DIRECTION('',(1.110223024625E-16,-1.,0.));
#55 = AXIS2_PLACEMENT_3D('',#56,#57,#58);
#56 = CARTESIAN_POINT('',(16.764,19.7104,-8.5E-02));
#57 = DIRECTION('',(-1.224646799147E-16,-1.359631073447E-32,-1.));
#58 = DIRECTION('',(1.110223024625E-16,-1.,0.));
#59 = AXIS2_PLACEMENT_3D('',#60,#61,#62);
#60 = CARTESIAN_POINT('',(3.3,6.5,-8.5E-02));
#61 = DIRECTION('',(1.224646799147E-16,-1.359631073447E-32,-1.));
#62 = DIRECTION('',(1.110223024625E-16,1.,0.));
#63 = AXIS2_PLACEMENT_3D('',#64,#65,#66);
#64 = CARTESIAN_POINT('',(10.8,20.2692,-8.5E-02));
#65 = DIRECTION('',(0.,-1.224646799147E-16,-1.));
#66 = DIRECTION('',(1.,0.,0.));
#67 = AXIS2_PLACEMENT_3D('',#68,#69,#70);
#68 = CARTESIAN_POINT('',(12.4968,4.572,-8.5E-02));
#69 = DIRECTION('',(1.224646799147E-16,-1.359631073447E-32,-1.));
#70 = DIRECTION('',(1.110223024625E-16,1.,0.));
#71 = AXIS2_PLACEMENT_3D('',#72,#73,#74);
#72 = CARTESIAN_POINT('',(8.255,16.5222,-8.5E-02));
#73 = DIRECTION('',(1.224646799147E-16,-1.359631073447E-32,-1.));
#74 = DIRECTION('',(1.110223024625E-16,1.,0.));
#75 = AXIS2_PLACEMENT_3D('',#76,#77,#78);
#76 = CARTESIAN_POINT('',(9.8044,7.0612,-8.5E-02));
#77 = DIRECTION('',(1.224646799147E-16,-1.359631073447E-32,-1.));
#78 = DIRECTION('',(1.110223024625E-16,1.,0.));
#79 = AXIS2_PLACEMENT_3D('',#80,#81,#82);
#80 = CARTESIAN_POINT('',(16.1036,6.4394,-8.5E-02));
#81 = DIRECTION('',(-1.224646799147E-16,-1.359631073447E-32,-1.));
#82 = DIRECTION('',(1.110223024625E-16,-1.,0.));
#83 = AXIS2_PLACEMENT_3D('',#84,#85,#86);
#84 = CARTESIAN_POINT('',(8.636,11.2268,-8.5E-02));
#85 = DIRECTION('',(-1.224646799147E-16,-1.359631073447E-32,-1.));
#86 = DIRECTION('',(1.110223024625E-16,-1.,0.));
#87 = AXIS2_PLACEMENT_3D('',#88,#89,#90);
#88 = CARTESIAN_POINT('',(14.2,17.907,-8.5E-02));
#89 = DIRECTION('',(1.499759782662E-32,1.224646799147E-16,-1.));
#90 = DIRECTION('',(-1.,1.224646799147E-16,0.));
#91 = AXIS2_PLACEMENT_3D('',#92,#93,#94);
#92 = CARTESIAN_POINT('',(8.001,13.7668,-8.5E-02));
#93 = DIRECTION('',(1.499759782662E-32,1.224646799147E-16,-1.));
#94 = DIRECTION('',(-1.,1.224646799147E-16,0.));
#95 = AXIS2_PLACEMENT_3D('',#96,#97,#98);
#96 = CARTESIAN_POINT('',(17.78,9.715,-8.5E-02));
#97 = DIRECTION('',(1.224646799147E-16,-1.359631073447E-32,-1.));
#98 = DIRECTION('',(1.110223024625E-16,1.,0.));
#99 = AXIS2_PLACEMENT_3D('',#100,#101,#102);
#100 = CARTESIAN_POINT('',(21.7,6.5,-8.5E-02));
#101 = DIRECTION('',(-1.224646799147E-16,-1.359631073447E-32,-1.));
#102 = DIRECTION('',(1.110223024625E-16,-1.,0.));
#103 = AXIS2_PLACEMENT_3D('',#104,#105,#106);
#104 = CARTESIAN_POINT('',(3.3,16.5,-8.5E-02));
#105 = DIRECTION('',(1.224646799147E-16,-1.359631073447E-32,-1.));
#106 = DIRECTION('',(1.110223024625E-16,1.,0.));
#107 = AXIS2_PLACEMENT_3D('',#108,#109,#110);
#108 = CARTESIAN_POINT('',(12.5,12.8524,-8.5E-02));
#109 = DIRECTION('',(-1.224646799147E-16,-1.359631073447E-32,-1.));
#110 = DIRECTION('',(1.110223024625E-16,-1.,0.));
#111 = AXIS2_PLACEMENT_3D('',#112,#113,#114);
#112 = CARTESIAN_POINT('',(9.2456,3.5052,-8.5E-02));
#113 = DIRECTION('',(-1.224646799147E-16,-1.359631073447E-32,-1.));
#114 = DIRECTION('',(1.110223024625E-16,-1.,0.));
#115 = AXIS2_PLACEMENT_3D('',#116,#117,#118);
#116 = CARTESIAN_POINT('',(16.764,16.5608,-8.5E-02));
#117 = DIRECTION('',(1.224646799147E-16,-1.359631073447E-32,-1.));
#118 = DIRECTION('',(1.110223024625E-16,1.,0.));
#119 = AXIS2_PLACEMENT_3D('',#120,#121,#122);
#120 = CARTESIAN_POINT('',(16.383,13.322,-8.5E-02));
#121 = DIRECTION('',(-1.224646799147E-16,-1.359631073447E-32,-1.));
#122 = DIRECTION('',(1.110223024625E-16,-1.,0.));
#123 = AXIS2_PLACEMENT_3D('',#124,#125,#126);
#124 = CARTESIAN_POINT('',(0.,0.,0.));
#125 = DIRECTION('',(0.,0.,1.));
#126 = DIRECTION('',(1.,0.,-0.));
#127 = ( GEOMETRIC_REPRESENTATION_CONTEXT(3) 
GLOBAL_UNCERTAINTY_ASSIGNED_CONTEXT((#131)) GLOBAL_UNIT_ASSIGNED_CONTEXT
((#128,#129,#130)) REPRESENTATION_CONTEXT('Context #1',
  '3D Context with UNIT and UNCERTAINTY') );
#128 = ( LENGTH_UNIT() NAMED_UNIT(*) SI_UNIT(.MILLI.,.METRE.) );
#129 = ( NAMED_UNIT(*) PLANE_ANGLE_UNIT() SI_UNIT($,.RADIAN.) );
#130 = ( NAMED_UNIT(*) SI_UNIT($,.STERADIAN.) SOLID_ANGLE_UNIT() );
#131 = UNCERTAINTY_MEASURE_WITH_UNIT(LENGTH_MEASURE(1.E-07),#128,
  'distance_accuracy_value','confusion accuracy');
#132 = PRODUCT_RELATED_PRODUCT_CATEGORY('part',$,(#7));
#133 = SHAPE_DEFINITION_REPRESENTATION(#134,#140);
#134 = PRODUCT_DEFINITION_SHAPE('','',#135);
#135 = PRODUCT_DEFINITION('design','',#136,#139);
#136 = PRODUCT_DEFINITION_FORMATION('','',#137);
#137 = PRODUCT('R_0603_1608Metric','R_0603_1608Metric','',(#138));
#138 = PRODUCT_CONTEXT('',#2,'mechanical');
#139 = PRODUCT_DEFINITION_CONTEXT('part definition',#2,'design');
#140 = ADVANCED_BREP_SHAPE_REPRESENTATION('',(#11,#141),#931);
#141 = MANIFOLD_SOLID_BREP('',#142);
#142 = CLOSED_SHELL('',(#143,#183,#266,#291,#316,#383,#400,#417,#466,
    #483,#500,#549,#566,#635,#666,#690,#759,#783,#800,#817,#834,#851,
    #868,#885,#902,#919));
#143 = ADVANCED_FACE('',(#144),#178,.F.);
#144 = FACE_BOUND('',#145,.F.);
#145 = EDGE_LOOP('',(#146,#156,#164,#172));
#146 = ORIENTED_EDGE('',*,*,#147,.F.);
#147 = EDGE_CURVE('',#148,#150,#152,.T.);
#148 = VERTEX_POINT('',#149);
#149 = CARTESIAN_POINT('',(-0.8,-0.4,4.5E-02));
#150 = VERTEX_POINT('',#151);
#151 = CARTESIAN_POINT('',(-0.8,-0.4,0.405));
#152 = LINE('',#153,#154);
#153 = CARTESIAN_POINT('',(-0.8,-0.4,0.));
#154 = VECTOR('',#155,1.);
#155 = DIRECTION('',(0.,0.,1.));
#156 = ORIENTED_EDGE('',*,*,#157,.T.);
#157 = EDGE_CURVE('',#148,#158,#160,.T.);
#158 = VERTEX_POINT('',#159);
#159 = CARTESIAN_POINT('',(-0.8,0.4,4.5E-02));
#160 = LINE('',#161,#162);
#161 = CARTESIAN_POINT('',(-0.8,-0.4,4.5E-02));
#162 = VECTOR('',#163,1.);
#163 = DIRECTION('',(0.,1.,0.));
#164 = ORIENTED_EDGE('',*,*,#165,.T.);
#165 = EDGE_CURVE('',#158,#166,#168,.T.);
#166 = VERTEX_POINT('',#167);
#167 = CARTESIAN_POINT('',(-0.8,0.4,0.405));
#168 = LINE('',#169,#170);
#169 = CARTESIAN_POINT('',(-0.8,0.4,0.));
#170 = VECTOR('',#171,1.);
#171 = DIRECTION('',(0.,0.,1.));
#172 = ORIENTED_EDGE('',*,*,#173,.F.);
#173 = EDGE_CURVE('',#150,#166,#174,.T.);
#174 = LINE('',#175,#176);
#175 = CARTESIAN_POINT('',(-0.8,-0.4,0.405));
#176 = VECTOR('',#177,1.);
#177 = DIRECTION('',(0.,1.,0.));
#178 = PLANE('',#179);
#179 = AXIS2_PLACEMENT_3D('',#180,#181,#182);
#180 = CARTESIAN_POINT('',(-0.8,-0.4,0.));
#181 = DIRECTION('',(1.,0.,0.));
#182 = DIRECTION('',(0.,0.,1.));
#183 = ADVANCED_FACE('',(#184),#261,.F.);
#184 = FACE_BOUND('',#185,.F.);
#185 = EDGE_LOOP('',(#186,#196,#203,#204,#213,#221,#230,#238,#246,#254)
  );
#186 = ORIENTED_EDGE('',*,*,#187,.F.);
#187 = EDGE_CURVE('',#188,#190,#192,.T.);
#188 = VERTEX_POINT('',#189);
#189 = CARTESIAN_POINT('',(-0.755,-0.4,-2.775557561563E-17));
#190 = VERTEX_POINT('',#191);
#191 = CARTESIAN_POINT('',(-0.545,-0.4,-2.775557561563E-17));
#192 = LINE('',#193,#194);
#193 = CARTESIAN_POINT('',(-0.8,-0.4,0.));
#194 = VECTOR('',#195,1.);
#195 = DIRECTION('',(1.,0.,0.));
#196 = ORIENTED_EDGE('',*,*,#197,.F.);
#197 = EDGE_CURVE('',#148,#188,#198,.T.);
#198 = CIRCLE('',#199,4.5E-02);
#199 = AXIS2_PLACEMENT_3D('',#200,#201,#202);
#200 = CARTESIAN_POINT('',(-0.755,-0.4,4.5E-02));
#201 = DIRECTION('',(0.,-1.,0.));
#202 = DIRECTION('',(0.,0.,1.));
#203 = ORIENTED_EDGE('',*,*,#147,.T.);
#204 = ORIENTED_EDGE('',*,*,#205,.T.);
#205 = EDGE_CURVE('',#150,#206,#208,.T.);
#206 = VERTEX_POINT('',#207);
#207 = CARTESIAN_POINT('',(-0.755,-0.4,0.45));
#208 = CIRCLE('',#209,4.5E-02);
#209 = AXIS2_PLACEMENT_3D('',#210,#211,#212);
#210 = CARTESIAN_POINT('',(-0.755,-0.4,0.405));
#211 = DIRECTION('',(0.,1.,0.));
#212 = DIRECTION('',(0.,-0.,1.));
#213 = ORIENTED_EDGE('',*,*,#214,.T.);
#214 = EDGE_CURVE('',#206,#215,#217,.T.);
#215 = VERTEX_POINT('',#216);
#216 = CARTESIAN_POINT('',(-0.545,-0.4,0.45));
#217 = LINE('',#218,#219);
#218 = CARTESIAN_POINT('',(-0.8,-0.4,0.45));
#219 = VECTOR('',#220,1.);
#220 = DIRECTION('',(1.,0.,0.));
#221 = ORIENTED_EDGE('',*,*,#222,.F.);
#222 = EDGE_CURVE('',#223,#215,#225,.T.);
#223 = VERTEX_POINT('',#224);
#224 = CARTESIAN_POINT('',(-0.5,-0.4,0.405));
#225 = CIRCLE('',#226,4.5E-02);
#226 = AXIS2_PLACEMENT_3D('',#227,#228,#229);
#227 = CARTESIAN_POINT('',(-0.545,-0.4,0.405));
#228 = DIRECTION('',(0.,-1.,0.));
#229 = DIRECTION('',(0.,0.,1.));
#230 = ORIENTED_EDGE('',*,*,#231,.F.);
#231 = EDGE_CURVE('',#232,#223,#234,.T.);
#232 = VERTEX_POINT('',#233);
#233 = CARTESIAN_POINT('',(-0.755,-0.4,0.405));
#234 = LINE('',#235,#236);
#235 = CARTESIAN_POINT('',(-0.755,-0.4,0.405));
#236 = VECTOR('',#237,1.);
#237 = DIRECTION('',(1.,0.,0.));
#238 = ORIENTED_EDGE('',*,*,#239,.F.);
#239 = EDGE_CURVE('',#240,#232,#242,.T.);
#240 = VERTEX_POINT('',#241);
#241 = CARTESIAN_POINT('',(-0.755,-0.4,4.5E-02));
#242 = LINE('',#243,#244);
#243 = CARTESIAN_POINT('',(-0.755,-0.4,4.5E-02));
#244 = VECTOR('',#245,1.);
#245 = DIRECTION('',(0.,0.,1.));
#246 = ORIENTED_EDGE('',*,*,#247,.T.);
#247 = EDGE_CURVE('',#240,#248,#250,.T.);
#248 = VERTEX_POINT('',#249);
#249 = CARTESIAN_POINT('',(-0.5,-0.4,4.5E-02));
#250 = LINE('',#251,#252);
#251 = CARTESIAN_POINT('',(-0.755,-0.4,4.5E-02));
#252 = VECTOR('',#253,1.);
#253 = DIRECTION('',(1.,0.,0.));
#254 = ORIENTED_EDGE('',*,*,#255,.T.);
#255 = EDGE_CURVE('',#248,#190,#256,.T.);
#256 = CIRCLE('',#257,4.5E-02);
#257 = AXIS2_PLACEMENT_3D('',#258,#259,#260);
#258 = CARTESIAN_POINT('',(-0.545,-0.4,4.5E-02));
#259 = DIRECTION('',(0.,1.,0.));
#260 = DIRECTION('',(0.,-0.,1.));
#261 = PLANE('',#262);
#262 = AXIS2_PLACEMENT_3D('',#263,#264,#265);
#263 = CARTESIAN_POINT('',(-0.8,-0.4,0.));
#264 = DIRECTION('',(0.,1.,0.));
#265 = DIRECTION('',(0.,-0.,1.));
#266 = ADVANCED_FACE('',(#267),#286,.T.);
#267 = FACE_BOUND('',#268,.T.);
#268 = EDGE_LOOP('',(#269,#270,#279,#285));
#269 = ORIENTED_EDGE('',*,*,#157,.T.);
#270 = ORIENTED_EDGE('',*,*,#271,.T.);
#271 = EDGE_CURVE('',#158,#272,#274,.T.);
#272 = VERTEX_POINT('',#273);
#273 = CARTESIAN_POINT('',(-0.755,0.4,-2.775557561563E-17));
#274 = CIRCLE('',#275,4.5E-02);
#275 = AXIS2_PLACEMENT_3D('',#276,#277,#278);
#276 = CARTESIAN_POINT('',(-0.755,0.4,4.5E-02));
#277 = DIRECTION('',(0.,-1.,0.));
#278 = DIRECTION('',(0.,0.,1.));
#279 = ORIENTED_EDGE('',*,*,#280,.F.);
#280 = EDGE_CURVE('',#188,#272,#281,.T.);
#281 = LINE('',#282,#283);
#282 = CARTESIAN_POINT('',(-0.755,-0.4,-2.775557561563E-17));
#283 = VECTOR('',#284,1.);
#284 = DIRECTION('',(0.,1.,0.));
#285 = ORIENTED_EDGE('',*,*,#197,.F.);
#286 = CYLINDRICAL_SURFACE('',#287,4.5E-02);
#287 = AXIS2_PLACEMENT_3D('',#288,#289,#290);
#288 = CARTESIAN_POINT('',(-0.755,-0.4,4.5E-02));
#289 = DIRECTION('',(0.,1.,0.));
#290 = DIRECTION('',(-1.,0.,0.));
#291 = ADVANCED_FACE('',(#292),#311,.T.);
#292 = FACE_BOUND('',#293,.T.);
#293 = EDGE_LOOP('',(#294,#295,#303,#310));
#294 = ORIENTED_EDGE('',*,*,#205,.T.);
#295 = ORIENTED_EDGE('',*,*,#296,.T.);
#296 = EDGE_CURVE('',#206,#297,#299,.T.);
#297 = VERTEX_POINT('',#298);
#298 = CARTESIAN_POINT('',(-0.755,0.4,0.45));
#299 = LINE('',#300,#301);
#300 = CARTESIAN_POINT('',(-0.755,-0.4,0.45));
#301 = VECTOR('',#302,1.);
#302 = DIRECTION('',(0.,1.,0.));
#303 = ORIENTED_EDGE('',*,*,#304,.F.);
#304 = EDGE_CURVE('',#166,#297,#305,.T.);
#305 = CIRCLE('',#306,4.5E-02);
#306 = AXIS2_PLACEMENT_3D('',#307,#308,#309);
#307 = CARTESIAN_POINT('',(-0.755,0.4,0.405));
#308 = DIRECTION('',(0.,1.,0.));
#309 = DIRECTION('',(0.,-0.,1.));
#310 = ORIENTED_EDGE('',*,*,#173,.F.);
#311 = CYLINDRICAL_SURFACE('',#312,4.5E-02);
#312 = AXIS2_PLACEMENT_3D('',#313,#314,#315);
#313 = CARTESIAN_POINT('',(-0.755,-0.4,0.405));
#314 = DIRECTION('',(0.,1.,0.));
#315 = DIRECTION('',(-1.,0.,0.));
#316 = ADVANCED_FACE('',(#317),#378,.T.);
#317 = FACE_BOUND('',#318,.T.);
#318 = EDGE_LOOP('',(#319,#327,#328,#329,#330,#338,#347,#355,#363,#371)
  );
#319 = ORIENTED_EDGE('',*,*,#320,.F.);
#320 = EDGE_CURVE('',#272,#321,#323,.T.);
#321 = VERTEX_POINT('',#322);
#322 = CARTESIAN_POINT('',(-0.545,0.4,-2.775557561563E-17));
#323 = LINE('',#324,#325);
#324 = CARTESIAN_POINT('',(-0.8,0.4,0.));
#325 = VECTOR('',#326,1.);
#326 = DIRECTION('',(1.,0.,0.));
#327 = ORIENTED_EDGE('',*,*,#271,.F.);
#328 = ORIENTED_EDGE('',*,*,#165,.T.);
#329 = ORIENTED_EDGE('',*,*,#304,.T.);
#330 = ORIENTED_EDGE('',*,*,#331,.T.);
#331 = EDGE_CURVE('',#297,#332,#334,.T.);
#332 = VERTEX_POINT('',#333);
#333 = CARTESIAN_POINT('',(-0.545,0.4,0.45));
#334 = LINE('',#335,#336);
#335 = CARTESIAN_POINT('',(-0.8,0.4,0.45));
#336 = VECTOR('',#337,1.);
#337 = DIRECTION('',(1.,0.,0.));
#338 = ORIENTED_EDGE('',*,*,#339,.F.);
#339 = EDGE_CURVE('',#340,#332,#342,.T.);
#340 = VERTEX_POINT('',#341);
#341 = CARTESIAN_POINT('',(-0.5,0.4,0.405));
#342 = CIRCLE('',#343,4.5E-02);
#343 = AXIS2_PLACEMENT_3D('',#344,#345,#346);
#344 = CARTESIAN_POINT('',(-0.545,0.4,0.405));
#345 = DIRECTION('',(0.,-1.,0.));
#346 = DIRECTION('',(0.,0.,1.));
#347 = ORIENTED_EDGE('',*,*,#348,.F.);
#348 = EDGE_CURVE('',#349,#340,#351,.T.);
#349 = VERTEX_POINT('',#350);
#350 = CARTESIAN_POINT('',(-0.755,0.4,0.405));
#351 = LINE('',#352,#353);
#352 = CARTESIAN_POINT('',(-0.755,0.4,0.405));
#353 = VECTOR('',#354,1.);
#354 = DIRECTION('',(1.,0.,0.));
#355 = ORIENTED_EDGE('',*,*,#356,.F.);
#356 = EDGE_CURVE('',#357,#349,#359,.T.);
#357 = VERTEX_POINT('',#358);
#358 = CARTESIAN_POINT('',(-0.755,0.4,4.5E-02));
#359 = LINE('',#360,#361);
#360 = CARTESIAN_POINT('',(-0.755,0.4,4.5E-02));
#361 = VECTOR('',#362,1.);
#362 = DIRECTION('',(0.,0.,1.));
#363 = ORIENTED_EDGE('',*,*,#364,.T.);
#364 = EDGE_CURVE('',#357,#365,#367,.T.);
#365 = VERTEX_POINT('',#366);
#366 = CARTESIAN_POINT('',(-0.5,0.4,4.5E-02));
#367 = LINE('',#368,#369);
#368 = CARTESIAN_POINT('',(-0.755,0.4,4.5E-02));
#369 = VECTOR('',#370,1.);
#370 = DIRECTION('',(1.,0.,0.));
#371 = ORIENTED_EDGE('',*,*,#372,.T.);
#372 = EDGE_CURVE('',#365,#321,#373,.T.);
#373 = CIRCLE('',#374,4.5E-02);
#374 = AXIS2_PLACEMENT_3D('',#375,#376,#377);
#375 = CARTESIAN_POINT('',(-0.545,0.4,4.5E-02));
#376 = DIRECTION('',(0.,1.,0.));
#377 = DIRECTION('',(0.,-0.,1.));
#378 = PLANE('',#379);
#379 = AXIS2_PLACEMENT_3D('',#380,#381,#382);
#380 = CARTESIAN_POINT('',(-0.8,0.4,0.));
#381 = DIRECTION('',(0.,1.,0.));
#382 = DIRECTION('',(0.,-0.,1.));
#383 = ADVANCED_FACE('',(#384),#395,.F.);
#384 = FACE_BOUND('',#385,.F.);
#385 = EDGE_LOOP('',(#386,#387,#388,#389));
#386 = ORIENTED_EDGE('',*,*,#320,.F.);
#387 = ORIENTED_EDGE('',*,*,#280,.F.);
#388 = ORIENTED_EDGE('',*,*,#187,.T.);
#389 = ORIENTED_EDGE('',*,*,#390,.T.);
#390 = EDGE_CURVE('',#190,#321,#391,.T.);
#391 = LINE('',#392,#393);
#392 = CARTESIAN_POINT('',(-0.545,-0.4,-2.775557561563E-17));
#393 = VECTOR('',#394,1.);
#394 = DIRECTION('',(0.,1.,0.));
#395 = PLANE('',#396);
#396 = AXIS2_PLACEMENT_3D('',#397,#398,#399);
#397 = CARTESIAN_POINT('',(-0.8,-0.4,0.));
#398 = DIRECTION('',(0.,0.,1.));
#399 = DIRECTION('',(1.,0.,-0.));
#400 = ADVANCED_FACE('',(#401),#412,.T.);
#401 = FACE_BOUND('',#402,.T.);
#402 = EDGE_LOOP('',(#403,#404,#405,#406));
#403 = ORIENTED_EDGE('',*,*,#255,.T.);
#404 = ORIENTED_EDGE('',*,*,#390,.T.);
#405 = ORIENTED_EDGE('',*,*,#372,.F.);
#406 = ORIENTED_EDGE('',*,*,#407,.F.);
#407 = EDGE_CURVE('',#248,#365,#408,.T.);
#408 = LINE('',#409,#410);
#409 = CARTESIAN_POINT('',(-0.5,-0.4,4.5E-02));
#410 = VECTOR('',#411,1.);
#411 = DIRECTION('',(0.,1.,0.));
#412 = CYLINDRICAL_SURFACE('',#413,4.5E-02);
#413 = AXIS2_PLACEMENT_3D('',#414,#415,#416);
#414 = CARTESIAN_POINT('',(-0.545,-0.4,4.5E-02));
#415 = DIRECTION('',(0.,1.,0.));
#416 = DIRECTION('',(1.,0.,0.));
#417 = ADVANCED_FACE('',(#418),#461,.F.);
#418 = FACE_BOUND('',#419,.F.);
#419 = EDGE_LOOP('',(#420,#421,#422,#423,#431,#439,#447,#455));
#420 = ORIENTED_EDGE('',*,*,#247,.F.);
#421 = ORIENTED_EDGE('',*,*,#239,.T.);
#422 = ORIENTED_EDGE('',*,*,#231,.T.);
#423 = ORIENTED_EDGE('',*,*,#424,.T.);
#424 = EDGE_CURVE('',#223,#425,#427,.T.);
#425 = VERTEX_POINT('',#426);
#426 = CARTESIAN_POINT('',(0.5,-0.4,0.405));
#427 = LINE('',#428,#429);
#428 = CARTESIAN_POINT('',(-0.5,-0.4,0.405));
#429 = VECTOR('',#430,1.);
#430 = DIRECTION('',(1.,0.,0.));
#431 = ORIENTED_EDGE('',*,*,#432,.T.);
#432 = EDGE_CURVE('',#425,#433,#435,.T.);
#433 = VERTEX_POINT('',#434);
#434 = CARTESIAN_POINT('',(0.755,-0.4,0.405));
#435 = LINE('',#436,#437);
#436 = CARTESIAN_POINT('',(-0.755,-0.4,0.405));
#437 = VECTOR('',#438,1.);
#438 = DIRECTION('',(1.,0.,0.));
#439 = ORIENTED_EDGE('',*,*,#440,.F.);
#440 = EDGE_CURVE('',#441,#433,#443,.T.);
#441 = VERTEX_POINT('',#442);
#442 = CARTESIAN_POINT('',(0.755,-0.4,4.5E-02));
#443 = LINE('',#444,#445);
#444 = CARTESIAN_POINT('',(0.755,-0.4,4.5E-02));
#445 = VECTOR('',#446,1.);
#446 = DIRECTION('',(0.,0.,1.));
#447 = ORIENTED_EDGE('',*,*,#448,.F.);
#448 = EDGE_CURVE('',#449,#441,#451,.T.);
#449 = VERTEX_POINT('',#450);
#450 = CARTESIAN_POINT('',(0.5,-0.4,4.5E-02));
#451 = LINE('',#452,#453);
#452 = CARTESIAN_POINT('',(-0.755,-0.4,4.5E-02));
#453 = VECTOR('',#454,1.);
#454 = DIRECTION('',(1.,0.,0.));
#455 = ORIENTED_EDGE('',*,*,#456,.F.);
#456 = EDGE_CURVE('',#248,#449,#457,.T.);
#457 = LINE('',#458,#459);
#458 = CARTESIAN_POINT('',(-0.755,-0.4,4.5E-02));
#459 = VECTOR('',#460,1.);
#460 = DIRECTION('',(1.,0.,0.));
#461 = PLANE('',#462);
#462 = AXIS2_PLACEMENT_3D('',#463,#464,#465);
#463 = CARTESIAN_POINT('',(-0.755,-0.4,4.5E-02));
#464 = DIRECTION('',(0.,1.,0.));
#465 = DIRECTION('',(0.,-0.,1.));
#466 = ADVANCED_FACE('',(#467),#478,.T.);
#467 = FACE_BOUND('',#468,.T.);
#468 = EDGE_LOOP('',(#469,#470,#471,#472));
#469 = ORIENTED_EDGE('',*,*,#331,.F.);
#470 = ORIENTED_EDGE('',*,*,#296,.F.);
#471 = ORIENTED_EDGE('',*,*,#214,.T.);
#472 = ORIENTED_EDGE('',*,*,#473,.T.);
#473 = EDGE_CURVE('',#215,#332,#474,.T.);
#474 = LINE('',#475,#476);
#475 = CARTESIAN_POINT('',(-0.545,-0.4,0.45));
#476 = VECTOR('',#477,1.);
#477 = DIRECTION('',(0.,1.,0.));
#478 = PLANE('',#479);
#479 = AXIS2_PLACEMENT_3D('',#480,#481,#482);
#480 = CARTESIAN_POINT('',(-0.8,-0.4,0.45));
#481 = DIRECTION('',(0.,0.,1.));
#482 = DIRECTION('',(1.,0.,-0.));
#483 = ADVANCED_FACE('',(#484),#495,.T.);
#484 = FACE_BOUND('',#485,.T.);
#485 = EDGE_LOOP('',(#486,#492,#493,#494));
#486 = ORIENTED_EDGE('',*,*,#487,.T.);
#487 = EDGE_CURVE('',#223,#340,#488,.T.);
#488 = LINE('',#489,#490);
#489 = CARTESIAN_POINT('',(-0.5,-0.4,0.405));
#490 = VECTOR('',#491,1.);
#491 = DIRECTION('',(0.,1.,0.));
#492 = ORIENTED_EDGE('',*,*,#339,.T.);
#493 = ORIENTED_EDGE('',*,*,#473,.F.);
#494 = ORIENTED_EDGE('',*,*,#222,.F.);
#495 = CYLINDRICAL_SURFACE('',#496,4.5E-02);
#496 = AXIS2_PLACEMENT_3D('',#497,#498,#499);
#497 = CARTESIAN_POINT('',(-0.545,-0.4,0.405));
#498 = DIRECTION('',(0.,1.,0.));
#499 = DIRECTION('',(1.,0.,0.));
#500 = ADVANCED_FACE('',(#501),#544,.T.);
#501 = FACE_BOUND('',#502,.T.);
#502 = EDGE_LOOP('',(#503,#504,#505,#506,#514,#522,#530,#538));
#503 = ORIENTED_EDGE('',*,*,#364,.F.);
#504 = ORIENTED_EDGE('',*,*,#356,.T.);
#505 = ORIENTED_EDGE('',*,*,#348,.T.);
#506 = ORIENTED_EDGE('',*,*,#507,.T.);
#507 = EDGE_CURVE('',#340,#508,#510,.T.);
#508 = VERTEX_POINT('',#509);
#509 = CARTESIAN_POINT('',(0.5,0.4,0.405));
#510 = LINE('',#511,#512);
#511 = CARTESIAN_POINT('',(-0.5,0.4,0.405));
#512 = VECTOR('',#513,1.);
#513 = DIRECTION('',(1.,0.,0.));
#514 = ORIENTED_EDGE('',*,*,#515,.T.);
#515 = EDGE_CURVE('',#508,#516,#518,.T.);
#516 = VERTEX_POINT('',#517);
#517 = CARTESIAN_POINT('',(0.755,0.4,0.405));
#518 = LINE('',#519,#520);
#519 = CARTESIAN_POINT('',(-0.755,0.4,0.405));
#520 = VECTOR('',#521,1.);
#521 = DIRECTION('',(1.,0.,0.));
#522 = ORIENTED_EDGE('',*,*,#523,.F.);
#523 = EDGE_CURVE('',#524,#516,#526,.T.);
#524 = VERTEX_POINT('',#525);
#525 = CARTESIAN_POINT('',(0.755,0.4,4.5E-02));
#526 = LINE('',#527,#528);
#527 = CARTESIAN_POINT('',(0.755,0.4,4.5E-02));
#528 = VECTOR('',#529,1.);
#529 = DIRECTION('',(0.,0.,1.));
#530 = ORIENTED_EDGE('',*,*,#531,.F.);
#531 = EDGE_CURVE('',#532,#524,#534,.T.);
#532 = VERTEX_POINT('',#533);
#533 = CARTESIAN_POINT('',(0.5,0.4,4.5E-02));
#534 = LINE('',#535,#536);
#535 = CARTESIAN_POINT('',(-0.755,0.4,4.5E-02));
#536 = VECTOR('',#537,1.);
#537 = DIRECTION('',(1.,0.,0.));
#538 = ORIENTED_EDGE('',*,*,#539,.F.);
#539 = EDGE_CURVE('',#365,#532,#540,.T.);
#540 = LINE('',#541,#542);
#541 = CARTESIAN_POINT('',(-0.755,0.4,4.5E-02));
#542 = VECTOR('',#543,1.);
#543 = DIRECTION('',(1.,0.,0.));
#544 = PLANE('',#545);
#545 = AXIS2_PLACEMENT_3D('',#546,#547,#548);
#546 = CARTESIAN_POINT('',(-0.755,0.4,4.5E-02));
#547 = DIRECTION('',(0.,1.,0.));
#548 = DIRECTION('',(0.,-0.,1.));
#549 = ADVANCED_FACE('',(#550),#561,.F.);
#550 = FACE_BOUND('',#551,.F.);
#551 = EDGE_LOOP('',(#552,#553,#554,#560));
#552 = ORIENTED_EDGE('',*,*,#407,.F.);
#553 = ORIENTED_EDGE('',*,*,#456,.T.);
#554 = ORIENTED_EDGE('',*,*,#555,.T.);
#555 = EDGE_CURVE('',#449,#532,#556,.T.);
#556 = LINE('',#557,#558);
#557 = CARTESIAN_POINT('',(0.5,-0.4,4.5E-02));
#558 = VECTOR('',#559,1.);
#559 = DIRECTION('',(0.,1.,0.));
#560 = ORIENTED_EDGE('',*,*,#539,.F.);
#561 = PLANE('',#562);
#562 = AXIS2_PLACEMENT_3D('',#563,#564,#565);
#563 = CARTESIAN_POINT('',(-0.755,-0.4,4.5E-02));
#564 = DIRECTION('',(0.,0.,1.));
#565 = DIRECTION('',(1.,0.,-0.));
#566 = ADVANCED_FACE('',(#567),#630,.F.);
#567 = FACE_BOUND('',#568,.F.);
#568 = EDGE_LOOP('',(#569,#579,#586,#587,#588,#589,#598,#606,#615,#623)
  );
#569 = ORIENTED_EDGE('',*,*,#570,.F.);
#570 = EDGE_CURVE('',#571,#573,#575,.T.);
#571 = VERTEX_POINT('',#572);
#572 = CARTESIAN_POINT('',(0.545,-0.4,-2.775557561563E-17));
#573 = VERTEX_POINT('',#574);
#574 = CARTESIAN_POINT('',(0.755,-0.4,-2.775557561563E-17));
#575 = LINE('',#576,#577);
#576 = CARTESIAN_POINT('',(0.5,-0.4,0.));
#577 = VECTOR('',#578,1.);
#578 = DIRECTION('',(1.,0.,0.));
#579 = ORIENTED_EDGE('',*,*,#580,.F.);
#580 = EDGE_CURVE('',#449,#571,#581,.T.);
#581 = CIRCLE('',#582,4.5E-02);
#582 = AXIS2_PLACEMENT_3D('',#583,#584,#585);
#583 = CARTESIAN_POINT('',(0.545,-0.4,4.5E-02));
#584 = DIRECTION('',(0.,-1.,0.));
#585 = DIRECTION('',(0.,0.,1.));
#586 = ORIENTED_EDGE('',*,*,#448,.T.);
#587 = ORIENTED_EDGE('',*,*,#440,.T.);
#588 = ORIENTED_EDGE('',*,*,#432,.F.);
#589 = ORIENTED_EDGE('',*,*,#590,.T.);
#590 = EDGE_CURVE('',#425,#591,#593,.T.);
#591 = VERTEX_POINT('',#592);
#592 = CARTESIAN_POINT('',(0.545,-0.4,0.45));
#593 = CIRCLE('',#594,4.5E-02);
#594 = AXIS2_PLACEMENT_3D('',#595,#596,#597);
#595 = CARTESIAN_POINT('',(0.545,-0.4,0.405));
#596 = DIRECTION('',(0.,1.,0.));
#597 = DIRECTION('',(0.,-0.,1.));
#598 = ORIENTED_EDGE('',*,*,#599,.T.);
#599 = EDGE_CURVE('',#591,#600,#602,.T.);
#600 = VERTEX_POINT('',#601);
#601 = CARTESIAN_POINT('',(0.755,-0.4,0.45));
#602 = LINE('',#603,#604);
#603 = CARTESIAN_POINT('',(0.5,-0.4,0.45));
#604 = VECTOR('',#605,1.);
#605 = DIRECTION('',(1.,0.,0.));
#606 = ORIENTED_EDGE('',*,*,#607,.F.);
#607 = EDGE_CURVE('',#608,#600,#610,.T.);
#608 = VERTEX_POINT('',#609);
#609 = CARTESIAN_POINT('',(0.8,-0.4,0.405));
#610 = CIRCLE('',#611,4.5E-02);
#611 = AXIS2_PLACEMENT_3D('',#612,#613,#614);
#612 = CARTESIAN_POINT('',(0.755,-0.4,0.405));
#613 = DIRECTION('',(0.,-1.,0.));
#614 = DIRECTION('',(0.,0.,1.));
#615 = ORIENTED_EDGE('',*,*,#616,.F.);
#616 = EDGE_CURVE('',#617,#608,#619,.T.);
#617 = VERTEX_POINT('',#618);
#618 = CARTESIAN_POINT('',(0.8,-0.4,4.5E-02));
#619 = LINE('',#620,#621);
#620 = CARTESIAN_POINT('',(0.8,-0.4,0.));
#621 = VECTOR('',#622,1.);
#622 = DIRECTION('',(0.,0.,1.));
#623 = ORIENTED_EDGE('',*,*,#624,.T.);
#624 = EDGE_CURVE('',#617,#573,#625,.T.);
#625 = CIRCLE('',#626,4.5E-02);
#626 = AXIS2_PLACEMENT_3D('',#627,#628,#629);
#627 = CARTESIAN_POINT('',(0.755,-0.4,4.5E-02));
#628 = DIRECTION('',(0.,1.,0.));
#629 = DIRECTION('',(0.,-0.,1.));
#630 = PLANE('',#631);
#631 = AXIS2_PLACEMENT_3D('',#632,#633,#634);
#632 = CARTESIAN_POINT('',(0.5,-0.4,0.));
#633 = DIRECTION('',(0.,1.,0.));
#634 = DIRECTION('',(0.,-0.,1.));
#635 = ADVANCED_FACE('',(#636),#661,.F.);
#636 = FACE_BOUND('',#637,.F.);
#637 = EDGE_LOOP('',(#638,#639,#647,#655));
#638 = ORIENTED_EDGE('',*,*,#424,.F.);
#639 = ORIENTED_EDGE('',*,*,#640,.T.);
#640 = EDGE_CURVE('',#223,#641,#643,.T.);
#641 = VERTEX_POINT('',#642);
#642 = CARTESIAN_POINT('',(-0.5,-0.4,0.45));
#643 = LINE('',#644,#645);
#644 = CARTESIAN_POINT('',(-0.5,-0.4,0.405));
#645 = VECTOR('',#646,1.);
#646 = DIRECTION('',(0.,0.,1.));
#647 = ORIENTED_EDGE('',*,*,#648,.T.);
#648 = EDGE_CURVE('',#641,#649,#651,.T.);
#649 = VERTEX_POINT('',#650);
#650 = CARTESIAN_POINT('',(0.5,-0.4,0.45));
#651 = LINE('',#652,#653);
#652 = CARTESIAN_POINT('',(-0.5,-0.4,0.45));
#653 = VECTOR('',#654,1.);
#654 = DIRECTION('',(1.,0.,0.));
#655 = ORIENTED_EDGE('',*,*,#656,.F.);
#656 = EDGE_CURVE('',#425,#649,#657,.T.);
#657 = LINE('',#658,#659);
#658 = CARTESIAN_POINT('',(0.5,-0.4,0.405));
#659 = VECTOR('',#660,1.);
#660 = DIRECTION('',(0.,0.,1.));
#661 = PLANE('',#662);
#662 = AXIS2_PLACEMENT_3D('',#663,#664,#665);
#663 = CARTESIAN_POINT('',(-0.5,-0.4,0.405));
#664 = DIRECTION('',(0.,1.,0.));
#665 = DIRECTION('',(0.,-0.,1.));
#666 = ADVANCED_FACE('',(#667),#685,.F.);
#667 = FACE_BOUND('',#668,.F.);
#668 = EDGE_LOOP('',(#669,#670,#671,#679));
#669 = ORIENTED_EDGE('',*,*,#640,.F.);
#670 = ORIENTED_EDGE('',*,*,#487,.T.);
#671 = ORIENTED_EDGE('',*,*,#672,.T.);
#672 = EDGE_CURVE('',#340,#673,#675,.T.);
#673 = VERTEX_POINT('',#674);
#674 = CARTESIAN_POINT('',(-0.5,0.4,0.45));
#675 = LINE('',#676,#677);
#676 = CARTESIAN_POINT('',(-0.5,0.4,0.405));
#677 = VECTOR('',#678,1.);
#678 = DIRECTION('',(0.,0.,1.));
#679 = ORIENTED_EDGE('',*,*,#680,.F.);
#680 = EDGE_CURVE('',#641,#673,#681,.T.);
#681 = LINE('',#682,#683);
#682 = CARTESIAN_POINT('',(-0.5,-0.4,0.45));
#683 = VECTOR('',#684,1.);
#684 = DIRECTION('',(0.,1.,0.));
#685 = PLANE('',#686);
#686 = AXIS2_PLACEMENT_3D('',#687,#688,#689);
#687 = CARTESIAN_POINT('',(-0.5,-0.4,0.405));
#688 = DIRECTION('',(1.,0.,0.));
#689 = DIRECTION('',(0.,0.,1.));
#690 = ADVANCED_FACE('',(#691),#754,.T.);
#691 = FACE_BOUND('',#692,.T.);
#692 = EDGE_LOOP('',(#693,#703,#710,#711,#712,#713,#722,#730,#739,#747)
  );
#693 = ORIENTED_EDGE('',*,*,#694,.F.);
#694 = EDGE_CURVE('',#695,#697,#699,.T.);
#695 = VERTEX_POINT('',#696);
#696 = CARTESIAN_POINT('',(0.545,0.4,-2.775557561563E-17));
#697 = VERTEX_POINT('',#698);
#698 = CARTESIAN_POINT('',(0.755,0.4,-2.775557561563E-17));
#699 = LINE('',#700,#701);
#700 = CARTESIAN_POINT('',(0.5,0.4,0.));
#701 = VECTOR('',#702,1.);
#702 = DIRECTION('',(1.,0.,0.));
#703 = ORIENTED_EDGE('',*,*,#704,.F.);
#704 = EDGE_CURVE('',#532,#695,#705,.T.);
#705 = CIRCLE('',#706,4.5E-02);
#706 = AXIS2_PLACEMENT_3D('',#707,#708,#709);
#707 = CARTESIAN_POINT('',(0.545,0.4,4.5E-02));
#708 = DIRECTION('',(0.,-1.,0.));
#709 = DIRECTION('',(0.,0.,1.));
#710 = ORIENTED_EDGE('',*,*,#531,.T.);
#711 = ORIENTED_EDGE('',*,*,#523,.T.);
#712 = ORIENTED_EDGE('',*,*,#515,.F.);
#713 = ORIENTED_EDGE('',*,*,#714,.T.);
#714 = EDGE_CURVE('',#508,#715,#717,.T.);
#715 = VERTEX_POINT('',#716);
#716 = CARTESIAN_POINT('',(0.545,0.4,0.45));
#717 = CIRCLE('',#718,4.5E-02);
#718 = AXIS2_PLACEMENT_3D('',#719,#720,#721);
#719 = CARTESIAN_POINT('',(0.545,0.4,0.405));
#720 = DIRECTION('',(0.,1.,0.));
#721 = DIRECTION('',(0.,-0.,1.));
#722 = ORIENTED_EDGE('',*,*,#723,.T.);
#723 = EDGE_CURVE('',#715,#724,#726,.T.);
#724 = VERTEX_POINT('',#725);
#725 = CARTESIAN_POINT('',(0.755,0.4,0.45));
#726 = LINE('',#727,#728);
#727 = CARTESIAN_POINT('',(0.5,0.4,0.45));
#728 = VECTOR('',#729,1.);
#729 = DIRECTION('',(1.,0.,0.));
#730 = ORIENTED_EDGE('',*,*,#731,.F.);
#731 = EDGE_CURVE('',#732,#724,#734,.T.);
#732 = VERTEX_POINT('',#733);
#733 = CARTESIAN_POINT('',(0.8,0.4,0.405));
#734 = CIRCLE('',#735,4.5E-02);
#735 = AXIS2_PLACEMENT_3D('',#736,#737,#738);
#736 = CARTESIAN_POINT('',(0.755,0.4,0.405));
#737 = DIRECTION('',(0.,-1.,0.));
#738 = DIRECTION('',(0.,0.,1.));
#739 = ORIENTED_EDGE('',*,*,#740,.F.);
#740 = EDGE_CURVE('',#741,#732,#743,.T.);
#741 = VERTEX_POINT('',#742);
#742 = CARTESIAN_POINT('',(0.8,0.4,4.5E-02));
#743 = LINE('',#744,#745);
#744 = CARTESIAN_POINT('',(0.8,0.4,0.));
#745 = VECTOR('',#746,1.);
#746 = DIRECTION('',(0.,0.,1.));
#747 = ORIENTED_EDGE('',*,*,#748,.T.);
#748 = EDGE_CURVE('',#741,#697,#749,.T.);
#749 = CIRCLE('',#750,4.5E-02);
#750 = AXIS2_PLACEMENT_3D('',#751,#752,#753);
#751 = CARTESIAN_POINT('',(0.755,0.4,4.5E-02));
#752 = DIRECTION('',(0.,1.,0.));
#753 = DIRECTION('',(0.,-0.,1.));
#754 = PLANE('',#755);
#755 = AXIS2_PLACEMENT_3D('',#756,#757,#758);
#756 = CARTESIAN_POINT('',(0.5,0.4,0.));
#757 = DIRECTION('',(0.,1.,0.));
#758 = DIRECTION('',(0.,-0.,1.));
#759 = ADVANCED_FACE('',(#760),#778,.T.);
#760 = FACE_BOUND('',#761,.T.);
#761 = EDGE_LOOP('',(#762,#763,#764,#772));
#762 = ORIENTED_EDGE('',*,*,#507,.F.);
#763 = ORIENTED_EDGE('',*,*,#672,.T.);
#764 = ORIENTED_EDGE('',*,*,#765,.T.);
#765 = EDGE_CURVE('',#673,#766,#768,.T.);
#766 = VERTEX_POINT('',#767);
#767 = CARTESIAN_POINT('',(0.5,0.4,0.45));
#768 = LINE('',#769,#770);
#769 = CARTESIAN_POINT('',(-0.5,0.4,0.45));
#770 = VECTOR('',#771,1.);
#771 = DIRECTION('',(1.,0.,0.));
#772 = ORIENTED_EDGE('',*,*,#773,.F.);
#773 = EDGE_CURVE('',#508,#766,#774,.T.);
#774 = LINE('',#775,#776);
#775 = CARTESIAN_POINT('',(0.5,0.4,0.405));
#776 = VECTOR('',#777,1.);
#777 = DIRECTION('',(0.,0.,1.));
#778 = PLANE('',#779);
#779 = AXIS2_PLACEMENT_3D('',#780,#781,#782);
#780 = CARTESIAN_POINT('',(-0.5,0.4,0.405));
#781 = DIRECTION('',(0.,1.,0.));
#782 = DIRECTION('',(0.,-0.,1.));
#783 = ADVANCED_FACE('',(#784),#795,.T.);
#784 = FACE_BOUND('',#785,.T.);
#785 = EDGE_LOOP('',(#786,#787,#788,#794));
#786 = ORIENTED_EDGE('',*,*,#555,.T.);
#787 = ORIENTED_EDGE('',*,*,#704,.T.);
#788 = ORIENTED_EDGE('',*,*,#789,.F.);
#789 = EDGE_CURVE('',#571,#695,#790,.T.);
#790 = LINE('',#791,#792);
#791 = CARTESIAN_POINT('',(0.545,-0.4,-2.775557561563E-17));
#792 = VECTOR('',#793,1.);
#793 = DIRECTION('',(0.,1.,0.));
#794 = ORIENTED_EDGE('',*,*,#580,.F.);
#795 = CYLINDRICAL_SURFACE('',#796,4.5E-02);
#796 = AXIS2_PLACEMENT_3D('',#797,#798,#799);
#797 = CARTESIAN_POINT('',(0.545,-0.4,4.5E-02));
#798 = DIRECTION('',(0.,1.,0.));
#799 = DIRECTION('',(-1.,0.,0.));
#800 = ADVANCED_FACE('',(#801),#812,.F.);
#801 = FACE_BOUND('',#802,.F.);
#802 = EDGE_LOOP('',(#803,#804,#805,#806));
#803 = ORIENTED_EDGE('',*,*,#694,.F.);
#804 = ORIENTED_EDGE('',*,*,#789,.F.);
#805 = ORIENTED_EDGE('',*,*,#570,.T.);
#806 = ORIENTED_EDGE('',*,*,#807,.T.);
#807 = EDGE_CURVE('',#573,#697,#808,.T.);
#808 = LINE('',#809,#810);
#809 = CARTESIAN_POINT('',(0.755,-0.4,-2.775557561563E-17));
#810 = VECTOR('',#811,1.);
#811 = DIRECTION('',(0.,1.,0.));
#812 = PLANE('',#813);
#813 = AXIS2_PLACEMENT_3D('',#814,#815,#816);
#814 = CARTESIAN_POINT('',(0.5,-0.4,0.));
#815 = DIRECTION('',(0.,0.,1.));
#816 = DIRECTION('',(1.,0.,-0.));
#817 = ADVANCED_FACE('',(#818),#829,.T.);
#818 = FACE_BOUND('',#819,.T.);
#819 = EDGE_LOOP('',(#820,#821,#822,#823));
#820 = ORIENTED_EDGE('',*,*,#624,.T.);
#821 = ORIENTED_EDGE('',*,*,#807,.T.);
#822 = ORIENTED_EDGE('',*,*,#748,.F.);
#823 = ORIENTED_EDGE('',*,*,#824,.F.);
#824 = EDGE_CURVE('',#617,#741,#825,.T.);
#825 = LINE('',#826,#827);
#826 = CARTESIAN_POINT('',(0.8,-0.4,4.5E-02));
#827 = VECTOR('',#828,1.);
#828 = DIRECTION('',(0.,1.,0.));
#829 = CYLINDRICAL_SURFACE('',#830,4.5E-02);
#830 = AXIS2_PLACEMENT_3D('',#831,#832,#833);
#831 = CARTESIAN_POINT('',(0.755,-0.4,4.5E-02));
#832 = DIRECTION('',(0.,1.,0.));
#833 = DIRECTION('',(1.,0.,0.));
#834 = ADVANCED_FACE('',(#835),#846,.T.);
#835 = FACE_BOUND('',#836,.T.);
#836 = EDGE_LOOP('',(#837,#838,#839,#840));
#837 = ORIENTED_EDGE('',*,*,#616,.F.);
#838 = ORIENTED_EDGE('',*,*,#824,.T.);
#839 = ORIENTED_EDGE('',*,*,#740,.T.);
#840 = ORIENTED_EDGE('',*,*,#841,.F.);
#841 = EDGE_CURVE('',#608,#732,#842,.T.);
#842 = LINE('',#843,#844);
#843 = CARTESIAN_POINT('',(0.8,-0.4,0.405));
#844 = VECTOR('',#845,1.);
#845 = DIRECTION('',(0.,1.,0.));
#846 = PLANE('',#847);
#847 = AXIS2_PLACEMENT_3D('',#848,#849,#850);
#848 = CARTESIAN_POINT('',(0.8,-0.4,0.));
#849 = DIRECTION('',(1.,0.,0.));
#850 = DIRECTION('',(0.,0.,1.));
#851 = ADVANCED_FACE('',(#852),#863,.T.);
#852 = FACE_BOUND('',#853,.T.);
#853 = EDGE_LOOP('',(#854,#855,#856,#862));
#854 = ORIENTED_EDGE('',*,*,#841,.T.);
#855 = ORIENTED_EDGE('',*,*,#731,.T.);
#856 = ORIENTED_EDGE('',*,*,#857,.F.);
#857 = EDGE_CURVE('',#600,#724,#858,.T.);
#858 = LINE('',#859,#860);
#859 = CARTESIAN_POINT('',(0.755,-0.4,0.45));
#860 = VECTOR('',#861,1.);
#861 = DIRECTION('',(0.,1.,0.));
#862 = ORIENTED_EDGE('',*,*,#607,.F.);
#863 = CYLINDRICAL_SURFACE('',#864,4.5E-02);
#864 = AXIS2_PLACEMENT_3D('',#865,#866,#867);
#865 = CARTESIAN_POINT('',(0.755,-0.4,0.405));
#866 = DIRECTION('',(0.,1.,0.));
#867 = DIRECTION('',(1.,0.,0.));
#868 = ADVANCED_FACE('',(#869),#880,.T.);
#869 = FACE_BOUND('',#870,.T.);
#870 = EDGE_LOOP('',(#871,#872,#878,#879));
#871 = ORIENTED_EDGE('',*,*,#723,.F.);
#872 = ORIENTED_EDGE('',*,*,#873,.F.);
#873 = EDGE_CURVE('',#591,#715,#874,.T.);
#874 = LINE('',#875,#876);
#875 = CARTESIAN_POINT('',(0.545,-0.4,0.45));
#876 = VECTOR('',#877,1.);
#877 = DIRECTION('',(0.,1.,0.));
#878 = ORIENTED_EDGE('',*,*,#599,.T.);
#879 = ORIENTED_EDGE('',*,*,#857,.T.);
#880 = PLANE('',#881);
#881 = AXIS2_PLACEMENT_3D('',#882,#883,#884);
#882 = CARTESIAN_POINT('',(0.5,-0.4,0.45));
#883 = DIRECTION('',(0.,0.,1.));
#884 = DIRECTION('',(1.,0.,-0.));
#885 = ADVANCED_FACE('',(#886),#897,.T.);
#886 = FACE_BOUND('',#887,.T.);
#887 = EDGE_LOOP('',(#888,#889,#890,#891));
#888 = ORIENTED_EDGE('',*,*,#590,.T.);
#889 = ORIENTED_EDGE('',*,*,#873,.T.);
#890 = ORIENTED_EDGE('',*,*,#714,.F.);
#891 = ORIENTED_EDGE('',*,*,#892,.F.);
#892 = EDGE_CURVE('',#425,#508,#893,.T.);
#893 = LINE('',#894,#895);
#894 = CARTESIAN_POINT('',(0.5,-0.4,0.405));
#895 = VECTOR('',#896,1.);
#896 = DIRECTION('',(0.,1.,0.));
#897 = CYLINDRICAL_SURFACE('',#898,4.5E-02);
#898 = AXIS2_PLACEMENT_3D('',#899,#900,#901);
#899 = CARTESIAN_POINT('',(0.545,-0.4,0.405));
#900 = DIRECTION('',(0.,1.,0.));
#901 = DIRECTION('',(-1.,0.,0.));
#902 = ADVANCED_FACE('',(#903),#914,.T.);
#903 = FACE_BOUND('',#904,.T.);
#904 = EDGE_LOOP('',(#905,#906,#907,#908));
#905 = ORIENTED_EDGE('',*,*,#656,.F.);
#906 = ORIENTED_EDGE('',*,*,#892,.T.);
#907 = ORIENTED_EDGE('',*,*,#773,.T.);
#908 = ORIENTED_EDGE('',*,*,#909,.F.);
#909 = EDGE_CURVE('',#649,#766,#910,.T.);
#910 = LINE('',#911,#912);
#911 = CARTESIAN_POINT('',(0.5,-0.4,0.45));
#912 = VECTOR('',#913,1.);
#913 = DIRECTION('',(0.,1.,0.));
#914 = PLANE('',#915);
#915 = AXIS2_PLACEMENT_3D('',#916,#917,#918);
#916 = CARTESIAN_POINT('',(0.5,-0.4,0.405));
#917 = DIRECTION('',(1.,0.,0.));
#918 = DIRECTION('',(0.,0.,1.));
#919 = ADVANCED_FACE('',(#920),#926,.T.);
#920 = FACE_BOUND('',#921,.T.);
#921 = EDGE_LOOP('',(#922,#923,#924,#925));
#922 = ORIENTED_EDGE('',*,*,#680,.F.);
#923 = ORIENTED_EDGE('',*,*,#648,.T.);
#924 = ORIENTED_EDGE('',*,*,#909,.T.);
#925 = ORIENTED_EDGE('',*,*,#765,.F.);
#926 = PLANE('',#927);
#927 = AXIS2_PLACEMENT_3D('',#928,#929,#930);
#928 = CARTESIAN_POINT('',(-0.5,-0.4,0.45));
#929 = DIRECTION('',(0.,0.,1.));
#930 = DIRECTION('',(1.,0.,-0.));
#931 = ( GEOMETRIC_REPRESENTATION_CONTEXT(3) 
GLOBAL_UNCERTAINTY_ASSIGNED_CONTEXT((#935)) GLOBAL_UNIT_ASSIGNED_CONTEXT
((#932,#933,#934)) REPRESENTATION_CONTEXT('Context #1',
  '3D Context with UNIT and UNCERTAINTY') );
#932 = ( LENGTH_UNIT() NAMED_UNIT(*) SI_UNIT(.MILLI.,.METRE.) );
#933 = ( NAMED_UNIT(*) PLANE_ANGLE_UNIT() SI_UNIT($,.RADIAN.) );
#934 = ( NAMED_UNIT(*) SI_UNIT($,.STERADIAN.) SOLID_ANGLE_UNIT() );
#935 = UNCERTAINTY_MEASURE_WITH_UNIT(LENGTH_MEASURE(1.E-07),#932,
  'distance_accuracy_value','confusion accuracy');
#936 = CONTEXT_DEPENDENT_SHAPE_REPRESENTATION(#937,#939);
#937 = ( REPRESENTATION_RELATIONSHIP('','',#140,#10) 
REPRESENTATION_RELATIONSHIP_WITH_TRANSFORMATION(#938) 
SHAPE_REPRESENTATION_RELATIONSHIP() );
#938 = ITEM_DEFINED_TRANSFORMATION('','',#11,#15);
#939 = PRODUCT_DEFINITION_SHAPE('Placement','Placement of an item',#940
  );
#940 = NEXT_ASSEMBLY_USAGE_OCCURRENCE('1','R7','',#5,#135,$);
#941 = PRODUCT_RELATED_PRODUCT_CATEGORY('part',$,(#137));
#942 = SHAPE_DEFINITION_REPRESENTATION(#943,#949);
#943 = PRODUCT_DEFINITION_SHAPE('','',#944);
#944 = PRODUCT_DEFINITION('design','',#945,#948);
#945 = PRODUCT_DEFINITION_FORMATION('','',#946);
#946 = PRODUCT('LED_0603_1608Metric','LED_0603_1608Metric','',(#947));
#947 = PRODUCT_CONTEXT('',#2,'mechanical');
#948 = PRODUCT_DEFINITION_CONTEXT('part definition',#2,'design');
#949 = ADVANCED_BREP_SHAPE_REPRESENTATION('',(#11,#950),#2473);
#950 = MANIFOLD_SOLID_BREP('',#951);
#951 = CLOSED_SHELL('',(#952,#992,#1039,#1118,#1142,#1182,#1213,#1230,
    #1263,#1287,#1354,#1475,#1542,#1566,#1597,#1630,#1686,#1710,#1734,
    #1758,#1791,#1803,#1866,#1891,#1908,#1932,#1950,#1968,#1986,#2003,
    #2020,#2051,#2076,#2101,#2125,#2142,#2173,#2197,#2214,#2242,#2267,
    #2291,#2316,#2363,#2380,#2392,#2414,#2426,#2444,#2462));
#952 = ADVANCED_FACE('',(#953),#987,.F.);
#953 = FACE_BOUND('',#954,.F.);
#954 = EDGE_LOOP('',(#955,#965,#973,#981));
#955 = ORIENTED_EDGE('',*,*,#956,.T.);
#956 = EDGE_CURVE('',#957,#959,#961,.T.);
#957 = VERTEX_POINT('',#958);
#958 = CARTESIAN_POINT('',(-0.5,-0.4,0.47));
#959 = VERTEX_POINT('',#960);
#960 = CARTESIAN_POINT('',(-0.45,-0.4,1.1));
#961 = LINE('',#962,#963);
#962 = CARTESIAN_POINT('',(-0.5,-0.4,0.47));
#963 = VECTOR('',#964,1.);
#964 = DIRECTION('',(7.911630099815E-02,0.,0.996865392576));
#965 = ORIENTED_EDGE('',*,*,#966,.T.);
#966 = EDGE_CURVE('',#959,#967,#969,.T.);
#967 = VERTEX_POINT('',#968);
#968 = CARTESIAN_POINT('',(0.45,-0.4,1.1));
#969 = LINE('',#970,#971);
#970 = CARTESIAN_POINT('',(-0.45,-0.4,1.1));
#971 = VECTOR('',#972,1.);
#972 = DIRECTION('',(1.,0.,0.));
#973 = ORIENTED_EDGE('',*,*,#974,.T.);
#974 = EDGE_CURVE('',#967,#975,#977,.T.);
#975 = VERTEX_POINT('',#976);
#976 = CARTESIAN_POINT('',(0.5,-0.4,0.47));
#977 = LINE('',#978,#979);
#978 = CARTESIAN_POINT('',(0.45,-0.4,1.1));
#979 = VECTOR('',#980,1.);
#980 = DIRECTION('',(7.911630099815E-02,0.,-0.996865392576));
#981 = ORIENTED_EDGE('',*,*,#982,.T.);
#982 = EDGE_CURVE('',#975,#957,#983,.T.);
#983 = LINE('',#984,#985);
#984 = CARTESIAN_POINT('',(0.5,-0.4,0.47));
#985 = VECTOR('',#986,1.);
#986 = DIRECTION('',(-1.,0.,0.));
#987 = PLANE('',#988);
#988 = AXIS2_PLACEMENT_3D('',#989,#990,#991);
#989 = CARTESIAN_POINT('',(-8.772411109409E-18,-0.4,0.775044128294));
#990 = DIRECTION('',(0.,1.,0.));
#991 = DIRECTION('',(0.,-0.,1.));
#992 = ADVANCED_FACE('',(#993),#1034,.T.);
#993 = FACE_BOUND('',#994,.T.);
#994 = EDGE_LOOP('',(#995,#1005,#1013,#1019,#1020,#1028));
#995 = ORIENTED_EDGE('',*,*,#996,.T.);
#996 = EDGE_CURVE('',#997,#999,#1001,.T.);
#997 = VERTEX_POINT('',#998);
#998 = CARTESIAN_POINT('',(-0.5,0.4,0.47));
#999 = VERTEX_POINT('',#1000);
#1000 = CARTESIAN_POINT('',(-0.5,0.3,0.47));
#1001 = LINE('',#1002,#1003);
#1002 = CARTESIAN_POINT('',(-0.5,0.4,0.47));
#1003 = VECTOR('',#1004,1.);
#1004 = DIRECTION('',(0.,-1.,0.));
#1005 = ORIENTED_EDGE('',*,*,#1006,.F.);
#1006 = EDGE_CURVE('',#1007,#999,#1009,.T.);
#1007 = VERTEX_POINT('',#1008);
#1008 = CARTESIAN_POINT('',(-0.5,-0.3,0.47));
#1009 = LINE('',#1010,#1011);
#1010 = CARTESIAN_POINT('',(-0.5,-0.4,0.47));
#1011 = VECTOR('',#1012,1.);
#1012 = DIRECTION('',(0.,1.,0.));
#1013 = ORIENTED_EDGE('',*,*,#1014,.T.);
#1014 = EDGE_CURVE('',#1007,#957,#1015,.T.);
#1015 = LINE('',#1016,#1017);
#1016 = CARTESIAN_POINT('',(-0.5,0.4,0.47));
#1017 = VECTOR('',#1018,1.);
#1018 = DIRECTION('',(0.,-1.,0.));
#1019 = ORIENTED_EDGE('',*,*,#956,.T.);
#1020 = ORIENTED_EDGE('',*,*,#1021,.F.);
#1021 = EDGE_CURVE('',#1022,#959,#1024,.T.);
#1022 = VERTEX_POINT('',#1023);
#1023 = CARTESIAN_POINT('',(-0.45,0.4,1.1));
#1024 = LINE('',#1025,#1026);
#1025 = CARTESIAN_POINT('',(-0.45,0.4,1.1));
#1026 = VECTOR('',#1027,1.);
#1027 = DIRECTION('',(0.,-1.,0.));
#1028 = ORIENTED_EDGE('',*,*,#1029,.F.);
#1029 = EDGE_CURVE('',#997,#1022,#1030,.T.);
#1030 = LINE('',#1031,#1032);
#1031 = CARTESIAN_POINT('',(-0.5,0.4,0.47));
#1032 = VECTOR('',#1033,1.);
#1033 = DIRECTION('',(7.911630099815E-02,0.,0.996865392576));
#1034 = PLANE('',#1035);
#1035 = AXIS2_PLACEMENT_3D('',#1036,#1037,#1038);
#1036 = CARTESIAN_POINT('',(-0.5,0.4,0.47));
#1037 = DIRECTION('',(-0.996865392576,0.,7.911630099815E-02));
#1038 = DIRECTION('',(7.911630099815E-02,0.,0.996865392576));
#1039 = ADVANCED_FACE('',(#1040),#1113,.F.);
#1040 = FACE_BOUND('',#1041,.F.);
#1041 = EDGE_LOOP('',(#1042,#1052,#1060,#1068,#1074,#1075,#1083,#1091,
    #1099,#1107));
#1042 = ORIENTED_EDGE('',*,*,#1043,.F.);
#1043 = EDGE_CURVE('',#1044,#1046,#1048,.T.);
#1044 = VERTEX_POINT('',#1045);
#1045 = CARTESIAN_POINT('',(-0.77,-0.4,3.E-02));
#1046 = VERTEX_POINT('',#1047);
#1047 = CARTESIAN_POINT('',(-0.725,-0.4,3.E-02));
#1048 = LINE('',#1049,#1050);
#1049 = CARTESIAN_POINT('',(-0.77,-0.4,3.E-02));
#1050 = VECTOR('',#1051,1.);
#1051 = DIRECTION('',(1.,0.,0.));
#1052 = ORIENTED_EDGE('',*,*,#1053,.T.);
#1053 = EDGE_CURVE('',#1044,#1054,#1056,.T.);
#1054 = VERTEX_POINT('',#1055);
#1055 = CARTESIAN_POINT('',(-0.77,-0.4,0.47));
#1056 = LINE('',#1057,#1058);
#1057 = CARTESIAN_POINT('',(-0.77,-0.4,3.E-02));
#1058 = VECTOR('',#1059,1.);
#1059 = DIRECTION('',(0.,0.,1.));
#1060 = ORIENTED_EDGE('',*,*,#1061,.T.);
#1061 = EDGE_CURVE('',#1054,#1062,#1064,.T.);
#1062 = VERTEX_POINT('',#1063);
#1063 = CARTESIAN_POINT('',(-0.725,-0.4,0.47));
#1064 = LINE('',#1065,#1066);
#1065 = CARTESIAN_POINT('',(-0.77,-0.4,0.47));
#1066 = VECTOR('',#1067,1.);
#1067 = DIRECTION('',(1.,0.,0.));
#1068 = ORIENTED_EDGE('',*,*,#1069,.T.);
#1069 = EDGE_CURVE('',#1062,#957,#1070,.T.);
#1070 = LINE('',#1071,#1072);
#1071 = CARTESIAN_POINT('',(-0.77,-0.4,0.47));
#1072 = VECTOR('',#1073,1.);
#1073 = DIRECTION('',(1.,0.,0.));
#1074 = ORIENTED_EDGE('',*,*,#982,.F.);
#1075 = ORIENTED_EDGE('',*,*,#1076,.T.);
#1076 = EDGE_CURVE('',#975,#1077,#1079,.T.);
#1077 = VERTEX_POINT('',#1078);
#1078 = CARTESIAN_POINT('',(0.725,-0.4,0.47));
#1079 = LINE('',#1080,#1081);
#1080 = CARTESIAN_POINT('',(-0.77,-0.4,0.47));
#1081 = VECTOR('',#1082,1.);
#1082 = DIRECTION('',(1.,0.,0.));
#1083 = ORIENTED_EDGE('',*,*,#1084,.T.);
#1084 = EDGE_CURVE('',#1077,#1085,#1087,.T.);
#1085 = VERTEX_POINT('',#1086);
#1086 = CARTESIAN_POINT('',(0.77,-0.4,0.47));
#1087 = LINE('',#1088,#1089);
#1088 = CARTESIAN_POINT('',(-0.77,-0.4,0.47));
#1089 = VECTOR('',#1090,1.);
#1090 = DIRECTION('',(1.,0.,0.));
#1091 = ORIENTED_EDGE('',*,*,#1092,.F.);
#1092 = EDGE_CURVE('',#1093,#1085,#1095,.T.);
#1093 = VERTEX_POINT('',#1094);
#1094 = CARTESIAN_POINT('',(0.77,-0.4,3.E-02));
#1095 = LINE('',#1096,#1097);
#1096 = CARTESIAN_POINT('',(0.77,-0.4,3.E-02));
#1097 = VECTOR('',#1098,1.);
#1098 = DIRECTION('',(0.,0.,1.));
#1099 = ORIENTED_EDGE('',*,*,#1100,.F.);
#1100 = EDGE_CURVE('',#1101,#1093,#1103,.T.);
#1101 = VERTEX_POINT('',#1102);
#1102 = CARTESIAN_POINT('',(0.725,-0.4,3.E-02));
#1103 = LINE('',#1104,#1105);
#1104 = CARTESIAN_POINT('',(-0.77,-0.4,3.E-02));
#1105 = VECTOR('',#1106,1.);
#1106 = DIRECTION('',(1.,0.,0.));
#1107 = ORIENTED_EDGE('',*,*,#1108,.F.);
#1108 = EDGE_CURVE('',#1046,#1101,#1109,.T.);
#1109 = LINE('',#1110,#1111);
#1110 = CARTESIAN_POINT('',(-0.77,-0.4,3.E-02));
#1111 = VECTOR('',#1112,1.);
#1112 = DIRECTION('',(1.,0.,0.));
#1113 = PLANE('',#1114);
#1114 = AXIS2_PLACEMENT_3D('',#1115,#1116,#1117);
#1115 = CARTESIAN_POINT('',(-0.77,-0.4,3.E-02));
#1116 = DIRECTION('',(0.,1.,0.));
#1117 = DIRECTION('',(0.,-0.,1.));
#1118 = ADVANCED_FACE('',(#1119),#1137,.T.);
#1119 = FACE_BOUND('',#1120,.T.);
#1120 = EDGE_LOOP('',(#1121,#1122,#1123,#1131));
#1121 = ORIENTED_EDGE('',*,*,#1021,.T.);
#1122 = ORIENTED_EDGE('',*,*,#966,.T.);
#1123 = ORIENTED_EDGE('',*,*,#1124,.F.);
#1124 = EDGE_CURVE('',#1125,#967,#1127,.T.);
#1125 = VERTEX_POINT('',#1126);
#1126 = CARTESIAN_POINT('',(0.45,0.4,1.1));
#1127 = LINE('',#1128,#1129);
#1128 = CARTESIAN_POINT('',(0.45,0.4,1.1));
#1129 = VECTOR('',#1130,1.);
#1130 = DIRECTION('',(0.,-1.,0.));
#1131 = ORIENTED_EDGE('',*,*,#1132,.F.);
#1132 = EDGE_CURVE('',#1022,#1125,#1133,.T.);
#1133 = LINE('',#1134,#1135);
#1134 = CARTESIAN_POINT('',(-0.45,0.4,1.1));
#1135 = VECTOR('',#1136,1.);
#1136 = DIRECTION('',(1.,0.,0.));
#1137 = PLANE('',#1138);
#1138 = AXIS2_PLACEMENT_3D('',#1139,#1140,#1141);
#1139 = CARTESIAN_POINT('',(-0.45,0.4,1.1));
#1140 = DIRECTION('',(0.,0.,1.));
#1141 = DIRECTION('',(1.,0.,-0.));
#1142 = ADVANCED_FACE('',(#1143),#1177,.T.);
#1143 = FACE_BOUND('',#1144,.T.);
#1144 = EDGE_LOOP('',(#1145,#1146,#1147,#1155,#1163,#1171));
#1145 = ORIENTED_EDGE('',*,*,#1124,.T.);
#1146 = ORIENTED_EDGE('',*,*,#974,.T.);
#1147 = ORIENTED_EDGE('',*,*,#1148,.F.);
#1148 = EDGE_CURVE('',#1149,#975,#1151,.T.);
#1149 = VERTEX_POINT('',#1150);
#1150 = CARTESIAN_POINT('',(0.5,-0.3,0.47));
#1151 = LINE('',#1152,#1153);
#1152 = CARTESIAN_POINT('',(0.5,0.4,0.47));
#1153 = VECTOR('',#1154,1.);
#1154 = DIRECTION('',(0.,-1.,0.));
#1155 = ORIENTED_EDGE('',*,*,#1156,.T.);
#1156 = EDGE_CURVE('',#1149,#1157,#1159,.T.);
#1157 = VERTEX_POINT('',#1158);
#1158 = CARTESIAN_POINT('',(0.5,0.3,0.47));
#1159 = LINE('',#1160,#1161);
#1160 = CARTESIAN_POINT('',(0.5,-0.4,0.47));
#1161 = VECTOR('',#1162,1.);
#1162 = DIRECTION('',(0.,1.,0.));
#1163 = ORIENTED_EDGE('',*,*,#1164,.F.);
#1164 = EDGE_CURVE('',#1165,#1157,#1167,.T.);
#1165 = VERTEX_POINT('',#1166);
#1166 = CARTESIAN_POINT('',(0.5,0.4,0.47));
#1167 = LINE('',#1168,#1169);
#1168 = CARTESIAN_POINT('',(0.5,0.4,0.47));
#1169 = VECTOR('',#1170,1.);
#1170 = DIRECTION('',(0.,-1.,0.));
#1171 = ORIENTED_EDGE('',*,*,#1172,.F.);
#1172 = EDGE_CURVE('',#1125,#1165,#1173,.T.);
#1173 = LINE('',#1174,#1175);
#1174 = CARTESIAN_POINT('',(0.45,0.4,1.1));
#1175 = VECTOR('',#1176,1.);
#1176 = DIRECTION('',(7.911630099815E-02,0.,-0.996865392576));
#1177 = PLANE('',#1178);
#1178 = AXIS2_PLACEMENT_3D('',#1179,#1180,#1181);
#1179 = CARTESIAN_POINT('',(0.45,0.4,1.1));
#1180 = DIRECTION('',(0.996865392576,0.,7.911630099815E-02));
#1181 = DIRECTION('',(7.911630099815E-02,0.,-0.996865392576));
#1182 = ADVANCED_FACE('',(#1183),#1208,.T.);
#1183 = FACE_BOUND('',#1184,.T.);
#1184 = EDGE_LOOP('',(#1185,#1193,#1201,#1207));
#1185 = ORIENTED_EDGE('',*,*,#1186,.F.);
#1186 = EDGE_CURVE('',#1187,#997,#1189,.T.);
#1187 = VERTEX_POINT('',#1188);
#1188 = CARTESIAN_POINT('',(-0.725,0.4,0.47));
#1189 = LINE('',#1190,#1191);
#1190 = CARTESIAN_POINT('',(-0.77,0.4,0.47));
#1191 = VECTOR('',#1192,1.);
#1192 = DIRECTION('',(1.,0.,0.));
#1193 = ORIENTED_EDGE('',*,*,#1194,.F.);
#1194 = EDGE_CURVE('',#1195,#1187,#1197,.T.);
#1195 = VERTEX_POINT('',#1196);
#1196 = CARTESIAN_POINT('',(-0.725,0.3,0.47));
#1197 = LINE('',#1198,#1199);
#1198 = CARTESIAN_POINT('',(-0.725,5.E-02,0.47));
#1199 = VECTOR('',#1200,1.);
#1200 = DIRECTION('',(0.,1.,0.));
#1201 = ORIENTED_EDGE('',*,*,#1202,.F.);
#1202 = EDGE_CURVE('',#999,#1195,#1203,.T.);
#1203 = LINE('',#1204,#1205);
#1204 = CARTESIAN_POINT('',(-0.7475,0.3,0.47));
#1205 = VECTOR('',#1206,1.);
#1206 = DIRECTION('',(-1.,0.,0.));
#1207 = ORIENTED_EDGE('',*,*,#996,.F.);
#1208 = PLANE('',#1209);
#1209 = AXIS2_PLACEMENT_3D('',#1210,#1211,#1212);
#1210 = CARTESIAN_POINT('',(-0.77,-0.4,0.47));
#1211 = DIRECTION('',(0.,0.,1.));
#1212 = DIRECTION('',(1.,0.,-0.));
#1213 = ADVANCED_FACE('',(#1214),#1225,.T.);
#1214 = FACE_BOUND('',#1215,.T.);
#1215 = EDGE_LOOP('',(#1216,#1217,#1218,#1219));
#1216 = ORIENTED_EDGE('',*,*,#1029,.T.);
#1217 = ORIENTED_EDGE('',*,*,#1132,.T.);
#1218 = ORIENTED_EDGE('',*,*,#1172,.T.);
#1219 = ORIENTED_EDGE('',*,*,#1220,.T.);
#1220 = EDGE_CURVE('',#1165,#997,#1221,.T.);
#1221 = LINE('',#1222,#1223);
#1222 = CARTESIAN_POINT('',(0.5,0.4,0.47));
#1223 = VECTOR('',#1224,1.);
#1224 = DIRECTION('',(-1.,0.,0.));
#1225 = PLANE('',#1226);
#1226 = AXIS2_PLACEMENT_3D('',#1227,#1228,#1229);
#1227 = CARTESIAN_POINT('',(-8.772411109409E-18,0.4,0.775044128294));
#1228 = DIRECTION('',(0.,1.,0.));
#1229 = DIRECTION('',(0.,-0.,1.));
#1230 = ADVANCED_FACE('',(#1231),#1258,.T.);
#1231 = FACE_BOUND('',#1232,.T.);
#1232 = EDGE_LOOP('',(#1233,#1242,#1250,#1257));
#1233 = ORIENTED_EDGE('',*,*,#1234,.F.);
#1234 = EDGE_CURVE('',#1235,#999,#1237,.T.);
#1235 = VERTEX_POINT('',#1236);
#1236 = CARTESIAN_POINT('',(-0.53,0.3,0.5));
#1237 = CIRCLE('',#1238,3.E-02);
#1238 = AXIS2_PLACEMENT_3D('',#1239,#1240,#1241);
#1239 = CARTESIAN_POINT('',(-0.53,0.3,0.47));
#1240 = DIRECTION('',(-0.,1.,0.));
#1241 = DIRECTION('',(1.,0.,0.));
#1242 = ORIENTED_EDGE('',*,*,#1243,.F.);
#1243 = EDGE_CURVE('',#1244,#1235,#1246,.T.);
#1244 = VERTEX_POINT('',#1245);
#1245 = CARTESIAN_POINT('',(-0.53,-0.3,0.5));
#1246 = LINE('',#1247,#1248);
#1247 = CARTESIAN_POINT('',(-0.53,-0.4,0.5));
#1248 = VECTOR('',#1249,1.);
#1249 = DIRECTION('',(0.,1.,0.));
#1250 = ORIENTED_EDGE('',*,*,#1251,.T.);
#1251 = EDGE_CURVE('',#1244,#1007,#1252,.T.);
#1252 = CIRCLE('',#1253,3.E-02);
#1253 = AXIS2_PLACEMENT_3D('',#1254,#1255,#1256);
#1254 = CARTESIAN_POINT('',(-0.53,-0.3,0.47));
#1255 = DIRECTION('',(-0.,1.,0.));
#1256 = DIRECTION('',(1.,0.,0.));
#1257 = ORIENTED_EDGE('',*,*,#1006,.T.);
#1258 = CYLINDRICAL_SURFACE('',#1259,3.E-02);
#1259 = AXIS2_PLACEMENT_3D('',#1260,#1261,#1262);
#1260 = CARTESIAN_POINT('',(-0.53,-0.4,0.47));
#1261 = DIRECTION('',(0.,1.,0.));
#1262 = DIRECTION('',(1.,0.,0.));
#1263 = ADVANCED_FACE('',(#1264),#1282,.T.);
#1264 = FACE_BOUND('',#1265,.T.);
#1265 = EDGE_LOOP('',(#1266,#1274,#1275,#1276));
#1266 = ORIENTED_EDGE('',*,*,#1267,.F.);
#1267 = EDGE_CURVE('',#1062,#1268,#1270,.T.);
#1268 = VERTEX_POINT('',#1269);
#1269 = CARTESIAN_POINT('',(-0.725,-0.3,0.47));
#1270 = LINE('',#1271,#1272);
#1271 = CARTESIAN_POINT('',(-0.725,-0.35,0.47));
#1272 = VECTOR('',#1273,1.);
#1273 = DIRECTION('',(0.,1.,0.));
#1274 = ORIENTED_EDGE('',*,*,#1069,.T.);
#1275 = ORIENTED_EDGE('',*,*,#1014,.F.);
#1276 = ORIENTED_EDGE('',*,*,#1277,.F.);
#1277 = EDGE_CURVE('',#1268,#1007,#1278,.T.);
#1278 = LINE('',#1279,#1280);
#1279 = CARTESIAN_POINT('',(-2.25E-02,-0.3,0.47));
#1280 = VECTOR('',#1281,1.);
#1281 = DIRECTION('',(1.,0.,0.));
#1282 = PLANE('',#1283);
#1283 = AXIS2_PLACEMENT_3D('',#1284,#1285,#1286);
#1284 = CARTESIAN_POINT('',(-0.77,-0.4,0.47));
#1285 = DIRECTION('',(0.,0.,1.));
#1286 = DIRECTION('',(1.,0.,-0.));
#1287 = ADVANCED_FACE('',(#1288),#1349,.F.);
#1288 = FACE_BOUND('',#1289,.F.);
#1289 = EDGE_LOOP('',(#1290,#1300,#1309,#1317,#1326,#1334,#1340,#1341,
    #1342,#1343));
#1290 = ORIENTED_EDGE('',*,*,#1291,.F.);
#1291 = EDGE_CURVE('',#1292,#1294,#1296,.T.);
#1292 = VERTEX_POINT('',#1293);
#1293 = CARTESIAN_POINT('',(-0.77,-0.4,-3.469446951954E-18));
#1294 = VERTEX_POINT('',#1295);
#1295 = CARTESIAN_POINT('',(-0.725,-0.4,0.));
#1296 = LINE('',#1297,#1298);
#1297 = CARTESIAN_POINT('',(-0.8,-0.4,0.));
#1298 = VECTOR('',#1299,1.);
#1299 = DIRECTION('',(1.,0.,0.));
#1300 = ORIENTED_EDGE('',*,*,#1301,.F.);
#1301 = EDGE_CURVE('',#1302,#1292,#1304,.T.);
#1302 = VERTEX_POINT('',#1303);
#1303 = CARTESIAN_POINT('',(-0.8,-0.4,3.E-02));
#1304 = CIRCLE('',#1305,3.E-02);
#1305 = AXIS2_PLACEMENT_3D('',#1306,#1307,#1308);
#1306 = CARTESIAN_POINT('',(-0.77,-0.4,3.E-02));
#1307 = DIRECTION('',(0.,-1.,0.));
#1308 = DIRECTION('',(0.,0.,1.));
#1309 = ORIENTED_EDGE('',*,*,#1310,.T.);
#1310 = EDGE_CURVE('',#1302,#1311,#1313,.T.);
#1311 = VERTEX_POINT('',#1312);
#1312 = CARTESIAN_POINT('',(-0.8,-0.4,0.47));
#1313 = LINE('',#1314,#1315);
#1314 = CARTESIAN_POINT('',(-0.8,-0.4,0.));
#1315 = VECTOR('',#1316,1.);
#1316 = DIRECTION('',(0.,0.,1.));
#1317 = ORIENTED_EDGE('',*,*,#1318,.T.);
#1318 = EDGE_CURVE('',#1311,#1319,#1321,.T.);
#1319 = VERTEX_POINT('',#1320);
#1320 = CARTESIAN_POINT('',(-0.77,-0.4,0.5));
#1321 = CIRCLE('',#1322,3.E-02);
#1322 = AXIS2_PLACEMENT_3D('',#1323,#1324,#1325);
#1323 = CARTESIAN_POINT('',(-0.77,-0.4,0.47));
#1324 = DIRECTION('',(0.,1.,0.));
#1325 = DIRECTION('',(0.,-0.,1.));
#1326 = ORIENTED_EDGE('',*,*,#1327,.T.);
#1327 = EDGE_CURVE('',#1319,#1328,#1330,.T.);
#1328 = VERTEX_POINT('',#1329);
#1329 = CARTESIAN_POINT('',(-0.725,-0.4,0.5));
#1330 = LINE('',#1331,#1332);
#1331 = CARTESIAN_POINT('',(-0.8,-0.4,0.5));
#1332 = VECTOR('',#1333,1.);
#1333 = DIRECTION('',(1.,0.,0.));
#1334 = ORIENTED_EDGE('',*,*,#1335,.F.);
#1335 = EDGE_CURVE('',#1062,#1328,#1336,.T.);
#1336 = LINE('',#1337,#1338);
#1337 = CARTESIAN_POINT('',(-0.725,-0.4,0.375));
#1338 = VECTOR('',#1339,1.);
#1339 = DIRECTION('',(0.,0.,1.));
#1340 = ORIENTED_EDGE('',*,*,#1061,.F.);
#1341 = ORIENTED_EDGE('',*,*,#1053,.F.);
#1342 = ORIENTED_EDGE('',*,*,#1043,.T.);
#1343 = ORIENTED_EDGE('',*,*,#1344,.F.);
#1344 = EDGE_CURVE('',#1294,#1046,#1345,.T.);
#1345 = LINE('',#1346,#1347);
#1346 = CARTESIAN_POINT('',(-0.725,-0.4,0.375));
#1347 = VECTOR('',#1348,1.);
#1348 = DIRECTION('',(0.,0.,1.));
#1349 = PLANE('',#1350);
#1350 = AXIS2_PLACEMENT_3D('',#1351,#1352,#1353);
#1351 = CARTESIAN_POINT('',(-0.8,-0.4,0.));
#1352 = DIRECTION('',(0.,1.,0.));
#1353 = DIRECTION('',(0.,-0.,1.));
#1354 = ADVANCED_FACE('',(#1355,#1444),#1470,.F.);
#1355 = FACE_BOUND('',#1356,.F.);
#1356 = EDGE_LOOP('',(#1357,#1365,#1366,#1374,#1382,#1390,#1398,#1406,
    #1414,#1422,#1430,#1438));
#1357 = ORIENTED_EDGE('',*,*,#1358,.F.);
#1358 = EDGE_CURVE('',#1046,#1359,#1361,.T.);
#1359 = VERTEX_POINT('',#1360);
#1360 = CARTESIAN_POINT('',(-0.725,-0.3,3.E-02));
#1361 = LINE('',#1362,#1363);
#1362 = CARTESIAN_POINT('',(-0.725,-0.35,3.E-02));
#1363 = VECTOR('',#1364,1.);
#1364 = DIRECTION('',(0.,1.,0.));
#1365 = ORIENTED_EDGE('',*,*,#1108,.T.);
#1366 = ORIENTED_EDGE('',*,*,#1367,.F.);
#1367 = EDGE_CURVE('',#1368,#1101,#1370,.T.);
#1368 = VERTEX_POINT('',#1369);
#1369 = CARTESIAN_POINT('',(0.725,-0.3,3.E-02));
#1370 = LINE('',#1371,#1372);
#1371 = CARTESIAN_POINT('',(0.725,-0.45,3.E-02));
#1372 = VECTOR('',#1373,1.);
#1373 = DIRECTION('',(0.,-1.,0.));
#1374 = ORIENTED_EDGE('',*,*,#1375,.F.);
#1375 = EDGE_CURVE('',#1376,#1368,#1378,.T.);
#1376 = VERTEX_POINT('',#1377);
#1377 = CARTESIAN_POINT('',(0.5,-0.3,3.E-02));
#1378 = LINE('',#1379,#1380);
#1379 = CARTESIAN_POINT('',(-2.25E-02,-0.3,3.E-02));
#1380 = VECTOR('',#1381,1.);
#1381 = DIRECTION('',(1.,0.,0.));
#1382 = ORIENTED_EDGE('',*,*,#1383,.T.);
#1383 = EDGE_CURVE('',#1376,#1384,#1386,.T.);
#1384 = VERTEX_POINT('',#1385);
#1385 = CARTESIAN_POINT('',(0.5,0.3,3.E-02));
#1386 = LINE('',#1387,#1388);
#1387 = CARTESIAN_POINT('',(0.5,-0.4,3.E-02));
#1388 = VECTOR('',#1389,1.);
#1389 = DIRECTION('',(0.,1.,0.));
#1390 = ORIENTED_EDGE('',*,*,#1391,.F.);
#1391 = EDGE_CURVE('',#1392,#1384,#1394,.T.);
#1392 = VERTEX_POINT('',#1393);
#1393 = CARTESIAN_POINT('',(0.725,0.3,3.E-02));
#1394 = LINE('',#1395,#1396);
#1395 = CARTESIAN_POINT('',(-0.7475,0.3,3.E-02));
#1396 = VECTOR('',#1397,1.);
#1397 = DIRECTION('',(-1.,0.,0.));
#1398 = ORIENTED_EDGE('',*,*,#1399,.F.);
#1399 = EDGE_CURVE('',#1400,#1392,#1402,.T.);
#1400 = VERTEX_POINT('',#1401);
#1401 = CARTESIAN_POINT('',(0.725,0.4,3.E-02));
#1402 = LINE('',#1403,#1404);
#1403 = CARTESIAN_POINT('',(0.725,-5.E-02,3.E-02));
#1404 = VECTOR('',#1405,1.);
#1405 = DIRECTION('',(0.,-1.,0.));
#1406 = ORIENTED_EDGE('',*,*,#1407,.F.);
#1407 = EDGE_CURVE('',#1408,#1400,#1410,.T.);
#1408 = VERTEX_POINT('',#1409);
#1409 = CARTESIAN_POINT('',(-0.725,0.4,3.E-02));
#1410 = LINE('',#1411,#1412);
#1411 = CARTESIAN_POINT('',(-0.77,0.4,3.E-02));
#1412 = VECTOR('',#1413,1.);
#1413 = DIRECTION('',(1.,0.,0.));
#1414 = ORIENTED_EDGE('',*,*,#1415,.F.);
#1415 = EDGE_CURVE('',#1416,#1408,#1418,.T.);
#1416 = VERTEX_POINT('',#1417);
#1417 = CARTESIAN_POINT('',(-0.725,0.3,3.E-02));
#1418 = LINE('',#1419,#1420);
#1419 = CARTESIAN_POINT('',(-0.725,5.E-02,3.E-02));
#1420 = VECTOR('',#1421,1.);
#1421 = DIRECTION('',(0.,1.,0.));
#1422 = ORIENTED_EDGE('',*,*,#1423,.F.);
#1423 = EDGE_CURVE('',#1424,#1416,#1426,.T.);
#1424 = VERTEX_POINT('',#1425);
#1425 = CARTESIAN_POINT('',(-0.5,0.3,3.E-02));
#1426 = LINE('',#1427,#1428);
#1427 = CARTESIAN_POINT('',(-0.7475,0.3,3.E-02));
#1428 = VECTOR('',#1429,1.);
#1429 = DIRECTION('',(-1.,0.,0.));
#1430 = ORIENTED_EDGE('',*,*,#1431,.F.);
#1431 = EDGE_CURVE('',#1432,#1424,#1434,.T.);
#1432 = VERTEX_POINT('',#1433);
#1433 = CARTESIAN_POINT('',(-0.5,-0.3,3.E-02));
#1434 = LINE('',#1435,#1436);
#1435 = CARTESIAN_POINT('',(-0.5,-0.4,3.E-02));
#1436 = VECTOR('',#1437,1.);
#1437 = DIRECTION('',(0.,1.,0.));
#1438 = ORIENTED_EDGE('',*,*,#1439,.F.);
#1439 = EDGE_CURVE('',#1359,#1432,#1440,.T.);
#1440 = LINE('',#1441,#1442);
#1441 = CARTESIAN_POINT('',(-2.25E-02,-0.3,3.E-02));
#1442 = VECTOR('',#1443,1.);
#1443 = DIRECTION('',(1.,0.,0.));
#1444 = FACE_BOUND('',#1445,.F.);
#1445 = EDGE_LOOP('',(#1446,#1456,#1464));
#1446 = ORIENTED_EDGE('',*,*,#1447,.T.);
#1447 = EDGE_CURVE('',#1448,#1450,#1452,.T.);
#1448 = VERTEX_POINT('',#1449);
#1449 = CARTESIAN_POINT('',(0.277128129211,0.32,3.E-02));
#1450 = VERTEX_POINT('',#1451);
#1451 = CARTESIAN_POINT('',(0.277128129211,-0.32,3.E-02));
#1452 = LINE('',#1453,#1454);
#1453 = CARTESIAN_POINT('',(0.277128129211,0.32,3.E-02));
#1454 = VECTOR('',#1455,1.);
#1455 = DIRECTION('',(0.,-1.,0.));
#1456 = ORIENTED_EDGE('',*,*,#1457,.T.);
#1457 = EDGE_CURVE('',#1450,#1458,#1460,.T.);
#1458 = VERTEX_POINT('',#1459);
#1459 = CARTESIAN_POINT('',(-0.277128129211,0.,3.E-02));
#1460 = LINE('',#1461,#1462);
#1461 = CARTESIAN_POINT('',(0.277128129211,-0.32,3.E-02));
#1462 = VECTOR('',#1463,1.);
#1463 = DIRECTION('',(-0.866025403784,0.5,0.));
#1464 = ORIENTED_EDGE('',*,*,#1465,.T.);
#1465 = EDGE_CURVE('',#1458,#1448,#1466,.T.);
#1466 = LINE('',#1467,#1468);
#1467 = CARTESIAN_POINT('',(-0.277128129211,0.,3.E-02));
#1468 = VECTOR('',#1469,1.);
#1469 = DIRECTION('',(0.866025403784,0.5,0.));
#1470 = PLANE('',#1471);
#1471 = AXIS2_PLACEMENT_3D('',#1472,#1473,#1474);
#1472 = CARTESIAN_POINT('',(-0.77,-0.4,3.E-02));
#1473 = DIRECTION('',(0.,0.,1.));
#1474 = DIRECTION('',(1.,0.,-0.));
#1475 = ADVANCED_FACE('',(#1476),#1537,.F.);
#1476 = FACE_BOUND('',#1477,.F.);
#1477 = EDGE_LOOP('',(#1478,#1488,#1494,#1495,#1496,#1497,#1505,#1513,
    #1522,#1530));
#1478 = ORIENTED_EDGE('',*,*,#1479,.F.);
#1479 = EDGE_CURVE('',#1480,#1482,#1484,.T.);
#1480 = VERTEX_POINT('',#1481);
#1481 = CARTESIAN_POINT('',(0.725,-0.4,0.));
#1482 = VERTEX_POINT('',#1483);
#1483 = CARTESIAN_POINT('',(0.77,-0.4,-3.469446951954E-18));
#1484 = LINE('',#1485,#1486);
#1485 = CARTESIAN_POINT('',(0.5,-0.4,0.));
#1486 = VECTOR('',#1487,1.);
#1487 = DIRECTION('',(1.,0.,0.));
#1488 = ORIENTED_EDGE('',*,*,#1489,.F.);
#1489 = EDGE_CURVE('',#1101,#1480,#1490,.T.);
#1490 = LINE('',#1491,#1492);
#1491 = CARTESIAN_POINT('',(0.725,-0.4,0.375));
#1492 = VECTOR('',#1493,1.);
#1493 = DIRECTION('',(0.,0.,-1.));
#1494 = ORIENTED_EDGE('',*,*,#1100,.T.);
#1495 = ORIENTED_EDGE('',*,*,#1092,.T.);
#1496 = ORIENTED_EDGE('',*,*,#1084,.F.);
#1497 = ORIENTED_EDGE('',*,*,#1498,.F.);
#1498 = EDGE_CURVE('',#1499,#1077,#1501,.T.);
#1499 = VERTEX_POINT('',#1500);
#1500 = CARTESIAN_POINT('',(0.725,-0.4,0.5));
#1501 = LINE('',#1502,#1503);
#1502 = CARTESIAN_POINT('',(0.725,-0.4,0.375));
#1503 = VECTOR('',#1504,1.);
#1504 = DIRECTION('',(0.,0.,-1.));
#1505 = ORIENTED_EDGE('',*,*,#1506,.T.);
#1506 = EDGE_CURVE('',#1499,#1507,#1509,.T.);
#1507 = VERTEX_POINT('',#1508);
#1508 = CARTESIAN_POINT('',(0.77,-0.4,0.5));
#1509 = LINE('',#1510,#1511);
#1510 = CARTESIAN_POINT('',(0.5,-0.4,0.5));
#1511 = VECTOR('',#1512,1.);
#1512 = DIRECTION('',(1.,0.,0.));
#1513 = ORIENTED_EDGE('',*,*,#1514,.F.);
#1514 = EDGE_CURVE('',#1515,#1507,#1517,.T.);
#1515 = VERTEX_POINT('',#1516);
#1516 = CARTESIAN_POINT('',(0.8,-0.4,0.47));
#1517 = CIRCLE('',#1518,3.E-02);
#1518 = AXIS2_PLACEMENT_3D('',#1519,#1520,#1521);
#1519 = CARTESIAN_POINT('',(0.77,-0.4,0.47));
#1520 = DIRECTION('',(0.,-1.,0.));
#1521 = DIRECTION('',(0.,0.,1.));
#1522 = ORIENTED_EDGE('',*,*,#1523,.F.);
#1523 = EDGE_CURVE('',#1524,#1515,#1526,.T.);
#1524 = VERTEX_POINT('',#1525);
#1525 = CARTESIAN_POINT('',(0.8,-0.4,3.E-02));
#1526 = LINE('',#1527,#1528);
#1527 = CARTESIAN_POINT('',(0.8,-0.4,0.));
#1528 = VECTOR('',#1529,1.);
#1529 = DIRECTION('',(0.,0.,1.));
#1530 = ORIENTED_EDGE('',*,*,#1531,.T.);
#1531 = EDGE_CURVE('',#1524,#1482,#1532,.T.);
#1532 = CIRCLE('',#1533,3.E-02);
#1533 = AXIS2_PLACEMENT_3D('',#1534,#1535,#1536);
#1534 = CARTESIAN_POINT('',(0.77,-0.4,3.E-02));
#1535 = DIRECTION('',(0.,1.,0.));
#1536 = DIRECTION('',(0.,-0.,1.));
#1537 = PLANE('',#1538);
#1538 = AXIS2_PLACEMENT_3D('',#1539,#1540,#1541);
#1539 = CARTESIAN_POINT('',(0.5,-0.4,0.));
#1540 = DIRECTION('',(0.,1.,0.));
#1541 = DIRECTION('',(0.,-0.,1.));
#1542 = ADVANCED_FACE('',(#1543),#1561,.T.);
#1543 = FACE_BOUND('',#1544,.T.);
#1544 = EDGE_LOOP('',(#1545,#1553,#1554,#1555));
#1545 = ORIENTED_EDGE('',*,*,#1546,.F.);
#1546 = EDGE_CURVE('',#1149,#1547,#1549,.T.);
#1547 = VERTEX_POINT('',#1548);
#1548 = CARTESIAN_POINT('',(0.725,-0.3,0.47));
#1549 = LINE('',#1550,#1551);
#1550 = CARTESIAN_POINT('',(-2.25E-02,-0.3,0.47));
#1551 = VECTOR('',#1552,1.);
#1552 = DIRECTION('',(1.,0.,0.));
#1553 = ORIENTED_EDGE('',*,*,#1148,.T.);
#1554 = ORIENTED_EDGE('',*,*,#1076,.T.);
#1555 = ORIENTED_EDGE('',*,*,#1556,.F.);
#1556 = EDGE_CURVE('',#1547,#1077,#1557,.T.);
#1557 = LINE('',#1558,#1559);
#1558 = CARTESIAN_POINT('',(0.725,-0.45,0.47));
#1559 = VECTOR('',#1560,1.);
#1560 = DIRECTION('',(0.,-1.,0.));
#1561 = PLANE('',#1562);
#1562 = AXIS2_PLACEMENT_3D('',#1563,#1564,#1565);
#1563 = CARTESIAN_POINT('',(-0.77,-0.4,0.47));
#1564 = DIRECTION('',(0.,0.,1.));
#1565 = DIRECTION('',(1.,0.,-0.));
#1566 = ADVANCED_FACE('',(#1567),#1592,.T.);
#1567 = FACE_BOUND('',#1568,.T.);
#1568 = EDGE_LOOP('',(#1569,#1577,#1578,#1586));
#1569 = ORIENTED_EDGE('',*,*,#1570,.F.);
#1570 = EDGE_CURVE('',#1165,#1571,#1573,.T.);
#1571 = VERTEX_POINT('',#1572);
#1572 = CARTESIAN_POINT('',(0.725,0.4,0.47));
#1573 = LINE('',#1574,#1575);
#1574 = CARTESIAN_POINT('',(-0.77,0.4,0.47));
#1575 = VECTOR('',#1576,1.);
#1576 = DIRECTION('',(1.,0.,0.));
#1577 = ORIENTED_EDGE('',*,*,#1164,.T.);
#1578 = ORIENTED_EDGE('',*,*,#1579,.F.);
#1579 = EDGE_CURVE('',#1580,#1157,#1582,.T.);
#1580 = VERTEX_POINT('',#1581);
#1581 = CARTESIAN_POINT('',(0.725,0.3,0.47));
#1582 = LINE('',#1583,#1584);
#1583 = CARTESIAN_POINT('',(-0.7475,0.3,0.47));
#1584 = VECTOR('',#1585,1.);
#1585 = DIRECTION('',(-1.,0.,0.));
#1586 = ORIENTED_EDGE('',*,*,#1587,.F.);
#1587 = EDGE_CURVE('',#1571,#1580,#1588,.T.);
#1588 = LINE('',#1589,#1590);
#1589 = CARTESIAN_POINT('',(0.725,-5.E-02,0.47));
#1590 = VECTOR('',#1591,1.);
#1591 = DIRECTION('',(0.,-1.,0.));
#1592 = PLANE('',#1593);
#1593 = AXIS2_PLACEMENT_3D('',#1594,#1595,#1596);
#1594 = CARTESIAN_POINT('',(-0.77,-0.4,0.47));
#1595 = DIRECTION('',(0.,0.,1.));
#1596 = DIRECTION('',(1.,0.,-0.));
#1597 = ADVANCED_FACE('',(#1598),#1625,.T.);
#1598 = FACE_BOUND('',#1599,.T.);
#1599 = EDGE_LOOP('',(#1600,#1601,#1610,#1618));
#1600 = ORIENTED_EDGE('',*,*,#1156,.F.);
#1601 = ORIENTED_EDGE('',*,*,#1602,.T.);
#1602 = EDGE_CURVE('',#1149,#1603,#1605,.T.);
#1603 = VERTEX_POINT('',#1604);
#1604 = CARTESIAN_POINT('',(0.53,-0.3,0.5));
#1605 = CIRCLE('',#1606,3.E-02);
#1606 = AXIS2_PLACEMENT_3D('',#1607,#1608,#1609);
#1607 = CARTESIAN_POINT('',(0.53,-0.3,0.47));
#1608 = DIRECTION('',(0.,1.,-0.));
#1609 = DIRECTION('',(-1.,0.,0.));
#1610 = ORIENTED_EDGE('',*,*,#1611,.T.);
#1611 = EDGE_CURVE('',#1603,#1612,#1614,.T.);
#1612 = VERTEX_POINT('',#1613);
#1613 = CARTESIAN_POINT('',(0.53,0.3,0.5));
#1614 = LINE('',#1615,#1616);
#1615 = CARTESIAN_POINT('',(0.53,-0.4,0.5));
#1616 = VECTOR('',#1617,1.);
#1617 = DIRECTION('',(0.,1.,0.));
#1618 = ORIENTED_EDGE('',*,*,#1619,.F.);
#1619 = EDGE_CURVE('',#1157,#1612,#1620,.T.);
#1620 = CIRCLE('',#1621,3.E-02);
#1621 = AXIS2_PLACEMENT_3D('',#1622,#1623,#1624);
#1622 = CARTESIAN_POINT('',(0.53,0.3,0.47));
#1623 = DIRECTION('',(0.,1.,-0.));
#1624 = DIRECTION('',(-1.,0.,0.));
#1625 = CYLINDRICAL_SURFACE('',#1626,3.E-02);
#1626 = AXIS2_PLACEMENT_3D('',#1627,#1628,#1629);
#1627 = CARTESIAN_POINT('',(0.53,-0.4,0.47));
#1628 = DIRECTION('',(0.,1.,0.));
#1629 = DIRECTION('',(-1.,0.,0.));
#1630 = ADVANCED_FACE('',(#1631),#1681,.T.);
#1631 = FACE_BOUND('',#1632,.T.);
#1632 = EDGE_LOOP('',(#1633,#1641,#1649,#1655,#1656,#1657,#1658,#1666,
    #1674,#1680));
#1633 = ORIENTED_EDGE('',*,*,#1634,.F.);
#1634 = EDGE_CURVE('',#1635,#1408,#1637,.T.);
#1635 = VERTEX_POINT('',#1636);
#1636 = CARTESIAN_POINT('',(-0.77,0.4,3.E-02));
#1637 = LINE('',#1638,#1639);
#1638 = CARTESIAN_POINT('',(-0.77,0.4,3.E-02));
#1639 = VECTOR('',#1640,1.);
#1640 = DIRECTION('',(1.,0.,0.));
#1641 = ORIENTED_EDGE('',*,*,#1642,.T.);
#1642 = EDGE_CURVE('',#1635,#1643,#1645,.T.);
#1643 = VERTEX_POINT('',#1644);
#1644 = CARTESIAN_POINT('',(-0.77,0.4,0.47));
#1645 = LINE('',#1646,#1647);
#1646 = CARTESIAN_POINT('',(-0.77,0.4,3.E-02));
#1647 = VECTOR('',#1648,1.);
#1648 = DIRECTION('',(0.,0.,1.));
#1649 = ORIENTED_EDGE('',*,*,#1650,.T.);
#1650 = EDGE_CURVE('',#1643,#1187,#1651,.T.);
#1651 = LINE('',#1652,#1653);
#1652 = CARTESIAN_POINT('',(-0.77,0.4,0.47));
#1653 = VECTOR('',#1654,1.);
#1654 = DIRECTION('',(1.,0.,0.));
#1655 = ORIENTED_EDGE('',*,*,#1186,.T.);
#1656 = ORIENTED_EDGE('',*,*,#1220,.F.);
#1657 = ORIENTED_EDGE('',*,*,#1570,.T.);
#1658 = ORIENTED_EDGE('',*,*,#1659,.T.);
#1659 = EDGE_CURVE('',#1571,#1660,#1662,.T.);
#1660 = VERTEX_POINT('',#1661);
#1661 = CARTESIAN_POINT('',(0.77,0.4,0.47));
#1662 = LINE('',#1663,#1664);
#1663 = CARTESIAN_POINT('',(-0.77,0.4,0.47));
#1664 = VECTOR('',#1665,1.);
#1665 = DIRECTION('',(1.,0.,0.));
#1666 = ORIENTED_EDGE('',*,*,#1667,.F.);
#1667 = EDGE_CURVE('',#1668,#1660,#1670,.T.);
#1668 = VERTEX_POINT('',#1669);
#1669 = CARTESIAN_POINT('',(0.77,0.4,3.E-02));
#1670 = LINE('',#1671,#1672);
#1671 = CARTESIAN_POINT('',(0.77,0.4,3.E-02));
#1672 = VECTOR('',#1673,1.);
#1673 = DIRECTION('',(0.,0.,1.));
#1674 = ORIENTED_EDGE('',*,*,#1675,.F.);
#1675 = EDGE_CURVE('',#1400,#1668,#1676,.T.);
#1676 = LINE('',#1677,#1678);
#1677 = CARTESIAN_POINT('',(-0.77,0.4,3.E-02));
#1678 = VECTOR('',#1679,1.);
#1679 = DIRECTION('',(1.,0.,0.));
#1680 = ORIENTED_EDGE('',*,*,#1407,.F.);
#1681 = PLANE('',#1682);
#1682 = AXIS2_PLACEMENT_3D('',#1683,#1684,#1685);
#1683 = CARTESIAN_POINT('',(-0.77,0.4,3.E-02));
#1684 = DIRECTION('',(0.,1.,0.));
#1685 = DIRECTION('',(0.,-0.,1.));
#1686 = ADVANCED_FACE('',(#1687),#1705,.F.);
#1687 = FACE_BOUND('',#1688,.F.);
#1688 = EDGE_LOOP('',(#1689,#1697,#1703,#1704));
#1689 = ORIENTED_EDGE('',*,*,#1690,.F.);
#1690 = EDGE_CURVE('',#1691,#1235,#1693,.T.);
#1691 = VERTEX_POINT('',#1692);
#1692 = CARTESIAN_POINT('',(-0.725,0.3,0.5));
#1693 = LINE('',#1694,#1695);
#1694 = CARTESIAN_POINT('',(-0.7625,0.3,0.5));
#1695 = VECTOR('',#1696,1.);
#1696 = DIRECTION('',(1.,0.,0.));
#1697 = ORIENTED_EDGE('',*,*,#1698,.T.);
#1698 = EDGE_CURVE('',#1691,#1195,#1699,.T.);
#1699 = LINE('',#1700,#1701);
#1700 = CARTESIAN_POINT('',(-0.725,0.3,0.75));
#1701 = VECTOR('',#1702,1.);
#1702 = DIRECTION('',(-0.,-0.,-1.));
#1703 = ORIENTED_EDGE('',*,*,#1202,.F.);
#1704 = ORIENTED_EDGE('',*,*,#1234,.F.);
#1705 = PLANE('',#1706);
#1706 = AXIS2_PLACEMENT_3D('',#1707,#1708,#1709);
#1707 = CARTESIAN_POINT('',(-0.725,0.3,0.75));
#1708 = DIRECTION('',(0.,-1.,0.));
#1709 = DIRECTION('',(1.,0.,0.));
#1710 = ADVANCED_FACE('',(#1711),#1729,.F.);
#1711 = FACE_BOUND('',#1712,.F.);
#1712 = EDGE_LOOP('',(#1713,#1714,#1722,#1728));
#1713 = ORIENTED_EDGE('',*,*,#1698,.F.);
#1714 = ORIENTED_EDGE('',*,*,#1715,.F.);
#1715 = EDGE_CURVE('',#1716,#1691,#1718,.T.);
#1716 = VERTEX_POINT('',#1717);
#1717 = CARTESIAN_POINT('',(-0.725,0.4,0.5));
#1718 = LINE('',#1719,#1720);
#1719 = CARTESIAN_POINT('',(-0.725,5.E-02,0.5));
#1720 = VECTOR('',#1721,1.);
#1721 = DIRECTION('',(0.,-1.,0.));
#1722 = ORIENTED_EDGE('',*,*,#1723,.F.);
#1723 = EDGE_CURVE('',#1187,#1716,#1724,.T.);
#1724 = LINE('',#1725,#1726);
#1725 = CARTESIAN_POINT('',(-0.725,0.4,0.375));
#1726 = VECTOR('',#1727,1.);
#1727 = DIRECTION('',(0.,0.,1.));
#1728 = ORIENTED_EDGE('',*,*,#1194,.F.);
#1729 = PLANE('',#1730);
#1730 = AXIS2_PLACEMENT_3D('',#1731,#1732,#1733);
#1731 = CARTESIAN_POINT('',(-0.725,0.5,0.75));
#1732 = DIRECTION('',(-1.,0.,0.));
#1733 = DIRECTION('',(0.,-1.,0.));
#1734 = ADVANCED_FACE('',(#1735),#1753,.F.);
#1735 = FACE_BOUND('',#1736,.F.);
#1736 = EDGE_LOOP('',(#1737,#1745,#1751,#1752));
#1737 = ORIENTED_EDGE('',*,*,#1738,.F.);
#1738 = EDGE_CURVE('',#1739,#1268,#1741,.T.);
#1739 = VERTEX_POINT('',#1740);
#1740 = CARTESIAN_POINT('',(-0.725,-0.3,0.5));
#1741 = LINE('',#1742,#1743);
#1742 = CARTESIAN_POINT('',(-0.725,-0.3,0.75));
#1743 = VECTOR('',#1744,1.);
#1744 = DIRECTION('',(-0.,-0.,-1.));
#1745 = ORIENTED_EDGE('',*,*,#1746,.F.);
#1746 = EDGE_CURVE('',#1244,#1739,#1747,.T.);
#1747 = LINE('',#1748,#1749);
#1748 = CARTESIAN_POINT('',(-3.75E-02,-0.3,0.5));
#1749 = VECTOR('',#1750,1.);
#1750 = DIRECTION('',(-1.,0.,0.));
#1751 = ORIENTED_EDGE('',*,*,#1251,.T.);
#1752 = ORIENTED_EDGE('',*,*,#1277,.F.);
#1753 = PLANE('',#1754);
#1754 = AXIS2_PLACEMENT_3D('',#1755,#1756,#1757);
#1755 = CARTESIAN_POINT('',(0.725,-0.3,0.75));
#1756 = DIRECTION('',(0.,1.,0.));
#1757 = DIRECTION('',(-1.,0.,0.));
#1758 = ADVANCED_FACE('',(#1759),#1786,.T.);
#1759 = FACE_BOUND('',#1760,.T.);
#1760 = EDGE_LOOP('',(#1761,#1769,#1775,#1776,#1782,#1783,#1784,#1785));
#1761 = ORIENTED_EDGE('',*,*,#1762,.F.);
#1762 = EDGE_CURVE('',#1763,#1716,#1765,.T.);
#1763 = VERTEX_POINT('',#1764);
#1764 = CARTESIAN_POINT('',(-0.77,0.4,0.5));
#1765 = LINE('',#1766,#1767);
#1766 = CARTESIAN_POINT('',(-0.8,0.4,0.5));
#1767 = VECTOR('',#1768,1.);
#1768 = DIRECTION('',(1.,0.,0.));
#1769 = ORIENTED_EDGE('',*,*,#1770,.F.);
#1770 = EDGE_CURVE('',#1319,#1763,#1771,.T.);
#1771 = LINE('',#1772,#1773);
#1772 = CARTESIAN_POINT('',(-0.77,-0.4,0.5));
#1773 = VECTOR('',#1774,1.);
#1774 = DIRECTION('',(0.,1.,0.));
#1775 = ORIENTED_EDGE('',*,*,#1327,.T.);
#1776 = ORIENTED_EDGE('',*,*,#1777,.F.);
#1777 = EDGE_CURVE('',#1739,#1328,#1778,.T.);
#1778 = LINE('',#1779,#1780);
#1779 = CARTESIAN_POINT('',(-0.725,-0.35,0.5));
#1780 = VECTOR('',#1781,1.);
#1781 = DIRECTION('',(0.,-1.,0.));
#1782 = ORIENTED_EDGE('',*,*,#1746,.F.);
#1783 = ORIENTED_EDGE('',*,*,#1243,.T.);
#1784 = ORIENTED_EDGE('',*,*,#1690,.F.);
#1785 = ORIENTED_EDGE('',*,*,#1715,.F.);
#1786 = PLANE('',#1787);
#1787 = AXIS2_PLACEMENT_3D('',#1788,#1789,#1790);
#1788 = CARTESIAN_POINT('',(-0.8,-0.4,0.5));
#1789 = DIRECTION('',(0.,0.,1.));
#1790 = DIRECTION('',(1.,0.,-0.));
#1791 = ADVANCED_FACE('',(#1792),#1798,.F.);
#1792 = FACE_BOUND('',#1793,.F.);
#1793 = EDGE_LOOP('',(#1794,#1795,#1796,#1797));
#1794 = ORIENTED_EDGE('',*,*,#1777,.F.);
#1795 = ORIENTED_EDGE('',*,*,#1738,.T.);
#1796 = ORIENTED_EDGE('',*,*,#1267,.F.);
#1797 = ORIENTED_EDGE('',*,*,#1335,.T.);
#1798 = PLANE('',#1799);
#1799 = AXIS2_PLACEMENT_3D('',#1800,#1801,#1802);
#1800 = CARTESIAN_POINT('',(-0.725,-0.3,0.75));
#1801 = DIRECTION('',(-1.,0.,0.));
#1802 = DIRECTION('',(0.,-1.,0.));
#1803 = ADVANCED_FACE('',(#1804),#1861,.F.);
#1804 = FACE_BOUND('',#1805,.F.);
#1805 = EDGE_LOOP('',(#1806,#1816,#1822,#1823,#1831,#1839,#1847,#1855));
#1806 = ORIENTED_EDGE('',*,*,#1807,.F.);
#1807 = EDGE_CURVE('',#1808,#1810,#1812,.T.);
#1808 = VERTEX_POINT('',#1809);
#1809 = CARTESIAN_POINT('',(-0.77,0.4,-3.469446951954E-18));
#1810 = VERTEX_POINT('',#1811);
#1811 = CARTESIAN_POINT('',(-0.725,0.4,0.));
#1812 = LINE('',#1813,#1814);
#1813 = CARTESIAN_POINT('',(-0.8,0.4,0.));
#1814 = VECTOR('',#1815,1.);
#1815 = DIRECTION('',(1.,0.,0.));
#1816 = ORIENTED_EDGE('',*,*,#1817,.F.);
#1817 = EDGE_CURVE('',#1292,#1808,#1818,.T.);
#1818 = LINE('',#1819,#1820);
#1819 = CARTESIAN_POINT('',(-0.77,-0.4,-3.469446951954E-18));
#1820 = VECTOR('',#1821,1.);
#1821 = DIRECTION('',(0.,1.,0.));
#1822 = ORIENTED_EDGE('',*,*,#1291,.T.);
#1823 = ORIENTED_EDGE('',*,*,#1824,.F.);
#1824 = EDGE_CURVE('',#1825,#1294,#1827,.T.);
#1825 = VERTEX_POINT('',#1826);
#1826 = CARTESIAN_POINT('',(-0.725,-0.3,0.));
#1827 = LINE('',#1828,#1829);
#1828 = CARTESIAN_POINT('',(-0.725,-0.35,0.));
#1829 = VECTOR('',#1830,1.);
#1830 = DIRECTION('',(0.,-1.,0.));
#1831 = ORIENTED_EDGE('',*,*,#1832,.F.);
#1832 = EDGE_CURVE('',#1833,#1825,#1835,.T.);
#1833 = VERTEX_POINT('',#1834);
#1834 = CARTESIAN_POINT('',(-0.53,-0.3,-3.469446951954E-18));
#1835 = LINE('',#1836,#1837);
#1836 = CARTESIAN_POINT('',(-3.75E-02,-0.3,0.));
#1837 = VECTOR('',#1838,1.);
#1838 = DIRECTION('',(-1.,0.,0.));
#1839 = ORIENTED_EDGE('',*,*,#1840,.T.);
#1840 = EDGE_CURVE('',#1833,#1841,#1843,.T.);
#1841 = VERTEX_POINT('',#1842);
#1842 = CARTESIAN_POINT('',(-0.53,0.3,-3.469446951954E-18));
#1843 = LINE('',#1844,#1845);
#1844 = CARTESIAN_POINT('',(-0.53,-0.4,-3.469446951954E-18));
#1845 = VECTOR('',#1846,1.);
#1846 = DIRECTION('',(0.,1.,0.));
#1847 = ORIENTED_EDGE('',*,*,#1848,.F.);
#1848 = EDGE_CURVE('',#1849,#1841,#1851,.T.);
#1849 = VERTEX_POINT('',#1850);
#1850 = CARTESIAN_POINT('',(-0.725,0.3,0.));
#1851 = LINE('',#1852,#1853);
#1852 = CARTESIAN_POINT('',(-0.7625,0.3,0.));
#1853 = VECTOR('',#1854,1.);
#1854 = DIRECTION('',(1.,0.,0.));
#1855 = ORIENTED_EDGE('',*,*,#1856,.F.);
#1856 = EDGE_CURVE('',#1810,#1849,#1857,.T.);
#1857 = LINE('',#1858,#1859);
#1858 = CARTESIAN_POINT('',(-0.725,5.E-02,0.));
#1859 = VECTOR('',#1860,1.);
#1860 = DIRECTION('',(0.,-1.,0.));
#1861 = PLANE('',#1862);
#1862 = AXIS2_PLACEMENT_3D('',#1863,#1864,#1865);
#1863 = CARTESIAN_POINT('',(-0.8,-0.4,0.));
#1864 = DIRECTION('',(0.,0.,1.));
#1865 = DIRECTION('',(1.,0.,-0.));
#1866 = ADVANCED_FACE('',(#1867),#1886,.T.);
#1867 = FACE_BOUND('',#1868,.T.);
#1868 = EDGE_LOOP('',(#1869,#1877,#1884,#1885));
#1869 = ORIENTED_EDGE('',*,*,#1870,.T.);
#1870 = EDGE_CURVE('',#1302,#1871,#1873,.T.);
#1871 = VERTEX_POINT('',#1872);
#1872 = CARTESIAN_POINT('',(-0.8,0.4,3.E-02));
#1873 = LINE('',#1874,#1875);
#1874 = CARTESIAN_POINT('',(-0.8,-0.4,3.E-02));
#1875 = VECTOR('',#1876,1.);
#1876 = DIRECTION('',(0.,1.,0.));
#1877 = ORIENTED_EDGE('',*,*,#1878,.T.);
#1878 = EDGE_CURVE('',#1871,#1808,#1879,.T.);
#1879 = CIRCLE('',#1880,3.E-02);
#1880 = AXIS2_PLACEMENT_3D('',#1881,#1882,#1883);
#1881 = CARTESIAN_POINT('',(-0.77,0.4,3.E-02));
#1882 = DIRECTION('',(0.,-1.,0.));
#1883 = DIRECTION('',(0.,0.,1.));
#1884 = ORIENTED_EDGE('',*,*,#1817,.F.);
#1885 = ORIENTED_EDGE('',*,*,#1301,.F.);
#1886 = CYLINDRICAL_SURFACE('',#1887,3.E-02);
#1887 = AXIS2_PLACEMENT_3D('',#1888,#1889,#1890);
#1888 = CARTESIAN_POINT('',(-0.77,-0.4,3.E-02));
#1889 = DIRECTION('',(0.,1.,0.));
#1890 = DIRECTION('',(-1.,0.,0.));
#1891 = ADVANCED_FACE('',(#1892),#1903,.F.);
#1892 = FACE_BOUND('',#1893,.F.);
#1893 = EDGE_LOOP('',(#1894,#1895,#1901,#1902));
#1894 = ORIENTED_EDGE('',*,*,#1358,.T.);
#1895 = ORIENTED_EDGE('',*,*,#1896,.T.);
#1896 = EDGE_CURVE('',#1359,#1825,#1897,.T.);
#1897 = LINE('',#1898,#1899);
#1898 = CARTESIAN_POINT('',(-0.725,-0.3,0.75));
#1899 = VECTOR('',#1900,1.);
#1900 = DIRECTION('',(-0.,-0.,-1.));
#1901 = ORIENTED_EDGE('',*,*,#1824,.T.);
#1902 = ORIENTED_EDGE('',*,*,#1344,.T.);
#1903 = PLANE('',#1904);
#1904 = AXIS2_PLACEMENT_3D('',#1905,#1906,#1907);
#1905 = CARTESIAN_POINT('',(-0.725,-0.3,0.75));
#1906 = DIRECTION('',(-1.,0.,0.));
#1907 = DIRECTION('',(0.,-1.,0.));
#1908 = ADVANCED_FACE('',(#1909),#1927,.F.);
#1909 = FACE_BOUND('',#1910,.F.);
#1910 = EDGE_LOOP('',(#1911,#1912,#1913,#1921));
#1911 = ORIENTED_EDGE('',*,*,#1310,.F.);
#1912 = ORIENTED_EDGE('',*,*,#1870,.T.);
#1913 = ORIENTED_EDGE('',*,*,#1914,.T.);
#1914 = EDGE_CURVE('',#1871,#1915,#1917,.T.);
#1915 = VERTEX_POINT('',#1916);
#1916 = CARTESIAN_POINT('',(-0.8,0.4,0.47));
#1917 = LINE('',#1918,#1919);
#1918 = CARTESIAN_POINT('',(-0.8,0.4,0.));
#1919 = VECTOR('',#1920,1.);
#1920 = DIRECTION('',(0.,0.,1.));
#1921 = ORIENTED_EDGE('',*,*,#1922,.F.);
#1922 = EDGE_CURVE('',#1311,#1915,#1923,.T.);
#1923 = LINE('',#1924,#1925);
#1924 = CARTESIAN_POINT('',(-0.8,-0.4,0.47));
#1925 = VECTOR('',#1926,1.);
#1926 = DIRECTION('',(0.,1.,0.));
#1927 = PLANE('',#1928);
#1928 = AXIS2_PLACEMENT_3D('',#1929,#1930,#1931);
#1929 = CARTESIAN_POINT('',(-0.8,-0.4,0.));
#1930 = DIRECTION('',(1.,0.,0.));
#1931 = DIRECTION('',(0.,0.,1.));
#1932 = ADVANCED_FACE('',(#1933),#1945,.T.);
#1933 = FACE_BOUND('',#1934,.T.);
#1934 = EDGE_LOOP('',(#1935,#1936,#1937,#1944));
#1935 = ORIENTED_EDGE('',*,*,#1318,.T.);
#1936 = ORIENTED_EDGE('',*,*,#1770,.T.);
#1937 = ORIENTED_EDGE('',*,*,#1938,.F.);
#1938 = EDGE_CURVE('',#1915,#1763,#1939,.T.);
#1939 = CIRCLE('',#1940,3.E-02);
#1940 = AXIS2_PLACEMENT_3D('',#1941,#1942,#1943);
#1941 = CARTESIAN_POINT('',(-0.77,0.4,0.47));
#1942 = DIRECTION('',(0.,1.,0.));
#1943 = DIRECTION('',(0.,-0.,1.));
#1944 = ORIENTED_EDGE('',*,*,#1922,.F.);
#1945 = CYLINDRICAL_SURFACE('',#1946,3.E-02);
#1946 = AXIS2_PLACEMENT_3D('',#1947,#1948,#1949);
#1947 = CARTESIAN_POINT('',(-0.77,-0.4,0.47));
#1948 = DIRECTION('',(0.,1.,0.));
#1949 = DIRECTION('',(-1.,0.,0.));
#1950 = ADVANCED_FACE('',(#1951),#1963,.F.);
#1951 = FACE_BOUND('',#1952,.F.);
#1952 = EDGE_LOOP('',(#1953,#1954,#1955,#1962));
#1953 = ORIENTED_EDGE('',*,*,#1896,.F.);
#1954 = ORIENTED_EDGE('',*,*,#1439,.T.);
#1955 = ORIENTED_EDGE('',*,*,#1956,.T.);
#1956 = EDGE_CURVE('',#1432,#1833,#1957,.T.);
#1957 = CIRCLE('',#1958,3.E-02);
#1958 = AXIS2_PLACEMENT_3D('',#1959,#1960,#1961);
#1959 = CARTESIAN_POINT('',(-0.53,-0.3,3.E-02));
#1960 = DIRECTION('',(-0.,1.,0.));
#1961 = DIRECTION('',(1.,0.,0.));
#1962 = ORIENTED_EDGE('',*,*,#1832,.T.);
#1963 = PLANE('',#1964);
#1964 = AXIS2_PLACEMENT_3D('',#1965,#1966,#1967);
#1965 = CARTESIAN_POINT('',(0.725,-0.3,0.75));
#1966 = DIRECTION('',(0.,1.,0.));
#1967 = DIRECTION('',(-1.,0.,0.));
#1968 = ADVANCED_FACE('',(#1969),#1981,.T.);
#1969 = FACE_BOUND('',#1970,.T.);
#1970 = EDGE_LOOP('',(#1971,#1972,#1973,#1974));
#1971 = ORIENTED_EDGE('',*,*,#1431,.F.);
#1972 = ORIENTED_EDGE('',*,*,#1956,.T.);
#1973 = ORIENTED_EDGE('',*,*,#1840,.T.);
#1974 = ORIENTED_EDGE('',*,*,#1975,.F.);
#1975 = EDGE_CURVE('',#1424,#1841,#1976,.T.);
#1976 = CIRCLE('',#1977,3.E-02);
#1977 = AXIS2_PLACEMENT_3D('',#1978,#1979,#1980);
#1978 = CARTESIAN_POINT('',(-0.53,0.3,3.E-02));
#1979 = DIRECTION('',(-0.,1.,0.));
#1980 = DIRECTION('',(1.,0.,0.));
#1981 = CYLINDRICAL_SURFACE('',#1982,3.E-02);
#1982 = AXIS2_PLACEMENT_3D('',#1983,#1984,#1985);
#1983 = CARTESIAN_POINT('',(-0.53,-0.4,3.E-02));
#1984 = DIRECTION('',(0.,1.,0.));
#1985 = DIRECTION('',(1.,0.,0.));
#1986 = ADVANCED_FACE('',(#1987),#1998,.F.);
#1987 = FACE_BOUND('',#1988,.F.);
#1988 = EDGE_LOOP('',(#1989,#1990,#1996,#1997));
#1989 = ORIENTED_EDGE('',*,*,#1423,.T.);
#1990 = ORIENTED_EDGE('',*,*,#1991,.T.);
#1991 = EDGE_CURVE('',#1416,#1849,#1992,.T.);
#1992 = LINE('',#1993,#1994);
#1993 = CARTESIAN_POINT('',(-0.725,0.3,0.75));
#1994 = VECTOR('',#1995,1.);
#1995 = DIRECTION('',(-0.,-0.,-1.));
#1996 = ORIENTED_EDGE('',*,*,#1848,.T.);
#1997 = ORIENTED_EDGE('',*,*,#1975,.F.);
#1998 = PLANE('',#1999);
#1999 = AXIS2_PLACEMENT_3D('',#2000,#2001,#2002);
#2000 = CARTESIAN_POINT('',(-0.725,0.3,0.75));
#2001 = DIRECTION('',(0.,-1.,0.));
#2002 = DIRECTION('',(1.,0.,0.));
#2003 = ADVANCED_FACE('',(#2004),#2015,.F.);
#2004 = FACE_BOUND('',#2005,.F.);
#2005 = EDGE_LOOP('',(#2006,#2007,#2008,#2014));
#2006 = ORIENTED_EDGE('',*,*,#1991,.F.);
#2007 = ORIENTED_EDGE('',*,*,#1415,.T.);
#2008 = ORIENTED_EDGE('',*,*,#2009,.F.);
#2009 = EDGE_CURVE('',#1810,#1408,#2010,.T.);
#2010 = LINE('',#2011,#2012);
#2011 = CARTESIAN_POINT('',(-0.725,0.4,0.375));
#2012 = VECTOR('',#2013,1.);
#2013 = DIRECTION('',(0.,0.,1.));
#2014 = ORIENTED_EDGE('',*,*,#1856,.T.);
#2015 = PLANE('',#2016);
#2016 = AXIS2_PLACEMENT_3D('',#2017,#2018,#2019);
#2017 = CARTESIAN_POINT('',(-0.725,0.5,0.75));
#2018 = DIRECTION('',(-1.,0.,0.));
#2019 = DIRECTION('',(0.,-1.,0.));
#2020 = ADVANCED_FACE('',(#2021),#2046,.F.);
#2021 = FACE_BOUND('',#2022,.F.);
#2022 = EDGE_LOOP('',(#2023,#2024,#2032,#2040));
#2023 = ORIENTED_EDGE('',*,*,#1399,.T.);
#2024 = ORIENTED_EDGE('',*,*,#2025,.T.);
#2025 = EDGE_CURVE('',#1392,#2026,#2028,.T.);
#2026 = VERTEX_POINT('',#2027);
#2027 = CARTESIAN_POINT('',(0.725,0.3,0.));
#2028 = LINE('',#2029,#2030);
#2029 = CARTESIAN_POINT('',(0.725,0.3,0.75));
#2030 = VECTOR('',#2031,1.);
#2031 = DIRECTION('',(-0.,-0.,-1.));
#2032 = ORIENTED_EDGE('',*,*,#2033,.T.);
#2033 = EDGE_CURVE('',#2026,#2034,#2036,.T.);
#2034 = VERTEX_POINT('',#2035);
#2035 = CARTESIAN_POINT('',(0.725,0.4,0.));
#2036 = LINE('',#2037,#2038);
#2037 = CARTESIAN_POINT('',(0.725,-5.E-02,0.));
#2038 = VECTOR('',#2039,1.);
#2039 = DIRECTION('',(0.,1.,0.));
#2040 = ORIENTED_EDGE('',*,*,#2041,.F.);
#2041 = EDGE_CURVE('',#1400,#2034,#2042,.T.);
#2042 = LINE('',#2043,#2044);
#2043 = CARTESIAN_POINT('',(0.725,0.4,0.375));
#2044 = VECTOR('',#2045,1.);
#2045 = DIRECTION('',(0.,0.,-1.));
#2046 = PLANE('',#2047);
#2047 = AXIS2_PLACEMENT_3D('',#2048,#2049,#2050);
#2048 = CARTESIAN_POINT('',(0.725,0.3,0.75));
#2049 = DIRECTION('',(1.,0.,0.));
#2050 = DIRECTION('',(-0.,1.,0.));
#2051 = ADVANCED_FACE('',(#2052),#2071,.F.);
#2052 = FACE_BOUND('',#2053,.F.);
#2053 = EDGE_LOOP('',(#2054,#2055,#2056,#2065));
#2054 = ORIENTED_EDGE('',*,*,#2025,.F.);
#2055 = ORIENTED_EDGE('',*,*,#1391,.T.);
#2056 = ORIENTED_EDGE('',*,*,#2057,.F.);
#2057 = EDGE_CURVE('',#2058,#1384,#2060,.T.);
#2058 = VERTEX_POINT('',#2059);
#2059 = CARTESIAN_POINT('',(0.53,0.3,-3.469446951954E-18));
#2060 = CIRCLE('',#2061,3.E-02);
#2061 = AXIS2_PLACEMENT_3D('',#2062,#2063,#2064);
#2062 = CARTESIAN_POINT('',(0.53,0.3,3.E-02));
#2063 = DIRECTION('',(0.,1.,-0.));
#2064 = DIRECTION('',(-1.,0.,0.));
#2065 = ORIENTED_EDGE('',*,*,#2066,.T.);
#2066 = EDGE_CURVE('',#2058,#2026,#2067,.T.);
#2067 = LINE('',#2068,#2069);
#2068 = CARTESIAN_POINT('',(-0.1125,0.3,0.));
#2069 = VECTOR('',#2070,1.);
#2070 = DIRECTION('',(1.,0.,0.));
#2071 = PLANE('',#2072);
#2072 = AXIS2_PLACEMENT_3D('',#2073,#2074,#2075);
#2073 = CARTESIAN_POINT('',(-0.725,0.3,0.75));
#2074 = DIRECTION('',(0.,-1.,0.));
#2075 = DIRECTION('',(1.,0.,0.));
#2076 = ADVANCED_FACE('',(#2077),#2096,.T.);
#2077 = FACE_BOUND('',#2078,.T.);
#2078 = EDGE_LOOP('',(#2079,#2080,#2088,#2095));
#2079 = ORIENTED_EDGE('',*,*,#2057,.F.);
#2080 = ORIENTED_EDGE('',*,*,#2081,.F.);
#2081 = EDGE_CURVE('',#2082,#2058,#2084,.T.);
#2082 = VERTEX_POINT('',#2083);
#2083 = CARTESIAN_POINT('',(0.53,-0.3,-3.469446951954E-18));
#2084 = LINE('',#2085,#2086);
#2085 = CARTESIAN_POINT('',(0.53,-0.4,-3.469446951954E-18));
#2086 = VECTOR('',#2087,1.);
#2087 = DIRECTION('',(0.,1.,0.));
#2088 = ORIENTED_EDGE('',*,*,#2089,.T.);
#2089 = EDGE_CURVE('',#2082,#1376,#2090,.T.);
#2090 = CIRCLE('',#2091,3.E-02);
#2091 = AXIS2_PLACEMENT_3D('',#2092,#2093,#2094);
#2092 = CARTESIAN_POINT('',(0.53,-0.3,3.E-02));
#2093 = DIRECTION('',(0.,1.,-0.));
#2094 = DIRECTION('',(-1.,0.,0.));
#2095 = ORIENTED_EDGE('',*,*,#1383,.T.);
#2096 = CYLINDRICAL_SURFACE('',#2097,3.E-02);
#2097 = AXIS2_PLACEMENT_3D('',#2098,#2099,#2100);
#2098 = CARTESIAN_POINT('',(0.53,-0.4,3.E-02));
#2099 = DIRECTION('',(0.,1.,0.));
#2100 = DIRECTION('',(-1.,0.,0.));
#2101 = ADVANCED_FACE('',(#2102),#2120,.F.);
#2102 = FACE_BOUND('',#2103,.F.);
#2103 = EDGE_LOOP('',(#2104,#2105,#2113,#2119));
#2104 = ORIENTED_EDGE('',*,*,#1375,.T.);
#2105 = ORIENTED_EDGE('',*,*,#2106,.T.);
#2106 = EDGE_CURVE('',#1368,#2107,#2109,.T.);
#2107 = VERTEX_POINT('',#2108);
#2108 = CARTESIAN_POINT('',(0.725,-0.3,0.));
#2109 = LINE('',#2110,#2111);
#2110 = CARTESIAN_POINT('',(0.725,-0.3,0.75));
#2111 = VECTOR('',#2112,1.);
#2112 = DIRECTION('',(-0.,-0.,-1.));
#2113 = ORIENTED_EDGE('',*,*,#2114,.T.);
#2114 = EDGE_CURVE('',#2107,#2082,#2115,.T.);
#2115 = LINE('',#2116,#2117);
#2116 = CARTESIAN_POINT('',(0.6125,-0.3,0.));
#2117 = VECTOR('',#2118,1.);
#2118 = DIRECTION('',(-1.,0.,0.));
#2119 = ORIENTED_EDGE('',*,*,#2089,.T.);
#2120 = PLANE('',#2121);
#2121 = AXIS2_PLACEMENT_3D('',#2122,#2123,#2124);
#2122 = CARTESIAN_POINT('',(0.725,-0.3,0.75));
#2123 = DIRECTION('',(0.,1.,0.));
#2124 = DIRECTION('',(-1.,0.,0.));
#2125 = ADVANCED_FACE('',(#2126),#2137,.F.);
#2126 = FACE_BOUND('',#2127,.F.);
#2127 = EDGE_LOOP('',(#2128,#2129,#2130,#2131));
#2128 = ORIENTED_EDGE('',*,*,#2106,.F.);
#2129 = ORIENTED_EDGE('',*,*,#1367,.T.);
#2130 = ORIENTED_EDGE('',*,*,#1489,.T.);
#2131 = ORIENTED_EDGE('',*,*,#2132,.T.);
#2132 = EDGE_CURVE('',#1480,#2107,#2133,.T.);
#2133 = LINE('',#2134,#2135);
#2134 = CARTESIAN_POINT('',(0.725,-0.45,0.));
#2135 = VECTOR('',#2136,1.);
#2136 = DIRECTION('',(0.,1.,0.));
#2137 = PLANE('',#2138);
#2138 = AXIS2_PLACEMENT_3D('',#2139,#2140,#2141);
#2139 = CARTESIAN_POINT('',(0.725,-0.5,0.75));
#2140 = DIRECTION('',(1.,0.,0.));
#2141 = DIRECTION('',(-0.,1.,0.));
#2142 = ADVANCED_FACE('',(#2143),#2168,.T.);
#2143 = FACE_BOUND('',#2144,.T.);
#2144 = EDGE_LOOP('',(#2145,#2153,#2154,#2162));
#2145 = ORIENTED_EDGE('',*,*,#2146,.T.);
#2146 = EDGE_CURVE('',#2147,#1448,#2149,.T.);
#2147 = VERTEX_POINT('',#2148);
#2148 = CARTESIAN_POINT('',(0.277128129211,0.32,1.5E-02));
#2149 = LINE('',#2150,#2151);
#2150 = CARTESIAN_POINT('',(0.277128129211,0.32,1.5E-02));
#2151 = VECTOR('',#2152,1.);
#2152 = DIRECTION('',(0.,0.,1.));
#2153 = ORIENTED_EDGE('',*,*,#1447,.T.);
#2154 = ORIENTED_EDGE('',*,*,#2155,.F.);
#2155 = EDGE_CURVE('',#2156,#1450,#2158,.T.);
#2156 = VERTEX_POINT('',#2157);
#2157 = CARTESIAN_POINT('',(0.277128129211,-0.32,1.5E-02));
#2158 = LINE('',#2159,#2160);
#2159 = CARTESIAN_POINT('',(0.277128129211,-0.32,1.5E-02));
#2160 = VECTOR('',#2161,1.);
#2161 = DIRECTION('',(0.,0.,1.));
#2162 = ORIENTED_EDGE('',*,*,#2163,.F.);
#2163 = EDGE_CURVE('',#2147,#2156,#2164,.T.);
#2164 = LINE('',#2165,#2166);
#2165 = CARTESIAN_POINT('',(0.277128129211,0.32,1.5E-02));
#2166 = VECTOR('',#2167,1.);
#2167 = DIRECTION('',(0.,-1.,0.));
#2168 = PLANE('',#2169);
#2169 = AXIS2_PLACEMENT_3D('',#2170,#2171,#2172);
#2170 = CARTESIAN_POINT('',(0.277128129211,0.32,1.5E-02));
#2171 = DIRECTION('',(1.,0.,0.));
#2172 = DIRECTION('',(0.,-1.,0.));
#2173 = ADVANCED_FACE('',(#2174),#2192,.T.);
#2174 = FACE_BOUND('',#2175,.T.);
#2175 = EDGE_LOOP('',(#2176,#2184,#2185,#2186));
#2176 = ORIENTED_EDGE('',*,*,#2177,.T.);
#2177 = EDGE_CURVE('',#2178,#1458,#2180,.T.);
#2178 = VERTEX_POINT('',#2179);
#2179 = CARTESIAN_POINT('',(-0.277128129211,0.,1.5E-02));
#2180 = LINE('',#2181,#2182);
#2181 = CARTESIAN_POINT('',(-0.277128129211,0.,1.5E-02));
#2182 = VECTOR('',#2183,1.);
#2183 = DIRECTION('',(0.,0.,1.));
#2184 = ORIENTED_EDGE('',*,*,#1465,.T.);
#2185 = ORIENTED_EDGE('',*,*,#2146,.F.);
#2186 = ORIENTED_EDGE('',*,*,#2187,.F.);
#2187 = EDGE_CURVE('',#2178,#2147,#2188,.T.);
#2188 = LINE('',#2189,#2190);
#2189 = CARTESIAN_POINT('',(-0.277128129211,0.,1.5E-02));
#2190 = VECTOR('',#2191,1.);
#2191 = DIRECTION('',(0.866025403784,0.5,0.));
#2192 = PLANE('',#2193);
#2193 = AXIS2_PLACEMENT_3D('',#2194,#2195,#2196);
#2194 = CARTESIAN_POINT('',(-0.277128129211,0.,1.5E-02));
#2195 = DIRECTION('',(-0.5,0.866025403784,0.));
#2196 = DIRECTION('',(0.866025403784,0.5,0.));
#2197 = ADVANCED_FACE('',(#2198),#2209,.T.);
#2198 = FACE_BOUND('',#2199,.T.);
#2199 = EDGE_LOOP('',(#2200,#2201,#2202,#2203));
#2200 = ORIENTED_EDGE('',*,*,#2155,.T.);
#2201 = ORIENTED_EDGE('',*,*,#1457,.T.);
#2202 = ORIENTED_EDGE('',*,*,#2177,.F.);
#2203 = ORIENTED_EDGE('',*,*,#2204,.F.);
#2204 = EDGE_CURVE('',#2156,#2178,#2205,.T.);
#2205 = LINE('',#2206,#2207);
#2206 = CARTESIAN_POINT('',(0.277128129211,-0.32,1.5E-02));
#2207 = VECTOR('',#2208,1.);
#2208 = DIRECTION('',(-0.866025403784,0.5,0.));
#2209 = PLANE('',#2210);
#2210 = AXIS2_PLACEMENT_3D('',#2211,#2212,#2213);
#2211 = CARTESIAN_POINT('',(0.277128129211,-0.32,1.5E-02));
#2212 = DIRECTION('',(-0.5,-0.866025403784,0.));
#2213 = DIRECTION('',(-0.866025403784,0.5,0.));
#2214 = ADVANCED_FACE('',(#2215),#2237,.F.);
#2215 = FACE_BOUND('',#2216,.F.);
#2216 = EDGE_LOOP('',(#2217,#2225,#2226,#2227,#2228,#2229,#2230,#2231));
#2217 = ORIENTED_EDGE('',*,*,#2218,.F.);
#2218 = EDGE_CURVE('',#2034,#2219,#2221,.T.);
#2219 = VERTEX_POINT('',#2220);
#2220 = CARTESIAN_POINT('',(0.77,0.4,-3.469446951954E-18));
#2221 = LINE('',#2222,#2223);
#2222 = CARTESIAN_POINT('',(0.5,0.4,0.));
#2223 = VECTOR('',#2224,1.);
#2224 = DIRECTION('',(1.,0.,0.));
#2225 = ORIENTED_EDGE('',*,*,#2033,.F.);
#2226 = ORIENTED_EDGE('',*,*,#2066,.F.);
#2227 = ORIENTED_EDGE('',*,*,#2081,.F.);
#2228 = ORIENTED_EDGE('',*,*,#2114,.F.);
#2229 = ORIENTED_EDGE('',*,*,#2132,.F.);
#2230 = ORIENTED_EDGE('',*,*,#1479,.T.);
#2231 = ORIENTED_EDGE('',*,*,#2232,.T.);
#2232 = EDGE_CURVE('',#1482,#2219,#2233,.T.);
#2233 = LINE('',#2234,#2235);
#2234 = CARTESIAN_POINT('',(0.77,-0.4,-3.469446951954E-18));
#2235 = VECTOR('',#2236,1.);
#2236 = DIRECTION('',(0.,1.,0.));
#2237 = PLANE('',#2238);
#2238 = AXIS2_PLACEMENT_3D('',#2239,#2240,#2241);
#2239 = CARTESIAN_POINT('',(0.5,-0.4,0.));
#2240 = DIRECTION('',(0.,0.,1.));
#2241 = DIRECTION('',(1.,0.,-0.));
#2242 = ADVANCED_FACE('',(#2243),#2262,.T.);
#2243 = FACE_BOUND('',#2244,.T.);
#2244 = EDGE_LOOP('',(#2245,#2246,#2247,#2256));
#2245 = ORIENTED_EDGE('',*,*,#1531,.T.);
#2246 = ORIENTED_EDGE('',*,*,#2232,.T.);
#2247 = ORIENTED_EDGE('',*,*,#2248,.F.);
#2248 = EDGE_CURVE('',#2249,#2219,#2251,.T.);
#2249 = VERTEX_POINT('',#2250);
#2250 = CARTESIAN_POINT('',(0.8,0.4,3.E-02));
#2251 = CIRCLE('',#2252,3.E-02);
#2252 = AXIS2_PLACEMENT_3D('',#2253,#2254,#2255);
#2253 = CARTESIAN_POINT('',(0.77,0.4,3.E-02));
#2254 = DIRECTION('',(0.,1.,0.));
#2255 = DIRECTION('',(0.,-0.,1.));
#2256 = ORIENTED_EDGE('',*,*,#2257,.F.);
#2257 = EDGE_CURVE('',#1524,#2249,#2258,.T.);
#2258 = LINE('',#2259,#2260);
#2259 = CARTESIAN_POINT('',(0.8,-0.4,3.E-02));
#2260 = VECTOR('',#2261,1.);
#2261 = DIRECTION('',(0.,1.,0.));
#2262 = CYLINDRICAL_SURFACE('',#2263,3.E-02);
#2263 = AXIS2_PLACEMENT_3D('',#2264,#2265,#2266);
#2264 = CARTESIAN_POINT('',(0.77,-0.4,3.E-02));
#2265 = DIRECTION('',(0.,1.,0.));
#2266 = DIRECTION('',(1.,0.,0.));
#2267 = ADVANCED_FACE('',(#2268),#2286,.T.);
#2268 = FACE_BOUND('',#2269,.T.);
#2269 = EDGE_LOOP('',(#2270,#2271,#2272,#2280));
#2270 = ORIENTED_EDGE('',*,*,#1523,.F.);
#2271 = ORIENTED_EDGE('',*,*,#2257,.T.);
#2272 = ORIENTED_EDGE('',*,*,#2273,.T.);
#2273 = EDGE_CURVE('',#2249,#2274,#2276,.T.);
#2274 = VERTEX_POINT('',#2275);
#2275 = CARTESIAN_POINT('',(0.8,0.4,0.47));
#2276 = LINE('',#2277,#2278);
#2277 = CARTESIAN_POINT('',(0.8,0.4,0.));
#2278 = VECTOR('',#2279,1.);
#2279 = DIRECTION('',(0.,0.,1.));
#2280 = ORIENTED_EDGE('',*,*,#2281,.F.);
#2281 = EDGE_CURVE('',#1515,#2274,#2282,.T.);
#2282 = LINE('',#2283,#2284);
#2283 = CARTESIAN_POINT('',(0.8,-0.4,0.47));
#2284 = VECTOR('',#2285,1.);
#2285 = DIRECTION('',(0.,1.,0.));
#2286 = PLANE('',#2287);
#2287 = AXIS2_PLACEMENT_3D('',#2288,#2289,#2290);
#2288 = CARTESIAN_POINT('',(0.8,-0.4,0.));
#2289 = DIRECTION('',(1.,0.,0.));
#2290 = DIRECTION('',(0.,0.,1.));
#2291 = ADVANCED_FACE('',(#2292),#2311,.T.);
#2292 = FACE_BOUND('',#2293,.T.);
#2293 = EDGE_LOOP('',(#2294,#2295,#2304,#2310));
#2294 = ORIENTED_EDGE('',*,*,#2281,.T.);
#2295 = ORIENTED_EDGE('',*,*,#2296,.T.);
#2296 = EDGE_CURVE('',#2274,#2297,#2299,.T.);
#2297 = VERTEX_POINT('',#2298);
#2298 = CARTESIAN_POINT('',(0.77,0.4,0.5));
#2299 = CIRCLE('',#2300,3.E-02);
#2300 = AXIS2_PLACEMENT_3D('',#2301,#2302,#2303);
#2301 = CARTESIAN_POINT('',(0.77,0.4,0.47));
#2302 = DIRECTION('',(0.,-1.,0.));
#2303 = DIRECTION('',(0.,0.,1.));
#2304 = ORIENTED_EDGE('',*,*,#2305,.F.);
#2305 = EDGE_CURVE('',#1507,#2297,#2306,.T.);
#2306 = LINE('',#2307,#2308);
#2307 = CARTESIAN_POINT('',(0.77,-0.4,0.5));
#2308 = VECTOR('',#2309,1.);
#2309 = DIRECTION('',(0.,1.,0.));
#2310 = ORIENTED_EDGE('',*,*,#1514,.F.);
#2311 = CYLINDRICAL_SURFACE('',#2312,3.E-02);
#2312 = AXIS2_PLACEMENT_3D('',#2313,#2314,#2315);
#2313 = CARTESIAN_POINT('',(0.77,-0.4,0.47));
#2314 = DIRECTION('',(0.,1.,0.));
#2315 = DIRECTION('',(1.,0.,0.));
#2316 = ADVANCED_FACE('',(#2317),#2358,.T.);
#2317 = FACE_BOUND('',#2318,.T.);
#2318 = EDGE_LOOP('',(#2319,#2327,#2335,#2341,#2342,#2350,#2356,#2357));
#2319 = ORIENTED_EDGE('',*,*,#2320,.F.);
#2320 = EDGE_CURVE('',#2321,#2297,#2323,.T.);
#2321 = VERTEX_POINT('',#2322);
#2322 = CARTESIAN_POINT('',(0.725,0.4,0.5));
#2323 = LINE('',#2324,#2325);
#2324 = CARTESIAN_POINT('',(0.5,0.4,0.5));
#2325 = VECTOR('',#2326,1.);
#2326 = DIRECTION('',(1.,0.,0.));
#2327 = ORIENTED_EDGE('',*,*,#2328,.F.);
#2328 = EDGE_CURVE('',#2329,#2321,#2331,.T.);
#2329 = VERTEX_POINT('',#2330);
#2330 = CARTESIAN_POINT('',(0.725,0.3,0.5));
#2331 = LINE('',#2332,#2333);
#2332 = CARTESIAN_POINT('',(0.725,-5.E-02,0.5));
#2333 = VECTOR('',#2334,1.);
#2334 = DIRECTION('',(0.,1.,0.));
#2335 = ORIENTED_EDGE('',*,*,#2336,.F.);
#2336 = EDGE_CURVE('',#1612,#2329,#2337,.T.);
#2337 = LINE('',#2338,#2339);
#2338 = CARTESIAN_POINT('',(-0.1125,0.3,0.5));
#2339 = VECTOR('',#2340,1.);
#2340 = DIRECTION('',(1.,0.,0.));
#2341 = ORIENTED_EDGE('',*,*,#1611,.F.);
#2342 = ORIENTED_EDGE('',*,*,#2343,.F.);
#2343 = EDGE_CURVE('',#2344,#1603,#2346,.T.);
#2344 = VERTEX_POINT('',#2345);
#2345 = CARTESIAN_POINT('',(0.725,-0.3,0.5));
#2346 = LINE('',#2347,#2348);
#2347 = CARTESIAN_POINT('',(0.6125,-0.3,0.5));
#2348 = VECTOR('',#2349,1.);
#2349 = DIRECTION('',(-1.,0.,0.));
#2350 = ORIENTED_EDGE('',*,*,#2351,.F.);
#2351 = EDGE_CURVE('',#1499,#2344,#2352,.T.);
#2352 = LINE('',#2353,#2354);
#2353 = CARTESIAN_POINT('',(0.725,-0.45,0.5));
#2354 = VECTOR('',#2355,1.);
#2355 = DIRECTION('',(0.,1.,0.));
#2356 = ORIENTED_EDGE('',*,*,#1506,.T.);
#2357 = ORIENTED_EDGE('',*,*,#2305,.T.);
#2358 = PLANE('',#2359);
#2359 = AXIS2_PLACEMENT_3D('',#2360,#2361,#2362);
#2360 = CARTESIAN_POINT('',(0.5,-0.4,0.5));
#2361 = DIRECTION('',(0.,0.,1.));
#2362 = DIRECTION('',(1.,0.,-0.));
#2363 = ADVANCED_FACE('',(#2364),#2375,.F.);
#2364 = FACE_BOUND('',#2365,.F.);
#2365 = EDGE_LOOP('',(#2366,#2372,#2373,#2374));
#2366 = ORIENTED_EDGE('',*,*,#2367,.F.);
#2367 = EDGE_CURVE('',#2344,#1547,#2368,.T.);
#2368 = LINE('',#2369,#2370);
#2369 = CARTESIAN_POINT('',(0.725,-0.3,0.75));
#2370 = VECTOR('',#2371,1.);
#2371 = DIRECTION('',(-0.,-0.,-1.));
#2372 = ORIENTED_EDGE('',*,*,#2351,.F.);
#2373 = ORIENTED_EDGE('',*,*,#1498,.T.);
#2374 = ORIENTED_EDGE('',*,*,#1556,.F.);
#2375 = PLANE('',#2376);
#2376 = AXIS2_PLACEMENT_3D('',#2377,#2378,#2379);
#2377 = CARTESIAN_POINT('',(0.725,-0.5,0.75));
#2378 = DIRECTION('',(1.,0.,0.));
#2379 = DIRECTION('',(-0.,1.,0.));
#2380 = ADVANCED_FACE('',(#2381),#2387,.F.);
#2381 = FACE_BOUND('',#2382,.F.);
#2382 = EDGE_LOOP('',(#2383,#2384,#2385,#2386));
#2383 = ORIENTED_EDGE('',*,*,#2343,.F.);
#2384 = ORIENTED_EDGE('',*,*,#2367,.T.);
#2385 = ORIENTED_EDGE('',*,*,#1546,.F.);
#2386 = ORIENTED_EDGE('',*,*,#1602,.T.);
#2387 = PLANE('',#2388);
#2388 = AXIS2_PLACEMENT_3D('',#2389,#2390,#2391);
#2389 = CARTESIAN_POINT('',(0.725,-0.3,0.75));
#2390 = DIRECTION('',(0.,1.,0.));
#2391 = DIRECTION('',(-1.,0.,0.));
#2392 = ADVANCED_FACE('',(#2393),#2409,.F.);
#2393 = FACE_BOUND('',#2394,.F.);
#2394 = EDGE_LOOP('',(#2395,#2396,#2402,#2403));
#2395 = ORIENTED_EDGE('',*,*,#2328,.F.);
#2396 = ORIENTED_EDGE('',*,*,#2397,.T.);
#2397 = EDGE_CURVE('',#2329,#1580,#2398,.T.);
#2398 = LINE('',#2399,#2400);
#2399 = CARTESIAN_POINT('',(0.725,0.3,0.75));
#2400 = VECTOR('',#2401,1.);
#2401 = DIRECTION('',(-0.,-0.,-1.));
#2402 = ORIENTED_EDGE('',*,*,#1587,.F.);
#2403 = ORIENTED_EDGE('',*,*,#2404,.F.);
#2404 = EDGE_CURVE('',#2321,#1571,#2405,.T.);
#2405 = LINE('',#2406,#2407);
#2406 = CARTESIAN_POINT('',(0.725,0.4,0.375));
#2407 = VECTOR('',#2408,1.);
#2408 = DIRECTION('',(0.,0.,-1.));
#2409 = PLANE('',#2410);
#2410 = AXIS2_PLACEMENT_3D('',#2411,#2412,#2413);
#2411 = CARTESIAN_POINT('',(0.725,0.3,0.75));
#2412 = DIRECTION('',(1.,0.,0.));
#2413 = DIRECTION('',(-0.,1.,0.));
#2414 = ADVANCED_FACE('',(#2415),#2421,.F.);
#2415 = FACE_BOUND('',#2416,.F.);
#2416 = EDGE_LOOP('',(#2417,#2418,#2419,#2420));
#2417 = ORIENTED_EDGE('',*,*,#2397,.F.);
#2418 = ORIENTED_EDGE('',*,*,#2336,.F.);
#2419 = ORIENTED_EDGE('',*,*,#1619,.F.);
#2420 = ORIENTED_EDGE('',*,*,#1579,.F.);
#2421 = PLANE('',#2422);
#2422 = AXIS2_PLACEMENT_3D('',#2423,#2424,#2425);
#2423 = CARTESIAN_POINT('',(-0.725,0.3,0.75));
#2424 = DIRECTION('',(0.,-1.,0.));
#2425 = DIRECTION('',(1.,0.,0.));
#2426 = ADVANCED_FACE('',(#2427),#2439,.T.);
#2427 = FACE_BOUND('',#2428,.T.);
#2428 = EDGE_LOOP('',(#2429,#2430,#2431,#2432,#2433,#2434,#2435,#2436,
    #2437,#2438));
#2429 = ORIENTED_EDGE('',*,*,#1807,.F.);
#2430 = ORIENTED_EDGE('',*,*,#1878,.F.);
#2431 = ORIENTED_EDGE('',*,*,#1914,.T.);
#2432 = ORIENTED_EDGE('',*,*,#1938,.T.);
#2433 = ORIENTED_EDGE('',*,*,#1762,.T.);
#2434 = ORIENTED_EDGE('',*,*,#1723,.F.);
#2435 = ORIENTED_EDGE('',*,*,#1650,.F.);
#2436 = ORIENTED_EDGE('',*,*,#1642,.F.);
#2437 = ORIENTED_EDGE('',*,*,#1634,.T.);
#2438 = ORIENTED_EDGE('',*,*,#2009,.F.);
#2439 = PLANE('',#2440);
#2440 = AXIS2_PLACEMENT_3D('',#2441,#2442,#2443);
#2441 = CARTESIAN_POINT('',(-0.8,0.4,0.));
#2442 = DIRECTION('',(0.,1.,0.));
#2443 = DIRECTION('',(0.,-0.,1.));
#2444 = ADVANCED_FACE('',(#2445),#2457,.T.);
#2445 = FACE_BOUND('',#2446,.T.);
#2446 = EDGE_LOOP('',(#2447,#2448,#2449,#2450,#2451,#2452,#2453,#2454,
    #2455,#2456));
#2447 = ORIENTED_EDGE('',*,*,#2218,.F.);
#2448 = ORIENTED_EDGE('',*,*,#2041,.F.);
#2449 = ORIENTED_EDGE('',*,*,#1675,.T.);
#2450 = ORIENTED_EDGE('',*,*,#1667,.T.);
#2451 = ORIENTED_EDGE('',*,*,#1659,.F.);
#2452 = ORIENTED_EDGE('',*,*,#2404,.F.);
#2453 = ORIENTED_EDGE('',*,*,#2320,.T.);
#2454 = ORIENTED_EDGE('',*,*,#2296,.F.);
#2455 = ORIENTED_EDGE('',*,*,#2273,.F.);
#2456 = ORIENTED_EDGE('',*,*,#2248,.T.);
#2457 = PLANE('',#2458);
#2458 = AXIS2_PLACEMENT_3D('',#2459,#2460,#2461);
#2459 = CARTESIAN_POINT('',(0.5,0.4,0.));
#2460 = DIRECTION('',(0.,1.,0.));
#2461 = DIRECTION('',(0.,-0.,1.));
#2462 = ADVANCED_FACE('',(#2463),#2468,.T.);
#2463 = FACE_BOUND('',#2464,.T.);
#2464 = EDGE_LOOP('',(#2465,#2466,#2467));
#2465 = ORIENTED_EDGE('',*,*,#2187,.T.);
#2466 = ORIENTED_EDGE('',*,*,#2163,.T.);
#2467 = ORIENTED_EDGE('',*,*,#2204,.T.);
#2468 = PLANE('',#2469);
#2469 = AXIS2_PLACEMENT_3D('',#2470,#2471,#2472);
#2470 = CARTESIAN_POINT('',(9.237604307034E-02,0.,1.5E-02));
#2471 = DIRECTION('',(-0.,-0.,-1.));
#2472 = DIRECTION('',(-1.,0.,0.));
#2473 = ( GEOMETRIC_REPRESENTATION_CONTEXT(3) 
GLOBAL_UNCERTAINTY_ASSIGNED_CONTEXT((#2477)) 
GLOBAL_UNIT_ASSIGNED_CONTEXT((#2474,#2475,#2476)) REPRESENTATION_CONTEXT
('Context #1','3D Context with UNIT and UNCERTAINTY') );
#2474 = ( LENGTH_UNIT() NAMED_UNIT(*) SI_UNIT(.MILLI.,.METRE.) );
#2475 = ( NAMED_UNIT(*) PLANE_ANGLE_UNIT() SI_UNIT($,.RADIAN.) );
#2476 = ( NAMED_UNIT(*) SI_UNIT($,.STERADIAN.) SOLID_ANGLE_UNIT() );
#2477 = UNCERTAINTY_MEASURE_WITH_UNIT(LENGTH_MEASURE(1.E-07),#2474,
  'distance_accuracy_value','confusion accuracy');
#2478 = CONTEXT_DEPENDENT_SHAPE_REPRESENTATION(#2479,#2481);
#2479 = ( REPRESENTATION_RELATIONSHIP('','',#949,#10) 
REPRESENTATION_RELATIONSHIP_WITH_TRANSFORMATION(#2480) 
SHAPE_REPRESENTATION_RELATIONSHIP() );
#2480 = ITEM_DEFINED_TRANSFORMATION('','',#11,#19);
#2481 = PRODUCT_DEFINITION_SHAPE('Placement','Placement of an item',
  #2482);
#2482 = NEXT_ASSEMBLY_USAGE_OCCURRENCE('2','D1','',#5,#944,$);
#2483 = PRODUCT_RELATED_PRODUCT_CATEGORY('part',$,(#946));
#2484 = SHAPE_DEFINITION_REPRESENTATION(#2485,#2491);
#2485 = PRODUCT_DEFINITION_SHAPE('','',#2486);
#2486 = PRODUCT_DEFINITION('design','',#2487,#2490);
#2487 = PRODUCT_DEFINITION_FORMATION('','',#2488);
#2488 = PRODUCT('C_0603_1608Metric','C_0603_1608Metric','',(#2489));
#2489 = PRODUCT_CONTEXT('',#2,'mechanical');
#2490 = PRODUCT_DEFINITION_CONTEXT('part definition',#2,'design');
#2491 = ADVANCED_BREP_SHAPE_REPRESENTATION('',(#11,#2492),#3346);
#2492 = MANIFOLD_SOLID_BREP('',#2493);
#2493 = CLOSED_SHELL('',(#2494,#2570,#2601,#2626,#2651,#2675,#2699,#2724
    ,#2749,#2766,#2852,#2884,#2908,#2933,#2957,#2982,#3006,#3031,#3048,
    #3134,#3165,#3190,#3215,#3239,#3263,#3288,#3313,#3330));
#2494 = ADVANCED_FACE('',(#2495),#2565,.F.);
#2495 = FACE_BOUND('',#2496,.F.);
#2496 = EDGE_LOOP('',(#2497,#2507,#2516,#2524,#2533,#2541,#2550,#2558));
#2497 = ORIENTED_EDGE('',*,*,#2498,.F.);
#2498 = EDGE_CURVE('',#2499,#2501,#2503,.T.);
#2499 = VERTEX_POINT('',#2500);
#2500 = CARTESIAN_POINT('',(-0.8,-0.4,3.E-02));
#2501 = VERTEX_POINT('',#2502);
#2502 = CARTESIAN_POINT('',(-0.8,-0.4,0.77));
#2503 = LINE('',#2504,#2505);
#2504 = CARTESIAN_POINT('',(-0.8,-0.4,0.));
#2505 = VECTOR('',#2506,1.);
#2506 = DIRECTION('',(0.,0.,1.));
#2507 = ORIENTED_EDGE('',*,*,#2508,.T.);
#2508 = EDGE_CURVE('',#2499,#2509,#2511,.T.);
#2509 = VERTEX_POINT('',#2510);
#2510 = CARTESIAN_POINT('',(-0.8,-0.37,0.));
#2511 = CIRCLE('',#2512,3.E-02);
#2512 = AXIS2_PLACEMENT_3D('',#2513,#2514,#2515);
#2513 = CARTESIAN_POINT('',(-0.8,-0.37,3.E-02));
#2514 = DIRECTION('',(1.,0.,-0.));
#2515 = DIRECTION('',(0.,0.,1.));
#2516 = ORIENTED_EDGE('',*,*,#2517,.T.);
#2517 = EDGE_CURVE('',#2509,#2518,#2520,.T.);
#2518 = VERTEX_POINT('',#2519);
#2519 = CARTESIAN_POINT('',(-0.8,0.37,0.));
#2520 = LINE('',#2521,#2522);
#2521 = CARTESIAN_POINT('',(-0.8,-0.4,0.));
#2522 = VECTOR('',#2523,1.);
#2523 = DIRECTION('',(0.,1.,0.));
#2524 = ORIENTED_EDGE('',*,*,#2525,.F.);
#2525 = EDGE_CURVE('',#2526,#2518,#2528,.T.);
#2526 = VERTEX_POINT('',#2527);
#2527 = CARTESIAN_POINT('',(-0.8,0.4,3.E-02));
#2528 = CIRCLE('',#2529,3.E-02);
#2529 = AXIS2_PLACEMENT_3D('',#2530,#2531,#2532);
#2530 = CARTESIAN_POINT('',(-0.8,0.37,3.E-02));
#2531 = DIRECTION('',(-1.,0.,0.));
#2532 = DIRECTION('',(0.,0.,1.));
#2533 = ORIENTED_EDGE('',*,*,#2534,.T.);
#2534 = EDGE_CURVE('',#2526,#2535,#2537,.T.);
#2535 = VERTEX_POINT('',#2536);
#2536 = CARTESIAN_POINT('',(-0.8,0.4,0.77));
#2537 = LINE('',#2538,#2539);
#2538 = CARTESIAN_POINT('',(-0.8,0.4,0.));
#2539 = VECTOR('',#2540,1.);
#2540 = DIRECTION('',(0.,0.,1.));
#2541 = ORIENTED_EDGE('',*,*,#2542,.T.);
#2542 = EDGE_CURVE('',#2535,#2543,#2545,.T.);
#2543 = VERTEX_POINT('',#2544);
#2544 = CARTESIAN_POINT('',(-0.8,0.37,0.8));
#2545 = CIRCLE('',#2546,3.E-02);
#2546 = AXIS2_PLACEMENT_3D('',#2547,#2548,#2549);
#2547 = CARTESIAN_POINT('',(-0.8,0.37,0.77));
#2548 = DIRECTION('',(1.,0.,-0.));
#2549 = DIRECTION('',(0.,0.,1.));
#2550 = ORIENTED_EDGE('',*,*,#2551,.F.);
#2551 = EDGE_CURVE('',#2552,#2543,#2554,.T.);
#2552 = VERTEX_POINT('',#2553);
#2553 = CARTESIAN_POINT('',(-0.8,-0.37,0.8));
#2554 = LINE('',#2555,#2556);
#2555 = CARTESIAN_POINT('',(-0.8,-0.4,0.8));
#2556 = VECTOR('',#2557,1.);
#2557 = DIRECTION('',(0.,1.,0.));
#2558 = ORIENTED_EDGE('',*,*,#2559,.F.);
#2559 = EDGE_CURVE('',#2501,#2552,#2560,.T.);
#2560 = CIRCLE('',#2561,3.E-02);
#2561 = AXIS2_PLACEMENT_3D('',#2562,#2563,#2564);
#2562 = CARTESIAN_POINT('',(-0.8,-0.37,0.77));
#2563 = DIRECTION('',(-1.,0.,0.));
#2564 = DIRECTION('',(0.,0.,1.));
#2565 = PLANE('',#2566);
#2566 = AXIS2_PLACEMENT_3D('',#2567,#2568,#2569);
#2567 = CARTESIAN_POINT('',(-0.8,-0.4,0.));
#2568 = DIRECTION('',(1.,0.,0.));
#2569 = DIRECTION('',(0.,0.,1.));
#2570 = ADVANCED_FACE('',(#2571),#2596,.F.);
#2571 = FACE_BOUND('',#2572,.F.);
#2572 = EDGE_LOOP('',(#2573,#2583,#2589,#2590));
#2573 = ORIENTED_EDGE('',*,*,#2574,.F.);
#2574 = EDGE_CURVE('',#2575,#2577,#2579,.T.);
#2575 = VERTEX_POINT('',#2576);
#2576 = CARTESIAN_POINT('',(-0.5,-0.4,3.E-02));
#2577 = VERTEX_POINT('',#2578);
#2578 = CARTESIAN_POINT('',(-0.5,-0.4,0.77));
#2579 = LINE('',#2580,#2581);
#2580 = CARTESIAN_POINT('',(-0.5,-0.4,0.));
#2581 = VECTOR('',#2582,1.);
#2582 = DIRECTION('',(0.,0.,1.));
#2583 = ORIENTED_EDGE('',*,*,#2584,.F.);
#2584 = EDGE_CURVE('',#2499,#2575,#2585,.T.);
#2585 = LINE('',#2586,#2587);
#2586 = CARTESIAN_POINT('',(-0.8,-0.4,3.E-02));
#2587 = VECTOR('',#2588,1.);
#2588 = DIRECTION('',(1.,0.,0.));
#2589 = ORIENTED_EDGE('',*,*,#2498,.T.);
#2590 = ORIENTED_EDGE('',*,*,#2591,.T.);
#2591 = EDGE_CURVE('',#2501,#2577,#2592,.T.);
#2592 = LINE('',#2593,#2594);
#2593 = CARTESIAN_POINT('',(-0.8,-0.4,0.77));
#2594 = VECTOR('',#2595,1.);
#2595 = DIRECTION('',(1.,0.,0.));
#2596 = PLANE('',#2597);
#2597 = AXIS2_PLACEMENT_3D('',#2598,#2599,#2600);
#2598 = CARTESIAN_POINT('',(-0.8,-0.4,0.));
#2599 = DIRECTION('',(0.,1.,0.));
#2600 = DIRECTION('',(0.,-0.,1.));
#2601 = ADVANCED_FACE('',(#2602),#2621,.T.);
#2602 = FACE_BOUND('',#2603,.T.);
#2603 = EDGE_LOOP('',(#2604,#2605,#2613,#2620));
#2604 = ORIENTED_EDGE('',*,*,#2508,.T.);
#2605 = ORIENTED_EDGE('',*,*,#2606,.T.);
#2606 = EDGE_CURVE('',#2509,#2607,#2609,.T.);
#2607 = VERTEX_POINT('',#2608);
#2608 = CARTESIAN_POINT('',(-0.5,-0.37,0.));
#2609 = LINE('',#2610,#2611);
#2610 = CARTESIAN_POINT('',(-0.8,-0.37,0.));
#2611 = VECTOR('',#2612,1.);
#2612 = DIRECTION('',(1.,0.,0.));
#2613 = ORIENTED_EDGE('',*,*,#2614,.F.);
#2614 = EDGE_CURVE('',#2575,#2607,#2615,.T.);
#2615 = CIRCLE('',#2616,3.E-02);
#2616 = AXIS2_PLACEMENT_3D('',#2617,#2618,#2619);
#2617 = CARTESIAN_POINT('',(-0.5,-0.37,3.E-02));
#2618 = DIRECTION('',(1.,0.,-0.));
#2619 = DIRECTION('',(0.,0.,1.));
#2620 = ORIENTED_EDGE('',*,*,#2584,.F.);
#2621 = CYLINDRICAL_SURFACE('',#2622,3.E-02);
#2622 = AXIS2_PLACEMENT_3D('',#2623,#2624,#2625);
#2623 = CARTESIAN_POINT('',(-0.8,-0.37,3.E-02));
#2624 = DIRECTION('',(1.,0.,0.));
#2625 = DIRECTION('',(0.,-1.,0.));
#2626 = ADVANCED_FACE('',(#2627),#2646,.T.);
#2627 = FACE_BOUND('',#2628,.T.);
#2628 = EDGE_LOOP('',(#2629,#2630,#2639,#2645));
#2629 = ORIENTED_EDGE('',*,*,#2591,.T.);
#2630 = ORIENTED_EDGE('',*,*,#2631,.T.);
#2631 = EDGE_CURVE('',#2577,#2632,#2634,.T.);
#2632 = VERTEX_POINT('',#2633);
#2633 = CARTESIAN_POINT('',(-0.5,-0.37,0.8));
#2634 = CIRCLE('',#2635,3.E-02);
#2635 = AXIS2_PLACEMENT_3D('',#2636,#2637,#2638);
#2636 = CARTESIAN_POINT('',(-0.5,-0.37,0.77));
#2637 = DIRECTION('',(-1.,0.,0.));
#2638 = DIRECTION('',(0.,0.,1.));
#2639 = ORIENTED_EDGE('',*,*,#2640,.F.);
#2640 = EDGE_CURVE('',#2552,#2632,#2641,.T.);
#2641 = LINE('',#2642,#2643);
#2642 = CARTESIAN_POINT('',(-0.8,-0.37,0.8));
#2643 = VECTOR('',#2644,1.);
#2644 = DIRECTION('',(1.,0.,0.));
#2645 = ORIENTED_EDGE('',*,*,#2559,.F.);
#2646 = CYLINDRICAL_SURFACE('',#2647,3.E-02);
#2647 = AXIS2_PLACEMENT_3D('',#2648,#2649,#2650);
#2648 = CARTESIAN_POINT('',(-0.8,-0.37,0.77));
#2649 = DIRECTION('',(1.,0.,0.));
#2650 = DIRECTION('',(0.,-1.,0.));
#2651 = ADVANCED_FACE('',(#2652),#2670,.F.);
#2652 = FACE_BOUND('',#2653,.F.);
#2653 = EDGE_LOOP('',(#2654,#2655,#2656,#2664));
#2654 = ORIENTED_EDGE('',*,*,#2517,.F.);
#2655 = ORIENTED_EDGE('',*,*,#2606,.T.);
#2656 = ORIENTED_EDGE('',*,*,#2657,.T.);
#2657 = EDGE_CURVE('',#2607,#2658,#2660,.T.);
#2658 = VERTEX_POINT('',#2659);
#2659 = CARTESIAN_POINT('',(-0.5,0.37,0.));
#2660 = LINE('',#2661,#2662);
#2661 = CARTESIAN_POINT('',(-0.5,-0.4,0.));
#2662 = VECTOR('',#2663,1.);
#2663 = DIRECTION('',(0.,1.,0.));
#2664 = ORIENTED_EDGE('',*,*,#2665,.F.);
#2665 = EDGE_CURVE('',#2518,#2658,#2666,.T.);
#2666 = LINE('',#2667,#2668);
#2667 = CARTESIAN_POINT('',(-0.8,0.37,0.));
#2668 = VECTOR('',#2669,1.);
#2669 = DIRECTION('',(1.,0.,0.));
#2670 = PLANE('',#2671);
#2671 = AXIS2_PLACEMENT_3D('',#2672,#2673,#2674);
#2672 = CARTESIAN_POINT('',(-0.8,-0.4,0.));
#2673 = DIRECTION('',(0.,0.,1.));
#2674 = DIRECTION('',(1.,0.,-0.));
#2675 = ADVANCED_FACE('',(#2676),#2694,.T.);
#2676 = FACE_BOUND('',#2677,.T.);
#2677 = EDGE_LOOP('',(#2678,#2679,#2680,#2688));
#2678 = ORIENTED_EDGE('',*,*,#2551,.F.);
#2679 = ORIENTED_EDGE('',*,*,#2640,.T.);
#2680 = ORIENTED_EDGE('',*,*,#2681,.T.);
#2681 = EDGE_CURVE('',#2632,#2682,#2684,.T.);
#2682 = VERTEX_POINT('',#2683);
#2683 = CARTESIAN_POINT('',(-0.5,0.37,0.8));
#2684 = LINE('',#2685,#2686);
#2685 = CARTESIAN_POINT('',(-0.5,-0.4,0.8));
#2686 = VECTOR('',#2687,1.);
#2687 = DIRECTION('',(0.,1.,0.));
#2688 = ORIENTED_EDGE('',*,*,#2689,.F.);
#2689 = EDGE_CURVE('',#2543,#2682,#2690,.T.);
#2690 = LINE('',#2691,#2692);
#2691 = CARTESIAN_POINT('',(-0.8,0.37,0.8));
#2692 = VECTOR('',#2693,1.);
#2693 = DIRECTION('',(1.,0.,0.));
#2694 = PLANE('',#2695);
#2695 = AXIS2_PLACEMENT_3D('',#2696,#2697,#2698);
#2696 = CARTESIAN_POINT('',(-0.8,-0.4,0.8));
#2697 = DIRECTION('',(0.,0.,1.));
#2698 = DIRECTION('',(1.,0.,-0.));
#2699 = ADVANCED_FACE('',(#2700),#2719,.T.);
#2700 = FACE_BOUND('',#2701,.T.);
#2701 = EDGE_LOOP('',(#2702,#2710,#2717,#2718));
#2702 = ORIENTED_EDGE('',*,*,#2703,.T.);
#2703 = EDGE_CURVE('',#2526,#2704,#2706,.T.);
#2704 = VERTEX_POINT('',#2705);
#2705 = CARTESIAN_POINT('',(-0.5,0.4,3.E-02));
#2706 = LINE('',#2707,#2708);
#2707 = CARTESIAN_POINT('',(-0.8,0.4,3.E-02));
#2708 = VECTOR('',#2709,1.);
#2709 = DIRECTION('',(1.,0.,0.));
#2710 = ORIENTED_EDGE('',*,*,#2711,.T.);
#2711 = EDGE_CURVE('',#2704,#2658,#2712,.T.);
#2712 = CIRCLE('',#2713,3.E-02);
#2713 = AXIS2_PLACEMENT_3D('',#2714,#2715,#2716);
#2714 = CARTESIAN_POINT('',(-0.5,0.37,3.E-02));
#2715 = DIRECTION('',(-1.,0.,0.));
#2716 = DIRECTION('',(0.,0.,1.));
#2717 = ORIENTED_EDGE('',*,*,#2665,.F.);
#2718 = ORIENTED_EDGE('',*,*,#2525,.F.);
#2719 = CYLINDRICAL_SURFACE('',#2720,3.E-02);
#2720 = AXIS2_PLACEMENT_3D('',#2721,#2722,#2723);
#2721 = CARTESIAN_POINT('',(-0.8,0.37,3.E-02));
#2722 = DIRECTION('',(1.,0.,0.));
#2723 = DIRECTION('',(-0.,1.,0.));
#2724 = ADVANCED_FACE('',(#2725),#2744,.T.);
#2725 = FACE_BOUND('',#2726,.T.);
#2726 = EDGE_LOOP('',(#2727,#2728,#2729,#2738));
#2727 = ORIENTED_EDGE('',*,*,#2542,.T.);
#2728 = ORIENTED_EDGE('',*,*,#2689,.T.);
#2729 = ORIENTED_EDGE('',*,*,#2730,.F.);
#2730 = EDGE_CURVE('',#2731,#2682,#2733,.T.);
#2731 = VERTEX_POINT('',#2732);
#2732 = CARTESIAN_POINT('',(-0.5,0.4,0.77));
#2733 = CIRCLE('',#2734,3.E-02);
#2734 = AXIS2_PLACEMENT_3D('',#2735,#2736,#2737);
#2735 = CARTESIAN_POINT('',(-0.5,0.37,0.77));
#2736 = DIRECTION('',(1.,0.,-0.));
#2737 = DIRECTION('',(0.,0.,1.));
#2738 = ORIENTED_EDGE('',*,*,#2739,.F.);
#2739 = EDGE_CURVE('',#2535,#2731,#2740,.T.);
#2740 = LINE('',#2741,#2742);
#2741 = CARTESIAN_POINT('',(-0.8,0.4,0.77));
#2742 = VECTOR('',#2743,1.);
#2743 = DIRECTION('',(1.,0.,0.));
#2744 = CYLINDRICAL_SURFACE('',#2745,3.E-02);
#2745 = AXIS2_PLACEMENT_3D('',#2746,#2747,#2748);
#2746 = CARTESIAN_POINT('',(-0.8,0.37,0.77));
#2747 = DIRECTION('',(1.,0.,0.));
#2748 = DIRECTION('',(-0.,1.,0.));
#2749 = ADVANCED_FACE('',(#2750),#2761,.T.);
#2750 = FACE_BOUND('',#2751,.T.);
#2751 = EDGE_LOOP('',(#2752,#2758,#2759,#2760));
#2752 = ORIENTED_EDGE('',*,*,#2753,.F.);
#2753 = EDGE_CURVE('',#2704,#2731,#2754,.T.);
#2754 = LINE('',#2755,#2756);
#2755 = CARTESIAN_POINT('',(-0.5,0.4,0.));
#2756 = VECTOR('',#2757,1.);
#2757 = DIRECTION('',(0.,0.,1.));
#2758 = ORIENTED_EDGE('',*,*,#2703,.F.);
#2759 = ORIENTED_EDGE('',*,*,#2534,.T.);
#2760 = ORIENTED_EDGE('',*,*,#2739,.T.);
#2761 = PLANE('',#2762);
#2762 = AXIS2_PLACEMENT_3D('',#2763,#2764,#2765);
#2763 = CARTESIAN_POINT('',(-0.8,0.4,0.));
#2764 = DIRECTION('',(0.,1.,0.));
#2765 = DIRECTION('',(0.,-0.,1.));
#2766 = ADVANCED_FACE('',(#2767,#2777),#2847,.T.);
#2767 = FACE_BOUND('',#2768,.T.);
#2768 = EDGE_LOOP('',(#2769,#2770,#2771,#2772,#2773,#2774,#2775,#2776));
#2769 = ORIENTED_EDGE('',*,*,#2574,.F.);
#2770 = ORIENTED_EDGE('',*,*,#2614,.T.);
#2771 = ORIENTED_EDGE('',*,*,#2657,.T.);
#2772 = ORIENTED_EDGE('',*,*,#2711,.F.);
#2773 = ORIENTED_EDGE('',*,*,#2753,.T.);
#2774 = ORIENTED_EDGE('',*,*,#2730,.T.);
#2775 = ORIENTED_EDGE('',*,*,#2681,.F.);
#2776 = ORIENTED_EDGE('',*,*,#2631,.F.);
#2777 = FACE_BOUND('',#2778,.T.);
#2778 = EDGE_LOOP('',(#2779,#2790,#2798,#2807,#2815,#2824,#2832,#2841));
#2779 = ORIENTED_EDGE('',*,*,#2780,.F.);
#2780 = EDGE_CURVE('',#2781,#2783,#2785,.T.);
#2781 = VERTEX_POINT('',#2782);
#2782 = CARTESIAN_POINT('',(-0.5,-0.37,6.E-02));
#2783 = VERTEX_POINT('',#2784);
#2784 = CARTESIAN_POINT('',(-0.5,-0.34,3.E-02));
#2785 = CIRCLE('',#2786,3.E-02);
#2786 = AXIS2_PLACEMENT_3D('',#2787,#2788,#2789);
#2787 = CARTESIAN_POINT('',(-0.5,-0.34,6.E-02));
#2788 = DIRECTION('',(1.,0.,-0.));
#2789 = DIRECTION('',(0.,0.,1.));
#2790 = ORIENTED_EDGE('',*,*,#2791,.T.);
#2791 = EDGE_CURVE('',#2781,#2792,#2794,.T.);
#2792 = VERTEX_POINT('',#2793);
#2793 = CARTESIAN_POINT('',(-0.5,-0.37,0.74));
#2794 = LINE('',#2795,#2796);
#2795 = CARTESIAN_POINT('',(-0.5,-0.37,3.E-02));
#2796 = VECTOR('',#2797,1.);
#2797 = DIRECTION('',(0.,0.,1.));
#2798 = ORIENTED_EDGE('',*,*,#2799,.T.);
#2799 = EDGE_CURVE('',#2792,#2800,#2802,.T.);
#2800 = VERTEX_POINT('',#2801);
#2801 = CARTESIAN_POINT('',(-0.5,-0.34,0.77));
#2802 = CIRCLE('',#2803,3.E-02);
#2803 = AXIS2_PLACEMENT_3D('',#2804,#2805,#2806);
#2804 = CARTESIAN_POINT('',(-0.5,-0.34,0.74));
#2805 = DIRECTION('',(-1.,0.,0.));
#2806 = DIRECTION('',(0.,0.,1.));
#2807 = ORIENTED_EDGE('',*,*,#2808,.T.);
#2808 = EDGE_CURVE('',#2800,#2809,#2811,.T.);
#2809 = VERTEX_POINT('',#2810);
#2810 = CARTESIAN_POINT('',(-0.5,0.34,0.77));
#2811 = LINE('',#2812,#2813);
#2812 = CARTESIAN_POINT('',(-0.5,-0.37,0.77));
#2813 = VECTOR('',#2814,1.);
#2814 = DIRECTION('',(0.,1.,0.));
#2815 = ORIENTED_EDGE('',*,*,#2816,.F.);
#2816 = EDGE_CURVE('',#2817,#2809,#2819,.T.);
#2817 = VERTEX_POINT('',#2818);
#2818 = CARTESIAN_POINT('',(-0.5,0.37,0.74));
#2819 = CIRCLE('',#2820,3.E-02);
#2820 = AXIS2_PLACEMENT_3D('',#2821,#2822,#2823);
#2821 = CARTESIAN_POINT('',(-0.5,0.34,0.74));
#2822 = DIRECTION('',(1.,0.,-0.));
#2823 = DIRECTION('',(0.,0.,1.));
#2824 = ORIENTED_EDGE('',*,*,#2825,.F.);
#2825 = EDGE_CURVE('',#2826,#2817,#2828,.T.);
#2826 = VERTEX_POINT('',#2827);
#2827 = CARTESIAN_POINT('',(-0.5,0.37,6.E-02));
#2828 = LINE('',#2829,#2830);
#2829 = CARTESIAN_POINT('',(-0.5,0.37,3.E-02));
#2830 = VECTOR('',#2831,1.);
#2831 = DIRECTION('',(0.,0.,1.));
#2832 = ORIENTED_EDGE('',*,*,#2833,.T.);
#2833 = EDGE_CURVE('',#2826,#2834,#2836,.T.);
#2834 = VERTEX_POINT('',#2835);
#2835 = CARTESIAN_POINT('',(-0.5,0.34,3.E-02));
#2836 = CIRCLE('',#2837,3.E-02);
#2837 = AXIS2_PLACEMENT_3D('',#2838,#2839,#2840);
#2838 = CARTESIAN_POINT('',(-0.5,0.34,6.E-02));
#2839 = DIRECTION('',(-1.,0.,0.));
#2840 = DIRECTION('',(0.,0.,1.));
#2841 = ORIENTED_EDGE('',*,*,#2842,.F.);
#2842 = EDGE_CURVE('',#2783,#2834,#2843,.T.);
#2843 = LINE('',#2844,#2845);
#2844 = CARTESIAN_POINT('',(-0.5,-0.37,3.E-02));
#2845 = VECTOR('',#2846,1.);
#2846 = DIRECTION('',(0.,1.,0.));
#2847 = PLANE('',#2848);
#2848 = AXIS2_PLACEMENT_3D('',#2849,#2850,#2851);
#2849 = CARTESIAN_POINT('',(-0.5,-0.4,0.));
#2850 = DIRECTION('',(1.,0.,0.));
#2851 = DIRECTION('',(0.,0.,1.));
#2852 = ADVANCED_FACE('',(#2853),#2879,.T.);
#2853 = FACE_BOUND('',#2854,.T.);
#2854 = EDGE_LOOP('',(#2855,#2856,#2864,#2873));
#2855 = ORIENTED_EDGE('',*,*,#2780,.T.);
#2856 = ORIENTED_EDGE('',*,*,#2857,.T.);
#2857 = EDGE_CURVE('',#2783,#2858,#2860,.T.);
#2858 = VERTEX_POINT('',#2859);
#2859 = CARTESIAN_POINT('',(0.5,-0.34,3.E-02));
#2860 = LINE('',#2861,#2862);
#2861 = CARTESIAN_POINT('',(-0.5,-0.34,3.E-02));
#2862 = VECTOR('',#2863,1.);
#2863 = DIRECTION('',(1.,0.,0.));
#2864 = ORIENTED_EDGE('',*,*,#2865,.F.);
#2865 = EDGE_CURVE('',#2866,#2858,#2868,.T.);
#2866 = VERTEX_POINT('',#2867);
#2867 = CARTESIAN_POINT('',(0.5,-0.37,6.E-02));
#2868 = CIRCLE('',#2869,3.E-02);
#2869 = AXIS2_PLACEMENT_3D('',#2870,#2871,#2872);
#2870 = CARTESIAN_POINT('',(0.5,-0.34,6.E-02));
#2871 = DIRECTION('',(1.,0.,-0.));
#2872 = DIRECTION('',(0.,0.,1.));
#2873 = ORIENTED_EDGE('',*,*,#2874,.F.);
#2874 = EDGE_CURVE('',#2781,#2866,#2875,.T.);
#2875 = LINE('',#2876,#2877);
#2876 = CARTESIAN_POINT('',(-0.5,-0.37,6.E-02));
#2877 = VECTOR('',#2878,1.);
#2878 = DIRECTION('',(1.,0.,0.));
#2879 = CYLINDRICAL_SURFACE('',#2880,3.E-02);
#2880 = AXIS2_PLACEMENT_3D('',#2881,#2882,#2883);
#2881 = CARTESIAN_POINT('',(-0.5,-0.34,6.E-02));
#2882 = DIRECTION('',(1.,0.,0.));
#2883 = DIRECTION('',(0.,-1.,0.));
#2884 = ADVANCED_FACE('',(#2885),#2903,.F.);
#2885 = FACE_BOUND('',#2886,.F.);
#2886 = EDGE_LOOP('',(#2887,#2888,#2889,#2897));
#2887 = ORIENTED_EDGE('',*,*,#2842,.F.);
#2888 = ORIENTED_EDGE('',*,*,#2857,.T.);
#2889 = ORIENTED_EDGE('',*,*,#2890,.T.);
#2890 = EDGE_CURVE('',#2858,#2891,#2893,.T.);
#2891 = VERTEX_POINT('',#2892);
#2892 = CARTESIAN_POINT('',(0.5,0.34,3.E-02));
#2893 = LINE('',#2894,#2895);
#2894 = CARTESIAN_POINT('',(0.5,-0.37,3.E-02));
#2895 = VECTOR('',#2896,1.);
#2896 = DIRECTION('',(0.,1.,0.));
#2897 = ORIENTED_EDGE('',*,*,#2898,.F.);
#2898 = EDGE_CURVE('',#2834,#2891,#2899,.T.);
#2899 = LINE('',#2900,#2901);
#2900 = CARTESIAN_POINT('',(-0.5,0.34,3.E-02));
#2901 = VECTOR('',#2902,1.);
#2902 = DIRECTION('',(1.,0.,0.));
#2903 = PLANE('',#2904);
#2904 = AXIS2_PLACEMENT_3D('',#2905,#2906,#2907);
#2905 = CARTESIAN_POINT('',(-0.5,-0.37,3.E-02));
#2906 = DIRECTION('',(0.,0.,1.));
#2907 = DIRECTION('',(1.,0.,-0.));
#2908 = ADVANCED_FACE('',(#2909),#2928,.T.);
#2909 = FACE_BOUND('',#2910,.T.);
#2910 = EDGE_LOOP('',(#2911,#2919,#2926,#2927));
#2911 = ORIENTED_EDGE('',*,*,#2912,.T.);
#2912 = EDGE_CURVE('',#2826,#2913,#2915,.T.);
#2913 = VERTEX_POINT('',#2914);
#2914 = CARTESIAN_POINT('',(0.5,0.37,6.E-02));
#2915 = LINE('',#2916,#2917);
#2916 = CARTESIAN_POINT('',(-0.5,0.37,6.E-02));
#2917 = VECTOR('',#2918,1.);
#2918 = DIRECTION('',(1.,0.,0.));
#2919 = ORIENTED_EDGE('',*,*,#2920,.T.);
#2920 = EDGE_CURVE('',#2913,#2891,#2921,.T.);
#2921 = CIRCLE('',#2922,3.E-02);
#2922 = AXIS2_PLACEMENT_3D('',#2923,#2924,#2925);
#2923 = CARTESIAN_POINT('',(0.5,0.34,6.E-02));
#2924 = DIRECTION('',(-1.,0.,0.));
#2925 = DIRECTION('',(0.,0.,1.));
#2926 = ORIENTED_EDGE('',*,*,#2898,.F.);
#2927 = ORIENTED_EDGE('',*,*,#2833,.F.);
#2928 = CYLINDRICAL_SURFACE('',#2929,3.E-02);
#2929 = AXIS2_PLACEMENT_3D('',#2930,#2931,#2932);
#2930 = CARTESIAN_POINT('',(-0.5,0.34,6.E-02));
#2931 = DIRECTION('',(1.,0.,0.));
#2932 = DIRECTION('',(-0.,1.,0.));
#2933 = ADVANCED_FACE('',(#2934),#2952,.T.);
#2934 = FACE_BOUND('',#2935,.T.);
#2935 = EDGE_LOOP('',(#2936,#2944,#2945,#2946));
#2936 = ORIENTED_EDGE('',*,*,#2937,.F.);
#2937 = EDGE_CURVE('',#2913,#2938,#2940,.T.);
#2938 = VERTEX_POINT('',#2939);
#2939 = CARTESIAN_POINT('',(0.5,0.37,0.74));
#2940 = LINE('',#2941,#2942);
#2941 = CARTESIAN_POINT('',(0.5,0.37,3.E-02));
#2942 = VECTOR('',#2943,1.);
#2943 = DIRECTION('',(0.,0.,1.));
#2944 = ORIENTED_EDGE('',*,*,#2912,.F.);
#2945 = ORIENTED_EDGE('',*,*,#2825,.T.);
#2946 = ORIENTED_EDGE('',*,*,#2947,.T.);
#2947 = EDGE_CURVE('',#2817,#2938,#2948,.T.);
#2948 = LINE('',#2949,#2950);
#2949 = CARTESIAN_POINT('',(-0.5,0.37,0.74));
#2950 = VECTOR('',#2951,1.);
#2951 = DIRECTION('',(1.,0.,0.));
#2952 = PLANE('',#2953);
#2953 = AXIS2_PLACEMENT_3D('',#2954,#2955,#2956);
#2954 = CARTESIAN_POINT('',(-0.5,0.37,3.E-02));
#2955 = DIRECTION('',(0.,1.,0.));
#2956 = DIRECTION('',(0.,-0.,1.));
#2957 = ADVANCED_FACE('',(#2958),#2977,.T.);
#2958 = FACE_BOUND('',#2959,.T.);
#2959 = EDGE_LOOP('',(#2960,#2961,#2969,#2976));
#2960 = ORIENTED_EDGE('',*,*,#2816,.T.);
#2961 = ORIENTED_EDGE('',*,*,#2962,.T.);
#2962 = EDGE_CURVE('',#2809,#2963,#2965,.T.);
#2963 = VERTEX_POINT('',#2964);
#2964 = CARTESIAN_POINT('',(0.5,0.34,0.77));
#2965 = LINE('',#2966,#2967);
#2966 = CARTESIAN_POINT('',(-0.5,0.34,0.77));
#2967 = VECTOR('',#2968,1.);
#2968 = DIRECTION('',(1.,0.,0.));
#2969 = ORIENTED_EDGE('',*,*,#2970,.F.);
#2970 = EDGE_CURVE('',#2938,#2963,#2971,.T.);
#2971 = CIRCLE('',#2972,3.E-02);
#2972 = AXIS2_PLACEMENT_3D('',#2973,#2974,#2975);
#2973 = CARTESIAN_POINT('',(0.5,0.34,0.74));
#2974 = DIRECTION('',(1.,0.,-0.));
#2975 = DIRECTION('',(0.,0.,1.));
#2976 = ORIENTED_EDGE('',*,*,#2947,.F.);
#2977 = CYLINDRICAL_SURFACE('',#2978,3.E-02);
#2978 = AXIS2_PLACEMENT_3D('',#2979,#2980,#2981);
#2979 = CARTESIAN_POINT('',(-0.5,0.34,0.74));
#2980 = DIRECTION('',(1.,0.,0.));
#2981 = DIRECTION('',(-0.,1.,0.));
#2982 = ADVANCED_FACE('',(#2983),#3001,.T.);
#2983 = FACE_BOUND('',#2984,.T.);
#2984 = EDGE_LOOP('',(#2985,#2986,#2994,#3000));
#2985 = ORIENTED_EDGE('',*,*,#2808,.F.);
#2986 = ORIENTED_EDGE('',*,*,#2987,.T.);
#2987 = EDGE_CURVE('',#2800,#2988,#2990,.T.);
#2988 = VERTEX_POINT('',#2989);
#2989 = CARTESIAN_POINT('',(0.5,-0.34,0.77));
#2990 = LINE('',#2991,#2992);
#2991 = CARTESIAN_POINT('',(-0.5,-0.34,0.77));
#2992 = VECTOR('',#2993,1.);
#2993 = DIRECTION('',(1.,0.,0.));
#2994 = ORIENTED_EDGE('',*,*,#2995,.T.);
#2995 = EDGE_CURVE('',#2988,#2963,#2996,.T.);
#2996 = LINE('',#2997,#2998);
#2997 = CARTESIAN_POINT('',(0.5,-0.37,0.77));
#2998 = VECTOR('',#2999,1.);
#2999 = DIRECTION('',(0.,1.,0.));
#3000 = ORIENTED_EDGE('',*,*,#2962,.F.);
#3001 = PLANE('',#3002);
#3002 = AXIS2_PLACEMENT_3D('',#3003,#3004,#3005);
#3003 = CARTESIAN_POINT('',(-0.5,-0.37,0.77));
#3004 = DIRECTION('',(0.,0.,1.));
#3005 = DIRECTION('',(1.,0.,-0.));
#3006 = ADVANCED_FACE('',(#3007),#3026,.T.);
#3007 = FACE_BOUND('',#3008,.T.);
#3008 = EDGE_LOOP('',(#3009,#3017,#3024,#3025));
#3009 = ORIENTED_EDGE('',*,*,#3010,.T.);
#3010 = EDGE_CURVE('',#2792,#3011,#3013,.T.);
#3011 = VERTEX_POINT('',#3012);
#3012 = CARTESIAN_POINT('',(0.5,-0.37,0.74));
#3013 = LINE('',#3014,#3015);
#3014 = CARTESIAN_POINT('',(-0.5,-0.37,0.74));
#3015 = VECTOR('',#3016,1.);
#3016 = DIRECTION('',(1.,0.,0.));
#3017 = ORIENTED_EDGE('',*,*,#3018,.T.);
#3018 = EDGE_CURVE('',#3011,#2988,#3019,.T.);
#3019 = CIRCLE('',#3020,3.E-02);
#3020 = AXIS2_PLACEMENT_3D('',#3021,#3022,#3023);
#3021 = CARTESIAN_POINT('',(0.5,-0.34,0.74));
#3022 = DIRECTION('',(-1.,0.,0.));
#3023 = DIRECTION('',(0.,0.,1.));
#3024 = ORIENTED_EDGE('',*,*,#2987,.F.);
#3025 = ORIENTED_EDGE('',*,*,#2799,.F.);
#3026 = CYLINDRICAL_SURFACE('',#3027,3.E-02);
#3027 = AXIS2_PLACEMENT_3D('',#3028,#3029,#3030);
#3028 = CARTESIAN_POINT('',(-0.5,-0.34,0.74));
#3029 = DIRECTION('',(1.,0.,0.));
#3030 = DIRECTION('',(0.,-1.,0.));
#3031 = ADVANCED_FACE('',(#3032),#3043,.F.);
#3032 = FACE_BOUND('',#3033,.F.);
#3033 = EDGE_LOOP('',(#3034,#3040,#3041,#3042));
#3034 = ORIENTED_EDGE('',*,*,#3035,.F.);
#3035 = EDGE_CURVE('',#2866,#3011,#3036,.T.);
#3036 = LINE('',#3037,#3038);
#3037 = CARTESIAN_POINT('',(0.5,-0.37,3.E-02));
#3038 = VECTOR('',#3039,1.);
#3039 = DIRECTION('',(0.,0.,1.));
#3040 = ORIENTED_EDGE('',*,*,#2874,.F.);
#3041 = ORIENTED_EDGE('',*,*,#2791,.T.);
#3042 = ORIENTED_EDGE('',*,*,#3010,.T.);
#3043 = PLANE('',#3044);
#3044 = AXIS2_PLACEMENT_3D('',#3045,#3046,#3047);
#3045 = CARTESIAN_POINT('',(-0.5,-0.37,3.E-02));
#3046 = DIRECTION('',(0.,1.,0.));
#3047 = DIRECTION('',(0.,-0.,1.));
#3048 = ADVANCED_FACE('',(#3049,#3119),#3129,.F.);
#3049 = FACE_BOUND('',#3050,.F.);
#3050 = EDGE_LOOP('',(#3051,#3061,#3070,#3078,#3087,#3095,#3104,#3112));
#3051 = ORIENTED_EDGE('',*,*,#3052,.F.);
#3052 = EDGE_CURVE('',#3053,#3055,#3057,.T.);
#3053 = VERTEX_POINT('',#3054);
#3054 = CARTESIAN_POINT('',(0.5,-0.4,3.E-02));
#3055 = VERTEX_POINT('',#3056);
#3056 = CARTESIAN_POINT('',(0.5,-0.4,0.77));
#3057 = LINE('',#3058,#3059);
#3058 = CARTESIAN_POINT('',(0.5,-0.4,0.));
#3059 = VECTOR('',#3060,1.);
#3060 = DIRECTION('',(0.,0.,1.));
#3061 = ORIENTED_EDGE('',*,*,#3062,.T.);
#3062 = EDGE_CURVE('',#3053,#3063,#3065,.T.);
#3063 = VERTEX_POINT('',#3064);
#3064 = CARTESIAN_POINT('',(0.5,-0.37,0.));
#3065 = CIRCLE('',#3066,3.E-02);
#3066 = AXIS2_PLACEMENT_3D('',#3067,#3068,#3069);
#3067 = CARTESIAN_POINT('',(0.5,-0.37,3.E-02));
#3068 = DIRECTION('',(1.,0.,-0.));
#3069 = DIRECTION('',(0.,0.,1.));
#3070 = ORIENTED_EDGE('',*,*,#3071,.T.);
#3071 = EDGE_CURVE('',#3063,#3072,#3074,.T.);
#3072 = VERTEX_POINT('',#3073);
#3073 = CARTESIAN_POINT('',(0.5,0.37,0.));
#3074 = LINE('',#3075,#3076);
#3075 = CARTESIAN_POINT('',(0.5,-0.4,0.));
#3076 = VECTOR('',#3077,1.);
#3077 = DIRECTION('',(0.,1.,0.));
#3078 = ORIENTED_EDGE('',*,*,#3079,.F.);
#3079 = EDGE_CURVE('',#3080,#3072,#3082,.T.);
#3080 = VERTEX_POINT('',#3081);
#3081 = CARTESIAN_POINT('',(0.5,0.4,3.E-02));
#3082 = CIRCLE('',#3083,3.E-02);
#3083 = AXIS2_PLACEMENT_3D('',#3084,#3085,#3086);
#3084 = CARTESIAN_POINT('',(0.5,0.37,3.E-02));
#3085 = DIRECTION('',(-1.,0.,0.));
#3086 = DIRECTION('',(0.,0.,1.));
#3087 = ORIENTED_EDGE('',*,*,#3088,.T.);
#3088 = EDGE_CURVE('',#3080,#3089,#3091,.T.);
#3089 = VERTEX_POINT('',#3090);
#3090 = CARTESIAN_POINT('',(0.5,0.4,0.77));
#3091 = LINE('',#3092,#3093);
#3092 = CARTESIAN_POINT('',(0.5,0.4,0.));
#3093 = VECTOR('',#3094,1.);
#3094 = DIRECTION('',(0.,0.,1.));
#3095 = ORIENTED_EDGE('',*,*,#3096,.T.);
#3096 = EDGE_CURVE('',#3089,#3097,#3099,.T.);
#3097 = VERTEX_POINT('',#3098);
#3098 = CARTESIAN_POINT('',(0.5,0.37,0.8));
#3099 = CIRCLE('',#3100,3.E-02);
#3100 = AXIS2_PLACEMENT_3D('',#3101,#3102,#3103);
#3101 = CARTESIAN_POINT('',(0.5,0.37,0.77));
#3102 = DIRECTION('',(1.,0.,-0.));
#3103 = DIRECTION('',(0.,0.,1.));
#3104 = ORIENTED_EDGE('',*,*,#3105,.F.);
#3105 = EDGE_CURVE('',#3106,#3097,#3108,.T.);
#3106 = VERTEX_POINT('',#3107);
#3107 = CARTESIAN_POINT('',(0.5,-0.37,0.8));
#3108 = LINE('',#3109,#3110);
#3109 = CARTESIAN_POINT('',(0.5,-0.4,0.8));
#3110 = VECTOR('',#3111,1.);
#3111 = DIRECTION('',(0.,1.,0.));
#3112 = ORIENTED_EDGE('',*,*,#3113,.F.);
#3113 = EDGE_CURVE('',#3055,#3106,#3114,.T.);
#3114 = CIRCLE('',#3115,3.E-02);
#3115 = AXIS2_PLACEMENT_3D('',#3116,#3117,#3118);
#3116 = CARTESIAN_POINT('',(0.5,-0.37,0.77));
#3117 = DIRECTION('',(-1.,0.,0.));
#3118 = DIRECTION('',(0.,0.,1.));
#3119 = FACE_BOUND('',#3120,.F.);
#3120 = EDGE_LOOP('',(#3121,#3122,#3123,#3124,#3125,#3126,#3127,#3128));
#3121 = ORIENTED_EDGE('',*,*,#2865,.F.);
#3122 = ORIENTED_EDGE('',*,*,#3035,.T.);
#3123 = ORIENTED_EDGE('',*,*,#3018,.T.);
#3124 = ORIENTED_EDGE('',*,*,#2995,.T.);
#3125 = ORIENTED_EDGE('',*,*,#2970,.F.);
#3126 = ORIENTED_EDGE('',*,*,#2937,.F.);
#3127 = ORIENTED_EDGE('',*,*,#2920,.T.);
#3128 = ORIENTED_EDGE('',*,*,#2890,.F.);
#3129 = PLANE('',#3130);
#3130 = AXIS2_PLACEMENT_3D('',#3131,#3132,#3133);
#3131 = CARTESIAN_POINT('',(0.5,-0.4,0.));
#3132 = DIRECTION('',(1.,0.,0.));
#3133 = DIRECTION('',(0.,0.,1.));
#3134 = ADVANCED_FACE('',(#3135),#3160,.F.);
#3135 = FACE_BOUND('',#3136,.F.);
#3136 = EDGE_LOOP('',(#3137,#3147,#3153,#3154));
#3137 = ORIENTED_EDGE('',*,*,#3138,.F.);
#3138 = EDGE_CURVE('',#3139,#3141,#3143,.T.);
#3139 = VERTEX_POINT('',#3140);
#3140 = CARTESIAN_POINT('',(0.8,-0.4,3.E-02));
#3141 = VERTEX_POINT('',#3142);
#3142 = CARTESIAN_POINT('',(0.8,-0.4,0.77));
#3143 = LINE('',#3144,#3145);
#3144 = CARTESIAN_POINT('',(0.8,-0.4,0.));
#3145 = VECTOR('',#3146,1.);
#3146 = DIRECTION('',(0.,0.,1.));
#3147 = ORIENTED_EDGE('',*,*,#3148,.F.);
#3148 = EDGE_CURVE('',#3053,#3139,#3149,.T.);
#3149 = LINE('',#3150,#3151);
#3150 = CARTESIAN_POINT('',(0.5,-0.4,3.E-02));
#3151 = VECTOR('',#3152,1.);
#3152 = DIRECTION('',(1.,0.,0.));
#3153 = ORIENTED_EDGE('',*,*,#3052,.T.);
#3154 = ORIENTED_EDGE('',*,*,#3155,.T.);
#3155 = EDGE_CURVE('',#3055,#3141,#3156,.T.);
#3156 = LINE('',#3157,#3158);
#3157 = CARTESIAN_POINT('',(0.5,-0.4,0.77));
#3158 = VECTOR('',#3159,1.);
#3159 = DIRECTION('',(1.,0.,0.));
#3160 = PLANE('',#3161);
#3161 = AXIS2_PLACEMENT_3D('',#3162,#3163,#3164);
#3162 = CARTESIAN_POINT('',(0.5,-0.4,0.));
#3163 = DIRECTION('',(0.,1.,0.));
#3164 = DIRECTION('',(0.,-0.,1.));
#3165 = ADVANCED_FACE('',(#3166),#3185,.T.);
#3166 = FACE_BOUND('',#3167,.T.);
#3167 = EDGE_LOOP('',(#3168,#3169,#3177,#3184));
#3168 = ORIENTED_EDGE('',*,*,#3062,.T.);
#3169 = ORIENTED_EDGE('',*,*,#3170,.T.);
#3170 = EDGE_CURVE('',#3063,#3171,#3173,.T.);
#3171 = VERTEX_POINT('',#3172);
#3172 = CARTESIAN_POINT('',(0.8,-0.37,0.));
#3173 = LINE('',#3174,#3175);
#3174 = CARTESIAN_POINT('',(0.5,-0.37,0.));
#3175 = VECTOR('',#3176,1.);
#3176 = DIRECTION('',(1.,0.,0.));
#3177 = ORIENTED_EDGE('',*,*,#3178,.F.);
#3178 = EDGE_CURVE('',#3139,#3171,#3179,.T.);
#3179 = CIRCLE('',#3180,3.E-02);
#3180 = AXIS2_PLACEMENT_3D('',#3181,#3182,#3183);
#3181 = CARTESIAN_POINT('',(0.8,-0.37,3.E-02));
#3182 = DIRECTION('',(1.,0.,-0.));
#3183 = DIRECTION('',(0.,0.,1.));
#3184 = ORIENTED_EDGE('',*,*,#3148,.F.);
#3185 = CYLINDRICAL_SURFACE('',#3186,3.E-02);
#3186 = AXIS2_PLACEMENT_3D('',#3187,#3188,#3189);
#3187 = CARTESIAN_POINT('',(0.5,-0.37,3.E-02));
#3188 = DIRECTION('',(1.,0.,0.));
#3189 = DIRECTION('',(0.,-1.,0.));
#3190 = ADVANCED_FACE('',(#3191),#3210,.T.);
#3191 = FACE_BOUND('',#3192,.T.);
#3192 = EDGE_LOOP('',(#3193,#3194,#3203,#3209));
#3193 = ORIENTED_EDGE('',*,*,#3155,.T.);
#3194 = ORIENTED_EDGE('',*,*,#3195,.T.);
#3195 = EDGE_CURVE('',#3141,#3196,#3198,.T.);
#3196 = VERTEX_POINT('',#3197);
#3197 = CARTESIAN_POINT('',(0.8,-0.37,0.8));
#3198 = CIRCLE('',#3199,3.E-02);
#3199 = AXIS2_PLACEMENT_3D('',#3200,#3201,#3202);
#3200 = CARTESIAN_POINT('',(0.8,-0.37,0.77));
#3201 = DIRECTION('',(-1.,0.,0.));
#3202 = DIRECTION('',(0.,0.,1.));
#3203 = ORIENTED_EDGE('',*,*,#3204,.F.);
#3204 = EDGE_CURVE('',#3106,#3196,#3205,.T.);
#3205 = LINE('',#3206,#3207);
#3206 = CARTESIAN_POINT('',(0.5,-0.37,0.8));
#3207 = VECTOR('',#3208,1.);
#3208 = DIRECTION('',(1.,0.,0.));
#3209 = ORIENTED_EDGE('',*,*,#3113,.F.);
#3210 = CYLINDRICAL_SURFACE('',#3211,3.E-02);
#3211 = AXIS2_PLACEMENT_3D('',#3212,#3213,#3214);
#3212 = CARTESIAN_POINT('',(0.5,-0.37,0.77));
#3213 = DIRECTION('',(1.,0.,0.));
#3214 = DIRECTION('',(0.,-1.,0.));
#3215 = ADVANCED_FACE('',(#3216),#3234,.F.);
#3216 = FACE_BOUND('',#3217,.F.);
#3217 = EDGE_LOOP('',(#3218,#3219,#3220,#3228));
#3218 = ORIENTED_EDGE('',*,*,#3071,.F.);
#3219 = ORIENTED_EDGE('',*,*,#3170,.T.);
#3220 = ORIENTED_EDGE('',*,*,#3221,.T.);
#3221 = EDGE_CURVE('',#3171,#3222,#3224,.T.);
#3222 = VERTEX_POINT('',#3223);
#3223 = CARTESIAN_POINT('',(0.8,0.37,0.));
#3224 = LINE('',#3225,#3226);
#3225 = CARTESIAN_POINT('',(0.8,-0.4,0.));
#3226 = VECTOR('',#3227,1.);
#3227 = DIRECTION('',(0.,1.,0.));
#3228 = ORIENTED_EDGE('',*,*,#3229,.F.);
#3229 = EDGE_CURVE('',#3072,#3222,#3230,.T.);
#3230 = LINE('',#3231,#3232);
#3231 = CARTESIAN_POINT('',(0.5,0.37,0.));
#3232 = VECTOR('',#3233,1.);
#3233 = DIRECTION('',(1.,0.,0.));
#3234 = PLANE('',#3235);
#3235 = AXIS2_PLACEMENT_3D('',#3236,#3237,#3238);
#3236 = CARTESIAN_POINT('',(0.5,-0.4,0.));
#3237 = DIRECTION('',(0.,0.,1.));
#3238 = DIRECTION('',(1.,0.,-0.));
#3239 = ADVANCED_FACE('',(#3240),#3258,.T.);
#3240 = FACE_BOUND('',#3241,.T.);
#3241 = EDGE_LOOP('',(#3242,#3243,#3244,#3252));
#3242 = ORIENTED_EDGE('',*,*,#3105,.F.);
#3243 = ORIENTED_EDGE('',*,*,#3204,.T.);
#3244 = ORIENTED_EDGE('',*,*,#3245,.T.);
#3245 = EDGE_CURVE('',#3196,#3246,#3248,.T.);
#3246 = VERTEX_POINT('',#3247);
#3247 = CARTESIAN_POINT('',(0.8,0.37,0.8));
#3248 = LINE('',#3249,#3250);
#3249 = CARTESIAN_POINT('',(0.8,-0.4,0.8));
#3250 = VECTOR('',#3251,1.);
#3251 = DIRECTION('',(0.,1.,0.));
#3252 = ORIENTED_EDGE('',*,*,#3253,.F.);
#3253 = EDGE_CURVE('',#3097,#3246,#3254,.T.);
#3254 = LINE('',#3255,#3256);
#3255 = CARTESIAN_POINT('',(0.5,0.37,0.8));
#3256 = VECTOR('',#3257,1.);
#3257 = DIRECTION('',(1.,0.,0.));
#3258 = PLANE('',#3259);
#3259 = AXIS2_PLACEMENT_3D('',#3260,#3261,#3262);
#3260 = CARTESIAN_POINT('',(0.5,-0.4,0.8));
#3261 = DIRECTION('',(0.,0.,1.));
#3262 = DIRECTION('',(1.,0.,-0.));
#3263 = ADVANCED_FACE('',(#3264),#3283,.T.);
#3264 = FACE_BOUND('',#3265,.T.);
#3265 = EDGE_LOOP('',(#3266,#3274,#3281,#3282));
#3266 = ORIENTED_EDGE('',*,*,#3267,.T.);
#3267 = EDGE_CURVE('',#3080,#3268,#3270,.T.);
#3268 = VERTEX_POINT('',#3269);
#3269 = CARTESIAN_POINT('',(0.8,0.4,3.E-02));
#3270 = LINE('',#3271,#3272);
#3271 = CARTESIAN_POINT('',(0.5,0.4,3.E-02));
#3272 = VECTOR('',#3273,1.);
#3273 = DIRECTION('',(1.,0.,0.));
#3274 = ORIENTED_EDGE('',*,*,#3275,.T.);
#3275 = EDGE_CURVE('',#3268,#3222,#3276,.T.);
#3276 = CIRCLE('',#3277,3.E-02);
#3277 = AXIS2_PLACEMENT_3D('',#3278,#3279,#3280);
#3278 = CARTESIAN_POINT('',(0.8,0.37,3.E-02));
#3279 = DIRECTION('',(-1.,0.,0.));
#3280 = DIRECTION('',(0.,0.,1.));
#3281 = ORIENTED_EDGE('',*,*,#3229,.F.);
#3282 = ORIENTED_EDGE('',*,*,#3079,.F.);
#3283 = CYLINDRICAL_SURFACE('',#3284,3.E-02);
#3284 = AXIS2_PLACEMENT_3D('',#3285,#3286,#3287);
#3285 = CARTESIAN_POINT('',(0.5,0.37,3.E-02));
#3286 = DIRECTION('',(1.,0.,0.));
#3287 = DIRECTION('',(-0.,1.,0.));
#3288 = ADVANCED_FACE('',(#3289),#3308,.T.);
#3289 = FACE_BOUND('',#3290,.T.);
#3290 = EDGE_LOOP('',(#3291,#3292,#3293,#3302));
#3291 = ORIENTED_EDGE('',*,*,#3096,.T.);
#3292 = ORIENTED_EDGE('',*,*,#3253,.T.);
#3293 = ORIENTED_EDGE('',*,*,#3294,.F.);
#3294 = EDGE_CURVE('',#3295,#3246,#3297,.T.);
#3295 = VERTEX_POINT('',#3296);
#3296 = CARTESIAN_POINT('',(0.8,0.4,0.77));
#3297 = CIRCLE('',#3298,3.E-02);
#3298 = AXIS2_PLACEMENT_3D('',#3299,#3300,#3301);
#3299 = CARTESIAN_POINT('',(0.8,0.37,0.77));
#3300 = DIRECTION('',(1.,0.,-0.));
#3301 = DIRECTION('',(0.,0.,1.));
#3302 = ORIENTED_EDGE('',*,*,#3303,.F.);
#3303 = EDGE_CURVE('',#3089,#3295,#3304,.T.);
#3304 = LINE('',#3305,#3306);
#3305 = CARTESIAN_POINT('',(0.5,0.4,0.77));
#3306 = VECTOR('',#3307,1.);
#3307 = DIRECTION('',(1.,0.,0.));
#3308 = CYLINDRICAL_SURFACE('',#3309,3.E-02);
#3309 = AXIS2_PLACEMENT_3D('',#3310,#3311,#3312);
#3310 = CARTESIAN_POINT('',(0.5,0.37,0.77));
#3311 = DIRECTION('',(1.,0.,0.));
#3312 = DIRECTION('',(-0.,1.,0.));
#3313 = ADVANCED_FACE('',(#3314),#3325,.T.);
#3314 = FACE_BOUND('',#3315,.T.);
#3315 = EDGE_LOOP('',(#3316,#3322,#3323,#3324));
#3316 = ORIENTED_EDGE('',*,*,#3317,.F.);
#3317 = EDGE_CURVE('',#3268,#3295,#3318,.T.);
#3318 = LINE('',#3319,#3320);
#3319 = CARTESIAN_POINT('',(0.8,0.4,0.));
#3320 = VECTOR('',#3321,1.);
#3321 = DIRECTION('',(0.,0.,1.));
#3322 = ORIENTED_EDGE('',*,*,#3267,.F.);
#3323 = ORIENTED_EDGE('',*,*,#3088,.T.);
#3324 = ORIENTED_EDGE('',*,*,#3303,.T.);
#3325 = PLANE('',#3326);
#3326 = AXIS2_PLACEMENT_3D('',#3327,#3328,#3329);
#3327 = CARTESIAN_POINT('',(0.5,0.4,0.));
#3328 = DIRECTION('',(0.,1.,0.));
#3329 = DIRECTION('',(0.,-0.,1.));
#3330 = ADVANCED_FACE('',(#3331),#3341,.T.);
#3331 = FACE_BOUND('',#3332,.T.);
#3332 = EDGE_LOOP('',(#3333,#3334,#3335,#3336,#3337,#3338,#3339,#3340));
#3333 = ORIENTED_EDGE('',*,*,#3138,.F.);
#3334 = ORIENTED_EDGE('',*,*,#3178,.T.);
#3335 = ORIENTED_EDGE('',*,*,#3221,.T.);
#3336 = ORIENTED_EDGE('',*,*,#3275,.F.);
#3337 = ORIENTED_EDGE('',*,*,#3317,.T.);
#3338 = ORIENTED_EDGE('',*,*,#3294,.T.);
#3339 = ORIENTED_EDGE('',*,*,#3245,.F.);
#3340 = ORIENTED_EDGE('',*,*,#3195,.F.);
#3341 = PLANE('',#3342);
#3342 = AXIS2_PLACEMENT_3D('',#3343,#3344,#3345);
#3343 = CARTESIAN_POINT('',(0.8,-0.4,0.));
#3344 = DIRECTION('',(1.,0.,0.));
#3345 = DIRECTION('',(0.,0.,1.));
#3346 = ( GEOMETRIC_REPRESENTATION_CONTEXT(3) 
GLOBAL_UNCERTAINTY_ASSIGNED_CONTEXT((#3350)) 
GLOBAL_UNIT_ASSIGNED_CONTEXT((#3347,#3348,#3349)) REPRESENTATION_CONTEXT
('Context #1','3D Context with UNIT and UNCERTAINTY') );
#3347 = ( LENGTH_UNIT() NAMED_UNIT(*) SI_UNIT(.MILLI.,.METRE.) );
#3348 = ( NAMED_UNIT(*) PLANE_ANGLE_UNIT() SI_UNIT($,.RADIAN.) );
#3349 = ( NAMED_UNIT(*) SI_UNIT($,.STERADIAN.) SOLID_ANGLE_UNIT() );
#3350 = UNCERTAINTY_MEASURE_WITH_UNIT(LENGTH_MEASURE(1.E-07),#3347,
  'distance_accuracy_value','confusion accuracy');
#3351 = CONTEXT_DEPENDENT_SHAPE_REPRESENTATION(#3352,#3354);
#3352 = ( REPRESENTATION_RELATIONSHIP('','',#2491,#10) 
REPRESENTATION_RELATIONSHIP_WITH_TRANSFORMATION(#3353) 
SHAPE_REPRESENTATION_RELATIONSHIP() );
#3353 = ITEM_DEFINED_TRANSFORMATION('','',#11,#23);
#3354 = PRODUCT_DEFINITION_SHAPE('Placement','Placement of an item',
  #3355);
#3355 = NEXT_ASSEMBLY_USAGE_OCCURRENCE('3','C2','',#5,#2486,$);
#3356 = PRODUCT_RELATED_PRODUCT_CATEGORY('part',$,(#2488));
#3357 = SHAPE_DEFINITION_REPRESENTATION(#3358,#3364);
#3358 = PRODUCT_DEFINITION_SHAPE('','',#3359);
#3359 = PRODUCT_DEFINITION('design','',#3360,#3363);
#3360 = PRODUCT_DEFINITION_FORMATION('','',#3361);
#3361 = PRODUCT('D_SOD-523','D_SOD-523','',(#3362));
#3362 = PRODUCT_CONTEXT('',#2,'mechanical');
#3363 = PRODUCT_DEFINITION_CONTEXT('part definition',#2,'design');
#3364 = ADVANCED_BREP_SHAPE_REPRESENTATION('',(#11,#3365),#4085);
#3365 = MANIFOLD_SOLID_BREP('',#3366);
#3366 = CLOSED_SHELL('',(#3367,#3407,#3442,#3466,#3494,#3511,#3541,#3579
    ,#3602,#3651,#3674,#3697,#3755,#3778,#3794,#3822,#3853,#3881,#3900,
    #3931,#3955,#3979,#3996,#4020,#4044,#4061,#4073));
#3367 = ADVANCED_FACE('',(#3368),#3402,.T.);
#3368 = FACE_BOUND('',#3369,.T.);
#3369 = EDGE_LOOP('',(#3370,#3380,#3388,#3396));
#3370 = ORIENTED_EDGE('',*,*,#3371,.F.);
#3371 = EDGE_CURVE('',#3372,#3374,#3376,.T.);
#3372 = VERTEX_POINT('',#3373);
#3373 = CARTESIAN_POINT('',(0.8,-0.15,0.));
#3374 = VERTEX_POINT('',#3375);
#3375 = CARTESIAN_POINT('',(0.8,-0.15,0.14));
#3376 = LINE('',#3377,#3378);
#3377 = CARTESIAN_POINT('',(0.8,-0.15,0.));
#3378 = VECTOR('',#3379,1.);
#3379 = DIRECTION('',(0.,0.,1.));
#3380 = ORIENTED_EDGE('',*,*,#3381,.T.);
#3381 = EDGE_CURVE('',#3372,#3382,#3384,.T.);
#3382 = VERTEX_POINT('',#3383);
#3383 = CARTESIAN_POINT('',(0.8,0.15,0.));
#3384 = LINE('',#3385,#3386);
#3385 = CARTESIAN_POINT('',(0.8,-0.15,0.));
#3386 = VECTOR('',#3387,1.);
#3387 = DIRECTION('',(3.330669073875E-16,1.,0.));
#3388 = ORIENTED_EDGE('',*,*,#3389,.T.);
#3389 = EDGE_CURVE('',#3382,#3390,#3392,.T.);
#3390 = VERTEX_POINT('',#3391);
#3391 = CARTESIAN_POINT('',(0.8,0.15,0.14));
#3392 = LINE('',#3393,#3394);
#3393 = CARTESIAN_POINT('',(0.8,0.15,0.));
#3394 = VECTOR('',#3395,1.);
#3395 = DIRECTION('',(0.,0.,1.));
#3396 = ORIENTED_EDGE('',*,*,#3397,.F.);
#3397 = EDGE_CURVE('',#3374,#3390,#3398,.T.);
#3398 = LINE('',#3399,#3400);
#3399 = CARTESIAN_POINT('',(0.8,-0.15,0.14));
#3400 = VECTOR('',#3401,1.);
#3401 = DIRECTION('',(3.330669073875E-16,1.,0.));
#3402 = PLANE('',#3403);
#3403 = AXIS2_PLACEMENT_3D('',#3404,#3405,#3406);
#3404 = CARTESIAN_POINT('',(0.8,-0.15,0.));
#3405 = DIRECTION('',(1.,-3.330669073875E-16,0.));
#3406 = DIRECTION('',(0.,0.,1.));
#3407 = ADVANCED_FACE('',(#3408),#3437,.F.);
#3408 = FACE_BOUND('',#3409,.F.);
#3409 = EDGE_LOOP('',(#3410,#3418,#3430,#3436));
#3410 = ORIENTED_EDGE('',*,*,#3411,.F.);
#3411 = EDGE_CURVE('',#3412,#3372,#3414,.T.);
#3412 = VERTEX_POINT('',#3413);
#3413 = CARTESIAN_POINT('',(0.590210246328,-0.15,0.));
#3414 = LINE('',#3415,#3416);
#3415 = CARTESIAN_POINT('',(0.590210246328,-0.15,0.));
#3416 = VECTOR('',#3417,1.);
#3417 = DIRECTION('',(1.,-3.330669073875E-16,0.));
#3418 = ORIENTED_EDGE('',*,*,#3419,.T.);
#3419 = EDGE_CURVE('',#3412,#3420,#3422,.T.);
#3420 = VERTEX_POINT('',#3421);
#3421 = CARTESIAN_POINT('',(0.6,-0.15,0.14));
#3422 = B_SPLINE_CURVE_WITH_KNOTS('',6,(#3423,#3424,#3425,#3426,#3427,
    #3428,#3429),.UNSPECIFIED.,.F.,.F.,(7,7),(0.,1.),
  .PIECEWISE_BEZIER_KNOTS.);
#3423 = CARTESIAN_POINT('',(0.590210246328,-0.15,0.));
#3424 = CARTESIAN_POINT('',(0.592052839095,-0.15,2.635030420451E-02));
#3425 = CARTESIAN_POINT('',(0.593440858671,-0.15,4.619990891917E-02));
#3426 = CARTESIAN_POINT('',(0.595069169764,-0.15,6.948584243309E-02));
#3427 = CARTESIAN_POINT('',(0.597095662504,-0.15,9.84660387753E-02));
#3428 = CARTESIAN_POINT('',(0.599092991412,-0.15,0.127029172887));
#3429 = CARTESIAN_POINT('',(0.6,-0.15,0.14));
#3430 = ORIENTED_EDGE('',*,*,#3431,.T.);
#3431 = EDGE_CURVE('',#3420,#3374,#3432,.T.);
#3432 = LINE('',#3433,#3434);
#3433 = CARTESIAN_POINT('',(0.590210246328,-0.15,0.14));
#3434 = VECTOR('',#3435,1.);
#3435 = DIRECTION('',(1.,-3.330669073875E-16,0.));
#3436 = ORIENTED_EDGE('',*,*,#3371,.F.);
#3437 = PLANE('',#3438);
#3438 = AXIS2_PLACEMENT_3D('',#3439,#3440,#3441);
#3439 = CARTESIAN_POINT('',(0.590210246328,-0.15,0.));
#3440 = DIRECTION('',(3.330669073875E-16,1.,0.));
#3441 = DIRECTION('',(0.,-0.,1.));
#3442 = ADVANCED_FACE('',(#3443),#3461,.T.);
#3443 = FACE_BOUND('',#3444,.T.);
#3444 = EDGE_LOOP('',(#3445,#3453,#3454,#3455));
#3445 = ORIENTED_EDGE('',*,*,#3446,.F.);
#3446 = EDGE_CURVE('',#3420,#3447,#3449,.T.);
#3447 = VERTEX_POINT('',#3448);
#3448 = CARTESIAN_POINT('',(0.6,0.15,0.14));
#3449 = LINE('',#3450,#3451);
#3450 = CARTESIAN_POINT('',(0.6,-0.4,0.14));
#3451 = VECTOR('',#3452,1.);
#3452 = DIRECTION('',(0.,1.,0.));
#3453 = ORIENTED_EDGE('',*,*,#3431,.T.);
#3454 = ORIENTED_EDGE('',*,*,#3397,.T.);
#3455 = ORIENTED_EDGE('',*,*,#3456,.F.);
#3456 = EDGE_CURVE('',#3447,#3390,#3457,.T.);
#3457 = LINE('',#3458,#3459);
#3458 = CARTESIAN_POINT('',(0.590210246328,0.15,0.14));
#3459 = VECTOR('',#3460,1.);
#3460 = DIRECTION('',(1.,-3.330669073875E-16,0.));
#3461 = PLANE('',#3462);
#3462 = AXIS2_PLACEMENT_3D('',#3463,#3464,#3465);
#3463 = CARTESIAN_POINT('',(0.590210246328,-0.15,0.14));
#3464 = DIRECTION('',(0.,0.,1.));
#3465 = DIRECTION('',(1.,-3.330669073875E-16,0.));
#3466 = ADVANCED_FACE('',(#3467),#3489,.T.);
#3467 = FACE_BOUND('',#3468,.T.);
#3468 = EDGE_LOOP('',(#3469,#3477,#3487,#3488));
#3469 = ORIENTED_EDGE('',*,*,#3470,.F.);
#3470 = EDGE_CURVE('',#3471,#3382,#3473,.T.);
#3471 = VERTEX_POINT('',#3472);
#3472 = CARTESIAN_POINT('',(0.590210246328,0.15,0.));
#3473 = LINE('',#3474,#3475);
#3474 = CARTESIAN_POINT('',(0.590210246328,0.15,0.));
#3475 = VECTOR('',#3476,1.);
#3476 = DIRECTION('',(1.,-3.330669073875E-16,0.));
#3477 = ORIENTED_EDGE('',*,*,#3478,.T.);
#3478 = EDGE_CURVE('',#3471,#3447,#3479,.T.);
#3479 = B_SPLINE_CURVE_WITH_KNOTS('',6,(#3480,#3481,#3482,#3483,#3484,
    #3485,#3486),.UNSPECIFIED.,.F.,.F.,(7,7),(0.,1.),
  .PIECEWISE_BEZIER_KNOTS.);
#3480 = CARTESIAN_POINT('',(0.590210246328,0.15,0.));
#3481 = CARTESIAN_POINT('',(0.592052839095,0.15,2.635030420451E-02));
#3482 = CARTESIAN_POINT('',(0.593440858671,0.15,4.619990891917E-02));
#3483 = CARTESIAN_POINT('',(0.595069169764,0.15,6.948584243308E-02));
#3484 = CARTESIAN_POINT('',(0.597095662504,0.15,9.84660387753E-02));
#3485 = CARTESIAN_POINT('',(0.599092991412,0.15,0.127029172887));
#3486 = CARTESIAN_POINT('',(0.6,0.15,0.14));
#3487 = ORIENTED_EDGE('',*,*,#3456,.T.);
#3488 = ORIENTED_EDGE('',*,*,#3389,.F.);
#3489 = PLANE('',#3490);
#3490 = AXIS2_PLACEMENT_3D('',#3491,#3492,#3493);
#3491 = CARTESIAN_POINT('',(0.590210246328,0.15,0.));
#3492 = DIRECTION('',(3.330669073875E-16,1.,0.));
#3493 = DIRECTION('',(0.,-0.,1.));
#3494 = ADVANCED_FACE('',(#3495),#3506,.F.);
#3495 = FACE_BOUND('',#3496,.F.);
#3496 = EDGE_LOOP('',(#3497,#3503,#3504,#3505));
#3497 = ORIENTED_EDGE('',*,*,#3498,.F.);
#3498 = EDGE_CURVE('',#3412,#3471,#3499,.T.);
#3499 = LINE('',#3500,#3501);
#3500 = CARTESIAN_POINT('',(0.590210246328,-0.15,0.));
#3501 = VECTOR('',#3502,1.);
#3502 = DIRECTION('',(3.330669073875E-16,1.,0.));
#3503 = ORIENTED_EDGE('',*,*,#3411,.T.);
#3504 = ORIENTED_EDGE('',*,*,#3381,.T.);
#3505 = ORIENTED_EDGE('',*,*,#3470,.F.);
#3506 = PLANE('',#3507);
#3507 = AXIS2_PLACEMENT_3D('',#3508,#3509,#3510);
#3508 = CARTESIAN_POINT('',(0.590210246328,-0.15,0.));
#3509 = DIRECTION('',(0.,0.,1.));
#3510 = DIRECTION('',(1.,-3.330669073875E-16,0.));
#3511 = ADVANCED_FACE('',(#3512),#3536,.T.);
#3512 = FACE_BOUND('',#3513,.T.);
#3513 = EDGE_LOOP('',(#3514,#3523,#3529,#3530));
#3514 = ORIENTED_EDGE('',*,*,#3515,.F.);
#3515 = EDGE_CURVE('',#3516,#3518,#3520,.T.);
#3516 = VERTEX_POINT('',#3517);
#3517 = CARTESIAN_POINT('',(0.590210246328,-0.390210246328,0.));
#3518 = VERTEX_POINT('',#3519);
#3519 = CARTESIAN_POINT('',(0.6,-0.4,0.14));
#3520 = B_SPLINE_CURVE_WITH_KNOTS('',1,(#3521,#3522),.UNSPECIFIED.,.F.,
  .F.,(2,2),(0.,1.),.PIECEWISE_BEZIER_KNOTS.);
#3521 = CARTESIAN_POINT('',(0.590210246328,-0.390210246328,0.));
#3522 = CARTESIAN_POINT('',(0.6,-0.4,0.14));
#3523 = ORIENTED_EDGE('',*,*,#3524,.T.);
#3524 = EDGE_CURVE('',#3516,#3412,#3525,.T.);
#3525 = LINE('',#3526,#3527);
#3526 = CARTESIAN_POINT('',(0.590210246328,-0.390210246328,0.));
#3527 = VECTOR('',#3528,1.);
#3528 = DIRECTION('',(0.,1.,0.));
#3529 = ORIENTED_EDGE('',*,*,#3419,.T.);
#3530 = ORIENTED_EDGE('',*,*,#3531,.F.);
#3531 = EDGE_CURVE('',#3518,#3420,#3532,.T.);
#3532 = LINE('',#3533,#3534);
#3533 = CARTESIAN_POINT('',(0.6,-0.4,0.14));
#3534 = VECTOR('',#3535,1.);
#3535 = DIRECTION('',(0.,1.,0.));
#3536 = B_SPLINE_SURFACE_WITH_KNOTS('',1,1,(
    (#3537,#3538)
    ,(#3539,#3540
    )),.UNSPECIFIED.,.F.,.F.,.F.,(2,2),(2,2),(0.,0.8),(0.,1.),
  .PIECEWISE_BEZIER_KNOTS.);
#3537 = CARTESIAN_POINT('',(0.590210246328,-0.390210246328,0.));
#3538 = CARTESIAN_POINT('',(0.6,-0.4,0.14));
#3539 = CARTESIAN_POINT('',(0.590210246328,0.390210246328,0.));
#3540 = CARTESIAN_POINT('',(0.6,0.4,0.14));
#3541 = ADVANCED_FACE('',(#3542),#3574,.T.);
#3542 = FACE_BOUND('',#3543,.T.);
#3543 = EDGE_LOOP('',(#3544,#3545,#3546,#3554,#3561,#3569));
#3544 = ORIENTED_EDGE('',*,*,#3531,.T.);
#3545 = ORIENTED_EDGE('',*,*,#3446,.T.);
#3546 = ORIENTED_EDGE('',*,*,#3547,.T.);
#3547 = EDGE_CURVE('',#3447,#3548,#3550,.T.);
#3548 = VERTEX_POINT('',#3549);
#3549 = CARTESIAN_POINT('',(0.6,0.4,0.14));
#3550 = LINE('',#3551,#3552);
#3551 = CARTESIAN_POINT('',(0.6,-0.4,0.14));
#3552 = VECTOR('',#3553,1.);
#3553 = DIRECTION('',(0.,1.,0.));
#3554 = ORIENTED_EDGE('',*,*,#3555,.T.);
#3555 = EDGE_CURVE('',#3548,#3556,#3558,.T.);
#3556 = VERTEX_POINT('',#3557);
#3557 = CARTESIAN_POINT('',(0.565735862148,0.365735862148,0.63));
#3558 = B_SPLINE_CURVE_WITH_KNOTS('',1,(#3559,#3560),.UNSPECIFIED.,.F.,
  .F.,(2,2),(0.,1.),.PIECEWISE_BEZIER_KNOTS.);
#3559 = CARTESIAN_POINT('',(0.6,0.4,0.14));
#3560 = CARTESIAN_POINT('',(0.565735862148,0.365735862148,0.63));
#3561 = ORIENTED_EDGE('',*,*,#3562,.F.);
#3562 = EDGE_CURVE('',#3563,#3556,#3565,.T.);
#3563 = VERTEX_POINT('',#3564);
#3564 = CARTESIAN_POINT('',(0.565735862148,-0.365735862148,0.63));
#3565 = LINE('',#3566,#3567);
#3566 = CARTESIAN_POINT('',(0.565735862148,-0.365735862148,0.63));
#3567 = VECTOR('',#3568,1.);
#3568 = DIRECTION('',(0.,1.,0.));
#3569 = ORIENTED_EDGE('',*,*,#3570,.F.);
#3570 = EDGE_CURVE('',#3518,#3563,#3571,.T.);
#3571 = B_SPLINE_CURVE_WITH_KNOTS('',1,(#3572,#3573),.UNSPECIFIED.,.F.,
  .F.,(2,2),(0.,1.),.PIECEWISE_BEZIER_KNOTS.);
#3572 = CARTESIAN_POINT('',(0.6,-0.4,0.14));
#3573 = CARTESIAN_POINT('',(0.565735862148,-0.365735862148,0.63));
#3574 = B_SPLINE_SURFACE_WITH_KNOTS('',1,1,(
    (#3575,#3576)
    ,(#3577,#3578
    )),.UNSPECIFIED.,.F.,.F.,.F.,(2,2),(2,2),(0.,0.8),(0.,1.),
  .PIECEWISE_BEZIER_KNOTS.);
#3575 = CARTESIAN_POINT('',(0.6,-0.4,0.14));
#3576 = CARTESIAN_POINT('',(0.565735862148,-0.365735862148,0.63));
#3577 = CARTESIAN_POINT('',(0.6,0.4,0.14));
#3578 = CARTESIAN_POINT('',(0.565735862148,0.365735862148,0.63));
#3579 = ADVANCED_FACE('',(#3580),#3597,.T.);
#3580 = FACE_BOUND('',#3581,.T.);
#3581 = EDGE_LOOP('',(#3582,#3583,#3591,#3596));
#3582 = ORIENTED_EDGE('',*,*,#3478,.F.);
#3583 = ORIENTED_EDGE('',*,*,#3584,.T.);
#3584 = EDGE_CURVE('',#3471,#3585,#3587,.T.);
#3585 = VERTEX_POINT('',#3586);
#3586 = CARTESIAN_POINT('',(0.590210246328,0.390210246328,0.));
#3587 = LINE('',#3588,#3589);
#3588 = CARTESIAN_POINT('',(0.590210246328,-0.390210246328,0.));
#3589 = VECTOR('',#3590,1.);
#3590 = DIRECTION('',(0.,1.,0.));
#3591 = ORIENTED_EDGE('',*,*,#3592,.T.);
#3592 = EDGE_CURVE('',#3585,#3548,#3593,.T.);
#3593 = B_SPLINE_CURVE_WITH_KNOTS('',1,(#3594,#3595),.UNSPECIFIED.,.F.,
  .F.,(2,2),(0.,1.),.PIECEWISE_BEZIER_KNOTS.);
#3594 = CARTESIAN_POINT('',(0.590210246328,0.390210246328,0.));
#3595 = CARTESIAN_POINT('',(0.6,0.4,0.14));
#3596 = ORIENTED_EDGE('',*,*,#3547,.F.);
#3597 = B_SPLINE_SURFACE_WITH_KNOTS('',1,1,(
    (#3598,#3599)
    ,(#3600,#3601
    )),.UNSPECIFIED.,.F.,.F.,.F.,(2,2),(2,2),(0.,0.8),(0.,1.),
  .PIECEWISE_BEZIER_KNOTS.);
#3598 = CARTESIAN_POINT('',(0.590210246328,-0.390210246328,0.));
#3599 = CARTESIAN_POINT('',(0.6,-0.4,0.14));
#3600 = CARTESIAN_POINT('',(0.590210246328,0.390210246328,0.));
#3601 = CARTESIAN_POINT('',(0.6,0.4,0.14));
#3602 = ADVANCED_FACE('',(#3603),#3646,.T.);
#3603 = FACE_BOUND('',#3604,.T.);
#3604 = EDGE_LOOP('',(#3605,#3613,#3621,#3629,#3637,#3643,#3644,#3645));
#3605 = ORIENTED_EDGE('',*,*,#3606,.F.);
#3606 = EDGE_CURVE('',#3607,#3516,#3609,.T.);
#3607 = VERTEX_POINT('',#3608);
#3608 = CARTESIAN_POINT('',(-0.590210246328,-0.390210246328,0.));
#3609 = LINE('',#3610,#3611);
#3610 = CARTESIAN_POINT('',(-0.590210246328,-0.390210246328,0.));
#3611 = VECTOR('',#3612,1.);
#3612 = DIRECTION('',(1.,0.,0.));
#3613 = ORIENTED_EDGE('',*,*,#3614,.F.);
#3614 = EDGE_CURVE('',#3615,#3607,#3617,.T.);
#3615 = VERTEX_POINT('',#3616);
#3616 = CARTESIAN_POINT('',(-0.590210246328,-0.15,0.));
#3617 = LINE('',#3618,#3619);
#3618 = CARTESIAN_POINT('',(-0.590210246328,0.390210246328,0.));
#3619 = VECTOR('',#3620,1.);
#3620 = DIRECTION('',(0.,-1.,0.));
#3621 = ORIENTED_EDGE('',*,*,#3622,.F.);
#3622 = EDGE_CURVE('',#3623,#3615,#3625,.T.);
#3623 = VERTEX_POINT('',#3624);
#3624 = CARTESIAN_POINT('',(-0.590210246328,0.15,0.));
#3625 = LINE('',#3626,#3627);
#3626 = CARTESIAN_POINT('',(-0.590210246328,0.15,0.));
#3627 = VECTOR('',#3628,1.);
#3628 = DIRECTION('',(-2.22044604925E-16,-1.,0.));
#3629 = ORIENTED_EDGE('',*,*,#3630,.F.);
#3630 = EDGE_CURVE('',#3631,#3623,#3633,.T.);
#3631 = VERTEX_POINT('',#3632);
#3632 = CARTESIAN_POINT('',(-0.590210246328,0.390210246328,0.));
#3633 = LINE('',#3634,#3635);
#3634 = CARTESIAN_POINT('',(-0.590210246328,0.390210246328,0.));
#3635 = VECTOR('',#3636,1.);
#3636 = DIRECTION('',(0.,-1.,0.));
#3637 = ORIENTED_EDGE('',*,*,#3638,.F.);
#3638 = EDGE_CURVE('',#3585,#3631,#3639,.T.);
#3639 = LINE('',#3640,#3641);
#3640 = CARTESIAN_POINT('',(0.590210246328,0.390210246328,0.));
#3641 = VECTOR('',#3642,1.);
#3642 = DIRECTION('',(-1.,0.,0.));
#3643 = ORIENTED_EDGE('',*,*,#3584,.F.);
#3644 = ORIENTED_EDGE('',*,*,#3498,.F.);
#3645 = ORIENTED_EDGE('',*,*,#3524,.F.);
#3646 = PLANE('',#3647);
#3647 = AXIS2_PLACEMENT_3D('',#3648,#3649,#3650);
#3648 = CARTESIAN_POINT('',(-0.590210246328,-0.390210246328,0.));
#3649 = DIRECTION('',(0.,0.,-1.));
#3650 = DIRECTION('',(0.834172834624,0.551503111483,0.));
#3651 = ADVANCED_FACE('',(#3652),#3669,.T.);
#3652 = FACE_BOUND('',#3653,.T.);
#3653 = EDGE_LOOP('',(#3654,#3655,#3656,#3664));
#3654 = ORIENTED_EDGE('',*,*,#3606,.T.);
#3655 = ORIENTED_EDGE('',*,*,#3515,.T.);
#3656 = ORIENTED_EDGE('',*,*,#3657,.F.);
#3657 = EDGE_CURVE('',#3658,#3518,#3660,.T.);
#3658 = VERTEX_POINT('',#3659);
#3659 = CARTESIAN_POINT('',(-0.6,-0.4,0.14));
#3660 = LINE('',#3661,#3662);
#3661 = CARTESIAN_POINT('',(-0.6,-0.4,0.14));
#3662 = VECTOR('',#3663,1.);
#3663 = DIRECTION('',(1.,0.,0.));
#3664 = ORIENTED_EDGE('',*,*,#3665,.F.);
#3665 = EDGE_CURVE('',#3607,#3658,#3666,.T.);
#3666 = B_SPLINE_CURVE_WITH_KNOTS('',1,(#3667,#3668),.UNSPECIFIED.,.F.,
  .F.,(2,2),(0.,1.),.PIECEWISE_BEZIER_KNOTS.);
#3667 = CARTESIAN_POINT('',(-0.590210246328,-0.390210246328,0.));
#3668 = CARTESIAN_POINT('',(-0.6,-0.4,0.14));
#3669 = B_SPLINE_SURFACE_WITH_KNOTS('',1,1,(
    (#3670,#3671)
    ,(#3672,#3673
    )),.UNSPECIFIED.,.F.,.F.,.F.,(2,2),(2,2),(0.,1.2),(0.,1.),
  .PIECEWISE_BEZIER_KNOTS.);
#3670 = CARTESIAN_POINT('',(-0.590210246328,-0.390210246328,0.));
#3671 = CARTESIAN_POINT('',(-0.6,-0.4,0.14));
#3672 = CARTESIAN_POINT('',(0.590210246328,-0.390210246328,0.));
#3673 = CARTESIAN_POINT('',(0.6,-0.4,0.14));
#3674 = ADVANCED_FACE('',(#3675),#3692,.T.);
#3675 = FACE_BOUND('',#3676,.T.);
#3676 = EDGE_LOOP('',(#3677,#3678,#3679,#3687));
#3677 = ORIENTED_EDGE('',*,*,#3657,.T.);
#3678 = ORIENTED_EDGE('',*,*,#3570,.T.);
#3679 = ORIENTED_EDGE('',*,*,#3680,.F.);
#3680 = EDGE_CURVE('',#3681,#3563,#3683,.T.);
#3681 = VERTEX_POINT('',#3682);
#3682 = CARTESIAN_POINT('',(-0.565735862148,-0.365735862148,0.63));
#3683 = LINE('',#3684,#3685);
#3684 = CARTESIAN_POINT('',(-0.565735862148,-0.365735862148,0.63));
#3685 = VECTOR('',#3686,1.);
#3686 = DIRECTION('',(1.,0.,0.));
#3687 = ORIENTED_EDGE('',*,*,#3688,.F.);
#3688 = EDGE_CURVE('',#3658,#3681,#3689,.T.);
#3689 = B_SPLINE_CURVE_WITH_KNOTS('',1,(#3690,#3691),.UNSPECIFIED.,.F.,
  .F.,(2,2),(0.,1.),.PIECEWISE_BEZIER_KNOTS.);
#3690 = CARTESIAN_POINT('',(-0.6,-0.4,0.14));
#3691 = CARTESIAN_POINT('',(-0.565735862148,-0.365735862148,0.63));
#3692 = B_SPLINE_SURFACE_WITH_KNOTS('',1,1,(
    (#3693,#3694)
    ,(#3695,#3696
    )),.UNSPECIFIED.,.F.,.F.,.F.,(2,2),(2,2),(0.,1.2),(0.,1.),
  .PIECEWISE_BEZIER_KNOTS.);
#3693 = CARTESIAN_POINT('',(-0.6,-0.4,0.14));
#3694 = CARTESIAN_POINT('',(-0.565735862148,-0.365735862148,0.63));
#3695 = CARTESIAN_POINT('',(0.6,-0.4,0.14));
#3696 = CARTESIAN_POINT('',(0.565735862148,-0.365735862148,0.63));
#3697 = ADVANCED_FACE('',(#3698,#3716),#3750,.F.);
#3698 = FACE_BOUND('',#3699,.F.);
#3699 = EDGE_LOOP('',(#3700,#3701,#3709,#3715));
#3700 = ORIENTED_EDGE('',*,*,#3680,.F.);
#3701 = ORIENTED_EDGE('',*,*,#3702,.F.);
#3702 = EDGE_CURVE('',#3703,#3681,#3705,.T.);
#3703 = VERTEX_POINT('',#3704);
#3704 = CARTESIAN_POINT('',(-0.565735862148,0.365735862148,0.63));
#3705 = LINE('',#3706,#3707);
#3706 = CARTESIAN_POINT('',(-0.565735862148,0.365735862148,0.63));
#3707 = VECTOR('',#3708,1.);
#3708 = DIRECTION('',(0.,-1.,0.));
#3709 = ORIENTED_EDGE('',*,*,#3710,.F.);
#3710 = EDGE_CURVE('',#3556,#3703,#3711,.T.);
#3711 = LINE('',#3712,#3713);
#3712 = CARTESIAN_POINT('',(0.565735862148,0.365735862148,0.63));
#3713 = VECTOR('',#3714,1.);
#3714 = DIRECTION('',(-1.,0.,0.));
#3715 = ORIENTED_EDGE('',*,*,#3562,.F.);
#3716 = FACE_BOUND('',#3717,.F.);
#3717 = EDGE_LOOP('',(#3718,#3728,#3736,#3744));
#3718 = ORIENTED_EDGE('',*,*,#3719,.F.);
#3719 = EDGE_CURVE('',#3720,#3722,#3724,.T.);
#3720 = VERTEX_POINT('',#3721);
#3721 = CARTESIAN_POINT('',(-0.265735862148,0.315735862148,0.63));
#3722 = VERTEX_POINT('',#3723);
#3723 = CARTESIAN_POINT('',(-0.265735862148,-0.315735862148,0.63));
#3724 = LINE('',#3725,#3726);
#3725 = CARTESIAN_POINT('',(-0.265735862148,-0.340735862148,0.63));
#3726 = VECTOR('',#3727,1.);
#3727 = DIRECTION('',(0.,-1.,0.));
#3728 = ORIENTED_EDGE('',*,*,#3729,.F.);
#3729 = EDGE_CURVE('',#3730,#3720,#3732,.T.);
#3730 = VERTEX_POINT('',#3731);
#3731 = CARTESIAN_POINT('',(-0.515735862148,0.315735862148,0.63));
#3732 = LINE('',#3733,#3734);
#3733 = CARTESIAN_POINT('',(-0.540735862148,0.315735862148,0.63));
#3734 = VECTOR('',#3735,1.);
#3735 = DIRECTION('',(1.,0.,0.));
#3736 = ORIENTED_EDGE('',*,*,#3737,.T.);
#3737 = EDGE_CURVE('',#3730,#3738,#3740,.T.);
#3738 = VERTEX_POINT('',#3739);
#3739 = CARTESIAN_POINT('',(-0.515735862148,-0.315735862148,0.63));
#3740 = LINE('',#3741,#3742);
#3741 = CARTESIAN_POINT('',(-0.515735862148,-0.340735862148,0.63));
#3742 = VECTOR('',#3743,1.);
#3743 = DIRECTION('',(0.,-1.,0.));
#3744 = ORIENTED_EDGE('',*,*,#3745,.T.);
#3745 = EDGE_CURVE('',#3738,#3722,#3746,.T.);
#3746 = LINE('',#3747,#3748);
#3747 = CARTESIAN_POINT('',(-0.540735862148,-0.315735862148,0.63));
#3748 = VECTOR('',#3749,1.);
#3749 = DIRECTION('',(1.,0.,0.));
#3750 = PLANE('',#3751);
#3751 = AXIS2_PLACEMENT_3D('',#3752,#3753,#3754);
#3752 = CARTESIAN_POINT('',(-0.565735862148,-0.365735862148,0.63));
#3753 = DIRECTION('',(0.,0.,-1.));
#3754 = DIRECTION('',(0.839792508326,0.542907490241,0.));
#3755 = ADVANCED_FACE('',(#3756),#3773,.T.);
#3756 = FACE_BOUND('',#3757,.T.);
#3757 = EDGE_LOOP('',(#3758,#3766,#3771,#3772));
#3758 = ORIENTED_EDGE('',*,*,#3759,.T.);
#3759 = EDGE_CURVE('',#3548,#3760,#3762,.T.);
#3760 = VERTEX_POINT('',#3761);
#3761 = CARTESIAN_POINT('',(-0.6,0.4,0.14));
#3762 = LINE('',#3763,#3764);
#3763 = CARTESIAN_POINT('',(0.6,0.4,0.14));
#3764 = VECTOR('',#3765,1.);
#3765 = DIRECTION('',(-1.,0.,0.));
#3766 = ORIENTED_EDGE('',*,*,#3767,.T.);
#3767 = EDGE_CURVE('',#3760,#3703,#3768,.T.);
#3768 = B_SPLINE_CURVE_WITH_KNOTS('',1,(#3769,#3770),.UNSPECIFIED.,.F.,
  .F.,(2,2),(0.,1.),.PIECEWISE_BEZIER_KNOTS.);
#3769 = CARTESIAN_POINT('',(-0.6,0.4,0.14));
#3770 = CARTESIAN_POINT('',(-0.565735862148,0.365735862148,0.63));
#3771 = ORIENTED_EDGE('',*,*,#3710,.F.);
#3772 = ORIENTED_EDGE('',*,*,#3555,.F.);
#3773 = B_SPLINE_SURFACE_WITH_KNOTS('',1,1,(
    (#3774,#3775)
    ,(#3776,#3777
    )),.UNSPECIFIED.,.F.,.F.,.F.,(2,2),(2,2),(0.,1.2),(0.,1.),
  .PIECEWISE_BEZIER_KNOTS.);
#3774 = CARTESIAN_POINT('',(0.6,0.4,0.14));
#3775 = CARTESIAN_POINT('',(0.565735862148,0.365735862148,0.63));
#3776 = CARTESIAN_POINT('',(-0.6,0.4,0.14));
#3777 = CARTESIAN_POINT('',(-0.565735862148,0.365735862148,0.63));
#3778 = ADVANCED_FACE('',(#3779),#3789,.T.);
#3779 = FACE_BOUND('',#3780,.T.);
#3780 = EDGE_LOOP('',(#3781,#3782,#3787,#3788));
#3781 = ORIENTED_EDGE('',*,*,#3638,.T.);
#3782 = ORIENTED_EDGE('',*,*,#3783,.T.);
#3783 = EDGE_CURVE('',#3631,#3760,#3784,.T.);
#3784 = B_SPLINE_CURVE_WITH_KNOTS('',1,(#3785,#3786),.UNSPECIFIED.,.F.,
  .F.,(2,2),(0.,1.),.PIECEWISE_BEZIER_KNOTS.);
#3785 = CARTESIAN_POINT('',(-0.590210246328,0.390210246328,0.));
#3786 = CARTESIAN_POINT('',(-0.6,0.4,0.14));
#3787 = ORIENTED_EDGE('',*,*,#3759,.F.);
#3788 = ORIENTED_EDGE('',*,*,#3592,.F.);
#3789 = B_SPLINE_SURFACE_WITH_KNOTS('',1,1,(
    (#3790,#3791)
    ,(#3792,#3793
    )),.UNSPECIFIED.,.F.,.F.,.F.,(2,2),(2,2),(0.,1.2),(0.,1.),
  .PIECEWISE_BEZIER_KNOTS.);
#3790 = CARTESIAN_POINT('',(0.590210246328,0.390210246328,0.));
#3791 = CARTESIAN_POINT('',(0.6,0.4,0.14));
#3792 = CARTESIAN_POINT('',(-0.590210246328,0.390210246328,0.));
#3793 = CARTESIAN_POINT('',(-0.6,0.4,0.14));
#3794 = ADVANCED_FACE('',(#3795),#3817,.T.);
#3795 = FACE_BOUND('',#3796,.T.);
#3796 = EDGE_LOOP('',(#3797,#3809,#3810,#3811));
#3797 = ORIENTED_EDGE('',*,*,#3798,.F.);
#3798 = EDGE_CURVE('',#3615,#3799,#3801,.T.);
#3799 = VERTEX_POINT('',#3800);
#3800 = CARTESIAN_POINT('',(-0.6,-0.15,0.14));
#3801 = B_SPLINE_CURVE_WITH_KNOTS('',6,(#3802,#3803,#3804,#3805,#3806,
    #3807,#3808),.UNSPECIFIED.,.F.,.F.,(7,7),(0.,1.),
  .PIECEWISE_BEZIER_KNOTS.);
#3802 = CARTESIAN_POINT('',(-0.590210246328,-0.15,0.));
#3803 = CARTESIAN_POINT('',(-0.592052839095,-0.15,2.635030420451E-02));
#3804 = CARTESIAN_POINT('',(-0.593440858671,-0.15,4.619990891917E-02));
#3805 = CARTESIAN_POINT('',(-0.595069169764,-0.15,6.948584243309E-02));
#3806 = CARTESIAN_POINT('',(-0.597095662504,-0.15,9.84660387753E-02));
#3807 = CARTESIAN_POINT('',(-0.599092991412,-0.15,0.127029172887));
#3808 = CARTESIAN_POINT('',(-0.6,-0.15,0.14));
#3809 = ORIENTED_EDGE('',*,*,#3614,.T.);
#3810 = ORIENTED_EDGE('',*,*,#3665,.T.);
#3811 = ORIENTED_EDGE('',*,*,#3812,.F.);
#3812 = EDGE_CURVE('',#3799,#3658,#3813,.T.);
#3813 = LINE('',#3814,#3815);
#3814 = CARTESIAN_POINT('',(-0.6,0.4,0.14));
#3815 = VECTOR('',#3816,1.);
#3816 = DIRECTION('',(0.,-1.,0.));
#3817 = B_SPLINE_SURFACE_WITH_KNOTS('',1,1,(
    (#3818,#3819)
    ,(#3820,#3821
    )),.UNSPECIFIED.,.F.,.F.,.F.,(2,2),(2,2),(0.,0.8),(0.,1.),
  .PIECEWISE_BEZIER_KNOTS.);
#3818 = CARTESIAN_POINT('',(-0.590210246328,0.390210246328,0.));
#3819 = CARTESIAN_POINT('',(-0.6,0.4,0.14));
#3820 = CARTESIAN_POINT('',(-0.590210246328,-0.390210246328,0.));
#3821 = CARTESIAN_POINT('',(-0.6,-0.4,0.14));
#3822 = ADVANCED_FACE('',(#3823),#3848,.F.);
#3823 = FACE_BOUND('',#3824,.F.);
#3824 = EDGE_LOOP('',(#3825,#3826,#3834,#3842));
#3825 = ORIENTED_EDGE('',*,*,#3622,.F.);
#3826 = ORIENTED_EDGE('',*,*,#3827,.T.);
#3827 = EDGE_CURVE('',#3623,#3828,#3830,.T.);
#3828 = VERTEX_POINT('',#3829);
#3829 = CARTESIAN_POINT('',(-0.8,0.15,0.));
#3830 = LINE('',#3831,#3832);
#3831 = CARTESIAN_POINT('',(-0.590210246328,0.15,0.));
#3832 = VECTOR('',#3833,1.);
#3833 = DIRECTION('',(-1.,2.22044604925E-16,0.));
#3834 = ORIENTED_EDGE('',*,*,#3835,.T.);
#3835 = EDGE_CURVE('',#3828,#3836,#3838,.T.);
#3836 = VERTEX_POINT('',#3837);
#3837 = CARTESIAN_POINT('',(-0.8,-0.15,0.));
#3838 = LINE('',#3839,#3840);
#3839 = CARTESIAN_POINT('',(-0.8,0.15,0.));
#3840 = VECTOR('',#3841,1.);
#3841 = DIRECTION('',(-2.22044604925E-16,-1.,0.));
#3842 = ORIENTED_EDGE('',*,*,#3843,.F.);
#3843 = EDGE_CURVE('',#3615,#3836,#3844,.T.);
#3844 = LINE('',#3845,#3846);
#3845 = CARTESIAN_POINT('',(-0.590210246328,-0.15,0.));
#3846 = VECTOR('',#3847,1.);
#3847 = DIRECTION('',(-1.,2.22044604925E-16,0.));
#3848 = PLANE('',#3849);
#3849 = AXIS2_PLACEMENT_3D('',#3850,#3851,#3852);
#3850 = CARTESIAN_POINT('',(-0.590210246328,0.15,0.));
#3851 = DIRECTION('',(0.,0.,1.));
#3852 = DIRECTION('',(-1.,2.22044604925E-16,0.));
#3853 = ADVANCED_FACE('',(#3854),#3876,.T.);
#3854 = FACE_BOUND('',#3855,.T.);
#3855 = EDGE_LOOP('',(#3856,#3857,#3858,#3870));
#3856 = ORIENTED_EDGE('',*,*,#3783,.F.);
#3857 = ORIENTED_EDGE('',*,*,#3630,.T.);
#3858 = ORIENTED_EDGE('',*,*,#3859,.T.);
#3859 = EDGE_CURVE('',#3623,#3860,#3862,.T.);
#3860 = VERTEX_POINT('',#3861);
#3861 = CARTESIAN_POINT('',(-0.6,0.15,0.14));
#3862 = B_SPLINE_CURVE_WITH_KNOTS('',6,(#3863,#3864,#3865,#3866,#3867,
    #3868,#3869),.UNSPECIFIED.,.F.,.F.,(7,7),(0.,1.),
  .PIECEWISE_BEZIER_KNOTS.);
#3863 = CARTESIAN_POINT('',(-0.590210246328,0.15,0.));
#3864 = CARTESIAN_POINT('',(-0.592052839095,0.15,2.635030420451E-02));
#3865 = CARTESIAN_POINT('',(-0.593440858671,0.15,4.619990891917E-02));
#3866 = CARTESIAN_POINT('',(-0.595069169764,0.15,6.948584243309E-02));
#3867 = CARTESIAN_POINT('',(-0.597095662504,0.15,9.84660387753E-02));
#3868 = CARTESIAN_POINT('',(-0.599092991412,0.15,0.127029172887));
#3869 = CARTESIAN_POINT('',(-0.6,0.15,0.14));
#3870 = ORIENTED_EDGE('',*,*,#3871,.F.);
#3871 = EDGE_CURVE('',#3760,#3860,#3872,.T.);
#3872 = LINE('',#3873,#3874);
#3873 = CARTESIAN_POINT('',(-0.6,0.4,0.14));
#3874 = VECTOR('',#3875,1.);
#3875 = DIRECTION('',(0.,-1.,0.));
#3876 = B_SPLINE_SURFACE_WITH_KNOTS('',1,1,(
    (#3877,#3878)
    ,(#3879,#3880
    )),.UNSPECIFIED.,.F.,.F.,.F.,(2,2),(2,2),(0.,0.8),(0.,1.),
  .PIECEWISE_BEZIER_KNOTS.);
#3877 = CARTESIAN_POINT('',(-0.590210246328,0.390210246328,0.));
#3878 = CARTESIAN_POINT('',(-0.6,0.4,0.14));
#3879 = CARTESIAN_POINT('',(-0.590210246328,-0.390210246328,0.));
#3880 = CARTESIAN_POINT('',(-0.6,-0.4,0.14));
#3881 = ADVANCED_FACE('',(#3882),#3895,.T.);
#3882 = FACE_BOUND('',#3883,.T.);
#3883 = EDGE_LOOP('',(#3884,#3885,#3891,#3892,#3893,#3894));
#3884 = ORIENTED_EDGE('',*,*,#3871,.T.);
#3885 = ORIENTED_EDGE('',*,*,#3886,.T.);
#3886 = EDGE_CURVE('',#3860,#3799,#3887,.T.);
#3887 = LINE('',#3888,#3889);
#3888 = CARTESIAN_POINT('',(-0.6,0.4,0.14));
#3889 = VECTOR('',#3890,1.);
#3890 = DIRECTION('',(0.,-1.,0.));
#3891 = ORIENTED_EDGE('',*,*,#3812,.T.);
#3892 = ORIENTED_EDGE('',*,*,#3688,.T.);
#3893 = ORIENTED_EDGE('',*,*,#3702,.F.);
#3894 = ORIENTED_EDGE('',*,*,#3767,.F.);
#3895 = B_SPLINE_SURFACE_WITH_KNOTS('',1,1,(
    (#3896,#3897)
    ,(#3898,#3899
    )),.UNSPECIFIED.,.F.,.F.,.F.,(2,2),(2,2),(0.,0.8),(0.,1.),
  .PIECEWISE_BEZIER_KNOTS.);
#3896 = CARTESIAN_POINT('',(-0.6,0.4,0.14));
#3897 = CARTESIAN_POINT('',(-0.565735862148,0.365735862148,0.63));
#3898 = CARTESIAN_POINT('',(-0.6,-0.4,0.14));
#3899 = CARTESIAN_POINT('',(-0.565735862148,-0.365735862148,0.63));
#3900 = ADVANCED_FACE('',(#3901),#3926,.F.);
#3901 = FACE_BOUND('',#3902,.F.);
#3902 = EDGE_LOOP('',(#3903,#3911,#3919,#3925));
#3903 = ORIENTED_EDGE('',*,*,#3904,.F.);
#3904 = EDGE_CURVE('',#3905,#3722,#3907,.T.);
#3905 = VERTEX_POINT('',#3906);
#3906 = CARTESIAN_POINT('',(-0.265735862148,-0.315735862148,0.62));
#3907 = LINE('',#3908,#3909);
#3908 = CARTESIAN_POINT('',(-0.265735862148,-0.315735862148,0.62));
#3909 = VECTOR('',#3910,1.);
#3910 = DIRECTION('',(0.,0.,1.));
#3911 = ORIENTED_EDGE('',*,*,#3912,.T.);
#3912 = EDGE_CURVE('',#3905,#3913,#3915,.T.);
#3913 = VERTEX_POINT('',#3914);
#3914 = CARTESIAN_POINT('',(-0.265735862148,0.315735862148,0.62));
#3915 = LINE('',#3916,#3917);
#3916 = CARTESIAN_POINT('',(-0.265735862148,-0.315735862148,0.62));
#3917 = VECTOR('',#3918,1.);
#3918 = DIRECTION('',(0.,1.,0.));
#3919 = ORIENTED_EDGE('',*,*,#3920,.T.);
#3920 = EDGE_CURVE('',#3913,#3720,#3921,.T.);
#3921 = LINE('',#3922,#3923);
#3922 = CARTESIAN_POINT('',(-0.265735862148,0.315735862148,0.62));
#3923 = VECTOR('',#3924,1.);
#3924 = DIRECTION('',(0.,0.,1.));
#3925 = ORIENTED_EDGE('',*,*,#3719,.T.);
#3926 = PLANE('',#3927);
#3927 = AXIS2_PLACEMENT_3D('',#3928,#3929,#3930);
#3928 = CARTESIAN_POINT('',(-0.265735862148,-0.315735862148,0.62));
#3929 = DIRECTION('',(1.,0.,0.));
#3930 = DIRECTION('',(0.,0.,1.));
#3931 = ADVANCED_FACE('',(#3932),#3950,.T.);
#3932 = FACE_BOUND('',#3933,.T.);
#3933 = EDGE_LOOP('',(#3934,#3935,#3943,#3949));
#3934 = ORIENTED_EDGE('',*,*,#3904,.F.);
#3935 = ORIENTED_EDGE('',*,*,#3936,.F.);
#3936 = EDGE_CURVE('',#3937,#3905,#3939,.T.);
#3937 = VERTEX_POINT('',#3938);
#3938 = CARTESIAN_POINT('',(-0.515735862148,-0.315735862148,0.62));
#3939 = LINE('',#3940,#3941);
#3940 = CARTESIAN_POINT('',(-0.515735862148,-0.315735862148,0.62));
#3941 = VECTOR('',#3942,1.);
#3942 = DIRECTION('',(1.,0.,0.));
#3943 = ORIENTED_EDGE('',*,*,#3944,.T.);
#3944 = EDGE_CURVE('',#3937,#3738,#3945,.T.);
#3945 = LINE('',#3946,#3947);
#3946 = CARTESIAN_POINT('',(-0.515735862148,-0.315735862148,0.62));
#3947 = VECTOR('',#3948,1.);
#3948 = DIRECTION('',(0.,0.,1.));
#3949 = ORIENTED_EDGE('',*,*,#3745,.T.);
#3950 = PLANE('',#3951);
#3951 = AXIS2_PLACEMENT_3D('',#3952,#3953,#3954);
#3952 = CARTESIAN_POINT('',(-0.515735862148,-0.315735862148,0.62));
#3953 = DIRECTION('',(0.,1.,0.));
#3954 = DIRECTION('',(0.,-0.,1.));
#3955 = ADVANCED_FACE('',(#3956),#3974,.T.);
#3956 = FACE_BOUND('',#3957,.T.);
#3957 = EDGE_LOOP('',(#3958,#3959,#3967,#3973));
#3958 = ORIENTED_EDGE('',*,*,#3944,.F.);
#3959 = ORIENTED_EDGE('',*,*,#3960,.T.);
#3960 = EDGE_CURVE('',#3937,#3961,#3963,.T.);
#3961 = VERTEX_POINT('',#3962);
#3962 = CARTESIAN_POINT('',(-0.515735862148,0.315735862148,0.62));
#3963 = LINE('',#3964,#3965);
#3964 = CARTESIAN_POINT('',(-0.515735862148,-0.315735862148,0.62));
#3965 = VECTOR('',#3966,1.);
#3966 = DIRECTION('',(0.,1.,0.));
#3967 = ORIENTED_EDGE('',*,*,#3968,.T.);
#3968 = EDGE_CURVE('',#3961,#3730,#3969,.T.);
#3969 = LINE('',#3970,#3971);
#3970 = CARTESIAN_POINT('',(-0.515735862148,0.315735862148,0.62));
#3971 = VECTOR('',#3972,1.);
#3972 = DIRECTION('',(0.,0.,1.));
#3973 = ORIENTED_EDGE('',*,*,#3737,.T.);
#3974 = PLANE('',#3975);
#3975 = AXIS2_PLACEMENT_3D('',#3976,#3977,#3978);
#3976 = CARTESIAN_POINT('',(-0.515735862148,-0.315735862148,0.62));
#3977 = DIRECTION('',(1.,0.,0.));
#3978 = DIRECTION('',(0.,0.,1.));
#3979 = ADVANCED_FACE('',(#3980),#3991,.F.);
#3980 = FACE_BOUND('',#3981,.F.);
#3981 = EDGE_LOOP('',(#3982,#3983,#3989,#3990));
#3982 = ORIENTED_EDGE('',*,*,#3920,.F.);
#3983 = ORIENTED_EDGE('',*,*,#3984,.F.);
#3984 = EDGE_CURVE('',#3961,#3913,#3985,.T.);
#3985 = LINE('',#3986,#3987);
#3986 = CARTESIAN_POINT('',(-0.515735862148,0.315735862148,0.62));
#3987 = VECTOR('',#3988,1.);
#3988 = DIRECTION('',(1.,0.,0.));
#3989 = ORIENTED_EDGE('',*,*,#3968,.T.);
#3990 = ORIENTED_EDGE('',*,*,#3729,.T.);
#3991 = PLANE('',#3992);
#3992 = AXIS2_PLACEMENT_3D('',#3993,#3994,#3995);
#3993 = CARTESIAN_POINT('',(-0.515735862148,0.315735862148,0.62));
#3994 = DIRECTION('',(0.,1.,0.));
#3995 = DIRECTION('',(0.,-0.,1.));
#3996 = ADVANCED_FACE('',(#3997),#4015,.T.);
#3997 = FACE_BOUND('',#3998,.T.);
#3998 = EDGE_LOOP('',(#3999,#4000,#4001,#4009));
#3999 = ORIENTED_EDGE('',*,*,#3843,.F.);
#4000 = ORIENTED_EDGE('',*,*,#3798,.T.);
#4001 = ORIENTED_EDGE('',*,*,#4002,.T.);
#4002 = EDGE_CURVE('',#3799,#4003,#4005,.T.);
#4003 = VERTEX_POINT('',#4004);
#4004 = CARTESIAN_POINT('',(-0.8,-0.15,0.14));
#4005 = LINE('',#4006,#4007);
#4006 = CARTESIAN_POINT('',(-0.590210246328,-0.15,0.14));
#4007 = VECTOR('',#4008,1.);
#4008 = DIRECTION('',(-1.,2.22044604925E-16,0.));
#4009 = ORIENTED_EDGE('',*,*,#4010,.F.);
#4010 = EDGE_CURVE('',#3836,#4003,#4011,.T.);
#4011 = LINE('',#4012,#4013);
#4012 = CARTESIAN_POINT('',(-0.8,-0.15,0.));
#4013 = VECTOR('',#4014,1.);
#4014 = DIRECTION('',(0.,0.,1.));
#4015 = PLANE('',#4016);
#4016 = AXIS2_PLACEMENT_3D('',#4017,#4018,#4019);
#4017 = CARTESIAN_POINT('',(-0.590210246328,-0.15,0.));
#4018 = DIRECTION('',(-2.22044604925E-16,-1.,0.));
#4019 = DIRECTION('',(0.,0.,1.));
#4020 = ADVANCED_FACE('',(#4021),#4039,.F.);
#4021 = FACE_BOUND('',#4022,.F.);
#4022 = EDGE_LOOP('',(#4023,#4024,#4025,#4033));
#4023 = ORIENTED_EDGE('',*,*,#3827,.F.);
#4024 = ORIENTED_EDGE('',*,*,#3859,.T.);
#4025 = ORIENTED_EDGE('',*,*,#4026,.T.);
#4026 = EDGE_CURVE('',#3860,#4027,#4029,.T.);
#4027 = VERTEX_POINT('',#4028);
#4028 = CARTESIAN_POINT('',(-0.8,0.15,0.14));
#4029 = LINE('',#4030,#4031);
#4030 = CARTESIAN_POINT('',(-0.590210246328,0.15,0.14));
#4031 = VECTOR('',#4032,1.);
#4032 = DIRECTION('',(-1.,2.22044604925E-16,0.));
#4033 = ORIENTED_EDGE('',*,*,#4034,.F.);
#4034 = EDGE_CURVE('',#3828,#4027,#4035,.T.);
#4035 = LINE('',#4036,#4037);
#4036 = CARTESIAN_POINT('',(-0.8,0.15,0.));
#4037 = VECTOR('',#4038,1.);
#4038 = DIRECTION('',(0.,0.,1.));
#4039 = PLANE('',#4040);
#4040 = AXIS2_PLACEMENT_3D('',#4041,#4042,#4043);
#4041 = CARTESIAN_POINT('',(-0.590210246328,0.15,0.));
#4042 = DIRECTION('',(-2.22044604925E-16,-1.,0.));
#4043 = DIRECTION('',(0.,0.,1.));
#4044 = ADVANCED_FACE('',(#4045),#4056,.T.);
#4045 = FACE_BOUND('',#4046,.T.);
#4046 = EDGE_LOOP('',(#4047,#4048,#4049,#4050));
#4047 = ORIENTED_EDGE('',*,*,#4034,.F.);
#4048 = ORIENTED_EDGE('',*,*,#3835,.T.);
#4049 = ORIENTED_EDGE('',*,*,#4010,.T.);
#4050 = ORIENTED_EDGE('',*,*,#4051,.F.);
#4051 = EDGE_CURVE('',#4027,#4003,#4052,.T.);
#4052 = LINE('',#4053,#4054);
#4053 = CARTESIAN_POINT('',(-0.8,0.15,0.14));
#4054 = VECTOR('',#4055,1.);
#4055 = DIRECTION('',(-2.22044604925E-16,-1.,0.));
#4056 = PLANE('',#4057);
#4057 = AXIS2_PLACEMENT_3D('',#4058,#4059,#4060);
#4058 = CARTESIAN_POINT('',(-0.8,0.15,0.));
#4059 = DIRECTION('',(-1.,2.22044604925E-16,0.));
#4060 = DIRECTION('',(0.,0.,1.));
#4061 = ADVANCED_FACE('',(#4062),#4068,.T.);
#4062 = FACE_BOUND('',#4063,.T.);
#4063 = EDGE_LOOP('',(#4064,#4065,#4066,#4067));
#4064 = ORIENTED_EDGE('',*,*,#3886,.F.);
#4065 = ORIENTED_EDGE('',*,*,#4026,.T.);
#4066 = ORIENTED_EDGE('',*,*,#4051,.T.);
#4067 = ORIENTED_EDGE('',*,*,#4002,.F.);
#4068 = PLANE('',#4069);
#4069 = AXIS2_PLACEMENT_3D('',#4070,#4071,#4072);
#4070 = CARTESIAN_POINT('',(-0.590210246328,0.15,0.14));
#4071 = DIRECTION('',(0.,0.,1.));
#4072 = DIRECTION('',(-1.,2.22044604925E-16,0.));
#4073 = ADVANCED_FACE('',(#4074),#4080,.T.);
#4074 = FACE_BOUND('',#4075,.T.);
#4075 = EDGE_LOOP('',(#4076,#4077,#4078,#4079));
#4076 = ORIENTED_EDGE('',*,*,#3960,.F.);
#4077 = ORIENTED_EDGE('',*,*,#3936,.T.);
#4078 = ORIENTED_EDGE('',*,*,#3912,.T.);
#4079 = ORIENTED_EDGE('',*,*,#3984,.F.);
#4080 = PLANE('',#4081);
#4081 = AXIS2_PLACEMENT_3D('',#4082,#4083,#4084);
#4082 = CARTESIAN_POINT('',(-0.515735862148,-0.315735862148,0.62));
#4083 = DIRECTION('',(0.,0.,1.));
#4084 = DIRECTION('',(1.,0.,-0.));
#4085 = ( GEOMETRIC_REPRESENTATION_CONTEXT(3) 
GLOBAL_UNCERTAINTY_ASSIGNED_CONTEXT((#4089)) 
GLOBAL_UNIT_ASSIGNED_CONTEXT((#4086,#4087,#4088)) REPRESENTATION_CONTEXT
('Context #1','3D Context with UNIT and UNCERTAINTY') );
#4086 = ( LENGTH_UNIT() NAMED_UNIT(*) SI_UNIT(.MILLI.,.METRE.) );
#4087 = ( NAMED_UNIT(*) PLANE_ANGLE_UNIT() SI_UNIT($,.RADIAN.) );
#4088 = ( NAMED_UNIT(*) SI_UNIT($,.STERADIAN.) SOLID_ANGLE_UNIT() );
#4089 = UNCERTAINTY_MEASURE_WITH_UNIT(LENGTH_MEASURE(1.E-07),#4086,
  'distance_accuracy_value','confusion accuracy');
#4090 = CONTEXT_DEPENDENT_SHAPE_REPRESENTATION(#4091,#4093);
#4091 = ( REPRESENTATION_RELATIONSHIP('','',#3364,#10) 
REPRESENTATION_RELATIONSHIP_WITH_TRANSFORMATION(#4092) 
SHAPE_REPRESENTATION_RELATIONSHIP() );
#4092 = ITEM_DEFINED_TRANSFORMATION('','',#11,#27);
#4093 = PRODUCT_DEFINITION_SHAPE('Placement','Placement of an item',
  #4094);
#4094 = NEXT_ASSEMBLY_USAGE_OCCURRENCE('4','D2','',#5,#3359,$);
#4095 = PRODUCT_RELATED_PRODUCT_CATEGORY('part',$,(#3361));
#4096 = CONTEXT_DEPENDENT_SHAPE_REPRESENTATION(#4097,#4099);
#4097 = ( REPRESENTATION_RELATIONSHIP('','',#140,#10) 
REPRESENTATION_RELATIONSHIP_WITH_TRANSFORMATION(#4098) 
SHAPE_REPRESENTATION_RELATIONSHIP() );
#4098 = ITEM_DEFINED_TRANSFORMATION('','',#11,#31);
#4099 = PRODUCT_DEFINITION_SHAPE('Placement','Placement of an item',
  #4100);
#4100 = NEXT_ASSEMBLY_USAGE_OCCURRENCE('5','R5','',#5,#135,$);
#4101 = CONTEXT_DEPENDENT_SHAPE_REPRESENTATION(#4102,#4104);
#4102 = ( REPRESENTATION_RELATIONSHIP('','',#140,#10) 
REPRESENTATION_RELATIONSHIP_WITH_TRANSFORMATION(#4103) 
SHAPE_REPRESENTATION_RELATIONSHIP() );
#4103 = ITEM_DEFINED_TRANSFORMATION('','',#11,#35);
#4104 = PRODUCT_DEFINITION_SHAPE('Placement','Placement of an item',
  #4105);
#4105 = NEXT_ASSEMBLY_USAGE_OCCURRENCE('6','R16','',#5,#135,$);
#4106 = CONTEXT_DEPENDENT_SHAPE_REPRESENTATION(#4107,#4109);
#4107 = ( REPRESENTATION_RELATIONSHIP('','',#2491,#10) 
REPRESENTATION_RELATIONSHIP_WITH_TRANSFORMATION(#4108) 
SHAPE_REPRESENTATION_RELATIONSHIP() );
#4108 = ITEM_DEFINED_TRANSFORMATION('','',#11,#39);
#4109 = PRODUCT_DEFINITION_SHAPE('Placement','Placement of an item',
  #4110);
#4110 = NEXT_ASSEMBLY_USAGE_OCCURRENCE('7','C3','',#5,#2486,$);
#4111 = CONTEXT_DEPENDENT_SHAPE_REPRESENTATION(#4112,#4114);
#4112 = ( REPRESENTATION_RELATIONSHIP('','',#140,#10) 
REPRESENTATION_RELATIONSHIP_WITH_TRANSFORMATION(#4113) 
SHAPE_REPRESENTATION_RELATIONSHIP() );
#4113 = ITEM_DEFINED_TRANSFORMATION('','',#11,#43);
#4114 = PRODUCT_DEFINITION_SHAPE('Placement','Placement of an item',
  #4115);
#4115 = NEXT_ASSEMBLY_USAGE_OCCURRENCE('8','R15','',#5,#135,$);
#4116 = CONTEXT_DEPENDENT_SHAPE_REPRESENTATION(#4117,#4119);
#4117 = ( REPRESENTATION_RELATIONSHIP('','',#140,#10) 
REPRESENTATION_RELATIONSHIP_WITH_TRANSFORMATION(#4118) 
SHAPE_REPRESENTATION_RELATIONSHIP() );
#4118 = ITEM_DEFINED_TRANSFORMATION('','',#11,#47);
#4119 = PRODUCT_DEFINITION_SHAPE('Placement','Placement of an item',
  #4120);
#4120 = NEXT_ASSEMBLY_USAGE_OCCURRENCE('9','R12','',#5,#135,$);
#4121 = SHAPE_DEFINITION_REPRESENTATION(#4122,#4128);
#4122 = PRODUCT_DEFINITION_SHAPE('','',#4123);
#4123 = PRODUCT_DEFINITION('design','',#4124,#4127);
#4124 = PRODUCT_DEFINITION_FORMATION('','',#4125);
#4125 = PRODUCT('JST_GH_SM04B-GHS-TB_1x04-1MP_P1.25mm_Horizontal',
  'JST_GH_SM04B-GHS-TB_1x04-1MP_P1.25mm_Horizontal','',(#4126));
#4126 = PRODUCT_CONTEXT('',#2,'mechanical');
#4127 = PRODUCT_DEFINITION_CONTEXT('part definition',#2,'design');
#4128 = ADVANCED_BREP_SHAPE_REPRESENTATION('',(#11,#4129),#10528);
#4129 = MANIFOLD_SOLID_BREP('',#4130);
#4130 = CLOSED_SHELL('',(#4131,#4267,#4330,#4370,#4394,#4450,#4474,#5009
    ,#5065,#5089,#5113,#5137,#5161,#5242,#5394,#5418,#5442,#5587,#5675,
    #5715,#5748,#5781,#5805,#5872,#5896,#5920,#5937,#5961,#6056,#6080,
    #6105,#6137,#6154,#6176,#6193,#6244,#6256,#6287,#6311,#6335,#6359,
    #6383,#6407,#6431,#6455,#6479,#6503,#6535,#6559,#6599,#6631,#6655,
    #6695,#6735,#6759,#6791,#6831,#6855,#6887,#6911,#6935,#6959,#6983,
    #7015,#7039,#7079,#7111,#7135,#7175,#7215,#7239,#7271,#7311,#7335,
    #7367,#7391,#7408,#7439,#7463,#7487,#7504,#7535,#7559,#7583,#7600,
    #7640,#7657,#7671,#7688,#7746,#7770,#7833,#7857,#7920,#7944,#8007,
    #8031,#8094,#8118,#8181,#8205,#8268,#8292,#8355,#8372,#8384,#8401,
    #8413,#8430,#8442,#8459,#8471,#8488,#8505,#8540,#8557,#8569,#8586,
    #8603,#8621,#8638,#8656,#8668,#8680,#8704,#8728,#8745,#8757,#8780,
    #8804,#8820,#8832,#9092,#9124,#9141,#9158,#9184,#9216,#9247,#9264,
    #9276,#9301,#9326,#9358,#9375,#9392,#9418,#9450,#9481,#9498,#9510,
    #9535,#9560,#9572,#9584,#9601,#9618,#9635,#9647,#9664,#9681,#9698,
    #9710,#9727,#9744,#9761,#9773,#9790,#9807,#9824,#9836,#9848,#9865,
    #9882,#9899,#9916,#9955,#9979,#10011,#10028,#10067,#10091,#10123,
    #10140,#10179,#10203,#10235,#10252,#10283,#10315,#10339,#10364,
    #10376,#10388,#10400,#10412,#10429,#10441,#10458,#10470,#10487,
    #10499,#10516));
#4131 = ADVANCED_FACE('',(#4132),#4262,.F.);
#4132 = FACE_BOUND('',#4133,.F.);
#4133 = EDGE_LOOP('',(#4134,#4144,#4152,#4160,#4168,#4176,#4184,#4192,
    #4200,#4208,#4216,#4224,#4232,#4240,#4248,#4256));
#4134 = ORIENTED_EDGE('',*,*,#4135,.F.);
#4135 = EDGE_CURVE('',#4136,#4138,#4140,.T.);
#4136 = VERTEX_POINT('',#4137);
#4137 = CARTESIAN_POINT('',(-4.125,0.93,-5.E-03));
#4138 = VERTEX_POINT('',#4139);
#4139 = CARTESIAN_POINT('',(-4.125,-0.22,-4.999999999999E-03));
#4140 = LINE('',#4141,#4142);
#4141 = CARTESIAN_POINT('',(-4.125,1.58,-5.E-03));
#4142 = VECTOR('',#4143,1.);
#4143 = DIRECTION('',(0.,-1.,2.22044604925E-16));
#4144 = ORIENTED_EDGE('',*,*,#4145,.F.);
#4145 = EDGE_CURVE('',#4146,#4136,#4148,.T.);
#4146 = VERTEX_POINT('',#4147);
#4147 = CARTESIAN_POINT('',(-4.125,0.93,0.195));
#4148 = LINE('',#4149,#4150);
#4149 = CARTESIAN_POINT('',(-4.125,0.93,0.195));
#4150 = VECTOR('',#4151,1.);
#4151 = DIRECTION('',(0.,-2.22044604925E-16,-1.));
#4152 = ORIENTED_EDGE('',*,*,#4153,.F.);
#4153 = EDGE_CURVE('',#4154,#4146,#4156,.T.);
#4154 = VERTEX_POINT('',#4155);
#4155 = CARTESIAN_POINT('',(-4.125,1.08,0.195));
#4156 = LINE('',#4157,#4158);
#4157 = CARTESIAN_POINT('',(-4.125,1.08,0.195));
#4158 = VECTOR('',#4159,1.);
#4159 = DIRECTION('',(0.,-1.,2.22044604925E-16));
#4160 = ORIENTED_EDGE('',*,*,#4161,.F.);
#4161 = EDGE_CURVE('',#4162,#4154,#4164,.T.);
#4162 = VERTEX_POINT('',#4163);
#4163 = CARTESIAN_POINT('',(-4.125,1.08,0.945));
#4164 = LINE('',#4165,#4166);
#4165 = CARTESIAN_POINT('',(-4.125,1.08,0.945));
#4166 = VECTOR('',#4167,1.);
#4167 = DIRECTION('',(0.,-2.22044604925E-16,-1.));
#4168 = ORIENTED_EDGE('',*,*,#4169,.F.);
#4169 = EDGE_CURVE('',#4170,#4162,#4172,.T.);
#4170 = VERTEX_POINT('',#4171);
#4171 = CARTESIAN_POINT('',(-4.125,1.58,0.945));
#4172 = LINE('',#4173,#4174);
#4173 = CARTESIAN_POINT('',(-4.125,1.58,0.945));
#4174 = VECTOR('',#4175,1.);
#4175 = DIRECTION('',(0.,-1.,2.22044604925E-16));
#4176 = ORIENTED_EDGE('',*,*,#4177,.T.);
#4177 = EDGE_CURVE('',#4170,#4178,#4180,.T.);
#4178 = VERTEX_POINT('',#4179);
#4179 = CARTESIAN_POINT('',(-4.125,1.58,1.995));
#4180 = LINE('',#4181,#4182);
#4181 = CARTESIAN_POINT('',(-4.125,1.58,-5.E-03));
#4182 = VECTOR('',#4183,1.);
#4183 = DIRECTION('',(0.,2.22044604925E-16,1.));
#4184 = ORIENTED_EDGE('',*,*,#4185,.T.);
#4185 = EDGE_CURVE('',#4178,#4186,#4188,.T.);
#4186 = VERTEX_POINT('',#4187);
#4187 = CARTESIAN_POINT('',(-4.125,0.98,1.995));
#4188 = LINE('',#4189,#4190);
#4189 = CARTESIAN_POINT('',(-4.125,1.58,1.995));
#4190 = VECTOR('',#4191,1.);
#4191 = DIRECTION('',(0.,-1.,2.22044604925E-16));
#4192 = ORIENTED_EDGE('',*,*,#4193,.T.);
#4193 = EDGE_CURVE('',#4186,#4194,#4196,.T.);
#4194 = VERTEX_POINT('',#4195);
#4195 = CARTESIAN_POINT('',(-4.125,0.98,3.595));
#4196 = LINE('',#4197,#4198);
#4197 = CARTESIAN_POINT('',(-4.125,0.98,1.995));
#4198 = VECTOR('',#4199,1.);
#4199 = DIRECTION('',(0.,2.22044604925E-16,1.));
#4200 = ORIENTED_EDGE('',*,*,#4201,.T.);
#4201 = EDGE_CURVE('',#4194,#4202,#4204,.T.);
#4202 = VERTEX_POINT('',#4203);
#4203 = CARTESIAN_POINT('',(-4.125,-0.32,3.595));
#4204 = LINE('',#4205,#4206);
#4205 = CARTESIAN_POINT('',(-4.125,0.98,3.595));
#4206 = VECTOR('',#4207,1.);
#4207 = DIRECTION('',(0.,-1.,2.22044604925E-16));
#4208 = ORIENTED_EDGE('',*,*,#4209,.T.);
#4209 = EDGE_CURVE('',#4202,#4210,#4212,.T.);
#4210 = VERTEX_POINT('',#4211);
#4211 = CARTESIAN_POINT('',(-4.125,-0.32,4.245));
#4212 = LINE('',#4213,#4214);
#4213 = CARTESIAN_POINT('',(-4.125,-0.32,3.595));
#4214 = VECTOR('',#4215,1.);
#4215 = DIRECTION('',(0.,2.22044604925E-16,1.));
#4216 = ORIENTED_EDGE('',*,*,#4217,.T.);
#4217 = EDGE_CURVE('',#4210,#4218,#4220,.T.);
#4218 = VERTEX_POINT('',#4219);
#4219 = CARTESIAN_POINT('',(-4.125,-2.47,4.245));
#4220 = LINE('',#4221,#4222);
#4221 = CARTESIAN_POINT('',(-4.125,1.58,4.245));
#4222 = VECTOR('',#4223,1.);
#4223 = DIRECTION('',(0.,-1.,2.22044604925E-16));
#4224 = ORIENTED_EDGE('',*,*,#4225,.F.);
#4225 = EDGE_CURVE('',#4226,#4218,#4228,.T.);
#4226 = VERTEX_POINT('',#4227);
#4227 = CARTESIAN_POINT('',(-4.125,-2.47,1.945));
#4228 = LINE('',#4229,#4230);
#4229 = CARTESIAN_POINT('',(-4.125,-2.47,-4.999999999999E-03));
#4230 = VECTOR('',#4231,1.);
#4231 = DIRECTION('',(0.,2.22044604925E-16,1.));
#4232 = ORIENTED_EDGE('',*,*,#4233,.T.);
#4233 = EDGE_CURVE('',#4226,#4234,#4236,.T.);
#4234 = VERTEX_POINT('',#4235);
#4235 = CARTESIAN_POINT('',(-4.125,-1.82,1.945));
#4236 = LINE('',#4237,#4238);
#4237 = CARTESIAN_POINT('',(-4.125,-2.47,1.945));
#4238 = VECTOR('',#4239,1.);
#4239 = DIRECTION('',(0.,1.,-2.22044604925E-16));
#4240 = ORIENTED_EDGE('',*,*,#4241,.T.);
#4241 = EDGE_CURVE('',#4234,#4242,#4244,.T.);
#4242 = VERTEX_POINT('',#4243);
#4243 = CARTESIAN_POINT('',(-4.125,-1.82,0.595));
#4244 = LINE('',#4245,#4246);
#4245 = CARTESIAN_POINT('',(-4.125,-1.82,1.945));
#4246 = VECTOR('',#4247,1.);
#4247 = DIRECTION('',(0.,-2.22044604925E-16,-1.));
#4248 = ORIENTED_EDGE('',*,*,#4249,.T.);
#4249 = EDGE_CURVE('',#4242,#4250,#4252,.T.);
#4250 = VERTEX_POINT('',#4251);
#4251 = CARTESIAN_POINT('',(-4.125,-0.22,0.595));
#4252 = LINE('',#4253,#4254);
#4253 = CARTESIAN_POINT('',(-4.125,-1.82,0.595));
#4254 = VECTOR('',#4255,1.);
#4255 = DIRECTION('',(0.,1.,-2.22044604925E-16));
#4256 = ORIENTED_EDGE('',*,*,#4257,.T.);
#4257 = EDGE_CURVE('',#4250,#4138,#4258,.T.);
#4258 = LINE('',#4259,#4260);
#4259 = CARTESIAN_POINT('',(-4.125,-0.22,0.595));
#4260 = VECTOR('',#4261,1.);
#4261 = DIRECTION('',(0.,-2.22044604925E-16,-1.));
#4262 = PLANE('',#4263);
#4263 = AXIS2_PLACEMENT_3D('',#4264,#4265,#4266);
#4264 = CARTESIAN_POINT('',(-4.125,1.58,-5.E-03));
#4265 = DIRECTION('',(1.,0.,0.));
#4266 = DIRECTION('',(0.,-1.,2.22044604925E-16));
#4267 = ADVANCED_FACE('',(#4268),#4325,.F.);
#4268 = FACE_BOUND('',#4269,.F.);
#4269 = EDGE_LOOP('',(#4270,#4278,#4279,#4287,#4295,#4303,#4311,#4319));
#4270 = ORIENTED_EDGE('',*,*,#4271,.F.);
#4271 = EDGE_CURVE('',#4136,#4272,#4274,.T.);
#4272 = VERTEX_POINT('',#4273);
#4273 = CARTESIAN_POINT('',(4.125,0.93,-5.E-03));
#4274 = LINE('',#4275,#4276);
#4275 = CARTESIAN_POINT('',(-4.125,0.93,-5.E-03));
#4276 = VECTOR('',#4277,1.);
#4277 = DIRECTION('',(1.,0.,0.));
#4278 = ORIENTED_EDGE('',*,*,#4135,.T.);
#4279 = ORIENTED_EDGE('',*,*,#4280,.T.);
#4280 = EDGE_CURVE('',#4138,#4281,#4283,.T.);
#4281 = VERTEX_POINT('',#4282);
#4282 = CARTESIAN_POINT('',(-3.625,-0.22,-4.999999999999E-03));
#4283 = LINE('',#4284,#4285);
#4284 = CARTESIAN_POINT('',(-4.125,-0.22,-4.999999999999E-03));
#4285 = VECTOR('',#4286,1.);
#4286 = DIRECTION('',(1.,0.,0.));
#4287 = ORIENTED_EDGE('',*,*,#4288,.T.);
#4288 = EDGE_CURVE('',#4281,#4289,#4291,.T.);
#4289 = VERTEX_POINT('',#4290);
#4290 = CARTESIAN_POINT('',(-3.625,-2.47,-4.999999999999E-03));
#4291 = LINE('',#4292,#4293);
#4292 = CARTESIAN_POINT('',(-3.625,-0.22,-4.999999999999E-03));
#4293 = VECTOR('',#4294,1.);
#4294 = DIRECTION('',(0.,-1.,2.22044604925E-16));
#4295 = ORIENTED_EDGE('',*,*,#4296,.T.);
#4296 = EDGE_CURVE('',#4289,#4297,#4299,.T.);
#4297 = VERTEX_POINT('',#4298);
#4298 = CARTESIAN_POINT('',(3.625,-2.47,-4.999999999999E-03));
#4299 = LINE('',#4300,#4301);
#4300 = CARTESIAN_POINT('',(-4.125,-2.47,-4.999999999999E-03));
#4301 = VECTOR('',#4302,1.);
#4302 = DIRECTION('',(1.,0.,0.));
#4303 = ORIENTED_EDGE('',*,*,#4304,.F.);
#4304 = EDGE_CURVE('',#4305,#4297,#4307,.T.);
#4305 = VERTEX_POINT('',#4306);
#4306 = CARTESIAN_POINT('',(3.625,-0.22,-4.999999999999E-03));
#4307 = LINE('',#4308,#4309);
#4308 = CARTESIAN_POINT('',(3.625,-0.22,-4.999999999999E-03));
#4309 = VECTOR('',#4310,1.);
#4310 = DIRECTION('',(0.,-1.,2.22044604925E-16));
#4311 = ORIENTED_EDGE('',*,*,#4312,.T.);
#4312 = EDGE_CURVE('',#4305,#4313,#4315,.T.);
#4313 = VERTEX_POINT('',#4314);
#4314 = CARTESIAN_POINT('',(4.125,-0.22,-4.999999999999E-03));
#4315 = LINE('',#4316,#4317);
#4316 = CARTESIAN_POINT('',(3.625,-0.22,-4.999999999999E-03));
#4317 = VECTOR('',#4318,1.);
#4318 = DIRECTION('',(1.,0.,0.));
#4319 = ORIENTED_EDGE('',*,*,#4320,.F.);
#4320 = EDGE_CURVE('',#4272,#4313,#4321,.T.);
#4321 = LINE('',#4322,#4323);
#4322 = CARTESIAN_POINT('',(4.125,1.58,-5.E-03));
#4323 = VECTOR('',#4324,1.);
#4324 = DIRECTION('',(0.,-1.,2.22044604925E-16));
#4325 = PLANE('',#4326);
#4326 = AXIS2_PLACEMENT_3D('',#4327,#4328,#4329);
#4327 = CARTESIAN_POINT('',(-4.125,1.58,-5.E-03));
#4328 = DIRECTION('',(0.,2.22044604925E-16,1.));
#4329 = DIRECTION('',(0.,-1.,2.22044604925E-16));
#4330 = ADVANCED_FACE('',(#4331),#4365,.F.);
#4331 = FACE_BOUND('',#4332,.F.);
#4332 = EDGE_LOOP('',(#4333,#4334,#4342,#4350,#4358,#4364));
#4333 = ORIENTED_EDGE('',*,*,#4257,.F.);
#4334 = ORIENTED_EDGE('',*,*,#4335,.T.);
#4335 = EDGE_CURVE('',#4250,#4336,#4338,.T.);
#4336 = VERTEX_POINT('',#4337);
#4337 = CARTESIAN_POINT('',(-3.825,-0.22,0.595));
#4338 = LINE('',#4339,#4340);
#4339 = CARTESIAN_POINT('',(-4.125,-0.22,0.595));
#4340 = VECTOR('',#4341,1.);
#4341 = DIRECTION('',(1.,0.,0.));
#4342 = ORIENTED_EDGE('',*,*,#4343,.F.);
#4343 = EDGE_CURVE('',#4344,#4336,#4346,.T.);
#4344 = VERTEX_POINT('',#4345);
#4345 = CARTESIAN_POINT('',(-3.825,-0.22,0.37));
#4346 = LINE('',#4347,#4348);
#4347 = CARTESIAN_POINT('',(-3.825,-0.22,0.807892234548));
#4348 = VECTOR('',#4349,1.);
#4349 = DIRECTION('',(0.,2.22044604925E-16,1.));
#4350 = ORIENTED_EDGE('',*,*,#4351,.F.);
#4351 = EDGE_CURVE('',#4352,#4344,#4354,.T.);
#4352 = VERTEX_POINT('',#4353);
#4353 = CARTESIAN_POINT('',(-3.625,-0.22,0.37));
#4354 = LINE('',#4355,#4356);
#4355 = CARTESIAN_POINT('',(-3.975,-0.22,0.37));
#4356 = VECTOR('',#4357,1.);
#4357 = DIRECTION('',(-1.,0.,0.));
#4358 = ORIENTED_EDGE('',*,*,#4359,.T.);
#4359 = EDGE_CURVE('',#4352,#4281,#4360,.T.);
#4360 = LINE('',#4361,#4362);
#4361 = CARTESIAN_POINT('',(-3.625,-0.22,0.595));
#4362 = VECTOR('',#4363,1.);
#4363 = DIRECTION('',(0.,-2.22044604925E-16,-1.));
#4364 = ORIENTED_EDGE('',*,*,#4280,.F.);
#4365 = PLANE('',#4366);
#4366 = AXIS2_PLACEMENT_3D('',#4367,#4368,#4369);
#4367 = CARTESIAN_POINT('',(-4.125,-0.22,0.595));
#4368 = DIRECTION('',(0.,1.,-2.22044604925E-16));
#4369 = DIRECTION('',(0.,-2.22044604925E-16,-1.));
#4370 = ADVANCED_FACE('',(#4371),#4389,.F.);
#4371 = FACE_BOUND('',#4372,.F.);
#4372 = EDGE_LOOP('',(#4373,#4374,#4382,#4388));
#4373 = ORIENTED_EDGE('',*,*,#4249,.F.);
#4374 = ORIENTED_EDGE('',*,*,#4375,.T.);
#4375 = EDGE_CURVE('',#4242,#4376,#4378,.T.);
#4376 = VERTEX_POINT('',#4377);
#4377 = CARTESIAN_POINT('',(-3.825,-1.82,0.595));
#4378 = LINE('',#4379,#4380);
#4379 = CARTESIAN_POINT('',(-4.125,-1.82,0.595));
#4380 = VECTOR('',#4381,1.);
#4381 = DIRECTION('',(1.,0.,0.));
#4382 = ORIENTED_EDGE('',*,*,#4383,.F.);
#4383 = EDGE_CURVE('',#4336,#4376,#4384,.T.);
#4384 = LINE('',#4385,#4386);
#4385 = CARTESIAN_POINT('',(-3.825,-1.537444532488,0.595));
#4386 = VECTOR('',#4387,1.);
#4387 = DIRECTION('',(0.,-1.,2.22044604925E-16));
#4388 = ORIENTED_EDGE('',*,*,#4335,.F.);
#4389 = PLANE('',#4390);
#4390 = AXIS2_PLACEMENT_3D('',#4391,#4392,#4393);
#4391 = CARTESIAN_POINT('',(-4.125,-1.82,0.595));
#4392 = DIRECTION('',(0.,2.22044604925E-16,1.));
#4393 = DIRECTION('',(0.,1.,-2.22044604925E-16));
#4394 = ADVANCED_FACE('',(#4395),#4445,.F.);
#4395 = FACE_BOUND('',#4396,.F.);
#4396 = EDGE_LOOP('',(#4397,#4398,#4406,#4414,#4422,#4430,#4438,#4444));
#4397 = ORIENTED_EDGE('',*,*,#4241,.F.);
#4398 = ORIENTED_EDGE('',*,*,#4399,.T.);
#4399 = EDGE_CURVE('',#4234,#4400,#4402,.T.);
#4400 = VERTEX_POINT('',#4401);
#4401 = CARTESIAN_POINT('',(-3.825,-1.82,1.945));
#4402 = LINE('',#4403,#4404);
#4403 = CARTESIAN_POINT('',(-4.125,-1.82,1.945));
#4404 = VECTOR('',#4405,1.);
#4405 = DIRECTION('',(1.,0.,0.));
#4406 = ORIENTED_EDGE('',*,*,#4407,.F.);
#4407 = EDGE_CURVE('',#4408,#4400,#4410,.T.);
#4408 = VERTEX_POINT('',#4409);
#4409 = CARTESIAN_POINT('',(-3.825,-1.82,1.51));
#4410 = LINE('',#4411,#4412);
#4411 = CARTESIAN_POINT('',(-3.825,-1.82,1.482892234548));
#4412 = VECTOR('',#4413,1.);
#4413 = DIRECTION('',(0.,2.22044604925E-16,1.));
#4414 = ORIENTED_EDGE('',*,*,#4415,.F.);
#4415 = EDGE_CURVE('',#4416,#4408,#4418,.T.);
#4416 = VERTEX_POINT('',#4417);
#4417 = CARTESIAN_POINT('',(-3.625,-1.82,1.51));
#4418 = LINE('',#4419,#4420);
#4419 = CARTESIAN_POINT('',(-3.975,-1.82,1.51));
#4420 = VECTOR('',#4421,1.);
#4421 = DIRECTION('',(-1.,0.,0.));
#4422 = ORIENTED_EDGE('',*,*,#4423,.T.);
#4423 = EDGE_CURVE('',#4416,#4424,#4426,.T.);
#4424 = VERTEX_POINT('',#4425);
#4425 = CARTESIAN_POINT('',(-3.625,-1.82,0.8));
#4426 = LINE('',#4427,#4428);
#4427 = CARTESIAN_POINT('',(-3.625,-1.82,1.945));
#4428 = VECTOR('',#4429,1.);
#4429 = DIRECTION('',(0.,-2.22044604925E-16,-1.));
#4430 = ORIENTED_EDGE('',*,*,#4431,.F.);
#4431 = EDGE_CURVE('',#4432,#4424,#4434,.T.);
#4432 = VERTEX_POINT('',#4433);
#4433 = CARTESIAN_POINT('',(-3.825,-1.82,0.8));
#4434 = LINE('',#4435,#4436);
#4435 = CARTESIAN_POINT('',(-3.975,-1.82,0.8));
#4436 = VECTOR('',#4437,1.);
#4437 = DIRECTION('',(1.,0.,0.));
#4438 = ORIENTED_EDGE('',*,*,#4439,.F.);
#4439 = EDGE_CURVE('',#4376,#4432,#4440,.T.);
#4440 = LINE('',#4441,#4442);
#4441 = CARTESIAN_POINT('',(-3.825,-1.82,1.482892234548));
#4442 = VECTOR('',#4443,1.);
#4443 = DIRECTION('',(0.,2.22044604925E-16,1.));
#4444 = ORIENTED_EDGE('',*,*,#4375,.F.);
#4445 = PLANE('',#4446);
#4446 = AXIS2_PLACEMENT_3D('',#4447,#4448,#4449);
#4447 = CARTESIAN_POINT('',(-4.125,-1.82,1.945));
#4448 = DIRECTION('',(0.,1.,-2.22044604925E-16));
#4449 = DIRECTION('',(0.,-2.22044604925E-16,-1.));
#4450 = ADVANCED_FACE('',(#4451),#4469,.F.);
#4451 = FACE_BOUND('',#4452,.F.);
#4452 = EDGE_LOOP('',(#4453,#4454,#4462,#4468));
#4453 = ORIENTED_EDGE('',*,*,#4233,.F.);
#4454 = ORIENTED_EDGE('',*,*,#4455,.T.);
#4455 = EDGE_CURVE('',#4226,#4456,#4458,.T.);
#4456 = VERTEX_POINT('',#4457);
#4457 = CARTESIAN_POINT('',(-3.825,-2.47,1.945));
#4458 = LINE('',#4459,#4460);
#4459 = CARTESIAN_POINT('',(-4.125,-2.47,1.945));
#4460 = VECTOR('',#4461,1.);
#4461 = DIRECTION('',(1.,0.,0.));
#4462 = ORIENTED_EDGE('',*,*,#4463,.F.);
#4463 = EDGE_CURVE('',#4400,#4456,#4464,.T.);
#4464 = LINE('',#4465,#4466);
#4465 = CARTESIAN_POINT('',(-3.825,-1.862444532488,1.945));
#4466 = VECTOR('',#4467,1.);
#4467 = DIRECTION('',(0.,-1.,2.22044604925E-16));
#4468 = ORIENTED_EDGE('',*,*,#4399,.F.);
#4469 = PLANE('',#4470);
#4470 = AXIS2_PLACEMENT_3D('',#4471,#4472,#4473);
#4471 = CARTESIAN_POINT('',(-4.125,-2.47,1.945));
#4472 = DIRECTION('',(0.,2.22044604925E-16,1.));
#4473 = DIRECTION('',(0.,1.,-2.22044604925E-16));
#4474 = ADVANCED_FACE('',(#4475,#4580,#4614,#4936,#4970),#5004,.T.);
#4475 = FACE_BOUND('',#4476,.T.);
#4476 = EDGE_LOOP('',(#4477,#4478,#4479,#4487,#4495,#4503,#4511,#4517,
    #4518,#4526,#4534,#4542,#4550,#4558,#4566,#4574));
#4477 = ORIENTED_EDGE('',*,*,#4225,.F.);
#4478 = ORIENTED_EDGE('',*,*,#4455,.T.);
#4479 = ORIENTED_EDGE('',*,*,#4480,.F.);
#4480 = EDGE_CURVE('',#4481,#4456,#4483,.T.);
#4481 = VERTEX_POINT('',#4482);
#4482 = CARTESIAN_POINT('',(-3.825,-2.47,2.05));
#4483 = LINE('',#4484,#4485);
#4484 = CARTESIAN_POINT('',(-3.825,-2.47,0.507892234548));
#4485 = VECTOR('',#4486,1.);
#4486 = DIRECTION('',(0.,-2.22044604925E-16,-1.));
#4487 = ORIENTED_EDGE('',*,*,#4488,.F.);
#4488 = EDGE_CURVE('',#4489,#4481,#4491,.T.);
#4489 = VERTEX_POINT('',#4490);
#4490 = CARTESIAN_POINT('',(-3.625,-2.47,2.05));
#4491 = LINE('',#4492,#4493);
#4492 = CARTESIAN_POINT('',(-3.975,-2.47,2.05));
#4493 = VECTOR('',#4494,1.);
#4494 = DIRECTION('',(-1.,0.,0.));
#4495 = ORIENTED_EDGE('',*,*,#4496,.T.);
#4496 = EDGE_CURVE('',#4489,#4497,#4499,.T.);
#4497 = VERTEX_POINT('',#4498);
#4498 = CARTESIAN_POINT('',(-3.625,-2.47,1.945));
#4499 = LINE('',#4500,#4501);
#4500 = CARTESIAN_POINT('',(-3.625,-2.47,0.507892234548));
#4501 = VECTOR('',#4502,1.);
#4502 = DIRECTION('',(0.,-2.22044604925E-16,-1.));
#4503 = ORIENTED_EDGE('',*,*,#4504,.F.);
#4504 = EDGE_CURVE('',#4505,#4497,#4507,.T.);
#4505 = VERTEX_POINT('',#4506);
#4506 = CARTESIAN_POINT('',(-3.625,-2.47,-1.875376730785E-19));
#4507 = LINE('',#4508,#4509);
#4508 = CARTESIAN_POINT('',(-3.625,-2.47,-4.999999999999E-03));
#4509 = VECTOR('',#4510,1.);
#4510 = DIRECTION('',(0.,2.22044604925E-16,1.));
#4511 = ORIENTED_EDGE('',*,*,#4512,.F.);
#4512 = EDGE_CURVE('',#4289,#4505,#4513,.T.);
#4513 = LINE('',#4514,#4515);
#4514 = CARTESIAN_POINT('',(-3.625,-2.47,-4.999999999999E-03));
#4515 = VECTOR('',#4516,1.);
#4516 = DIRECTION('',(0.,2.22044604925E-16,1.));
#4517 = ORIENTED_EDGE('',*,*,#4296,.T.);
#4518 = ORIENTED_EDGE('',*,*,#4519,.T.);
#4519 = EDGE_CURVE('',#4297,#4520,#4522,.T.);
#4520 = VERTEX_POINT('',#4521);
#4521 = CARTESIAN_POINT('',(3.625,-2.47,-1.875376730785E-19));
#4522 = LINE('',#4523,#4524);
#4523 = CARTESIAN_POINT('',(3.625,-2.47,-4.999999999999E-03));
#4524 = VECTOR('',#4525,1.);
#4525 = DIRECTION('',(0.,2.22044604925E-16,1.));
#4526 = ORIENTED_EDGE('',*,*,#4527,.T.);
#4527 = EDGE_CURVE('',#4520,#4528,#4530,.T.);
#4528 = VERTEX_POINT('',#4529);
#4529 = CARTESIAN_POINT('',(3.625,-2.47,1.945));
#4530 = LINE('',#4531,#4532);
#4531 = CARTESIAN_POINT('',(3.625,-2.47,-4.999999999999E-03));
#4532 = VECTOR('',#4533,1.);
#4533 = DIRECTION('',(0.,2.22044604925E-16,1.));
#4534 = ORIENTED_EDGE('',*,*,#4535,.F.);
#4535 = EDGE_CURVE('',#4536,#4528,#4538,.T.);
#4536 = VERTEX_POINT('',#4537);
#4537 = CARTESIAN_POINT('',(3.625,-2.47,2.05));
#4538 = LINE('',#4539,#4540);
#4539 = CARTESIAN_POINT('',(3.625,-2.47,0.507892234548));
#4540 = VECTOR('',#4541,1.);
#4541 = DIRECTION('',(0.,-2.22044604925E-16,-1.));
#4542 = ORIENTED_EDGE('',*,*,#4543,.F.);
#4543 = EDGE_CURVE('',#4544,#4536,#4546,.T.);
#4544 = VERTEX_POINT('',#4545);
#4545 = CARTESIAN_POINT('',(3.825,-2.47,2.05));
#4546 = LINE('',#4547,#4548);
#4547 = CARTESIAN_POINT('',(-0.25,-2.47,2.05));
#4548 = VECTOR('',#4549,1.);
#4549 = DIRECTION('',(-1.,0.,0.));
#4550 = ORIENTED_EDGE('',*,*,#4551,.T.);
#4551 = EDGE_CURVE('',#4544,#4552,#4554,.T.);
#4552 = VERTEX_POINT('',#4553);
#4553 = CARTESIAN_POINT('',(3.825,-2.47,1.945));
#4554 = LINE('',#4555,#4556);
#4555 = CARTESIAN_POINT('',(3.825,-2.47,0.507892234548));
#4556 = VECTOR('',#4557,1.);
#4557 = DIRECTION('',(0.,-2.22044604925E-16,-1.));
#4558 = ORIENTED_EDGE('',*,*,#4559,.T.);
#4559 = EDGE_CURVE('',#4552,#4560,#4562,.T.);
#4560 = VERTEX_POINT('',#4561);
#4561 = CARTESIAN_POINT('',(4.125,-2.47,1.945));
#4562 = LINE('',#4563,#4564);
#4563 = CARTESIAN_POINT('',(3.625,-2.47,1.945));
#4564 = VECTOR('',#4565,1.);
#4565 = DIRECTION('',(1.,0.,0.));
#4566 = ORIENTED_EDGE('',*,*,#4567,.T.);
#4567 = EDGE_CURVE('',#4560,#4568,#4570,.T.);
#4568 = VERTEX_POINT('',#4569);
#4569 = CARTESIAN_POINT('',(4.125,-2.47,4.245));
#4570 = LINE('',#4571,#4572);
#4571 = CARTESIAN_POINT('',(4.125,-2.47,-4.999999999999E-03));
#4572 = VECTOR('',#4573,1.);
#4573 = DIRECTION('',(0.,2.22044604925E-16,1.));
#4574 = ORIENTED_EDGE('',*,*,#4575,.F.);
#4575 = EDGE_CURVE('',#4218,#4568,#4576,.T.);
#4576 = LINE('',#4577,#4578);
#4577 = CARTESIAN_POINT('',(-4.125,-2.47,4.245));
#4578 = VECTOR('',#4579,1.);
#4579 = DIRECTION('',(1.,0.,0.));
#4580 = FACE_BOUND('',#4581,.T.);
#4581 = EDGE_LOOP('',(#4582,#4592,#4600,#4608));
#4582 = ORIENTED_EDGE('',*,*,#4583,.T.);
#4583 = EDGE_CURVE('',#4584,#4586,#4588,.T.);
#4584 = VERTEX_POINT('',#4585);
#4585 = CARTESIAN_POINT('',(-2.225,-2.47,2.44));
#4586 = VERTEX_POINT('',#4587);
#4587 = CARTESIAN_POINT('',(-2.225,-2.47,3.84));
#4588 = LINE('',#4589,#4590);
#4589 = CARTESIAN_POINT('',(-2.225,-2.47,2.44));
#4590 = VECTOR('',#4591,1.);
#4591 = DIRECTION('',(0.,2.22044604925E-16,1.));
#4592 = ORIENTED_EDGE('',*,*,#4593,.T.);
#4593 = EDGE_CURVE('',#4586,#4594,#4596,.T.);
#4594 = VERTEX_POINT('',#4595);
#4595 = CARTESIAN_POINT('',(2.225,-2.47,3.84));
#4596 = LINE('',#4597,#4598);
#4597 = CARTESIAN_POINT('',(-2.225,-2.47,3.84));
#4598 = VECTOR('',#4599,1.);
#4599 = DIRECTION('',(1.,0.,0.));
#4600 = ORIENTED_EDGE('',*,*,#4601,.F.);
#4601 = EDGE_CURVE('',#4602,#4594,#4604,.T.);
#4602 = VERTEX_POINT('',#4603);
#4603 = CARTESIAN_POINT('',(2.225,-2.47,2.44));
#4604 = LINE('',#4605,#4606);
#4605 = CARTESIAN_POINT('',(2.225,-2.47,2.44));
#4606 = VECTOR('',#4607,1.);
#4607 = DIRECTION('',(0.,2.22044604925E-16,1.));
#4608 = ORIENTED_EDGE('',*,*,#4609,.F.);
#4609 = EDGE_CURVE('',#4584,#4602,#4610,.T.);
#4610 = LINE('',#4611,#4612);
#4611 = CARTESIAN_POINT('',(-2.225,-2.47,2.44));
#4612 = VECTOR('',#4613,1.);
#4613 = DIRECTION('',(1.,0.,0.));
#4614 = FACE_BOUND('',#4615,.T.);
#4615 = EDGE_LOOP('',(#4616,#4626,#4634,#4642,#4650,#4658,#4666,#4674,
    #4682,#4690,#4698,#4706,#4714,#4722,#4730,#4738,#4746,#4754,#4762,
    #4770,#4778,#4786,#4794,#4802,#4810,#4818,#4826,#4834,#4842,#4850,
    #4858,#4866,#4874,#4882,#4890,#4898,#4906,#4914,#4922,#4930));
#4616 = ORIENTED_EDGE('',*,*,#4617,.F.);
#4617 = EDGE_CURVE('',#4618,#4620,#4622,.T.);
#4618 = VERTEX_POINT('',#4619);
#4619 = CARTESIAN_POINT('',(3.125,-2.47,0.595));
#4620 = VERTEX_POINT('',#4621);
#4621 = CARTESIAN_POINT('',(3.125,-2.47,2.645));
#4622 = LINE('',#4623,#4624);
#4623 = CARTESIAN_POINT('',(3.125,-2.47,0.595));
#4624 = VECTOR('',#4625,1.);
#4625 = DIRECTION('',(0.,2.22044604925E-16,1.));
#4626 = ORIENTED_EDGE('',*,*,#4627,.F.);
#4627 = EDGE_CURVE('',#4628,#4618,#4630,.T.);
#4628 = VERTEX_POINT('',#4629);
#4629 = CARTESIAN_POINT('',(-3.125,-2.47,0.595));
#4630 = LINE('',#4631,#4632);
#4631 = CARTESIAN_POINT('',(-3.125,-2.47,0.595));
#4632 = VECTOR('',#4633,1.);
#4633 = DIRECTION('',(1.,0.,0.));
#4634 = ORIENTED_EDGE('',*,*,#4635,.F.);
#4635 = EDGE_CURVE('',#4636,#4628,#4638,.T.);
#4636 = VERTEX_POINT('',#4637);
#4637 = CARTESIAN_POINT('',(-3.125,-2.47,2.645));
#4638 = LINE('',#4639,#4640);
#4639 = CARTESIAN_POINT('',(-3.125,-2.47,2.645));
#4640 = VECTOR('',#4641,1.);
#4641 = DIRECTION('',(0.,-2.22044604925E-16,-1.));
#4642 = ORIENTED_EDGE('',*,*,#4643,.F.);
#4643 = EDGE_CURVE('',#4644,#4636,#4646,.T.);
#4644 = VERTEX_POINT('',#4645);
#4645 = CARTESIAN_POINT('',(-2.625,-2.47,2.645));
#4646 = LINE('',#4647,#4648);
#4647 = CARTESIAN_POINT('',(-2.625,-2.47,2.645));
#4648 = VECTOR('',#4649,1.);
#4649 = DIRECTION('',(-1.,0.,0.));
#4650 = ORIENTED_EDGE('',*,*,#4651,.F.);
#4651 = EDGE_CURVE('',#4652,#4644,#4654,.T.);
#4652 = VERTEX_POINT('',#4653);
#4653 = CARTESIAN_POINT('',(-2.625,-2.47,2.145));
#4654 = LINE('',#4655,#4656);
#4655 = CARTESIAN_POINT('',(-2.625,-2.47,2.145));
#4656 = VECTOR('',#4657,1.);
#4657 = DIRECTION('',(0.,2.22044604925E-16,1.));
#4658 = ORIENTED_EDGE('',*,*,#4659,.F.);
#4659 = EDGE_CURVE('',#4660,#4652,#4662,.T.);
#4660 = VERTEX_POINT('',#4661);
#4661 = CARTESIAN_POINT('',(-2.125,-2.47,2.145));
#4662 = LINE('',#4663,#4664);
#4663 = CARTESIAN_POINT('',(-2.125,-2.47,2.145));
#4664 = VECTOR('',#4665,1.);
#4665 = DIRECTION('',(-1.,0.,0.));
#4666 = ORIENTED_EDGE('',*,*,#4667,.F.);
#4667 = EDGE_CURVE('',#4668,#4660,#4670,.T.);
#4668 = VERTEX_POINT('',#4669);
#4669 = CARTESIAN_POINT('',(-2.125,-2.47,1.945));
#4670 = LINE('',#4671,#4672);
#4671 = CARTESIAN_POINT('',(-2.125,-2.47,1.945));
#4672 = VECTOR('',#4673,1.);
#4673 = DIRECTION('',(0.,2.22044604925E-16,1.));
#4674 = ORIENTED_EDGE('',*,*,#4675,.F.);
#4675 = EDGE_CURVE('',#4676,#4668,#4678,.T.);
#4676 = VERTEX_POINT('',#4677);
#4677 = CARTESIAN_POINT('',(-1.975,-2.47,1.945));
#4678 = LINE('',#4679,#4680);
#4679 = CARTESIAN_POINT('',(-1.975,-2.47,1.945));
#4680 = VECTOR('',#4681,1.);
#4681 = DIRECTION('',(-1.,0.,0.));
#4682 = ORIENTED_EDGE('',*,*,#4683,.F.);
#4683 = EDGE_CURVE('',#4684,#4676,#4686,.T.);
#4684 = VERTEX_POINT('',#4685);
#4685 = CARTESIAN_POINT('',(-1.975,-2.47,2.145));
#4686 = LINE('',#4687,#4688);
#4687 = CARTESIAN_POINT('',(-1.975,-2.47,2.145));
#4688 = VECTOR('',#4689,1.);
#4689 = DIRECTION('',(0.,-2.22044604925E-16,-1.));
#4690 = ORIENTED_EDGE('',*,*,#4691,.F.);
#4691 = EDGE_CURVE('',#4692,#4684,#4694,.T.);
#4692 = VERTEX_POINT('',#4693);
#4693 = CARTESIAN_POINT('',(-1.775,-2.47,2.145));
#4694 = LINE('',#4695,#4696);
#4695 = CARTESIAN_POINT('',(-1.775,-2.47,2.145));
#4696 = VECTOR('',#4697,1.);
#4697 = DIRECTION('',(-1.,0.,0.));
#4698 = ORIENTED_EDGE('',*,*,#4699,.F.);
#4699 = EDGE_CURVE('',#4700,#4692,#4702,.T.);
#4700 = VERTEX_POINT('',#4701);
#4701 = CARTESIAN_POINT('',(-1.775,-2.47,1.945));
#4702 = LINE('',#4703,#4704);
#4703 = CARTESIAN_POINT('',(-1.775,-2.47,1.945));
#4704 = VECTOR('',#4705,1.);
#4705 = DIRECTION('',(0.,2.22044604925E-16,1.));
#4706 = ORIENTED_EDGE('',*,*,#4707,.F.);
#4707 = EDGE_CURVE('',#4708,#4700,#4710,.T.);
#4708 = VERTEX_POINT('',#4709);
#4709 = CARTESIAN_POINT('',(-1.625,-2.47,1.945));
#4710 = LINE('',#4711,#4712);
#4711 = CARTESIAN_POINT('',(-1.625,-2.47,1.945));
#4712 = VECTOR('',#4713,1.);
#4713 = DIRECTION('',(-1.,0.,0.));
#4714 = ORIENTED_EDGE('',*,*,#4715,.F.);
#4715 = EDGE_CURVE('',#4716,#4708,#4718,.T.);
#4716 = VERTEX_POINT('',#4717);
#4717 = CARTESIAN_POINT('',(-1.625,-2.47,2.145));
#4718 = LINE('',#4719,#4720);
#4719 = CARTESIAN_POINT('',(-1.625,-2.47,2.145));
#4720 = VECTOR('',#4721,1.);
#4721 = DIRECTION('',(0.,-2.22044604925E-16,-1.));
#4722 = ORIENTED_EDGE('',*,*,#4723,.F.);
#4723 = EDGE_CURVE('',#4724,#4716,#4726,.T.);
#4724 = VERTEX_POINT('',#4725);
#4725 = CARTESIAN_POINT('',(-0.875,-2.47,2.145));
#4726 = LINE('',#4727,#4728);
#4727 = CARTESIAN_POINT('',(-0.875,-2.47,2.145));
#4728 = VECTOR('',#4729,1.);
#4729 = DIRECTION('',(-1.,0.,0.));
#4730 = ORIENTED_EDGE('',*,*,#4731,.F.);
#4731 = EDGE_CURVE('',#4732,#4724,#4734,.T.);
#4732 = VERTEX_POINT('',#4733);
#4733 = CARTESIAN_POINT('',(-0.875,-2.47,1.945));
#4734 = LINE('',#4735,#4736);
#4735 = CARTESIAN_POINT('',(-0.875,-2.47,1.945));
#4736 = VECTOR('',#4737,1.);
#4737 = DIRECTION('',(0.,2.22044604925E-16,1.));
#4738 = ORIENTED_EDGE('',*,*,#4739,.F.);
#4739 = EDGE_CURVE('',#4740,#4732,#4742,.T.);
#4740 = VERTEX_POINT('',#4741);
#4741 = CARTESIAN_POINT('',(-0.725,-2.47,1.945));
#4742 = LINE('',#4743,#4744);
#4743 = CARTESIAN_POINT('',(-0.725,-2.47,1.945));
#4744 = VECTOR('',#4745,1.);
#4745 = DIRECTION('',(-1.,0.,0.));
#4746 = ORIENTED_EDGE('',*,*,#4747,.F.);
#4747 = EDGE_CURVE('',#4748,#4740,#4750,.T.);
#4748 = VERTEX_POINT('',#4749);
#4749 = CARTESIAN_POINT('',(-0.725,-2.47,2.145));
#4750 = LINE('',#4751,#4752);
#4751 = CARTESIAN_POINT('',(-0.725,-2.47,2.145));
#4752 = VECTOR('',#4753,1.);
#4753 = DIRECTION('',(0.,-2.22044604925E-16,-1.));
#4754 = ORIENTED_EDGE('',*,*,#4755,.F.);
#4755 = EDGE_CURVE('',#4756,#4748,#4758,.T.);
#4756 = VERTEX_POINT('',#4757);
#4757 = CARTESIAN_POINT('',(-0.525,-2.47,2.145));
#4758 = LINE('',#4759,#4760);
#4759 = CARTESIAN_POINT('',(-0.525,-2.47,2.145));
#4760 = VECTOR('',#4761,1.);
#4761 = DIRECTION('',(-1.,0.,0.));
#4762 = ORIENTED_EDGE('',*,*,#4763,.F.);
#4763 = EDGE_CURVE('',#4764,#4756,#4766,.T.);
#4764 = VERTEX_POINT('',#4765);
#4765 = CARTESIAN_POINT('',(-0.525,-2.47,1.945));
#4766 = LINE('',#4767,#4768);
#4767 = CARTESIAN_POINT('',(-0.525,-2.47,1.945));
#4768 = VECTOR('',#4769,1.);
#4769 = DIRECTION('',(0.,2.22044604925E-16,1.));
#4770 = ORIENTED_EDGE('',*,*,#4771,.F.);
#4771 = EDGE_CURVE('',#4772,#4764,#4774,.T.);
#4772 = VERTEX_POINT('',#4773);
#4773 = CARTESIAN_POINT('',(-0.375,-2.47,1.945));
#4774 = LINE('',#4775,#4776);
#4775 = CARTESIAN_POINT('',(-0.375,-2.47,1.945));
#4776 = VECTOR('',#4777,1.);
#4777 = DIRECTION('',(-1.,0.,0.));
#4778 = ORIENTED_EDGE('',*,*,#4779,.F.);
#4779 = EDGE_CURVE('',#4780,#4772,#4782,.T.);
#4780 = VERTEX_POINT('',#4781);
#4781 = CARTESIAN_POINT('',(-0.375,-2.47,2.145));
#4782 = LINE('',#4783,#4784);
#4783 = CARTESIAN_POINT('',(-0.375,-2.47,2.145));
#4784 = VECTOR('',#4785,1.);
#4785 = DIRECTION('',(0.,-2.22044604925E-16,-1.));
#4786 = ORIENTED_EDGE('',*,*,#4787,.F.);
#4787 = EDGE_CURVE('',#4788,#4780,#4790,.T.);
#4788 = VERTEX_POINT('',#4789);
#4789 = CARTESIAN_POINT('',(0.375,-2.47,2.145));
#4790 = LINE('',#4791,#4792);
#4791 = CARTESIAN_POINT('',(0.375,-2.47,2.145));
#4792 = VECTOR('',#4793,1.);
#4793 = DIRECTION('',(-1.,0.,0.));
#4794 = ORIENTED_EDGE('',*,*,#4795,.F.);
#4795 = EDGE_CURVE('',#4796,#4788,#4798,.T.);
#4796 = VERTEX_POINT('',#4797);
#4797 = CARTESIAN_POINT('',(0.375,-2.47,1.945));
#4798 = LINE('',#4799,#4800);
#4799 = CARTESIAN_POINT('',(0.375,-2.47,1.945));
#4800 = VECTOR('',#4801,1.);
#4801 = DIRECTION('',(0.,2.22044604925E-16,1.));
#4802 = ORIENTED_EDGE('',*,*,#4803,.F.);
#4803 = EDGE_CURVE('',#4804,#4796,#4806,.T.);
#4804 = VERTEX_POINT('',#4805);
#4805 = CARTESIAN_POINT('',(0.525,-2.47,1.945));
#4806 = LINE('',#4807,#4808);
#4807 = CARTESIAN_POINT('',(0.525,-2.47,1.945));
#4808 = VECTOR('',#4809,1.);
#4809 = DIRECTION('',(-1.,0.,0.));
#4810 = ORIENTED_EDGE('',*,*,#4811,.F.);
#4811 = EDGE_CURVE('',#4812,#4804,#4814,.T.);
#4812 = VERTEX_POINT('',#4813);
#4813 = CARTESIAN_POINT('',(0.525,-2.47,2.145));
#4814 = LINE('',#4815,#4816);
#4815 = CARTESIAN_POINT('',(0.525,-2.47,2.145));
#4816 = VECTOR('',#4817,1.);
#4817 = DIRECTION('',(0.,-2.22044604925E-16,-1.));
#4818 = ORIENTED_EDGE('',*,*,#4819,.F.);
#4819 = EDGE_CURVE('',#4820,#4812,#4822,.T.);
#4820 = VERTEX_POINT('',#4821);
#4821 = CARTESIAN_POINT('',(0.725,-2.47,2.145));
#4822 = LINE('',#4823,#4824);
#4823 = CARTESIAN_POINT('',(0.725,-2.47,2.145));
#4824 = VECTOR('',#4825,1.);
#4825 = DIRECTION('',(-1.,0.,0.));
#4826 = ORIENTED_EDGE('',*,*,#4827,.F.);
#4827 = EDGE_CURVE('',#4828,#4820,#4830,.T.);
#4828 = VERTEX_POINT('',#4829);
#4829 = CARTESIAN_POINT('',(0.725,-2.47,1.945));
#4830 = LINE('',#4831,#4832);
#4831 = CARTESIAN_POINT('',(0.725,-2.47,1.945));
#4832 = VECTOR('',#4833,1.);
#4833 = DIRECTION('',(0.,2.22044604925E-16,1.));
#4834 = ORIENTED_EDGE('',*,*,#4835,.F.);
#4835 = EDGE_CURVE('',#4836,#4828,#4838,.T.);
#4836 = VERTEX_POINT('',#4837);
#4837 = CARTESIAN_POINT('',(0.875,-2.47,1.945));
#4838 = LINE('',#4839,#4840);
#4839 = CARTESIAN_POINT('',(0.875,-2.47,1.945));
#4840 = VECTOR('',#4841,1.);
#4841 = DIRECTION('',(-1.,0.,0.));
#4842 = ORIENTED_EDGE('',*,*,#4843,.F.);
#4843 = EDGE_CURVE('',#4844,#4836,#4846,.T.);
#4844 = VERTEX_POINT('',#4845);
#4845 = CARTESIAN_POINT('',(0.875,-2.47,2.145));
#4846 = LINE('',#4847,#4848);
#4847 = CARTESIAN_POINT('',(0.875,-2.47,2.145));
#4848 = VECTOR('',#4849,1.);
#4849 = DIRECTION('',(0.,-2.22044604925E-16,-1.));
#4850 = ORIENTED_EDGE('',*,*,#4851,.F.);
#4851 = EDGE_CURVE('',#4852,#4844,#4854,.T.);
#4852 = VERTEX_POINT('',#4853);
#4853 = CARTESIAN_POINT('',(1.625,-2.47,2.145));
#4854 = LINE('',#4855,#4856);
#4855 = CARTESIAN_POINT('',(1.625,-2.47,2.145));
#4856 = VECTOR('',#4857,1.);
#4857 = DIRECTION('',(-1.,0.,0.));
#4858 = ORIENTED_EDGE('',*,*,#4859,.F.);
#4859 = EDGE_CURVE('',#4860,#4852,#4862,.T.);
#4860 = VERTEX_POINT('',#4861);
#4861 = CARTESIAN_POINT('',(1.625,-2.47,1.945));
#4862 = LINE('',#4863,#4864);
#4863 = CARTESIAN_POINT('',(1.625,-2.47,1.945));
#4864 = VECTOR('',#4865,1.);
#4865 = DIRECTION('',(0.,2.22044604925E-16,1.));
#4866 = ORIENTED_EDGE('',*,*,#4867,.F.);
#4867 = EDGE_CURVE('',#4868,#4860,#4870,.T.);
#4868 = VERTEX_POINT('',#4869);
#4869 = CARTESIAN_POINT('',(1.775,-2.47,1.945));
#4870 = LINE('',#4871,#4872);
#4871 = CARTESIAN_POINT('',(1.775,-2.47,1.945));
#4872 = VECTOR('',#4873,1.);
#4873 = DIRECTION('',(-1.,0.,0.));
#4874 = ORIENTED_EDGE('',*,*,#4875,.F.);
#4875 = EDGE_CURVE('',#4876,#4868,#4878,.T.);
#4876 = VERTEX_POINT('',#4877);
#4877 = CARTESIAN_POINT('',(1.775,-2.47,2.145));
#4878 = LINE('',#4879,#4880);
#4879 = CARTESIAN_POINT('',(1.775,-2.47,2.145));
#4880 = VECTOR('',#4881,1.);
#4881 = DIRECTION('',(0.,-2.22044604925E-16,-1.));
#4882 = ORIENTED_EDGE('',*,*,#4883,.F.);
#4883 = EDGE_CURVE('',#4884,#4876,#4886,.T.);
#4884 = VERTEX_POINT('',#4885);
#4885 = CARTESIAN_POINT('',(1.975,-2.47,2.145));
#4886 = LINE('',#4887,#4888);
#4887 = CARTESIAN_POINT('',(1.975,-2.47,2.145));
#4888 = VECTOR('',#4889,1.);
#4889 = DIRECTION('',(-1.,0.,0.));
#4890 = ORIENTED_EDGE('',*,*,#4891,.F.);
#4891 = EDGE_CURVE('',#4892,#4884,#4894,.T.);
#4892 = VERTEX_POINT('',#4893);
#4893 = CARTESIAN_POINT('',(1.975,-2.47,1.945));
#4894 = LINE('',#4895,#4896);
#4895 = CARTESIAN_POINT('',(1.975,-2.47,1.945));
#4896 = VECTOR('',#4897,1.);
#4897 = DIRECTION('',(0.,2.22044604925E-16,1.));
#4898 = ORIENTED_EDGE('',*,*,#4899,.F.);
#4899 = EDGE_CURVE('',#4900,#4892,#4902,.T.);
#4900 = VERTEX_POINT('',#4901);
#4901 = CARTESIAN_POINT('',(2.125,-2.47,1.945));
#4902 = LINE('',#4903,#4904);
#4903 = CARTESIAN_POINT('',(2.125,-2.47,1.945));
#4904 = VECTOR('',#4905,1.);
#4905 = DIRECTION('',(-1.,0.,0.));
#4906 = ORIENTED_EDGE('',*,*,#4907,.F.);
#4907 = EDGE_CURVE('',#4908,#4900,#4910,.T.);
#4908 = VERTEX_POINT('',#4909);
#4909 = CARTESIAN_POINT('',(2.125,-2.47,2.145));
#4910 = LINE('',#4911,#4912);
#4911 = CARTESIAN_POINT('',(2.125,-2.47,2.145));
#4912 = VECTOR('',#4913,1.);
#4913 = DIRECTION('',(0.,-2.22044604925E-16,-1.));
#4914 = ORIENTED_EDGE('',*,*,#4915,.F.);
#4915 = EDGE_CURVE('',#4916,#4908,#4918,.T.);
#4916 = VERTEX_POINT('',#4917);
#4917 = CARTESIAN_POINT('',(2.625,-2.47,2.145));
#4918 = LINE('',#4919,#4920);
#4919 = CARTESIAN_POINT('',(2.625,-2.47,2.145));
#4920 = VECTOR('',#4921,1.);
#4921 = DIRECTION('',(-1.,0.,0.));
#4922 = ORIENTED_EDGE('',*,*,#4923,.F.);
#4923 = EDGE_CURVE('',#4924,#4916,#4926,.T.);
#4924 = VERTEX_POINT('',#4925);
#4925 = CARTESIAN_POINT('',(2.625,-2.47,2.645));
#4926 = LINE('',#4927,#4928);
#4927 = CARTESIAN_POINT('',(2.625,-2.47,2.645));
#4928 = VECTOR('',#4929,1.);
#4929 = DIRECTION('',(0.,-2.22044604925E-16,-1.));
#4930 = ORIENTED_EDGE('',*,*,#4931,.F.);
#4931 = EDGE_CURVE('',#4620,#4924,#4932,.T.);
#4932 = LINE('',#4933,#4934);
#4933 = CARTESIAN_POINT('',(3.125,-2.47,2.645));
#4934 = VECTOR('',#4935,1.);
#4935 = DIRECTION('',(-1.,0.,0.));
#4936 = FACE_BOUND('',#4937,.T.);
#4937 = EDGE_LOOP('',(#4938,#4948,#4956,#4964));
#4938 = ORIENTED_EDGE('',*,*,#4939,.T.);
#4939 = EDGE_CURVE('',#4940,#4942,#4944,.T.);
#4940 = VERTEX_POINT('',#4941);
#4941 = CARTESIAN_POINT('',(-3.775,-2.47,3.295));
#4942 = VERTEX_POINT('',#4943);
#4943 = CARTESIAN_POINT('',(-3.775,-2.47,3.895));
#4944 = LINE('',#4945,#4946);
#4945 = CARTESIAN_POINT('',(-3.775,-2.47,3.295));
#4946 = VECTOR('',#4947,1.);
#4947 = DIRECTION('',(0.,2.22044604925E-16,1.));
#4948 = ORIENTED_EDGE('',*,*,#4949,.T.);
#4949 = EDGE_CURVE('',#4942,#4950,#4952,.T.);
#4950 = VERTEX_POINT('',#4951);
#4951 = CARTESIAN_POINT('',(-2.675,-2.47,3.895));
#4952 = LINE('',#4953,#4954);
#4953 = CARTESIAN_POINT('',(-3.775,-2.47,3.895));
#4954 = VECTOR('',#4955,1.);
#4955 = DIRECTION('',(1.,0.,0.));
#4956 = ORIENTED_EDGE('',*,*,#4957,.F.);
#4957 = EDGE_CURVE('',#4958,#4950,#4960,.T.);
#4958 = VERTEX_POINT('',#4959);
#4959 = CARTESIAN_POINT('',(-2.675,-2.47,3.295));
#4960 = LINE('',#4961,#4962);
#4961 = CARTESIAN_POINT('',(-2.675,-2.47,3.295));
#4962 = VECTOR('',#4963,1.);
#4963 = DIRECTION('',(0.,2.22044604925E-16,1.));
#4964 = ORIENTED_EDGE('',*,*,#4965,.F.);
#4965 = EDGE_CURVE('',#4940,#4958,#4966,.T.);
#4966 = LINE('',#4967,#4968);
#4967 = CARTESIAN_POINT('',(-3.775,-2.47,3.295));
#4968 = VECTOR('',#4969,1.);
#4969 = DIRECTION('',(1.,0.,0.));
#4970 = FACE_BOUND('',#4971,.T.);
#4971 = EDGE_LOOP('',(#4972,#4982,#4990,#4998));
#4972 = ORIENTED_EDGE('',*,*,#4973,.T.);
#4973 = EDGE_CURVE('',#4974,#4976,#4978,.T.);
#4974 = VERTEX_POINT('',#4975);
#4975 = CARTESIAN_POINT('',(2.675,-2.47,3.295));
#4976 = VERTEX_POINT('',#4977);
#4977 = CARTESIAN_POINT('',(2.675,-2.47,3.895));
#4978 = LINE('',#4979,#4980);
#4979 = CARTESIAN_POINT('',(2.675,-2.47,3.295));
#4980 = VECTOR('',#4981,1.);
#4981 = DIRECTION('',(0.,2.22044604925E-16,1.));
#4982 = ORIENTED_EDGE('',*,*,#4983,.T.);
#4983 = EDGE_CURVE('',#4976,#4984,#4986,.T.);
#4984 = VERTEX_POINT('',#4985);
#4985 = CARTESIAN_POINT('',(3.775,-2.47,3.895));
#4986 = LINE('',#4987,#4988);
#4987 = CARTESIAN_POINT('',(2.675,-2.47,3.895));
#4988 = VECTOR('',#4989,1.);
#4989 = DIRECTION('',(1.,0.,0.));
#4990 = ORIENTED_EDGE('',*,*,#4991,.F.);
#4991 = EDGE_CURVE('',#4992,#4984,#4994,.T.);
#4992 = VERTEX_POINT('',#4993);
#4993 = CARTESIAN_POINT('',(3.775,-2.47,3.295));
#4994 = LINE('',#4995,#4996);
#4995 = CARTESIAN_POINT('',(3.775,-2.47,3.295));
#4996 = VECTOR('',#4997,1.);
#4997 = DIRECTION('',(0.,2.22044604925E-16,1.));
#4998 = ORIENTED_EDGE('',*,*,#4999,.F.);
#4999 = EDGE_CURVE('',#4974,#4992,#5000,.T.);
#5000 = LINE('',#5001,#5002);
#5001 = CARTESIAN_POINT('',(2.675,-2.47,3.295));
#5002 = VECTOR('',#5003,1.);
#5003 = DIRECTION('',(1.,0.,0.));
#5004 = PLANE('',#5005);
#5005 = AXIS2_PLACEMENT_3D('',#5006,#5007,#5008);
#5006 = CARTESIAN_POINT('',(-4.125,-2.47,-4.999999999999E-03));
#5007 = DIRECTION('',(0.,-1.,2.22044604925E-16));
#5008 = DIRECTION('',(1.,0.,0.));
#5009 = ADVANCED_FACE('',(#5010),#5060,.T.);
#5010 = FACE_BOUND('',#5011,.T.);
#5011 = EDGE_LOOP('',(#5012,#5022,#5030,#5036,#5037,#5038,#5046,#5054));
#5012 = ORIENTED_EDGE('',*,*,#5013,.F.);
#5013 = EDGE_CURVE('',#5014,#5016,#5018,.T.);
#5014 = VERTEX_POINT('',#5015);
#5015 = CARTESIAN_POINT('',(-3.625,1.58,4.245));
#5016 = VERTEX_POINT('',#5017);
#5017 = CARTESIAN_POINT('',(3.625,1.58,4.245));
#5018 = LINE('',#5019,#5020);
#5019 = CARTESIAN_POINT('',(-4.125,1.58,4.245));
#5020 = VECTOR('',#5021,1.);
#5021 = DIRECTION('',(1.,0.,0.));
#5022 = ORIENTED_EDGE('',*,*,#5023,.F.);
#5023 = EDGE_CURVE('',#5024,#5014,#5026,.T.);
#5024 = VERTEX_POINT('',#5025);
#5025 = CARTESIAN_POINT('',(-3.625,-0.32,4.245));
#5026 = LINE('',#5027,#5028);
#5027 = CARTESIAN_POINT('',(-3.625,-0.32,4.245));
#5028 = VECTOR('',#5029,1.);
#5029 = DIRECTION('',(0.,1.,-2.22044604925E-16));
#5030 = ORIENTED_EDGE('',*,*,#5031,.F.);
#5031 = EDGE_CURVE('',#4210,#5024,#5032,.T.);
#5032 = LINE('',#5033,#5034);
#5033 = CARTESIAN_POINT('',(-4.125,-0.32,4.245));
#5034 = VECTOR('',#5035,1.);
#5035 = DIRECTION('',(1.,0.,0.));
#5036 = ORIENTED_EDGE('',*,*,#4217,.T.);
#5037 = ORIENTED_EDGE('',*,*,#4575,.T.);
#5038 = ORIENTED_EDGE('',*,*,#5039,.F.);
#5039 = EDGE_CURVE('',#5040,#4568,#5042,.T.);
#5040 = VERTEX_POINT('',#5041);
#5041 = CARTESIAN_POINT('',(4.125,-0.32,4.245));
#5042 = LINE('',#5043,#5044);
#5043 = CARTESIAN_POINT('',(4.125,1.58,4.245));
#5044 = VECTOR('',#5045,1.);
#5045 = DIRECTION('',(0.,-1.,2.22044604925E-16));
#5046 = ORIENTED_EDGE('',*,*,#5047,.F.);
#5047 = EDGE_CURVE('',#5048,#5040,#5050,.T.);
#5048 = VERTEX_POINT('',#5049);
#5049 = CARTESIAN_POINT('',(3.625,-0.32,4.245));
#5050 = LINE('',#5051,#5052);
#5051 = CARTESIAN_POINT('',(3.625,-0.32,4.245));
#5052 = VECTOR('',#5053,1.);
#5053 = DIRECTION('',(1.,0.,0.));
#5054 = ORIENTED_EDGE('',*,*,#5055,.T.);
#5055 = EDGE_CURVE('',#5048,#5016,#5056,.T.);
#5056 = LINE('',#5057,#5058);
#5057 = CARTESIAN_POINT('',(3.625,-0.32,4.245));
#5058 = VECTOR('',#5059,1.);
#5059 = DIRECTION('',(0.,1.,-2.22044604925E-16));
#5060 = PLANE('',#5061);
#5061 = AXIS2_PLACEMENT_3D('',#5062,#5063,#5064);
#5062 = CARTESIAN_POINT('',(-4.125,1.58,4.245));
#5063 = DIRECTION('',(0.,2.22044604925E-16,1.));
#5064 = DIRECTION('',(0.,-1.,2.22044604925E-16));
#5065 = ADVANCED_FACE('',(#5066),#5084,.F.);
#5066 = FACE_BOUND('',#5067,.F.);
#5067 = EDGE_LOOP('',(#5068,#5076,#5082,#5083));
#5068 = ORIENTED_EDGE('',*,*,#5069,.T.);
#5069 = EDGE_CURVE('',#4202,#5070,#5072,.T.);
#5070 = VERTEX_POINT('',#5071);
#5071 = CARTESIAN_POINT('',(-3.625,-0.32,3.595));
#5072 = LINE('',#5073,#5074);
#5073 = CARTESIAN_POINT('',(-4.125,-0.32,3.595));
#5074 = VECTOR('',#5075,1.);
#5075 = DIRECTION('',(1.,0.,0.));
#5076 = ORIENTED_EDGE('',*,*,#5077,.T.);
#5077 = EDGE_CURVE('',#5070,#5024,#5078,.T.);
#5078 = LINE('',#5079,#5080);
#5079 = CARTESIAN_POINT('',(-3.625,-0.32,3.595));
#5080 = VECTOR('',#5081,1.);
#5081 = DIRECTION('',(0.,2.22044604925E-16,1.));
#5082 = ORIENTED_EDGE('',*,*,#5031,.F.);
#5083 = ORIENTED_EDGE('',*,*,#4209,.F.);
#5084 = PLANE('',#5085);
#5085 = AXIS2_PLACEMENT_3D('',#5086,#5087,#5088);
#5086 = CARTESIAN_POINT('',(-4.125,-0.32,3.595));
#5087 = DIRECTION('',(0.,-1.,2.22044604925E-16));
#5088 = DIRECTION('',(0.,2.22044604925E-16,1.));
#5089 = ADVANCED_FACE('',(#5090),#5108,.F.);
#5090 = FACE_BOUND('',#5091,.F.);
#5091 = EDGE_LOOP('',(#5092,#5100,#5106,#5107));
#5092 = ORIENTED_EDGE('',*,*,#5093,.T.);
#5093 = EDGE_CURVE('',#4194,#5094,#5096,.T.);
#5094 = VERTEX_POINT('',#5095);
#5095 = CARTESIAN_POINT('',(-3.625,0.98,3.595));
#5096 = LINE('',#5097,#5098);
#5097 = CARTESIAN_POINT('',(-4.125,0.98,3.595));
#5098 = VECTOR('',#5099,1.);
#5099 = DIRECTION('',(1.,0.,0.));
#5100 = ORIENTED_EDGE('',*,*,#5101,.T.);
#5101 = EDGE_CURVE('',#5094,#5070,#5102,.T.);
#5102 = LINE('',#5103,#5104);
#5103 = CARTESIAN_POINT('',(-3.625,0.98,3.595));
#5104 = VECTOR('',#5105,1.);
#5105 = DIRECTION('',(0.,-1.,2.22044604925E-16));
#5106 = ORIENTED_EDGE('',*,*,#5069,.F.);
#5107 = ORIENTED_EDGE('',*,*,#4201,.F.);
#5108 = PLANE('',#5109);
#5109 = AXIS2_PLACEMENT_3D('',#5110,#5111,#5112);
#5110 = CARTESIAN_POINT('',(-4.125,0.98,3.595));
#5111 = DIRECTION('',(0.,-2.22044604925E-16,-1.));
#5112 = DIRECTION('',(0.,-1.,2.22044604925E-16));
#5113 = ADVANCED_FACE('',(#5114),#5132,.F.);
#5114 = FACE_BOUND('',#5115,.F.);
#5115 = EDGE_LOOP('',(#5116,#5124,#5130,#5131));
#5116 = ORIENTED_EDGE('',*,*,#5117,.T.);
#5117 = EDGE_CURVE('',#4186,#5118,#5120,.T.);
#5118 = VERTEX_POINT('',#5119);
#5119 = CARTESIAN_POINT('',(-3.625,0.98,1.995));
#5120 = LINE('',#5121,#5122);
#5121 = CARTESIAN_POINT('',(-4.125,0.98,1.995));
#5122 = VECTOR('',#5123,1.);
#5123 = DIRECTION('',(1.,0.,0.));
#5124 = ORIENTED_EDGE('',*,*,#5125,.T.);
#5125 = EDGE_CURVE('',#5118,#5094,#5126,.T.);
#5126 = LINE('',#5127,#5128);
#5127 = CARTESIAN_POINT('',(-3.625,0.98,1.995));
#5128 = VECTOR('',#5129,1.);
#5129 = DIRECTION('',(0.,2.22044604925E-16,1.));
#5130 = ORIENTED_EDGE('',*,*,#5093,.F.);
#5131 = ORIENTED_EDGE('',*,*,#4193,.F.);
#5132 = PLANE('',#5133);
#5133 = AXIS2_PLACEMENT_3D('',#5134,#5135,#5136);
#5134 = CARTESIAN_POINT('',(-4.125,0.98,1.995));
#5135 = DIRECTION('',(0.,-1.,2.22044604925E-16));
#5136 = DIRECTION('',(0.,2.22044604925E-16,1.));
#5137 = ADVANCED_FACE('',(#5138),#5156,.F.);
#5138 = FACE_BOUND('',#5139,.F.);
#5139 = EDGE_LOOP('',(#5140,#5148,#5154,#5155));
#5140 = ORIENTED_EDGE('',*,*,#5141,.T.);
#5141 = EDGE_CURVE('',#4178,#5142,#5144,.T.);
#5142 = VERTEX_POINT('',#5143);
#5143 = CARTESIAN_POINT('',(-3.625,1.58,1.995));
#5144 = LINE('',#5145,#5146);
#5145 = CARTESIAN_POINT('',(-4.125,1.58,1.995));
#5146 = VECTOR('',#5147,1.);
#5147 = DIRECTION('',(1.,0.,0.));
#5148 = ORIENTED_EDGE('',*,*,#5149,.T.);
#5149 = EDGE_CURVE('',#5142,#5118,#5150,.T.);
#5150 = LINE('',#5151,#5152);
#5151 = CARTESIAN_POINT('',(-3.625,1.58,1.995));
#5152 = VECTOR('',#5153,1.);
#5153 = DIRECTION('',(0.,-1.,2.22044604925E-16));
#5154 = ORIENTED_EDGE('',*,*,#5117,.F.);
#5155 = ORIENTED_EDGE('',*,*,#4185,.F.);
#5156 = PLANE('',#5157);
#5157 = AXIS2_PLACEMENT_3D('',#5158,#5159,#5160);
#5158 = CARTESIAN_POINT('',(-4.125,1.58,1.995));
#5159 = DIRECTION('',(0.,-2.22044604925E-16,-1.));
#5160 = DIRECTION('',(0.,-1.,2.22044604925E-16));
#5161 = ADVANCED_FACE('',(#5162,#5203),#5237,.F.);
#5162 = FACE_BOUND('',#5163,.F.);
#5163 = EDGE_LOOP('',(#5164,#5165,#5173,#5181,#5189,#5195,#5196,#5202));
#5164 = ORIENTED_EDGE('',*,*,#4177,.F.);
#5165 = ORIENTED_EDGE('',*,*,#5166,.T.);
#5166 = EDGE_CURVE('',#4170,#5167,#5169,.T.);
#5167 = VERTEX_POINT('',#5168);
#5168 = CARTESIAN_POINT('',(4.125,1.58,0.945));
#5169 = LINE('',#5170,#5171);
#5170 = CARTESIAN_POINT('',(-4.125,1.58,0.945));
#5171 = VECTOR('',#5172,1.);
#5172 = DIRECTION('',(1.,0.,0.));
#5173 = ORIENTED_EDGE('',*,*,#5174,.T.);
#5174 = EDGE_CURVE('',#5167,#5175,#5177,.T.);
#5175 = VERTEX_POINT('',#5176);
#5176 = CARTESIAN_POINT('',(4.125,1.58,1.995));
#5177 = LINE('',#5178,#5179);
#5178 = CARTESIAN_POINT('',(4.125,1.58,-5.E-03));
#5179 = VECTOR('',#5180,1.);
#5180 = DIRECTION('',(0.,2.22044604925E-16,1.));
#5181 = ORIENTED_EDGE('',*,*,#5182,.F.);
#5182 = EDGE_CURVE('',#5183,#5175,#5185,.T.);
#5183 = VERTEX_POINT('',#5184);
#5184 = CARTESIAN_POINT('',(3.625,1.58,1.995));
#5185 = LINE('',#5186,#5187);
#5186 = CARTESIAN_POINT('',(3.625,1.58,1.995));
#5187 = VECTOR('',#5188,1.);
#5188 = DIRECTION('',(1.,0.,0.));
#5189 = ORIENTED_EDGE('',*,*,#5190,.F.);
#5190 = EDGE_CURVE('',#5016,#5183,#5191,.T.);
#5191 = LINE('',#5192,#5193);
#5192 = CARTESIAN_POINT('',(3.625,1.58,4.245));
#5193 = VECTOR('',#5194,1.);
#5194 = DIRECTION('',(0.,-2.22044604925E-16,-1.));
#5195 = ORIENTED_EDGE('',*,*,#5013,.F.);
#5196 = ORIENTED_EDGE('',*,*,#5197,.T.);
#5197 = EDGE_CURVE('',#5014,#5142,#5198,.T.);
#5198 = LINE('',#5199,#5200);
#5199 = CARTESIAN_POINT('',(-3.625,1.58,4.245));
#5200 = VECTOR('',#5201,1.);
#5201 = DIRECTION('',(0.,-2.22044604925E-16,-1.));
#5202 = ORIENTED_EDGE('',*,*,#5141,.F.);
#5203 = FACE_BOUND('',#5204,.F.);
#5204 = EDGE_LOOP('',(#5205,#5215,#5223,#5231));
#5205 = ORIENTED_EDGE('',*,*,#5206,.T.);
#5206 = EDGE_CURVE('',#5207,#5209,#5211,.T.);
#5207 = VERTEX_POINT('',#5208);
#5208 = CARTESIAN_POINT('',(-2.225,1.58,2.44));
#5209 = VERTEX_POINT('',#5210);
#5210 = CARTESIAN_POINT('',(-2.225,1.58,3.84));
#5211 = LINE('',#5212,#5213);
#5212 = CARTESIAN_POINT('',(-2.225,1.58,2.44));
#5213 = VECTOR('',#5214,1.);
#5214 = DIRECTION('',(0.,2.22044604925E-16,1.));
#5215 = ORIENTED_EDGE('',*,*,#5216,.T.);
#5216 = EDGE_CURVE('',#5209,#5217,#5219,.T.);
#5217 = VERTEX_POINT('',#5218);
#5218 = CARTESIAN_POINT('',(2.225,1.58,3.84));
#5219 = LINE('',#5220,#5221);
#5220 = CARTESIAN_POINT('',(-2.225,1.58,3.84));
#5221 = VECTOR('',#5222,1.);
#5222 = DIRECTION('',(1.,0.,0.));
#5223 = ORIENTED_EDGE('',*,*,#5224,.F.);
#5224 = EDGE_CURVE('',#5225,#5217,#5227,.T.);
#5225 = VERTEX_POINT('',#5226);
#5226 = CARTESIAN_POINT('',(2.225,1.58,2.44));
#5227 = LINE('',#5228,#5229);
#5228 = CARTESIAN_POINT('',(2.225,1.58,2.44));
#5229 = VECTOR('',#5230,1.);
#5230 = DIRECTION('',(0.,2.22044604925E-16,1.));
#5231 = ORIENTED_EDGE('',*,*,#5232,.F.);
#5232 = EDGE_CURVE('',#5207,#5225,#5233,.T.);
#5233 = LINE('',#5234,#5235);
#5234 = CARTESIAN_POINT('',(-2.225,1.58,2.44));
#5235 = VECTOR('',#5236,1.);
#5236 = DIRECTION('',(1.,0.,0.));
#5237 = PLANE('',#5238);
#5238 = AXIS2_PLACEMENT_3D('',#5239,#5240,#5241);
#5239 = CARTESIAN_POINT('',(-4.125,1.58,-5.E-03));
#5240 = DIRECTION('',(0.,-1.,2.22044604925E-16));
#5241 = DIRECTION('',(1.,0.,0.));
#5242 = ADVANCED_FACE('',(#5243),#5389,.T.);
#5243 = FACE_BOUND('',#5244,.T.);
#5244 = EDGE_LOOP('',(#5245,#5246,#5247,#5255,#5263,#5271,#5279,#5287,
    #5295,#5303,#5311,#5319,#5327,#5335,#5343,#5351,#5359,#5367,#5375,
    #5383));
#5245 = ORIENTED_EDGE('',*,*,#4169,.F.);
#5246 = ORIENTED_EDGE('',*,*,#5166,.T.);
#5247 = ORIENTED_EDGE('',*,*,#5248,.T.);
#5248 = EDGE_CURVE('',#5167,#5249,#5251,.T.);
#5249 = VERTEX_POINT('',#5250);
#5250 = CARTESIAN_POINT('',(4.125,1.08,0.945));
#5251 = LINE('',#5252,#5253);
#5252 = CARTESIAN_POINT('',(4.125,1.58,0.945));
#5253 = VECTOR('',#5254,1.);
#5254 = DIRECTION('',(0.,-1.,2.22044604925E-16));
#5255 = ORIENTED_EDGE('',*,*,#5256,.F.);
#5256 = EDGE_CURVE('',#5257,#5249,#5259,.T.);
#5257 = VERTEX_POINT('',#5258);
#5258 = CARTESIAN_POINT('',(1.975,1.08,0.945));
#5259 = LINE('',#5260,#5261);
#5260 = CARTESIAN_POINT('',(-4.125,1.08,0.945));
#5261 = VECTOR('',#5262,1.);
#5262 = DIRECTION('',(1.,0.,0.));
#5263 = ORIENTED_EDGE('',*,*,#5264,.F.);
#5264 = EDGE_CURVE('',#5265,#5257,#5267,.T.);
#5265 = VERTEX_POINT('',#5266);
#5266 = CARTESIAN_POINT('',(1.975,1.1054,0.945));
#5267 = LINE('',#5268,#5269);
#5268 = CARTESIAN_POINT('',(1.975,0.796465540115,0.945));
#5269 = VECTOR('',#5270,1.);
#5270 = DIRECTION('',(-1.250603656852E-18,-1.,2.22044604925E-16));
#5271 = ORIENTED_EDGE('',*,*,#5272,.T.);
#5272 = EDGE_CURVE('',#5265,#5273,#5275,.T.);
#5273 = VERTEX_POINT('',#5274);
#5274 = CARTESIAN_POINT('',(1.775,1.1054,0.945));
#5275 = LINE('',#5276,#5277);
#5276 = CARTESIAN_POINT('',(-1.175,1.1054,0.945));
#5277 = VECTOR('',#5278,1.);
#5278 = DIRECTION('',(-1.,0.,0.));
#5279 = ORIENTED_EDGE('',*,*,#5280,.T.);
#5280 = EDGE_CURVE('',#5273,#5281,#5283,.T.);
#5281 = VERTEX_POINT('',#5282);
#5282 = CARTESIAN_POINT('',(1.775,1.08,0.945));
#5283 = LINE('',#5284,#5285);
#5284 = CARTESIAN_POINT('',(1.775,0.796465540115,0.945));
#5285 = VECTOR('',#5286,1.);
#5286 = DIRECTION('',(-1.250603656852E-18,-1.,2.22044604925E-16));
#5287 = ORIENTED_EDGE('',*,*,#5288,.F.);
#5288 = EDGE_CURVE('',#5289,#5281,#5291,.T.);
#5289 = VERTEX_POINT('',#5290);
#5290 = CARTESIAN_POINT('',(0.725,1.08,0.945));
#5291 = LINE('',#5292,#5293);
#5292 = CARTESIAN_POINT('',(-4.125,1.08,0.945));
#5293 = VECTOR('',#5294,1.);
#5294 = DIRECTION('',(1.,0.,0.));
#5295 = ORIENTED_EDGE('',*,*,#5296,.F.);
#5296 = EDGE_CURVE('',#5297,#5289,#5299,.T.);
#5297 = VERTEX_POINT('',#5298);
#5298 = CARTESIAN_POINT('',(0.725,1.1054,0.945));
#5299 = LINE('',#5300,#5301);
#5300 = CARTESIAN_POINT('',(0.725,0.796465540115,0.945));
#5301 = VECTOR('',#5302,1.);
#5302 = DIRECTION('',(-1.250603656852E-18,-1.,2.22044604925E-16));
#5303 = ORIENTED_EDGE('',*,*,#5304,.T.);
#5304 = EDGE_CURVE('',#5297,#5305,#5307,.T.);
#5305 = VERTEX_POINT('',#5306);
#5306 = CARTESIAN_POINT('',(0.525,1.1054,0.945));
#5307 = LINE('',#5308,#5309);
#5308 = CARTESIAN_POINT('',(-1.8,1.1054,0.945));
#5309 = VECTOR('',#5310,1.);
#5310 = DIRECTION('',(-1.,0.,0.));
#5311 = ORIENTED_EDGE('',*,*,#5312,.T.);
#5312 = EDGE_CURVE('',#5305,#5313,#5315,.T.);
#5313 = VERTEX_POINT('',#5314);
#5314 = CARTESIAN_POINT('',(0.525,1.08,0.945));
#5315 = LINE('',#5316,#5317);
#5316 = CARTESIAN_POINT('',(0.525,0.796465540115,0.945));
#5317 = VECTOR('',#5318,1.);
#5318 = DIRECTION('',(-1.250603656852E-18,-1.,2.22044604925E-16));
#5319 = ORIENTED_EDGE('',*,*,#5320,.F.);
#5320 = EDGE_CURVE('',#5321,#5313,#5323,.T.);
#5321 = VERTEX_POINT('',#5322);
#5322 = CARTESIAN_POINT('',(-0.525,1.08,0.945));
#5323 = LINE('',#5324,#5325);
#5324 = CARTESIAN_POINT('',(-4.125,1.08,0.945));
#5325 = VECTOR('',#5326,1.);
#5326 = DIRECTION('',(1.,0.,0.));
#5327 = ORIENTED_EDGE('',*,*,#5328,.F.);
#5328 = EDGE_CURVE('',#5329,#5321,#5331,.T.);
#5329 = VERTEX_POINT('',#5330);
#5330 = CARTESIAN_POINT('',(-0.525,1.1054,0.945));
#5331 = LINE('',#5332,#5333);
#5332 = CARTESIAN_POINT('',(-0.525,0.796465540115,0.945));
#5333 = VECTOR('',#5334,1.);
#5334 = DIRECTION('',(-1.250603656852E-18,-1.,2.22044604925E-16));
#5335 = ORIENTED_EDGE('',*,*,#5336,.T.);
#5336 = EDGE_CURVE('',#5329,#5337,#5339,.T.);
#5337 = VERTEX_POINT('',#5338);
#5338 = CARTESIAN_POINT('',(-0.725,1.1054,0.945));
#5339 = LINE('',#5340,#5341);
#5340 = CARTESIAN_POINT('',(-2.425,1.1054,0.945));
#5341 = VECTOR('',#5342,1.);
#5342 = DIRECTION('',(-1.,0.,0.));
#5343 = ORIENTED_EDGE('',*,*,#5344,.T.);
#5344 = EDGE_CURVE('',#5337,#5345,#5347,.T.);
#5345 = VERTEX_POINT('',#5346);
#5346 = CARTESIAN_POINT('',(-0.725,1.08,0.945));
#5347 = LINE('',#5348,#5349);
#5348 = CARTESIAN_POINT('',(-0.725,0.796465540115,0.945));
#5349 = VECTOR('',#5350,1.);
#5350 = DIRECTION('',(-1.250603656852E-18,-1.,2.22044604925E-16));
#5351 = ORIENTED_EDGE('',*,*,#5352,.F.);
#5352 = EDGE_CURVE('',#5353,#5345,#5355,.T.);
#5353 = VERTEX_POINT('',#5354);
#5354 = CARTESIAN_POINT('',(-1.775,1.08,0.945));
#5355 = LINE('',#5356,#5357);
#5356 = CARTESIAN_POINT('',(-4.125,1.08,0.945));
#5357 = VECTOR('',#5358,1.);
#5358 = DIRECTION('',(1.,0.,0.));
#5359 = ORIENTED_EDGE('',*,*,#5360,.F.);
#5360 = EDGE_CURVE('',#5361,#5353,#5363,.T.);
#5361 = VERTEX_POINT('',#5362);
#5362 = CARTESIAN_POINT('',(-1.775,1.1054,0.945));
#5363 = LINE('',#5364,#5365);
#5364 = CARTESIAN_POINT('',(-1.775,0.796465540115,0.945));
#5365 = VECTOR('',#5366,1.);
#5366 = DIRECTION('',(-1.250603656852E-18,-1.,2.22044604925E-16));
#5367 = ORIENTED_EDGE('',*,*,#5368,.T.);
#5368 = EDGE_CURVE('',#5361,#5369,#5371,.T.);
#5369 = VERTEX_POINT('',#5370);
#5370 = CARTESIAN_POINT('',(-1.975,1.1054,0.945));
#5371 = LINE('',#5372,#5373);
#5372 = CARTESIAN_POINT('',(-3.05,1.1054,0.945));
#5373 = VECTOR('',#5374,1.);
#5374 = DIRECTION('',(-1.,0.,0.));
#5375 = ORIENTED_EDGE('',*,*,#5376,.T.);
#5376 = EDGE_CURVE('',#5369,#5377,#5379,.T.);
#5377 = VERTEX_POINT('',#5378);
#5378 = CARTESIAN_POINT('',(-1.975,1.08,0.945));
#5379 = LINE('',#5380,#5381);
#5380 = CARTESIAN_POINT('',(-1.975,0.796465540115,0.945));
#5381 = VECTOR('',#5382,1.);
#5382 = DIRECTION('',(-1.250603656852E-18,-1.,2.22044604925E-16));
#5383 = ORIENTED_EDGE('',*,*,#5384,.F.);
#5384 = EDGE_CURVE('',#4162,#5377,#5385,.T.);
#5385 = LINE('',#5386,#5387);
#5386 = CARTESIAN_POINT('',(-4.125,1.08,0.945));
#5387 = VECTOR('',#5388,1.);
#5388 = DIRECTION('',(1.,0.,0.));
#5389 = PLANE('',#5390);
#5390 = AXIS2_PLACEMENT_3D('',#5391,#5392,#5393);
#5391 = CARTESIAN_POINT('',(-4.125,1.58,0.945));
#5392 = DIRECTION('',(0.,-2.22044604925E-16,-1.));
#5393 = DIRECTION('',(0.,-1.,2.22044604925E-16));
#5394 = ADVANCED_FACE('',(#5395),#5413,.T.);
#5395 = FACE_BOUND('',#5396,.T.);
#5396 = EDGE_LOOP('',(#5397,#5398,#5399,#5407));
#5397 = ORIENTED_EDGE('',*,*,#4161,.F.);
#5398 = ORIENTED_EDGE('',*,*,#5384,.T.);
#5399 = ORIENTED_EDGE('',*,*,#5400,.T.);
#5400 = EDGE_CURVE('',#5377,#5401,#5403,.T.);
#5401 = VERTEX_POINT('',#5402);
#5402 = CARTESIAN_POINT('',(-1.975,1.08,0.195));
#5403 = LINE('',#5404,#5405);
#5404 = CARTESIAN_POINT('',(-1.975,1.08,1.036141805844));
#5405 = VECTOR('',#5406,1.);
#5406 = DIRECTION('',(2.809082092746E-18,-2.22044604925E-16,-1.));
#5407 = ORIENTED_EDGE('',*,*,#5408,.F.);
#5408 = EDGE_CURVE('',#4154,#5401,#5409,.T.);
#5409 = LINE('',#5410,#5411);
#5410 = CARTESIAN_POINT('',(-4.125,1.08,0.195));
#5411 = VECTOR('',#5412,1.);
#5412 = DIRECTION('',(1.,0.,0.));
#5413 = PLANE('',#5414);
#5414 = AXIS2_PLACEMENT_3D('',#5415,#5416,#5417);
#5415 = CARTESIAN_POINT('',(-4.125,1.08,0.945));
#5416 = DIRECTION('',(0.,1.,-2.22044604925E-16));
#5417 = DIRECTION('',(0.,-2.22044604925E-16,-1.));
#5418 = ADVANCED_FACE('',(#5419),#5437,.T.);
#5419 = FACE_BOUND('',#5420,.T.);
#5420 = EDGE_LOOP('',(#5421,#5422,#5423,#5431));
#5421 = ORIENTED_EDGE('',*,*,#4153,.F.);
#5422 = ORIENTED_EDGE('',*,*,#5408,.T.);
#5423 = ORIENTED_EDGE('',*,*,#5424,.T.);
#5424 = EDGE_CURVE('',#5401,#5425,#5427,.T.);
#5425 = VERTEX_POINT('',#5426);
#5426 = CARTESIAN_POINT('',(-1.975,0.93,0.195));
#5427 = LINE('',#5428,#5429);
#5428 = CARTESIAN_POINT('',(-1.975,0.546465540115,0.195));
#5429 = VECTOR('',#5430,1.);
#5430 = DIRECTION('',(-1.250603656852E-18,-1.,2.22044604925E-16));
#5431 = ORIENTED_EDGE('',*,*,#5432,.F.);
#5432 = EDGE_CURVE('',#4146,#5425,#5433,.T.);
#5433 = LINE('',#5434,#5435);
#5434 = CARTESIAN_POINT('',(-4.125,0.93,0.195));
#5435 = VECTOR('',#5436,1.);
#5436 = DIRECTION('',(1.,0.,0.));
#5437 = PLANE('',#5438);
#5438 = AXIS2_PLACEMENT_3D('',#5439,#5440,#5441);
#5439 = CARTESIAN_POINT('',(-4.125,1.08,0.195));
#5440 = DIRECTION('',(0.,-2.22044604925E-16,-1.));
#5441 = DIRECTION('',(0.,-1.,2.22044604925E-16));
#5442 = ADVANCED_FACE('',(#5443),#5582,.T.);
#5443 = FACE_BOUND('',#5444,.T.);
#5444 = EDGE_LOOP('',(#5445,#5446,#5447,#5455,#5463,#5471,#5479,#5487,
    #5495,#5503,#5511,#5519,#5527,#5535,#5543,#5551,#5559,#5567,#5575,
    #5581));
#5445 = ORIENTED_EDGE('',*,*,#4145,.F.);
#5446 = ORIENTED_EDGE('',*,*,#5432,.T.);
#5447 = ORIENTED_EDGE('',*,*,#5448,.T.);
#5448 = EDGE_CURVE('',#5425,#5449,#5451,.T.);
#5449 = VERTEX_POINT('',#5450);
#5450 = CARTESIAN_POINT('',(-1.975,0.93,-3.492429378532E-04));
#5451 = LINE('',#5452,#5453);
#5452 = CARTESIAN_POINT('',(-1.975,0.93,0.661141805844));
#5453 = VECTOR('',#5454,1.);
#5454 = DIRECTION('',(2.809082092746E-18,-2.22044604925E-16,-1.));
#5455 = ORIENTED_EDGE('',*,*,#5456,.T.);
#5456 = EDGE_CURVE('',#5449,#5457,#5459,.T.);
#5457 = VERTEX_POINT('',#5458);
#5458 = CARTESIAN_POINT('',(-1.775,0.93,-3.492429378532E-04));
#5459 = LINE('',#5460,#5461);
#5460 = CARTESIAN_POINT('',(-3.05,0.93,-3.492429378532E-04));
#5461 = VECTOR('',#5462,1.);
#5462 = DIRECTION('',(1.,0.,0.));
#5463 = ORIENTED_EDGE('',*,*,#5464,.F.);
#5464 = EDGE_CURVE('',#5465,#5457,#5467,.T.);
#5465 = VERTEX_POINT('',#5466);
#5466 = CARTESIAN_POINT('',(-1.775,0.93,0.195));
#5467 = LINE('',#5468,#5469);
#5468 = CARTESIAN_POINT('',(-1.775,0.93,0.661141805844));
#5469 = VECTOR('',#5470,1.);
#5470 = DIRECTION('',(2.809082092746E-18,-2.22044604925E-16,-1.));
#5471 = ORIENTED_EDGE('',*,*,#5472,.T.);
#5472 = EDGE_CURVE('',#5465,#5473,#5475,.T.);
#5473 = VERTEX_POINT('',#5474);
#5474 = CARTESIAN_POINT('',(-0.725,0.93,0.195));
#5475 = LINE('',#5476,#5477);
#5476 = CARTESIAN_POINT('',(-4.125,0.93,0.195));
#5477 = VECTOR('',#5478,1.);
#5478 = DIRECTION('',(1.,0.,0.));
#5479 = ORIENTED_EDGE('',*,*,#5480,.T.);
#5480 = EDGE_CURVE('',#5473,#5481,#5483,.T.);
#5481 = VERTEX_POINT('',#5482);
#5482 = CARTESIAN_POINT('',(-0.725,0.93,-3.492429378532E-04));
#5483 = LINE('',#5484,#5485);
#5484 = CARTESIAN_POINT('',(-0.725,0.93,0.661141805844));
#5485 = VECTOR('',#5486,1.);
#5486 = DIRECTION('',(2.809082092746E-18,-2.22044604925E-16,-1.));
#5487 = ORIENTED_EDGE('',*,*,#5488,.T.);
#5488 = EDGE_CURVE('',#5481,#5489,#5491,.T.);
#5489 = VERTEX_POINT('',#5490);
#5490 = CARTESIAN_POINT('',(-0.525,0.93,-3.492429378532E-04));
#5491 = LINE('',#5492,#5493);
#5492 = CARTESIAN_POINT('',(-2.425,0.93,-3.492429378532E-04));
#5493 = VECTOR('',#5494,1.);
#5494 = DIRECTION('',(1.,0.,0.));
#5495 = ORIENTED_EDGE('',*,*,#5496,.F.);
#5496 = EDGE_CURVE('',#5497,#5489,#5499,.T.);
#5497 = VERTEX_POINT('',#5498);
#5498 = CARTESIAN_POINT('',(-0.525,0.93,0.195));
#5499 = LINE('',#5500,#5501);
#5500 = CARTESIAN_POINT('',(-0.525,0.93,0.661141805844));
#5501 = VECTOR('',#5502,1.);
#5502 = DIRECTION('',(2.809082092746E-18,-2.22044604925E-16,-1.));
#5503 = ORIENTED_EDGE('',*,*,#5504,.T.);
#5504 = EDGE_CURVE('',#5497,#5505,#5507,.T.);
#5505 = VERTEX_POINT('',#5506);
#5506 = CARTESIAN_POINT('',(0.525,0.93,0.195));
#5507 = LINE('',#5508,#5509);
#5508 = CARTESIAN_POINT('',(-4.125,0.93,0.195));
#5509 = VECTOR('',#5510,1.);
#5510 = DIRECTION('',(1.,0.,0.));
#5511 = ORIENTED_EDGE('',*,*,#5512,.T.);
#5512 = EDGE_CURVE('',#5505,#5513,#5515,.T.);
#5513 = VERTEX_POINT('',#5514);
#5514 = CARTESIAN_POINT('',(0.525,0.93,-3.492429378532E-04));
#5515 = LINE('',#5516,#5517);
#5516 = CARTESIAN_POINT('',(0.525,0.93,0.661141805844));
#5517 = VECTOR('',#5518,1.);
#5518 = DIRECTION('',(2.809082092746E-18,-2.22044604925E-16,-1.));
#5519 = ORIENTED_EDGE('',*,*,#5520,.T.);
#5520 = EDGE_CURVE('',#5513,#5521,#5523,.T.);
#5521 = VERTEX_POINT('',#5522);
#5522 = CARTESIAN_POINT('',(0.725,0.93,-3.492429378532E-04));
#5523 = LINE('',#5524,#5525);
#5524 = CARTESIAN_POINT('',(-1.8,0.93,-3.492429378532E-04));
#5525 = VECTOR('',#5526,1.);
#5526 = DIRECTION('',(1.,0.,0.));
#5527 = ORIENTED_EDGE('',*,*,#5528,.F.);
#5528 = EDGE_CURVE('',#5529,#5521,#5531,.T.);
#5529 = VERTEX_POINT('',#5530);
#5530 = CARTESIAN_POINT('',(0.725,0.93,0.195));
#5531 = LINE('',#5532,#5533);
#5532 = CARTESIAN_POINT('',(0.725,0.93,0.661141805844));
#5533 = VECTOR('',#5534,1.);
#5534 = DIRECTION('',(2.809082092746E-18,-2.22044604925E-16,-1.));
#5535 = ORIENTED_EDGE('',*,*,#5536,.T.);
#5536 = EDGE_CURVE('',#5529,#5537,#5539,.T.);
#5537 = VERTEX_POINT('',#5538);
#5538 = CARTESIAN_POINT('',(1.775,0.93,0.195));
#5539 = LINE('',#5540,#5541);
#5540 = CARTESIAN_POINT('',(-4.125,0.93,0.195));
#5541 = VECTOR('',#5542,1.);
#5542 = DIRECTION('',(1.,0.,0.));
#5543 = ORIENTED_EDGE('',*,*,#5544,.T.);
#5544 = EDGE_CURVE('',#5537,#5545,#5547,.T.);
#5545 = VERTEX_POINT('',#5546);
#5546 = CARTESIAN_POINT('',(1.775,0.93,-3.492429378532E-04));
#5547 = LINE('',#5548,#5549);
#5548 = CARTESIAN_POINT('',(1.775,0.93,0.661141805844));
#5549 = VECTOR('',#5550,1.);
#5550 = DIRECTION('',(2.809082092746E-18,-2.22044604925E-16,-1.));
#5551 = ORIENTED_EDGE('',*,*,#5552,.T.);
#5552 = EDGE_CURVE('',#5545,#5553,#5555,.T.);
#5553 = VERTEX_POINT('',#5554);
#5554 = CARTESIAN_POINT('',(1.975,0.93,-3.492429378532E-04));
#5555 = LINE('',#5556,#5557);
#5556 = CARTESIAN_POINT('',(-1.175,0.93,-3.492429378532E-04));
#5557 = VECTOR('',#5558,1.);
#5558 = DIRECTION('',(1.,0.,0.));
#5559 = ORIENTED_EDGE('',*,*,#5560,.F.);
#5560 = EDGE_CURVE('',#5561,#5553,#5563,.T.);
#5561 = VERTEX_POINT('',#5562);
#5562 = CARTESIAN_POINT('',(1.975,0.93,0.195));
#5563 = LINE('',#5564,#5565);
#5564 = CARTESIAN_POINT('',(1.975,0.93,0.661141805844));
#5565 = VECTOR('',#5566,1.);
#5566 = DIRECTION('',(2.809082092746E-18,-2.22044604925E-16,-1.));
#5567 = ORIENTED_EDGE('',*,*,#5568,.T.);
#5568 = EDGE_CURVE('',#5561,#5569,#5571,.T.);
#5569 = VERTEX_POINT('',#5570);
#5570 = CARTESIAN_POINT('',(4.125,0.93,0.195));
#5571 = LINE('',#5572,#5573);
#5572 = CARTESIAN_POINT('',(-4.125,0.93,0.195));
#5573 = VECTOR('',#5574,1.);
#5574 = DIRECTION('',(1.,0.,0.));
#5575 = ORIENTED_EDGE('',*,*,#5576,.T.);
#5576 = EDGE_CURVE('',#5569,#4272,#5577,.T.);
#5577 = LINE('',#5578,#5579);
#5578 = CARTESIAN_POINT('',(4.125,0.93,0.195));
#5579 = VECTOR('',#5580,1.);
#5580 = DIRECTION('',(0.,-2.22044604925E-16,-1.));
#5581 = ORIENTED_EDGE('',*,*,#4271,.F.);
#5582 = PLANE('',#5583);
#5583 = AXIS2_PLACEMENT_3D('',#5584,#5585,#5586);
#5584 = CARTESIAN_POINT('',(-4.125,0.93,0.195));
#5585 = DIRECTION('',(0.,1.,-2.22044604925E-16));
#5586 = DIRECTION('',(0.,-2.22044604925E-16,-1.));
#5587 = ADVANCED_FACE('',(#5588),#5670,.T.);
#5588 = FACE_BOUND('',#5589,.T.);
#5589 = EDGE_LOOP('',(#5590,#5591,#5592,#5600,#5606,#5607,#5608,#5616,
    #5624,#5632,#5638,#5639,#5640,#5648,#5656,#5664));
#5590 = ORIENTED_EDGE('',*,*,#4320,.F.);
#5591 = ORIENTED_EDGE('',*,*,#5576,.F.);
#5592 = ORIENTED_EDGE('',*,*,#5593,.F.);
#5593 = EDGE_CURVE('',#5594,#5569,#5596,.T.);
#5594 = VERTEX_POINT('',#5595);
#5595 = CARTESIAN_POINT('',(4.125,1.08,0.195));
#5596 = LINE('',#5597,#5598);
#5597 = CARTESIAN_POINT('',(4.125,1.08,0.195));
#5598 = VECTOR('',#5599,1.);
#5599 = DIRECTION('',(0.,-1.,2.22044604925E-16));
#5600 = ORIENTED_EDGE('',*,*,#5601,.F.);
#5601 = EDGE_CURVE('',#5249,#5594,#5602,.T.);
#5602 = LINE('',#5603,#5604);
#5603 = CARTESIAN_POINT('',(4.125,1.08,0.945));
#5604 = VECTOR('',#5605,1.);
#5605 = DIRECTION('',(0.,-2.22044604925E-16,-1.));
#5606 = ORIENTED_EDGE('',*,*,#5248,.F.);
#5607 = ORIENTED_EDGE('',*,*,#5174,.T.);
#5608 = ORIENTED_EDGE('',*,*,#5609,.T.);
#5609 = EDGE_CURVE('',#5175,#5610,#5612,.T.);
#5610 = VERTEX_POINT('',#5611);
#5611 = CARTESIAN_POINT('',(4.125,0.98,1.995));
#5612 = LINE('',#5613,#5614);
#5613 = CARTESIAN_POINT('',(4.125,1.58,1.995));
#5614 = VECTOR('',#5615,1.);
#5615 = DIRECTION('',(0.,-1.,2.22044604925E-16));
#5616 = ORIENTED_EDGE('',*,*,#5617,.T.);
#5617 = EDGE_CURVE('',#5610,#5618,#5620,.T.);
#5618 = VERTEX_POINT('',#5619);
#5619 = CARTESIAN_POINT('',(4.125,0.98,3.595));
#5620 = LINE('',#5621,#5622);
#5621 = CARTESIAN_POINT('',(4.125,0.98,1.995));
#5622 = VECTOR('',#5623,1.);
#5623 = DIRECTION('',(0.,2.22044604925E-16,1.));
#5624 = ORIENTED_EDGE('',*,*,#5625,.T.);
#5625 = EDGE_CURVE('',#5618,#5626,#5628,.T.);
#5626 = VERTEX_POINT('',#5627);
#5627 = CARTESIAN_POINT('',(4.125,-0.32,3.595));
#5628 = LINE('',#5629,#5630);
#5629 = CARTESIAN_POINT('',(4.125,0.98,3.595));
#5630 = VECTOR('',#5631,1.);
#5631 = DIRECTION('',(0.,-1.,2.22044604925E-16));
#5632 = ORIENTED_EDGE('',*,*,#5633,.T.);
#5633 = EDGE_CURVE('',#5626,#5040,#5634,.T.);
#5634 = LINE('',#5635,#5636);
#5635 = CARTESIAN_POINT('',(4.125,-0.32,3.595));
#5636 = VECTOR('',#5637,1.);
#5637 = DIRECTION('',(0.,2.22044604925E-16,1.));
#5638 = ORIENTED_EDGE('',*,*,#5039,.T.);
#5639 = ORIENTED_EDGE('',*,*,#4567,.F.);
#5640 = ORIENTED_EDGE('',*,*,#5641,.T.);
#5641 = EDGE_CURVE('',#4560,#5642,#5644,.T.);
#5642 = VERTEX_POINT('',#5643);
#5643 = CARTESIAN_POINT('',(4.125,-1.82,1.945));
#5644 = LINE('',#5645,#5646);
#5645 = CARTESIAN_POINT('',(4.125,-2.47,1.945));
#5646 = VECTOR('',#5647,1.);
#5647 = DIRECTION('',(0.,1.,-2.22044604925E-16));
#5648 = ORIENTED_EDGE('',*,*,#5649,.T.);
#5649 = EDGE_CURVE('',#5642,#5650,#5652,.T.);
#5650 = VERTEX_POINT('',#5651);
#5651 = CARTESIAN_POINT('',(4.125,-1.82,0.595));
#5652 = LINE('',#5653,#5654);
#5653 = CARTESIAN_POINT('',(4.125,-1.82,1.945));
#5654 = VECTOR('',#5655,1.);
#5655 = DIRECTION('',(0.,-2.22044604925E-16,-1.));
#5656 = ORIENTED_EDGE('',*,*,#5657,.T.);
#5657 = EDGE_CURVE('',#5650,#5658,#5660,.T.);
#5658 = VERTEX_POINT('',#5659);
#5659 = CARTESIAN_POINT('',(4.125,-0.22,0.595));
#5660 = LINE('',#5661,#5662);
#5661 = CARTESIAN_POINT('',(4.125,-1.82,0.595));
#5662 = VECTOR('',#5663,1.);
#5663 = DIRECTION('',(0.,1.,-2.22044604925E-16));
#5664 = ORIENTED_EDGE('',*,*,#5665,.T.);
#5665 = EDGE_CURVE('',#5658,#4313,#5666,.T.);
#5666 = LINE('',#5667,#5668);
#5667 = CARTESIAN_POINT('',(4.125,-0.22,0.595));
#5668 = VECTOR('',#5669,1.);
#5669 = DIRECTION('',(0.,-2.22044604925E-16,-1.));
#5670 = PLANE('',#5671);
#5671 = AXIS2_PLACEMENT_3D('',#5672,#5673,#5674);
#5672 = CARTESIAN_POINT('',(4.125,1.58,-5.E-03));
#5673 = DIRECTION('',(1.,0.,0.));
#5674 = DIRECTION('',(0.,-1.,2.22044604925E-16));
#5675 = ADVANCED_FACE('',(#5676),#5710,.F.);
#5676 = FACE_BOUND('',#5677,.F.);
#5677 = EDGE_LOOP('',(#5678,#5688,#5694,#5695,#5696,#5704));
#5678 = ORIENTED_EDGE('',*,*,#5679,.T.);
#5679 = EDGE_CURVE('',#5680,#5682,#5684,.T.);
#5680 = VERTEX_POINT('',#5681);
#5681 = CARTESIAN_POINT('',(3.825,-0.22,0.37));
#5682 = VERTEX_POINT('',#5683);
#5683 = CARTESIAN_POINT('',(3.825,-0.22,0.595));
#5684 = LINE('',#5685,#5686);
#5685 = CARTESIAN_POINT('',(3.825,-0.22,0.807892234548));
#5686 = VECTOR('',#5687,1.);
#5687 = DIRECTION('',(0.,2.22044604925E-16,1.));
#5688 = ORIENTED_EDGE('',*,*,#5689,.T.);
#5689 = EDGE_CURVE('',#5682,#5658,#5690,.T.);
#5690 = LINE('',#5691,#5692);
#5691 = CARTESIAN_POINT('',(3.625,-0.22,0.595));
#5692 = VECTOR('',#5693,1.);
#5693 = DIRECTION('',(1.,0.,0.));
#5694 = ORIENTED_EDGE('',*,*,#5665,.T.);
#5695 = ORIENTED_EDGE('',*,*,#4312,.F.);
#5696 = ORIENTED_EDGE('',*,*,#5697,.F.);
#5697 = EDGE_CURVE('',#5698,#4305,#5700,.T.);
#5698 = VERTEX_POINT('',#5699);
#5699 = CARTESIAN_POINT('',(3.625,-0.22,0.37));
#5700 = LINE('',#5701,#5702);
#5701 = CARTESIAN_POINT('',(3.625,-0.22,0.595));
#5702 = VECTOR('',#5703,1.);
#5703 = DIRECTION('',(0.,-2.22044604925E-16,-1.));
#5704 = ORIENTED_EDGE('',*,*,#5705,.F.);
#5705 = EDGE_CURVE('',#5680,#5698,#5706,.T.);
#5706 = LINE('',#5707,#5708);
#5707 = CARTESIAN_POINT('',(3.625,-0.22,0.37));
#5708 = VECTOR('',#5709,1.);
#5709 = DIRECTION('',(-1.,0.,0.));
#5710 = PLANE('',#5711);
#5711 = AXIS2_PLACEMENT_3D('',#5712,#5713,#5714);
#5712 = CARTESIAN_POINT('',(3.625,-0.22,0.595));
#5713 = DIRECTION('',(0.,1.,-2.22044604925E-16));
#5714 = DIRECTION('',(0.,-2.22044604925E-16,-1.));
#5715 = ADVANCED_FACE('',(#5716),#5743,.F.);
#5716 = FACE_BOUND('',#5717,.F.);
#5717 = EDGE_LOOP('',(#5718,#5719,#5720,#5728,#5736,#5742));
#5718 = ORIENTED_EDGE('',*,*,#4304,.T.);
#5719 = ORIENTED_EDGE('',*,*,#4519,.T.);
#5720 = ORIENTED_EDGE('',*,*,#5721,.F.);
#5721 = EDGE_CURVE('',#5722,#4520,#5724,.T.);
#5722 = VERTEX_POINT('',#5723);
#5723 = CARTESIAN_POINT('',(3.625,-0.255,-1.665334536938E-16));
#5724 = LINE('',#5725,#5726);
#5725 = CARTESIAN_POINT('',(3.625,-0.255,-1.665334536938E-16));
#5726 = VECTOR('',#5727,1.);
#5727 = DIRECTION('',(0.,-1.,7.501506923143E-17));
#5728 = ORIENTED_EDGE('',*,*,#5729,.F.);
#5729 = EDGE_CURVE('',#5730,#5722,#5732,.T.);
#5730 = VERTEX_POINT('',#5731);
#5731 = CARTESIAN_POINT('',(3.625,-0.255,0.37));
#5732 = LINE('',#5733,#5734);
#5733 = CARTESIAN_POINT('',(3.625,-0.255,0.37));
#5734 = VECTOR('',#5735,1.);
#5735 = DIRECTION('',(0.,0.,-1.));
#5736 = ORIENTED_EDGE('',*,*,#5737,.F.);
#5737 = EDGE_CURVE('',#5698,#5730,#5738,.T.);
#5738 = LINE('',#5739,#5740);
#5739 = CARTESIAN_POINT('',(3.625,0.235,0.37));
#5740 = VECTOR('',#5741,1.);
#5741 = DIRECTION('',(0.,-1.,0.));
#5742 = ORIENTED_EDGE('',*,*,#5697,.T.);
#5743 = PLANE('',#5744);
#5744 = AXIS2_PLACEMENT_3D('',#5745,#5746,#5747);
#5745 = CARTESIAN_POINT('',(3.625,-1.602142857143,0.712857142857));
#5746 = DIRECTION('',(-1.,1.11927691467E-30,1.146375123746E-30));
#5747 = DIRECTION('',(-1.146375123746E-30,-2.22044604925E-16,-1.));
#5748 = ADVANCED_FACE('',(#5749),#5776,.T.);
#5749 = FACE_BOUND('',#5750,.T.);
#5750 = EDGE_LOOP('',(#5751,#5752,#5753,#5761,#5769,#5775));
#5751 = ORIENTED_EDGE('',*,*,#4288,.T.);
#5752 = ORIENTED_EDGE('',*,*,#4512,.T.);
#5753 = ORIENTED_EDGE('',*,*,#5754,.F.);
#5754 = EDGE_CURVE('',#5755,#4505,#5757,.T.);
#5755 = VERTEX_POINT('',#5756);
#5756 = CARTESIAN_POINT('',(-3.625,-0.255,-1.665334536938E-16));
#5757 = LINE('',#5758,#5759);
#5758 = CARTESIAN_POINT('',(-3.625,-0.255,-1.665334536938E-16));
#5759 = VECTOR('',#5760,1.);
#5760 = DIRECTION('',(0.,-1.,7.501506923143E-17));
#5761 = ORIENTED_EDGE('',*,*,#5762,.F.);
#5762 = EDGE_CURVE('',#5763,#5755,#5765,.T.);
#5763 = VERTEX_POINT('',#5764);
#5764 = CARTESIAN_POINT('',(-3.625,-0.255,0.37));
#5765 = LINE('',#5766,#5767);
#5766 = CARTESIAN_POINT('',(-3.625,-0.255,0.37));
#5767 = VECTOR('',#5768,1.);
#5768 = DIRECTION('',(0.,0.,-1.));
#5769 = ORIENTED_EDGE('',*,*,#5770,.F.);
#5770 = EDGE_CURVE('',#4352,#5763,#5771,.T.);
#5771 = LINE('',#5772,#5773);
#5772 = CARTESIAN_POINT('',(-3.625,0.235,0.37));
#5773 = VECTOR('',#5774,1.);
#5774 = DIRECTION('',(0.,-1.,0.));
#5775 = ORIENTED_EDGE('',*,*,#4359,.T.);
#5776 = PLANE('',#5777);
#5777 = AXIS2_PLACEMENT_3D('',#5778,#5779,#5780);
#5778 = CARTESIAN_POINT('',(-3.625,-1.602142857143,0.712857142857));
#5779 = DIRECTION('',(-1.,1.11927691467E-30,1.146375123746E-30));
#5780 = DIRECTION('',(-1.146375123746E-30,-2.22044604925E-16,-1.));
#5781 = ADVANCED_FACE('',(#5782),#5800,.T.);
#5782 = FACE_BOUND('',#5783,.T.);
#5783 = EDGE_LOOP('',(#5784,#5792,#5793,#5794));
#5784 = ORIENTED_EDGE('',*,*,#5785,.F.);
#5785 = EDGE_CURVE('',#4344,#5786,#5788,.T.);
#5786 = VERTEX_POINT('',#5787);
#5787 = CARTESIAN_POINT('',(-3.825,-0.255,0.37));
#5788 = LINE('',#5789,#5790);
#5789 = CARTESIAN_POINT('',(-3.825,0.235,0.37));
#5790 = VECTOR('',#5791,1.);
#5791 = DIRECTION('',(0.,-1.,0.));
#5792 = ORIENTED_EDGE('',*,*,#4351,.F.);
#5793 = ORIENTED_EDGE('',*,*,#5770,.T.);
#5794 = ORIENTED_EDGE('',*,*,#5795,.F.);
#5795 = EDGE_CURVE('',#5786,#5763,#5796,.T.);
#5796 = LINE('',#5797,#5798);
#5797 = CARTESIAN_POINT('',(-3.825,-0.255,0.37));
#5798 = VECTOR('',#5799,1.);
#5799 = DIRECTION('',(1.,0.,0.));
#5800 = PLANE('',#5801);
#5801 = AXIS2_PLACEMENT_3D('',#5802,#5803,#5804);
#5802 = CARTESIAN_POINT('',(-3.825,0.235,0.37));
#5803 = DIRECTION('',(0.,0.,-1.));
#5804 = DIRECTION('',(0.,-1.,0.));
#5805 = ADVANCED_FACE('',(#5806),#5867,.T.);
#5806 = FACE_BOUND('',#5807,.T.);
#5807 = EDGE_LOOP('',(#5808,#5818,#5826,#5832,#5833,#5834,#5835,#5843,
    #5851,#5857,#5858,#5859,#5860,#5861));
#5808 = ORIENTED_EDGE('',*,*,#5809,.T.);
#5809 = EDGE_CURVE('',#5810,#5812,#5814,.T.);
#5810 = VERTEX_POINT('',#5811);
#5811 = CARTESIAN_POINT('',(-3.825,-0.255,-1.665334536938E-16));
#5812 = VERTEX_POINT('',#5813);
#5813 = CARTESIAN_POINT('',(-3.825,-2.475,0.));
#5814 = LINE('',#5815,#5816);
#5815 = CARTESIAN_POINT('',(-3.825,-0.255,-1.665334536938E-16));
#5816 = VECTOR('',#5817,1.);
#5817 = DIRECTION('',(0.,-1.,7.501506923143E-17));
#5818 = ORIENTED_EDGE('',*,*,#5819,.T.);
#5819 = EDGE_CURVE('',#5812,#5820,#5822,.T.);
#5820 = VERTEX_POINT('',#5821);
#5821 = CARTESIAN_POINT('',(-3.825,-2.475,2.05));
#5822 = LINE('',#5823,#5824);
#5823 = CARTESIAN_POINT('',(-3.825,-2.475,0.));
#5824 = VECTOR('',#5825,1.);
#5825 = DIRECTION('',(0.,0.,1.));
#5826 = ORIENTED_EDGE('',*,*,#5827,.T.);
#5827 = EDGE_CURVE('',#5820,#4481,#5828,.T.);
#5828 = LINE('',#5829,#5830);
#5829 = CARTESIAN_POINT('',(-3.825,-2.475,2.05));
#5830 = VECTOR('',#5831,1.);
#5831 = DIRECTION('',(0.,1.,0.));
#5832 = ORIENTED_EDGE('',*,*,#4480,.T.);
#5833 = ORIENTED_EDGE('',*,*,#4463,.F.);
#5834 = ORIENTED_EDGE('',*,*,#4407,.F.);
#5835 = ORIENTED_EDGE('',*,*,#5836,.T.);
#5836 = EDGE_CURVE('',#4408,#5837,#5839,.T.);
#5837 = VERTEX_POINT('',#5838);
#5838 = CARTESIAN_POINT('',(-3.825,-1.825,1.51));
#5839 = LINE('',#5840,#5841);
#5840 = CARTESIAN_POINT('',(-3.825,-0.275,1.51));
#5841 = VECTOR('',#5842,1.);
#5842 = DIRECTION('',(0.,-1.,0.));
#5843 = ORIENTED_EDGE('',*,*,#5844,.T.);
#5844 = EDGE_CURVE('',#5837,#5845,#5847,.T.);
#5845 = VERTEX_POINT('',#5846);
#5846 = CARTESIAN_POINT('',(-3.825,-1.825,0.8));
#5847 = LINE('',#5848,#5849);
#5848 = CARTESIAN_POINT('',(-3.825,-1.825,1.51));
#5849 = VECTOR('',#5850,1.);
#5850 = DIRECTION('',(0.,0.,-1.));
#5851 = ORIENTED_EDGE('',*,*,#5852,.T.);
#5852 = EDGE_CURVE('',#5845,#4432,#5853,.T.);
#5853 = LINE('',#5854,#5855);
#5854 = CARTESIAN_POINT('',(-3.825,-1.825,0.8));
#5855 = VECTOR('',#5856,1.);
#5856 = DIRECTION('',(0.,1.,0.));
#5857 = ORIENTED_EDGE('',*,*,#4439,.F.);
#5858 = ORIENTED_EDGE('',*,*,#4383,.F.);
#5859 = ORIENTED_EDGE('',*,*,#4343,.F.);
#5860 = ORIENTED_EDGE('',*,*,#5785,.T.);
#5861 = ORIENTED_EDGE('',*,*,#5862,.T.);
#5862 = EDGE_CURVE('',#5786,#5810,#5863,.T.);
#5863 = LINE('',#5864,#5865);
#5864 = CARTESIAN_POINT('',(-3.825,-0.255,0.37));
#5865 = VECTOR('',#5866,1.);
#5866 = DIRECTION('',(0.,0.,-1.));
#5867 = PLANE('',#5868);
#5868 = AXIS2_PLACEMENT_3D('',#5869,#5870,#5871);
#5869 = CARTESIAN_POINT('',(-3.825,-1.254889064976,1.020784469097));
#5870 = DIRECTION('',(-1.,-0.,-0.));
#5871 = DIRECTION('',(0.,0.,-1.));
#5872 = ADVANCED_FACE('',(#5873),#5891,.T.);
#5873 = FACE_BOUND('',#5874,.T.);
#5874 = EDGE_LOOP('',(#5875,#5876,#5884,#5890));
#5875 = ORIENTED_EDGE('',*,*,#5852,.F.);
#5876 = ORIENTED_EDGE('',*,*,#5877,.T.);
#5877 = EDGE_CURVE('',#5845,#5878,#5880,.T.);
#5878 = VERTEX_POINT('',#5879);
#5879 = CARTESIAN_POINT('',(-3.625,-1.825,0.8));
#5880 = LINE('',#5881,#5882);
#5881 = CARTESIAN_POINT('',(-3.825,-1.825,0.8));
#5882 = VECTOR('',#5883,1.);
#5883 = DIRECTION('',(1.,0.,0.));
#5884 = ORIENTED_EDGE('',*,*,#5885,.T.);
#5885 = EDGE_CURVE('',#5878,#4424,#5886,.T.);
#5886 = LINE('',#5887,#5888);
#5887 = CARTESIAN_POINT('',(-3.625,-1.825,0.8));
#5888 = VECTOR('',#5889,1.);
#5889 = DIRECTION('',(0.,1.,0.));
#5890 = ORIENTED_EDGE('',*,*,#4431,.F.);
#5891 = PLANE('',#5892);
#5892 = AXIS2_PLACEMENT_3D('',#5893,#5894,#5895);
#5893 = CARTESIAN_POINT('',(-3.825,-1.825,0.8));
#5894 = DIRECTION('',(0.,0.,1.));
#5895 = DIRECTION('',(0.,1.,0.));
#5896 = ADVANCED_FACE('',(#5897),#5915,.T.);
#5897 = FACE_BOUND('',#5898,.T.);
#5898 = EDGE_LOOP('',(#5899,#5907,#5908,#5909));
#5899 = ORIENTED_EDGE('',*,*,#5900,.F.);
#5900 = EDGE_CURVE('',#4416,#5901,#5903,.T.);
#5901 = VERTEX_POINT('',#5902);
#5902 = CARTESIAN_POINT('',(-3.625,-1.825,1.51));
#5903 = LINE('',#5904,#5905);
#5904 = CARTESIAN_POINT('',(-3.625,-0.275,1.51));
#5905 = VECTOR('',#5906,1.);
#5906 = DIRECTION('',(0.,-1.,0.));
#5907 = ORIENTED_EDGE('',*,*,#4423,.T.);
#5908 = ORIENTED_EDGE('',*,*,#5885,.F.);
#5909 = ORIENTED_EDGE('',*,*,#5910,.F.);
#5910 = EDGE_CURVE('',#5901,#5878,#5911,.T.);
#5911 = LINE('',#5912,#5913);
#5912 = CARTESIAN_POINT('',(-3.625,-1.825,1.51));
#5913 = VECTOR('',#5914,1.);
#5914 = DIRECTION('',(0.,0.,-1.));
#5915 = PLANE('',#5916);
#5916 = AXIS2_PLACEMENT_3D('',#5917,#5918,#5919);
#5917 = CARTESIAN_POINT('',(-3.625,-1.602142857143,0.712857142857));
#5918 = DIRECTION('',(-1.,1.11927691467E-30,1.146375123746E-30));
#5919 = DIRECTION('',(-1.146375123746E-30,-2.22044604925E-16,-1.));
#5920 = ADVANCED_FACE('',(#5921),#5932,.T.);
#5921 = FACE_BOUND('',#5922,.T.);
#5922 = EDGE_LOOP('',(#5923,#5924,#5925,#5926));
#5923 = ORIENTED_EDGE('',*,*,#5836,.F.);
#5924 = ORIENTED_EDGE('',*,*,#4415,.F.);
#5925 = ORIENTED_EDGE('',*,*,#5900,.T.);
#5926 = ORIENTED_EDGE('',*,*,#5927,.F.);
#5927 = EDGE_CURVE('',#5837,#5901,#5928,.T.);
#5928 = LINE('',#5929,#5930);
#5929 = CARTESIAN_POINT('',(-3.825,-1.825,1.51));
#5930 = VECTOR('',#5931,1.);
#5931 = DIRECTION('',(1.,0.,0.));
#5932 = PLANE('',#5933);
#5933 = AXIS2_PLACEMENT_3D('',#5934,#5935,#5936);
#5934 = CARTESIAN_POINT('',(-3.825,-0.275,1.51));
#5935 = DIRECTION('',(0.,0.,-1.));
#5936 = DIRECTION('',(0.,-1.,0.));
#5937 = ADVANCED_FACE('',(#5938),#5956,.F.);
#5938 = FACE_BOUND('',#5939,.F.);
#5939 = EDGE_LOOP('',(#5940,#5948,#5949,#5950));
#5940 = ORIENTED_EDGE('',*,*,#5941,.T.);
#5941 = EDGE_CURVE('',#5942,#4552,#5944,.T.);
#5942 = VERTEX_POINT('',#5943);
#5943 = CARTESIAN_POINT('',(3.825,-1.82,1.945));
#5944 = LINE('',#5945,#5946);
#5945 = CARTESIAN_POINT('',(3.825,-1.862444532488,1.945));
#5946 = VECTOR('',#5947,1.);
#5947 = DIRECTION('',(0.,-1.,2.22044604925E-16));
#5948 = ORIENTED_EDGE('',*,*,#4559,.T.);
#5949 = ORIENTED_EDGE('',*,*,#5641,.T.);
#5950 = ORIENTED_EDGE('',*,*,#5951,.F.);
#5951 = EDGE_CURVE('',#5942,#5642,#5952,.T.);
#5952 = LINE('',#5953,#5954);
#5953 = CARTESIAN_POINT('',(3.625,-1.82,1.945));
#5954 = VECTOR('',#5955,1.);
#5955 = DIRECTION('',(1.,0.,0.));
#5956 = PLANE('',#5957);
#5957 = AXIS2_PLACEMENT_3D('',#5958,#5959,#5960);
#5958 = CARTESIAN_POINT('',(3.625,-2.47,1.945));
#5959 = DIRECTION('',(0.,2.22044604925E-16,1.));
#5960 = DIRECTION('',(0.,1.,-2.22044604925E-16));
#5961 = ADVANCED_FACE('',(#5962),#6051,.F.);
#5962 = FACE_BOUND('',#5963,.F.);
#5963 = EDGE_LOOP('',(#5964,#5974,#5982,#5988,#5989,#5990,#5998,#6006,
    #6014,#6022,#6030,#6036,#6037,#6045));
#5964 = ORIENTED_EDGE('',*,*,#5965,.T.);
#5965 = EDGE_CURVE('',#5966,#5968,#5970,.T.);
#5966 = VERTEX_POINT('',#5967);
#5967 = CARTESIAN_POINT('',(3.825,-0.255,-1.665334536938E-16));
#5968 = VERTEX_POINT('',#5969);
#5969 = CARTESIAN_POINT('',(3.825,-2.475,0.));
#5970 = LINE('',#5971,#5972);
#5971 = CARTESIAN_POINT('',(3.825,-0.255,-1.665334536938E-16));
#5972 = VECTOR('',#5973,1.);
#5973 = DIRECTION('',(0.,-1.,7.501506923143E-17));
#5974 = ORIENTED_EDGE('',*,*,#5975,.T.);
#5975 = EDGE_CURVE('',#5968,#5976,#5978,.T.);
#5976 = VERTEX_POINT('',#5977);
#5977 = CARTESIAN_POINT('',(3.825,-2.475,2.05));
#5978 = LINE('',#5979,#5980);
#5979 = CARTESIAN_POINT('',(3.825,-2.475,0.));
#5980 = VECTOR('',#5981,1.);
#5981 = DIRECTION('',(0.,0.,1.));
#5982 = ORIENTED_EDGE('',*,*,#5983,.T.);
#5983 = EDGE_CURVE('',#5976,#4544,#5984,.T.);
#5984 = LINE('',#5985,#5986);
#5985 = CARTESIAN_POINT('',(3.825,-2.475,2.05));
#5986 = VECTOR('',#5987,1.);
#5987 = DIRECTION('',(0.,1.,0.));
#5988 = ORIENTED_EDGE('',*,*,#4551,.T.);
#5989 = ORIENTED_EDGE('',*,*,#5941,.F.);
#5990 = ORIENTED_EDGE('',*,*,#5991,.F.);
#5991 = EDGE_CURVE('',#5992,#5942,#5994,.T.);
#5992 = VERTEX_POINT('',#5993);
#5993 = CARTESIAN_POINT('',(3.825,-1.82,1.51));
#5994 = LINE('',#5995,#5996);
#5995 = CARTESIAN_POINT('',(3.825,-1.82,1.482892234548));
#5996 = VECTOR('',#5997,1.);
#5997 = DIRECTION('',(0.,2.22044604925E-16,1.));
#5998 = ORIENTED_EDGE('',*,*,#5999,.T.);
#5999 = EDGE_CURVE('',#5992,#6000,#6002,.T.);
#6000 = VERTEX_POINT('',#6001);
#6001 = CARTESIAN_POINT('',(3.825,-1.825,1.51));
#6002 = LINE('',#6003,#6004);
#6003 = CARTESIAN_POINT('',(3.825,-0.275,1.51));
#6004 = VECTOR('',#6005,1.);
#6005 = DIRECTION('',(0.,-1.,0.));
#6006 = ORIENTED_EDGE('',*,*,#6007,.T.);
#6007 = EDGE_CURVE('',#6000,#6008,#6010,.T.);
#6008 = VERTEX_POINT('',#6009);
#6009 = CARTESIAN_POINT('',(3.825,-1.825,0.8));
#6010 = LINE('',#6011,#6012);
#6011 = CARTESIAN_POINT('',(3.825,-1.825,1.51));
#6012 = VECTOR('',#6013,1.);
#6013 = DIRECTION('',(0.,0.,-1.));
#6014 = ORIENTED_EDGE('',*,*,#6015,.T.);
#6015 = EDGE_CURVE('',#6008,#6016,#6018,.T.);
#6016 = VERTEX_POINT('',#6017);
#6017 = CARTESIAN_POINT('',(3.825,-1.82,0.8));
#6018 = LINE('',#6019,#6020);
#6019 = CARTESIAN_POINT('',(3.825,-1.825,0.8));
#6020 = VECTOR('',#6021,1.);
#6021 = DIRECTION('',(0.,1.,0.));
#6022 = ORIENTED_EDGE('',*,*,#6023,.F.);
#6023 = EDGE_CURVE('',#6024,#6016,#6026,.T.);
#6024 = VERTEX_POINT('',#6025);
#6025 = CARTESIAN_POINT('',(3.825,-1.82,0.595));
#6026 = LINE('',#6027,#6028);
#6027 = CARTESIAN_POINT('',(3.825,-1.82,1.482892234548));
#6028 = VECTOR('',#6029,1.);
#6029 = DIRECTION('',(0.,2.22044604925E-16,1.));
#6030 = ORIENTED_EDGE('',*,*,#6031,.F.);
#6031 = EDGE_CURVE('',#5682,#6024,#6032,.T.);
#6032 = LINE('',#6033,#6034);
#6033 = CARTESIAN_POINT('',(3.825,-1.537444532488,0.595));
#6034 = VECTOR('',#6035,1.);
#6035 = DIRECTION('',(0.,-1.,2.22044604925E-16));
#6036 = ORIENTED_EDGE('',*,*,#5679,.F.);
#6037 = ORIENTED_EDGE('',*,*,#6038,.T.);
#6038 = EDGE_CURVE('',#5680,#6039,#6041,.T.);
#6039 = VERTEX_POINT('',#6040);
#6040 = CARTESIAN_POINT('',(3.825,-0.255,0.37));
#6041 = LINE('',#6042,#6043);
#6042 = CARTESIAN_POINT('',(3.825,0.235,0.37));
#6043 = VECTOR('',#6044,1.);
#6044 = DIRECTION('',(0.,-1.,0.));
#6045 = ORIENTED_EDGE('',*,*,#6046,.T.);
#6046 = EDGE_CURVE('',#6039,#5966,#6047,.T.);
#6047 = LINE('',#6048,#6049);
#6048 = CARTESIAN_POINT('',(3.825,-0.255,0.37));
#6049 = VECTOR('',#6050,1.);
#6050 = DIRECTION('',(0.,0.,-1.));
#6051 = PLANE('',#6052);
#6052 = AXIS2_PLACEMENT_3D('',#6053,#6054,#6055);
#6053 = CARTESIAN_POINT('',(3.825,-1.254889064976,1.020784469097));
#6054 = DIRECTION('',(-1.,-0.,-0.));
#6055 = DIRECTION('',(0.,0.,-1.));
#6056 = ADVANCED_FACE('',(#6057),#6075,.T.);
#6057 = FACE_BOUND('',#6058,.T.);
#6058 = EDGE_LOOP('',(#6059,#6067,#6073,#6074));
#6059 = ORIENTED_EDGE('',*,*,#6060,.F.);
#6060 = EDGE_CURVE('',#6061,#4536,#6063,.T.);
#6061 = VERTEX_POINT('',#6062);
#6062 = CARTESIAN_POINT('',(3.625,-2.475,2.05));
#6063 = LINE('',#6064,#6065);
#6064 = CARTESIAN_POINT('',(3.625,-2.475,2.05));
#6065 = VECTOR('',#6066,1.);
#6066 = DIRECTION('',(0.,1.,0.));
#6067 = ORIENTED_EDGE('',*,*,#6068,.T.);
#6068 = EDGE_CURVE('',#6061,#5976,#6069,.T.);
#6069 = LINE('',#6070,#6071);
#6070 = CARTESIAN_POINT('',(3.625,-2.475,2.05));
#6071 = VECTOR('',#6072,1.);
#6072 = DIRECTION('',(1.,0.,0.));
#6073 = ORIENTED_EDGE('',*,*,#5983,.T.);
#6074 = ORIENTED_EDGE('',*,*,#4543,.T.);
#6075 = PLANE('',#6076);
#6076 = AXIS2_PLACEMENT_3D('',#6077,#6078,#6079);
#6077 = CARTESIAN_POINT('',(3.625,-2.475,2.05));
#6078 = DIRECTION('',(0.,0.,1.));
#6079 = DIRECTION('',(0.,1.,0.));
#6080 = ADVANCED_FACE('',(#6081),#6100,.T.);
#6081 = FACE_BOUND('',#6082,.T.);
#6082 = EDGE_LOOP('',(#6083,#6091,#6097,#6098,#6099));
#6083 = ORIENTED_EDGE('',*,*,#6084,.T.);
#6084 = EDGE_CURVE('',#4520,#6085,#6087,.T.);
#6085 = VERTEX_POINT('',#6086);
#6086 = CARTESIAN_POINT('',(3.625,-2.475,0.));
#6087 = LINE('',#6088,#6089);
#6088 = CARTESIAN_POINT('',(3.625,-0.255,-1.665334536938E-16));
#6089 = VECTOR('',#6090,1.);
#6090 = DIRECTION('',(0.,-1.,7.501506923143E-17));
#6091 = ORIENTED_EDGE('',*,*,#6092,.T.);
#6092 = EDGE_CURVE('',#6085,#6061,#6093,.T.);
#6093 = LINE('',#6094,#6095);
#6094 = CARTESIAN_POINT('',(3.625,-2.475,0.));
#6095 = VECTOR('',#6096,1.);
#6096 = DIRECTION('',(0.,0.,1.));
#6097 = ORIENTED_EDGE('',*,*,#6060,.T.);
#6098 = ORIENTED_EDGE('',*,*,#4535,.T.);
#6099 = ORIENTED_EDGE('',*,*,#4527,.F.);
#6100 = PLANE('',#6101);
#6101 = AXIS2_PLACEMENT_3D('',#6102,#6103,#6104);
#6102 = CARTESIAN_POINT('',(3.625,-1.254889064976,1.020784469097));
#6103 = DIRECTION('',(-1.,-0.,-0.));
#6104 = DIRECTION('',(0.,0.,-1.));
#6105 = ADVANCED_FACE('',(#6106),#6132,.F.);
#6106 = FACE_BOUND('',#6107,.F.);
#6107 = EDGE_LOOP('',(#6108,#6116,#6124,#6130,#6131));
#6108 = ORIENTED_EDGE('',*,*,#6109,.T.);
#6109 = EDGE_CURVE('',#4505,#6110,#6112,.T.);
#6110 = VERTEX_POINT('',#6111);
#6111 = CARTESIAN_POINT('',(-3.625,-2.475,0.));
#6112 = LINE('',#6113,#6114);
#6113 = CARTESIAN_POINT('',(-3.625,-0.255,-1.665334536938E-16));
#6114 = VECTOR('',#6115,1.);
#6115 = DIRECTION('',(0.,-1.,7.501506923143E-17));
#6116 = ORIENTED_EDGE('',*,*,#6117,.T.);
#6117 = EDGE_CURVE('',#6110,#6118,#6120,.T.);
#6118 = VERTEX_POINT('',#6119);
#6119 = CARTESIAN_POINT('',(-3.625,-2.475,2.05));
#6120 = LINE('',#6121,#6122);
#6121 = CARTESIAN_POINT('',(-3.625,-2.475,0.));
#6122 = VECTOR('',#6123,1.);
#6123 = DIRECTION('',(0.,0.,1.));
#6124 = ORIENTED_EDGE('',*,*,#6125,.T.);
#6125 = EDGE_CURVE('',#6118,#4489,#6126,.T.);
#6126 = LINE('',#6127,#6128);
#6127 = CARTESIAN_POINT('',(-3.625,-2.475,2.05));
#6128 = VECTOR('',#6129,1.);
#6129 = DIRECTION('',(0.,1.,0.));
#6130 = ORIENTED_EDGE('',*,*,#4496,.T.);
#6131 = ORIENTED_EDGE('',*,*,#4504,.F.);
#6132 = PLANE('',#6133);
#6133 = AXIS2_PLACEMENT_3D('',#6134,#6135,#6136);
#6134 = CARTESIAN_POINT('',(-3.625,-1.254889064976,1.020784469097));
#6135 = DIRECTION('',(-1.,-0.,-0.));
#6136 = DIRECTION('',(0.,0.,-1.));
#6137 = ADVANCED_FACE('',(#6138),#6149,.T.);
#6138 = FACE_BOUND('',#6139,.T.);
#6139 = EDGE_LOOP('',(#6140,#6141,#6147,#6148));
#6140 = ORIENTED_EDGE('',*,*,#5827,.F.);
#6141 = ORIENTED_EDGE('',*,*,#6142,.T.);
#6142 = EDGE_CURVE('',#5820,#6118,#6143,.T.);
#6143 = LINE('',#6144,#6145);
#6144 = CARTESIAN_POINT('',(-3.825,-2.475,2.05));
#6145 = VECTOR('',#6146,1.);
#6146 = DIRECTION('',(1.,0.,0.));
#6147 = ORIENTED_EDGE('',*,*,#6125,.T.);
#6148 = ORIENTED_EDGE('',*,*,#4488,.T.);
#6149 = PLANE('',#6150);
#6150 = AXIS2_PLACEMENT_3D('',#6151,#6152,#6153);
#6151 = CARTESIAN_POINT('',(-3.825,-2.475,2.05));
#6152 = DIRECTION('',(0.,0.,1.));
#6153 = DIRECTION('',(0.,1.,0.));
#6154 = ADVANCED_FACE('',(#6155),#6171,.T.);
#6155 = FACE_BOUND('',#6156,.T.);
#6156 = EDGE_LOOP('',(#6157,#6163,#6164,#6170));
#6157 = ORIENTED_EDGE('',*,*,#6158,.F.);
#6158 = EDGE_CURVE('',#5207,#4584,#6159,.T.);
#6159 = LINE('',#6160,#6161);
#6160 = CARTESIAN_POINT('',(-2.225,1.58,2.44));
#6161 = VECTOR('',#6162,1.);
#6162 = DIRECTION('',(0.,-1.,2.22044604925E-16));
#6163 = ORIENTED_EDGE('',*,*,#5206,.T.);
#6164 = ORIENTED_EDGE('',*,*,#6165,.T.);
#6165 = EDGE_CURVE('',#5209,#4586,#6166,.T.);
#6166 = LINE('',#6167,#6168);
#6167 = CARTESIAN_POINT('',(-2.225,1.58,3.84));
#6168 = VECTOR('',#6169,1.);
#6169 = DIRECTION('',(0.,-1.,2.22044604925E-16));
#6170 = ORIENTED_EDGE('',*,*,#4583,.F.);
#6171 = PLANE('',#6172);
#6172 = AXIS2_PLACEMENT_3D('',#6173,#6174,#6175);
#6173 = CARTESIAN_POINT('',(-2.225,1.58,2.44));
#6174 = DIRECTION('',(1.,0.,0.));
#6175 = DIRECTION('',(0.,-1.,2.22044604925E-16));
#6176 = ADVANCED_FACE('',(#6177),#6188,.F.);
#6177 = FACE_BOUND('',#6178,.F.);
#6178 = EDGE_LOOP('',(#6179,#6180,#6181,#6182));
#6179 = ORIENTED_EDGE('',*,*,#5216,.F.);
#6180 = ORIENTED_EDGE('',*,*,#6165,.T.);
#6181 = ORIENTED_EDGE('',*,*,#4593,.T.);
#6182 = ORIENTED_EDGE('',*,*,#6183,.F.);
#6183 = EDGE_CURVE('',#5217,#4594,#6184,.T.);
#6184 = LINE('',#6185,#6186);
#6185 = CARTESIAN_POINT('',(2.225,1.58,3.84));
#6186 = VECTOR('',#6187,1.);
#6187 = DIRECTION('',(0.,-1.,2.22044604925E-16));
#6188 = PLANE('',#6189);
#6189 = AXIS2_PLACEMENT_3D('',#6190,#6191,#6192);
#6190 = CARTESIAN_POINT('',(-2.225,1.58,3.84));
#6191 = DIRECTION('',(0.,2.22044604925E-16,1.));
#6192 = DIRECTION('',(0.,-1.,2.22044604925E-16));
#6193 = ADVANCED_FACE('',(#6194,#6205),#6239,.T.);
#6194 = FACE_BOUND('',#6195,.T.);
#6195 = EDGE_LOOP('',(#6196,#6197,#6198,#6199));
#6196 = ORIENTED_EDGE('',*,*,#5232,.F.);
#6197 = ORIENTED_EDGE('',*,*,#6158,.T.);
#6198 = ORIENTED_EDGE('',*,*,#4609,.T.);
#6199 = ORIENTED_EDGE('',*,*,#6200,.F.);
#6200 = EDGE_CURVE('',#5225,#4602,#6201,.T.);
#6201 = LINE('',#6202,#6203);
#6202 = CARTESIAN_POINT('',(2.225,1.58,2.44));
#6203 = VECTOR('',#6204,1.);
#6204 = DIRECTION('',(0.,-1.,2.22044604925E-16));
#6205 = FACE_BOUND('',#6206,.T.);
#6206 = EDGE_LOOP('',(#6207,#6217,#6225,#6233));
#6207 = ORIENTED_EDGE('',*,*,#6208,.T.);
#6208 = EDGE_CURVE('',#6209,#6211,#6213,.T.);
#6209 = VERTEX_POINT('',#6210);
#6210 = CARTESIAN_POINT('',(-1.225,-1.67,2.44));
#6211 = VERTEX_POINT('',#6212);
#6212 = CARTESIAN_POINT('',(-1.225,-0.67,2.44));
#6213 = LINE('',#6214,#6215);
#6214 = CARTESIAN_POINT('',(-1.225,-1.67,2.44));
#6215 = VECTOR('',#6216,1.);
#6216 = DIRECTION('',(0.,1.,-1.665334536938E-16));
#6217 = ORIENTED_EDGE('',*,*,#6218,.T.);
#6218 = EDGE_CURVE('',#6211,#6219,#6221,.T.);
#6219 = VERTEX_POINT('',#6220);
#6220 = CARTESIAN_POINT('',(1.225,-0.67,2.44));
#6221 = LINE('',#6222,#6223);
#6222 = CARTESIAN_POINT('',(-1.225,-0.67,2.44));
#6223 = VECTOR('',#6224,1.);
#6224 = DIRECTION('',(1.,0.,0.));
#6225 = ORIENTED_EDGE('',*,*,#6226,.F.);
#6226 = EDGE_CURVE('',#6227,#6219,#6229,.T.);
#6227 = VERTEX_POINT('',#6228);
#6228 = CARTESIAN_POINT('',(1.225,-1.67,2.44));
#6229 = LINE('',#6230,#6231);
#6230 = CARTESIAN_POINT('',(1.225,-1.67,2.44));
#6231 = VECTOR('',#6232,1.);
#6232 = DIRECTION('',(0.,1.,-1.665334536938E-16));
#6233 = ORIENTED_EDGE('',*,*,#6234,.F.);
#6234 = EDGE_CURVE('',#6209,#6227,#6235,.T.);
#6235 = LINE('',#6236,#6237);
#6236 = CARTESIAN_POINT('',(-1.225,-1.67,2.44));
#6237 = VECTOR('',#6238,1.);
#6238 = DIRECTION('',(1.,0.,0.));
#6239 = PLANE('',#6240);
#6240 = AXIS2_PLACEMENT_3D('',#6241,#6242,#6243);
#6241 = CARTESIAN_POINT('',(-2.225,1.58,2.44));
#6242 = DIRECTION('',(0.,2.22044604925E-16,1.));
#6243 = DIRECTION('',(0.,-1.,2.22044604925E-16));
#6244 = ADVANCED_FACE('',(#6245),#6251,.F.);
#6245 = FACE_BOUND('',#6246,.F.);
#6246 = EDGE_LOOP('',(#6247,#6248,#6249,#6250));
#6247 = ORIENTED_EDGE('',*,*,#6200,.F.);
#6248 = ORIENTED_EDGE('',*,*,#5224,.T.);
#6249 = ORIENTED_EDGE('',*,*,#6183,.T.);
#6250 = ORIENTED_EDGE('',*,*,#4601,.F.);
#6251 = PLANE('',#6252);
#6252 = AXIS2_PLACEMENT_3D('',#6253,#6254,#6255);
#6253 = CARTESIAN_POINT('',(2.225,1.58,2.44));
#6254 = DIRECTION('',(1.,0.,0.));
#6255 = DIRECTION('',(0.,-1.,2.22044604925E-16));
#6256 = ADVANCED_FACE('',(#6257),#6282,.F.);
#6257 = FACE_BOUND('',#6258,.F.);
#6258 = EDGE_LOOP('',(#6259,#6267,#6275,#6281));
#6259 = ORIENTED_EDGE('',*,*,#6260,.T.);
#6260 = EDGE_CURVE('',#4618,#6261,#6263,.T.);
#6261 = VERTEX_POINT('',#6262);
#6262 = CARTESIAN_POINT('',(3.125,0.13,0.595));
#6263 = LINE('',#6264,#6265);
#6264 = CARTESIAN_POINT('',(3.125,-2.47,0.595));
#6265 = VECTOR('',#6266,1.);
#6266 = DIRECTION('',(-0.,1.,-2.22044604925E-16));
#6267 = ORIENTED_EDGE('',*,*,#6268,.T.);
#6268 = EDGE_CURVE('',#6261,#6269,#6271,.T.);
#6269 = VERTEX_POINT('',#6270);
#6270 = CARTESIAN_POINT('',(3.125,0.13,2.645));
#6271 = LINE('',#6272,#6273);
#6272 = CARTESIAN_POINT('',(3.125,0.13,0.595));
#6273 = VECTOR('',#6274,1.);
#6274 = DIRECTION('',(0.,2.22044604925E-16,1.));
#6275 = ORIENTED_EDGE('',*,*,#6276,.F.);
#6276 = EDGE_CURVE('',#4620,#6269,#6277,.T.);
#6277 = LINE('',#6278,#6279);
#6278 = CARTESIAN_POINT('',(3.125,-2.47,2.645));
#6279 = VECTOR('',#6280,1.);
#6280 = DIRECTION('',(-0.,1.,-2.22044604925E-16));
#6281 = ORIENTED_EDGE('',*,*,#4617,.F.);
#6282 = PLANE('',#6283);
#6283 = AXIS2_PLACEMENT_3D('',#6284,#6285,#6286);
#6284 = CARTESIAN_POINT('',(3.125,-2.47,0.595));
#6285 = DIRECTION('',(1.,0.,0.));
#6286 = DIRECTION('',(-0.,2.22044604925E-16,1.));
#6287 = ADVANCED_FACE('',(#6288),#6306,.F.);
#6288 = FACE_BOUND('',#6289,.F.);
#6289 = EDGE_LOOP('',(#6290,#6298,#6304,#6305));
#6290 = ORIENTED_EDGE('',*,*,#6291,.T.);
#6291 = EDGE_CURVE('',#4628,#6292,#6294,.T.);
#6292 = VERTEX_POINT('',#6293);
#6293 = CARTESIAN_POINT('',(-3.125,0.13,0.595));
#6294 = LINE('',#6295,#6296);
#6295 = CARTESIAN_POINT('',(-3.125,-2.47,0.595));
#6296 = VECTOR('',#6297,1.);
#6297 = DIRECTION('',(-0.,1.,-2.22044604925E-16));
#6298 = ORIENTED_EDGE('',*,*,#6299,.T.);
#6299 = EDGE_CURVE('',#6292,#6261,#6300,.T.);
#6300 = LINE('',#6301,#6302);
#6301 = CARTESIAN_POINT('',(-3.125,0.13,0.595));
#6302 = VECTOR('',#6303,1.);
#6303 = DIRECTION('',(1.,0.,0.));
#6304 = ORIENTED_EDGE('',*,*,#6260,.F.);
#6305 = ORIENTED_EDGE('',*,*,#4627,.F.);
#6306 = PLANE('',#6307);
#6307 = AXIS2_PLACEMENT_3D('',#6308,#6309,#6310);
#6308 = CARTESIAN_POINT('',(-3.125,-2.47,0.595));
#6309 = DIRECTION('',(0.,-2.22044604925E-16,-1.));
#6310 = DIRECTION('',(1.,0.,0.));
#6311 = ADVANCED_FACE('',(#6312),#6330,.F.);
#6312 = FACE_BOUND('',#6313,.F.);
#6313 = EDGE_LOOP('',(#6314,#6315,#6323,#6329));
#6314 = ORIENTED_EDGE('',*,*,#6276,.T.);
#6315 = ORIENTED_EDGE('',*,*,#6316,.T.);
#6316 = EDGE_CURVE('',#6269,#6317,#6319,.T.);
#6317 = VERTEX_POINT('',#6318);
#6318 = CARTESIAN_POINT('',(2.625,0.13,2.645));
#6319 = LINE('',#6320,#6321);
#6320 = CARTESIAN_POINT('',(3.125,0.13,2.645));
#6321 = VECTOR('',#6322,1.);
#6322 = DIRECTION('',(-1.,0.,0.));
#6323 = ORIENTED_EDGE('',*,*,#6324,.F.);
#6324 = EDGE_CURVE('',#4924,#6317,#6325,.T.);
#6325 = LINE('',#6326,#6327);
#6326 = CARTESIAN_POINT('',(2.625,-2.47,2.645));
#6327 = VECTOR('',#6328,1.);
#6328 = DIRECTION('',(-0.,1.,-2.22044604925E-16));
#6329 = ORIENTED_EDGE('',*,*,#4931,.F.);
#6330 = PLANE('',#6331);
#6331 = AXIS2_PLACEMENT_3D('',#6332,#6333,#6334);
#6332 = CARTESIAN_POINT('',(3.125,-2.47,2.645));
#6333 = DIRECTION('',(0.,2.22044604925E-16,1.));
#6334 = DIRECTION('',(-1.,0.,0.));
#6335 = ADVANCED_FACE('',(#6336),#6354,.F.);
#6336 = FACE_BOUND('',#6337,.F.);
#6337 = EDGE_LOOP('',(#6338,#6346,#6352,#6353));
#6338 = ORIENTED_EDGE('',*,*,#6339,.T.);
#6339 = EDGE_CURVE('',#4636,#6340,#6342,.T.);
#6340 = VERTEX_POINT('',#6341);
#6341 = CARTESIAN_POINT('',(-3.125,0.13,2.645));
#6342 = LINE('',#6343,#6344);
#6343 = CARTESIAN_POINT('',(-3.125,-2.47,2.645));
#6344 = VECTOR('',#6345,1.);
#6345 = DIRECTION('',(-0.,1.,-2.22044604925E-16));
#6346 = ORIENTED_EDGE('',*,*,#6347,.T.);
#6347 = EDGE_CURVE('',#6340,#6292,#6348,.T.);
#6348 = LINE('',#6349,#6350);
#6349 = CARTESIAN_POINT('',(-3.125,0.13,2.645));
#6350 = VECTOR('',#6351,1.);
#6351 = DIRECTION('',(0.,-2.22044604925E-16,-1.));
#6352 = ORIENTED_EDGE('',*,*,#6291,.F.);
#6353 = ORIENTED_EDGE('',*,*,#4635,.F.);
#6354 = PLANE('',#6355);
#6355 = AXIS2_PLACEMENT_3D('',#6356,#6357,#6358);
#6356 = CARTESIAN_POINT('',(-3.125,-2.47,2.645));
#6357 = DIRECTION('',(-1.,0.,0.));
#6358 = DIRECTION('',(-0.,-2.22044604925E-16,-1.));
#6359 = ADVANCED_FACE('',(#6360),#6378,.F.);
#6360 = FACE_BOUND('',#6361,.F.);
#6361 = EDGE_LOOP('',(#6362,#6363,#6371,#6377));
#6362 = ORIENTED_EDGE('',*,*,#6324,.T.);
#6363 = ORIENTED_EDGE('',*,*,#6364,.T.);
#6364 = EDGE_CURVE('',#6317,#6365,#6367,.T.);
#6365 = VERTEX_POINT('',#6366);
#6366 = CARTESIAN_POINT('',(2.625,0.13,2.145));
#6367 = LINE('',#6368,#6369);
#6368 = CARTESIAN_POINT('',(2.625,0.13,2.645));
#6369 = VECTOR('',#6370,1.);
#6370 = DIRECTION('',(0.,-2.22044604925E-16,-1.));
#6371 = ORIENTED_EDGE('',*,*,#6372,.F.);
#6372 = EDGE_CURVE('',#4916,#6365,#6373,.T.);
#6373 = LINE('',#6374,#6375);
#6374 = CARTESIAN_POINT('',(2.625,-2.47,2.145));
#6375 = VECTOR('',#6376,1.);
#6376 = DIRECTION('',(-0.,1.,-2.22044604925E-16));
#6377 = ORIENTED_EDGE('',*,*,#4923,.F.);
#6378 = PLANE('',#6379);
#6379 = AXIS2_PLACEMENT_3D('',#6380,#6381,#6382);
#6380 = CARTESIAN_POINT('',(2.625,-2.47,2.645));
#6381 = DIRECTION('',(-1.,0.,0.));
#6382 = DIRECTION('',(-0.,-2.22044604925E-16,-1.));
#6383 = ADVANCED_FACE('',(#6384),#6402,.F.);
#6384 = FACE_BOUND('',#6385,.F.);
#6385 = EDGE_LOOP('',(#6386,#6394,#6400,#6401));
#6386 = ORIENTED_EDGE('',*,*,#6387,.T.);
#6387 = EDGE_CURVE('',#4644,#6388,#6390,.T.);
#6388 = VERTEX_POINT('',#6389);
#6389 = CARTESIAN_POINT('',(-2.625,0.13,2.645));
#6390 = LINE('',#6391,#6392);
#6391 = CARTESIAN_POINT('',(-2.625,-2.47,2.645));
#6392 = VECTOR('',#6393,1.);
#6393 = DIRECTION('',(-0.,1.,-2.22044604925E-16));
#6394 = ORIENTED_EDGE('',*,*,#6395,.T.);
#6395 = EDGE_CURVE('',#6388,#6340,#6396,.T.);
#6396 = LINE('',#6397,#6398);
#6397 = CARTESIAN_POINT('',(-2.625,0.13,2.645));
#6398 = VECTOR('',#6399,1.);
#6399 = DIRECTION('',(-1.,0.,0.));
#6400 = ORIENTED_EDGE('',*,*,#6339,.F.);
#6401 = ORIENTED_EDGE('',*,*,#4643,.F.);
#6402 = PLANE('',#6403);
#6403 = AXIS2_PLACEMENT_3D('',#6404,#6405,#6406);
#6404 = CARTESIAN_POINT('',(-2.625,-2.47,2.645));
#6405 = DIRECTION('',(0.,2.22044604925E-16,1.));
#6406 = DIRECTION('',(-1.,0.,0.));
#6407 = ADVANCED_FACE('',(#6408),#6426,.F.);
#6408 = FACE_BOUND('',#6409,.F.);
#6409 = EDGE_LOOP('',(#6410,#6411,#6419,#6425));
#6410 = ORIENTED_EDGE('',*,*,#6372,.T.);
#6411 = ORIENTED_EDGE('',*,*,#6412,.T.);
#6412 = EDGE_CURVE('',#6365,#6413,#6415,.T.);
#6413 = VERTEX_POINT('',#6414);
#6414 = CARTESIAN_POINT('',(2.125,0.13,2.145));
#6415 = LINE('',#6416,#6417);
#6416 = CARTESIAN_POINT('',(2.625,0.13,2.145));
#6417 = VECTOR('',#6418,1.);
#6418 = DIRECTION('',(-1.,0.,0.));
#6419 = ORIENTED_EDGE('',*,*,#6420,.F.);
#6420 = EDGE_CURVE('',#4908,#6413,#6421,.T.);
#6421 = LINE('',#6422,#6423);
#6422 = CARTESIAN_POINT('',(2.125,-2.47,2.145));
#6423 = VECTOR('',#6424,1.);
#6424 = DIRECTION('',(-0.,1.,-2.22044604925E-16));
#6425 = ORIENTED_EDGE('',*,*,#4915,.F.);
#6426 = PLANE('',#6427);
#6427 = AXIS2_PLACEMENT_3D('',#6428,#6429,#6430);
#6428 = CARTESIAN_POINT('',(2.625,-2.47,2.145));
#6429 = DIRECTION('',(0.,2.22044604925E-16,1.));
#6430 = DIRECTION('',(-1.,0.,0.));
#6431 = ADVANCED_FACE('',(#6432),#6450,.F.);
#6432 = FACE_BOUND('',#6433,.F.);
#6433 = EDGE_LOOP('',(#6434,#6442,#6448,#6449));
#6434 = ORIENTED_EDGE('',*,*,#6435,.T.);
#6435 = EDGE_CURVE('',#4652,#6436,#6438,.T.);
#6436 = VERTEX_POINT('',#6437);
#6437 = CARTESIAN_POINT('',(-2.625,0.13,2.145));
#6438 = LINE('',#6439,#6440);
#6439 = CARTESIAN_POINT('',(-2.625,-2.47,2.145));
#6440 = VECTOR('',#6441,1.);
#6441 = DIRECTION('',(-0.,1.,-2.22044604925E-16));
#6442 = ORIENTED_EDGE('',*,*,#6443,.T.);
#6443 = EDGE_CURVE('',#6436,#6388,#6444,.T.);
#6444 = LINE('',#6445,#6446);
#6445 = CARTESIAN_POINT('',(-2.625,0.13,2.145));
#6446 = VECTOR('',#6447,1.);
#6447 = DIRECTION('',(0.,2.22044604925E-16,1.));
#6448 = ORIENTED_EDGE('',*,*,#6387,.F.);
#6449 = ORIENTED_EDGE('',*,*,#4651,.F.);
#6450 = PLANE('',#6451);
#6451 = AXIS2_PLACEMENT_3D('',#6452,#6453,#6454);
#6452 = CARTESIAN_POINT('',(-2.625,-2.47,2.145));
#6453 = DIRECTION('',(1.,0.,0.));
#6454 = DIRECTION('',(-0.,2.22044604925E-16,1.));
#6455 = ADVANCED_FACE('',(#6456),#6474,.F.);
#6456 = FACE_BOUND('',#6457,.F.);
#6457 = EDGE_LOOP('',(#6458,#6459,#6467,#6473));
#6458 = ORIENTED_EDGE('',*,*,#6420,.T.);
#6459 = ORIENTED_EDGE('',*,*,#6460,.T.);
#6460 = EDGE_CURVE('',#6413,#6461,#6463,.T.);
#6461 = VERTEX_POINT('',#6462);
#6462 = CARTESIAN_POINT('',(2.125,0.13,1.945));
#6463 = LINE('',#6464,#6465);
#6464 = CARTESIAN_POINT('',(2.125,0.13,2.145));
#6465 = VECTOR('',#6466,1.);
#6466 = DIRECTION('',(0.,-2.22044604925E-16,-1.));
#6467 = ORIENTED_EDGE('',*,*,#6468,.F.);
#6468 = EDGE_CURVE('',#4900,#6461,#6469,.T.);
#6469 = LINE('',#6470,#6471);
#6470 = CARTESIAN_POINT('',(2.125,-2.47,1.945));
#6471 = VECTOR('',#6472,1.);
#6472 = DIRECTION('',(-0.,1.,-2.22044604925E-16));
#6473 = ORIENTED_EDGE('',*,*,#4907,.F.);
#6474 = PLANE('',#6475);
#6475 = AXIS2_PLACEMENT_3D('',#6476,#6477,#6478);
#6476 = CARTESIAN_POINT('',(2.125,-2.47,2.145));
#6477 = DIRECTION('',(-1.,0.,0.));
#6478 = DIRECTION('',(-0.,-2.22044604925E-16,-1.));
#6479 = ADVANCED_FACE('',(#6480),#6498,.F.);
#6480 = FACE_BOUND('',#6481,.F.);
#6481 = EDGE_LOOP('',(#6482,#6490,#6496,#6497));
#6482 = ORIENTED_EDGE('',*,*,#6483,.T.);
#6483 = EDGE_CURVE('',#4660,#6484,#6486,.T.);
#6484 = VERTEX_POINT('',#6485);
#6485 = CARTESIAN_POINT('',(-2.125,0.13,2.145));
#6486 = LINE('',#6487,#6488);
#6487 = CARTESIAN_POINT('',(-2.125,-2.47,2.145));
#6488 = VECTOR('',#6489,1.);
#6489 = DIRECTION('',(-0.,1.,-2.22044604925E-16));
#6490 = ORIENTED_EDGE('',*,*,#6491,.T.);
#6491 = EDGE_CURVE('',#6484,#6436,#6492,.T.);
#6492 = LINE('',#6493,#6494);
#6493 = CARTESIAN_POINT('',(-2.125,0.13,2.145));
#6494 = VECTOR('',#6495,1.);
#6495 = DIRECTION('',(-1.,0.,0.));
#6496 = ORIENTED_EDGE('',*,*,#6435,.F.);
#6497 = ORIENTED_EDGE('',*,*,#4659,.F.);
#6498 = PLANE('',#6499);
#6499 = AXIS2_PLACEMENT_3D('',#6500,#6501,#6502);
#6500 = CARTESIAN_POINT('',(-2.125,-2.47,2.145));
#6501 = DIRECTION('',(0.,2.22044604925E-16,1.));
#6502 = DIRECTION('',(-1.,0.,0.));
#6503 = ADVANCED_FACE('',(#6504),#6530,.F.);
#6504 = FACE_BOUND('',#6505,.F.);
#6505 = EDGE_LOOP('',(#6506,#6507,#6515,#6523,#6529));
#6506 = ORIENTED_EDGE('',*,*,#6468,.T.);
#6507 = ORIENTED_EDGE('',*,*,#6508,.T.);
#6508 = EDGE_CURVE('',#6461,#6509,#6511,.T.);
#6509 = VERTEX_POINT('',#6510);
#6510 = CARTESIAN_POINT('',(1.975,0.13,1.945));
#6511 = LINE('',#6512,#6513);
#6512 = CARTESIAN_POINT('',(2.125,0.13,1.945));
#6513 = VECTOR('',#6514,1.);
#6514 = DIRECTION('',(-1.,0.,0.));
#6515 = ORIENTED_EDGE('',*,*,#6516,.F.);
#6516 = EDGE_CURVE('',#6517,#6509,#6519,.T.);
#6517 = VERTEX_POINT('',#6518);
#6518 = CARTESIAN_POINT('',(1.975,-2.12,1.945));
#6519 = LINE('',#6520,#6521);
#6520 = CARTESIAN_POINT('',(1.975,-2.47,1.945));
#6521 = VECTOR('',#6522,1.);
#6522 = DIRECTION('',(-0.,1.,-2.22044604925E-16));
#6523 = ORIENTED_EDGE('',*,*,#6524,.F.);
#6524 = EDGE_CURVE('',#4892,#6517,#6525,.T.);
#6525 = LINE('',#6526,#6527);
#6526 = CARTESIAN_POINT('',(1.975,-2.47,1.945));
#6527 = VECTOR('',#6528,1.);
#6528 = DIRECTION('',(-0.,1.,-2.22044604925E-16));
#6529 = ORIENTED_EDGE('',*,*,#4899,.F.);
#6530 = PLANE('',#6531);
#6531 = AXIS2_PLACEMENT_3D('',#6532,#6533,#6534);
#6532 = CARTESIAN_POINT('',(2.125,-2.47,1.945));
#6533 = DIRECTION('',(0.,2.22044604925E-16,1.));
#6534 = DIRECTION('',(-1.,0.,0.));
#6535 = ADVANCED_FACE('',(#6536),#6554,.F.);
#6536 = FACE_BOUND('',#6537,.F.);
#6537 = EDGE_LOOP('',(#6538,#6546,#6552,#6553));
#6538 = ORIENTED_EDGE('',*,*,#6539,.T.);
#6539 = EDGE_CURVE('',#4668,#6540,#6542,.T.);
#6540 = VERTEX_POINT('',#6541);
#6541 = CARTESIAN_POINT('',(-2.125,0.13,1.945));
#6542 = LINE('',#6543,#6544);
#6543 = CARTESIAN_POINT('',(-2.125,-2.47,1.945));
#6544 = VECTOR('',#6545,1.);
#6545 = DIRECTION('',(-0.,1.,-2.22044604925E-16));
#6546 = ORIENTED_EDGE('',*,*,#6547,.T.);
#6547 = EDGE_CURVE('',#6540,#6484,#6548,.T.);
#6548 = LINE('',#6549,#6550);
#6549 = CARTESIAN_POINT('',(-2.125,0.13,1.945));
#6550 = VECTOR('',#6551,1.);
#6551 = DIRECTION('',(0.,2.22044604925E-16,1.));
#6552 = ORIENTED_EDGE('',*,*,#6483,.F.);
#6553 = ORIENTED_EDGE('',*,*,#4667,.F.);
#6554 = PLANE('',#6555);
#6555 = AXIS2_PLACEMENT_3D('',#6556,#6557,#6558);
#6556 = CARTESIAN_POINT('',(-2.125,-2.47,1.945));
#6557 = DIRECTION('',(1.,0.,0.));
#6558 = DIRECTION('',(-0.,2.22044604925E-16,1.));
#6559 = ADVANCED_FACE('',(#6560),#6594,.F.);
#6560 = FACE_BOUND('',#6561,.F.);
#6561 = EDGE_LOOP('',(#6562,#6563,#6564,#6572,#6580,#6588));
#6562 = ORIENTED_EDGE('',*,*,#4891,.F.);
#6563 = ORIENTED_EDGE('',*,*,#6524,.T.);
#6564 = ORIENTED_EDGE('',*,*,#6565,.F.);
#6565 = EDGE_CURVE('',#6566,#6517,#6568,.T.);
#6566 = VERTEX_POINT('',#6567);
#6567 = CARTESIAN_POINT('',(1.975,-2.2446,2.0696));
#6568 = LINE('',#6569,#6570);
#6569 = CARTESIAN_POINT('',(1.975,-2.2446,2.0696));
#6570 = VECTOR('',#6571,1.);
#6571 = DIRECTION('',(0.,0.707106781187,-0.707106781187));
#6572 = ORIENTED_EDGE('',*,*,#6573,.F.);
#6573 = EDGE_CURVE('',#6574,#6566,#6576,.T.);
#6574 = VERTEX_POINT('',#6575);
#6575 = CARTESIAN_POINT('',(1.975,0.13,2.0696));
#6576 = LINE('',#6577,#6578);
#6577 = CARTESIAN_POINT('',(1.975,1.1054,2.0696));
#6578 = VECTOR('',#6579,1.);
#6579 = DIRECTION('',(0.,-1.,0.));
#6580 = ORIENTED_EDGE('',*,*,#6581,.T.);
#6581 = EDGE_CURVE('',#6574,#6582,#6584,.T.);
#6582 = VERTEX_POINT('',#6583);
#6583 = CARTESIAN_POINT('',(1.975,0.13,2.145));
#6584 = LINE('',#6585,#6586);
#6585 = CARTESIAN_POINT('',(1.975,0.13,1.945));
#6586 = VECTOR('',#6587,1.);
#6587 = DIRECTION('',(0.,2.22044604925E-16,1.));
#6588 = ORIENTED_EDGE('',*,*,#6589,.F.);
#6589 = EDGE_CURVE('',#4884,#6582,#6590,.T.);
#6590 = LINE('',#6591,#6592);
#6591 = CARTESIAN_POINT('',(1.975,-2.47,2.145));
#6592 = VECTOR('',#6593,1.);
#6593 = DIRECTION('',(-0.,1.,-2.22044604925E-16));
#6594 = PLANE('',#6595);
#6595 = AXIS2_PLACEMENT_3D('',#6596,#6597,#6598);
#6596 = CARTESIAN_POINT('',(1.975,-2.47,1.945));
#6597 = DIRECTION('',(1.,0.,0.));
#6598 = DIRECTION('',(-0.,2.22044604925E-16,1.));
#6599 = ADVANCED_FACE('',(#6600),#6626,.F.);
#6600 = FACE_BOUND('',#6601,.F.);
#6601 = EDGE_LOOP('',(#6602,#6610,#6618,#6624,#6625));
#6602 = ORIENTED_EDGE('',*,*,#6603,.T.);
#6603 = EDGE_CURVE('',#4676,#6604,#6606,.T.);
#6604 = VERTEX_POINT('',#6605);
#6605 = CARTESIAN_POINT('',(-1.975,-2.12,1.945));
#6606 = LINE('',#6607,#6608);
#6607 = CARTESIAN_POINT('',(-1.975,-2.47,1.945));
#6608 = VECTOR('',#6609,1.);
#6609 = DIRECTION('',(-0.,1.,-2.22044604925E-16));
#6610 = ORIENTED_EDGE('',*,*,#6611,.T.);
#6611 = EDGE_CURVE('',#6604,#6612,#6614,.T.);
#6612 = VERTEX_POINT('',#6613);
#6613 = CARTESIAN_POINT('',(-1.975,0.13,1.945));
#6614 = LINE('',#6615,#6616);
#6615 = CARTESIAN_POINT('',(-1.975,-2.47,1.945));
#6616 = VECTOR('',#6617,1.);
#6617 = DIRECTION('',(-0.,1.,-2.22044604925E-16));
#6618 = ORIENTED_EDGE('',*,*,#6619,.T.);
#6619 = EDGE_CURVE('',#6612,#6540,#6620,.T.);
#6620 = LINE('',#6621,#6622);
#6621 = CARTESIAN_POINT('',(-1.975,0.13,1.945));
#6622 = VECTOR('',#6623,1.);
#6623 = DIRECTION('',(-1.,0.,0.));
#6624 = ORIENTED_EDGE('',*,*,#6539,.F.);
#6625 = ORIENTED_EDGE('',*,*,#4675,.F.);
#6626 = PLANE('',#6627);
#6627 = AXIS2_PLACEMENT_3D('',#6628,#6629,#6630);
#6628 = CARTESIAN_POINT('',(-1.975,-2.47,1.945));
#6629 = DIRECTION('',(0.,2.22044604925E-16,1.));
#6630 = DIRECTION('',(-1.,0.,0.));
#6631 = ADVANCED_FACE('',(#6632),#6650,.F.);
#6632 = FACE_BOUND('',#6633,.F.);
#6633 = EDGE_LOOP('',(#6634,#6635,#6643,#6649));
#6634 = ORIENTED_EDGE('',*,*,#6589,.T.);
#6635 = ORIENTED_EDGE('',*,*,#6636,.T.);
#6636 = EDGE_CURVE('',#6582,#6637,#6639,.T.);
#6637 = VERTEX_POINT('',#6638);
#6638 = CARTESIAN_POINT('',(1.775,0.13,2.145));
#6639 = LINE('',#6640,#6641);
#6640 = CARTESIAN_POINT('',(1.975,0.13,2.145));
#6641 = VECTOR('',#6642,1.);
#6642 = DIRECTION('',(-1.,0.,0.));
#6643 = ORIENTED_EDGE('',*,*,#6644,.F.);
#6644 = EDGE_CURVE('',#4876,#6637,#6645,.T.);
#6645 = LINE('',#6646,#6647);
#6646 = CARTESIAN_POINT('',(1.775,-2.47,2.145));
#6647 = VECTOR('',#6648,1.);
#6648 = DIRECTION('',(-0.,1.,-2.22044604925E-16));
#6649 = ORIENTED_EDGE('',*,*,#4883,.F.);
#6650 = PLANE('',#6651);
#6651 = AXIS2_PLACEMENT_3D('',#6652,#6653,#6654);
#6652 = CARTESIAN_POINT('',(1.975,-2.47,2.145));
#6653 = DIRECTION('',(0.,2.22044604925E-16,1.));
#6654 = DIRECTION('',(-1.,0.,0.));
#6655 = ADVANCED_FACE('',(#6656),#6690,.F.);
#6656 = FACE_BOUND('',#6657,.F.);
#6657 = EDGE_LOOP('',(#6658,#6659,#6667,#6675,#6683,#6689));
#6658 = ORIENTED_EDGE('',*,*,#4683,.F.);
#6659 = ORIENTED_EDGE('',*,*,#6660,.T.);
#6660 = EDGE_CURVE('',#4684,#6661,#6663,.T.);
#6661 = VERTEX_POINT('',#6662);
#6662 = CARTESIAN_POINT('',(-1.975,0.13,2.145));
#6663 = LINE('',#6664,#6665);
#6664 = CARTESIAN_POINT('',(-1.975,-2.47,2.145));
#6665 = VECTOR('',#6666,1.);
#6666 = DIRECTION('',(-0.,1.,-2.22044604925E-16));
#6667 = ORIENTED_EDGE('',*,*,#6668,.T.);
#6668 = EDGE_CURVE('',#6661,#6669,#6671,.T.);
#6669 = VERTEX_POINT('',#6670);
#6670 = CARTESIAN_POINT('',(-1.975,0.13,2.0696));
#6671 = LINE('',#6672,#6673);
#6672 = CARTESIAN_POINT('',(-1.975,0.13,2.145));
#6673 = VECTOR('',#6674,1.);
#6674 = DIRECTION('',(0.,-2.22044604925E-16,-1.));
#6675 = ORIENTED_EDGE('',*,*,#6676,.T.);
#6676 = EDGE_CURVE('',#6669,#6677,#6679,.T.);
#6677 = VERTEX_POINT('',#6678);
#6678 = CARTESIAN_POINT('',(-1.975,-2.2446,2.0696));
#6679 = LINE('',#6680,#6681);
#6680 = CARTESIAN_POINT('',(-1.975,1.1054,2.0696));
#6681 = VECTOR('',#6682,1.);
#6682 = DIRECTION('',(0.,-1.,0.));
#6683 = ORIENTED_EDGE('',*,*,#6684,.T.);
#6684 = EDGE_CURVE('',#6677,#6604,#6685,.T.);
#6685 = LINE('',#6686,#6687);
#6686 = CARTESIAN_POINT('',(-1.975,-2.2446,2.0696));
#6687 = VECTOR('',#6688,1.);
#6688 = DIRECTION('',(0.,0.707106781187,-0.707106781187));
#6689 = ORIENTED_EDGE('',*,*,#6603,.F.);
#6690 = PLANE('',#6691);
#6691 = AXIS2_PLACEMENT_3D('',#6692,#6693,#6694);
#6692 = CARTESIAN_POINT('',(-1.975,-2.47,2.145));
#6693 = DIRECTION('',(-1.,0.,0.));
#6694 = DIRECTION('',(-0.,-2.22044604925E-16,-1.));
#6695 = ADVANCED_FACE('',(#6696),#6730,.F.);
#6696 = FACE_BOUND('',#6697,.F.);
#6697 = EDGE_LOOP('',(#6698,#6699,#6700,#6708,#6716,#6724));
#6698 = ORIENTED_EDGE('',*,*,#4875,.F.);
#6699 = ORIENTED_EDGE('',*,*,#6644,.T.);
#6700 = ORIENTED_EDGE('',*,*,#6701,.T.);
#6701 = EDGE_CURVE('',#6637,#6702,#6704,.T.);
#6702 = VERTEX_POINT('',#6703);
#6703 = CARTESIAN_POINT('',(1.775,0.13,2.0696));
#6704 = LINE('',#6705,#6706);
#6705 = CARTESIAN_POINT('',(1.775,0.13,2.145));
#6706 = VECTOR('',#6707,1.);
#6707 = DIRECTION('',(0.,-2.22044604925E-16,-1.));
#6708 = ORIENTED_EDGE('',*,*,#6709,.T.);
#6709 = EDGE_CURVE('',#6702,#6710,#6712,.T.);
#6710 = VERTEX_POINT('',#6711);
#6711 = CARTESIAN_POINT('',(1.775,-2.2446,2.0696));
#6712 = LINE('',#6713,#6714);
#6713 = CARTESIAN_POINT('',(1.775,1.1054,2.0696));
#6714 = VECTOR('',#6715,1.);
#6715 = DIRECTION('',(0.,-1.,0.));
#6716 = ORIENTED_EDGE('',*,*,#6717,.T.);
#6717 = EDGE_CURVE('',#6710,#6718,#6720,.T.);
#6718 = VERTEX_POINT('',#6719);
#6719 = CARTESIAN_POINT('',(1.775,-2.12,1.945));
#6720 = LINE('',#6721,#6722);
#6721 = CARTESIAN_POINT('',(1.775,-2.2446,2.0696));
#6722 = VECTOR('',#6723,1.);
#6723 = DIRECTION('',(0.,0.707106781187,-0.707106781187));
#6724 = ORIENTED_EDGE('',*,*,#6725,.F.);
#6725 = EDGE_CURVE('',#4868,#6718,#6726,.T.);
#6726 = LINE('',#6727,#6728);
#6727 = CARTESIAN_POINT('',(1.775,-2.47,1.945));
#6728 = VECTOR('',#6729,1.);
#6729 = DIRECTION('',(-0.,1.,-2.22044604925E-16));
#6730 = PLANE('',#6731);
#6731 = AXIS2_PLACEMENT_3D('',#6732,#6733,#6734);
#6732 = CARTESIAN_POINT('',(1.775,-2.47,2.145));
#6733 = DIRECTION('',(-1.,0.,0.));
#6734 = DIRECTION('',(-0.,-2.22044604925E-16,-1.));
#6735 = ADVANCED_FACE('',(#6736),#6754,.F.);
#6736 = FACE_BOUND('',#6737,.F.);
#6737 = EDGE_LOOP('',(#6738,#6746,#6752,#6753));
#6738 = ORIENTED_EDGE('',*,*,#6739,.T.);
#6739 = EDGE_CURVE('',#4692,#6740,#6742,.T.);
#6740 = VERTEX_POINT('',#6741);
#6741 = CARTESIAN_POINT('',(-1.775,0.13,2.145));
#6742 = LINE('',#6743,#6744);
#6743 = CARTESIAN_POINT('',(-1.775,-2.47,2.145));
#6744 = VECTOR('',#6745,1.);
#6745 = DIRECTION('',(-0.,1.,-2.22044604925E-16));
#6746 = ORIENTED_EDGE('',*,*,#6747,.T.);
#6747 = EDGE_CURVE('',#6740,#6661,#6748,.T.);
#6748 = LINE('',#6749,#6750);
#6749 = CARTESIAN_POINT('',(-1.775,0.13,2.145));
#6750 = VECTOR('',#6751,1.);
#6751 = DIRECTION('',(-1.,0.,0.));
#6752 = ORIENTED_EDGE('',*,*,#6660,.F.);
#6753 = ORIENTED_EDGE('',*,*,#4691,.F.);
#6754 = PLANE('',#6755);
#6755 = AXIS2_PLACEMENT_3D('',#6756,#6757,#6758);
#6756 = CARTESIAN_POINT('',(-1.775,-2.47,2.145));
#6757 = DIRECTION('',(0.,2.22044604925E-16,1.));
#6758 = DIRECTION('',(-1.,0.,0.));
#6759 = ADVANCED_FACE('',(#6760),#6786,.F.);
#6760 = FACE_BOUND('',#6761,.F.);
#6761 = EDGE_LOOP('',(#6762,#6763,#6771,#6779,#6785));
#6762 = ORIENTED_EDGE('',*,*,#6725,.T.);
#6763 = ORIENTED_EDGE('',*,*,#6764,.T.);
#6764 = EDGE_CURVE('',#6718,#6765,#6767,.T.);
#6765 = VERTEX_POINT('',#6766);
#6766 = CARTESIAN_POINT('',(1.775,0.13,1.945));
#6767 = LINE('',#6768,#6769);
#6768 = CARTESIAN_POINT('',(1.775,-2.47,1.945));
#6769 = VECTOR('',#6770,1.);
#6770 = DIRECTION('',(-0.,1.,-2.22044604925E-16));
#6771 = ORIENTED_EDGE('',*,*,#6772,.T.);
#6772 = EDGE_CURVE('',#6765,#6773,#6775,.T.);
#6773 = VERTEX_POINT('',#6774);
#6774 = CARTESIAN_POINT('',(1.625,0.13,1.945));
#6775 = LINE('',#6776,#6777);
#6776 = CARTESIAN_POINT('',(1.775,0.13,1.945));
#6777 = VECTOR('',#6778,1.);
#6778 = DIRECTION('',(-1.,0.,0.));
#6779 = ORIENTED_EDGE('',*,*,#6780,.F.);
#6780 = EDGE_CURVE('',#4860,#6773,#6781,.T.);
#6781 = LINE('',#6782,#6783);
#6782 = CARTESIAN_POINT('',(1.625,-2.47,1.945));
#6783 = VECTOR('',#6784,1.);
#6784 = DIRECTION('',(-0.,1.,-2.22044604925E-16));
#6785 = ORIENTED_EDGE('',*,*,#4867,.F.);
#6786 = PLANE('',#6787);
#6787 = AXIS2_PLACEMENT_3D('',#6788,#6789,#6790);
#6788 = CARTESIAN_POINT('',(1.775,-2.47,1.945));
#6789 = DIRECTION('',(0.,2.22044604925E-16,1.));
#6790 = DIRECTION('',(-1.,0.,0.));
#6791 = ADVANCED_FACE('',(#6792),#6826,.F.);
#6792 = FACE_BOUND('',#6793,.F.);
#6793 = EDGE_LOOP('',(#6794,#6795,#6803,#6811,#6819,#6825));
#6794 = ORIENTED_EDGE('',*,*,#4699,.F.);
#6795 = ORIENTED_EDGE('',*,*,#6796,.T.);
#6796 = EDGE_CURVE('',#4700,#6797,#6799,.T.);
#6797 = VERTEX_POINT('',#6798);
#6798 = CARTESIAN_POINT('',(-1.775,-2.12,1.945));
#6799 = LINE('',#6800,#6801);
#6800 = CARTESIAN_POINT('',(-1.775,-2.47,1.945));
#6801 = VECTOR('',#6802,1.);
#6802 = DIRECTION('',(-0.,1.,-2.22044604925E-16));
#6803 = ORIENTED_EDGE('',*,*,#6804,.F.);
#6804 = EDGE_CURVE('',#6805,#6797,#6807,.T.);
#6805 = VERTEX_POINT('',#6806);
#6806 = CARTESIAN_POINT('',(-1.775,-2.2446,2.0696));
#6807 = LINE('',#6808,#6809);
#6808 = CARTESIAN_POINT('',(-1.775,-2.2446,2.0696));
#6809 = VECTOR('',#6810,1.);
#6810 = DIRECTION('',(0.,0.707106781187,-0.707106781187));
#6811 = ORIENTED_EDGE('',*,*,#6812,.F.);
#6812 = EDGE_CURVE('',#6813,#6805,#6815,.T.);
#6813 = VERTEX_POINT('',#6814);
#6814 = CARTESIAN_POINT('',(-1.775,0.13,2.0696));
#6815 = LINE('',#6816,#6817);
#6816 = CARTESIAN_POINT('',(-1.775,1.1054,2.0696));
#6817 = VECTOR('',#6818,1.);
#6818 = DIRECTION('',(0.,-1.,0.));
#6819 = ORIENTED_EDGE('',*,*,#6820,.T.);
#6820 = EDGE_CURVE('',#6813,#6740,#6821,.T.);
#6821 = LINE('',#6822,#6823);
#6822 = CARTESIAN_POINT('',(-1.775,0.13,1.945));
#6823 = VECTOR('',#6824,1.);
#6824 = DIRECTION('',(0.,2.22044604925E-16,1.));
#6825 = ORIENTED_EDGE('',*,*,#6739,.F.);
#6826 = PLANE('',#6827);
#6827 = AXIS2_PLACEMENT_3D('',#6828,#6829,#6830);
#6828 = CARTESIAN_POINT('',(-1.775,-2.47,1.945));
#6829 = DIRECTION('',(1.,0.,0.));
#6830 = DIRECTION('',(-0.,2.22044604925E-16,1.));
#6831 = ADVANCED_FACE('',(#6832),#6850,.F.);
#6832 = FACE_BOUND('',#6833,.F.);
#6833 = EDGE_LOOP('',(#6834,#6835,#6843,#6849));
#6834 = ORIENTED_EDGE('',*,*,#6780,.T.);
#6835 = ORIENTED_EDGE('',*,*,#6836,.T.);
#6836 = EDGE_CURVE('',#6773,#6837,#6839,.T.);
#6837 = VERTEX_POINT('',#6838);
#6838 = CARTESIAN_POINT('',(1.625,0.13,2.145));
#6839 = LINE('',#6840,#6841);
#6840 = CARTESIAN_POINT('',(1.625,0.13,1.945));
#6841 = VECTOR('',#6842,1.);
#6842 = DIRECTION('',(0.,2.22044604925E-16,1.));
#6843 = ORIENTED_EDGE('',*,*,#6844,.F.);
#6844 = EDGE_CURVE('',#4852,#6837,#6845,.T.);
#6845 = LINE('',#6846,#6847);
#6846 = CARTESIAN_POINT('',(1.625,-2.47,2.145));
#6847 = VECTOR('',#6848,1.);
#6848 = DIRECTION('',(-0.,1.,-2.22044604925E-16));
#6849 = ORIENTED_EDGE('',*,*,#4859,.F.);
#6850 = PLANE('',#6851);
#6851 = AXIS2_PLACEMENT_3D('',#6852,#6853,#6854);
#6852 = CARTESIAN_POINT('',(1.625,-2.47,1.945));
#6853 = DIRECTION('',(1.,0.,0.));
#6854 = DIRECTION('',(-0.,2.22044604925E-16,1.));
#6855 = ADVANCED_FACE('',(#6856),#6882,.F.);
#6856 = FACE_BOUND('',#6857,.F.);
#6857 = EDGE_LOOP('',(#6858,#6866,#6874,#6880,#6881));
#6858 = ORIENTED_EDGE('',*,*,#6859,.T.);
#6859 = EDGE_CURVE('',#4708,#6860,#6862,.T.);
#6860 = VERTEX_POINT('',#6861);
#6861 = CARTESIAN_POINT('',(-1.625,0.13,1.945));
#6862 = LINE('',#6863,#6864);
#6863 = CARTESIAN_POINT('',(-1.625,-2.47,1.945));
#6864 = VECTOR('',#6865,1.);
#6865 = DIRECTION('',(-0.,1.,-2.22044604925E-16));
#6866 = ORIENTED_EDGE('',*,*,#6867,.T.);
#6867 = EDGE_CURVE('',#6860,#6868,#6870,.T.);
#6868 = VERTEX_POINT('',#6869);
#6869 = CARTESIAN_POINT('',(-1.775,0.13,1.945));
#6870 = LINE('',#6871,#6872);
#6871 = CARTESIAN_POINT('',(-1.625,0.13,1.945));
#6872 = VECTOR('',#6873,1.);
#6873 = DIRECTION('',(-1.,0.,0.));
#6874 = ORIENTED_EDGE('',*,*,#6875,.F.);
#6875 = EDGE_CURVE('',#6797,#6868,#6876,.T.);
#6876 = LINE('',#6877,#6878);
#6877 = CARTESIAN_POINT('',(-1.775,-2.47,1.945));
#6878 = VECTOR('',#6879,1.);
#6879 = DIRECTION('',(-0.,1.,-2.22044604925E-16));
#6880 = ORIENTED_EDGE('',*,*,#6796,.F.);
#6881 = ORIENTED_EDGE('',*,*,#4707,.F.);
#6882 = PLANE('',#6883);
#6883 = AXIS2_PLACEMENT_3D('',#6884,#6885,#6886);
#6884 = CARTESIAN_POINT('',(-1.625,-2.47,1.945));
#6885 = DIRECTION('',(0.,2.22044604925E-16,1.));
#6886 = DIRECTION('',(-1.,0.,0.));
#6887 = ADVANCED_FACE('',(#6888),#6906,.F.);
#6888 = FACE_BOUND('',#6889,.F.);
#6889 = EDGE_LOOP('',(#6890,#6891,#6899,#6905));
#6890 = ORIENTED_EDGE('',*,*,#6844,.T.);
#6891 = ORIENTED_EDGE('',*,*,#6892,.T.);
#6892 = EDGE_CURVE('',#6837,#6893,#6895,.T.);
#6893 = VERTEX_POINT('',#6894);
#6894 = CARTESIAN_POINT('',(0.875,0.13,2.145));
#6895 = LINE('',#6896,#6897);
#6896 = CARTESIAN_POINT('',(1.625,0.13,2.145));
#6897 = VECTOR('',#6898,1.);
#6898 = DIRECTION('',(-1.,0.,0.));
#6899 = ORIENTED_EDGE('',*,*,#6900,.F.);
#6900 = EDGE_CURVE('',#4844,#6893,#6901,.T.);
#6901 = LINE('',#6902,#6903);
#6902 = CARTESIAN_POINT('',(0.875,-2.47,2.145));
#6903 = VECTOR('',#6904,1.);
#6904 = DIRECTION('',(-0.,1.,-2.22044604925E-16));
#6905 = ORIENTED_EDGE('',*,*,#4851,.F.);
#6906 = PLANE('',#6907);
#6907 = AXIS2_PLACEMENT_3D('',#6908,#6909,#6910);
#6908 = CARTESIAN_POINT('',(1.625,-2.47,2.145));
#6909 = DIRECTION('',(0.,2.22044604925E-16,1.));
#6910 = DIRECTION('',(-1.,0.,0.));
#6911 = ADVANCED_FACE('',(#6912),#6930,.F.);
#6912 = FACE_BOUND('',#6913,.F.);
#6913 = EDGE_LOOP('',(#6914,#6922,#6928,#6929));
#6914 = ORIENTED_EDGE('',*,*,#6915,.T.);
#6915 = EDGE_CURVE('',#4716,#6916,#6918,.T.);
#6916 = VERTEX_POINT('',#6917);
#6917 = CARTESIAN_POINT('',(-1.625,0.13,2.145));
#6918 = LINE('',#6919,#6920);
#6919 = CARTESIAN_POINT('',(-1.625,-2.47,2.145));
#6920 = VECTOR('',#6921,1.);
#6921 = DIRECTION('',(-0.,1.,-2.22044604925E-16));
#6922 = ORIENTED_EDGE('',*,*,#6923,.T.);
#6923 = EDGE_CURVE('',#6916,#6860,#6924,.T.);
#6924 = LINE('',#6925,#6926);
#6925 = CARTESIAN_POINT('',(-1.625,0.13,2.145));
#6926 = VECTOR('',#6927,1.);
#6927 = DIRECTION('',(0.,-2.22044604925E-16,-1.));
#6928 = ORIENTED_EDGE('',*,*,#6859,.F.);
#6929 = ORIENTED_EDGE('',*,*,#4715,.F.);
#6930 = PLANE('',#6931);
#6931 = AXIS2_PLACEMENT_3D('',#6932,#6933,#6934);
#6932 = CARTESIAN_POINT('',(-1.625,-2.47,2.145));
#6933 = DIRECTION('',(-1.,0.,0.));
#6934 = DIRECTION('',(-0.,-2.22044604925E-16,-1.));
#6935 = ADVANCED_FACE('',(#6936),#6954,.F.);
#6936 = FACE_BOUND('',#6937,.F.);
#6937 = EDGE_LOOP('',(#6938,#6939,#6947,#6953));
#6938 = ORIENTED_EDGE('',*,*,#6900,.T.);
#6939 = ORIENTED_EDGE('',*,*,#6940,.T.);
#6940 = EDGE_CURVE('',#6893,#6941,#6943,.T.);
#6941 = VERTEX_POINT('',#6942);
#6942 = CARTESIAN_POINT('',(0.875,0.13,1.945));
#6943 = LINE('',#6944,#6945);
#6944 = CARTESIAN_POINT('',(0.875,0.13,2.145));
#6945 = VECTOR('',#6946,1.);
#6946 = DIRECTION('',(0.,-2.22044604925E-16,-1.));
#6947 = ORIENTED_EDGE('',*,*,#6948,.F.);
#6948 = EDGE_CURVE('',#4836,#6941,#6949,.T.);
#6949 = LINE('',#6950,#6951);
#6950 = CARTESIAN_POINT('',(0.875,-2.47,1.945));
#6951 = VECTOR('',#6952,1.);
#6952 = DIRECTION('',(-0.,1.,-2.22044604925E-16));
#6953 = ORIENTED_EDGE('',*,*,#4843,.F.);
#6954 = PLANE('',#6955);
#6955 = AXIS2_PLACEMENT_3D('',#6956,#6957,#6958);
#6956 = CARTESIAN_POINT('',(0.875,-2.47,2.145));
#6957 = DIRECTION('',(-1.,0.,0.));
#6958 = DIRECTION('',(-0.,-2.22044604925E-16,-1.));
#6959 = ADVANCED_FACE('',(#6960),#6978,.F.);
#6960 = FACE_BOUND('',#6961,.F.);
#6961 = EDGE_LOOP('',(#6962,#6970,#6976,#6977));
#6962 = ORIENTED_EDGE('',*,*,#6963,.T.);
#6963 = EDGE_CURVE('',#4724,#6964,#6966,.T.);
#6964 = VERTEX_POINT('',#6965);
#6965 = CARTESIAN_POINT('',(-0.875,0.13,2.145));
#6966 = LINE('',#6967,#6968);
#6967 = CARTESIAN_POINT('',(-0.875,-2.47,2.145));
#6968 = VECTOR('',#6969,1.);
#6969 = DIRECTION('',(-0.,1.,-2.22044604925E-16));
#6970 = ORIENTED_EDGE('',*,*,#6971,.T.);
#6971 = EDGE_CURVE('',#6964,#6916,#6972,.T.);
#6972 = LINE('',#6973,#6974);
#6973 = CARTESIAN_POINT('',(-0.875,0.13,2.145));
#6974 = VECTOR('',#6975,1.);
#6975 = DIRECTION('',(-1.,0.,0.));
#6976 = ORIENTED_EDGE('',*,*,#6915,.F.);
#6977 = ORIENTED_EDGE('',*,*,#4723,.F.);
#6978 = PLANE('',#6979);
#6979 = AXIS2_PLACEMENT_3D('',#6980,#6981,#6982);
#6980 = CARTESIAN_POINT('',(-0.875,-2.47,2.145));
#6981 = DIRECTION('',(0.,2.22044604925E-16,1.));
#6982 = DIRECTION('',(-1.,0.,0.));
#6983 = ADVANCED_FACE('',(#6984),#7010,.F.);
#6984 = FACE_BOUND('',#6985,.F.);
#6985 = EDGE_LOOP('',(#6986,#6987,#6995,#7003,#7009));
#6986 = ORIENTED_EDGE('',*,*,#6948,.T.);
#6987 = ORIENTED_EDGE('',*,*,#6988,.T.);
#6988 = EDGE_CURVE('',#6941,#6989,#6991,.T.);
#6989 = VERTEX_POINT('',#6990);
#6990 = CARTESIAN_POINT('',(0.725,0.13,1.945));
#6991 = LINE('',#6992,#6993);
#6992 = CARTESIAN_POINT('',(0.875,0.13,1.945));
#6993 = VECTOR('',#6994,1.);
#6994 = DIRECTION('',(-1.,0.,0.));
#6995 = ORIENTED_EDGE('',*,*,#6996,.F.);
#6996 = EDGE_CURVE('',#6997,#6989,#6999,.T.);
#6997 = VERTEX_POINT('',#6998);
#6998 = CARTESIAN_POINT('',(0.725,-2.12,1.945));
#6999 = LINE('',#7000,#7001);
#7000 = CARTESIAN_POINT('',(0.725,-2.47,1.945));
#7001 = VECTOR('',#7002,1.);
#7002 = DIRECTION('',(-0.,1.,-2.22044604925E-16));
#7003 = ORIENTED_EDGE('',*,*,#7004,.F.);
#7004 = EDGE_CURVE('',#4828,#6997,#7005,.T.);
#7005 = LINE('',#7006,#7007);
#7006 = CARTESIAN_POINT('',(0.725,-2.47,1.945));
#7007 = VECTOR('',#7008,1.);
#7008 = DIRECTION('',(-0.,1.,-2.22044604925E-16));
#7009 = ORIENTED_EDGE('',*,*,#4835,.F.);
#7010 = PLANE('',#7011);
#7011 = AXIS2_PLACEMENT_3D('',#7012,#7013,#7014);
#7012 = CARTESIAN_POINT('',(0.875,-2.47,1.945));
#7013 = DIRECTION('',(0.,2.22044604925E-16,1.));
#7014 = DIRECTION('',(-1.,0.,0.));
#7015 = ADVANCED_FACE('',(#7016),#7034,.F.);
#7016 = FACE_BOUND('',#7017,.F.);
#7017 = EDGE_LOOP('',(#7018,#7026,#7032,#7033));
#7018 = ORIENTED_EDGE('',*,*,#7019,.T.);
#7019 = EDGE_CURVE('',#4732,#7020,#7022,.T.);
#7020 = VERTEX_POINT('',#7021);
#7021 = CARTESIAN_POINT('',(-0.875,0.13,1.945));
#7022 = LINE('',#7023,#7024);
#7023 = CARTESIAN_POINT('',(-0.875,-2.47,1.945));
#7024 = VECTOR('',#7025,1.);
#7025 = DIRECTION('',(-0.,1.,-2.22044604925E-16));
#7026 = ORIENTED_EDGE('',*,*,#7027,.T.);
#7027 = EDGE_CURVE('',#7020,#6964,#7028,.T.);
#7028 = LINE('',#7029,#7030);
#7029 = CARTESIAN_POINT('',(-0.875,0.13,1.945));
#7030 = VECTOR('',#7031,1.);
#7031 = DIRECTION('',(0.,2.22044604925E-16,1.));
#7032 = ORIENTED_EDGE('',*,*,#6963,.F.);
#7033 = ORIENTED_EDGE('',*,*,#4731,.F.);
#7034 = PLANE('',#7035);
#7035 = AXIS2_PLACEMENT_3D('',#7036,#7037,#7038);
#7036 = CARTESIAN_POINT('',(-0.875,-2.47,1.945));
#7037 = DIRECTION('',(1.,0.,0.));
#7038 = DIRECTION('',(-0.,2.22044604925E-16,1.));
#7039 = ADVANCED_FACE('',(#7040),#7074,.F.);
#7040 = FACE_BOUND('',#7041,.F.);
#7041 = EDGE_LOOP('',(#7042,#7043,#7044,#7052,#7060,#7068));
#7042 = ORIENTED_EDGE('',*,*,#4827,.F.);
#7043 = ORIENTED_EDGE('',*,*,#7004,.T.);
#7044 = ORIENTED_EDGE('',*,*,#7045,.F.);
#7045 = EDGE_CURVE('',#7046,#6997,#7048,.T.);
#7046 = VERTEX_POINT('',#7047);
#7047 = CARTESIAN_POINT('',(0.725,-2.2446,2.0696));
#7048 = LINE('',#7049,#7050);
#7049 = CARTESIAN_POINT('',(0.725,-2.2446,2.0696));
#7050 = VECTOR('',#7051,1.);
#7051 = DIRECTION('',(0.,0.707106781187,-0.707106781187));
#7052 = ORIENTED_EDGE('',*,*,#7053,.F.);
#7053 = EDGE_CURVE('',#7054,#7046,#7056,.T.);
#7054 = VERTEX_POINT('',#7055);
#7055 = CARTESIAN_POINT('',(0.725,0.13,2.0696));
#7056 = LINE('',#7057,#7058);
#7057 = CARTESIAN_POINT('',(0.725,1.1054,2.0696));
#7058 = VECTOR('',#7059,1.);
#7059 = DIRECTION('',(0.,-1.,0.));
#7060 = ORIENTED_EDGE('',*,*,#7061,.T.);
#7061 = EDGE_CURVE('',#7054,#7062,#7064,.T.);
#7062 = VERTEX_POINT('',#7063);
#7063 = CARTESIAN_POINT('',(0.725,0.13,2.145));
#7064 = LINE('',#7065,#7066);
#7065 = CARTESIAN_POINT('',(0.725,0.13,1.945));
#7066 = VECTOR('',#7067,1.);
#7067 = DIRECTION('',(0.,2.22044604925E-16,1.));
#7068 = ORIENTED_EDGE('',*,*,#7069,.F.);
#7069 = EDGE_CURVE('',#4820,#7062,#7070,.T.);
#7070 = LINE('',#7071,#7072);
#7071 = CARTESIAN_POINT('',(0.725,-2.47,2.145));
#7072 = VECTOR('',#7073,1.);
#7073 = DIRECTION('',(-0.,1.,-2.22044604925E-16));
#7074 = PLANE('',#7075);
#7075 = AXIS2_PLACEMENT_3D('',#7076,#7077,#7078);
#7076 = CARTESIAN_POINT('',(0.725,-2.47,1.945));
#7077 = DIRECTION('',(1.,0.,0.));
#7078 = DIRECTION('',(-0.,2.22044604925E-16,1.));
#7079 = ADVANCED_FACE('',(#7080),#7106,.F.);
#7080 = FACE_BOUND('',#7081,.F.);
#7081 = EDGE_LOOP('',(#7082,#7090,#7098,#7104,#7105));
#7082 = ORIENTED_EDGE('',*,*,#7083,.T.);
#7083 = EDGE_CURVE('',#4740,#7084,#7086,.T.);
#7084 = VERTEX_POINT('',#7085);
#7085 = CARTESIAN_POINT('',(-0.725,-2.12,1.945));
#7086 = LINE('',#7087,#7088);
#7087 = CARTESIAN_POINT('',(-0.725,-2.47,1.945));
#7088 = VECTOR('',#7089,1.);
#7089 = DIRECTION('',(-0.,1.,-2.22044604925E-16));
#7090 = ORIENTED_EDGE('',*,*,#7091,.T.);
#7091 = EDGE_CURVE('',#7084,#7092,#7094,.T.);
#7092 = VERTEX_POINT('',#7093);
#7093 = CARTESIAN_POINT('',(-0.725,0.13,1.945));
#7094 = LINE('',#7095,#7096);
#7095 = CARTESIAN_POINT('',(-0.725,-2.47,1.945));
#7096 = VECTOR('',#7097,1.);
#7097 = DIRECTION('',(-0.,1.,-2.22044604925E-16));
#7098 = ORIENTED_EDGE('',*,*,#7099,.T.);
#7099 = EDGE_CURVE('',#7092,#7020,#7100,.T.);
#7100 = LINE('',#7101,#7102);
#7101 = CARTESIAN_POINT('',(-0.725,0.13,1.945));
#7102 = VECTOR('',#7103,1.);
#7103 = DIRECTION('',(-1.,0.,0.));
#7104 = ORIENTED_EDGE('',*,*,#7019,.F.);
#7105 = ORIENTED_EDGE('',*,*,#4739,.F.);
#7106 = PLANE('',#7107);
#7107 = AXIS2_PLACEMENT_3D('',#7108,#7109,#7110);
#7108 = CARTESIAN_POINT('',(-0.725,-2.47,1.945));
#7109 = DIRECTION('',(0.,2.22044604925E-16,1.));
#7110 = DIRECTION('',(-1.,0.,0.));
#7111 = ADVANCED_FACE('',(#7112),#7130,.F.);
#7112 = FACE_BOUND('',#7113,.F.);
#7113 = EDGE_LOOP('',(#7114,#7115,#7123,#7129));
#7114 = ORIENTED_EDGE('',*,*,#7069,.T.);
#7115 = ORIENTED_EDGE('',*,*,#7116,.T.);
#7116 = EDGE_CURVE('',#7062,#7117,#7119,.T.);
#7117 = VERTEX_POINT('',#7118);
#7118 = CARTESIAN_POINT('',(0.525,0.13,2.145));
#7119 = LINE('',#7120,#7121);
#7120 = CARTESIAN_POINT('',(0.725,0.13,2.145));
#7121 = VECTOR('',#7122,1.);
#7122 = DIRECTION('',(-1.,0.,0.));
#7123 = ORIENTED_EDGE('',*,*,#7124,.F.);
#7124 = EDGE_CURVE('',#4812,#7117,#7125,.T.);
#7125 = LINE('',#7126,#7127);
#7126 = CARTESIAN_POINT('',(0.525,-2.47,2.145));
#7127 = VECTOR('',#7128,1.);
#7128 = DIRECTION('',(-0.,1.,-2.22044604925E-16));
#7129 = ORIENTED_EDGE('',*,*,#4819,.F.);
#7130 = PLANE('',#7131);
#7131 = AXIS2_PLACEMENT_3D('',#7132,#7133,#7134);
#7132 = CARTESIAN_POINT('',(0.725,-2.47,2.145));
#7133 = DIRECTION('',(0.,2.22044604925E-16,1.));
#7134 = DIRECTION('',(-1.,0.,0.));
#7135 = ADVANCED_FACE('',(#7136),#7170,.F.);
#7136 = FACE_BOUND('',#7137,.F.);
#7137 = EDGE_LOOP('',(#7138,#7139,#7147,#7155,#7163,#7169));
#7138 = ORIENTED_EDGE('',*,*,#4747,.F.);
#7139 = ORIENTED_EDGE('',*,*,#7140,.T.);
#7140 = EDGE_CURVE('',#4748,#7141,#7143,.T.);
#7141 = VERTEX_POINT('',#7142);
#7142 = CARTESIAN_POINT('',(-0.725,0.13,2.145));
#7143 = LINE('',#7144,#7145);
#7144 = CARTESIAN_POINT('',(-0.725,-2.47,2.145));
#7145 = VECTOR('',#7146,1.);
#7146 = DIRECTION('',(-0.,1.,-2.22044604925E-16));
#7147 = ORIENTED_EDGE('',*,*,#7148,.T.);
#7148 = EDGE_CURVE('',#7141,#7149,#7151,.T.);
#7149 = VERTEX_POINT('',#7150);
#7150 = CARTESIAN_POINT('',(-0.725,0.13,2.0696));
#7151 = LINE('',#7152,#7153);
#7152 = CARTESIAN_POINT('',(-0.725,0.13,2.145));
#7153 = VECTOR('',#7154,1.);
#7154 = DIRECTION('',(0.,-2.22044604925E-16,-1.));
#7155 = ORIENTED_EDGE('',*,*,#7156,.T.);
#7156 = EDGE_CURVE('',#7149,#7157,#7159,.T.);
#7157 = VERTEX_POINT('',#7158);
#7158 = CARTESIAN_POINT('',(-0.725,-2.2446,2.0696));
#7159 = LINE('',#7160,#7161);
#7160 = CARTESIAN_POINT('',(-0.725,1.1054,2.0696));
#7161 = VECTOR('',#7162,1.);
#7162 = DIRECTION('',(0.,-1.,0.));
#7163 = ORIENTED_EDGE('',*,*,#7164,.T.);
#7164 = EDGE_CURVE('',#7157,#7084,#7165,.T.);
#7165 = LINE('',#7166,#7167);
#7166 = CARTESIAN_POINT('',(-0.725,-2.2446,2.0696));
#7167 = VECTOR('',#7168,1.);
#7168 = DIRECTION('',(0.,0.707106781187,-0.707106781187));
#7169 = ORIENTED_EDGE('',*,*,#7083,.F.);
#7170 = PLANE('',#7171);
#7171 = AXIS2_PLACEMENT_3D('',#7172,#7173,#7174);
#7172 = CARTESIAN_POINT('',(-0.725,-2.47,2.145));
#7173 = DIRECTION('',(-1.,0.,0.));
#7174 = DIRECTION('',(-0.,-2.22044604925E-16,-1.));
#7175 = ADVANCED_FACE('',(#7176),#7210,.F.);
#7176 = FACE_BOUND('',#7177,.F.);
#7177 = EDGE_LOOP('',(#7178,#7179,#7180,#7188,#7196,#7204));
#7178 = ORIENTED_EDGE('',*,*,#4811,.F.);
#7179 = ORIENTED_EDGE('',*,*,#7124,.T.);
#7180 = ORIENTED_EDGE('',*,*,#7181,.T.);
#7181 = EDGE_CURVE('',#7117,#7182,#7184,.T.);
#7182 = VERTEX_POINT('',#7183);
#7183 = CARTESIAN_POINT('',(0.525,0.13,2.0696));
#7184 = LINE('',#7185,#7186);
#7185 = CARTESIAN_POINT('',(0.525,0.13,2.145));
#7186 = VECTOR('',#7187,1.);
#7187 = DIRECTION('',(0.,-2.22044604925E-16,-1.));
#7188 = ORIENTED_EDGE('',*,*,#7189,.T.);
#7189 = EDGE_CURVE('',#7182,#7190,#7192,.T.);
#7190 = VERTEX_POINT('',#7191);
#7191 = CARTESIAN_POINT('',(0.525,-2.2446,2.0696));
#7192 = LINE('',#7193,#7194);
#7193 = CARTESIAN_POINT('',(0.525,1.1054,2.0696));
#7194 = VECTOR('',#7195,1.);
#7195 = DIRECTION('',(0.,-1.,0.));
#7196 = ORIENTED_EDGE('',*,*,#7197,.T.);
#7197 = EDGE_CURVE('',#7190,#7198,#7200,.T.);
#7198 = VERTEX_POINT('',#7199);
#7199 = CARTESIAN_POINT('',(0.525,-2.12,1.945));
#7200 = LINE('',#7201,#7202);
#7201 = CARTESIAN_POINT('',(0.525,-2.2446,2.0696));
#7202 = VECTOR('',#7203,1.);
#7203 = DIRECTION('',(0.,0.707106781187,-0.707106781187));
#7204 = ORIENTED_EDGE('',*,*,#7205,.F.);
#7205 = EDGE_CURVE('',#4804,#7198,#7206,.T.);
#7206 = LINE('',#7207,#7208);
#7207 = CARTESIAN_POINT('',(0.525,-2.47,1.945));
#7208 = VECTOR('',#7209,1.);
#7209 = DIRECTION('',(-0.,1.,-2.22044604925E-16));
#7210 = PLANE('',#7211);
#7211 = AXIS2_PLACEMENT_3D('',#7212,#7213,#7214);
#7212 = CARTESIAN_POINT('',(0.525,-2.47,2.145));
#7213 = DIRECTION('',(-1.,0.,0.));
#7214 = DIRECTION('',(-0.,-2.22044604925E-16,-1.));
#7215 = ADVANCED_FACE('',(#7216),#7234,.F.);
#7216 = FACE_BOUND('',#7217,.F.);
#7217 = EDGE_LOOP('',(#7218,#7226,#7232,#7233));
#7218 = ORIENTED_EDGE('',*,*,#7219,.T.);
#7219 = EDGE_CURVE('',#4756,#7220,#7222,.T.);
#7220 = VERTEX_POINT('',#7221);
#7221 = CARTESIAN_POINT('',(-0.525,0.13,2.145));
#7222 = LINE('',#7223,#7224);
#7223 = CARTESIAN_POINT('',(-0.525,-2.47,2.145));
#7224 = VECTOR('',#7225,1.);
#7225 = DIRECTION('',(-0.,1.,-2.22044604925E-16));
#7226 = ORIENTED_EDGE('',*,*,#7227,.T.);
#7227 = EDGE_CURVE('',#7220,#7141,#7228,.T.);
#7228 = LINE('',#7229,#7230);
#7229 = CARTESIAN_POINT('',(-0.525,0.13,2.145));
#7230 = VECTOR('',#7231,1.);
#7231 = DIRECTION('',(-1.,0.,0.));
#7232 = ORIENTED_EDGE('',*,*,#7140,.F.);
#7233 = ORIENTED_EDGE('',*,*,#4755,.F.);
#7234 = PLANE('',#7235);
#7235 = AXIS2_PLACEMENT_3D('',#7236,#7237,#7238);
#7236 = CARTESIAN_POINT('',(-0.525,-2.47,2.145));
#7237 = DIRECTION('',(0.,2.22044604925E-16,1.));
#7238 = DIRECTION('',(-1.,0.,0.));
#7239 = ADVANCED_FACE('',(#7240),#7266,.F.);
#7240 = FACE_BOUND('',#7241,.F.);
#7241 = EDGE_LOOP('',(#7242,#7243,#7251,#7259,#7265));
#7242 = ORIENTED_EDGE('',*,*,#7205,.T.);
#7243 = ORIENTED_EDGE('',*,*,#7244,.T.);
#7244 = EDGE_CURVE('',#7198,#7245,#7247,.T.);
#7245 = VERTEX_POINT('',#7246);
#7246 = CARTESIAN_POINT('',(0.525,0.13,1.945));
#7247 = LINE('',#7248,#7249);
#7248 = CARTESIAN_POINT('',(0.525,-2.47,1.945));
#7249 = VECTOR('',#7250,1.);
#7250 = DIRECTION('',(-0.,1.,-2.22044604925E-16));
#7251 = ORIENTED_EDGE('',*,*,#7252,.T.);
#7252 = EDGE_CURVE('',#7245,#7253,#7255,.T.);
#7253 = VERTEX_POINT('',#7254);
#7254 = CARTESIAN_POINT('',(0.375,0.13,1.945));
#7255 = LINE('',#7256,#7257);
#7256 = CARTESIAN_POINT('',(0.525,0.13,1.945));
#7257 = VECTOR('',#7258,1.);
#7258 = DIRECTION('',(-1.,0.,0.));
#7259 = ORIENTED_EDGE('',*,*,#7260,.F.);
#7260 = EDGE_CURVE('',#4796,#7253,#7261,.T.);
#7261 = LINE('',#7262,#7263);
#7262 = CARTESIAN_POINT('',(0.375,-2.47,1.945));
#7263 = VECTOR('',#7264,1.);
#7264 = DIRECTION('',(-0.,1.,-2.22044604925E-16));
#7265 = ORIENTED_EDGE('',*,*,#4803,.F.);
#7266 = PLANE('',#7267);
#7267 = AXIS2_PLACEMENT_3D('',#7268,#7269,#7270);
#7268 = CARTESIAN_POINT('',(0.525,-2.47,1.945));
#7269 = DIRECTION('',(0.,2.22044604925E-16,1.));
#7270 = DIRECTION('',(-1.,0.,0.));
#7271 = ADVANCED_FACE('',(#7272),#7306,.F.);
#7272 = FACE_BOUND('',#7273,.F.);
#7273 = EDGE_LOOP('',(#7274,#7275,#7283,#7291,#7299,#7305));
#7274 = ORIENTED_EDGE('',*,*,#4763,.F.);
#7275 = ORIENTED_EDGE('',*,*,#7276,.T.);
#7276 = EDGE_CURVE('',#4764,#7277,#7279,.T.);
#7277 = VERTEX_POINT('',#7278);
#7278 = CARTESIAN_POINT('',(-0.525,-2.12,1.945));
#7279 = LINE('',#7280,#7281);
#7280 = CARTESIAN_POINT('',(-0.525,-2.47,1.945));
#7281 = VECTOR('',#7282,1.);
#7282 = DIRECTION('',(-0.,1.,-2.22044604925E-16));
#7283 = ORIENTED_EDGE('',*,*,#7284,.F.);
#7284 = EDGE_CURVE('',#7285,#7277,#7287,.T.);
#7285 = VERTEX_POINT('',#7286);
#7286 = CARTESIAN_POINT('',(-0.525,-2.2446,2.0696));
#7287 = LINE('',#7288,#7289);
#7288 = CARTESIAN_POINT('',(-0.525,-2.2446,2.0696));
#7289 = VECTOR('',#7290,1.);
#7290 = DIRECTION('',(0.,0.707106781187,-0.707106781187));
#7291 = ORIENTED_EDGE('',*,*,#7292,.F.);
#7292 = EDGE_CURVE('',#7293,#7285,#7295,.T.);
#7293 = VERTEX_POINT('',#7294);
#7294 = CARTESIAN_POINT('',(-0.525,0.13,2.0696));
#7295 = LINE('',#7296,#7297);
#7296 = CARTESIAN_POINT('',(-0.525,1.1054,2.0696));
#7297 = VECTOR('',#7298,1.);
#7298 = DIRECTION('',(0.,-1.,0.));
#7299 = ORIENTED_EDGE('',*,*,#7300,.T.);
#7300 = EDGE_CURVE('',#7293,#7220,#7301,.T.);
#7301 = LINE('',#7302,#7303);
#7302 = CARTESIAN_POINT('',(-0.525,0.13,1.945));
#7303 = VECTOR('',#7304,1.);
#7304 = DIRECTION('',(0.,2.22044604925E-16,1.));
#7305 = ORIENTED_EDGE('',*,*,#7219,.F.);
#7306 = PLANE('',#7307);
#7307 = AXIS2_PLACEMENT_3D('',#7308,#7309,#7310);
#7308 = CARTESIAN_POINT('',(-0.525,-2.47,1.945));
#7309 = DIRECTION('',(1.,0.,0.));
#7310 = DIRECTION('',(-0.,2.22044604925E-16,1.));
#7311 = ADVANCED_FACE('',(#7312),#7330,.F.);
#7312 = FACE_BOUND('',#7313,.F.);
#7313 = EDGE_LOOP('',(#7314,#7315,#7323,#7329));
#7314 = ORIENTED_EDGE('',*,*,#7260,.T.);
#7315 = ORIENTED_EDGE('',*,*,#7316,.T.);
#7316 = EDGE_CURVE('',#7253,#7317,#7319,.T.);
#7317 = VERTEX_POINT('',#7318);
#7318 = CARTESIAN_POINT('',(0.375,0.13,2.145));
#7319 = LINE('',#7320,#7321);
#7320 = CARTESIAN_POINT('',(0.375,0.13,1.945));
#7321 = VECTOR('',#7322,1.);
#7322 = DIRECTION('',(0.,2.22044604925E-16,1.));
#7323 = ORIENTED_EDGE('',*,*,#7324,.F.);
#7324 = EDGE_CURVE('',#4788,#7317,#7325,.T.);
#7325 = LINE('',#7326,#7327);
#7326 = CARTESIAN_POINT('',(0.375,-2.47,2.145));
#7327 = VECTOR('',#7328,1.);
#7328 = DIRECTION('',(-0.,1.,-2.22044604925E-16));
#7329 = ORIENTED_EDGE('',*,*,#4795,.F.);
#7330 = PLANE('',#7331);
#7331 = AXIS2_PLACEMENT_3D('',#7332,#7333,#7334);
#7332 = CARTESIAN_POINT('',(0.375,-2.47,1.945));
#7333 = DIRECTION('',(1.,0.,0.));
#7334 = DIRECTION('',(-0.,2.22044604925E-16,1.));
#7335 = ADVANCED_FACE('',(#7336),#7362,.F.);
#7336 = FACE_BOUND('',#7337,.F.);
#7337 = EDGE_LOOP('',(#7338,#7346,#7354,#7360,#7361));
#7338 = ORIENTED_EDGE('',*,*,#7339,.T.);
#7339 = EDGE_CURVE('',#4772,#7340,#7342,.T.);
#7340 = VERTEX_POINT('',#7341);
#7341 = CARTESIAN_POINT('',(-0.375,0.13,1.945));
#7342 = LINE('',#7343,#7344);
#7343 = CARTESIAN_POINT('',(-0.375,-2.47,1.945));
#7344 = VECTOR('',#7345,1.);
#7345 = DIRECTION('',(-0.,1.,-2.22044604925E-16));
#7346 = ORIENTED_EDGE('',*,*,#7347,.T.);
#7347 = EDGE_CURVE('',#7340,#7348,#7350,.T.);
#7348 = VERTEX_POINT('',#7349);
#7349 = CARTESIAN_POINT('',(-0.525,0.13,1.945));
#7350 = LINE('',#7351,#7352);
#7351 = CARTESIAN_POINT('',(-0.375,0.13,1.945));
#7352 = VECTOR('',#7353,1.);
#7353 = DIRECTION('',(-1.,0.,0.));
#7354 = ORIENTED_EDGE('',*,*,#7355,.F.);
#7355 = EDGE_CURVE('',#7277,#7348,#7356,.T.);
#7356 = LINE('',#7357,#7358);
#7357 = CARTESIAN_POINT('',(-0.525,-2.47,1.945));
#7358 = VECTOR('',#7359,1.);
#7359 = DIRECTION('',(-0.,1.,-2.22044604925E-16));
#7360 = ORIENTED_EDGE('',*,*,#7276,.F.);
#7361 = ORIENTED_EDGE('',*,*,#4771,.F.);
#7362 = PLANE('',#7363);
#7363 = AXIS2_PLACEMENT_3D('',#7364,#7365,#7366);
#7364 = CARTESIAN_POINT('',(-0.375,-2.47,1.945));
#7365 = DIRECTION('',(0.,2.22044604925E-16,1.));
#7366 = DIRECTION('',(-1.,0.,0.));
#7367 = ADVANCED_FACE('',(#7368),#7386,.F.);
#7368 = FACE_BOUND('',#7369,.F.);
#7369 = EDGE_LOOP('',(#7370,#7371,#7379,#7385));
#7370 = ORIENTED_EDGE('',*,*,#7324,.T.);
#7371 = ORIENTED_EDGE('',*,*,#7372,.T.);
#7372 = EDGE_CURVE('',#7317,#7373,#7375,.T.);
#7373 = VERTEX_POINT('',#7374);
#7374 = CARTESIAN_POINT('',(-0.375,0.13,2.145));
#7375 = LINE('',#7376,#7377);
#7376 = CARTESIAN_POINT('',(0.375,0.13,2.145));
#7377 = VECTOR('',#7378,1.);
#7378 = DIRECTION('',(-1.,0.,0.));
#7379 = ORIENTED_EDGE('',*,*,#7380,.F.);
#7380 = EDGE_CURVE('',#4780,#7373,#7381,.T.);
#7381 = LINE('',#7382,#7383);
#7382 = CARTESIAN_POINT('',(-0.375,-2.47,2.145));
#7383 = VECTOR('',#7384,1.);
#7384 = DIRECTION('',(-0.,1.,-2.22044604925E-16));
#7385 = ORIENTED_EDGE('',*,*,#4787,.F.);
#7386 = PLANE('',#7387);
#7387 = AXIS2_PLACEMENT_3D('',#7388,#7389,#7390);
#7388 = CARTESIAN_POINT('',(0.375,-2.47,2.145));
#7389 = DIRECTION('',(0.,2.22044604925E-16,1.));
#7390 = DIRECTION('',(-1.,0.,0.));
#7391 = ADVANCED_FACE('',(#7392),#7403,.F.);
#7392 = FACE_BOUND('',#7393,.F.);
#7393 = EDGE_LOOP('',(#7394,#7395,#7401,#7402));
#7394 = ORIENTED_EDGE('',*,*,#7380,.T.);
#7395 = ORIENTED_EDGE('',*,*,#7396,.T.);
#7396 = EDGE_CURVE('',#7373,#7340,#7397,.T.);
#7397 = LINE('',#7398,#7399);
#7398 = CARTESIAN_POINT('',(-0.375,0.13,2.145));
#7399 = VECTOR('',#7400,1.);
#7400 = DIRECTION('',(0.,-2.22044604925E-16,-1.));
#7401 = ORIENTED_EDGE('',*,*,#7339,.F.);
#7402 = ORIENTED_EDGE('',*,*,#4779,.F.);
#7403 = PLANE('',#7404);
#7404 = AXIS2_PLACEMENT_3D('',#7405,#7406,#7407);
#7405 = CARTESIAN_POINT('',(-0.375,-2.47,2.145));
#7406 = DIRECTION('',(-1.,0.,0.));
#7407 = DIRECTION('',(-0.,-2.22044604925E-16,-1.));
#7408 = ADVANCED_FACE('',(#7409),#7434,.T.);
#7409 = FACE_BOUND('',#7410,.T.);
#7410 = EDGE_LOOP('',(#7411,#7419,#7427,#7433));
#7411 = ORIENTED_EDGE('',*,*,#7412,.F.);
#7412 = EDGE_CURVE('',#7413,#4940,#7415,.T.);
#7413 = VERTEX_POINT('',#7414);
#7414 = CARTESIAN_POINT('',(-3.775,-1.47,3.295));
#7415 = LINE('',#7416,#7417);
#7416 = CARTESIAN_POINT('',(-3.775,-1.47,3.295));
#7417 = VECTOR('',#7418,1.);
#7418 = DIRECTION('',(0.,-1.,2.22044604925E-16));
#7419 = ORIENTED_EDGE('',*,*,#7420,.T.);
#7420 = EDGE_CURVE('',#7413,#7421,#7423,.T.);
#7421 = VERTEX_POINT('',#7422);
#7422 = CARTESIAN_POINT('',(-3.775,-1.47,3.895));
#7423 = LINE('',#7424,#7425);
#7424 = CARTESIAN_POINT('',(-3.775,-1.47,3.295));
#7425 = VECTOR('',#7426,1.);
#7426 = DIRECTION('',(0.,2.22044604925E-16,1.));
#7427 = ORIENTED_EDGE('',*,*,#7428,.T.);
#7428 = EDGE_CURVE('',#7421,#4942,#7429,.T.);
#7429 = LINE('',#7430,#7431);
#7430 = CARTESIAN_POINT('',(-3.775,-1.47,3.895));
#7431 = VECTOR('',#7432,1.);
#7432 = DIRECTION('',(0.,-1.,2.22044604925E-16));
#7433 = ORIENTED_EDGE('',*,*,#4939,.F.);
#7434 = PLANE('',#7435);
#7435 = AXIS2_PLACEMENT_3D('',#7436,#7437,#7438);
#7436 = CARTESIAN_POINT('',(-3.775,-1.47,3.295));
#7437 = DIRECTION('',(1.,0.,0.));
#7438 = DIRECTION('',(0.,-1.,2.22044604925E-16));
#7439 = ADVANCED_FACE('',(#7440),#7458,.F.);
#7440 = FACE_BOUND('',#7441,.F.);
#7441 = EDGE_LOOP('',(#7442,#7450,#7451,#7452));
#7442 = ORIENTED_EDGE('',*,*,#7443,.F.);
#7443 = EDGE_CURVE('',#7421,#7444,#7446,.T.);
#7444 = VERTEX_POINT('',#7445);
#7445 = CARTESIAN_POINT('',(-2.675,-1.47,3.895));
#7446 = LINE('',#7447,#7448);
#7447 = CARTESIAN_POINT('',(-3.775,-1.47,3.895));
#7448 = VECTOR('',#7449,1.);
#7449 = DIRECTION('',(1.,0.,0.));
#7450 = ORIENTED_EDGE('',*,*,#7428,.T.);
#7451 = ORIENTED_EDGE('',*,*,#4949,.T.);
#7452 = ORIENTED_EDGE('',*,*,#7453,.F.);
#7453 = EDGE_CURVE('',#7444,#4950,#7454,.T.);
#7454 = LINE('',#7455,#7456);
#7455 = CARTESIAN_POINT('',(-2.675,-1.47,3.895));
#7456 = VECTOR('',#7457,1.);
#7457 = DIRECTION('',(0.,-1.,2.22044604925E-16));
#7458 = PLANE('',#7459);
#7459 = AXIS2_PLACEMENT_3D('',#7460,#7461,#7462);
#7460 = CARTESIAN_POINT('',(-3.775,-1.47,3.895));
#7461 = DIRECTION('',(0.,2.22044604925E-16,1.));
#7462 = DIRECTION('',(0.,-1.,2.22044604925E-16));
#7463 = ADVANCED_FACE('',(#7464),#7482,.T.);
#7464 = FACE_BOUND('',#7465,.T.);
#7465 = EDGE_LOOP('',(#7466,#7474,#7475,#7476));
#7466 = ORIENTED_EDGE('',*,*,#7467,.F.);
#7467 = EDGE_CURVE('',#7413,#7468,#7470,.T.);
#7468 = VERTEX_POINT('',#7469);
#7469 = CARTESIAN_POINT('',(-2.675,-1.47,3.295));
#7470 = LINE('',#7471,#7472);
#7471 = CARTESIAN_POINT('',(-3.775,-1.47,3.295));
#7472 = VECTOR('',#7473,1.);
#7473 = DIRECTION('',(1.,0.,0.));
#7474 = ORIENTED_EDGE('',*,*,#7412,.T.);
#7475 = ORIENTED_EDGE('',*,*,#4965,.T.);
#7476 = ORIENTED_EDGE('',*,*,#7477,.F.);
#7477 = EDGE_CURVE('',#7468,#4958,#7478,.T.);
#7478 = LINE('',#7479,#7480);
#7479 = CARTESIAN_POINT('',(-2.675,-1.47,3.295));
#7480 = VECTOR('',#7481,1.);
#7481 = DIRECTION('',(0.,-1.,2.22044604925E-16));
#7482 = PLANE('',#7483);
#7483 = AXIS2_PLACEMENT_3D('',#7484,#7485,#7486);
#7484 = CARTESIAN_POINT('',(-3.775,-1.47,3.295));
#7485 = DIRECTION('',(0.,2.22044604925E-16,1.));
#7486 = DIRECTION('',(0.,-1.,2.22044604925E-16));
#7487 = ADVANCED_FACE('',(#7488),#7499,.F.);
#7488 = FACE_BOUND('',#7489,.F.);
#7489 = EDGE_LOOP('',(#7490,#7491,#7497,#7498));
#7490 = ORIENTED_EDGE('',*,*,#7477,.F.);
#7491 = ORIENTED_EDGE('',*,*,#7492,.T.);
#7492 = EDGE_CURVE('',#7468,#7444,#7493,.T.);
#7493 = LINE('',#7494,#7495);
#7494 = CARTESIAN_POINT('',(-2.675,-1.47,3.295));
#7495 = VECTOR('',#7496,1.);
#7496 = DIRECTION('',(0.,2.22044604925E-16,1.));
#7497 = ORIENTED_EDGE('',*,*,#7453,.T.);
#7498 = ORIENTED_EDGE('',*,*,#4957,.F.);
#7499 = PLANE('',#7500);
#7500 = AXIS2_PLACEMENT_3D('',#7501,#7502,#7503);
#7501 = CARTESIAN_POINT('',(-2.675,-1.47,3.295));
#7502 = DIRECTION('',(1.,0.,0.));
#7503 = DIRECTION('',(0.,-1.,2.22044604925E-16));
#7504 = ADVANCED_FACE('',(#7505),#7530,.T.);
#7505 = FACE_BOUND('',#7506,.T.);
#7506 = EDGE_LOOP('',(#7507,#7515,#7523,#7529));
#7507 = ORIENTED_EDGE('',*,*,#7508,.F.);
#7508 = EDGE_CURVE('',#7509,#4974,#7511,.T.);
#7509 = VERTEX_POINT('',#7510);
#7510 = CARTESIAN_POINT('',(2.675,-1.47,3.295));
#7511 = LINE('',#7512,#7513);
#7512 = CARTESIAN_POINT('',(2.675,-1.47,3.295));
#7513 = VECTOR('',#7514,1.);
#7514 = DIRECTION('',(0.,-1.,2.22044604925E-16));
#7515 = ORIENTED_EDGE('',*,*,#7516,.T.);
#7516 = EDGE_CURVE('',#7509,#7517,#7519,.T.);
#7517 = VERTEX_POINT('',#7518);
#7518 = CARTESIAN_POINT('',(2.675,-1.47,3.895));
#7519 = LINE('',#7520,#7521);
#7520 = CARTESIAN_POINT('',(2.675,-1.47,3.295));
#7521 = VECTOR('',#7522,1.);
#7522 = DIRECTION('',(0.,2.22044604925E-16,1.));
#7523 = ORIENTED_EDGE('',*,*,#7524,.T.);
#7524 = EDGE_CURVE('',#7517,#4976,#7525,.T.);
#7525 = LINE('',#7526,#7527);
#7526 = CARTESIAN_POINT('',(2.675,-1.47,3.895));
#7527 = VECTOR('',#7528,1.);
#7528 = DIRECTION('',(0.,-1.,2.22044604925E-16));
#7529 = ORIENTED_EDGE('',*,*,#4973,.F.);
#7530 = PLANE('',#7531);
#7531 = AXIS2_PLACEMENT_3D('',#7532,#7533,#7534);
#7532 = CARTESIAN_POINT('',(2.675,-1.47,3.295));
#7533 = DIRECTION('',(1.,0.,0.));
#7534 = DIRECTION('',(0.,-1.,2.22044604925E-16));
#7535 = ADVANCED_FACE('',(#7536),#7554,.F.);
#7536 = FACE_BOUND('',#7537,.F.);
#7537 = EDGE_LOOP('',(#7538,#7546,#7547,#7548));
#7538 = ORIENTED_EDGE('',*,*,#7539,.F.);
#7539 = EDGE_CURVE('',#7517,#7540,#7542,.T.);
#7540 = VERTEX_POINT('',#7541);
#7541 = CARTESIAN_POINT('',(3.775,-1.47,3.895));
#7542 = LINE('',#7543,#7544);
#7543 = CARTESIAN_POINT('',(2.675,-1.47,3.895));
#7544 = VECTOR('',#7545,1.);
#7545 = DIRECTION('',(1.,0.,0.));
#7546 = ORIENTED_EDGE('',*,*,#7524,.T.);
#7547 = ORIENTED_EDGE('',*,*,#4983,.T.);
#7548 = ORIENTED_EDGE('',*,*,#7549,.F.);
#7549 = EDGE_CURVE('',#7540,#4984,#7550,.T.);
#7550 = LINE('',#7551,#7552);
#7551 = CARTESIAN_POINT('',(3.775,-1.47,3.895));
#7552 = VECTOR('',#7553,1.);
#7553 = DIRECTION('',(0.,-1.,2.22044604925E-16));
#7554 = PLANE('',#7555);
#7555 = AXIS2_PLACEMENT_3D('',#7556,#7557,#7558);
#7556 = CARTESIAN_POINT('',(2.675,-1.47,3.895));
#7557 = DIRECTION('',(0.,2.22044604925E-16,1.));
#7558 = DIRECTION('',(0.,-1.,2.22044604925E-16));
#7559 = ADVANCED_FACE('',(#7560),#7578,.T.);
#7560 = FACE_BOUND('',#7561,.T.);
#7561 = EDGE_LOOP('',(#7562,#7570,#7571,#7572));
#7562 = ORIENTED_EDGE('',*,*,#7563,.F.);
#7563 = EDGE_CURVE('',#7509,#7564,#7566,.T.);
#7564 = VERTEX_POINT('',#7565);
#7565 = CARTESIAN_POINT('',(3.775,-1.47,3.295));
#7566 = LINE('',#7567,#7568);
#7567 = CARTESIAN_POINT('',(2.675,-1.47,3.295));
#7568 = VECTOR('',#7569,1.);
#7569 = DIRECTION('',(1.,0.,0.));
#7570 = ORIENTED_EDGE('',*,*,#7508,.T.);
#7571 = ORIENTED_EDGE('',*,*,#4999,.T.);
#7572 = ORIENTED_EDGE('',*,*,#7573,.F.);
#7573 = EDGE_CURVE('',#7564,#4992,#7574,.T.);
#7574 = LINE('',#7575,#7576);
#7575 = CARTESIAN_POINT('',(3.775,-1.47,3.295));
#7576 = VECTOR('',#7577,1.);
#7577 = DIRECTION('',(0.,-1.,2.22044604925E-16));
#7578 = PLANE('',#7579);
#7579 = AXIS2_PLACEMENT_3D('',#7580,#7581,#7582);
#7580 = CARTESIAN_POINT('',(2.675,-1.47,3.295));
#7581 = DIRECTION('',(0.,2.22044604925E-16,1.));
#7582 = DIRECTION('',(0.,-1.,2.22044604925E-16));
#7583 = ADVANCED_FACE('',(#7584),#7595,.F.);
#7584 = FACE_BOUND('',#7585,.F.);
#7585 = EDGE_LOOP('',(#7586,#7587,#7593,#7594));
#7586 = ORIENTED_EDGE('',*,*,#7573,.F.);
#7587 = ORIENTED_EDGE('',*,*,#7588,.T.);
#7588 = EDGE_CURVE('',#7564,#7540,#7589,.T.);
#7589 = LINE('',#7590,#7591);
#7590 = CARTESIAN_POINT('',(3.775,-1.47,3.295));
#7591 = VECTOR('',#7592,1.);
#7592 = DIRECTION('',(0.,2.22044604925E-16,1.));
#7593 = ORIENTED_EDGE('',*,*,#7549,.T.);
#7594 = ORIENTED_EDGE('',*,*,#4991,.F.);
#7595 = PLANE('',#7596);
#7596 = AXIS2_PLACEMENT_3D('',#7597,#7598,#7599);
#7597 = CARTESIAN_POINT('',(3.775,-1.47,3.295));
#7598 = DIRECTION('',(1.,0.,0.));
#7599 = DIRECTION('',(0.,-1.,2.22044604925E-16));
#7600 = ADVANCED_FACE('',(#7601),#7635,.F.);
#7601 = FACE_BOUND('',#7602,.F.);
#7602 = EDGE_LOOP('',(#7603,#7604,#7612,#7620,#7628,#7634));
#7603 = ORIENTED_EDGE('',*,*,#5190,.T.);
#7604 = ORIENTED_EDGE('',*,*,#7605,.T.);
#7605 = EDGE_CURVE('',#5183,#7606,#7608,.T.);
#7606 = VERTEX_POINT('',#7607);
#7607 = CARTESIAN_POINT('',(3.625,0.98,1.995));
#7608 = LINE('',#7609,#7610);
#7609 = CARTESIAN_POINT('',(3.625,1.58,1.995));
#7610 = VECTOR('',#7611,1.);
#7611 = DIRECTION('',(0.,-1.,2.22044604925E-16));
#7612 = ORIENTED_EDGE('',*,*,#7613,.T.);
#7613 = EDGE_CURVE('',#7606,#7614,#7616,.T.);
#7614 = VERTEX_POINT('',#7615);
#7615 = CARTESIAN_POINT('',(3.625,0.98,3.595));
#7616 = LINE('',#7617,#7618);
#7617 = CARTESIAN_POINT('',(3.625,0.98,1.995));
#7618 = VECTOR('',#7619,1.);
#7619 = DIRECTION('',(0.,2.22044604925E-16,1.));
#7620 = ORIENTED_EDGE('',*,*,#7621,.T.);
#7621 = EDGE_CURVE('',#7614,#7622,#7624,.T.);
#7622 = VERTEX_POINT('',#7623);
#7623 = CARTESIAN_POINT('',(3.625,-0.32,3.595));
#7624 = LINE('',#7625,#7626);
#7625 = CARTESIAN_POINT('',(3.625,0.98,3.595));
#7626 = VECTOR('',#7627,1.);
#7627 = DIRECTION('',(0.,-1.,2.22044604925E-16));
#7628 = ORIENTED_EDGE('',*,*,#7629,.T.);
#7629 = EDGE_CURVE('',#7622,#5048,#7630,.T.);
#7630 = LINE('',#7631,#7632);
#7631 = CARTESIAN_POINT('',(3.625,-0.32,3.595));
#7632 = VECTOR('',#7633,1.);
#7633 = DIRECTION('',(0.,2.22044604925E-16,1.));
#7634 = ORIENTED_EDGE('',*,*,#5055,.T.);
#7635 = PLANE('',#7636);
#7636 = AXIS2_PLACEMENT_3D('',#7637,#7638,#7639);
#7637 = CARTESIAN_POINT('',(3.625,0.880602409639,3.370602409639));
#7638 = DIRECTION('',(-1.,1.979652642008E-31,-1.895603593819E-31));
#7639 = DIRECTION('',(1.979652642008E-31,1.,-2.22044604925E-16));
#7640 = ADVANCED_FACE('',(#7641),#7652,.F.);
#7641 = FACE_BOUND('',#7642,.F.);
#7642 = EDGE_LOOP('',(#7643,#7649,#7650,#7651));
#7643 = ORIENTED_EDGE('',*,*,#7644,.T.);
#7644 = EDGE_CURVE('',#7622,#5626,#7645,.T.);
#7645 = LINE('',#7646,#7647);
#7646 = CARTESIAN_POINT('',(3.625,-0.32,3.595));
#7647 = VECTOR('',#7648,1.);
#7648 = DIRECTION('',(1.,0.,0.));
#7649 = ORIENTED_EDGE('',*,*,#5633,.T.);
#7650 = ORIENTED_EDGE('',*,*,#5047,.F.);
#7651 = ORIENTED_EDGE('',*,*,#7629,.F.);
#7652 = PLANE('',#7653);
#7653 = AXIS2_PLACEMENT_3D('',#7654,#7655,#7656);
#7654 = CARTESIAN_POINT('',(3.625,-0.32,3.595));
#7655 = DIRECTION('',(0.,-1.,2.22044604925E-16));
#7656 = DIRECTION('',(0.,2.22044604925E-16,1.));
#7657 = ADVANCED_FACE('',(#7658),#7666,.T.);
#7658 = FACE_BOUND('',#7659,.T.);
#7659 = EDGE_LOOP('',(#7660,#7661,#7662,#7663,#7664,#7665));
#7660 = ORIENTED_EDGE('',*,*,#5197,.T.);
#7661 = ORIENTED_EDGE('',*,*,#5149,.T.);
#7662 = ORIENTED_EDGE('',*,*,#5125,.T.);
#7663 = ORIENTED_EDGE('',*,*,#5101,.T.);
#7664 = ORIENTED_EDGE('',*,*,#5077,.T.);
#7665 = ORIENTED_EDGE('',*,*,#5023,.T.);
#7666 = PLANE('',#7667);
#7667 = AXIS2_PLACEMENT_3D('',#7668,#7669,#7670);
#7668 = CARTESIAN_POINT('',(-3.625,0.880602409639,3.370602409639));
#7669 = DIRECTION('',(-1.,1.979652642008E-31,-1.895603593819E-31));
#7670 = DIRECTION('',(1.979652642008E-31,1.,-2.22044604925E-16));
#7671 = ADVANCED_FACE('',(#7672),#7683,.F.);
#7672 = FACE_BOUND('',#7673,.F.);
#7673 = EDGE_LOOP('',(#7674,#7675,#7676,#7682));
#7674 = ORIENTED_EDGE('',*,*,#5182,.T.);
#7675 = ORIENTED_EDGE('',*,*,#5609,.T.);
#7676 = ORIENTED_EDGE('',*,*,#7677,.F.);
#7677 = EDGE_CURVE('',#7606,#5610,#7678,.T.);
#7678 = LINE('',#7679,#7680);
#7679 = CARTESIAN_POINT('',(3.625,0.98,1.995));
#7680 = VECTOR('',#7681,1.);
#7681 = DIRECTION('',(1.,0.,0.));
#7682 = ORIENTED_EDGE('',*,*,#7605,.F.);
#7683 = PLANE('',#7684);
#7684 = AXIS2_PLACEMENT_3D('',#7685,#7686,#7687);
#7685 = CARTESIAN_POINT('',(3.625,1.58,1.995));
#7686 = DIRECTION('',(0.,-2.22044604925E-16,-1.));
#7687 = DIRECTION('',(0.,-1.,2.22044604925E-16));
#7688 = ADVANCED_FACE('',(#7689),#7741,.F.);
#7689 = FACE_BOUND('',#7690,.F.);
#7690 = EDGE_LOOP('',(#7691,#7699,#7707,#7715,#7723,#7731,#7737,#7738,
    #7739,#7740));
#7691 = ORIENTED_EDGE('',*,*,#7692,.T.);
#7692 = EDGE_CURVE('',#5449,#7693,#7695,.T.);
#7693 = VERTEX_POINT('',#7694);
#7694 = CARTESIAN_POINT('',(-1.975,2.4754,0.));
#7695 = LINE('',#7696,#7697);
#7696 = CARTESIAN_POINT('',(-1.975,0.7054,-4.000000000001E-04));
#7697 = VECTOR('',#7698,1.);
#7698 = DIRECTION('',(0.,0.999999974465,2.259886947942E-04));
#7699 = ORIENTED_EDGE('',*,*,#7700,.T.);
#7700 = EDGE_CURVE('',#7693,#7701,#7703,.T.);
#7701 = VERTEX_POINT('',#7702);
#7702 = CARTESIAN_POINT('',(-1.975,2.4754,0.3));
#7703 = LINE('',#7704,#7705);
#7704 = CARTESIAN_POINT('',(-1.975,2.4754,0.));
#7705 = VECTOR('',#7706,1.);
#7706 = DIRECTION('',(-7.401486830834E-16,0.,1.));
#7707 = ORIENTED_EDGE('',*,*,#7708,.T.);
#7708 = EDGE_CURVE('',#7701,#7709,#7711,.T.);
#7709 = VERTEX_POINT('',#7710);
#7710 = CARTESIAN_POINT('',(-1.975,1.7754,0.3));
#7711 = LINE('',#7712,#7713);
#7712 = CARTESIAN_POINT('',(-1.975,2.4754,0.3));
#7713 = VECTOR('',#7714,1.);
#7714 = DIRECTION('',(0.,-1.,0.));
#7715 = ORIENTED_EDGE('',*,*,#7716,.T.);
#7716 = EDGE_CURVE('',#7709,#7717,#7719,.T.);
#7717 = VERTEX_POINT('',#7718);
#7718 = CARTESIAN_POINT('',(-1.975,1.7754,0.65));
#7719 = LINE('',#7720,#7721);
#7720 = CARTESIAN_POINT('',(-1.975,1.7754,0.3));
#7721 = VECTOR('',#7722,1.);
#7722 = DIRECTION('',(0.,0.,1.));
#7723 = ORIENTED_EDGE('',*,*,#7724,.T.);
#7724 = EDGE_CURVE('',#7717,#7725,#7727,.T.);
#7725 = VERTEX_POINT('',#7726);
#7726 = CARTESIAN_POINT('',(-1.975,1.1054,0.65));
#7727 = LINE('',#7728,#7729);
#7728 = CARTESIAN_POINT('',(-1.975,1.7754,0.65));
#7729 = VECTOR('',#7730,1.);
#7730 = DIRECTION('',(0.,-1.,0.));
#7731 = ORIENTED_EDGE('',*,*,#7732,.T.);
#7732 = EDGE_CURVE('',#7725,#5369,#7733,.T.);
#7733 = LINE('',#7734,#7735);
#7734 = CARTESIAN_POINT('',(-1.975,1.1054,0.65));
#7735 = VECTOR('',#7736,1.);
#7736 = DIRECTION('',(0.,0.,1.));
#7737 = ORIENTED_EDGE('',*,*,#5376,.T.);
#7738 = ORIENTED_EDGE('',*,*,#5400,.T.);
#7739 = ORIENTED_EDGE('',*,*,#5424,.T.);
#7740 = ORIENTED_EDGE('',*,*,#5448,.T.);
#7741 = PLANE('',#7742);
#7742 = AXIS2_PLACEMENT_3D('',#7743,#7744,#7745);
#7743 = CARTESIAN_POINT('',(-1.975,1.293108022955E-02,1.127283611688));
#7744 = DIRECTION('',(1.,-1.250603656852E-18,2.809082092746E-18));
#7745 = DIRECTION('',(-2.809082092746E-18,0.,1.));
#7746 = ADVANCED_FACE('',(#7747),#7765,.F.);
#7747 = FACE_BOUND('',#7748,.F.);
#7748 = EDGE_LOOP('',(#7749,#7750,#7758,#7764));
#7749 = ORIENTED_EDGE('',*,*,#7732,.F.);
#7750 = ORIENTED_EDGE('',*,*,#7751,.T.);
#7751 = EDGE_CURVE('',#7725,#7752,#7754,.T.);
#7752 = VERTEX_POINT('',#7753);
#7753 = CARTESIAN_POINT('',(-1.775,1.1054,0.65));
#7754 = LINE('',#7755,#7756);
#7755 = CARTESIAN_POINT('',(-1.975,1.1054,0.65));
#7756 = VECTOR('',#7757,1.);
#7757 = DIRECTION('',(1.,0.,0.));
#7758 = ORIENTED_EDGE('',*,*,#7759,.T.);
#7759 = EDGE_CURVE('',#7752,#5361,#7760,.T.);
#7760 = LINE('',#7761,#7762);
#7761 = CARTESIAN_POINT('',(-1.775,1.1054,0.65));
#7762 = VECTOR('',#7763,1.);
#7763 = DIRECTION('',(0.,0.,1.));
#7764 = ORIENTED_EDGE('',*,*,#5368,.T.);
#7765 = PLANE('',#7766);
#7766 = AXIS2_PLACEMENT_3D('',#7767,#7768,#7769);
#7767 = CARTESIAN_POINT('',(-1.975,1.1054,0.65));
#7768 = DIRECTION('',(0.,-1.,0.));
#7769 = DIRECTION('',(0.,0.,1.));
#7770 = ADVANCED_FACE('',(#7771),#7828,.T.);
#7771 = FACE_BOUND('',#7772,.T.);
#7772 = EDGE_LOOP('',(#7773,#7781,#7789,#7797,#7805,#7811,#7812,#7813,
    #7821,#7827));
#7773 = ORIENTED_EDGE('',*,*,#7774,.T.);
#7774 = EDGE_CURVE('',#5457,#7775,#7777,.T.);
#7775 = VERTEX_POINT('',#7776);
#7776 = CARTESIAN_POINT('',(-1.775,2.4754,0.));
#7777 = LINE('',#7778,#7779);
#7778 = CARTESIAN_POINT('',(-1.775,0.7054,-4.000000000001E-04));
#7779 = VECTOR('',#7780,1.);
#7780 = DIRECTION('',(0.,0.999999974465,2.259886947942E-04));
#7781 = ORIENTED_EDGE('',*,*,#7782,.T.);
#7782 = EDGE_CURVE('',#7775,#7783,#7785,.T.);
#7783 = VERTEX_POINT('',#7784);
#7784 = CARTESIAN_POINT('',(-1.775,2.4754,0.3));
#7785 = LINE('',#7786,#7787);
#7786 = CARTESIAN_POINT('',(-1.775,2.4754,0.));
#7787 = VECTOR('',#7788,1.);
#7788 = DIRECTION('',(-7.401486830834E-16,0.,1.));
#7789 = ORIENTED_EDGE('',*,*,#7790,.T.);
#7790 = EDGE_CURVE('',#7783,#7791,#7793,.T.);
#7791 = VERTEX_POINT('',#7792);
#7792 = CARTESIAN_POINT('',(-1.775,1.7754,0.3));
#7793 = LINE('',#7794,#7795);
#7794 = CARTESIAN_POINT('',(-1.775,2.4754,0.3));
#7795 = VECTOR('',#7796,1.);
#7796 = DIRECTION('',(0.,-1.,0.));
#7797 = ORIENTED_EDGE('',*,*,#7798,.T.);
#7798 = EDGE_CURVE('',#7791,#7799,#7801,.T.);
#7799 = VERTEX_POINT('',#7800);
#7800 = CARTESIAN_POINT('',(-1.775,1.7754,0.65));
#7801 = LINE('',#7802,#7803);
#7802 = CARTESIAN_POINT('',(-1.775,1.7754,0.3));
#7803 = VECTOR('',#7804,1.);
#7804 = DIRECTION('',(0.,0.,1.));
#7805 = ORIENTED_EDGE('',*,*,#7806,.T.);
#7806 = EDGE_CURVE('',#7799,#7752,#7807,.T.);
#7807 = LINE('',#7808,#7809);
#7808 = CARTESIAN_POINT('',(-1.775,1.7754,0.65));
#7809 = VECTOR('',#7810,1.);
#7810 = DIRECTION('',(0.,-1.,0.));
#7811 = ORIENTED_EDGE('',*,*,#7759,.T.);
#7812 = ORIENTED_EDGE('',*,*,#5360,.T.);
#7813 = ORIENTED_EDGE('',*,*,#7814,.T.);
#7814 = EDGE_CURVE('',#5353,#7815,#7817,.T.);
#7815 = VERTEX_POINT('',#7816);
#7816 = CARTESIAN_POINT('',(-1.775,1.08,0.195));
#7817 = LINE('',#7818,#7819);
#7818 = CARTESIAN_POINT('',(-1.775,1.08,1.036141805844));
#7819 = VECTOR('',#7820,1.);
#7820 = DIRECTION('',(2.809082092746E-18,-2.22044604925E-16,-1.));
#7821 = ORIENTED_EDGE('',*,*,#7822,.T.);
#7822 = EDGE_CURVE('',#7815,#5465,#7823,.T.);
#7823 = LINE('',#7824,#7825);
#7824 = CARTESIAN_POINT('',(-1.775,0.546465540115,0.195));
#7825 = VECTOR('',#7826,1.);
#7826 = DIRECTION('',(-1.250603656852E-18,-1.,2.22044604925E-16));
#7827 = ORIENTED_EDGE('',*,*,#5464,.T.);
#7828 = PLANE('',#7829);
#7829 = AXIS2_PLACEMENT_3D('',#7830,#7831,#7832);
#7830 = CARTESIAN_POINT('',(-1.775,1.293108022955E-02,1.127283611688));
#7831 = DIRECTION('',(1.,-1.250603656852E-18,2.809082092746E-18));
#7832 = DIRECTION('',(-2.809082092746E-18,0.,1.));
#7833 = ADVANCED_FACE('',(#7834),#7852,.T.);
#7834 = FACE_BOUND('',#7835,.T.);
#7835 = EDGE_LOOP('',(#7836,#7837,#7838,#7846));
#7836 = ORIENTED_EDGE('',*,*,#7814,.F.);
#7837 = ORIENTED_EDGE('',*,*,#5352,.T.);
#7838 = ORIENTED_EDGE('',*,*,#7839,.T.);
#7839 = EDGE_CURVE('',#5345,#7840,#7842,.T.);
#7840 = VERTEX_POINT('',#7841);
#7841 = CARTESIAN_POINT('',(-0.725,1.08,0.195));
#7842 = LINE('',#7843,#7844);
#7843 = CARTESIAN_POINT('',(-0.725,1.08,1.036141805844));
#7844 = VECTOR('',#7845,1.);
#7845 = DIRECTION('',(2.809082092746E-18,-2.22044604925E-16,-1.));
#7846 = ORIENTED_EDGE('',*,*,#7847,.F.);
#7847 = EDGE_CURVE('',#7815,#7840,#7848,.T.);
#7848 = LINE('',#7849,#7850);
#7849 = CARTESIAN_POINT('',(-4.125,1.08,0.195));
#7850 = VECTOR('',#7851,1.);
#7851 = DIRECTION('',(1.,0.,0.));
#7852 = PLANE('',#7853);
#7853 = AXIS2_PLACEMENT_3D('',#7854,#7855,#7856);
#7854 = CARTESIAN_POINT('',(-4.125,1.08,0.945));
#7855 = DIRECTION('',(0.,1.,-2.22044604925E-16));
#7856 = DIRECTION('',(0.,-2.22044604925E-16,-1.));
#7857 = ADVANCED_FACE('',(#7858),#7915,.F.);
#7858 = FACE_BOUND('',#7859,.F.);
#7859 = EDGE_LOOP('',(#7860,#7868,#7876,#7884,#7892,#7900,#7906,#7907,
    #7908,#7914));
#7860 = ORIENTED_EDGE('',*,*,#7861,.T.);
#7861 = EDGE_CURVE('',#5481,#7862,#7864,.T.);
#7862 = VERTEX_POINT('',#7863);
#7863 = CARTESIAN_POINT('',(-0.725,2.4754,0.));
#7864 = LINE('',#7865,#7866);
#7865 = CARTESIAN_POINT('',(-0.725,0.7054,-4.000000000001E-04));
#7866 = VECTOR('',#7867,1.);
#7867 = DIRECTION('',(0.,0.999999974465,2.259886947942E-04));
#7868 = ORIENTED_EDGE('',*,*,#7869,.T.);
#7869 = EDGE_CURVE('',#7862,#7870,#7872,.T.);
#7870 = VERTEX_POINT('',#7871);
#7871 = CARTESIAN_POINT('',(-0.725,2.4754,0.3));
#7872 = LINE('',#7873,#7874);
#7873 = CARTESIAN_POINT('',(-0.725,2.4754,0.));
#7874 = VECTOR('',#7875,1.);
#7875 = DIRECTION('',(-7.401486830834E-16,0.,1.));
#7876 = ORIENTED_EDGE('',*,*,#7877,.T.);
#7877 = EDGE_CURVE('',#7870,#7878,#7880,.T.);
#7878 = VERTEX_POINT('',#7879);
#7879 = CARTESIAN_POINT('',(-0.725,1.7754,0.3));
#7880 = LINE('',#7881,#7882);
#7881 = CARTESIAN_POINT('',(-0.725,2.4754,0.3));
#7882 = VECTOR('',#7883,1.);
#7883 = DIRECTION('',(0.,-1.,0.));
#7884 = ORIENTED_EDGE('',*,*,#7885,.T.);
#7885 = EDGE_CURVE('',#7878,#7886,#7888,.T.);
#7886 = VERTEX_POINT('',#7887);
#7887 = CARTESIAN_POINT('',(-0.725,1.7754,0.65));
#7888 = LINE('',#7889,#7890);
#7889 = CARTESIAN_POINT('',(-0.725,1.7754,0.3));
#7890 = VECTOR('',#7891,1.);
#7891 = DIRECTION('',(0.,0.,1.));
#7892 = ORIENTED_EDGE('',*,*,#7893,.T.);
#7893 = EDGE_CURVE('',#7886,#7894,#7896,.T.);
#7894 = VERTEX_POINT('',#7895);
#7895 = CARTESIAN_POINT('',(-0.725,1.1054,0.65));
#7896 = LINE('',#7897,#7898);
#7897 = CARTESIAN_POINT('',(-0.725,1.7754,0.65));
#7898 = VECTOR('',#7899,1.);
#7899 = DIRECTION('',(0.,-1.,0.));
#7900 = ORIENTED_EDGE('',*,*,#7901,.T.);
#7901 = EDGE_CURVE('',#7894,#5337,#7902,.T.);
#7902 = LINE('',#7903,#7904);
#7903 = CARTESIAN_POINT('',(-0.725,1.1054,0.65));
#7904 = VECTOR('',#7905,1.);
#7905 = DIRECTION('',(0.,0.,1.));
#7906 = ORIENTED_EDGE('',*,*,#5344,.T.);
#7907 = ORIENTED_EDGE('',*,*,#7839,.T.);
#7908 = ORIENTED_EDGE('',*,*,#7909,.T.);
#7909 = EDGE_CURVE('',#7840,#5473,#7910,.T.);
#7910 = LINE('',#7911,#7912);
#7911 = CARTESIAN_POINT('',(-0.725,0.546465540115,0.195));
#7912 = VECTOR('',#7913,1.);
#7913 = DIRECTION('',(-1.250603656852E-18,-1.,2.22044604925E-16));
#7914 = ORIENTED_EDGE('',*,*,#5480,.T.);
#7915 = PLANE('',#7916);
#7916 = AXIS2_PLACEMENT_3D('',#7917,#7918,#7919);
#7917 = CARTESIAN_POINT('',(-0.725,1.293108022955E-02,1.127283611688));
#7918 = DIRECTION('',(1.,-1.250603656852E-18,2.809082092746E-18));
#7919 = DIRECTION('',(-2.809082092746E-18,0.,1.));
#7920 = ADVANCED_FACE('',(#7921),#7939,.F.);
#7921 = FACE_BOUND('',#7922,.F.);
#7922 = EDGE_LOOP('',(#7923,#7924,#7932,#7938));
#7923 = ORIENTED_EDGE('',*,*,#7901,.F.);
#7924 = ORIENTED_EDGE('',*,*,#7925,.T.);
#7925 = EDGE_CURVE('',#7894,#7926,#7928,.T.);
#7926 = VERTEX_POINT('',#7927);
#7927 = CARTESIAN_POINT('',(-0.525,1.1054,0.65));
#7928 = LINE('',#7929,#7930);
#7929 = CARTESIAN_POINT('',(-0.725,1.1054,0.65));
#7930 = VECTOR('',#7931,1.);
#7931 = DIRECTION('',(1.,0.,0.));
#7932 = ORIENTED_EDGE('',*,*,#7933,.T.);
#7933 = EDGE_CURVE('',#7926,#5329,#7934,.T.);
#7934 = LINE('',#7935,#7936);
#7935 = CARTESIAN_POINT('',(-0.525,1.1054,0.65));
#7936 = VECTOR('',#7937,1.);
#7937 = DIRECTION('',(0.,0.,1.));
#7938 = ORIENTED_EDGE('',*,*,#5336,.T.);
#7939 = PLANE('',#7940);
#7940 = AXIS2_PLACEMENT_3D('',#7941,#7942,#7943);
#7941 = CARTESIAN_POINT('',(-0.725,1.1054,0.65));
#7942 = DIRECTION('',(0.,-1.,0.));
#7943 = DIRECTION('',(0.,0.,1.));
#7944 = ADVANCED_FACE('',(#7945),#8002,.T.);
#7945 = FACE_BOUND('',#7946,.T.);
#7946 = EDGE_LOOP('',(#7947,#7955,#7963,#7971,#7979,#7985,#7986,#7987,
    #7995,#8001));
#7947 = ORIENTED_EDGE('',*,*,#7948,.T.);
#7948 = EDGE_CURVE('',#5489,#7949,#7951,.T.);
#7949 = VERTEX_POINT('',#7950);
#7950 = CARTESIAN_POINT('',(-0.525,2.4754,0.));
#7951 = LINE('',#7952,#7953);
#7952 = CARTESIAN_POINT('',(-0.525,0.7054,-4.000000000001E-04));
#7953 = VECTOR('',#7954,1.);
#7954 = DIRECTION('',(0.,0.999999974465,2.259886947942E-04));
#7955 = ORIENTED_EDGE('',*,*,#7956,.T.);
#7956 = EDGE_CURVE('',#7949,#7957,#7959,.T.);
#7957 = VERTEX_POINT('',#7958);
#7958 = CARTESIAN_POINT('',(-0.525,2.4754,0.3));
#7959 = LINE('',#7960,#7961);
#7960 = CARTESIAN_POINT('',(-0.525,2.4754,0.));
#7961 = VECTOR('',#7962,1.);
#7962 = DIRECTION('',(-7.401486830834E-16,0.,1.));
#7963 = ORIENTED_EDGE('',*,*,#7964,.T.);
#7964 = EDGE_CURVE('',#7957,#7965,#7967,.T.);
#7965 = VERTEX_POINT('',#7966);
#7966 = CARTESIAN_POINT('',(-0.525,1.7754,0.3));
#7967 = LINE('',#7968,#7969);
#7968 = CARTESIAN_POINT('',(-0.525,2.4754,0.3));
#7969 = VECTOR('',#7970,1.);
#7970 = DIRECTION('',(0.,-1.,0.));
#7971 = ORIENTED_EDGE('',*,*,#7972,.T.);
#7972 = EDGE_CURVE('',#7965,#7973,#7975,.T.);
#7973 = VERTEX_POINT('',#7974);
#7974 = CARTESIAN_POINT('',(-0.525,1.7754,0.65));
#7975 = LINE('',#7976,#7977);
#7976 = CARTESIAN_POINT('',(-0.525,1.7754,0.3));
#7977 = VECTOR('',#7978,1.);
#7978 = DIRECTION('',(0.,0.,1.));
#7979 = ORIENTED_EDGE('',*,*,#7980,.T.);
#7980 = EDGE_CURVE('',#7973,#7926,#7981,.T.);
#7981 = LINE('',#7982,#7983);
#7982 = CARTESIAN_POINT('',(-0.525,1.7754,0.65));
#7983 = VECTOR('',#7984,1.);
#7984 = DIRECTION('',(0.,-1.,0.));
#7985 = ORIENTED_EDGE('',*,*,#7933,.T.);
#7986 = ORIENTED_EDGE('',*,*,#5328,.T.);
#7987 = ORIENTED_EDGE('',*,*,#7988,.T.);
#7988 = EDGE_CURVE('',#5321,#7989,#7991,.T.);
#7989 = VERTEX_POINT('',#7990);
#7990 = CARTESIAN_POINT('',(-0.525,1.08,0.195));
#7991 = LINE('',#7992,#7993);
#7992 = CARTESIAN_POINT('',(-0.525,1.08,1.036141805844));
#7993 = VECTOR('',#7994,1.);
#7994 = DIRECTION('',(2.809082092746E-18,-2.22044604925E-16,-1.));
#7995 = ORIENTED_EDGE('',*,*,#7996,.T.);
#7996 = EDGE_CURVE('',#7989,#5497,#7997,.T.);
#7997 = LINE('',#7998,#7999);
#7998 = CARTESIAN_POINT('',(-0.525,0.546465540115,0.195));
#7999 = VECTOR('',#8000,1.);
#8000 = DIRECTION('',(-1.250603656852E-18,-1.,2.22044604925E-16));
#8001 = ORIENTED_EDGE('',*,*,#5496,.T.);
#8002 = PLANE('',#8003);
#8003 = AXIS2_PLACEMENT_3D('',#8004,#8005,#8006);
#8004 = CARTESIAN_POINT('',(-0.525,1.293108022955E-02,1.127283611688));
#8005 = DIRECTION('',(1.,-1.250603656852E-18,2.809082092746E-18));
#8006 = DIRECTION('',(-2.809082092746E-18,0.,1.));
#8007 = ADVANCED_FACE('',(#8008),#8026,.T.);
#8008 = FACE_BOUND('',#8009,.T.);
#8009 = EDGE_LOOP('',(#8010,#8011,#8012,#8020));
#8010 = ORIENTED_EDGE('',*,*,#7988,.F.);
#8011 = ORIENTED_EDGE('',*,*,#5320,.T.);
#8012 = ORIENTED_EDGE('',*,*,#8013,.T.);
#8013 = EDGE_CURVE('',#5313,#8014,#8016,.T.);
#8014 = VERTEX_POINT('',#8015);
#8015 = CARTESIAN_POINT('',(0.525,1.08,0.195));
#8016 = LINE('',#8017,#8018);
#8017 = CARTESIAN_POINT('',(0.525,1.08,1.036141805844));
#8018 = VECTOR('',#8019,1.);
#8019 = DIRECTION('',(2.809082092746E-18,-2.22044604925E-16,-1.));
#8020 = ORIENTED_EDGE('',*,*,#8021,.F.);
#8021 = EDGE_CURVE('',#7989,#8014,#8022,.T.);
#8022 = LINE('',#8023,#8024);
#8023 = CARTESIAN_POINT('',(-4.125,1.08,0.195));
#8024 = VECTOR('',#8025,1.);
#8025 = DIRECTION('',(1.,0.,0.));
#8026 = PLANE('',#8027);
#8027 = AXIS2_PLACEMENT_3D('',#8028,#8029,#8030);
#8028 = CARTESIAN_POINT('',(-4.125,1.08,0.945));
#8029 = DIRECTION('',(0.,1.,-2.22044604925E-16));
#8030 = DIRECTION('',(0.,-2.22044604925E-16,-1.));
#8031 = ADVANCED_FACE('',(#8032),#8089,.F.);
#8032 = FACE_BOUND('',#8033,.F.);
#8033 = EDGE_LOOP('',(#8034,#8042,#8050,#8058,#8066,#8074,#8080,#8081,
    #8082,#8088));
#8034 = ORIENTED_EDGE('',*,*,#8035,.T.);
#8035 = EDGE_CURVE('',#5513,#8036,#8038,.T.);
#8036 = VERTEX_POINT('',#8037);
#8037 = CARTESIAN_POINT('',(0.525,2.4754,0.));
#8038 = LINE('',#8039,#8040);
#8039 = CARTESIAN_POINT('',(0.525,0.7054,-4.000000000001E-04));
#8040 = VECTOR('',#8041,1.);
#8041 = DIRECTION('',(0.,0.999999974465,2.259886947942E-04));
#8042 = ORIENTED_EDGE('',*,*,#8043,.T.);
#8043 = EDGE_CURVE('',#8036,#8044,#8046,.T.);
#8044 = VERTEX_POINT('',#8045);
#8045 = CARTESIAN_POINT('',(0.525,2.4754,0.3));
#8046 = LINE('',#8047,#8048);
#8047 = CARTESIAN_POINT('',(0.525,2.4754,0.));
#8048 = VECTOR('',#8049,1.);
#8049 = DIRECTION('',(-7.401486830834E-16,0.,1.));
#8050 = ORIENTED_EDGE('',*,*,#8051,.T.);
#8051 = EDGE_CURVE('',#8044,#8052,#8054,.T.);
#8052 = VERTEX_POINT('',#8053);
#8053 = CARTESIAN_POINT('',(0.525,1.7754,0.3));
#8054 = LINE('',#8055,#8056);
#8055 = CARTESIAN_POINT('',(0.525,2.4754,0.3));
#8056 = VECTOR('',#8057,1.);
#8057 = DIRECTION('',(0.,-1.,0.));
#8058 = ORIENTED_EDGE('',*,*,#8059,.T.);
#8059 = EDGE_CURVE('',#8052,#8060,#8062,.T.);
#8060 = VERTEX_POINT('',#8061);
#8061 = CARTESIAN_POINT('',(0.525,1.7754,0.65));
#8062 = LINE('',#8063,#8064);
#8063 = CARTESIAN_POINT('',(0.525,1.7754,0.3));
#8064 = VECTOR('',#8065,1.);
#8065 = DIRECTION('',(0.,0.,1.));
#8066 = ORIENTED_EDGE('',*,*,#8067,.T.);
#8067 = EDGE_CURVE('',#8060,#8068,#8070,.T.);
#8068 = VERTEX_POINT('',#8069);
#8069 = CARTESIAN_POINT('',(0.525,1.1054,0.65));
#8070 = LINE('',#8071,#8072);
#8071 = CARTESIAN_POINT('',(0.525,1.7754,0.65));
#8072 = VECTOR('',#8073,1.);
#8073 = DIRECTION('',(0.,-1.,0.));
#8074 = ORIENTED_EDGE('',*,*,#8075,.T.);
#8075 = EDGE_CURVE('',#8068,#5305,#8076,.T.);
#8076 = LINE('',#8077,#8078);
#8077 = CARTESIAN_POINT('',(0.525,1.1054,0.65));
#8078 = VECTOR('',#8079,1.);
#8079 = DIRECTION('',(0.,0.,1.));
#8080 = ORIENTED_EDGE('',*,*,#5312,.T.);
#8081 = ORIENTED_EDGE('',*,*,#8013,.T.);
#8082 = ORIENTED_EDGE('',*,*,#8083,.T.);
#8083 = EDGE_CURVE('',#8014,#5505,#8084,.T.);
#8084 = LINE('',#8085,#8086);
#8085 = CARTESIAN_POINT('',(0.525,0.546465540115,0.195));
#8086 = VECTOR('',#8087,1.);
#8087 = DIRECTION('',(-1.250603656852E-18,-1.,2.22044604925E-16));
#8088 = ORIENTED_EDGE('',*,*,#5512,.T.);
#8089 = PLANE('',#8090);
#8090 = AXIS2_PLACEMENT_3D('',#8091,#8092,#8093);
#8091 = CARTESIAN_POINT('',(0.525,1.293108022955E-02,1.127283611688));
#8092 = DIRECTION('',(1.,-1.250603656852E-18,2.809082092746E-18));
#8093 = DIRECTION('',(-2.809082092746E-18,0.,1.));
#8094 = ADVANCED_FACE('',(#8095),#8113,.F.);
#8095 = FACE_BOUND('',#8096,.F.);
#8096 = EDGE_LOOP('',(#8097,#8098,#8106,#8112));
#8097 = ORIENTED_EDGE('',*,*,#8075,.F.);
#8098 = ORIENTED_EDGE('',*,*,#8099,.T.);
#8099 = EDGE_CURVE('',#8068,#8100,#8102,.T.);
#8100 = VERTEX_POINT('',#8101);
#8101 = CARTESIAN_POINT('',(0.725,1.1054,0.65));
#8102 = LINE('',#8103,#8104);
#8103 = CARTESIAN_POINT('',(0.525,1.1054,0.65));
#8104 = VECTOR('',#8105,1.);
#8105 = DIRECTION('',(1.,0.,0.));
#8106 = ORIENTED_EDGE('',*,*,#8107,.T.);
#8107 = EDGE_CURVE('',#8100,#5297,#8108,.T.);
#8108 = LINE('',#8109,#8110);
#8109 = CARTESIAN_POINT('',(0.725,1.1054,0.65));
#8110 = VECTOR('',#8111,1.);
#8111 = DIRECTION('',(0.,0.,1.));
#8112 = ORIENTED_EDGE('',*,*,#5304,.T.);
#8113 = PLANE('',#8114);
#8114 = AXIS2_PLACEMENT_3D('',#8115,#8116,#8117);
#8115 = CARTESIAN_POINT('',(0.525,1.1054,0.65));
#8116 = DIRECTION('',(0.,-1.,0.));
#8117 = DIRECTION('',(0.,0.,1.));
#8118 = ADVANCED_FACE('',(#8119),#8176,.T.);
#8119 = FACE_BOUND('',#8120,.T.);
#8120 = EDGE_LOOP('',(#8121,#8129,#8137,#8145,#8153,#8159,#8160,#8161,
    #8169,#8175));
#8121 = ORIENTED_EDGE('',*,*,#8122,.T.);
#8122 = EDGE_CURVE('',#5521,#8123,#8125,.T.);
#8123 = VERTEX_POINT('',#8124);
#8124 = CARTESIAN_POINT('',(0.725,2.4754,0.));
#8125 = LINE('',#8126,#8127);
#8126 = CARTESIAN_POINT('',(0.725,0.7054,-4.000000000001E-04));
#8127 = VECTOR('',#8128,1.);
#8128 = DIRECTION('',(0.,0.999999974465,2.259886947942E-04));
#8129 = ORIENTED_EDGE('',*,*,#8130,.T.);
#8130 = EDGE_CURVE('',#8123,#8131,#8133,.T.);
#8131 = VERTEX_POINT('',#8132);
#8132 = CARTESIAN_POINT('',(0.725,2.4754,0.3));
#8133 = LINE('',#8134,#8135);
#8134 = CARTESIAN_POINT('',(0.725,2.4754,0.));
#8135 = VECTOR('',#8136,1.);
#8136 = DIRECTION('',(-7.401486830834E-16,0.,1.));
#8137 = ORIENTED_EDGE('',*,*,#8138,.T.);
#8138 = EDGE_CURVE('',#8131,#8139,#8141,.T.);
#8139 = VERTEX_POINT('',#8140);
#8140 = CARTESIAN_POINT('',(0.725,1.7754,0.3));
#8141 = LINE('',#8142,#8143);
#8142 = CARTESIAN_POINT('',(0.725,2.4754,0.3));
#8143 = VECTOR('',#8144,1.);
#8144 = DIRECTION('',(0.,-1.,0.));
#8145 = ORIENTED_EDGE('',*,*,#8146,.T.);
#8146 = EDGE_CURVE('',#8139,#8147,#8149,.T.);
#8147 = VERTEX_POINT('',#8148);
#8148 = CARTESIAN_POINT('',(0.725,1.7754,0.65));
#8149 = LINE('',#8150,#8151);
#8150 = CARTESIAN_POINT('',(0.725,1.7754,0.3));
#8151 = VECTOR('',#8152,1.);
#8152 = DIRECTION('',(0.,0.,1.));
#8153 = ORIENTED_EDGE('',*,*,#8154,.T.);
#8154 = EDGE_CURVE('',#8147,#8100,#8155,.T.);
#8155 = LINE('',#8156,#8157);
#8156 = CARTESIAN_POINT('',(0.725,1.7754,0.65));
#8157 = VECTOR('',#8158,1.);
#8158 = DIRECTION('',(0.,-1.,0.));
#8159 = ORIENTED_EDGE('',*,*,#8107,.T.);
#8160 = ORIENTED_EDGE('',*,*,#5296,.T.);
#8161 = ORIENTED_EDGE('',*,*,#8162,.T.);
#8162 = EDGE_CURVE('',#5289,#8163,#8165,.T.);
#8163 = VERTEX_POINT('',#8164);
#8164 = CARTESIAN_POINT('',(0.725,1.08,0.195));
#8165 = LINE('',#8166,#8167);
#8166 = CARTESIAN_POINT('',(0.725,1.08,1.036141805844));
#8167 = VECTOR('',#8168,1.);
#8168 = DIRECTION('',(2.809082092746E-18,-2.22044604925E-16,-1.));
#8169 = ORIENTED_EDGE('',*,*,#8170,.T.);
#8170 = EDGE_CURVE('',#8163,#5529,#8171,.T.);
#8171 = LINE('',#8172,#8173);
#8172 = CARTESIAN_POINT('',(0.725,0.546465540115,0.195));
#8173 = VECTOR('',#8174,1.);
#8174 = DIRECTION('',(-1.250603656852E-18,-1.,2.22044604925E-16));
#8175 = ORIENTED_EDGE('',*,*,#5528,.T.);
#8176 = PLANE('',#8177);
#8177 = AXIS2_PLACEMENT_3D('',#8178,#8179,#8180);
#8178 = CARTESIAN_POINT('',(0.725,1.293108022955E-02,1.127283611688));
#8179 = DIRECTION('',(1.,-1.250603656852E-18,2.809082092746E-18));
#8180 = DIRECTION('',(-2.809082092746E-18,0.,1.));
#8181 = ADVANCED_FACE('',(#8182),#8200,.T.);
#8182 = FACE_BOUND('',#8183,.T.);
#8183 = EDGE_LOOP('',(#8184,#8185,#8186,#8194));
#8184 = ORIENTED_EDGE('',*,*,#8162,.F.);
#8185 = ORIENTED_EDGE('',*,*,#5288,.T.);
#8186 = ORIENTED_EDGE('',*,*,#8187,.T.);
#8187 = EDGE_CURVE('',#5281,#8188,#8190,.T.);
#8188 = VERTEX_POINT('',#8189);
#8189 = CARTESIAN_POINT('',(1.775,1.08,0.195));
#8190 = LINE('',#8191,#8192);
#8191 = CARTESIAN_POINT('',(1.775,1.08,1.036141805844));
#8192 = VECTOR('',#8193,1.);
#8193 = DIRECTION('',(2.809082092746E-18,-2.22044604925E-16,-1.));
#8194 = ORIENTED_EDGE('',*,*,#8195,.F.);
#8195 = EDGE_CURVE('',#8163,#8188,#8196,.T.);
#8196 = LINE('',#8197,#8198);
#8197 = CARTESIAN_POINT('',(-4.125,1.08,0.195));
#8198 = VECTOR('',#8199,1.);
#8199 = DIRECTION('',(1.,0.,0.));
#8200 = PLANE('',#8201);
#8201 = AXIS2_PLACEMENT_3D('',#8202,#8203,#8204);
#8202 = CARTESIAN_POINT('',(-4.125,1.08,0.945));
#8203 = DIRECTION('',(0.,1.,-2.22044604925E-16));
#8204 = DIRECTION('',(0.,-2.22044604925E-16,-1.));
#8205 = ADVANCED_FACE('',(#8206),#8263,.F.);
#8206 = FACE_BOUND('',#8207,.F.);
#8207 = EDGE_LOOP('',(#8208,#8216,#8224,#8232,#8240,#8248,#8254,#8255,
    #8256,#8262));
#8208 = ORIENTED_EDGE('',*,*,#8209,.T.);
#8209 = EDGE_CURVE('',#5545,#8210,#8212,.T.);
#8210 = VERTEX_POINT('',#8211);
#8211 = CARTESIAN_POINT('',(1.775,2.4754,0.));
#8212 = LINE('',#8213,#8214);
#8213 = CARTESIAN_POINT('',(1.775,0.7054,-4.000000000001E-04));
#8214 = VECTOR('',#8215,1.);
#8215 = DIRECTION('',(0.,0.999999974465,2.259886947942E-04));
#8216 = ORIENTED_EDGE('',*,*,#8217,.T.);
#8217 = EDGE_CURVE('',#8210,#8218,#8220,.T.);
#8218 = VERTEX_POINT('',#8219);
#8219 = CARTESIAN_POINT('',(1.775,2.4754,0.3));
#8220 = LINE('',#8221,#8222);
#8221 = CARTESIAN_POINT('',(1.775,2.4754,0.));
#8222 = VECTOR('',#8223,1.);
#8223 = DIRECTION('',(-7.401486830834E-16,0.,1.));
#8224 = ORIENTED_EDGE('',*,*,#8225,.T.);
#8225 = EDGE_CURVE('',#8218,#8226,#8228,.T.);
#8226 = VERTEX_POINT('',#8227);
#8227 = CARTESIAN_POINT('',(1.775,1.7754,0.3));
#8228 = LINE('',#8229,#8230);
#8229 = CARTESIAN_POINT('',(1.775,2.4754,0.3));
#8230 = VECTOR('',#8231,1.);
#8231 = DIRECTION('',(0.,-1.,0.));
#8232 = ORIENTED_EDGE('',*,*,#8233,.T.);
#8233 = EDGE_CURVE('',#8226,#8234,#8236,.T.);
#8234 = VERTEX_POINT('',#8235);
#8235 = CARTESIAN_POINT('',(1.775,1.7754,0.65));
#8236 = LINE('',#8237,#8238);
#8237 = CARTESIAN_POINT('',(1.775,1.7754,0.3));
#8238 = VECTOR('',#8239,1.);
#8239 = DIRECTION('',(0.,0.,1.));
#8240 = ORIENTED_EDGE('',*,*,#8241,.T.);
#8241 = EDGE_CURVE('',#8234,#8242,#8244,.T.);
#8242 = VERTEX_POINT('',#8243);
#8243 = CARTESIAN_POINT('',(1.775,1.1054,0.65));
#8244 = LINE('',#8245,#8246);
#8245 = CARTESIAN_POINT('',(1.775,1.7754,0.65));
#8246 = VECTOR('',#8247,1.);
#8247 = DIRECTION('',(0.,-1.,0.));
#8248 = ORIENTED_EDGE('',*,*,#8249,.T.);
#8249 = EDGE_CURVE('',#8242,#5273,#8250,.T.);
#8250 = LINE('',#8251,#8252);
#8251 = CARTESIAN_POINT('',(1.775,1.1054,0.65));
#8252 = VECTOR('',#8253,1.);
#8253 = DIRECTION('',(0.,0.,1.));
#8254 = ORIENTED_EDGE('',*,*,#5280,.T.);
#8255 = ORIENTED_EDGE('',*,*,#8187,.T.);
#8256 = ORIENTED_EDGE('',*,*,#8257,.T.);
#8257 = EDGE_CURVE('',#8188,#5537,#8258,.T.);
#8258 = LINE('',#8259,#8260);
#8259 = CARTESIAN_POINT('',(1.775,0.546465540115,0.195));
#8260 = VECTOR('',#8261,1.);
#8261 = DIRECTION('',(-1.250603656852E-18,-1.,2.22044604925E-16));
#8262 = ORIENTED_EDGE('',*,*,#5544,.T.);
#8263 = PLANE('',#8264);
#8264 = AXIS2_PLACEMENT_3D('',#8265,#8266,#8267);
#8265 = CARTESIAN_POINT('',(1.775,1.293108022955E-02,1.127283611688));
#8266 = DIRECTION('',(1.,-1.250603656852E-18,2.809082092746E-18));
#8267 = DIRECTION('',(-2.809082092746E-18,0.,1.));
#8268 = ADVANCED_FACE('',(#8269),#8287,.F.);
#8269 = FACE_BOUND('',#8270,.F.);
#8270 = EDGE_LOOP('',(#8271,#8272,#8280,#8286));
#8271 = ORIENTED_EDGE('',*,*,#8249,.F.);
#8272 = ORIENTED_EDGE('',*,*,#8273,.T.);
#8273 = EDGE_CURVE('',#8242,#8274,#8276,.T.);
#8274 = VERTEX_POINT('',#8275);
#8275 = CARTESIAN_POINT('',(1.975,1.1054,0.65));
#8276 = LINE('',#8277,#8278);
#8277 = CARTESIAN_POINT('',(1.775,1.1054,0.65));
#8278 = VECTOR('',#8279,1.);
#8279 = DIRECTION('',(1.,0.,0.));
#8280 = ORIENTED_EDGE('',*,*,#8281,.T.);
#8281 = EDGE_CURVE('',#8274,#5265,#8282,.T.);
#8282 = LINE('',#8283,#8284);
#8283 = CARTESIAN_POINT('',(1.975,1.1054,0.65));
#8284 = VECTOR('',#8285,1.);
#8285 = DIRECTION('',(0.,0.,1.));
#8286 = ORIENTED_EDGE('',*,*,#5272,.T.);
#8287 = PLANE('',#8288);
#8288 = AXIS2_PLACEMENT_3D('',#8289,#8290,#8291);
#8289 = CARTESIAN_POINT('',(1.775,1.1054,0.65));
#8290 = DIRECTION('',(0.,-1.,0.));
#8291 = DIRECTION('',(0.,0.,1.));
#8292 = ADVANCED_FACE('',(#8293),#8350,.T.);
#8293 = FACE_BOUND('',#8294,.T.);
#8294 = EDGE_LOOP('',(#8295,#8303,#8311,#8319,#8327,#8333,#8334,#8335,
    #8343,#8349));
#8295 = ORIENTED_EDGE('',*,*,#8296,.T.);
#8296 = EDGE_CURVE('',#5553,#8297,#8299,.T.);
#8297 = VERTEX_POINT('',#8298);
#8298 = CARTESIAN_POINT('',(1.975,2.4754,0.));
#8299 = LINE('',#8300,#8301);
#8300 = CARTESIAN_POINT('',(1.975,0.7054,-4.000000000001E-04));
#8301 = VECTOR('',#8302,1.);
#8302 = DIRECTION('',(0.,0.999999974465,2.259886947942E-04));
#8303 = ORIENTED_EDGE('',*,*,#8304,.T.);
#8304 = EDGE_CURVE('',#8297,#8305,#8307,.T.);
#8305 = VERTEX_POINT('',#8306);
#8306 = CARTESIAN_POINT('',(1.975,2.4754,0.3));
#8307 = LINE('',#8308,#8309);
#8308 = CARTESIAN_POINT('',(1.975,2.4754,0.));
#8309 = VECTOR('',#8310,1.);
#8310 = DIRECTION('',(-7.401486830834E-16,0.,1.));
#8311 = ORIENTED_EDGE('',*,*,#8312,.T.);
#8312 = EDGE_CURVE('',#8305,#8313,#8315,.T.);
#8313 = VERTEX_POINT('',#8314);
#8314 = CARTESIAN_POINT('',(1.975,1.7754,0.3));
#8315 = LINE('',#8316,#8317);
#8316 = CARTESIAN_POINT('',(1.975,2.4754,0.3));
#8317 = VECTOR('',#8318,1.);
#8318 = DIRECTION('',(0.,-1.,0.));
#8319 = ORIENTED_EDGE('',*,*,#8320,.T.);
#8320 = EDGE_CURVE('',#8313,#8321,#8323,.T.);
#8321 = VERTEX_POINT('',#8322);
#8322 = CARTESIAN_POINT('',(1.975,1.7754,0.65));
#8323 = LINE('',#8324,#8325);
#8324 = CARTESIAN_POINT('',(1.975,1.7754,0.3));
#8325 = VECTOR('',#8326,1.);
#8326 = DIRECTION('',(0.,0.,1.));
#8327 = ORIENTED_EDGE('',*,*,#8328,.T.);
#8328 = EDGE_CURVE('',#8321,#8274,#8329,.T.);
#8329 = LINE('',#8330,#8331);
#8330 = CARTESIAN_POINT('',(1.975,1.7754,0.65));
#8331 = VECTOR('',#8332,1.);
#8332 = DIRECTION('',(0.,-1.,0.));
#8333 = ORIENTED_EDGE('',*,*,#8281,.T.);
#8334 = ORIENTED_EDGE('',*,*,#5264,.T.);
#8335 = ORIENTED_EDGE('',*,*,#8336,.T.);
#8336 = EDGE_CURVE('',#5257,#8337,#8339,.T.);
#8337 = VERTEX_POINT('',#8338);
#8338 = CARTESIAN_POINT('',(1.975,1.08,0.195));
#8339 = LINE('',#8340,#8341);
#8340 = CARTESIAN_POINT('',(1.975,1.08,1.036141805844));
#8341 = VECTOR('',#8342,1.);
#8342 = DIRECTION('',(2.809082092746E-18,-2.22044604925E-16,-1.));
#8343 = ORIENTED_EDGE('',*,*,#8344,.T.);
#8344 = EDGE_CURVE('',#8337,#5561,#8345,.T.);
#8345 = LINE('',#8346,#8347);
#8346 = CARTESIAN_POINT('',(1.975,0.546465540115,0.195));
#8347 = VECTOR('',#8348,1.);
#8348 = DIRECTION('',(-1.250603656852E-18,-1.,2.22044604925E-16));
#8349 = ORIENTED_EDGE('',*,*,#5560,.T.);
#8350 = PLANE('',#8351);
#8351 = AXIS2_PLACEMENT_3D('',#8352,#8353,#8354);
#8352 = CARTESIAN_POINT('',(1.975,1.293108022955E-02,1.127283611688));
#8353 = DIRECTION('',(1.,-1.250603656852E-18,2.809082092746E-18));
#8354 = DIRECTION('',(-2.809082092746E-18,0.,1.));
#8355 = ADVANCED_FACE('',(#8356),#8367,.T.);
#8356 = FACE_BOUND('',#8357,.T.);
#8357 = EDGE_LOOP('',(#8358,#8359,#8360,#8361));
#8358 = ORIENTED_EDGE('',*,*,#8336,.F.);
#8359 = ORIENTED_EDGE('',*,*,#5256,.T.);
#8360 = ORIENTED_EDGE('',*,*,#5601,.T.);
#8361 = ORIENTED_EDGE('',*,*,#8362,.F.);
#8362 = EDGE_CURVE('',#8337,#5594,#8363,.T.);
#8363 = LINE('',#8364,#8365);
#8364 = CARTESIAN_POINT('',(-4.125,1.08,0.195));
#8365 = VECTOR('',#8366,1.);
#8366 = DIRECTION('',(1.,0.,0.));
#8367 = PLANE('',#8368);
#8368 = AXIS2_PLACEMENT_3D('',#8369,#8370,#8371);
#8369 = CARTESIAN_POINT('',(-4.125,1.08,0.945));
#8370 = DIRECTION('',(0.,1.,-2.22044604925E-16));
#8371 = DIRECTION('',(0.,-2.22044604925E-16,-1.));
#8372 = ADVANCED_FACE('',(#8373),#8379,.T.);
#8373 = FACE_BOUND('',#8374,.T.);
#8374 = EDGE_LOOP('',(#8375,#8376,#8377,#8378));
#8375 = ORIENTED_EDGE('',*,*,#8344,.F.);
#8376 = ORIENTED_EDGE('',*,*,#8362,.T.);
#8377 = ORIENTED_EDGE('',*,*,#5593,.T.);
#8378 = ORIENTED_EDGE('',*,*,#5568,.F.);
#8379 = PLANE('',#8380);
#8380 = AXIS2_PLACEMENT_3D('',#8381,#8382,#8383);
#8381 = CARTESIAN_POINT('',(-4.125,1.08,0.195));
#8382 = DIRECTION('',(0.,-2.22044604925E-16,-1.));
#8383 = DIRECTION('',(0.,-1.,2.22044604925E-16));
#8384 = ADVANCED_FACE('',(#8385),#8396,.F.);
#8385 = FACE_BOUND('',#8386,.F.);
#8386 = EDGE_LOOP('',(#8387,#8388,#8389,#8390));
#8387 = ORIENTED_EDGE('',*,*,#8209,.F.);
#8388 = ORIENTED_EDGE('',*,*,#5552,.T.);
#8389 = ORIENTED_EDGE('',*,*,#8296,.T.);
#8390 = ORIENTED_EDGE('',*,*,#8391,.F.);
#8391 = EDGE_CURVE('',#8210,#8297,#8392,.T.);
#8392 = LINE('',#8393,#8394);
#8393 = CARTESIAN_POINT('',(1.775,2.4754,0.));
#8394 = VECTOR('',#8395,1.);
#8395 = DIRECTION('',(1.,0.,0.));
#8396 = PLANE('',#8397);
#8397 = AXIS2_PLACEMENT_3D('',#8398,#8399,#8400);
#8398 = CARTESIAN_POINT('',(1.775,0.7054,-4.000000000001E-04));
#8399 = DIRECTION('',(0.,-2.259886947942E-04,0.999999974465));
#8400 = DIRECTION('',(0.,0.999999974465,2.259886947942E-04));
#8401 = ADVANCED_FACE('',(#8402),#8408,.T.);
#8402 = FACE_BOUND('',#8403,.T.);
#8403 = EDGE_LOOP('',(#8404,#8405,#8406,#8407));
#8404 = ORIENTED_EDGE('',*,*,#8170,.F.);
#8405 = ORIENTED_EDGE('',*,*,#8195,.T.);
#8406 = ORIENTED_EDGE('',*,*,#8257,.T.);
#8407 = ORIENTED_EDGE('',*,*,#5536,.F.);
#8408 = PLANE('',#8409);
#8409 = AXIS2_PLACEMENT_3D('',#8410,#8411,#8412);
#8410 = CARTESIAN_POINT('',(-4.125,1.08,0.195));
#8411 = DIRECTION('',(0.,-2.22044604925E-16,-1.));
#8412 = DIRECTION('',(0.,-1.,2.22044604925E-16));
#8413 = ADVANCED_FACE('',(#8414),#8425,.F.);
#8414 = FACE_BOUND('',#8415,.F.);
#8415 = EDGE_LOOP('',(#8416,#8417,#8418,#8419));
#8416 = ORIENTED_EDGE('',*,*,#8035,.F.);
#8417 = ORIENTED_EDGE('',*,*,#5520,.T.);
#8418 = ORIENTED_EDGE('',*,*,#8122,.T.);
#8419 = ORIENTED_EDGE('',*,*,#8420,.F.);
#8420 = EDGE_CURVE('',#8036,#8123,#8421,.T.);
#8421 = LINE('',#8422,#8423);
#8422 = CARTESIAN_POINT('',(0.525,2.4754,0.));
#8423 = VECTOR('',#8424,1.);
#8424 = DIRECTION('',(1.,0.,0.));
#8425 = PLANE('',#8426);
#8426 = AXIS2_PLACEMENT_3D('',#8427,#8428,#8429);
#8427 = CARTESIAN_POINT('',(0.525,0.7054,-4.000000000001E-04));
#8428 = DIRECTION('',(0.,-2.259886947942E-04,0.999999974465));
#8429 = DIRECTION('',(0.,0.999999974465,2.259886947942E-04));
#8430 = ADVANCED_FACE('',(#8431),#8437,.T.);
#8431 = FACE_BOUND('',#8432,.T.);
#8432 = EDGE_LOOP('',(#8433,#8434,#8435,#8436));
#8433 = ORIENTED_EDGE('',*,*,#7996,.F.);
#8434 = ORIENTED_EDGE('',*,*,#8021,.T.);
#8435 = ORIENTED_EDGE('',*,*,#8083,.T.);
#8436 = ORIENTED_EDGE('',*,*,#5504,.F.);
#8437 = PLANE('',#8438);
#8438 = AXIS2_PLACEMENT_3D('',#8439,#8440,#8441);
#8439 = CARTESIAN_POINT('',(-4.125,1.08,0.195));
#8440 = DIRECTION('',(0.,-2.22044604925E-16,-1.));
#8441 = DIRECTION('',(0.,-1.,2.22044604925E-16));
#8442 = ADVANCED_FACE('',(#8443),#8454,.F.);
#8443 = FACE_BOUND('',#8444,.F.);
#8444 = EDGE_LOOP('',(#8445,#8446,#8447,#8448));
#8445 = ORIENTED_EDGE('',*,*,#7861,.F.);
#8446 = ORIENTED_EDGE('',*,*,#5488,.T.);
#8447 = ORIENTED_EDGE('',*,*,#7948,.T.);
#8448 = ORIENTED_EDGE('',*,*,#8449,.F.);
#8449 = EDGE_CURVE('',#7862,#7949,#8450,.T.);
#8450 = LINE('',#8451,#8452);
#8451 = CARTESIAN_POINT('',(-0.725,2.4754,0.));
#8452 = VECTOR('',#8453,1.);
#8453 = DIRECTION('',(1.,0.,0.));
#8454 = PLANE('',#8455);
#8455 = AXIS2_PLACEMENT_3D('',#8456,#8457,#8458);
#8456 = CARTESIAN_POINT('',(-0.725,0.7054,-4.000000000001E-04));
#8457 = DIRECTION('',(0.,-2.259886947942E-04,0.999999974465));
#8458 = DIRECTION('',(0.,0.999999974465,2.259886947942E-04));
#8459 = ADVANCED_FACE('',(#8460),#8466,.T.);
#8460 = FACE_BOUND('',#8461,.T.);
#8461 = EDGE_LOOP('',(#8462,#8463,#8464,#8465));
#8462 = ORIENTED_EDGE('',*,*,#7822,.F.);
#8463 = ORIENTED_EDGE('',*,*,#7847,.T.);
#8464 = ORIENTED_EDGE('',*,*,#7909,.T.);
#8465 = ORIENTED_EDGE('',*,*,#5472,.F.);
#8466 = PLANE('',#8467);
#8467 = AXIS2_PLACEMENT_3D('',#8468,#8469,#8470);
#8468 = CARTESIAN_POINT('',(-4.125,1.08,0.195));
#8469 = DIRECTION('',(0.,-2.22044604925E-16,-1.));
#8470 = DIRECTION('',(0.,-1.,2.22044604925E-16));
#8471 = ADVANCED_FACE('',(#8472),#8483,.F.);
#8472 = FACE_BOUND('',#8473,.F.);
#8473 = EDGE_LOOP('',(#8474,#8475,#8476,#8477));
#8474 = ORIENTED_EDGE('',*,*,#7692,.F.);
#8475 = ORIENTED_EDGE('',*,*,#5456,.T.);
#8476 = ORIENTED_EDGE('',*,*,#7774,.T.);
#8477 = ORIENTED_EDGE('',*,*,#8478,.F.);
#8478 = EDGE_CURVE('',#7693,#7775,#8479,.T.);
#8479 = LINE('',#8480,#8481);
#8480 = CARTESIAN_POINT('',(-1.975,2.4754,0.));
#8481 = VECTOR('',#8482,1.);
#8482 = DIRECTION('',(1.,0.,0.));
#8483 = PLANE('',#8484);
#8484 = AXIS2_PLACEMENT_3D('',#8485,#8486,#8487);
#8485 = CARTESIAN_POINT('',(-1.975,0.7054,-4.000000000001E-04));
#8486 = DIRECTION('',(0.,-2.259886947942E-04,0.999999974465));
#8487 = DIRECTION('',(0.,0.999999974465,2.259886947942E-04));
#8488 = ADVANCED_FACE('',(#8489),#8500,.F.);
#8489 = FACE_BOUND('',#8490,.F.);
#8490 = EDGE_LOOP('',(#8491,#8492,#8498,#8499));
#8491 = ORIENTED_EDGE('',*,*,#6031,.T.);
#8492 = ORIENTED_EDGE('',*,*,#8493,.T.);
#8493 = EDGE_CURVE('',#6024,#5650,#8494,.T.);
#8494 = LINE('',#8495,#8496);
#8495 = CARTESIAN_POINT('',(3.625,-1.82,0.595));
#8496 = VECTOR('',#8497,1.);
#8497 = DIRECTION('',(1.,0.,0.));
#8498 = ORIENTED_EDGE('',*,*,#5657,.T.);
#8499 = ORIENTED_EDGE('',*,*,#5689,.F.);
#8500 = PLANE('',#8501);
#8501 = AXIS2_PLACEMENT_3D('',#8502,#8503,#8504);
#8502 = CARTESIAN_POINT('',(3.625,-1.82,0.595));
#8503 = DIRECTION('',(0.,2.22044604925E-16,1.));
#8504 = DIRECTION('',(0.,1.,-2.22044604925E-16));
#8505 = ADVANCED_FACE('',(#8506),#8535,.F.);
#8506 = FACE_BOUND('',#8507,.F.);
#8507 = EDGE_LOOP('',(#8508,#8509,#8510,#8511,#8512,#8513,#8521,#8529));
#8508 = ORIENTED_EDGE('',*,*,#5991,.T.);
#8509 = ORIENTED_EDGE('',*,*,#5951,.T.);
#8510 = ORIENTED_EDGE('',*,*,#5649,.T.);
#8511 = ORIENTED_EDGE('',*,*,#8493,.F.);
#8512 = ORIENTED_EDGE('',*,*,#6023,.T.);
#8513 = ORIENTED_EDGE('',*,*,#8514,.F.);
#8514 = EDGE_CURVE('',#8515,#6016,#8517,.T.);
#8515 = VERTEX_POINT('',#8516);
#8516 = CARTESIAN_POINT('',(3.625,-1.82,0.8));
#8517 = LINE('',#8518,#8519);
#8518 = CARTESIAN_POINT('',(3.625,-1.82,0.8));
#8519 = VECTOR('',#8520,1.);
#8520 = DIRECTION('',(1.,0.,0.));
#8521 = ORIENTED_EDGE('',*,*,#8522,.F.);
#8522 = EDGE_CURVE('',#8523,#8515,#8525,.T.);
#8523 = VERTEX_POINT('',#8524);
#8524 = CARTESIAN_POINT('',(3.625,-1.82,1.51));
#8525 = LINE('',#8526,#8527);
#8526 = CARTESIAN_POINT('',(3.625,-1.82,1.945));
#8527 = VECTOR('',#8528,1.);
#8528 = DIRECTION('',(0.,-2.22044604925E-16,-1.));
#8529 = ORIENTED_EDGE('',*,*,#8530,.F.);
#8530 = EDGE_CURVE('',#5992,#8523,#8531,.T.);
#8531 = LINE('',#8532,#8533);
#8532 = CARTESIAN_POINT('',(3.625,-1.82,1.51));
#8533 = VECTOR('',#8534,1.);
#8534 = DIRECTION('',(-1.,0.,0.));
#8535 = PLANE('',#8536);
#8536 = AXIS2_PLACEMENT_3D('',#8537,#8538,#8539);
#8537 = CARTESIAN_POINT('',(3.625,-1.82,1.945));
#8538 = DIRECTION('',(0.,1.,-2.22044604925E-16));
#8539 = DIRECTION('',(0.,-2.22044604925E-16,-1.));
#8540 = ADVANCED_FACE('',(#8541),#8552,.F.);
#8541 = FACE_BOUND('',#8542,.F.);
#8542 = EDGE_LOOP('',(#8543,#8549,#8550,#8551));
#8543 = ORIENTED_EDGE('',*,*,#8544,.T.);
#8544 = EDGE_CURVE('',#7614,#5618,#8545,.T.);
#8545 = LINE('',#8546,#8547);
#8546 = CARTESIAN_POINT('',(3.625,0.98,3.595));
#8547 = VECTOR('',#8548,1.);
#8548 = DIRECTION('',(1.,0.,0.));
#8549 = ORIENTED_EDGE('',*,*,#5625,.T.);
#8550 = ORIENTED_EDGE('',*,*,#7644,.F.);
#8551 = ORIENTED_EDGE('',*,*,#7621,.F.);
#8552 = PLANE('',#8553);
#8553 = AXIS2_PLACEMENT_3D('',#8554,#8555,#8556);
#8554 = CARTESIAN_POINT('',(3.625,0.98,3.595));
#8555 = DIRECTION('',(0.,-2.22044604925E-16,-1.));
#8556 = DIRECTION('',(0.,-1.,2.22044604925E-16));
#8557 = ADVANCED_FACE('',(#8558),#8564,.F.);
#8558 = FACE_BOUND('',#8559,.F.);
#8559 = EDGE_LOOP('',(#8560,#8561,#8562,#8563));
#8560 = ORIENTED_EDGE('',*,*,#7677,.T.);
#8561 = ORIENTED_EDGE('',*,*,#5617,.T.);
#8562 = ORIENTED_EDGE('',*,*,#8544,.F.);
#8563 = ORIENTED_EDGE('',*,*,#7613,.F.);
#8564 = PLANE('',#8565);
#8565 = AXIS2_PLACEMENT_3D('',#8566,#8567,#8568);
#8566 = CARTESIAN_POINT('',(3.625,0.98,1.995));
#8567 = DIRECTION('',(0.,-1.,2.22044604925E-16));
#8568 = DIRECTION('',(0.,2.22044604925E-16,1.));
#8569 = ADVANCED_FACE('',(#8570),#8581,.T.);
#8570 = FACE_BOUND('',#8571,.T.);
#8571 = EDGE_LOOP('',(#8572,#8573,#8574,#8575));
#8572 = ORIENTED_EDGE('',*,*,#5737,.F.);
#8573 = ORIENTED_EDGE('',*,*,#5705,.F.);
#8574 = ORIENTED_EDGE('',*,*,#6038,.T.);
#8575 = ORIENTED_EDGE('',*,*,#8576,.F.);
#8576 = EDGE_CURVE('',#5730,#6039,#8577,.T.);
#8577 = LINE('',#8578,#8579);
#8578 = CARTESIAN_POINT('',(3.625,-0.255,0.37));
#8579 = VECTOR('',#8580,1.);
#8580 = DIRECTION('',(1.,0.,0.));
#8581 = PLANE('',#8582);
#8582 = AXIS2_PLACEMENT_3D('',#8583,#8584,#8585);
#8583 = CARTESIAN_POINT('',(3.625,0.235,0.37));
#8584 = DIRECTION('',(0.,0.,-1.));
#8585 = DIRECTION('',(0.,-1.,0.));
#8586 = ADVANCED_FACE('',(#8587),#8598,.T.);
#8587 = FACE_BOUND('',#8588,.T.);
#8588 = EDGE_LOOP('',(#8589,#8590,#8591,#8597));
#8589 = ORIENTED_EDGE('',*,*,#8576,.T.);
#8590 = ORIENTED_EDGE('',*,*,#6046,.T.);
#8591 = ORIENTED_EDGE('',*,*,#8592,.F.);
#8592 = EDGE_CURVE('',#5722,#5966,#8593,.T.);
#8593 = LINE('',#8594,#8595);
#8594 = CARTESIAN_POINT('',(3.625,-0.255,-1.665334536938E-16));
#8595 = VECTOR('',#8596,1.);
#8596 = DIRECTION('',(1.,0.,0.));
#8597 = ORIENTED_EDGE('',*,*,#5729,.F.);
#8598 = PLANE('',#8599);
#8599 = AXIS2_PLACEMENT_3D('',#8600,#8601,#8602);
#8600 = CARTESIAN_POINT('',(3.625,-0.255,0.37));
#8601 = DIRECTION('',(0.,1.,0.));
#8602 = DIRECTION('',(0.,0.,-1.));
#8603 = ADVANCED_FACE('',(#8604),#8616,.T.);
#8604 = FACE_BOUND('',#8605,.T.);
#8605 = EDGE_LOOP('',(#8606,#8607,#8608,#8614,#8615));
#8606 = ORIENTED_EDGE('',*,*,#8592,.T.);
#8607 = ORIENTED_EDGE('',*,*,#5965,.T.);
#8608 = ORIENTED_EDGE('',*,*,#8609,.F.);
#8609 = EDGE_CURVE('',#6085,#5968,#8610,.T.);
#8610 = LINE('',#8611,#8612);
#8611 = CARTESIAN_POINT('',(3.625,-2.475,0.));
#8612 = VECTOR('',#8613,1.);
#8613 = DIRECTION('',(1.,0.,0.));
#8614 = ORIENTED_EDGE('',*,*,#6084,.F.);
#8615 = ORIENTED_EDGE('',*,*,#5721,.F.);
#8616 = PLANE('',#8617);
#8617 = AXIS2_PLACEMENT_3D('',#8618,#8619,#8620);
#8618 = CARTESIAN_POINT('',(3.625,-0.255,-1.665334536938E-16));
#8619 = DIRECTION('',(0.,-7.501506923143E-17,-1.));
#8620 = DIRECTION('',(0.,-1.,7.501506923143E-17));
#8621 = ADVANCED_FACE('',(#8622),#8633,.T.);
#8622 = FACE_BOUND('',#8623,.T.);
#8623 = EDGE_LOOP('',(#8624,#8625,#8626,#8632));
#8624 = ORIENTED_EDGE('',*,*,#5795,.T.);
#8625 = ORIENTED_EDGE('',*,*,#5762,.T.);
#8626 = ORIENTED_EDGE('',*,*,#8627,.F.);
#8627 = EDGE_CURVE('',#5810,#5755,#8628,.T.);
#8628 = LINE('',#8629,#8630);
#8629 = CARTESIAN_POINT('',(-3.825,-0.255,-1.665334536938E-16));
#8630 = VECTOR('',#8631,1.);
#8631 = DIRECTION('',(1.,0.,0.));
#8632 = ORIENTED_EDGE('',*,*,#5862,.F.);
#8633 = PLANE('',#8634);
#8634 = AXIS2_PLACEMENT_3D('',#8635,#8636,#8637);
#8635 = CARTESIAN_POINT('',(-3.825,-0.255,0.37));
#8636 = DIRECTION('',(0.,1.,0.));
#8637 = DIRECTION('',(0.,0.,-1.));
#8638 = ADVANCED_FACE('',(#8639),#8651,.T.);
#8639 = FACE_BOUND('',#8640,.T.);
#8640 = EDGE_LOOP('',(#8641,#8642,#8643,#8644,#8650));
#8641 = ORIENTED_EDGE('',*,*,#8627,.T.);
#8642 = ORIENTED_EDGE('',*,*,#5754,.T.);
#8643 = ORIENTED_EDGE('',*,*,#6109,.T.);
#8644 = ORIENTED_EDGE('',*,*,#8645,.F.);
#8645 = EDGE_CURVE('',#5812,#6110,#8646,.T.);
#8646 = LINE('',#8647,#8648);
#8647 = CARTESIAN_POINT('',(-3.825,-2.475,0.));
#8648 = VECTOR('',#8649,1.);
#8649 = DIRECTION('',(1.,0.,0.));
#8650 = ORIENTED_EDGE('',*,*,#5809,.F.);
#8651 = PLANE('',#8652);
#8652 = AXIS2_PLACEMENT_3D('',#8653,#8654,#8655);
#8653 = CARTESIAN_POINT('',(-3.825,-0.255,-1.665334536938E-16));
#8654 = DIRECTION('',(0.,-7.501506923143E-17,-1.));
#8655 = DIRECTION('',(0.,-1.,7.501506923143E-17));
#8656 = ADVANCED_FACE('',(#8657),#8663,.T.);
#8657 = FACE_BOUND('',#8658,.T.);
#8658 = EDGE_LOOP('',(#8659,#8660,#8661,#8662));
#8659 = ORIENTED_EDGE('',*,*,#5927,.T.);
#8660 = ORIENTED_EDGE('',*,*,#5910,.T.);
#8661 = ORIENTED_EDGE('',*,*,#5877,.F.);
#8662 = ORIENTED_EDGE('',*,*,#5844,.F.);
#8663 = PLANE('',#8664);
#8664 = AXIS2_PLACEMENT_3D('',#8665,#8666,#8667);
#8665 = CARTESIAN_POINT('',(-3.825,-1.825,1.51));
#8666 = DIRECTION('',(0.,1.,0.));
#8667 = DIRECTION('',(0.,0.,-1.));
#8668 = ADVANCED_FACE('',(#8669),#8675,.T.);
#8669 = FACE_BOUND('',#8670,.T.);
#8670 = EDGE_LOOP('',(#8671,#8672,#8673,#8674));
#8671 = ORIENTED_EDGE('',*,*,#8645,.T.);
#8672 = ORIENTED_EDGE('',*,*,#6117,.T.);
#8673 = ORIENTED_EDGE('',*,*,#6142,.F.);
#8674 = ORIENTED_EDGE('',*,*,#5819,.F.);
#8675 = PLANE('',#8676);
#8676 = AXIS2_PLACEMENT_3D('',#8677,#8678,#8679);
#8677 = CARTESIAN_POINT('',(-3.825,-2.475,0.));
#8678 = DIRECTION('',(0.,-1.,0.));
#8679 = DIRECTION('',(0.,0.,1.));
#8680 = ADVANCED_FACE('',(#8681),#8699,.T.);
#8681 = FACE_BOUND('',#8682,.T.);
#8682 = EDGE_LOOP('',(#8683,#8691,#8697,#8698));
#8683 = ORIENTED_EDGE('',*,*,#8684,.F.);
#8684 = EDGE_CURVE('',#8685,#8515,#8687,.T.);
#8685 = VERTEX_POINT('',#8686);
#8686 = CARTESIAN_POINT('',(3.625,-1.825,0.8));
#8687 = LINE('',#8688,#8689);
#8688 = CARTESIAN_POINT('',(3.625,-1.825,0.8));
#8689 = VECTOR('',#8690,1.);
#8690 = DIRECTION('',(0.,1.,0.));
#8691 = ORIENTED_EDGE('',*,*,#8692,.T.);
#8692 = EDGE_CURVE('',#8685,#6008,#8693,.T.);
#8693 = LINE('',#8694,#8695);
#8694 = CARTESIAN_POINT('',(3.625,-1.825,0.8));
#8695 = VECTOR('',#8696,1.);
#8696 = DIRECTION('',(1.,0.,0.));
#8697 = ORIENTED_EDGE('',*,*,#6015,.T.);
#8698 = ORIENTED_EDGE('',*,*,#8514,.F.);
#8699 = PLANE('',#8700);
#8700 = AXIS2_PLACEMENT_3D('',#8701,#8702,#8703);
#8701 = CARTESIAN_POINT('',(3.625,-1.825,0.8));
#8702 = DIRECTION('',(0.,0.,1.));
#8703 = DIRECTION('',(0.,1.,0.));
#8704 = ADVANCED_FACE('',(#8705),#8723,.T.);
#8705 = FACE_BOUND('',#8706,.T.);
#8706 = EDGE_LOOP('',(#8707,#8715,#8716,#8717));
#8707 = ORIENTED_EDGE('',*,*,#8708,.T.);
#8708 = EDGE_CURVE('',#8709,#6000,#8711,.T.);
#8709 = VERTEX_POINT('',#8710);
#8710 = CARTESIAN_POINT('',(3.625,-1.825,1.51));
#8711 = LINE('',#8712,#8713);
#8712 = CARTESIAN_POINT('',(3.625,-1.825,1.51));
#8713 = VECTOR('',#8714,1.);
#8714 = DIRECTION('',(1.,0.,0.));
#8715 = ORIENTED_EDGE('',*,*,#6007,.T.);
#8716 = ORIENTED_EDGE('',*,*,#8692,.F.);
#8717 = ORIENTED_EDGE('',*,*,#8718,.F.);
#8718 = EDGE_CURVE('',#8709,#8685,#8719,.T.);
#8719 = LINE('',#8720,#8721);
#8720 = CARTESIAN_POINT('',(3.625,-1.825,1.51));
#8721 = VECTOR('',#8722,1.);
#8722 = DIRECTION('',(0.,0.,-1.));
#8723 = PLANE('',#8724);
#8724 = AXIS2_PLACEMENT_3D('',#8725,#8726,#8727);
#8725 = CARTESIAN_POINT('',(3.625,-1.825,1.51));
#8726 = DIRECTION('',(0.,1.,0.));
#8727 = DIRECTION('',(0.,0.,-1.));
#8728 = ADVANCED_FACE('',(#8729),#8740,.T.);
#8729 = FACE_BOUND('',#8730,.T.);
#8730 = EDGE_LOOP('',(#8731,#8737,#8738,#8739));
#8731 = ORIENTED_EDGE('',*,*,#8732,.F.);
#8732 = EDGE_CURVE('',#8523,#8709,#8733,.T.);
#8733 = LINE('',#8734,#8735);
#8734 = CARTESIAN_POINT('',(3.625,-0.275,1.51));
#8735 = VECTOR('',#8736,1.);
#8736 = DIRECTION('',(0.,-1.,0.));
#8737 = ORIENTED_EDGE('',*,*,#8530,.F.);
#8738 = ORIENTED_EDGE('',*,*,#5999,.T.);
#8739 = ORIENTED_EDGE('',*,*,#8708,.F.);
#8740 = PLANE('',#8741);
#8741 = AXIS2_PLACEMENT_3D('',#8742,#8743,#8744);
#8742 = CARTESIAN_POINT('',(3.625,-0.275,1.51));
#8743 = DIRECTION('',(0.,0.,-1.));
#8744 = DIRECTION('',(0.,-1.,0.));
#8745 = ADVANCED_FACE('',(#8746),#8752,.T.);
#8746 = FACE_BOUND('',#8747,.T.);
#8747 = EDGE_LOOP('',(#8748,#8749,#8750,#8751));
#8748 = ORIENTED_EDGE('',*,*,#8609,.T.);
#8749 = ORIENTED_EDGE('',*,*,#5975,.T.);
#8750 = ORIENTED_EDGE('',*,*,#6068,.F.);
#8751 = ORIENTED_EDGE('',*,*,#6092,.F.);
#8752 = PLANE('',#8753);
#8753 = AXIS2_PLACEMENT_3D('',#8754,#8755,#8756);
#8754 = CARTESIAN_POINT('',(3.625,-2.475,0.));
#8755 = DIRECTION('',(0.,-1.,0.));
#8756 = DIRECTION('',(0.,0.,1.));
#8757 = ADVANCED_FACE('',(#8758),#8775,.F.);
#8758 = FACE_BOUND('',#8759,.F.);
#8759 = EDGE_LOOP('',(#8760,#8768,#8774));
#8760 = ORIENTED_EDGE('',*,*,#8761,.T.);
#8761 = EDGE_CURVE('',#6211,#8762,#8764,.T.);
#8762 = VERTEX_POINT('',#8763);
#8763 = CARTESIAN_POINT('',(-1.225,-0.67,2.84));
#8764 = LINE('',#8765,#8766);
#8765 = CARTESIAN_POINT('',(-1.225,-0.67,2.44));
#8766 = VECTOR('',#8767,1.);
#8767 = DIRECTION('',(0.,2.22044604925E-16,1.));
#8768 = ORIENTED_EDGE('',*,*,#8769,.T.);
#8769 = EDGE_CURVE('',#8762,#6209,#8770,.T.);
#8770 = LINE('',#8771,#8772);
#8771 = CARTESIAN_POINT('',(-1.225,-0.67,2.84));
#8772 = VECTOR('',#8773,1.);
#8773 = DIRECTION('',(0.,-0.928476690885,-0.371390676354));
#8774 = ORIENTED_EDGE('',*,*,#6208,.T.);
#8775 = PLANE('',#8776);
#8776 = AXIS2_PLACEMENT_3D('',#8777,#8778,#8779);
#8777 = CARTESIAN_POINT('',(-1.225,-1.089258240357,2.559258240357));
#8778 = DIRECTION('',(1.,0.,0.));
#8779 = DIRECTION('',(0.,-1.,2.22044604925E-16));
#8780 = ADVANCED_FACE('',(#8781),#8799,.F.);
#8781 = FACE_BOUND('',#8782,.F.);
#8782 = EDGE_LOOP('',(#8783,#8791,#8797,#8798));
#8783 = ORIENTED_EDGE('',*,*,#8784,.T.);
#8784 = EDGE_CURVE('',#8762,#8785,#8787,.T.);
#8785 = VERTEX_POINT('',#8786);
#8786 = CARTESIAN_POINT('',(1.225,-0.67,2.84));
#8787 = LINE('',#8788,#8789);
#8788 = CARTESIAN_POINT('',(-1.225,-0.67,2.84));
#8789 = VECTOR('',#8790,1.);
#8790 = DIRECTION('',(1.,0.,0.));
#8791 = ORIENTED_EDGE('',*,*,#8792,.T.);
#8792 = EDGE_CURVE('',#8785,#6227,#8793,.T.);
#8793 = LINE('',#8794,#8795);
#8794 = CARTESIAN_POINT('',(1.225,-0.67,2.84));
#8795 = VECTOR('',#8796,1.);
#8796 = DIRECTION('',(0.,-0.928476690885,-0.371390676354));
#8797 = ORIENTED_EDGE('',*,*,#6234,.F.);
#8798 = ORIENTED_EDGE('',*,*,#8769,.F.);
#8799 = PLANE('',#8800);
#8800 = AXIS2_PLACEMENT_3D('',#8801,#8802,#8803);
#8801 = CARTESIAN_POINT('',(-1.225,-0.67,2.84));
#8802 = DIRECTION('',(0.,0.371390676354,-0.928476690885));
#8803 = DIRECTION('',(0.,-0.928476690885,-0.371390676354));
#8804 = ADVANCED_FACE('',(#8805),#8815,.T.);
#8805 = FACE_BOUND('',#8806,.T.);
#8806 = EDGE_LOOP('',(#8807,#8813,#8814));
#8807 = ORIENTED_EDGE('',*,*,#8808,.T.);
#8808 = EDGE_CURVE('',#6219,#8785,#8809,.T.);
#8809 = LINE('',#8810,#8811);
#8810 = CARTESIAN_POINT('',(1.225,-0.67,2.44));
#8811 = VECTOR('',#8812,1.);
#8812 = DIRECTION('',(0.,2.22044604925E-16,1.));
#8813 = ORIENTED_EDGE('',*,*,#8792,.T.);
#8814 = ORIENTED_EDGE('',*,*,#6226,.T.);
#8815 = PLANE('',#8816);
#8816 = AXIS2_PLACEMENT_3D('',#8817,#8818,#8819);
#8817 = CARTESIAN_POINT('',(1.225,-1.089258240357,2.559258240357));
#8818 = DIRECTION('',(1.,0.,0.));
#8819 = DIRECTION('',(0.,-1.,2.22044604925E-16));
#8820 = ADVANCED_FACE('',(#8821),#8827,.F.);
#8821 = FACE_BOUND('',#8822,.F.);
#8822 = EDGE_LOOP('',(#8823,#8824,#8825,#8826));
#8823 = ORIENTED_EDGE('',*,*,#6218,.T.);
#8824 = ORIENTED_EDGE('',*,*,#8808,.T.);
#8825 = ORIENTED_EDGE('',*,*,#8784,.F.);
#8826 = ORIENTED_EDGE('',*,*,#8761,.F.);
#8827 = PLANE('',#8828);
#8828 = AXIS2_PLACEMENT_3D('',#8829,#8830,#8831);
#8829 = CARTESIAN_POINT('',(-1.225,-0.67,2.44));
#8830 = DIRECTION('',(0.,-1.,2.22044604925E-16));
#8831 = DIRECTION('',(0.,2.22044604925E-16,1.));
#8832 = ADVANCED_FACE('',(#8833,#8951,#8985,#9019,#9053),#9087,.T.);
#8833 = FACE_BOUND('',#8834,.T.);
#8834 = EDGE_LOOP('',(#8835,#8836,#8837,#8838,#8839,#8840,#8841,#8842,
    #8850,#8858,#8864,#8865,#8866,#8867,#8868,#8869,#8877,#8885,#8891,
    #8892,#8893,#8894,#8895,#8896,#8904,#8912,#8918,#8919,#8920,#8921,
    #8922,#8923,#8931,#8939,#8945,#8946,#8947,#8948,#8949,#8950));
#8835 = ORIENTED_EDGE('',*,*,#6299,.T.);
#8836 = ORIENTED_EDGE('',*,*,#6268,.T.);
#8837 = ORIENTED_EDGE('',*,*,#6316,.T.);
#8838 = ORIENTED_EDGE('',*,*,#6364,.T.);
#8839 = ORIENTED_EDGE('',*,*,#6412,.T.);
#8840 = ORIENTED_EDGE('',*,*,#6460,.T.);
#8841 = ORIENTED_EDGE('',*,*,#6508,.T.);
#8842 = ORIENTED_EDGE('',*,*,#8843,.F.);
#8843 = EDGE_CURVE('',#8844,#6509,#8846,.T.);
#8844 = VERTEX_POINT('',#8845);
#8845 = CARTESIAN_POINT('',(1.975,0.13,1.7396));
#8846 = LINE('',#8847,#8848);
#8847 = CARTESIAN_POINT('',(1.975,0.13,1.356093728921));
#8848 = VECTOR('',#8849,1.);
#8849 = DIRECTION('',(-2.809082092746E-18,2.22044604925E-16,1.));
#8850 = ORIENTED_EDGE('',*,*,#8851,.T.);
#8851 = EDGE_CURVE('',#8844,#8852,#8854,.T.);
#8852 = VERTEX_POINT('',#8853);
#8853 = CARTESIAN_POINT('',(1.775,0.13,1.7396));
#8854 = LINE('',#8855,#8856);
#8855 = CARTESIAN_POINT('',(0.8875,0.13,1.7396));
#8856 = VECTOR('',#8857,1.);
#8857 = DIRECTION('',(-1.,7.73633724206E-47,0.));
#8858 = ORIENTED_EDGE('',*,*,#8859,.T.);
#8859 = EDGE_CURVE('',#8852,#6765,#8860,.T.);
#8860 = LINE('',#8861,#8862);
#8861 = CARTESIAN_POINT('',(1.775,0.13,1.356093728921));
#8862 = VECTOR('',#8863,1.);
#8863 = DIRECTION('',(-2.809082092746E-18,2.22044604925E-16,1.));
#8864 = ORIENTED_EDGE('',*,*,#6772,.T.);
#8865 = ORIENTED_EDGE('',*,*,#6836,.T.);
#8866 = ORIENTED_EDGE('',*,*,#6892,.T.);
#8867 = ORIENTED_EDGE('',*,*,#6940,.T.);
#8868 = ORIENTED_EDGE('',*,*,#6988,.T.);
#8869 = ORIENTED_EDGE('',*,*,#8870,.F.);
#8870 = EDGE_CURVE('',#8871,#6989,#8873,.T.);
#8871 = VERTEX_POINT('',#8872);
#8872 = CARTESIAN_POINT('',(0.725,0.13,1.7396));
#8873 = LINE('',#8874,#8875);
#8874 = CARTESIAN_POINT('',(0.725,0.13,1.356093728921));
#8875 = VECTOR('',#8876,1.);
#8876 = DIRECTION('',(-2.809082092746E-18,2.22044604925E-16,1.));
#8877 = ORIENTED_EDGE('',*,*,#8878,.T.);
#8878 = EDGE_CURVE('',#8871,#8879,#8881,.T.);
#8879 = VERTEX_POINT('',#8880);
#8880 = CARTESIAN_POINT('',(0.525,0.13,1.7396));
#8881 = LINE('',#8882,#8883);
#8882 = CARTESIAN_POINT('',(0.2625,0.13,1.7396));
#8883 = VECTOR('',#8884,1.);
#8884 = DIRECTION('',(-1.,7.73633724206E-47,0.));
#8885 = ORIENTED_EDGE('',*,*,#8886,.T.);
#8886 = EDGE_CURVE('',#8879,#7245,#8887,.T.);
#8887 = LINE('',#8888,#8889);
#8888 = CARTESIAN_POINT('',(0.525,0.13,1.356093728921));
#8889 = VECTOR('',#8890,1.);
#8890 = DIRECTION('',(-2.809082092746E-18,2.22044604925E-16,1.));
#8891 = ORIENTED_EDGE('',*,*,#7252,.T.);
#8892 = ORIENTED_EDGE('',*,*,#7316,.T.);
#8893 = ORIENTED_EDGE('',*,*,#7372,.T.);
#8894 = ORIENTED_EDGE('',*,*,#7396,.T.);
#8895 = ORIENTED_EDGE('',*,*,#7347,.T.);
#8896 = ORIENTED_EDGE('',*,*,#8897,.F.);
#8897 = EDGE_CURVE('',#8898,#7348,#8900,.T.);
#8898 = VERTEX_POINT('',#8899);
#8899 = CARTESIAN_POINT('',(-0.525,0.13,1.7396));
#8900 = LINE('',#8901,#8902);
#8901 = CARTESIAN_POINT('',(-0.525,0.13,1.356093728921));
#8902 = VECTOR('',#8903,1.);
#8903 = DIRECTION('',(-2.809082092746E-18,2.22044604925E-16,1.));
#8904 = ORIENTED_EDGE('',*,*,#8905,.T.);
#8905 = EDGE_CURVE('',#8898,#8906,#8908,.T.);
#8906 = VERTEX_POINT('',#8907);
#8907 = CARTESIAN_POINT('',(-0.725,0.13,1.7396));
#8908 = LINE('',#8909,#8910);
#8909 = CARTESIAN_POINT('',(-0.3625,0.13,1.7396));
#8910 = VECTOR('',#8911,1.);
#8911 = DIRECTION('',(-1.,7.73633724206E-47,0.));
#8912 = ORIENTED_EDGE('',*,*,#8913,.T.);
#8913 = EDGE_CURVE('',#8906,#7092,#8914,.T.);
#8914 = LINE('',#8915,#8916);
#8915 = CARTESIAN_POINT('',(-0.725,0.13,1.356093728921));
#8916 = VECTOR('',#8917,1.);
#8917 = DIRECTION('',(-2.809082092746E-18,2.22044604925E-16,1.));
#8918 = ORIENTED_EDGE('',*,*,#7099,.T.);
#8919 = ORIENTED_EDGE('',*,*,#7027,.T.);
#8920 = ORIENTED_EDGE('',*,*,#6971,.T.);
#8921 = ORIENTED_EDGE('',*,*,#6923,.T.);
#8922 = ORIENTED_EDGE('',*,*,#6867,.T.);
#8923 = ORIENTED_EDGE('',*,*,#8924,.F.);
#8924 = EDGE_CURVE('',#8925,#6868,#8927,.T.);
#8925 = VERTEX_POINT('',#8926);
#8926 = CARTESIAN_POINT('',(-1.775,0.13,1.7396));
#8927 = LINE('',#8928,#8929);
#8928 = CARTESIAN_POINT('',(-1.775,0.13,1.356093728921));
#8929 = VECTOR('',#8930,1.);
#8930 = DIRECTION('',(-2.809082092746E-18,2.22044604925E-16,1.));
#8931 = ORIENTED_EDGE('',*,*,#8932,.T.);
#8932 = EDGE_CURVE('',#8925,#8933,#8935,.T.);
#8933 = VERTEX_POINT('',#8934);
#8934 = CARTESIAN_POINT('',(-1.975,0.13,1.7396));
#8935 = LINE('',#8936,#8937);
#8936 = CARTESIAN_POINT('',(-0.9875,0.13,1.7396));
#8937 = VECTOR('',#8938,1.);
#8938 = DIRECTION('',(-1.,7.73633724206E-47,0.));
#8939 = ORIENTED_EDGE('',*,*,#8940,.T.);
#8940 = EDGE_CURVE('',#8933,#6612,#8941,.T.);
#8941 = LINE('',#8942,#8943);
#8942 = CARTESIAN_POINT('',(-1.975,0.13,1.356093728921));
#8943 = VECTOR('',#8944,1.);
#8944 = DIRECTION('',(-2.809082092746E-18,2.22044604925E-16,1.));
#8945 = ORIENTED_EDGE('',*,*,#6619,.T.);
#8946 = ORIENTED_EDGE('',*,*,#6547,.T.);
#8947 = ORIENTED_EDGE('',*,*,#6491,.T.);
#8948 = ORIENTED_EDGE('',*,*,#6443,.T.);
#8949 = ORIENTED_EDGE('',*,*,#6395,.T.);
#8950 = ORIENTED_EDGE('',*,*,#6347,.T.);
#8951 = FACE_BOUND('',#8952,.T.);
#8952 = EDGE_LOOP('',(#8953,#8963,#8971,#8979));
#8953 = ORIENTED_EDGE('',*,*,#8954,.T.);
#8954 = EDGE_CURVE('',#8955,#8957,#8959,.T.);
#8955 = VERTEX_POINT('',#8956);
#8956 = CARTESIAN_POINT('',(1.775,0.13,0.6696));
#8957 = VERTEX_POINT('',#8958);
#8958 = CARTESIAN_POINT('',(1.775,0.13,0.9996));
#8959 = LINE('',#8960,#8961);
#8960 = CARTESIAN_POINT('',(1.775,0.13,1.356093728921));
#8961 = VECTOR('',#8962,1.);
#8962 = DIRECTION('',(-2.809082092746E-18,2.22044604925E-16,1.));
#8963 = ORIENTED_EDGE('',*,*,#8964,.T.);
#8964 = EDGE_CURVE('',#8957,#8965,#8967,.T.);
#8965 = VERTEX_POINT('',#8966);
#8966 = CARTESIAN_POINT('',(1.975,0.13,0.9996));
#8967 = LINE('',#8968,#8969);
#8968 = CARTESIAN_POINT('',(0.8875,0.13,0.9996));
#8969 = VECTOR('',#8970,1.);
#8970 = DIRECTION('',(1.,-7.73633724206E-47,0.));
#8971 = ORIENTED_EDGE('',*,*,#8972,.F.);
#8972 = EDGE_CURVE('',#8973,#8965,#8975,.T.);
#8973 = VERTEX_POINT('',#8974);
#8974 = CARTESIAN_POINT('',(1.975,0.13,0.6696));
#8975 = LINE('',#8976,#8977);
#8976 = CARTESIAN_POINT('',(1.975,0.13,1.356093728921));
#8977 = VECTOR('',#8978,1.);
#8978 = DIRECTION('',(-2.809082092746E-18,2.22044604925E-16,1.));
#8979 = ORIENTED_EDGE('',*,*,#8980,.T.);
#8980 = EDGE_CURVE('',#8973,#8955,#8981,.T.);
#8981 = LINE('',#8982,#8983);
#8982 = CARTESIAN_POINT('',(0.8875,0.13,0.6696));
#8983 = VECTOR('',#8984,1.);
#8984 = DIRECTION('',(-1.,7.73633724206E-47,0.));
#8985 = FACE_BOUND('',#8986,.T.);
#8986 = EDGE_LOOP('',(#8987,#8997,#9005,#9013));
#8987 = ORIENTED_EDGE('',*,*,#8988,.T.);
#8988 = EDGE_CURVE('',#8989,#8991,#8993,.T.);
#8989 = VERTEX_POINT('',#8990);
#8990 = CARTESIAN_POINT('',(0.525,0.13,0.6696));
#8991 = VERTEX_POINT('',#8992);
#8992 = CARTESIAN_POINT('',(0.525,0.13,0.9996));
#8993 = LINE('',#8994,#8995);
#8994 = CARTESIAN_POINT('',(0.525,0.13,1.356093728921));
#8995 = VECTOR('',#8996,1.);
#8996 = DIRECTION('',(-2.809082092746E-18,2.22044604925E-16,1.));
#8997 = ORIENTED_EDGE('',*,*,#8998,.T.);
#8998 = EDGE_CURVE('',#8991,#8999,#9001,.T.);
#8999 = VERTEX_POINT('',#9000);
#9000 = CARTESIAN_POINT('',(0.725,0.13,0.9996));
#9001 = LINE('',#9002,#9003);
#9002 = CARTESIAN_POINT('',(0.2625,0.13,0.9996));
#9003 = VECTOR('',#9004,1.);
#9004 = DIRECTION('',(1.,-7.73633724206E-47,0.));
#9005 = ORIENTED_EDGE('',*,*,#9006,.F.);
#9006 = EDGE_CURVE('',#9007,#8999,#9009,.T.);
#9007 = VERTEX_POINT('',#9008);
#9008 = CARTESIAN_POINT('',(0.725,0.13,0.6696));
#9009 = LINE('',#9010,#9011);
#9010 = CARTESIAN_POINT('',(0.725,0.13,1.356093728921));
#9011 = VECTOR('',#9012,1.);
#9012 = DIRECTION('',(-2.809082092746E-18,2.22044604925E-16,1.));
#9013 = ORIENTED_EDGE('',*,*,#9014,.T.);
#9014 = EDGE_CURVE('',#9007,#8989,#9015,.T.);
#9015 = LINE('',#9016,#9017);
#9016 = CARTESIAN_POINT('',(0.2625,0.13,0.6696));
#9017 = VECTOR('',#9018,1.);
#9018 = DIRECTION('',(-1.,7.73633724206E-47,0.));
#9019 = FACE_BOUND('',#9020,.T.);
#9020 = EDGE_LOOP('',(#9021,#9031,#9039,#9047));
#9021 = ORIENTED_EDGE('',*,*,#9022,.T.);
#9022 = EDGE_CURVE('',#9023,#9025,#9027,.T.);
#9023 = VERTEX_POINT('',#9024);
#9024 = CARTESIAN_POINT('',(-0.725,0.13,0.6696));
#9025 = VERTEX_POINT('',#9026);
#9026 = CARTESIAN_POINT('',(-0.725,0.13,0.9996));
#9027 = LINE('',#9028,#9029);
#9028 = CARTESIAN_POINT('',(-0.725,0.13,1.356093728921));
#9029 = VECTOR('',#9030,1.);
#9030 = DIRECTION('',(-2.809082092746E-18,2.22044604925E-16,1.));
#9031 = ORIENTED_EDGE('',*,*,#9032,.T.);
#9032 = EDGE_CURVE('',#9025,#9033,#9035,.T.);
#9033 = VERTEX_POINT('',#9034);
#9034 = CARTESIAN_POINT('',(-0.525,0.13,0.9996));
#9035 = LINE('',#9036,#9037);
#9036 = CARTESIAN_POINT('',(-0.3625,0.13,0.9996));
#9037 = VECTOR('',#9038,1.);
#9038 = DIRECTION('',(1.,-7.73633724206E-47,0.));
#9039 = ORIENTED_EDGE('',*,*,#9040,.F.);
#9040 = EDGE_CURVE('',#9041,#9033,#9043,.T.);
#9041 = VERTEX_POINT('',#9042);
#9042 = CARTESIAN_POINT('',(-0.525,0.13,0.6696));
#9043 = LINE('',#9044,#9045);
#9044 = CARTESIAN_POINT('',(-0.525,0.13,1.356093728921));
#9045 = VECTOR('',#9046,1.);
#9046 = DIRECTION('',(-2.809082092746E-18,2.22044604925E-16,1.));
#9047 = ORIENTED_EDGE('',*,*,#9048,.T.);
#9048 = EDGE_CURVE('',#9041,#9023,#9049,.T.);
#9049 = LINE('',#9050,#9051);
#9050 = CARTESIAN_POINT('',(-0.3625,0.13,0.6696));
#9051 = VECTOR('',#9052,1.);
#9052 = DIRECTION('',(-1.,7.73633724206E-47,0.));
#9053 = FACE_BOUND('',#9054,.T.);
#9054 = EDGE_LOOP('',(#9055,#9065,#9073,#9081));
#9055 = ORIENTED_EDGE('',*,*,#9056,.T.);
#9056 = EDGE_CURVE('',#9057,#9059,#9061,.T.);
#9057 = VERTEX_POINT('',#9058);
#9058 = CARTESIAN_POINT('',(-1.775,0.13,0.6696));
#9059 = VERTEX_POINT('',#9060);
#9060 = CARTESIAN_POINT('',(-1.975,0.13,0.6696));
#9061 = LINE('',#9062,#9063);
#9062 = CARTESIAN_POINT('',(-0.9875,0.13,0.6696));
#9063 = VECTOR('',#9064,1.);
#9064 = DIRECTION('',(-1.,7.73633724206E-47,0.));
#9065 = ORIENTED_EDGE('',*,*,#9066,.T.);
#9066 = EDGE_CURVE('',#9059,#9067,#9069,.T.);
#9067 = VERTEX_POINT('',#9068);
#9068 = CARTESIAN_POINT('',(-1.975,0.13,0.9996));
#9069 = LINE('',#9070,#9071);
#9070 = CARTESIAN_POINT('',(-1.975,0.13,1.356093728921));
#9071 = VECTOR('',#9072,1.);
#9072 = DIRECTION('',(-2.809082092746E-18,2.22044604925E-16,1.));
#9073 = ORIENTED_EDGE('',*,*,#9074,.T.);
#9074 = EDGE_CURVE('',#9067,#9075,#9077,.T.);
#9075 = VERTEX_POINT('',#9076);
#9076 = CARTESIAN_POINT('',(-1.775,0.13,0.9996));
#9077 = LINE('',#9078,#9079);
#9078 = CARTESIAN_POINT('',(-0.9875,0.13,0.9996));
#9079 = VECTOR('',#9080,1.);
#9080 = DIRECTION('',(1.,-7.73633724206E-47,0.));
#9081 = ORIENTED_EDGE('',*,*,#9082,.F.);
#9082 = EDGE_CURVE('',#9057,#9075,#9083,.T.);
#9083 = LINE('',#9084,#9085);
#9084 = CARTESIAN_POINT('',(-1.775,0.13,1.356093728921));
#9085 = VECTOR('',#9086,1.);
#9086 = DIRECTION('',(-2.809082092746E-18,2.22044604925E-16,1.));
#9087 = PLANE('',#9088);
#9088 = AXIS2_PLACEMENT_3D('',#9089,#9090,#9091);
#9089 = CARTESIAN_POINT('',(0.,0.13,1.584903846154));
#9090 = DIRECTION('',(-7.73633724206E-47,-1.,2.22044604925E-16));
#9091 = DIRECTION('',(0.,2.22044604925E-16,1.));
#9092 = ADVANCED_FACE('',(#9093),#9119,.T.);
#9093 = FACE_BOUND('',#9094,.T.);
#9094 = EDGE_LOOP('',(#9095,#9096,#9097,#9105,#9113));
#9095 = ORIENTED_EDGE('',*,*,#8843,.T.);
#9096 = ORIENTED_EDGE('',*,*,#6516,.F.);
#9097 = ORIENTED_EDGE('',*,*,#9098,.T.);
#9098 = EDGE_CURVE('',#6517,#9099,#9101,.T.);
#9099 = VERTEX_POINT('',#9100);
#9100 = CARTESIAN_POINT('',(1.975,-1.8446,1.6696));
#9101 = LINE('',#9102,#9103);
#9102 = CARTESIAN_POINT('',(1.975,-2.2446,2.0696));
#9103 = VECTOR('',#9104,1.);
#9104 = DIRECTION('',(0.,0.707106781187,-0.707106781187));
#9105 = ORIENTED_EDGE('',*,*,#9106,.T.);
#9106 = EDGE_CURVE('',#9099,#9107,#9109,.T.);
#9107 = VERTEX_POINT('',#9108);
#9108 = CARTESIAN_POINT('',(1.975,-1.8446,1.7396));
#9109 = LINE('',#9110,#9111);
#9110 = CARTESIAN_POINT('',(1.975,-1.8446,1.6696));
#9111 = VECTOR('',#9112,1.);
#9112 = DIRECTION('',(0.,0.,1.));
#9113 = ORIENTED_EDGE('',*,*,#9114,.T.);
#9114 = EDGE_CURVE('',#9107,#8844,#9115,.T.);
#9115 = LINE('',#9116,#9117);
#9116 = CARTESIAN_POINT('',(1.975,-1.8446,1.7396));
#9117 = VECTOR('',#9118,1.);
#9118 = DIRECTION('',(0.,1.,0.));
#9119 = PLANE('',#9120);
#9120 = AXIS2_PLACEMENT_3D('',#9121,#9122,#9123);
#9121 = CARTESIAN_POINT('',(1.975,1.293108022955E-02,1.127283611688));
#9122 = DIRECTION('',(1.,-1.250603656852E-18,2.809082092746E-18));
#9123 = DIRECTION('',(-2.809082092746E-18,0.,1.));
#9124 = ADVANCED_FACE('',(#9125),#9136,.T.);
#9125 = FACE_BOUND('',#9126,.T.);
#9126 = EDGE_LOOP('',(#9127,#9133,#9134,#9135));
#9127 = ORIENTED_EDGE('',*,*,#9128,.T.);
#9128 = EDGE_CURVE('',#6702,#6574,#9129,.T.);
#9129 = LINE('',#9130,#9131);
#9130 = CARTESIAN_POINT('',(0.8875,0.13,2.0696));
#9131 = VECTOR('',#9132,1.);
#9132 = DIRECTION('',(1.,-7.73633724206E-47,0.));
#9133 = ORIENTED_EDGE('',*,*,#6581,.T.);
#9134 = ORIENTED_EDGE('',*,*,#6636,.T.);
#9135 = ORIENTED_EDGE('',*,*,#6701,.T.);
#9136 = PLANE('',#9137);
#9137 = AXIS2_PLACEMENT_3D('',#9138,#9139,#9140);
#9138 = CARTESIAN_POINT('',(0.,0.13,1.584903846154));
#9139 = DIRECTION('',(-7.73633724206E-47,-1.,2.22044604925E-16));
#9140 = DIRECTION('',(0.,2.22044604925E-16,1.));
#9141 = ADVANCED_FACE('',(#9142),#9153,.F.);
#9142 = FACE_BOUND('',#9143,.F.);
#9143 = EDGE_LOOP('',(#9144,#9145,#9146,#9147));
#9144 = ORIENTED_EDGE('',*,*,#6709,.F.);
#9145 = ORIENTED_EDGE('',*,*,#9128,.T.);
#9146 = ORIENTED_EDGE('',*,*,#6573,.T.);
#9147 = ORIENTED_EDGE('',*,*,#9148,.F.);
#9148 = EDGE_CURVE('',#6710,#6566,#9149,.T.);
#9149 = LINE('',#9150,#9151);
#9150 = CARTESIAN_POINT('',(1.775,-2.2446,2.0696));
#9151 = VECTOR('',#9152,1.);
#9152 = DIRECTION('',(1.,0.,0.));
#9153 = PLANE('',#9154);
#9154 = AXIS2_PLACEMENT_3D('',#9155,#9156,#9157);
#9155 = CARTESIAN_POINT('',(1.775,1.1054,2.0696));
#9156 = DIRECTION('',(0.,0.,-1.));
#9157 = DIRECTION('',(0.,-1.,0.));
#9158 = ADVANCED_FACE('',(#9159),#9179,.F.);
#9159 = FACE_BOUND('',#9160,.F.);
#9160 = EDGE_LOOP('',(#9161,#9162,#9163,#9164,#9172,#9178));
#9161 = ORIENTED_EDGE('',*,*,#9148,.T.);
#9162 = ORIENTED_EDGE('',*,*,#6565,.T.);
#9163 = ORIENTED_EDGE('',*,*,#9098,.T.);
#9164 = ORIENTED_EDGE('',*,*,#9165,.F.);
#9165 = EDGE_CURVE('',#9166,#9099,#9168,.T.);
#9166 = VERTEX_POINT('',#9167);
#9167 = CARTESIAN_POINT('',(1.775,-1.8446,1.6696));
#9168 = LINE('',#9169,#9170);
#9169 = CARTESIAN_POINT('',(1.775,-1.8446,1.6696));
#9170 = VECTOR('',#9171,1.);
#9171 = DIRECTION('',(1.,0.,0.));
#9172 = ORIENTED_EDGE('',*,*,#9173,.F.);
#9173 = EDGE_CURVE('',#6718,#9166,#9174,.T.);
#9174 = LINE('',#9175,#9176);
#9175 = CARTESIAN_POINT('',(1.775,-2.2446,2.0696));
#9176 = VECTOR('',#9177,1.);
#9177 = DIRECTION('',(0.,0.707106781187,-0.707106781187));
#9178 = ORIENTED_EDGE('',*,*,#6717,.F.);
#9179 = PLANE('',#9180);
#9180 = AXIS2_PLACEMENT_3D('',#9181,#9182,#9183);
#9181 = CARTESIAN_POINT('',(1.775,-2.2446,2.0696));
#9182 = DIRECTION('',(0.,0.707106781187,0.707106781187));
#9183 = DIRECTION('',(0.,0.707106781187,-0.707106781187));
#9184 = ADVANCED_FACE('',(#9185),#9211,.F.);
#9185 = FACE_BOUND('',#9186,.F.);
#9186 = EDGE_LOOP('',(#9187,#9188,#9189,#9197,#9205));
#9187 = ORIENTED_EDGE('',*,*,#8940,.T.);
#9188 = ORIENTED_EDGE('',*,*,#6611,.F.);
#9189 = ORIENTED_EDGE('',*,*,#9190,.T.);
#9190 = EDGE_CURVE('',#6604,#9191,#9193,.T.);
#9191 = VERTEX_POINT('',#9192);
#9192 = CARTESIAN_POINT('',(-1.975,-1.8446,1.6696));
#9193 = LINE('',#9194,#9195);
#9194 = CARTESIAN_POINT('',(-1.975,-2.2446,2.0696));
#9195 = VECTOR('',#9196,1.);
#9196 = DIRECTION('',(0.,0.707106781187,-0.707106781187));
#9197 = ORIENTED_EDGE('',*,*,#9198,.T.);
#9198 = EDGE_CURVE('',#9191,#9199,#9201,.T.);
#9199 = VERTEX_POINT('',#9200);
#9200 = CARTESIAN_POINT('',(-1.975,-1.8446,1.7396));
#9201 = LINE('',#9202,#9203);
#9202 = CARTESIAN_POINT('',(-1.975,-1.8446,1.6696));
#9203 = VECTOR('',#9204,1.);
#9204 = DIRECTION('',(0.,0.,1.));
#9205 = ORIENTED_EDGE('',*,*,#9206,.T.);
#9206 = EDGE_CURVE('',#9199,#8933,#9207,.T.);
#9207 = LINE('',#9208,#9209);
#9208 = CARTESIAN_POINT('',(-1.975,-1.8446,1.7396));
#9209 = VECTOR('',#9210,1.);
#9210 = DIRECTION('',(0.,1.,0.));
#9211 = PLANE('',#9212);
#9212 = AXIS2_PLACEMENT_3D('',#9213,#9214,#9215);
#9213 = CARTESIAN_POINT('',(-1.975,1.293108022955E-02,1.127283611688));
#9214 = DIRECTION('',(1.,-1.250603656852E-18,2.809082092746E-18));
#9215 = DIRECTION('',(-2.809082092746E-18,0.,1.));
#9216 = ADVANCED_FACE('',(#9217),#9242,.F.);
#9217 = FACE_BOUND('',#9218,.F.);
#9218 = EDGE_LOOP('',(#9219,#9225,#9226,#9234,#9240,#9241));
#9219 = ORIENTED_EDGE('',*,*,#9220,.T.);
#9220 = EDGE_CURVE('',#6677,#6805,#9221,.T.);
#9221 = LINE('',#9222,#9223);
#9222 = CARTESIAN_POINT('',(-1.975,-2.2446,2.0696));
#9223 = VECTOR('',#9224,1.);
#9224 = DIRECTION('',(1.,0.,0.));
#9225 = ORIENTED_EDGE('',*,*,#6804,.T.);
#9226 = ORIENTED_EDGE('',*,*,#9227,.T.);
#9227 = EDGE_CURVE('',#6797,#9228,#9230,.T.);
#9228 = VERTEX_POINT('',#9229);
#9229 = CARTESIAN_POINT('',(-1.775,-1.8446,1.6696));
#9230 = LINE('',#9231,#9232);
#9231 = CARTESIAN_POINT('',(-1.775,-2.2446,2.0696));
#9232 = VECTOR('',#9233,1.);
#9233 = DIRECTION('',(0.,0.707106781187,-0.707106781187));
#9234 = ORIENTED_EDGE('',*,*,#9235,.F.);
#9235 = EDGE_CURVE('',#9191,#9228,#9236,.T.);
#9236 = LINE('',#9237,#9238);
#9237 = CARTESIAN_POINT('',(-1.975,-1.8446,1.6696));
#9238 = VECTOR('',#9239,1.);
#9239 = DIRECTION('',(1.,0.,0.));
#9240 = ORIENTED_EDGE('',*,*,#9190,.F.);
#9241 = ORIENTED_EDGE('',*,*,#6684,.F.);
#9242 = PLANE('',#9243);
#9243 = AXIS2_PLACEMENT_3D('',#9244,#9245,#9246);
#9244 = CARTESIAN_POINT('',(-1.975,-2.2446,2.0696));
#9245 = DIRECTION('',(0.,0.707106781187,0.707106781187));
#9246 = DIRECTION('',(0.,0.707106781187,-0.707106781187));
#9247 = ADVANCED_FACE('',(#9248),#9259,.F.);
#9248 = FACE_BOUND('',#9249,.F.);
#9249 = EDGE_LOOP('',(#9250,#9251,#9257,#9258));
#9250 = ORIENTED_EDGE('',*,*,#6676,.F.);
#9251 = ORIENTED_EDGE('',*,*,#9252,.T.);
#9252 = EDGE_CURVE('',#6669,#6813,#9253,.T.);
#9253 = LINE('',#9254,#9255);
#9254 = CARTESIAN_POINT('',(-0.9875,0.13,2.0696));
#9255 = VECTOR('',#9256,1.);
#9256 = DIRECTION('',(1.,-7.73633724206E-47,0.));
#9257 = ORIENTED_EDGE('',*,*,#6812,.T.);
#9258 = ORIENTED_EDGE('',*,*,#9220,.F.);
#9259 = PLANE('',#9260);
#9260 = AXIS2_PLACEMENT_3D('',#9261,#9262,#9263);
#9261 = CARTESIAN_POINT('',(-1.975,1.1054,2.0696));
#9262 = DIRECTION('',(0.,0.,-1.));
#9263 = DIRECTION('',(0.,-1.,0.));
#9264 = ADVANCED_FACE('',(#9265),#9271,.T.);
#9265 = FACE_BOUND('',#9266,.T.);
#9266 = EDGE_LOOP('',(#9267,#9268,#9269,#9270));
#9267 = ORIENTED_EDGE('',*,*,#6668,.T.);
#9268 = ORIENTED_EDGE('',*,*,#9252,.T.);
#9269 = ORIENTED_EDGE('',*,*,#6820,.T.);
#9270 = ORIENTED_EDGE('',*,*,#6747,.T.);
#9271 = PLANE('',#9272);
#9272 = AXIS2_PLACEMENT_3D('',#9273,#9274,#9275);
#9273 = CARTESIAN_POINT('',(0.,0.13,1.584903846154));
#9274 = DIRECTION('',(-7.73633724206E-47,-1.,2.22044604925E-16));
#9275 = DIRECTION('',(0.,2.22044604925E-16,1.));
#9276 = ADVANCED_FACE('',(#9277),#9296,.F.);
#9277 = FACE_BOUND('',#9278,.F.);
#9278 = EDGE_LOOP('',(#9279,#9280,#9281,#9282,#9290));
#9279 = ORIENTED_EDGE('',*,*,#8859,.T.);
#9280 = ORIENTED_EDGE('',*,*,#6764,.F.);
#9281 = ORIENTED_EDGE('',*,*,#9173,.T.);
#9282 = ORIENTED_EDGE('',*,*,#9283,.T.);
#9283 = EDGE_CURVE('',#9166,#9284,#9286,.T.);
#9284 = VERTEX_POINT('',#9285);
#9285 = CARTESIAN_POINT('',(1.775,-1.8446,1.7396));
#9286 = LINE('',#9287,#9288);
#9287 = CARTESIAN_POINT('',(1.775,-1.8446,1.6696));
#9288 = VECTOR('',#9289,1.);
#9289 = DIRECTION('',(0.,0.,1.));
#9290 = ORIENTED_EDGE('',*,*,#9291,.T.);
#9291 = EDGE_CURVE('',#9284,#8852,#9292,.T.);
#9292 = LINE('',#9293,#9294);
#9293 = CARTESIAN_POINT('',(1.775,-1.8446,1.7396));
#9294 = VECTOR('',#9295,1.);
#9295 = DIRECTION('',(0.,1.,0.));
#9296 = PLANE('',#9297);
#9297 = AXIS2_PLACEMENT_3D('',#9298,#9299,#9300);
#9298 = CARTESIAN_POINT('',(1.775,1.293108022955E-02,1.127283611688));
#9299 = DIRECTION('',(1.,-1.250603656852E-18,2.809082092746E-18));
#9300 = DIRECTION('',(-2.809082092746E-18,0.,1.));
#9301 = ADVANCED_FACE('',(#9302),#9321,.T.);
#9302 = FACE_BOUND('',#9303,.T.);
#9303 = EDGE_LOOP('',(#9304,#9305,#9306,#9307,#9315));
#9304 = ORIENTED_EDGE('',*,*,#8924,.T.);
#9305 = ORIENTED_EDGE('',*,*,#6875,.F.);
#9306 = ORIENTED_EDGE('',*,*,#9227,.T.);
#9307 = ORIENTED_EDGE('',*,*,#9308,.T.);
#9308 = EDGE_CURVE('',#9228,#9309,#9311,.T.);
#9309 = VERTEX_POINT('',#9310);
#9310 = CARTESIAN_POINT('',(-1.775,-1.8446,1.7396));
#9311 = LINE('',#9312,#9313);
#9312 = CARTESIAN_POINT('',(-1.775,-1.8446,1.6696));
#9313 = VECTOR('',#9314,1.);
#9314 = DIRECTION('',(0.,0.,1.));
#9315 = ORIENTED_EDGE('',*,*,#9316,.T.);
#9316 = EDGE_CURVE('',#9309,#8925,#9317,.T.);
#9317 = LINE('',#9318,#9319);
#9318 = CARTESIAN_POINT('',(-1.775,-1.8446,1.7396));
#9319 = VECTOR('',#9320,1.);
#9320 = DIRECTION('',(0.,1.,0.));
#9321 = PLANE('',#9322);
#9322 = AXIS2_PLACEMENT_3D('',#9323,#9324,#9325);
#9323 = CARTESIAN_POINT('',(-1.775,1.293108022955E-02,1.127283611688));
#9324 = DIRECTION('',(1.,-1.250603656852E-18,2.809082092746E-18));
#9325 = DIRECTION('',(-2.809082092746E-18,0.,1.));
#9326 = ADVANCED_FACE('',(#9327),#9353,.T.);
#9327 = FACE_BOUND('',#9328,.T.);
#9328 = EDGE_LOOP('',(#9329,#9330,#9331,#9339,#9347));
#9329 = ORIENTED_EDGE('',*,*,#8870,.T.);
#9330 = ORIENTED_EDGE('',*,*,#6996,.F.);
#9331 = ORIENTED_EDGE('',*,*,#9332,.T.);
#9332 = EDGE_CURVE('',#6997,#9333,#9335,.T.);
#9333 = VERTEX_POINT('',#9334);
#9334 = CARTESIAN_POINT('',(0.725,-1.8446,1.6696));
#9335 = LINE('',#9336,#9337);
#9336 = CARTESIAN_POINT('',(0.725,-2.2446,2.0696));
#9337 = VECTOR('',#9338,1.);
#9338 = DIRECTION('',(0.,0.707106781187,-0.707106781187));
#9339 = ORIENTED_EDGE('',*,*,#9340,.T.);
#9340 = EDGE_CURVE('',#9333,#9341,#9343,.T.);
#9341 = VERTEX_POINT('',#9342);
#9342 = CARTESIAN_POINT('',(0.725,-1.8446,1.7396));
#9343 = LINE('',#9344,#9345);
#9344 = CARTESIAN_POINT('',(0.725,-1.8446,1.6696));
#9345 = VECTOR('',#9346,1.);
#9346 = DIRECTION('',(0.,0.,1.));
#9347 = ORIENTED_EDGE('',*,*,#9348,.T.);
#9348 = EDGE_CURVE('',#9341,#8871,#9349,.T.);
#9349 = LINE('',#9350,#9351);
#9350 = CARTESIAN_POINT('',(0.725,-1.8446,1.7396));
#9351 = VECTOR('',#9352,1.);
#9352 = DIRECTION('',(0.,1.,0.));
#9353 = PLANE('',#9354);
#9354 = AXIS2_PLACEMENT_3D('',#9355,#9356,#9357);
#9355 = CARTESIAN_POINT('',(0.725,1.293108022955E-02,1.127283611688));
#9356 = DIRECTION('',(1.,-1.250603656852E-18,2.809082092746E-18));
#9357 = DIRECTION('',(-2.809082092746E-18,0.,1.));
#9358 = ADVANCED_FACE('',(#9359),#9370,.T.);
#9359 = FACE_BOUND('',#9360,.T.);
#9360 = EDGE_LOOP('',(#9361,#9367,#9368,#9369));
#9361 = ORIENTED_EDGE('',*,*,#9362,.T.);
#9362 = EDGE_CURVE('',#7182,#7054,#9363,.T.);
#9363 = LINE('',#9364,#9365);
#9364 = CARTESIAN_POINT('',(0.2625,0.13,2.0696));
#9365 = VECTOR('',#9366,1.);
#9366 = DIRECTION('',(1.,-7.73633724206E-47,0.));
#9367 = ORIENTED_EDGE('',*,*,#7061,.T.);
#9368 = ORIENTED_EDGE('',*,*,#7116,.T.);
#9369 = ORIENTED_EDGE('',*,*,#7181,.T.);
#9370 = PLANE('',#9371);
#9371 = AXIS2_PLACEMENT_3D('',#9372,#9373,#9374);
#9372 = CARTESIAN_POINT('',(0.,0.13,1.584903846154));
#9373 = DIRECTION('',(-7.73633724206E-47,-1.,2.22044604925E-16));
#9374 = DIRECTION('',(0.,2.22044604925E-16,1.));
#9375 = ADVANCED_FACE('',(#9376),#9387,.F.);
#9376 = FACE_BOUND('',#9377,.F.);
#9377 = EDGE_LOOP('',(#9378,#9379,#9380,#9381));
#9378 = ORIENTED_EDGE('',*,*,#7189,.F.);
#9379 = ORIENTED_EDGE('',*,*,#9362,.T.);
#9380 = ORIENTED_EDGE('',*,*,#7053,.T.);
#9381 = ORIENTED_EDGE('',*,*,#9382,.F.);
#9382 = EDGE_CURVE('',#7190,#7046,#9383,.T.);
#9383 = LINE('',#9384,#9385);
#9384 = CARTESIAN_POINT('',(0.525,-2.2446,2.0696));
#9385 = VECTOR('',#9386,1.);
#9386 = DIRECTION('',(1.,0.,0.));
#9387 = PLANE('',#9388);
#9388 = AXIS2_PLACEMENT_3D('',#9389,#9390,#9391);
#9389 = CARTESIAN_POINT('',(0.525,1.1054,2.0696));
#9390 = DIRECTION('',(0.,0.,-1.));
#9391 = DIRECTION('',(0.,-1.,0.));
#9392 = ADVANCED_FACE('',(#9393),#9413,.F.);
#9393 = FACE_BOUND('',#9394,.F.);
#9394 = EDGE_LOOP('',(#9395,#9396,#9397,#9398,#9406,#9412));
#9395 = ORIENTED_EDGE('',*,*,#9382,.T.);
#9396 = ORIENTED_EDGE('',*,*,#7045,.T.);
#9397 = ORIENTED_EDGE('',*,*,#9332,.T.);
#9398 = ORIENTED_EDGE('',*,*,#9399,.F.);
#9399 = EDGE_CURVE('',#9400,#9333,#9402,.T.);
#9400 = VERTEX_POINT('',#9401);
#9401 = CARTESIAN_POINT('',(0.525,-1.8446,1.6696));
#9402 = LINE('',#9403,#9404);
#9403 = CARTESIAN_POINT('',(0.525,-1.8446,1.6696));
#9404 = VECTOR('',#9405,1.);
#9405 = DIRECTION('',(1.,0.,0.));
#9406 = ORIENTED_EDGE('',*,*,#9407,.F.);
#9407 = EDGE_CURVE('',#7198,#9400,#9408,.T.);
#9408 = LINE('',#9409,#9410);
#9409 = CARTESIAN_POINT('',(0.525,-2.2446,2.0696));
#9410 = VECTOR('',#9411,1.);
#9411 = DIRECTION('',(0.,0.707106781187,-0.707106781187));
#9412 = ORIENTED_EDGE('',*,*,#7197,.F.);
#9413 = PLANE('',#9414);
#9414 = AXIS2_PLACEMENT_3D('',#9415,#9416,#9417);
#9415 = CARTESIAN_POINT('',(0.525,-2.2446,2.0696));
#9416 = DIRECTION('',(0.,0.707106781187,0.707106781187));
#9417 = DIRECTION('',(0.,0.707106781187,-0.707106781187));
#9418 = ADVANCED_FACE('',(#9419),#9445,.F.);
#9419 = FACE_BOUND('',#9420,.F.);
#9420 = EDGE_LOOP('',(#9421,#9422,#9423,#9431,#9439));
#9421 = ORIENTED_EDGE('',*,*,#8913,.T.);
#9422 = ORIENTED_EDGE('',*,*,#7091,.F.);
#9423 = ORIENTED_EDGE('',*,*,#9424,.T.);
#9424 = EDGE_CURVE('',#7084,#9425,#9427,.T.);
#9425 = VERTEX_POINT('',#9426);
#9426 = CARTESIAN_POINT('',(-0.725,-1.8446,1.6696));
#9427 = LINE('',#9428,#9429);
#9428 = CARTESIAN_POINT('',(-0.725,-2.2446,2.0696));
#9429 = VECTOR('',#9430,1.);
#9430 = DIRECTION('',(0.,0.707106781187,-0.707106781187));
#9431 = ORIENTED_EDGE('',*,*,#9432,.T.);
#9432 = EDGE_CURVE('',#9425,#9433,#9435,.T.);
#9433 = VERTEX_POINT('',#9434);
#9434 = CARTESIAN_POINT('',(-0.725,-1.8446,1.7396));
#9435 = LINE('',#9436,#9437);
#9436 = CARTESIAN_POINT('',(-0.725,-1.8446,1.6696));
#9437 = VECTOR('',#9438,1.);
#9438 = DIRECTION('',(0.,0.,1.));
#9439 = ORIENTED_EDGE('',*,*,#9440,.T.);
#9440 = EDGE_CURVE('',#9433,#8906,#9441,.T.);
#9441 = LINE('',#9442,#9443);
#9442 = CARTESIAN_POINT('',(-0.725,-1.8446,1.7396));
#9443 = VECTOR('',#9444,1.);
#9444 = DIRECTION('',(0.,1.,0.));
#9445 = PLANE('',#9446);
#9446 = AXIS2_PLACEMENT_3D('',#9447,#9448,#9449);
#9447 = CARTESIAN_POINT('',(-0.725,1.293108022955E-02,1.127283611688));
#9448 = DIRECTION('',(1.,-1.250603656852E-18,2.809082092746E-18));
#9449 = DIRECTION('',(-2.809082092746E-18,0.,1.));
#9450 = ADVANCED_FACE('',(#9451),#9476,.F.);
#9451 = FACE_BOUND('',#9452,.F.);
#9452 = EDGE_LOOP('',(#9453,#9459,#9460,#9468,#9474,#9475));
#9453 = ORIENTED_EDGE('',*,*,#9454,.T.);
#9454 = EDGE_CURVE('',#7157,#7285,#9455,.T.);
#9455 = LINE('',#9456,#9457);
#9456 = CARTESIAN_POINT('',(-0.725,-2.2446,2.0696));
#9457 = VECTOR('',#9458,1.);
#9458 = DIRECTION('',(1.,0.,0.));
#9459 = ORIENTED_EDGE('',*,*,#7284,.T.);
#9460 = ORIENTED_EDGE('',*,*,#9461,.T.);
#9461 = EDGE_CURVE('',#7277,#9462,#9464,.T.);
#9462 = VERTEX_POINT('',#9463);
#9463 = CARTESIAN_POINT('',(-0.525,-1.8446,1.6696));
#9464 = LINE('',#9465,#9466);
#9465 = CARTESIAN_POINT('',(-0.525,-2.2446,2.0696));
#9466 = VECTOR('',#9467,1.);
#9467 = DIRECTION('',(0.,0.707106781187,-0.707106781187));
#9468 = ORIENTED_EDGE('',*,*,#9469,.F.);
#9469 = EDGE_CURVE('',#9425,#9462,#9470,.T.);
#9470 = LINE('',#9471,#9472);
#9471 = CARTESIAN_POINT('',(-0.725,-1.8446,1.6696));
#9472 = VECTOR('',#9473,1.);
#9473 = DIRECTION('',(1.,0.,0.));
#9474 = ORIENTED_EDGE('',*,*,#9424,.F.);
#9475 = ORIENTED_EDGE('',*,*,#7164,.F.);
#9476 = PLANE('',#9477);
#9477 = AXIS2_PLACEMENT_3D('',#9478,#9479,#9480);
#9478 = CARTESIAN_POINT('',(-0.725,-2.2446,2.0696));
#9479 = DIRECTION('',(0.,0.707106781187,0.707106781187));
#9480 = DIRECTION('',(0.,0.707106781187,-0.707106781187));
#9481 = ADVANCED_FACE('',(#9482),#9493,.F.);
#9482 = FACE_BOUND('',#9483,.F.);
#9483 = EDGE_LOOP('',(#9484,#9485,#9491,#9492));
#9484 = ORIENTED_EDGE('',*,*,#7156,.F.);
#9485 = ORIENTED_EDGE('',*,*,#9486,.T.);
#9486 = EDGE_CURVE('',#7149,#7293,#9487,.T.);
#9487 = LINE('',#9488,#9489);
#9488 = CARTESIAN_POINT('',(-0.3625,0.13,2.0696));
#9489 = VECTOR('',#9490,1.);
#9490 = DIRECTION('',(1.,-7.73633724206E-47,0.));
#9491 = ORIENTED_EDGE('',*,*,#7292,.T.);
#9492 = ORIENTED_EDGE('',*,*,#9454,.F.);
#9493 = PLANE('',#9494);
#9494 = AXIS2_PLACEMENT_3D('',#9495,#9496,#9497);
#9495 = CARTESIAN_POINT('',(-0.725,1.1054,2.0696));
#9496 = DIRECTION('',(0.,0.,-1.));
#9497 = DIRECTION('',(0.,-1.,0.));
#9498 = ADVANCED_FACE('',(#9499),#9505,.T.);
#9499 = FACE_BOUND('',#9500,.T.);
#9500 = EDGE_LOOP('',(#9501,#9502,#9503,#9504));
#9501 = ORIENTED_EDGE('',*,*,#7148,.T.);
#9502 = ORIENTED_EDGE('',*,*,#9486,.T.);
#9503 = ORIENTED_EDGE('',*,*,#7300,.T.);
#9504 = ORIENTED_EDGE('',*,*,#7227,.T.);
#9505 = PLANE('',#9506);
#9506 = AXIS2_PLACEMENT_3D('',#9507,#9508,#9509);
#9507 = CARTESIAN_POINT('',(0.,0.13,1.584903846154));
#9508 = DIRECTION('',(-7.73633724206E-47,-1.,2.22044604925E-16));
#9509 = DIRECTION('',(0.,2.22044604925E-16,1.));
#9510 = ADVANCED_FACE('',(#9511),#9530,.F.);
#9511 = FACE_BOUND('',#9512,.F.);
#9512 = EDGE_LOOP('',(#9513,#9514,#9515,#9516,#9524));
#9513 = ORIENTED_EDGE('',*,*,#8886,.T.);
#9514 = ORIENTED_EDGE('',*,*,#7244,.F.);
#9515 = ORIENTED_EDGE('',*,*,#9407,.T.);
#9516 = ORIENTED_EDGE('',*,*,#9517,.T.);
#9517 = EDGE_CURVE('',#9400,#9518,#9520,.T.);
#9518 = VERTEX_POINT('',#9519);
#9519 = CARTESIAN_POINT('',(0.525,-1.8446,1.7396));
#9520 = LINE('',#9521,#9522);
#9521 = CARTESIAN_POINT('',(0.525,-1.8446,1.6696));
#9522 = VECTOR('',#9523,1.);
#9523 = DIRECTION('',(0.,0.,1.));
#9524 = ORIENTED_EDGE('',*,*,#9525,.T.);
#9525 = EDGE_CURVE('',#9518,#8879,#9526,.T.);
#9526 = LINE('',#9527,#9528);
#9527 = CARTESIAN_POINT('',(0.525,-1.8446,1.7396));
#9528 = VECTOR('',#9529,1.);
#9529 = DIRECTION('',(0.,1.,0.));
#9530 = PLANE('',#9531);
#9531 = AXIS2_PLACEMENT_3D('',#9532,#9533,#9534);
#9532 = CARTESIAN_POINT('',(0.525,1.293108022955E-02,1.127283611688));
#9533 = DIRECTION('',(1.,-1.250603656852E-18,2.809082092746E-18));
#9534 = DIRECTION('',(-2.809082092746E-18,0.,1.));
#9535 = ADVANCED_FACE('',(#9536),#9555,.T.);
#9536 = FACE_BOUND('',#9537,.T.);
#9537 = EDGE_LOOP('',(#9538,#9539,#9540,#9541,#9549));
#9538 = ORIENTED_EDGE('',*,*,#8897,.T.);
#9539 = ORIENTED_EDGE('',*,*,#7355,.F.);
#9540 = ORIENTED_EDGE('',*,*,#9461,.T.);
#9541 = ORIENTED_EDGE('',*,*,#9542,.T.);
#9542 = EDGE_CURVE('',#9462,#9543,#9545,.T.);
#9543 = VERTEX_POINT('',#9544);
#9544 = CARTESIAN_POINT('',(-0.525,-1.8446,1.7396));
#9545 = LINE('',#9546,#9547);
#9546 = CARTESIAN_POINT('',(-0.525,-1.8446,1.6696));
#9547 = VECTOR('',#9548,1.);
#9548 = DIRECTION('',(0.,0.,1.));
#9549 = ORIENTED_EDGE('',*,*,#9550,.T.);
#9550 = EDGE_CURVE('',#9543,#8898,#9551,.T.);
#9551 = LINE('',#9552,#9553);
#9552 = CARTESIAN_POINT('',(-0.525,-1.8446,1.7396));
#9553 = VECTOR('',#9554,1.);
#9554 = DIRECTION('',(0.,1.,0.));
#9555 = PLANE('',#9556);
#9556 = AXIS2_PLACEMENT_3D('',#9557,#9558,#9559);
#9557 = CARTESIAN_POINT('',(-0.525,1.293108022955E-02,1.127283611688));
#9558 = DIRECTION('',(1.,-1.250603656852E-18,2.809082092746E-18));
#9559 = DIRECTION('',(-2.809082092746E-18,0.,1.));
#9560 = ADVANCED_FACE('',(#9561),#9567,.T.);
#9561 = FACE_BOUND('',#9562,.T.);
#9562 = EDGE_LOOP('',(#9563,#9564,#9565,#9566));
#9563 = ORIENTED_EDGE('',*,*,#7420,.F.);
#9564 = ORIENTED_EDGE('',*,*,#7467,.T.);
#9565 = ORIENTED_EDGE('',*,*,#7492,.T.);
#9566 = ORIENTED_EDGE('',*,*,#7443,.F.);
#9567 = PLANE('',#9568);
#9568 = AXIS2_PLACEMENT_3D('',#9569,#9570,#9571);
#9569 = CARTESIAN_POINT('',(-3.775,-1.47,3.295));
#9570 = DIRECTION('',(0.,-1.,2.22044604925E-16));
#9571 = DIRECTION('',(1.,0.,0.));
#9572 = ADVANCED_FACE('',(#9573),#9579,.T.);
#9573 = FACE_BOUND('',#9574,.T.);
#9574 = EDGE_LOOP('',(#9575,#9576,#9577,#9578));
#9575 = ORIENTED_EDGE('',*,*,#7516,.F.);
#9576 = ORIENTED_EDGE('',*,*,#7563,.T.);
#9577 = ORIENTED_EDGE('',*,*,#7588,.T.);
#9578 = ORIENTED_EDGE('',*,*,#7539,.F.);
#9579 = PLANE('',#9580);
#9580 = AXIS2_PLACEMENT_3D('',#9581,#9582,#9583);
#9581 = CARTESIAN_POINT('',(2.675,-1.47,3.295));
#9582 = DIRECTION('',(0.,-1.,2.22044604925E-16));
#9583 = DIRECTION('',(1.,0.,0.));
#9584 = ADVANCED_FACE('',(#9585),#9596,.F.);
#9585 = FACE_BOUND('',#9586,.F.);
#9586 = EDGE_LOOP('',(#9587,#9593,#9594,#9595));
#9587 = ORIENTED_EDGE('',*,*,#9588,.T.);
#9588 = EDGE_CURVE('',#7717,#7799,#9589,.T.);
#9589 = LINE('',#9590,#9591);
#9590 = CARTESIAN_POINT('',(-1.975,1.7754,0.65));
#9591 = VECTOR('',#9592,1.);
#9592 = DIRECTION('',(1.,0.,0.));
#9593 = ORIENTED_EDGE('',*,*,#7806,.T.);
#9594 = ORIENTED_EDGE('',*,*,#7751,.F.);
#9595 = ORIENTED_EDGE('',*,*,#7724,.F.);
#9596 = PLANE('',#9597);
#9597 = AXIS2_PLACEMENT_3D('',#9598,#9599,#9600);
#9598 = CARTESIAN_POINT('',(-1.975,1.7754,0.65));
#9599 = DIRECTION('',(0.,0.,-1.));
#9600 = DIRECTION('',(0.,-1.,0.));
#9601 = ADVANCED_FACE('',(#9602),#9613,.F.);
#9602 = FACE_BOUND('',#9603,.F.);
#9603 = EDGE_LOOP('',(#9604,#9610,#9611,#9612));
#9604 = ORIENTED_EDGE('',*,*,#9605,.T.);
#9605 = EDGE_CURVE('',#7709,#7791,#9606,.T.);
#9606 = LINE('',#9607,#9608);
#9607 = CARTESIAN_POINT('',(-1.975,1.7754,0.3));
#9608 = VECTOR('',#9609,1.);
#9609 = DIRECTION('',(1.,0.,0.));
#9610 = ORIENTED_EDGE('',*,*,#7798,.T.);
#9611 = ORIENTED_EDGE('',*,*,#9588,.F.);
#9612 = ORIENTED_EDGE('',*,*,#7716,.F.);
#9613 = PLANE('',#9614);
#9614 = AXIS2_PLACEMENT_3D('',#9615,#9616,#9617);
#9615 = CARTESIAN_POINT('',(-1.975,1.7754,0.3));
#9616 = DIRECTION('',(0.,-1.,0.));
#9617 = DIRECTION('',(0.,0.,1.));
#9618 = ADVANCED_FACE('',(#9619),#9630,.F.);
#9619 = FACE_BOUND('',#9620,.F.);
#9620 = EDGE_LOOP('',(#9621,#9627,#9628,#9629));
#9621 = ORIENTED_EDGE('',*,*,#9622,.T.);
#9622 = EDGE_CURVE('',#7701,#7783,#9623,.T.);
#9623 = LINE('',#9624,#9625);
#9624 = CARTESIAN_POINT('',(-1.975,2.4754,0.3));
#9625 = VECTOR('',#9626,1.);
#9626 = DIRECTION('',(1.,0.,0.));
#9627 = ORIENTED_EDGE('',*,*,#7790,.T.);
#9628 = ORIENTED_EDGE('',*,*,#9605,.F.);
#9629 = ORIENTED_EDGE('',*,*,#7708,.F.);
#9630 = PLANE('',#9631);
#9631 = AXIS2_PLACEMENT_3D('',#9632,#9633,#9634);
#9632 = CARTESIAN_POINT('',(-1.975,2.4754,0.3));
#9633 = DIRECTION('',(0.,0.,-1.));
#9634 = DIRECTION('',(0.,-1.,0.));
#9635 = ADVANCED_FACE('',(#9636),#9642,.F.);
#9636 = FACE_BOUND('',#9637,.F.);
#9637 = EDGE_LOOP('',(#9638,#9639,#9640,#9641));
#9638 = ORIENTED_EDGE('',*,*,#8478,.T.);
#9639 = ORIENTED_EDGE('',*,*,#7782,.T.);
#9640 = ORIENTED_EDGE('',*,*,#9622,.F.);
#9641 = ORIENTED_EDGE('',*,*,#7700,.F.);
#9642 = PLANE('',#9643);
#9643 = AXIS2_PLACEMENT_3D('',#9644,#9645,#9646);
#9644 = CARTESIAN_POINT('',(-1.975,2.4754,0.));
#9645 = DIRECTION('',(0.,-1.,0.));
#9646 = DIRECTION('',(-7.401486830834E-16,0.,1.));
#9647 = ADVANCED_FACE('',(#9648),#9659,.F.);
#9648 = FACE_BOUND('',#9649,.F.);
#9649 = EDGE_LOOP('',(#9650,#9656,#9657,#9658));
#9650 = ORIENTED_EDGE('',*,*,#9651,.T.);
#9651 = EDGE_CURVE('',#7886,#7973,#9652,.T.);
#9652 = LINE('',#9653,#9654);
#9653 = CARTESIAN_POINT('',(-0.725,1.7754,0.65));
#9654 = VECTOR('',#9655,1.);
#9655 = DIRECTION('',(1.,0.,0.));
#9656 = ORIENTED_EDGE('',*,*,#7980,.T.);
#9657 = ORIENTED_EDGE('',*,*,#7925,.F.);
#9658 = ORIENTED_EDGE('',*,*,#7893,.F.);
#9659 = PLANE('',#9660);
#9660 = AXIS2_PLACEMENT_3D('',#9661,#9662,#9663);
#9661 = CARTESIAN_POINT('',(-0.725,1.7754,0.65));
#9662 = DIRECTION('',(0.,0.,-1.));
#9663 = DIRECTION('',(0.,-1.,0.));
#9664 = ADVANCED_FACE('',(#9665),#9676,.F.);
#9665 = FACE_BOUND('',#9666,.F.);
#9666 = EDGE_LOOP('',(#9667,#9673,#9674,#9675));
#9667 = ORIENTED_EDGE('',*,*,#9668,.T.);
#9668 = EDGE_CURVE('',#7878,#7965,#9669,.T.);
#9669 = LINE('',#9670,#9671);
#9670 = CARTESIAN_POINT('',(-0.725,1.7754,0.3));
#9671 = VECTOR('',#9672,1.);
#9672 = DIRECTION('',(1.,0.,0.));
#9673 = ORIENTED_EDGE('',*,*,#7972,.T.);
#9674 = ORIENTED_EDGE('',*,*,#9651,.F.);
#9675 = ORIENTED_EDGE('',*,*,#7885,.F.);
#9676 = PLANE('',#9677);
#9677 = AXIS2_PLACEMENT_3D('',#9678,#9679,#9680);
#9678 = CARTESIAN_POINT('',(-0.725,1.7754,0.3));
#9679 = DIRECTION('',(0.,-1.,0.));
#9680 = DIRECTION('',(0.,0.,1.));
#9681 = ADVANCED_FACE('',(#9682),#9693,.F.);
#9682 = FACE_BOUND('',#9683,.F.);
#9683 = EDGE_LOOP('',(#9684,#9690,#9691,#9692));
#9684 = ORIENTED_EDGE('',*,*,#9685,.T.);
#9685 = EDGE_CURVE('',#7870,#7957,#9686,.T.);
#9686 = LINE('',#9687,#9688);
#9687 = CARTESIAN_POINT('',(-0.725,2.4754,0.3));
#9688 = VECTOR('',#9689,1.);
#9689 = DIRECTION('',(1.,0.,0.));
#9690 = ORIENTED_EDGE('',*,*,#7964,.T.);
#9691 = ORIENTED_EDGE('',*,*,#9668,.F.);
#9692 = ORIENTED_EDGE('',*,*,#7877,.F.);
#9693 = PLANE('',#9694);
#9694 = AXIS2_PLACEMENT_3D('',#9695,#9696,#9697);
#9695 = CARTESIAN_POINT('',(-0.725,2.4754,0.3));
#9696 = DIRECTION('',(0.,0.,-1.));
#9697 = DIRECTION('',(0.,-1.,0.));
#9698 = ADVANCED_FACE('',(#9699),#9705,.F.);
#9699 = FACE_BOUND('',#9700,.F.);
#9700 = EDGE_LOOP('',(#9701,#9702,#9703,#9704));
#9701 = ORIENTED_EDGE('',*,*,#8449,.T.);
#9702 = ORIENTED_EDGE('',*,*,#7956,.T.);
#9703 = ORIENTED_EDGE('',*,*,#9685,.F.);
#9704 = ORIENTED_EDGE('',*,*,#7869,.F.);
#9705 = PLANE('',#9706);
#9706 = AXIS2_PLACEMENT_3D('',#9707,#9708,#9709);
#9707 = CARTESIAN_POINT('',(-0.725,2.4754,0.));
#9708 = DIRECTION('',(0.,-1.,0.));
#9709 = DIRECTION('',(-7.401486830834E-16,0.,1.));
#9710 = ADVANCED_FACE('',(#9711),#9722,.F.);
#9711 = FACE_BOUND('',#9712,.F.);
#9712 = EDGE_LOOP('',(#9713,#9719,#9720,#9721));
#9713 = ORIENTED_EDGE('',*,*,#9714,.T.);
#9714 = EDGE_CURVE('',#8060,#8147,#9715,.T.);
#9715 = LINE('',#9716,#9717);
#9716 = CARTESIAN_POINT('',(0.525,1.7754,0.65));
#9717 = VECTOR('',#9718,1.);
#9718 = DIRECTION('',(1.,0.,0.));
#9719 = ORIENTED_EDGE('',*,*,#8154,.T.);
#9720 = ORIENTED_EDGE('',*,*,#8099,.F.);
#9721 = ORIENTED_EDGE('',*,*,#8067,.F.);
#9722 = PLANE('',#9723);
#9723 = AXIS2_PLACEMENT_3D('',#9724,#9725,#9726);
#9724 = CARTESIAN_POINT('',(0.525,1.7754,0.65));
#9725 = DIRECTION('',(0.,0.,-1.));
#9726 = DIRECTION('',(0.,-1.,0.));
#9727 = ADVANCED_FACE('',(#9728),#9739,.F.);
#9728 = FACE_BOUND('',#9729,.F.);
#9729 = EDGE_LOOP('',(#9730,#9736,#9737,#9738));
#9730 = ORIENTED_EDGE('',*,*,#9731,.T.);
#9731 = EDGE_CURVE('',#8052,#8139,#9732,.T.);
#9732 = LINE('',#9733,#9734);
#9733 = CARTESIAN_POINT('',(0.525,1.7754,0.3));
#9734 = VECTOR('',#9735,1.);
#9735 = DIRECTION('',(1.,0.,0.));
#9736 = ORIENTED_EDGE('',*,*,#8146,.T.);
#9737 = ORIENTED_EDGE('',*,*,#9714,.F.);
#9738 = ORIENTED_EDGE('',*,*,#8059,.F.);
#9739 = PLANE('',#9740);
#9740 = AXIS2_PLACEMENT_3D('',#9741,#9742,#9743);
#9741 = CARTESIAN_POINT('',(0.525,1.7754,0.3));
#9742 = DIRECTION('',(0.,-1.,0.));
#9743 = DIRECTION('',(0.,0.,1.));
#9744 = ADVANCED_FACE('',(#9745),#9756,.F.);
#9745 = FACE_BOUND('',#9746,.F.);
#9746 = EDGE_LOOP('',(#9747,#9753,#9754,#9755));
#9747 = ORIENTED_EDGE('',*,*,#9748,.T.);
#9748 = EDGE_CURVE('',#8044,#8131,#9749,.T.);
#9749 = LINE('',#9750,#9751);
#9750 = CARTESIAN_POINT('',(0.525,2.4754,0.3));
#9751 = VECTOR('',#9752,1.);
#9752 = DIRECTION('',(1.,0.,0.));
#9753 = ORIENTED_EDGE('',*,*,#8138,.T.);
#9754 = ORIENTED_EDGE('',*,*,#9731,.F.);
#9755 = ORIENTED_EDGE('',*,*,#8051,.F.);
#9756 = PLANE('',#9757);
#9757 = AXIS2_PLACEMENT_3D('',#9758,#9759,#9760);
#9758 = CARTESIAN_POINT('',(0.525,2.4754,0.3));
#9759 = DIRECTION('',(0.,0.,-1.));
#9760 = DIRECTION('',(0.,-1.,0.));
#9761 = ADVANCED_FACE('',(#9762),#9768,.F.);
#9762 = FACE_BOUND('',#9763,.F.);
#9763 = EDGE_LOOP('',(#9764,#9765,#9766,#9767));
#9764 = ORIENTED_EDGE('',*,*,#8420,.T.);
#9765 = ORIENTED_EDGE('',*,*,#8130,.T.);
#9766 = ORIENTED_EDGE('',*,*,#9748,.F.);
#9767 = ORIENTED_EDGE('',*,*,#8043,.F.);
#9768 = PLANE('',#9769);
#9769 = AXIS2_PLACEMENT_3D('',#9770,#9771,#9772);
#9770 = CARTESIAN_POINT('',(0.525,2.4754,0.));
#9771 = DIRECTION('',(0.,-1.,0.));
#9772 = DIRECTION('',(-7.401486830834E-16,0.,1.));
#9773 = ADVANCED_FACE('',(#9774),#9785,.F.);
#9774 = FACE_BOUND('',#9775,.F.);
#9775 = EDGE_LOOP('',(#9776,#9782,#9783,#9784));
#9776 = ORIENTED_EDGE('',*,*,#9777,.T.);
#9777 = EDGE_CURVE('',#8234,#8321,#9778,.T.);
#9778 = LINE('',#9779,#9780);
#9779 = CARTESIAN_POINT('',(1.775,1.7754,0.65));
#9780 = VECTOR('',#9781,1.);
#9781 = DIRECTION('',(1.,0.,0.));
#9782 = ORIENTED_EDGE('',*,*,#8328,.T.);
#9783 = ORIENTED_EDGE('',*,*,#8273,.F.);
#9784 = ORIENTED_EDGE('',*,*,#8241,.F.);
#9785 = PLANE('',#9786);
#9786 = AXIS2_PLACEMENT_3D('',#9787,#9788,#9789);
#9787 = CARTESIAN_POINT('',(1.775,1.7754,0.65));
#9788 = DIRECTION('',(0.,0.,-1.));
#9789 = DIRECTION('',(0.,-1.,0.));
#9790 = ADVANCED_FACE('',(#9791),#9802,.F.);
#9791 = FACE_BOUND('',#9792,.F.);
#9792 = EDGE_LOOP('',(#9793,#9799,#9800,#9801));
#9793 = ORIENTED_EDGE('',*,*,#9794,.T.);
#9794 = EDGE_CURVE('',#8226,#8313,#9795,.T.);
#9795 = LINE('',#9796,#9797);
#9796 = CARTESIAN_POINT('',(1.775,1.7754,0.3));
#9797 = VECTOR('',#9798,1.);
#9798 = DIRECTION('',(1.,0.,0.));
#9799 = ORIENTED_EDGE('',*,*,#8320,.T.);
#9800 = ORIENTED_EDGE('',*,*,#9777,.F.);
#9801 = ORIENTED_EDGE('',*,*,#8233,.F.);
#9802 = PLANE('',#9803);
#9803 = AXIS2_PLACEMENT_3D('',#9804,#9805,#9806);
#9804 = CARTESIAN_POINT('',(1.775,1.7754,0.3));
#9805 = DIRECTION('',(0.,-1.,0.));
#9806 = DIRECTION('',(0.,0.,1.));
#9807 = ADVANCED_FACE('',(#9808),#9819,.F.);
#9808 = FACE_BOUND('',#9809,.F.);
#9809 = EDGE_LOOP('',(#9810,#9816,#9817,#9818));
#9810 = ORIENTED_EDGE('',*,*,#9811,.T.);
#9811 = EDGE_CURVE('',#8218,#8305,#9812,.T.);
#9812 = LINE('',#9813,#9814);
#9813 = CARTESIAN_POINT('',(1.775,2.4754,0.3));
#9814 = VECTOR('',#9815,1.);
#9815 = DIRECTION('',(1.,0.,0.));
#9816 = ORIENTED_EDGE('',*,*,#8312,.T.);
#9817 = ORIENTED_EDGE('',*,*,#9794,.F.);
#9818 = ORIENTED_EDGE('',*,*,#8225,.F.);
#9819 = PLANE('',#9820);
#9820 = AXIS2_PLACEMENT_3D('',#9821,#9822,#9823);
#9821 = CARTESIAN_POINT('',(1.775,2.4754,0.3));
#9822 = DIRECTION('',(0.,0.,-1.));
#9823 = DIRECTION('',(0.,-1.,0.));
#9824 = ADVANCED_FACE('',(#9825),#9831,.F.);
#9825 = FACE_BOUND('',#9826,.F.);
#9826 = EDGE_LOOP('',(#9827,#9828,#9829,#9830));
#9827 = ORIENTED_EDGE('',*,*,#8391,.T.);
#9828 = ORIENTED_EDGE('',*,*,#8304,.T.);
#9829 = ORIENTED_EDGE('',*,*,#9811,.F.);
#9830 = ORIENTED_EDGE('',*,*,#8217,.F.);
#9831 = PLANE('',#9832);
#9832 = AXIS2_PLACEMENT_3D('',#9833,#9834,#9835);
#9833 = CARTESIAN_POINT('',(1.775,2.4754,0.));
#9834 = DIRECTION('',(0.,-1.,0.));
#9835 = DIRECTION('',(-7.401486830834E-16,0.,1.));
#9836 = ADVANCED_FACE('',(#9837),#9843,.F.);
#9837 = FACE_BOUND('',#9838,.F.);
#9838 = EDGE_LOOP('',(#9839,#9840,#9841,#9842));
#9839 = ORIENTED_EDGE('',*,*,#8732,.F.);
#9840 = ORIENTED_EDGE('',*,*,#8522,.T.);
#9841 = ORIENTED_EDGE('',*,*,#8684,.F.);
#9842 = ORIENTED_EDGE('',*,*,#8718,.F.);
#9843 = PLANE('',#9844);
#9844 = AXIS2_PLACEMENT_3D('',#9845,#9846,#9847);
#9845 = CARTESIAN_POINT('',(3.625,-1.602142857143,0.712857142857));
#9846 = DIRECTION('',(-1.,1.11927691467E-30,1.146375123746E-30));
#9847 = DIRECTION('',(-1.146375123746E-30,-2.22044604925E-16,-1.));
#9848 = ADVANCED_FACE('',(#9849),#9860,.F.);
#9849 = FACE_BOUND('',#9850,.F.);
#9850 = EDGE_LOOP('',(#9851,#9852,#9858,#9859));
#9851 = ORIENTED_EDGE('',*,*,#9206,.F.);
#9852 = ORIENTED_EDGE('',*,*,#9853,.T.);
#9853 = EDGE_CURVE('',#9199,#9309,#9854,.T.);
#9854 = LINE('',#9855,#9856);
#9855 = CARTESIAN_POINT('',(-1.975,-1.8446,1.7396));
#9856 = VECTOR('',#9857,1.);
#9857 = DIRECTION('',(1.,0.,0.));
#9858 = ORIENTED_EDGE('',*,*,#9316,.T.);
#9859 = ORIENTED_EDGE('',*,*,#8932,.T.);
#9860 = PLANE('',#9861);
#9861 = AXIS2_PLACEMENT_3D('',#9862,#9863,#9864);
#9862 = CARTESIAN_POINT('',(-1.975,-1.8446,1.7396));
#9863 = DIRECTION('',(0.,0.,1.));
#9864 = DIRECTION('',(0.,1.,0.));
#9865 = ADVANCED_FACE('',(#9866),#9877,.F.);
#9866 = FACE_BOUND('',#9867,.F.);
#9867 = EDGE_LOOP('',(#9868,#9869,#9875,#9876));
#9868 = ORIENTED_EDGE('',*,*,#9440,.F.);
#9869 = ORIENTED_EDGE('',*,*,#9870,.T.);
#9870 = EDGE_CURVE('',#9433,#9543,#9871,.T.);
#9871 = LINE('',#9872,#9873);
#9872 = CARTESIAN_POINT('',(-0.725,-1.8446,1.7396));
#9873 = VECTOR('',#9874,1.);
#9874 = DIRECTION('',(1.,0.,0.));
#9875 = ORIENTED_EDGE('',*,*,#9550,.T.);
#9876 = ORIENTED_EDGE('',*,*,#8905,.T.);
#9877 = PLANE('',#9878);
#9878 = AXIS2_PLACEMENT_3D('',#9879,#9880,#9881);
#9879 = CARTESIAN_POINT('',(-0.725,-1.8446,1.7396));
#9880 = DIRECTION('',(0.,0.,1.));
#9881 = DIRECTION('',(0.,1.,0.));
#9882 = ADVANCED_FACE('',(#9883),#9894,.F.);
#9883 = FACE_BOUND('',#9884,.F.);
#9884 = EDGE_LOOP('',(#9885,#9886,#9892,#9893));
#9885 = ORIENTED_EDGE('',*,*,#9525,.F.);
#9886 = ORIENTED_EDGE('',*,*,#9887,.T.);
#9887 = EDGE_CURVE('',#9518,#9341,#9888,.T.);
#9888 = LINE('',#9889,#9890);
#9889 = CARTESIAN_POINT('',(0.525,-1.8446,1.7396));
#9890 = VECTOR('',#9891,1.);
#9891 = DIRECTION('',(1.,0.,0.));
#9892 = ORIENTED_EDGE('',*,*,#9348,.T.);
#9893 = ORIENTED_EDGE('',*,*,#8878,.T.);
#9894 = PLANE('',#9895);
#9895 = AXIS2_PLACEMENT_3D('',#9896,#9897,#9898);
#9896 = CARTESIAN_POINT('',(0.525,-1.8446,1.7396));
#9897 = DIRECTION('',(0.,0.,1.));
#9898 = DIRECTION('',(0.,1.,0.));
#9899 = ADVANCED_FACE('',(#9900),#9911,.F.);
#9900 = FACE_BOUND('',#9901,.F.);
#9901 = EDGE_LOOP('',(#9902,#9903,#9909,#9910));
#9902 = ORIENTED_EDGE('',*,*,#9291,.F.);
#9903 = ORIENTED_EDGE('',*,*,#9904,.T.);
#9904 = EDGE_CURVE('',#9284,#9107,#9905,.T.);
#9905 = LINE('',#9906,#9907);
#9906 = CARTESIAN_POINT('',(1.775,-1.8446,1.7396));
#9907 = VECTOR('',#9908,1.);
#9908 = DIRECTION('',(1.,0.,0.));
#9909 = ORIENTED_EDGE('',*,*,#9114,.T.);
#9910 = ORIENTED_EDGE('',*,*,#8851,.T.);
#9911 = PLANE('',#9912);
#9912 = AXIS2_PLACEMENT_3D('',#9913,#9914,#9915);
#9913 = CARTESIAN_POINT('',(1.775,-1.8446,1.7396));
#9914 = DIRECTION('',(0.,0.,1.));
#9915 = DIRECTION('',(0.,1.,0.));
#9916 = ADVANCED_FACE('',(#9917),#9950,.F.);
#9917 = FACE_BOUND('',#9918,.F.);
#9918 = EDGE_LOOP('',(#9919,#9927,#9928,#9936,#9944));
#9919 = ORIENTED_EDGE('',*,*,#9920,.T.);
#9920 = EDGE_CURVE('',#9921,#8955,#9923,.T.);
#9921 = VERTEX_POINT('',#9922);
#9922 = CARTESIAN_POINT('',(1.775,-2.0946,0.6696));
#9923 = LINE('',#9924,#9925);
#9924 = CARTESIAN_POINT('',(1.775,-2.0946,0.6696));
#9925 = VECTOR('',#9926,1.);
#9926 = DIRECTION('',(0.,1.,0.));
#9927 = ORIENTED_EDGE('',*,*,#8954,.T.);
#9928 = ORIENTED_EDGE('',*,*,#9929,.T.);
#9929 = EDGE_CURVE('',#8957,#9930,#9932,.T.);
#9930 = VERTEX_POINT('',#9931);
#9931 = CARTESIAN_POINT('',(1.775,-1.6946,0.9996));
#9932 = LINE('',#9933,#9934);
#9933 = CARTESIAN_POINT('',(1.775,0.7054,0.9996));
#9934 = VECTOR('',#9935,1.);
#9935 = DIRECTION('',(0.,-1.,0.));
#9936 = ORIENTED_EDGE('',*,*,#9937,.T.);
#9937 = EDGE_CURVE('',#9930,#9938,#9940,.T.);
#9938 = VERTEX_POINT('',#9939);
#9939 = CARTESIAN_POINT('',(1.775,-2.0946,0.8396));
#9940 = LINE('',#9941,#9942);
#9941 = CARTESIAN_POINT('',(1.775,-1.6946,0.9996));
#9942 = VECTOR('',#9943,1.);
#9943 = DIRECTION('',(0.,-0.928476690885,-0.371390676354));
#9944 = ORIENTED_EDGE('',*,*,#9945,.T.);
#9945 = EDGE_CURVE('',#9938,#9921,#9946,.T.);
#9946 = LINE('',#9947,#9948);
#9947 = CARTESIAN_POINT('',(1.775,-2.0946,0.8396));
#9948 = VECTOR('',#9949,1.);
#9949 = DIRECTION('',(0.,0.,-1.));
#9950 = PLANE('',#9951);
#9951 = AXIS2_PLACEMENT_3D('',#9952,#9953,#9954);
#9952 = CARTESIAN_POINT('',(1.775,1.293108022955E-02,1.127283611688));
#9953 = DIRECTION('',(1.,-1.250603656852E-18,2.809082092746E-18));
#9954 = DIRECTION('',(-2.809082092746E-18,0.,1.));
#9955 = ADVANCED_FACE('',(#9956),#9974,.F.);
#9956 = FACE_BOUND('',#9957,.F.);
#9957 = EDGE_LOOP('',(#9958,#9959,#9967,#9973));
#9958 = ORIENTED_EDGE('',*,*,#9920,.F.);
#9959 = ORIENTED_EDGE('',*,*,#9960,.T.);
#9960 = EDGE_CURVE('',#9921,#9961,#9963,.T.);
#9961 = VERTEX_POINT('',#9962);
#9962 = CARTESIAN_POINT('',(1.975,-2.0946,0.6696));
#9963 = LINE('',#9964,#9965);
#9964 = CARTESIAN_POINT('',(1.775,-2.0946,0.6696));
#9965 = VECTOR('',#9966,1.);
#9966 = DIRECTION('',(1.,0.,0.));
#9967 = ORIENTED_EDGE('',*,*,#9968,.T.);
#9968 = EDGE_CURVE('',#9961,#8973,#9969,.T.);
#9969 = LINE('',#9970,#9971);
#9970 = CARTESIAN_POINT('',(1.975,-2.0946,0.6696));
#9971 = VECTOR('',#9972,1.);
#9972 = DIRECTION('',(0.,1.,0.));
#9973 = ORIENTED_EDGE('',*,*,#8980,.T.);
#9974 = PLANE('',#9975);
#9975 = AXIS2_PLACEMENT_3D('',#9976,#9977,#9978);
#9976 = CARTESIAN_POINT('',(1.775,-2.0946,0.6696));
#9977 = DIRECTION('',(0.,0.,1.));
#9978 = DIRECTION('',(0.,1.,0.));
#9979 = ADVANCED_FACE('',(#9980),#10006,.T.);
#9980 = FACE_BOUND('',#9981,.T.);
#9981 = EDGE_LOOP('',(#9982,#9983,#9984,#9992,#10000));
#9982 = ORIENTED_EDGE('',*,*,#9968,.T.);
#9983 = ORIENTED_EDGE('',*,*,#8972,.T.);
#9984 = ORIENTED_EDGE('',*,*,#9985,.T.);
#9985 = EDGE_CURVE('',#8965,#9986,#9988,.T.);
#9986 = VERTEX_POINT('',#9987);
#9987 = CARTESIAN_POINT('',(1.975,-1.6946,0.9996));
#9988 = LINE('',#9989,#9990);
#9989 = CARTESIAN_POINT('',(1.975,0.7054,0.9996));
#9990 = VECTOR('',#9991,1.);
#9991 = DIRECTION('',(0.,-1.,0.));
#9992 = ORIENTED_EDGE('',*,*,#9993,.T.);
#9993 = EDGE_CURVE('',#9986,#9994,#9996,.T.);
#9994 = VERTEX_POINT('',#9995);
#9995 = CARTESIAN_POINT('',(1.975,-2.0946,0.8396));
#9996 = LINE('',#9997,#9998);
#9997 = CARTESIAN_POINT('',(1.975,-1.6946,0.9996));
#9998 = VECTOR('',#9999,1.);
#9999 = DIRECTION('',(0.,-0.928476690885,-0.371390676354));
#10000 = ORIENTED_EDGE('',*,*,#10001,.T.);
#10001 = EDGE_CURVE('',#9994,#9961,#10002,.T.);
#10002 = LINE('',#10003,#10004);
#10003 = CARTESIAN_POINT('',(1.975,-2.0946,0.8396));
#10004 = VECTOR('',#10005,1.);
#10005 = DIRECTION('',(0.,0.,-1.));
#10006 = PLANE('',#10007);
#10007 = AXIS2_PLACEMENT_3D('',#10008,#10009,#10010);
#10008 = CARTESIAN_POINT('',(1.975,1.293108022955E-02,1.127283611688));
#10009 = DIRECTION('',(1.,-1.250603656852E-18,2.809082092746E-18));
#10010 = DIRECTION('',(-2.809082092746E-18,0.,1.));
#10011 = ADVANCED_FACE('',(#10012),#10023,.F.);
#10012 = FACE_BOUND('',#10013,.F.);
#10013 = EDGE_LOOP('',(#10014,#10015,#10016,#10017));
#10014 = ORIENTED_EDGE('',*,*,#9929,.F.);
#10015 = ORIENTED_EDGE('',*,*,#8964,.T.);
#10016 = ORIENTED_EDGE('',*,*,#9985,.T.);
#10017 = ORIENTED_EDGE('',*,*,#10018,.F.);
#10018 = EDGE_CURVE('',#9930,#9986,#10019,.T.);
#10019 = LINE('',#10020,#10021);
#10020 = CARTESIAN_POINT('',(1.775,-1.6946,0.9996));
#10021 = VECTOR('',#10022,1.);
#10022 = DIRECTION('',(1.,0.,0.));
#10023 = PLANE('',#10024);
#10024 = AXIS2_PLACEMENT_3D('',#10025,#10026,#10027);
#10025 = CARTESIAN_POINT('',(1.775,0.7054,0.9996));
#10026 = DIRECTION('',(0.,0.,-1.));
#10027 = DIRECTION('',(0.,-1.,0.));
#10028 = ADVANCED_FACE('',(#10029),#10062,.F.);
#10029 = FACE_BOUND('',#10030,.F.);
#10030 = EDGE_LOOP('',(#10031,#10039,#10040,#10048,#10056));
#10031 = ORIENTED_EDGE('',*,*,#10032,.T.);
#10032 = EDGE_CURVE('',#10033,#8989,#10035,.T.);
#10033 = VERTEX_POINT('',#10034);
#10034 = CARTESIAN_POINT('',(0.525,-2.0946,0.6696));
#10035 = LINE('',#10036,#10037);
#10036 = CARTESIAN_POINT('',(0.525,-2.0946,0.6696));
#10037 = VECTOR('',#10038,1.);
#10038 = DIRECTION('',(0.,1.,0.));
#10039 = ORIENTED_EDGE('',*,*,#8988,.T.);
#10040 = ORIENTED_EDGE('',*,*,#10041,.T.);
#10041 = EDGE_CURVE('',#8991,#10042,#10044,.T.);
#10042 = VERTEX_POINT('',#10043);
#10043 = CARTESIAN_POINT('',(0.525,-1.6946,0.9996));
#10044 = LINE('',#10045,#10046);
#10045 = CARTESIAN_POINT('',(0.525,0.7054,0.9996));
#10046 = VECTOR('',#10047,1.);
#10047 = DIRECTION('',(0.,-1.,0.));
#10048 = ORIENTED_EDGE('',*,*,#10049,.T.);
#10049 = EDGE_CURVE('',#10042,#10050,#10052,.T.);
#10050 = VERTEX_POINT('',#10051);
#10051 = CARTESIAN_POINT('',(0.525,-2.0946,0.8396));
#10052 = LINE('',#10053,#10054);
#10053 = CARTESIAN_POINT('',(0.525,-1.6946,0.9996));
#10054 = VECTOR('',#10055,1.);
#10055 = DIRECTION('',(0.,-0.928476690885,-0.371390676354));
#10056 = ORIENTED_EDGE('',*,*,#10057,.T.);
#10057 = EDGE_CURVE('',#10050,#10033,#10058,.T.);
#10058 = LINE('',#10059,#10060);
#10059 = CARTESIAN_POINT('',(0.525,-2.0946,0.8396));
#10060 = VECTOR('',#10061,1.);
#10061 = DIRECTION('',(0.,0.,-1.));
#10062 = PLANE('',#10063);
#10063 = AXIS2_PLACEMENT_3D('',#10064,#10065,#10066);
#10064 = CARTESIAN_POINT('',(0.525,1.293108022955E-02,1.127283611688));
#10065 = DIRECTION('',(1.,-1.250603656852E-18,2.809082092746E-18));
#10066 = DIRECTION('',(-2.809082092746E-18,0.,1.));
#10067 = ADVANCED_FACE('',(#10068),#10086,.F.);
#10068 = FACE_BOUND('',#10069,.F.);
#10069 = EDGE_LOOP('',(#10070,#10071,#10079,#10085));
#10070 = ORIENTED_EDGE('',*,*,#10032,.F.);
#10071 = ORIENTED_EDGE('',*,*,#10072,.T.);
#10072 = EDGE_CURVE('',#10033,#10073,#10075,.T.);
#10073 = VERTEX_POINT('',#10074);
#10074 = CARTESIAN_POINT('',(0.725,-2.0946,0.6696));
#10075 = LINE('',#10076,#10077);
#10076 = CARTESIAN_POINT('',(0.525,-2.0946,0.6696));
#10077 = VECTOR('',#10078,1.);
#10078 = DIRECTION('',(1.,0.,0.));
#10079 = ORIENTED_EDGE('',*,*,#10080,.T.);
#10080 = EDGE_CURVE('',#10073,#9007,#10081,.T.);
#10081 = LINE('',#10082,#10083);
#10082 = CARTESIAN_POINT('',(0.725,-2.0946,0.6696));
#10083 = VECTOR('',#10084,1.);
#10084 = DIRECTION('',(0.,1.,0.));
#10085 = ORIENTED_EDGE('',*,*,#9014,.T.);
#10086 = PLANE('',#10087);
#10087 = AXIS2_PLACEMENT_3D('',#10088,#10089,#10090);
#10088 = CARTESIAN_POINT('',(0.525,-2.0946,0.6696));
#10089 = DIRECTION('',(0.,0.,1.));
#10090 = DIRECTION('',(0.,1.,0.));
#10091 = ADVANCED_FACE('',(#10092),#10118,.T.);
#10092 = FACE_BOUND('',#10093,.T.);
#10093 = EDGE_LOOP('',(#10094,#10095,#10096,#10104,#10112));
#10094 = ORIENTED_EDGE('',*,*,#10080,.T.);
#10095 = ORIENTED_EDGE('',*,*,#9006,.T.);
#10096 = ORIENTED_EDGE('',*,*,#10097,.T.);
#10097 = EDGE_CURVE('',#8999,#10098,#10100,.T.);
#10098 = VERTEX_POINT('',#10099);
#10099 = CARTESIAN_POINT('',(0.725,-1.6946,0.9996));
#10100 = LINE('',#10101,#10102);
#10101 = CARTESIAN_POINT('',(0.725,0.7054,0.9996));
#10102 = VECTOR('',#10103,1.);
#10103 = DIRECTION('',(0.,-1.,0.));
#10104 = ORIENTED_EDGE('',*,*,#10105,.T.);
#10105 = EDGE_CURVE('',#10098,#10106,#10108,.T.);
#10106 = VERTEX_POINT('',#10107);
#10107 = CARTESIAN_POINT('',(0.725,-2.0946,0.8396));
#10108 = LINE('',#10109,#10110);
#10109 = CARTESIAN_POINT('',(0.725,-1.6946,0.9996));
#10110 = VECTOR('',#10111,1.);
#10111 = DIRECTION('',(0.,-0.928476690885,-0.371390676354));
#10112 = ORIENTED_EDGE('',*,*,#10113,.T.);
#10113 = EDGE_CURVE('',#10106,#10073,#10114,.T.);
#10114 = LINE('',#10115,#10116);
#10115 = CARTESIAN_POINT('',(0.725,-2.0946,0.8396));
#10116 = VECTOR('',#10117,1.);
#10117 = DIRECTION('',(0.,0.,-1.));
#10118 = PLANE('',#10119);
#10119 = AXIS2_PLACEMENT_3D('',#10120,#10121,#10122);
#10120 = CARTESIAN_POINT('',(0.725,1.293108022955E-02,1.127283611688));
#10121 = DIRECTION('',(1.,-1.250603656852E-18,2.809082092746E-18));
#10122 = DIRECTION('',(-2.809082092746E-18,0.,1.));
#10123 = ADVANCED_FACE('',(#10124),#10135,.F.);
#10124 = FACE_BOUND('',#10125,.F.);
#10125 = EDGE_LOOP('',(#10126,#10127,#10128,#10129));
#10126 = ORIENTED_EDGE('',*,*,#10041,.F.);
#10127 = ORIENTED_EDGE('',*,*,#8998,.T.);
#10128 = ORIENTED_EDGE('',*,*,#10097,.T.);
#10129 = ORIENTED_EDGE('',*,*,#10130,.F.);
#10130 = EDGE_CURVE('',#10042,#10098,#10131,.T.);
#10131 = LINE('',#10132,#10133);
#10132 = CARTESIAN_POINT('',(0.525,-1.6946,0.9996));
#10133 = VECTOR('',#10134,1.);
#10134 = DIRECTION('',(1.,0.,0.));
#10135 = PLANE('',#10136);
#10136 = AXIS2_PLACEMENT_3D('',#10137,#10138,#10139);
#10137 = CARTESIAN_POINT('',(0.525,0.7054,0.9996));
#10138 = DIRECTION('',(0.,0.,-1.));
#10139 = DIRECTION('',(0.,-1.,0.));
#10140 = ADVANCED_FACE('',(#10141),#10174,.F.);
#10141 = FACE_BOUND('',#10142,.F.);
#10142 = EDGE_LOOP('',(#10143,#10151,#10152,#10160,#10168));
#10143 = ORIENTED_EDGE('',*,*,#10144,.T.);
#10144 = EDGE_CURVE('',#10145,#9023,#10147,.T.);
#10145 = VERTEX_POINT('',#10146);
#10146 = CARTESIAN_POINT('',(-0.725,-2.0946,0.6696));
#10147 = LINE('',#10148,#10149);
#10148 = CARTESIAN_POINT('',(-0.725,-2.0946,0.6696));
#10149 = VECTOR('',#10150,1.);
#10150 = DIRECTION('',(0.,1.,0.));
#10151 = ORIENTED_EDGE('',*,*,#9022,.T.);
#10152 = ORIENTED_EDGE('',*,*,#10153,.T.);
#10153 = EDGE_CURVE('',#9025,#10154,#10156,.T.);
#10154 = VERTEX_POINT('',#10155);
#10155 = CARTESIAN_POINT('',(-0.725,-1.6946,0.9996));
#10156 = LINE('',#10157,#10158);
#10157 = CARTESIAN_POINT('',(-0.725,0.7054,0.9996));
#10158 = VECTOR('',#10159,1.);
#10159 = DIRECTION('',(0.,-1.,0.));
#10160 = ORIENTED_EDGE('',*,*,#10161,.T.);
#10161 = EDGE_CURVE('',#10154,#10162,#10164,.T.);
#10162 = VERTEX_POINT('',#10163);
#10163 = CARTESIAN_POINT('',(-0.725,-2.0946,0.8396));
#10164 = LINE('',#10165,#10166);
#10165 = CARTESIAN_POINT('',(-0.725,-1.6946,0.9996));
#10166 = VECTOR('',#10167,1.);
#10167 = DIRECTION('',(0.,-0.928476690885,-0.371390676354));
#10168 = ORIENTED_EDGE('',*,*,#10169,.T.);
#10169 = EDGE_CURVE('',#10162,#10145,#10170,.T.);
#10170 = LINE('',#10171,#10172);
#10171 = CARTESIAN_POINT('',(-0.725,-2.0946,0.8396));
#10172 = VECTOR('',#10173,1.);
#10173 = DIRECTION('',(0.,0.,-1.));
#10174 = PLANE('',#10175);
#10175 = AXIS2_PLACEMENT_3D('',#10176,#10177,#10178);
#10176 = CARTESIAN_POINT('',(-0.725,1.293108022955E-02,1.127283611688));
#10177 = DIRECTION('',(1.,-1.250603656852E-18,2.809082092746E-18));
#10178 = DIRECTION('',(-2.809082092746E-18,0.,1.));
#10179 = ADVANCED_FACE('',(#10180),#10198,.F.);
#10180 = FACE_BOUND('',#10181,.F.);
#10181 = EDGE_LOOP('',(#10182,#10183,#10191,#10197));
#10182 = ORIENTED_EDGE('',*,*,#10144,.F.);
#10183 = ORIENTED_EDGE('',*,*,#10184,.T.);
#10184 = EDGE_CURVE('',#10145,#10185,#10187,.T.);
#10185 = VERTEX_POINT('',#10186);
#10186 = CARTESIAN_POINT('',(-0.525,-2.0946,0.6696));
#10187 = LINE('',#10188,#10189);
#10188 = CARTESIAN_POINT('',(-0.725,-2.0946,0.6696));
#10189 = VECTOR('',#10190,1.);
#10190 = DIRECTION('',(1.,0.,0.));
#10191 = ORIENTED_EDGE('',*,*,#10192,.T.);
#10192 = EDGE_CURVE('',#10185,#9041,#10193,.T.);
#10193 = LINE('',#10194,#10195);
#10194 = CARTESIAN_POINT('',(-0.525,-2.0946,0.6696));
#10195 = VECTOR('',#10196,1.);
#10196 = DIRECTION('',(0.,1.,0.));
#10197 = ORIENTED_EDGE('',*,*,#9048,.T.);
#10198 = PLANE('',#10199);
#10199 = AXIS2_PLACEMENT_3D('',#10200,#10201,#10202);
#10200 = CARTESIAN_POINT('',(-0.725,-2.0946,0.6696));
#10201 = DIRECTION('',(0.,0.,1.));
#10202 = DIRECTION('',(0.,1.,0.));
#10203 = ADVANCED_FACE('',(#10204),#10230,.T.);
#10204 = FACE_BOUND('',#10205,.T.);
#10205 = EDGE_LOOP('',(#10206,#10207,#10208,#10216,#10224));
#10206 = ORIENTED_EDGE('',*,*,#10192,.T.);
#10207 = ORIENTED_EDGE('',*,*,#9040,.T.);
#10208 = ORIENTED_EDGE('',*,*,#10209,.T.);
#10209 = EDGE_CURVE('',#9033,#10210,#10212,.T.);
#10210 = VERTEX_POINT('',#10211);
#10211 = CARTESIAN_POINT('',(-0.525,-1.6946,0.9996));
#10212 = LINE('',#10213,#10214);
#10213 = CARTESIAN_POINT('',(-0.525,0.7054,0.9996));
#10214 = VECTOR('',#10215,1.);
#10215 = DIRECTION('',(0.,-1.,0.));
#10216 = ORIENTED_EDGE('',*,*,#10217,.T.);
#10217 = EDGE_CURVE('',#10210,#10218,#10220,.T.);
#10218 = VERTEX_POINT('',#10219);
#10219 = CARTESIAN_POINT('',(-0.525,-2.0946,0.8396));
#10220 = LINE('',#10221,#10222);
#10221 = CARTESIAN_POINT('',(-0.525,-1.6946,0.9996));
#10222 = VECTOR('',#10223,1.);
#10223 = DIRECTION('',(0.,-0.928476690885,-0.371390676354));
#10224 = ORIENTED_EDGE('',*,*,#10225,.T.);
#10225 = EDGE_CURVE('',#10218,#10185,#10226,.T.);
#10226 = LINE('',#10227,#10228);
#10227 = CARTESIAN_POINT('',(-0.525,-2.0946,0.8396));
#10228 = VECTOR('',#10229,1.);
#10229 = DIRECTION('',(0.,0.,-1.));
#10230 = PLANE('',#10231);
#10231 = AXIS2_PLACEMENT_3D('',#10232,#10233,#10234);
#10232 = CARTESIAN_POINT('',(-0.525,1.293108022955E-02,1.127283611688));
#10233 = DIRECTION('',(1.,-1.250603656852E-18,2.809082092746E-18));
#10234 = DIRECTION('',(-2.809082092746E-18,0.,1.));
#10235 = ADVANCED_FACE('',(#10236),#10247,.F.);
#10236 = FACE_BOUND('',#10237,.F.);
#10237 = EDGE_LOOP('',(#10238,#10239,#10240,#10241));
#10238 = ORIENTED_EDGE('',*,*,#10153,.F.);
#10239 = ORIENTED_EDGE('',*,*,#9032,.T.);
#10240 = ORIENTED_EDGE('',*,*,#10209,.T.);
#10241 = ORIENTED_EDGE('',*,*,#10242,.F.);
#10242 = EDGE_CURVE('',#10154,#10210,#10243,.T.);
#10243 = LINE('',#10244,#10245);
#10244 = CARTESIAN_POINT('',(-0.725,-1.6946,0.9996));
#10245 = VECTOR('',#10246,1.);
#10246 = DIRECTION('',(1.,0.,0.));
#10247 = PLANE('',#10248);
#10248 = AXIS2_PLACEMENT_3D('',#10249,#10250,#10251);
#10249 = CARTESIAN_POINT('',(-0.725,0.7054,0.9996));
#10250 = DIRECTION('',(0.,0.,-1.));
#10251 = DIRECTION('',(0.,-1.,0.));
#10252 = ADVANCED_FACE('',(#10253),#10278,.F.);
#10253 = FACE_BOUND('',#10254,.F.);
#10254 = EDGE_LOOP('',(#10255,#10263,#10271,#10277));
#10255 = ORIENTED_EDGE('',*,*,#10256,.F.);
#10256 = EDGE_CURVE('',#10257,#9059,#10259,.T.);
#10257 = VERTEX_POINT('',#10258);
#10258 = CARTESIAN_POINT('',(-1.975,-2.0946,0.6696));
#10259 = LINE('',#10260,#10261);
#10260 = CARTESIAN_POINT('',(-1.975,-2.0946,0.6696));
#10261 = VECTOR('',#10262,1.);
#10262 = DIRECTION('',(0.,1.,0.));
#10263 = ORIENTED_EDGE('',*,*,#10264,.T.);
#10264 = EDGE_CURVE('',#10257,#10265,#10267,.T.);
#10265 = VERTEX_POINT('',#10266);
#10266 = CARTESIAN_POINT('',(-1.775,-2.0946,0.6696));
#10267 = LINE('',#10268,#10269);
#10268 = CARTESIAN_POINT('',(-1.975,-2.0946,0.6696));
#10269 = VECTOR('',#10270,1.);
#10270 = DIRECTION('',(1.,0.,0.));
#10271 = ORIENTED_EDGE('',*,*,#10272,.T.);
#10272 = EDGE_CURVE('',#10265,#9057,#10273,.T.);
#10273 = LINE('',#10274,#10275);
#10274 = CARTESIAN_POINT('',(-1.775,-2.0946,0.6696));
#10275 = VECTOR('',#10276,1.);
#10276 = DIRECTION('',(0.,1.,0.));
#10277 = ORIENTED_EDGE('',*,*,#9056,.T.);
#10278 = PLANE('',#10279);
#10279 = AXIS2_PLACEMENT_3D('',#10280,#10281,#10282);
#10280 = CARTESIAN_POINT('',(-1.975,-2.0946,0.6696));
#10281 = DIRECTION('',(0.,0.,1.));
#10282 = DIRECTION('',(0.,1.,0.));
#10283 = ADVANCED_FACE('',(#10284),#10310,.T.);
#10284 = FACE_BOUND('',#10285,.T.);
#10285 = EDGE_LOOP('',(#10286,#10287,#10288,#10296,#10304));
#10286 = ORIENTED_EDGE('',*,*,#10272,.T.);
#10287 = ORIENTED_EDGE('',*,*,#9082,.T.);
#10288 = ORIENTED_EDGE('',*,*,#10289,.T.);
#10289 = EDGE_CURVE('',#9075,#10290,#10292,.T.);
#10290 = VERTEX_POINT('',#10291);
#10291 = CARTESIAN_POINT('',(-1.775,-1.6946,0.9996));
#10292 = LINE('',#10293,#10294);
#10293 = CARTESIAN_POINT('',(-1.775,0.7054,0.9996));
#10294 = VECTOR('',#10295,1.);
#10295 = DIRECTION('',(0.,-1.,0.));
#10296 = ORIENTED_EDGE('',*,*,#10297,.T.);
#10297 = EDGE_CURVE('',#10290,#10298,#10300,.T.);
#10298 = VERTEX_POINT('',#10299);
#10299 = CARTESIAN_POINT('',(-1.775,-2.0946,0.8396));
#10300 = LINE('',#10301,#10302);
#10301 = CARTESIAN_POINT('',(-1.775,-1.6946,0.9996));
#10302 = VECTOR('',#10303,1.);
#10303 = DIRECTION('',(0.,-0.928476690885,-0.371390676354));
#10304 = ORIENTED_EDGE('',*,*,#10305,.T.);
#10305 = EDGE_CURVE('',#10298,#10265,#10306,.T.);
#10306 = LINE('',#10307,#10308);
#10307 = CARTESIAN_POINT('',(-1.775,-2.0946,0.8396));
#10308 = VECTOR('',#10309,1.);
#10309 = DIRECTION('',(0.,0.,-1.));
#10310 = PLANE('',#10311);
#10311 = AXIS2_PLACEMENT_3D('',#10312,#10313,#10314);
#10312 = CARTESIAN_POINT('',(-1.775,1.293108022955E-02,1.127283611688));
#10313 = DIRECTION('',(1.,-1.250603656852E-18,2.809082092746E-18));
#10314 = DIRECTION('',(-2.809082092746E-18,0.,1.));
#10315 = ADVANCED_FACE('',(#10316),#10334,.F.);
#10316 = FACE_BOUND('',#10317,.F.);
#10317 = EDGE_LOOP('',(#10318,#10326,#10327,#10328));
#10318 = ORIENTED_EDGE('',*,*,#10319,.F.);
#10319 = EDGE_CURVE('',#9067,#10320,#10322,.T.);
#10320 = VERTEX_POINT('',#10321);
#10321 = CARTESIAN_POINT('',(-1.975,-1.6946,0.9996));
#10322 = LINE('',#10323,#10324);
#10323 = CARTESIAN_POINT('',(-1.975,0.7054,0.9996));
#10324 = VECTOR('',#10325,1.);
#10325 = DIRECTION('',(0.,-1.,0.));
#10326 = ORIENTED_EDGE('',*,*,#9074,.T.);
#10327 = ORIENTED_EDGE('',*,*,#10289,.T.);
#10328 = ORIENTED_EDGE('',*,*,#10329,.F.);
#10329 = EDGE_CURVE('',#10320,#10290,#10330,.T.);
#10330 = LINE('',#10331,#10332);
#10331 = CARTESIAN_POINT('',(-1.975,-1.6946,0.9996));
#10332 = VECTOR('',#10333,1.);
#10333 = DIRECTION('',(1.,0.,0.));
#10334 = PLANE('',#10335);
#10335 = AXIS2_PLACEMENT_3D('',#10336,#10337,#10338);
#10336 = CARTESIAN_POINT('',(-1.975,0.7054,0.9996));
#10337 = DIRECTION('',(0.,0.,-1.));
#10338 = DIRECTION('',(0.,-1.,0.));
#10339 = ADVANCED_FACE('',(#10340),#10359,.F.);
#10340 = FACE_BOUND('',#10341,.F.);
#10341 = EDGE_LOOP('',(#10342,#10343,#10344,#10345,#10353));
#10342 = ORIENTED_EDGE('',*,*,#10256,.T.);
#10343 = ORIENTED_EDGE('',*,*,#9066,.T.);
#10344 = ORIENTED_EDGE('',*,*,#10319,.T.);
#10345 = ORIENTED_EDGE('',*,*,#10346,.T.);
#10346 = EDGE_CURVE('',#10320,#10347,#10349,.T.);
#10347 = VERTEX_POINT('',#10348);
#10348 = CARTESIAN_POINT('',(-1.975,-2.0946,0.8396));
#10349 = LINE('',#10350,#10351);
#10350 = CARTESIAN_POINT('',(-1.975,-1.6946,0.9996));
#10351 = VECTOR('',#10352,1.);
#10352 = DIRECTION('',(0.,-0.928476690885,-0.371390676354));
#10353 = ORIENTED_EDGE('',*,*,#10354,.T.);
#10354 = EDGE_CURVE('',#10347,#10257,#10355,.T.);
#10355 = LINE('',#10356,#10357);
#10356 = CARTESIAN_POINT('',(-1.975,-2.0946,0.8396));
#10357 = VECTOR('',#10358,1.);
#10358 = DIRECTION('',(0.,0.,-1.));
#10359 = PLANE('',#10360);
#10360 = AXIS2_PLACEMENT_3D('',#10361,#10362,#10363);
#10361 = CARTESIAN_POINT('',(-1.975,1.293108022955E-02,1.127283611688));
#10362 = DIRECTION('',(1.,-1.250603656852E-18,2.809082092746E-18));
#10363 = DIRECTION('',(-2.809082092746E-18,0.,1.));
#10364 = ADVANCED_FACE('',(#10365),#10371,.F.);
#10365 = FACE_BOUND('',#10366,.F.);
#10366 = EDGE_LOOP('',(#10367,#10368,#10369,#10370));
#10367 = ORIENTED_EDGE('',*,*,#9165,.T.);
#10368 = ORIENTED_EDGE('',*,*,#9106,.T.);
#10369 = ORIENTED_EDGE('',*,*,#9904,.F.);
#10370 = ORIENTED_EDGE('',*,*,#9283,.F.);
#10371 = PLANE('',#10372);
#10372 = AXIS2_PLACEMENT_3D('',#10373,#10374,#10375);
#10373 = CARTESIAN_POINT('',(1.775,-1.8446,1.6696));
#10374 = DIRECTION('',(0.,-1.,0.));
#10375 = DIRECTION('',(0.,0.,1.));
#10376 = ADVANCED_FACE('',(#10377),#10383,.F.);
#10377 = FACE_BOUND('',#10378,.F.);
#10378 = EDGE_LOOP('',(#10379,#10380,#10381,#10382));
#10379 = ORIENTED_EDGE('',*,*,#9235,.T.);
#10380 = ORIENTED_EDGE('',*,*,#9308,.T.);
#10381 = ORIENTED_EDGE('',*,*,#9853,.F.);
#10382 = ORIENTED_EDGE('',*,*,#9198,.F.);
#10383 = PLANE('',#10384);
#10384 = AXIS2_PLACEMENT_3D('',#10385,#10386,#10387);
#10385 = CARTESIAN_POINT('',(-1.975,-1.8446,1.6696));
#10386 = DIRECTION('',(0.,-1.,0.));
#10387 = DIRECTION('',(0.,0.,1.));
#10388 = ADVANCED_FACE('',(#10389),#10395,.F.);
#10389 = FACE_BOUND('',#10390,.F.);
#10390 = EDGE_LOOP('',(#10391,#10392,#10393,#10394));
#10391 = ORIENTED_EDGE('',*,*,#9399,.T.);
#10392 = ORIENTED_EDGE('',*,*,#9340,.T.);
#10393 = ORIENTED_EDGE('',*,*,#9887,.F.);
#10394 = ORIENTED_EDGE('',*,*,#9517,.F.);
#10395 = PLANE('',#10396);
#10396 = AXIS2_PLACEMENT_3D('',#10397,#10398,#10399);
#10397 = CARTESIAN_POINT('',(0.525,-1.8446,1.6696));
#10398 = DIRECTION('',(0.,-1.,0.));
#10399 = DIRECTION('',(0.,0.,1.));
#10400 = ADVANCED_FACE('',(#10401),#10407,.F.);
#10401 = FACE_BOUND('',#10402,.F.);
#10402 = EDGE_LOOP('',(#10403,#10404,#10405,#10406));
#10403 = ORIENTED_EDGE('',*,*,#9469,.T.);
#10404 = ORIENTED_EDGE('',*,*,#9542,.T.);
#10405 = ORIENTED_EDGE('',*,*,#9870,.F.);
#10406 = ORIENTED_EDGE('',*,*,#9432,.F.);
#10407 = PLANE('',#10408);
#10408 = AXIS2_PLACEMENT_3D('',#10409,#10410,#10411);
#10409 = CARTESIAN_POINT('',(-0.725,-1.8446,1.6696));
#10410 = DIRECTION('',(0.,-1.,0.));
#10411 = DIRECTION('',(0.,0.,1.));
#10412 = ADVANCED_FACE('',(#10413),#10424,.F.);
#10413 = FACE_BOUND('',#10414,.F.);
#10414 = EDGE_LOOP('',(#10415,#10421,#10422,#10423));
#10415 = ORIENTED_EDGE('',*,*,#10416,.T.);
#10416 = EDGE_CURVE('',#9938,#9994,#10417,.T.);
#10417 = LINE('',#10418,#10419);
#10418 = CARTESIAN_POINT('',(1.775,-2.0946,0.8396));
#10419 = VECTOR('',#10420,1.);
#10420 = DIRECTION('',(1.,0.,0.));
#10421 = ORIENTED_EDGE('',*,*,#10001,.T.);
#10422 = ORIENTED_EDGE('',*,*,#9960,.F.);
#10423 = ORIENTED_EDGE('',*,*,#9945,.F.);
#10424 = PLANE('',#10425);
#10425 = AXIS2_PLACEMENT_3D('',#10426,#10427,#10428);
#10426 = CARTESIAN_POINT('',(1.775,-2.0946,0.8396));
#10427 = DIRECTION('',(0.,1.,0.));
#10428 = DIRECTION('',(0.,0.,-1.));
#10429 = ADVANCED_FACE('',(#10430),#10436,.F.);
#10430 = FACE_BOUND('',#10431,.F.);
#10431 = EDGE_LOOP('',(#10432,#10433,#10434,#10435));
#10432 = ORIENTED_EDGE('',*,*,#10018,.T.);
#10433 = ORIENTED_EDGE('',*,*,#9993,.T.);
#10434 = ORIENTED_EDGE('',*,*,#10416,.F.);
#10435 = ORIENTED_EDGE('',*,*,#9937,.F.);
#10436 = PLANE('',#10437);
#10437 = AXIS2_PLACEMENT_3D('',#10438,#10439,#10440);
#10438 = CARTESIAN_POINT('',(1.775,-1.6946,0.9996));
#10439 = DIRECTION('',(0.,0.371390676354,-0.928476690885));
#10440 = DIRECTION('',(0.,-0.928476690885,-0.371390676354));
#10441 = ADVANCED_FACE('',(#10442),#10453,.F.);
#10442 = FACE_BOUND('',#10443,.F.);
#10443 = EDGE_LOOP('',(#10444,#10450,#10451,#10452));
#10444 = ORIENTED_EDGE('',*,*,#10445,.T.);
#10445 = EDGE_CURVE('',#10050,#10106,#10446,.T.);
#10446 = LINE('',#10447,#10448);
#10447 = CARTESIAN_POINT('',(0.525,-2.0946,0.8396));
#10448 = VECTOR('',#10449,1.);
#10449 = DIRECTION('',(1.,0.,0.));
#10450 = ORIENTED_EDGE('',*,*,#10113,.T.);
#10451 = ORIENTED_EDGE('',*,*,#10072,.F.);
#10452 = ORIENTED_EDGE('',*,*,#10057,.F.);
#10453 = PLANE('',#10454);
#10454 = AXIS2_PLACEMENT_3D('',#10455,#10456,#10457);
#10455 = CARTESIAN_POINT('',(0.525,-2.0946,0.8396));
#10456 = DIRECTION('',(0.,1.,0.));
#10457 = DIRECTION('',(0.,0.,-1.));
#10458 = ADVANCED_FACE('',(#10459),#10465,.F.);
#10459 = FACE_BOUND('',#10460,.F.);
#10460 = EDGE_LOOP('',(#10461,#10462,#10463,#10464));
#10461 = ORIENTED_EDGE('',*,*,#10130,.T.);
#10462 = ORIENTED_EDGE('',*,*,#10105,.T.);
#10463 = ORIENTED_EDGE('',*,*,#10445,.F.);
#10464 = ORIENTED_EDGE('',*,*,#10049,.F.);
#10465 = PLANE('',#10466);
#10466 = AXIS2_PLACEMENT_3D('',#10467,#10468,#10469);
#10467 = CARTESIAN_POINT('',(0.525,-1.6946,0.9996));
#10468 = DIRECTION('',(0.,0.371390676354,-0.928476690885));
#10469 = DIRECTION('',(0.,-0.928476690885,-0.371390676354));
#10470 = ADVANCED_FACE('',(#10471),#10482,.F.);
#10471 = FACE_BOUND('',#10472,.F.);
#10472 = EDGE_LOOP('',(#10473,#10479,#10480,#10481));
#10473 = ORIENTED_EDGE('',*,*,#10474,.T.);
#10474 = EDGE_CURVE('',#10162,#10218,#10475,.T.);
#10475 = LINE('',#10476,#10477);
#10476 = CARTESIAN_POINT('',(-0.725,-2.0946,0.8396));
#10477 = VECTOR('',#10478,1.);
#10478 = DIRECTION('',(1.,0.,0.));
#10479 = ORIENTED_EDGE('',*,*,#10225,.T.);
#10480 = ORIENTED_EDGE('',*,*,#10184,.F.);
#10481 = ORIENTED_EDGE('',*,*,#10169,.F.);
#10482 = PLANE('',#10483);
#10483 = AXIS2_PLACEMENT_3D('',#10484,#10485,#10486);
#10484 = CARTESIAN_POINT('',(-0.725,-2.0946,0.8396));
#10485 = DIRECTION('',(0.,1.,0.));
#10486 = DIRECTION('',(0.,0.,-1.));
#10487 = ADVANCED_FACE('',(#10488),#10494,.F.);
#10488 = FACE_BOUND('',#10489,.F.);
#10489 = EDGE_LOOP('',(#10490,#10491,#10492,#10493));
#10490 = ORIENTED_EDGE('',*,*,#10242,.T.);
#10491 = ORIENTED_EDGE('',*,*,#10217,.T.);
#10492 = ORIENTED_EDGE('',*,*,#10474,.F.);
#10493 = ORIENTED_EDGE('',*,*,#10161,.F.);
#10494 = PLANE('',#10495);
#10495 = AXIS2_PLACEMENT_3D('',#10496,#10497,#10498);
#10496 = CARTESIAN_POINT('',(-0.725,-1.6946,0.9996));
#10497 = DIRECTION('',(0.,0.371390676354,-0.928476690885));
#10498 = DIRECTION('',(0.,-0.928476690885,-0.371390676354));
#10499 = ADVANCED_FACE('',(#10500),#10511,.F.);
#10500 = FACE_BOUND('',#10501,.F.);
#10501 = EDGE_LOOP('',(#10502,#10508,#10509,#10510));
#10502 = ORIENTED_EDGE('',*,*,#10503,.T.);
#10503 = EDGE_CURVE('',#10347,#10298,#10504,.T.);
#10504 = LINE('',#10505,#10506);
#10505 = CARTESIAN_POINT('',(-1.975,-2.0946,0.8396));
#10506 = VECTOR('',#10507,1.);
#10507 = DIRECTION('',(1.,0.,0.));
#10508 = ORIENTED_EDGE('',*,*,#10305,.T.);
#10509 = ORIENTED_EDGE('',*,*,#10264,.F.);
#10510 = ORIENTED_EDGE('',*,*,#10354,.F.);
#10511 = PLANE('',#10512);
#10512 = AXIS2_PLACEMENT_3D('',#10513,#10514,#10515);
#10513 = CARTESIAN_POINT('',(-1.975,-2.0946,0.8396));
#10514 = DIRECTION('',(0.,1.,0.));
#10515 = DIRECTION('',(0.,0.,-1.));
#10516 = ADVANCED_FACE('',(#10517),#10523,.F.);
#10517 = FACE_BOUND('',#10518,.F.);
#10518 = EDGE_LOOP('',(#10519,#10520,#10521,#10522));
#10519 = ORIENTED_EDGE('',*,*,#10329,.T.);
#10520 = ORIENTED_EDGE('',*,*,#10297,.T.);
#10521 = ORIENTED_EDGE('',*,*,#10503,.F.);
#10522 = ORIENTED_EDGE('',*,*,#10346,.F.);
#10523 = PLANE('',#10524);
#10524 = AXIS2_PLACEMENT_3D('',#10525,#10526,#10527);
#10525 = CARTESIAN_POINT('',(-1.975,-1.6946,0.9996));
#10526 = DIRECTION('',(0.,0.371390676354,-0.928476690885));
#10527 = DIRECTION('',(0.,-0.928476690885,-0.371390676354));
#10528 = ( GEOMETRIC_REPRESENTATION_CONTEXT(3) 
GLOBAL_UNCERTAINTY_ASSIGNED_CONTEXT((#10532)) 
GLOBAL_UNIT_ASSIGNED_CONTEXT((#10529,#10530,#10531)) 
REPRESENTATION_CONTEXT('Context #1',
  '3D Context with UNIT and UNCERTAINTY') );
#10529 = ( LENGTH_UNIT() NAMED_UNIT(*) SI_UNIT(.MILLI.,.METRE.) );
#10530 = ( NAMED_UNIT(*) PLANE_ANGLE_UNIT() SI_UNIT($,.RADIAN.) );
#10531 = ( NAMED_UNIT(*) SI_UNIT($,.STERADIAN.) SOLID_ANGLE_UNIT() );
#10532 = UNCERTAINTY_MEASURE_WITH_UNIT(LENGTH_MEASURE(1.E-07),#10529,
  'distance_accuracy_value','confusion accuracy');
#10533 = CONTEXT_DEPENDENT_SHAPE_REPRESENTATION(#10534,#10536);
#10534 = ( REPRESENTATION_RELATIONSHIP('','',#4128,#10) 
REPRESENTATION_RELATIONSHIP_WITH_TRANSFORMATION(#10535) 
SHAPE_REPRESENTATION_RELATIONSHIP() );
#10535 = ITEM_DEFINED_TRANSFORMATION('','',#11,#51);
#10536 = PRODUCT_DEFINITION_SHAPE('Placement','Placement of an item',
  #10537);
#10537 = NEXT_ASSEMBLY_USAGE_OCCURRENCE('10','J5','',#5,#4123,$);
#10538 = PRODUCT_RELATED_PRODUCT_CATEGORY('part',$,(#4125));
#10539 = CONTEXT_DEPENDENT_SHAPE_REPRESENTATION(#10540,#10542);
#10540 = ( REPRESENTATION_RELATIONSHIP('','',#140,#10) 
REPRESENTATION_RELATIONSHIP_WITH_TRANSFORMATION(#10541) 
SHAPE_REPRESENTATION_RELATIONSHIP() );
#10541 = ITEM_DEFINED_TRANSFORMATION('','',#11,#55);
#10542 = PRODUCT_DEFINITION_SHAPE('Placement','Placement of an item',
  #10543);
#10543 = NEXT_ASSEMBLY_USAGE_OCCURRENCE('11','R8','',#5,#135,$);
#10544 = CONTEXT_DEPENDENT_SHAPE_REPRESENTATION(#10545,#10547);
#10545 = ( REPRESENTATION_RELATIONSHIP('','',#4128,#10) 
REPRESENTATION_RELATIONSHIP_WITH_TRANSFORMATION(#10546) 
SHAPE_REPRESENTATION_RELATIONSHIP() );
#10546 = ITEM_DEFINED_TRANSFORMATION('','',#11,#59);
#10547 = PRODUCT_DEFINITION_SHAPE('Placement','Placement of an item',
  #10548);
#10548 = NEXT_ASSEMBLY_USAGE_OCCURRENCE('12','J1','',#5,#4123,$);
#10549 = CONTEXT_DEPENDENT_SHAPE_REPRESENTATION(#10550,#10552);
#10550 = ( REPRESENTATION_RELATIONSHIP('','',#140,#10) 
REPRESENTATION_RELATIONSHIP_WITH_TRANSFORMATION(#10551) 
SHAPE_REPRESENTATION_RELATIONSHIP() );
#10551 = ITEM_DEFINED_TRANSFORMATION('','',#11,#63);
#10552 = PRODUCT_DEFINITION_SHAPE('Placement','Placement of an item',
  #10553);
#10553 = NEXT_ASSEMBLY_USAGE_OCCURRENCE('13','R14','',#5,#135,$);
#10554 = SHAPE_DEFINITION_REPRESENTATION(#10555,#10561);
#10555 = PRODUCT_DEFINITION_SHAPE('','',#10556);
#10556 = PRODUCT_DEFINITION('design','',#10557,#10560);
#10557 = PRODUCT_DEFINITION_FORMATION('','',#10558);
#10558 = PRODUCT('SOT-23-5','SOT-23-5','',(#10559));
#10559 = PRODUCT_CONTEXT('',#2,'mechanical');
#10560 = PRODUCT_DEFINITION_CONTEXT('part definition',#2,'design');
#10561 = ADVANCED_BREP_SHAPE_REPRESENTATION('',(#11,#10562),#13631);
#10562 = MANIFOLD_SOLID_BREP('',#10563);
#10563 = CLOSED_SHELL('',(#10564,#10602,#10665,#10688,#10717,#10740,
    #10811,#10866,#10889,#10912,#10929,#10952,#11040,#11056,#11086,
    #11117,#11148,#11179,#11210,#11241,#11258,#11275,#11306,#11337,
    #11368,#11398,#11421,#11444,#11461,#11506,#11576,#11599,#11622,
    #11645,#11700,#11738,#11787,#11879,#11904,#11988,#12010,#12102,
    #12127,#12211,#12228,#12313,#12338,#12415,#12500,#12525,#12602,
    #12619,#12711,#12736,#12820,#12837,#12856,#12875,#12921,#12937,
    #12956,#12972,#12989,#13001,#13018,#13035,#13052,#13069,#13086,
    #13103,#13120,#13132,#13149,#13166,#13183,#13200,#13217,#13234,
    #13251,#13263,#13280,#13297,#13314,#13331,#13348,#13365,#13377,
    #13394,#13411,#13428,#13445,#13462,#13479,#13491,#13508,#13525,
    #13542,#13559,#13576,#13593,#13610,#13622));
#10564 = ADVANCED_FACE('',(#10565),#10597,.F.);
#10565 = FACE_BOUND('',#10566,.F.);
#10566 = EDGE_LOOP('',(#10567,#10577,#10584,#10592));
#10567 = ORIENTED_EDGE('',*,*,#10568,.T.);
#10568 = EDGE_CURVE('',#10569,#10571,#10573,.T.);
#10569 = VERTEX_POINT('',#10570);
#10570 = CARTESIAN_POINT('',(-0.659324228722,1.358648457443,0.1));
#10571 = VERTEX_POINT('',#10572);
#10572 = CARTESIAN_POINT('',(0.659324228722,1.358648457443,0.1));
#10573 = LINE('',#10574,#10575);
#10574 = CARTESIAN_POINT('',(-0.659324228722,1.358648457443,0.1));
#10575 = VECTOR('',#10576,1.);
#10576 = DIRECTION('',(1.,1.110223024625E-16,0.));
#10577 = ORIENTED_EDGE('',*,*,#10578,.T.);
#10578 = EDGE_CURVE('',#10571,#10579,#10581,.T.);
#10579 = VERTEX_POINT('',#10580);
#10580 = CARTESIAN_POINT('',(0.705,1.45,0.75));
#10581 = B_SPLINE_CURVE_WITH_KNOTS('',1,(#10582,#10583),.UNSPECIFIED.,
  .F.,.F.,(2,2),(0.,1.),.PIECEWISE_BEZIER_KNOTS.);
#10582 = CARTESIAN_POINT('',(0.659324228722,1.358648457443,0.1));
#10583 = CARTESIAN_POINT('',(0.705,1.45,0.75));
#10584 = ORIENTED_EDGE('',*,*,#10585,.F.);
#10585 = EDGE_CURVE('',#10586,#10579,#10588,.T.);
#10586 = VERTEX_POINT('',#10587);
#10587 = CARTESIAN_POINT('',(-0.705,1.45,0.75));
#10588 = LINE('',#10589,#10590);
#10589 = CARTESIAN_POINT('',(-0.705,1.45,0.75));
#10590 = VECTOR('',#10591,1.);
#10591 = DIRECTION('',(1.,1.110223024625E-16,0.));
#10592 = ORIENTED_EDGE('',*,*,#10593,.F.);
#10593 = EDGE_CURVE('',#10569,#10586,#10594,.T.);
#10594 = B_SPLINE_CURVE_WITH_KNOTS('',1,(#10595,#10596),.UNSPECIFIED.,
  .F.,.F.,(2,2),(0.,1.),.PIECEWISE_BEZIER_KNOTS.);
#10595 = CARTESIAN_POINT('',(-0.659324228722,1.358648457443,0.1));
#10596 = CARTESIAN_POINT('',(-0.705,1.45,0.75));
#10597 = B_SPLINE_SURFACE_WITH_KNOTS('',1,1,(
    (#10598,#10599)
    ,(#10600,#10601
    )),.UNSPECIFIED.,.F.,.F.,.F.,(2,2),(2,2),(0.,1.41),(0.,1.),
  .PIECEWISE_BEZIER_KNOTS.);
#10598 = CARTESIAN_POINT('',(-0.659324228722,1.358648457443,0.1));
#10599 = CARTESIAN_POINT('',(-0.705,1.45,0.75));
#10600 = CARTESIAN_POINT('',(0.659324228722,1.358648457443,0.1));
#10601 = CARTESIAN_POINT('',(0.705,1.45,0.75));
#10602 = ADVANCED_FACE('',(#10603),#10660,.F.);
#10603 = FACE_BOUND('',#10604,.T.);
#10604 = EDGE_LOOP('',(#10605,#10606,#10614,#10622,#10630,#10638,#10646,
    #10654));
#10605 = ORIENTED_EDGE('',*,*,#10568,.T.);
#10606 = ORIENTED_EDGE('',*,*,#10607,.T.);
#10607 = EDGE_CURVE('',#10571,#10608,#10610,.T.);
#10608 = VERTEX_POINT('',#10609);
#10609 = CARTESIAN_POINT('',(0.708648457443,1.309324228722,0.1));
#10610 = LINE('',#10611,#10612);
#10611 = CARTESIAN_POINT('',(0.659324228722,1.358648457443,0.1));
#10612 = VECTOR('',#10613,1.);
#10613 = DIRECTION('',(0.707106781187,-0.707106781187,0.));
#10614 = ORIENTED_EDGE('',*,*,#10615,.T.);
#10615 = EDGE_CURVE('',#10608,#10616,#10618,.T.);
#10616 = VERTEX_POINT('',#10617);
#10617 = CARTESIAN_POINT('',(0.708648457443,-1.309324228722,0.1));
#10618 = LINE('',#10619,#10620);
#10619 = CARTESIAN_POINT('',(0.708648457443,1.309324228722,0.1));
#10620 = VECTOR('',#10621,1.);
#10621 = DIRECTION('',(1.110223024625E-16,-1.,0.));
#10622 = ORIENTED_EDGE('',*,*,#10623,.T.);
#10623 = EDGE_CURVE('',#10616,#10624,#10626,.T.);
#10624 = VERTEX_POINT('',#10625);
#10625 = CARTESIAN_POINT('',(0.659324228722,-1.358648457443,0.1));
#10626 = LINE('',#10627,#10628);
#10627 = CARTESIAN_POINT('',(0.708648457443,-1.309324228722,0.1));
#10628 = VECTOR('',#10629,1.);
#10629 = DIRECTION('',(-0.707106781187,-0.707106781187,0.));
#10630 = ORIENTED_EDGE('',*,*,#10631,.T.);
#10631 = EDGE_CURVE('',#10624,#10632,#10634,.T.);
#10632 = VERTEX_POINT('',#10633);
#10633 = CARTESIAN_POINT('',(-0.659324228722,-1.358648457443,0.1));
#10634 = LINE('',#10635,#10636);
#10635 = CARTESIAN_POINT('',(0.659324228722,-1.358648457443,0.1));
#10636 = VECTOR('',#10637,1.);
#10637 = DIRECTION('',(-1.,-1.110223024625E-16,0.));
#10638 = ORIENTED_EDGE('',*,*,#10639,.T.);
#10639 = EDGE_CURVE('',#10632,#10640,#10642,.T.);
#10640 = VERTEX_POINT('',#10641);
#10641 = CARTESIAN_POINT('',(-0.708648457443,-1.309324228722,0.1));
#10642 = LINE('',#10643,#10644);
#10643 = CARTESIAN_POINT('',(-0.659324228722,-1.358648457443,0.1));
#10644 = VECTOR('',#10645,1.);
#10645 = DIRECTION('',(-0.707106781187,0.707106781187,0.));
#10646 = ORIENTED_EDGE('',*,*,#10647,.T.);
#10647 = EDGE_CURVE('',#10640,#10648,#10650,.T.);
#10648 = VERTEX_POINT('',#10649);
#10649 = CARTESIAN_POINT('',(-0.708648457443,1.309324228722,0.1));
#10650 = LINE('',#10651,#10652);
#10651 = CARTESIAN_POINT('',(-0.708648457443,-1.309324228722,0.1));
#10652 = VECTOR('',#10653,1.);
#10653 = DIRECTION('',(-1.110223024625E-16,1.,0.));
#10654 = ORIENTED_EDGE('',*,*,#10655,.T.);
#10655 = EDGE_CURVE('',#10648,#10569,#10656,.T.);
#10656 = LINE('',#10657,#10658);
#10657 = CARTESIAN_POINT('',(-0.708648457443,1.309324228722,0.1));
#10658 = VECTOR('',#10659,1.);
#10659 = DIRECTION('',(0.707106781187,0.707106781187,0.));
#10660 = PLANE('',#10661);
#10661 = AXIS2_PLACEMENT_3D('',#10662,#10663,#10664);
#10662 = CARTESIAN_POINT('',(-0.659324228722,1.358648457443,0.1));
#10663 = DIRECTION('',(0.,0.,1.));
#10664 = DIRECTION('',(0.436587433964,-0.899661832304,0.));
#10665 = ADVANCED_FACE('',(#10666),#10683,.F.);
#10666 = FACE_BOUND('',#10667,.F.);
#10667 = EDGE_LOOP('',(#10668,#10669,#10676,#10682));
#10668 = ORIENTED_EDGE('',*,*,#10607,.T.);
#10669 = ORIENTED_EDGE('',*,*,#10670,.T.);
#10670 = EDGE_CURVE('',#10608,#10671,#10673,.T.);
#10671 = VERTEX_POINT('',#10672);
#10672 = CARTESIAN_POINT('',(0.8,1.355,0.75));
#10673 = B_SPLINE_CURVE_WITH_KNOTS('',1,(#10674,#10675),.UNSPECIFIED.,
  .F.,.F.,(2,2),(0.,1.),.PIECEWISE_BEZIER_KNOTS.);
#10674 = CARTESIAN_POINT('',(0.708648457443,1.309324228722,0.1));
#10675 = CARTESIAN_POINT('',(0.8,1.355,0.75));
#10676 = ORIENTED_EDGE('',*,*,#10677,.F.);
#10677 = EDGE_CURVE('',#10579,#10671,#10678,.T.);
#10678 = LINE('',#10679,#10680);
#10679 = CARTESIAN_POINT('',(0.705,1.45,0.75));
#10680 = VECTOR('',#10681,1.);
#10681 = DIRECTION('',(0.707106781187,-0.707106781187,0.));
#10682 = ORIENTED_EDGE('',*,*,#10578,.F.);
#10683 = B_SPLINE_SURFACE_WITH_KNOTS('',1,1,(
    (#10684,#10685)
    ,(#10686,#10687
    )),.UNSPECIFIED.,.F.,.F.,.F.,(2,2),(2,2),(0.,0.134350288425),(0.,1.)
  ,.PIECEWISE_BEZIER_KNOTS.);
#10684 = CARTESIAN_POINT('',(0.659324228722,1.358648457443,0.1));
#10685 = CARTESIAN_POINT('',(0.705,1.45,0.75));
#10686 = CARTESIAN_POINT('',(0.708648457443,1.309324228722,0.1));
#10687 = CARTESIAN_POINT('',(0.8,1.355,0.75));
#10688 = ADVANCED_FACE('',(#10689),#10712,.F.);
#10689 = FACE_BOUND('',#10690,.F.);
#10690 = EDGE_LOOP('',(#10691,#10692,#10699,#10707));
#10691 = ORIENTED_EDGE('',*,*,#10585,.T.);
#10692 = ORIENTED_EDGE('',*,*,#10693,.T.);
#10693 = EDGE_CURVE('',#10579,#10694,#10696,.T.);
#10694 = VERTEX_POINT('',#10695);
#10695 = CARTESIAN_POINT('',(0.705,1.45,0.9));
#10696 = B_SPLINE_CURVE_WITH_KNOTS('',1,(#10697,#10698),.UNSPECIFIED.,
  .F.,.F.,(2,2),(0.,1.),.PIECEWISE_BEZIER_KNOTS.);
#10697 = CARTESIAN_POINT('',(0.705,1.45,0.75));
#10698 = CARTESIAN_POINT('',(0.705,1.45,0.9));
#10699 = ORIENTED_EDGE('',*,*,#10700,.F.);
#10700 = EDGE_CURVE('',#10701,#10694,#10703,.T.);
#10701 = VERTEX_POINT('',#10702);
#10702 = CARTESIAN_POINT('',(-0.705,1.45,0.9));
#10703 = LINE('',#10704,#10705);
#10704 = CARTESIAN_POINT('',(-0.705,1.45,0.9));
#10705 = VECTOR('',#10706,1.);
#10706 = DIRECTION('',(1.,1.110223024625E-16,0.));
#10707 = ORIENTED_EDGE('',*,*,#10708,.F.);
#10708 = EDGE_CURVE('',#10586,#10701,#10709,.T.);
#10709 = B_SPLINE_CURVE_WITH_KNOTS('',1,(#10710,#10711),.UNSPECIFIED.,
  .F.,.F.,(2,2),(0.,1.),.PIECEWISE_BEZIER_KNOTS.);
#10710 = CARTESIAN_POINT('',(-0.705,1.45,0.75));
#10711 = CARTESIAN_POINT('',(-0.705,1.45,0.9));
#10712 = PLANE('',#10713);
#10713 = AXIS2_PLACEMENT_3D('',#10714,#10715,#10716);
#10714 = CARTESIAN_POINT('',(-0.705,1.45,0.9));
#10715 = DIRECTION('',(1.110223024625E-16,-1.,0.));
#10716 = DIRECTION('',(1.,1.110223024625E-16,0.));
#10717 = ADVANCED_FACE('',(#10718),#10735,.F.);
#10718 = FACE_BOUND('',#10719,.F.);
#10719 = EDGE_LOOP('',(#10720,#10721,#10722,#10730));
#10720 = ORIENTED_EDGE('',*,*,#10655,.T.);
#10721 = ORIENTED_EDGE('',*,*,#10593,.T.);
#10722 = ORIENTED_EDGE('',*,*,#10723,.F.);
#10723 = EDGE_CURVE('',#10724,#10586,#10726,.T.);
#10724 = VERTEX_POINT('',#10725);
#10725 = CARTESIAN_POINT('',(-0.8,1.355,0.75));
#10726 = LINE('',#10727,#10728);
#10727 = CARTESIAN_POINT('',(-0.8,1.355,0.75));
#10728 = VECTOR('',#10729,1.);
#10729 = DIRECTION('',(0.707106781187,0.707106781187,0.));
#10730 = ORIENTED_EDGE('',*,*,#10731,.F.);
#10731 = EDGE_CURVE('',#10648,#10724,#10732,.T.);
#10732 = B_SPLINE_CURVE_WITH_KNOTS('',1,(#10733,#10734),.UNSPECIFIED.,
  .F.,.F.,(2,2),(0.,1.),.PIECEWISE_BEZIER_KNOTS.);
#10733 = CARTESIAN_POINT('',(-0.708648457443,1.309324228722,0.1));
#10734 = CARTESIAN_POINT('',(-0.8,1.355,0.75));
#10735 = B_SPLINE_SURFACE_WITH_KNOTS('',1,1,(
    (#10736,#10737)
    ,(#10738,#10739
    )),.UNSPECIFIED.,.F.,.F.,.F.,(2,2),(2,2),(0.,0.134350288425),(0.,1.)
  ,.PIECEWISE_BEZIER_KNOTS.);
#10736 = CARTESIAN_POINT('',(-0.708648457443,1.309324228722,0.1));
#10737 = CARTESIAN_POINT('',(-0.8,1.355,0.75));
#10738 = CARTESIAN_POINT('',(-0.659324228722,1.358648457443,0.1));
#10739 = CARTESIAN_POINT('',(-0.705,1.45,0.75));
#10740 = ADVANCED_FACE('',(#10741),#10806,.F.);
#10741 = FACE_BOUND('',#10742,.F.);
#10742 = EDGE_LOOP('',(#10743,#10744,#10745,#10753,#10761,#10769,#10777,
    #10785,#10793,#10801));
#10743 = ORIENTED_EDGE('',*,*,#10647,.T.);
#10744 = ORIENTED_EDGE('',*,*,#10731,.T.);
#10745 = ORIENTED_EDGE('',*,*,#10746,.F.);
#10746 = EDGE_CURVE('',#10747,#10724,#10749,.T.);
#10747 = VERTEX_POINT('',#10748);
#10748 = CARTESIAN_POINT('',(-0.8,1.2,0.75));
#10749 = LINE('',#10750,#10751);
#10750 = CARTESIAN_POINT('',(-0.8,-1.355,0.75));
#10751 = VECTOR('',#10752,1.);
#10752 = DIRECTION('',(-1.110223024625E-16,1.,0.));
#10753 = ORIENTED_EDGE('',*,*,#10754,.F.);
#10754 = EDGE_CURVE('',#10755,#10747,#10757,.T.);
#10755 = VERTEX_POINT('',#10756);
#10756 = CARTESIAN_POINT('',(-0.8,0.7,0.75));
#10757 = LINE('',#10758,#10759);
#10758 = CARTESIAN_POINT('',(-0.8,-1.355,0.75));
#10759 = VECTOR('',#10760,1.);
#10760 = DIRECTION('',(-1.110223024625E-16,1.,0.));
#10761 = ORIENTED_EDGE('',*,*,#10762,.F.);
#10762 = EDGE_CURVE('',#10763,#10755,#10765,.T.);
#10763 = VERTEX_POINT('',#10764);
#10764 = CARTESIAN_POINT('',(-0.8,0.25,0.75));
#10765 = LINE('',#10766,#10767);
#10766 = CARTESIAN_POINT('',(-0.8,-1.355,0.75));
#10767 = VECTOR('',#10768,1.);
#10768 = DIRECTION('',(-1.110223024625E-16,1.,0.));
#10769 = ORIENTED_EDGE('',*,*,#10770,.F.);
#10770 = EDGE_CURVE('',#10771,#10763,#10773,.T.);
#10771 = VERTEX_POINT('',#10772);
#10772 = CARTESIAN_POINT('',(-0.8,-0.25,0.75));
#10773 = LINE('',#10774,#10775);
#10774 = CARTESIAN_POINT('',(-0.8,-1.355,0.75));
#10775 = VECTOR('',#10776,1.);
#10776 = DIRECTION('',(-1.110223024625E-16,1.,0.));
#10777 = ORIENTED_EDGE('',*,*,#10778,.F.);
#10778 = EDGE_CURVE('',#10779,#10771,#10781,.T.);
#10779 = VERTEX_POINT('',#10780);
#10780 = CARTESIAN_POINT('',(-0.8,-0.7,0.75));
#10781 = LINE('',#10782,#10783);
#10782 = CARTESIAN_POINT('',(-0.8,-1.355,0.75));
#10783 = VECTOR('',#10784,1.);
#10784 = DIRECTION('',(-1.110223024625E-16,1.,0.));
#10785 = ORIENTED_EDGE('',*,*,#10786,.F.);
#10786 = EDGE_CURVE('',#10787,#10779,#10789,.T.);
#10787 = VERTEX_POINT('',#10788);
#10788 = CARTESIAN_POINT('',(-0.8,-1.2,0.75));
#10789 = LINE('',#10790,#10791);
#10790 = CARTESIAN_POINT('',(-0.8,-1.355,0.75));
#10791 = VECTOR('',#10792,1.);
#10792 = DIRECTION('',(-1.110223024625E-16,1.,0.));
#10793 = ORIENTED_EDGE('',*,*,#10794,.F.);
#10794 = EDGE_CURVE('',#10795,#10787,#10797,.T.);
#10795 = VERTEX_POINT('',#10796);
#10796 = CARTESIAN_POINT('',(-0.8,-1.355,0.75));
#10797 = LINE('',#10798,#10799);
#10798 = CARTESIAN_POINT('',(-0.8,-1.355,0.75));
#10799 = VECTOR('',#10800,1.);
#10800 = DIRECTION('',(-1.110223024625E-16,1.,0.));
#10801 = ORIENTED_EDGE('',*,*,#10802,.F.);
#10802 = EDGE_CURVE('',#10640,#10795,#10803,.T.);
#10803 = B_SPLINE_CURVE_WITH_KNOTS('',1,(#10804,#10805),.UNSPECIFIED.,
  .F.,.F.,(2,2),(0.,1.),.PIECEWISE_BEZIER_KNOTS.);
#10804 = CARTESIAN_POINT('',(-0.708648457443,-1.309324228722,0.1));
#10805 = CARTESIAN_POINT('',(-0.8,-1.355,0.75));
#10806 = B_SPLINE_SURFACE_WITH_KNOTS('',1,1,(
    (#10807,#10808)
    ,(#10809,#10810
    )),.UNSPECIFIED.,.F.,.F.,.F.,(2,2),(2,2),(0.,2.71),(0.,1.),
  .PIECEWISE_BEZIER_KNOTS.);
#10807 = CARTESIAN_POINT('',(-0.708648457443,-1.309324228722,0.1));
#10808 = CARTESIAN_POINT('',(-0.8,-1.355,0.75));
#10809 = CARTESIAN_POINT('',(-0.708648457443,1.309324228722,0.1));
#10810 = CARTESIAN_POINT('',(-0.8,1.355,0.75));
#10811 = ADVANCED_FACE('',(#10812),#10861,.F.);
#10812 = FACE_BOUND('',#10813,.F.);
#10813 = EDGE_LOOP('',(#10814,#10815,#10822,#10830,#10838,#10846,#10854,
    #10860));
#10814 = ORIENTED_EDGE('',*,*,#10615,.T.);
#10815 = ORIENTED_EDGE('',*,*,#10816,.T.);
#10816 = EDGE_CURVE('',#10616,#10817,#10819,.T.);
#10817 = VERTEX_POINT('',#10818);
#10818 = CARTESIAN_POINT('',(0.8,-1.355,0.75));
#10819 = B_SPLINE_CURVE_WITH_KNOTS('',1,(#10820,#10821),.UNSPECIFIED.,
  .F.,.F.,(2,2),(0.,1.),.PIECEWISE_BEZIER_KNOTS.);
#10820 = CARTESIAN_POINT('',(0.708648457443,-1.309324228722,0.1));
#10821 = CARTESIAN_POINT('',(0.8,-1.355,0.75));
#10822 = ORIENTED_EDGE('',*,*,#10823,.F.);
#10823 = EDGE_CURVE('',#10824,#10817,#10826,.T.);
#10824 = VERTEX_POINT('',#10825);
#10825 = CARTESIAN_POINT('',(0.8,-1.2,0.75));
#10826 = LINE('',#10827,#10828);
#10827 = CARTESIAN_POINT('',(0.8,1.355,0.75));
#10828 = VECTOR('',#10829,1.);
#10829 = DIRECTION('',(1.110223024625E-16,-1.,0.));
#10830 = ORIENTED_EDGE('',*,*,#10831,.F.);
#10831 = EDGE_CURVE('',#10832,#10824,#10834,.T.);
#10832 = VERTEX_POINT('',#10833);
#10833 = CARTESIAN_POINT('',(0.8,-0.7,0.75));
#10834 = LINE('',#10835,#10836);
#10835 = CARTESIAN_POINT('',(0.8,1.355,0.75));
#10836 = VECTOR('',#10837,1.);
#10837 = DIRECTION('',(1.110223024625E-16,-1.,0.));
#10838 = ORIENTED_EDGE('',*,*,#10839,.F.);
#10839 = EDGE_CURVE('',#10840,#10832,#10842,.T.);
#10840 = VERTEX_POINT('',#10841);
#10841 = CARTESIAN_POINT('',(0.8,0.7,0.75));
#10842 = LINE('',#10843,#10844);
#10843 = CARTESIAN_POINT('',(0.8,1.355,0.75));
#10844 = VECTOR('',#10845,1.);
#10845 = DIRECTION('',(1.110223024625E-16,-1.,0.));
#10846 = ORIENTED_EDGE('',*,*,#10847,.F.);
#10847 = EDGE_CURVE('',#10848,#10840,#10850,.T.);
#10848 = VERTEX_POINT('',#10849);
#10849 = CARTESIAN_POINT('',(0.8,1.2,0.75));
#10850 = LINE('',#10851,#10852);
#10851 = CARTESIAN_POINT('',(0.8,1.355,0.75));
#10852 = VECTOR('',#10853,1.);
#10853 = DIRECTION('',(1.110223024625E-16,-1.,0.));
#10854 = ORIENTED_EDGE('',*,*,#10855,.F.);
#10855 = EDGE_CURVE('',#10671,#10848,#10856,.T.);
#10856 = LINE('',#10857,#10858);
#10857 = CARTESIAN_POINT('',(0.8,1.355,0.75));
#10858 = VECTOR('',#10859,1.);
#10859 = DIRECTION('',(1.110223024625E-16,-1.,0.));
#10860 = ORIENTED_EDGE('',*,*,#10670,.F.);
#10861 = B_SPLINE_SURFACE_WITH_KNOTS('',1,1,(
    (#10862,#10863)
    ,(#10864,#10865
    )),.UNSPECIFIED.,.F.,.F.,.F.,(2,2),(2,2),(0.,2.71),(0.,1.),
  .PIECEWISE_BEZIER_KNOTS.);
#10862 = CARTESIAN_POINT('',(0.708648457443,1.309324228722,0.1));
#10863 = CARTESIAN_POINT('',(0.8,1.355,0.75));
#10864 = CARTESIAN_POINT('',(0.708648457443,-1.309324228722,0.1));
#10865 = CARTESIAN_POINT('',(0.8,-1.355,0.75));
#10866 = ADVANCED_FACE('',(#10867),#10884,.F.);
#10867 = FACE_BOUND('',#10868,.F.);
#10868 = EDGE_LOOP('',(#10869,#10870,#10871,#10879));
#10869 = ORIENTED_EDGE('',*,*,#10639,.T.);
#10870 = ORIENTED_EDGE('',*,*,#10802,.T.);
#10871 = ORIENTED_EDGE('',*,*,#10872,.F.);
#10872 = EDGE_CURVE('',#10873,#10795,#10875,.T.);
#10873 = VERTEX_POINT('',#10874);
#10874 = CARTESIAN_POINT('',(-0.705,-1.45,0.75));
#10875 = LINE('',#10876,#10877);
#10876 = CARTESIAN_POINT('',(-0.705,-1.45,0.75));
#10877 = VECTOR('',#10878,1.);
#10878 = DIRECTION('',(-0.707106781187,0.707106781187,0.));
#10879 = ORIENTED_EDGE('',*,*,#10880,.F.);
#10880 = EDGE_CURVE('',#10632,#10873,#10881,.T.);
#10881 = B_SPLINE_CURVE_WITH_KNOTS('',1,(#10882,#10883),.UNSPECIFIED.,
  .F.,.F.,(2,2),(0.,1.),.PIECEWISE_BEZIER_KNOTS.);
#10882 = CARTESIAN_POINT('',(-0.659324228722,-1.358648457443,0.1));
#10883 = CARTESIAN_POINT('',(-0.705,-1.45,0.75));
#10884 = B_SPLINE_SURFACE_WITH_KNOTS('',1,1,(
    (#10885,#10886)
    ,(#10887,#10888
    )),.UNSPECIFIED.,.F.,.F.,.F.,(2,2),(2,2),(0.,0.134350288425),(0.,1.)
  ,.PIECEWISE_BEZIER_KNOTS.);
#10885 = CARTESIAN_POINT('',(-0.659324228722,-1.358648457443,0.1));
#10886 = CARTESIAN_POINT('',(-0.705,-1.45,0.75));
#10887 = CARTESIAN_POINT('',(-0.708648457443,-1.309324228722,0.1));
#10888 = CARTESIAN_POINT('',(-0.8,-1.355,0.75));
#10889 = ADVANCED_FACE('',(#10890),#10907,.F.);
#10890 = FACE_BOUND('',#10891,.F.);
#10891 = EDGE_LOOP('',(#10892,#10893,#10900,#10906));
#10892 = ORIENTED_EDGE('',*,*,#10623,.T.);
#10893 = ORIENTED_EDGE('',*,*,#10894,.T.);
#10894 = EDGE_CURVE('',#10624,#10895,#10897,.T.);
#10895 = VERTEX_POINT('',#10896);
#10896 = CARTESIAN_POINT('',(0.705,-1.45,0.75));
#10897 = B_SPLINE_CURVE_WITH_KNOTS('',1,(#10898,#10899),.UNSPECIFIED.,
  .F.,.F.,(2,2),(0.,1.),.PIECEWISE_BEZIER_KNOTS.);
#10898 = CARTESIAN_POINT('',(0.659324228722,-1.358648457443,0.1));
#10899 = CARTESIAN_POINT('',(0.705,-1.45,0.75));
#10900 = ORIENTED_EDGE('',*,*,#10901,.F.);
#10901 = EDGE_CURVE('',#10817,#10895,#10902,.T.);
#10902 = LINE('',#10903,#10904);
#10903 = CARTESIAN_POINT('',(0.8,-1.355,0.75));
#10904 = VECTOR('',#10905,1.);
#10905 = DIRECTION('',(-0.707106781187,-0.707106781187,0.));
#10906 = ORIENTED_EDGE('',*,*,#10816,.F.);
#10907 = B_SPLINE_SURFACE_WITH_KNOTS('',1,1,(
    (#10908,#10909)
    ,(#10910,#10911
    )),.UNSPECIFIED.,.F.,.F.,.F.,(2,2),(2,2),(0.,0.134350288425),(0.,1.)
  ,.PIECEWISE_BEZIER_KNOTS.);
#10908 = CARTESIAN_POINT('',(0.708648457443,-1.309324228722,0.1));
#10909 = CARTESIAN_POINT('',(0.8,-1.355,0.75));
#10910 = CARTESIAN_POINT('',(0.659324228722,-1.358648457443,0.1));
#10911 = CARTESIAN_POINT('',(0.705,-1.45,0.75));
#10912 = ADVANCED_FACE('',(#10913),#10924,.F.);
#10913 = FACE_BOUND('',#10914,.F.);
#10914 = EDGE_LOOP('',(#10915,#10916,#10917,#10923));
#10915 = ORIENTED_EDGE('',*,*,#10631,.T.);
#10916 = ORIENTED_EDGE('',*,*,#10880,.T.);
#10917 = ORIENTED_EDGE('',*,*,#10918,.F.);
#10918 = EDGE_CURVE('',#10895,#10873,#10919,.T.);
#10919 = LINE('',#10920,#10921);
#10920 = CARTESIAN_POINT('',(0.705,-1.45,0.75));
#10921 = VECTOR('',#10922,1.);
#10922 = DIRECTION('',(-1.,-1.110223024625E-16,0.));
#10923 = ORIENTED_EDGE('',*,*,#10894,.F.);
#10924 = B_SPLINE_SURFACE_WITH_KNOTS('',1,1,(
    (#10925,#10926)
    ,(#10927,#10928
    )),.UNSPECIFIED.,.F.,.F.,.F.,(2,2),(2,2),(0.,1.41),(0.,1.),
  .PIECEWISE_BEZIER_KNOTS.);
#10925 = CARTESIAN_POINT('',(0.659324228722,-1.358648457443,0.1));
#10926 = CARTESIAN_POINT('',(0.705,-1.45,0.75));
#10927 = CARTESIAN_POINT('',(-0.659324228722,-1.358648457443,0.1));
#10928 = CARTESIAN_POINT('',(-0.705,-1.45,0.75));
#10929 = ADVANCED_FACE('',(#10930),#10947,.F.);
#10930 = FACE_BOUND('',#10931,.F.);
#10931 = EDGE_LOOP('',(#10932,#10933,#10940,#10946));
#10932 = ORIENTED_EDGE('',*,*,#10677,.T.);
#10933 = ORIENTED_EDGE('',*,*,#10934,.T.);
#10934 = EDGE_CURVE('',#10671,#10935,#10937,.T.);
#10935 = VERTEX_POINT('',#10936);
#10936 = CARTESIAN_POINT('',(0.8,1.355,0.9));
#10937 = B_SPLINE_CURVE_WITH_KNOTS('',1,(#10938,#10939),.UNSPECIFIED.,
  .F.,.F.,(2,2),(0.,1.),.PIECEWISE_BEZIER_KNOTS.);
#10938 = CARTESIAN_POINT('',(0.8,1.355,0.75));
#10939 = CARTESIAN_POINT('',(0.8,1.355,0.9));
#10940 = ORIENTED_EDGE('',*,*,#10941,.F.);
#10941 = EDGE_CURVE('',#10694,#10935,#10942,.T.);
#10942 = LINE('',#10943,#10944);
#10943 = CARTESIAN_POINT('',(0.705,1.45,0.9));
#10944 = VECTOR('',#10945,1.);
#10945 = DIRECTION('',(0.707106781187,-0.707106781187,0.));
#10946 = ORIENTED_EDGE('',*,*,#10693,.F.);
#10947 = PLANE('',#10948);
#10948 = AXIS2_PLACEMENT_3D('',#10949,#10950,#10951);
#10949 = CARTESIAN_POINT('',(0.705,1.45,0.9));
#10950 = DIRECTION('',(-0.707106781187,-0.707106781187,0.));
#10951 = DIRECTION('',(0.707106781187,-0.707106781187,0.));
#10952 = ADVANCED_FACE('',(#10953),#11035,.F.);
#10953 = FACE_BOUND('',#10954,.F.);
#10954 = EDGE_LOOP('',(#10955,#10963,#10964,#10965,#10973,#10981,#10989,
    #10997,#11005,#11013,#11021,#11029));
#10955 = ORIENTED_EDGE('',*,*,#10956,.T.);
#10956 = EDGE_CURVE('',#10957,#10701,#10959,.T.);
#10957 = VERTEX_POINT('',#10958);
#10958 = CARTESIAN_POINT('',(-0.8,1.355,0.9));
#10959 = LINE('',#10960,#10961);
#10960 = CARTESIAN_POINT('',(-0.8,1.355,0.9));
#10961 = VECTOR('',#10962,1.);
#10962 = DIRECTION('',(0.707106781187,0.707106781187,0.));
#10963 = ORIENTED_EDGE('',*,*,#10700,.T.);
#10964 = ORIENTED_EDGE('',*,*,#10941,.T.);
#10965 = ORIENTED_EDGE('',*,*,#10966,.T.);
#10966 = EDGE_CURVE('',#10935,#10967,#10969,.T.);
#10967 = VERTEX_POINT('',#10968);
#10968 = CARTESIAN_POINT('',(0.8,1.2,0.9));
#10969 = LINE('',#10970,#10971);
#10970 = CARTESIAN_POINT('',(0.8,1.355,0.9));
#10971 = VECTOR('',#10972,1.);
#10972 = DIRECTION('',(1.110223024625E-16,-1.,0.));
#10973 = ORIENTED_EDGE('',*,*,#10974,.T.);
#10974 = EDGE_CURVE('',#10967,#10975,#10977,.T.);
#10975 = VERTEX_POINT('',#10976);
#10976 = CARTESIAN_POINT('',(0.775,1.2,0.9));
#10977 = LINE('',#10978,#10979);
#10978 = CARTESIAN_POINT('',(0.85,1.2,0.9));
#10979 = VECTOR('',#10980,1.);
#10980 = DIRECTION('',(-1.,-1.110223024625E-16,0.));
#10981 = ORIENTED_EDGE('',*,*,#10982,.F.);
#10982 = EDGE_CURVE('',#10983,#10975,#10985,.T.);
#10983 = VERTEX_POINT('',#10984);
#10984 = CARTESIAN_POINT('',(0.775,1.3425,0.9));
#10985 = LINE('',#10986,#10987);
#10986 = CARTESIAN_POINT('',(0.775,1.3425,0.9));
#10987 = VECTOR('',#10988,1.);
#10988 = DIRECTION('',(1.110223024625E-16,-1.,0.));
#10989 = ORIENTED_EDGE('',*,*,#10990,.F.);
#10990 = EDGE_CURVE('',#10991,#10983,#10993,.T.);
#10991 = VERTEX_POINT('',#10992);
#10992 = CARTESIAN_POINT('',(0.6925,1.425,0.9));
#10993 = LINE('',#10994,#10995);
#10994 = CARTESIAN_POINT('',(0.6925,1.425,0.9));
#10995 = VECTOR('',#10996,1.);
#10996 = DIRECTION('',(0.707106781187,-0.707106781187,0.));
#10997 = ORIENTED_EDGE('',*,*,#10998,.F.);
#10998 = EDGE_CURVE('',#10999,#10991,#11001,.T.);
#10999 = VERTEX_POINT('',#11000);
#11000 = CARTESIAN_POINT('',(-0.6925,1.425,0.9));
#11001 = LINE('',#11002,#11003);
#11002 = CARTESIAN_POINT('',(-0.6925,1.425,0.9));
#11003 = VECTOR('',#11004,1.);
#11004 = DIRECTION('',(1.,1.110223024625E-16,0.));
#11005 = ORIENTED_EDGE('',*,*,#11006,.F.);
#11006 = EDGE_CURVE('',#11007,#10999,#11009,.T.);
#11007 = VERTEX_POINT('',#11008);
#11008 = CARTESIAN_POINT('',(-0.775,1.3425,0.9));
#11009 = LINE('',#11010,#11011);
#11010 = CARTESIAN_POINT('',(-0.775,1.3425,0.9));
#11011 = VECTOR('',#11012,1.);
#11012 = DIRECTION('',(0.707106781187,0.707106781187,0.));
#11013 = ORIENTED_EDGE('',*,*,#11014,.F.);
#11014 = EDGE_CURVE('',#11015,#11007,#11017,.T.);
#11015 = VERTEX_POINT('',#11016);
#11016 = CARTESIAN_POINT('',(-0.775,1.2,0.9));
#11017 = LINE('',#11018,#11019);
#11018 = CARTESIAN_POINT('',(-0.775,-1.3425,0.9));
#11019 = VECTOR('',#11020,1.);
#11020 = DIRECTION('',(-1.110223024625E-16,1.,0.));
#11021 = ORIENTED_EDGE('',*,*,#11022,.F.);
#11022 = EDGE_CURVE('',#11023,#11015,#11025,.T.);
#11023 = VERTEX_POINT('',#11024);
#11024 = CARTESIAN_POINT('',(-0.8,1.2,0.9));
#11025 = LINE('',#11026,#11027);
#11026 = CARTESIAN_POINT('',(-0.85,1.2,0.9));
#11027 = VECTOR('',#11028,1.);
#11028 = DIRECTION('',(1.,-1.144237745222E-17,0.));
#11029 = ORIENTED_EDGE('',*,*,#11030,.T.);
#11030 = EDGE_CURVE('',#11023,#10957,#11031,.T.);
#11031 = LINE('',#11032,#11033);
#11032 = CARTESIAN_POINT('',(-0.8,-1.355,0.9));
#11033 = VECTOR('',#11034,1.);
#11034 = DIRECTION('',(-1.110223024625E-16,1.,0.));
#11035 = PLANE('',#11036);
#11036 = AXIS2_PLACEMENT_3D('',#11037,#11038,#11039);
#11037 = CARTESIAN_POINT('',(-2.091417030376E-16,1.4375,0.9));
#11038 = DIRECTION('',(4.595758349624E-18,6.551522493592E-27,-1.));
#11039 = DIRECTION('',(1.,1.51922136901E-16,4.595758349624E-18));
#11040 = ADVANCED_FACE('',(#11041),#11051,.F.);
#11041 = FACE_BOUND('',#11042,.F.);
#11042 = EDGE_LOOP('',(#11043,#11044,#11045,#11046));
#11043 = ORIENTED_EDGE('',*,*,#10723,.T.);
#11044 = ORIENTED_EDGE('',*,*,#10708,.T.);
#11045 = ORIENTED_EDGE('',*,*,#10956,.F.);
#11046 = ORIENTED_EDGE('',*,*,#11047,.F.);
#11047 = EDGE_CURVE('',#10724,#10957,#11048,.T.);
#11048 = B_SPLINE_CURVE_WITH_KNOTS('',1,(#11049,#11050),.UNSPECIFIED.,
  .F.,.F.,(2,2),(0.,1.),.PIECEWISE_BEZIER_KNOTS.);
#11049 = CARTESIAN_POINT('',(-0.8,1.355,0.75));
#11050 = CARTESIAN_POINT('',(-0.8,1.355,0.9));
#11051 = PLANE('',#11052);
#11052 = AXIS2_PLACEMENT_3D('',#11053,#11054,#11055);
#11053 = CARTESIAN_POINT('',(-0.8,1.355,0.9));
#11054 = DIRECTION('',(0.707106781187,-0.707106781187,0.));
#11055 = DIRECTION('',(0.707106781187,0.707106781187,0.));
#11056 = ADVANCED_FACE('',(#11057),#11081,.F.);
#11057 = FACE_BOUND('',#11058,.F.);
#11058 = EDGE_LOOP('',(#11059,#11066,#11067,#11075));
#11059 = ORIENTED_EDGE('',*,*,#11060,.F.);
#11060 = EDGE_CURVE('',#10795,#11061,#11063,.T.);
#11061 = VERTEX_POINT('',#11062);
#11062 = CARTESIAN_POINT('',(-0.8,-1.355,0.9));
#11063 = B_SPLINE_CURVE_WITH_KNOTS('',1,(#11064,#11065),.UNSPECIFIED.,
  .F.,.F.,(2,2),(0.,1.),.PIECEWISE_BEZIER_KNOTS.);
#11064 = CARTESIAN_POINT('',(-0.8,-1.355,0.75));
#11065 = CARTESIAN_POINT('',(-0.8,-1.355,0.9));
#11066 = ORIENTED_EDGE('',*,*,#10794,.T.);
#11067 = ORIENTED_EDGE('',*,*,#11068,.T.);
#11068 = EDGE_CURVE('',#10787,#11069,#11071,.T.);
#11069 = VERTEX_POINT('',#11070);
#11070 = CARTESIAN_POINT('',(-0.8,-1.2,0.9));
#11071 = LINE('',#11072,#11073);
#11072 = CARTESIAN_POINT('',(-0.8,-1.2,0.670847817658));
#11073 = VECTOR('',#11074,1.);
#11074 = DIRECTION('',(0.,0.,1.));
#11075 = ORIENTED_EDGE('',*,*,#11076,.F.);
#11076 = EDGE_CURVE('',#11061,#11069,#11077,.T.);
#11077 = LINE('',#11078,#11079);
#11078 = CARTESIAN_POINT('',(-0.8,-1.355,0.9));
#11079 = VECTOR('',#11080,1.);
#11080 = DIRECTION('',(-1.110223024625E-16,1.,0.));
#11081 = PLANE('',#11082);
#11082 = AXIS2_PLACEMENT_3D('',#11083,#11084,#11085);
#11083 = CARTESIAN_POINT('',(-0.8,-1.355,0.9));
#11084 = DIRECTION('',(1.,1.110223024625E-16,0.));
#11085 = DIRECTION('',(-1.110223024625E-16,1.,0.));
#11086 = ADVANCED_FACE('',(#11087),#11112,.F.);
#11087 = FACE_BOUND('',#11088,.F.);
#11088 = EDGE_LOOP('',(#11089,#11097,#11098,#11106));
#11089 = ORIENTED_EDGE('',*,*,#11090,.F.);
#11090 = EDGE_CURVE('',#10787,#11091,#11093,.T.);
#11091 = VERTEX_POINT('',#11092);
#11092 = CARTESIAN_POINT('',(-0.85,-1.2,0.75));
#11093 = LINE('',#11094,#11095);
#11094 = CARTESIAN_POINT('',(-0.75,-1.2,0.75));
#11095 = VECTOR('',#11096,1.);
#11096 = DIRECTION('',(-1.,1.144237745222E-17,0.));
#11097 = ORIENTED_EDGE('',*,*,#10786,.T.);
#11098 = ORIENTED_EDGE('',*,*,#11099,.T.);
#11099 = EDGE_CURVE('',#10779,#11100,#11102,.T.);
#11100 = VERTEX_POINT('',#11101);
#11101 = CARTESIAN_POINT('',(-0.85,-0.7,0.75));
#11102 = LINE('',#11103,#11104);
#11103 = CARTESIAN_POINT('',(-0.75,-0.7,0.75));
#11104 = VECTOR('',#11105,1.);
#11105 = DIRECTION('',(-1.,1.144237745222E-17,0.));
#11106 = ORIENTED_EDGE('',*,*,#11107,.F.);
#11107 = EDGE_CURVE('',#11091,#11100,#11108,.T.);
#11108 = LINE('',#11109,#11110);
#11109 = CARTESIAN_POINT('',(-0.85,-1.2,0.75));
#11110 = VECTOR('',#11111,1.);
#11111 = DIRECTION('',(1.144237745222E-17,1.,0.));
#11112 = PLANE('',#11113);
#11113 = AXIS2_PLACEMENT_3D('',#11114,#11115,#11116);
#11114 = CARTESIAN_POINT('',(-0.75,-1.2,0.75));
#11115 = DIRECTION('',(0.,0.,1.));
#11116 = DIRECTION('',(-1.,1.144237745222E-17,0.));
#11117 = ADVANCED_FACE('',(#11118),#11143,.F.);
#11118 = FACE_BOUND('',#11119,.F.);
#11119 = EDGE_LOOP('',(#11120,#11128,#11129,#11137));
#11120 = ORIENTED_EDGE('',*,*,#11121,.F.);
#11121 = EDGE_CURVE('',#10779,#11122,#11124,.T.);
#11122 = VERTEX_POINT('',#11123);
#11123 = CARTESIAN_POINT('',(-0.8,-0.7,0.9));
#11124 = LINE('',#11125,#11126);
#11125 = CARTESIAN_POINT('',(-0.8,-0.7,0.670847817658));
#11126 = VECTOR('',#11127,1.);
#11127 = DIRECTION('',(0.,0.,1.));
#11128 = ORIENTED_EDGE('',*,*,#10778,.T.);
#11129 = ORIENTED_EDGE('',*,*,#11130,.T.);
#11130 = EDGE_CURVE('',#10771,#11131,#11133,.T.);
#11131 = VERTEX_POINT('',#11132);
#11132 = CARTESIAN_POINT('',(-0.8,-0.25,0.9));
#11133 = LINE('',#11134,#11135);
#11134 = CARTESIAN_POINT('',(-0.8,-0.25,0.670847817658));
#11135 = VECTOR('',#11136,1.);
#11136 = DIRECTION('',(0.,0.,1.));
#11137 = ORIENTED_EDGE('',*,*,#11138,.F.);
#11138 = EDGE_CURVE('',#11122,#11131,#11139,.T.);
#11139 = LINE('',#11140,#11141);
#11140 = CARTESIAN_POINT('',(-0.8,-1.355,0.9));
#11141 = VECTOR('',#11142,1.);
#11142 = DIRECTION('',(-1.110223024625E-16,1.,0.));
#11143 = PLANE('',#11144);
#11144 = AXIS2_PLACEMENT_3D('',#11145,#11146,#11147);
#11145 = CARTESIAN_POINT('',(-0.8,-1.355,0.9));
#11146 = DIRECTION('',(1.,1.110223024625E-16,0.));
#11147 = DIRECTION('',(-1.110223024625E-16,1.,0.));
#11148 = ADVANCED_FACE('',(#11149),#11174,.F.);
#11149 = FACE_BOUND('',#11150,.F.);
#11150 = EDGE_LOOP('',(#11151,#11159,#11160,#11168));
#11151 = ORIENTED_EDGE('',*,*,#11152,.F.);
#11152 = EDGE_CURVE('',#10771,#11153,#11155,.T.);
#11153 = VERTEX_POINT('',#11154);
#11154 = CARTESIAN_POINT('',(-0.85,-0.25,0.75));
#11155 = LINE('',#11156,#11157);
#11156 = CARTESIAN_POINT('',(-0.75,-0.25,0.75));
#11157 = VECTOR('',#11158,1.);
#11158 = DIRECTION('',(-1.,1.144237745222E-17,0.));
#11159 = ORIENTED_EDGE('',*,*,#10770,.T.);
#11160 = ORIENTED_EDGE('',*,*,#11161,.T.);
#11161 = EDGE_CURVE('',#10763,#11162,#11164,.T.);
#11162 = VERTEX_POINT('',#11163);
#11163 = CARTESIAN_POINT('',(-0.85,0.25,0.75));
#11164 = LINE('',#11165,#11166);
#11165 = CARTESIAN_POINT('',(-0.75,0.25,0.75));
#11166 = VECTOR('',#11167,1.);
#11167 = DIRECTION('',(-1.,1.144237745222E-17,0.));
#11168 = ORIENTED_EDGE('',*,*,#11169,.F.);
#11169 = EDGE_CURVE('',#11153,#11162,#11170,.T.);
#11170 = LINE('',#11171,#11172);
#11171 = CARTESIAN_POINT('',(-0.85,-0.25,0.75));
#11172 = VECTOR('',#11173,1.);
#11173 = DIRECTION('',(1.144237745222E-17,1.,0.));
#11174 = PLANE('',#11175);
#11175 = AXIS2_PLACEMENT_3D('',#11176,#11177,#11178);
#11176 = CARTESIAN_POINT('',(-0.75,-0.25,0.75));
#11177 = DIRECTION('',(0.,0.,1.));
#11178 = DIRECTION('',(-1.,1.144237745222E-17,0.));
#11179 = ADVANCED_FACE('',(#11180),#11205,.F.);
#11180 = FACE_BOUND('',#11181,.F.);
#11181 = EDGE_LOOP('',(#11182,#11190,#11191,#11199));
#11182 = ORIENTED_EDGE('',*,*,#11183,.F.);
#11183 = EDGE_CURVE('',#10763,#11184,#11186,.T.);
#11184 = VERTEX_POINT('',#11185);
#11185 = CARTESIAN_POINT('',(-0.8,0.25,0.9));
#11186 = LINE('',#11187,#11188);
#11187 = CARTESIAN_POINT('',(-0.8,0.25,0.670847817658));
#11188 = VECTOR('',#11189,1.);
#11189 = DIRECTION('',(0.,0.,1.));
#11190 = ORIENTED_EDGE('',*,*,#10762,.T.);
#11191 = ORIENTED_EDGE('',*,*,#11192,.T.);
#11192 = EDGE_CURVE('',#10755,#11193,#11195,.T.);
#11193 = VERTEX_POINT('',#11194);
#11194 = CARTESIAN_POINT('',(-0.8,0.7,0.9));
#11195 = LINE('',#11196,#11197);
#11196 = CARTESIAN_POINT('',(-0.8,0.7,0.670847817658));
#11197 = VECTOR('',#11198,1.);
#11198 = DIRECTION('',(0.,0.,1.));
#11199 = ORIENTED_EDGE('',*,*,#11200,.F.);
#11200 = EDGE_CURVE('',#11184,#11193,#11201,.T.);
#11201 = LINE('',#11202,#11203);
#11202 = CARTESIAN_POINT('',(-0.8,-1.355,0.9));
#11203 = VECTOR('',#11204,1.);
#11204 = DIRECTION('',(-1.110223024625E-16,1.,0.));
#11205 = PLANE('',#11206);
#11206 = AXIS2_PLACEMENT_3D('',#11207,#11208,#11209);
#11207 = CARTESIAN_POINT('',(-0.8,-1.355,0.9));
#11208 = DIRECTION('',(1.,1.110223024625E-16,0.));
#11209 = DIRECTION('',(-1.110223024625E-16,1.,0.));
#11210 = ADVANCED_FACE('',(#11211),#11236,.F.);
#11211 = FACE_BOUND('',#11212,.F.);
#11212 = EDGE_LOOP('',(#11213,#11221,#11222,#11230));
#11213 = ORIENTED_EDGE('',*,*,#11214,.F.);
#11214 = EDGE_CURVE('',#10755,#11215,#11217,.T.);
#11215 = VERTEX_POINT('',#11216);
#11216 = CARTESIAN_POINT('',(-0.85,0.7,0.75));
#11217 = LINE('',#11218,#11219);
#11218 = CARTESIAN_POINT('',(-0.75,0.7,0.75));
#11219 = VECTOR('',#11220,1.);
#11220 = DIRECTION('',(-1.,1.144237745222E-17,0.));
#11221 = ORIENTED_EDGE('',*,*,#10754,.T.);
#11222 = ORIENTED_EDGE('',*,*,#11223,.T.);
#11223 = EDGE_CURVE('',#10747,#11224,#11226,.T.);
#11224 = VERTEX_POINT('',#11225);
#11225 = CARTESIAN_POINT('',(-0.85,1.2,0.75));
#11226 = LINE('',#11227,#11228);
#11227 = CARTESIAN_POINT('',(-0.75,1.2,0.75));
#11228 = VECTOR('',#11229,1.);
#11229 = DIRECTION('',(-1.,1.144237745222E-17,0.));
#11230 = ORIENTED_EDGE('',*,*,#11231,.F.);
#11231 = EDGE_CURVE('',#11215,#11224,#11232,.T.);
#11232 = LINE('',#11233,#11234);
#11233 = CARTESIAN_POINT('',(-0.85,0.7,0.75));
#11234 = VECTOR('',#11235,1.);
#11235 = DIRECTION('',(1.144237745222E-17,1.,0.));
#11236 = PLANE('',#11237);
#11237 = AXIS2_PLACEMENT_3D('',#11238,#11239,#11240);
#11238 = CARTESIAN_POINT('',(-0.75,0.7,0.75));
#11239 = DIRECTION('',(0.,0.,1.));
#11240 = DIRECTION('',(-1.,1.144237745222E-17,0.));
#11241 = ADVANCED_FACE('',(#11242),#11253,.F.);
#11242 = FACE_BOUND('',#11243,.F.);
#11243 = EDGE_LOOP('',(#11244,#11250,#11251,#11252));
#11244 = ORIENTED_EDGE('',*,*,#11245,.F.);
#11245 = EDGE_CURVE('',#10747,#11023,#11246,.T.);
#11246 = LINE('',#11247,#11248);
#11247 = CARTESIAN_POINT('',(-0.8,1.2,0.670847817658));
#11248 = VECTOR('',#11249,1.);
#11249 = DIRECTION('',(0.,0.,1.));
#11250 = ORIENTED_EDGE('',*,*,#10746,.T.);
#11251 = ORIENTED_EDGE('',*,*,#11047,.T.);
#11252 = ORIENTED_EDGE('',*,*,#11030,.F.);
#11253 = PLANE('',#11254);
#11254 = AXIS2_PLACEMENT_3D('',#11255,#11256,#11257);
#11255 = CARTESIAN_POINT('',(-0.8,-1.355,0.9));
#11256 = DIRECTION('',(1.,1.110223024625E-16,0.));
#11257 = DIRECTION('',(-1.110223024625E-16,1.,0.));
#11258 = ADVANCED_FACE('',(#11259),#11270,.F.);
#11259 = FACE_BOUND('',#11260,.F.);
#11260 = EDGE_LOOP('',(#11261,#11262,#11263,#11269));
#11261 = ORIENTED_EDGE('',*,*,#10934,.F.);
#11262 = ORIENTED_EDGE('',*,*,#10855,.T.);
#11263 = ORIENTED_EDGE('',*,*,#11264,.T.);
#11264 = EDGE_CURVE('',#10848,#10967,#11265,.T.);
#11265 = LINE('',#11266,#11267);
#11266 = CARTESIAN_POINT('',(0.8,1.2,0.670847817658));
#11267 = VECTOR('',#11268,1.);
#11268 = DIRECTION('',(0.,0.,1.));
#11269 = ORIENTED_EDGE('',*,*,#10966,.F.);
#11270 = PLANE('',#11271);
#11271 = AXIS2_PLACEMENT_3D('',#11272,#11273,#11274);
#11272 = CARTESIAN_POINT('',(0.8,1.355,0.9));
#11273 = DIRECTION('',(-1.,-1.110223024625E-16,0.));
#11274 = DIRECTION('',(1.110223024625E-16,-1.,0.));
#11275 = ADVANCED_FACE('',(#11276),#11301,.F.);
#11276 = FACE_BOUND('',#11277,.F.);
#11277 = EDGE_LOOP('',(#11278,#11286,#11287,#11295));
#11278 = ORIENTED_EDGE('',*,*,#11279,.F.);
#11279 = EDGE_CURVE('',#10848,#11280,#11282,.T.);
#11280 = VERTEX_POINT('',#11281);
#11281 = CARTESIAN_POINT('',(0.85,1.2,0.75));
#11282 = LINE('',#11283,#11284);
#11283 = CARTESIAN_POINT('',(0.75,1.2,0.75));
#11284 = VECTOR('',#11285,1.);
#11285 = DIRECTION('',(1.,1.110223024625E-16,0.));
#11286 = ORIENTED_EDGE('',*,*,#10847,.T.);
#11287 = ORIENTED_EDGE('',*,*,#11288,.T.);
#11288 = EDGE_CURVE('',#10840,#11289,#11291,.T.);
#11289 = VERTEX_POINT('',#11290);
#11290 = CARTESIAN_POINT('',(0.85,0.7,0.75));
#11291 = LINE('',#11292,#11293);
#11292 = CARTESIAN_POINT('',(0.75,0.7,0.75));
#11293 = VECTOR('',#11294,1.);
#11294 = DIRECTION('',(1.,1.110223024625E-16,0.));
#11295 = ORIENTED_EDGE('',*,*,#11296,.F.);
#11296 = EDGE_CURVE('',#11280,#11289,#11297,.T.);
#11297 = LINE('',#11298,#11299);
#11298 = CARTESIAN_POINT('',(0.85,1.2,0.75));
#11299 = VECTOR('',#11300,1.);
#11300 = DIRECTION('',(1.110223024625E-16,-1.,0.));
#11301 = PLANE('',#11302);
#11302 = AXIS2_PLACEMENT_3D('',#11303,#11304,#11305);
#11303 = CARTESIAN_POINT('',(0.75,1.2,0.75));
#11304 = DIRECTION('',(0.,0.,1.));
#11305 = DIRECTION('',(1.,1.110223024625E-16,-0.));
#11306 = ADVANCED_FACE('',(#11307),#11332,.F.);
#11307 = FACE_BOUND('',#11308,.F.);
#11308 = EDGE_LOOP('',(#11309,#11317,#11318,#11326));
#11309 = ORIENTED_EDGE('',*,*,#11310,.F.);
#11310 = EDGE_CURVE('',#10840,#11311,#11313,.T.);
#11311 = VERTEX_POINT('',#11312);
#11312 = CARTESIAN_POINT('',(0.8,0.7,0.9));
#11313 = LINE('',#11314,#11315);
#11314 = CARTESIAN_POINT('',(0.8,0.7,0.670847817658));
#11315 = VECTOR('',#11316,1.);
#11316 = DIRECTION('',(0.,0.,1.));
#11317 = ORIENTED_EDGE('',*,*,#10839,.T.);
#11318 = ORIENTED_EDGE('',*,*,#11319,.T.);
#11319 = EDGE_CURVE('',#10832,#11320,#11322,.T.);
#11320 = VERTEX_POINT('',#11321);
#11321 = CARTESIAN_POINT('',(0.8,-0.7,0.9));
#11322 = LINE('',#11323,#11324);
#11323 = CARTESIAN_POINT('',(0.8,-0.7,0.670847817658));
#11324 = VECTOR('',#11325,1.);
#11325 = DIRECTION('',(0.,0.,1.));
#11326 = ORIENTED_EDGE('',*,*,#11327,.F.);
#11327 = EDGE_CURVE('',#11311,#11320,#11328,.T.);
#11328 = LINE('',#11329,#11330);
#11329 = CARTESIAN_POINT('',(0.8,1.355,0.9));
#11330 = VECTOR('',#11331,1.);
#11331 = DIRECTION('',(1.110223024625E-16,-1.,0.));
#11332 = PLANE('',#11333);
#11333 = AXIS2_PLACEMENT_3D('',#11334,#11335,#11336);
#11334 = CARTESIAN_POINT('',(0.8,1.355,0.9));
#11335 = DIRECTION('',(-1.,-1.110223024625E-16,0.));
#11336 = DIRECTION('',(1.110223024625E-16,-1.,0.));
#11337 = ADVANCED_FACE('',(#11338),#11363,.F.);
#11338 = FACE_BOUND('',#11339,.F.);
#11339 = EDGE_LOOP('',(#11340,#11348,#11349,#11357));
#11340 = ORIENTED_EDGE('',*,*,#11341,.F.);
#11341 = EDGE_CURVE('',#10832,#11342,#11344,.T.);
#11342 = VERTEX_POINT('',#11343);
#11343 = CARTESIAN_POINT('',(0.85,-0.7,0.75));
#11344 = LINE('',#11345,#11346);
#11345 = CARTESIAN_POINT('',(0.75,-0.7,0.75));
#11346 = VECTOR('',#11347,1.);
#11347 = DIRECTION('',(1.,1.110223024625E-16,0.));
#11348 = ORIENTED_EDGE('',*,*,#10831,.T.);
#11349 = ORIENTED_EDGE('',*,*,#11350,.T.);
#11350 = EDGE_CURVE('',#10824,#11351,#11353,.T.);
#11351 = VERTEX_POINT('',#11352);
#11352 = CARTESIAN_POINT('',(0.85,-1.2,0.75));
#11353 = LINE('',#11354,#11355);
#11354 = CARTESIAN_POINT('',(0.75,-1.2,0.75));
#11355 = VECTOR('',#11356,1.);
#11356 = DIRECTION('',(1.,1.110223024625E-16,0.));
#11357 = ORIENTED_EDGE('',*,*,#11358,.F.);
#11358 = EDGE_CURVE('',#11342,#11351,#11359,.T.);
#11359 = LINE('',#11360,#11361);
#11360 = CARTESIAN_POINT('',(0.85,-0.7,0.75));
#11361 = VECTOR('',#11362,1.);
#11362 = DIRECTION('',(1.110223024625E-16,-1.,0.));
#11363 = PLANE('',#11364);
#11364 = AXIS2_PLACEMENT_3D('',#11365,#11366,#11367);
#11365 = CARTESIAN_POINT('',(0.75,-0.7,0.75));
#11366 = DIRECTION('',(0.,0.,1.));
#11367 = DIRECTION('',(1.,1.110223024625E-16,-0.));
#11368 = ADVANCED_FACE('',(#11369),#11393,.F.);
#11369 = FACE_BOUND('',#11370,.F.);
#11370 = EDGE_LOOP('',(#11371,#11379,#11380,#11387));
#11371 = ORIENTED_EDGE('',*,*,#11372,.F.);
#11372 = EDGE_CURVE('',#10824,#11373,#11375,.T.);
#11373 = VERTEX_POINT('',#11374);
#11374 = CARTESIAN_POINT('',(0.8,-1.2,0.9));
#11375 = LINE('',#11376,#11377);
#11376 = CARTESIAN_POINT('',(0.8,-1.2,0.670847817658));
#11377 = VECTOR('',#11378,1.);
#11378 = DIRECTION('',(0.,0.,1.));
#11379 = ORIENTED_EDGE('',*,*,#10823,.T.);
#11380 = ORIENTED_EDGE('',*,*,#11381,.T.);
#11381 = EDGE_CURVE('',#10817,#11382,#11384,.T.);
#11382 = VERTEX_POINT('',#11383);
#11383 = CARTESIAN_POINT('',(0.8,-1.355,0.9));
#11384 = B_SPLINE_CURVE_WITH_KNOTS('',1,(#11385,#11386),.UNSPECIFIED.,
  .F.,.F.,(2,2),(0.,1.),.PIECEWISE_BEZIER_KNOTS.);
#11385 = CARTESIAN_POINT('',(0.8,-1.355,0.75));
#11386 = CARTESIAN_POINT('',(0.8,-1.355,0.9));
#11387 = ORIENTED_EDGE('',*,*,#11388,.F.);
#11388 = EDGE_CURVE('',#11373,#11382,#11389,.T.);
#11389 = LINE('',#11390,#11391);
#11390 = CARTESIAN_POINT('',(0.8,1.355,0.9));
#11391 = VECTOR('',#11392,1.);
#11392 = DIRECTION('',(1.110223024625E-16,-1.,0.));
#11393 = PLANE('',#11394);
#11394 = AXIS2_PLACEMENT_3D('',#11395,#11396,#11397);
#11395 = CARTESIAN_POINT('',(0.8,1.355,0.9));
#11396 = DIRECTION('',(-1.,-1.110223024625E-16,0.));
#11397 = DIRECTION('',(1.110223024625E-16,-1.,0.));
#11398 = ADVANCED_FACE('',(#11399),#11416,.F.);
#11399 = FACE_BOUND('',#11400,.F.);
#11400 = EDGE_LOOP('',(#11401,#11402,#11403,#11411));
#11401 = ORIENTED_EDGE('',*,*,#10872,.T.);
#11402 = ORIENTED_EDGE('',*,*,#11060,.T.);
#11403 = ORIENTED_EDGE('',*,*,#11404,.F.);
#11404 = EDGE_CURVE('',#11405,#11061,#11407,.T.);
#11405 = VERTEX_POINT('',#11406);
#11406 = CARTESIAN_POINT('',(-0.705,-1.45,0.9));
#11407 = LINE('',#11408,#11409);
#11408 = CARTESIAN_POINT('',(-0.705,-1.45,0.9));
#11409 = VECTOR('',#11410,1.);
#11410 = DIRECTION('',(-0.707106781187,0.707106781187,0.));
#11411 = ORIENTED_EDGE('',*,*,#11412,.F.);
#11412 = EDGE_CURVE('',#10873,#11405,#11413,.T.);
#11413 = B_SPLINE_CURVE_WITH_KNOTS('',1,(#11414,#11415),.UNSPECIFIED.,
  .F.,.F.,(2,2),(0.,1.),.PIECEWISE_BEZIER_KNOTS.);
#11414 = CARTESIAN_POINT('',(-0.705,-1.45,0.75));
#11415 = CARTESIAN_POINT('',(-0.705,-1.45,0.9));
#11416 = PLANE('',#11417);
#11417 = AXIS2_PLACEMENT_3D('',#11418,#11419,#11420);
#11418 = CARTESIAN_POINT('',(-0.705,-1.45,0.9));
#11419 = DIRECTION('',(0.707106781187,0.707106781187,0.));
#11420 = DIRECTION('',(-0.707106781187,0.707106781187,0.));
#11421 = ADVANCED_FACE('',(#11422),#11439,.F.);
#11422 = FACE_BOUND('',#11423,.F.);
#11423 = EDGE_LOOP('',(#11424,#11425,#11432,#11438));
#11424 = ORIENTED_EDGE('',*,*,#10901,.T.);
#11425 = ORIENTED_EDGE('',*,*,#11426,.T.);
#11426 = EDGE_CURVE('',#10895,#11427,#11429,.T.);
#11427 = VERTEX_POINT('',#11428);
#11428 = CARTESIAN_POINT('',(0.705,-1.45,0.9));
#11429 = B_SPLINE_CURVE_WITH_KNOTS('',1,(#11430,#11431),.UNSPECIFIED.,
  .F.,.F.,(2,2),(0.,1.),.PIECEWISE_BEZIER_KNOTS.);
#11430 = CARTESIAN_POINT('',(0.705,-1.45,0.75));
#11431 = CARTESIAN_POINT('',(0.705,-1.45,0.9));
#11432 = ORIENTED_EDGE('',*,*,#11433,.F.);
#11433 = EDGE_CURVE('',#11382,#11427,#11434,.T.);
#11434 = LINE('',#11435,#11436);
#11435 = CARTESIAN_POINT('',(0.8,-1.355,0.9));
#11436 = VECTOR('',#11437,1.);
#11437 = DIRECTION('',(-0.707106781187,-0.707106781187,0.));
#11438 = ORIENTED_EDGE('',*,*,#11381,.F.);
#11439 = PLANE('',#11440);
#11440 = AXIS2_PLACEMENT_3D('',#11441,#11442,#11443);
#11441 = CARTESIAN_POINT('',(0.8,-1.355,0.9));
#11442 = DIRECTION('',(-0.707106781187,0.707106781187,0.));
#11443 = DIRECTION('',(-0.707106781187,-0.707106781187,0.));
#11444 = ADVANCED_FACE('',(#11445),#11456,.F.);
#11445 = FACE_BOUND('',#11446,.F.);
#11446 = EDGE_LOOP('',(#11447,#11448,#11449,#11455));
#11447 = ORIENTED_EDGE('',*,*,#10918,.T.);
#11448 = ORIENTED_EDGE('',*,*,#11412,.T.);
#11449 = ORIENTED_EDGE('',*,*,#11450,.F.);
#11450 = EDGE_CURVE('',#11427,#11405,#11451,.T.);
#11451 = LINE('',#11452,#11453);
#11452 = CARTESIAN_POINT('',(0.705,-1.45,0.9));
#11453 = VECTOR('',#11454,1.);
#11454 = DIRECTION('',(-1.,-1.110223024625E-16,0.));
#11455 = ORIENTED_EDGE('',*,*,#11426,.F.);
#11456 = PLANE('',#11457);
#11457 = AXIS2_PLACEMENT_3D('',#11458,#11459,#11460);
#11458 = CARTESIAN_POINT('',(0.705,-1.45,0.9));
#11459 = DIRECTION('',(-1.110223024625E-16,1.,0.));
#11460 = DIRECTION('',(-1.,-1.110223024625E-16,0.));
#11461 = ADVANCED_FACE('',(#11462),#11501,.F.);
#11462 = FACE_BOUND('',#11463,.F.);
#11463 = EDGE_LOOP('',(#11464,#11472,#11480,#11486,#11487,#11495));
#11464 = ORIENTED_EDGE('',*,*,#11465,.F.);
#11465 = EDGE_CURVE('',#11466,#11193,#11468,.T.);
#11466 = VERTEX_POINT('',#11467);
#11467 = CARTESIAN_POINT('',(-0.85,0.7,0.9));
#11468 = LINE('',#11469,#11470);
#11469 = CARTESIAN_POINT('',(-0.85,0.7,0.9));
#11470 = VECTOR('',#11471,1.);
#11471 = DIRECTION('',(1.,-1.144237745222E-17,0.));
#11472 = ORIENTED_EDGE('',*,*,#11473,.T.);
#11473 = EDGE_CURVE('',#11466,#11474,#11476,.T.);
#11474 = VERTEX_POINT('',#11475);
#11475 = CARTESIAN_POINT('',(-0.85,1.2,0.9));
#11476 = LINE('',#11477,#11478);
#11477 = CARTESIAN_POINT('',(-0.85,0.7,0.9));
#11478 = VECTOR('',#11479,1.);
#11479 = DIRECTION('',(1.144237745222E-17,1.,0.));
#11480 = ORIENTED_EDGE('',*,*,#11481,.T.);
#11481 = EDGE_CURVE('',#11474,#11023,#11482,.T.);
#11482 = LINE('',#11483,#11484);
#11483 = CARTESIAN_POINT('',(-0.85,1.2,0.9));
#11484 = VECTOR('',#11485,1.);
#11485 = DIRECTION('',(1.,-1.144237745222E-17,0.));
#11486 = ORIENTED_EDGE('',*,*,#11022,.T.);
#11487 = ORIENTED_EDGE('',*,*,#11488,.F.);
#11488 = EDGE_CURVE('',#11489,#11015,#11491,.T.);
#11489 = VERTEX_POINT('',#11490);
#11490 = CARTESIAN_POINT('',(-0.775,0.7,0.9));
#11491 = LINE('',#11492,#11493);
#11492 = CARTESIAN_POINT('',(-0.775,-1.3425,0.9));
#11493 = VECTOR('',#11494,1.);
#11494 = DIRECTION('',(-1.110223024625E-16,1.,0.));
#11495 = ORIENTED_EDGE('',*,*,#11496,.F.);
#11496 = EDGE_CURVE('',#11193,#11489,#11497,.T.);
#11497 = LINE('',#11498,#11499);
#11498 = CARTESIAN_POINT('',(-0.85,0.7,0.9));
#11499 = VECTOR('',#11500,1.);
#11500 = DIRECTION('',(1.,-1.144237745222E-17,0.));
#11501 = PLANE('',#11502);
#11502 = AXIS2_PLACEMENT_3D('',#11503,#11504,#11505);
#11503 = CARTESIAN_POINT('',(-0.85,0.7,0.9));
#11504 = DIRECTION('',(0.,0.,-1.));
#11505 = DIRECTION('',(1.,-1.144237745222E-17,0.));
#11506 = ADVANCED_FACE('',(#11507),#11571,.F.);
#11507 = FACE_BOUND('',#11508,.F.);
#11508 = EDGE_LOOP('',(#11509,#11519,#11527,#11535,#11543,#11549,#11550,
    #11551,#11558,#11566));
#11509 = ORIENTED_EDGE('',*,*,#11510,.T.);
#11510 = EDGE_CURVE('',#11511,#11513,#11515,.T.);
#11511 = VERTEX_POINT('',#11512);
#11512 = CARTESIAN_POINT('',(-0.775,-1.3425,0.9));
#11513 = VERTEX_POINT('',#11514);
#11514 = CARTESIAN_POINT('',(-0.775,-1.2,0.9));
#11515 = LINE('',#11516,#11517);
#11516 = CARTESIAN_POINT('',(-0.775,-1.3425,0.9));
#11517 = VECTOR('',#11518,1.);
#11518 = DIRECTION('',(-1.110223024625E-16,1.,0.));
#11519 = ORIENTED_EDGE('',*,*,#11520,.T.);
#11520 = EDGE_CURVE('',#11513,#11521,#11523,.T.);
#11521 = VERTEX_POINT('',#11522);
#11522 = CARTESIAN_POINT('',(-0.775,-0.7,0.9));
#11523 = LINE('',#11524,#11525);
#11524 = CARTESIAN_POINT('',(-0.775,-1.3425,0.9));
#11525 = VECTOR('',#11526,1.);
#11526 = DIRECTION('',(-1.110223024625E-16,1.,0.));
#11527 = ORIENTED_EDGE('',*,*,#11528,.T.);
#11528 = EDGE_CURVE('',#11521,#11529,#11531,.T.);
#11529 = VERTEX_POINT('',#11530);
#11530 = CARTESIAN_POINT('',(-0.775,-0.25,0.9));
#11531 = LINE('',#11532,#11533);
#11532 = CARTESIAN_POINT('',(-0.775,-1.3425,0.9));
#11533 = VECTOR('',#11534,1.);
#11534 = DIRECTION('',(-1.110223024625E-16,1.,0.));
#11535 = ORIENTED_EDGE('',*,*,#11536,.T.);
#11536 = EDGE_CURVE('',#11529,#11537,#11539,.T.);
#11537 = VERTEX_POINT('',#11538);
#11538 = CARTESIAN_POINT('',(-0.775,0.25,0.9));
#11539 = LINE('',#11540,#11541);
#11540 = CARTESIAN_POINT('',(-0.775,-1.3425,0.9));
#11541 = VECTOR('',#11542,1.);
#11542 = DIRECTION('',(-1.110223024625E-16,1.,0.));
#11543 = ORIENTED_EDGE('',*,*,#11544,.T.);
#11544 = EDGE_CURVE('',#11537,#11489,#11545,.T.);
#11545 = LINE('',#11546,#11547);
#11546 = CARTESIAN_POINT('',(-0.775,-1.3425,0.9));
#11547 = VECTOR('',#11548,1.);
#11548 = DIRECTION('',(-1.110223024625E-16,1.,0.));
#11549 = ORIENTED_EDGE('',*,*,#11488,.T.);
#11550 = ORIENTED_EDGE('',*,*,#11014,.T.);
#11551 = ORIENTED_EDGE('',*,*,#11552,.T.);
#11552 = EDGE_CURVE('',#11007,#11553,#11555,.T.);
#11553 = VERTEX_POINT('',#11554);
#11554 = CARTESIAN_POINT('',(-0.683648457443,1.296824228722,1.55));
#11555 = B_SPLINE_CURVE_WITH_KNOTS('',1,(#11556,#11557),.UNSPECIFIED.,
  .F.,.F.,(2,2),(0.,1.),.PIECEWISE_BEZIER_KNOTS.);
#11556 = CARTESIAN_POINT('',(-0.775,1.3425,0.9));
#11557 = CARTESIAN_POINT('',(-0.683648457443,1.296824228722,1.55));
#11558 = ORIENTED_EDGE('',*,*,#11559,.F.);
#11559 = EDGE_CURVE('',#11560,#11553,#11562,.T.);
#11560 = VERTEX_POINT('',#11561);
#11561 = CARTESIAN_POINT('',(-0.683648457443,-1.296824228722,1.55));
#11562 = LINE('',#11563,#11564);
#11563 = CARTESIAN_POINT('',(-0.683648457443,-1.296824228722,1.55));
#11564 = VECTOR('',#11565,1.);
#11565 = DIRECTION('',(-1.110223024625E-16,1.,0.));
#11566 = ORIENTED_EDGE('',*,*,#11567,.F.);
#11567 = EDGE_CURVE('',#11511,#11560,#11568,.T.);
#11568 = B_SPLINE_CURVE_WITH_KNOTS('',1,(#11569,#11570),.UNSPECIFIED.,
  .F.,.F.,(2,2),(0.,1.),.PIECEWISE_BEZIER_KNOTS.);
#11569 = CARTESIAN_POINT('',(-0.775,-1.3425,0.9));
#11570 = CARTESIAN_POINT('',(-0.683648457443,-1.296824228722,1.55));
#11571 = B_SPLINE_SURFACE_WITH_KNOTS('',1,1,(
    (#11572,#11573)
    ,(#11574,#11575
    )),.UNSPECIFIED.,.F.,.F.,.F.,(2,2),(2,2),(0.,2.685),(0.,1.),
  .PIECEWISE_BEZIER_KNOTS.);
#11572 = CARTESIAN_POINT('',(-0.775,-1.3425,0.9));
#11573 = CARTESIAN_POINT('',(-0.683648457443,-1.296824228722,1.55));
#11574 = CARTESIAN_POINT('',(-0.775,1.3425,0.9));
#11575 = CARTESIAN_POINT('',(-0.683648457443,1.296824228722,1.55));
#11576 = ADVANCED_FACE('',(#11577),#11594,.F.);
#11577 = FACE_BOUND('',#11578,.F.);
#11578 = EDGE_LOOP('',(#11579,#11580,#11587,#11593));
#11579 = ORIENTED_EDGE('',*,*,#11006,.T.);
#11580 = ORIENTED_EDGE('',*,*,#11581,.T.);
#11581 = EDGE_CURVE('',#10999,#11582,#11584,.T.);
#11582 = VERTEX_POINT('',#11583);
#11583 = CARTESIAN_POINT('',(-0.646824228722,1.333648457443,1.55));
#11584 = B_SPLINE_CURVE_WITH_KNOTS('',1,(#11585,#11586),.UNSPECIFIED.,
  .F.,.F.,(2,2),(0.,1.),.PIECEWISE_BEZIER_KNOTS.);
#11585 = CARTESIAN_POINT('',(-0.6925,1.425,0.9));
#11586 = CARTESIAN_POINT('',(-0.646824228722,1.333648457443,1.55));
#11587 = ORIENTED_EDGE('',*,*,#11588,.F.);
#11588 = EDGE_CURVE('',#11553,#11582,#11589,.T.);
#11589 = LINE('',#11590,#11591);
#11590 = CARTESIAN_POINT('',(-0.683648457443,1.296824228722,1.55));
#11591 = VECTOR('',#11592,1.);
#11592 = DIRECTION('',(0.707106781187,0.707106781187,0.));
#11593 = ORIENTED_EDGE('',*,*,#11552,.F.);
#11594 = B_SPLINE_SURFACE_WITH_KNOTS('',1,1,(
    (#11595,#11596)
    ,(#11597,#11598
    )),.UNSPECIFIED.,.F.,.F.,.F.,(2,2),(2,2),(0.,0.116672618896),(0.,1.)
  ,.PIECEWISE_BEZIER_KNOTS.);
#11595 = CARTESIAN_POINT('',(-0.775,1.3425,0.9));
#11596 = CARTESIAN_POINT('',(-0.683648457443,1.296824228722,1.55));
#11597 = CARTESIAN_POINT('',(-0.6925,1.425,0.9));
#11598 = CARTESIAN_POINT('',(-0.646824228722,1.333648457443,1.55));
#11599 = ADVANCED_FACE('',(#11600),#11617,.F.);
#11600 = FACE_BOUND('',#11601,.F.);
#11601 = EDGE_LOOP('',(#11602,#11603,#11610,#11616));
#11602 = ORIENTED_EDGE('',*,*,#10998,.T.);
#11603 = ORIENTED_EDGE('',*,*,#11604,.T.);
#11604 = EDGE_CURVE('',#10991,#11605,#11607,.T.);
#11605 = VERTEX_POINT('',#11606);
#11606 = CARTESIAN_POINT('',(0.646824228722,1.333648457443,1.55));
#11607 = B_SPLINE_CURVE_WITH_KNOTS('',1,(#11608,#11609),.UNSPECIFIED.,
  .F.,.F.,(2,2),(0.,1.),.PIECEWISE_BEZIER_KNOTS.);
#11608 = CARTESIAN_POINT('',(0.6925,1.425,0.9));
#11609 = CARTESIAN_POINT('',(0.646824228722,1.333648457443,1.55));
#11610 = ORIENTED_EDGE('',*,*,#11611,.F.);
#11611 = EDGE_CURVE('',#11582,#11605,#11612,.T.);
#11612 = LINE('',#11613,#11614);
#11613 = CARTESIAN_POINT('',(-0.646824228722,1.333648457443,1.55));
#11614 = VECTOR('',#11615,1.);
#11615 = DIRECTION('',(1.,1.110223024625E-16,0.));
#11616 = ORIENTED_EDGE('',*,*,#11581,.F.);
#11617 = B_SPLINE_SURFACE_WITH_KNOTS('',1,1,(
    (#11618,#11619)
    ,(#11620,#11621
    )),.UNSPECIFIED.,.F.,.F.,.F.,(2,2),(2,2),(0.,1.385),(0.,1.),
  .PIECEWISE_BEZIER_KNOTS.);
#11618 = CARTESIAN_POINT('',(-0.6925,1.425,0.9));
#11619 = CARTESIAN_POINT('',(-0.646824228722,1.333648457443,1.55));
#11620 = CARTESIAN_POINT('',(0.6925,1.425,0.9));
#11621 = CARTESIAN_POINT('',(0.646824228722,1.333648457443,1.55));
#11622 = ADVANCED_FACE('',(#11623),#11640,.F.);
#11623 = FACE_BOUND('',#11624,.F.);
#11624 = EDGE_LOOP('',(#11625,#11626,#11633,#11639));
#11625 = ORIENTED_EDGE('',*,*,#10990,.T.);
#11626 = ORIENTED_EDGE('',*,*,#11627,.T.);
#11627 = EDGE_CURVE('',#10983,#11628,#11630,.T.);
#11628 = VERTEX_POINT('',#11629);
#11629 = CARTESIAN_POINT('',(0.683648457443,1.296824228722,1.55));
#11630 = B_SPLINE_CURVE_WITH_KNOTS('',1,(#11631,#11632),.UNSPECIFIED.,
  .F.,.F.,(2,2),(0.,1.),.PIECEWISE_BEZIER_KNOTS.);
#11631 = CARTESIAN_POINT('',(0.775,1.3425,0.9));
#11632 = CARTESIAN_POINT('',(0.683648457443,1.296824228722,1.55));
#11633 = ORIENTED_EDGE('',*,*,#11634,.F.);
#11634 = EDGE_CURVE('',#11605,#11628,#11635,.T.);
#11635 = LINE('',#11636,#11637);
#11636 = CARTESIAN_POINT('',(0.646824228722,1.333648457443,1.55));
#11637 = VECTOR('',#11638,1.);
#11638 = DIRECTION('',(0.707106781187,-0.707106781187,0.));
#11639 = ORIENTED_EDGE('',*,*,#11604,.F.);
#11640 = B_SPLINE_SURFACE_WITH_KNOTS('',1,1,(
    (#11641,#11642)
    ,(#11643,#11644
    )),.UNSPECIFIED.,.F.,.F.,.F.,(2,2),(2,2),(0.,0.116672618896),(0.,1.)
  ,.PIECEWISE_BEZIER_KNOTS.);
#11641 = CARTESIAN_POINT('',(0.6925,1.425,0.9));
#11642 = CARTESIAN_POINT('',(0.646824228722,1.333648457443,1.55));
#11643 = CARTESIAN_POINT('',(0.775,1.3425,0.9));
#11644 = CARTESIAN_POINT('',(0.683648457443,1.296824228722,1.55));
#11645 = ADVANCED_FACE('',(#11646),#11695,.F.);
#11646 = FACE_BOUND('',#11647,.F.);
#11647 = EDGE_LOOP('',(#11648,#11649,#11657,#11665,#11673,#11681,#11688,
    #11694));
#11648 = ORIENTED_EDGE('',*,*,#10982,.T.);
#11649 = ORIENTED_EDGE('',*,*,#11650,.T.);
#11650 = EDGE_CURVE('',#10975,#11651,#11653,.T.);
#11651 = VERTEX_POINT('',#11652);
#11652 = CARTESIAN_POINT('',(0.775,0.7,0.9));
#11653 = LINE('',#11654,#11655);
#11654 = CARTESIAN_POINT('',(0.775,1.3425,0.9));
#11655 = VECTOR('',#11656,1.);
#11656 = DIRECTION('',(1.110223024625E-16,-1.,0.));
#11657 = ORIENTED_EDGE('',*,*,#11658,.T.);
#11658 = EDGE_CURVE('',#11651,#11659,#11661,.T.);
#11659 = VERTEX_POINT('',#11660);
#11660 = CARTESIAN_POINT('',(0.775,-0.7,0.9));
#11661 = LINE('',#11662,#11663);
#11662 = CARTESIAN_POINT('',(0.775,1.3425,0.9));
#11663 = VECTOR('',#11664,1.);
#11664 = DIRECTION('',(1.110223024625E-16,-1.,0.));
#11665 = ORIENTED_EDGE('',*,*,#11666,.T.);
#11666 = EDGE_CURVE('',#11659,#11667,#11669,.T.);
#11667 = VERTEX_POINT('',#11668);
#11668 = CARTESIAN_POINT('',(0.775,-1.2,0.9));
#11669 = LINE('',#11670,#11671);
#11670 = CARTESIAN_POINT('',(0.775,1.3425,0.9));
#11671 = VECTOR('',#11672,1.);
#11672 = DIRECTION('',(1.110223024625E-16,-1.,0.));
#11673 = ORIENTED_EDGE('',*,*,#11674,.T.);
#11674 = EDGE_CURVE('',#11667,#11675,#11677,.T.);
#11675 = VERTEX_POINT('',#11676);
#11676 = CARTESIAN_POINT('',(0.775,-1.3425,0.9));
#11677 = LINE('',#11678,#11679);
#11678 = CARTESIAN_POINT('',(0.775,1.3425,0.9));
#11679 = VECTOR('',#11680,1.);
#11680 = DIRECTION('',(1.110223024625E-16,-1.,0.));
#11681 = ORIENTED_EDGE('',*,*,#11682,.T.);
#11682 = EDGE_CURVE('',#11675,#11683,#11685,.T.);
#11683 = VERTEX_POINT('',#11684);
#11684 = CARTESIAN_POINT('',(0.683648457443,-1.296824228722,1.55));
#11685 = B_SPLINE_CURVE_WITH_KNOTS('',1,(#11686,#11687),.UNSPECIFIED.,
  .F.,.F.,(2,2),(0.,1.),.PIECEWISE_BEZIER_KNOTS.);
#11686 = CARTESIAN_POINT('',(0.775,-1.3425,0.9));
#11687 = CARTESIAN_POINT('',(0.683648457443,-1.296824228722,1.55));
#11688 = ORIENTED_EDGE('',*,*,#11689,.F.);
#11689 = EDGE_CURVE('',#11628,#11683,#11690,.T.);
#11690 = LINE('',#11691,#11692);
#11691 = CARTESIAN_POINT('',(0.683648457443,1.296824228722,1.55));
#11692 = VECTOR('',#11693,1.);
#11693 = DIRECTION('',(1.110223024625E-16,-1.,0.));
#11694 = ORIENTED_EDGE('',*,*,#11627,.F.);
#11695 = B_SPLINE_SURFACE_WITH_KNOTS('',1,1,(
    (#11696,#11697)
    ,(#11698,#11699
    )),.UNSPECIFIED.,.F.,.F.,.F.,(2,2),(2,2),(0.,2.685),(0.,1.),
  .PIECEWISE_BEZIER_KNOTS.);
#11696 = CARTESIAN_POINT('',(0.775,1.3425,0.9));
#11697 = CARTESIAN_POINT('',(0.683648457443,1.296824228722,1.55));
#11698 = CARTESIAN_POINT('',(0.775,-1.3425,0.9));
#11699 = CARTESIAN_POINT('',(0.683648457443,-1.296824228722,1.55));
#11700 = ADVANCED_FACE('',(#11701),#11733,.F.);
#11701 = FACE_BOUND('',#11702,.F.);
#11702 = EDGE_LOOP('',(#11703,#11711,#11719,#11725,#11731,#11732));
#11703 = ORIENTED_EDGE('',*,*,#11704,.F.);
#11704 = EDGE_CURVE('',#11705,#10967,#11707,.T.);
#11705 = VERTEX_POINT('',#11706);
#11706 = CARTESIAN_POINT('',(0.85,1.2,0.9));
#11707 = LINE('',#11708,#11709);
#11708 = CARTESIAN_POINT('',(0.85,1.2,0.9));
#11709 = VECTOR('',#11710,1.);
#11710 = DIRECTION('',(-1.,-1.110223024625E-16,0.));
#11711 = ORIENTED_EDGE('',*,*,#11712,.T.);
#11712 = EDGE_CURVE('',#11705,#11713,#11715,.T.);
#11713 = VERTEX_POINT('',#11714);
#11714 = CARTESIAN_POINT('',(0.85,0.7,0.9));
#11715 = LINE('',#11716,#11717);
#11716 = CARTESIAN_POINT('',(0.85,1.2,0.9));
#11717 = VECTOR('',#11718,1.);
#11718 = DIRECTION('',(1.110223024625E-16,-1.,0.));
#11719 = ORIENTED_EDGE('',*,*,#11720,.T.);
#11720 = EDGE_CURVE('',#11713,#11311,#11721,.T.);
#11721 = LINE('',#11722,#11723);
#11722 = CARTESIAN_POINT('',(0.85,0.7,0.9));
#11723 = VECTOR('',#11724,1.);
#11724 = DIRECTION('',(-1.,-1.110223024625E-16,0.));
#11725 = ORIENTED_EDGE('',*,*,#11726,.T.);
#11726 = EDGE_CURVE('',#11311,#11651,#11727,.T.);
#11727 = LINE('',#11728,#11729);
#11728 = CARTESIAN_POINT('',(0.85,0.7,0.9));
#11729 = VECTOR('',#11730,1.);
#11730 = DIRECTION('',(-1.,-1.110223024625E-16,0.));
#11731 = ORIENTED_EDGE('',*,*,#11650,.F.);
#11732 = ORIENTED_EDGE('',*,*,#10974,.F.);
#11733 = PLANE('',#11734);
#11734 = AXIS2_PLACEMENT_3D('',#11735,#11736,#11737);
#11735 = CARTESIAN_POINT('',(0.85,1.2,0.9));
#11736 = DIRECTION('',(0.,0.,-1.));
#11737 = DIRECTION('',(-1.,-1.110223024625E-16,-0.));
#11738 = ADVANCED_FACE('',(#11739),#11782,.F.);
#11739 = FACE_BOUND('',#11740,.F.);
#11740 = EDGE_LOOP('',(#11741,#11747,#11748,#11749,#11750,#11751,#11752,
    #11758,#11759,#11767,#11775,#11781));
#11741 = ORIENTED_EDGE('',*,*,#11742,.F.);
#11742 = EDGE_CURVE('',#11373,#11667,#11743,.T.);
#11743 = LINE('',#11744,#11745);
#11744 = CARTESIAN_POINT('',(0.85,-1.2,0.9));
#11745 = VECTOR('',#11746,1.);
#11746 = DIRECTION('',(-1.,-1.110223024625E-16,0.));
#11747 = ORIENTED_EDGE('',*,*,#11388,.T.);
#11748 = ORIENTED_EDGE('',*,*,#11433,.T.);
#11749 = ORIENTED_EDGE('',*,*,#11450,.T.);
#11750 = ORIENTED_EDGE('',*,*,#11404,.T.);
#11751 = ORIENTED_EDGE('',*,*,#11076,.T.);
#11752 = ORIENTED_EDGE('',*,*,#11753,.T.);
#11753 = EDGE_CURVE('',#11069,#11513,#11754,.T.);
#11754 = LINE('',#11755,#11756);
#11755 = CARTESIAN_POINT('',(-0.85,-1.2,0.9));
#11756 = VECTOR('',#11757,1.);
#11757 = DIRECTION('',(1.,-1.144237745222E-17,0.));
#11758 = ORIENTED_EDGE('',*,*,#11510,.F.);
#11759 = ORIENTED_EDGE('',*,*,#11760,.F.);
#11760 = EDGE_CURVE('',#11761,#11511,#11763,.T.);
#11761 = VERTEX_POINT('',#11762);
#11762 = CARTESIAN_POINT('',(-0.6925,-1.425,0.9));
#11763 = LINE('',#11764,#11765);
#11764 = CARTESIAN_POINT('',(-0.6925,-1.425,0.9));
#11765 = VECTOR('',#11766,1.);
#11766 = DIRECTION('',(-0.707106781187,0.707106781187,0.));
#11767 = ORIENTED_EDGE('',*,*,#11768,.F.);
#11768 = EDGE_CURVE('',#11769,#11761,#11771,.T.);
#11769 = VERTEX_POINT('',#11770);
#11770 = CARTESIAN_POINT('',(0.6925,-1.425,0.9));
#11771 = LINE('',#11772,#11773);
#11772 = CARTESIAN_POINT('',(0.6925,-1.425,0.9));
#11773 = VECTOR('',#11774,1.);
#11774 = DIRECTION('',(-1.,-1.110223024625E-16,0.));
#11775 = ORIENTED_EDGE('',*,*,#11776,.F.);
#11776 = EDGE_CURVE('',#11675,#11769,#11777,.T.);
#11777 = LINE('',#11778,#11779);
#11778 = CARTESIAN_POINT('',(0.775,-1.3425,0.9));
#11779 = VECTOR('',#11780,1.);
#11780 = DIRECTION('',(-0.707106781187,-0.707106781187,0.));
#11781 = ORIENTED_EDGE('',*,*,#11674,.F.);
#11782 = PLANE('',#11783);
#11783 = AXIS2_PLACEMENT_3D('',#11784,#11785,#11786);
#11784 = CARTESIAN_POINT('',(-2.091417030376E-16,1.4375,0.9));
#11785 = DIRECTION('',(4.595758349624E-18,6.551522493592E-27,-1.));
#11786 = DIRECTION('',(1.,1.51922136901E-16,4.595758349624E-18));
#11787 = ADVANCED_FACE('',(#11788),#11874,.F.);
#11788 = FACE_BOUND('',#11789,.F.);
#11789 = EDGE_LOOP('',(#11790,#11791,#11792,#11801,#11809,#11818,#11826,
    #11834,#11842,#11851,#11859,#11868));
#11790 = ORIENTED_EDGE('',*,*,#11068,.F.);
#11791 = ORIENTED_EDGE('',*,*,#11090,.T.);
#11792 = ORIENTED_EDGE('',*,*,#11793,.T.);
#11793 = EDGE_CURVE('',#11091,#11794,#11796,.T.);
#11794 = VERTEX_POINT('',#11795);
#11795 = CARTESIAN_POINT('',(-0.948480775301,-1.2,0.667364817767));
#11796 = CIRCLE('',#11797,0.1);
#11797 = AXIS2_PLACEMENT_3D('',#11798,#11799,#11800);
#11798 = CARTESIAN_POINT('',(-0.85,-1.2,0.65));
#11799 = DIRECTION('',(-1.144237745222E-17,-1.,0.));
#11800 = DIRECTION('',(0.,0.,1.));
#11801 = ORIENTED_EDGE('',*,*,#11802,.T.);
#11802 = EDGE_CURVE('',#11794,#11803,#11805,.T.);
#11803 = VERTEX_POINT('',#11804);
#11804 = CARTESIAN_POINT('',(-1.02432885403,-1.2,0.206587955583));
#11805 = LINE('',#11806,#11807);
#11806 = CARTESIAN_POINT('',(-0.948480775301,-1.2,0.667364817767));
#11807 = VECTOR('',#11808,1.);
#11808 = DIRECTION('',(-0.162423314012,1.858508865964E-18,
    -0.986721169868));
#11809 = ORIENTED_EDGE('',*,*,#11810,.T.);
#11810 = EDGE_CURVE('',#11803,#11811,#11813,.T.);
#11811 = VERTEX_POINT('',#11812);
#11812 = CARTESIAN_POINT('',(-1.270530792283,-1.2,0.));
#11813 = CIRCLE('',#11814,0.25);
#11814 = AXIS2_PLACEMENT_3D('',#11815,#11816,#11817);
#11815 = CARTESIAN_POINT('',(-1.270530792283,-1.2,0.25));
#11816 = DIRECTION('',(1.144237745222E-17,1.,1.155557966632E-33));
#11817 = DIRECTION('',(0.984807753012,-1.126854202784E-17,
    -0.173648177667));
#11818 = ORIENTED_EDGE('',*,*,#11819,.T.);
#11819 = EDGE_CURVE('',#11811,#11820,#11822,.T.);
#11820 = VERTEX_POINT('',#11821);
#11821 = CARTESIAN_POINT('',(-1.4,-1.2,0.));
#11822 = LINE('',#11823,#11824);
#11823 = CARTESIAN_POINT('',(-1.270530792283,-1.2,0.));
#11824 = VECTOR('',#11825,1.);
#11825 = DIRECTION('',(-1.,1.144237745222E-17,0.));
#11826 = ORIENTED_EDGE('',*,*,#11827,.T.);
#11827 = EDGE_CURVE('',#11820,#11828,#11830,.T.);
#11828 = VERTEX_POINT('',#11829);
#11829 = CARTESIAN_POINT('',(-1.4,-1.2,0.15));
#11830 = LINE('',#11831,#11832);
#11831 = CARTESIAN_POINT('',(-1.4,-1.2,0.));
#11832 = VECTOR('',#11833,1.);
#11833 = DIRECTION('',(0.,0.,1.));
#11834 = ORIENTED_EDGE('',*,*,#11835,.T.);
#11835 = EDGE_CURVE('',#11828,#11836,#11838,.T.);
#11836 = VERTEX_POINT('',#11837);
#11837 = CARTESIAN_POINT('',(-1.270530792283,-1.2,0.15));
#11838 = LINE('',#11839,#11840);
#11839 = CARTESIAN_POINT('',(-1.4,-1.2,0.15));
#11840 = VECTOR('',#11841,1.);
#11841 = DIRECTION('',(1.,-1.144237745222E-17,0.));
#11842 = ORIENTED_EDGE('',*,*,#11843,.T.);
#11843 = EDGE_CURVE('',#11836,#11844,#11846,.T.);
#11844 = VERTEX_POINT('',#11845);
#11845 = CARTESIAN_POINT('',(-1.172050016982,-1.2,0.232635182233));
#11846 = CIRCLE('',#11847,0.1);
#11847 = AXIS2_PLACEMENT_3D('',#11848,#11849,#11850);
#11848 = CARTESIAN_POINT('',(-1.270530792283,-1.2,0.25));
#11849 = DIRECTION('',(-1.144237745222E-17,-1.,0.));
#11850 = DIRECTION('',(-2.22044604925E-15,2.540718180781E-32,-1.));
#11851 = ORIENTED_EDGE('',*,*,#11852,.T.);
#11852 = EDGE_CURVE('',#11844,#11853,#11855,.T.);
#11853 = VERTEX_POINT('',#11854);
#11854 = CARTESIAN_POINT('',(-1.096201938253,-1.2,0.693412044417));
#11855 = LINE('',#11856,#11857);
#11856 = CARTESIAN_POINT('',(-1.172050016982,-1.2,0.232635182233));
#11857 = VECTOR('',#11858,1.);
#11858 = DIRECTION('',(0.162423314012,-1.858508865964E-18,0.986721169868
    ));
#11859 = ORIENTED_EDGE('',*,*,#11860,.T.);
#11860 = EDGE_CURVE('',#11853,#11861,#11863,.T.);
#11861 = VERTEX_POINT('',#11862);
#11862 = CARTESIAN_POINT('',(-0.85,-1.2,0.9));
#11863 = CIRCLE('',#11864,0.25);
#11864 = AXIS2_PLACEMENT_3D('',#11865,#11866,#11867);
#11865 = CARTESIAN_POINT('',(-0.85,-1.2,0.65));
#11866 = DIRECTION('',(1.144237745222E-17,1.,7.703719777549E-34));
#11867 = DIRECTION('',(-0.984807753012,1.126854202784E-17,0.173648177667
    ));
#11868 = ORIENTED_EDGE('',*,*,#11869,.T.);
#11869 = EDGE_CURVE('',#11861,#11069,#11870,.T.);
#11870 = LINE('',#11871,#11872);
#11871 = CARTESIAN_POINT('',(-0.85,-1.2,0.9));
#11872 = VECTOR('',#11873,1.);
#11873 = DIRECTION('',(1.,-1.144237745222E-17,0.));
#11874 = PLANE('',#11875);
#11875 = AXIS2_PLACEMENT_3D('',#11876,#11877,#11878);
#11876 = CARTESIAN_POINT('',(-1.069123385139,-1.2,0.441695635315));
#11877 = DIRECTION('',(1.144237745222E-17,1.,0.));
#11878 = DIRECTION('',(0.,-0.,1.));
#11879 = ADVANCED_FACE('',(#11880),#11899,.F.);
#11880 = FACE_BOUND('',#11881,.F.);
#11881 = EDGE_LOOP('',(#11882,#11883,#11892,#11898));
#11882 = ORIENTED_EDGE('',*,*,#11107,.T.);
#11883 = ORIENTED_EDGE('',*,*,#11884,.T.);
#11884 = EDGE_CURVE('',#11100,#11885,#11887,.T.);
#11885 = VERTEX_POINT('',#11886);
#11886 = CARTESIAN_POINT('',(-0.948480775301,-0.7,0.667364817767));
#11887 = CIRCLE('',#11888,0.1);
#11888 = AXIS2_PLACEMENT_3D('',#11889,#11890,#11891);
#11889 = CARTESIAN_POINT('',(-0.85,-0.7,0.65));
#11890 = DIRECTION('',(-1.144237745222E-17,-1.,0.));
#11891 = DIRECTION('',(0.,0.,1.));
#11892 = ORIENTED_EDGE('',*,*,#11893,.F.);
#11893 = EDGE_CURVE('',#11794,#11885,#11894,.T.);
#11894 = LINE('',#11895,#11896);
#11895 = CARTESIAN_POINT('',(-0.948480775301,-1.2,0.667364817767));
#11896 = VECTOR('',#11897,1.);
#11897 = DIRECTION('',(1.144237745222E-17,1.,0.));
#11898 = ORIENTED_EDGE('',*,*,#11793,.F.);
#11899 = CYLINDRICAL_SURFACE('',#11900,0.1);
#11900 = AXIS2_PLACEMENT_3D('',#11901,#11902,#11903);
#11901 = CARTESIAN_POINT('',(-0.85,-1.2,0.65));
#11902 = DIRECTION('',(-1.144237745222E-17,-1.,0.));
#11903 = DIRECTION('',(0.,0.,1.));
#11904 = ADVANCED_FACE('',(#11905),#11983,.T.);
#11905 = FACE_BOUND('',#11906,.T.);
#11906 = EDGE_LOOP('',(#11907,#11908,#11909,#11910,#11918,#11927,#11935,
    #11943,#11951,#11960,#11968,#11977));
#11907 = ORIENTED_EDGE('',*,*,#11121,.F.);
#11908 = ORIENTED_EDGE('',*,*,#11099,.T.);
#11909 = ORIENTED_EDGE('',*,*,#11884,.T.);
#11910 = ORIENTED_EDGE('',*,*,#11911,.T.);
#11911 = EDGE_CURVE('',#11885,#11912,#11914,.T.);
#11912 = VERTEX_POINT('',#11913);
#11913 = CARTESIAN_POINT('',(-1.02432885403,-0.7,0.206587955583));
#11914 = LINE('',#11915,#11916);
#11915 = CARTESIAN_POINT('',(-0.948480775301,-0.7,0.667364817767));
#11916 = VECTOR('',#11917,1.);
#11917 = DIRECTION('',(-0.162423314012,1.858508865964E-18,
    -0.986721169868));
#11918 = ORIENTED_EDGE('',*,*,#11919,.T.);
#11919 = EDGE_CURVE('',#11912,#11920,#11922,.T.);
#11920 = VERTEX_POINT('',#11921);
#11921 = CARTESIAN_POINT('',(-1.270530792283,-0.7,0.));
#11922 = CIRCLE('',#11923,0.25);
#11923 = AXIS2_PLACEMENT_3D('',#11924,#11925,#11926);
#11924 = CARTESIAN_POINT('',(-1.270530792283,-0.7,0.25));
#11925 = DIRECTION('',(1.144237745222E-17,1.,1.155557966632E-33));
#11926 = DIRECTION('',(0.984807753012,-1.126854202784E-17,
    -0.173648177667));
#11927 = ORIENTED_EDGE('',*,*,#11928,.T.);
#11928 = EDGE_CURVE('',#11920,#11929,#11931,.T.);
#11929 = VERTEX_POINT('',#11930);
#11930 = CARTESIAN_POINT('',(-1.4,-0.7,0.));
#11931 = LINE('',#11932,#11933);
#11932 = CARTESIAN_POINT('',(-1.270530792283,-0.7,0.));
#11933 = VECTOR('',#11934,1.);
#11934 = DIRECTION('',(-1.,1.144237745222E-17,0.));
#11935 = ORIENTED_EDGE('',*,*,#11936,.T.);
#11936 = EDGE_CURVE('',#11929,#11937,#11939,.T.);
#11937 = VERTEX_POINT('',#11938);
#11938 = CARTESIAN_POINT('',(-1.4,-0.7,0.15));
#11939 = LINE('',#11940,#11941);
#11940 = CARTESIAN_POINT('',(-1.4,-0.7,0.));
#11941 = VECTOR('',#11942,1.);
#11942 = DIRECTION('',(0.,0.,1.));
#11943 = ORIENTED_EDGE('',*,*,#11944,.T.);
#11944 = EDGE_CURVE('',#11937,#11945,#11947,.T.);
#11945 = VERTEX_POINT('',#11946);
#11946 = CARTESIAN_POINT('',(-1.270530792283,-0.7,0.15));
#11947 = LINE('',#11948,#11949);
#11948 = CARTESIAN_POINT('',(-1.4,-0.7,0.15));
#11949 = VECTOR('',#11950,1.);
#11950 = DIRECTION('',(1.,-1.144237745222E-17,0.));
#11951 = ORIENTED_EDGE('',*,*,#11952,.T.);
#11952 = EDGE_CURVE('',#11945,#11953,#11955,.T.);
#11953 = VERTEX_POINT('',#11954);
#11954 = CARTESIAN_POINT('',(-1.172050016982,-0.7,0.232635182233));
#11955 = CIRCLE('',#11956,0.1);
#11956 = AXIS2_PLACEMENT_3D('',#11957,#11958,#11959);
#11957 = CARTESIAN_POINT('',(-1.270530792283,-0.7,0.25));
#11958 = DIRECTION('',(-1.144237745222E-17,-1.,0.));
#11959 = DIRECTION('',(-2.22044604925E-15,2.540718180781E-32,-1.));
#11960 = ORIENTED_EDGE('',*,*,#11961,.T.);
#11961 = EDGE_CURVE('',#11953,#11962,#11964,.T.);
#11962 = VERTEX_POINT('',#11963);
#11963 = CARTESIAN_POINT('',(-1.096201938253,-0.7,0.693412044417));
#11964 = LINE('',#11965,#11966);
#11965 = CARTESIAN_POINT('',(-1.172050016982,-0.7,0.232635182233));
#11966 = VECTOR('',#11967,1.);
#11967 = DIRECTION('',(0.162423314012,-1.858508865964E-18,0.986721169868
    ));
#11968 = ORIENTED_EDGE('',*,*,#11969,.T.);
#11969 = EDGE_CURVE('',#11962,#11970,#11972,.T.);
#11970 = VERTEX_POINT('',#11971);
#11971 = CARTESIAN_POINT('',(-0.85,-0.7,0.9));
#11972 = CIRCLE('',#11973,0.25);
#11973 = AXIS2_PLACEMENT_3D('',#11974,#11975,#11976);
#11974 = CARTESIAN_POINT('',(-0.85,-0.7,0.65));
#11975 = DIRECTION('',(1.144237745222E-17,1.,7.703719777549E-34));
#11976 = DIRECTION('',(-0.984807753012,1.126854202784E-17,0.173648177667
    ));
#11977 = ORIENTED_EDGE('',*,*,#11978,.T.);
#11978 = EDGE_CURVE('',#11970,#11122,#11979,.T.);
#11979 = LINE('',#11980,#11981);
#11980 = CARTESIAN_POINT('',(-0.85,-0.7,0.9));
#11981 = VECTOR('',#11982,1.);
#11982 = DIRECTION('',(1.,-1.144237745222E-17,0.));
#11983 = PLANE('',#11984);
#11984 = AXIS2_PLACEMENT_3D('',#11985,#11986,#11987);
#11985 = CARTESIAN_POINT('',(-1.069123385139,-0.7,0.441695635315));
#11986 = DIRECTION('',(1.144237745222E-17,1.,0.));
#11987 = DIRECTION('',(0.,-0.,1.));
#11988 = ADVANCED_FACE('',(#11989),#12005,.F.);
#11989 = FACE_BOUND('',#11990,.F.);
#11990 = EDGE_LOOP('',(#11991,#11992,#11998,#11999));
#11991 = ORIENTED_EDGE('',*,*,#11138,.T.);
#11992 = ORIENTED_EDGE('',*,*,#11993,.T.);
#11993 = EDGE_CURVE('',#11131,#11529,#11994,.T.);
#11994 = LINE('',#11995,#11996);
#11995 = CARTESIAN_POINT('',(-0.85,-0.25,0.9));
#11996 = VECTOR('',#11997,1.);
#11997 = DIRECTION('',(1.,-1.144237745222E-17,0.));
#11998 = ORIENTED_EDGE('',*,*,#11528,.F.);
#11999 = ORIENTED_EDGE('',*,*,#12000,.F.);
#12000 = EDGE_CURVE('',#11122,#11521,#12001,.T.);
#12001 = LINE('',#12002,#12003);
#12002 = CARTESIAN_POINT('',(-0.85,-0.7,0.9));
#12003 = VECTOR('',#12004,1.);
#12004 = DIRECTION('',(1.,-1.144237745222E-17,0.));
#12005 = PLANE('',#12006);
#12006 = AXIS2_PLACEMENT_3D('',#12007,#12008,#12009);
#12007 = CARTESIAN_POINT('',(-2.091417030376E-16,1.4375,0.9));
#12008 = DIRECTION('',(4.595758349624E-18,6.551522493592E-27,-1.));
#12009 = DIRECTION('',(1.,1.51922136901E-16,4.595758349624E-18));
#12010 = ADVANCED_FACE('',(#12011),#12097,.F.);
#12011 = FACE_BOUND('',#12012,.F.);
#12012 = EDGE_LOOP('',(#12013,#12014,#12015,#12024,#12032,#12041,#12049,
    #12057,#12065,#12074,#12082,#12091));
#12013 = ORIENTED_EDGE('',*,*,#11130,.F.);
#12014 = ORIENTED_EDGE('',*,*,#11152,.T.);
#12015 = ORIENTED_EDGE('',*,*,#12016,.T.);
#12016 = EDGE_CURVE('',#11153,#12017,#12019,.T.);
#12017 = VERTEX_POINT('',#12018);
#12018 = CARTESIAN_POINT('',(-0.948480775301,-0.25,0.667364817767));
#12019 = CIRCLE('',#12020,0.1);
#12020 = AXIS2_PLACEMENT_3D('',#12021,#12022,#12023);
#12021 = CARTESIAN_POINT('',(-0.85,-0.25,0.65));
#12022 = DIRECTION('',(-1.144237745222E-17,-1.,0.));
#12023 = DIRECTION('',(0.,0.,1.));
#12024 = ORIENTED_EDGE('',*,*,#12025,.T.);
#12025 = EDGE_CURVE('',#12017,#12026,#12028,.T.);
#12026 = VERTEX_POINT('',#12027);
#12027 = CARTESIAN_POINT('',(-1.02432885403,-0.25,0.206587955583));
#12028 = LINE('',#12029,#12030);
#12029 = CARTESIAN_POINT('',(-0.948480775301,-0.25,0.667364817767));
#12030 = VECTOR('',#12031,1.);
#12031 = DIRECTION('',(-0.162423314012,1.858508865964E-18,
    -0.986721169868));
#12032 = ORIENTED_EDGE('',*,*,#12033,.T.);
#12033 = EDGE_CURVE('',#12026,#12034,#12036,.T.);
#12034 = VERTEX_POINT('',#12035);
#12035 = CARTESIAN_POINT('',(-1.270530792283,-0.25,0.));
#12036 = CIRCLE('',#12037,0.25);
#12037 = AXIS2_PLACEMENT_3D('',#12038,#12039,#12040);
#12038 = CARTESIAN_POINT('',(-1.270530792283,-0.25,0.25));
#12039 = DIRECTION('',(1.144237745222E-17,1.,1.155557966632E-33));
#12040 = DIRECTION('',(0.984807753012,-1.126854202784E-17,
    -0.173648177667));
#12041 = ORIENTED_EDGE('',*,*,#12042,.T.);
#12042 = EDGE_CURVE('',#12034,#12043,#12045,.T.);
#12043 = VERTEX_POINT('',#12044);
#12044 = CARTESIAN_POINT('',(-1.4,-0.25,0.));
#12045 = LINE('',#12046,#12047);
#12046 = CARTESIAN_POINT('',(-1.270530792283,-0.25,0.));
#12047 = VECTOR('',#12048,1.);
#12048 = DIRECTION('',(-1.,1.144237745222E-17,0.));
#12049 = ORIENTED_EDGE('',*,*,#12050,.T.);
#12050 = EDGE_CURVE('',#12043,#12051,#12053,.T.);
#12051 = VERTEX_POINT('',#12052);
#12052 = CARTESIAN_POINT('',(-1.4,-0.25,0.15));
#12053 = LINE('',#12054,#12055);
#12054 = CARTESIAN_POINT('',(-1.4,-0.25,0.));
#12055 = VECTOR('',#12056,1.);
#12056 = DIRECTION('',(0.,0.,1.));
#12057 = ORIENTED_EDGE('',*,*,#12058,.T.);
#12058 = EDGE_CURVE('',#12051,#12059,#12061,.T.);
#12059 = VERTEX_POINT('',#12060);
#12060 = CARTESIAN_POINT('',(-1.270530792283,-0.25,0.15));
#12061 = LINE('',#12062,#12063);
#12062 = CARTESIAN_POINT('',(-1.4,-0.25,0.15));
#12063 = VECTOR('',#12064,1.);
#12064 = DIRECTION('',(1.,-1.144237745222E-17,0.));
#12065 = ORIENTED_EDGE('',*,*,#12066,.T.);
#12066 = EDGE_CURVE('',#12059,#12067,#12069,.T.);
#12067 = VERTEX_POINT('',#12068);
#12068 = CARTESIAN_POINT('',(-1.172050016982,-0.25,0.232635182233));
#12069 = CIRCLE('',#12070,0.1);
#12070 = AXIS2_PLACEMENT_3D('',#12071,#12072,#12073);
#12071 = CARTESIAN_POINT('',(-1.270530792283,-0.25,0.25));
#12072 = DIRECTION('',(-1.144237745222E-17,-1.,0.));
#12073 = DIRECTION('',(-2.22044604925E-15,2.540718180781E-32,-1.));
#12074 = ORIENTED_EDGE('',*,*,#12075,.T.);
#12075 = EDGE_CURVE('',#12067,#12076,#12078,.T.);
#12076 = VERTEX_POINT('',#12077);
#12077 = CARTESIAN_POINT('',(-1.096201938253,-0.25,0.693412044417));
#12078 = LINE('',#12079,#12080);
#12079 = CARTESIAN_POINT('',(-1.172050016982,-0.25,0.232635182233));
#12080 = VECTOR('',#12081,1.);
#12081 = DIRECTION('',(0.162423314012,-1.858508865964E-18,0.986721169868
    ));
#12082 = ORIENTED_EDGE('',*,*,#12083,.T.);
#12083 = EDGE_CURVE('',#12076,#12084,#12086,.T.);
#12084 = VERTEX_POINT('',#12085);
#12085 = CARTESIAN_POINT('',(-0.85,-0.25,0.9));
#12086 = CIRCLE('',#12087,0.25);
#12087 = AXIS2_PLACEMENT_3D('',#12088,#12089,#12090);
#12088 = CARTESIAN_POINT('',(-0.85,-0.25,0.65));
#12089 = DIRECTION('',(1.144237745222E-17,1.,7.703719777549E-34));
#12090 = DIRECTION('',(-0.984807753012,1.126854202784E-17,0.173648177667
    ));
#12091 = ORIENTED_EDGE('',*,*,#12092,.T.);
#12092 = EDGE_CURVE('',#12084,#11131,#12093,.T.);
#12093 = LINE('',#12094,#12095);
#12094 = CARTESIAN_POINT('',(-0.85,-0.25,0.9));
#12095 = VECTOR('',#12096,1.);
#12096 = DIRECTION('',(1.,-1.144237745222E-17,0.));
#12097 = PLANE('',#12098);
#12098 = AXIS2_PLACEMENT_3D('',#12099,#12100,#12101);
#12099 = CARTESIAN_POINT('',(-1.069123385139,-0.25,0.441695635315));
#12100 = DIRECTION('',(1.144237745222E-17,1.,0.));
#12101 = DIRECTION('',(0.,-0.,1.));
#12102 = ADVANCED_FACE('',(#12103),#12122,.F.);
#12103 = FACE_BOUND('',#12104,.F.);
#12104 = EDGE_LOOP('',(#12105,#12106,#12115,#12121));
#12105 = ORIENTED_EDGE('',*,*,#11169,.T.);
#12106 = ORIENTED_EDGE('',*,*,#12107,.T.);
#12107 = EDGE_CURVE('',#11162,#12108,#12110,.T.);
#12108 = VERTEX_POINT('',#12109);
#12109 = CARTESIAN_POINT('',(-0.948480775301,0.25,0.667364817767));
#12110 = CIRCLE('',#12111,0.1);
#12111 = AXIS2_PLACEMENT_3D('',#12112,#12113,#12114);
#12112 = CARTESIAN_POINT('',(-0.85,0.25,0.65));
#12113 = DIRECTION('',(-1.144237745222E-17,-1.,0.));
#12114 = DIRECTION('',(0.,0.,1.));
#12115 = ORIENTED_EDGE('',*,*,#12116,.F.);
#12116 = EDGE_CURVE('',#12017,#12108,#12117,.T.);
#12117 = LINE('',#12118,#12119);
#12118 = CARTESIAN_POINT('',(-0.948480775301,-0.25,0.667364817767));
#12119 = VECTOR('',#12120,1.);
#12120 = DIRECTION('',(1.144237745222E-17,1.,0.));
#12121 = ORIENTED_EDGE('',*,*,#12016,.F.);
#12122 = CYLINDRICAL_SURFACE('',#12123,0.1);
#12123 = AXIS2_PLACEMENT_3D('',#12124,#12125,#12126);
#12124 = CARTESIAN_POINT('',(-0.85,-0.25,0.65));
#12125 = DIRECTION('',(-1.144237745222E-17,-1.,0.));
#12126 = DIRECTION('',(0.,0.,1.));
#12127 = ADVANCED_FACE('',(#12128),#12206,.T.);
#12128 = FACE_BOUND('',#12129,.T.);
#12129 = EDGE_LOOP('',(#12130,#12131,#12132,#12133,#12141,#12150,#12158,
    #12166,#12174,#12183,#12191,#12200));
#12130 = ORIENTED_EDGE('',*,*,#11183,.F.);
#12131 = ORIENTED_EDGE('',*,*,#11161,.T.);
#12132 = ORIENTED_EDGE('',*,*,#12107,.T.);
#12133 = ORIENTED_EDGE('',*,*,#12134,.T.);
#12134 = EDGE_CURVE('',#12108,#12135,#12137,.T.);
#12135 = VERTEX_POINT('',#12136);
#12136 = CARTESIAN_POINT('',(-1.02432885403,0.25,0.206587955583));
#12137 = LINE('',#12138,#12139);
#12138 = CARTESIAN_POINT('',(-0.948480775301,0.25,0.667364817767));
#12139 = VECTOR('',#12140,1.);
#12140 = DIRECTION('',(-0.162423314012,1.858508865964E-18,
    -0.986721169868));
#12141 = ORIENTED_EDGE('',*,*,#12142,.T.);
#12142 = EDGE_CURVE('',#12135,#12143,#12145,.T.);
#12143 = VERTEX_POINT('',#12144);
#12144 = CARTESIAN_POINT('',(-1.270530792283,0.25,0.));
#12145 = CIRCLE('',#12146,0.25);
#12146 = AXIS2_PLACEMENT_3D('',#12147,#12148,#12149);
#12147 = CARTESIAN_POINT('',(-1.270530792283,0.25,0.25));
#12148 = DIRECTION('',(1.144237745222E-17,1.,1.155557966632E-33));
#12149 = DIRECTION('',(0.984807753012,-1.126854202784E-17,
    -0.173648177667));
#12150 = ORIENTED_EDGE('',*,*,#12151,.T.);
#12151 = EDGE_CURVE('',#12143,#12152,#12154,.T.);
#12152 = VERTEX_POINT('',#12153);
#12153 = CARTESIAN_POINT('',(-1.4,0.25,0.));
#12154 = LINE('',#12155,#12156);
#12155 = CARTESIAN_POINT('',(-1.270530792283,0.25,0.));
#12156 = VECTOR('',#12157,1.);
#12157 = DIRECTION('',(-1.,1.144237745222E-17,0.));
#12158 = ORIENTED_EDGE('',*,*,#12159,.T.);
#12159 = EDGE_CURVE('',#12152,#12160,#12162,.T.);
#12160 = VERTEX_POINT('',#12161);
#12161 = CARTESIAN_POINT('',(-1.4,0.25,0.15));
#12162 = LINE('',#12163,#12164);
#12163 = CARTESIAN_POINT('',(-1.4,0.25,0.));
#12164 = VECTOR('',#12165,1.);
#12165 = DIRECTION('',(0.,0.,1.));
#12166 = ORIENTED_EDGE('',*,*,#12167,.T.);
#12167 = EDGE_CURVE('',#12160,#12168,#12170,.T.);
#12168 = VERTEX_POINT('',#12169);
#12169 = CARTESIAN_POINT('',(-1.270530792283,0.25,0.15));
#12170 = LINE('',#12171,#12172);
#12171 = CARTESIAN_POINT('',(-1.4,0.25,0.15));
#12172 = VECTOR('',#12173,1.);
#12173 = DIRECTION('',(1.,-1.144237745222E-17,0.));
#12174 = ORIENTED_EDGE('',*,*,#12175,.T.);
#12175 = EDGE_CURVE('',#12168,#12176,#12178,.T.);
#12176 = VERTEX_POINT('',#12177);
#12177 = CARTESIAN_POINT('',(-1.172050016982,0.25,0.232635182233));
#12178 = CIRCLE('',#12179,0.1);
#12179 = AXIS2_PLACEMENT_3D('',#12180,#12181,#12182);
#12180 = CARTESIAN_POINT('',(-1.270530792283,0.25,0.25));
#12181 = DIRECTION('',(-1.144237745222E-17,-1.,0.));
#12182 = DIRECTION('',(-2.22044604925E-15,2.540718180781E-32,-1.));
#12183 = ORIENTED_EDGE('',*,*,#12184,.T.);
#12184 = EDGE_CURVE('',#12176,#12185,#12187,.T.);
#12185 = VERTEX_POINT('',#12186);
#12186 = CARTESIAN_POINT('',(-1.096201938253,0.25,0.693412044417));
#12187 = LINE('',#12188,#12189);
#12188 = CARTESIAN_POINT('',(-1.172050016982,0.25,0.232635182233));
#12189 = VECTOR('',#12190,1.);
#12190 = DIRECTION('',(0.162423314012,-1.858508865964E-18,0.986721169868
    ));
#12191 = ORIENTED_EDGE('',*,*,#12192,.T.);
#12192 = EDGE_CURVE('',#12185,#12193,#12195,.T.);
#12193 = VERTEX_POINT('',#12194);
#12194 = CARTESIAN_POINT('',(-0.85,0.25,0.9));
#12195 = CIRCLE('',#12196,0.25);
#12196 = AXIS2_PLACEMENT_3D('',#12197,#12198,#12199);
#12197 = CARTESIAN_POINT('',(-0.85,0.25,0.65));
#12198 = DIRECTION('',(1.144237745222E-17,1.,7.703719777549E-34));
#12199 = DIRECTION('',(-0.984807753012,1.126854202784E-17,0.173648177667
    ));
#12200 = ORIENTED_EDGE('',*,*,#12201,.T.);
#12201 = EDGE_CURVE('',#12193,#11184,#12202,.T.);
#12202 = LINE('',#12203,#12204);
#12203 = CARTESIAN_POINT('',(-0.85,0.25,0.9));
#12204 = VECTOR('',#12205,1.);
#12205 = DIRECTION('',(1.,-1.144237745222E-17,0.));
#12206 = PLANE('',#12207);
#12207 = AXIS2_PLACEMENT_3D('',#12208,#12209,#12210);
#12208 = CARTESIAN_POINT('',(-1.069123385139,0.25,0.441695635315));
#12209 = DIRECTION('',(1.144237745222E-17,1.,0.));
#12210 = DIRECTION('',(0.,-0.,1.));
#12211 = ADVANCED_FACE('',(#12212),#12223,.F.);
#12212 = FACE_BOUND('',#12213,.F.);
#12213 = EDGE_LOOP('',(#12214,#12215,#12216,#12217));
#12214 = ORIENTED_EDGE('',*,*,#11200,.T.);
#12215 = ORIENTED_EDGE('',*,*,#11496,.T.);
#12216 = ORIENTED_EDGE('',*,*,#11544,.F.);
#12217 = ORIENTED_EDGE('',*,*,#12218,.F.);
#12218 = EDGE_CURVE('',#11184,#11537,#12219,.T.);
#12219 = LINE('',#12220,#12221);
#12220 = CARTESIAN_POINT('',(-0.85,0.25,0.9));
#12221 = VECTOR('',#12222,1.);
#12222 = DIRECTION('',(1.,-1.144237745222E-17,0.));
#12223 = PLANE('',#12224);
#12224 = AXIS2_PLACEMENT_3D('',#12225,#12226,#12227);
#12225 = CARTESIAN_POINT('',(-2.091417030376E-16,1.4375,0.9));
#12226 = DIRECTION('',(4.595758349624E-18,6.551522493592E-27,-1.));
#12227 = DIRECTION('',(1.,1.51922136901E-16,4.595758349624E-18));
#12228 = ADVANCED_FACE('',(#12229),#12308,.F.);
#12229 = FACE_BOUND('',#12230,.F.);
#12230 = EDGE_LOOP('',(#12231,#12232,#12233,#12242,#12250,#12259,#12267,
    #12275,#12283,#12292,#12300,#12307));
#12231 = ORIENTED_EDGE('',*,*,#11192,.F.);
#12232 = ORIENTED_EDGE('',*,*,#11214,.T.);
#12233 = ORIENTED_EDGE('',*,*,#12234,.T.);
#12234 = EDGE_CURVE('',#11215,#12235,#12237,.T.);
#12235 = VERTEX_POINT('',#12236);
#12236 = CARTESIAN_POINT('',(-0.948480775301,0.7,0.667364817767));
#12237 = CIRCLE('',#12238,0.1);
#12238 = AXIS2_PLACEMENT_3D('',#12239,#12240,#12241);
#12239 = CARTESIAN_POINT('',(-0.85,0.7,0.65));
#12240 = DIRECTION('',(-1.144237745222E-17,-1.,0.));
#12241 = DIRECTION('',(0.,0.,1.));
#12242 = ORIENTED_EDGE('',*,*,#12243,.T.);
#12243 = EDGE_CURVE('',#12235,#12244,#12246,.T.);
#12244 = VERTEX_POINT('',#12245);
#12245 = CARTESIAN_POINT('',(-1.02432885403,0.7,0.206587955583));
#12246 = LINE('',#12247,#12248);
#12247 = CARTESIAN_POINT('',(-0.948480775301,0.7,0.667364817767));
#12248 = VECTOR('',#12249,1.);
#12249 = DIRECTION('',(-0.162423314012,1.858508865964E-18,
    -0.986721169868));
#12250 = ORIENTED_EDGE('',*,*,#12251,.T.);
#12251 = EDGE_CURVE('',#12244,#12252,#12254,.T.);
#12252 = VERTEX_POINT('',#12253);
#12253 = CARTESIAN_POINT('',(-1.270530792283,0.7,0.));
#12254 = CIRCLE('',#12255,0.25);
#12255 = AXIS2_PLACEMENT_3D('',#12256,#12257,#12258);
#12256 = CARTESIAN_POINT('',(-1.270530792283,0.7,0.25));
#12257 = DIRECTION('',(1.144237745222E-17,1.,1.155557966632E-33));
#12258 = DIRECTION('',(0.984807753012,-1.126854202784E-17,
    -0.173648177667));
#12259 = ORIENTED_EDGE('',*,*,#12260,.T.);
#12260 = EDGE_CURVE('',#12252,#12261,#12263,.T.);
#12261 = VERTEX_POINT('',#12262);
#12262 = CARTESIAN_POINT('',(-1.4,0.7,0.));
#12263 = LINE('',#12264,#12265);
#12264 = CARTESIAN_POINT('',(-1.270530792283,0.7,0.));
#12265 = VECTOR('',#12266,1.);
#12266 = DIRECTION('',(-1.,1.144237745222E-17,0.));
#12267 = ORIENTED_EDGE('',*,*,#12268,.T.);
#12268 = EDGE_CURVE('',#12261,#12269,#12271,.T.);
#12269 = VERTEX_POINT('',#12270);
#12270 = CARTESIAN_POINT('',(-1.4,0.7,0.15));
#12271 = LINE('',#12272,#12273);
#12272 = CARTESIAN_POINT('',(-1.4,0.7,0.));
#12273 = VECTOR('',#12274,1.);
#12274 = DIRECTION('',(0.,0.,1.));
#12275 = ORIENTED_EDGE('',*,*,#12276,.T.);
#12276 = EDGE_CURVE('',#12269,#12277,#12279,.T.);
#12277 = VERTEX_POINT('',#12278);
#12278 = CARTESIAN_POINT('',(-1.270530792283,0.7,0.15));
#12279 = LINE('',#12280,#12281);
#12280 = CARTESIAN_POINT('',(-1.4,0.7,0.15));
#12281 = VECTOR('',#12282,1.);
#12282 = DIRECTION('',(1.,-1.144237745222E-17,0.));
#12283 = ORIENTED_EDGE('',*,*,#12284,.T.);
#12284 = EDGE_CURVE('',#12277,#12285,#12287,.T.);
#12285 = VERTEX_POINT('',#12286);
#12286 = CARTESIAN_POINT('',(-1.172050016982,0.7,0.232635182233));
#12287 = CIRCLE('',#12288,0.1);
#12288 = AXIS2_PLACEMENT_3D('',#12289,#12290,#12291);
#12289 = CARTESIAN_POINT('',(-1.270530792283,0.7,0.25));
#12290 = DIRECTION('',(-1.144237745222E-17,-1.,0.));
#12291 = DIRECTION('',(-2.22044604925E-15,2.540718180781E-32,-1.));
#12292 = ORIENTED_EDGE('',*,*,#12293,.T.);
#12293 = EDGE_CURVE('',#12285,#12294,#12296,.T.);
#12294 = VERTEX_POINT('',#12295);
#12295 = CARTESIAN_POINT('',(-1.096201938253,0.7,0.693412044417));
#12296 = LINE('',#12297,#12298);
#12297 = CARTESIAN_POINT('',(-1.172050016982,0.7,0.232635182233));
#12298 = VECTOR('',#12299,1.);
#12299 = DIRECTION('',(0.162423314012,-1.858508865964E-18,0.986721169868
    ));
#12300 = ORIENTED_EDGE('',*,*,#12301,.T.);
#12301 = EDGE_CURVE('',#12294,#11466,#12302,.T.);
#12302 = CIRCLE('',#12303,0.25);
#12303 = AXIS2_PLACEMENT_3D('',#12304,#12305,#12306);
#12304 = CARTESIAN_POINT('',(-0.85,0.7,0.65));
#12305 = DIRECTION('',(1.144237745222E-17,1.,7.703719777549E-34));
#12306 = DIRECTION('',(-0.984807753012,1.126854202784E-17,0.173648177667
    ));
#12307 = ORIENTED_EDGE('',*,*,#11465,.T.);
#12308 = PLANE('',#12309);
#12309 = AXIS2_PLACEMENT_3D('',#12310,#12311,#12312);
#12310 = CARTESIAN_POINT('',(-1.069123385139,0.7,0.441695635315));
#12311 = DIRECTION('',(1.144237745222E-17,1.,0.));
#12312 = DIRECTION('',(0.,-0.,1.));
#12313 = ADVANCED_FACE('',(#12314),#12333,.F.);
#12314 = FACE_BOUND('',#12315,.F.);
#12315 = EDGE_LOOP('',(#12316,#12317,#12326,#12332));
#12316 = ORIENTED_EDGE('',*,*,#11231,.T.);
#12317 = ORIENTED_EDGE('',*,*,#12318,.T.);
#12318 = EDGE_CURVE('',#11224,#12319,#12321,.T.);
#12319 = VERTEX_POINT('',#12320);
#12320 = CARTESIAN_POINT('',(-0.948480775301,1.2,0.667364817767));
#12321 = CIRCLE('',#12322,0.1);
#12322 = AXIS2_PLACEMENT_3D('',#12323,#12324,#12325);
#12323 = CARTESIAN_POINT('',(-0.85,1.2,0.65));
#12324 = DIRECTION('',(-1.144237745222E-17,-1.,0.));
#12325 = DIRECTION('',(0.,0.,1.));
#12326 = ORIENTED_EDGE('',*,*,#12327,.F.);
#12327 = EDGE_CURVE('',#12235,#12319,#12328,.T.);
#12328 = LINE('',#12329,#12330);
#12329 = CARTESIAN_POINT('',(-0.948480775301,0.7,0.667364817767));
#12330 = VECTOR('',#12331,1.);
#12331 = DIRECTION('',(1.144237745222E-17,1.,0.));
#12332 = ORIENTED_EDGE('',*,*,#12234,.F.);
#12333 = CYLINDRICAL_SURFACE('',#12334,0.1);
#12334 = AXIS2_PLACEMENT_3D('',#12335,#12336,#12337);
#12335 = CARTESIAN_POINT('',(-0.85,0.7,0.65));
#12336 = DIRECTION('',(-1.144237745222E-17,-1.,0.));
#12337 = DIRECTION('',(0.,0.,1.));
#12338 = ADVANCED_FACE('',(#12339),#12410,.T.);
#12339 = FACE_BOUND('',#12340,.T.);
#12340 = EDGE_LOOP('',(#12341,#12342,#12343,#12344,#12352,#12361,#12369,
    #12377,#12385,#12394,#12402,#12409));
#12341 = ORIENTED_EDGE('',*,*,#11245,.F.);
#12342 = ORIENTED_EDGE('',*,*,#11223,.T.);
#12343 = ORIENTED_EDGE('',*,*,#12318,.T.);
#12344 = ORIENTED_EDGE('',*,*,#12345,.T.);
#12345 = EDGE_CURVE('',#12319,#12346,#12348,.T.);
#12346 = VERTEX_POINT('',#12347);
#12347 = CARTESIAN_POINT('',(-1.02432885403,1.2,0.206587955583));
#12348 = LINE('',#12349,#12350);
#12349 = CARTESIAN_POINT('',(-0.948480775301,1.2,0.667364817767));
#12350 = VECTOR('',#12351,1.);
#12351 = DIRECTION('',(-0.162423314012,1.858508865964E-18,
    -0.986721169868));
#12352 = ORIENTED_EDGE('',*,*,#12353,.T.);
#12353 = EDGE_CURVE('',#12346,#12354,#12356,.T.);
#12354 = VERTEX_POINT('',#12355);
#12355 = CARTESIAN_POINT('',(-1.270530792283,1.2,0.));
#12356 = CIRCLE('',#12357,0.25);
#12357 = AXIS2_PLACEMENT_3D('',#12358,#12359,#12360);
#12358 = CARTESIAN_POINT('',(-1.270530792283,1.2,0.25));
#12359 = DIRECTION('',(1.144237745222E-17,1.,1.155557966632E-33));
#12360 = DIRECTION('',(0.984807753012,-1.126854202784E-17,
    -0.173648177667));
#12361 = ORIENTED_EDGE('',*,*,#12362,.T.);
#12362 = EDGE_CURVE('',#12354,#12363,#12365,.T.);
#12363 = VERTEX_POINT('',#12364);
#12364 = CARTESIAN_POINT('',(-1.4,1.2,0.));
#12365 = LINE('',#12366,#12367);
#12366 = CARTESIAN_POINT('',(-1.270530792283,1.2,0.));
#12367 = VECTOR('',#12368,1.);
#12368 = DIRECTION('',(-1.,1.144237745222E-17,0.));
#12369 = ORIENTED_EDGE('',*,*,#12370,.T.);
#12370 = EDGE_CURVE('',#12363,#12371,#12373,.T.);
#12371 = VERTEX_POINT('',#12372);
#12372 = CARTESIAN_POINT('',(-1.4,1.2,0.15));
#12373 = LINE('',#12374,#12375);
#12374 = CARTESIAN_POINT('',(-1.4,1.2,0.));
#12375 = VECTOR('',#12376,1.);
#12376 = DIRECTION('',(0.,0.,1.));
#12377 = ORIENTED_EDGE('',*,*,#12378,.T.);
#12378 = EDGE_CURVE('',#12371,#12379,#12381,.T.);
#12379 = VERTEX_POINT('',#12380);
#12380 = CARTESIAN_POINT('',(-1.270530792283,1.2,0.15));
#12381 = LINE('',#12382,#12383);
#12382 = CARTESIAN_POINT('',(-1.4,1.2,0.15));
#12383 = VECTOR('',#12384,1.);
#12384 = DIRECTION('',(1.,-1.144237745222E-17,0.));
#12385 = ORIENTED_EDGE('',*,*,#12386,.T.);
#12386 = EDGE_CURVE('',#12379,#12387,#12389,.T.);
#12387 = VERTEX_POINT('',#12388);
#12388 = CARTESIAN_POINT('',(-1.172050016982,1.2,0.232635182233));
#12389 = CIRCLE('',#12390,0.1);
#12390 = AXIS2_PLACEMENT_3D('',#12391,#12392,#12393);
#12391 = CARTESIAN_POINT('',(-1.270530792283,1.2,0.25));
#12392 = DIRECTION('',(-1.144237745222E-17,-1.,0.));
#12393 = DIRECTION('',(-2.22044604925E-15,2.540718180781E-32,-1.));
#12394 = ORIENTED_EDGE('',*,*,#12395,.T.);
#12395 = EDGE_CURVE('',#12387,#12396,#12398,.T.);
#12396 = VERTEX_POINT('',#12397);
#12397 = CARTESIAN_POINT('',(-1.096201938253,1.2,0.693412044417));
#12398 = LINE('',#12399,#12400);
#12399 = CARTESIAN_POINT('',(-1.172050016982,1.2,0.232635182233));
#12400 = VECTOR('',#12401,1.);
#12401 = DIRECTION('',(0.162423314012,-1.858508865964E-18,0.986721169868
    ));
#12402 = ORIENTED_EDGE('',*,*,#12403,.T.);
#12403 = EDGE_CURVE('',#12396,#11474,#12404,.T.);
#12404 = CIRCLE('',#12405,0.25);
#12405 = AXIS2_PLACEMENT_3D('',#12406,#12407,#12408);
#12406 = CARTESIAN_POINT('',(-0.85,1.2,0.65));
#12407 = DIRECTION('',(1.144237745222E-17,1.,7.703719777549E-34));
#12408 = DIRECTION('',(-0.984807753012,1.126854202784E-17,0.173648177667
    ));
#12409 = ORIENTED_EDGE('',*,*,#11481,.T.);
#12410 = PLANE('',#12411);
#12411 = AXIS2_PLACEMENT_3D('',#12412,#12413,#12414);
#12412 = CARTESIAN_POINT('',(-1.069123385139,1.2,0.441695635315));
#12413 = DIRECTION('',(1.144237745222E-17,1.,0.));
#12414 = DIRECTION('',(0.,-0.,1.));
#12415 = ADVANCED_FACE('',(#12416),#12495,.F.);
#12416 = FACE_BOUND('',#12417,.F.);
#12417 = EDGE_LOOP('',(#12418,#12419,#12420,#12429,#12437,#12446,#12454,
    #12462,#12470,#12479,#12487,#12494));
#12418 = ORIENTED_EDGE('',*,*,#11264,.F.);
#12419 = ORIENTED_EDGE('',*,*,#11279,.T.);
#12420 = ORIENTED_EDGE('',*,*,#12421,.T.);
#12421 = EDGE_CURVE('',#11280,#12422,#12424,.T.);
#12422 = VERTEX_POINT('',#12423);
#12423 = CARTESIAN_POINT('',(0.948480775301,1.2,0.667364817767));
#12424 = CIRCLE('',#12425,0.1);
#12425 = AXIS2_PLACEMENT_3D('',#12426,#12427,#12428);
#12426 = CARTESIAN_POINT('',(0.85,1.2,0.65));
#12427 = DIRECTION('',(-1.110223024625E-16,1.,0.));
#12428 = DIRECTION('',(0.,0.,1.));
#12429 = ORIENTED_EDGE('',*,*,#12430,.T.);
#12430 = EDGE_CURVE('',#12422,#12431,#12433,.T.);
#12431 = VERTEX_POINT('',#12432);
#12432 = CARTESIAN_POINT('',(1.02432885403,1.2,0.206587955583));
#12433 = LINE('',#12434,#12435);
#12434 = CARTESIAN_POINT('',(0.948480775301,1.2,0.667364817767));
#12435 = VECTOR('',#12436,1.);
#12436 = DIRECTION('',(0.162423314012,1.803261029519E-17,-0.986721169868
    ));
#12437 = ORIENTED_EDGE('',*,*,#12438,.T.);
#12438 = EDGE_CURVE('',#12431,#12439,#12441,.T.);
#12439 = VERTEX_POINT('',#12440);
#12440 = CARTESIAN_POINT('',(1.270530792283,1.2,0.));
#12441 = CIRCLE('',#12442,0.25);
#12442 = AXIS2_PLACEMENT_3D('',#12443,#12444,#12445);
#12443 = CARTESIAN_POINT('',(1.270530792283,1.2,0.25));
#12444 = DIRECTION('',(1.110223024625E-16,-1.,0.));
#12445 = DIRECTION('',(-0.984807753012,-1.093356242223E-16,
    -0.173648177667));
#12446 = ORIENTED_EDGE('',*,*,#12447,.T.);
#12447 = EDGE_CURVE('',#12439,#12448,#12450,.T.);
#12448 = VERTEX_POINT('',#12449);
#12449 = CARTESIAN_POINT('',(1.4,1.2,0.));
#12450 = LINE('',#12451,#12452);
#12451 = CARTESIAN_POINT('',(1.270530792283,1.2,0.));
#12452 = VECTOR('',#12453,1.);
#12453 = DIRECTION('',(1.,1.110223024625E-16,0.));
#12454 = ORIENTED_EDGE('',*,*,#12455,.T.);
#12455 = EDGE_CURVE('',#12448,#12456,#12458,.T.);
#12456 = VERTEX_POINT('',#12457);
#12457 = CARTESIAN_POINT('',(1.4,1.2,0.15));
#12458 = LINE('',#12459,#12460);
#12459 = CARTESIAN_POINT('',(1.4,1.2,0.));
#12460 = VECTOR('',#12461,1.);
#12461 = DIRECTION('',(0.,0.,1.));
#12462 = ORIENTED_EDGE('',*,*,#12463,.T.);
#12463 = EDGE_CURVE('',#12456,#12464,#12466,.T.);
#12464 = VERTEX_POINT('',#12465);
#12465 = CARTESIAN_POINT('',(1.270530792283,1.2,0.15));
#12466 = LINE('',#12467,#12468);
#12467 = CARTESIAN_POINT('',(1.4,1.2,0.15));
#12468 = VECTOR('',#12469,1.);
#12469 = DIRECTION('',(-1.,-1.110223024625E-16,0.));
#12470 = ORIENTED_EDGE('',*,*,#12471,.T.);
#12471 = EDGE_CURVE('',#12464,#12472,#12474,.T.);
#12472 = VERTEX_POINT('',#12473);
#12473 = CARTESIAN_POINT('',(1.172050016982,1.2,0.232635182233));
#12474 = CIRCLE('',#12475,0.1);
#12475 = AXIS2_PLACEMENT_3D('',#12476,#12477,#12478);
#12476 = CARTESIAN_POINT('',(1.270530792283,1.2,0.25));
#12477 = DIRECTION('',(-1.110223024625E-16,1.,0.));
#12478 = DIRECTION('',(2.22044604925E-15,2.465190328815E-31,-1.));
#12479 = ORIENTED_EDGE('',*,*,#12480,.T.);
#12480 = EDGE_CURVE('',#12472,#12481,#12483,.T.);
#12481 = VERTEX_POINT('',#12482);
#12482 = CARTESIAN_POINT('',(1.096201938253,1.2,0.693412044417));
#12483 = LINE('',#12484,#12485);
#12484 = CARTESIAN_POINT('',(1.172050016982,1.2,0.232635182233));
#12485 = VECTOR('',#12486,1.);
#12486 = DIRECTION('',(-0.162423314012,-1.803261029519E-17,
    0.986721169868));
#12487 = ORIENTED_EDGE('',*,*,#12488,.T.);
#12488 = EDGE_CURVE('',#12481,#11705,#12489,.T.);
#12489 = CIRCLE('',#12490,0.25);
#12490 = AXIS2_PLACEMENT_3D('',#12491,#12492,#12493);
#12491 = CARTESIAN_POINT('',(0.85,1.2,0.65));
#12492 = DIRECTION('',(1.110223024625E-16,-1.,0.));
#12493 = DIRECTION('',(0.984807753012,1.093356242223E-16,0.173648177667)
  );
#12494 = ORIENTED_EDGE('',*,*,#11704,.T.);
#12495 = PLANE('',#12496);
#12496 = AXIS2_PLACEMENT_3D('',#12497,#12498,#12499);
#12497 = CARTESIAN_POINT('',(1.069123385139,1.2,0.441695635315));
#12498 = DIRECTION('',(1.110223024625E-16,-1.,0.));
#12499 = DIRECTION('',(0.,0.,1.));
#12500 = ADVANCED_FACE('',(#12501),#12520,.F.);
#12501 = FACE_BOUND('',#12502,.F.);
#12502 = EDGE_LOOP('',(#12503,#12504,#12513,#12519));
#12503 = ORIENTED_EDGE('',*,*,#11296,.T.);
#12504 = ORIENTED_EDGE('',*,*,#12505,.T.);
#12505 = EDGE_CURVE('',#11289,#12506,#12508,.T.);
#12506 = VERTEX_POINT('',#12507);
#12507 = CARTESIAN_POINT('',(0.948480775301,0.7,0.667364817767));
#12508 = CIRCLE('',#12509,0.1);
#12509 = AXIS2_PLACEMENT_3D('',#12510,#12511,#12512);
#12510 = CARTESIAN_POINT('',(0.85,0.7,0.65));
#12511 = DIRECTION('',(-1.110223024625E-16,1.,0.));
#12512 = DIRECTION('',(0.,0.,1.));
#12513 = ORIENTED_EDGE('',*,*,#12514,.F.);
#12514 = EDGE_CURVE('',#12422,#12506,#12515,.T.);
#12515 = LINE('',#12516,#12517);
#12516 = CARTESIAN_POINT('',(0.948480775301,1.2,0.667364817767));
#12517 = VECTOR('',#12518,1.);
#12518 = DIRECTION('',(1.110223024625E-16,-1.,0.));
#12519 = ORIENTED_EDGE('',*,*,#12421,.F.);
#12520 = CYLINDRICAL_SURFACE('',#12521,0.1);
#12521 = AXIS2_PLACEMENT_3D('',#12522,#12523,#12524);
#12522 = CARTESIAN_POINT('',(0.85,1.2,0.65));
#12523 = DIRECTION('',(-1.110223024625E-16,1.,0.));
#12524 = DIRECTION('',(0.,0.,1.));
#12525 = ADVANCED_FACE('',(#12526),#12597,.T.);
#12526 = FACE_BOUND('',#12527,.T.);
#12527 = EDGE_LOOP('',(#12528,#12529,#12530,#12531,#12539,#12548,#12556,
    #12564,#12572,#12581,#12589,#12596));
#12528 = ORIENTED_EDGE('',*,*,#11310,.F.);
#12529 = ORIENTED_EDGE('',*,*,#11288,.T.);
#12530 = ORIENTED_EDGE('',*,*,#12505,.T.);
#12531 = ORIENTED_EDGE('',*,*,#12532,.T.);
#12532 = EDGE_CURVE('',#12506,#12533,#12535,.T.);
#12533 = VERTEX_POINT('',#12534);
#12534 = CARTESIAN_POINT('',(1.02432885403,0.7,0.206587955583));
#12535 = LINE('',#12536,#12537);
#12536 = CARTESIAN_POINT('',(0.948480775301,0.7,0.667364817767));
#12537 = VECTOR('',#12538,1.);
#12538 = DIRECTION('',(0.162423314012,1.803261029519E-17,-0.986721169868
    ));
#12539 = ORIENTED_EDGE('',*,*,#12540,.T.);
#12540 = EDGE_CURVE('',#12533,#12541,#12543,.T.);
#12541 = VERTEX_POINT('',#12542);
#12542 = CARTESIAN_POINT('',(1.270530792283,0.7,0.));
#12543 = CIRCLE('',#12544,0.25);
#12544 = AXIS2_PLACEMENT_3D('',#12545,#12546,#12547);
#12545 = CARTESIAN_POINT('',(1.270530792283,0.7,0.25));
#12546 = DIRECTION('',(1.110223024625E-16,-1.,0.));
#12547 = DIRECTION('',(-0.984807753012,-1.093356242223E-16,
    -0.173648177667));
#12548 = ORIENTED_EDGE('',*,*,#12549,.T.);
#12549 = EDGE_CURVE('',#12541,#12550,#12552,.T.);
#12550 = VERTEX_POINT('',#12551);
#12551 = CARTESIAN_POINT('',(1.4,0.7,0.));
#12552 = LINE('',#12553,#12554);
#12553 = CARTESIAN_POINT('',(1.270530792283,0.7,0.));
#12554 = VECTOR('',#12555,1.);
#12555 = DIRECTION('',(1.,1.110223024625E-16,0.));
#12556 = ORIENTED_EDGE('',*,*,#12557,.T.);
#12557 = EDGE_CURVE('',#12550,#12558,#12560,.T.);
#12558 = VERTEX_POINT('',#12559);
#12559 = CARTESIAN_POINT('',(1.4,0.7,0.15));
#12560 = LINE('',#12561,#12562);
#12561 = CARTESIAN_POINT('',(1.4,0.7,0.));
#12562 = VECTOR('',#12563,1.);
#12563 = DIRECTION('',(0.,0.,1.));
#12564 = ORIENTED_EDGE('',*,*,#12565,.T.);
#12565 = EDGE_CURVE('',#12558,#12566,#12568,.T.);
#12566 = VERTEX_POINT('',#12567);
#12567 = CARTESIAN_POINT('',(1.270530792283,0.7,0.15));
#12568 = LINE('',#12569,#12570);
#12569 = CARTESIAN_POINT('',(1.4,0.7,0.15));
#12570 = VECTOR('',#12571,1.);
#12571 = DIRECTION('',(-1.,-1.110223024625E-16,0.));
#12572 = ORIENTED_EDGE('',*,*,#12573,.T.);
#12573 = EDGE_CURVE('',#12566,#12574,#12576,.T.);
#12574 = VERTEX_POINT('',#12575);
#12575 = CARTESIAN_POINT('',(1.172050016982,0.7,0.232635182233));
#12576 = CIRCLE('',#12577,0.1);
#12577 = AXIS2_PLACEMENT_3D('',#12578,#12579,#12580);
#12578 = CARTESIAN_POINT('',(1.270530792283,0.7,0.25));
#12579 = DIRECTION('',(-1.110223024625E-16,1.,0.));
#12580 = DIRECTION('',(2.22044604925E-15,2.465190328815E-31,-1.));
#12581 = ORIENTED_EDGE('',*,*,#12582,.T.);
#12582 = EDGE_CURVE('',#12574,#12583,#12585,.T.);
#12583 = VERTEX_POINT('',#12584);
#12584 = CARTESIAN_POINT('',(1.096201938253,0.7,0.693412044417));
#12585 = LINE('',#12586,#12587);
#12586 = CARTESIAN_POINT('',(1.172050016982,0.7,0.232635182233));
#12587 = VECTOR('',#12588,1.);
#12588 = DIRECTION('',(-0.162423314012,-1.803261029519E-17,
    0.986721169868));
#12589 = ORIENTED_EDGE('',*,*,#12590,.T.);
#12590 = EDGE_CURVE('',#12583,#11713,#12591,.T.);
#12591 = CIRCLE('',#12592,0.25);
#12592 = AXIS2_PLACEMENT_3D('',#12593,#12594,#12595);
#12593 = CARTESIAN_POINT('',(0.85,0.7,0.65));
#12594 = DIRECTION('',(1.110223024625E-16,-1.,0.));
#12595 = DIRECTION('',(0.984807753012,1.093356242223E-16,0.173648177667)
  );
#12596 = ORIENTED_EDGE('',*,*,#11720,.T.);
#12597 = PLANE('',#12598);
#12598 = AXIS2_PLACEMENT_3D('',#12599,#12600,#12601);
#12599 = CARTESIAN_POINT('',(1.069123385139,0.7,0.441695635315));
#12600 = DIRECTION('',(1.110223024625E-16,-1.,0.));
#12601 = DIRECTION('',(0.,0.,1.));
#12602 = ADVANCED_FACE('',(#12603),#12614,.F.);
#12603 = FACE_BOUND('',#12604,.F.);
#12604 = EDGE_LOOP('',(#12605,#12606,#12607,#12613));
#12605 = ORIENTED_EDGE('',*,*,#11726,.F.);
#12606 = ORIENTED_EDGE('',*,*,#11327,.T.);
#12607 = ORIENTED_EDGE('',*,*,#12608,.T.);
#12608 = EDGE_CURVE('',#11320,#11659,#12609,.T.);
#12609 = LINE('',#12610,#12611);
#12610 = CARTESIAN_POINT('',(0.85,-0.7,0.9));
#12611 = VECTOR('',#12612,1.);
#12612 = DIRECTION('',(-1.,-1.110223024625E-16,0.));
#12613 = ORIENTED_EDGE('',*,*,#11658,.F.);
#12614 = PLANE('',#12615);
#12615 = AXIS2_PLACEMENT_3D('',#12616,#12617,#12618);
#12616 = CARTESIAN_POINT('',(-2.091417030376E-16,1.4375,0.9));
#12617 = DIRECTION('',(4.595758349624E-18,6.551522493592E-27,-1.));
#12618 = DIRECTION('',(1.,1.51922136901E-16,4.595758349624E-18));
#12619 = ADVANCED_FACE('',(#12620),#12706,.F.);
#12620 = FACE_BOUND('',#12621,.F.);
#12621 = EDGE_LOOP('',(#12622,#12623,#12624,#12633,#12641,#12650,#12658,
    #12666,#12674,#12683,#12691,#12700));
#12622 = ORIENTED_EDGE('',*,*,#11319,.F.);
#12623 = ORIENTED_EDGE('',*,*,#11341,.T.);
#12624 = ORIENTED_EDGE('',*,*,#12625,.T.);
#12625 = EDGE_CURVE('',#11342,#12626,#12628,.T.);
#12626 = VERTEX_POINT('',#12627);
#12627 = CARTESIAN_POINT('',(0.948480775301,-0.7,0.667364817767));
#12628 = CIRCLE('',#12629,0.1);
#12629 = AXIS2_PLACEMENT_3D('',#12630,#12631,#12632);
#12630 = CARTESIAN_POINT('',(0.85,-0.7,0.65));
#12631 = DIRECTION('',(-1.110223024625E-16,1.,0.));
#12632 = DIRECTION('',(0.,0.,1.));
#12633 = ORIENTED_EDGE('',*,*,#12634,.T.);
#12634 = EDGE_CURVE('',#12626,#12635,#12637,.T.);
#12635 = VERTEX_POINT('',#12636);
#12636 = CARTESIAN_POINT('',(1.02432885403,-0.7,0.206587955583));
#12637 = LINE('',#12638,#12639);
#12638 = CARTESIAN_POINT('',(0.948480775301,-0.7,0.667364817767));
#12639 = VECTOR('',#12640,1.);
#12640 = DIRECTION('',(0.162423314012,1.803261029519E-17,-0.986721169868
    ));
#12641 = ORIENTED_EDGE('',*,*,#12642,.T.);
#12642 = EDGE_CURVE('',#12635,#12643,#12645,.T.);
#12643 = VERTEX_POINT('',#12644);
#12644 = CARTESIAN_POINT('',(1.270530792283,-0.7,0.));
#12645 = CIRCLE('',#12646,0.25);
#12646 = AXIS2_PLACEMENT_3D('',#12647,#12648,#12649);
#12647 = CARTESIAN_POINT('',(1.270530792283,-0.7,0.25));
#12648 = DIRECTION('',(1.110223024625E-16,-1.,0.));
#12649 = DIRECTION('',(-0.984807753012,-1.093356242223E-16,
    -0.173648177667));
#12650 = ORIENTED_EDGE('',*,*,#12651,.T.);
#12651 = EDGE_CURVE('',#12643,#12652,#12654,.T.);
#12652 = VERTEX_POINT('',#12653);
#12653 = CARTESIAN_POINT('',(1.4,-0.7,0.));
#12654 = LINE('',#12655,#12656);
#12655 = CARTESIAN_POINT('',(1.270530792283,-0.7,0.));
#12656 = VECTOR('',#12657,1.);
#12657 = DIRECTION('',(1.,1.110223024625E-16,0.));
#12658 = ORIENTED_EDGE('',*,*,#12659,.T.);
#12659 = EDGE_CURVE('',#12652,#12660,#12662,.T.);
#12660 = VERTEX_POINT('',#12661);
#12661 = CARTESIAN_POINT('',(1.4,-0.7,0.15));
#12662 = LINE('',#12663,#12664);
#12663 = CARTESIAN_POINT('',(1.4,-0.7,0.));
#12664 = VECTOR('',#12665,1.);
#12665 = DIRECTION('',(0.,0.,1.));
#12666 = ORIENTED_EDGE('',*,*,#12667,.T.);
#12667 = EDGE_CURVE('',#12660,#12668,#12670,.T.);
#12668 = VERTEX_POINT('',#12669);
#12669 = CARTESIAN_POINT('',(1.270530792283,-0.7,0.15));
#12670 = LINE('',#12671,#12672);
#12671 = CARTESIAN_POINT('',(1.4,-0.7,0.15));
#12672 = VECTOR('',#12673,1.);
#12673 = DIRECTION('',(-1.,-1.110223024625E-16,0.));
#12674 = ORIENTED_EDGE('',*,*,#12675,.T.);
#12675 = EDGE_CURVE('',#12668,#12676,#12678,.T.);
#12676 = VERTEX_POINT('',#12677);
#12677 = CARTESIAN_POINT('',(1.172050016982,-0.7,0.232635182233));
#12678 = CIRCLE('',#12679,0.1);
#12679 = AXIS2_PLACEMENT_3D('',#12680,#12681,#12682);
#12680 = CARTESIAN_POINT('',(1.270530792283,-0.7,0.25));
#12681 = DIRECTION('',(-1.110223024625E-16,1.,0.));
#12682 = DIRECTION('',(2.22044604925E-15,2.465190328815E-31,-1.));
#12683 = ORIENTED_EDGE('',*,*,#12684,.T.);
#12684 = EDGE_CURVE('',#12676,#12685,#12687,.T.);
#12685 = VERTEX_POINT('',#12686);
#12686 = CARTESIAN_POINT('',(1.096201938253,-0.7,0.693412044417));
#12687 = LINE('',#12688,#12689);
#12688 = CARTESIAN_POINT('',(1.172050016982,-0.7,0.232635182233));
#12689 = VECTOR('',#12690,1.);
#12690 = DIRECTION('',(-0.162423314012,-1.803261029519E-17,
    0.986721169868));
#12691 = ORIENTED_EDGE('',*,*,#12692,.T.);
#12692 = EDGE_CURVE('',#12685,#12693,#12695,.T.);
#12693 = VERTEX_POINT('',#12694);
#12694 = CARTESIAN_POINT('',(0.85,-0.7,0.9));
#12695 = CIRCLE('',#12696,0.25);
#12696 = AXIS2_PLACEMENT_3D('',#12697,#12698,#12699);
#12697 = CARTESIAN_POINT('',(0.85,-0.7,0.65));
#12698 = DIRECTION('',(1.110223024625E-16,-1.,0.));
#12699 = DIRECTION('',(0.984807753012,1.093356242223E-16,0.173648177667)
  );
#12700 = ORIENTED_EDGE('',*,*,#12701,.T.);
#12701 = EDGE_CURVE('',#12693,#11320,#12702,.T.);
#12702 = LINE('',#12703,#12704);
#12703 = CARTESIAN_POINT('',(0.85,-0.7,0.9));
#12704 = VECTOR('',#12705,1.);
#12705 = DIRECTION('',(-1.,-1.110223024625E-16,0.));
#12706 = PLANE('',#12707);
#12707 = AXIS2_PLACEMENT_3D('',#12708,#12709,#12710);
#12708 = CARTESIAN_POINT('',(1.069123385139,-0.7,0.441695635315));
#12709 = DIRECTION('',(1.110223024625E-16,-1.,0.));
#12710 = DIRECTION('',(0.,0.,1.));
#12711 = ADVANCED_FACE('',(#12712),#12731,.F.);
#12712 = FACE_BOUND('',#12713,.F.);
#12713 = EDGE_LOOP('',(#12714,#12715,#12724,#12730));
#12714 = ORIENTED_EDGE('',*,*,#11358,.T.);
#12715 = ORIENTED_EDGE('',*,*,#12716,.T.);
#12716 = EDGE_CURVE('',#11351,#12717,#12719,.T.);
#12717 = VERTEX_POINT('',#12718);
#12718 = CARTESIAN_POINT('',(0.948480775301,-1.2,0.667364817767));
#12719 = CIRCLE('',#12720,0.1);
#12720 = AXIS2_PLACEMENT_3D('',#12721,#12722,#12723);
#12721 = CARTESIAN_POINT('',(0.85,-1.2,0.65));
#12722 = DIRECTION('',(-1.110223024625E-16,1.,0.));
#12723 = DIRECTION('',(0.,0.,1.));
#12724 = ORIENTED_EDGE('',*,*,#12725,.F.);
#12725 = EDGE_CURVE('',#12626,#12717,#12726,.T.);
#12726 = LINE('',#12727,#12728);
#12727 = CARTESIAN_POINT('',(0.948480775301,-0.7,0.667364817767));
#12728 = VECTOR('',#12729,1.);
#12729 = DIRECTION('',(1.110223024625E-16,-1.,0.));
#12730 = ORIENTED_EDGE('',*,*,#12625,.F.);
#12731 = CYLINDRICAL_SURFACE('',#12732,0.1);
#12732 = AXIS2_PLACEMENT_3D('',#12733,#12734,#12735);
#12733 = CARTESIAN_POINT('',(0.85,-0.7,0.65));
#12734 = DIRECTION('',(-1.110223024625E-16,1.,0.));
#12735 = DIRECTION('',(0.,0.,1.));
#12736 = ADVANCED_FACE('',(#12737),#12815,.T.);
#12737 = FACE_BOUND('',#12738,.T.);
#12738 = EDGE_LOOP('',(#12739,#12740,#12741,#12742,#12750,#12759,#12767,
    #12775,#12783,#12792,#12800,#12809));
#12739 = ORIENTED_EDGE('',*,*,#11372,.F.);
#12740 = ORIENTED_EDGE('',*,*,#11350,.T.);
#12741 = ORIENTED_EDGE('',*,*,#12716,.T.);
#12742 = ORIENTED_EDGE('',*,*,#12743,.T.);
#12743 = EDGE_CURVE('',#12717,#12744,#12746,.T.);
#12744 = VERTEX_POINT('',#12745);
#12745 = CARTESIAN_POINT('',(1.02432885403,-1.2,0.206587955583));
#12746 = LINE('',#12747,#12748);
#12747 = CARTESIAN_POINT('',(0.948480775301,-1.2,0.667364817767));
#12748 = VECTOR('',#12749,1.);
#12749 = DIRECTION('',(0.162423314012,1.803261029519E-17,-0.986721169868
    ));
#12750 = ORIENTED_EDGE('',*,*,#12751,.T.);
#12751 = EDGE_CURVE('',#12744,#12752,#12754,.T.);
#12752 = VERTEX_POINT('',#12753);
#12753 = CARTESIAN_POINT('',(1.270530792283,-1.2,0.));
#12754 = CIRCLE('',#12755,0.25);
#12755 = AXIS2_PLACEMENT_3D('',#12756,#12757,#12758);
#12756 = CARTESIAN_POINT('',(1.270530792283,-1.2,0.25));
#12757 = DIRECTION('',(1.110223024625E-16,-1.,0.));
#12758 = DIRECTION('',(-0.984807753012,-1.093356242223E-16,
    -0.173648177667));
#12759 = ORIENTED_EDGE('',*,*,#12760,.T.);
#12760 = EDGE_CURVE('',#12752,#12761,#12763,.T.);
#12761 = VERTEX_POINT('',#12762);
#12762 = CARTESIAN_POINT('',(1.4,-1.2,0.));
#12763 = LINE('',#12764,#12765);
#12764 = CARTESIAN_POINT('',(1.270530792283,-1.2,0.));
#12765 = VECTOR('',#12766,1.);
#12766 = DIRECTION('',(1.,1.110223024625E-16,0.));
#12767 = ORIENTED_EDGE('',*,*,#12768,.T.);
#12768 = EDGE_CURVE('',#12761,#12769,#12771,.T.);
#12769 = VERTEX_POINT('',#12770);
#12770 = CARTESIAN_POINT('',(1.4,-1.2,0.15));
#12771 = LINE('',#12772,#12773);
#12772 = CARTESIAN_POINT('',(1.4,-1.2,0.));
#12773 = VECTOR('',#12774,1.);
#12774 = DIRECTION('',(0.,0.,1.));
#12775 = ORIENTED_EDGE('',*,*,#12776,.T.);
#12776 = EDGE_CURVE('',#12769,#12777,#12779,.T.);
#12777 = VERTEX_POINT('',#12778);
#12778 = CARTESIAN_POINT('',(1.270530792283,-1.2,0.15));
#12779 = LINE('',#12780,#12781);
#12780 = CARTESIAN_POINT('',(1.4,-1.2,0.15));
#12781 = VECTOR('',#12782,1.);
#12782 = DIRECTION('',(-1.,-1.110223024625E-16,0.));
#12783 = ORIENTED_EDGE('',*,*,#12784,.T.);
#12784 = EDGE_CURVE('',#12777,#12785,#12787,.T.);
#12785 = VERTEX_POINT('',#12786);
#12786 = CARTESIAN_POINT('',(1.172050016982,-1.2,0.232635182233));
#12787 = CIRCLE('',#12788,0.1);
#12788 = AXIS2_PLACEMENT_3D('',#12789,#12790,#12791);
#12789 = CARTESIAN_POINT('',(1.270530792283,-1.2,0.25));
#12790 = DIRECTION('',(-1.110223024625E-16,1.,0.));
#12791 = DIRECTION('',(2.22044604925E-15,2.465190328815E-31,-1.));
#12792 = ORIENTED_EDGE('',*,*,#12793,.T.);
#12793 = EDGE_CURVE('',#12785,#12794,#12796,.T.);
#12794 = VERTEX_POINT('',#12795);
#12795 = CARTESIAN_POINT('',(1.096201938253,-1.2,0.693412044417));
#12796 = LINE('',#12797,#12798);
#12797 = CARTESIAN_POINT('',(1.172050016982,-1.2,0.232635182233));
#12798 = VECTOR('',#12799,1.);
#12799 = DIRECTION('',(-0.162423314012,-1.803261029519E-17,
    0.986721169868));
#12800 = ORIENTED_EDGE('',*,*,#12801,.T.);
#12801 = EDGE_CURVE('',#12794,#12802,#12804,.T.);
#12802 = VERTEX_POINT('',#12803);
#12803 = CARTESIAN_POINT('',(0.85,-1.2,0.9));
#12804 = CIRCLE('',#12805,0.25);
#12805 = AXIS2_PLACEMENT_3D('',#12806,#12807,#12808);
#12806 = CARTESIAN_POINT('',(0.85,-1.2,0.65));
#12807 = DIRECTION('',(1.110223024625E-16,-1.,0.));
#12808 = DIRECTION('',(0.984807753012,1.093356242223E-16,0.173648177667)
  );
#12809 = ORIENTED_EDGE('',*,*,#12810,.T.);
#12810 = EDGE_CURVE('',#12802,#11373,#12811,.T.);
#12811 = LINE('',#12812,#12813);
#12812 = CARTESIAN_POINT('',(0.85,-1.2,0.9));
#12813 = VECTOR('',#12814,1.);
#12814 = DIRECTION('',(-1.,-1.110223024625E-16,0.));
#12815 = PLANE('',#12816);
#12816 = AXIS2_PLACEMENT_3D('',#12817,#12818,#12819);
#12817 = CARTESIAN_POINT('',(1.069123385139,-1.2,0.441695635315));
#12818 = DIRECTION('',(1.110223024625E-16,-1.,0.));
#12819 = DIRECTION('',(0.,0.,1.));
#12820 = ADVANCED_FACE('',(#12821),#12832,.T.);
#12821 = FACE_BOUND('',#12822,.T.);
#12822 = EDGE_LOOP('',(#12823,#12824,#12825,#12826));
#12823 = ORIENTED_EDGE('',*,*,#12301,.T.);
#12824 = ORIENTED_EDGE('',*,*,#11473,.T.);
#12825 = ORIENTED_EDGE('',*,*,#12403,.F.);
#12826 = ORIENTED_EDGE('',*,*,#12827,.F.);
#12827 = EDGE_CURVE('',#12294,#12396,#12828,.T.);
#12828 = LINE('',#12829,#12830);
#12829 = CARTESIAN_POINT('',(-1.096201938253,0.7,0.693412044417));
#12830 = VECTOR('',#12831,1.);
#12831 = DIRECTION('',(1.144237745222E-17,1.,0.));
#12832 = CYLINDRICAL_SURFACE('',#12833,0.25);
#12833 = AXIS2_PLACEMENT_3D('',#12834,#12835,#12836);
#12834 = CARTESIAN_POINT('',(-0.85,0.7,0.65));
#12835 = DIRECTION('',(-1.144237745222E-17,-1.,0.));
#12836 = DIRECTION('',(-0.984807753012,1.126854202784E-17,0.173648177667
    ));
#12837 = ADVANCED_FACE('',(#12838),#12851,.F.);
#12838 = FACE_BOUND('',#12839,.F.);
#12839 = EDGE_LOOP('',(#12840,#12841,#12847,#12848,#12849,#12850));
#12840 = ORIENTED_EDGE('',*,*,#11869,.F.);
#12841 = ORIENTED_EDGE('',*,*,#12842,.T.);
#12842 = EDGE_CURVE('',#11861,#11970,#12843,.T.);
#12843 = LINE('',#12844,#12845);
#12844 = CARTESIAN_POINT('',(-0.85,-1.2,0.9));
#12845 = VECTOR('',#12846,1.);
#12846 = DIRECTION('',(1.144237745222E-17,1.,0.));
#12847 = ORIENTED_EDGE('',*,*,#11978,.T.);
#12848 = ORIENTED_EDGE('',*,*,#12000,.T.);
#12849 = ORIENTED_EDGE('',*,*,#11520,.F.);
#12850 = ORIENTED_EDGE('',*,*,#11753,.F.);
#12851 = PLANE('',#12852);
#12852 = AXIS2_PLACEMENT_3D('',#12853,#12854,#12855);
#12853 = CARTESIAN_POINT('',(-0.85,-1.2,0.9));
#12854 = DIRECTION('',(0.,0.,-1.));
#12855 = DIRECTION('',(1.,-1.144237745222E-17,0.));
#12856 = ADVANCED_FACE('',(#12857),#12870,.F.);
#12857 = FACE_BOUND('',#12858,.F.);
#12858 = EDGE_LOOP('',(#12859,#12860,#12866,#12867,#12868,#12869));
#12859 = ORIENTED_EDGE('',*,*,#12092,.F.);
#12860 = ORIENTED_EDGE('',*,*,#12861,.T.);
#12861 = EDGE_CURVE('',#12084,#12193,#12862,.T.);
#12862 = LINE('',#12863,#12864);
#12863 = CARTESIAN_POINT('',(-0.85,-0.25,0.9));
#12864 = VECTOR('',#12865,1.);
#12865 = DIRECTION('',(1.144237745222E-17,1.,0.));
#12866 = ORIENTED_EDGE('',*,*,#12201,.T.);
#12867 = ORIENTED_EDGE('',*,*,#12218,.T.);
#12868 = ORIENTED_EDGE('',*,*,#11536,.F.);
#12869 = ORIENTED_EDGE('',*,*,#11993,.F.);
#12870 = PLANE('',#12871);
#12871 = AXIS2_PLACEMENT_3D('',#12872,#12873,#12874);
#12872 = CARTESIAN_POINT('',(-0.85,-0.25,0.9));
#12873 = DIRECTION('',(0.,0.,-1.));
#12874 = DIRECTION('',(1.,-1.144237745222E-17,0.));
#12875 = ADVANCED_FACE('',(#12876,#12905),#12916,.T.);
#12876 = FACE_BOUND('',#12877,.T.);
#12877 = EDGE_LOOP('',(#12878,#12879,#12880,#12881,#12889,#12897,#12903,
    #12904));
#12878 = ORIENTED_EDGE('',*,*,#11611,.F.);
#12879 = ORIENTED_EDGE('',*,*,#11588,.F.);
#12880 = ORIENTED_EDGE('',*,*,#11559,.F.);
#12881 = ORIENTED_EDGE('',*,*,#12882,.F.);
#12882 = EDGE_CURVE('',#12883,#11560,#12885,.T.);
#12883 = VERTEX_POINT('',#12884);
#12884 = CARTESIAN_POINT('',(-0.646824228722,-1.333648457443,1.55));
#12885 = LINE('',#12886,#12887);
#12886 = CARTESIAN_POINT('',(-0.646824228722,-1.333648457443,1.55));
#12887 = VECTOR('',#12888,1.);
#12888 = DIRECTION('',(-0.707106781187,0.707106781187,0.));
#12889 = ORIENTED_EDGE('',*,*,#12890,.F.);
#12890 = EDGE_CURVE('',#12891,#12883,#12893,.T.);
#12891 = VERTEX_POINT('',#12892);
#12892 = CARTESIAN_POINT('',(0.646824228722,-1.333648457443,1.55));
#12893 = LINE('',#12894,#12895);
#12894 = CARTESIAN_POINT('',(0.646824228722,-1.333648457443,1.55));
#12895 = VECTOR('',#12896,1.);
#12896 = DIRECTION('',(-1.,-1.110223024625E-16,0.));
#12897 = ORIENTED_EDGE('',*,*,#12898,.F.);
#12898 = EDGE_CURVE('',#11683,#12891,#12899,.T.);
#12899 = LINE('',#12900,#12901);
#12900 = CARTESIAN_POINT('',(0.683648457443,-1.296824228722,1.55));
#12901 = VECTOR('',#12902,1.);
#12902 = DIRECTION('',(-0.707106781187,-0.707106781187,0.));
#12903 = ORIENTED_EDGE('',*,*,#11689,.F.);
#12904 = ORIENTED_EDGE('',*,*,#11634,.F.);
#12905 = FACE_BOUND('',#12906,.T.);
#12906 = EDGE_LOOP('',(#12907));
#12907 = ORIENTED_EDGE('',*,*,#12908,.T.);
#12908 = EDGE_CURVE('',#12909,#12909,#12911,.T.);
#12909 = VERTEX_POINT('',#12910);
#12910 = CARTESIAN_POINT('',(-0.483648457443,1.083648457443,1.55));
#12911 = CIRCLE('',#12912,5.E-02);
#12912 = AXIS2_PLACEMENT_3D('',#12913,#12914,#12915);
#12913 = CARTESIAN_POINT('',(-0.483648457443,1.133648457443,1.55));
#12914 = DIRECTION('',(0.,-0.,-1.));
#12915 = DIRECTION('',(1.110223024625E-16,-1.,0.));
#12916 = PLANE('',#12917);
#12917 = AXIS2_PLACEMENT_3D('',#12918,#12919,#12920);
#12918 = CARTESIAN_POINT('',(-0.646824228722,1.333648457443,1.55));
#12919 = DIRECTION('',(0.,0.,1.));
#12920 = DIRECTION('',(0.436386464522,-0.899759330922,0.));
#12921 = ADVANCED_FACE('',(#12922),#12932,.F.);
#12922 = FACE_BOUND('',#12923,.F.);
#12923 = EDGE_LOOP('',(#12924,#12925,#12926,#12927));
#12924 = ORIENTED_EDGE('',*,*,#11760,.T.);
#12925 = ORIENTED_EDGE('',*,*,#11567,.T.);
#12926 = ORIENTED_EDGE('',*,*,#12882,.F.);
#12927 = ORIENTED_EDGE('',*,*,#12928,.F.);
#12928 = EDGE_CURVE('',#11761,#12883,#12929,.T.);
#12929 = B_SPLINE_CURVE_WITH_KNOTS('',1,(#12930,#12931),.UNSPECIFIED.,
  .F.,.F.,(2,2),(0.,1.),.PIECEWISE_BEZIER_KNOTS.);
#12930 = CARTESIAN_POINT('',(-0.6925,-1.425,0.9));
#12931 = CARTESIAN_POINT('',(-0.646824228722,-1.333648457443,1.55));
#12932 = B_SPLINE_SURFACE_WITH_KNOTS('',1,1,(
    (#12933,#12934)
    ,(#12935,#12936
    )),.UNSPECIFIED.,.F.,.F.,.F.,(2,2),(2,2),(0.,0.116672618896),(0.,1.)
  ,.PIECEWISE_BEZIER_KNOTS.);
#12933 = CARTESIAN_POINT('',(-0.6925,-1.425,0.9));
#12934 = CARTESIAN_POINT('',(-0.646824228722,-1.333648457443,1.55));
#12935 = CARTESIAN_POINT('',(-0.775,-1.3425,0.9));
#12936 = CARTESIAN_POINT('',(-0.683648457443,-1.296824228722,1.55));
#12937 = ADVANCED_FACE('',(#12938),#12951,.F.);
#12938 = FACE_BOUND('',#12939,.F.);
#12939 = EDGE_LOOP('',(#12940,#12941,#12947,#12948,#12949,#12950));
#12940 = ORIENTED_EDGE('',*,*,#12701,.F.);
#12941 = ORIENTED_EDGE('',*,*,#12942,.T.);
#12942 = EDGE_CURVE('',#12693,#12802,#12943,.T.);
#12943 = LINE('',#12944,#12945);
#12944 = CARTESIAN_POINT('',(0.85,-0.7,0.9));
#12945 = VECTOR('',#12946,1.);
#12946 = DIRECTION('',(1.110223024625E-16,-1.,0.));
#12947 = ORIENTED_EDGE('',*,*,#12810,.T.);
#12948 = ORIENTED_EDGE('',*,*,#11742,.T.);
#12949 = ORIENTED_EDGE('',*,*,#11666,.F.);
#12950 = ORIENTED_EDGE('',*,*,#12608,.F.);
#12951 = PLANE('',#12952);
#12952 = AXIS2_PLACEMENT_3D('',#12953,#12954,#12955);
#12953 = CARTESIAN_POINT('',(0.85,-0.7,0.9));
#12954 = DIRECTION('',(0.,0.,-1.));
#12955 = DIRECTION('',(-1.,-1.110223024625E-16,-0.));
#12956 = ADVANCED_FACE('',(#12957),#12967,.F.);
#12957 = FACE_BOUND('',#12958,.F.);
#12958 = EDGE_LOOP('',(#12959,#12960,#12965,#12966));
#12959 = ORIENTED_EDGE('',*,*,#11776,.T.);
#12960 = ORIENTED_EDGE('',*,*,#12961,.T.);
#12961 = EDGE_CURVE('',#11769,#12891,#12962,.T.);
#12962 = B_SPLINE_CURVE_WITH_KNOTS('',1,(#12963,#12964),.UNSPECIFIED.,
  .F.,.F.,(2,2),(0.,1.),.PIECEWISE_BEZIER_KNOTS.);
#12963 = CARTESIAN_POINT('',(0.6925,-1.425,0.9));
#12964 = CARTESIAN_POINT('',(0.646824228722,-1.333648457443,1.55));
#12965 = ORIENTED_EDGE('',*,*,#12898,.F.);
#12966 = ORIENTED_EDGE('',*,*,#11682,.F.);
#12967 = B_SPLINE_SURFACE_WITH_KNOTS('',1,1,(
    (#12968,#12969)
    ,(#12970,#12971
    )),.UNSPECIFIED.,.F.,.F.,.F.,(2,2),(2,2),(0.,0.116672618896),(0.,1.)
  ,.PIECEWISE_BEZIER_KNOTS.);
#12968 = CARTESIAN_POINT('',(0.775,-1.3425,0.9));
#12969 = CARTESIAN_POINT('',(0.683648457443,-1.296824228722,1.55));
#12970 = CARTESIAN_POINT('',(0.6925,-1.425,0.9));
#12971 = CARTESIAN_POINT('',(0.646824228722,-1.333648457443,1.55));
#12972 = ADVANCED_FACE('',(#12973),#12984,.T.);
#12973 = FACE_BOUND('',#12974,.T.);
#12974 = EDGE_LOOP('',(#12975,#12976,#12977,#12978));
#12975 = ORIENTED_EDGE('',*,*,#12488,.T.);
#12976 = ORIENTED_EDGE('',*,*,#11712,.T.);
#12977 = ORIENTED_EDGE('',*,*,#12590,.F.);
#12978 = ORIENTED_EDGE('',*,*,#12979,.F.);
#12979 = EDGE_CURVE('',#12481,#12583,#12980,.T.);
#12980 = LINE('',#12981,#12982);
#12981 = CARTESIAN_POINT('',(1.096201938253,1.2,0.693412044417));
#12982 = VECTOR('',#12983,1.);
#12983 = DIRECTION('',(1.110223024625E-16,-1.,0.));
#12984 = CYLINDRICAL_SURFACE('',#12985,0.25);
#12985 = AXIS2_PLACEMENT_3D('',#12986,#12987,#12988);
#12986 = CARTESIAN_POINT('',(0.85,1.2,0.65));
#12987 = DIRECTION('',(-1.110223024625E-16,1.,0.));
#12988 = DIRECTION('',(0.984807753012,1.093356242223E-16,0.173648177667)
  );
#12989 = ADVANCED_FACE('',(#12990),#12996,.F.);
#12990 = FACE_BOUND('',#12991,.F.);
#12991 = EDGE_LOOP('',(#12992,#12993,#12994,#12995));
#12992 = ORIENTED_EDGE('',*,*,#11768,.T.);
#12993 = ORIENTED_EDGE('',*,*,#12928,.T.);
#12994 = ORIENTED_EDGE('',*,*,#12890,.F.);
#12995 = ORIENTED_EDGE('',*,*,#12961,.F.);
#12996 = B_SPLINE_SURFACE_WITH_KNOTS('',1,1,(
    (#12997,#12998)
    ,(#12999,#13000
    )),.UNSPECIFIED.,.F.,.F.,.F.,(2,2),(2,2),(0.,1.385),(0.,1.),
  .PIECEWISE_BEZIER_KNOTS.);
#12997 = CARTESIAN_POINT('',(0.6925,-1.425,0.9));
#12998 = CARTESIAN_POINT('',(0.646824228722,-1.333648457443,1.55));
#12999 = CARTESIAN_POINT('',(-0.6925,-1.425,0.9));
#13000 = CARTESIAN_POINT('',(-0.646824228722,-1.333648457443,1.55));
#13001 = ADVANCED_FACE('',(#13002),#13013,.T.);
#13002 = FACE_BOUND('',#13003,.T.);
#13003 = EDGE_LOOP('',(#13004,#13005,#13006,#13007));
#13004 = ORIENTED_EDGE('',*,*,#11860,.T.);
#13005 = ORIENTED_EDGE('',*,*,#12842,.T.);
#13006 = ORIENTED_EDGE('',*,*,#11969,.F.);
#13007 = ORIENTED_EDGE('',*,*,#13008,.F.);
#13008 = EDGE_CURVE('',#11853,#11962,#13009,.T.);
#13009 = LINE('',#13010,#13011);
#13010 = CARTESIAN_POINT('',(-1.096201938253,-1.2,0.693412044417));
#13011 = VECTOR('',#13012,1.);
#13012 = DIRECTION('',(1.144237745222E-17,1.,0.));
#13013 = CYLINDRICAL_SURFACE('',#13014,0.25);
#13014 = AXIS2_PLACEMENT_3D('',#13015,#13016,#13017);
#13015 = CARTESIAN_POINT('',(-0.85,-1.2,0.65));
#13016 = DIRECTION('',(-1.144237745222E-17,-1.,0.));
#13017 = DIRECTION('',(-0.984807753012,1.126854202784E-17,0.173648177667
    ));
#13018 = ADVANCED_FACE('',(#13019),#13030,.F.);
#13019 = FACE_BOUND('',#13020,.F.);
#13020 = EDGE_LOOP('',(#13021,#13027,#13028,#13029));
#13021 = ORIENTED_EDGE('',*,*,#13022,.T.);
#13022 = EDGE_CURVE('',#11844,#11953,#13023,.T.);
#13023 = LINE('',#13024,#13025);
#13024 = CARTESIAN_POINT('',(-1.172050016982,-1.2,0.232635182233));
#13025 = VECTOR('',#13026,1.);
#13026 = DIRECTION('',(1.144237745222E-17,1.,0.));
#13027 = ORIENTED_EDGE('',*,*,#11961,.T.);
#13028 = ORIENTED_EDGE('',*,*,#13008,.F.);
#13029 = ORIENTED_EDGE('',*,*,#11852,.F.);
#13030 = PLANE('',#13031);
#13031 = AXIS2_PLACEMENT_3D('',#13032,#13033,#13034);
#13032 = CARTESIAN_POINT('',(-1.172050016982,-1.2,0.232635182233));
#13033 = DIRECTION('',(0.986721169868,-1.129043606572E-17,
    -0.162423314012));
#13034 = DIRECTION('',(0.162423314012,-1.858508865964E-18,0.986721169868
    ));
#13035 = ADVANCED_FACE('',(#13036),#13047,.F.);
#13036 = FACE_BOUND('',#13037,.F.);
#13037 = EDGE_LOOP('',(#13038,#13044,#13045,#13046));
#13038 = ORIENTED_EDGE('',*,*,#13039,.T.);
#13039 = EDGE_CURVE('',#11836,#11945,#13040,.T.);
#13040 = LINE('',#13041,#13042);
#13041 = CARTESIAN_POINT('',(-1.270530792283,-1.2,0.15));
#13042 = VECTOR('',#13043,1.);
#13043 = DIRECTION('',(1.144237745222E-17,1.,0.));
#13044 = ORIENTED_EDGE('',*,*,#11952,.T.);
#13045 = ORIENTED_EDGE('',*,*,#13022,.F.);
#13046 = ORIENTED_EDGE('',*,*,#11843,.F.);
#13047 = CYLINDRICAL_SURFACE('',#13048,0.1);
#13048 = AXIS2_PLACEMENT_3D('',#13049,#13050,#13051);
#13049 = CARTESIAN_POINT('',(-1.270530792283,-1.2,0.25));
#13050 = DIRECTION('',(-1.144237745222E-17,-1.,0.));
#13051 = DIRECTION('',(-2.22044604925E-15,2.540718180781E-32,-1.));
#13052 = ADVANCED_FACE('',(#13053),#13064,.F.);
#13053 = FACE_BOUND('',#13054,.F.);
#13054 = EDGE_LOOP('',(#13055,#13061,#13062,#13063));
#13055 = ORIENTED_EDGE('',*,*,#13056,.T.);
#13056 = EDGE_CURVE('',#11828,#11937,#13057,.T.);
#13057 = LINE('',#13058,#13059);
#13058 = CARTESIAN_POINT('',(-1.4,-1.2,0.15));
#13059 = VECTOR('',#13060,1.);
#13060 = DIRECTION('',(1.144237745222E-17,1.,0.));
#13061 = ORIENTED_EDGE('',*,*,#11944,.T.);
#13062 = ORIENTED_EDGE('',*,*,#13039,.F.);
#13063 = ORIENTED_EDGE('',*,*,#11835,.F.);
#13064 = PLANE('',#13065);
#13065 = AXIS2_PLACEMENT_3D('',#13066,#13067,#13068);
#13066 = CARTESIAN_POINT('',(-1.4,-1.2,0.15));
#13067 = DIRECTION('',(0.,0.,-1.));
#13068 = DIRECTION('',(1.,-1.144237745222E-17,0.));
#13069 = ADVANCED_FACE('',(#13070),#13081,.F.);
#13070 = FACE_BOUND('',#13071,.F.);
#13071 = EDGE_LOOP('',(#13072,#13078,#13079,#13080));
#13072 = ORIENTED_EDGE('',*,*,#13073,.T.);
#13073 = EDGE_CURVE('',#11820,#11929,#13074,.T.);
#13074 = LINE('',#13075,#13076);
#13075 = CARTESIAN_POINT('',(-1.4,-1.2,0.));
#13076 = VECTOR('',#13077,1.);
#13077 = DIRECTION('',(1.144237745222E-17,1.,0.));
#13078 = ORIENTED_EDGE('',*,*,#11936,.T.);
#13079 = ORIENTED_EDGE('',*,*,#13056,.F.);
#13080 = ORIENTED_EDGE('',*,*,#11827,.F.);
#13081 = PLANE('',#13082);
#13082 = AXIS2_PLACEMENT_3D('',#13083,#13084,#13085);
#13083 = CARTESIAN_POINT('',(-1.4,-1.2,0.));
#13084 = DIRECTION('',(1.,-1.144237745222E-17,0.));
#13085 = DIRECTION('',(0.,0.,1.));
#13086 = ADVANCED_FACE('',(#13087),#13098,.F.);
#13087 = FACE_BOUND('',#13088,.F.);
#13088 = EDGE_LOOP('',(#13089,#13095,#13096,#13097));
#13089 = ORIENTED_EDGE('',*,*,#13090,.T.);
#13090 = EDGE_CURVE('',#11811,#11920,#13091,.T.);
#13091 = LINE('',#13092,#13093);
#13092 = CARTESIAN_POINT('',(-1.270530792283,-1.2,0.));
#13093 = VECTOR('',#13094,1.);
#13094 = DIRECTION('',(1.144237745222E-17,1.,0.));
#13095 = ORIENTED_EDGE('',*,*,#11928,.T.);
#13096 = ORIENTED_EDGE('',*,*,#13073,.F.);
#13097 = ORIENTED_EDGE('',*,*,#11819,.F.);
#13098 = PLANE('',#13099);
#13099 = AXIS2_PLACEMENT_3D('',#13100,#13101,#13102);
#13100 = CARTESIAN_POINT('',(-1.270530792283,-1.2,0.));
#13101 = DIRECTION('',(0.,0.,1.));
#13102 = DIRECTION('',(-1.,1.144237745222E-17,0.));
#13103 = ADVANCED_FACE('',(#13104),#13115,.T.);
#13104 = FACE_BOUND('',#13105,.T.);
#13105 = EDGE_LOOP('',(#13106,#13107,#13108,#13109));
#13106 = ORIENTED_EDGE('',*,*,#11810,.T.);
#13107 = ORIENTED_EDGE('',*,*,#13090,.T.);
#13108 = ORIENTED_EDGE('',*,*,#11919,.F.);
#13109 = ORIENTED_EDGE('',*,*,#13110,.F.);
#13110 = EDGE_CURVE('',#11803,#11912,#13111,.T.);
#13111 = LINE('',#13112,#13113);
#13112 = CARTESIAN_POINT('',(-1.02432885403,-1.2,0.206587955583));
#13113 = VECTOR('',#13114,1.);
#13114 = DIRECTION('',(1.144237745222E-17,1.,0.));
#13115 = CYLINDRICAL_SURFACE('',#13116,0.25);
#13116 = AXIS2_PLACEMENT_3D('',#13117,#13118,#13119);
#13117 = CARTESIAN_POINT('',(-1.270530792283,-1.2,0.25));
#13118 = DIRECTION('',(-1.144237745222E-17,-1.,0.));
#13119 = DIRECTION('',(0.984807753012,-1.126854202784E-17,
    -0.173648177667));
#13120 = ADVANCED_FACE('',(#13121),#13127,.F.);
#13121 = FACE_BOUND('',#13122,.F.);
#13122 = EDGE_LOOP('',(#13123,#13124,#13125,#13126));
#13123 = ORIENTED_EDGE('',*,*,#11893,.T.);
#13124 = ORIENTED_EDGE('',*,*,#11911,.T.);
#13125 = ORIENTED_EDGE('',*,*,#13110,.F.);
#13126 = ORIENTED_EDGE('',*,*,#11802,.F.);
#13127 = PLANE('',#13128);
#13128 = AXIS2_PLACEMENT_3D('',#13129,#13130,#13131);
#13129 = CARTESIAN_POINT('',(-0.948480775301,-1.2,0.667364817767));
#13130 = DIRECTION('',(-0.986721169868,1.129043606572E-17,0.162423314012
    ));
#13131 = DIRECTION('',(-0.162423314012,1.858508865964E-18,
    -0.986721169868));
#13132 = ADVANCED_FACE('',(#13133),#13144,.T.);
#13133 = FACE_BOUND('',#13134,.T.);
#13134 = EDGE_LOOP('',(#13135,#13136,#13137,#13138));
#13135 = ORIENTED_EDGE('',*,*,#12083,.T.);
#13136 = ORIENTED_EDGE('',*,*,#12861,.T.);
#13137 = ORIENTED_EDGE('',*,*,#12192,.F.);
#13138 = ORIENTED_EDGE('',*,*,#13139,.F.);
#13139 = EDGE_CURVE('',#12076,#12185,#13140,.T.);
#13140 = LINE('',#13141,#13142);
#13141 = CARTESIAN_POINT('',(-1.096201938253,-0.25,0.693412044417));
#13142 = VECTOR('',#13143,1.);
#13143 = DIRECTION('',(1.144237745222E-17,1.,0.));
#13144 = CYLINDRICAL_SURFACE('',#13145,0.25);
#13145 = AXIS2_PLACEMENT_3D('',#13146,#13147,#13148);
#13146 = CARTESIAN_POINT('',(-0.85,-0.25,0.65));
#13147 = DIRECTION('',(-1.144237745222E-17,-1.,0.));
#13148 = DIRECTION('',(-0.984807753012,1.126854202784E-17,0.173648177667
    ));
#13149 = ADVANCED_FACE('',(#13150),#13161,.F.);
#13150 = FACE_BOUND('',#13151,.F.);
#13151 = EDGE_LOOP('',(#13152,#13158,#13159,#13160));
#13152 = ORIENTED_EDGE('',*,*,#13153,.T.);
#13153 = EDGE_CURVE('',#12067,#12176,#13154,.T.);
#13154 = LINE('',#13155,#13156);
#13155 = CARTESIAN_POINT('',(-1.172050016982,-0.25,0.232635182233));
#13156 = VECTOR('',#13157,1.);
#13157 = DIRECTION('',(1.144237745222E-17,1.,0.));
#13158 = ORIENTED_EDGE('',*,*,#12184,.T.);
#13159 = ORIENTED_EDGE('',*,*,#13139,.F.);
#13160 = ORIENTED_EDGE('',*,*,#12075,.F.);
#13161 = PLANE('',#13162);
#13162 = AXIS2_PLACEMENT_3D('',#13163,#13164,#13165);
#13163 = CARTESIAN_POINT('',(-1.172050016982,-0.25,0.232635182233));
#13164 = DIRECTION('',(0.986721169868,-1.129043606572E-17,
    -0.162423314012));
#13165 = DIRECTION('',(0.162423314012,-1.858508865964E-18,0.986721169868
    ));
#13166 = ADVANCED_FACE('',(#13167),#13178,.F.);
#13167 = FACE_BOUND('',#13168,.F.);
#13168 = EDGE_LOOP('',(#13169,#13175,#13176,#13177));
#13169 = ORIENTED_EDGE('',*,*,#13170,.T.);
#13170 = EDGE_CURVE('',#12059,#12168,#13171,.T.);
#13171 = LINE('',#13172,#13173);
#13172 = CARTESIAN_POINT('',(-1.270530792283,-0.25,0.15));
#13173 = VECTOR('',#13174,1.);
#13174 = DIRECTION('',(1.144237745222E-17,1.,0.));
#13175 = ORIENTED_EDGE('',*,*,#12175,.T.);
#13176 = ORIENTED_EDGE('',*,*,#13153,.F.);
#13177 = ORIENTED_EDGE('',*,*,#12066,.F.);
#13178 = CYLINDRICAL_SURFACE('',#13179,0.1);
#13179 = AXIS2_PLACEMENT_3D('',#13180,#13181,#13182);
#13180 = CARTESIAN_POINT('',(-1.270530792283,-0.25,0.25));
#13181 = DIRECTION('',(-1.144237745222E-17,-1.,0.));
#13182 = DIRECTION('',(-2.22044604925E-15,2.540718180781E-32,-1.));
#13183 = ADVANCED_FACE('',(#13184),#13195,.F.);
#13184 = FACE_BOUND('',#13185,.F.);
#13185 = EDGE_LOOP('',(#13186,#13192,#13193,#13194));
#13186 = ORIENTED_EDGE('',*,*,#13187,.T.);
#13187 = EDGE_CURVE('',#12051,#12160,#13188,.T.);
#13188 = LINE('',#13189,#13190);
#13189 = CARTESIAN_POINT('',(-1.4,-0.25,0.15));
#13190 = VECTOR('',#13191,1.);
#13191 = DIRECTION('',(1.144237745222E-17,1.,0.));
#13192 = ORIENTED_EDGE('',*,*,#12167,.T.);
#13193 = ORIENTED_EDGE('',*,*,#13170,.F.);
#13194 = ORIENTED_EDGE('',*,*,#12058,.F.);
#13195 = PLANE('',#13196);
#13196 = AXIS2_PLACEMENT_3D('',#13197,#13198,#13199);
#13197 = CARTESIAN_POINT('',(-1.4,-0.25,0.15));
#13198 = DIRECTION('',(0.,0.,-1.));
#13199 = DIRECTION('',(1.,-1.144237745222E-17,0.));
#13200 = ADVANCED_FACE('',(#13201),#13212,.F.);
#13201 = FACE_BOUND('',#13202,.F.);
#13202 = EDGE_LOOP('',(#13203,#13209,#13210,#13211));
#13203 = ORIENTED_EDGE('',*,*,#13204,.T.);
#13204 = EDGE_CURVE('',#12043,#12152,#13205,.T.);
#13205 = LINE('',#13206,#13207);
#13206 = CARTESIAN_POINT('',(-1.4,-0.25,0.));
#13207 = VECTOR('',#13208,1.);
#13208 = DIRECTION('',(1.144237745222E-17,1.,0.));
#13209 = ORIENTED_EDGE('',*,*,#12159,.T.);
#13210 = ORIENTED_EDGE('',*,*,#13187,.F.);
#13211 = ORIENTED_EDGE('',*,*,#12050,.F.);
#13212 = PLANE('',#13213);
#13213 = AXIS2_PLACEMENT_3D('',#13214,#13215,#13216);
#13214 = CARTESIAN_POINT('',(-1.4,-0.25,0.));
#13215 = DIRECTION('',(1.,-1.144237745222E-17,0.));
#13216 = DIRECTION('',(0.,0.,1.));
#13217 = ADVANCED_FACE('',(#13218),#13229,.F.);
#13218 = FACE_BOUND('',#13219,.F.);
#13219 = EDGE_LOOP('',(#13220,#13226,#13227,#13228));
#13220 = ORIENTED_EDGE('',*,*,#13221,.T.);
#13221 = EDGE_CURVE('',#12034,#12143,#13222,.T.);
#13222 = LINE('',#13223,#13224);
#13223 = CARTESIAN_POINT('',(-1.270530792283,-0.25,0.));
#13224 = VECTOR('',#13225,1.);
#13225 = DIRECTION('',(1.144237745222E-17,1.,0.));
#13226 = ORIENTED_EDGE('',*,*,#12151,.T.);
#13227 = ORIENTED_EDGE('',*,*,#13204,.F.);
#13228 = ORIENTED_EDGE('',*,*,#12042,.F.);
#13229 = PLANE('',#13230);
#13230 = AXIS2_PLACEMENT_3D('',#13231,#13232,#13233);
#13231 = CARTESIAN_POINT('',(-1.270530792283,-0.25,0.));
#13232 = DIRECTION('',(0.,0.,1.));
#13233 = DIRECTION('',(-1.,1.144237745222E-17,0.));
#13234 = ADVANCED_FACE('',(#13235),#13246,.T.);
#13235 = FACE_BOUND('',#13236,.T.);
#13236 = EDGE_LOOP('',(#13237,#13238,#13239,#13240));
#13237 = ORIENTED_EDGE('',*,*,#12033,.T.);
#13238 = ORIENTED_EDGE('',*,*,#13221,.T.);
#13239 = ORIENTED_EDGE('',*,*,#12142,.F.);
#13240 = ORIENTED_EDGE('',*,*,#13241,.F.);
#13241 = EDGE_CURVE('',#12026,#12135,#13242,.T.);
#13242 = LINE('',#13243,#13244);
#13243 = CARTESIAN_POINT('',(-1.02432885403,-0.25,0.206587955583));
#13244 = VECTOR('',#13245,1.);
#13245 = DIRECTION('',(1.144237745222E-17,1.,0.));
#13246 = CYLINDRICAL_SURFACE('',#13247,0.25);
#13247 = AXIS2_PLACEMENT_3D('',#13248,#13249,#13250);
#13248 = CARTESIAN_POINT('',(-1.270530792283,-0.25,0.25));
#13249 = DIRECTION('',(-1.144237745222E-17,-1.,0.));
#13250 = DIRECTION('',(0.984807753012,-1.126854202784E-17,
    -0.173648177667));
#13251 = ADVANCED_FACE('',(#13252),#13258,.F.);
#13252 = FACE_BOUND('',#13253,.F.);
#13253 = EDGE_LOOP('',(#13254,#13255,#13256,#13257));
#13254 = ORIENTED_EDGE('',*,*,#12116,.T.);
#13255 = ORIENTED_EDGE('',*,*,#12134,.T.);
#13256 = ORIENTED_EDGE('',*,*,#13241,.F.);
#13257 = ORIENTED_EDGE('',*,*,#12025,.F.);
#13258 = PLANE('',#13259);
#13259 = AXIS2_PLACEMENT_3D('',#13260,#13261,#13262);
#13260 = CARTESIAN_POINT('',(-0.948480775301,-0.25,0.667364817767));
#13261 = DIRECTION('',(-0.986721169868,1.129043606572E-17,0.162423314012
    ));
#13262 = DIRECTION('',(-0.162423314012,1.858508865964E-18,
    -0.986721169868));
#13263 = ADVANCED_FACE('',(#13264),#13275,.F.);
#13264 = FACE_BOUND('',#13265,.F.);
#13265 = EDGE_LOOP('',(#13266,#13272,#13273,#13274));
#13266 = ORIENTED_EDGE('',*,*,#13267,.T.);
#13267 = EDGE_CURVE('',#12285,#12387,#13268,.T.);
#13268 = LINE('',#13269,#13270);
#13269 = CARTESIAN_POINT('',(-1.172050016982,0.7,0.232635182233));
#13270 = VECTOR('',#13271,1.);
#13271 = DIRECTION('',(1.144237745222E-17,1.,0.));
#13272 = ORIENTED_EDGE('',*,*,#12395,.T.);
#13273 = ORIENTED_EDGE('',*,*,#12827,.F.);
#13274 = ORIENTED_EDGE('',*,*,#12293,.F.);
#13275 = PLANE('',#13276);
#13276 = AXIS2_PLACEMENT_3D('',#13277,#13278,#13279);
#13277 = CARTESIAN_POINT('',(-1.172050016982,0.7,0.232635182233));
#13278 = DIRECTION('',(0.986721169868,-1.129043606572E-17,
    -0.162423314012));
#13279 = DIRECTION('',(0.162423314012,-1.858508865964E-18,0.986721169868
    ));
#13280 = ADVANCED_FACE('',(#13281),#13292,.F.);
#13281 = FACE_BOUND('',#13282,.F.);
#13282 = EDGE_LOOP('',(#13283,#13289,#13290,#13291));
#13283 = ORIENTED_EDGE('',*,*,#13284,.T.);
#13284 = EDGE_CURVE('',#12277,#12379,#13285,.T.);
#13285 = LINE('',#13286,#13287);
#13286 = CARTESIAN_POINT('',(-1.270530792283,0.7,0.15));
#13287 = VECTOR('',#13288,1.);
#13288 = DIRECTION('',(1.144237745222E-17,1.,0.));
#13289 = ORIENTED_EDGE('',*,*,#12386,.T.);
#13290 = ORIENTED_EDGE('',*,*,#13267,.F.);
#13291 = ORIENTED_EDGE('',*,*,#12284,.F.);
#13292 = CYLINDRICAL_SURFACE('',#13293,0.1);
#13293 = AXIS2_PLACEMENT_3D('',#13294,#13295,#13296);
#13294 = CARTESIAN_POINT('',(-1.270530792283,0.7,0.25));
#13295 = DIRECTION('',(-1.144237745222E-17,-1.,0.));
#13296 = DIRECTION('',(-2.22044604925E-15,2.540718180781E-32,-1.));
#13297 = ADVANCED_FACE('',(#13298),#13309,.F.);
#13298 = FACE_BOUND('',#13299,.F.);
#13299 = EDGE_LOOP('',(#13300,#13306,#13307,#13308));
#13300 = ORIENTED_EDGE('',*,*,#13301,.T.);
#13301 = EDGE_CURVE('',#12269,#12371,#13302,.T.);
#13302 = LINE('',#13303,#13304);
#13303 = CARTESIAN_POINT('',(-1.4,0.7,0.15));
#13304 = VECTOR('',#13305,1.);
#13305 = DIRECTION('',(1.144237745222E-17,1.,0.));
#13306 = ORIENTED_EDGE('',*,*,#12378,.T.);
#13307 = ORIENTED_EDGE('',*,*,#13284,.F.);
#13308 = ORIENTED_EDGE('',*,*,#12276,.F.);
#13309 = PLANE('',#13310);
#13310 = AXIS2_PLACEMENT_3D('',#13311,#13312,#13313);
#13311 = CARTESIAN_POINT('',(-1.4,0.7,0.15));
#13312 = DIRECTION('',(0.,0.,-1.));
#13313 = DIRECTION('',(1.,-1.144237745222E-17,0.));
#13314 = ADVANCED_FACE('',(#13315),#13326,.F.);
#13315 = FACE_BOUND('',#13316,.F.);
#13316 = EDGE_LOOP('',(#13317,#13323,#13324,#13325));
#13317 = ORIENTED_EDGE('',*,*,#13318,.T.);
#13318 = EDGE_CURVE('',#12261,#12363,#13319,.T.);
#13319 = LINE('',#13320,#13321);
#13320 = CARTESIAN_POINT('',(-1.4,0.7,0.));
#13321 = VECTOR('',#13322,1.);
#13322 = DIRECTION('',(1.144237745222E-17,1.,0.));
#13323 = ORIENTED_EDGE('',*,*,#12370,.T.);
#13324 = ORIENTED_EDGE('',*,*,#13301,.F.);
#13325 = ORIENTED_EDGE('',*,*,#12268,.F.);
#13326 = PLANE('',#13327);
#13327 = AXIS2_PLACEMENT_3D('',#13328,#13329,#13330);
#13328 = CARTESIAN_POINT('',(-1.4,0.7,0.));
#13329 = DIRECTION('',(1.,-1.144237745222E-17,0.));
#13330 = DIRECTION('',(0.,0.,1.));
#13331 = ADVANCED_FACE('',(#13332),#13343,.F.);
#13332 = FACE_BOUND('',#13333,.F.);
#13333 = EDGE_LOOP('',(#13334,#13340,#13341,#13342));
#13334 = ORIENTED_EDGE('',*,*,#13335,.T.);
#13335 = EDGE_CURVE('',#12252,#12354,#13336,.T.);
#13336 = LINE('',#13337,#13338);
#13337 = CARTESIAN_POINT('',(-1.270530792283,0.7,0.));
#13338 = VECTOR('',#13339,1.);
#13339 = DIRECTION('',(1.144237745222E-17,1.,0.));
#13340 = ORIENTED_EDGE('',*,*,#12362,.T.);
#13341 = ORIENTED_EDGE('',*,*,#13318,.F.);
#13342 = ORIENTED_EDGE('',*,*,#12260,.F.);
#13343 = PLANE('',#13344);
#13344 = AXIS2_PLACEMENT_3D('',#13345,#13346,#13347);
#13345 = CARTESIAN_POINT('',(-1.270530792283,0.7,0.));
#13346 = DIRECTION('',(0.,0.,1.));
#13347 = DIRECTION('',(-1.,1.144237745222E-17,0.));
#13348 = ADVANCED_FACE('',(#13349),#13360,.T.);
#13349 = FACE_BOUND('',#13350,.T.);
#13350 = EDGE_LOOP('',(#13351,#13352,#13353,#13354));
#13351 = ORIENTED_EDGE('',*,*,#12251,.T.);
#13352 = ORIENTED_EDGE('',*,*,#13335,.T.);
#13353 = ORIENTED_EDGE('',*,*,#12353,.F.);
#13354 = ORIENTED_EDGE('',*,*,#13355,.F.);
#13355 = EDGE_CURVE('',#12244,#12346,#13356,.T.);
#13356 = LINE('',#13357,#13358);
#13357 = CARTESIAN_POINT('',(-1.02432885403,0.7,0.206587955583));
#13358 = VECTOR('',#13359,1.);
#13359 = DIRECTION('',(1.144237745222E-17,1.,0.));
#13360 = CYLINDRICAL_SURFACE('',#13361,0.25);
#13361 = AXIS2_PLACEMENT_3D('',#13362,#13363,#13364);
#13362 = CARTESIAN_POINT('',(-1.270530792283,0.7,0.25));
#13363 = DIRECTION('',(-1.144237745222E-17,-1.,0.));
#13364 = DIRECTION('',(0.984807753012,-1.126854202784E-17,
    -0.173648177667));
#13365 = ADVANCED_FACE('',(#13366),#13372,.F.);
#13366 = FACE_BOUND('',#13367,.F.);
#13367 = EDGE_LOOP('',(#13368,#13369,#13370,#13371));
#13368 = ORIENTED_EDGE('',*,*,#12327,.T.);
#13369 = ORIENTED_EDGE('',*,*,#12345,.T.);
#13370 = ORIENTED_EDGE('',*,*,#13355,.F.);
#13371 = ORIENTED_EDGE('',*,*,#12243,.F.);
#13372 = PLANE('',#13373);
#13373 = AXIS2_PLACEMENT_3D('',#13374,#13375,#13376);
#13374 = CARTESIAN_POINT('',(-0.948480775301,0.7,0.667364817767));
#13375 = DIRECTION('',(-0.986721169868,1.129043606572E-17,0.162423314012
    ));
#13376 = DIRECTION('',(-0.162423314012,1.858508865964E-18,
    -0.986721169868));
#13377 = ADVANCED_FACE('',(#13378),#13389,.F.);
#13378 = FACE_BOUND('',#13379,.F.);
#13379 = EDGE_LOOP('',(#13380,#13386,#13387,#13388));
#13380 = ORIENTED_EDGE('',*,*,#13381,.T.);
#13381 = EDGE_CURVE('',#12472,#12574,#13382,.T.);
#13382 = LINE('',#13383,#13384);
#13383 = CARTESIAN_POINT('',(1.172050016982,1.2,0.232635182233));
#13384 = VECTOR('',#13385,1.);
#13385 = DIRECTION('',(1.110223024625E-16,-1.,0.));
#13386 = ORIENTED_EDGE('',*,*,#12582,.T.);
#13387 = ORIENTED_EDGE('',*,*,#12979,.F.);
#13388 = ORIENTED_EDGE('',*,*,#12480,.F.);
#13389 = PLANE('',#13390);
#13390 = AXIS2_PLACEMENT_3D('',#13391,#13392,#13393);
#13391 = CARTESIAN_POINT('',(1.172050016982,1.2,0.232635182233));
#13392 = DIRECTION('',(-0.986721169868,-1.095480561672E-16,
    -0.162423314012));
#13393 = DIRECTION('',(-0.162423314012,-1.803261029519E-17,
    0.986721169868));
#13394 = ADVANCED_FACE('',(#13395),#13406,.F.);
#13395 = FACE_BOUND('',#13396,.F.);
#13396 = EDGE_LOOP('',(#13397,#13403,#13404,#13405));
#13397 = ORIENTED_EDGE('',*,*,#13398,.T.);
#13398 = EDGE_CURVE('',#12464,#12566,#13399,.T.);
#13399 = LINE('',#13400,#13401);
#13400 = CARTESIAN_POINT('',(1.270530792283,1.2,0.15));
#13401 = VECTOR('',#13402,1.);
#13402 = DIRECTION('',(1.110223024625E-16,-1.,0.));
#13403 = ORIENTED_EDGE('',*,*,#12573,.T.);
#13404 = ORIENTED_EDGE('',*,*,#13381,.F.);
#13405 = ORIENTED_EDGE('',*,*,#12471,.F.);
#13406 = CYLINDRICAL_SURFACE('',#13407,0.1);
#13407 = AXIS2_PLACEMENT_3D('',#13408,#13409,#13410);
#13408 = CARTESIAN_POINT('',(1.270530792283,1.2,0.25));
#13409 = DIRECTION('',(-1.110223024625E-16,1.,0.));
#13410 = DIRECTION('',(2.22044604925E-15,2.465190328815E-31,-1.));
#13411 = ADVANCED_FACE('',(#13412),#13423,.F.);
#13412 = FACE_BOUND('',#13413,.F.);
#13413 = EDGE_LOOP('',(#13414,#13420,#13421,#13422));
#13414 = ORIENTED_EDGE('',*,*,#13415,.T.);
#13415 = EDGE_CURVE('',#12456,#12558,#13416,.T.);
#13416 = LINE('',#13417,#13418);
#13417 = CARTESIAN_POINT('',(1.4,1.2,0.15));
#13418 = VECTOR('',#13419,1.);
#13419 = DIRECTION('',(1.110223024625E-16,-1.,0.));
#13420 = ORIENTED_EDGE('',*,*,#12565,.T.);
#13421 = ORIENTED_EDGE('',*,*,#13398,.F.);
#13422 = ORIENTED_EDGE('',*,*,#12463,.F.);
#13423 = PLANE('',#13424);
#13424 = AXIS2_PLACEMENT_3D('',#13425,#13426,#13427);
#13425 = CARTESIAN_POINT('',(1.4,1.2,0.15));
#13426 = DIRECTION('',(0.,0.,-1.));
#13427 = DIRECTION('',(-1.,-1.110223024625E-16,-0.));
#13428 = ADVANCED_FACE('',(#13429),#13440,.F.);
#13429 = FACE_BOUND('',#13430,.F.);
#13430 = EDGE_LOOP('',(#13431,#13437,#13438,#13439));
#13431 = ORIENTED_EDGE('',*,*,#13432,.T.);
#13432 = EDGE_CURVE('',#12448,#12550,#13433,.T.);
#13433 = LINE('',#13434,#13435);
#13434 = CARTESIAN_POINT('',(1.4,1.2,0.));
#13435 = VECTOR('',#13436,1.);
#13436 = DIRECTION('',(1.110223024625E-16,-1.,0.));
#13437 = ORIENTED_EDGE('',*,*,#12557,.T.);
#13438 = ORIENTED_EDGE('',*,*,#13415,.F.);
#13439 = ORIENTED_EDGE('',*,*,#12455,.F.);
#13440 = PLANE('',#13441);
#13441 = AXIS2_PLACEMENT_3D('',#13442,#13443,#13444);
#13442 = CARTESIAN_POINT('',(1.4,1.2,0.));
#13443 = DIRECTION('',(-1.,-1.110223024625E-16,0.));
#13444 = DIRECTION('',(0.,0.,1.));
#13445 = ADVANCED_FACE('',(#13446),#13457,.F.);
#13446 = FACE_BOUND('',#13447,.F.);
#13447 = EDGE_LOOP('',(#13448,#13454,#13455,#13456));
#13448 = ORIENTED_EDGE('',*,*,#13449,.T.);
#13449 = EDGE_CURVE('',#12439,#12541,#13450,.T.);
#13450 = LINE('',#13451,#13452);
#13451 = CARTESIAN_POINT('',(1.270530792283,1.2,0.));
#13452 = VECTOR('',#13453,1.);
#13453 = DIRECTION('',(1.110223024625E-16,-1.,0.));
#13454 = ORIENTED_EDGE('',*,*,#12549,.T.);
#13455 = ORIENTED_EDGE('',*,*,#13432,.F.);
#13456 = ORIENTED_EDGE('',*,*,#12447,.F.);
#13457 = PLANE('',#13458);
#13458 = AXIS2_PLACEMENT_3D('',#13459,#13460,#13461);
#13459 = CARTESIAN_POINT('',(1.270530792283,1.2,0.));
#13460 = DIRECTION('',(0.,0.,1.));
#13461 = DIRECTION('',(1.,1.110223024625E-16,-0.));
#13462 = ADVANCED_FACE('',(#13463),#13474,.T.);
#13463 = FACE_BOUND('',#13464,.T.);
#13464 = EDGE_LOOP('',(#13465,#13466,#13467,#13468));
#13465 = ORIENTED_EDGE('',*,*,#12438,.T.);
#13466 = ORIENTED_EDGE('',*,*,#13449,.T.);
#13467 = ORIENTED_EDGE('',*,*,#12540,.F.);
#13468 = ORIENTED_EDGE('',*,*,#13469,.F.);
#13469 = EDGE_CURVE('',#12431,#12533,#13470,.T.);
#13470 = LINE('',#13471,#13472);
#13471 = CARTESIAN_POINT('',(1.02432885403,1.2,0.206587955583));
#13472 = VECTOR('',#13473,1.);
#13473 = DIRECTION('',(1.110223024625E-16,-1.,0.));
#13474 = CYLINDRICAL_SURFACE('',#13475,0.25);
#13475 = AXIS2_PLACEMENT_3D('',#13476,#13477,#13478);
#13476 = CARTESIAN_POINT('',(1.270530792283,1.2,0.25));
#13477 = DIRECTION('',(-1.110223024625E-16,1.,0.));
#13478 = DIRECTION('',(-0.984807753012,-1.093356242223E-16,
    -0.173648177667));
#13479 = ADVANCED_FACE('',(#13480),#13486,.F.);
#13480 = FACE_BOUND('',#13481,.F.);
#13481 = EDGE_LOOP('',(#13482,#13483,#13484,#13485));
#13482 = ORIENTED_EDGE('',*,*,#12514,.T.);
#13483 = ORIENTED_EDGE('',*,*,#12532,.T.);
#13484 = ORIENTED_EDGE('',*,*,#13469,.F.);
#13485 = ORIENTED_EDGE('',*,*,#12430,.F.);
#13486 = PLANE('',#13487);
#13487 = AXIS2_PLACEMENT_3D('',#13488,#13489,#13490);
#13488 = CARTESIAN_POINT('',(0.948480775301,1.2,0.667364817767));
#13489 = DIRECTION('',(0.986721169868,1.095480561672E-16,0.162423314012)
  );
#13490 = DIRECTION('',(0.162423314012,1.803261029519E-17,-0.986721169868
    ));
#13491 = ADVANCED_FACE('',(#13492),#13503,.T.);
#13492 = FACE_BOUND('',#13493,.T.);
#13493 = EDGE_LOOP('',(#13494,#13495,#13496,#13497));
#13494 = ORIENTED_EDGE('',*,*,#12692,.T.);
#13495 = ORIENTED_EDGE('',*,*,#12942,.T.);
#13496 = ORIENTED_EDGE('',*,*,#12801,.F.);
#13497 = ORIENTED_EDGE('',*,*,#13498,.F.);
#13498 = EDGE_CURVE('',#12685,#12794,#13499,.T.);
#13499 = LINE('',#13500,#13501);
#13500 = CARTESIAN_POINT('',(1.096201938253,-0.7,0.693412044417));
#13501 = VECTOR('',#13502,1.);
#13502 = DIRECTION('',(1.110223024625E-16,-1.,0.));
#13503 = CYLINDRICAL_SURFACE('',#13504,0.25);
#13504 = AXIS2_PLACEMENT_3D('',#13505,#13506,#13507);
#13505 = CARTESIAN_POINT('',(0.85,-0.7,0.65));
#13506 = DIRECTION('',(-1.110223024625E-16,1.,0.));
#13507 = DIRECTION('',(0.984807753012,1.093356242223E-16,0.173648177667)
  );
#13508 = ADVANCED_FACE('',(#13509),#13520,.F.);
#13509 = FACE_BOUND('',#13510,.F.);
#13510 = EDGE_LOOP('',(#13511,#13517,#13518,#13519));
#13511 = ORIENTED_EDGE('',*,*,#13512,.T.);
#13512 = EDGE_CURVE('',#12676,#12785,#13513,.T.);
#13513 = LINE('',#13514,#13515);
#13514 = CARTESIAN_POINT('',(1.172050016982,-0.7,0.232635182233));
#13515 = VECTOR('',#13516,1.);
#13516 = DIRECTION('',(1.110223024625E-16,-1.,0.));
#13517 = ORIENTED_EDGE('',*,*,#12793,.T.);
#13518 = ORIENTED_EDGE('',*,*,#13498,.F.);
#13519 = ORIENTED_EDGE('',*,*,#12684,.F.);
#13520 = PLANE('',#13521);
#13521 = AXIS2_PLACEMENT_3D('',#13522,#13523,#13524);
#13522 = CARTESIAN_POINT('',(1.172050016982,-0.7,0.232635182233));
#13523 = DIRECTION('',(-0.986721169868,-1.095480561672E-16,
    -0.162423314012));
#13524 = DIRECTION('',(-0.162423314012,-1.803261029519E-17,
    0.986721169868));
#13525 = ADVANCED_FACE('',(#13526),#13537,.F.);
#13526 = FACE_BOUND('',#13527,.F.);
#13527 = EDGE_LOOP('',(#13528,#13534,#13535,#13536));
#13528 = ORIENTED_EDGE('',*,*,#13529,.T.);
#13529 = EDGE_CURVE('',#12668,#12777,#13530,.T.);
#13530 = LINE('',#13531,#13532);
#13531 = CARTESIAN_POINT('',(1.270530792283,-0.7,0.15));
#13532 = VECTOR('',#13533,1.);
#13533 = DIRECTION('',(1.110223024625E-16,-1.,0.));
#13534 = ORIENTED_EDGE('',*,*,#12784,.T.);
#13535 = ORIENTED_EDGE('',*,*,#13512,.F.);
#13536 = ORIENTED_EDGE('',*,*,#12675,.F.);
#13537 = CYLINDRICAL_SURFACE('',#13538,0.1);
#13538 = AXIS2_PLACEMENT_3D('',#13539,#13540,#13541);
#13539 = CARTESIAN_POINT('',(1.270530792283,-0.7,0.25));
#13540 = DIRECTION('',(-1.110223024625E-16,1.,0.));
#13541 = DIRECTION('',(2.22044604925E-15,2.465190328815E-31,-1.));
#13542 = ADVANCED_FACE('',(#13543),#13554,.F.);
#13543 = FACE_BOUND('',#13544,.F.);
#13544 = EDGE_LOOP('',(#13545,#13551,#13552,#13553));
#13545 = ORIENTED_EDGE('',*,*,#13546,.T.);
#13546 = EDGE_CURVE('',#12660,#12769,#13547,.T.);
#13547 = LINE('',#13548,#13549);
#13548 = CARTESIAN_POINT('',(1.4,-0.7,0.15));
#13549 = VECTOR('',#13550,1.);
#13550 = DIRECTION('',(1.110223024625E-16,-1.,0.));
#13551 = ORIENTED_EDGE('',*,*,#12776,.T.);
#13552 = ORIENTED_EDGE('',*,*,#13529,.F.);
#13553 = ORIENTED_EDGE('',*,*,#12667,.F.);
#13554 = PLANE('',#13555);
#13555 = AXIS2_PLACEMENT_3D('',#13556,#13557,#13558);
#13556 = CARTESIAN_POINT('',(1.4,-0.7,0.15));
#13557 = DIRECTION('',(0.,0.,-1.));
#13558 = DIRECTION('',(-1.,-1.110223024625E-16,-0.));
#13559 = ADVANCED_FACE('',(#13560),#13571,.F.);
#13560 = FACE_BOUND('',#13561,.F.);
#13561 = EDGE_LOOP('',(#13562,#13568,#13569,#13570));
#13562 = ORIENTED_EDGE('',*,*,#13563,.T.);
#13563 = EDGE_CURVE('',#12652,#12761,#13564,.T.);
#13564 = LINE('',#13565,#13566);
#13565 = CARTESIAN_POINT('',(1.4,-0.7,0.));
#13566 = VECTOR('',#13567,1.);
#13567 = DIRECTION('',(1.110223024625E-16,-1.,0.));
#13568 = ORIENTED_EDGE('',*,*,#12768,.T.);
#13569 = ORIENTED_EDGE('',*,*,#13546,.F.);
#13570 = ORIENTED_EDGE('',*,*,#12659,.F.);
#13571 = PLANE('',#13572);
#13572 = AXIS2_PLACEMENT_3D('',#13573,#13574,#13575);
#13573 = CARTESIAN_POINT('',(1.4,-0.7,0.));
#13574 = DIRECTION('',(-1.,-1.110223024625E-16,0.));
#13575 = DIRECTION('',(0.,0.,1.));
#13576 = ADVANCED_FACE('',(#13577),#13588,.F.);
#13577 = FACE_BOUND('',#13578,.F.);
#13578 = EDGE_LOOP('',(#13579,#13585,#13586,#13587));
#13579 = ORIENTED_EDGE('',*,*,#13580,.T.);
#13580 = EDGE_CURVE('',#12643,#12752,#13581,.T.);
#13581 = LINE('',#13582,#13583);
#13582 = CARTESIAN_POINT('',(1.270530792283,-0.7,0.));
#13583 = VECTOR('',#13584,1.);
#13584 = DIRECTION('',(1.110223024625E-16,-1.,0.));
#13585 = ORIENTED_EDGE('',*,*,#12760,.T.);
#13586 = ORIENTED_EDGE('',*,*,#13563,.F.);
#13587 = ORIENTED_EDGE('',*,*,#12651,.F.);
#13588 = PLANE('',#13589);
#13589 = AXIS2_PLACEMENT_3D('',#13590,#13591,#13592);
#13590 = CARTESIAN_POINT('',(1.270530792283,-0.7,0.));
#13591 = DIRECTION('',(0.,0.,1.));
#13592 = DIRECTION('',(1.,1.110223024625E-16,-0.));
#13593 = ADVANCED_FACE('',(#13594),#13605,.T.);
#13594 = FACE_BOUND('',#13595,.T.);
#13595 = EDGE_LOOP('',(#13596,#13597,#13598,#13599));
#13596 = ORIENTED_EDGE('',*,*,#12642,.T.);
#13597 = ORIENTED_EDGE('',*,*,#13580,.T.);
#13598 = ORIENTED_EDGE('',*,*,#12751,.F.);
#13599 = ORIENTED_EDGE('',*,*,#13600,.F.);
#13600 = EDGE_CURVE('',#12635,#12744,#13601,.T.);
#13601 = LINE('',#13602,#13603);
#13602 = CARTESIAN_POINT('',(1.02432885403,-0.7,0.206587955583));
#13603 = VECTOR('',#13604,1.);
#13604 = DIRECTION('',(1.110223024625E-16,-1.,0.));
#13605 = CYLINDRICAL_SURFACE('',#13606,0.25);
#13606 = AXIS2_PLACEMENT_3D('',#13607,#13608,#13609);
#13607 = CARTESIAN_POINT('',(1.270530792283,-0.7,0.25));
#13608 = DIRECTION('',(-1.110223024625E-16,1.,0.));
#13609 = DIRECTION('',(-0.984807753012,-1.093356242223E-16,
    -0.173648177667));
#13610 = ADVANCED_FACE('',(#13611),#13617,.F.);
#13611 = FACE_BOUND('',#13612,.F.);
#13612 = EDGE_LOOP('',(#13613,#13614,#13615,#13616));
#13613 = ORIENTED_EDGE('',*,*,#12725,.T.);
#13614 = ORIENTED_EDGE('',*,*,#12743,.T.);
#13615 = ORIENTED_EDGE('',*,*,#13600,.F.);
#13616 = ORIENTED_EDGE('',*,*,#12634,.F.);
#13617 = PLANE('',#13618);
#13618 = AXIS2_PLACEMENT_3D('',#13619,#13620,#13621);
#13619 = CARTESIAN_POINT('',(0.948480775301,-0.7,0.667364817767));
#13620 = DIRECTION('',(0.986721169868,1.095480561672E-16,0.162423314012)
  );
#13621 = DIRECTION('',(0.162423314012,1.803261029519E-17,-0.986721169868
    ));
#13622 = ADVANCED_FACE('',(#13623),#13626,.F.);
#13623 = FACE_BOUND('',#13624,.T.);
#13624 = EDGE_LOOP('',(#13625));
#13625 = ORIENTED_EDGE('',*,*,#12908,.F.);
#13626 = PLANE('',#13627);
#13627 = AXIS2_PLACEMENT_3D('',#13628,#13629,#13630);
#13628 = CARTESIAN_POINT('',(-0.483648457443,1.133648457443,1.55));
#13629 = DIRECTION('',(0.,0.,-1.));
#13630 = DIRECTION('',(1.110223024625E-16,-1.,0.));
#13631 = ( GEOMETRIC_REPRESENTATION_CONTEXT(3) 
GLOBAL_UNCERTAINTY_ASSIGNED_CONTEXT((#13635)) 
GLOBAL_UNIT_ASSIGNED_CONTEXT((#13632,#13633,#13634)) 
REPRESENTATION_CONTEXT('Context #1',
  '3D Context with UNIT and UNCERTAINTY') );
#13632 = ( LENGTH_UNIT() NAMED_UNIT(*) SI_UNIT(.MILLI.,.METRE.) );
#13633 = ( NAMED_UNIT(*) PLANE_ANGLE_UNIT() SI_UNIT($,.RADIAN.) );
#13634 = ( NAMED_UNIT(*) SI_UNIT($,.STERADIAN.) SOLID_ANGLE_UNIT() );
#13635 = UNCERTAINTY_MEASURE_WITH_UNIT(LENGTH_MEASURE(1.E-07),#13632,
  'distance_accuracy_value','confusion accuracy');
#13636 = CONTEXT_DEPENDENT_SHAPE_REPRESENTATION(#13637,#13639);
#13637 = ( REPRESENTATION_RELATIONSHIP('','',#10561,#10) 
REPRESENTATION_RELATIONSHIP_WITH_TRANSFORMATION(#13638) 
SHAPE_REPRESENTATION_RELATIONSHIP() );
#13638 = ITEM_DEFINED_TRANSFORMATION('','',#11,#67);
#13639 = PRODUCT_DEFINITION_SHAPE('Placement','Placement of an item',
  #13640);
#13640 = NEXT_ASSEMBLY_USAGE_OCCURRENCE('14','U1','',#5,#10556,$);
#13641 = PRODUCT_RELATED_PRODUCT_CATEGORY('part',$,(#10558));
#13642 = CONTEXT_DEPENDENT_SHAPE_REPRESENTATION(#13643,#13645);
#13643 = ( REPRESENTATION_RELATIONSHIP('','',#140,#10) 
REPRESENTATION_RELATIONSHIP_WITH_TRANSFORMATION(#13644) 
SHAPE_REPRESENTATION_RELATIONSHIP() );
#13644 = ITEM_DEFINED_TRANSFORMATION('','',#11,#71);
#13645 = PRODUCT_DEFINITION_SHAPE('Placement','Placement of an item',
  #13646);
#13646 = NEXT_ASSEMBLY_USAGE_OCCURRENCE('15','R13','',#5,#135,$);
#13647 = CONTEXT_DEPENDENT_SHAPE_REPRESENTATION(#13648,#13650);
#13648 = ( REPRESENTATION_RELATIONSHIP('','',#140,#10) 
REPRESENTATION_RELATIONSHIP_WITH_TRANSFORMATION(#13649) 
SHAPE_REPRESENTATION_RELATIONSHIP() );
#13649 = ITEM_DEFINED_TRANSFORMATION('','',#11,#75);
#13650 = PRODUCT_DEFINITION_SHAPE('Placement','Placement of an item',
  #13651);
#13651 = NEXT_ASSEMBLY_USAGE_OCCURRENCE('16','R1','',#5,#135,$);
#13652 = CONTEXT_DEPENDENT_SHAPE_REPRESENTATION(#13653,#13655);
#13653 = ( REPRESENTATION_RELATIONSHIP('','',#140,#10) 
REPRESENTATION_RELATIONSHIP_WITH_TRANSFORMATION(#13654) 
SHAPE_REPRESENTATION_RELATIONSHIP() );
#13654 = ITEM_DEFINED_TRANSFORMATION('','',#11,#79);
#13655 = PRODUCT_DEFINITION_SHAPE('Placement','Placement of an item',
  #13656);
#13656 = NEXT_ASSEMBLY_USAGE_OCCURRENCE('17','R6','',#5,#135,$);
#13657 = CONTEXT_DEPENDENT_SHAPE_REPRESENTATION(#13658,#13660);
#13658 = ( REPRESENTATION_RELATIONSHIP('','',#140,#10) 
REPRESENTATION_RELATIONSHIP_WITH_TRANSFORMATION(#13659) 
SHAPE_REPRESENTATION_RELATIONSHIP() );
#13659 = ITEM_DEFINED_TRANSFORMATION('','',#11,#83);
#13660 = PRODUCT_DEFINITION_SHAPE('Placement','Placement of an item',
  #13661);
#13661 = NEXT_ASSEMBLY_USAGE_OCCURRENCE('18','R2','',#5,#135,$);
#13662 = CONTEXT_DEPENDENT_SHAPE_REPRESENTATION(#13663,#13665);
#13663 = ( REPRESENTATION_RELATIONSHIP('','',#140,#10) 
REPRESENTATION_RELATIONSHIP_WITH_TRANSFORMATION(#13664) 
SHAPE_REPRESENTATION_RELATIONSHIP() );
#13664 = ITEM_DEFINED_TRANSFORMATION('','',#11,#87);
#13665 = PRODUCT_DEFINITION_SHAPE('Placement','Placement of an item',
  #13666);
#13666 = NEXT_ASSEMBLY_USAGE_OCCURRENCE('19','R9','',#5,#135,$);
#13667 = CONTEXT_DEPENDENT_SHAPE_REPRESENTATION(#13668,#13670);
#13668 = ( REPRESENTATION_RELATIONSHIP('','',#140,#10) 
REPRESENTATION_RELATIONSHIP_WITH_TRANSFORMATION(#13669) 
SHAPE_REPRESENTATION_RELATIONSHIP() );
#13669 = ITEM_DEFINED_TRANSFORMATION('','',#11,#91);
#13670 = PRODUCT_DEFINITION_SHAPE('Placement','Placement of an item',
  #13671);
#13671 = NEXT_ASSEMBLY_USAGE_OCCURRENCE('20','R3','',#5,#135,$);
#13672 = CONTEXT_DEPENDENT_SHAPE_REPRESENTATION(#13673,#13675);
#13673 = ( REPRESENTATION_RELATIONSHIP('','',#140,#10) 
REPRESENTATION_RELATIONSHIP_WITH_TRANSFORMATION(#13674) 
SHAPE_REPRESENTATION_RELATIONSHIP() );
#13674 = ITEM_DEFINED_TRANSFORMATION('','',#11,#95);
#13675 = PRODUCT_DEFINITION_SHAPE('Placement','Placement of an item',
  #13676);
#13676 = NEXT_ASSEMBLY_USAGE_OCCURRENCE('21','R17','',#5,#135,$);
#13677 = CONTEXT_DEPENDENT_SHAPE_REPRESENTATION(#13678,#13680);
#13678 = ( REPRESENTATION_RELATIONSHIP('','',#4128,#10) 
REPRESENTATION_RELATIONSHIP_WITH_TRANSFORMATION(#13679) 
SHAPE_REPRESENTATION_RELATIONSHIP() );
#13679 = ITEM_DEFINED_TRANSFORMATION('','',#11,#99);
#13680 = PRODUCT_DEFINITION_SHAPE('Placement','Placement of an item',
  #13681);
#13681 = NEXT_ASSEMBLY_USAGE_OCCURRENCE('22','J3','',#5,#4123,$);
#13682 = CONTEXT_DEPENDENT_SHAPE_REPRESENTATION(#13683,#13685);
#13683 = ( REPRESENTATION_RELATIONSHIP('','',#4128,#10) 
REPRESENTATION_RELATIONSHIP_WITH_TRANSFORMATION(#13684) 
SHAPE_REPRESENTATION_RELATIONSHIP() );
#13684 = ITEM_DEFINED_TRANSFORMATION('','',#11,#103);
#13685 = PRODUCT_DEFINITION_SHAPE('Placement','Placement of an item',
  #13686);
#13686 = NEXT_ASSEMBLY_USAGE_OCCURRENCE('23','J2','',#5,#4123,$);
#13687 = SHAPE_DEFINITION_REPRESENTATION(#13688,#13694);
#13688 = PRODUCT_DEFINITION_SHAPE('','',#13689);
#13689 = PRODUCT_DEFINITION('design','',#13690,#13693);
#13690 = PRODUCT_DEFINITION_FORMATION('','',#13691);
#13691 = PRODUCT('DFN-16-1EP_3x5mm_P0.5mm_EP1.66x4.4mm',
  'DFN-16-1EP_3x5mm_P0.5mm_EP1.66x4.4mm','',(#13692));
#13692 = PRODUCT_CONTEXT('',#2,'mechanical');
#13693 = PRODUCT_DEFINITION_CONTEXT('part definition',#2,'design');
#13694 = ADVANCED_BREP_SHAPE_REPRESENTATION('',(#11,#13695),#17265);
#13695 = MANIFOLD_SOLID_BREP('',#13696);
#13696 = CLOSED_SHELL('',(#13697,#13738,#13785,#13810,#13850,#13867,
    #14453,#14654,#14666,#14690,#14730,#14938,#14963,#15003,#15036,
    #15061,#15094,#15134,#15159,#15199,#15232,#15257,#15290,#15330,
    #15355,#15395,#15428,#15453,#15486,#15526,#15551,#15584,#15624,
    #15649,#15689,#15722,#15747,#15780,#15820,#15845,#15885,#15918,
    #15943,#15976,#16016,#16041,#16081,#16114,#16139,#16172,#16212,
    #16237,#16277,#16310,#16335,#16368,#16385,#16416,#16440,#16464,
    #16488,#16505,#16528,#16545,#16562,#16579,#16596,#16613,#16630,
    #16647,#16664,#16676,#16693,#16710,#16727,#16744,#16761,#16778,
    #16795,#16812,#16829,#16841,#16858,#16870,#16887,#16899,#16916,
    #16928,#16945,#16957,#16974,#16986,#17003,#17015,#17032,#17044,
    #17061,#17073,#17090,#17102,#17119,#17131,#17148,#17160,#17177,
    #17189,#17206,#17218,#17231,#17256));
#13697 = ADVANCED_FACE('',(#13698),#13733,.T.);
#13698 = FACE_BOUND('',#13699,.F.);
#13699 = EDGE_LOOP('',(#13700,#13710,#13719,#13727));
#13700 = ORIENTED_EDGE('',*,*,#13701,.T.);
#13701 = EDGE_CURVE('',#13702,#13704,#13706,.T.);
#13702 = VERTEX_POINT('',#13703);
#13703 = CARTESIAN_POINT('',(1.5,0.375,0.));
#13704 = VERTEX_POINT('',#13705);
#13705 = CARTESIAN_POINT('',(1.225,0.375,0.));
#13706 = LINE('',#13707,#13708);
#13707 = CARTESIAN_POINT('',(1.5,0.375,0.));
#13708 = VECTOR('',#13709,1.);
#13709 = DIRECTION('',(-1.,3.445092848398E-16,0.));
#13710 = ORIENTED_EDGE('',*,*,#13711,.T.);
#13711 = EDGE_CURVE('',#13704,#13712,#13714,.T.);
#13712 = VERTEX_POINT('',#13713);
#13713 = CARTESIAN_POINT('',(1.225,0.125,0.));
#13714 = CIRCLE('',#13715,0.125);
#13715 = AXIS2_PLACEMENT_3D('',#13716,#13717,#13718);
#13716 = CARTESIAN_POINT('',(1.225,0.25,0.));
#13717 = DIRECTION('',(0.,-0.,1.));
#13718 = DIRECTION('',(3.445092848398E-16,1.,0.));
#13719 = ORIENTED_EDGE('',*,*,#13720,.T.);
#13720 = EDGE_CURVE('',#13712,#13721,#13723,.T.);
#13721 = VERTEX_POINT('',#13722);
#13722 = CARTESIAN_POINT('',(1.5,0.125,0.));
#13723 = LINE('',#13724,#13725);
#13724 = CARTESIAN_POINT('',(1.225,0.125,0.));
#13725 = VECTOR('',#13726,1.);
#13726 = DIRECTION('',(1.,-3.445092848398E-16,0.));
#13727 = ORIENTED_EDGE('',*,*,#13728,.T.);
#13728 = EDGE_CURVE('',#13721,#13702,#13729,.T.);
#13729 = LINE('',#13730,#13731);
#13730 = CARTESIAN_POINT('',(1.5,0.125,0.));
#13731 = VECTOR('',#13732,1.);
#13732 = DIRECTION('',(3.445092848398E-16,1.,0.));
#13733 = PLANE('',#13734);
#13734 = AXIS2_PLACEMENT_3D('',#13735,#13736,#13737);
#13735 = CARTESIAN_POINT('',(1.5,0.375,0.));
#13736 = DIRECTION('',(0.,0.,-1.));
#13737 = DIRECTION('',(-3.445092848398E-16,-1.,-0.));
#13738 = ADVANCED_FACE('',(#13739),#13780,.F.);
#13739 = FACE_BOUND('',#13740,.F.);
#13740 = EDGE_LOOP('',(#13741,#13742,#13750,#13758,#13766,#13774));
#13741 = ORIENTED_EDGE('',*,*,#13701,.F.);
#13742 = ORIENTED_EDGE('',*,*,#13743,.T.);
#13743 = EDGE_CURVE('',#13702,#13744,#13746,.T.);
#13744 = VERTEX_POINT('',#13745);
#13745 = CARTESIAN_POINT('',(1.5,0.375,0.2));
#13746 = LINE('',#13747,#13748);
#13747 = CARTESIAN_POINT('',(1.5,0.375,0.));
#13748 = VECTOR('',#13749,1.);
#13749 = DIRECTION('',(0.,0.,1.));
#13750 = ORIENTED_EDGE('',*,*,#13751,.T.);
#13751 = EDGE_CURVE('',#13744,#13752,#13754,.T.);
#13752 = VERTEX_POINT('',#13753);
#13753 = CARTESIAN_POINT('',(1.49,0.375,0.2));
#13754 = LINE('',#13755,#13756);
#13755 = CARTESIAN_POINT('',(1.5,0.375,0.2));
#13756 = VECTOR('',#13757,1.);
#13757 = DIRECTION('',(-1.,3.445092848398E-16,0.));
#13758 = ORIENTED_EDGE('',*,*,#13759,.T.);
#13759 = EDGE_CURVE('',#13752,#13760,#13762,.T.);
#13760 = VERTEX_POINT('',#13761);
#13761 = CARTESIAN_POINT('',(1.49,0.375,2.E-02));
#13762 = LINE('',#13763,#13764);
#13763 = CARTESIAN_POINT('',(1.49,0.375,1.E-02));
#13764 = VECTOR('',#13765,1.);
#13765 = DIRECTION('',(0.,-0.,-1.));
#13766 = ORIENTED_EDGE('',*,*,#13767,.F.);
#13767 = EDGE_CURVE('',#13768,#13760,#13770,.T.);
#13768 = VERTEX_POINT('',#13769);
#13769 = CARTESIAN_POINT('',(1.225,0.375,2.E-02));
#13770 = LINE('',#13771,#13772);
#13771 = CARTESIAN_POINT('',(5.E-03,0.375,2.E-02));
#13772 = VECTOR('',#13773,1.);
#13773 = DIRECTION('',(1.,-3.445092848398E-16,0.));
#13774 = ORIENTED_EDGE('',*,*,#13775,.F.);
#13775 = EDGE_CURVE('',#13704,#13768,#13776,.T.);
#13776 = LINE('',#13777,#13778);
#13777 = CARTESIAN_POINT('',(1.225,0.375,0.));
#13778 = VECTOR('',#13779,1.);
#13779 = DIRECTION('',(0.,0.,1.));
#13780 = PLANE('',#13781);
#13781 = AXIS2_PLACEMENT_3D('',#13782,#13783,#13784);
#13782 = CARTESIAN_POINT('',(1.5,0.375,0.));
#13783 = DIRECTION('',(-3.445092848398E-16,-1.,0.));
#13784 = DIRECTION('',(-1.,3.445092848398E-16,0.));
#13785 = ADVANCED_FACE('',(#13786),#13805,.T.);
#13786 = FACE_BOUND('',#13787,.T.);
#13787 = EDGE_LOOP('',(#13788,#13796,#13803,#13804));
#13788 = ORIENTED_EDGE('',*,*,#13789,.T.);
#13789 = EDGE_CURVE('',#13712,#13790,#13792,.T.);
#13790 = VERTEX_POINT('',#13791);
#13791 = CARTESIAN_POINT('',(1.225,0.125,2.E-02));
#13792 = LINE('',#13793,#13794);
#13793 = CARTESIAN_POINT('',(1.225,0.125,0.));
#13794 = VECTOR('',#13795,1.);
#13795 = DIRECTION('',(0.,0.,1.));
#13796 = ORIENTED_EDGE('',*,*,#13797,.T.);
#13797 = EDGE_CURVE('',#13790,#13768,#13798,.T.);
#13798 = CIRCLE('',#13799,0.125);
#13799 = AXIS2_PLACEMENT_3D('',#13800,#13801,#13802);
#13800 = CARTESIAN_POINT('',(1.225,0.25,2.E-02));
#13801 = DIRECTION('',(0.,0.,-1.));
#13802 = DIRECTION('',(3.445092848398E-16,1.,0.));
#13803 = ORIENTED_EDGE('',*,*,#13775,.F.);
#13804 = ORIENTED_EDGE('',*,*,#13711,.T.);
#13805 = CYLINDRICAL_SURFACE('',#13806,0.125);
#13806 = AXIS2_PLACEMENT_3D('',#13807,#13808,#13809);
#13807 = CARTESIAN_POINT('',(1.225,0.25,0.));
#13808 = DIRECTION('',(0.,-0.,-1.));
#13809 = DIRECTION('',(3.445092848398E-16,1.,0.));
#13810 = ADVANCED_FACE('',(#13811),#13845,.F.);
#13811 = FACE_BOUND('',#13812,.F.);
#13812 = EDGE_LOOP('',(#13813,#13814,#13815,#13823,#13831,#13839));
#13813 = ORIENTED_EDGE('',*,*,#13720,.F.);
#13814 = ORIENTED_EDGE('',*,*,#13789,.T.);
#13815 = ORIENTED_EDGE('',*,*,#13816,.F.);
#13816 = EDGE_CURVE('',#13817,#13790,#13819,.T.);
#13817 = VERTEX_POINT('',#13818);
#13818 = CARTESIAN_POINT('',(1.49,0.125,2.E-02));
#13819 = LINE('',#13820,#13821);
#13820 = CARTESIAN_POINT('',(-0.1325,0.125,2.E-02));
#13821 = VECTOR('',#13822,1.);
#13822 = DIRECTION('',(-1.,3.445092848398E-16,0.));
#13823 = ORIENTED_EDGE('',*,*,#13824,.T.);
#13824 = EDGE_CURVE('',#13817,#13825,#13827,.T.);
#13825 = VERTEX_POINT('',#13826);
#13826 = CARTESIAN_POINT('',(1.49,0.125,0.2));
#13827 = LINE('',#13828,#13829);
#13828 = CARTESIAN_POINT('',(1.49,0.125,1.E-02));
#13829 = VECTOR('',#13830,1.);
#13830 = DIRECTION('',(0.,0.,1.));
#13831 = ORIENTED_EDGE('',*,*,#13832,.T.);
#13832 = EDGE_CURVE('',#13825,#13833,#13835,.T.);
#13833 = VERTEX_POINT('',#13834);
#13834 = CARTESIAN_POINT('',(1.5,0.125,0.2));
#13835 = LINE('',#13836,#13837);
#13836 = CARTESIAN_POINT('',(1.225,0.125,0.2));
#13837 = VECTOR('',#13838,1.);
#13838 = DIRECTION('',(1.,-3.445092848398E-16,0.));
#13839 = ORIENTED_EDGE('',*,*,#13840,.F.);
#13840 = EDGE_CURVE('',#13721,#13833,#13841,.T.);
#13841 = LINE('',#13842,#13843);
#13842 = CARTESIAN_POINT('',(1.5,0.125,0.));
#13843 = VECTOR('',#13844,1.);
#13844 = DIRECTION('',(0.,0.,1.));
#13845 = PLANE('',#13846);
#13846 = AXIS2_PLACEMENT_3D('',#13847,#13848,#13849);
#13847 = CARTESIAN_POINT('',(1.225,0.125,0.));
#13848 = DIRECTION('',(3.445092848398E-16,1.,0.));
#13849 = DIRECTION('',(1.,-3.445092848398E-16,0.));
#13850 = ADVANCED_FACE('',(#13851),#13862,.F.);
#13851 = FACE_BOUND('',#13852,.F.);
#13852 = EDGE_LOOP('',(#13853,#13854,#13860,#13861));
#13853 = ORIENTED_EDGE('',*,*,#13840,.T.);
#13854 = ORIENTED_EDGE('',*,*,#13855,.T.);
#13855 = EDGE_CURVE('',#13833,#13744,#13856,.T.);
#13856 = LINE('',#13857,#13858);
#13857 = CARTESIAN_POINT('',(1.5,0.125,0.2));
#13858 = VECTOR('',#13859,1.);
#13859 = DIRECTION('',(3.445092848398E-16,1.,0.));
#13860 = ORIENTED_EDGE('',*,*,#13743,.F.);
#13861 = ORIENTED_EDGE('',*,*,#13728,.F.);
#13862 = PLANE('',#13863);
#13863 = AXIS2_PLACEMENT_3D('',#13864,#13865,#13866);
#13864 = CARTESIAN_POINT('',(1.5,0.125,0.));
#13865 = DIRECTION('',(-1.,3.445092848398E-16,0.));
#13866 = DIRECTION('',(3.445092848398E-16,1.,0.));
#13867 = ADVANCED_FACE('',(#13868,#14406),#14448,.F.);
#13868 = FACE_BOUND('',#13869,.F.);
#13869 = EDGE_LOOP('',(#13870,#13880,#13888,#13896,#13904,#13913,#13921,
    #13929,#13937,#13946,#13954,#13962,#13970,#13979,#13987,#13995,
    #14003,#14012,#14020,#14028,#14036,#14045,#14053,#14061,#14069,
    #14078,#14086,#14094,#14102,#14111,#14119,#14127,#14135,#14144,
    #14152,#14160,#14168,#14176,#14184,#14193,#14201,#14209,#14217,
    #14226,#14234,#14242,#14250,#14259,#14267,#14275,#14283,#14292,
    #14300,#14306,#14307,#14308,#14309,#14317,#14325,#14334,#14342,
    #14350,#14358,#14367,#14375,#14383,#14391,#14400));
#13870 = ORIENTED_EDGE('',*,*,#13871,.F.);
#13871 = EDGE_CURVE('',#13872,#13874,#13876,.T.);
#13872 = VERTEX_POINT('',#13873);
#13873 = CARTESIAN_POINT('',(1.49,2.49,2.E-02));
#13874 = VERTEX_POINT('',#13875);
#13875 = CARTESIAN_POINT('',(1.49,1.875,2.E-02));
#13876 = LINE('',#13877,#13878);
#13877 = CARTESIAN_POINT('',(1.49,2.49,2.E-02));
#13878 = VECTOR('',#13879,1.);
#13879 = DIRECTION('',(-2.22044604925E-16,-1.,0.));
#13880 = ORIENTED_EDGE('',*,*,#13881,.F.);
#13881 = EDGE_CURVE('',#13882,#13872,#13884,.T.);
#13882 = VERTEX_POINT('',#13883);
#13883 = CARTESIAN_POINT('',(-1.49,2.49,2.E-02));
#13884 = LINE('',#13885,#13886);
#13885 = CARTESIAN_POINT('',(-1.49,2.49,2.E-02));
#13886 = VECTOR('',#13887,1.);
#13887 = DIRECTION('',(1.,-2.22044604925E-16,0.));
#13888 = ORIENTED_EDGE('',*,*,#13889,.T.);
#13889 = EDGE_CURVE('',#13882,#13890,#13892,.T.);
#13890 = VERTEX_POINT('',#13891);
#13891 = CARTESIAN_POINT('',(-1.49,1.875,2.E-02));
#13892 = LINE('',#13893,#13894);
#13893 = CARTESIAN_POINT('',(-1.49,2.49,2.E-02));
#13894 = VECTOR('',#13895,1.);
#13895 = DIRECTION('',(-2.22044604925E-16,-1.,0.));
#13896 = ORIENTED_EDGE('',*,*,#13897,.T.);
#13897 = EDGE_CURVE('',#13890,#13898,#13900,.T.);
#13898 = VERTEX_POINT('',#13899);
#13899 = CARTESIAN_POINT('',(-1.225,1.875,2.E-02));
#13900 = LINE('',#13901,#13902);
#13901 = CARTESIAN_POINT('',(-1.3575,1.875,2.E-02));
#13902 = VECTOR('',#13903,1.);
#13903 = DIRECTION('',(1.,-4.669739647545E-16,0.));
#13904 = ORIENTED_EDGE('',*,*,#13905,.T.);
#13905 = EDGE_CURVE('',#13898,#13906,#13908,.T.);
#13906 = VERTEX_POINT('',#13907);
#13907 = CARTESIAN_POINT('',(-1.225,1.625,2.E-02));
#13908 = CIRCLE('',#13909,0.125);
#13909 = AXIS2_PLACEMENT_3D('',#13910,#13911,#13912);
#13910 = CARTESIAN_POINT('',(-1.225,1.75,2.E-02));
#13911 = DIRECTION('',(-0.,0.,-1.));
#13912 = DIRECTION('',(-4.669739647545E-16,-1.,0.));
#13913 = ORIENTED_EDGE('',*,*,#13914,.T.);
#13914 = EDGE_CURVE('',#13906,#13915,#13917,.T.);
#13915 = VERTEX_POINT('',#13916);
#13916 = CARTESIAN_POINT('',(-1.49,1.625,2.E-02));
#13917 = LINE('',#13918,#13919);
#13918 = CARTESIAN_POINT('',(-1.495,1.625,2.E-02));
#13919 = VECTOR('',#13920,1.);
#13920 = DIRECTION('',(-1.,4.669739647545E-16,0.));
#13921 = ORIENTED_EDGE('',*,*,#13922,.T.);
#13922 = EDGE_CURVE('',#13915,#13923,#13925,.T.);
#13923 = VERTEX_POINT('',#13924);
#13924 = CARTESIAN_POINT('',(-1.49,1.375,2.E-02));
#13925 = LINE('',#13926,#13927);
#13926 = CARTESIAN_POINT('',(-1.49,2.49,2.E-02));
#13927 = VECTOR('',#13928,1.);
#13928 = DIRECTION('',(-2.22044604925E-16,-1.,0.));
#13929 = ORIENTED_EDGE('',*,*,#13930,.T.);
#13930 = EDGE_CURVE('',#13923,#13931,#13933,.T.);
#13931 = VERTEX_POINT('',#13932);
#13932 = CARTESIAN_POINT('',(-1.225,1.375,2.E-02));
#13933 = LINE('',#13934,#13935);
#13934 = CARTESIAN_POINT('',(-1.3575,1.375,2.E-02));
#13935 = VECTOR('',#13936,1.);
#13936 = DIRECTION('',(1.,-4.669739647545E-16,0.));
#13937 = ORIENTED_EDGE('',*,*,#13938,.T.);
#13938 = EDGE_CURVE('',#13931,#13939,#13941,.T.);
#13939 = VERTEX_POINT('',#13940);
#13940 = CARTESIAN_POINT('',(-1.225,1.125,2.E-02));
#13941 = CIRCLE('',#13942,0.125);
#13942 = AXIS2_PLACEMENT_3D('',#13943,#13944,#13945);
#13943 = CARTESIAN_POINT('',(-1.225,1.25,2.E-02));
#13944 = DIRECTION('',(-0.,0.,-1.));
#13945 = DIRECTION('',(-4.669739647545E-16,-1.,0.));
#13946 = ORIENTED_EDGE('',*,*,#13947,.T.);
#13947 = EDGE_CURVE('',#13939,#13948,#13950,.T.);
#13948 = VERTEX_POINT('',#13949);
#13949 = CARTESIAN_POINT('',(-1.49,1.125,2.E-02));
#13950 = LINE('',#13951,#13952);
#13951 = CARTESIAN_POINT('',(-1.495,1.125,2.E-02));
#13952 = VECTOR('',#13953,1.);
#13953 = DIRECTION('',(-1.,4.669739647545E-16,0.));
#13954 = ORIENTED_EDGE('',*,*,#13955,.T.);
#13955 = EDGE_CURVE('',#13948,#13956,#13958,.T.);
#13956 = VERTEX_POINT('',#13957);
#13957 = CARTESIAN_POINT('',(-1.49,0.875,2.E-02));
#13958 = LINE('',#13959,#13960);
#13959 = CARTESIAN_POINT('',(-1.49,2.49,2.E-02));
#13960 = VECTOR('',#13961,1.);
#13961 = DIRECTION('',(-2.22044604925E-16,-1.,0.));
#13962 = ORIENTED_EDGE('',*,*,#13963,.T.);
#13963 = EDGE_CURVE('',#13956,#13964,#13966,.T.);
#13964 = VERTEX_POINT('',#13965);
#13965 = CARTESIAN_POINT('',(-1.225,0.875,2.E-02));
#13966 = LINE('',#13967,#13968);
#13967 = CARTESIAN_POINT('',(-1.3575,0.875,2.E-02));
#13968 = VECTOR('',#13969,1.);
#13969 = DIRECTION('',(1.,-4.669739647545E-16,0.));
#13970 = ORIENTED_EDGE('',*,*,#13971,.T.);
#13971 = EDGE_CURVE('',#13964,#13972,#13974,.T.);
#13972 = VERTEX_POINT('',#13973);
#13973 = CARTESIAN_POINT('',(-1.225,0.625,2.E-02));
#13974 = CIRCLE('',#13975,0.125);
#13975 = AXIS2_PLACEMENT_3D('',#13976,#13977,#13978);
#13976 = CARTESIAN_POINT('',(-1.225,0.75,2.E-02));
#13977 = DIRECTION('',(-0.,0.,-1.));
#13978 = DIRECTION('',(-4.669739647545E-16,-1.,0.));
#13979 = ORIENTED_EDGE('',*,*,#13980,.T.);
#13980 = EDGE_CURVE('',#13972,#13981,#13983,.T.);
#13981 = VERTEX_POINT('',#13982);
#13982 = CARTESIAN_POINT('',(-1.49,0.625,2.E-02));
#13983 = LINE('',#13984,#13985);
#13984 = CARTESIAN_POINT('',(-1.495,0.625,2.E-02));
#13985 = VECTOR('',#13986,1.);
#13986 = DIRECTION('',(-1.,4.669739647545E-16,0.));
#13987 = ORIENTED_EDGE('',*,*,#13988,.T.);
#13988 = EDGE_CURVE('',#13981,#13989,#13991,.T.);
#13989 = VERTEX_POINT('',#13990);
#13990 = CARTESIAN_POINT('',(-1.49,0.375,2.E-02));
#13991 = LINE('',#13992,#13993);
#13992 = CARTESIAN_POINT('',(-1.49,2.49,2.E-02));
#13993 = VECTOR('',#13994,1.);
#13994 = DIRECTION('',(-2.22044604925E-16,-1.,0.));
#13995 = ORIENTED_EDGE('',*,*,#13996,.T.);
#13996 = EDGE_CURVE('',#13989,#13997,#13999,.T.);
#13997 = VERTEX_POINT('',#13998);
#13998 = CARTESIAN_POINT('',(-1.225,0.375,2.E-02));
#13999 = LINE('',#14000,#14001);
#14000 = CARTESIAN_POINT('',(-1.3575,0.375,2.E-02));
#14001 = VECTOR('',#14002,1.);
#14002 = DIRECTION('',(1.,-4.669739647545E-16,0.));
#14003 = ORIENTED_EDGE('',*,*,#14004,.T.);
#14004 = EDGE_CURVE('',#13997,#14005,#14007,.T.);
#14005 = VERTEX_POINT('',#14006);
#14006 = CARTESIAN_POINT('',(-1.225,0.125,2.E-02));
#14007 = CIRCLE('',#14008,0.125);
#14008 = AXIS2_PLACEMENT_3D('',#14009,#14010,#14011);
#14009 = CARTESIAN_POINT('',(-1.225,0.25,2.E-02));
#14010 = DIRECTION('',(-0.,0.,-1.));
#14011 = DIRECTION('',(-4.669739647545E-16,-1.,0.));
#14012 = ORIENTED_EDGE('',*,*,#14013,.T.);
#14013 = EDGE_CURVE('',#14005,#14014,#14016,.T.);
#14014 = VERTEX_POINT('',#14015);
#14015 = CARTESIAN_POINT('',(-1.49,0.125,2.E-02));
#14016 = LINE('',#14017,#14018);
#14017 = CARTESIAN_POINT('',(-1.495,0.125,2.E-02));
#14018 = VECTOR('',#14019,1.);
#14019 = DIRECTION('',(-1.,4.669739647545E-16,0.));
#14020 = ORIENTED_EDGE('',*,*,#14021,.T.);
#14021 = EDGE_CURVE('',#14014,#14022,#14024,.T.);
#14022 = VERTEX_POINT('',#14023);
#14023 = CARTESIAN_POINT('',(-1.49,-0.125,2.E-02));
#14024 = LINE('',#14025,#14026);
#14025 = CARTESIAN_POINT('',(-1.49,2.49,2.E-02));
#14026 = VECTOR('',#14027,1.);
#14027 = DIRECTION('',(-2.22044604925E-16,-1.,0.));
#14028 = ORIENTED_EDGE('',*,*,#14029,.T.);
#14029 = EDGE_CURVE('',#14022,#14030,#14032,.T.);
#14030 = VERTEX_POINT('',#14031);
#14031 = CARTESIAN_POINT('',(-1.225,-0.125,2.E-02));
#14032 = LINE('',#14033,#14034);
#14033 = CARTESIAN_POINT('',(-1.3575,-0.125,2.E-02));
#14034 = VECTOR('',#14035,1.);
#14035 = DIRECTION('',(1.,-4.669739647545E-16,0.));
#14036 = ORIENTED_EDGE('',*,*,#14037,.T.);
#14037 = EDGE_CURVE('',#14030,#14038,#14040,.T.);
#14038 = VERTEX_POINT('',#14039);
#14039 = CARTESIAN_POINT('',(-1.225,-0.375,2.E-02));
#14040 = CIRCLE('',#14041,0.125);
#14041 = AXIS2_PLACEMENT_3D('',#14042,#14043,#14044);
#14042 = CARTESIAN_POINT('',(-1.225,-0.25,2.E-02));
#14043 = DIRECTION('',(-0.,0.,-1.));
#14044 = DIRECTION('',(-4.669739647545E-16,-1.,0.));
#14045 = ORIENTED_EDGE('',*,*,#14046,.T.);
#14046 = EDGE_CURVE('',#14038,#14047,#14049,.T.);
#14047 = VERTEX_POINT('',#14048);
#14048 = CARTESIAN_POINT('',(-1.49,-0.375,2.E-02));
#14049 = LINE('',#14050,#14051);
#14050 = CARTESIAN_POINT('',(-1.495,-0.375,2.E-02));
#14051 = VECTOR('',#14052,1.);
#14052 = DIRECTION('',(-1.,4.669739647545E-16,0.));
#14053 = ORIENTED_EDGE('',*,*,#14054,.T.);
#14054 = EDGE_CURVE('',#14047,#14055,#14057,.T.);
#14055 = VERTEX_POINT('',#14056);
#14056 = CARTESIAN_POINT('',(-1.49,-0.625,2.E-02));
#14057 = LINE('',#14058,#14059);
#14058 = CARTESIAN_POINT('',(-1.49,2.49,2.E-02));
#14059 = VECTOR('',#14060,1.);
#14060 = DIRECTION('',(-2.22044604925E-16,-1.,0.));
#14061 = ORIENTED_EDGE('',*,*,#14062,.T.);
#14062 = EDGE_CURVE('',#14055,#14063,#14065,.T.);
#14063 = VERTEX_POINT('',#14064);
#14064 = CARTESIAN_POINT('',(-1.225,-0.625,2.E-02));
#14065 = LINE('',#14066,#14067);
#14066 = CARTESIAN_POINT('',(-1.3575,-0.625,2.E-02));
#14067 = VECTOR('',#14068,1.);
#14068 = DIRECTION('',(1.,-4.669739647545E-16,0.));
#14069 = ORIENTED_EDGE('',*,*,#14070,.T.);
#14070 = EDGE_CURVE('',#14063,#14071,#14073,.T.);
#14071 = VERTEX_POINT('',#14072);
#14072 = CARTESIAN_POINT('',(-1.225,-0.875,2.E-02));
#14073 = CIRCLE('',#14074,0.125);
#14074 = AXIS2_PLACEMENT_3D('',#14075,#14076,#14077);
#14075 = CARTESIAN_POINT('',(-1.225,-0.75,2.E-02));
#14076 = DIRECTION('',(-0.,0.,-1.));
#14077 = DIRECTION('',(-4.669739647545E-16,-1.,0.));
#14078 = ORIENTED_EDGE('',*,*,#14079,.T.);
#14079 = EDGE_CURVE('',#14071,#14080,#14082,.T.);
#14080 = VERTEX_POINT('',#14081);
#14081 = CARTESIAN_POINT('',(-1.49,-0.875,2.E-02));
#14082 = LINE('',#14083,#14084);
#14083 = CARTESIAN_POINT('',(-1.495,-0.875,2.E-02));
#14084 = VECTOR('',#14085,1.);
#14085 = DIRECTION('',(-1.,4.669739647545E-16,0.));
#14086 = ORIENTED_EDGE('',*,*,#14087,.T.);
#14087 = EDGE_CURVE('',#14080,#14088,#14090,.T.);
#14088 = VERTEX_POINT('',#14089);
#14089 = CARTESIAN_POINT('',(-1.49,-1.125,2.E-02));
#14090 = LINE('',#14091,#14092);
#14091 = CARTESIAN_POINT('',(-1.49,2.49,2.E-02));
#14092 = VECTOR('',#14093,1.);
#14093 = DIRECTION('',(-2.22044604925E-16,-1.,0.));
#14094 = ORIENTED_EDGE('',*,*,#14095,.T.);
#14095 = EDGE_CURVE('',#14088,#14096,#14098,.T.);
#14096 = VERTEX_POINT('',#14097);
#14097 = CARTESIAN_POINT('',(-1.225,-1.125,2.E-02));
#14098 = LINE('',#14099,#14100);
#14099 = CARTESIAN_POINT('',(-1.3575,-1.125,2.E-02));
#14100 = VECTOR('',#14101,1.);
#14101 = DIRECTION('',(1.,-4.669739647545E-16,0.));
#14102 = ORIENTED_EDGE('',*,*,#14103,.T.);
#14103 = EDGE_CURVE('',#14096,#14104,#14106,.T.);
#14104 = VERTEX_POINT('',#14105);
#14105 = CARTESIAN_POINT('',(-1.225,-1.375,2.E-02));
#14106 = CIRCLE('',#14107,0.125);
#14107 = AXIS2_PLACEMENT_3D('',#14108,#14109,#14110);
#14108 = CARTESIAN_POINT('',(-1.225,-1.25,2.E-02));
#14109 = DIRECTION('',(-0.,0.,-1.));
#14110 = DIRECTION('',(-4.669739647545E-16,-1.,0.));
#14111 = ORIENTED_EDGE('',*,*,#14112,.T.);
#14112 = EDGE_CURVE('',#14104,#14113,#14115,.T.);
#14113 = VERTEX_POINT('',#14114);
#14114 = CARTESIAN_POINT('',(-1.49,-1.375,2.E-02));
#14115 = LINE('',#14116,#14117);
#14116 = CARTESIAN_POINT('',(-1.495,-1.375,2.E-02));
#14117 = VECTOR('',#14118,1.);
#14118 = DIRECTION('',(-1.,4.669739647545E-16,0.));
#14119 = ORIENTED_EDGE('',*,*,#14120,.T.);
#14120 = EDGE_CURVE('',#14113,#14121,#14123,.T.);
#14121 = VERTEX_POINT('',#14122);
#14122 = CARTESIAN_POINT('',(-1.49,-1.625,2.E-02));
#14123 = LINE('',#14124,#14125);
#14124 = CARTESIAN_POINT('',(-1.49,2.49,2.E-02));
#14125 = VECTOR('',#14126,1.);
#14126 = DIRECTION('',(-2.22044604925E-16,-1.,0.));
#14127 = ORIENTED_EDGE('',*,*,#14128,.T.);
#14128 = EDGE_CURVE('',#14121,#14129,#14131,.T.);
#14129 = VERTEX_POINT('',#14130);
#14130 = CARTESIAN_POINT('',(-1.225,-1.625,2.E-02));
#14131 = LINE('',#14132,#14133);
#14132 = CARTESIAN_POINT('',(-1.3575,-1.625,2.E-02));
#14133 = VECTOR('',#14134,1.);
#14134 = DIRECTION('',(1.,-4.669739647545E-16,0.));
#14135 = ORIENTED_EDGE('',*,*,#14136,.T.);
#14136 = EDGE_CURVE('',#14129,#14137,#14139,.T.);
#14137 = VERTEX_POINT('',#14138);
#14138 = CARTESIAN_POINT('',(-1.225,-1.875,2.E-02));
#14139 = CIRCLE('',#14140,0.125);
#14140 = AXIS2_PLACEMENT_3D('',#14141,#14142,#14143);
#14141 = CARTESIAN_POINT('',(-1.225,-1.75,2.E-02));
#14142 = DIRECTION('',(-0.,0.,-1.));
#14143 = DIRECTION('',(-4.669739647545E-16,-1.,0.));
#14144 = ORIENTED_EDGE('',*,*,#14145,.T.);
#14145 = EDGE_CURVE('',#14137,#14146,#14148,.T.);
#14146 = VERTEX_POINT('',#14147);
#14147 = CARTESIAN_POINT('',(-1.49,-1.875,2.E-02));
#14148 = LINE('',#14149,#14150);
#14149 = CARTESIAN_POINT('',(-1.495,-1.875,2.E-02));
#14150 = VECTOR('',#14151,1.);
#14151 = DIRECTION('',(-1.,4.669739647545E-16,0.));
#14152 = ORIENTED_EDGE('',*,*,#14153,.T.);
#14153 = EDGE_CURVE('',#14146,#14154,#14156,.T.);
#14154 = VERTEX_POINT('',#14155);
#14155 = CARTESIAN_POINT('',(-1.49,-2.49,2.E-02));
#14156 = LINE('',#14157,#14158);
#14157 = CARTESIAN_POINT('',(-1.49,2.49,2.E-02));
#14158 = VECTOR('',#14159,1.);
#14159 = DIRECTION('',(-2.22044604925E-16,-1.,0.));
#14160 = ORIENTED_EDGE('',*,*,#14161,.T.);
#14161 = EDGE_CURVE('',#14154,#14162,#14164,.T.);
#14162 = VERTEX_POINT('',#14163);
#14163 = CARTESIAN_POINT('',(1.49,-2.49,2.E-02));
#14164 = LINE('',#14165,#14166);
#14165 = CARTESIAN_POINT('',(-1.49,-2.49,2.E-02));
#14166 = VECTOR('',#14167,1.);
#14167 = DIRECTION('',(1.,-2.22044604925E-16,0.));
#14168 = ORIENTED_EDGE('',*,*,#14169,.F.);
#14169 = EDGE_CURVE('',#14170,#14162,#14172,.T.);
#14170 = VERTEX_POINT('',#14171);
#14171 = CARTESIAN_POINT('',(1.49,-1.875,2.E-02));
#14172 = LINE('',#14173,#14174);
#14173 = CARTESIAN_POINT('',(1.49,2.49,2.E-02));
#14174 = VECTOR('',#14175,1.);
#14175 = DIRECTION('',(-2.22044604925E-16,-1.,0.));
#14176 = ORIENTED_EDGE('',*,*,#14177,.T.);
#14177 = EDGE_CURVE('',#14170,#14178,#14180,.T.);
#14178 = VERTEX_POINT('',#14179);
#14179 = CARTESIAN_POINT('',(1.225,-1.875,2.E-02));
#14180 = LINE('',#14181,#14182);
#14181 = CARTESIAN_POINT('',(-0.1325,-1.875,2.E-02));
#14182 = VECTOR('',#14183,1.);
#14183 = DIRECTION('',(-1.,3.445092848398E-16,0.));
#14184 = ORIENTED_EDGE('',*,*,#14185,.T.);
#14185 = EDGE_CURVE('',#14178,#14186,#14188,.T.);
#14186 = VERTEX_POINT('',#14187);
#14187 = CARTESIAN_POINT('',(1.225,-1.625,2.E-02));
#14188 = CIRCLE('',#14189,0.125);
#14189 = AXIS2_PLACEMENT_3D('',#14190,#14191,#14192);
#14190 = CARTESIAN_POINT('',(1.225,-1.75,2.E-02));
#14191 = DIRECTION('',(0.,0.,-1.));
#14192 = DIRECTION('',(3.445092848398E-16,1.,0.));
#14193 = ORIENTED_EDGE('',*,*,#14194,.T.);
#14194 = EDGE_CURVE('',#14186,#14195,#14197,.T.);
#14195 = VERTEX_POINT('',#14196);
#14196 = CARTESIAN_POINT('',(1.49,-1.625,2.E-02));
#14197 = LINE('',#14198,#14199);
#14198 = CARTESIAN_POINT('',(4.999999999999E-03,-1.625,2.E-02));
#14199 = VECTOR('',#14200,1.);
#14200 = DIRECTION('',(1.,-3.445092848398E-16,0.));
#14201 = ORIENTED_EDGE('',*,*,#14202,.F.);
#14202 = EDGE_CURVE('',#14203,#14195,#14205,.T.);
#14203 = VERTEX_POINT('',#14204);
#14204 = CARTESIAN_POINT('',(1.49,-1.375,2.E-02));
#14205 = LINE('',#14206,#14207);
#14206 = CARTESIAN_POINT('',(1.49,2.49,2.E-02));
#14207 = VECTOR('',#14208,1.);
#14208 = DIRECTION('',(-2.22044604925E-16,-1.,0.));
#14209 = ORIENTED_EDGE('',*,*,#14210,.T.);
#14210 = EDGE_CURVE('',#14203,#14211,#14213,.T.);
#14211 = VERTEX_POINT('',#14212);
#14212 = CARTESIAN_POINT('',(1.225,-1.375,2.E-02));
#14213 = LINE('',#14214,#14215);
#14214 = CARTESIAN_POINT('',(-0.1325,-1.375,2.E-02));
#14215 = VECTOR('',#14216,1.);
#14216 = DIRECTION('',(-1.,3.445092848398E-16,0.));
#14217 = ORIENTED_EDGE('',*,*,#14218,.T.);
#14218 = EDGE_CURVE('',#14211,#14219,#14221,.T.);
#14219 = VERTEX_POINT('',#14220);
#14220 = CARTESIAN_POINT('',(1.225,-1.125,2.E-02));
#14221 = CIRCLE('',#14222,0.125);
#14222 = AXIS2_PLACEMENT_3D('',#14223,#14224,#14225);
#14223 = CARTESIAN_POINT('',(1.225,-1.25,2.E-02));
#14224 = DIRECTION('',(0.,0.,-1.));
#14225 = DIRECTION('',(3.445092848398E-16,1.,0.));
#14226 = ORIENTED_EDGE('',*,*,#14227,.T.);
#14227 = EDGE_CURVE('',#14219,#14228,#14230,.T.);
#14228 = VERTEX_POINT('',#14229);
#14229 = CARTESIAN_POINT('',(1.49,-1.125,2.E-02));
#14230 = LINE('',#14231,#14232);
#14231 = CARTESIAN_POINT('',(5.E-03,-1.125,2.E-02));
#14232 = VECTOR('',#14233,1.);
#14233 = DIRECTION('',(1.,-3.445092848398E-16,0.));
#14234 = ORIENTED_EDGE('',*,*,#14235,.F.);
#14235 = EDGE_CURVE('',#14236,#14228,#14238,.T.);
#14236 = VERTEX_POINT('',#14237);
#14237 = CARTESIAN_POINT('',(1.49,-0.875,2.E-02));
#14238 = LINE('',#14239,#14240);
#14239 = CARTESIAN_POINT('',(1.49,2.49,2.E-02));
#14240 = VECTOR('',#14241,1.);
#14241 = DIRECTION('',(-2.22044604925E-16,-1.,0.));
#14242 = ORIENTED_EDGE('',*,*,#14243,.T.);
#14243 = EDGE_CURVE('',#14236,#14244,#14246,.T.);
#14244 = VERTEX_POINT('',#14245);
#14245 = CARTESIAN_POINT('',(1.225,-0.875,2.E-02));
#14246 = LINE('',#14247,#14248);
#14247 = CARTESIAN_POINT('',(-0.1325,-0.875,2.E-02));
#14248 = VECTOR('',#14249,1.);
#14249 = DIRECTION('',(-1.,3.445092848398E-16,0.));
#14250 = ORIENTED_EDGE('',*,*,#14251,.T.);
#14251 = EDGE_CURVE('',#14244,#14252,#14254,.T.);
#14252 = VERTEX_POINT('',#14253);
#14253 = CARTESIAN_POINT('',(1.225,-0.625,2.E-02));
#14254 = CIRCLE('',#14255,0.125);
#14255 = AXIS2_PLACEMENT_3D('',#14256,#14257,#14258);
#14256 = CARTESIAN_POINT('',(1.225,-0.75,2.E-02));
#14257 = DIRECTION('',(0.,0.,-1.));
#14258 = DIRECTION('',(3.445092848398E-16,1.,0.));
#14259 = ORIENTED_EDGE('',*,*,#14260,.T.);
#14260 = EDGE_CURVE('',#14252,#14261,#14263,.T.);
#14261 = VERTEX_POINT('',#14262);
#14262 = CARTESIAN_POINT('',(1.49,-0.625,2.E-02));
#14263 = LINE('',#14264,#14265);
#14264 = CARTESIAN_POINT('',(5.E-03,-0.625,2.E-02));
#14265 = VECTOR('',#14266,1.);
#14266 = DIRECTION('',(1.,-3.445092848398E-16,0.));
#14267 = ORIENTED_EDGE('',*,*,#14268,.F.);
#14268 = EDGE_CURVE('',#14269,#14261,#14271,.T.);
#14269 = VERTEX_POINT('',#14270);
#14270 = CARTESIAN_POINT('',(1.49,-0.375,2.E-02));
#14271 = LINE('',#14272,#14273);
#14272 = CARTESIAN_POINT('',(1.49,2.49,2.E-02));
#14273 = VECTOR('',#14274,1.);
#14274 = DIRECTION('',(-2.22044604925E-16,-1.,0.));
#14275 = ORIENTED_EDGE('',*,*,#14276,.T.);
#14276 = EDGE_CURVE('',#14269,#14277,#14279,.T.);
#14277 = VERTEX_POINT('',#14278);
#14278 = CARTESIAN_POINT('',(1.225,-0.375,2.E-02));
#14279 = LINE('',#14280,#14281);
#14280 = CARTESIAN_POINT('',(-0.1325,-0.375,2.E-02));
#14281 = VECTOR('',#14282,1.);
#14282 = DIRECTION('',(-1.,3.445092848398E-16,0.));
#14283 = ORIENTED_EDGE('',*,*,#14284,.T.);
#14284 = EDGE_CURVE('',#14277,#14285,#14287,.T.);
#14285 = VERTEX_POINT('',#14286);
#14286 = CARTESIAN_POINT('',(1.225,-0.125,2.E-02));
#14287 = CIRCLE('',#14288,0.125);
#14288 = AXIS2_PLACEMENT_3D('',#14289,#14290,#14291);
#14289 = CARTESIAN_POINT('',(1.225,-0.25,2.E-02));
#14290 = DIRECTION('',(0.,0.,-1.));
#14291 = DIRECTION('',(3.445092848398E-16,1.,0.));
#14292 = ORIENTED_EDGE('',*,*,#14293,.T.);
#14293 = EDGE_CURVE('',#14285,#14294,#14296,.T.);
#14294 = VERTEX_POINT('',#14295);
#14295 = CARTESIAN_POINT('',(1.49,-0.125,2.E-02));
#14296 = LINE('',#14297,#14298);
#14297 = CARTESIAN_POINT('',(5.E-03,-0.125,2.E-02));
#14298 = VECTOR('',#14299,1.);
#14299 = DIRECTION('',(1.,-3.445092848398E-16,0.));
#14300 = ORIENTED_EDGE('',*,*,#14301,.F.);
#14301 = EDGE_CURVE('',#13817,#14294,#14302,.T.);
#14302 = LINE('',#14303,#14304);
#14303 = CARTESIAN_POINT('',(1.49,2.49,2.E-02));
#14304 = VECTOR('',#14305,1.);
#14305 = DIRECTION('',(-2.22044604925E-16,-1.,0.));
#14306 = ORIENTED_EDGE('',*,*,#13816,.T.);
#14307 = ORIENTED_EDGE('',*,*,#13797,.T.);
#14308 = ORIENTED_EDGE('',*,*,#13767,.T.);
#14309 = ORIENTED_EDGE('',*,*,#14310,.F.);
#14310 = EDGE_CURVE('',#14311,#13760,#14313,.T.);
#14311 = VERTEX_POINT('',#14312);
#14312 = CARTESIAN_POINT('',(1.49,0.625,2.E-02));
#14313 = LINE('',#14314,#14315);
#14314 = CARTESIAN_POINT('',(1.49,2.49,2.E-02));
#14315 = VECTOR('',#14316,1.);
#14316 = DIRECTION('',(-2.22044604925E-16,-1.,0.));
#14317 = ORIENTED_EDGE('',*,*,#14318,.T.);
#14318 = EDGE_CURVE('',#14311,#14319,#14321,.T.);
#14319 = VERTEX_POINT('',#14320);
#14320 = CARTESIAN_POINT('',(1.225,0.625,2.E-02));
#14321 = LINE('',#14322,#14323);
#14322 = CARTESIAN_POINT('',(-0.1325,0.625,2.E-02));
#14323 = VECTOR('',#14324,1.);
#14324 = DIRECTION('',(-1.,3.445092848398E-16,0.));
#14325 = ORIENTED_EDGE('',*,*,#14326,.T.);
#14326 = EDGE_CURVE('',#14319,#14327,#14329,.T.);
#14327 = VERTEX_POINT('',#14328);
#14328 = CARTESIAN_POINT('',(1.225,0.875,2.E-02));
#14329 = CIRCLE('',#14330,0.125);
#14330 = AXIS2_PLACEMENT_3D('',#14331,#14332,#14333);
#14331 = CARTESIAN_POINT('',(1.225,0.75,2.E-02));
#14332 = DIRECTION('',(0.,0.,-1.));
#14333 = DIRECTION('',(3.445092848398E-16,1.,0.));
#14334 = ORIENTED_EDGE('',*,*,#14335,.T.);
#14335 = EDGE_CURVE('',#14327,#14336,#14338,.T.);
#14336 = VERTEX_POINT('',#14337);
#14337 = CARTESIAN_POINT('',(1.49,0.875,2.E-02));
#14338 = LINE('',#14339,#14340);
#14339 = CARTESIAN_POINT('',(5.E-03,0.875,2.E-02));
#14340 = VECTOR('',#14341,1.);
#14341 = DIRECTION('',(1.,-3.445092848398E-16,0.));
#14342 = ORIENTED_EDGE('',*,*,#14343,.F.);
#14343 = EDGE_CURVE('',#14344,#14336,#14346,.T.);
#14344 = VERTEX_POINT('',#14345);
#14345 = CARTESIAN_POINT('',(1.49,1.125,2.E-02));
#14346 = LINE('',#14347,#14348);
#14347 = CARTESIAN_POINT('',(1.49,2.49,2.E-02));
#14348 = VECTOR('',#14349,1.);
#14349 = DIRECTION('',(-2.22044604925E-16,-1.,0.));
#14350 = ORIENTED_EDGE('',*,*,#14351,.T.);
#14351 = EDGE_CURVE('',#14344,#14352,#14354,.T.);
#14352 = VERTEX_POINT('',#14353);
#14353 = CARTESIAN_POINT('',(1.225,1.125,2.E-02));
#14354 = LINE('',#14355,#14356);
#14355 = CARTESIAN_POINT('',(-0.1325,1.125,2.E-02));
#14356 = VECTOR('',#14357,1.);
#14357 = DIRECTION('',(-1.,3.445092848398E-16,0.));
#14358 = ORIENTED_EDGE('',*,*,#14359,.T.);
#14359 = EDGE_CURVE('',#14352,#14360,#14362,.T.);
#14360 = VERTEX_POINT('',#14361);
#14361 = CARTESIAN_POINT('',(1.225,1.375,2.E-02));
#14362 = CIRCLE('',#14363,0.125);
#14363 = AXIS2_PLACEMENT_3D('',#14364,#14365,#14366);
#14364 = CARTESIAN_POINT('',(1.225,1.25,2.E-02));
#14365 = DIRECTION('',(0.,0.,-1.));
#14366 = DIRECTION('',(3.445092848398E-16,1.,0.));
#14367 = ORIENTED_EDGE('',*,*,#14368,.T.);
#14368 = EDGE_CURVE('',#14360,#14369,#14371,.T.);
#14369 = VERTEX_POINT('',#14370);
#14370 = CARTESIAN_POINT('',(1.49,1.375,2.E-02));
#14371 = LINE('',#14372,#14373);
#14372 = CARTESIAN_POINT('',(5.E-03,1.375,2.E-02));
#14373 = VECTOR('',#14374,1.);
#14374 = DIRECTION('',(1.,-3.445092848398E-16,0.));
#14375 = ORIENTED_EDGE('',*,*,#14376,.F.);
#14376 = EDGE_CURVE('',#14377,#14369,#14379,.T.);
#14377 = VERTEX_POINT('',#14378);
#14378 = CARTESIAN_POINT('',(1.49,1.625,2.E-02));
#14379 = LINE('',#14380,#14381);
#14380 = CARTESIAN_POINT('',(1.49,2.49,2.E-02));
#14381 = VECTOR('',#14382,1.);
#14382 = DIRECTION('',(-2.22044604925E-16,-1.,0.));
#14383 = ORIENTED_EDGE('',*,*,#14384,.T.);
#14384 = EDGE_CURVE('',#14377,#14385,#14387,.T.);
#14385 = VERTEX_POINT('',#14386);
#14386 = CARTESIAN_POINT('',(1.225,1.625,2.E-02));
#14387 = LINE('',#14388,#14389);
#14388 = CARTESIAN_POINT('',(-0.1325,1.625,2.E-02));
#14389 = VECTOR('',#14390,1.);
#14390 = DIRECTION('',(-1.,3.445092848398E-16,0.));
#14391 = ORIENTED_EDGE('',*,*,#14392,.T.);
#14392 = EDGE_CURVE('',#14385,#14393,#14395,.T.);
#14393 = VERTEX_POINT('',#14394);
#14394 = CARTESIAN_POINT('',(1.225,1.875,2.E-02));
#14395 = CIRCLE('',#14396,0.125);
#14396 = AXIS2_PLACEMENT_3D('',#14397,#14398,#14399);
#14397 = CARTESIAN_POINT('',(1.225,1.75,2.E-02));
#14398 = DIRECTION('',(0.,0.,-1.));
#14399 = DIRECTION('',(3.445092848398E-16,1.,0.));
#14400 = ORIENTED_EDGE('',*,*,#14401,.T.);
#14401 = EDGE_CURVE('',#14393,#13874,#14402,.T.);
#14402 = LINE('',#14403,#14404);
#14403 = CARTESIAN_POINT('',(5.E-03,1.875,2.E-02));
#14404 = VECTOR('',#14405,1.);
#14405 = DIRECTION('',(1.,-3.445092848398E-16,0.));
#14406 = FACE_BOUND('',#14407,.F.);
#14407 = EDGE_LOOP('',(#14408,#14418,#14426,#14434,#14442));
#14408 = ORIENTED_EDGE('',*,*,#14409,.F.);
#14409 = EDGE_CURVE('',#14410,#14412,#14414,.T.);
#14410 = VERTEX_POINT('',#14411);
#14411 = CARTESIAN_POINT('',(-0.825,1.85,2.E-02));
#14412 = VERTEX_POINT('',#14413);
#14413 = CARTESIAN_POINT('',(-0.825,-2.2,2.E-02));
#14414 = LINE('',#14415,#14416);
#14415 = CARTESIAN_POINT('',(-0.825,1.85,2.E-02));
#14416 = VECTOR('',#14417,1.);
#14417 = DIRECTION('',(-2.22044604925E-16,-1.,0.));
#14418 = ORIENTED_EDGE('',*,*,#14419,.F.);
#14419 = EDGE_CURVE('',#14420,#14410,#14422,.T.);
#14420 = VERTEX_POINT('',#14421);
#14421 = CARTESIAN_POINT('',(-0.475,2.2,2.E-02));
#14422 = LINE('',#14423,#14424);
#14423 = CARTESIAN_POINT('',(-0.475,2.2,2.E-02));
#14424 = VECTOR('',#14425,1.);
#14425 = DIRECTION('',(-0.707106781187,-0.707106781187,0.));
#14426 = ORIENTED_EDGE('',*,*,#14427,.F.);
#14427 = EDGE_CURVE('',#14428,#14420,#14430,.T.);
#14428 = VERTEX_POINT('',#14429);
#14429 = CARTESIAN_POINT('',(0.825,2.2,2.E-02));
#14430 = LINE('',#14431,#14432);
#14431 = CARTESIAN_POINT('',(0.825,2.2,2.E-02));
#14432 = VECTOR('',#14433,1.);
#14433 = DIRECTION('',(-1.,2.22044604925E-16,0.));
#14434 = ORIENTED_EDGE('',*,*,#14435,.F.);
#14435 = EDGE_CURVE('',#14436,#14428,#14438,.T.);
#14436 = VERTEX_POINT('',#14437);
#14437 = CARTESIAN_POINT('',(0.825,-2.2,2.E-02));
#14438 = LINE('',#14439,#14440);
#14439 = CARTESIAN_POINT('',(0.825,-2.2,2.E-02));
#14440 = VECTOR('',#14441,1.);
#14441 = DIRECTION('',(2.22044604925E-16,1.,0.));
#14442 = ORIENTED_EDGE('',*,*,#14443,.F.);
#14443 = EDGE_CURVE('',#14412,#14436,#14444,.T.);
#14444 = LINE('',#14445,#14446);
#14445 = CARTESIAN_POINT('',(-0.825,-2.2,2.E-02));
#14446 = VECTOR('',#14447,1.);
#14447 = DIRECTION('',(1.,4.710037074167E-17,0.));
#14448 = PLANE('',#14449);
#14449 = AXIS2_PLACEMENT_3D('',#14450,#14451,#14452);
#14450 = CARTESIAN_POINT('',(-1.49,2.49,2.E-02));
#14451 = DIRECTION('',(0.,0.,1.));
#14452 = DIRECTION('',(-2.22044604925E-16,-1.,0.));
#14453 = ADVANCED_FACE('',(#14454),#14649,.T.);
#14454 = FACE_BOUND('',#14455,.T.);
#14455 = EDGE_LOOP('',(#14456,#14457,#14465,#14473,#14479,#14480,#14488,
    #14496,#14502,#14503,#14511,#14519,#14525,#14526,#14534,#14542,
    #14548,#14549,#14557,#14565,#14571,#14572,#14573,#14579,#14580,
    #14581,#14589,#14597,#14603,#14604,#14612,#14620,#14626,#14627,
    #14635,#14643));
#14456 = ORIENTED_EDGE('',*,*,#13871,.F.);
#14457 = ORIENTED_EDGE('',*,*,#14458,.T.);
#14458 = EDGE_CURVE('',#13872,#14459,#14461,.T.);
#14459 = VERTEX_POINT('',#14460);
#14460 = CARTESIAN_POINT('',(1.49,2.49,0.77));
#14461 = LINE('',#14462,#14463);
#14462 = CARTESIAN_POINT('',(1.49,2.49,2.E-02));
#14463 = VECTOR('',#14464,1.);
#14464 = DIRECTION('',(0.,0.,1.));
#14465 = ORIENTED_EDGE('',*,*,#14466,.T.);
#14466 = EDGE_CURVE('',#14459,#14467,#14469,.T.);
#14467 = VERTEX_POINT('',#14468);
#14468 = CARTESIAN_POINT('',(1.49,-2.49,0.77));
#14469 = LINE('',#14470,#14471);
#14470 = CARTESIAN_POINT('',(1.49,2.49,0.77));
#14471 = VECTOR('',#14472,1.);
#14472 = DIRECTION('',(-2.22044604925E-16,-1.,0.));
#14473 = ORIENTED_EDGE('',*,*,#14474,.F.);
#14474 = EDGE_CURVE('',#14162,#14467,#14475,.T.);
#14475 = LINE('',#14476,#14477);
#14476 = CARTESIAN_POINT('',(1.49,-2.49,2.E-02));
#14477 = VECTOR('',#14478,1.);
#14478 = DIRECTION('',(0.,0.,1.));
#14479 = ORIENTED_EDGE('',*,*,#14169,.F.);
#14480 = ORIENTED_EDGE('',*,*,#14481,.T.);
#14481 = EDGE_CURVE('',#14170,#14482,#14484,.T.);
#14482 = VERTEX_POINT('',#14483);
#14483 = CARTESIAN_POINT('',(1.49,-1.875,0.2));
#14484 = LINE('',#14485,#14486);
#14485 = CARTESIAN_POINT('',(1.49,-1.875,1.E-02));
#14486 = VECTOR('',#14487,1.);
#14487 = DIRECTION('',(0.,0.,1.));
#14488 = ORIENTED_EDGE('',*,*,#14489,.T.);
#14489 = EDGE_CURVE('',#14482,#14490,#14492,.T.);
#14490 = VERTEX_POINT('',#14491);
#14491 = CARTESIAN_POINT('',(1.49,-1.625,0.2));
#14492 = LINE('',#14493,#14494);
#14493 = CARTESIAN_POINT('',(1.49,0.4325,0.2));
#14494 = VECTOR('',#14495,1.);
#14495 = DIRECTION('',(2.22044604925E-16,1.,0.));
#14496 = ORIENTED_EDGE('',*,*,#14497,.T.);
#14497 = EDGE_CURVE('',#14490,#14195,#14498,.T.);
#14498 = LINE('',#14499,#14500);
#14499 = CARTESIAN_POINT('',(1.49,-1.625,1.E-02));
#14500 = VECTOR('',#14501,1.);
#14501 = DIRECTION('',(0.,-0.,-1.));
#14502 = ORIENTED_EDGE('',*,*,#14202,.F.);
#14503 = ORIENTED_EDGE('',*,*,#14504,.T.);
#14504 = EDGE_CURVE('',#14203,#14505,#14507,.T.);
#14505 = VERTEX_POINT('',#14506);
#14506 = CARTESIAN_POINT('',(1.49,-1.375,0.2));
#14507 = LINE('',#14508,#14509);
#14508 = CARTESIAN_POINT('',(1.49,-1.375,1.E-02));
#14509 = VECTOR('',#14510,1.);
#14510 = DIRECTION('',(0.,0.,1.));
#14511 = ORIENTED_EDGE('',*,*,#14512,.T.);
#14512 = EDGE_CURVE('',#14505,#14513,#14515,.T.);
#14513 = VERTEX_POINT('',#14514);
#14514 = CARTESIAN_POINT('',(1.49,-1.125,0.2));
#14515 = LINE('',#14516,#14517);
#14516 = CARTESIAN_POINT('',(1.49,0.6825,0.2));
#14517 = VECTOR('',#14518,1.);
#14518 = DIRECTION('',(2.22044604925E-16,1.,0.));
#14519 = ORIENTED_EDGE('',*,*,#14520,.T.);
#14520 = EDGE_CURVE('',#14513,#14228,#14521,.T.);
#14521 = LINE('',#14522,#14523);
#14522 = CARTESIAN_POINT('',(1.49,-1.125,1.E-02));
#14523 = VECTOR('',#14524,1.);
#14524 = DIRECTION('',(0.,-0.,-1.));
#14525 = ORIENTED_EDGE('',*,*,#14235,.F.);
#14526 = ORIENTED_EDGE('',*,*,#14527,.T.);
#14527 = EDGE_CURVE('',#14236,#14528,#14530,.T.);
#14528 = VERTEX_POINT('',#14529);
#14529 = CARTESIAN_POINT('',(1.49,-0.875,0.2));
#14530 = LINE('',#14531,#14532);
#14531 = CARTESIAN_POINT('',(1.49,-0.875,1.E-02));
#14532 = VECTOR('',#14533,1.);
#14533 = DIRECTION('',(0.,0.,1.));
#14534 = ORIENTED_EDGE('',*,*,#14535,.T.);
#14535 = EDGE_CURVE('',#14528,#14536,#14538,.T.);
#14536 = VERTEX_POINT('',#14537);
#14537 = CARTESIAN_POINT('',(1.49,-0.625,0.2));
#14538 = LINE('',#14539,#14540);
#14539 = CARTESIAN_POINT('',(1.49,0.9325,0.2));
#14540 = VECTOR('',#14541,1.);
#14541 = DIRECTION('',(2.22044604925E-16,1.,0.));
#14542 = ORIENTED_EDGE('',*,*,#14543,.T.);
#14543 = EDGE_CURVE('',#14536,#14261,#14544,.T.);
#14544 = LINE('',#14545,#14546);
#14545 = CARTESIAN_POINT('',(1.49,-0.625,1.E-02));
#14546 = VECTOR('',#14547,1.);
#14547 = DIRECTION('',(0.,-0.,-1.));
#14548 = ORIENTED_EDGE('',*,*,#14268,.F.);
#14549 = ORIENTED_EDGE('',*,*,#14550,.T.);
#14550 = EDGE_CURVE('',#14269,#14551,#14553,.T.);
#14551 = VERTEX_POINT('',#14552);
#14552 = CARTESIAN_POINT('',(1.49,-0.375,0.2));
#14553 = LINE('',#14554,#14555);
#14554 = CARTESIAN_POINT('',(1.49,-0.375,1.E-02));
#14555 = VECTOR('',#14556,1.);
#14556 = DIRECTION('',(0.,0.,1.));
#14557 = ORIENTED_EDGE('',*,*,#14558,.T.);
#14558 = EDGE_CURVE('',#14551,#14559,#14561,.T.);
#14559 = VERTEX_POINT('',#14560);
#14560 = CARTESIAN_POINT('',(1.49,-0.125,0.2));
#14561 = LINE('',#14562,#14563);
#14562 = CARTESIAN_POINT('',(1.49,1.1825,0.2));
#14563 = VECTOR('',#14564,1.);
#14564 = DIRECTION('',(2.22044604925E-16,1.,0.));
#14565 = ORIENTED_EDGE('',*,*,#14566,.T.);
#14566 = EDGE_CURVE('',#14559,#14294,#14567,.T.);
#14567 = LINE('',#14568,#14569);
#14568 = CARTESIAN_POINT('',(1.49,-0.125,1.E-02));
#14569 = VECTOR('',#14570,1.);
#14570 = DIRECTION('',(0.,-0.,-1.));
#14571 = ORIENTED_EDGE('',*,*,#14301,.F.);
#14572 = ORIENTED_EDGE('',*,*,#13824,.T.);
#14573 = ORIENTED_EDGE('',*,*,#14574,.T.);
#14574 = EDGE_CURVE('',#13825,#13752,#14575,.T.);
#14575 = LINE('',#14576,#14577);
#14576 = CARTESIAN_POINT('',(1.49,1.4325,0.2));
#14577 = VECTOR('',#14578,1.);
#14578 = DIRECTION('',(2.22044604925E-16,1.,0.));
#14579 = ORIENTED_EDGE('',*,*,#13759,.T.);
#14580 = ORIENTED_EDGE('',*,*,#14310,.F.);
#14581 = ORIENTED_EDGE('',*,*,#14582,.T.);
#14582 = EDGE_CURVE('',#14311,#14583,#14585,.T.);
#14583 = VERTEX_POINT('',#14584);
#14584 = CARTESIAN_POINT('',(1.49,0.625,0.2));
#14585 = LINE('',#14586,#14587);
#14586 = CARTESIAN_POINT('',(1.49,0.625,1.E-02));
#14587 = VECTOR('',#14588,1.);
#14588 = DIRECTION('',(0.,0.,1.));
#14589 = ORIENTED_EDGE('',*,*,#14590,.T.);
#14590 = EDGE_CURVE('',#14583,#14591,#14593,.T.);
#14591 = VERTEX_POINT('',#14592);
#14592 = CARTESIAN_POINT('',(1.49,0.875,0.2));
#14593 = LINE('',#14594,#14595);
#14594 = CARTESIAN_POINT('',(1.49,1.6825,0.2));
#14595 = VECTOR('',#14596,1.);
#14596 = DIRECTION('',(2.22044604925E-16,1.,0.));
#14597 = ORIENTED_EDGE('',*,*,#14598,.T.);
#14598 = EDGE_CURVE('',#14591,#14336,#14599,.T.);
#14599 = LINE('',#14600,#14601);
#14600 = CARTESIAN_POINT('',(1.49,0.875,1.E-02));
#14601 = VECTOR('',#14602,1.);
#14602 = DIRECTION('',(0.,-0.,-1.));
#14603 = ORIENTED_EDGE('',*,*,#14343,.F.);
#14604 = ORIENTED_EDGE('',*,*,#14605,.T.);
#14605 = EDGE_CURVE('',#14344,#14606,#14608,.T.);
#14606 = VERTEX_POINT('',#14607);
#14607 = CARTESIAN_POINT('',(1.49,1.125,0.2));
#14608 = LINE('',#14609,#14610);
#14609 = CARTESIAN_POINT('',(1.49,1.125,1.E-02));
#14610 = VECTOR('',#14611,1.);
#14611 = DIRECTION('',(0.,0.,1.));
#14612 = ORIENTED_EDGE('',*,*,#14613,.T.);
#14613 = EDGE_CURVE('',#14606,#14614,#14616,.T.);
#14614 = VERTEX_POINT('',#14615);
#14615 = CARTESIAN_POINT('',(1.49,1.375,0.2));
#14616 = LINE('',#14617,#14618);
#14617 = CARTESIAN_POINT('',(1.49,1.9325,0.2));
#14618 = VECTOR('',#14619,1.);
#14619 = DIRECTION('',(2.22044604925E-16,1.,0.));
#14620 = ORIENTED_EDGE('',*,*,#14621,.T.);
#14621 = EDGE_CURVE('',#14614,#14369,#14622,.T.);
#14622 = LINE('',#14623,#14624);
#14623 = CARTESIAN_POINT('',(1.49,1.375,1.E-02));
#14624 = VECTOR('',#14625,1.);
#14625 = DIRECTION('',(0.,-0.,-1.));
#14626 = ORIENTED_EDGE('',*,*,#14376,.F.);
#14627 = ORIENTED_EDGE('',*,*,#14628,.T.);
#14628 = EDGE_CURVE('',#14377,#14629,#14631,.T.);
#14629 = VERTEX_POINT('',#14630);
#14630 = CARTESIAN_POINT('',(1.49,1.625,0.2));
#14631 = LINE('',#14632,#14633);
#14632 = CARTESIAN_POINT('',(1.49,1.625,1.E-02));
#14633 = VECTOR('',#14634,1.);
#14634 = DIRECTION('',(0.,0.,1.));
#14635 = ORIENTED_EDGE('',*,*,#14636,.T.);
#14636 = EDGE_CURVE('',#14629,#14637,#14639,.T.);
#14637 = VERTEX_POINT('',#14638);
#14638 = CARTESIAN_POINT('',(1.49,1.875,0.2));
#14639 = LINE('',#14640,#14641);
#14640 = CARTESIAN_POINT('',(1.49,2.1825,0.2));
#14641 = VECTOR('',#14642,1.);
#14642 = DIRECTION('',(2.22044604925E-16,1.,0.));
#14643 = ORIENTED_EDGE('',*,*,#14644,.T.);
#14644 = EDGE_CURVE('',#14637,#13874,#14645,.T.);
#14645 = LINE('',#14646,#14647);
#14646 = CARTESIAN_POINT('',(1.49,1.875,1.E-02));
#14647 = VECTOR('',#14648,1.);
#14648 = DIRECTION('',(0.,-0.,-1.));
#14649 = PLANE('',#14650);
#14650 = AXIS2_PLACEMENT_3D('',#14651,#14652,#14653);
#14651 = CARTESIAN_POINT('',(1.49,2.49,2.E-02));
#14652 = DIRECTION('',(1.,-2.22044604925E-16,0.));
#14653 = DIRECTION('',(0.,0.,1.));
#14654 = ADVANCED_FACE('',(#14655),#14661,.F.);
#14655 = FACE_BOUND('',#14656,.F.);
#14656 = EDGE_LOOP('',(#14657,#14658,#14659,#14660));
#14657 = ORIENTED_EDGE('',*,*,#13751,.F.);
#14658 = ORIENTED_EDGE('',*,*,#13855,.F.);
#14659 = ORIENTED_EDGE('',*,*,#13832,.F.);
#14660 = ORIENTED_EDGE('',*,*,#14574,.T.);
#14661 = PLANE('',#14662);
#14662 = AXIS2_PLACEMENT_3D('',#14663,#14664,#14665);
#14663 = CARTESIAN_POINT('',(1.5,0.375,0.2));
#14664 = DIRECTION('',(0.,0.,-1.));
#14665 = DIRECTION('',(-3.445092848398E-16,-1.,-0.));
#14666 = ADVANCED_FACE('',(#14667),#14685,.F.);
#14667 = FACE_BOUND('',#14668,.F.);
#14668 = EDGE_LOOP('',(#14669,#14677,#14678,#14679));
#14669 = ORIENTED_EDGE('',*,*,#14670,.F.);
#14670 = EDGE_CURVE('',#13882,#14671,#14673,.T.);
#14671 = VERTEX_POINT('',#14672);
#14672 = CARTESIAN_POINT('',(-1.49,2.49,0.77));
#14673 = LINE('',#14674,#14675);
#14674 = CARTESIAN_POINT('',(-1.49,2.49,2.E-02));
#14675 = VECTOR('',#14676,1.);
#14676 = DIRECTION('',(0.,0.,1.));
#14677 = ORIENTED_EDGE('',*,*,#13881,.T.);
#14678 = ORIENTED_EDGE('',*,*,#14458,.T.);
#14679 = ORIENTED_EDGE('',*,*,#14680,.F.);
#14680 = EDGE_CURVE('',#14671,#14459,#14681,.T.);
#14681 = LINE('',#14682,#14683);
#14682 = CARTESIAN_POINT('',(-1.49,2.49,0.77));
#14683 = VECTOR('',#14684,1.);
#14684 = DIRECTION('',(1.,-2.22044604925E-16,0.));
#14685 = PLANE('',#14686);
#14686 = AXIS2_PLACEMENT_3D('',#14687,#14688,#14689);
#14687 = CARTESIAN_POINT('',(-1.49,2.49,2.E-02));
#14688 = DIRECTION('',(-2.22044604925E-16,-1.,0.));
#14689 = DIRECTION('',(0.,0.,1.));
#14690 = ADVANCED_FACE('',(#14691),#14725,.F.);
#14691 = FACE_BOUND('',#14692,.F.);
#14692 = EDGE_LOOP('',(#14693,#14703,#14711,#14717,#14718,#14719));
#14693 = ORIENTED_EDGE('',*,*,#14694,.F.);
#14694 = EDGE_CURVE('',#14695,#14697,#14699,.T.);
#14695 = VERTEX_POINT('',#14696);
#14696 = CARTESIAN_POINT('',(1.5,1.875,0.));
#14697 = VERTEX_POINT('',#14698);
#14698 = CARTESIAN_POINT('',(1.225,1.875,0.));
#14699 = LINE('',#14700,#14701);
#14700 = CARTESIAN_POINT('',(1.5,1.875,0.));
#14701 = VECTOR('',#14702,1.);
#14702 = DIRECTION('',(-1.,3.445092848398E-16,0.));
#14703 = ORIENTED_EDGE('',*,*,#14704,.T.);
#14704 = EDGE_CURVE('',#14695,#14705,#14707,.T.);
#14705 = VERTEX_POINT('',#14706);
#14706 = CARTESIAN_POINT('',(1.5,1.875,0.2));
#14707 = LINE('',#14708,#14709);
#14708 = CARTESIAN_POINT('',(1.5,1.875,0.));
#14709 = VECTOR('',#14710,1.);
#14710 = DIRECTION('',(0.,0.,1.));
#14711 = ORIENTED_EDGE('',*,*,#14712,.T.);
#14712 = EDGE_CURVE('',#14705,#14637,#14713,.T.);
#14713 = LINE('',#14714,#14715);
#14714 = CARTESIAN_POINT('',(1.5,1.875,0.2));
#14715 = VECTOR('',#14716,1.);
#14716 = DIRECTION('',(-1.,3.445092848398E-16,0.));
#14717 = ORIENTED_EDGE('',*,*,#14644,.T.);
#14718 = ORIENTED_EDGE('',*,*,#14401,.F.);
#14719 = ORIENTED_EDGE('',*,*,#14720,.F.);
#14720 = EDGE_CURVE('',#14697,#14393,#14721,.T.);
#14721 = LINE('',#14722,#14723);
#14722 = CARTESIAN_POINT('',(1.225,1.875,0.));
#14723 = VECTOR('',#14724,1.);
#14724 = DIRECTION('',(0.,0.,1.));
#14725 = PLANE('',#14726);
#14726 = AXIS2_PLACEMENT_3D('',#14727,#14728,#14729);
#14727 = CARTESIAN_POINT('',(1.5,1.875,0.));
#14728 = DIRECTION('',(-3.445092848398E-16,-1.,0.));
#14729 = DIRECTION('',(-1.,3.445092848398E-16,0.));
#14730 = ADVANCED_FACE('',(#14731),#14933,.F.);
#14731 = FACE_BOUND('',#14732,.F.);
#14732 = EDGE_LOOP('',(#14733,#14734,#14735,#14743,#14749,#14750,#14758,
    #14766,#14772,#14773,#14781,#14789,#14795,#14796,#14804,#14812,
    #14818,#14819,#14827,#14835,#14841,#14842,#14850,#14858,#14864,
    #14865,#14873,#14881,#14887,#14888,#14896,#14904,#14910,#14911,
    #14919,#14927));
#14733 = ORIENTED_EDGE('',*,*,#13889,.F.);
#14734 = ORIENTED_EDGE('',*,*,#14670,.T.);
#14735 = ORIENTED_EDGE('',*,*,#14736,.T.);
#14736 = EDGE_CURVE('',#14671,#14737,#14739,.T.);
#14737 = VERTEX_POINT('',#14738);
#14738 = CARTESIAN_POINT('',(-1.49,-2.49,0.77));
#14739 = LINE('',#14740,#14741);
#14740 = CARTESIAN_POINT('',(-1.49,2.49,0.77));
#14741 = VECTOR('',#14742,1.);
#14742 = DIRECTION('',(-2.22044604925E-16,-1.,0.));
#14743 = ORIENTED_EDGE('',*,*,#14744,.F.);
#14744 = EDGE_CURVE('',#14154,#14737,#14745,.T.);
#14745 = LINE('',#14746,#14747);
#14746 = CARTESIAN_POINT('',(-1.49,-2.49,2.E-02));
#14747 = VECTOR('',#14748,1.);
#14748 = DIRECTION('',(0.,0.,1.));
#14749 = ORIENTED_EDGE('',*,*,#14153,.F.);
#14750 = ORIENTED_EDGE('',*,*,#14751,.T.);
#14751 = EDGE_CURVE('',#14146,#14752,#14754,.T.);
#14752 = VERTEX_POINT('',#14753);
#14753 = CARTESIAN_POINT('',(-1.49,-1.875,0.2));
#14754 = LINE('',#14755,#14756);
#14755 = CARTESIAN_POINT('',(-1.49,-1.875,1.E-02));
#14756 = VECTOR('',#14757,1.);
#14757 = DIRECTION('',(0.,0.,1.));
#14758 = ORIENTED_EDGE('',*,*,#14759,.T.);
#14759 = EDGE_CURVE('',#14752,#14760,#14762,.T.);
#14760 = VERTEX_POINT('',#14761);
#14761 = CARTESIAN_POINT('',(-1.49,-1.625,0.2));
#14762 = LINE('',#14763,#14764);
#14763 = CARTESIAN_POINT('',(-1.49,0.3075,0.2));
#14764 = VECTOR('',#14765,1.);
#14765 = DIRECTION('',(2.22044604925E-16,1.,0.));
#14766 = ORIENTED_EDGE('',*,*,#14767,.T.);
#14767 = EDGE_CURVE('',#14760,#14121,#14768,.T.);
#14768 = LINE('',#14769,#14770);
#14769 = CARTESIAN_POINT('',(-1.49,-1.625,1.E-02));
#14770 = VECTOR('',#14771,1.);
#14771 = DIRECTION('',(0.,-0.,-1.));
#14772 = ORIENTED_EDGE('',*,*,#14120,.F.);
#14773 = ORIENTED_EDGE('',*,*,#14774,.T.);
#14774 = EDGE_CURVE('',#14113,#14775,#14777,.T.);
#14775 = VERTEX_POINT('',#14776);
#14776 = CARTESIAN_POINT('',(-1.49,-1.375,0.2));
#14777 = LINE('',#14778,#14779);
#14778 = CARTESIAN_POINT('',(-1.49,-1.375,1.E-02));
#14779 = VECTOR('',#14780,1.);
#14780 = DIRECTION('',(0.,0.,1.));
#14781 = ORIENTED_EDGE('',*,*,#14782,.T.);
#14782 = EDGE_CURVE('',#14775,#14783,#14785,.T.);
#14783 = VERTEX_POINT('',#14784);
#14784 = CARTESIAN_POINT('',(-1.49,-1.125,0.2));
#14785 = LINE('',#14786,#14787);
#14786 = CARTESIAN_POINT('',(-1.49,0.5575,0.2));
#14787 = VECTOR('',#14788,1.);
#14788 = DIRECTION('',(2.22044604925E-16,1.,0.));
#14789 = ORIENTED_EDGE('',*,*,#14790,.T.);
#14790 = EDGE_CURVE('',#14783,#14088,#14791,.T.);
#14791 = LINE('',#14792,#14793);
#14792 = CARTESIAN_POINT('',(-1.49,-1.125,1.E-02));
#14793 = VECTOR('',#14794,1.);
#14794 = DIRECTION('',(0.,-0.,-1.));
#14795 = ORIENTED_EDGE('',*,*,#14087,.F.);
#14796 = ORIENTED_EDGE('',*,*,#14797,.T.);
#14797 = EDGE_CURVE('',#14080,#14798,#14800,.T.);
#14798 = VERTEX_POINT('',#14799);
#14799 = CARTESIAN_POINT('',(-1.49,-0.875,0.2));
#14800 = LINE('',#14801,#14802);
#14801 = CARTESIAN_POINT('',(-1.49,-0.875,1.E-02));
#14802 = VECTOR('',#14803,1.);
#14803 = DIRECTION('',(0.,0.,1.));
#14804 = ORIENTED_EDGE('',*,*,#14805,.T.);
#14805 = EDGE_CURVE('',#14798,#14806,#14808,.T.);
#14806 = VERTEX_POINT('',#14807);
#14807 = CARTESIAN_POINT('',(-1.49,-0.625,0.2));
#14808 = LINE('',#14809,#14810);
#14809 = CARTESIAN_POINT('',(-1.49,0.8075,0.2));
#14810 = VECTOR('',#14811,1.);
#14811 = DIRECTION('',(2.22044604925E-16,1.,0.));
#14812 = ORIENTED_EDGE('',*,*,#14813,.T.);
#14813 = EDGE_CURVE('',#14806,#14055,#14814,.T.);
#14814 = LINE('',#14815,#14816);
#14815 = CARTESIAN_POINT('',(-1.49,-0.625,1.E-02));
#14816 = VECTOR('',#14817,1.);
#14817 = DIRECTION('',(0.,-0.,-1.));
#14818 = ORIENTED_EDGE('',*,*,#14054,.F.);
#14819 = ORIENTED_EDGE('',*,*,#14820,.T.);
#14820 = EDGE_CURVE('',#14047,#14821,#14823,.T.);
#14821 = VERTEX_POINT('',#14822);
#14822 = CARTESIAN_POINT('',(-1.49,-0.375,0.2));
#14823 = LINE('',#14824,#14825);
#14824 = CARTESIAN_POINT('',(-1.49,-0.375,1.E-02));
#14825 = VECTOR('',#14826,1.);
#14826 = DIRECTION('',(0.,0.,1.));
#14827 = ORIENTED_EDGE('',*,*,#14828,.T.);
#14828 = EDGE_CURVE('',#14821,#14829,#14831,.T.);
#14829 = VERTEX_POINT('',#14830);
#14830 = CARTESIAN_POINT('',(-1.49,-0.125,0.2));
#14831 = LINE('',#14832,#14833);
#14832 = CARTESIAN_POINT('',(-1.49,1.0575,0.2));
#14833 = VECTOR('',#14834,1.);
#14834 = DIRECTION('',(2.22044604925E-16,1.,0.));
#14835 = ORIENTED_EDGE('',*,*,#14836,.T.);
#14836 = EDGE_CURVE('',#14829,#14022,#14837,.T.);
#14837 = LINE('',#14838,#14839);
#14838 = CARTESIAN_POINT('',(-1.49,-0.125,1.E-02));
#14839 = VECTOR('',#14840,1.);
#14840 = DIRECTION('',(0.,-0.,-1.));
#14841 = ORIENTED_EDGE('',*,*,#14021,.F.);
#14842 = ORIENTED_EDGE('',*,*,#14843,.T.);
#14843 = EDGE_CURVE('',#14014,#14844,#14846,.T.);
#14844 = VERTEX_POINT('',#14845);
#14845 = CARTESIAN_POINT('',(-1.49,0.125,0.2));
#14846 = LINE('',#14847,#14848);
#14847 = CARTESIAN_POINT('',(-1.49,0.125,1.E-02));
#14848 = VECTOR('',#14849,1.);
#14849 = DIRECTION('',(0.,0.,1.));
#14850 = ORIENTED_EDGE('',*,*,#14851,.T.);
#14851 = EDGE_CURVE('',#14844,#14852,#14854,.T.);
#14852 = VERTEX_POINT('',#14853);
#14853 = CARTESIAN_POINT('',(-1.49,0.375,0.2));
#14854 = LINE('',#14855,#14856);
#14855 = CARTESIAN_POINT('',(-1.49,1.3075,0.2));
#14856 = VECTOR('',#14857,1.);
#14857 = DIRECTION('',(2.22044604925E-16,1.,0.));
#14858 = ORIENTED_EDGE('',*,*,#14859,.T.);
#14859 = EDGE_CURVE('',#14852,#13989,#14860,.T.);
#14860 = LINE('',#14861,#14862);
#14861 = CARTESIAN_POINT('',(-1.49,0.375,1.E-02));
#14862 = VECTOR('',#14863,1.);
#14863 = DIRECTION('',(0.,-0.,-1.));
#14864 = ORIENTED_EDGE('',*,*,#13988,.F.);
#14865 = ORIENTED_EDGE('',*,*,#14866,.T.);
#14866 = EDGE_CURVE('',#13981,#14867,#14869,.T.);
#14867 = VERTEX_POINT('',#14868);
#14868 = CARTESIAN_POINT('',(-1.49,0.625,0.2));
#14869 = LINE('',#14870,#14871);
#14870 = CARTESIAN_POINT('',(-1.49,0.625,1.E-02));
#14871 = VECTOR('',#14872,1.);
#14872 = DIRECTION('',(0.,0.,1.));
#14873 = ORIENTED_EDGE('',*,*,#14874,.T.);
#14874 = EDGE_CURVE('',#14867,#14875,#14877,.T.);
#14875 = VERTEX_POINT('',#14876);
#14876 = CARTESIAN_POINT('',(-1.49,0.875,0.2));
#14877 = LINE('',#14878,#14879);
#14878 = CARTESIAN_POINT('',(-1.49,1.5575,0.2));
#14879 = VECTOR('',#14880,1.);
#14880 = DIRECTION('',(2.22044604925E-16,1.,0.));
#14881 = ORIENTED_EDGE('',*,*,#14882,.T.);
#14882 = EDGE_CURVE('',#14875,#13956,#14883,.T.);
#14883 = LINE('',#14884,#14885);
#14884 = CARTESIAN_POINT('',(-1.49,0.875,1.E-02));
#14885 = VECTOR('',#14886,1.);
#14886 = DIRECTION('',(0.,-0.,-1.));
#14887 = ORIENTED_EDGE('',*,*,#13955,.F.);
#14888 = ORIENTED_EDGE('',*,*,#14889,.T.);
#14889 = EDGE_CURVE('',#13948,#14890,#14892,.T.);
#14890 = VERTEX_POINT('',#14891);
#14891 = CARTESIAN_POINT('',(-1.49,1.125,0.2));
#14892 = LINE('',#14893,#14894);
#14893 = CARTESIAN_POINT('',(-1.49,1.125,1.E-02));
#14894 = VECTOR('',#14895,1.);
#14895 = DIRECTION('',(0.,0.,1.));
#14896 = ORIENTED_EDGE('',*,*,#14897,.T.);
#14897 = EDGE_CURVE('',#14890,#14898,#14900,.T.);
#14898 = VERTEX_POINT('',#14899);
#14899 = CARTESIAN_POINT('',(-1.49,1.375,0.2));
#14900 = LINE('',#14901,#14902);
#14901 = CARTESIAN_POINT('',(-1.49,1.8075,0.2));
#14902 = VECTOR('',#14903,1.);
#14903 = DIRECTION('',(2.22044604925E-16,1.,0.));
#14904 = ORIENTED_EDGE('',*,*,#14905,.T.);
#14905 = EDGE_CURVE('',#14898,#13923,#14906,.T.);
#14906 = LINE('',#14907,#14908);
#14907 = CARTESIAN_POINT('',(-1.49,1.375,1.E-02));
#14908 = VECTOR('',#14909,1.);
#14909 = DIRECTION('',(0.,-0.,-1.));
#14910 = ORIENTED_EDGE('',*,*,#13922,.F.);
#14911 = ORIENTED_EDGE('',*,*,#14912,.T.);
#14912 = EDGE_CURVE('',#13915,#14913,#14915,.T.);
#14913 = VERTEX_POINT('',#14914);
#14914 = CARTESIAN_POINT('',(-1.49,1.625,0.2));
#14915 = LINE('',#14916,#14917);
#14916 = CARTESIAN_POINT('',(-1.49,1.625,1.E-02));
#14917 = VECTOR('',#14918,1.);
#14918 = DIRECTION('',(0.,0.,1.));
#14919 = ORIENTED_EDGE('',*,*,#14920,.T.);
#14920 = EDGE_CURVE('',#14913,#14921,#14923,.T.);
#14921 = VERTEX_POINT('',#14922);
#14922 = CARTESIAN_POINT('',(-1.49,1.875,0.2));
#14923 = LINE('',#14924,#14925);
#14924 = CARTESIAN_POINT('',(-1.49,2.0575,0.2));
#14925 = VECTOR('',#14926,1.);
#14926 = DIRECTION('',(2.22044604925E-16,1.,0.));
#14927 = ORIENTED_EDGE('',*,*,#14928,.T.);
#14928 = EDGE_CURVE('',#14921,#13890,#14929,.T.);
#14929 = LINE('',#14930,#14931);
#14930 = CARTESIAN_POINT('',(-1.49,1.875,1.E-02));
#14931 = VECTOR('',#14932,1.);
#14932 = DIRECTION('',(0.,-0.,-1.));
#14933 = PLANE('',#14934);
#14934 = AXIS2_PLACEMENT_3D('',#14935,#14936,#14937);
#14935 = CARTESIAN_POINT('',(-1.49,2.49,2.E-02));
#14936 = DIRECTION('',(1.,-2.22044604925E-16,0.));
#14937 = DIRECTION('',(0.,0.,1.));
#14938 = ADVANCED_FACE('',(#14939),#14958,.T.);
#14939 = FACE_BOUND('',#14940,.T.);
#14940 = EDGE_LOOP('',(#14941,#14949,#14950,#14951));
#14941 = ORIENTED_EDGE('',*,*,#14942,.T.);
#14942 = EDGE_CURVE('',#14943,#14385,#14945,.T.);
#14943 = VERTEX_POINT('',#14944);
#14944 = CARTESIAN_POINT('',(1.225,1.625,0.));
#14945 = LINE('',#14946,#14947);
#14946 = CARTESIAN_POINT('',(1.225,1.625,0.));
#14947 = VECTOR('',#14948,1.);
#14948 = DIRECTION('',(0.,0.,1.));
#14949 = ORIENTED_EDGE('',*,*,#14392,.T.);
#14950 = ORIENTED_EDGE('',*,*,#14720,.F.);
#14951 = ORIENTED_EDGE('',*,*,#14952,.T.);
#14952 = EDGE_CURVE('',#14697,#14943,#14953,.T.);
#14953 = CIRCLE('',#14954,0.125);
#14954 = AXIS2_PLACEMENT_3D('',#14955,#14956,#14957);
#14955 = CARTESIAN_POINT('',(1.225,1.75,0.));
#14956 = DIRECTION('',(0.,-0.,1.));
#14957 = DIRECTION('',(3.445092848398E-16,1.,0.));
#14958 = CYLINDRICAL_SURFACE('',#14959,0.125);
#14959 = AXIS2_PLACEMENT_3D('',#14960,#14961,#14962);
#14960 = CARTESIAN_POINT('',(1.225,1.75,0.));
#14961 = DIRECTION('',(0.,-0.,-1.));
#14962 = DIRECTION('',(3.445092848398E-16,1.,0.));
#14963 = ADVANCED_FACE('',(#14964),#14998,.F.);
#14964 = FACE_BOUND('',#14965,.F.);
#14965 = EDGE_LOOP('',(#14966,#14976,#14982,#14983,#14984,#14992));
#14966 = ORIENTED_EDGE('',*,*,#14967,.F.);
#14967 = EDGE_CURVE('',#14968,#14970,#14972,.T.);
#14968 = VERTEX_POINT('',#14969);
#14969 = CARTESIAN_POINT('',(-1.225,1.875,0.));
#14970 = VERTEX_POINT('',#14971);
#14971 = CARTESIAN_POINT('',(-1.5,1.875,0.));
#14972 = LINE('',#14973,#14974);
#14973 = CARTESIAN_POINT('',(-1.225,1.875,0.));
#14974 = VECTOR('',#14975,1.);
#14975 = DIRECTION('',(-1.,4.669739647545E-16,0.));
#14976 = ORIENTED_EDGE('',*,*,#14977,.T.);
#14977 = EDGE_CURVE('',#14968,#13898,#14978,.T.);
#14978 = LINE('',#14979,#14980);
#14979 = CARTESIAN_POINT('',(-1.225,1.875,0.));
#14980 = VECTOR('',#14981,1.);
#14981 = DIRECTION('',(0.,0.,1.));
#14982 = ORIENTED_EDGE('',*,*,#13897,.F.);
#14983 = ORIENTED_EDGE('',*,*,#14928,.F.);
#14984 = ORIENTED_EDGE('',*,*,#14985,.T.);
#14985 = EDGE_CURVE('',#14921,#14986,#14988,.T.);
#14986 = VERTEX_POINT('',#14987);
#14987 = CARTESIAN_POINT('',(-1.5,1.875,0.2));
#14988 = LINE('',#14989,#14990);
#14989 = CARTESIAN_POINT('',(-1.225,1.875,0.2));
#14990 = VECTOR('',#14991,1.);
#14991 = DIRECTION('',(-1.,4.669739647545E-16,0.));
#14992 = ORIENTED_EDGE('',*,*,#14993,.F.);
#14993 = EDGE_CURVE('',#14970,#14986,#14994,.T.);
#14994 = LINE('',#14995,#14996);
#14995 = CARTESIAN_POINT('',(-1.5,1.875,0.));
#14996 = VECTOR('',#14997,1.);
#14997 = DIRECTION('',(0.,0.,1.));
#14998 = PLANE('',#14999);
#14999 = AXIS2_PLACEMENT_3D('',#15000,#15001,#15002);
#15000 = CARTESIAN_POINT('',(-1.225,1.875,0.));
#15001 = DIRECTION('',(-4.669739647545E-16,-1.,0.));
#15002 = DIRECTION('',(-1.,4.669739647545E-16,0.));
#15003 = ADVANCED_FACE('',(#15004),#15031,.F.);
#15004 = FACE_BOUND('',#15005,.F.);
#15005 = EDGE_LOOP('',(#15006,#15014,#15015,#15016,#15017,#15025));
#15006 = ORIENTED_EDGE('',*,*,#15007,.F.);
#15007 = EDGE_CURVE('',#14943,#15008,#15010,.T.);
#15008 = VERTEX_POINT('',#15009);
#15009 = CARTESIAN_POINT('',(1.5,1.625,0.));
#15010 = LINE('',#15011,#15012);
#15011 = CARTESIAN_POINT('',(1.225,1.625,0.));
#15012 = VECTOR('',#15013,1.);
#15013 = DIRECTION('',(1.,-3.445092848398E-16,0.));
#15014 = ORIENTED_EDGE('',*,*,#14942,.T.);
#15015 = ORIENTED_EDGE('',*,*,#14384,.F.);
#15016 = ORIENTED_EDGE('',*,*,#14628,.T.);
#15017 = ORIENTED_EDGE('',*,*,#15018,.T.);
#15018 = EDGE_CURVE('',#14629,#15019,#15021,.T.);
#15019 = VERTEX_POINT('',#15020);
#15020 = CARTESIAN_POINT('',(1.5,1.625,0.2));
#15021 = LINE('',#15022,#15023);
#15022 = CARTESIAN_POINT('',(1.225,1.625,0.2));
#15023 = VECTOR('',#15024,1.);
#15024 = DIRECTION('',(1.,-3.445092848398E-16,0.));
#15025 = ORIENTED_EDGE('',*,*,#15026,.F.);
#15026 = EDGE_CURVE('',#15008,#15019,#15027,.T.);
#15027 = LINE('',#15028,#15029);
#15028 = CARTESIAN_POINT('',(1.5,1.625,0.));
#15029 = VECTOR('',#15030,1.);
#15030 = DIRECTION('',(0.,0.,1.));
#15031 = PLANE('',#15032);
#15032 = AXIS2_PLACEMENT_3D('',#15033,#15034,#15035);
#15033 = CARTESIAN_POINT('',(1.225,1.625,0.));
#15034 = DIRECTION('',(3.445092848398E-16,1.,0.));
#15035 = DIRECTION('',(1.,-3.445092848398E-16,0.));
#15036 = ADVANCED_FACE('',(#15037),#15056,.T.);
#15037 = FACE_BOUND('',#15038,.T.);
#15038 = EDGE_LOOP('',(#15039,#15040,#15041,#15049));
#15039 = ORIENTED_EDGE('',*,*,#14977,.T.);
#15040 = ORIENTED_EDGE('',*,*,#13905,.T.);
#15041 = ORIENTED_EDGE('',*,*,#15042,.F.);
#15042 = EDGE_CURVE('',#15043,#13906,#15045,.T.);
#15043 = VERTEX_POINT('',#15044);
#15044 = CARTESIAN_POINT('',(-1.225,1.625,0.));
#15045 = LINE('',#15046,#15047);
#15046 = CARTESIAN_POINT('',(-1.225,1.625,0.));
#15047 = VECTOR('',#15048,1.);
#15048 = DIRECTION('',(0.,0.,1.));
#15049 = ORIENTED_EDGE('',*,*,#15050,.T.);
#15050 = EDGE_CURVE('',#15043,#14968,#15051,.T.);
#15051 = CIRCLE('',#15052,0.125);
#15052 = AXIS2_PLACEMENT_3D('',#15053,#15054,#15055);
#15053 = CARTESIAN_POINT('',(-1.225,1.75,0.));
#15054 = DIRECTION('',(0.,0.,1.));
#15055 = DIRECTION('',(-4.669739647545E-16,-1.,0.));
#15056 = CYLINDRICAL_SURFACE('',#15057,0.125);
#15057 = AXIS2_PLACEMENT_3D('',#15058,#15059,#15060);
#15058 = CARTESIAN_POINT('',(-1.225,1.75,0.));
#15059 = DIRECTION('',(0.,0.,-1.));
#15060 = DIRECTION('',(-4.669739647545E-16,-1.,-0.));
#15061 = ADVANCED_FACE('',(#15062),#15089,.F.);
#15062 = FACE_BOUND('',#15063,.F.);
#15063 = EDGE_LOOP('',(#15064,#15072,#15080,#15086,#15087,#15088));
#15064 = ORIENTED_EDGE('',*,*,#15065,.F.);
#15065 = EDGE_CURVE('',#15066,#15043,#15068,.T.);
#15066 = VERTEX_POINT('',#15067);
#15067 = CARTESIAN_POINT('',(-1.5,1.625,0.));
#15068 = LINE('',#15069,#15070);
#15069 = CARTESIAN_POINT('',(-1.5,1.625,0.));
#15070 = VECTOR('',#15071,1.);
#15071 = DIRECTION('',(1.,-4.669739647545E-16,0.));
#15072 = ORIENTED_EDGE('',*,*,#15073,.T.);
#15073 = EDGE_CURVE('',#15066,#15074,#15076,.T.);
#15074 = VERTEX_POINT('',#15075);
#15075 = CARTESIAN_POINT('',(-1.5,1.625,0.2));
#15076 = LINE('',#15077,#15078);
#15077 = CARTESIAN_POINT('',(-1.5,1.625,0.));
#15078 = VECTOR('',#15079,1.);
#15079 = DIRECTION('',(0.,0.,1.));
#15080 = ORIENTED_EDGE('',*,*,#15081,.T.);
#15081 = EDGE_CURVE('',#15074,#14913,#15082,.T.);
#15082 = LINE('',#15083,#15084);
#15083 = CARTESIAN_POINT('',(-1.5,1.625,0.2));
#15084 = VECTOR('',#15085,1.);
#15085 = DIRECTION('',(1.,-4.669739647545E-16,0.));
#15086 = ORIENTED_EDGE('',*,*,#14912,.F.);
#15087 = ORIENTED_EDGE('',*,*,#13914,.F.);
#15088 = ORIENTED_EDGE('',*,*,#15042,.F.);
#15089 = PLANE('',#15090);
#15090 = AXIS2_PLACEMENT_3D('',#15091,#15092,#15093);
#15091 = CARTESIAN_POINT('',(-1.5,1.625,0.));
#15092 = DIRECTION('',(4.669739647545E-16,1.,0.));
#15093 = DIRECTION('',(1.,-4.669739647545E-16,0.));
#15094 = ADVANCED_FACE('',(#15095),#15129,.F.);
#15095 = FACE_BOUND('',#15096,.F.);
#15096 = EDGE_LOOP('',(#15097,#15107,#15115,#15121,#15122,#15123));
#15097 = ORIENTED_EDGE('',*,*,#15098,.F.);
#15098 = EDGE_CURVE('',#15099,#15101,#15103,.T.);
#15099 = VERTEX_POINT('',#15100);
#15100 = CARTESIAN_POINT('',(1.5,1.375,0.));
#15101 = VERTEX_POINT('',#15102);
#15102 = CARTESIAN_POINT('',(1.225,1.375,0.));
#15103 = LINE('',#15104,#15105);
#15104 = CARTESIAN_POINT('',(1.5,1.375,0.));
#15105 = VECTOR('',#15106,1.);
#15106 = DIRECTION('',(-1.,3.445092848398E-16,0.));
#15107 = ORIENTED_EDGE('',*,*,#15108,.T.);
#15108 = EDGE_CURVE('',#15099,#15109,#15111,.T.);
#15109 = VERTEX_POINT('',#15110);
#15110 = CARTESIAN_POINT('',(1.5,1.375,0.2));
#15111 = LINE('',#15112,#15113);
#15112 = CARTESIAN_POINT('',(1.5,1.375,0.));
#15113 = VECTOR('',#15114,1.);
#15114 = DIRECTION('',(0.,0.,1.));
#15115 = ORIENTED_EDGE('',*,*,#15116,.T.);
#15116 = EDGE_CURVE('',#15109,#14614,#15117,.T.);
#15117 = LINE('',#15118,#15119);
#15118 = CARTESIAN_POINT('',(1.5,1.375,0.2));
#15119 = VECTOR('',#15120,1.);
#15120 = DIRECTION('',(-1.,3.445092848398E-16,0.));
#15121 = ORIENTED_EDGE('',*,*,#14621,.T.);
#15122 = ORIENTED_EDGE('',*,*,#14368,.F.);
#15123 = ORIENTED_EDGE('',*,*,#15124,.F.);
#15124 = EDGE_CURVE('',#15101,#14360,#15125,.T.);
#15125 = LINE('',#15126,#15127);
#15126 = CARTESIAN_POINT('',(1.225,1.375,0.));
#15127 = VECTOR('',#15128,1.);
#15128 = DIRECTION('',(0.,0.,1.));
#15129 = PLANE('',#15130);
#15130 = AXIS2_PLACEMENT_3D('',#15131,#15132,#15133);
#15131 = CARTESIAN_POINT('',(1.5,1.375,0.));
#15132 = DIRECTION('',(-3.445092848398E-16,-1.,0.));
#15133 = DIRECTION('',(-1.,3.445092848398E-16,0.));
#15134 = ADVANCED_FACE('',(#15135),#15154,.T.);
#15135 = FACE_BOUND('',#15136,.T.);
#15136 = EDGE_LOOP('',(#15137,#15145,#15146,#15147));
#15137 = ORIENTED_EDGE('',*,*,#15138,.T.);
#15138 = EDGE_CURVE('',#15139,#14352,#15141,.T.);
#15139 = VERTEX_POINT('',#15140);
#15140 = CARTESIAN_POINT('',(1.225,1.125,0.));
#15141 = LINE('',#15142,#15143);
#15142 = CARTESIAN_POINT('',(1.225,1.125,0.));
#15143 = VECTOR('',#15144,1.);
#15144 = DIRECTION('',(0.,0.,1.));
#15145 = ORIENTED_EDGE('',*,*,#14359,.T.);
#15146 = ORIENTED_EDGE('',*,*,#15124,.F.);
#15147 = ORIENTED_EDGE('',*,*,#15148,.T.);
#15148 = EDGE_CURVE('',#15101,#15139,#15149,.T.);
#15149 = CIRCLE('',#15150,0.125);
#15150 = AXIS2_PLACEMENT_3D('',#15151,#15152,#15153);
#15151 = CARTESIAN_POINT('',(1.225,1.25,0.));
#15152 = DIRECTION('',(0.,-0.,1.));
#15153 = DIRECTION('',(3.445092848398E-16,1.,0.));
#15154 = CYLINDRICAL_SURFACE('',#15155,0.125);
#15155 = AXIS2_PLACEMENT_3D('',#15156,#15157,#15158);
#15156 = CARTESIAN_POINT('',(1.225,1.25,0.));
#15157 = DIRECTION('',(0.,-0.,-1.));
#15158 = DIRECTION('',(3.445092848398E-16,1.,0.));
#15159 = ADVANCED_FACE('',(#15160),#15194,.F.);
#15160 = FACE_BOUND('',#15161,.F.);
#15161 = EDGE_LOOP('',(#15162,#15172,#15178,#15179,#15180,#15188));
#15162 = ORIENTED_EDGE('',*,*,#15163,.F.);
#15163 = EDGE_CURVE('',#15164,#15166,#15168,.T.);
#15164 = VERTEX_POINT('',#15165);
#15165 = CARTESIAN_POINT('',(-1.225,1.375,0.));
#15166 = VERTEX_POINT('',#15167);
#15167 = CARTESIAN_POINT('',(-1.5,1.375,0.));
#15168 = LINE('',#15169,#15170);
#15169 = CARTESIAN_POINT('',(-1.225,1.375,0.));
#15170 = VECTOR('',#15171,1.);
#15171 = DIRECTION('',(-1.,4.669739647545E-16,0.));
#15172 = ORIENTED_EDGE('',*,*,#15173,.T.);
#15173 = EDGE_CURVE('',#15164,#13931,#15174,.T.);
#15174 = LINE('',#15175,#15176);
#15175 = CARTESIAN_POINT('',(-1.225,1.375,0.));
#15176 = VECTOR('',#15177,1.);
#15177 = DIRECTION('',(0.,0.,1.));
#15178 = ORIENTED_EDGE('',*,*,#13930,.F.);
#15179 = ORIENTED_EDGE('',*,*,#14905,.F.);
#15180 = ORIENTED_EDGE('',*,*,#15181,.T.);
#15181 = EDGE_CURVE('',#14898,#15182,#15184,.T.);
#15182 = VERTEX_POINT('',#15183);
#15183 = CARTESIAN_POINT('',(-1.5,1.375,0.2));
#15184 = LINE('',#15185,#15186);
#15185 = CARTESIAN_POINT('',(-1.225,1.375,0.2));
#15186 = VECTOR('',#15187,1.);
#15187 = DIRECTION('',(-1.,4.669739647545E-16,0.));
#15188 = ORIENTED_EDGE('',*,*,#15189,.F.);
#15189 = EDGE_CURVE('',#15166,#15182,#15190,.T.);
#15190 = LINE('',#15191,#15192);
#15191 = CARTESIAN_POINT('',(-1.5,1.375,0.));
#15192 = VECTOR('',#15193,1.);
#15193 = DIRECTION('',(0.,0.,1.));
#15194 = PLANE('',#15195);
#15195 = AXIS2_PLACEMENT_3D('',#15196,#15197,#15198);
#15196 = CARTESIAN_POINT('',(-1.225,1.375,0.));
#15197 = DIRECTION('',(-4.669739647545E-16,-1.,0.));
#15198 = DIRECTION('',(-1.,4.669739647545E-16,0.));
#15199 = ADVANCED_FACE('',(#15200),#15227,.F.);
#15200 = FACE_BOUND('',#15201,.F.);
#15201 = EDGE_LOOP('',(#15202,#15210,#15211,#15212,#15213,#15221));
#15202 = ORIENTED_EDGE('',*,*,#15203,.F.);
#15203 = EDGE_CURVE('',#15139,#15204,#15206,.T.);
#15204 = VERTEX_POINT('',#15205);
#15205 = CARTESIAN_POINT('',(1.5,1.125,0.));
#15206 = LINE('',#15207,#15208);
#15207 = CARTESIAN_POINT('',(1.225,1.125,0.));
#15208 = VECTOR('',#15209,1.);
#15209 = DIRECTION('',(1.,-3.445092848398E-16,0.));
#15210 = ORIENTED_EDGE('',*,*,#15138,.T.);
#15211 = ORIENTED_EDGE('',*,*,#14351,.F.);
#15212 = ORIENTED_EDGE('',*,*,#14605,.T.);
#15213 = ORIENTED_EDGE('',*,*,#15214,.T.);
#15214 = EDGE_CURVE('',#14606,#15215,#15217,.T.);
#15215 = VERTEX_POINT('',#15216);
#15216 = CARTESIAN_POINT('',(1.5,1.125,0.2));
#15217 = LINE('',#15218,#15219);
#15218 = CARTESIAN_POINT('',(1.225,1.125,0.2));
#15219 = VECTOR('',#15220,1.);
#15220 = DIRECTION('',(1.,-3.445092848398E-16,0.));
#15221 = ORIENTED_EDGE('',*,*,#15222,.F.);
#15222 = EDGE_CURVE('',#15204,#15215,#15223,.T.);
#15223 = LINE('',#15224,#15225);
#15224 = CARTESIAN_POINT('',(1.5,1.125,0.));
#15225 = VECTOR('',#15226,1.);
#15226 = DIRECTION('',(0.,0.,1.));
#15227 = PLANE('',#15228);
#15228 = AXIS2_PLACEMENT_3D('',#15229,#15230,#15231);
#15229 = CARTESIAN_POINT('',(1.225,1.125,0.));
#15230 = DIRECTION('',(3.445092848398E-16,1.,0.));
#15231 = DIRECTION('',(1.,-3.445092848398E-16,0.));
#15232 = ADVANCED_FACE('',(#15233),#15252,.T.);
#15233 = FACE_BOUND('',#15234,.T.);
#15234 = EDGE_LOOP('',(#15235,#15236,#15237,#15245));
#15235 = ORIENTED_EDGE('',*,*,#15173,.T.);
#15236 = ORIENTED_EDGE('',*,*,#13938,.T.);
#15237 = ORIENTED_EDGE('',*,*,#15238,.F.);
#15238 = EDGE_CURVE('',#15239,#13939,#15241,.T.);
#15239 = VERTEX_POINT('',#15240);
#15240 = CARTESIAN_POINT('',(-1.225,1.125,0.));
#15241 = LINE('',#15242,#15243);
#15242 = CARTESIAN_POINT('',(-1.225,1.125,0.));
#15243 = VECTOR('',#15244,1.);
#15244 = DIRECTION('',(0.,0.,1.));
#15245 = ORIENTED_EDGE('',*,*,#15246,.T.);
#15246 = EDGE_CURVE('',#15239,#15164,#15247,.T.);
#15247 = CIRCLE('',#15248,0.125);
#15248 = AXIS2_PLACEMENT_3D('',#15249,#15250,#15251);
#15249 = CARTESIAN_POINT('',(-1.225,1.25,0.));
#15250 = DIRECTION('',(0.,0.,1.));
#15251 = DIRECTION('',(-4.669739647545E-16,-1.,0.));
#15252 = CYLINDRICAL_SURFACE('',#15253,0.125);
#15253 = AXIS2_PLACEMENT_3D('',#15254,#15255,#15256);
#15254 = CARTESIAN_POINT('',(-1.225,1.25,0.));
#15255 = DIRECTION('',(0.,0.,-1.));
#15256 = DIRECTION('',(-4.669739647545E-16,-1.,-0.));
#15257 = ADVANCED_FACE('',(#15258),#15285,.F.);
#15258 = FACE_BOUND('',#15259,.F.);
#15259 = EDGE_LOOP('',(#15260,#15268,#15276,#15282,#15283,#15284));
#15260 = ORIENTED_EDGE('',*,*,#15261,.F.);
#15261 = EDGE_CURVE('',#15262,#15239,#15264,.T.);
#15262 = VERTEX_POINT('',#15263);
#15263 = CARTESIAN_POINT('',(-1.5,1.125,0.));
#15264 = LINE('',#15265,#15266);
#15265 = CARTESIAN_POINT('',(-1.5,1.125,0.));
#15266 = VECTOR('',#15267,1.);
#15267 = DIRECTION('',(1.,-4.669739647545E-16,0.));
#15268 = ORIENTED_EDGE('',*,*,#15269,.T.);
#15269 = EDGE_CURVE('',#15262,#15270,#15272,.T.);
#15270 = VERTEX_POINT('',#15271);
#15271 = CARTESIAN_POINT('',(-1.5,1.125,0.2));
#15272 = LINE('',#15273,#15274);
#15273 = CARTESIAN_POINT('',(-1.5,1.125,0.));
#15274 = VECTOR('',#15275,1.);
#15275 = DIRECTION('',(0.,0.,1.));
#15276 = ORIENTED_EDGE('',*,*,#15277,.T.);
#15277 = EDGE_CURVE('',#15270,#14890,#15278,.T.);
#15278 = LINE('',#15279,#15280);
#15279 = CARTESIAN_POINT('',(-1.5,1.125,0.2));
#15280 = VECTOR('',#15281,1.);
#15281 = DIRECTION('',(1.,-4.669739647545E-16,0.));
#15282 = ORIENTED_EDGE('',*,*,#14889,.F.);
#15283 = ORIENTED_EDGE('',*,*,#13947,.F.);
#15284 = ORIENTED_EDGE('',*,*,#15238,.F.);
#15285 = PLANE('',#15286);
#15286 = AXIS2_PLACEMENT_3D('',#15287,#15288,#15289);
#15287 = CARTESIAN_POINT('',(-1.5,1.125,0.));
#15288 = DIRECTION('',(4.669739647545E-16,1.,0.));
#15289 = DIRECTION('',(1.,-4.669739647545E-16,0.));
#15290 = ADVANCED_FACE('',(#15291),#15325,.F.);
#15291 = FACE_BOUND('',#15292,.F.);
#15292 = EDGE_LOOP('',(#15293,#15303,#15311,#15317,#15318,#15319));
#15293 = ORIENTED_EDGE('',*,*,#15294,.F.);
#15294 = EDGE_CURVE('',#15295,#15297,#15299,.T.);
#15295 = VERTEX_POINT('',#15296);
#15296 = CARTESIAN_POINT('',(1.5,0.875,0.));
#15297 = VERTEX_POINT('',#15298);
#15298 = CARTESIAN_POINT('',(1.225,0.875,0.));
#15299 = LINE('',#15300,#15301);
#15300 = CARTESIAN_POINT('',(1.5,0.875,0.));
#15301 = VECTOR('',#15302,1.);
#15302 = DIRECTION('',(-1.,3.445092848398E-16,0.));
#15303 = ORIENTED_EDGE('',*,*,#15304,.T.);
#15304 = EDGE_CURVE('',#15295,#15305,#15307,.T.);
#15305 = VERTEX_POINT('',#15306);
#15306 = CARTESIAN_POINT('',(1.5,0.875,0.2));
#15307 = LINE('',#15308,#15309);
#15308 = CARTESIAN_POINT('',(1.5,0.875,0.));
#15309 = VECTOR('',#15310,1.);
#15310 = DIRECTION('',(0.,0.,1.));
#15311 = ORIENTED_EDGE('',*,*,#15312,.T.);
#15312 = EDGE_CURVE('',#15305,#14591,#15313,.T.);
#15313 = LINE('',#15314,#15315);
#15314 = CARTESIAN_POINT('',(1.5,0.875,0.2));
#15315 = VECTOR('',#15316,1.);
#15316 = DIRECTION('',(-1.,3.445092848398E-16,0.));
#15317 = ORIENTED_EDGE('',*,*,#14598,.T.);
#15318 = ORIENTED_EDGE('',*,*,#14335,.F.);
#15319 = ORIENTED_EDGE('',*,*,#15320,.F.);
#15320 = EDGE_CURVE('',#15297,#14327,#15321,.T.);
#15321 = LINE('',#15322,#15323);
#15322 = CARTESIAN_POINT('',(1.225,0.875,0.));
#15323 = VECTOR('',#15324,1.);
#15324 = DIRECTION('',(0.,0.,1.));
#15325 = PLANE('',#15326);
#15326 = AXIS2_PLACEMENT_3D('',#15327,#15328,#15329);
#15327 = CARTESIAN_POINT('',(1.5,0.875,0.));
#15328 = DIRECTION('',(-3.445092848398E-16,-1.,0.));
#15329 = DIRECTION('',(-1.,3.445092848398E-16,0.));
#15330 = ADVANCED_FACE('',(#15331),#15350,.T.);
#15331 = FACE_BOUND('',#15332,.T.);
#15332 = EDGE_LOOP('',(#15333,#15341,#15342,#15343));
#15333 = ORIENTED_EDGE('',*,*,#15334,.T.);
#15334 = EDGE_CURVE('',#15335,#14319,#15337,.T.);
#15335 = VERTEX_POINT('',#15336);
#15336 = CARTESIAN_POINT('',(1.225,0.625,0.));
#15337 = LINE('',#15338,#15339);
#15338 = CARTESIAN_POINT('',(1.225,0.625,0.));
#15339 = VECTOR('',#15340,1.);
#15340 = DIRECTION('',(0.,0.,1.));
#15341 = ORIENTED_EDGE('',*,*,#14326,.T.);
#15342 = ORIENTED_EDGE('',*,*,#15320,.F.);
#15343 = ORIENTED_EDGE('',*,*,#15344,.T.);
#15344 = EDGE_CURVE('',#15297,#15335,#15345,.T.);
#15345 = CIRCLE('',#15346,0.125);
#15346 = AXIS2_PLACEMENT_3D('',#15347,#15348,#15349);
#15347 = CARTESIAN_POINT('',(1.225,0.75,0.));
#15348 = DIRECTION('',(0.,-0.,1.));
#15349 = DIRECTION('',(3.445092848398E-16,1.,0.));
#15350 = CYLINDRICAL_SURFACE('',#15351,0.125);
#15351 = AXIS2_PLACEMENT_3D('',#15352,#15353,#15354);
#15352 = CARTESIAN_POINT('',(1.225,0.75,0.));
#15353 = DIRECTION('',(0.,-0.,-1.));
#15354 = DIRECTION('',(3.445092848398E-16,1.,0.));
#15355 = ADVANCED_FACE('',(#15356),#15390,.F.);
#15356 = FACE_BOUND('',#15357,.F.);
#15357 = EDGE_LOOP('',(#15358,#15368,#15374,#15375,#15376,#15384));
#15358 = ORIENTED_EDGE('',*,*,#15359,.F.);
#15359 = EDGE_CURVE('',#15360,#15362,#15364,.T.);
#15360 = VERTEX_POINT('',#15361);
#15361 = CARTESIAN_POINT('',(-1.225,0.875,0.));
#15362 = VERTEX_POINT('',#15363);
#15363 = CARTESIAN_POINT('',(-1.5,0.875,0.));
#15364 = LINE('',#15365,#15366);
#15365 = CARTESIAN_POINT('',(-1.225,0.875,0.));
#15366 = VECTOR('',#15367,1.);
#15367 = DIRECTION('',(-1.,4.669739647545E-16,0.));
#15368 = ORIENTED_EDGE('',*,*,#15369,.T.);
#15369 = EDGE_CURVE('',#15360,#13964,#15370,.T.);
#15370 = LINE('',#15371,#15372);
#15371 = CARTESIAN_POINT('',(-1.225,0.875,0.));
#15372 = VECTOR('',#15373,1.);
#15373 = DIRECTION('',(0.,0.,1.));
#15374 = ORIENTED_EDGE('',*,*,#13963,.F.);
#15375 = ORIENTED_EDGE('',*,*,#14882,.F.);
#15376 = ORIENTED_EDGE('',*,*,#15377,.T.);
#15377 = EDGE_CURVE('',#14875,#15378,#15380,.T.);
#15378 = VERTEX_POINT('',#15379);
#15379 = CARTESIAN_POINT('',(-1.5,0.875,0.2));
#15380 = LINE('',#15381,#15382);
#15381 = CARTESIAN_POINT('',(-1.225,0.875,0.2));
#15382 = VECTOR('',#15383,1.);
#15383 = DIRECTION('',(-1.,4.669739647545E-16,0.));
#15384 = ORIENTED_EDGE('',*,*,#15385,.F.);
#15385 = EDGE_CURVE('',#15362,#15378,#15386,.T.);
#15386 = LINE('',#15387,#15388);
#15387 = CARTESIAN_POINT('',(-1.5,0.875,0.));
#15388 = VECTOR('',#15389,1.);
#15389 = DIRECTION('',(0.,0.,1.));
#15390 = PLANE('',#15391);
#15391 = AXIS2_PLACEMENT_3D('',#15392,#15393,#15394);
#15392 = CARTESIAN_POINT('',(-1.225,0.875,0.));
#15393 = DIRECTION('',(-4.669739647545E-16,-1.,0.));
#15394 = DIRECTION('',(-1.,4.669739647545E-16,0.));
#15395 = ADVANCED_FACE('',(#15396),#15423,.F.);
#15396 = FACE_BOUND('',#15397,.F.);
#15397 = EDGE_LOOP('',(#15398,#15406,#15407,#15408,#15409,#15417));
#15398 = ORIENTED_EDGE('',*,*,#15399,.F.);
#15399 = EDGE_CURVE('',#15335,#15400,#15402,.T.);
#15400 = VERTEX_POINT('',#15401);
#15401 = CARTESIAN_POINT('',(1.5,0.625,0.));
#15402 = LINE('',#15403,#15404);
#15403 = CARTESIAN_POINT('',(1.225,0.625,0.));
#15404 = VECTOR('',#15405,1.);
#15405 = DIRECTION('',(1.,-3.445092848398E-16,0.));
#15406 = ORIENTED_EDGE('',*,*,#15334,.T.);
#15407 = ORIENTED_EDGE('',*,*,#14318,.F.);
#15408 = ORIENTED_EDGE('',*,*,#14582,.T.);
#15409 = ORIENTED_EDGE('',*,*,#15410,.T.);
#15410 = EDGE_CURVE('',#14583,#15411,#15413,.T.);
#15411 = VERTEX_POINT('',#15412);
#15412 = CARTESIAN_POINT('',(1.5,0.625,0.2));
#15413 = LINE('',#15414,#15415);
#15414 = CARTESIAN_POINT('',(1.225,0.625,0.2));
#15415 = VECTOR('',#15416,1.);
#15416 = DIRECTION('',(1.,-3.445092848398E-16,0.));
#15417 = ORIENTED_EDGE('',*,*,#15418,.F.);
#15418 = EDGE_CURVE('',#15400,#15411,#15419,.T.);
#15419 = LINE('',#15420,#15421);
#15420 = CARTESIAN_POINT('',(1.5,0.625,0.));
#15421 = VECTOR('',#15422,1.);
#15422 = DIRECTION('',(0.,0.,1.));
#15423 = PLANE('',#15424);
#15424 = AXIS2_PLACEMENT_3D('',#15425,#15426,#15427);
#15425 = CARTESIAN_POINT('',(1.225,0.625,0.));
#15426 = DIRECTION('',(3.445092848398E-16,1.,0.));
#15427 = DIRECTION('',(1.,-3.445092848398E-16,0.));
#15428 = ADVANCED_FACE('',(#15429),#15448,.T.);
#15429 = FACE_BOUND('',#15430,.T.);
#15430 = EDGE_LOOP('',(#15431,#15432,#15433,#15441));
#15431 = ORIENTED_EDGE('',*,*,#15369,.T.);
#15432 = ORIENTED_EDGE('',*,*,#13971,.T.);
#15433 = ORIENTED_EDGE('',*,*,#15434,.F.);
#15434 = EDGE_CURVE('',#15435,#13972,#15437,.T.);
#15435 = VERTEX_POINT('',#15436);
#15436 = CARTESIAN_POINT('',(-1.225,0.625,0.));
#15437 = LINE('',#15438,#15439);
#15438 = CARTESIAN_POINT('',(-1.225,0.625,0.));
#15439 = VECTOR('',#15440,1.);
#15440 = DIRECTION('',(0.,0.,1.));
#15441 = ORIENTED_EDGE('',*,*,#15442,.T.);
#15442 = EDGE_CURVE('',#15435,#15360,#15443,.T.);
#15443 = CIRCLE('',#15444,0.125);
#15444 = AXIS2_PLACEMENT_3D('',#15445,#15446,#15447);
#15445 = CARTESIAN_POINT('',(-1.225,0.75,0.));
#15446 = DIRECTION('',(0.,0.,1.));
#15447 = DIRECTION('',(-4.669739647545E-16,-1.,0.));
#15448 = CYLINDRICAL_SURFACE('',#15449,0.125);
#15449 = AXIS2_PLACEMENT_3D('',#15450,#15451,#15452);
#15450 = CARTESIAN_POINT('',(-1.225,0.75,0.));
#15451 = DIRECTION('',(0.,0.,-1.));
#15452 = DIRECTION('',(-4.669739647545E-16,-1.,-0.));
#15453 = ADVANCED_FACE('',(#15454),#15481,.F.);
#15454 = FACE_BOUND('',#15455,.F.);
#15455 = EDGE_LOOP('',(#15456,#15464,#15472,#15478,#15479,#15480));
#15456 = ORIENTED_EDGE('',*,*,#15457,.F.);
#15457 = EDGE_CURVE('',#15458,#15435,#15460,.T.);
#15458 = VERTEX_POINT('',#15459);
#15459 = CARTESIAN_POINT('',(-1.5,0.625,0.));
#15460 = LINE('',#15461,#15462);
#15461 = CARTESIAN_POINT('',(-1.5,0.625,0.));
#15462 = VECTOR('',#15463,1.);
#15463 = DIRECTION('',(1.,-4.669739647545E-16,0.));
#15464 = ORIENTED_EDGE('',*,*,#15465,.T.);
#15465 = EDGE_CURVE('',#15458,#15466,#15468,.T.);
#15466 = VERTEX_POINT('',#15467);
#15467 = CARTESIAN_POINT('',(-1.5,0.625,0.2));
#15468 = LINE('',#15469,#15470);
#15469 = CARTESIAN_POINT('',(-1.5,0.625,0.));
#15470 = VECTOR('',#15471,1.);
#15471 = DIRECTION('',(0.,0.,1.));
#15472 = ORIENTED_EDGE('',*,*,#15473,.T.);
#15473 = EDGE_CURVE('',#15466,#14867,#15474,.T.);
#15474 = LINE('',#15475,#15476);
#15475 = CARTESIAN_POINT('',(-1.5,0.625,0.2));
#15476 = VECTOR('',#15477,1.);
#15477 = DIRECTION('',(1.,-4.669739647545E-16,0.));
#15478 = ORIENTED_EDGE('',*,*,#14866,.F.);
#15479 = ORIENTED_EDGE('',*,*,#13980,.F.);
#15480 = ORIENTED_EDGE('',*,*,#15434,.F.);
#15481 = PLANE('',#15482);
#15482 = AXIS2_PLACEMENT_3D('',#15483,#15484,#15485);
#15483 = CARTESIAN_POINT('',(-1.5,0.625,0.));
#15484 = DIRECTION('',(4.669739647545E-16,1.,0.));
#15485 = DIRECTION('',(1.,-4.669739647545E-16,0.));
#15486 = ADVANCED_FACE('',(#15487),#15521,.F.);
#15487 = FACE_BOUND('',#15488,.F.);
#15488 = EDGE_LOOP('',(#15489,#15499,#15505,#15506,#15507,#15515));
#15489 = ORIENTED_EDGE('',*,*,#15490,.F.);
#15490 = EDGE_CURVE('',#15491,#15493,#15495,.T.);
#15491 = VERTEX_POINT('',#15492);
#15492 = CARTESIAN_POINT('',(-1.225,0.375,0.));
#15493 = VERTEX_POINT('',#15494);
#15494 = CARTESIAN_POINT('',(-1.5,0.375,0.));
#15495 = LINE('',#15496,#15497);
#15496 = CARTESIAN_POINT('',(-1.225,0.375,0.));
#15497 = VECTOR('',#15498,1.);
#15498 = DIRECTION('',(-1.,4.669739647545E-16,0.));
#15499 = ORIENTED_EDGE('',*,*,#15500,.T.);
#15500 = EDGE_CURVE('',#15491,#13997,#15501,.T.);
#15501 = LINE('',#15502,#15503);
#15502 = CARTESIAN_POINT('',(-1.225,0.375,0.));
#15503 = VECTOR('',#15504,1.);
#15504 = DIRECTION('',(0.,0.,1.));
#15505 = ORIENTED_EDGE('',*,*,#13996,.F.);
#15506 = ORIENTED_EDGE('',*,*,#14859,.F.);
#15507 = ORIENTED_EDGE('',*,*,#15508,.T.);
#15508 = EDGE_CURVE('',#14852,#15509,#15511,.T.);
#15509 = VERTEX_POINT('',#15510);
#15510 = CARTESIAN_POINT('',(-1.5,0.375,0.2));
#15511 = LINE('',#15512,#15513);
#15512 = CARTESIAN_POINT('',(-1.225,0.375,0.2));
#15513 = VECTOR('',#15514,1.);
#15514 = DIRECTION('',(-1.,4.669739647545E-16,0.));
#15515 = ORIENTED_EDGE('',*,*,#15516,.F.);
#15516 = EDGE_CURVE('',#15493,#15509,#15517,.T.);
#15517 = LINE('',#15518,#15519);
#15518 = CARTESIAN_POINT('',(-1.5,0.375,0.));
#15519 = VECTOR('',#15520,1.);
#15520 = DIRECTION('',(0.,0.,1.));
#15521 = PLANE('',#15522);
#15522 = AXIS2_PLACEMENT_3D('',#15523,#15524,#15525);
#15523 = CARTESIAN_POINT('',(-1.225,0.375,0.));
#15524 = DIRECTION('',(-4.669739647545E-16,-1.,0.));
#15525 = DIRECTION('',(-1.,4.669739647545E-16,0.));
#15526 = ADVANCED_FACE('',(#15527),#15546,.T.);
#15527 = FACE_BOUND('',#15528,.T.);
#15528 = EDGE_LOOP('',(#15529,#15530,#15531,#15539));
#15529 = ORIENTED_EDGE('',*,*,#15500,.T.);
#15530 = ORIENTED_EDGE('',*,*,#14004,.T.);
#15531 = ORIENTED_EDGE('',*,*,#15532,.F.);
#15532 = EDGE_CURVE('',#15533,#14005,#15535,.T.);
#15533 = VERTEX_POINT('',#15534);
#15534 = CARTESIAN_POINT('',(-1.225,0.125,0.));
#15535 = LINE('',#15536,#15537);
#15536 = CARTESIAN_POINT('',(-1.225,0.125,0.));
#15537 = VECTOR('',#15538,1.);
#15538 = DIRECTION('',(0.,0.,1.));
#15539 = ORIENTED_EDGE('',*,*,#15540,.T.);
#15540 = EDGE_CURVE('',#15533,#15491,#15541,.T.);
#15541 = CIRCLE('',#15542,0.125);
#15542 = AXIS2_PLACEMENT_3D('',#15543,#15544,#15545);
#15543 = CARTESIAN_POINT('',(-1.225,0.25,0.));
#15544 = DIRECTION('',(0.,0.,1.));
#15545 = DIRECTION('',(-4.669739647545E-16,-1.,0.));
#15546 = CYLINDRICAL_SURFACE('',#15547,0.125);
#15547 = AXIS2_PLACEMENT_3D('',#15548,#15549,#15550);
#15548 = CARTESIAN_POINT('',(-1.225,0.25,0.));
#15549 = DIRECTION('',(0.,0.,-1.));
#15550 = DIRECTION('',(-4.669739647545E-16,-1.,-0.));
#15551 = ADVANCED_FACE('',(#15552),#15579,.F.);
#15552 = FACE_BOUND('',#15553,.F.);
#15553 = EDGE_LOOP('',(#15554,#15562,#15570,#15576,#15577,#15578));
#15554 = ORIENTED_EDGE('',*,*,#15555,.F.);
#15555 = EDGE_CURVE('',#15556,#15533,#15558,.T.);
#15556 = VERTEX_POINT('',#15557);
#15557 = CARTESIAN_POINT('',(-1.5,0.125,0.));
#15558 = LINE('',#15559,#15560);
#15559 = CARTESIAN_POINT('',(-1.5,0.125,0.));
#15560 = VECTOR('',#15561,1.);
#15561 = DIRECTION('',(1.,-4.669739647545E-16,0.));
#15562 = ORIENTED_EDGE('',*,*,#15563,.T.);
#15563 = EDGE_CURVE('',#15556,#15564,#15566,.T.);
#15564 = VERTEX_POINT('',#15565);
#15565 = CARTESIAN_POINT('',(-1.5,0.125,0.2));
#15566 = LINE('',#15567,#15568);
#15567 = CARTESIAN_POINT('',(-1.5,0.125,0.));
#15568 = VECTOR('',#15569,1.);
#15569 = DIRECTION('',(0.,0.,1.));
#15570 = ORIENTED_EDGE('',*,*,#15571,.T.);
#15571 = EDGE_CURVE('',#15564,#14844,#15572,.T.);
#15572 = LINE('',#15573,#15574);
#15573 = CARTESIAN_POINT('',(-1.5,0.125,0.2));
#15574 = VECTOR('',#15575,1.);
#15575 = DIRECTION('',(1.,-4.669739647545E-16,0.));
#15576 = ORIENTED_EDGE('',*,*,#14843,.F.);
#15577 = ORIENTED_EDGE('',*,*,#14013,.F.);
#15578 = ORIENTED_EDGE('',*,*,#15532,.F.);
#15579 = PLANE('',#15580);
#15580 = AXIS2_PLACEMENT_3D('',#15581,#15582,#15583);
#15581 = CARTESIAN_POINT('',(-1.5,0.125,0.));
#15582 = DIRECTION('',(4.669739647545E-16,1.,0.));
#15583 = DIRECTION('',(1.,-4.669739647545E-16,0.));
#15584 = ADVANCED_FACE('',(#15585),#15619,.F.);
#15585 = FACE_BOUND('',#15586,.F.);
#15586 = EDGE_LOOP('',(#15587,#15597,#15605,#15611,#15612,#15613));
#15587 = ORIENTED_EDGE('',*,*,#15588,.F.);
#15588 = EDGE_CURVE('',#15589,#15591,#15593,.T.);
#15589 = VERTEX_POINT('',#15590);
#15590 = CARTESIAN_POINT('',(1.5,-0.125,0.));
#15591 = VERTEX_POINT('',#15592);
#15592 = CARTESIAN_POINT('',(1.225,-0.125,0.));
#15593 = LINE('',#15594,#15595);
#15594 = CARTESIAN_POINT('',(1.5,-0.125,0.));
#15595 = VECTOR('',#15596,1.);
#15596 = DIRECTION('',(-1.,3.445092848398E-16,0.));
#15597 = ORIENTED_EDGE('',*,*,#15598,.T.);
#15598 = EDGE_CURVE('',#15589,#15599,#15601,.T.);
#15599 = VERTEX_POINT('',#15600);
#15600 = CARTESIAN_POINT('',(1.5,-0.125,0.2));
#15601 = LINE('',#15602,#15603);
#15602 = CARTESIAN_POINT('',(1.5,-0.125,0.));
#15603 = VECTOR('',#15604,1.);
#15604 = DIRECTION('',(0.,0.,1.));
#15605 = ORIENTED_EDGE('',*,*,#15606,.T.);
#15606 = EDGE_CURVE('',#15599,#14559,#15607,.T.);
#15607 = LINE('',#15608,#15609);
#15608 = CARTESIAN_POINT('',(1.5,-0.125,0.2));
#15609 = VECTOR('',#15610,1.);
#15610 = DIRECTION('',(-1.,3.445092848398E-16,0.));
#15611 = ORIENTED_EDGE('',*,*,#14566,.T.);
#15612 = ORIENTED_EDGE('',*,*,#14293,.F.);
#15613 = ORIENTED_EDGE('',*,*,#15614,.F.);
#15614 = EDGE_CURVE('',#15591,#14285,#15615,.T.);
#15615 = LINE('',#15616,#15617);
#15616 = CARTESIAN_POINT('',(1.225,-0.125,0.));
#15617 = VECTOR('',#15618,1.);
#15618 = DIRECTION('',(0.,0.,1.));
#15619 = PLANE('',#15620);
#15620 = AXIS2_PLACEMENT_3D('',#15621,#15622,#15623);
#15621 = CARTESIAN_POINT('',(1.5,-0.125,0.));
#15622 = DIRECTION('',(-3.445092848398E-16,-1.,0.));
#15623 = DIRECTION('',(-1.,3.445092848398E-16,0.));
#15624 = ADVANCED_FACE('',(#15625),#15644,.T.);
#15625 = FACE_BOUND('',#15626,.T.);
#15626 = EDGE_LOOP('',(#15627,#15635,#15636,#15637));
#15627 = ORIENTED_EDGE('',*,*,#15628,.T.);
#15628 = EDGE_CURVE('',#15629,#14277,#15631,.T.);
#15629 = VERTEX_POINT('',#15630);
#15630 = CARTESIAN_POINT('',(1.225,-0.375,0.));
#15631 = LINE('',#15632,#15633);
#15632 = CARTESIAN_POINT('',(1.225,-0.375,0.));
#15633 = VECTOR('',#15634,1.);
#15634 = DIRECTION('',(0.,0.,1.));
#15635 = ORIENTED_EDGE('',*,*,#14284,.T.);
#15636 = ORIENTED_EDGE('',*,*,#15614,.F.);
#15637 = ORIENTED_EDGE('',*,*,#15638,.T.);
#15638 = EDGE_CURVE('',#15591,#15629,#15639,.T.);
#15639 = CIRCLE('',#15640,0.125);
#15640 = AXIS2_PLACEMENT_3D('',#15641,#15642,#15643);
#15641 = CARTESIAN_POINT('',(1.225,-0.25,0.));
#15642 = DIRECTION('',(0.,-0.,1.));
#15643 = DIRECTION('',(3.445092848398E-16,1.,0.));
#15644 = CYLINDRICAL_SURFACE('',#15645,0.125);
#15645 = AXIS2_PLACEMENT_3D('',#15646,#15647,#15648);
#15646 = CARTESIAN_POINT('',(1.225,-0.25,0.));
#15647 = DIRECTION('',(0.,-0.,-1.));
#15648 = DIRECTION('',(3.445092848398E-16,1.,0.));
#15649 = ADVANCED_FACE('',(#15650),#15684,.F.);
#15650 = FACE_BOUND('',#15651,.F.);
#15651 = EDGE_LOOP('',(#15652,#15662,#15668,#15669,#15670,#15678));
#15652 = ORIENTED_EDGE('',*,*,#15653,.F.);
#15653 = EDGE_CURVE('',#15654,#15656,#15658,.T.);
#15654 = VERTEX_POINT('',#15655);
#15655 = CARTESIAN_POINT('',(-1.225,-0.125,0.));
#15656 = VERTEX_POINT('',#15657);
#15657 = CARTESIAN_POINT('',(-1.5,-0.125,0.));
#15658 = LINE('',#15659,#15660);
#15659 = CARTESIAN_POINT('',(-1.225,-0.125,0.));
#15660 = VECTOR('',#15661,1.);
#15661 = DIRECTION('',(-1.,4.669739647545E-16,0.));
#15662 = ORIENTED_EDGE('',*,*,#15663,.T.);
#15663 = EDGE_CURVE('',#15654,#14030,#15664,.T.);
#15664 = LINE('',#15665,#15666);
#15665 = CARTESIAN_POINT('',(-1.225,-0.125,0.));
#15666 = VECTOR('',#15667,1.);
#15667 = DIRECTION('',(0.,0.,1.));
#15668 = ORIENTED_EDGE('',*,*,#14029,.F.);
#15669 = ORIENTED_EDGE('',*,*,#14836,.F.);
#15670 = ORIENTED_EDGE('',*,*,#15671,.T.);
#15671 = EDGE_CURVE('',#14829,#15672,#15674,.T.);
#15672 = VERTEX_POINT('',#15673);
#15673 = CARTESIAN_POINT('',(-1.5,-0.125,0.2));
#15674 = LINE('',#15675,#15676);
#15675 = CARTESIAN_POINT('',(-1.225,-0.125,0.2));
#15676 = VECTOR('',#15677,1.);
#15677 = DIRECTION('',(-1.,4.669739647545E-16,0.));
#15678 = ORIENTED_EDGE('',*,*,#15679,.F.);
#15679 = EDGE_CURVE('',#15656,#15672,#15680,.T.);
#15680 = LINE('',#15681,#15682);
#15681 = CARTESIAN_POINT('',(-1.5,-0.125,0.));
#15682 = VECTOR('',#15683,1.);
#15683 = DIRECTION('',(0.,0.,1.));
#15684 = PLANE('',#15685);
#15685 = AXIS2_PLACEMENT_3D('',#15686,#15687,#15688);
#15686 = CARTESIAN_POINT('',(-1.225,-0.125,0.));
#15687 = DIRECTION('',(-4.669739647545E-16,-1.,0.));
#15688 = DIRECTION('',(-1.,4.669739647545E-16,0.));
#15689 = ADVANCED_FACE('',(#15690),#15717,.F.);
#15690 = FACE_BOUND('',#15691,.F.);
#15691 = EDGE_LOOP('',(#15692,#15700,#15701,#15702,#15703,#15711));
#15692 = ORIENTED_EDGE('',*,*,#15693,.F.);
#15693 = EDGE_CURVE('',#15629,#15694,#15696,.T.);
#15694 = VERTEX_POINT('',#15695);
#15695 = CARTESIAN_POINT('',(1.5,-0.375,0.));
#15696 = LINE('',#15697,#15698);
#15697 = CARTESIAN_POINT('',(1.225,-0.375,0.));
#15698 = VECTOR('',#15699,1.);
#15699 = DIRECTION('',(1.,-3.445092848398E-16,0.));
#15700 = ORIENTED_EDGE('',*,*,#15628,.T.);
#15701 = ORIENTED_EDGE('',*,*,#14276,.F.);
#15702 = ORIENTED_EDGE('',*,*,#14550,.T.);
#15703 = ORIENTED_EDGE('',*,*,#15704,.T.);
#15704 = EDGE_CURVE('',#14551,#15705,#15707,.T.);
#15705 = VERTEX_POINT('',#15706);
#15706 = CARTESIAN_POINT('',(1.5,-0.375,0.2));
#15707 = LINE('',#15708,#15709);
#15708 = CARTESIAN_POINT('',(1.225,-0.375,0.2));
#15709 = VECTOR('',#15710,1.);
#15710 = DIRECTION('',(1.,-3.445092848398E-16,0.));
#15711 = ORIENTED_EDGE('',*,*,#15712,.F.);
#15712 = EDGE_CURVE('',#15694,#15705,#15713,.T.);
#15713 = LINE('',#15714,#15715);
#15714 = CARTESIAN_POINT('',(1.5,-0.375,0.));
#15715 = VECTOR('',#15716,1.);
#15716 = DIRECTION('',(0.,0.,1.));
#15717 = PLANE('',#15718);
#15718 = AXIS2_PLACEMENT_3D('',#15719,#15720,#15721);
#15719 = CARTESIAN_POINT('',(1.225,-0.375,0.));
#15720 = DIRECTION('',(3.445092848398E-16,1.,0.));
#15721 = DIRECTION('',(1.,-3.445092848398E-16,0.));
#15722 = ADVANCED_FACE('',(#15723),#15742,.T.);
#15723 = FACE_BOUND('',#15724,.T.);
#15724 = EDGE_LOOP('',(#15725,#15726,#15727,#15735));
#15725 = ORIENTED_EDGE('',*,*,#15663,.T.);
#15726 = ORIENTED_EDGE('',*,*,#14037,.T.);
#15727 = ORIENTED_EDGE('',*,*,#15728,.F.);
#15728 = EDGE_CURVE('',#15729,#14038,#15731,.T.);
#15729 = VERTEX_POINT('',#15730);
#15730 = CARTESIAN_POINT('',(-1.225,-0.375,0.));
#15731 = LINE('',#15732,#15733);
#15732 = CARTESIAN_POINT('',(-1.225,-0.375,0.));
#15733 = VECTOR('',#15734,1.);
#15734 = DIRECTION('',(0.,0.,1.));
#15735 = ORIENTED_EDGE('',*,*,#15736,.T.);
#15736 = EDGE_CURVE('',#15729,#15654,#15737,.T.);
#15737 = CIRCLE('',#15738,0.125);
#15738 = AXIS2_PLACEMENT_3D('',#15739,#15740,#15741);
#15739 = CARTESIAN_POINT('',(-1.225,-0.25,0.));
#15740 = DIRECTION('',(0.,0.,1.));
#15741 = DIRECTION('',(-4.669739647545E-16,-1.,0.));
#15742 = CYLINDRICAL_SURFACE('',#15743,0.125);
#15743 = AXIS2_PLACEMENT_3D('',#15744,#15745,#15746);
#15744 = CARTESIAN_POINT('',(-1.225,-0.25,0.));
#15745 = DIRECTION('',(0.,0.,-1.));
#15746 = DIRECTION('',(-4.669739647545E-16,-1.,-0.));
#15747 = ADVANCED_FACE('',(#15748),#15775,.F.);
#15748 = FACE_BOUND('',#15749,.F.);
#15749 = EDGE_LOOP('',(#15750,#15758,#15766,#15772,#15773,#15774));
#15750 = ORIENTED_EDGE('',*,*,#15751,.F.);
#15751 = EDGE_CURVE('',#15752,#15729,#15754,.T.);
#15752 = VERTEX_POINT('',#15753);
#15753 = CARTESIAN_POINT('',(-1.5,-0.375,0.));
#15754 = LINE('',#15755,#15756);
#15755 = CARTESIAN_POINT('',(-1.5,-0.375,0.));
#15756 = VECTOR('',#15757,1.);
#15757 = DIRECTION('',(1.,-4.669739647545E-16,0.));
#15758 = ORIENTED_EDGE('',*,*,#15759,.T.);
#15759 = EDGE_CURVE('',#15752,#15760,#15762,.T.);
#15760 = VERTEX_POINT('',#15761);
#15761 = CARTESIAN_POINT('',(-1.5,-0.375,0.2));
#15762 = LINE('',#15763,#15764);
#15763 = CARTESIAN_POINT('',(-1.5,-0.375,0.));
#15764 = VECTOR('',#15765,1.);
#15765 = DIRECTION('',(0.,0.,1.));
#15766 = ORIENTED_EDGE('',*,*,#15767,.T.);
#15767 = EDGE_CURVE('',#15760,#14821,#15768,.T.);
#15768 = LINE('',#15769,#15770);
#15769 = CARTESIAN_POINT('',(-1.5,-0.375,0.2));
#15770 = VECTOR('',#15771,1.);
#15771 = DIRECTION('',(1.,-4.669739647545E-16,0.));
#15772 = ORIENTED_EDGE('',*,*,#14820,.F.);
#15773 = ORIENTED_EDGE('',*,*,#14046,.F.);
#15774 = ORIENTED_EDGE('',*,*,#15728,.F.);
#15775 = PLANE('',#15776);
#15776 = AXIS2_PLACEMENT_3D('',#15777,#15778,#15779);
#15777 = CARTESIAN_POINT('',(-1.5,-0.375,0.));
#15778 = DIRECTION('',(4.669739647545E-16,1.,0.));
#15779 = DIRECTION('',(1.,-4.669739647545E-16,0.));
#15780 = ADVANCED_FACE('',(#15781),#15815,.F.);
#15781 = FACE_BOUND('',#15782,.F.);
#15782 = EDGE_LOOP('',(#15783,#15793,#15801,#15807,#15808,#15809));
#15783 = ORIENTED_EDGE('',*,*,#15784,.F.);
#15784 = EDGE_CURVE('',#15785,#15787,#15789,.T.);
#15785 = VERTEX_POINT('',#15786);
#15786 = CARTESIAN_POINT('',(1.5,-0.625,0.));
#15787 = VERTEX_POINT('',#15788);
#15788 = CARTESIAN_POINT('',(1.225,-0.625,0.));
#15789 = LINE('',#15790,#15791);
#15790 = CARTESIAN_POINT('',(1.5,-0.625,0.));
#15791 = VECTOR('',#15792,1.);
#15792 = DIRECTION('',(-1.,3.445092848398E-16,0.));
#15793 = ORIENTED_EDGE('',*,*,#15794,.T.);
#15794 = EDGE_CURVE('',#15785,#15795,#15797,.T.);
#15795 = VERTEX_POINT('',#15796);
#15796 = CARTESIAN_POINT('',(1.5,-0.625,0.2));
#15797 = LINE('',#15798,#15799);
#15798 = CARTESIAN_POINT('',(1.5,-0.625,0.));
#15799 = VECTOR('',#15800,1.);
#15800 = DIRECTION('',(0.,0.,1.));
#15801 = ORIENTED_EDGE('',*,*,#15802,.T.);
#15802 = EDGE_CURVE('',#15795,#14536,#15803,.T.);
#15803 = LINE('',#15804,#15805);
#15804 = CARTESIAN_POINT('',(1.5,-0.625,0.2));
#15805 = VECTOR('',#15806,1.);
#15806 = DIRECTION('',(-1.,3.445092848398E-16,0.));
#15807 = ORIENTED_EDGE('',*,*,#14543,.T.);
#15808 = ORIENTED_EDGE('',*,*,#14260,.F.);
#15809 = ORIENTED_EDGE('',*,*,#15810,.F.);
#15810 = EDGE_CURVE('',#15787,#14252,#15811,.T.);
#15811 = LINE('',#15812,#15813);
#15812 = CARTESIAN_POINT('',(1.225,-0.625,0.));
#15813 = VECTOR('',#15814,1.);
#15814 = DIRECTION('',(0.,0.,1.));
#15815 = PLANE('',#15816);
#15816 = AXIS2_PLACEMENT_3D('',#15817,#15818,#15819);
#15817 = CARTESIAN_POINT('',(1.5,-0.625,0.));
#15818 = DIRECTION('',(-3.445092848398E-16,-1.,0.));
#15819 = DIRECTION('',(-1.,3.445092848398E-16,0.));
#15820 = ADVANCED_FACE('',(#15821),#15840,.T.);
#15821 = FACE_BOUND('',#15822,.T.);
#15822 = EDGE_LOOP('',(#15823,#15831,#15832,#15833));
#15823 = ORIENTED_EDGE('',*,*,#15824,.T.);
#15824 = EDGE_CURVE('',#15825,#14244,#15827,.T.);
#15825 = VERTEX_POINT('',#15826);
#15826 = CARTESIAN_POINT('',(1.225,-0.875,0.));
#15827 = LINE('',#15828,#15829);
#15828 = CARTESIAN_POINT('',(1.225,-0.875,0.));
#15829 = VECTOR('',#15830,1.);
#15830 = DIRECTION('',(0.,0.,1.));
#15831 = ORIENTED_EDGE('',*,*,#14251,.T.);
#15832 = ORIENTED_EDGE('',*,*,#15810,.F.);
#15833 = ORIENTED_EDGE('',*,*,#15834,.T.);
#15834 = EDGE_CURVE('',#15787,#15825,#15835,.T.);
#15835 = CIRCLE('',#15836,0.125);
#15836 = AXIS2_PLACEMENT_3D('',#15837,#15838,#15839);
#15837 = CARTESIAN_POINT('',(1.225,-0.75,0.));
#15838 = DIRECTION('',(0.,-0.,1.));
#15839 = DIRECTION('',(3.445092848398E-16,1.,0.));
#15840 = CYLINDRICAL_SURFACE('',#15841,0.125);
#15841 = AXIS2_PLACEMENT_3D('',#15842,#15843,#15844);
#15842 = CARTESIAN_POINT('',(1.225,-0.75,0.));
#15843 = DIRECTION('',(0.,-0.,-1.));
#15844 = DIRECTION('',(3.445092848398E-16,1.,0.));
#15845 = ADVANCED_FACE('',(#15846),#15880,.F.);
#15846 = FACE_BOUND('',#15847,.F.);
#15847 = EDGE_LOOP('',(#15848,#15858,#15864,#15865,#15866,#15874));
#15848 = ORIENTED_EDGE('',*,*,#15849,.F.);
#15849 = EDGE_CURVE('',#15850,#15852,#15854,.T.);
#15850 = VERTEX_POINT('',#15851);
#15851 = CARTESIAN_POINT('',(-1.225,-0.625,0.));
#15852 = VERTEX_POINT('',#15853);
#15853 = CARTESIAN_POINT('',(-1.5,-0.625,0.));
#15854 = LINE('',#15855,#15856);
#15855 = CARTESIAN_POINT('',(-1.225,-0.625,0.));
#15856 = VECTOR('',#15857,1.);
#15857 = DIRECTION('',(-1.,4.669739647545E-16,0.));
#15858 = ORIENTED_EDGE('',*,*,#15859,.T.);
#15859 = EDGE_CURVE('',#15850,#14063,#15860,.T.);
#15860 = LINE('',#15861,#15862);
#15861 = CARTESIAN_POINT('',(-1.225,-0.625,0.));
#15862 = VECTOR('',#15863,1.);
#15863 = DIRECTION('',(0.,0.,1.));
#15864 = ORIENTED_EDGE('',*,*,#14062,.F.);
#15865 = ORIENTED_EDGE('',*,*,#14813,.F.);
#15866 = ORIENTED_EDGE('',*,*,#15867,.T.);
#15867 = EDGE_CURVE('',#14806,#15868,#15870,.T.);
#15868 = VERTEX_POINT('',#15869);
#15869 = CARTESIAN_POINT('',(-1.5,-0.625,0.2));
#15870 = LINE('',#15871,#15872);
#15871 = CARTESIAN_POINT('',(-1.225,-0.625,0.2));
#15872 = VECTOR('',#15873,1.);
#15873 = DIRECTION('',(-1.,4.669739647545E-16,0.));
#15874 = ORIENTED_EDGE('',*,*,#15875,.F.);
#15875 = EDGE_CURVE('',#15852,#15868,#15876,.T.);
#15876 = LINE('',#15877,#15878);
#15877 = CARTESIAN_POINT('',(-1.5,-0.625,0.));
#15878 = VECTOR('',#15879,1.);
#15879 = DIRECTION('',(0.,0.,1.));
#15880 = PLANE('',#15881);
#15881 = AXIS2_PLACEMENT_3D('',#15882,#15883,#15884);
#15882 = CARTESIAN_POINT('',(-1.225,-0.625,0.));
#15883 = DIRECTION('',(-4.669739647545E-16,-1.,0.));
#15884 = DIRECTION('',(-1.,4.669739647545E-16,0.));
#15885 = ADVANCED_FACE('',(#15886),#15913,.F.);
#15886 = FACE_BOUND('',#15887,.F.);
#15887 = EDGE_LOOP('',(#15888,#15896,#15897,#15898,#15899,#15907));
#15888 = ORIENTED_EDGE('',*,*,#15889,.F.);
#15889 = EDGE_CURVE('',#15825,#15890,#15892,.T.);
#15890 = VERTEX_POINT('',#15891);
#15891 = CARTESIAN_POINT('',(1.5,-0.875,0.));
#15892 = LINE('',#15893,#15894);
#15893 = CARTESIAN_POINT('',(1.225,-0.875,0.));
#15894 = VECTOR('',#15895,1.);
#15895 = DIRECTION('',(1.,-3.445092848398E-16,0.));
#15896 = ORIENTED_EDGE('',*,*,#15824,.T.);
#15897 = ORIENTED_EDGE('',*,*,#14243,.F.);
#15898 = ORIENTED_EDGE('',*,*,#14527,.T.);
#15899 = ORIENTED_EDGE('',*,*,#15900,.T.);
#15900 = EDGE_CURVE('',#14528,#15901,#15903,.T.);
#15901 = VERTEX_POINT('',#15902);
#15902 = CARTESIAN_POINT('',(1.5,-0.875,0.2));
#15903 = LINE('',#15904,#15905);
#15904 = CARTESIAN_POINT('',(1.225,-0.875,0.2));
#15905 = VECTOR('',#15906,1.);
#15906 = DIRECTION('',(1.,-3.445092848398E-16,0.));
#15907 = ORIENTED_EDGE('',*,*,#15908,.F.);
#15908 = EDGE_CURVE('',#15890,#15901,#15909,.T.);
#15909 = LINE('',#15910,#15911);
#15910 = CARTESIAN_POINT('',(1.5,-0.875,0.));
#15911 = VECTOR('',#15912,1.);
#15912 = DIRECTION('',(0.,0.,1.));
#15913 = PLANE('',#15914);
#15914 = AXIS2_PLACEMENT_3D('',#15915,#15916,#15917);
#15915 = CARTESIAN_POINT('',(1.225,-0.875,0.));
#15916 = DIRECTION('',(3.445092848398E-16,1.,0.));
#15917 = DIRECTION('',(1.,-3.445092848398E-16,0.));
#15918 = ADVANCED_FACE('',(#15919),#15938,.T.);
#15919 = FACE_BOUND('',#15920,.T.);
#15920 = EDGE_LOOP('',(#15921,#15922,#15923,#15931));
#15921 = ORIENTED_EDGE('',*,*,#15859,.T.);
#15922 = ORIENTED_EDGE('',*,*,#14070,.T.);
#15923 = ORIENTED_EDGE('',*,*,#15924,.F.);
#15924 = EDGE_CURVE('',#15925,#14071,#15927,.T.);
#15925 = VERTEX_POINT('',#15926);
#15926 = CARTESIAN_POINT('',(-1.225,-0.875,0.));
#15927 = LINE('',#15928,#15929);
#15928 = CARTESIAN_POINT('',(-1.225,-0.875,0.));
#15929 = VECTOR('',#15930,1.);
#15930 = DIRECTION('',(0.,0.,1.));
#15931 = ORIENTED_EDGE('',*,*,#15932,.T.);
#15932 = EDGE_CURVE('',#15925,#15850,#15933,.T.);
#15933 = CIRCLE('',#15934,0.125);
#15934 = AXIS2_PLACEMENT_3D('',#15935,#15936,#15937);
#15935 = CARTESIAN_POINT('',(-1.225,-0.75,0.));
#15936 = DIRECTION('',(0.,0.,1.));
#15937 = DIRECTION('',(-4.669739647545E-16,-1.,0.));
#15938 = CYLINDRICAL_SURFACE('',#15939,0.125);
#15939 = AXIS2_PLACEMENT_3D('',#15940,#15941,#15942);
#15940 = CARTESIAN_POINT('',(-1.225,-0.75,0.));
#15941 = DIRECTION('',(0.,0.,-1.));
#15942 = DIRECTION('',(-4.669739647545E-16,-1.,-0.));
#15943 = ADVANCED_FACE('',(#15944),#15971,.F.);
#15944 = FACE_BOUND('',#15945,.F.);
#15945 = EDGE_LOOP('',(#15946,#15954,#15962,#15968,#15969,#15970));
#15946 = ORIENTED_EDGE('',*,*,#15947,.F.);
#15947 = EDGE_CURVE('',#15948,#15925,#15950,.T.);
#15948 = VERTEX_POINT('',#15949);
#15949 = CARTESIAN_POINT('',(-1.5,-0.875,0.));
#15950 = LINE('',#15951,#15952);
#15951 = CARTESIAN_POINT('',(-1.5,-0.875,0.));
#15952 = VECTOR('',#15953,1.);
#15953 = DIRECTION('',(1.,-4.669739647545E-16,0.));
#15954 = ORIENTED_EDGE('',*,*,#15955,.T.);
#15955 = EDGE_CURVE('',#15948,#15956,#15958,.T.);
#15956 = VERTEX_POINT('',#15957);
#15957 = CARTESIAN_POINT('',(-1.5,-0.875,0.2));
#15958 = LINE('',#15959,#15960);
#15959 = CARTESIAN_POINT('',(-1.5,-0.875,0.));
#15960 = VECTOR('',#15961,1.);
#15961 = DIRECTION('',(0.,0.,1.));
#15962 = ORIENTED_EDGE('',*,*,#15963,.T.);
#15963 = EDGE_CURVE('',#15956,#14798,#15964,.T.);
#15964 = LINE('',#15965,#15966);
#15965 = CARTESIAN_POINT('',(-1.5,-0.875,0.2));
#15966 = VECTOR('',#15967,1.);
#15967 = DIRECTION('',(1.,-4.669739647545E-16,0.));
#15968 = ORIENTED_EDGE('',*,*,#14797,.F.);
#15969 = ORIENTED_EDGE('',*,*,#14079,.F.);
#15970 = ORIENTED_EDGE('',*,*,#15924,.F.);
#15971 = PLANE('',#15972);
#15972 = AXIS2_PLACEMENT_3D('',#15973,#15974,#15975);
#15973 = CARTESIAN_POINT('',(-1.5,-0.875,0.));
#15974 = DIRECTION('',(4.669739647545E-16,1.,0.));
#15975 = DIRECTION('',(1.,-4.669739647545E-16,0.));
#15976 = ADVANCED_FACE('',(#15977),#16011,.F.);
#15977 = FACE_BOUND('',#15978,.F.);
#15978 = EDGE_LOOP('',(#15979,#15989,#15997,#16003,#16004,#16005));
#15979 = ORIENTED_EDGE('',*,*,#15980,.F.);
#15980 = EDGE_CURVE('',#15981,#15983,#15985,.T.);
#15981 = VERTEX_POINT('',#15982);
#15982 = CARTESIAN_POINT('',(1.5,-1.125,0.));
#15983 = VERTEX_POINT('',#15984);
#15984 = CARTESIAN_POINT('',(1.225,-1.125,0.));
#15985 = LINE('',#15986,#15987);
#15986 = CARTESIAN_POINT('',(1.5,-1.125,0.));
#15987 = VECTOR('',#15988,1.);
#15988 = DIRECTION('',(-1.,3.445092848398E-16,0.));
#15989 = ORIENTED_EDGE('',*,*,#15990,.T.);
#15990 = EDGE_CURVE('',#15981,#15991,#15993,.T.);
#15991 = VERTEX_POINT('',#15992);
#15992 = CARTESIAN_POINT('',(1.5,-1.125,0.2));
#15993 = LINE('',#15994,#15995);
#15994 = CARTESIAN_POINT('',(1.5,-1.125,0.));
#15995 = VECTOR('',#15996,1.);
#15996 = DIRECTION('',(0.,0.,1.));
#15997 = ORIENTED_EDGE('',*,*,#15998,.T.);
#15998 = EDGE_CURVE('',#15991,#14513,#15999,.T.);
#15999 = LINE('',#16000,#16001);
#16000 = CARTESIAN_POINT('',(1.5,-1.125,0.2));
#16001 = VECTOR('',#16002,1.);
#16002 = DIRECTION('',(-1.,3.445092848398E-16,0.));
#16003 = ORIENTED_EDGE('',*,*,#14520,.T.);
#16004 = ORIENTED_EDGE('',*,*,#14227,.F.);
#16005 = ORIENTED_EDGE('',*,*,#16006,.F.);
#16006 = EDGE_CURVE('',#15983,#14219,#16007,.T.);
#16007 = LINE('',#16008,#16009);
#16008 = CARTESIAN_POINT('',(1.225,-1.125,0.));
#16009 = VECTOR('',#16010,1.);
#16010 = DIRECTION('',(0.,0.,1.));
#16011 = PLANE('',#16012);
#16012 = AXIS2_PLACEMENT_3D('',#16013,#16014,#16015);
#16013 = CARTESIAN_POINT('',(1.5,-1.125,0.));
#16014 = DIRECTION('',(-3.445092848398E-16,-1.,0.));
#16015 = DIRECTION('',(-1.,3.445092848398E-16,0.));
#16016 = ADVANCED_FACE('',(#16017),#16036,.T.);
#16017 = FACE_BOUND('',#16018,.T.);
#16018 = EDGE_LOOP('',(#16019,#16027,#16028,#16029));
#16019 = ORIENTED_EDGE('',*,*,#16020,.T.);
#16020 = EDGE_CURVE('',#16021,#14211,#16023,.T.);
#16021 = VERTEX_POINT('',#16022);
#16022 = CARTESIAN_POINT('',(1.225,-1.375,0.));
#16023 = LINE('',#16024,#16025);
#16024 = CARTESIAN_POINT('',(1.225,-1.375,0.));
#16025 = VECTOR('',#16026,1.);
#16026 = DIRECTION('',(0.,0.,1.));
#16027 = ORIENTED_EDGE('',*,*,#14218,.T.);
#16028 = ORIENTED_EDGE('',*,*,#16006,.F.);
#16029 = ORIENTED_EDGE('',*,*,#16030,.T.);
#16030 = EDGE_CURVE('',#15983,#16021,#16031,.T.);
#16031 = CIRCLE('',#16032,0.125);
#16032 = AXIS2_PLACEMENT_3D('',#16033,#16034,#16035);
#16033 = CARTESIAN_POINT('',(1.225,-1.25,0.));
#16034 = DIRECTION('',(0.,-0.,1.));
#16035 = DIRECTION('',(3.445092848398E-16,1.,0.));
#16036 = CYLINDRICAL_SURFACE('',#16037,0.125);
#16037 = AXIS2_PLACEMENT_3D('',#16038,#16039,#16040);
#16038 = CARTESIAN_POINT('',(1.225,-1.25,0.));
#16039 = DIRECTION('',(0.,-0.,-1.));
#16040 = DIRECTION('',(3.445092848398E-16,1.,0.));
#16041 = ADVANCED_FACE('',(#16042),#16076,.F.);
#16042 = FACE_BOUND('',#16043,.F.);
#16043 = EDGE_LOOP('',(#16044,#16054,#16060,#16061,#16062,#16070));
#16044 = ORIENTED_EDGE('',*,*,#16045,.F.);
#16045 = EDGE_CURVE('',#16046,#16048,#16050,.T.);
#16046 = VERTEX_POINT('',#16047);
#16047 = CARTESIAN_POINT('',(-1.225,-1.125,0.));
#16048 = VERTEX_POINT('',#16049);
#16049 = CARTESIAN_POINT('',(-1.5,-1.125,0.));
#16050 = LINE('',#16051,#16052);
#16051 = CARTESIAN_POINT('',(-1.225,-1.125,0.));
#16052 = VECTOR('',#16053,1.);
#16053 = DIRECTION('',(-1.,4.669739647545E-16,0.));
#16054 = ORIENTED_EDGE('',*,*,#16055,.T.);
#16055 = EDGE_CURVE('',#16046,#14096,#16056,.T.);
#16056 = LINE('',#16057,#16058);
#16057 = CARTESIAN_POINT('',(-1.225,-1.125,0.));
#16058 = VECTOR('',#16059,1.);
#16059 = DIRECTION('',(0.,0.,1.));
#16060 = ORIENTED_EDGE('',*,*,#14095,.F.);
#16061 = ORIENTED_EDGE('',*,*,#14790,.F.);
#16062 = ORIENTED_EDGE('',*,*,#16063,.T.);
#16063 = EDGE_CURVE('',#14783,#16064,#16066,.T.);
#16064 = VERTEX_POINT('',#16065);
#16065 = CARTESIAN_POINT('',(-1.5,-1.125,0.2));
#16066 = LINE('',#16067,#16068);
#16067 = CARTESIAN_POINT('',(-1.225,-1.125,0.2));
#16068 = VECTOR('',#16069,1.);
#16069 = DIRECTION('',(-1.,4.669739647545E-16,0.));
#16070 = ORIENTED_EDGE('',*,*,#16071,.F.);
#16071 = EDGE_CURVE('',#16048,#16064,#16072,.T.);
#16072 = LINE('',#16073,#16074);
#16073 = CARTESIAN_POINT('',(-1.5,-1.125,0.));
#16074 = VECTOR('',#16075,1.);
#16075 = DIRECTION('',(0.,0.,1.));
#16076 = PLANE('',#16077);
#16077 = AXIS2_PLACEMENT_3D('',#16078,#16079,#16080);
#16078 = CARTESIAN_POINT('',(-1.225,-1.125,0.));
#16079 = DIRECTION('',(-4.669739647545E-16,-1.,0.));
#16080 = DIRECTION('',(-1.,4.669739647545E-16,0.));
#16081 = ADVANCED_FACE('',(#16082),#16109,.F.);
#16082 = FACE_BOUND('',#16083,.F.);
#16083 = EDGE_LOOP('',(#16084,#16092,#16093,#16094,#16095,#16103));
#16084 = ORIENTED_EDGE('',*,*,#16085,.F.);
#16085 = EDGE_CURVE('',#16021,#16086,#16088,.T.);
#16086 = VERTEX_POINT('',#16087);
#16087 = CARTESIAN_POINT('',(1.5,-1.375,0.));
#16088 = LINE('',#16089,#16090);
#16089 = CARTESIAN_POINT('',(1.225,-1.375,0.));
#16090 = VECTOR('',#16091,1.);
#16091 = DIRECTION('',(1.,-3.445092848398E-16,0.));
#16092 = ORIENTED_EDGE('',*,*,#16020,.T.);
#16093 = ORIENTED_EDGE('',*,*,#14210,.F.);
#16094 = ORIENTED_EDGE('',*,*,#14504,.T.);
#16095 = ORIENTED_EDGE('',*,*,#16096,.T.);
#16096 = EDGE_CURVE('',#14505,#16097,#16099,.T.);
#16097 = VERTEX_POINT('',#16098);
#16098 = CARTESIAN_POINT('',(1.5,-1.375,0.2));
#16099 = LINE('',#16100,#16101);
#16100 = CARTESIAN_POINT('',(1.225,-1.375,0.2));
#16101 = VECTOR('',#16102,1.);
#16102 = DIRECTION('',(1.,-3.445092848398E-16,0.));
#16103 = ORIENTED_EDGE('',*,*,#16104,.F.);
#16104 = EDGE_CURVE('',#16086,#16097,#16105,.T.);
#16105 = LINE('',#16106,#16107);
#16106 = CARTESIAN_POINT('',(1.5,-1.375,0.));
#16107 = VECTOR('',#16108,1.);
#16108 = DIRECTION('',(0.,0.,1.));
#16109 = PLANE('',#16110);
#16110 = AXIS2_PLACEMENT_3D('',#16111,#16112,#16113);
#16111 = CARTESIAN_POINT('',(1.225,-1.375,0.));
#16112 = DIRECTION('',(3.445092848398E-16,1.,0.));
#16113 = DIRECTION('',(1.,-3.445092848398E-16,0.));
#16114 = ADVANCED_FACE('',(#16115),#16134,.T.);
#16115 = FACE_BOUND('',#16116,.T.);
#16116 = EDGE_LOOP('',(#16117,#16118,#16119,#16127));
#16117 = ORIENTED_EDGE('',*,*,#16055,.T.);
#16118 = ORIENTED_EDGE('',*,*,#14103,.T.);
#16119 = ORIENTED_EDGE('',*,*,#16120,.F.);
#16120 = EDGE_CURVE('',#16121,#14104,#16123,.T.);
#16121 = VERTEX_POINT('',#16122);
#16122 = CARTESIAN_POINT('',(-1.225,-1.375,0.));
#16123 = LINE('',#16124,#16125);
#16124 = CARTESIAN_POINT('',(-1.225,-1.375,0.));
#16125 = VECTOR('',#16126,1.);
#16126 = DIRECTION('',(0.,0.,1.));
#16127 = ORIENTED_EDGE('',*,*,#16128,.T.);
#16128 = EDGE_CURVE('',#16121,#16046,#16129,.T.);
#16129 = CIRCLE('',#16130,0.125);
#16130 = AXIS2_PLACEMENT_3D('',#16131,#16132,#16133);
#16131 = CARTESIAN_POINT('',(-1.225,-1.25,0.));
#16132 = DIRECTION('',(0.,0.,1.));
#16133 = DIRECTION('',(-4.669739647545E-16,-1.,0.));
#16134 = CYLINDRICAL_SURFACE('',#16135,0.125);
#16135 = AXIS2_PLACEMENT_3D('',#16136,#16137,#16138);
#16136 = CARTESIAN_POINT('',(-1.225,-1.25,0.));
#16137 = DIRECTION('',(0.,0.,-1.));
#16138 = DIRECTION('',(-4.669739647545E-16,-1.,-0.));
#16139 = ADVANCED_FACE('',(#16140),#16167,.F.);
#16140 = FACE_BOUND('',#16141,.F.);
#16141 = EDGE_LOOP('',(#16142,#16150,#16158,#16164,#16165,#16166));
#16142 = ORIENTED_EDGE('',*,*,#16143,.F.);
#16143 = EDGE_CURVE('',#16144,#16121,#16146,.T.);
#16144 = VERTEX_POINT('',#16145);
#16145 = CARTESIAN_POINT('',(-1.5,-1.375,0.));
#16146 = LINE('',#16147,#16148);
#16147 = CARTESIAN_POINT('',(-1.5,-1.375,0.));
#16148 = VECTOR('',#16149,1.);
#16149 = DIRECTION('',(1.,-4.669739647545E-16,0.));
#16150 = ORIENTED_EDGE('',*,*,#16151,.T.);
#16151 = EDGE_CURVE('',#16144,#16152,#16154,.T.);
#16152 = VERTEX_POINT('',#16153);
#16153 = CARTESIAN_POINT('',(-1.5,-1.375,0.2));
#16154 = LINE('',#16155,#16156);
#16155 = CARTESIAN_POINT('',(-1.5,-1.375,0.));
#16156 = VECTOR('',#16157,1.);
#16157 = DIRECTION('',(0.,0.,1.));
#16158 = ORIENTED_EDGE('',*,*,#16159,.T.);
#16159 = EDGE_CURVE('',#16152,#14775,#16160,.T.);
#16160 = LINE('',#16161,#16162);
#16161 = CARTESIAN_POINT('',(-1.5,-1.375,0.2));
#16162 = VECTOR('',#16163,1.);
#16163 = DIRECTION('',(1.,-4.669739647545E-16,0.));
#16164 = ORIENTED_EDGE('',*,*,#14774,.F.);
#16165 = ORIENTED_EDGE('',*,*,#14112,.F.);
#16166 = ORIENTED_EDGE('',*,*,#16120,.F.);
#16167 = PLANE('',#16168);
#16168 = AXIS2_PLACEMENT_3D('',#16169,#16170,#16171);
#16169 = CARTESIAN_POINT('',(-1.5,-1.375,0.));
#16170 = DIRECTION('',(4.669739647545E-16,1.,0.));
#16171 = DIRECTION('',(1.,-4.669739647545E-16,0.));
#16172 = ADVANCED_FACE('',(#16173),#16207,.F.);
#16173 = FACE_BOUND('',#16174,.F.);
#16174 = EDGE_LOOP('',(#16175,#16185,#16193,#16199,#16200,#16201));
#16175 = ORIENTED_EDGE('',*,*,#16176,.F.);
#16176 = EDGE_CURVE('',#16177,#16179,#16181,.T.);
#16177 = VERTEX_POINT('',#16178);
#16178 = CARTESIAN_POINT('',(1.5,-1.625,0.));
#16179 = VERTEX_POINT('',#16180);
#16180 = CARTESIAN_POINT('',(1.225,-1.625,0.));
#16181 = LINE('',#16182,#16183);
#16182 = CARTESIAN_POINT('',(1.5,-1.625,0.));
#16183 = VECTOR('',#16184,1.);
#16184 = DIRECTION('',(-1.,3.445092848398E-16,0.));
#16185 = ORIENTED_EDGE('',*,*,#16186,.T.);
#16186 = EDGE_CURVE('',#16177,#16187,#16189,.T.);
#16187 = VERTEX_POINT('',#16188);
#16188 = CARTESIAN_POINT('',(1.5,-1.625,0.2));
#16189 = LINE('',#16190,#16191);
#16190 = CARTESIAN_POINT('',(1.5,-1.625,0.));
#16191 = VECTOR('',#16192,1.);
#16192 = DIRECTION('',(0.,0.,1.));
#16193 = ORIENTED_EDGE('',*,*,#16194,.T.);
#16194 = EDGE_CURVE('',#16187,#14490,#16195,.T.);
#16195 = LINE('',#16196,#16197);
#16196 = CARTESIAN_POINT('',(1.5,-1.625,0.2));
#16197 = VECTOR('',#16198,1.);
#16198 = DIRECTION('',(-1.,3.445092848398E-16,0.));
#16199 = ORIENTED_EDGE('',*,*,#14497,.T.);
#16200 = ORIENTED_EDGE('',*,*,#14194,.F.);
#16201 = ORIENTED_EDGE('',*,*,#16202,.F.);
#16202 = EDGE_CURVE('',#16179,#14186,#16203,.T.);
#16203 = LINE('',#16204,#16205);
#16204 = CARTESIAN_POINT('',(1.225,-1.625,0.));
#16205 = VECTOR('',#16206,1.);
#16206 = DIRECTION('',(0.,0.,1.));
#16207 = PLANE('',#16208);
#16208 = AXIS2_PLACEMENT_3D('',#16209,#16210,#16211);
#16209 = CARTESIAN_POINT('',(1.5,-1.625,0.));
#16210 = DIRECTION('',(-3.445092848398E-16,-1.,0.));
#16211 = DIRECTION('',(-1.,3.445092848398E-16,0.));
#16212 = ADVANCED_FACE('',(#16213),#16232,.T.);
#16213 = FACE_BOUND('',#16214,.T.);
#16214 = EDGE_LOOP('',(#16215,#16223,#16224,#16225));
#16215 = ORIENTED_EDGE('',*,*,#16216,.T.);
#16216 = EDGE_CURVE('',#16217,#14178,#16219,.T.);
#16217 = VERTEX_POINT('',#16218);
#16218 = CARTESIAN_POINT('',(1.225,-1.875,0.));
#16219 = LINE('',#16220,#16221);
#16220 = CARTESIAN_POINT('',(1.225,-1.875,0.));
#16221 = VECTOR('',#16222,1.);
#16222 = DIRECTION('',(0.,0.,1.));
#16223 = ORIENTED_EDGE('',*,*,#14185,.T.);
#16224 = ORIENTED_EDGE('',*,*,#16202,.F.);
#16225 = ORIENTED_EDGE('',*,*,#16226,.T.);
#16226 = EDGE_CURVE('',#16179,#16217,#16227,.T.);
#16227 = CIRCLE('',#16228,0.125);
#16228 = AXIS2_PLACEMENT_3D('',#16229,#16230,#16231);
#16229 = CARTESIAN_POINT('',(1.225,-1.75,0.));
#16230 = DIRECTION('',(0.,-0.,1.));
#16231 = DIRECTION('',(3.445092848398E-16,1.,0.));
#16232 = CYLINDRICAL_SURFACE('',#16233,0.125);
#16233 = AXIS2_PLACEMENT_3D('',#16234,#16235,#16236);
#16234 = CARTESIAN_POINT('',(1.225,-1.75,0.));
#16235 = DIRECTION('',(0.,-0.,-1.));
#16236 = DIRECTION('',(3.445092848398E-16,1.,0.));
#16237 = ADVANCED_FACE('',(#16238),#16272,.F.);
#16238 = FACE_BOUND('',#16239,.F.);
#16239 = EDGE_LOOP('',(#16240,#16250,#16256,#16257,#16258,#16266));
#16240 = ORIENTED_EDGE('',*,*,#16241,.F.);
#16241 = EDGE_CURVE('',#16242,#16244,#16246,.T.);
#16242 = VERTEX_POINT('',#16243);
#16243 = CARTESIAN_POINT('',(-1.225,-1.625,0.));
#16244 = VERTEX_POINT('',#16245);
#16245 = CARTESIAN_POINT('',(-1.5,-1.625,0.));
#16246 = LINE('',#16247,#16248);
#16247 = CARTESIAN_POINT('',(-1.225,-1.625,0.));
#16248 = VECTOR('',#16249,1.);
#16249 = DIRECTION('',(-1.,4.669739647545E-16,0.));
#16250 = ORIENTED_EDGE('',*,*,#16251,.T.);
#16251 = EDGE_CURVE('',#16242,#14129,#16252,.T.);
#16252 = LINE('',#16253,#16254);
#16253 = CARTESIAN_POINT('',(-1.225,-1.625,0.));
#16254 = VECTOR('',#16255,1.);
#16255 = DIRECTION('',(0.,0.,1.));
#16256 = ORIENTED_EDGE('',*,*,#14128,.F.);
#16257 = ORIENTED_EDGE('',*,*,#14767,.F.);
#16258 = ORIENTED_EDGE('',*,*,#16259,.T.);
#16259 = EDGE_CURVE('',#14760,#16260,#16262,.T.);
#16260 = VERTEX_POINT('',#16261);
#16261 = CARTESIAN_POINT('',(-1.5,-1.625,0.2));
#16262 = LINE('',#16263,#16264);
#16263 = CARTESIAN_POINT('',(-1.225,-1.625,0.2));
#16264 = VECTOR('',#16265,1.);
#16265 = DIRECTION('',(-1.,4.669739647545E-16,0.));
#16266 = ORIENTED_EDGE('',*,*,#16267,.F.);
#16267 = EDGE_CURVE('',#16244,#16260,#16268,.T.);
#16268 = LINE('',#16269,#16270);
#16269 = CARTESIAN_POINT('',(-1.5,-1.625,0.));
#16270 = VECTOR('',#16271,1.);
#16271 = DIRECTION('',(0.,0.,1.));
#16272 = PLANE('',#16273);
#16273 = AXIS2_PLACEMENT_3D('',#16274,#16275,#16276);
#16274 = CARTESIAN_POINT('',(-1.225,-1.625,0.));
#16275 = DIRECTION('',(-4.669739647545E-16,-1.,0.));
#16276 = DIRECTION('',(-1.,4.669739647545E-16,0.));
#16277 = ADVANCED_FACE('',(#16278),#16305,.F.);
#16278 = FACE_BOUND('',#16279,.F.);
#16279 = EDGE_LOOP('',(#16280,#16288,#16289,#16290,#16291,#16299));
#16280 = ORIENTED_EDGE('',*,*,#16281,.F.);
#16281 = EDGE_CURVE('',#16217,#16282,#16284,.T.);
#16282 = VERTEX_POINT('',#16283);
#16283 = CARTESIAN_POINT('',(1.5,-1.875,0.));
#16284 = LINE('',#16285,#16286);
#16285 = CARTESIAN_POINT('',(1.225,-1.875,0.));
#16286 = VECTOR('',#16287,1.);
#16287 = DIRECTION('',(1.,-3.445092848398E-16,0.));
#16288 = ORIENTED_EDGE('',*,*,#16216,.T.);
#16289 = ORIENTED_EDGE('',*,*,#14177,.F.);
#16290 = ORIENTED_EDGE('',*,*,#14481,.T.);
#16291 = ORIENTED_EDGE('',*,*,#16292,.T.);
#16292 = EDGE_CURVE('',#14482,#16293,#16295,.T.);
#16293 = VERTEX_POINT('',#16294);
#16294 = CARTESIAN_POINT('',(1.5,-1.875,0.2));
#16295 = LINE('',#16296,#16297);
#16296 = CARTESIAN_POINT('',(1.225,-1.875,0.2));
#16297 = VECTOR('',#16298,1.);
#16298 = DIRECTION('',(1.,-3.445092848398E-16,0.));
#16299 = ORIENTED_EDGE('',*,*,#16300,.F.);
#16300 = EDGE_CURVE('',#16282,#16293,#16301,.T.);
#16301 = LINE('',#16302,#16303);
#16302 = CARTESIAN_POINT('',(1.5,-1.875,0.));
#16303 = VECTOR('',#16304,1.);
#16304 = DIRECTION('',(0.,0.,1.));
#16305 = PLANE('',#16306);
#16306 = AXIS2_PLACEMENT_3D('',#16307,#16308,#16309);
#16307 = CARTESIAN_POINT('',(1.225,-1.875,0.));
#16308 = DIRECTION('',(3.445092848398E-16,1.,0.));
#16309 = DIRECTION('',(1.,-3.445092848398E-16,0.));
#16310 = ADVANCED_FACE('',(#16311),#16330,.T.);
#16311 = FACE_BOUND('',#16312,.T.);
#16312 = EDGE_LOOP('',(#16313,#16314,#16315,#16323));
#16313 = ORIENTED_EDGE('',*,*,#16251,.T.);
#16314 = ORIENTED_EDGE('',*,*,#14136,.T.);
#16315 = ORIENTED_EDGE('',*,*,#16316,.F.);
#16316 = EDGE_CURVE('',#16317,#14137,#16319,.T.);
#16317 = VERTEX_POINT('',#16318);
#16318 = CARTESIAN_POINT('',(-1.225,-1.875,0.));
#16319 = LINE('',#16320,#16321);
#16320 = CARTESIAN_POINT('',(-1.225,-1.875,0.));
#16321 = VECTOR('',#16322,1.);
#16322 = DIRECTION('',(0.,0.,1.));
#16323 = ORIENTED_EDGE('',*,*,#16324,.T.);
#16324 = EDGE_CURVE('',#16317,#16242,#16325,.T.);
#16325 = CIRCLE('',#16326,0.125);
#16326 = AXIS2_PLACEMENT_3D('',#16327,#16328,#16329);
#16327 = CARTESIAN_POINT('',(-1.225,-1.75,0.));
#16328 = DIRECTION('',(0.,0.,1.));
#16329 = DIRECTION('',(-4.669739647545E-16,-1.,0.));
#16330 = CYLINDRICAL_SURFACE('',#16331,0.125);
#16331 = AXIS2_PLACEMENT_3D('',#16332,#16333,#16334);
#16332 = CARTESIAN_POINT('',(-1.225,-1.75,0.));
#16333 = DIRECTION('',(0.,0.,-1.));
#16334 = DIRECTION('',(-4.669739647545E-16,-1.,-0.));
#16335 = ADVANCED_FACE('',(#16336),#16363,.F.);
#16336 = FACE_BOUND('',#16337,.F.);
#16337 = EDGE_LOOP('',(#16338,#16346,#16354,#16360,#16361,#16362));
#16338 = ORIENTED_EDGE('',*,*,#16339,.F.);
#16339 = EDGE_CURVE('',#16340,#16317,#16342,.T.);
#16340 = VERTEX_POINT('',#16341);
#16341 = CARTESIAN_POINT('',(-1.5,-1.875,0.));
#16342 = LINE('',#16343,#16344);
#16343 = CARTESIAN_POINT('',(-1.5,-1.875,0.));
#16344 = VECTOR('',#16345,1.);
#16345 = DIRECTION('',(1.,-4.669739647545E-16,0.));
#16346 = ORIENTED_EDGE('',*,*,#16347,.T.);
#16347 = EDGE_CURVE('',#16340,#16348,#16350,.T.);
#16348 = VERTEX_POINT('',#16349);
#16349 = CARTESIAN_POINT('',(-1.5,-1.875,0.2));
#16350 = LINE('',#16351,#16352);
#16351 = CARTESIAN_POINT('',(-1.5,-1.875,0.));
#16352 = VECTOR('',#16353,1.);
#16353 = DIRECTION('',(0.,0.,1.));
#16354 = ORIENTED_EDGE('',*,*,#16355,.T.);
#16355 = EDGE_CURVE('',#16348,#14752,#16356,.T.);
#16356 = LINE('',#16357,#16358);
#16357 = CARTESIAN_POINT('',(-1.5,-1.875,0.2));
#16358 = VECTOR('',#16359,1.);
#16359 = DIRECTION('',(1.,-4.669739647545E-16,0.));
#16360 = ORIENTED_EDGE('',*,*,#14751,.F.);
#16361 = ORIENTED_EDGE('',*,*,#14145,.F.);
#16362 = ORIENTED_EDGE('',*,*,#16316,.F.);
#16363 = PLANE('',#16364);
#16364 = AXIS2_PLACEMENT_3D('',#16365,#16366,#16367);
#16365 = CARTESIAN_POINT('',(-1.5,-1.875,0.));
#16366 = DIRECTION('',(4.669739647545E-16,1.,0.));
#16367 = DIRECTION('',(1.,-4.669739647545E-16,0.));
#16368 = ADVANCED_FACE('',(#16369),#16380,.T.);
#16369 = FACE_BOUND('',#16370,.T.);
#16370 = EDGE_LOOP('',(#16371,#16372,#16373,#16374));
#16371 = ORIENTED_EDGE('',*,*,#14744,.F.);
#16372 = ORIENTED_EDGE('',*,*,#14161,.T.);
#16373 = ORIENTED_EDGE('',*,*,#14474,.T.);
#16374 = ORIENTED_EDGE('',*,*,#16375,.F.);
#16375 = EDGE_CURVE('',#14737,#14467,#16376,.T.);
#16376 = LINE('',#16377,#16378);
#16377 = CARTESIAN_POINT('',(-1.49,-2.49,0.77));
#16378 = VECTOR('',#16379,1.);
#16379 = DIRECTION('',(1.,-2.22044604925E-16,0.));
#16380 = PLANE('',#16381);
#16381 = AXIS2_PLACEMENT_3D('',#16382,#16383,#16384);
#16382 = CARTESIAN_POINT('',(-1.49,-2.49,2.E-02));
#16383 = DIRECTION('',(-2.22044604925E-16,-1.,0.));
#16384 = DIRECTION('',(0.,0.,1.));
#16385 = ADVANCED_FACE('',(#16386),#16411,.F.);
#16386 = FACE_BOUND('',#16387,.F.);
#16387 = EDGE_LOOP('',(#16388,#16396,#16397,#16405));
#16388 = ORIENTED_EDGE('',*,*,#16389,.T.);
#16389 = EDGE_CURVE('',#16390,#14410,#16392,.T.);
#16390 = VERTEX_POINT('',#16391);
#16391 = CARTESIAN_POINT('',(-0.825,1.85,0.));
#16392 = LINE('',#16393,#16394);
#16393 = CARTESIAN_POINT('',(-0.825,1.85,0.));
#16394 = VECTOR('',#16395,1.);
#16395 = DIRECTION('',(0.,0.,1.));
#16396 = ORIENTED_EDGE('',*,*,#14409,.T.);
#16397 = ORIENTED_EDGE('',*,*,#16398,.F.);
#16398 = EDGE_CURVE('',#16399,#14412,#16401,.T.);
#16399 = VERTEX_POINT('',#16400);
#16400 = CARTESIAN_POINT('',(-0.825,-2.2,0.));
#16401 = LINE('',#16402,#16403);
#16402 = CARTESIAN_POINT('',(-0.825,-2.2,0.));
#16403 = VECTOR('',#16404,1.);
#16404 = DIRECTION('',(0.,0.,1.));
#16405 = ORIENTED_EDGE('',*,*,#16406,.F.);
#16406 = EDGE_CURVE('',#16390,#16399,#16407,.T.);
#16407 = LINE('',#16408,#16409);
#16408 = CARTESIAN_POINT('',(-0.825,1.85,0.));
#16409 = VECTOR('',#16410,1.);
#16410 = DIRECTION('',(-2.22044604925E-16,-1.,0.));
#16411 = PLANE('',#16412);
#16412 = AXIS2_PLACEMENT_3D('',#16413,#16414,#16415);
#16413 = CARTESIAN_POINT('',(-0.825,1.85,0.));
#16414 = DIRECTION('',(1.,-2.22044604925E-16,0.));
#16415 = DIRECTION('',(-2.22044604925E-16,-1.,0.));
#16416 = ADVANCED_FACE('',(#16417),#16435,.F.);
#16417 = FACE_BOUND('',#16418,.F.);
#16418 = EDGE_LOOP('',(#16419,#16420,#16421,#16429));
#16419 = ORIENTED_EDGE('',*,*,#16398,.T.);
#16420 = ORIENTED_EDGE('',*,*,#14443,.T.);
#16421 = ORIENTED_EDGE('',*,*,#16422,.F.);
#16422 = EDGE_CURVE('',#16423,#14436,#16425,.T.);
#16423 = VERTEX_POINT('',#16424);
#16424 = CARTESIAN_POINT('',(0.825,-2.2,0.));
#16425 = LINE('',#16426,#16427);
#16426 = CARTESIAN_POINT('',(0.825,-2.2,0.));
#16427 = VECTOR('',#16428,1.);
#16428 = DIRECTION('',(0.,0.,1.));
#16429 = ORIENTED_EDGE('',*,*,#16430,.F.);
#16430 = EDGE_CURVE('',#16399,#16423,#16431,.T.);
#16431 = LINE('',#16432,#16433);
#16432 = CARTESIAN_POINT('',(-0.825,-2.2,0.));
#16433 = VECTOR('',#16434,1.);
#16434 = DIRECTION('',(1.,4.710037074167E-17,0.));
#16435 = PLANE('',#16436);
#16436 = AXIS2_PLACEMENT_3D('',#16437,#16438,#16439);
#16437 = CARTESIAN_POINT('',(-0.825,-2.2,0.));
#16438 = DIRECTION('',(-4.710037074167E-17,1.,0.));
#16439 = DIRECTION('',(1.,4.710037074167E-17,0.));
#16440 = ADVANCED_FACE('',(#16441),#16459,.F.);
#16441 = FACE_BOUND('',#16442,.F.);
#16442 = EDGE_LOOP('',(#16443,#16444,#16445,#16453));
#16443 = ORIENTED_EDGE('',*,*,#16422,.T.);
#16444 = ORIENTED_EDGE('',*,*,#14435,.T.);
#16445 = ORIENTED_EDGE('',*,*,#16446,.F.);
#16446 = EDGE_CURVE('',#16447,#14428,#16449,.T.);
#16447 = VERTEX_POINT('',#16448);
#16448 = CARTESIAN_POINT('',(0.825,2.2,0.));
#16449 = LINE('',#16450,#16451);
#16450 = CARTESIAN_POINT('',(0.825,2.2,0.));
#16451 = VECTOR('',#16452,1.);
#16452 = DIRECTION('',(0.,0.,1.));
#16453 = ORIENTED_EDGE('',*,*,#16454,.F.);
#16454 = EDGE_CURVE('',#16423,#16447,#16455,.T.);
#16455 = LINE('',#16456,#16457);
#16456 = CARTESIAN_POINT('',(0.825,-2.2,0.));
#16457 = VECTOR('',#16458,1.);
#16458 = DIRECTION('',(2.22044604925E-16,1.,0.));
#16459 = PLANE('',#16460);
#16460 = AXIS2_PLACEMENT_3D('',#16461,#16462,#16463);
#16461 = CARTESIAN_POINT('',(0.825,-2.2,0.));
#16462 = DIRECTION('',(-1.,2.22044604925E-16,0.));
#16463 = DIRECTION('',(2.22044604925E-16,1.,0.));
#16464 = ADVANCED_FACE('',(#16465),#16483,.F.);
#16465 = FACE_BOUND('',#16466,.F.);
#16466 = EDGE_LOOP('',(#16467,#16468,#16469,#16477));
#16467 = ORIENTED_EDGE('',*,*,#16446,.T.);
#16468 = ORIENTED_EDGE('',*,*,#14427,.T.);
#16469 = ORIENTED_EDGE('',*,*,#16470,.F.);
#16470 = EDGE_CURVE('',#16471,#14420,#16473,.T.);
#16471 = VERTEX_POINT('',#16472);
#16472 = CARTESIAN_POINT('',(-0.475,2.2,0.));
#16473 = LINE('',#16474,#16475);
#16474 = CARTESIAN_POINT('',(-0.475,2.2,0.));
#16475 = VECTOR('',#16476,1.);
#16476 = DIRECTION('',(0.,0.,1.));
#16477 = ORIENTED_EDGE('',*,*,#16478,.F.);
#16478 = EDGE_CURVE('',#16447,#16471,#16479,.T.);
#16479 = LINE('',#16480,#16481);
#16480 = CARTESIAN_POINT('',(0.825,2.2,0.));
#16481 = VECTOR('',#16482,1.);
#16482 = DIRECTION('',(-1.,2.22044604925E-16,0.));
#16483 = PLANE('',#16484);
#16484 = AXIS2_PLACEMENT_3D('',#16485,#16486,#16487);
#16485 = CARTESIAN_POINT('',(0.825,2.2,0.));
#16486 = DIRECTION('',(-2.22044604925E-16,-1.,0.));
#16487 = DIRECTION('',(-1.,2.22044604925E-16,0.));
#16488 = ADVANCED_FACE('',(#16489),#16500,.F.);
#16489 = FACE_BOUND('',#16490,.F.);
#16490 = EDGE_LOOP('',(#16491,#16492,#16493,#16494));
#16491 = ORIENTED_EDGE('',*,*,#16470,.T.);
#16492 = ORIENTED_EDGE('',*,*,#14419,.T.);
#16493 = ORIENTED_EDGE('',*,*,#16389,.F.);
#16494 = ORIENTED_EDGE('',*,*,#16495,.F.);
#16495 = EDGE_CURVE('',#16471,#16390,#16496,.T.);
#16496 = LINE('',#16497,#16498);
#16497 = CARTESIAN_POINT('',(-0.475,2.2,0.));
#16498 = VECTOR('',#16499,1.);
#16499 = DIRECTION('',(-0.707106781187,-0.707106781187,0.));
#16500 = PLANE('',#16501);
#16501 = AXIS2_PLACEMENT_3D('',#16502,#16503,#16504);
#16502 = CARTESIAN_POINT('',(-0.475,2.2,0.));
#16503 = DIRECTION('',(0.707106781187,-0.707106781187,0.));
#16504 = DIRECTION('',(-0.707106781187,-0.707106781187,0.));
#16505 = ADVANCED_FACE('',(#16506,#16512),#16523,.T.);
#16506 = FACE_BOUND('',#16507,.T.);
#16507 = EDGE_LOOP('',(#16508,#16509,#16510,#16511));
#16508 = ORIENTED_EDGE('',*,*,#14680,.F.);
#16509 = ORIENTED_EDGE('',*,*,#14736,.T.);
#16510 = ORIENTED_EDGE('',*,*,#16375,.T.);
#16511 = ORIENTED_EDGE('',*,*,#14466,.F.);
#16512 = FACE_BOUND('',#16513,.T.);
#16513 = EDGE_LOOP('',(#16514));
#16514 = ORIENTED_EDGE('',*,*,#16515,.T.);
#16515 = EDGE_CURVE('',#16516,#16516,#16518,.T.);
#16516 = VERTEX_POINT('',#16517);
#16517 = CARTESIAN_POINT('',(-0.9,1.65,0.77));
#16518 = CIRCLE('',#16519,0.25);
#16519 = AXIS2_PLACEMENT_3D('',#16520,#16521,#16522);
#16520 = CARTESIAN_POINT('',(-0.9,1.9,0.77));
#16521 = DIRECTION('',(-0.,0.,-1.));
#16522 = DIRECTION('',(-2.22044604925E-16,-1.,0.));
#16523 = PLANE('',#16524);
#16524 = AXIS2_PLACEMENT_3D('',#16525,#16526,#16527);
#16525 = CARTESIAN_POINT('',(-1.49,2.49,0.77));
#16526 = DIRECTION('',(0.,0.,1.));
#16527 = DIRECTION('',(-2.22044604925E-16,-1.,0.));
#16528 = ADVANCED_FACE('',(#16529),#16540,.F.);
#16529 = FACE_BOUND('',#16530,.F.);
#16530 = EDGE_LOOP('',(#16531,#16532,#16538,#16539));
#16531 = ORIENTED_EDGE('',*,*,#14712,.F.);
#16532 = ORIENTED_EDGE('',*,*,#16533,.F.);
#16533 = EDGE_CURVE('',#15019,#14705,#16534,.T.);
#16534 = LINE('',#16535,#16536);
#16535 = CARTESIAN_POINT('',(1.5,1.625,0.2));
#16536 = VECTOR('',#16537,1.);
#16537 = DIRECTION('',(3.445092848398E-16,1.,0.));
#16538 = ORIENTED_EDGE('',*,*,#15018,.F.);
#16539 = ORIENTED_EDGE('',*,*,#14636,.T.);
#16540 = PLANE('',#16541);
#16541 = AXIS2_PLACEMENT_3D('',#16542,#16543,#16544);
#16542 = CARTESIAN_POINT('',(1.5,1.875,0.2));
#16543 = DIRECTION('',(0.,0.,-1.));
#16544 = DIRECTION('',(-3.445092848398E-16,-1.,-0.));
#16545 = ADVANCED_FACE('',(#16546),#16557,.F.);
#16546 = FACE_BOUND('',#16547,.F.);
#16547 = EDGE_LOOP('',(#16548,#16549,#16555,#16556));
#16548 = ORIENTED_EDGE('',*,*,#16194,.F.);
#16549 = ORIENTED_EDGE('',*,*,#16550,.F.);
#16550 = EDGE_CURVE('',#16293,#16187,#16551,.T.);
#16551 = LINE('',#16552,#16553);
#16552 = CARTESIAN_POINT('',(1.5,-1.875,0.2));
#16553 = VECTOR('',#16554,1.);
#16554 = DIRECTION('',(3.445092848398E-16,1.,0.));
#16555 = ORIENTED_EDGE('',*,*,#16292,.F.);
#16556 = ORIENTED_EDGE('',*,*,#14489,.T.);
#16557 = PLANE('',#16558);
#16558 = AXIS2_PLACEMENT_3D('',#16559,#16560,#16561);
#16559 = CARTESIAN_POINT('',(1.5,-1.625,0.2));
#16560 = DIRECTION('',(0.,0.,-1.));
#16561 = DIRECTION('',(-3.445092848398E-16,-1.,-0.));
#16562 = ADVANCED_FACE('',(#16563),#16574,.F.);
#16563 = FACE_BOUND('',#16564,.F.);
#16564 = EDGE_LOOP('',(#16565,#16566,#16572,#16573));
#16565 = ORIENTED_EDGE('',*,*,#15116,.F.);
#16566 = ORIENTED_EDGE('',*,*,#16567,.F.);
#16567 = EDGE_CURVE('',#15215,#15109,#16568,.T.);
#16568 = LINE('',#16569,#16570);
#16569 = CARTESIAN_POINT('',(1.5,1.125,0.2));
#16570 = VECTOR('',#16571,1.);
#16571 = DIRECTION('',(3.445092848398E-16,1.,0.));
#16572 = ORIENTED_EDGE('',*,*,#15214,.F.);
#16573 = ORIENTED_EDGE('',*,*,#14613,.T.);
#16574 = PLANE('',#16575);
#16575 = AXIS2_PLACEMENT_3D('',#16576,#16577,#16578);
#16576 = CARTESIAN_POINT('',(1.5,1.375,0.2));
#16577 = DIRECTION('',(0.,0.,-1.));
#16578 = DIRECTION('',(-3.445092848398E-16,-1.,-0.));
#16579 = ADVANCED_FACE('',(#16580),#16591,.F.);
#16580 = FACE_BOUND('',#16581,.F.);
#16581 = EDGE_LOOP('',(#16582,#16583,#16589,#16590));
#16582 = ORIENTED_EDGE('',*,*,#15998,.F.);
#16583 = ORIENTED_EDGE('',*,*,#16584,.F.);
#16584 = EDGE_CURVE('',#16097,#15991,#16585,.T.);
#16585 = LINE('',#16586,#16587);
#16586 = CARTESIAN_POINT('',(1.5,-1.375,0.2));
#16587 = VECTOR('',#16588,1.);
#16588 = DIRECTION('',(3.445092848398E-16,1.,0.));
#16589 = ORIENTED_EDGE('',*,*,#16096,.F.);
#16590 = ORIENTED_EDGE('',*,*,#14512,.T.);
#16591 = PLANE('',#16592);
#16592 = AXIS2_PLACEMENT_3D('',#16593,#16594,#16595);
#16593 = CARTESIAN_POINT('',(1.5,-1.125,0.2));
#16594 = DIRECTION('',(0.,0.,-1.));
#16595 = DIRECTION('',(-3.445092848398E-16,-1.,-0.));
#16596 = ADVANCED_FACE('',(#16597),#16608,.F.);
#16597 = FACE_BOUND('',#16598,.F.);
#16598 = EDGE_LOOP('',(#16599,#16600,#16606,#16607));
#16599 = ORIENTED_EDGE('',*,*,#15312,.F.);
#16600 = ORIENTED_EDGE('',*,*,#16601,.F.);
#16601 = EDGE_CURVE('',#15411,#15305,#16602,.T.);
#16602 = LINE('',#16603,#16604);
#16603 = CARTESIAN_POINT('',(1.5,0.625,0.2));
#16604 = VECTOR('',#16605,1.);
#16605 = DIRECTION('',(3.445092848398E-16,1.,0.));
#16606 = ORIENTED_EDGE('',*,*,#15410,.F.);
#16607 = ORIENTED_EDGE('',*,*,#14590,.T.);
#16608 = PLANE('',#16609);
#16609 = AXIS2_PLACEMENT_3D('',#16610,#16611,#16612);
#16610 = CARTESIAN_POINT('',(1.5,0.875,0.2));
#16611 = DIRECTION('',(0.,0.,-1.));
#16612 = DIRECTION('',(-3.445092848398E-16,-1.,-0.));
#16613 = ADVANCED_FACE('',(#16614),#16625,.F.);
#16614 = FACE_BOUND('',#16615,.F.);
#16615 = EDGE_LOOP('',(#16616,#16617,#16623,#16624));
#16616 = ORIENTED_EDGE('',*,*,#15802,.F.);
#16617 = ORIENTED_EDGE('',*,*,#16618,.F.);
#16618 = EDGE_CURVE('',#15901,#15795,#16619,.T.);
#16619 = LINE('',#16620,#16621);
#16620 = CARTESIAN_POINT('',(1.5,-0.875,0.2));
#16621 = VECTOR('',#16622,1.);
#16622 = DIRECTION('',(3.445092848398E-16,1.,0.));
#16623 = ORIENTED_EDGE('',*,*,#15900,.F.);
#16624 = ORIENTED_EDGE('',*,*,#14535,.T.);
#16625 = PLANE('',#16626);
#16626 = AXIS2_PLACEMENT_3D('',#16627,#16628,#16629);
#16627 = CARTESIAN_POINT('',(1.5,-0.625,0.2));
#16628 = DIRECTION('',(0.,0.,-1.));
#16629 = DIRECTION('',(-3.445092848398E-16,-1.,-0.));
#16630 = ADVANCED_FACE('',(#16631),#16642,.F.);
#16631 = FACE_BOUND('',#16632,.F.);
#16632 = EDGE_LOOP('',(#16633,#16634,#16640,#16641));
#16633 = ORIENTED_EDGE('',*,*,#15606,.F.);
#16634 = ORIENTED_EDGE('',*,*,#16635,.F.);
#16635 = EDGE_CURVE('',#15705,#15599,#16636,.T.);
#16636 = LINE('',#16637,#16638);
#16637 = CARTESIAN_POINT('',(1.5,-0.375,0.2));
#16638 = VECTOR('',#16639,1.);
#16639 = DIRECTION('',(3.445092848398E-16,1.,0.));
#16640 = ORIENTED_EDGE('',*,*,#15704,.F.);
#16641 = ORIENTED_EDGE('',*,*,#14558,.T.);
#16642 = PLANE('',#16643);
#16643 = AXIS2_PLACEMENT_3D('',#16644,#16645,#16646);
#16644 = CARTESIAN_POINT('',(1.5,-0.125,0.2));
#16645 = DIRECTION('',(0.,0.,-1.));
#16646 = DIRECTION('',(-3.445092848398E-16,-1.,-0.));
#16647 = ADVANCED_FACE('',(#16648),#16659,.T.);
#16648 = FACE_BOUND('',#16649,.F.);
#16649 = EDGE_LOOP('',(#16650,#16651,#16652,#16653));
#16650 = ORIENTED_EDGE('',*,*,#14694,.T.);
#16651 = ORIENTED_EDGE('',*,*,#14952,.T.);
#16652 = ORIENTED_EDGE('',*,*,#15007,.T.);
#16653 = ORIENTED_EDGE('',*,*,#16654,.T.);
#16654 = EDGE_CURVE('',#15008,#14695,#16655,.T.);
#16655 = LINE('',#16656,#16657);
#16656 = CARTESIAN_POINT('',(1.5,1.625,0.));
#16657 = VECTOR('',#16658,1.);
#16658 = DIRECTION('',(3.445092848398E-16,1.,0.));
#16659 = PLANE('',#16660);
#16660 = AXIS2_PLACEMENT_3D('',#16661,#16662,#16663);
#16661 = CARTESIAN_POINT('',(1.5,1.875,0.));
#16662 = DIRECTION('',(0.,0.,-1.));
#16663 = DIRECTION('',(-3.445092848398E-16,-1.,-0.));
#16664 = ADVANCED_FACE('',(#16665),#16671,.F.);
#16665 = FACE_BOUND('',#16666,.F.);
#16666 = EDGE_LOOP('',(#16667,#16668,#16669,#16670));
#16667 = ORIENTED_EDGE('',*,*,#15026,.T.);
#16668 = ORIENTED_EDGE('',*,*,#16533,.T.);
#16669 = ORIENTED_EDGE('',*,*,#14704,.F.);
#16670 = ORIENTED_EDGE('',*,*,#16654,.F.);
#16671 = PLANE('',#16672);
#16672 = AXIS2_PLACEMENT_3D('',#16673,#16674,#16675);
#16673 = CARTESIAN_POINT('',(1.5,1.625,0.));
#16674 = DIRECTION('',(-1.,3.445092848398E-16,0.));
#16675 = DIRECTION('',(3.445092848398E-16,1.,0.));
#16676 = ADVANCED_FACE('',(#16677),#16688,.F.);
#16677 = FACE_BOUND('',#16678,.F.);
#16678 = EDGE_LOOP('',(#16679,#16680,#16686,#16687));
#16679 = ORIENTED_EDGE('',*,*,#15081,.F.);
#16680 = ORIENTED_EDGE('',*,*,#16681,.F.);
#16681 = EDGE_CURVE('',#14986,#15074,#16682,.T.);
#16682 = LINE('',#16683,#16684);
#16683 = CARTESIAN_POINT('',(-1.5,1.875,0.2));
#16684 = VECTOR('',#16685,1.);
#16685 = DIRECTION('',(-4.669739647545E-16,-1.,0.));
#16686 = ORIENTED_EDGE('',*,*,#14985,.F.);
#16687 = ORIENTED_EDGE('',*,*,#14920,.F.);
#16688 = PLANE('',#16689);
#16689 = AXIS2_PLACEMENT_3D('',#16690,#16691,#16692);
#16690 = CARTESIAN_POINT('',(-1.5,1.625,0.2));
#16691 = DIRECTION('',(0.,-0.,-1.));
#16692 = DIRECTION('',(4.669739647545E-16,1.,0.));
#16693 = ADVANCED_FACE('',(#16694),#16705,.F.);
#16694 = FACE_BOUND('',#16695,.F.);
#16695 = EDGE_LOOP('',(#16696,#16697,#16703,#16704));
#16696 = ORIENTED_EDGE('',*,*,#16355,.F.);
#16697 = ORIENTED_EDGE('',*,*,#16698,.F.);
#16698 = EDGE_CURVE('',#16260,#16348,#16699,.T.);
#16699 = LINE('',#16700,#16701);
#16700 = CARTESIAN_POINT('',(-1.5,-1.625,0.2));
#16701 = VECTOR('',#16702,1.);
#16702 = DIRECTION('',(-4.669739647545E-16,-1.,0.));
#16703 = ORIENTED_EDGE('',*,*,#16259,.F.);
#16704 = ORIENTED_EDGE('',*,*,#14759,.F.);
#16705 = PLANE('',#16706);
#16706 = AXIS2_PLACEMENT_3D('',#16707,#16708,#16709);
#16707 = CARTESIAN_POINT('',(-1.5,-1.875,0.2));
#16708 = DIRECTION('',(0.,-0.,-1.));
#16709 = DIRECTION('',(4.669739647545E-16,1.,0.));
#16710 = ADVANCED_FACE('',(#16711),#16722,.F.);
#16711 = FACE_BOUND('',#16712,.F.);
#16712 = EDGE_LOOP('',(#16713,#16714,#16720,#16721));
#16713 = ORIENTED_EDGE('',*,*,#15277,.F.);
#16714 = ORIENTED_EDGE('',*,*,#16715,.F.);
#16715 = EDGE_CURVE('',#15182,#15270,#16716,.T.);
#16716 = LINE('',#16717,#16718);
#16717 = CARTESIAN_POINT('',(-1.5,1.375,0.2));
#16718 = VECTOR('',#16719,1.);
#16719 = DIRECTION('',(-4.669739647545E-16,-1.,0.));
#16720 = ORIENTED_EDGE('',*,*,#15181,.F.);
#16721 = ORIENTED_EDGE('',*,*,#14897,.F.);
#16722 = PLANE('',#16723);
#16723 = AXIS2_PLACEMENT_3D('',#16724,#16725,#16726);
#16724 = CARTESIAN_POINT('',(-1.5,1.125,0.2));
#16725 = DIRECTION('',(0.,-0.,-1.));
#16726 = DIRECTION('',(4.669739647545E-16,1.,0.));
#16727 = ADVANCED_FACE('',(#16728),#16739,.F.);
#16728 = FACE_BOUND('',#16729,.F.);
#16729 = EDGE_LOOP('',(#16730,#16731,#16737,#16738));
#16730 = ORIENTED_EDGE('',*,*,#16159,.F.);
#16731 = ORIENTED_EDGE('',*,*,#16732,.F.);
#16732 = EDGE_CURVE('',#16064,#16152,#16733,.T.);
#16733 = LINE('',#16734,#16735);
#16734 = CARTESIAN_POINT('',(-1.5,-1.125,0.2));
#16735 = VECTOR('',#16736,1.);
#16736 = DIRECTION('',(-4.669739647545E-16,-1.,0.));
#16737 = ORIENTED_EDGE('',*,*,#16063,.F.);
#16738 = ORIENTED_EDGE('',*,*,#14782,.F.);
#16739 = PLANE('',#16740);
#16740 = AXIS2_PLACEMENT_3D('',#16741,#16742,#16743);
#16741 = CARTESIAN_POINT('',(-1.5,-1.375,0.2));
#16742 = DIRECTION('',(0.,-0.,-1.));
#16743 = DIRECTION('',(4.669739647545E-16,1.,0.));
#16744 = ADVANCED_FACE('',(#16745),#16756,.F.);
#16745 = FACE_BOUND('',#16746,.F.);
#16746 = EDGE_LOOP('',(#16747,#16748,#16754,#16755));
#16747 = ORIENTED_EDGE('',*,*,#15473,.F.);
#16748 = ORIENTED_EDGE('',*,*,#16749,.F.);
#16749 = EDGE_CURVE('',#15378,#15466,#16750,.T.);
#16750 = LINE('',#16751,#16752);
#16751 = CARTESIAN_POINT('',(-1.5,0.875,0.2));
#16752 = VECTOR('',#16753,1.);
#16753 = DIRECTION('',(-4.669739647545E-16,-1.,0.));
#16754 = ORIENTED_EDGE('',*,*,#15377,.F.);
#16755 = ORIENTED_EDGE('',*,*,#14874,.F.);
#16756 = PLANE('',#16757);
#16757 = AXIS2_PLACEMENT_3D('',#16758,#16759,#16760);
#16758 = CARTESIAN_POINT('',(-1.5,0.625,0.2));
#16759 = DIRECTION('',(0.,-0.,-1.));
#16760 = DIRECTION('',(4.669739647545E-16,1.,0.));
#16761 = ADVANCED_FACE('',(#16762),#16773,.F.);
#16762 = FACE_BOUND('',#16763,.F.);
#16763 = EDGE_LOOP('',(#16764,#16765,#16771,#16772));
#16764 = ORIENTED_EDGE('',*,*,#15963,.F.);
#16765 = ORIENTED_EDGE('',*,*,#16766,.F.);
#16766 = EDGE_CURVE('',#15868,#15956,#16767,.T.);
#16767 = LINE('',#16768,#16769);
#16768 = CARTESIAN_POINT('',(-1.5,-0.625,0.2));
#16769 = VECTOR('',#16770,1.);
#16770 = DIRECTION('',(-4.669739647545E-16,-1.,0.));
#16771 = ORIENTED_EDGE('',*,*,#15867,.F.);
#16772 = ORIENTED_EDGE('',*,*,#14805,.F.);
#16773 = PLANE('',#16774);
#16774 = AXIS2_PLACEMENT_3D('',#16775,#16776,#16777);
#16775 = CARTESIAN_POINT('',(-1.5,-0.875,0.2));
#16776 = DIRECTION('',(0.,-0.,-1.));
#16777 = DIRECTION('',(4.669739647545E-16,1.,0.));
#16778 = ADVANCED_FACE('',(#16779),#16790,.F.);
#16779 = FACE_BOUND('',#16780,.F.);
#16780 = EDGE_LOOP('',(#16781,#16782,#16788,#16789));
#16781 = ORIENTED_EDGE('',*,*,#15571,.F.);
#16782 = ORIENTED_EDGE('',*,*,#16783,.F.);
#16783 = EDGE_CURVE('',#15509,#15564,#16784,.T.);
#16784 = LINE('',#16785,#16786);
#16785 = CARTESIAN_POINT('',(-1.5,0.375,0.2));
#16786 = VECTOR('',#16787,1.);
#16787 = DIRECTION('',(-4.669739647545E-16,-1.,0.));
#16788 = ORIENTED_EDGE('',*,*,#15508,.F.);
#16789 = ORIENTED_EDGE('',*,*,#14851,.F.);
#16790 = PLANE('',#16791);
#16791 = AXIS2_PLACEMENT_3D('',#16792,#16793,#16794);
#16792 = CARTESIAN_POINT('',(-1.5,0.125,0.2));
#16793 = DIRECTION('',(0.,-0.,-1.));
#16794 = DIRECTION('',(4.669739647545E-16,1.,0.));
#16795 = ADVANCED_FACE('',(#16796),#16807,.F.);
#16796 = FACE_BOUND('',#16797,.F.);
#16797 = EDGE_LOOP('',(#16798,#16799,#16805,#16806));
#16798 = ORIENTED_EDGE('',*,*,#15767,.F.);
#16799 = ORIENTED_EDGE('',*,*,#16800,.F.);
#16800 = EDGE_CURVE('',#15672,#15760,#16801,.T.);
#16801 = LINE('',#16802,#16803);
#16802 = CARTESIAN_POINT('',(-1.5,-0.125,0.2));
#16803 = VECTOR('',#16804,1.);
#16804 = DIRECTION('',(-4.669739647545E-16,-1.,0.));
#16805 = ORIENTED_EDGE('',*,*,#15671,.F.);
#16806 = ORIENTED_EDGE('',*,*,#14828,.F.);
#16807 = PLANE('',#16808);
#16808 = AXIS2_PLACEMENT_3D('',#16809,#16810,#16811);
#16809 = CARTESIAN_POINT('',(-1.5,-0.375,0.2));
#16810 = DIRECTION('',(0.,-0.,-1.));
#16811 = DIRECTION('',(4.669739647545E-16,1.,0.));
#16812 = ADVANCED_FACE('',(#16813),#16824,.T.);
#16813 = FACE_BOUND('',#16814,.F.);
#16814 = EDGE_LOOP('',(#16815,#16816,#16817,#16818));
#16815 = ORIENTED_EDGE('',*,*,#15065,.T.);
#16816 = ORIENTED_EDGE('',*,*,#15050,.T.);
#16817 = ORIENTED_EDGE('',*,*,#14967,.T.);
#16818 = ORIENTED_EDGE('',*,*,#16819,.T.);
#16819 = EDGE_CURVE('',#14970,#15066,#16820,.T.);
#16820 = LINE('',#16821,#16822);
#16821 = CARTESIAN_POINT('',(-1.5,1.875,0.));
#16822 = VECTOR('',#16823,1.);
#16823 = DIRECTION('',(-4.669739647545E-16,-1.,0.));
#16824 = PLANE('',#16825);
#16825 = AXIS2_PLACEMENT_3D('',#16826,#16827,#16828);
#16826 = CARTESIAN_POINT('',(-1.5,1.625,0.));
#16827 = DIRECTION('',(0.,-0.,-1.));
#16828 = DIRECTION('',(4.669739647545E-16,1.,0.));
#16829 = ADVANCED_FACE('',(#16830),#16836,.F.);
#16830 = FACE_BOUND('',#16831,.F.);
#16831 = EDGE_LOOP('',(#16832,#16833,#16834,#16835));
#16832 = ORIENTED_EDGE('',*,*,#14993,.T.);
#16833 = ORIENTED_EDGE('',*,*,#16681,.T.);
#16834 = ORIENTED_EDGE('',*,*,#15073,.F.);
#16835 = ORIENTED_EDGE('',*,*,#16819,.F.);
#16836 = PLANE('',#16837);
#16837 = AXIS2_PLACEMENT_3D('',#16838,#16839,#16840);
#16838 = CARTESIAN_POINT('',(-1.5,1.875,0.));
#16839 = DIRECTION('',(1.,-4.669739647545E-16,0.));
#16840 = DIRECTION('',(-4.669739647545E-16,-1.,0.));
#16841 = ADVANCED_FACE('',(#16842),#16853,.T.);
#16842 = FACE_BOUND('',#16843,.F.);
#16843 = EDGE_LOOP('',(#16844,#16845,#16846,#16847));
#16844 = ORIENTED_EDGE('',*,*,#15098,.T.);
#16845 = ORIENTED_EDGE('',*,*,#15148,.T.);
#16846 = ORIENTED_EDGE('',*,*,#15203,.T.);
#16847 = ORIENTED_EDGE('',*,*,#16848,.T.);
#16848 = EDGE_CURVE('',#15204,#15099,#16849,.T.);
#16849 = LINE('',#16850,#16851);
#16850 = CARTESIAN_POINT('',(1.5,1.125,0.));
#16851 = VECTOR('',#16852,1.);
#16852 = DIRECTION('',(3.445092848398E-16,1.,0.));
#16853 = PLANE('',#16854);
#16854 = AXIS2_PLACEMENT_3D('',#16855,#16856,#16857);
#16855 = CARTESIAN_POINT('',(1.5,1.375,0.));
#16856 = DIRECTION('',(0.,0.,-1.));
#16857 = DIRECTION('',(-3.445092848398E-16,-1.,-0.));
#16858 = ADVANCED_FACE('',(#16859),#16865,.F.);
#16859 = FACE_BOUND('',#16860,.F.);
#16860 = EDGE_LOOP('',(#16861,#16862,#16863,#16864));
#16861 = ORIENTED_EDGE('',*,*,#15222,.T.);
#16862 = ORIENTED_EDGE('',*,*,#16567,.T.);
#16863 = ORIENTED_EDGE('',*,*,#15108,.F.);
#16864 = ORIENTED_EDGE('',*,*,#16848,.F.);
#16865 = PLANE('',#16866);
#16866 = AXIS2_PLACEMENT_3D('',#16867,#16868,#16869);
#16867 = CARTESIAN_POINT('',(1.5,1.125,0.));
#16868 = DIRECTION('',(-1.,3.445092848398E-16,0.));
#16869 = DIRECTION('',(3.445092848398E-16,1.,0.));
#16870 = ADVANCED_FACE('',(#16871),#16882,.T.);
#16871 = FACE_BOUND('',#16872,.F.);
#16872 = EDGE_LOOP('',(#16873,#16874,#16875,#16876));
#16873 = ORIENTED_EDGE('',*,*,#15261,.T.);
#16874 = ORIENTED_EDGE('',*,*,#15246,.T.);
#16875 = ORIENTED_EDGE('',*,*,#15163,.T.);
#16876 = ORIENTED_EDGE('',*,*,#16877,.T.);
#16877 = EDGE_CURVE('',#15166,#15262,#16878,.T.);
#16878 = LINE('',#16879,#16880);
#16879 = CARTESIAN_POINT('',(-1.5,1.375,0.));
#16880 = VECTOR('',#16881,1.);
#16881 = DIRECTION('',(-4.669739647545E-16,-1.,0.));
#16882 = PLANE('',#16883);
#16883 = AXIS2_PLACEMENT_3D('',#16884,#16885,#16886);
#16884 = CARTESIAN_POINT('',(-1.5,1.125,0.));
#16885 = DIRECTION('',(0.,-0.,-1.));
#16886 = DIRECTION('',(4.669739647545E-16,1.,0.));
#16887 = ADVANCED_FACE('',(#16888),#16894,.F.);
#16888 = FACE_BOUND('',#16889,.F.);
#16889 = EDGE_LOOP('',(#16890,#16891,#16892,#16893));
#16890 = ORIENTED_EDGE('',*,*,#15189,.T.);
#16891 = ORIENTED_EDGE('',*,*,#16715,.T.);
#16892 = ORIENTED_EDGE('',*,*,#15269,.F.);
#16893 = ORIENTED_EDGE('',*,*,#16877,.F.);
#16894 = PLANE('',#16895);
#16895 = AXIS2_PLACEMENT_3D('',#16896,#16897,#16898);
#16896 = CARTESIAN_POINT('',(-1.5,1.375,0.));
#16897 = DIRECTION('',(1.,-4.669739647545E-16,0.));
#16898 = DIRECTION('',(-4.669739647545E-16,-1.,0.));
#16899 = ADVANCED_FACE('',(#16900),#16911,.T.);
#16900 = FACE_BOUND('',#16901,.F.);
#16901 = EDGE_LOOP('',(#16902,#16903,#16904,#16905));
#16902 = ORIENTED_EDGE('',*,*,#15294,.T.);
#16903 = ORIENTED_EDGE('',*,*,#15344,.T.);
#16904 = ORIENTED_EDGE('',*,*,#15399,.T.);
#16905 = ORIENTED_EDGE('',*,*,#16906,.T.);
#16906 = EDGE_CURVE('',#15400,#15295,#16907,.T.);
#16907 = LINE('',#16908,#16909);
#16908 = CARTESIAN_POINT('',(1.5,0.625,0.));
#16909 = VECTOR('',#16910,1.);
#16910 = DIRECTION('',(3.445092848398E-16,1.,0.));
#16911 = PLANE('',#16912);
#16912 = AXIS2_PLACEMENT_3D('',#16913,#16914,#16915);
#16913 = CARTESIAN_POINT('',(1.5,0.875,0.));
#16914 = DIRECTION('',(0.,0.,-1.));
#16915 = DIRECTION('',(-3.445092848398E-16,-1.,-0.));
#16916 = ADVANCED_FACE('',(#16917),#16923,.F.);
#16917 = FACE_BOUND('',#16918,.F.);
#16918 = EDGE_LOOP('',(#16919,#16920,#16921,#16922));
#16919 = ORIENTED_EDGE('',*,*,#15418,.T.);
#16920 = ORIENTED_EDGE('',*,*,#16601,.T.);
#16921 = ORIENTED_EDGE('',*,*,#15304,.F.);
#16922 = ORIENTED_EDGE('',*,*,#16906,.F.);
#16923 = PLANE('',#16924);
#16924 = AXIS2_PLACEMENT_3D('',#16925,#16926,#16927);
#16925 = CARTESIAN_POINT('',(1.5,0.625,0.));
#16926 = DIRECTION('',(-1.,3.445092848398E-16,0.));
#16927 = DIRECTION('',(3.445092848398E-16,1.,0.));
#16928 = ADVANCED_FACE('',(#16929),#16940,.T.);
#16929 = FACE_BOUND('',#16930,.F.);
#16930 = EDGE_LOOP('',(#16931,#16932,#16933,#16934));
#16931 = ORIENTED_EDGE('',*,*,#15457,.T.);
#16932 = ORIENTED_EDGE('',*,*,#15442,.T.);
#16933 = ORIENTED_EDGE('',*,*,#15359,.T.);
#16934 = ORIENTED_EDGE('',*,*,#16935,.T.);
#16935 = EDGE_CURVE('',#15362,#15458,#16936,.T.);
#16936 = LINE('',#16937,#16938);
#16937 = CARTESIAN_POINT('',(-1.5,0.875,0.));
#16938 = VECTOR('',#16939,1.);
#16939 = DIRECTION('',(-4.669739647545E-16,-1.,0.));
#16940 = PLANE('',#16941);
#16941 = AXIS2_PLACEMENT_3D('',#16942,#16943,#16944);
#16942 = CARTESIAN_POINT('',(-1.5,0.625,0.));
#16943 = DIRECTION('',(0.,-0.,-1.));
#16944 = DIRECTION('',(4.669739647545E-16,1.,0.));
#16945 = ADVANCED_FACE('',(#16946),#16952,.F.);
#16946 = FACE_BOUND('',#16947,.F.);
#16947 = EDGE_LOOP('',(#16948,#16949,#16950,#16951));
#16948 = ORIENTED_EDGE('',*,*,#15385,.T.);
#16949 = ORIENTED_EDGE('',*,*,#16749,.T.);
#16950 = ORIENTED_EDGE('',*,*,#15465,.F.);
#16951 = ORIENTED_EDGE('',*,*,#16935,.F.);
#16952 = PLANE('',#16953);
#16953 = AXIS2_PLACEMENT_3D('',#16954,#16955,#16956);
#16954 = CARTESIAN_POINT('',(-1.5,0.875,0.));
#16955 = DIRECTION('',(1.,-4.669739647545E-16,0.));
#16956 = DIRECTION('',(-4.669739647545E-16,-1.,0.));
#16957 = ADVANCED_FACE('',(#16958),#16969,.T.);
#16958 = FACE_BOUND('',#16959,.F.);
#16959 = EDGE_LOOP('',(#16960,#16961,#16962,#16963));
#16960 = ORIENTED_EDGE('',*,*,#15555,.T.);
#16961 = ORIENTED_EDGE('',*,*,#15540,.T.);
#16962 = ORIENTED_EDGE('',*,*,#15490,.T.);
#16963 = ORIENTED_EDGE('',*,*,#16964,.T.);
#16964 = EDGE_CURVE('',#15493,#15556,#16965,.T.);
#16965 = LINE('',#16966,#16967);
#16966 = CARTESIAN_POINT('',(-1.5,0.375,0.));
#16967 = VECTOR('',#16968,1.);
#16968 = DIRECTION('',(-4.669739647545E-16,-1.,0.));
#16969 = PLANE('',#16970);
#16970 = AXIS2_PLACEMENT_3D('',#16971,#16972,#16973);
#16971 = CARTESIAN_POINT('',(-1.5,0.125,0.));
#16972 = DIRECTION('',(0.,-0.,-1.));
#16973 = DIRECTION('',(4.669739647545E-16,1.,0.));
#16974 = ADVANCED_FACE('',(#16975),#16981,.F.);
#16975 = FACE_BOUND('',#16976,.F.);
#16976 = EDGE_LOOP('',(#16977,#16978,#16979,#16980));
#16977 = ORIENTED_EDGE('',*,*,#15516,.T.);
#16978 = ORIENTED_EDGE('',*,*,#16783,.T.);
#16979 = ORIENTED_EDGE('',*,*,#15563,.F.);
#16980 = ORIENTED_EDGE('',*,*,#16964,.F.);
#16981 = PLANE('',#16982);
#16982 = AXIS2_PLACEMENT_3D('',#16983,#16984,#16985);
#16983 = CARTESIAN_POINT('',(-1.5,0.375,0.));
#16984 = DIRECTION('',(1.,-4.669739647545E-16,0.));
#16985 = DIRECTION('',(-4.669739647545E-16,-1.,0.));
#16986 = ADVANCED_FACE('',(#16987),#16998,.T.);
#16987 = FACE_BOUND('',#16988,.F.);
#16988 = EDGE_LOOP('',(#16989,#16990,#16991,#16992));
#16989 = ORIENTED_EDGE('',*,*,#15588,.T.);
#16990 = ORIENTED_EDGE('',*,*,#15638,.T.);
#16991 = ORIENTED_EDGE('',*,*,#15693,.T.);
#16992 = ORIENTED_EDGE('',*,*,#16993,.T.);
#16993 = EDGE_CURVE('',#15694,#15589,#16994,.T.);
#16994 = LINE('',#16995,#16996);
#16995 = CARTESIAN_POINT('',(1.5,-0.375,0.));
#16996 = VECTOR('',#16997,1.);
#16997 = DIRECTION('',(3.445092848398E-16,1.,0.));
#16998 = PLANE('',#16999);
#16999 = AXIS2_PLACEMENT_3D('',#17000,#17001,#17002);
#17000 = CARTESIAN_POINT('',(1.5,-0.125,0.));
#17001 = DIRECTION('',(0.,0.,-1.));
#17002 = DIRECTION('',(-3.445092848398E-16,-1.,-0.));
#17003 = ADVANCED_FACE('',(#17004),#17010,.F.);
#17004 = FACE_BOUND('',#17005,.F.);
#17005 = EDGE_LOOP('',(#17006,#17007,#17008,#17009));
#17006 = ORIENTED_EDGE('',*,*,#15712,.T.);
#17007 = ORIENTED_EDGE('',*,*,#16635,.T.);
#17008 = ORIENTED_EDGE('',*,*,#15598,.F.);
#17009 = ORIENTED_EDGE('',*,*,#16993,.F.);
#17010 = PLANE('',#17011);
#17011 = AXIS2_PLACEMENT_3D('',#17012,#17013,#17014);
#17012 = CARTESIAN_POINT('',(1.5,-0.375,0.));
#17013 = DIRECTION('',(-1.,3.445092848398E-16,0.));
#17014 = DIRECTION('',(3.445092848398E-16,1.,0.));
#17015 = ADVANCED_FACE('',(#17016),#17027,.T.);
#17016 = FACE_BOUND('',#17017,.F.);
#17017 = EDGE_LOOP('',(#17018,#17019,#17020,#17021));
#17018 = ORIENTED_EDGE('',*,*,#15751,.T.);
#17019 = ORIENTED_EDGE('',*,*,#15736,.T.);
#17020 = ORIENTED_EDGE('',*,*,#15653,.T.);
#17021 = ORIENTED_EDGE('',*,*,#17022,.T.);
#17022 = EDGE_CURVE('',#15656,#15752,#17023,.T.);
#17023 = LINE('',#17024,#17025);
#17024 = CARTESIAN_POINT('',(-1.5,-0.125,0.));
#17025 = VECTOR('',#17026,1.);
#17026 = DIRECTION('',(-4.669739647545E-16,-1.,0.));
#17027 = PLANE('',#17028);
#17028 = AXIS2_PLACEMENT_3D('',#17029,#17030,#17031);
#17029 = CARTESIAN_POINT('',(-1.5,-0.375,0.));
#17030 = DIRECTION('',(0.,-0.,-1.));
#17031 = DIRECTION('',(4.669739647545E-16,1.,0.));
#17032 = ADVANCED_FACE('',(#17033),#17039,.F.);
#17033 = FACE_BOUND('',#17034,.F.);
#17034 = EDGE_LOOP('',(#17035,#17036,#17037,#17038));
#17035 = ORIENTED_EDGE('',*,*,#15679,.T.);
#17036 = ORIENTED_EDGE('',*,*,#16800,.T.);
#17037 = ORIENTED_EDGE('',*,*,#15759,.F.);
#17038 = ORIENTED_EDGE('',*,*,#17022,.F.);
#17039 = PLANE('',#17040);
#17040 = AXIS2_PLACEMENT_3D('',#17041,#17042,#17043);
#17041 = CARTESIAN_POINT('',(-1.5,-0.125,0.));
#17042 = DIRECTION('',(1.,-4.669739647545E-16,0.));
#17043 = DIRECTION('',(-4.669739647545E-16,-1.,0.));
#17044 = ADVANCED_FACE('',(#17045),#17056,.T.);
#17045 = FACE_BOUND('',#17046,.F.);
#17046 = EDGE_LOOP('',(#17047,#17048,#17049,#17050));
#17047 = ORIENTED_EDGE('',*,*,#15784,.T.);
#17048 = ORIENTED_EDGE('',*,*,#15834,.T.);
#17049 = ORIENTED_EDGE('',*,*,#15889,.T.);
#17050 = ORIENTED_EDGE('',*,*,#17051,.T.);
#17051 = EDGE_CURVE('',#15890,#15785,#17052,.T.);
#17052 = LINE('',#17053,#17054);
#17053 = CARTESIAN_POINT('',(1.5,-0.875,0.));
#17054 = VECTOR('',#17055,1.);
#17055 = DIRECTION('',(3.445092848398E-16,1.,0.));
#17056 = PLANE('',#17057);
#17057 = AXIS2_PLACEMENT_3D('',#17058,#17059,#17060);
#17058 = CARTESIAN_POINT('',(1.5,-0.625,0.));
#17059 = DIRECTION('',(0.,0.,-1.));
#17060 = DIRECTION('',(-3.445092848398E-16,-1.,-0.));
#17061 = ADVANCED_FACE('',(#17062),#17068,.F.);
#17062 = FACE_BOUND('',#17063,.F.);
#17063 = EDGE_LOOP('',(#17064,#17065,#17066,#17067));
#17064 = ORIENTED_EDGE('',*,*,#15908,.T.);
#17065 = ORIENTED_EDGE('',*,*,#16618,.T.);
#17066 = ORIENTED_EDGE('',*,*,#15794,.F.);
#17067 = ORIENTED_EDGE('',*,*,#17051,.F.);
#17068 = PLANE('',#17069);
#17069 = AXIS2_PLACEMENT_3D('',#17070,#17071,#17072);
#17070 = CARTESIAN_POINT('',(1.5,-0.875,0.));
#17071 = DIRECTION('',(-1.,3.445092848398E-16,0.));
#17072 = DIRECTION('',(3.445092848398E-16,1.,0.));
#17073 = ADVANCED_FACE('',(#17074),#17085,.T.);
#17074 = FACE_BOUND('',#17075,.F.);
#17075 = EDGE_LOOP('',(#17076,#17077,#17078,#17079));
#17076 = ORIENTED_EDGE('',*,*,#15947,.T.);
#17077 = ORIENTED_EDGE('',*,*,#15932,.T.);
#17078 = ORIENTED_EDGE('',*,*,#15849,.T.);
#17079 = ORIENTED_EDGE('',*,*,#17080,.T.);
#17080 = EDGE_CURVE('',#15852,#15948,#17081,.T.);
#17081 = LINE('',#17082,#17083);
#17082 = CARTESIAN_POINT('',(-1.5,-0.625,0.));
#17083 = VECTOR('',#17084,1.);
#17084 = DIRECTION('',(-4.669739647545E-16,-1.,0.));
#17085 = PLANE('',#17086);
#17086 = AXIS2_PLACEMENT_3D('',#17087,#17088,#17089);
#17087 = CARTESIAN_POINT('',(-1.5,-0.875,0.));
#17088 = DIRECTION('',(0.,-0.,-1.));
#17089 = DIRECTION('',(4.669739647545E-16,1.,0.));
#17090 = ADVANCED_FACE('',(#17091),#17097,.F.);
#17091 = FACE_BOUND('',#17092,.F.);
#17092 = EDGE_LOOP('',(#17093,#17094,#17095,#17096));
#17093 = ORIENTED_EDGE('',*,*,#15875,.T.);
#17094 = ORIENTED_EDGE('',*,*,#16766,.T.);
#17095 = ORIENTED_EDGE('',*,*,#15955,.F.);
#17096 = ORIENTED_EDGE('',*,*,#17080,.F.);
#17097 = PLANE('',#17098);
#17098 = AXIS2_PLACEMENT_3D('',#17099,#17100,#17101);
#17099 = CARTESIAN_POINT('',(-1.5,-0.625,0.));
#17100 = DIRECTION('',(1.,-4.669739647545E-16,0.));
#17101 = DIRECTION('',(-4.669739647545E-16,-1.,0.));
#17102 = ADVANCED_FACE('',(#17103),#17114,.T.);
#17103 = FACE_BOUND('',#17104,.F.);
#17104 = EDGE_LOOP('',(#17105,#17106,#17107,#17108));
#17105 = ORIENTED_EDGE('',*,*,#15980,.T.);
#17106 = ORIENTED_EDGE('',*,*,#16030,.T.);
#17107 = ORIENTED_EDGE('',*,*,#16085,.T.);
#17108 = ORIENTED_EDGE('',*,*,#17109,.T.);
#17109 = EDGE_CURVE('',#16086,#15981,#17110,.T.);
#17110 = LINE('',#17111,#17112);
#17111 = CARTESIAN_POINT('',(1.5,-1.375,0.));
#17112 = VECTOR('',#17113,1.);
#17113 = DIRECTION('',(3.445092848398E-16,1.,0.));
#17114 = PLANE('',#17115);
#17115 = AXIS2_PLACEMENT_3D('',#17116,#17117,#17118);
#17116 = CARTESIAN_POINT('',(1.5,-1.125,0.));
#17117 = DIRECTION('',(0.,0.,-1.));
#17118 = DIRECTION('',(-3.445092848398E-16,-1.,-0.));
#17119 = ADVANCED_FACE('',(#17120),#17126,.F.);
#17120 = FACE_BOUND('',#17121,.F.);
#17121 = EDGE_LOOP('',(#17122,#17123,#17124,#17125));
#17122 = ORIENTED_EDGE('',*,*,#16104,.T.);
#17123 = ORIENTED_EDGE('',*,*,#16584,.T.);
#17124 = ORIENTED_EDGE('',*,*,#15990,.F.);
#17125 = ORIENTED_EDGE('',*,*,#17109,.F.);
#17126 = PLANE('',#17127);
#17127 = AXIS2_PLACEMENT_3D('',#17128,#17129,#17130);
#17128 = CARTESIAN_POINT('',(1.5,-1.375,0.));
#17129 = DIRECTION('',(-1.,3.445092848398E-16,0.));
#17130 = DIRECTION('',(3.445092848398E-16,1.,0.));
#17131 = ADVANCED_FACE('',(#17132),#17143,.T.);
#17132 = FACE_BOUND('',#17133,.F.);
#17133 = EDGE_LOOP('',(#17134,#17135,#17136,#17137));
#17134 = ORIENTED_EDGE('',*,*,#16143,.T.);
#17135 = ORIENTED_EDGE('',*,*,#16128,.T.);
#17136 = ORIENTED_EDGE('',*,*,#16045,.T.);
#17137 = ORIENTED_EDGE('',*,*,#17138,.T.);
#17138 = EDGE_CURVE('',#16048,#16144,#17139,.T.);
#17139 = LINE('',#17140,#17141);
#17140 = CARTESIAN_POINT('',(-1.5,-1.125,0.));
#17141 = VECTOR('',#17142,1.);
#17142 = DIRECTION('',(-4.669739647545E-16,-1.,0.));
#17143 = PLANE('',#17144);
#17144 = AXIS2_PLACEMENT_3D('',#17145,#17146,#17147);
#17145 = CARTESIAN_POINT('',(-1.5,-1.375,0.));
#17146 = DIRECTION('',(0.,-0.,-1.));
#17147 = DIRECTION('',(4.669739647545E-16,1.,0.));
#17148 = ADVANCED_FACE('',(#17149),#17155,.F.);
#17149 = FACE_BOUND('',#17150,.F.);
#17150 = EDGE_LOOP('',(#17151,#17152,#17153,#17154));
#17151 = ORIENTED_EDGE('',*,*,#16071,.T.);
#17152 = ORIENTED_EDGE('',*,*,#16732,.T.);
#17153 = ORIENTED_EDGE('',*,*,#16151,.F.);
#17154 = ORIENTED_EDGE('',*,*,#17138,.F.);
#17155 = PLANE('',#17156);
#17156 = AXIS2_PLACEMENT_3D('',#17157,#17158,#17159);
#17157 = CARTESIAN_POINT('',(-1.5,-1.125,0.));
#17158 = DIRECTION('',(1.,-4.669739647545E-16,0.));
#17159 = DIRECTION('',(-4.669739647545E-16,-1.,0.));
#17160 = ADVANCED_FACE('',(#17161),#17172,.T.);
#17161 = FACE_BOUND('',#17162,.F.);
#17162 = EDGE_LOOP('',(#17163,#17164,#17165,#17166));
#17163 = ORIENTED_EDGE('',*,*,#16176,.T.);
#17164 = ORIENTED_EDGE('',*,*,#16226,.T.);
#17165 = ORIENTED_EDGE('',*,*,#16281,.T.);
#17166 = ORIENTED_EDGE('',*,*,#17167,.T.);
#17167 = EDGE_CURVE('',#16282,#16177,#17168,.T.);
#17168 = LINE('',#17169,#17170);
#17169 = CARTESIAN_POINT('',(1.5,-1.875,0.));
#17170 = VECTOR('',#17171,1.);
#17171 = DIRECTION('',(3.445092848398E-16,1.,0.));
#17172 = PLANE('',#17173);
#17173 = AXIS2_PLACEMENT_3D('',#17174,#17175,#17176);
#17174 = CARTESIAN_POINT('',(1.5,-1.625,0.));
#17175 = DIRECTION('',(0.,0.,-1.));
#17176 = DIRECTION('',(-3.445092848398E-16,-1.,-0.));
#17177 = ADVANCED_FACE('',(#17178),#17184,.F.);
#17178 = FACE_BOUND('',#17179,.F.);
#17179 = EDGE_LOOP('',(#17180,#17181,#17182,#17183));
#17180 = ORIENTED_EDGE('',*,*,#16300,.T.);
#17181 = ORIENTED_EDGE('',*,*,#16550,.T.);
#17182 = ORIENTED_EDGE('',*,*,#16186,.F.);
#17183 = ORIENTED_EDGE('',*,*,#17167,.F.);
#17184 = PLANE('',#17185);
#17185 = AXIS2_PLACEMENT_3D('',#17186,#17187,#17188);
#17186 = CARTESIAN_POINT('',(1.5,-1.875,0.));
#17187 = DIRECTION('',(-1.,3.445092848398E-16,0.));
#17188 = DIRECTION('',(3.445092848398E-16,1.,0.));
#17189 = ADVANCED_FACE('',(#17190),#17201,.T.);
#17190 = FACE_BOUND('',#17191,.F.);
#17191 = EDGE_LOOP('',(#17192,#17193,#17194,#17195));
#17192 = ORIENTED_EDGE('',*,*,#16339,.T.);
#17193 = ORIENTED_EDGE('',*,*,#16324,.T.);
#17194 = ORIENTED_EDGE('',*,*,#16241,.T.);
#17195 = ORIENTED_EDGE('',*,*,#17196,.T.);
#17196 = EDGE_CURVE('',#16244,#16340,#17197,.T.);
#17197 = LINE('',#17198,#17199);
#17198 = CARTESIAN_POINT('',(-1.5,-1.625,0.));
#17199 = VECTOR('',#17200,1.);
#17200 = DIRECTION('',(-4.669739647545E-16,-1.,0.));
#17201 = PLANE('',#17202);
#17202 = AXIS2_PLACEMENT_3D('',#17203,#17204,#17205);
#17203 = CARTESIAN_POINT('',(-1.5,-1.875,0.));
#17204 = DIRECTION('',(0.,-0.,-1.));
#17205 = DIRECTION('',(4.669739647545E-16,1.,0.));
#17206 = ADVANCED_FACE('',(#17207),#17213,.F.);
#17207 = FACE_BOUND('',#17208,.F.);
#17208 = EDGE_LOOP('',(#17209,#17210,#17211,#17212));
#17209 = ORIENTED_EDGE('',*,*,#16267,.T.);
#17210 = ORIENTED_EDGE('',*,*,#16698,.T.);
#17211 = ORIENTED_EDGE('',*,*,#16347,.F.);
#17212 = ORIENTED_EDGE('',*,*,#17196,.F.);
#17213 = PLANE('',#17214);
#17214 = AXIS2_PLACEMENT_3D('',#17215,#17216,#17217);
#17215 = CARTESIAN_POINT('',(-1.5,-1.625,0.));
#17216 = DIRECTION('',(1.,-4.669739647545E-16,0.));
#17217 = DIRECTION('',(-4.669739647545E-16,-1.,0.));
#17218 = ADVANCED_FACE('',(#17219),#17226,.T.);
#17219 = FACE_BOUND('',#17220,.F.);
#17220 = EDGE_LOOP('',(#17221,#17222,#17223,#17224,#17225));
#17221 = ORIENTED_EDGE('',*,*,#16406,.T.);
#17222 = ORIENTED_EDGE('',*,*,#16430,.T.);
#17223 = ORIENTED_EDGE('',*,*,#16454,.T.);
#17224 = ORIENTED_EDGE('',*,*,#16478,.T.);
#17225 = ORIENTED_EDGE('',*,*,#16495,.T.);
#17226 = PLANE('',#17227);
#17227 = AXIS2_PLACEMENT_3D('',#17228,#17229,#17230);
#17228 = CARTESIAN_POINT('',(-0.825,1.85,0.));
#17229 = DIRECTION('',(0.,-0.,-1.));
#17230 = DIRECTION('',(2.22044604925E-16,1.,0.));
#17231 = ADVANCED_FACE('',(#17232),#17251,.F.);
#17232 = FACE_BOUND('',#17233,.F.);
#17233 = EDGE_LOOP('',(#17234,#17242,#17249,#17250));
#17234 = ORIENTED_EDGE('',*,*,#17235,.T.);
#17235 = EDGE_CURVE('',#16516,#17236,#17238,.T.);
#17236 = VERTEX_POINT('',#17237);
#17237 = CARTESIAN_POINT('',(-0.9,1.65,0.76));
#17238 = LINE('',#17239,#17240);
#17239 = CARTESIAN_POINT('',(-0.9,1.65,0.78));
#17240 = VECTOR('',#17241,1.);
#17241 = DIRECTION('',(-0.,0.,-1.));
#17242 = ORIENTED_EDGE('',*,*,#17243,.T.);
#17243 = EDGE_CURVE('',#17236,#17236,#17244,.T.);
#17244 = CIRCLE('',#17245,0.25);
#17245 = AXIS2_PLACEMENT_3D('',#17246,#17247,#17248);
#17246 = CARTESIAN_POINT('',(-0.9,1.9,0.76));
#17247 = DIRECTION('',(0.,0.,1.));
#17248 = DIRECTION('',(-2.22044604925E-16,-1.,0.));
#17249 = ORIENTED_EDGE('',*,*,#17235,.F.);
#17250 = ORIENTED_EDGE('',*,*,#16515,.T.);
#17251 = CYLINDRICAL_SURFACE('',#17252,0.25);
#17252 = AXIS2_PLACEMENT_3D('',#17253,#17254,#17255);
#17253 = CARTESIAN_POINT('',(-0.9,1.9,0.78));
#17254 = DIRECTION('',(0.,0.,-1.));
#17255 = DIRECTION('',(-2.22044604925E-16,-1.,-0.));
#17256 = ADVANCED_FACE('',(#17257),#17260,.T.);
#17257 = FACE_BOUND('',#17258,.T.);
#17258 = EDGE_LOOP('',(#17259));
#17259 = ORIENTED_EDGE('',*,*,#17243,.T.);
#17260 = PLANE('',#17261);
#17261 = AXIS2_PLACEMENT_3D('',#17262,#17263,#17264);
#17262 = CARTESIAN_POINT('',(-0.9,1.9,0.76));
#17263 = DIRECTION('',(0.,0.,1.));
#17264 = DIRECTION('',(-2.22044604925E-16,-1.,0.));
#17265 = ( GEOMETRIC_REPRESENTATION_CONTEXT(3) 
GLOBAL_UNCERTAINTY_ASSIGNED_CONTEXT((#17269)) 
GLOBAL_UNIT_ASSIGNED_CONTEXT((#17266,#17267,#17268)) 
REPRESENTATION_CONTEXT('Context #1',
  '3D Context with UNIT and UNCERTAINTY') );
#17266 = ( LENGTH_UNIT() NAMED_UNIT(*) SI_UNIT(.MILLI.,.METRE.) );
#17267 = ( NAMED_UNIT(*) PLANE_ANGLE_UNIT() SI_UNIT($,.RADIAN.) );
#17268 = ( NAMED_UNIT(*) SI_UNIT($,.STERADIAN.) SOLID_ANGLE_UNIT() );
#17269 = UNCERTAINTY_MEASURE_WITH_UNIT(LENGTH_MEASURE(1.E-07),#17266,
  'distance_accuracy_value','confusion accuracy');
#17270 = CONTEXT_DEPENDENT_SHAPE_REPRESENTATION(#17271,#17273);
#17271 = ( REPRESENTATION_RELATIONSHIP('','',#13694,#10) 
REPRESENTATION_RELATIONSHIP_WITH_TRANSFORMATION(#17272) 
SHAPE_REPRESENTATION_RELATIONSHIP() );
#17272 = ITEM_DEFINED_TRANSFORMATION('','',#11,#107);
#17273 = PRODUCT_DEFINITION_SHAPE('Placement','Placement of an item',
  #17274);
#17274 = NEXT_ASSEMBLY_USAGE_OCCURRENCE('24','U2','',#5,#13689,$);
#17275 = PRODUCT_RELATED_PRODUCT_CATEGORY('part',$,(#13691));
#17276 = SHAPE_DEFINITION_REPRESENTATION(#17277,#17283);
#17277 = PRODUCT_DEFINITION_SHAPE('','',#17278);
#17278 = PRODUCT_DEFINITION('design','',#17279,#17282);
#17279 = PRODUCT_DEFINITION_FORMATION('','',#17280);
#17280 = PRODUCT('C_0805_2012Metric','C_0805_2012Metric','',(#17281));
#17281 = PRODUCT_CONTEXT('',#2,'mechanical');
#17282 = PRODUCT_DEFINITION_CONTEXT('part definition',#2,'design');
#17283 = ADVANCED_BREP_SHAPE_REPRESENTATION('',(#11,#17284),#18138);
#17284 = MANIFOLD_SOLID_BREP('',#17285);
#17285 = CLOSED_SHELL('',(#17286,#17362,#17393,#17418,#17443,#17467,
    #17491,#17516,#17541,#17558,#17644,#17676,#17700,#17725,#17749,
    #17774,#17798,#17823,#17840,#17926,#17957,#17982,#18007,#18031,
    #18055,#18080,#18105,#18122));
#17286 = ADVANCED_FACE('',(#17287),#17357,.F.);
#17287 = FACE_BOUND('',#17288,.F.);
#17288 = EDGE_LOOP('',(#17289,#17299,#17308,#17316,#17325,#17333,#17342,
    #17350));
#17289 = ORIENTED_EDGE('',*,*,#17290,.F.);
#17290 = EDGE_CURVE('',#17291,#17293,#17295,.T.);
#17291 = VERTEX_POINT('',#17292);
#17292 = CARTESIAN_POINT('',(-1.,-0.625,4.E-02));
#17293 = VERTEX_POINT('',#17294);
#17294 = CARTESIAN_POINT('',(-1.,-0.625,1.21));
#17295 = LINE('',#17296,#17297);
#17296 = CARTESIAN_POINT('',(-1.,-0.625,0.));
#17297 = VECTOR('',#17298,1.);
#17298 = DIRECTION('',(0.,0.,1.));
#17299 = ORIENTED_EDGE('',*,*,#17300,.T.);
#17300 = EDGE_CURVE('',#17291,#17301,#17303,.T.);
#17301 = VERTEX_POINT('',#17302);
#17302 = CARTESIAN_POINT('',(-1.,-0.585,0.));
#17303 = CIRCLE('',#17304,4.E-02);
#17304 = AXIS2_PLACEMENT_3D('',#17305,#17306,#17307);
#17305 = CARTESIAN_POINT('',(-1.,-0.585,4.E-02));
#17306 = DIRECTION('',(1.,0.,-0.));
#17307 = DIRECTION('',(0.,0.,1.));
#17308 = ORIENTED_EDGE('',*,*,#17309,.T.);
#17309 = EDGE_CURVE('',#17301,#17310,#17312,.T.);
#17310 = VERTEX_POINT('',#17311);
#17311 = CARTESIAN_POINT('',(-1.,0.585,0.));
#17312 = LINE('',#17313,#17314);
#17313 = CARTESIAN_POINT('',(-1.,-0.625,0.));
#17314 = VECTOR('',#17315,1.);
#17315 = DIRECTION('',(0.,1.,0.));
#17316 = ORIENTED_EDGE('',*,*,#17317,.F.);
#17317 = EDGE_CURVE('',#17318,#17310,#17320,.T.);
#17318 = VERTEX_POINT('',#17319);
#17319 = CARTESIAN_POINT('',(-1.,0.625,4.E-02));
#17320 = CIRCLE('',#17321,4.E-02);
#17321 = AXIS2_PLACEMENT_3D('',#17322,#17323,#17324);
#17322 = CARTESIAN_POINT('',(-1.,0.585,4.E-02));
#17323 = DIRECTION('',(-1.,0.,0.));
#17324 = DIRECTION('',(0.,0.,1.));
#17325 = ORIENTED_EDGE('',*,*,#17326,.T.);
#17326 = EDGE_CURVE('',#17318,#17327,#17329,.T.);
#17327 = VERTEX_POINT('',#17328);
#17328 = CARTESIAN_POINT('',(-1.,0.625,1.21));
#17329 = LINE('',#17330,#17331);
#17330 = CARTESIAN_POINT('',(-1.,0.625,0.));
#17331 = VECTOR('',#17332,1.);
#17332 = DIRECTION('',(0.,0.,1.));
#17333 = ORIENTED_EDGE('',*,*,#17334,.T.);
#17334 = EDGE_CURVE('',#17327,#17335,#17337,.T.);
#17335 = VERTEX_POINT('',#17336);
#17336 = CARTESIAN_POINT('',(-1.,0.585,1.25));
#17337 = CIRCLE('',#17338,4.E-02);
#17338 = AXIS2_PLACEMENT_3D('',#17339,#17340,#17341);
#17339 = CARTESIAN_POINT('',(-1.,0.585,1.21));
#17340 = DIRECTION('',(1.,0.,-0.));
#17341 = DIRECTION('',(0.,0.,1.));
#17342 = ORIENTED_EDGE('',*,*,#17343,.F.);
#17343 = EDGE_CURVE('',#17344,#17335,#17346,.T.);
#17344 = VERTEX_POINT('',#17345);
#17345 = CARTESIAN_POINT('',(-1.,-0.585,1.25));
#17346 = LINE('',#17347,#17348);
#17347 = CARTESIAN_POINT('',(-1.,-0.625,1.25));
#17348 = VECTOR('',#17349,1.);
#17349 = DIRECTION('',(0.,1.,0.));
#17350 = ORIENTED_EDGE('',*,*,#17351,.F.);
#17351 = EDGE_CURVE('',#17293,#17344,#17352,.T.);
#17352 = CIRCLE('',#17353,4.E-02);
#17353 = AXIS2_PLACEMENT_3D('',#17354,#17355,#17356);
#17354 = CARTESIAN_POINT('',(-1.,-0.585,1.21));
#17355 = DIRECTION('',(-1.,0.,0.));
#17356 = DIRECTION('',(0.,0.,1.));
#17357 = PLANE('',#17358);
#17358 = AXIS2_PLACEMENT_3D('',#17359,#17360,#17361);
#17359 = CARTESIAN_POINT('',(-1.,-0.625,0.));
#17360 = DIRECTION('',(1.,0.,0.));
#17361 = DIRECTION('',(0.,0.,1.));
#17362 = ADVANCED_FACE('',(#17363),#17388,.F.);
#17363 = FACE_BOUND('',#17364,.F.);
#17364 = EDGE_LOOP('',(#17365,#17375,#17381,#17382));
#17365 = ORIENTED_EDGE('',*,*,#17366,.F.);
#17366 = EDGE_CURVE('',#17367,#17369,#17371,.T.);
#17367 = VERTEX_POINT('',#17368);
#17368 = CARTESIAN_POINT('',(-0.6,-0.625,4.E-02));
#17369 = VERTEX_POINT('',#17370);
#17370 = CARTESIAN_POINT('',(-0.6,-0.625,1.21));
#17371 = LINE('',#17372,#17373);
#17372 = CARTESIAN_POINT('',(-0.6,-0.625,0.));
#17373 = VECTOR('',#17374,1.);
#17374 = DIRECTION('',(0.,0.,1.));
#17375 = ORIENTED_EDGE('',*,*,#17376,.F.);
#17376 = EDGE_CURVE('',#17291,#17367,#17377,.T.);
#17377 = LINE('',#17378,#17379);
#17378 = CARTESIAN_POINT('',(-1.,-0.625,4.E-02));
#17379 = VECTOR('',#17380,1.);
#17380 = DIRECTION('',(1.,0.,0.));
#17381 = ORIENTED_EDGE('',*,*,#17290,.T.);
#17382 = ORIENTED_EDGE('',*,*,#17383,.T.);
#17383 = EDGE_CURVE('',#17293,#17369,#17384,.T.);
#17384 = LINE('',#17385,#17386);
#17385 = CARTESIAN_POINT('',(-1.,-0.625,1.21));
#17386 = VECTOR('',#17387,1.);
#17387 = DIRECTION('',(1.,0.,0.));
#17388 = PLANE('',#17389);
#17389 = AXIS2_PLACEMENT_3D('',#17390,#17391,#17392);
#17390 = CARTESIAN_POINT('',(-1.,-0.625,0.));
#17391 = DIRECTION('',(0.,1.,0.));
#17392 = DIRECTION('',(0.,-0.,1.));
#17393 = ADVANCED_FACE('',(#17394),#17413,.T.);
#17394 = FACE_BOUND('',#17395,.T.);
#17395 = EDGE_LOOP('',(#17396,#17397,#17405,#17412));
#17396 = ORIENTED_EDGE('',*,*,#17300,.T.);
#17397 = ORIENTED_EDGE('',*,*,#17398,.T.);
#17398 = EDGE_CURVE('',#17301,#17399,#17401,.T.);
#17399 = VERTEX_POINT('',#17400);
#17400 = CARTESIAN_POINT('',(-0.6,-0.585,0.));
#17401 = LINE('',#17402,#17403);
#17402 = CARTESIAN_POINT('',(-1.,-0.585,0.));
#17403 = VECTOR('',#17404,1.);
#17404 = DIRECTION('',(1.,0.,0.));
#17405 = ORIENTED_EDGE('',*,*,#17406,.F.);
#17406 = EDGE_CURVE('',#17367,#17399,#17407,.T.);
#17407 = CIRCLE('',#17408,4.E-02);
#17408 = AXIS2_PLACEMENT_3D('',#17409,#17410,#17411);
#17409 = CARTESIAN_POINT('',(-0.6,-0.585,4.E-02));
#17410 = DIRECTION('',(1.,0.,-0.));
#17411 = DIRECTION('',(0.,0.,1.));
#17412 = ORIENTED_EDGE('',*,*,#17376,.F.);
#17413 = CYLINDRICAL_SURFACE('',#17414,4.E-02);
#17414 = AXIS2_PLACEMENT_3D('',#17415,#17416,#17417);
#17415 = CARTESIAN_POINT('',(-1.,-0.585,4.E-02));
#17416 = DIRECTION('',(1.,0.,0.));
#17417 = DIRECTION('',(0.,-1.,0.));
#17418 = ADVANCED_FACE('',(#17419),#17438,.T.);
#17419 = FACE_BOUND('',#17420,.T.);
#17420 = EDGE_LOOP('',(#17421,#17422,#17431,#17437));
#17421 = ORIENTED_EDGE('',*,*,#17383,.T.);
#17422 = ORIENTED_EDGE('',*,*,#17423,.T.);
#17423 = EDGE_CURVE('',#17369,#17424,#17426,.T.);
#17424 = VERTEX_POINT('',#17425);
#17425 = CARTESIAN_POINT('',(-0.6,-0.585,1.25));
#17426 = CIRCLE('',#17427,4.E-02);
#17427 = AXIS2_PLACEMENT_3D('',#17428,#17429,#17430);
#17428 = CARTESIAN_POINT('',(-0.6,-0.585,1.21));
#17429 = DIRECTION('',(-1.,0.,0.));
#17430 = DIRECTION('',(0.,0.,1.));
#17431 = ORIENTED_EDGE('',*,*,#17432,.F.);
#17432 = EDGE_CURVE('',#17344,#17424,#17433,.T.);
#17433 = LINE('',#17434,#17435);
#17434 = CARTESIAN_POINT('',(-1.,-0.585,1.25));
#17435 = VECTOR('',#17436,1.);
#17436 = DIRECTION('',(1.,0.,0.));
#17437 = ORIENTED_EDGE('',*,*,#17351,.F.);
#17438 = CYLINDRICAL_SURFACE('',#17439,4.E-02);
#17439 = AXIS2_PLACEMENT_3D('',#17440,#17441,#17442);
#17440 = CARTESIAN_POINT('',(-1.,-0.585,1.21));
#17441 = DIRECTION('',(1.,0.,0.));
#17442 = DIRECTION('',(0.,-1.,0.));
#17443 = ADVANCED_FACE('',(#17444),#17462,.F.);
#17444 = FACE_BOUND('',#17445,.F.);
#17445 = EDGE_LOOP('',(#17446,#17447,#17448,#17456));
#17446 = ORIENTED_EDGE('',*,*,#17309,.F.);
#17447 = ORIENTED_EDGE('',*,*,#17398,.T.);
#17448 = ORIENTED_EDGE('',*,*,#17449,.T.);
#17449 = EDGE_CURVE('',#17399,#17450,#17452,.T.);
#17450 = VERTEX_POINT('',#17451);
#17451 = CARTESIAN_POINT('',(-0.6,0.585,0.));
#17452 = LINE('',#17453,#17454);
#17453 = CARTESIAN_POINT('',(-0.6,-0.625,0.));
#17454 = VECTOR('',#17455,1.);
#17455 = DIRECTION('',(0.,1.,0.));
#17456 = ORIENTED_EDGE('',*,*,#17457,.F.);
#17457 = EDGE_CURVE('',#17310,#17450,#17458,.T.);
#17458 = LINE('',#17459,#17460);
#17459 = CARTESIAN_POINT('',(-1.,0.585,0.));
#17460 = VECTOR('',#17461,1.);
#17461 = DIRECTION('',(1.,0.,0.));
#17462 = PLANE('',#17463);
#17463 = AXIS2_PLACEMENT_3D('',#17464,#17465,#17466);
#17464 = CARTESIAN_POINT('',(-1.,-0.625,0.));
#17465 = DIRECTION('',(0.,0.,1.));
#17466 = DIRECTION('',(1.,0.,-0.));
#17467 = ADVANCED_FACE('',(#17468),#17486,.T.);
#17468 = FACE_BOUND('',#17469,.T.);
#17469 = EDGE_LOOP('',(#17470,#17471,#17472,#17480));
#17470 = ORIENTED_EDGE('',*,*,#17343,.F.);
#17471 = ORIENTED_EDGE('',*,*,#17432,.T.);
#17472 = ORIENTED_EDGE('',*,*,#17473,.T.);
#17473 = EDGE_CURVE('',#17424,#17474,#17476,.T.);
#17474 = VERTEX_POINT('',#17475);
#17475 = CARTESIAN_POINT('',(-0.6,0.585,1.25));
#17476 = LINE('',#17477,#17478);
#17477 = CARTESIAN_POINT('',(-0.6,-0.625,1.25));
#17478 = VECTOR('',#17479,1.);
#17479 = DIRECTION('',(0.,1.,0.));
#17480 = ORIENTED_EDGE('',*,*,#17481,.F.);
#17481 = EDGE_CURVE('',#17335,#17474,#17482,.T.);
#17482 = LINE('',#17483,#17484);
#17483 = CARTESIAN_POINT('',(-1.,0.585,1.25));
#17484 = VECTOR('',#17485,1.);
#17485 = DIRECTION('',(1.,0.,0.));
#17486 = PLANE('',#17487);
#17487 = AXIS2_PLACEMENT_3D('',#17488,#17489,#17490);
#17488 = CARTESIAN_POINT('',(-1.,-0.625,1.25));
#17489 = DIRECTION('',(0.,0.,1.));
#17490 = DIRECTION('',(1.,0.,-0.));
#17491 = ADVANCED_FACE('',(#17492),#17511,.T.);
#17492 = FACE_BOUND('',#17493,.T.);
#17493 = EDGE_LOOP('',(#17494,#17502,#17509,#17510));
#17494 = ORIENTED_EDGE('',*,*,#17495,.T.);
#17495 = EDGE_CURVE('',#17318,#17496,#17498,.T.);
#17496 = VERTEX_POINT('',#17497);
#17497 = CARTESIAN_POINT('',(-0.6,0.625,4.E-02));
#17498 = LINE('',#17499,#17500);
#17499 = CARTESIAN_POINT('',(-1.,0.625,4.E-02));
#17500 = VECTOR('',#17501,1.);
#17501 = DIRECTION('',(1.,0.,0.));
#17502 = ORIENTED_EDGE('',*,*,#17503,.T.);
#17503 = EDGE_CURVE('',#17496,#17450,#17504,.T.);
#17504 = CIRCLE('',#17505,4.E-02);
#17505 = AXIS2_PLACEMENT_3D('',#17506,#17507,#17508);
#17506 = CARTESIAN_POINT('',(-0.6,0.585,4.E-02));
#17507 = DIRECTION('',(-1.,0.,0.));
#17508 = DIRECTION('',(0.,0.,1.));
#17509 = ORIENTED_EDGE('',*,*,#17457,.F.);
#17510 = ORIENTED_EDGE('',*,*,#17317,.F.);
#17511 = CYLINDRICAL_SURFACE('',#17512,4.E-02);
#17512 = AXIS2_PLACEMENT_3D('',#17513,#17514,#17515);
#17513 = CARTESIAN_POINT('',(-1.,0.585,4.E-02));
#17514 = DIRECTION('',(1.,0.,0.));
#17515 = DIRECTION('',(-0.,1.,0.));
#17516 = ADVANCED_FACE('',(#17517),#17536,.T.);
#17517 = FACE_BOUND('',#17518,.T.);
#17518 = EDGE_LOOP('',(#17519,#17520,#17521,#17530));
#17519 = ORIENTED_EDGE('',*,*,#17334,.T.);
#17520 = ORIENTED_EDGE('',*,*,#17481,.T.);
#17521 = ORIENTED_EDGE('',*,*,#17522,.F.);
#17522 = EDGE_CURVE('',#17523,#17474,#17525,.T.);
#17523 = VERTEX_POINT('',#17524);
#17524 = CARTESIAN_POINT('',(-0.6,0.625,1.21));
#17525 = CIRCLE('',#17526,4.E-02);
#17526 = AXIS2_PLACEMENT_3D('',#17527,#17528,#17529);
#17527 = CARTESIAN_POINT('',(-0.6,0.585,1.21));
#17528 = DIRECTION('',(1.,0.,-0.));
#17529 = DIRECTION('',(0.,0.,1.));
#17530 = ORIENTED_EDGE('',*,*,#17531,.F.);
#17531 = EDGE_CURVE('',#17327,#17523,#17532,.T.);
#17532 = LINE('',#17533,#17534);
#17533 = CARTESIAN_POINT('',(-1.,0.625,1.21));
#17534 = VECTOR('',#17535,1.);
#17535 = DIRECTION('',(1.,0.,0.));
#17536 = CYLINDRICAL_SURFACE('',#17537,4.E-02);
#17537 = AXIS2_PLACEMENT_3D('',#17538,#17539,#17540);
#17538 = CARTESIAN_POINT('',(-1.,0.585,1.21));
#17539 = DIRECTION('',(1.,0.,0.));
#17540 = DIRECTION('',(-0.,1.,0.));
#17541 = ADVANCED_FACE('',(#17542),#17553,.T.);
#17542 = FACE_BOUND('',#17543,.T.);
#17543 = EDGE_LOOP('',(#17544,#17550,#17551,#17552));
#17544 = ORIENTED_EDGE('',*,*,#17545,.F.);
#17545 = EDGE_CURVE('',#17496,#17523,#17546,.T.);
#17546 = LINE('',#17547,#17548);
#17547 = CARTESIAN_POINT('',(-0.6,0.625,0.));
#17548 = VECTOR('',#17549,1.);
#17549 = DIRECTION('',(0.,0.,1.));
#17550 = ORIENTED_EDGE('',*,*,#17495,.F.);
#17551 = ORIENTED_EDGE('',*,*,#17326,.T.);
#17552 = ORIENTED_EDGE('',*,*,#17531,.T.);
#17553 = PLANE('',#17554);
#17554 = AXIS2_PLACEMENT_3D('',#17555,#17556,#17557);
#17555 = CARTESIAN_POINT('',(-1.,0.625,0.));
#17556 = DIRECTION('',(0.,1.,0.));
#17557 = DIRECTION('',(0.,-0.,1.));
#17558 = ADVANCED_FACE('',(#17559,#17569),#17639,.T.);
#17559 = FACE_BOUND('',#17560,.T.);
#17560 = EDGE_LOOP('',(#17561,#17562,#17563,#17564,#17565,#17566,#17567,
    #17568));
#17561 = ORIENTED_EDGE('',*,*,#17366,.F.);
#17562 = ORIENTED_EDGE('',*,*,#17406,.T.);
#17563 = ORIENTED_EDGE('',*,*,#17449,.T.);
#17564 = ORIENTED_EDGE('',*,*,#17503,.F.);
#17565 = ORIENTED_EDGE('',*,*,#17545,.T.);
#17566 = ORIENTED_EDGE('',*,*,#17522,.T.);
#17567 = ORIENTED_EDGE('',*,*,#17473,.F.);
#17568 = ORIENTED_EDGE('',*,*,#17423,.F.);
#17569 = FACE_BOUND('',#17570,.T.);
#17570 = EDGE_LOOP('',(#17571,#17582,#17590,#17599,#17607,#17616,#17624,
    #17633));
#17571 = ORIENTED_EDGE('',*,*,#17572,.F.);
#17572 = EDGE_CURVE('',#17573,#17575,#17577,.T.);
#17573 = VERTEX_POINT('',#17574);
#17574 = CARTESIAN_POINT('',(-0.6,-0.585,8.E-02));
#17575 = VERTEX_POINT('',#17576);
#17576 = CARTESIAN_POINT('',(-0.6,-0.545,4.E-02));
#17577 = CIRCLE('',#17578,4.E-02);
#17578 = AXIS2_PLACEMENT_3D('',#17579,#17580,#17581);
#17579 = CARTESIAN_POINT('',(-0.6,-0.545,8.E-02));
#17580 = DIRECTION('',(1.,0.,-0.));
#17581 = DIRECTION('',(0.,0.,1.));
#17582 = ORIENTED_EDGE('',*,*,#17583,.T.);
#17583 = EDGE_CURVE('',#17573,#17584,#17586,.T.);
#17584 = VERTEX_POINT('',#17585);
#17585 = CARTESIAN_POINT('',(-0.6,-0.585,1.17));
#17586 = LINE('',#17587,#17588);
#17587 = CARTESIAN_POINT('',(-0.6,-0.585,4.E-02));
#17588 = VECTOR('',#17589,1.);
#17589 = DIRECTION('',(0.,0.,1.));
#17590 = ORIENTED_EDGE('',*,*,#17591,.T.);
#17591 = EDGE_CURVE('',#17584,#17592,#17594,.T.);
#17592 = VERTEX_POINT('',#17593);
#17593 = CARTESIAN_POINT('',(-0.6,-0.545,1.21));
#17594 = CIRCLE('',#17595,4.E-02);
#17595 = AXIS2_PLACEMENT_3D('',#17596,#17597,#17598);
#17596 = CARTESIAN_POINT('',(-0.6,-0.545,1.17));
#17597 = DIRECTION('',(-1.,0.,0.));
#17598 = DIRECTION('',(0.,0.,1.));
#17599 = ORIENTED_EDGE('',*,*,#17600,.T.);
#17600 = EDGE_CURVE('',#17592,#17601,#17603,.T.);
#17601 = VERTEX_POINT('',#17602);
#17602 = CARTESIAN_POINT('',(-0.6,0.545,1.21));
#17603 = LINE('',#17604,#17605);
#17604 = CARTESIAN_POINT('',(-0.6,-0.585,1.21));
#17605 = VECTOR('',#17606,1.);
#17606 = DIRECTION('',(0.,1.,0.));
#17607 = ORIENTED_EDGE('',*,*,#17608,.F.);
#17608 = EDGE_CURVE('',#17609,#17601,#17611,.T.);
#17609 = VERTEX_POINT('',#17610);
#17610 = CARTESIAN_POINT('',(-0.6,0.585,1.17));
#17611 = CIRCLE('',#17612,4.E-02);
#17612 = AXIS2_PLACEMENT_3D('',#17613,#17614,#17615);
#17613 = CARTESIAN_POINT('',(-0.6,0.545,1.17));
#17614 = DIRECTION('',(1.,0.,-0.));
#17615 = DIRECTION('',(0.,0.,1.));
#17616 = ORIENTED_EDGE('',*,*,#17617,.F.);
#17617 = EDGE_CURVE('',#17618,#17609,#17620,.T.);
#17618 = VERTEX_POINT('',#17619);
#17619 = CARTESIAN_POINT('',(-0.6,0.585,8.E-02));
#17620 = LINE('',#17621,#17622);
#17621 = CARTESIAN_POINT('',(-0.6,0.585,4.E-02));
#17622 = VECTOR('',#17623,1.);
#17623 = DIRECTION('',(0.,0.,1.));
#17624 = ORIENTED_EDGE('',*,*,#17625,.T.);
#17625 = EDGE_CURVE('',#17618,#17626,#17628,.T.);
#17626 = VERTEX_POINT('',#17627);
#17627 = CARTESIAN_POINT('',(-0.6,0.545,4.E-02));
#17628 = CIRCLE('',#17629,4.E-02);
#17629 = AXIS2_PLACEMENT_3D('',#17630,#17631,#17632);
#17630 = CARTESIAN_POINT('',(-0.6,0.545,8.E-02));
#17631 = DIRECTION('',(-1.,0.,0.));
#17632 = DIRECTION('',(0.,0.,1.));
#17633 = ORIENTED_EDGE('',*,*,#17634,.F.);
#17634 = EDGE_CURVE('',#17575,#17626,#17635,.T.);
#17635 = LINE('',#17636,#17637);
#17636 = CARTESIAN_POINT('',(-0.6,-0.585,4.E-02));
#17637 = VECTOR('',#17638,1.);
#17638 = DIRECTION('',(0.,1.,0.));
#17639 = PLANE('',#17640);
#17640 = AXIS2_PLACEMENT_3D('',#17641,#17642,#17643);
#17641 = CARTESIAN_POINT('',(-0.6,-0.625,0.));
#17642 = DIRECTION('',(1.,0.,0.));
#17643 = DIRECTION('',(0.,0.,1.));
#17644 = ADVANCED_FACE('',(#17645),#17671,.T.);
#17645 = FACE_BOUND('',#17646,.T.);
#17646 = EDGE_LOOP('',(#17647,#17648,#17656,#17665));
#17647 = ORIENTED_EDGE('',*,*,#17572,.T.);
#17648 = ORIENTED_EDGE('',*,*,#17649,.T.);
#17649 = EDGE_CURVE('',#17575,#17650,#17652,.T.);
#17650 = VERTEX_POINT('',#17651);
#17651 = CARTESIAN_POINT('',(0.6,-0.545,4.E-02));
#17652 = LINE('',#17653,#17654);
#17653 = CARTESIAN_POINT('',(-0.6,-0.545,4.E-02));
#17654 = VECTOR('',#17655,1.);
#17655 = DIRECTION('',(1.,0.,0.));
#17656 = ORIENTED_EDGE('',*,*,#17657,.F.);
#17657 = EDGE_CURVE('',#17658,#17650,#17660,.T.);
#17658 = VERTEX_POINT('',#17659);
#17659 = CARTESIAN_POINT('',(0.6,-0.585,8.E-02));
#17660 = CIRCLE('',#17661,4.E-02);
#17661 = AXIS2_PLACEMENT_3D('',#17662,#17663,#17664);
#17662 = CARTESIAN_POINT('',(0.6,-0.545,8.E-02));
#17663 = DIRECTION('',(1.,0.,-0.));
#17664 = DIRECTION('',(0.,0.,1.));
#17665 = ORIENTED_EDGE('',*,*,#17666,.F.);
#17666 = EDGE_CURVE('',#17573,#17658,#17667,.T.);
#17667 = LINE('',#17668,#17669);
#17668 = CARTESIAN_POINT('',(-0.6,-0.585,8.E-02));
#17669 = VECTOR('',#17670,1.);
#17670 = DIRECTION('',(1.,0.,0.));
#17671 = CYLINDRICAL_SURFACE('',#17672,4.E-02);
#17672 = AXIS2_PLACEMENT_3D('',#17673,#17674,#17675);
#17673 = CARTESIAN_POINT('',(-0.6,-0.545,8.E-02));
#17674 = DIRECTION('',(1.,0.,0.));
#17675 = DIRECTION('',(0.,-1.,0.));
#17676 = ADVANCED_FACE('',(#17677),#17695,.F.);
#17677 = FACE_BOUND('',#17678,.F.);
#17678 = EDGE_LOOP('',(#17679,#17680,#17681,#17689));
#17679 = ORIENTED_EDGE('',*,*,#17634,.F.);
#17680 = ORIENTED_EDGE('',*,*,#17649,.T.);
#17681 = ORIENTED_EDGE('',*,*,#17682,.T.);
#17682 = EDGE_CURVE('',#17650,#17683,#17685,.T.);
#17683 = VERTEX_POINT('',#17684);
#17684 = CARTESIAN_POINT('',(0.6,0.545,4.E-02));
#17685 = LINE('',#17686,#17687);
#17686 = CARTESIAN_POINT('',(0.6,-0.585,4.E-02));
#17687 = VECTOR('',#17688,1.);
#17688 = DIRECTION('',(0.,1.,0.));
#17689 = ORIENTED_EDGE('',*,*,#17690,.F.);
#17690 = EDGE_CURVE('',#17626,#17683,#17691,.T.);
#17691 = LINE('',#17692,#17693);
#17692 = CARTESIAN_POINT('',(-0.6,0.545,4.E-02));
#17693 = VECTOR('',#17694,1.);
#17694 = DIRECTION('',(1.,0.,0.));
#17695 = PLANE('',#17696);
#17696 = AXIS2_PLACEMENT_3D('',#17697,#17698,#17699);
#17697 = CARTESIAN_POINT('',(-0.6,-0.585,4.E-02));
#17698 = DIRECTION('',(0.,0.,1.));
#17699 = DIRECTION('',(1.,0.,-0.));
#17700 = ADVANCED_FACE('',(#17701),#17720,.T.);
#17701 = FACE_BOUND('',#17702,.T.);
#17702 = EDGE_LOOP('',(#17703,#17711,#17718,#17719));
#17703 = ORIENTED_EDGE('',*,*,#17704,.T.);
#17704 = EDGE_CURVE('',#17618,#17705,#17707,.T.);
#17705 = VERTEX_POINT('',#17706);
#17706 = CARTESIAN_POINT('',(0.6,0.585,8.E-02));
#17707 = LINE('',#17708,#17709);
#17708 = CARTESIAN_POINT('',(-0.6,0.585,8.E-02));
#17709 = VECTOR('',#17710,1.);
#17710 = DIRECTION('',(1.,0.,0.));
#17711 = ORIENTED_EDGE('',*,*,#17712,.T.);
#17712 = EDGE_CURVE('',#17705,#17683,#17713,.T.);
#17713 = CIRCLE('',#17714,4.E-02);
#17714 = AXIS2_PLACEMENT_3D('',#17715,#17716,#17717);
#17715 = CARTESIAN_POINT('',(0.6,0.545,8.E-02));
#17716 = DIRECTION('',(-1.,0.,0.));
#17717 = DIRECTION('',(0.,0.,1.));
#17718 = ORIENTED_EDGE('',*,*,#17690,.F.);
#17719 = ORIENTED_EDGE('',*,*,#17625,.F.);
#17720 = CYLINDRICAL_SURFACE('',#17721,4.E-02);
#17721 = AXIS2_PLACEMENT_3D('',#17722,#17723,#17724);
#17722 = CARTESIAN_POINT('',(-0.6,0.545,8.E-02));
#17723 = DIRECTION('',(1.,0.,0.));
#17724 = DIRECTION('',(-0.,1.,0.));
#17725 = ADVANCED_FACE('',(#17726),#17744,.T.);
#17726 = FACE_BOUND('',#17727,.T.);
#17727 = EDGE_LOOP('',(#17728,#17736,#17737,#17738));
#17728 = ORIENTED_EDGE('',*,*,#17729,.F.);
#17729 = EDGE_CURVE('',#17705,#17730,#17732,.T.);
#17730 = VERTEX_POINT('',#17731);
#17731 = CARTESIAN_POINT('',(0.6,0.585,1.17));
#17732 = LINE('',#17733,#17734);
#17733 = CARTESIAN_POINT('',(0.6,0.585,4.E-02));
#17734 = VECTOR('',#17735,1.);
#17735 = DIRECTION('',(0.,0.,1.));
#17736 = ORIENTED_EDGE('',*,*,#17704,.F.);
#17737 = ORIENTED_EDGE('',*,*,#17617,.T.);
#17738 = ORIENTED_EDGE('',*,*,#17739,.T.);
#17739 = EDGE_CURVE('',#17609,#17730,#17740,.T.);
#17740 = LINE('',#17741,#17742);
#17741 = CARTESIAN_POINT('',(-0.6,0.585,1.17));
#17742 = VECTOR('',#17743,1.);
#17743 = DIRECTION('',(1.,0.,0.));
#17744 = PLANE('',#17745);
#17745 = AXIS2_PLACEMENT_3D('',#17746,#17747,#17748);
#17746 = CARTESIAN_POINT('',(-0.6,0.585,4.E-02));
#17747 = DIRECTION('',(0.,1.,0.));
#17748 = DIRECTION('',(0.,-0.,1.));
#17749 = ADVANCED_FACE('',(#17750),#17769,.T.);
#17750 = FACE_BOUND('',#17751,.T.);
#17751 = EDGE_LOOP('',(#17752,#17753,#17761,#17768));
#17752 = ORIENTED_EDGE('',*,*,#17608,.T.);
#17753 = ORIENTED_EDGE('',*,*,#17754,.T.);
#17754 = EDGE_CURVE('',#17601,#17755,#17757,.T.);
#17755 = VERTEX_POINT('',#17756);
#17756 = CARTESIAN_POINT('',(0.6,0.545,1.21));
#17757 = LINE('',#17758,#17759);
#17758 = CARTESIAN_POINT('',(-0.6,0.545,1.21));
#17759 = VECTOR('',#17760,1.);
#17760 = DIRECTION('',(1.,0.,0.));
#17761 = ORIENTED_EDGE('',*,*,#17762,.F.);
#17762 = EDGE_CURVE('',#17730,#17755,#17763,.T.);
#17763 = CIRCLE('',#17764,4.E-02);
#17764 = AXIS2_PLACEMENT_3D('',#17765,#17766,#17767);
#17765 = CARTESIAN_POINT('',(0.6,0.545,1.17));
#17766 = DIRECTION('',(1.,0.,-0.));
#17767 = DIRECTION('',(0.,0.,1.));
#17768 = ORIENTED_EDGE('',*,*,#17739,.F.);
#17769 = CYLINDRICAL_SURFACE('',#17770,4.E-02);
#17770 = AXIS2_PLACEMENT_3D('',#17771,#17772,#17773);
#17771 = CARTESIAN_POINT('',(-0.6,0.545,1.17));
#17772 = DIRECTION('',(1.,0.,0.));
#17773 = DIRECTION('',(-0.,1.,0.));
#17774 = ADVANCED_FACE('',(#17775),#17793,.T.);
#17775 = FACE_BOUND('',#17776,.T.);
#17776 = EDGE_LOOP('',(#17777,#17778,#17786,#17792));
#17777 = ORIENTED_EDGE('',*,*,#17600,.F.);
#17778 = ORIENTED_EDGE('',*,*,#17779,.T.);
#17779 = EDGE_CURVE('',#17592,#17780,#17782,.T.);
#17780 = VERTEX_POINT('',#17781);
#17781 = CARTESIAN_POINT('',(0.6,-0.545,1.21));
#17782 = LINE('',#17783,#17784);
#17783 = CARTESIAN_POINT('',(-0.6,-0.545,1.21));
#17784 = VECTOR('',#17785,1.);
#17785 = DIRECTION('',(1.,0.,0.));
#17786 = ORIENTED_EDGE('',*,*,#17787,.T.);
#17787 = EDGE_CURVE('',#17780,#17755,#17788,.T.);
#17788 = LINE('',#17789,#17790);
#17789 = CARTESIAN_POINT('',(0.6,-0.585,1.21));
#17790 = VECTOR('',#17791,1.);
#17791 = DIRECTION('',(0.,1.,0.));
#17792 = ORIENTED_EDGE('',*,*,#17754,.F.);
#17793 = PLANE('',#17794);
#17794 = AXIS2_PLACEMENT_3D('',#17795,#17796,#17797);
#17795 = CARTESIAN_POINT('',(-0.6,-0.585,1.21));
#17796 = DIRECTION('',(0.,0.,1.));
#17797 = DIRECTION('',(1.,0.,-0.));
#17798 = ADVANCED_FACE('',(#17799),#17818,.T.);
#17799 = FACE_BOUND('',#17800,.T.);
#17800 = EDGE_LOOP('',(#17801,#17809,#17816,#17817));
#17801 = ORIENTED_EDGE('',*,*,#17802,.T.);
#17802 = EDGE_CURVE('',#17584,#17803,#17805,.T.);
#17803 = VERTEX_POINT('',#17804);
#17804 = CARTESIAN_POINT('',(0.6,-0.585,1.17));
#17805 = LINE('',#17806,#17807);
#17806 = CARTESIAN_POINT('',(-0.6,-0.585,1.17));
#17807 = VECTOR('',#17808,1.);
#17808 = DIRECTION('',(1.,0.,0.));
#17809 = ORIENTED_EDGE('',*,*,#17810,.T.);
#17810 = EDGE_CURVE('',#17803,#17780,#17811,.T.);
#17811 = CIRCLE('',#17812,4.E-02);
#17812 = AXIS2_PLACEMENT_3D('',#17813,#17814,#17815);
#17813 = CARTESIAN_POINT('',(0.6,-0.545,1.17));
#17814 = DIRECTION('',(-1.,0.,0.));
#17815 = DIRECTION('',(0.,0.,1.));
#17816 = ORIENTED_EDGE('',*,*,#17779,.F.);
#17817 = ORIENTED_EDGE('',*,*,#17591,.F.);
#17818 = CYLINDRICAL_SURFACE('',#17819,4.E-02);
#17819 = AXIS2_PLACEMENT_3D('',#17820,#17821,#17822);
#17820 = CARTESIAN_POINT('',(-0.6,-0.545,1.17));
#17821 = DIRECTION('',(1.,0.,0.));
#17822 = DIRECTION('',(0.,-1.,0.));
#17823 = ADVANCED_FACE('',(#17824),#17835,.F.);
#17824 = FACE_BOUND('',#17825,.F.);
#17825 = EDGE_LOOP('',(#17826,#17832,#17833,#17834));
#17826 = ORIENTED_EDGE('',*,*,#17827,.F.);
#17827 = EDGE_CURVE('',#17658,#17803,#17828,.T.);
#17828 = LINE('',#17829,#17830);
#17829 = CARTESIAN_POINT('',(0.6,-0.585,4.E-02));
#17830 = VECTOR('',#17831,1.);
#17831 = DIRECTION('',(0.,0.,1.));
#17832 = ORIENTED_EDGE('',*,*,#17666,.F.);
#17833 = ORIENTED_EDGE('',*,*,#17583,.T.);
#17834 = ORIENTED_EDGE('',*,*,#17802,.T.);
#17835 = PLANE('',#17836);
#17836 = AXIS2_PLACEMENT_3D('',#17837,#17838,#17839);
#17837 = CARTESIAN_POINT('',(-0.6,-0.585,4.E-02));
#17838 = DIRECTION('',(0.,1.,0.));
#17839 = DIRECTION('',(0.,-0.,1.));
#17840 = ADVANCED_FACE('',(#17841,#17911),#17921,.F.);
#17841 = FACE_BOUND('',#17842,.F.);
#17842 = EDGE_LOOP('',(#17843,#17853,#17862,#17870,#17879,#17887,#17896,
    #17904));
#17843 = ORIENTED_EDGE('',*,*,#17844,.F.);
#17844 = EDGE_CURVE('',#17845,#17847,#17849,.T.);
#17845 = VERTEX_POINT('',#17846);
#17846 = CARTESIAN_POINT('',(0.6,-0.625,4.E-02));
#17847 = VERTEX_POINT('',#17848);
#17848 = CARTESIAN_POINT('',(0.6,-0.625,1.21));
#17849 = LINE('',#17850,#17851);
#17850 = CARTESIAN_POINT('',(0.6,-0.625,0.));
#17851 = VECTOR('',#17852,1.);
#17852 = DIRECTION('',(0.,0.,1.));
#17853 = ORIENTED_EDGE('',*,*,#17854,.T.);
#17854 = EDGE_CURVE('',#17845,#17855,#17857,.T.);
#17855 = VERTEX_POINT('',#17856);
#17856 = CARTESIAN_POINT('',(0.6,-0.585,0.));
#17857 = CIRCLE('',#17858,4.E-02);
#17858 = AXIS2_PLACEMENT_3D('',#17859,#17860,#17861);
#17859 = CARTESIAN_POINT('',(0.6,-0.585,4.E-02));
#17860 = DIRECTION('',(1.,0.,-0.));
#17861 = DIRECTION('',(0.,0.,1.));
#17862 = ORIENTED_EDGE('',*,*,#17863,.T.);
#17863 = EDGE_CURVE('',#17855,#17864,#17866,.T.);
#17864 = VERTEX_POINT('',#17865);
#17865 = CARTESIAN_POINT('',(0.6,0.585,0.));
#17866 = LINE('',#17867,#17868);
#17867 = CARTESIAN_POINT('',(0.6,-0.625,0.));
#17868 = VECTOR('',#17869,1.);
#17869 = DIRECTION('',(0.,1.,0.));
#17870 = ORIENTED_EDGE('',*,*,#17871,.F.);
#17871 = EDGE_CURVE('',#17872,#17864,#17874,.T.);
#17872 = VERTEX_POINT('',#17873);
#17873 = CARTESIAN_POINT('',(0.6,0.625,4.E-02));
#17874 = CIRCLE('',#17875,4.E-02);
#17875 = AXIS2_PLACEMENT_3D('',#17876,#17877,#17878);
#17876 = CARTESIAN_POINT('',(0.6,0.585,4.E-02));
#17877 = DIRECTION('',(-1.,0.,0.));
#17878 = DIRECTION('',(0.,0.,1.));
#17879 = ORIENTED_EDGE('',*,*,#17880,.T.);
#17880 = EDGE_CURVE('',#17872,#17881,#17883,.T.);
#17881 = VERTEX_POINT('',#17882);
#17882 = CARTESIAN_POINT('',(0.6,0.625,1.21));
#17883 = LINE('',#17884,#17885);
#17884 = CARTESIAN_POINT('',(0.6,0.625,0.));
#17885 = VECTOR('',#17886,1.);
#17886 = DIRECTION('',(0.,0.,1.));
#17887 = ORIENTED_EDGE('',*,*,#17888,.T.);
#17888 = EDGE_CURVE('',#17881,#17889,#17891,.T.);
#17889 = VERTEX_POINT('',#17890);
#17890 = CARTESIAN_POINT('',(0.6,0.585,1.25));
#17891 = CIRCLE('',#17892,4.E-02);
#17892 = AXIS2_PLACEMENT_3D('',#17893,#17894,#17895);
#17893 = CARTESIAN_POINT('',(0.6,0.585,1.21));
#17894 = DIRECTION('',(1.,0.,-0.));
#17895 = DIRECTION('',(0.,0.,1.));
#17896 = ORIENTED_EDGE('',*,*,#17897,.F.);
#17897 = EDGE_CURVE('',#17898,#17889,#17900,.T.);
#17898 = VERTEX_POINT('',#17899);
#17899 = CARTESIAN_POINT('',(0.6,-0.585,1.25));
#17900 = LINE('',#17901,#17902);
#17901 = CARTESIAN_POINT('',(0.6,-0.625,1.25));
#17902 = VECTOR('',#17903,1.);
#17903 = DIRECTION('',(0.,1.,0.));
#17904 = ORIENTED_EDGE('',*,*,#17905,.F.);
#17905 = EDGE_CURVE('',#17847,#17898,#17906,.T.);
#17906 = CIRCLE('',#17907,4.E-02);
#17907 = AXIS2_PLACEMENT_3D('',#17908,#17909,#17910);
#17908 = CARTESIAN_POINT('',(0.6,-0.585,1.21));
#17909 = DIRECTION('',(-1.,0.,0.));
#17910 = DIRECTION('',(0.,0.,1.));
#17911 = FACE_BOUND('',#17912,.F.);
#17912 = EDGE_LOOP('',(#17913,#17914,#17915,#17916,#17917,#17918,#17919,
    #17920));
#17913 = ORIENTED_EDGE('',*,*,#17657,.F.);
#17914 = ORIENTED_EDGE('',*,*,#17827,.T.);
#17915 = ORIENTED_EDGE('',*,*,#17810,.T.);
#17916 = ORIENTED_EDGE('',*,*,#17787,.T.);
#17917 = ORIENTED_EDGE('',*,*,#17762,.F.);
#17918 = ORIENTED_EDGE('',*,*,#17729,.F.);
#17919 = ORIENTED_EDGE('',*,*,#17712,.T.);
#17920 = ORIENTED_EDGE('',*,*,#17682,.F.);
#17921 = PLANE('',#17922);
#17922 = AXIS2_PLACEMENT_3D('',#17923,#17924,#17925);
#17923 = CARTESIAN_POINT('',(0.6,-0.625,0.));
#17924 = DIRECTION('',(1.,0.,0.));
#17925 = DIRECTION('',(0.,0.,1.));
#17926 = ADVANCED_FACE('',(#17927),#17952,.F.);
#17927 = FACE_BOUND('',#17928,.F.);
#17928 = EDGE_LOOP('',(#17929,#17939,#17945,#17946));
#17929 = ORIENTED_EDGE('',*,*,#17930,.F.);
#17930 = EDGE_CURVE('',#17931,#17933,#17935,.T.);
#17931 = VERTEX_POINT('',#17932);
#17932 = CARTESIAN_POINT('',(1.,-0.625,4.E-02));
#17933 = VERTEX_POINT('',#17934);
#17934 = CARTESIAN_POINT('',(1.,-0.625,1.21));
#17935 = LINE('',#17936,#17937);
#17936 = CARTESIAN_POINT('',(1.,-0.625,0.));
#17937 = VECTOR('',#17938,1.);
#17938 = DIRECTION('',(0.,0.,1.));
#17939 = ORIENTED_EDGE('',*,*,#17940,.F.);
#17940 = EDGE_CURVE('',#17845,#17931,#17941,.T.);
#17941 = LINE('',#17942,#17943);
#17942 = CARTESIAN_POINT('',(0.6,-0.625,4.E-02));
#17943 = VECTOR('',#17944,1.);
#17944 = DIRECTION('',(1.,0.,0.));
#17945 = ORIENTED_EDGE('',*,*,#17844,.T.);
#17946 = ORIENTED_EDGE('',*,*,#17947,.T.);
#17947 = EDGE_CURVE('',#17847,#17933,#17948,.T.);
#17948 = LINE('',#17949,#17950);
#17949 = CARTESIAN_POINT('',(0.6,-0.625,1.21));
#17950 = VECTOR('',#17951,1.);
#17951 = DIRECTION('',(1.,0.,0.));
#17952 = PLANE('',#17953);
#17953 = AXIS2_PLACEMENT_3D('',#17954,#17955,#17956);
#17954 = CARTESIAN_POINT('',(0.6,-0.625,0.));
#17955 = DIRECTION('',(0.,1.,0.));
#17956 = DIRECTION('',(0.,-0.,1.));
#17957 = ADVANCED_FACE('',(#17958),#17977,.T.);
#17958 = FACE_BOUND('',#17959,.T.);
#17959 = EDGE_LOOP('',(#17960,#17961,#17969,#17976));
#17960 = ORIENTED_EDGE('',*,*,#17854,.T.);
#17961 = ORIENTED_EDGE('',*,*,#17962,.T.);
#17962 = EDGE_CURVE('',#17855,#17963,#17965,.T.);
#17963 = VERTEX_POINT('',#17964);
#17964 = CARTESIAN_POINT('',(1.,-0.585,0.));
#17965 = LINE('',#17966,#17967);
#17966 = CARTESIAN_POINT('',(0.6,-0.585,0.));
#17967 = VECTOR('',#17968,1.);
#17968 = DIRECTION('',(1.,0.,0.));
#17969 = ORIENTED_EDGE('',*,*,#17970,.F.);
#17970 = EDGE_CURVE('',#17931,#17963,#17971,.T.);
#17971 = CIRCLE('',#17972,4.E-02);
#17972 = AXIS2_PLACEMENT_3D('',#17973,#17974,#17975);
#17973 = CARTESIAN_POINT('',(1.,-0.585,4.E-02));
#17974 = DIRECTION('',(1.,0.,-0.));
#17975 = DIRECTION('',(0.,0.,1.));
#17976 = ORIENTED_EDGE('',*,*,#17940,.F.);
#17977 = CYLINDRICAL_SURFACE('',#17978,4.E-02);
#17978 = AXIS2_PLACEMENT_3D('',#17979,#17980,#17981);
#17979 = CARTESIAN_POINT('',(0.6,-0.585,4.E-02));
#17980 = DIRECTION('',(1.,0.,0.));
#17981 = DIRECTION('',(0.,-1.,0.));
#17982 = ADVANCED_FACE('',(#17983),#18002,.T.);
#17983 = FACE_BOUND('',#17984,.T.);
#17984 = EDGE_LOOP('',(#17985,#17986,#17995,#18001));
#17985 = ORIENTED_EDGE('',*,*,#17947,.T.);
#17986 = ORIENTED_EDGE('',*,*,#17987,.T.);
#17987 = EDGE_CURVE('',#17933,#17988,#17990,.T.);
#17988 = VERTEX_POINT('',#17989);
#17989 = CARTESIAN_POINT('',(1.,-0.585,1.25));
#17990 = CIRCLE('',#17991,4.E-02);
#17991 = AXIS2_PLACEMENT_3D('',#17992,#17993,#17994);
#17992 = CARTESIAN_POINT('',(1.,-0.585,1.21));
#17993 = DIRECTION('',(-1.,0.,0.));
#17994 = DIRECTION('',(0.,0.,1.));
#17995 = ORIENTED_EDGE('',*,*,#17996,.F.);
#17996 = EDGE_CURVE('',#17898,#17988,#17997,.T.);
#17997 = LINE('',#17998,#17999);
#17998 = CARTESIAN_POINT('',(0.6,-0.585,1.25));
#17999 = VECTOR('',#18000,1.);
#18000 = DIRECTION('',(1.,0.,0.));
#18001 = ORIENTED_EDGE('',*,*,#17905,.F.);
#18002 = CYLINDRICAL_SURFACE('',#18003,4.E-02);
#18003 = AXIS2_PLACEMENT_3D('',#18004,#18005,#18006);
#18004 = CARTESIAN_POINT('',(0.6,-0.585,1.21));
#18005 = DIRECTION('',(1.,0.,0.));
#18006 = DIRECTION('',(0.,-1.,0.));
#18007 = ADVANCED_FACE('',(#18008),#18026,.F.);
#18008 = FACE_BOUND('',#18009,.F.);
#18009 = EDGE_LOOP('',(#18010,#18011,#18012,#18020));
#18010 = ORIENTED_EDGE('',*,*,#17863,.F.);
#18011 = ORIENTED_EDGE('',*,*,#17962,.T.);
#18012 = ORIENTED_EDGE('',*,*,#18013,.T.);
#18013 = EDGE_CURVE('',#17963,#18014,#18016,.T.);
#18014 = VERTEX_POINT('',#18015);
#18015 = CARTESIAN_POINT('',(1.,0.585,0.));
#18016 = LINE('',#18017,#18018);
#18017 = CARTESIAN_POINT('',(1.,-0.625,0.));
#18018 = VECTOR('',#18019,1.);
#18019 = DIRECTION('',(0.,1.,0.));
#18020 = ORIENTED_EDGE('',*,*,#18021,.F.);
#18021 = EDGE_CURVE('',#17864,#18014,#18022,.T.);
#18022 = LINE('',#18023,#18024);
#18023 = CARTESIAN_POINT('',(0.6,0.585,0.));
#18024 = VECTOR('',#18025,1.);
#18025 = DIRECTION('',(1.,0.,0.));
#18026 = PLANE('',#18027);
#18027 = AXIS2_PLACEMENT_3D('',#18028,#18029,#18030);
#18028 = CARTESIAN_POINT('',(0.6,-0.625,0.));
#18029 = DIRECTION('',(0.,0.,1.));
#18030 = DIRECTION('',(1.,0.,-0.));
#18031 = ADVANCED_FACE('',(#18032),#18050,.T.);
#18032 = FACE_BOUND('',#18033,.T.);
#18033 = EDGE_LOOP('',(#18034,#18035,#18036,#18044));
#18034 = ORIENTED_EDGE('',*,*,#17897,.F.);
#18035 = ORIENTED_EDGE('',*,*,#17996,.T.);
#18036 = ORIENTED_EDGE('',*,*,#18037,.T.);
#18037 = EDGE_CURVE('',#17988,#18038,#18040,.T.);
#18038 = VERTEX_POINT('',#18039);
#18039 = CARTESIAN_POINT('',(1.,0.585,1.25));
#18040 = LINE('',#18041,#18042);
#18041 = CARTESIAN_POINT('',(1.,-0.625,1.25));
#18042 = VECTOR('',#18043,1.);
#18043 = DIRECTION('',(0.,1.,0.));
#18044 = ORIENTED_EDGE('',*,*,#18045,.F.);
#18045 = EDGE_CURVE('',#17889,#18038,#18046,.T.);
#18046 = LINE('',#18047,#18048);
#18047 = CARTESIAN_POINT('',(0.6,0.585,1.25));
#18048 = VECTOR('',#18049,1.);
#18049 = DIRECTION('',(1.,0.,0.));
#18050 = PLANE('',#18051);
#18051 = AXIS2_PLACEMENT_3D('',#18052,#18053,#18054);
#18052 = CARTESIAN_POINT('',(0.6,-0.625,1.25));
#18053 = DIRECTION('',(0.,0.,1.));
#18054 = DIRECTION('',(1.,0.,-0.));
#18055 = ADVANCED_FACE('',(#18056),#18075,.T.);
#18056 = FACE_BOUND('',#18057,.T.);
#18057 = EDGE_LOOP('',(#18058,#18066,#18073,#18074));
#18058 = ORIENTED_EDGE('',*,*,#18059,.T.);
#18059 = EDGE_CURVE('',#17872,#18060,#18062,.T.);
#18060 = VERTEX_POINT('',#18061);
#18061 = CARTESIAN_POINT('',(1.,0.625,4.E-02));
#18062 = LINE('',#18063,#18064);
#18063 = CARTESIAN_POINT('',(0.6,0.625,4.E-02));
#18064 = VECTOR('',#18065,1.);
#18065 = DIRECTION('',(1.,0.,0.));
#18066 = ORIENTED_EDGE('',*,*,#18067,.T.);
#18067 = EDGE_CURVE('',#18060,#18014,#18068,.T.);
#18068 = CIRCLE('',#18069,4.E-02);
#18069 = AXIS2_PLACEMENT_3D('',#18070,#18071,#18072);
#18070 = CARTESIAN_POINT('',(1.,0.585,4.E-02));
#18071 = DIRECTION('',(-1.,0.,0.));
#18072 = DIRECTION('',(0.,0.,1.));
#18073 = ORIENTED_EDGE('',*,*,#18021,.F.);
#18074 = ORIENTED_EDGE('',*,*,#17871,.F.);
#18075 = CYLINDRICAL_SURFACE('',#18076,4.E-02);
#18076 = AXIS2_PLACEMENT_3D('',#18077,#18078,#18079);
#18077 = CARTESIAN_POINT('',(0.6,0.585,4.E-02));
#18078 = DIRECTION('',(1.,0.,0.));
#18079 = DIRECTION('',(-0.,1.,0.));
#18080 = ADVANCED_FACE('',(#18081),#18100,.T.);
#18081 = FACE_BOUND('',#18082,.T.);
#18082 = EDGE_LOOP('',(#18083,#18084,#18085,#18094));
#18083 = ORIENTED_EDGE('',*,*,#17888,.T.);
#18084 = ORIENTED_EDGE('',*,*,#18045,.T.);
#18085 = ORIENTED_EDGE('',*,*,#18086,.F.);
#18086 = EDGE_CURVE('',#18087,#18038,#18089,.T.);
#18087 = VERTEX_POINT('',#18088);
#18088 = CARTESIAN_POINT('',(1.,0.625,1.21));
#18089 = CIRCLE('',#18090,4.E-02);
#18090 = AXIS2_PLACEMENT_3D('',#18091,#18092,#18093);
#18091 = CARTESIAN_POINT('',(1.,0.585,1.21));
#18092 = DIRECTION('',(1.,0.,-0.));
#18093 = DIRECTION('',(0.,0.,1.));
#18094 = ORIENTED_EDGE('',*,*,#18095,.F.);
#18095 = EDGE_CURVE('',#17881,#18087,#18096,.T.);
#18096 = LINE('',#18097,#18098);
#18097 = CARTESIAN_POINT('',(0.6,0.625,1.21));
#18098 = VECTOR('',#18099,1.);
#18099 = DIRECTION('',(1.,0.,0.));
#18100 = CYLINDRICAL_SURFACE('',#18101,4.E-02);
#18101 = AXIS2_PLACEMENT_3D('',#18102,#18103,#18104);
#18102 = CARTESIAN_POINT('',(0.6,0.585,1.21));
#18103 = DIRECTION('',(1.,0.,0.));
#18104 = DIRECTION('',(-0.,1.,0.));
#18105 = ADVANCED_FACE('',(#18106),#18117,.T.);
#18106 = FACE_BOUND('',#18107,.T.);
#18107 = EDGE_LOOP('',(#18108,#18114,#18115,#18116));
#18108 = ORIENTED_EDGE('',*,*,#18109,.F.);
#18109 = EDGE_CURVE('',#18060,#18087,#18110,.T.);
#18110 = LINE('',#18111,#18112);
#18111 = CARTESIAN_POINT('',(1.,0.625,0.));
#18112 = VECTOR('',#18113,1.);
#18113 = DIRECTION('',(0.,0.,1.));
#18114 = ORIENTED_EDGE('',*,*,#18059,.F.);
#18115 = ORIENTED_EDGE('',*,*,#17880,.T.);
#18116 = ORIENTED_EDGE('',*,*,#18095,.T.);
#18117 = PLANE('',#18118);
#18118 = AXIS2_PLACEMENT_3D('',#18119,#18120,#18121);
#18119 = CARTESIAN_POINT('',(0.6,0.625,0.));
#18120 = DIRECTION('',(0.,1.,0.));
#18121 = DIRECTION('',(0.,-0.,1.));
#18122 = ADVANCED_FACE('',(#18123),#18133,.T.);
#18123 = FACE_BOUND('',#18124,.T.);
#18124 = EDGE_LOOP('',(#18125,#18126,#18127,#18128,#18129,#18130,#18131,
    #18132));
#18125 = ORIENTED_EDGE('',*,*,#17930,.F.);
#18126 = ORIENTED_EDGE('',*,*,#17970,.T.);
#18127 = ORIENTED_EDGE('',*,*,#18013,.T.);
#18128 = ORIENTED_EDGE('',*,*,#18067,.F.);
#18129 = ORIENTED_EDGE('',*,*,#18109,.T.);
#18130 = ORIENTED_EDGE('',*,*,#18086,.T.);
#18131 = ORIENTED_EDGE('',*,*,#18037,.F.);
#18132 = ORIENTED_EDGE('',*,*,#17987,.F.);
#18133 = PLANE('',#18134);
#18134 = AXIS2_PLACEMENT_3D('',#18135,#18136,#18137);
#18135 = CARTESIAN_POINT('',(1.,-0.625,0.));
#18136 = DIRECTION('',(1.,0.,0.));
#18137 = DIRECTION('',(0.,0.,1.));
#18138 = ( GEOMETRIC_REPRESENTATION_CONTEXT(3) 
GLOBAL_UNCERTAINTY_ASSIGNED_CONTEXT((#18142)) 
GLOBAL_UNIT_ASSIGNED_CONTEXT((#18139,#18140,#18141)) 
REPRESENTATION_CONTEXT('Context #1',
  '3D Context with UNIT and UNCERTAINTY') );
#18139 = ( LENGTH_UNIT() NAMED_UNIT(*) SI_UNIT(.MILLI.,.METRE.) );
#18140 = ( NAMED_UNIT(*) PLANE_ANGLE_UNIT() SI_UNIT($,.RADIAN.) );
#18141 = ( NAMED_UNIT(*) SI_UNIT($,.STERADIAN.) SOLID_ANGLE_UNIT() );
#18142 = UNCERTAINTY_MEASURE_WITH_UNIT(LENGTH_MEASURE(1.E-07),#18139,
  'distance_accuracy_value','confusion accuracy');
#18143 = CONTEXT_DEPENDENT_SHAPE_REPRESENTATION(#18144,#18146);
#18144 = ( REPRESENTATION_RELATIONSHIP('','',#17283,#10) 
REPRESENTATION_RELATIONSHIP_WITH_TRANSFORMATION(#18145) 
SHAPE_REPRESENTATION_RELATIONSHIP() );
#18145 = ITEM_DEFINED_TRANSFORMATION('','',#11,#111);
#18146 = PRODUCT_DEFINITION_SHAPE('Placement','Placement of an item',
  #18147);
#18147 = NEXT_ASSEMBLY_USAGE_OCCURRENCE('25','C1','',#5,#17278,$);
#18148 = PRODUCT_RELATED_PRODUCT_CATEGORY('part',$,(#17280));
#18149 = CONTEXT_DEPENDENT_SHAPE_REPRESENTATION(#18150,#18152);
#18150 = ( REPRESENTATION_RELATIONSHIP('','',#140,#10) 
REPRESENTATION_RELATIONSHIP_WITH_TRANSFORMATION(#18151) 
SHAPE_REPRESENTATION_RELATIONSHIP() );
#18151 = ITEM_DEFINED_TRANSFORMATION('','',#11,#115);
#18152 = PRODUCT_DEFINITION_SHAPE('Placement','Placement of an item',
  #18153);
#18153 = NEXT_ASSEMBLY_USAGE_OCCURRENCE('26','R10','',#5,#135,$);
#18154 = CONTEXT_DEPENDENT_SHAPE_REPRESENTATION(#18155,#18157);
#18155 = ( REPRESENTATION_RELATIONSHIP('','',#2491,#10) 
REPRESENTATION_RELATIONSHIP_WITH_TRANSFORMATION(#18156) 
SHAPE_REPRESENTATION_RELATIONSHIP() );
#18156 = ITEM_DEFINED_TRANSFORMATION('','',#11,#119);
#18157 = PRODUCT_DEFINITION_SHAPE('Placement','Placement of an item',
  #18158);
#18158 = NEXT_ASSEMBLY_USAGE_OCCURRENCE('27','C4','',#5,#2486,$);
#18159 = SHAPE_DEFINITION_REPRESENTATION(#18160,#18166);
#18160 = PRODUCT_DEFINITION_SHAPE('','',#18161);
#18161 = PRODUCT_DEFINITION('design','',#18162,#18165);
#18162 = PRODUCT_DEFINITION_FORMATION('','',#18163);
#18163 = PRODUCT('kibot_f15ytz6k_PCB','kibot_f15ytz6k_PCB','',(#18164));
#18164 = PRODUCT_CONTEXT('',#2,'mechanical');
#18165 = PRODUCT_DEFINITION_CONTEXT('part definition',#2,'design');
#18166 = ADVANCED_BREP_SHAPE_REPRESENTATION('',(#11,#18167),#18830);
#18167 = MANIFOLD_SOLID_BREP('',#18168);
#18168 = CLOSED_SHELL('',(#18169,#18209,#18369,#18394,#18546,#18563,
    #18580,#18597,#18614,#18631,#18648,#18665,#18682,#18699,#18716,
    #18733,#18750,#18767,#18784,#18801,#18818));
#18169 = ADVANCED_FACE('',(#18170),#18204,.T.);
#18170 = FACE_BOUND('',#18171,.T.);
#18171 = EDGE_LOOP('',(#18172,#18182,#18190,#18198));
#18172 = ORIENTED_EDGE('',*,*,#18173,.F.);
#18173 = EDGE_CURVE('',#18174,#18176,#18178,.T.);
#18174 = VERTEX_POINT('',#18175);
#18175 = CARTESIAN_POINT('',(25.,-0.,0.));
#18176 = VERTEX_POINT('',#18177);
#18177 = CARTESIAN_POINT('',(24.,0.,0.));
#18178 = LINE('',#18179,#18180);
#18179 = CARTESIAN_POINT('',(25.,-0.,0.));
#18180 = VECTOR('',#18181,1.);
#18181 = DIRECTION('',(-1.,0.,0.));
#18182 = ORIENTED_EDGE('',*,*,#18183,.T.);
#18183 = EDGE_CURVE('',#18174,#18184,#18186,.T.);
#18184 = VERTEX_POINT('',#18185);
#18185 = CARTESIAN_POINT('',(25.,0.,1.51));
#18186 = LINE('',#18187,#18188);
#18187 = CARTESIAN_POINT('',(25.,-0.,0.));
#18188 = VECTOR('',#18189,1.);
#18189 = DIRECTION('',(0.,0.,1.));
#18190 = ORIENTED_EDGE('',*,*,#18191,.T.);
#18191 = EDGE_CURVE('',#18184,#18192,#18194,.T.);
#18192 = VERTEX_POINT('',#18193);
#18193 = CARTESIAN_POINT('',(24.,0.,1.51));
#18194 = LINE('',#18195,#18196);
#18195 = CARTESIAN_POINT('',(25.,0.,1.51));
#18196 = VECTOR('',#18197,1.);
#18197 = DIRECTION('',(-1.,0.,0.));
#18198 = ORIENTED_EDGE('',*,*,#18199,.T.);
#18199 = EDGE_CURVE('',#18192,#18176,#18200,.T.);
#18200 = LINE('',#18201,#18202);
#18201 = CARTESIAN_POINT('',(24.,0.,-4.6E-02));
#18202 = VECTOR('',#18203,1.);
#18203 = DIRECTION('',(-0.,-0.,-1.));
#18204 = PLANE('',#18205);
#18205 = AXIS2_PLACEMENT_3D('',#18206,#18207,#18208);
#18206 = CARTESIAN_POINT('',(25.,0.,0.));
#18207 = DIRECTION('',(0.,-1.,0.));
#18208 = DIRECTION('',(-1.,0.,0.));
#18209 = ADVANCED_FACE('',(#18210),#18364,.F.);
#18210 = FACE_BOUND('',#18211,.F.);
#18211 = EDGE_LOOP('',(#18212,#18213,#18221,#18229,#18238,#18247,#18255,
    #18264,#18273,#18281,#18290,#18299,#18307,#18315,#18323,#18332,
    #18340,#18349,#18357));
#18212 = ORIENTED_EDGE('',*,*,#18173,.F.);
#18213 = ORIENTED_EDGE('',*,*,#18214,.F.);
#18214 = EDGE_CURVE('',#18215,#18174,#18217,.T.);
#18215 = VERTEX_POINT('',#18216);
#18216 = CARTESIAN_POINT('',(25.,23.,0.));
#18217 = LINE('',#18218,#18219);
#18218 = CARTESIAN_POINT('',(25.,23.,0.));
#18219 = VECTOR('',#18220,1.);
#18220 = DIRECTION('',(0.,-1.,0.));
#18221 = ORIENTED_EDGE('',*,*,#18222,.F.);
#18222 = EDGE_CURVE('',#18223,#18215,#18225,.T.);
#18223 = VERTEX_POINT('',#18224);
#18224 = CARTESIAN_POINT('',(24.,23.,0.));
#18225 = LINE('',#18226,#18227);
#18226 = CARTESIAN_POINT('',(0.,23.,0.));
#18227 = VECTOR('',#18228,1.);
#18228 = DIRECTION('',(1.,0.,0.));
#18229 = ORIENTED_EDGE('',*,*,#18230,.T.);
#18230 = EDGE_CURVE('',#18223,#18231,#18233,.T.);
#18231 = VERTEX_POINT('',#18232);
#18232 = CARTESIAN_POINT('',(22.5,21.5,0.));
#18233 = CIRCLE('',#18234,1.5);
#18234 = AXIS2_PLACEMENT_3D('',#18235,#18236,#18237);
#18235 = CARTESIAN_POINT('',(22.5,23.,0.));
#18236 = DIRECTION('',(-0.,0.,-1.));
#18237 = DIRECTION('',(-0.,-1.,0.));
#18238 = ORIENTED_EDGE('',*,*,#18239,.T.);
#18239 = EDGE_CURVE('',#18231,#18240,#18242,.T.);
#18240 = VERTEX_POINT('',#18241);
#18241 = CARTESIAN_POINT('',(21.,23.,0.));
#18242 = CIRCLE('',#18243,1.5);
#18243 = AXIS2_PLACEMENT_3D('',#18244,#18245,#18246);
#18244 = CARTESIAN_POINT('',(22.5,23.,0.));
#18245 = DIRECTION('',(-0.,0.,-1.));
#18246 = DIRECTION('',(-0.,-1.,0.));
#18247 = ORIENTED_EDGE('',*,*,#18248,.F.);
#18248 = EDGE_CURVE('',#18249,#18240,#18251,.T.);
#18249 = VERTEX_POINT('',#18250);
#18250 = CARTESIAN_POINT('',(14.,23.,0.));
#18251 = LINE('',#18252,#18253);
#18252 = CARTESIAN_POINT('',(0.,23.,0.));
#18253 = VECTOR('',#18254,1.);
#18254 = DIRECTION('',(1.,0.,0.));
#18255 = ORIENTED_EDGE('',*,*,#18256,.T.);
#18256 = EDGE_CURVE('',#18249,#18257,#18259,.T.);
#18257 = VERTEX_POINT('',#18258);
#18258 = CARTESIAN_POINT('',(12.5,21.5,0.));
#18259 = CIRCLE('',#18260,1.5);
#18260 = AXIS2_PLACEMENT_3D('',#18261,#18262,#18263);
#18261 = CARTESIAN_POINT('',(12.5,23.,0.));
#18262 = DIRECTION('',(-0.,0.,-1.));
#18263 = DIRECTION('',(-0.,-1.,0.));
#18264 = ORIENTED_EDGE('',*,*,#18265,.T.);
#18265 = EDGE_CURVE('',#18257,#18266,#18268,.T.);
#18266 = VERTEX_POINT('',#18267);
#18267 = CARTESIAN_POINT('',(11.,23.,0.));
#18268 = CIRCLE('',#18269,1.5);
#18269 = AXIS2_PLACEMENT_3D('',#18270,#18271,#18272);
#18270 = CARTESIAN_POINT('',(12.5,23.,0.));
#18271 = DIRECTION('',(-0.,0.,-1.));
#18272 = DIRECTION('',(-0.,-1.,0.));
#18273 = ORIENTED_EDGE('',*,*,#18274,.F.);
#18274 = EDGE_CURVE('',#18275,#18266,#18277,.T.);
#18275 = VERTEX_POINT('',#18276);
#18276 = CARTESIAN_POINT('',(4.,23.,0.));
#18277 = LINE('',#18278,#18279);
#18278 = CARTESIAN_POINT('',(0.,23.,0.));
#18279 = VECTOR('',#18280,1.);
#18280 = DIRECTION('',(1.,0.,0.));
#18281 = ORIENTED_EDGE('',*,*,#18282,.T.);
#18282 = EDGE_CURVE('',#18275,#18283,#18285,.T.);
#18283 = VERTEX_POINT('',#18284);
#18284 = CARTESIAN_POINT('',(2.5,21.5,0.));
#18285 = CIRCLE('',#18286,1.5);
#18286 = AXIS2_PLACEMENT_3D('',#18287,#18288,#18289);
#18287 = CARTESIAN_POINT('',(2.5,23.,0.));
#18288 = DIRECTION('',(-0.,0.,-1.));
#18289 = DIRECTION('',(-0.,-1.,0.));
#18290 = ORIENTED_EDGE('',*,*,#18291,.T.);
#18291 = EDGE_CURVE('',#18283,#18292,#18294,.T.);
#18292 = VERTEX_POINT('',#18293);
#18293 = CARTESIAN_POINT('',(1.,23.,0.));
#18294 = CIRCLE('',#18295,1.5);
#18295 = AXIS2_PLACEMENT_3D('',#18296,#18297,#18298);
#18296 = CARTESIAN_POINT('',(2.5,23.,0.));
#18297 = DIRECTION('',(-0.,0.,-1.));
#18298 = DIRECTION('',(-0.,-1.,0.));
#18299 = ORIENTED_EDGE('',*,*,#18300,.F.);
#18300 = EDGE_CURVE('',#18301,#18292,#18303,.T.);
#18301 = VERTEX_POINT('',#18302);
#18302 = CARTESIAN_POINT('',(0.,23.,0.));
#18303 = LINE('',#18304,#18305);
#18304 = CARTESIAN_POINT('',(0.,23.,0.));
#18305 = VECTOR('',#18306,1.);
#18306 = DIRECTION('',(1.,0.,0.));
#18307 = ORIENTED_EDGE('',*,*,#18308,.F.);
#18308 = EDGE_CURVE('',#18309,#18301,#18311,.T.);
#18309 = VERTEX_POINT('',#18310);
#18310 = CARTESIAN_POINT('',(0.,-0.,0.));
#18311 = LINE('',#18312,#18313);
#18312 = CARTESIAN_POINT('',(0.,-0.,0.));
#18313 = VECTOR('',#18314,1.);
#18314 = DIRECTION('',(0.,1.,0.));
#18315 = ORIENTED_EDGE('',*,*,#18316,.F.);
#18316 = EDGE_CURVE('',#18317,#18309,#18319,.T.);
#18317 = VERTEX_POINT('',#18318);
#18318 = CARTESIAN_POINT('',(1.,0.,0.));
#18319 = LINE('',#18320,#18321);
#18320 = CARTESIAN_POINT('',(25.,-0.,0.));
#18321 = VECTOR('',#18322,1.);
#18322 = DIRECTION('',(-1.,0.,0.));
#18323 = ORIENTED_EDGE('',*,*,#18324,.T.);
#18324 = EDGE_CURVE('',#18317,#18325,#18327,.T.);
#18325 = VERTEX_POINT('',#18326);
#18326 = CARTESIAN_POINT('',(4.,0.,0.));
#18327 = CIRCLE('',#18328,1.5);
#18328 = AXIS2_PLACEMENT_3D('',#18329,#18330,#18331);
#18329 = CARTESIAN_POINT('',(2.5,2.775557561563E-16,0.));
#18330 = DIRECTION('',(-0.,0.,-1.));
#18331 = DIRECTION('',(-0.,-1.,0.));
#18332 = ORIENTED_EDGE('',*,*,#18333,.F.);
#18333 = EDGE_CURVE('',#18334,#18325,#18336,.T.);
#18334 = VERTEX_POINT('',#18335);
#18335 = CARTESIAN_POINT('',(11.,0.,0.));
#18336 = LINE('',#18337,#18338);
#18337 = CARTESIAN_POINT('',(25.,-0.,0.));
#18338 = VECTOR('',#18339,1.);
#18339 = DIRECTION('',(-1.,0.,0.));
#18340 = ORIENTED_EDGE('',*,*,#18341,.T.);
#18341 = EDGE_CURVE('',#18334,#18342,#18344,.T.);
#18342 = VERTEX_POINT('',#18343);
#18343 = CARTESIAN_POINT('',(14.,0.,0.));
#18344 = CIRCLE('',#18345,1.5);
#18345 = AXIS2_PLACEMENT_3D('',#18346,#18347,#18348);
#18346 = CARTESIAN_POINT('',(12.5,2.775557561563E-16,0.));
#18347 = DIRECTION('',(-0.,0.,-1.));
#18348 = DIRECTION('',(-0.,-1.,0.));
#18349 = ORIENTED_EDGE('',*,*,#18350,.F.);
#18350 = EDGE_CURVE('',#18351,#18342,#18353,.T.);
#18351 = VERTEX_POINT('',#18352);
#18352 = CARTESIAN_POINT('',(21.,0.,0.));
#18353 = LINE('',#18354,#18355);
#18354 = CARTESIAN_POINT('',(25.,-0.,0.));
#18355 = VECTOR('',#18356,1.);
#18356 = DIRECTION('',(-1.,0.,0.));
#18357 = ORIENTED_EDGE('',*,*,#18358,.T.);
#18358 = EDGE_CURVE('',#18351,#18176,#18359,.T.);
#18359 = CIRCLE('',#18360,1.5);
#18360 = AXIS2_PLACEMENT_3D('',#18361,#18362,#18363);
#18361 = CARTESIAN_POINT('',(22.5,2.775557561563E-16,0.));
#18362 = DIRECTION('',(-0.,0.,-1.));
#18363 = DIRECTION('',(-0.,-1.,0.));
#18364 = PLANE('',#18365);
#18365 = AXIS2_PLACEMENT_3D('',#18366,#18367,#18368);
#18366 = CARTESIAN_POINT('',(0.,0.,0.));
#18367 = DIRECTION('',(0.,0.,1.));
#18368 = DIRECTION('',(1.,0.,-0.));
#18369 = ADVANCED_FACE('',(#18370),#18389,.F.);
#18370 = FACE_BOUND('',#18371,.T.);
#18371 = EDGE_LOOP('',(#18372,#18373,#18382,#18388));
#18372 = ORIENTED_EDGE('',*,*,#18199,.F.);
#18373 = ORIENTED_EDGE('',*,*,#18374,.F.);
#18374 = EDGE_CURVE('',#18375,#18192,#18377,.T.);
#18375 = VERTEX_POINT('',#18376);
#18376 = CARTESIAN_POINT('',(21.,0.,1.51));
#18377 = CIRCLE('',#18378,1.5);
#18378 = AXIS2_PLACEMENT_3D('',#18379,#18380,#18381);
#18379 = CARTESIAN_POINT('',(22.5,2.775557561563E-16,1.51));
#18380 = DIRECTION('',(-0.,0.,-1.));
#18381 = DIRECTION('',(-0.,-1.,0.));
#18382 = ORIENTED_EDGE('',*,*,#18383,.T.);
#18383 = EDGE_CURVE('',#18375,#18351,#18384,.T.);
#18384 = LINE('',#18385,#18386);
#18385 = CARTESIAN_POINT('',(21.,0.,-4.6E-02));
#18386 = VECTOR('',#18387,1.);
#18387 = DIRECTION('',(-0.,-0.,-1.));
#18388 = ORIENTED_EDGE('',*,*,#18358,.T.);
#18389 = CYLINDRICAL_SURFACE('',#18390,1.5);
#18390 = AXIS2_PLACEMENT_3D('',#18391,#18392,#18393);
#18391 = CARTESIAN_POINT('',(22.5,2.775557561563E-16,-4.6E-02));
#18392 = DIRECTION('',(-0.,-0.,-1.));
#18393 = DIRECTION('',(-0.,-1.,0.));
#18394 = ADVANCED_FACE('',(#18395),#18541,.T.);
#18395 = FACE_BOUND('',#18396,.T.);
#18396 = EDGE_LOOP('',(#18397,#18398,#18406,#18414,#18423,#18432,#18440,
    #18449,#18458,#18466,#18475,#18484,#18492,#18500,#18508,#18517,
    #18525,#18534,#18540));
#18397 = ORIENTED_EDGE('',*,*,#18191,.F.);
#18398 = ORIENTED_EDGE('',*,*,#18399,.F.);
#18399 = EDGE_CURVE('',#18400,#18184,#18402,.T.);
#18400 = VERTEX_POINT('',#18401);
#18401 = CARTESIAN_POINT('',(25.,23.,1.51));
#18402 = LINE('',#18403,#18404);
#18403 = CARTESIAN_POINT('',(25.,23.,1.51));
#18404 = VECTOR('',#18405,1.);
#18405 = DIRECTION('',(0.,-1.,0.));
#18406 = ORIENTED_EDGE('',*,*,#18407,.F.);
#18407 = EDGE_CURVE('',#18408,#18400,#18410,.T.);
#18408 = VERTEX_POINT('',#18409);
#18409 = CARTESIAN_POINT('',(24.,23.,1.51));
#18410 = LINE('',#18411,#18412);
#18411 = CARTESIAN_POINT('',(0.,23.,1.51));
#18412 = VECTOR('',#18413,1.);
#18413 = DIRECTION('',(1.,0.,0.));
#18414 = ORIENTED_EDGE('',*,*,#18415,.T.);
#18415 = EDGE_CURVE('',#18408,#18416,#18418,.T.);
#18416 = VERTEX_POINT('',#18417);
#18417 = CARTESIAN_POINT('',(22.5,21.5,1.51));
#18418 = CIRCLE('',#18419,1.5);
#18419 = AXIS2_PLACEMENT_3D('',#18420,#18421,#18422);
#18420 = CARTESIAN_POINT('',(22.5,23.,1.51));
#18421 = DIRECTION('',(-0.,0.,-1.));
#18422 = DIRECTION('',(-0.,-1.,0.));
#18423 = ORIENTED_EDGE('',*,*,#18424,.T.);
#18424 = EDGE_CURVE('',#18416,#18425,#18427,.T.);
#18425 = VERTEX_POINT('',#18426);
#18426 = CARTESIAN_POINT('',(21.,23.,1.51));
#18427 = CIRCLE('',#18428,1.5);
#18428 = AXIS2_PLACEMENT_3D('',#18429,#18430,#18431);
#18429 = CARTESIAN_POINT('',(22.5,23.,1.51));
#18430 = DIRECTION('',(-0.,0.,-1.));
#18431 = DIRECTION('',(-0.,-1.,0.));
#18432 = ORIENTED_EDGE('',*,*,#18433,.F.);
#18433 = EDGE_CURVE('',#18434,#18425,#18436,.T.);
#18434 = VERTEX_POINT('',#18435);
#18435 = CARTESIAN_POINT('',(14.,23.,1.51));
#18436 = LINE('',#18437,#18438);
#18437 = CARTESIAN_POINT('',(0.,23.,1.51));
#18438 = VECTOR('',#18439,1.);
#18439 = DIRECTION('',(1.,0.,0.));
#18440 = ORIENTED_EDGE('',*,*,#18441,.T.);
#18441 = EDGE_CURVE('',#18434,#18442,#18444,.T.);
#18442 = VERTEX_POINT('',#18443);
#18443 = CARTESIAN_POINT('',(12.5,21.5,1.51));
#18444 = CIRCLE('',#18445,1.5);
#18445 = AXIS2_PLACEMENT_3D('',#18446,#18447,#18448);
#18446 = CARTESIAN_POINT('',(12.5,23.,1.51));
#18447 = DIRECTION('',(-0.,0.,-1.));
#18448 = DIRECTION('',(-0.,-1.,0.));
#18449 = ORIENTED_EDGE('',*,*,#18450,.T.);
#18450 = EDGE_CURVE('',#18442,#18451,#18453,.T.);
#18451 = VERTEX_POINT('',#18452);
#18452 = CARTESIAN_POINT('',(11.,23.,1.51));
#18453 = CIRCLE('',#18454,1.5);
#18454 = AXIS2_PLACEMENT_3D('',#18455,#18456,#18457);
#18455 = CARTESIAN_POINT('',(12.5,23.,1.51));
#18456 = DIRECTION('',(-0.,0.,-1.));
#18457 = DIRECTION('',(-0.,-1.,0.));
#18458 = ORIENTED_EDGE('',*,*,#18459,.F.);
#18459 = EDGE_CURVE('',#18460,#18451,#18462,.T.);
#18460 = VERTEX_POINT('',#18461);
#18461 = CARTESIAN_POINT('',(4.,23.,1.51));
#18462 = LINE('',#18463,#18464);
#18463 = CARTESIAN_POINT('',(0.,23.,1.51));
#18464 = VECTOR('',#18465,1.);
#18465 = DIRECTION('',(1.,0.,0.));
#18466 = ORIENTED_EDGE('',*,*,#18467,.T.);
#18467 = EDGE_CURVE('',#18460,#18468,#18470,.T.);
#18468 = VERTEX_POINT('',#18469);
#18469 = CARTESIAN_POINT('',(2.5,21.5,1.51));
#18470 = CIRCLE('',#18471,1.5);
#18471 = AXIS2_PLACEMENT_3D('',#18472,#18473,#18474);
#18472 = CARTESIAN_POINT('',(2.5,23.,1.51));
#18473 = DIRECTION('',(-0.,0.,-1.));
#18474 = DIRECTION('',(-0.,-1.,0.));
#18475 = ORIENTED_EDGE('',*,*,#18476,.T.);
#18476 = EDGE_CURVE('',#18468,#18477,#18479,.T.);
#18477 = VERTEX_POINT('',#18478);
#18478 = CARTESIAN_POINT('',(1.,23.,1.51));
#18479 = CIRCLE('',#18480,1.5);
#18480 = AXIS2_PLACEMENT_3D('',#18481,#18482,#18483);
#18481 = CARTESIAN_POINT('',(2.5,23.,1.51));
#18482 = DIRECTION('',(-0.,0.,-1.));
#18483 = DIRECTION('',(-0.,-1.,0.));
#18484 = ORIENTED_EDGE('',*,*,#18485,.F.);
#18485 = EDGE_CURVE('',#18486,#18477,#18488,.T.);
#18486 = VERTEX_POINT('',#18487);
#18487 = CARTESIAN_POINT('',(0.,23.,1.51));
#18488 = LINE('',#18489,#18490);
#18489 = CARTESIAN_POINT('',(0.,23.,1.51));
#18490 = VECTOR('',#18491,1.);
#18491 = DIRECTION('',(1.,0.,0.));
#18492 = ORIENTED_EDGE('',*,*,#18493,.F.);
#18493 = EDGE_CURVE('',#18494,#18486,#18496,.T.);
#18494 = VERTEX_POINT('',#18495);
#18495 = CARTESIAN_POINT('',(0.,0.,1.51));
#18496 = LINE('',#18497,#18498);
#18497 = CARTESIAN_POINT('',(0.,0.,1.51));
#18498 = VECTOR('',#18499,1.);
#18499 = DIRECTION('',(0.,1.,0.));
#18500 = ORIENTED_EDGE('',*,*,#18501,.F.);
#18501 = EDGE_CURVE('',#18502,#18494,#18504,.T.);
#18502 = VERTEX_POINT('',#18503);
#18503 = CARTESIAN_POINT('',(1.,0.,1.51));
#18504 = LINE('',#18505,#18506);
#18505 = CARTESIAN_POINT('',(25.,0.,1.51));
#18506 = VECTOR('',#18507,1.);
#18507 = DIRECTION('',(-1.,0.,0.));
#18508 = ORIENTED_EDGE('',*,*,#18509,.T.);
#18509 = EDGE_CURVE('',#18502,#18510,#18512,.T.);
#18510 = VERTEX_POINT('',#18511);
#18511 = CARTESIAN_POINT('',(4.,0.,1.51));
#18512 = CIRCLE('',#18513,1.5);
#18513 = AXIS2_PLACEMENT_3D('',#18514,#18515,#18516);
#18514 = CARTESIAN_POINT('',(2.5,2.775557561563E-16,1.51));
#18515 = DIRECTION('',(-0.,0.,-1.));
#18516 = DIRECTION('',(-0.,-1.,0.));
#18517 = ORIENTED_EDGE('',*,*,#18518,.F.);
#18518 = EDGE_CURVE('',#18519,#18510,#18521,.T.);
#18519 = VERTEX_POINT('',#18520);
#18520 = CARTESIAN_POINT('',(11.,0.,1.51));
#18521 = LINE('',#18522,#18523);
#18522 = CARTESIAN_POINT('',(25.,0.,1.51));
#18523 = VECTOR('',#18524,1.);
#18524 = DIRECTION('',(-1.,0.,0.));
#18525 = ORIENTED_EDGE('',*,*,#18526,.T.);
#18526 = EDGE_CURVE('',#18519,#18527,#18529,.T.);
#18527 = VERTEX_POINT('',#18528);
#18528 = CARTESIAN_POINT('',(14.,0.,1.51));
#18529 = CIRCLE('',#18530,1.5);
#18530 = AXIS2_PLACEMENT_3D('',#18531,#18532,#18533);
#18531 = CARTESIAN_POINT('',(12.5,2.775557561563E-16,1.51));
#18532 = DIRECTION('',(-0.,0.,-1.));
#18533 = DIRECTION('',(-0.,-1.,0.));
#18534 = ORIENTED_EDGE('',*,*,#18535,.F.);
#18535 = EDGE_CURVE('',#18375,#18527,#18536,.T.);
#18536 = LINE('',#18537,#18538);
#18537 = CARTESIAN_POINT('',(25.,0.,1.51));
#18538 = VECTOR('',#18539,1.);
#18539 = DIRECTION('',(-1.,0.,0.));
#18540 = ORIENTED_EDGE('',*,*,#18374,.T.);
#18541 = PLANE('',#18542);
#18542 = AXIS2_PLACEMENT_3D('',#18543,#18544,#18545);
#18543 = CARTESIAN_POINT('',(0.,0.,1.51));
#18544 = DIRECTION('',(0.,0.,1.));
#18545 = DIRECTION('',(1.,0.,-0.));
#18546 = ADVANCED_FACE('',(#18547),#18558,.T.);
#18547 = FACE_BOUND('',#18548,.T.);
#18548 = EDGE_LOOP('',(#18549,#18555,#18556,#18557));
#18549 = ORIENTED_EDGE('',*,*,#18550,.T.);
#18550 = EDGE_CURVE('',#18215,#18400,#18551,.T.);
#18551 = LINE('',#18552,#18553);
#18552 = CARTESIAN_POINT('',(25.,23.,0.));
#18553 = VECTOR('',#18554,1.);
#18554 = DIRECTION('',(0.,0.,1.));
#18555 = ORIENTED_EDGE('',*,*,#18399,.T.);
#18556 = ORIENTED_EDGE('',*,*,#18183,.F.);
#18557 = ORIENTED_EDGE('',*,*,#18214,.F.);
#18558 = PLANE('',#18559);
#18559 = AXIS2_PLACEMENT_3D('',#18560,#18561,#18562);
#18560 = CARTESIAN_POINT('',(25.,23.,0.));
#18561 = DIRECTION('',(1.,0.,-0.));
#18562 = DIRECTION('',(0.,-1.,0.));
#18563 = ADVANCED_FACE('',(#18564),#18575,.T.);
#18564 = FACE_BOUND('',#18565,.T.);
#18565 = EDGE_LOOP('',(#18566,#18567,#18568,#18569));
#18566 = ORIENTED_EDGE('',*,*,#18350,.F.);
#18567 = ORIENTED_EDGE('',*,*,#18383,.F.);
#18568 = ORIENTED_EDGE('',*,*,#18535,.T.);
#18569 = ORIENTED_EDGE('',*,*,#18570,.T.);
#18570 = EDGE_CURVE('',#18527,#18342,#18571,.T.);
#18571 = LINE('',#18572,#18573);
#18572 = CARTESIAN_POINT('',(14.,0.,-4.6E-02));
#18573 = VECTOR('',#18574,1.);
#18574 = DIRECTION('',(-0.,-0.,-1.));
#18575 = PLANE('',#18576);
#18576 = AXIS2_PLACEMENT_3D('',#18577,#18578,#18579);
#18577 = CARTESIAN_POINT('',(25.,0.,0.));
#18578 = DIRECTION('',(0.,-1.,0.));
#18579 = DIRECTION('',(-1.,0.,0.));
#18580 = ADVANCED_FACE('',(#18581),#18592,.F.);
#18581 = FACE_BOUND('',#18582,.T.);
#18582 = EDGE_LOOP('',(#18583,#18584,#18585,#18591));
#18583 = ORIENTED_EDGE('',*,*,#18570,.F.);
#18584 = ORIENTED_EDGE('',*,*,#18526,.F.);
#18585 = ORIENTED_EDGE('',*,*,#18586,.T.);
#18586 = EDGE_CURVE('',#18519,#18334,#18587,.T.);
#18587 = LINE('',#18588,#18589);
#18588 = CARTESIAN_POINT('',(11.,0.,-4.6E-02));
#18589 = VECTOR('',#18590,1.);
#18590 = DIRECTION('',(-0.,-0.,-1.));
#18591 = ORIENTED_EDGE('',*,*,#18341,.T.);
#18592 = CYLINDRICAL_SURFACE('',#18593,1.5);
#18593 = AXIS2_PLACEMENT_3D('',#18594,#18595,#18596);
#18594 = CARTESIAN_POINT('',(12.5,2.775557561563E-16,-4.6E-02));
#18595 = DIRECTION('',(-0.,-0.,-1.));
#18596 = DIRECTION('',(-0.,-1.,0.));
#18597 = ADVANCED_FACE('',(#18598),#18609,.T.);
#18598 = FACE_BOUND('',#18599,.T.);
#18599 = EDGE_LOOP('',(#18600,#18601,#18602,#18603));
#18600 = ORIENTED_EDGE('',*,*,#18333,.F.);
#18601 = ORIENTED_EDGE('',*,*,#18586,.F.);
#18602 = ORIENTED_EDGE('',*,*,#18518,.T.);
#18603 = ORIENTED_EDGE('',*,*,#18604,.T.);
#18604 = EDGE_CURVE('',#18510,#18325,#18605,.T.);
#18605 = LINE('',#18606,#18607);
#18606 = CARTESIAN_POINT('',(4.,0.,-4.6E-02));
#18607 = VECTOR('',#18608,1.);
#18608 = DIRECTION('',(-0.,-0.,-1.));
#18609 = PLANE('',#18610);
#18610 = AXIS2_PLACEMENT_3D('',#18611,#18612,#18613);
#18611 = CARTESIAN_POINT('',(25.,0.,0.));
#18612 = DIRECTION('',(0.,-1.,0.));
#18613 = DIRECTION('',(-1.,0.,0.));
#18614 = ADVANCED_FACE('',(#18615),#18626,.F.);
#18615 = FACE_BOUND('',#18616,.T.);
#18616 = EDGE_LOOP('',(#18617,#18618,#18619,#18625));
#18617 = ORIENTED_EDGE('',*,*,#18604,.F.);
#18618 = ORIENTED_EDGE('',*,*,#18509,.F.);
#18619 = ORIENTED_EDGE('',*,*,#18620,.T.);
#18620 = EDGE_CURVE('',#18502,#18317,#18621,.T.);
#18621 = LINE('',#18622,#18623);
#18622 = CARTESIAN_POINT('',(1.,0.,-4.6E-02));
#18623 = VECTOR('',#18624,1.);
#18624 = DIRECTION('',(-0.,-0.,-1.));
#18625 = ORIENTED_EDGE('',*,*,#18324,.T.);
#18626 = CYLINDRICAL_SURFACE('',#18627,1.5);
#18627 = AXIS2_PLACEMENT_3D('',#18628,#18629,#18630);
#18628 = CARTESIAN_POINT('',(2.5,2.775557561563E-16,-4.6E-02));
#18629 = DIRECTION('',(-0.,-0.,-1.));
#18630 = DIRECTION('',(-0.,-1.,0.));
#18631 = ADVANCED_FACE('',(#18632),#18643,.T.);
#18632 = FACE_BOUND('',#18633,.T.);
#18633 = EDGE_LOOP('',(#18634,#18635,#18636,#18637));
#18634 = ORIENTED_EDGE('',*,*,#18316,.F.);
#18635 = ORIENTED_EDGE('',*,*,#18620,.F.);
#18636 = ORIENTED_EDGE('',*,*,#18501,.T.);
#18637 = ORIENTED_EDGE('',*,*,#18638,.F.);
#18638 = EDGE_CURVE('',#18309,#18494,#18639,.T.);
#18639 = LINE('',#18640,#18641);
#18640 = CARTESIAN_POINT('',(0.,-0.,0.));
#18641 = VECTOR('',#18642,1.);
#18642 = DIRECTION('',(0.,0.,1.));
#18643 = PLANE('',#18644);
#18644 = AXIS2_PLACEMENT_3D('',#18645,#18646,#18647);
#18645 = CARTESIAN_POINT('',(25.,0.,0.));
#18646 = DIRECTION('',(0.,-1.,0.));
#18647 = DIRECTION('',(-1.,0.,0.));
#18648 = ADVANCED_FACE('',(#18649),#18660,.T.);
#18649 = FACE_BOUND('',#18650,.T.);
#18650 = EDGE_LOOP('',(#18651,#18652,#18653,#18659));
#18651 = ORIENTED_EDGE('',*,*,#18638,.T.);
#18652 = ORIENTED_EDGE('',*,*,#18493,.T.);
#18653 = ORIENTED_EDGE('',*,*,#18654,.F.);
#18654 = EDGE_CURVE('',#18301,#18486,#18655,.T.);
#18655 = LINE('',#18656,#18657);
#18656 = CARTESIAN_POINT('',(0.,23.,0.));
#18657 = VECTOR('',#18658,1.);
#18658 = DIRECTION('',(0.,0.,1.));
#18659 = ORIENTED_EDGE('',*,*,#18308,.F.);
#18660 = PLANE('',#18661);
#18661 = AXIS2_PLACEMENT_3D('',#18662,#18663,#18664);
#18662 = CARTESIAN_POINT('',(0.,0.,0.));
#18663 = DIRECTION('',(-1.,0.,0.));
#18664 = DIRECTION('',(0.,1.,0.));
#18665 = ADVANCED_FACE('',(#18666),#18677,.T.);
#18666 = FACE_BOUND('',#18667,.T.);
#18667 = EDGE_LOOP('',(#18668,#18669,#18670,#18671));
#18668 = ORIENTED_EDGE('',*,*,#18300,.F.);
#18669 = ORIENTED_EDGE('',*,*,#18654,.T.);
#18670 = ORIENTED_EDGE('',*,*,#18485,.T.);
#18671 = ORIENTED_EDGE('',*,*,#18672,.T.);
#18672 = EDGE_CURVE('',#18477,#18292,#18673,.T.);
#18673 = LINE('',#18674,#18675);
#18674 = CARTESIAN_POINT('',(1.,23.,-4.6E-02));
#18675 = VECTOR('',#18676,1.);
#18676 = DIRECTION('',(-0.,-0.,-1.));
#18677 = PLANE('',#18678);
#18678 = AXIS2_PLACEMENT_3D('',#18679,#18680,#18681);
#18679 = CARTESIAN_POINT('',(0.,23.,0.));
#18680 = DIRECTION('',(0.,1.,0.));
#18681 = DIRECTION('',(1.,0.,0.));
#18682 = ADVANCED_FACE('',(#18683),#18694,.F.);
#18683 = FACE_BOUND('',#18684,.T.);
#18684 = EDGE_LOOP('',(#18685,#18691,#18692,#18693));
#18685 = ORIENTED_EDGE('',*,*,#18686,.F.);
#18686 = EDGE_CURVE('',#18283,#18468,#18687,.T.);
#18687 = LINE('',#18688,#18689);
#18688 = CARTESIAN_POINT('',(2.5,21.5,-4.6E-02));
#18689 = VECTOR('',#18690,1.);
#18690 = DIRECTION('',(0.,0.,1.));
#18691 = ORIENTED_EDGE('',*,*,#18291,.T.);
#18692 = ORIENTED_EDGE('',*,*,#18672,.F.);
#18693 = ORIENTED_EDGE('',*,*,#18476,.F.);
#18694 = CYLINDRICAL_SURFACE('',#18695,1.5);
#18695 = AXIS2_PLACEMENT_3D('',#18696,#18697,#18698);
#18696 = CARTESIAN_POINT('',(2.5,23.,-4.6E-02));
#18697 = DIRECTION('',(-0.,-0.,-1.));
#18698 = DIRECTION('',(-0.,-1.,0.));
#18699 = ADVANCED_FACE('',(#18700),#18711,.F.);
#18700 = FACE_BOUND('',#18701,.T.);
#18701 = EDGE_LOOP('',(#18702,#18703,#18704,#18705));
#18702 = ORIENTED_EDGE('',*,*,#18282,.T.);
#18703 = ORIENTED_EDGE('',*,*,#18686,.T.);
#18704 = ORIENTED_EDGE('',*,*,#18467,.F.);
#18705 = ORIENTED_EDGE('',*,*,#18706,.T.);
#18706 = EDGE_CURVE('',#18460,#18275,#18707,.T.);
#18707 = LINE('',#18708,#18709);
#18708 = CARTESIAN_POINT('',(4.,23.,-4.6E-02));
#18709 = VECTOR('',#18710,1.);
#18710 = DIRECTION('',(-0.,-0.,-1.));
#18711 = CYLINDRICAL_SURFACE('',#18712,1.5);
#18712 = AXIS2_PLACEMENT_3D('',#18713,#18714,#18715);
#18713 = CARTESIAN_POINT('',(2.5,23.,-4.6E-02));
#18714 = DIRECTION('',(-0.,-0.,-1.));
#18715 = DIRECTION('',(-0.,-1.,0.));
#18716 = ADVANCED_FACE('',(#18717),#18728,.T.);
#18717 = FACE_BOUND('',#18718,.T.);
#18718 = EDGE_LOOP('',(#18719,#18720,#18721,#18722));
#18719 = ORIENTED_EDGE('',*,*,#18274,.F.);
#18720 = ORIENTED_EDGE('',*,*,#18706,.F.);
#18721 = ORIENTED_EDGE('',*,*,#18459,.T.);
#18722 = ORIENTED_EDGE('',*,*,#18723,.T.);
#18723 = EDGE_CURVE('',#18451,#18266,#18724,.T.);
#18724 = LINE('',#18725,#18726);
#18725 = CARTESIAN_POINT('',(11.,23.,-4.6E-02));
#18726 = VECTOR('',#18727,1.);
#18727 = DIRECTION('',(-0.,-0.,-1.));
#18728 = PLANE('',#18729);
#18729 = AXIS2_PLACEMENT_3D('',#18730,#18731,#18732);
#18730 = CARTESIAN_POINT('',(0.,23.,0.));
#18731 = DIRECTION('',(0.,1.,0.));
#18732 = DIRECTION('',(1.,0.,0.));
#18733 = ADVANCED_FACE('',(#18734),#18745,.F.);
#18734 = FACE_BOUND('',#18735,.T.);
#18735 = EDGE_LOOP('',(#18736,#18742,#18743,#18744));
#18736 = ORIENTED_EDGE('',*,*,#18737,.F.);
#18737 = EDGE_CURVE('',#18257,#18442,#18738,.T.);
#18738 = LINE('',#18739,#18740);
#18739 = CARTESIAN_POINT('',(12.5,21.5,-4.6E-02));
#18740 = VECTOR('',#18741,1.);
#18741 = DIRECTION('',(0.,0.,1.));
#18742 = ORIENTED_EDGE('',*,*,#18265,.T.);
#18743 = ORIENTED_EDGE('',*,*,#18723,.F.);
#18744 = ORIENTED_EDGE('',*,*,#18450,.F.);
#18745 = CYLINDRICAL_SURFACE('',#18746,1.5);
#18746 = AXIS2_PLACEMENT_3D('',#18747,#18748,#18749);
#18747 = CARTESIAN_POINT('',(12.5,23.,-4.6E-02));
#18748 = DIRECTION('',(-0.,-0.,-1.));
#18749 = DIRECTION('',(-0.,-1.,0.));
#18750 = ADVANCED_FACE('',(#18751),#18762,.F.);
#18751 = FACE_BOUND('',#18752,.T.);
#18752 = EDGE_LOOP('',(#18753,#18754,#18755,#18756));
#18753 = ORIENTED_EDGE('',*,*,#18256,.T.);
#18754 = ORIENTED_EDGE('',*,*,#18737,.T.);
#18755 = ORIENTED_EDGE('',*,*,#18441,.F.);
#18756 = ORIENTED_EDGE('',*,*,#18757,.T.);
#18757 = EDGE_CURVE('',#18434,#18249,#18758,.T.);
#18758 = LINE('',#18759,#18760);
#18759 = CARTESIAN_POINT('',(14.,23.,-4.6E-02));
#18760 = VECTOR('',#18761,1.);
#18761 = DIRECTION('',(-0.,-0.,-1.));
#18762 = CYLINDRICAL_SURFACE('',#18763,1.5);
#18763 = AXIS2_PLACEMENT_3D('',#18764,#18765,#18766);
#18764 = CARTESIAN_POINT('',(12.5,23.,-4.6E-02));
#18765 = DIRECTION('',(-0.,-0.,-1.));
#18766 = DIRECTION('',(-0.,-1.,0.));
#18767 = ADVANCED_FACE('',(#18768),#18779,.T.);
#18768 = FACE_BOUND('',#18769,.T.);
#18769 = EDGE_LOOP('',(#18770,#18771,#18772,#18773));
#18770 = ORIENTED_EDGE('',*,*,#18248,.F.);
#18771 = ORIENTED_EDGE('',*,*,#18757,.F.);
#18772 = ORIENTED_EDGE('',*,*,#18433,.T.);
#18773 = ORIENTED_EDGE('',*,*,#18774,.T.);
#18774 = EDGE_CURVE('',#18425,#18240,#18775,.T.);
#18775 = LINE('',#18776,#18777);
#18776 = CARTESIAN_POINT('',(21.,23.,-4.6E-02));
#18777 = VECTOR('',#18778,1.);
#18778 = DIRECTION('',(-0.,-0.,-1.));
#18779 = PLANE('',#18780);
#18780 = AXIS2_PLACEMENT_3D('',#18781,#18782,#18783);
#18781 = CARTESIAN_POINT('',(0.,23.,0.));
#18782 = DIRECTION('',(0.,1.,0.));
#18783 = DIRECTION('',(1.,0.,0.));
#18784 = ADVANCED_FACE('',(#18785),#18796,.F.);
#18785 = FACE_BOUND('',#18786,.T.);
#18786 = EDGE_LOOP('',(#18787,#18793,#18794,#18795));
#18787 = ORIENTED_EDGE('',*,*,#18788,.F.);
#18788 = EDGE_CURVE('',#18231,#18416,#18789,.T.);
#18789 = LINE('',#18790,#18791);
#18790 = CARTESIAN_POINT('',(22.5,21.5,-4.6E-02));
#18791 = VECTOR('',#18792,1.);
#18792 = DIRECTION('',(0.,0.,1.));
#18793 = ORIENTED_EDGE('',*,*,#18239,.T.);
#18794 = ORIENTED_EDGE('',*,*,#18774,.F.);
#18795 = ORIENTED_EDGE('',*,*,#18424,.F.);
#18796 = CYLINDRICAL_SURFACE('',#18797,1.5);
#18797 = AXIS2_PLACEMENT_3D('',#18798,#18799,#18800);
#18798 = CARTESIAN_POINT('',(22.5,23.,-4.6E-02));
#18799 = DIRECTION('',(-0.,-0.,-1.));
#18800 = DIRECTION('',(-0.,-1.,0.));
#18801 = ADVANCED_FACE('',(#18802),#18813,.F.);
#18802 = FACE_BOUND('',#18803,.T.);
#18803 = EDGE_LOOP('',(#18804,#18805,#18806,#18807));
#18804 = ORIENTED_EDGE('',*,*,#18230,.T.);
#18805 = ORIENTED_EDGE('',*,*,#18788,.T.);
#18806 = ORIENTED_EDGE('',*,*,#18415,.F.);
#18807 = ORIENTED_EDGE('',*,*,#18808,.T.);
#18808 = EDGE_CURVE('',#18408,#18223,#18809,.T.);
#18809 = LINE('',#18810,#18811);
#18810 = CARTESIAN_POINT('',(24.,23.,-4.6E-02));
#18811 = VECTOR('',#18812,1.);
#18812 = DIRECTION('',(-0.,-0.,-1.));
#18813 = CYLINDRICAL_SURFACE('',#18814,1.5);
#18814 = AXIS2_PLACEMENT_3D('',#18815,#18816,#18817);
#18815 = CARTESIAN_POINT('',(22.5,23.,-4.6E-02));
#18816 = DIRECTION('',(-0.,-0.,-1.));
#18817 = DIRECTION('',(-0.,-1.,0.));
#18818 = ADVANCED_FACE('',(#18819),#18825,.T.);
#18819 = FACE_BOUND('',#18820,.T.);
#18820 = EDGE_LOOP('',(#18821,#18822,#18823,#18824));
#18821 = ORIENTED_EDGE('',*,*,#18222,.F.);
#18822 = ORIENTED_EDGE('',*,*,#18808,.F.);
#18823 = ORIENTED_EDGE('',*,*,#18407,.T.);
#18824 = ORIENTED_EDGE('',*,*,#18550,.F.);
#18825 = PLANE('',#18826);
#18826 = AXIS2_PLACEMENT_3D('',#18827,#18828,#18829);
#18827 = CARTESIAN_POINT('',(0.,23.,0.));
#18828 = DIRECTION('',(0.,1.,0.));
#18829 = DIRECTION('',(1.,0.,0.));
#18830 = ( GEOMETRIC_REPRESENTATION_CONTEXT(3) 
GLOBAL_UNCERTAINTY_ASSIGNED_CONTEXT((#18834)) 
GLOBAL_UNIT_ASSIGNED_CONTEXT((#18831,#18832,#18833)) 
REPRESENTATION_CONTEXT('Context #1',
  '3D Context with UNIT and UNCERTAINTY') );
#18831 = ( LENGTH_UNIT() NAMED_UNIT(*) SI_UNIT(.MILLI.,.METRE.) );
#18832 = ( NAMED_UNIT(*) PLANE_ANGLE_UNIT() SI_UNIT($,.RADIAN.) );
#18833 = ( NAMED_UNIT(*) SI_UNIT($,.STERADIAN.) SOLID_ANGLE_UNIT() );
#18834 = UNCERTAINTY_MEASURE_WITH_UNIT(LENGTH_MEASURE(1.E-07),#18831,
  'distance_accuracy_value','confusion accuracy');
#18835 = CONTEXT_DEPENDENT_SHAPE_REPRESENTATION(#18836,#18838);
#18836 = ( REPRESENTATION_RELATIONSHIP('','',#18166,#10) 
REPRESENTATION_RELATIONSHIP_WITH_TRANSFORMATION(#18837) 
SHAPE_REPRESENTATION_RELATIONSHIP() );
#18837 = ITEM_DEFINED_TRANSFORMATION('','',#11,#123);
#18838 = PRODUCT_DEFINITION_SHAPE('Placement','Placement of an item',
  #18839);
#18839 = NEXT_ASSEMBLY_USAGE_OCCURRENCE('28','=>[0:1:1:10]','',#5,#18161
  ,$);
#18840 = PRODUCT_RELATED_PRODUCT_CATEGORY('part',$,(#18163));
#18841 = MECHANICAL_DESIGN_GEOMETRIC_PRESENTATION_REPRESENTATION('',(
    #18842),#18830);
#18842 = STYLED_ITEM('color',(#18843),#18167);
#18843 = PRESENTATION_STYLE_ASSIGNMENT((#18844));
#18844 = SURFACE_STYLE_USAGE(.BOTH.,#18845);
#18845 = SURFACE_SIDE_STYLE('',(#18846));
#18846 = SURFACE_STYLE_FILL_AREA(#18847);
#18847 = FILL_AREA_STYLE('',(#18848));
#18848 = FILL_AREA_STYLE_COLOUR('',#18849);
#18849 = COLOUR_RGB('',0.277846546019,0.436627062838,0.370214030736);
ENDSEC;
END-ISO-10303-21;
